date,protocol,chain,apy,stablecoin,tvl,gasCost,bridgeFee
2024-07-01,Aave,Ethereum,3.13,USDC,247098828,21.34,0
2024-07-01,Aave,Ethereum,3.0,USDT,262755140,19.24,0
2024-07-01,Aave,Ethereum,2.71,DAI,267646360,21.19,0
2024-07-01,Aave,Arbitrum,3.54,USDC,237227864,1.91,3.95
2024-07-01,Aave,Arbitrum,3.67,USDT,242022882,1.94,5.39
2024-07-01,Aave,Arbitrum,4.18,DAI,257252604,2.29,5.74
2024-07-01,Aave,Optimism,3.13,USDT,257538159,2.41,4.43
2024-07-01,Aave,Optimism,3.72,DAI,254838458,1.55,3.63
2024-07-01,Aave,Polygon,3.64,USDC,253911723,0.95,3.43
2024-07-01,Aave,Polygon,3.7,USDT,237059374,0.95,1.86
2024-07-01,Aave,Polygon,3.76,DAI,260408434,1.02,3.39
2024-07-01,Aave,Base,3.56,USDC,247816417,1.56,3.84
2024-07-01,Aave,Base,3.52,DAI,257814284,1.38,4.37
2024-07-01,Compound,Ethereum,2.91,USDC,171992222,20.98,0
2024-07-01,Compound,Ethereum,2.93,USDT,177188029,25.34,0
2024-07-01,Compound,Ethereum,2.77,DAI,184292862,18.73,0
2024-07-01,Compound,Arbitrum,3.4,USDC,184447858,2.47,3.95
2024-07-01,Compound,Arbitrum,3.62,USDT,183445177,2.66,4.96
2024-07-01,Compound,Arbitrum,3.36,DAI,180307833,2.76,4.07
2024-07-01,Compound,Optimism,3.58,USDC,177484538,1.3,4.46
2024-07-01,Compound,Optimism,3.04,USDT,192226296,1.76,4.82
2024-07-01,Compound,Optimism,3.32,DAI,179938119,1.39,2.83
2024-07-01,Compound,Polygon,3.7,USDC,167104185,0.82,2.32
2024-07-01,Compound,Polygon,3.48,USDT,179525542,0.63,2.19
2024-07-01,Compound,Polygon,3.49,DAI,180872335,1.03,2.35
2024-07-01,Compound,Base,3.24,USDC,178844282,1.16,3.43
2024-07-01,Compound,Base,3.68,USDT,181270333,1.55,1.72
2024-07-01,Compound,Base,2.87,DAI,171346817,1.12,3.06
2024-07-01,Curve,Ethereum,9.23,USDC,303670451,17.5,0
2024-07-01,Curve,Ethereum,8.39,USDT,305724408,24.47,0
2024-07-01,Curve,Ethereum,7.96,DAI,315481794,21.14,0
2024-07-01,Curve,Arbitrum,8.72,USDT,326331379,2.28,4.41
2024-07-01,Curve,Arbitrum,11.04,DAI,314193949,2.51,5.78
2024-07-01,Curve,Optimism,8.25,USDC,340240438,1.97,3.59
2024-07-01,Curve,Optimism,8.44,USDT,307051963,2.2,3.69
2024-07-01,Curve,Optimism,11.11,DAI,299537564,1.7,4.98
2024-07-01,Curve,Polygon,12.3,USDC,333020771,1.25,3.72
2024-07-01,Curve,Polygon,9.11,USDT,320897793,0.91,3.76
2024-07-01,Curve,Polygon,11.18,DAI,332529478,0.86,2.28
2024-07-01,Curve,Base,10.91,USDC,322048503,1.87,4.95
2024-07-01,Curve,Base,9.02,USDT,297279311,1.52,3.91
2024-07-01,Curve,Base,11.77,DAI,302101000,1.16,3.76
2024-07-01,Uniswap V3,Ethereum,7.0,USDC,88201561,20.66,0
2024-07-01,Uniswap V3,Ethereum,10.49,USDT,84587842,12.39,0
2024-07-01,Uniswap V3,Ethereum,8.82,DAI,100534468,15.28,0
2024-07-01,Uniswap V3,Arbitrum,11.64,USDC,88247645,1.79,3.04
2024-07-01,Uniswap V3,Arbitrum,8.94,USDT,87974615,2.19,5.87
2024-07-01,Uniswap V3,Arbitrum,9.82,DAI,95252120,2.92,5.2
2024-07-01,Uniswap V3,Optimism,11.87,USDC,89941488,1.86,3.55
2024-07-01,Uniswap V3,Optimism,12.27,USDT,102404729,1.89,3.35
2024-07-01,Uniswap V3,Optimism,9.3,DAI,96330758,2.04,5.0
2024-07-01,Uniswap V3,Polygon,14.03,USDC,95350353,0.96,3.1
2024-07-01,Uniswap V3,Polygon,12.29,USDT,101740609,0.84,2.48
2024-07-01,Uniswap V3,Base,8.76,USDC,97148776,1.34,4.47
2024-07-01,Uniswap V3,Base,9.74,USDT,86876164,1.64,3.31
2024-07-01,Uniswap V3,Base,10.28,DAI,92771339,1.32,3.85
2024-07-01,Yearn,Ethereum,3.95,USDC,126997216,14.51,0
2024-07-01,Yearn,Ethereum,3.93,USDT,117316349,16.23,0
2024-07-01,Yearn,Ethereum,3.53,DAI,127423383,16.23,0
2024-07-01,Yearn,Arbitrum,4.6,USDC,116641096,2.09,3.41
2024-07-01,Yearn,Arbitrum,4.21,DAI,109772200,2.61,5.49
2024-07-01,Yearn,Optimism,4.97,USDC,127240780,1.87,2.56
2024-07-01,Yearn,Optimism,4.11,USDT,120642005,2.18,4.83
2024-07-01,Yearn,Optimism,4.56,DAI,117420172,2.24,3.77
2024-07-01,Yearn,Polygon,3.94,USDC,115937954,0.7,1.89
2024-07-01,Yearn,Polygon,4.38,USDT,114149834,0.98,3.98
2024-07-01,Yearn,Polygon,4.68,DAI,128809099,1.05,3.69
2024-07-01,Yearn,Base,4.58,USDC,125643570,1.36,3.26
2024-07-01,Yearn,Base,4.07,DAI,125944918,1.6,5.11
2024-07-01,Pendle,Ethereum,13.17,USDC,75455453,20.97,0
2024-07-01,Pendle,Ethereum,7.98,USDT,74806643,20.14,0
2024-07-01,Pendle,Ethereum,10.82,DAI,75029782,16.79,0
2024-07-01,Pendle,Arbitrum,17.81,USDT,67907337,2.04,5.28
2024-07-01,Pendle,Arbitrum,15.42,DAI,69660692,2.38,5.79
2024-07-01,Pendle,Optimism,13.44,USDC,75378466,1.9,4.09
2024-07-01,Pendle,Optimism,12.57,USDT,72186887,1.92,3.23
2024-07-01,Pendle,Optimism,13.11,DAI,70459913,1.72,3.72
2024-07-01,Pendle,Base,13.53,USDC,73997990,1.34,4.81
2024-07-01,Pendle,Base,14.04,USDT,77216477,1.19,3.23
2024-07-01,Convex,Ethereum,5.12,USDC,146540080,16.5,0
2024-07-01,Convex,Ethereum,5.76,USDT,157718519,10.15,0
2024-07-01,Convex,Ethereum,4.23,DAI,150212346,14.09,0
2024-07-01,Balancer,Ethereum,6.95,USDC,109173599,20.45,0
2024-07-01,Balancer,Ethereum,10.02,USDT,98985008,13.02,0
2024-07-01,Balancer,Ethereum,7.72,DAI,117895142,15.64,0
2024-07-01,Balancer,Arbitrum,10.1,USDC,117057945,1.53,7.01
2024-07-01,Balancer,Optimism,6.77,USDC,101761646,1.59,2.58
2024-07-01,Balancer,Optimism,7.22,DAI,104418597,1.85,3.99
2024-07-01,Balancer,Polygon,9.68,USDC,118206502,0.97,3.45
2024-07-01,Balancer,Polygon,10.84,USDT,110751056,0.64,2.54
2024-07-01,Balancer,Polygon,11.15,DAI,105338353,1.05,2.71
2024-07-01,Balancer,Base,9.24,USDC,109664645,1.35,4.79
2024-07-01,Balancer,Base,9.11,USDT,100846191,1.28,4.21
2024-07-01,Balancer,Base,7.36,DAI,104161064,1.36,4.48
2024-07-02,Aave,Ethereum,2.98,USDC,268598964,21.98,0
2024-07-02,Aave,Ethereum,2.82,USDT,220678981,19.98,0
2024-07-02,Aave,Ethereum,3.03,DAI,250186335,19.68,0
2024-07-02,Aave,Arbitrum,3.92,USDC,259545573,1.91,5.01
2024-07-02,Aave,Arbitrum,3.49,USDT,247350464,2.46,3.86
2024-07-02,Aave,Arbitrum,3.36,DAI,262477095,2.07,3.91
2024-07-02,Aave,Optimism,3.77,USDC,249074829,1.37,3.82
2024-07-02,Aave,Optimism,3.49,USDT,272467940,1.93,4.02
2024-07-02,Aave,Optimism,3.19,DAI,249569326,1.91,4.58
2024-07-02,Aave,Polygon,3.84,USDT,263863782,0.95,2.29
2024-07-02,Aave,Polygon,3.6,DAI,247909989,1.05,2.76
2024-07-02,Aave,Base,3.39,USDC,242756481,1.17,4.0
2024-07-02,Aave,Base,4.05,USDT,273564998,1.29,4.24
2024-07-02,Aave,Base,3.68,DAI,242078646,1.41,3.52
2024-07-02,Compound,Ethereum,2.77,USDC,173429060,19.16,0
2024-07-02,Compound,Ethereum,3.32,USDT,174187399,23.88,0
2024-07-02,Compound,Ethereum,2.79,DAI,178346315,22.14,0
2024-07-02,Compound,Arbitrum,3.52,USDC,185933190,1.71,3.74
2024-07-02,Compound,Arbitrum,3.38,USDT,180311250,1.96,4.74
2024-07-02,Compound,Arbitrum,4.01,DAI,194313532,2.68,7.61
2024-07-02,Compound,Optimism,3.29,USDC,186930734,1.62,4.84
2024-07-02,Compound,Optimism,3.29,USDT,183564280,1.63,2.6
2024-07-02,Compound,Optimism,3.41,DAI,185444700,2.03,4.71
2024-07-02,Compound,Polygon,3.58,USDC,181083118,1.17,2.05
2024-07-02,Compound,Polygon,3.54,USDT,180867211,0.89,3.93
2024-07-02,Compound,Polygon,4.18,DAI,188084160,1.06,3.0
2024-07-02,Compound,Base,3.73,USDC,172646920,1.56,4.23
2024-07-02,Compound,Base,3.32,USDT,171109761,1.21,3.5
2024-07-02,Compound,Base,3.11,DAI,185605303,1.29,4.78
2024-07-02,Curve,Ethereum,6.38,USDC,301225198,18.17,0
2024-07-02,Curve,Ethereum,8.39,DAI,330063686,16.57,0
2024-07-02,Curve,Arbitrum,10.65,USDC,300727140,2.44,4.72
2024-07-02,Curve,Arbitrum,11.73,USDT,334680833,2.45,6.03
2024-07-02,Curve,Arbitrum,8.28,DAI,315517926,2.41,3.38
2024-07-02,Curve,Optimism,8.62,USDC,330111792,1.49,4.22
2024-07-02,Curve,Optimism,10.13,USDT,329144774,1.48,3.42
2024-07-02,Curve,Optimism,9.17,DAI,327002802,2.08,3.86
2024-07-02,Curve,Polygon,10.66,USDC,324743344,0.8,3.71
2024-07-02,Curve,Polygon,9.87,USDT,324033399,0.93,3.28
2024-07-02,Curve,Base,9.58,USDT,318948754,1.45,3.23
2024-07-02,Curve,Base,8.22,DAI,309090861,1.36,3.59
2024-07-02,Uniswap V3,Ethereum,9.65,USDT,97823384,17.28,0
2024-07-02,Uniswap V3,Ethereum,6.59,DAI,101951405,20.85,0
2024-07-02,Uniswap V3,Arbitrum,10.93,USDC,89422107,2.29,4.12
2024-07-02,Uniswap V3,Arbitrum,11.04,USDT,99598275,2.28,4.14
2024-07-02,Uniswap V3,Arbitrum,11.4,DAI,95215549,2.61,4.06
2024-07-02,Uniswap V3,Optimism,8.2,USDC,94948238,1.51,4.91
2024-07-02,Uniswap V3,Optimism,8.57,USDT,97813909,1.53,5.08
2024-07-02,Uniswap V3,Optimism,8.15,DAI,90895069,2.05,2.48
2024-07-02,Uniswap V3,Polygon,10.83,USDC,102633368,0.97,2.83
2024-07-02,Uniswap V3,Polygon,10.78,USDT,101605657,0.62,3.37
2024-07-02,Uniswap V3,Polygon,8.88,DAI,90475240,1.03,2.74
2024-07-02,Uniswap V3,Base,8.13,USDC,99563928,1.56,4.13
2024-07-02,Uniswap V3,Base,11.36,USDT,100476719,1.58,4.59
2024-07-02,Uniswap V3,Base,11.93,DAI,98520241,1.24,3.56
2024-07-02,Yearn,Ethereum,4.23,USDC,110874104,18.95,0
2024-07-02,Yearn,Ethereum,3.64,USDT,132474986,16.77,0
2024-07-02,Yearn,Ethereum,4.05,DAI,123753973,17.74,0
2024-07-02,Yearn,Arbitrum,4.82,USDT,128867112,2.11,4.52
2024-07-02,Yearn,Arbitrum,4.51,DAI,132599151,2.62,5.09
2024-07-02,Yearn,Optimism,4.78,USDC,127865388,1.82,4.12
2024-07-02,Yearn,Optimism,4.55,USDT,111078376,2.07,4.99
2024-07-02,Yearn,Optimism,4.52,DAI,113074443,2.18,4.14
2024-07-02,Yearn,Polygon,4.74,USDC,133053631,1.48,2.64
2024-07-02,Yearn,Polygon,5.12,USDT,117669045,0.9,2.85
2024-07-02,Yearn,Polygon,5.0,DAI,126956139,1.01,3.21
2024-07-02,Yearn,Base,4.72,USDC,124134258,1.43,2.58
2024-07-02,Yearn,Base,4.71,USDT,108916247,1.48,4.62
2024-07-02,Yearn,Base,4.09,DAI,121782392,1.18,3.12
2024-07-02,Pendle,Ethereum,10.85,USDC,79137570,14.39,0
2024-07-02,Pendle,Ethereum,12.17,USDT,78727197,19.31,0
2024-07-02,Pendle,Ethereum,11.27,DAI,76060936,16.79,0
2024-07-02,Pendle,Arbitrum,10.28,USDC,77176944,2.58,4.01
2024-07-02,Pendle,Arbitrum,11.52,USDT,77535922,2.63,4.79
2024-07-02,Pendle,Arbitrum,14.65,DAI,77798939,2.21,5.02
2024-07-02,Pendle,Optimism,11.47,USDC,76817330,2.13,5.17
2024-07-02,Pendle,Optimism,15.48,USDT,73988541,2.01,1.93
2024-07-02,Pendle,Optimism,9.54,DAI,76348940,1.86,3.44
2024-07-02,Pendle,Base,11.72,USDT,82668893,1.43,3.43
2024-07-02,Convex,Ethereum,5.66,USDC,158450564,18.15,0
2024-07-02,Convex,Ethereum,5.02,USDT,148448858,18.35,0
2024-07-02,Convex,Ethereum,5.57,DAI,164318457,13.87,0
2024-07-02,Balancer,Ethereum,8.35,USDC,113441557,14.07,0
2024-07-02,Balancer,Ethereum,7.96,USDT,117586860,13.42,0
2024-07-02,Balancer,Ethereum,8.45,DAI,110682895,17.46,0
2024-07-02,Balancer,Arbitrum,8.69,USDC,115844925,2.14,5.84
2024-07-02,Balancer,Arbitrum,10.08,USDT,106547163,1.76,3.53
2024-07-02,Balancer,Arbitrum,9.18,DAI,119636486,2.46,3.92
2024-07-02,Balancer,Optimism,7.78,USDC,117740446,2.04,3.81
2024-07-02,Balancer,Optimism,9.97,USDT,114144633,1.37,3.79
2024-07-02,Balancer,Optimism,10.97,DAI,102006054,1.96,5.21
2024-07-02,Balancer,Polygon,10.88,USDC,110905733,1.25,3.78
2024-07-02,Balancer,Polygon,9.78,USDT,118731566,0.97,3.71
2024-07-02,Balancer,Polygon,10.4,DAI,116603146,0.73,3.97
2024-07-02,Balancer,Base,10.07,USDC,115720496,1.53,3.29
2024-07-02,Balancer,Base,11.27,USDT,122065785,1.19,5.0
2024-07-02,Balancer,Base,9.66,DAI,113422897,1.28,6.04
2024-07-03,Aave,Ethereum,3.05,USDC,251296752,17.76,0
2024-07-03,Aave,Ethereum,2.93,USDT,249093294,21.79,0
2024-07-03,Aave,Ethereum,3.49,DAI,253142981,21.13,0
2024-07-03,Aave,Arbitrum,4.0,USDC,269645694,2.59,4.26
2024-07-03,Aave,Arbitrum,3.63,USDT,272446544,2.19,5.76
2024-07-03,Aave,Optimism,3.52,USDC,277231383,1.84,4.09
2024-07-03,Aave,Optimism,3.64,USDT,252460872,1.96,5.25
2024-07-03,Aave,Polygon,4.08,USDC,270133052,0.76,3.51
2024-07-03,Aave,Polygon,3.76,USDT,280415133,1.02,3.16
2024-07-03,Aave,Polygon,3.41,DAI,235677637,0.82,3.84
2024-07-03,Aave,Base,3.68,USDC,261575677,1.25,2.92
2024-07-03,Aave,Base,3.24,USDT,287071220,1.18,3.61
2024-07-03,Aave,Base,3.74,DAI,248706940,1.53,4.11
2024-07-03,Compound,Ethereum,2.78,USDT,192573605,24.43,0
2024-07-03,Compound,Ethereum,2.66,DAI,186759979,15.09,0
2024-07-03,Compound,Arbitrum,3.65,USDC,186596150,2.24,4.77
2024-07-03,Compound,Arbitrum,3.65,USDT,202542725,2.18,5.29
2024-07-03,Compound,Arbitrum,3.26,DAI,198751427,2.65,4.65
2024-07-03,Compound,Optimism,3.74,USDC,176122268,1.63,4.7
2024-07-03,Compound,Optimism,3.36,USDT,193101411,1.92,4.62
2024-07-03,Compound,Optimism,3.3,DAI,183185967,2.18,3.66
2024-07-03,Compound,Polygon,3.61,USDC,177770685,0.79,2.32
2024-07-03,Compound,Polygon,3.49,USDT,179265465,1.03,2.88
2024-07-03,Compound,Polygon,3.86,DAI,188328037,1.18,3.3
2024-07-03,Compound,Base,3.45,USDC,186299631,1.57,4.58
2024-07-03,Compound,Base,3.04,DAI,198361366,1.43,3.59
2024-07-03,Curve,Ethereum,8.85,USDC,326831853,16.32,0
2024-07-03,Curve,Ethereum,6.51,DAI,331439604,20.75,0
2024-07-03,Curve,Arbitrum,9.17,USDC,336495520,2.17,5.46
2024-07-03,Curve,Arbitrum,10.21,DAI,345578771,2.43,5.64
2024-07-03,Curve,Optimism,8.09,USDC,341267261,1.95,4.3
2024-07-03,Curve,Optimism,9.42,USDT,333690565,1.93,3.49
2024-07-03,Curve,Optimism,11.17,DAI,306673264,1.61,4.7
2024-07-03,Curve,Polygon,10.69,USDC,339188687,0.87,2.3
2024-07-03,Curve,Polygon,10.27,USDT,320729163,0.95,3.03
2024-07-03,Curve,Polygon,10.97,DAI,348495580,1.08,2.73
2024-07-03,Curve,Base,11.76,USDC,303507315,1.84,5.24
2024-07-03,Curve,Base,8.08,USDT,330839483,1.35,4.34
2024-07-03,Curve,Base,8.74,DAI,312887130,1.27,3.72
2024-07-03,Uniswap V3,Ethereum,7.79,USDC,94170342,21.98,0
2024-07-03,Uniswap V3,Ethereum,9.19,USDT,101398568,16.18,0
2024-07-03,Uniswap V3,Ethereum,6.77,DAI,91430755,17.67,0
2024-07-03,Uniswap V3,Arbitrum,9.6,USDC,104555732,1.93,3.83
2024-07-03,Uniswap V3,Arbitrum,6.91,USDT,102644811,2.21,3.81
2024-07-03,Uniswap V3,Arbitrum,11.63,DAI,99682782,2.35,5.17
2024-07-03,Uniswap V3,Optimism,10.62,USDC,102452997,1.5,3.83
2024-07-03,Uniswap V3,Optimism,11.46,USDT,98463001,1.81,3.13
2024-07-03,Uniswap V3,Optimism,9.39,DAI,99876952,1.84,3.46
2024-07-03,Uniswap V3,Polygon,11.48,USDC,103418149,0.97,2.03
2024-07-03,Uniswap V3,Polygon,10.5,DAI,99683610,0.94,3.07
2024-07-03,Uniswap V3,Base,11.0,USDC,101652112,1.57,4.54
2024-07-03,Uniswap V3,Base,11.95,USDT,101671251,0.97,3.58
2024-07-03,Uniswap V3,Base,9.31,DAI,95238923,1.35,3.99
2024-07-03,Yearn,Ethereum,3.98,USDC,124123848,18.82,0
2024-07-03,Yearn,Ethereum,3.98,USDT,127804764,17.43,0
2024-07-03,Yearn,Ethereum,3.89,DAI,131485433,20.83,0
2024-07-03,Yearn,Arbitrum,4.64,USDT,126970748,2.27,5.2
2024-07-03,Yearn,Arbitrum,4.35,DAI,123880795,2.81,4.47
2024-07-03,Yearn,Optimism,4.3,USDC,119555366,2.04,4.71
2024-07-03,Yearn,Optimism,4.8,USDT,124686332,1.32,4.07
2024-07-03,Yearn,Optimism,4.57,DAI,131515843,2.04,4.44
2024-07-03,Yearn,Polygon,4.52,USDC,119668043,0.82,3.98
2024-07-03,Yearn,Polygon,4.97,DAI,125563375,1.07,3.89
2024-07-03,Yearn,Base,4.32,USDT,123958137,1.42,3.95
2024-07-03,Yearn,Base,4.64,DAI,115513502,1.47,3.08
2024-07-03,Pendle,Ethereum,11.6,USDC,79469198,20.76,0
2024-07-03,Pendle,Ethereum,9.58,USDT,76324321,17.84,0
2024-07-03,Pendle,Arbitrum,13.63,USDC,76948498,2.73,4.68
2024-07-03,Pendle,Arbitrum,11.84,USDT,78458879,2.6,4.57
2024-07-03,Pendle,Arbitrum,15.18,DAI,78437344,2.4,4.66
2024-07-03,Pendle,Optimism,12.0,USDC,81107841,1.44,4.27
2024-07-03,Pendle,Optimism,13.94,USDT,75926006,2.05,4.02
2024-07-03,Pendle,Optimism,13.86,DAI,76732814,1.93,2.62
2024-07-03,Pendle,Base,13.12,USDC,79365513,1.09,3.48
2024-07-03,Pendle,Base,10.9,USDT,82908290,1.36,4.56
2024-07-03,Pendle,Base,13.83,DAI,76798148,1.45,4.07
2024-07-03,Convex,Ethereum,5.29,USDC,165020810,17.35,0
2024-07-03,Convex,Ethereum,5.12,USDT,146192001,15.99,0
2024-07-03,Convex,Ethereum,6.36,DAI,163285483,23.08,0
2024-07-03,Balancer,Ethereum,7.34,USDC,119116678,15.89,0
2024-07-03,Balancer,Ethereum,7.89,USDT,117388439,24.04,0
2024-07-03,Balancer,Ethereum,8.9,DAI,112178839,19.33,0
2024-07-03,Balancer,Arbitrum,10.06,USDC,115190581,2.53,4.27
2024-07-03,Balancer,Arbitrum,10.41,USDT,129812880,3.24,5.7
2024-07-03,Balancer,Arbitrum,7.8,DAI,114799635,2.58,5.8
2024-07-03,Balancer,Optimism,9.42,USDT,112542388,1.73,4.95
2024-07-03,Balancer,Optimism,10.01,DAI,106580521,1.66,4.4
2024-07-03,Balancer,Polygon,11.12,USDC,110347655,0.77,2.95
2024-07-03,Balancer,Polygon,9.4,USDT,120997169,1.04,2.58
2024-07-03,Balancer,Polygon,9.76,DAI,117818652,0.75,3.71
2024-07-03,Balancer,Base,9.41,USDC,117445472,1.15,4.97
2024-07-03,Balancer,Base,11.65,USDT,117061766,1.42,3.86
2024-07-03,Balancer,Base,10.4,DAI,109706067,1.69,2.9
2024-07-04,Aave,Ethereum,2.98,USDC,272050296,17.18,0
2024-07-04,Aave,Ethereum,3.06,USDT,263351905,15.27,0
2024-07-04,Aave,Ethereum,3.07,DAI,247817718,15.29,0
2024-07-04,Aave,Arbitrum,3.4,USDC,263377859,2.13,4.95
2024-07-04,Aave,Arbitrum,4.03,USDT,250403628,2.17,3.76
2024-07-04,Aave,Arbitrum,3.4,DAI,258588061,2.6,6.26
2024-07-04,Aave,Optimism,3.65,USDT,270613120,1.8,4.14
2024-07-04,Aave,Optimism,3.23,DAI,286898305,1.24,3.65
2024-07-04,Aave,Polygon,3.78,USDC,267743228,0.82,3.57
2024-07-04,Aave,Polygon,3.62,USDT,269440802,1.13,3.16
2024-07-04,Aave,Polygon,4.04,DAI,272181267,1.17,2.83
2024-07-04,Aave,Base,3.59,USDC,276297261,1.51,5.31
2024-07-04,Aave,Base,3.78,USDT,279079818,0.93,3.08
2024-07-04,Aave,Base,3.8,DAI,275093184,1.5,2.26
2024-07-04,Compound,Ethereum,2.81,USDC,188013887,15.14,0
2024-07-04,Compound,Ethereum,3.0,USDT,188750071,22.03,0
2024-07-04,Compound,Ethereum,2.86,DAI,199079034,13.61,0
2024-07-04,Compound,Arbitrum,3.24,USDC,199794768,2.51,5.2
2024-07-04,Compound,Arbitrum,3.4,USDT,199066218,2.65,4.6
2024-07-04,Compound,Optimism,3.27,USDC,185862958,1.97,3.75
2024-07-04,Compound,Optimism,3.27,USDT,219554474,1.54,4.49
2024-07-04,Compound,Optimism,3.45,DAI,184599445,1.89,4.34
2024-07-04,Compound,Polygon,3.52,USDC,191943481,1.0,3.45
2024-07-04,Compound,Polygon,3.46,USDT,219889251,0.96,3.63
2024-07-04,Compound,Polygon,3.72,DAI,192304743,0.86,2.06
2024-07-04,Compound,Base,3.43,USDC,191315593,1.17,3.89
2024-07-04,Compound,Base,3.44,USDT,189095414,1.05,3.85
2024-07-04,Compound,Base,3.49,DAI,213722141,1.16,4.26
2024-07-04,Curve,Ethereum,7.71,USDT,343090748,16.68,0
2024-07-04,Curve,Ethereum,7.02,DAI,349471026,19.49,0
2024-07-04,Curve,Arbitrum,12.06,USDC,310559548,2.65,3.3
2024-07-04,Curve,Arbitrum,10.9,USDT,342484116,2.11,4.39
2024-07-04,Curve,Arbitrum,9.68,DAI,306704787,2.04,4.29
2024-07-04,Curve,Optimism,8.11,USDC,335659316,1.5,3.79
2024-07-04,Curve,Optimism,12.45,USDT,337142304,1.87,4.0
2024-07-04,Curve,Optimism,9.38,DAI,319618806,1.62,3.33
2024-07-04,Curve,Polygon,8.85,USDC,357030335,1.17,1.87
2024-07-04,Curve,Polygon,11.45,USDT,351922993,0.87,2.9
2024-07-04,Curve,Polygon,9.27,DAI,364607104,0.86,2.5
2024-07-04,Curve,Base,10.28,USDC,330675083,1.41,3.53
2024-07-04,Curve,Base,8.91,DAI,308403033,1.51,3.83
2024-07-04,Uniswap V3,Ethereum,9.08,USDC,111193598,18.14,0
2024-07-04,Uniswap V3,Ethereum,8.62,USDT,95308653,19.02,0
2024-07-04,Uniswap V3,Ethereum,8.92,DAI,107070545,18.4,0
2024-07-04,Uniswap V3,Arbitrum,9.2,USDC,100991864,2.3,4.2
2024-07-04,Uniswap V3,Arbitrum,11.15,USDT,99763085,2.44,4.13
2024-07-04,Uniswap V3,Arbitrum,12.04,DAI,97220412,2.23,4.33
2024-07-04,Uniswap V3,Optimism,13.1,USDC,97990511,1.7,4.19
2024-07-04,Uniswap V3,Optimism,8.72,USDT,107992891,1.46,4.9
2024-07-04,Uniswap V3,Optimism,9.28,DAI,101162437,1.71,3.64
2024-07-04,Uniswap V3,Polygon,9.85,USDC,101559694,1.02,3.06
2024-07-04,Uniswap V3,Polygon,11.58,DAI,100572612,0.92,2.72
2024-07-04,Uniswap V3,Base,6.95,USDC,96324433,1.37,3.72
2024-07-04,Uniswap V3,Base,9.54,USDT,105108293,1.13,2.86
2024-07-04,Uniswap V3,Base,8.71,DAI,102696925,1.54,3.89
2024-07-04,Yearn,Ethereum,3.66,USDC,130831135,15.58,0
2024-07-04,Yearn,Ethereum,3.98,USDT,130168495,22.24,0
2024-07-04,Yearn,Ethereum,3.72,DAI,127581326,19.64,0
2024-07-04,Yearn,Arbitrum,4.66,USDC,119837244,2.32,6.19
2024-07-04,Yearn,Arbitrum,4.75,USDT,120345820,2.08,5.56
2024-07-04,Yearn,Arbitrum,4.91,DAI,134267827,2.07,4.46
2024-07-04,Yearn,Optimism,4.65,USDC,123505685,1.9,3.92
2024-07-04,Yearn,Optimism,4.69,USDT,126680893,2.07,3.52
2024-07-04,Yearn,Optimism,4.44,DAI,124496753,1.83,3.25
2024-07-04,Yearn,Polygon,4.66,USDC,133515869,1.12,2.09
2024-07-04,Yearn,Polygon,4.92,USDT,118063095,0.98,4.15
2024-07-04,Yearn,Polygon,4.93,DAI,125425656,0.93,3.31
2024-07-04,Yearn,Base,4.58,USDC,130186176,1.43,3.49
2024-07-04,Yearn,Base,4.22,USDT,129501039,1.31,4.14
2024-07-04,Yearn,Base,4.46,DAI,122185032,1.65,5.21
2024-07-04,Pendle,Ethereum,13.83,USDC,76306544,19.4,0
2024-07-04,Pendle,Ethereum,8.64,USDT,72072324,20.05,0
2024-07-04,Pendle,Ethereum,11.41,DAI,80938531,22.7,0
2024-07-04,Pendle,Arbitrum,14.54,USDC,79460465,2.24,6.13
2024-07-04,Pendle,Arbitrum,12.69,USDT,69352048,2.17,3.66
2024-07-04,Pendle,Arbitrum,13.83,DAI,79459752,2.2,5.62
2024-07-04,Pendle,Optimism,11.36,USDC,75624078,1.69,4.76
2024-07-04,Pendle,Optimism,13.12,USDT,75914335,1.64,2.9
2024-07-04,Pendle,Optimism,14.23,DAI,84260314,1.83,4.46
2024-07-04,Pendle,Base,14.25,USDC,78738512,1.21,4.7
2024-07-04,Pendle,Base,9.43,USDT,78384262,1.53,5.64
2024-07-04,Convex,Ethereum,5.26,USDC,165761042,16.18,0
2024-07-04,Convex,Ethereum,6.2,USDT,166518357,16.5,0
2024-07-04,Convex,Ethereum,6.52,DAI,151234615,16.41,0
2024-07-04,Balancer,Ethereum,7.77,USDC,121870154,24.46,0
2024-07-04,Balancer,Ethereum,8.42,DAI,108735700,17.71,0
2024-07-04,Balancer,Arbitrum,9.79,USDC,111124563,2.82,4.11
2024-07-04,Balancer,Arbitrum,10.4,DAI,115216447,2.84,4.89
2024-07-04,Balancer,Optimism,9.58,USDC,118850022,1.6,4.16
2024-07-04,Balancer,Optimism,9.6,USDT,120498878,1.65,4.3
2024-07-04,Balancer,Optimism,8.83,DAI,122967182,1.27,4.06
2024-07-04,Balancer,Polygon,10.43,USDC,110429746,1.02,2.6
2024-07-04,Balancer,Polygon,9.16,USDT,111178161,1.03,3.04
2024-07-04,Balancer,Polygon,10.85,DAI,125682811,1.04,2.54
2024-07-04,Balancer,Base,8.19,USDC,116175444,1.44,4.18
2024-07-04,Balancer,Base,7.81,USDT,122685144,1.38,3.38
2024-07-05,Aave,Ethereum,2.77,USDC,268118665,14.44,0
2024-07-05,Aave,Ethereum,2.81,USDT,274650519,17.62,0
2024-07-05,Aave,Ethereum,3.36,DAI,254022057,18.39,0
2024-07-05,Aave,Arbitrum,3.43,USDC,265564964,2.17,4.55
2024-07-05,Aave,Arbitrum,3.57,USDT,286932825,2.38,6.1
2024-07-05,Aave,Arbitrum,3.95,DAI,270669327,2.31,2.74
2024-07-05,Aave,Optimism,3.95,USDC,252758263,2.06,2.73
2024-07-05,Aave,Optimism,3.02,USDT,270549440,1.54,3.71
2024-07-05,Aave,Optimism,3.74,DAI,270471512,2.33,4.19
2024-07-05,Aave,Polygon,3.89,USDC,270018424,1.12,3.16
2024-07-05,Aave,Polygon,3.44,USDT,285882031,1.02,3.36
2024-07-05,Aave,Polygon,4.29,DAI,278304994,1.16,2.95
2024-07-05,Aave,Base,3.59,USDC,267915408,1.38,3.89
2024-07-05,Aave,Base,3.91,USDT,270610088,1.71,4.31
2024-07-05,Aave,Base,3.59,DAI,276076246,1.77,3.71
2024-07-05,Compound,Ethereum,3.03,USDC,193585617,13.72,0
2024-07-05,Compound,Ethereum,3.0,USDT,201327091,13.38,0
2024-07-05,Compound,Ethereum,2.5,DAI,200870708,17.48,0
2024-07-05,Compound,Arbitrum,3.68,USDC,203243766,2.22,5.28
2024-07-05,Compound,Arbitrum,3.67,USDT,198975132,2.37,6.38
2024-07-05,Compound,Arbitrum,3.5,DAI,203004475,1.94,6.38
2024-07-05,Compound,Optimism,3.41,USDT,213207853,1.8,5.13
2024-07-05,Compound,Optimism,3.21,DAI,202329247,1.93,4.16
2024-07-05,Compound,Polygon,3.36,USDT,208625273,1.04,2.72
2024-07-05,Compound,Polygon,3.84,DAI,181064161,0.98,3.25
2024-07-05,Compound,Base,3.07,USDC,188090498,1.52,3.7
2024-07-05,Compound,Base,3.28,USDT,199572983,1.15,5.7
2024-07-05,Compound,Base,3.33,DAI,199694011,1.32,4.62
2024-07-05,Curve,Ethereum,9.27,USDC,346492335,12.92,0
2024-07-05,Curve,Ethereum,6.46,USDT,338907280,18.02,0
2024-07-05,Curve,Ethereum,9.12,DAI,327182768,10.61,0
2024-07-05,Curve,Arbitrum,10.11,USDC,346194079,2.75,4.11
2024-07-05,Curve,Arbitrum,10.25,USDT,346934024,2.8,4.3
2024-07-05,Curve,Arbitrum,9.07,DAI,325896610,2.03,5.71
2024-07-05,Curve,Optimism,7.76,USDC,356708753,2.25,4.57
2024-07-05,Curve,Optimism,8.66,USDT,341327304,1.45,3.31
2024-07-05,Curve,Optimism,7.64,DAI,333432138,1.81,5.16
2024-07-05,Curve,Polygon,10.66,USDC,349126240,0.99,3.89
2024-07-05,Curve,Polygon,7.43,USDT,361379915,1.05,3.03
2024-07-05,Curve,Polygon,13.16,DAI,348847122,0.89,3.15
2024-07-05,Curve,Base,10.07,USDC,352939974,1.71,4.87
2024-07-05,Curve,Base,10.25,DAI,326625257,1.27,4.36
2024-07-05,Uniswap V3,Ethereum,7.52,USDC,109280965,17.57,0
2024-07-05,Uniswap V3,Ethereum,7.33,USDT,104979443,20.61,0
2024-07-05,Uniswap V3,Ethereum,6.28,DAI,97964566,15.14,0
2024-07-05,Uniswap V3,Arbitrum,10.71,USDC,98685889,2.17,6.34
2024-07-05,Uniswap V3,Arbitrum,10.48,USDT,101903910,2.41,3.38
2024-07-05,Uniswap V3,Arbitrum,9.9,DAI,105525049,2.21,4.61
2024-07-05,Uniswap V3,Optimism,7.8,USDC,96295490,1.79,4.92
2024-07-05,Uniswap V3,Optimism,13.45,USDT,102402233,1.3,3.92
2024-07-05,Uniswap V3,Optimism,8.58,DAI,112236590,1.81,3.8
2024-07-05,Uniswap V3,Polygon,9.68,USDC,106870099,0.92,3.67
2024-07-05,Uniswap V3,Polygon,10.54,USDT,103775105,0.71,3.93
2024-07-05,Uniswap V3,Polygon,11.15,DAI,102127611,0.94,2.89
2024-07-05,Uniswap V3,Base,9.12,USDT,106749867,1.63,2.53
2024-07-05,Uniswap V3,Base,11.12,DAI,109324053,1.5,2.83
2024-07-05,Yearn,Ethereum,3.51,USDC,131904687,16.51,0
2024-07-05,Yearn,Ethereum,3.79,USDT,120208596,15.57,0
2024-07-05,Yearn,Ethereum,3.66,DAI,138109727,15.35,0
2024-07-05,Yearn,Arbitrum,4.48,USDC,137281155,2.02,3.88
2024-07-05,Yearn,Arbitrum,4.8,USDT,122598512,2.35,6.09
2024-07-05,Yearn,Arbitrum,4.33,DAI,124112267,2.45,2.99
2024-07-05,Yearn,Optimism,4.59,USDC,128167335,1.46,3.72
2024-07-05,Yearn,Optimism,4.08,USDT,128631042,2.13,2.91
2024-07-05,Yearn,Optimism,4.06,DAI,133265217,1.63,2.69
2024-07-05,Yearn,Polygon,5.58,USDC,136305479,0.85,2.51
2024-07-05,Yearn,Polygon,4.97,USDT,124270561,0.72,2.63
2024-07-05,Yearn,Polygon,5.39,DAI,133063677,0.95,2.55
2024-07-05,Yearn,Base,4.89,USDC,133445228,1.19,4.94
2024-07-05,Yearn,Base,4.66,USDT,141894873,1.79,3.32
2024-07-05,Yearn,Base,4.34,DAI,127379513,1.39,4.61
2024-07-05,Pendle,Ethereum,12.77,USDC,79924152,24.4,0
2024-07-05,Pendle,Ethereum,10.73,USDT,85305946,19.3,0
2024-07-05,Pendle,Ethereum,9.76,DAI,81610508,17.57,0
2024-07-05,Pendle,Arbitrum,17.01,USDT,85309667,2.83,6.96
2024-07-05,Pendle,Arbitrum,14.41,DAI,78435848,1.94,5.96
2024-07-05,Pendle,Optimism,14.01,USDC,84135718,2.0,2.42
2024-07-05,Pendle,Optimism,14.29,USDT,83409196,1.75,4.27
2024-07-05,Pendle,Optimism,13.33,DAI,82080030,1.79,5.57
2024-07-05,Pendle,Base,13.55,USDC,86235789,1.4,3.66
2024-07-05,Pendle,Base,13.19,USDT,81773783,1.66,2.99
2024-07-05,Pendle,Base,10.85,DAI,83668939,1.64,4.17
2024-07-05,Convex,Ethereum,5.57,USDC,173716414,12.89,0
2024-07-05,Convex,Ethereum,4.58,USDT,161201378,15.83,0
2024-07-05,Convex,Ethereum,6.1,DAI,161746851,17.76,0
2024-07-05,Balancer,Ethereum,8.17,USDC,118314621,16.86,0
2024-07-05,Balancer,Ethereum,6.88,USDT,109660722,19.9,0
2024-07-05,Balancer,Arbitrum,10.16,USDC,118017414,2.7,5.71
2024-07-05,Balancer,Arbitrum,11.06,USDT,112764472,2.51,4.12
2024-07-05,Balancer,Arbitrum,10.1,DAI,126227577,2.18,3.71
2024-07-05,Balancer,Optimism,10.36,USDC,125963848,1.98,2.7
2024-07-05,Balancer,Optimism,8.08,USDT,110889063,1.4,3.51
2024-07-05,Balancer,Optimism,9.53,DAI,113051629,2.07,5.85
2024-07-05,Balancer,Polygon,11.78,USDC,120901834,0.95,4.7
2024-07-05,Balancer,Polygon,9.37,USDT,113223650,0.73,2.33
2024-07-05,Balancer,Polygon,9.73,DAI,113796102,1.07,3.13
2024-07-05,Balancer,Base,9.34,USDC,123630702,1.75,4.61
2024-07-05,Balancer,Base,9.87,DAI,123046828,1.77,4.32
2024-07-06,Aave,Ethereum,3.14,USDC,283997882,12.78,0
2024-07-06,Aave,Ethereum,2.83,USDT,264666498,11.13,0
2024-07-06,Aave,Ethereum,2.74,DAI,255605156,11.34,0
2024-07-06,Aave,Arbitrum,3.25,USDC,272263252,1.8,4.06
2024-07-06,Aave,Arbitrum,4.3,USDT,274469810,1.54,6.69
2024-07-06,Aave,Arbitrum,3.78,DAI,274812490,1.94,6.68
2024-07-06,Aave,Optimism,3.72,USDC,293460494,0.93,4.17
2024-07-06,Aave,Optimism,3.42,USDT,287996431,1.32,3.11
2024-07-06,Aave,Optimism,3.26,DAI,262261770,1.27,3.49
2024-07-06,Aave,Polygon,4.42,USDC,270178364,0.58,3.88
2024-07-06,Aave,Polygon,4.2,USDT,280319635,0.56,3.54
2024-07-06,Aave,Polygon,3.83,DAI,275620299,0.38,3.07
2024-07-06,Aave,Base,3.61,USDC,283839829,0.76,4.26
2024-07-06,Aave,Base,3.7,USDT,257096784,0.97,6.09
2024-07-06,Compound,Ethereum,2.83,USDC,217615226,11.19,0
2024-07-06,Compound,Ethereum,2.8,USDT,201732820,11.79,0
2024-07-06,Compound,Ethereum,2.9,DAI,206365350,13.66,0
2024-07-06,Compound,Arbitrum,3.48,USDC,188296448,1.9,5.72
2024-07-06,Compound,Arbitrum,3.36,USDT,205136752,1.37,6.85
2024-07-06,Compound,Arbitrum,3.3,DAI,192110313,1.39,3.61
2024-07-06,Compound,Optimism,3.35,USDC,197714631,1.41,4.37
2024-07-06,Compound,Optimism,3.31,USDT,195211306,1.42,3.12
2024-07-06,Compound,Polygon,3.57,USDC,185580694,0.79,2.55
2024-07-06,Compound,Polygon,3.48,USDT,190467631,0.62,2.19
2024-07-06,Compound,Polygon,3.55,DAI,201866797,0.81,2.83
2024-07-06,Compound,Base,3.22,USDC,202295318,1.09,1.81
2024-07-06,Compound,Base,3.92,USDT,202459302,1.03,4.16
2024-07-06,Compound,Base,3.6,DAI,202257557,1.14,3.08
2024-07-06,Curve,Ethereum,8.41,USDC,389790149,12.05,0
2024-07-06,Curve,Ethereum,9.29,USDT,342050754,14.4,0
2024-07-06,Curve,Ethereum,6.61,DAI,376344814,15.72,0
2024-07-06,Curve,Arbitrum,9.85,USDC,349513686,1.45,5.41
2024-07-06,Curve,Arbitrum,9.6,USDT,341506377,2.13,4.61
2024-07-06,Curve,Arbitrum,10.72,DAI,353007375,1.56,5.04
2024-07-06,Curve,Optimism,9.02,USDC,371203577,1.4,2.61
2024-07-06,Curve,Optimism,9.59,USDT,330748738,1.21,3.55
2024-07-06,Curve,Optimism,9.9,DAI,358454019,1.44,5.33
2024-07-06,Curve,Polygon,8.96,USDC,340927982,0.6,3.06
2024-07-06,Curve,Polygon,12.01,USDT,343599865,0.7,2.22
2024-07-06,Curve,Polygon,10.12,DAI,363156007,0.68,2.4
2024-07-06,Curve,Base,9.22,USDC,342953235,1.03,2.94
2024-07-06,Curve,Base,7.77,USDT,373981986,0.98,3.15
2024-07-06,Curve,Base,10.37,DAI,346124702,0.58,4.46
2024-07-06,Uniswap V3,Ethereum,8.46,USDC,101454435,12.94,0
2024-07-06,Uniswap V3,Ethereum,9.1,USDT,93526460,13.1,0
2024-07-06,Uniswap V3,Ethereum,6.56,DAI,101003891,9.53,0
2024-07-06,Uniswap V3,Arbitrum,11.15,USDT,109121573,1.75,6.18
2024-07-06,Uniswap V3,Arbitrum,7.93,DAI,104584717,1.62,5.27
2024-07-06,Uniswap V3,Optimism,9.4,USDC,100969616,1.25,5.15
2024-07-06,Uniswap V3,Optimism,9.07,USDT,105687493,0.97,4.28
2024-07-06,Uniswap V3,Optimism,11.45,DAI,97187954,1.26,3.11
2024-07-06,Uniswap V3,Polygon,10.05,USDT,113660364,0.57,2.88
2024-07-06,Uniswap V3,Polygon,12.7,DAI,107445549,0.55,2.32
2024-07-06,Uniswap V3,Base,9.52,USDC,104611202,0.78,3.93
2024-07-06,Uniswap V3,Base,9.24,USDT,106990613,1.02,3.2
2024-07-06,Yearn,Ethereum,3.94,USDC,132829428,14.27,0
2024-07-06,Yearn,Ethereum,3.65,USDT,144090954,13.58,0
2024-07-06,Yearn,Ethereum,3.93,DAI,134650816,8.22,0
2024-07-06,Yearn,Arbitrum,4.35,USDC,141028800,1.74,4.74
2024-07-06,Yearn,Arbitrum,4.36,USDT,133797020,1.6,4.52
2024-07-06,Yearn,Arbitrum,4.5,DAI,133277630,1.09,6.06
2024-07-06,Yearn,Optimism,4.25,USDC,129348038,1.28,3.51
2024-07-06,Yearn,Optimism,4.6,USDT,126932999,1.36,5.08
2024-07-06,Yearn,Optimism,4.49,DAI,144118272,1.09,2.52
2024-07-06,Yearn,Polygon,5.43,USDC,130724042,0.59,3.05
2024-07-06,Yearn,Polygon,4.77,USDT,129441791,0.73,2.93
2024-07-06,Yearn,Polygon,4.53,DAI,137469120,0.51,3.21
2024-07-06,Yearn,Base,4.54,USDC,128910366,1.01,3.51
2024-07-06,Yearn,Base,4.51,USDT,126308407,0.89,4.28
2024-07-06,Yearn,Base,4.52,DAI,131924981,0.84,3.93
2024-07-06,Pendle,Ethereum,12.25,USDC,76983659,9.36,0
2024-07-06,Pendle,Ethereum,10.34,USDT,75202386,10.25,0
2024-07-06,Pendle,Ethereum,13.53,DAI,74693360,8.72,0
2024-07-06,Pendle,Arbitrum,15.06,USDC,76702008,1.78,5.3
2024-07-06,Pendle,Arbitrum,13.05,USDT,86247144,1.64,3.91
2024-07-06,Pendle,Arbitrum,12.5,DAI,82160925,1.29,4.47
2024-07-06,Pendle,Optimism,12.42,USDC,85562618,1.0,3.59
2024-07-06,Pendle,Optimism,13.97,USDT,78717194,1.33,3.26
2024-07-06,Pendle,Optimism,13.02,DAI,88088068,1.13,3.43
2024-07-06,Pendle,Base,11.29,USDC,79208331,0.96,4.71
2024-07-06,Pendle,Base,12.45,USDT,80554207,0.95,3.69
2024-07-06,Pendle,Base,11.06,DAI,85060059,0.91,2.25
2024-07-06,Convex,Ethereum,4.71,USDC,166011761,13.12,0
2024-07-06,Convex,Ethereum,5.58,USDT,165373939,10.14,0
2024-07-06,Balancer,Ethereum,8.32,USDC,121510310,11.93,0
2024-07-06,Balancer,Ethereum,8.12,USDT,125599511,10.3,0
2024-07-06,Balancer,Arbitrum,10.54,USDC,121108715,1.36,4.65
2024-07-06,Balancer,Arbitrum,10.44,DAI,112276500,1.16,5.58
2024-07-06,Balancer,Optimism,10.98,USDC,120229578,1.31,4.34
2024-07-06,Balancer,Optimism,8.17,USDT,123917373,1.03,4.03
2024-07-06,Balancer,Optimism,9.27,DAI,114082196,0.99,4.45
2024-07-06,Balancer,Polygon,10.01,USDC,114085016,0.63,2.39
2024-07-06,Balancer,Polygon,9.86,USDT,127469193,0.83,3.49
2024-07-06,Balancer,Polygon,8.78,DAI,123025541,0.74,3.48
2024-07-06,Balancer,Base,10.14,USDC,118554376,0.73,2.74
2024-07-06,Balancer,Base,10.68,DAI,115037929,0.89,5.36
2024-07-07,Aave,Ethereum,3.27,USDT,282570036,13.16,0
2024-07-07,Aave,Ethereum,2.9,DAI,264537798,7.15,0
2024-07-07,Aave,Arbitrum,3.69,USDC,273270432,1.95,6.02
2024-07-07,Aave,Arbitrum,3.37,USDT,271648017,1.45,5.1
2024-07-07,Aave,Arbitrum,3.72,DAI,284441677,1.26,5.35
2024-07-07,Aave,Optimism,3.45,USDC,267499192,1.33,4.78
2024-07-07,Aave,Optimism,3.48,USDT,259253263,0.92,4.35
2024-07-07,Aave,Optimism,3.77,DAI,289939589,1.32,2.92
2024-07-07,Aave,Polygon,3.73,USDC,265268868,0.56,3.72
2024-07-07,Aave,Polygon,3.78,USDT,275166822,0.58,2.87
2024-07-07,Aave,Polygon,3.79,DAI,292555028,0.57,3.42
2024-07-07,Aave,Base,3.25,USDC,277602670,1.12,4.75
2024-07-07,Aave,Base,3.69,USDT,269833655,0.81,4.24
2024-07-07,Aave,Base,3.7,DAI,261418351,1.31,4.08
2024-07-07,Compound,Ethereum,2.91,USDT,174764225,9.98,0
2024-07-07,Compound,Ethereum,2.66,DAI,208677941,12.72,0
2024-07-07,Compound,Arbitrum,3.83,USDC,202280807,1.5,4.29
2024-07-07,Compound,Arbitrum,3.69,USDT,203232642,1.37,6.69
2024-07-07,Compound,Arbitrum,3.47,DAI,189277848,1.81,6.86
2024-07-07,Compound,Optimism,3.04,USDC,201148533,1.53,3.77
2024-07-07,Compound,Optimism,3.25,USDT,191079035,1.24,3.08
2024-07-07,Compound,Optimism,3.33,DAI,191681370,1.22,3.47
2024-07-07,Compound,Polygon,3.78,USDC,201728612,0.63,3.99
2024-07-07,Compound,Polygon,3.92,USDT,172717349,0.65,3.18
2024-07-07,Compound,Polygon,3.73,DAI,195003092,0.63,3.04
2024-07-07,Compound,Base,3.23,USDC,193051324,0.92,3.42
2024-07-07,Compound,Base,3.48,USDT,208814284,1.0,3.25
2024-07-07,Compound,Base,3.39,DAI,195107813,1.19,3.29
2024-07-07,Curve,Ethereum,10.01,USDC,356227432,8.95,0
2024-07-07,Curve,Ethereum,9.51,USDT,364910127,12.28,0
2024-07-07,Curve,Ethereum,6.68,DAI,358842046,12.02,0
2024-07-07,Curve,Arbitrum,9.57,USDC,339342371,1.26,6.02
2024-07-07,Curve,Arbitrum,9.64,USDT,359878911,1.31,5.51
2024-07-07,Curve,Arbitrum,9.48,DAI,347651990,1.41,5.53
2024-07-07,Curve,Optimism,11.83,USDC,375595305,1.22,4.64
2024-07-07,Curve,Optimism,9.03,USDT,365972626,1.1,4.9
2024-07-07,Curve,Optimism,6.32,DAI,360586410,1.04,4.6
2024-07-07,Curve,Polygon,9.59,USDC,356391200,0.65,2.79
2024-07-07,Curve,Polygon,9.93,USDT,372499878,0.62,2.72
2024-07-07,Curve,Base,9.38,USDT,359546607,0.89,4.29
2024-07-07,Uniswap V3,Ethereum,8.49,USDC,104937634,11.23,0
2024-07-07,Uniswap V3,Ethereum,9.37,USDT,101913610,10.65,0
2024-07-07,Uniswap V3,Ethereum,8.26,DAI,102886505,14.41,0
2024-07-07,Uniswap V3,Arbitrum,9.38,USDT,108511344,1.47,6.91
2024-07-07,Uniswap V3,Arbitrum,11.05,DAI,98709368,1.93,5.48
2024-07-07,Uniswap V3,Optimism,10.65,USDC,110287361,1.4,5.02
2024-07-07,Uniswap V3,Optimism,11.73,USDT,110473670,1.0,2.61
2024-07-07,Uniswap V3,Optimism,8.8,DAI,107236438,1.22,3.77
2024-07-07,Uniswap V3,Polygon,9.3,USDC,108870394,0.72,2.42
2024-07-07,Uniswap V3,Polygon,11.82,USDT,109279084,0.63,4.42
2024-07-07,Uniswap V3,Polygon,12.08,DAI,111168827,0.59,3.35
2024-07-07,Uniswap V3,Base,9.26,USDC,102102661,1.11,3.01
2024-07-07,Uniswap V3,Base,9.99,USDT,105908109,1.12,5.36
2024-07-07,Uniswap V3,Base,13.31,DAI,107110857,1.13,3.86
2024-07-07,Yearn,Ethereum,3.71,USDC,135016865,8.7,0
2024-07-07,Yearn,Ethereum,4.08,USDT,130438625,14.69,0
2024-07-07,Yearn,Ethereum,3.95,DAI,134560738,14.42,0
2024-07-07,Yearn,Arbitrum,4.71,USDC,131905398,1.41,4.03
2024-07-07,Yearn,Arbitrum,4.75,USDT,132322733,1.38,6.08
2024-07-07,Yearn,Arbitrum,4.82,DAI,130247028,1.58,5.6
2024-07-07,Yearn,Optimism,4.1,USDT,133283679,1.42,4.37
2024-07-07,Yearn,Optimism,4.26,DAI,133845562,1.42,2.34
2024-07-07,Yearn,Polygon,4.88,USDC,127117888,0.75,2.98
2024-07-07,Yearn,Polygon,4.75,USDT,125173305,0.74,3.24
2024-07-07,Yearn,Polygon,4.73,DAI,140307563,0.73,3.47
2024-07-07,Yearn,Base,4.84,USDC,147501390,1.12,3.72
2024-07-07,Yearn,Base,4.41,USDT,132891556,0.93,5.41
2024-07-07,Yearn,Base,5.59,DAI,132611934,0.88,3.37
2024-07-07,Pendle,Ethereum,10.62,USDC,82708883,13.01,0
2024-07-07,Pendle,Ethereum,11.22,USDT,82882143,12.26,0
2024-07-07,Pendle,Ethereum,5.35,DAI,81362057,12.93,0
2024-07-07,Pendle,Arbitrum,14.8,USDC,78728870,1.71,4.29
2024-07-07,Pendle,Arbitrum,12.53,USDT,85941807,1.3,3.76
2024-07-07,Pendle,Arbitrum,13.98,DAI,82287535,1.84,3.35
2024-07-07,Pendle,Optimism,12.31,USDC,83180058,0.64,4.22
2024-07-07,Pendle,Optimism,13.37,USDT,85305967,1.02,5.11
2024-07-07,Pendle,Optimism,14.4,DAI,74744614,1.24,3.37
2024-07-07,Pendle,Base,11.21,USDC,82786091,0.77,3.47
2024-07-07,Pendle,Base,13.0,USDT,91020524,1.02,3.12
2024-07-07,Pendle,Base,15.33,DAI,77119167,1.15,3.66
2024-07-07,Convex,Ethereum,5.96,USDC,171300894,12.31,0
2024-07-07,Convex,Ethereum,5.67,USDT,173319680,11.4,0
2024-07-07,Convex,Ethereum,5.05,DAI,161953464,9.42,0
2024-07-07,Balancer,Ethereum,7.43,USDT,125905505,8.37,0
2024-07-07,Balancer,Ethereum,7.34,DAI,121886544,11.95,0
2024-07-07,Balancer,Arbitrum,10.52,USDC,120884781,1.64,5.14
2024-07-07,Balancer,Arbitrum,9.08,USDT,122860240,1.53,4.4
2024-07-07,Balancer,Arbitrum,8.95,DAI,126579963,1.79,3.74
2024-07-07,Balancer,Optimism,9.89,USDC,115457394,1.35,4.06
2024-07-07,Balancer,Optimism,9.55,USDT,123963684,1.28,3.73
2024-07-07,Balancer,Optimism,9.71,DAI,129884170,1.06,3.26
2024-07-07,Balancer,Polygon,11.33,USDC,125597449,0.59,3.01
2024-07-07,Balancer,Polygon,11.78,USDT,114927689,0.5,3.41
2024-07-07,Balancer,Polygon,8.29,DAI,129186994,0.68,3.29
2024-07-07,Balancer,Base,10.65,USDC,115659879,0.86,3.7
2024-07-07,Balancer,Base,11.34,USDT,128951415,1.13,4.66
2024-07-07,Balancer,Base,10.04,DAI,123307929,1.04,3.19
2024-07-08,Aave,Ethereum,3.17,USDC,288167139,18.74,0
2024-07-08,Aave,Ethereum,3.33,USDT,296426988,18.44,0
2024-07-08,Aave,Ethereum,3.11,DAI,276802079,17.52,0
2024-07-08,Aave,Arbitrum,3.99,USDC,275048195,3.21,7.34
2024-07-08,Aave,Arbitrum,4.39,USDT,271542177,2.68,6.06
2024-07-08,Aave,Arbitrum,4.19,DAI,282435266,2.24,3.85
2024-07-08,Aave,Optimism,3.89,USDC,290300072,1.9,5.29
2024-07-08,Aave,Optimism,3.75,USDT,285836099,1.96,4.17
2024-07-08,Aave,Optimism,3.63,DAI,271510265,1.46,4.76
2024-07-08,Aave,Polygon,4.19,USDC,262430614,0.96,3.3
2024-07-08,Aave,Polygon,3.79,USDT,288597819,1.06,3.37
2024-07-08,Aave,Polygon,3.61,DAI,271506538,0.85,3.38
2024-07-08,Aave,Base,3.48,USDC,294090528,1.25,4.74
2024-07-08,Aave,Base,3.73,USDT,266150212,1.58,4.56
2024-07-08,Aave,Base,3.82,DAI,272481971,1.33,4.55
2024-07-08,Compound,Ethereum,3.16,USDT,205217572,15.71,0
2024-07-08,Compound,Ethereum,3.07,DAI,201473931,19.2,0
2024-07-08,Compound,Arbitrum,3.76,USDC,206717446,2.92,5.08
2024-07-08,Compound,Arbitrum,3.67,USDT,178339489,2.16,6.43
2024-07-08,Compound,Arbitrum,3.53,DAI,198104286,2.82,4.68
2024-07-08,Compound,Optimism,3.64,USDT,207505563,2.07,4.23
2024-07-08,Compound,Optimism,3.04,DAI,203098832,1.61,3.24
2024-07-08,Compound,Polygon,4.25,USDC,212439997,0.88,3.28
2024-07-08,Compound,Polygon,3.58,USDT,208590357,1.1,3.12
2024-07-08,Compound,Polygon,3.28,DAI,196577383,0.91,2.95
2024-07-08,Compound,Base,3.61,USDC,177280852,1.17,3.89
2024-07-08,Compound,Base,3.47,USDT,214736653,1.3,4.92
2024-07-08,Compound,Base,3.37,DAI,187189231,1.57,4.47
2024-07-08,Curve,Ethereum,7.57,USDC,363141044,17.52,0
2024-07-08,Curve,Ethereum,9.6,USDT,379004102,18.24,0
2024-07-08,Curve,Ethereum,6.26,DAI,329666387,15.97,0
2024-07-08,Curve,Arbitrum,9.37,USDC,343040593,2.59,4.5
2024-07-08,Curve,Arbitrum,8.16,DAI,348520101,2.1,5.74
2024-07-08,Curve,Optimism,9.62,USDC,358159957,1.92,3.28
2024-07-08,Curve,Optimism,8.1,USDT,347538324,2.15,3.5
2024-07-08,Curve,Optimism,10.27,DAI,356307791,1.98,2.54
2024-07-08,Curve,Polygon,8.97,USDC,352786104,1.03,2.73
2024-07-08,Curve,Polygon,10.49,USDT,362438752,0.99,2.64
2024-07-08,Curve,Polygon,5.84,DAI,364240123,1.13,2.68
2024-07-08,Curve,Base,9.31,USDC,378599053,1.68,5.44
2024-07-08,Curve,Base,7.8,USDT,352397115,1.69,2.78
2024-07-08,Curve,Base,9.33,DAI,353652591,1.07,5.37
2024-07-08,Uniswap V3,Ethereum,9.08,USDC,111173890,21.6,0
2024-07-08,Uniswap V3,Ethereum,8.86,USDT,115824692,15.27,0
2024-07-08,Uniswap V3,Ethereum,7.72,DAI,107204397,18.2,0
2024-07-08,Uniswap V3,Arbitrum,10.72,USDC,107570264,2.63,5.13
2024-07-08,Uniswap V3,Arbitrum,10.58,USDT,111599593,2.74,3.8
2024-07-08,Uniswap V3,Arbitrum,11.04,DAI,106347966,1.89,6.49
2024-07-08,Uniswap V3,Optimism,10.85,USDC,103811554,1.59,3.73
2024-07-08,Uniswap V3,Optimism,10.65,DAI,102272498,1.85,3.47
2024-07-08,Uniswap V3,Polygon,9.1,USDT,108475577,0.81,3.97
2024-07-08,Uniswap V3,Polygon,12.76,DAI,106040825,0.8,3.25
2024-07-08,Uniswap V3,Base,12.2,USDC,109272783,1.64,4.25
2024-07-08,Uniswap V3,Base,12.08,USDT,104803557,1.78,5.6
2024-07-08,Uniswap V3,Base,10.73,DAI,106226804,1.33,4.64
2024-07-08,Yearn,Ethereum,3.71,USDC,144626789,19.56,0
2024-07-08,Yearn,Ethereum,3.7,USDT,139289549,15.01,0
2024-07-08,Yearn,Ethereum,3.81,DAI,135880710,16.81,0
2024-07-08,Yearn,Arbitrum,4.43,USDC,131584277,2.67,4.05
2024-07-08,Yearn,Arbitrum,4.16,USDT,137526480,2.55,4.41
2024-07-08,Yearn,Arbitrum,4.69,DAI,144591644,2.17,5.59
2024-07-08,Yearn,Optimism,4.44,USDC,126776310,1.73,4.34
2024-07-08,Yearn,Optimism,4.25,USDT,134916785,1.47,3.97
2024-07-08,Yearn,Optimism,4.44,DAI,132480517,2.29,4.22
2024-07-08,Yearn,Polygon,5.05,USDT,122968997,0.89,3.3
2024-07-08,Yearn,Polygon,5.2,DAI,136525922,0.86,3.36
2024-07-08,Yearn,Base,4.43,USDC,136329338,1.01,3.75
2024-07-08,Yearn,Base,4.38,DAI,132480851,1.19,4.18
2024-07-08,Pendle,Ethereum,8.77,USDC,85028604,25.13,0
2024-07-08,Pendle,Ethereum,9.76,USDT,84239368,18.6,0
2024-07-08,Pendle,Ethereum,11.17,DAI,88578022,16.45,0
2024-07-08,Pendle,Arbitrum,13.19,USDC,81944247,2.84,3.14
2024-07-08,Pendle,Arbitrum,16.63,USDT,87580215,2.53,6.04
2024-07-08,Pendle,Arbitrum,14.69,DAI,78646569,1.89,3.97
2024-07-08,Pendle,Optimism,13.75,USDC,81125091,1.64,4.07
2024-07-08,Pendle,Optimism,16.21,USDT,87498104,1.82,4.04
2024-07-08,Pendle,Optimism,15.59,DAI,77636751,1.75,4.38
2024-07-08,Pendle,Base,15.65,USDC,84715744,1.56,3.04
2024-07-08,Pendle,Base,13.75,USDT,84931978,1.56,4.18
2024-07-08,Pendle,Base,14.38,DAI,81316575,1.61,3.72
2024-07-08,Convex,Ethereum,5.1,USDC,178094805,18.85,0
2024-07-08,Convex,Ethereum,5.56,USDT,180384879,16.09,0
2024-07-08,Convex,Ethereum,6.19,DAI,159934699,14.64,0
2024-07-08,Balancer,Ethereum,7.57,USDC,123084287,19.05,0
2024-07-08,Balancer,Ethereum,7.88,USDT,119385694,12.46,0
2024-07-08,Balancer,Ethereum,7.38,DAI,110172975,12.93,0
2024-07-08,Balancer,Arbitrum,9.83,USDC,122308615,2.29,4.92
2024-07-08,Balancer,Arbitrum,10.78,DAI,111667603,2.54,5.48
2024-07-08,Balancer,Optimism,8.6,USDC,121501208,2.47,2.94
2024-07-08,Balancer,Optimism,10.23,USDT,121904626,2.44,4.68
2024-07-08,Balancer,Polygon,10.4,USDC,124631662,0.79,2.73
2024-07-08,Balancer,Polygon,12.38,USDT,131651168,0.88,2.75
2024-07-08,Balancer,Polygon,11.12,DAI,126750264,1.07,2.38
2024-07-08,Balancer,Base,7.96,USDC,118909847,1.44,4.05
2024-07-08,Balancer,Base,9.44,USDT,121699883,1.56,3.97
2024-07-08,Balancer,Base,10.13,DAI,124143336,1.25,4.88
2024-07-09,Aave,Ethereum,3.2,USDC,283082534,18.64,0
2024-07-09,Aave,Ethereum,3.14,USDT,302115088,15.79,0
2024-07-09,Aave,Ethereum,3.19,DAI,299944298,17.95,0
2024-07-09,Aave,Arbitrum,3.35,USDC,269246182,2.22,4.47
2024-07-09,Aave,Arbitrum,4.17,USDT,283681465,2.6,5.81
2024-07-09,Aave,Arbitrum,3.99,DAI,268474901,3.04,3.45
2024-07-09,Aave,Optimism,3.45,USDC,266550019,2.13,3.89
2024-07-09,Aave,Optimism,3.68,USDT,270834789,1.84,2.44
2024-07-09,Aave,Optimism,3.68,DAI,283249525,1.89,4.23
2024-07-09,Aave,Polygon,3.83,USDC,271245653,0.84,2.98
2024-07-09,Aave,Polygon,4.12,USDT,277127739,0.96,2.77
2024-07-09,Aave,Polygon,4.03,DAI,288856447,0.81,2.87
2024-07-09,Aave,Base,3.92,USDC,277119056,1.32,3.71
2024-07-09,Aave,Base,3.65,USDT,278003562,1.29,3.3
2024-07-09,Aave,Base,3.58,DAI,294579173,1.17,4.66
2024-07-09,Compound,Ethereum,2.93,USDC,207664335,18.07,0
2024-07-09,Compound,Ethereum,2.8,USDT,203142798,16.44,0
2024-07-09,Compound,Ethereum,3.28,DAI,190861993,21.65,0
2024-07-09,Compound,Arbitrum,3.57,USDC,196691610,2.09,5.97
2024-07-09,Compound,Arbitrum,3.89,USDT,211252092,2.68,5.31
2024-07-09,Compound,Arbitrum,3.69,DAI,197402581,2.38,6.88
2024-07-09,Compound,Optimism,3.65,USDT,190707525,1.32,2.81
2024-07-09,Compound,Optimism,3.44,DAI,196741448,1.81,4.2
2024-07-09,Compound,Polygon,3.82,USDC,197492293,0.67,3.22
2024-07-09,Compound,Polygon,3.76,USDT,205132477,0.83,3.09
2024-07-09,Compound,Polygon,3.85,DAI,196478892,0.96,2.62
2024-07-09,Compound,Base,3.63,USDC,202569553,1.47,4.02
2024-07-09,Compound,Base,3.96,USDT,187780652,1.3,4.96
2024-07-09,Compound,Base,3.77,DAI,206653551,1.85,3.45
2024-07-09,Curve,Ethereum,7.93,USDC,365492769,20.36,0
2024-07-09,Curve,Ethereum,7.46,DAI,362495319,14.08,0
2024-07-09,Curve,Arbitrum,12.49,USDC,366990526,2.68,6.67
2024-07-09,Curve,Arbitrum,10.37,USDT,377866983,2.16,5.71
2024-07-09,Curve,Arbitrum,5.49,DAI,379862845,2.14,6.08
2024-07-09,Curve,Optimism,8.88,USDC,363738998,1.73,2.81
2024-07-09,Curve,Optimism,8.06,USDT,365991984,1.92,2.49
2024-07-09,Curve,Optimism,7.87,DAI,365773846,1.95,2.72
2024-07-09,Curve,Polygon,11.2,USDT,323520505,0.99,2.75
2024-07-09,Curve,Polygon,9.2,DAI,367851658,0.88,3.66
2024-07-09,Curve,Base,7.87,USDC,341819659,1.63,4.94
2024-07-09,Curve,Base,8.43,USDT,362082524,1.2,2.52
2024-07-09,Curve,Base,11.87,DAI,334339036,1.21,4.63
2024-07-09,Uniswap V3,Ethereum,7.17,USDC,108464613,18.35,0
2024-07-09,Uniswap V3,Ethereum,7.49,USDT,103640589,18.65,0
2024-07-09,Uniswap V3,Ethereum,8.83,DAI,104643412,16.4,0
2024-07-09,Uniswap V3,Arbitrum,9.18,USDC,112271032,2.51,6.55
2024-07-09,Uniswap V3,Arbitrum,8.26,USDT,105111027,2.57,6.07
2024-07-09,Uniswap V3,Arbitrum,12.06,DAI,98731065,2.73,4.83
2024-07-09,Uniswap V3,Optimism,8.36,DAI,114066060,2.15,4.01
2024-07-09,Uniswap V3,Polygon,8.39,USDT,108234268,1.12,2.81
2024-07-09,Uniswap V3,Polygon,13.33,DAI,111620444,1.02,3.37
2024-07-09,Uniswap V3,Base,10.54,USDC,101852360,1.53,4.35
2024-07-09,Uniswap V3,Base,11.01,USDT,106479049,1.71,3.72
2024-07-09,Uniswap V3,Base,10.01,DAI,105656047,1.67,4.31
2024-07-09,Yearn,Ethereum,4.15,USDC,135595404,19.11,0
2024-07-09,Yearn,Ethereum,3.55,DAI,138688697,19.74,0
2024-07-09,Yearn,Arbitrum,4.47,USDC,131177183,2.26,3.92
2024-07-09,Yearn,Arbitrum,4.79,USDT,126505233,2.53,3.14
2024-07-09,Yearn,Arbitrum,5.2,DAI,129654813,2.55,5.99
2024-07-09,Yearn,Optimism,4.33,USDC,134918920,1.7,4.41
2024-07-09,Yearn,Optimism,4.77,USDT,135595210,1.49,2.13
2024-07-09,Yearn,Optimism,4.77,DAI,135897033,2.13,3.58
2024-07-09,Yearn,Polygon,4.8,USDC,132620397,0.83,2.43
2024-07-09,Yearn,Polygon,5.37,USDT,131791166,1.16,2.91
2024-07-09,Yearn,Polygon,4.71,DAI,138013591,0.94,3.36
2024-07-09,Yearn,Base,4.64,USDC,135512960,1.45,4.61
2024-07-09,Yearn,Base,5.05,USDT,135410401,1.1,3.88
2024-07-09,Yearn,Base,5.34,DAI,128537820,0.95,4.26
2024-07-09,Pendle,Ethereum,13.64,USDC,81288006,20.97,0
2024-07-09,Pendle,Ethereum,10.31,USDT,75859412,19.04,0
2024-07-09,Pendle,Ethereum,9.39,DAI,81193885,17.63,0
2024-07-09,Pendle,Arbitrum,12.27,USDC,79821771,2.31,4.1
2024-07-09,Pendle,Arbitrum,13.73,USDT,81715498,1.89,5.63
2024-07-09,Pendle,Arbitrum,13.71,DAI,87452400,2.44,6.58
2024-07-09,Pendle,Optimism,10.47,USDC,85457202,2.01,3.11
2024-07-09,Pendle,Optimism,11.13,USDT,85652247,2.23,3.68
2024-07-09,Pendle,Optimism,14.07,DAI,83911010,1.73,4.46
2024-07-09,Pendle,Base,13.56,USDC,87246785,1.65,4.73
2024-07-09,Pendle,Base,13.58,USDT,78026163,1.06,3.81
2024-07-09,Pendle,Base,12.97,DAI,89550442,1.28,4.53
2024-07-09,Convex,Ethereum,6.34,USDC,165740632,19.59,0
2024-07-09,Convex,Ethereum,4.99,USDT,169888443,19.66,0
2024-07-09,Convex,Ethereum,4.94,DAI,171397378,17.41,0
2024-07-09,Balancer,Ethereum,7.44,USDC,118478610,18.18,0
2024-07-09,Balancer,Ethereum,8.54,USDT,116189463,20.79,0
2024-07-09,Balancer,Ethereum,8.37,DAI,120325381,23.37,0
2024-07-09,Balancer,Arbitrum,9.98,USDC,127497574,2.31,4.98
2024-07-09,Balancer,Arbitrum,11.62,USDT,118538937,2.57,6.0
2024-07-09,Balancer,Arbitrum,11.13,DAI,127697488,2.3,6.12
2024-07-09,Balancer,Optimism,8.49,USDC,122119370,1.39,3.15
2024-07-09,Balancer,Optimism,10.79,USDT,129361634,2.16,3.39
2024-07-09,Balancer,Optimism,9.94,DAI,125468023,1.5,3.54
2024-07-09,Balancer,Polygon,9.47,USDC,122337071,0.81,2.7
2024-07-09,Balancer,Polygon,10.69,USDT,130056150,0.89,2.77
2024-07-09,Balancer,Polygon,11.76,DAI,129638882,1.17,2.18
2024-07-09,Balancer,Base,9.98,USDC,122740618,1.31,3.19
2024-07-09,Balancer,Base,10.73,DAI,112188207,1.79,4.2
2024-07-10,Aave,Ethereum,3.24,USDC,253027797,12.45,0
2024-07-10,Aave,Ethereum,3.75,USDT,262655435,11.76,0
2024-07-10,Aave,Ethereum,3.68,DAI,277733047,16.34,0
2024-07-10,Aave,Arbitrum,4.16,USDC,270939158,2.2,3.98
2024-07-10,Aave,Arbitrum,3.67,USDT,280564775,2.11,5.0
2024-07-10,Aave,Arbitrum,4.08,DAI,274826921,2.46,5.9
2024-07-10,Aave,Optimism,3.32,USDC,270663821,2.12,3.69
2024-07-10,Aave,Optimism,3.67,USDT,286057385,1.48,5.17
2024-07-10,Aave,Optimism,4.04,DAI,267746500,1.72,4.31
2024-07-10,Aave,Polygon,4.11,USDC,271559545,0.84,3.49
2024-07-10,Aave,Polygon,4.1,USDT,260573006,1.1,1.32
2024-07-10,Aave,Polygon,4.14,DAI,274170830,0.99,4.31
2024-07-10,Aave,Base,3.56,USDC,274902847,1.57,2.22
2024-07-10,Aave,Base,3.44,USDT,291503398,1.52,3.43
2024-07-10,Aave,Base,4.15,DAI,274297105,1.53,3.47
2024-07-10,Compound,Ethereum,3.05,USDT,197184722,20.73,0
2024-07-10,Compound,Ethereum,3.3,DAI,192051078,14.33,0
2024-07-10,Compound,Arbitrum,4.43,USDC,203495063,2.33,3.74
2024-07-10,Compound,Arbitrum,3.37,USDT,186475434,2.88,5.59
2024-07-10,Compound,Arbitrum,3.72,DAI,205175742,2.34,6.5
2024-07-10,Compound,Optimism,3.48,USDC,215533987,2.01,4.53
2024-07-10,Compound,Optimism,3.48,USDT,203893674,2.05,3.89
2024-07-10,Compound,Optimism,3.25,DAI,190352001,2.1,2.75
2024-07-10,Compound,Polygon,4.01,USDC,211554108,1.09,3.39
2024-07-10,Compound,Polygon,3.68,USDT,196602645,0.95,3.45
2024-07-10,Compound,Polygon,3.8,DAI,201767014,1.11,1.97
2024-07-10,Compound,Base,3.85,USDC,193875888,1.51,5.33
2024-07-10,Compound,Base,3.87,USDT,209135422,1.19,3.31
2024-07-10,Compound,Base,3.56,DAI,196966226,1.22,4.36
2024-07-10,Curve,Ethereum,7.58,USDC,373983459,16.45,0
2024-07-10,Curve,Ethereum,8.19,USDT,353220030,12.81,0
2024-07-10,Curve,Ethereum,8.99,DAI,354029350,20.6,0
2024-07-10,Curve,Arbitrum,9.94,USDC,327123298,2.73,5.46
2024-07-10,Curve,Arbitrum,8.01,DAI,311997847,2.47,5.77
2024-07-10,Curve,Optimism,10.17,USDT,374977437,1.61,4.56
2024-07-10,Curve,Optimism,9.65,DAI,352278742,1.53,3.49
2024-07-10,Curve,Polygon,7.39,USDC,352857609,1.23,3.35
2024-07-10,Curve,Polygon,8.85,DAI,367786175,0.99,2.08
2024-07-10,Curve,Base,7.29,USDC,370733888,1.42,3.74
2024-07-10,Curve,Base,9.38,USDT,354393101,1.66,3.11
2024-07-10,Curve,Base,9.79,DAI,350571195,1.34,5.43
2024-07-10,Uniswap V3,Ethereum,9.07,USDC,100704273,22.44,0
2024-07-10,Uniswap V3,Ethereum,8.93,USDT,109316057,16.91,0
2024-07-10,Uniswap V3,Ethereum,7.75,DAI,105242461,20.06,0
2024-07-10,Uniswap V3,Arbitrum,11.2,USDC,107383958,2.33,5.3
2024-07-10,Uniswap V3,Arbitrum,10.89,USDT,104876954,2.44,6.88
2024-07-10,Uniswap V3,Arbitrum,8.01,DAI,103681652,2.73,3.57
2024-07-10,Uniswap V3,Optimism,10.44,USDC,104130704,1.73,3.44
2024-07-10,Uniswap V3,Optimism,10.01,USDT,103329997,2.07,4.95
2024-07-10,Uniswap V3,Optimism,11.61,DAI,104258607,2.45,3.93
2024-07-10,Uniswap V3,Polygon,11.72,USDC,98235387,1.02,3.77
2024-07-10,Uniswap V3,Polygon,13.11,USDT,103489853,1.05,3.25
2024-07-10,Uniswap V3,Polygon,11.15,DAI,107189998,1.1,3.42
2024-07-10,Uniswap V3,Base,7.43,USDC,98694895,1.5,3.94
2024-07-10,Uniswap V3,Base,10.82,USDT,106936905,1.47,3.84
2024-07-10,Uniswap V3,Base,9.74,DAI,104029779,1.59,3.85
2024-07-10,Yearn,Ethereum,4.1,USDT,142369739,14.99,0
2024-07-10,Yearn,Arbitrum,4.77,USDC,127903045,1.98,5.57
2024-07-10,Yearn,Arbitrum,4.87,USDT,127338965,2.55,4.5
2024-07-10,Yearn,Arbitrum,5.34,DAI,134814903,2.16,5.87
2024-07-10,Yearn,Optimism,4.44,USDC,133368030,1.78,3.14
2024-07-10,Yearn,Optimism,4.3,USDT,126945904,1.99,4.28
2024-07-10,Yearn,Optimism,5.02,DAI,130087858,1.85,3.86
2024-07-10,Yearn,Polygon,5.16,USDC,134997903,1.08,2.66
2024-07-10,Yearn,Polygon,5.36,USDT,143634537,0.84,3.63
2024-07-10,Yearn,Polygon,4.99,DAI,124690957,1.1,1.95
2024-07-10,Yearn,Base,5.14,USDC,138510582,1.41,4.43
2024-07-10,Yearn,Base,4.69,DAI,131041650,1.56,3.98
2024-07-10,Pendle,Ethereum,12.12,USDC,85213588,24.57,0
2024-07-10,Pendle,Ethereum,9.79,USDT,84237187,15.38,0
2024-07-10,Pendle,Ethereum,10.82,DAI,75892850,13.82,0
2024-07-10,Pendle,Arbitrum,12.34,USDC,81530674,2.29,5.81
2024-07-10,Pendle,Arbitrum,15.14,USDT,80507606,2.54,4.51
2024-07-10,Pendle,Arbitrum,15.15,DAI,79139700,2.39,6.94
2024-07-10,Pendle,Optimism,14.03,USDC,81836977,1.36,5.05
2024-07-10,Pendle,Optimism,13.51,USDT,83796202,2.25,3.28
2024-07-10,Pendle,Optimism,14.02,DAI,82255049,1.73,3.1
2024-07-10,Pendle,Base,16.56,USDC,82007745,1.18,5.29
2024-07-10,Pendle,Base,12.07,USDT,79224336,1.51,4.65
2024-07-10,Pendle,Base,12.49,DAI,84684088,1.44,5.02
2024-07-10,Convex,Ethereum,5.2,USDC,155555480,19.46,0
2024-07-10,Convex,Ethereum,4.7,USDT,170027210,18.06,0
2024-07-10,Convex,Ethereum,5.58,DAI,168358371,16.31,0
2024-07-10,Balancer,Ethereum,9.29,USDC,116702508,19.78,0
2024-07-10,Balancer,Ethereum,7.48,USDT,124909133,17.71,0
2024-07-10,Balancer,Ethereum,7.94,DAI,114513353,22.03,0
2024-07-10,Balancer,Arbitrum,8.54,USDC,122532004,2.6,3.98
2024-07-10,Balancer,Arbitrum,10.61,USDT,125464412,2.58,4.94
2024-07-10,Balancer,Arbitrum,12.45,DAI,126457437,2.48,6.45
2024-07-10,Balancer,Optimism,10.51,USDC,119346261,2.02,3.64
2024-07-10,Balancer,Optimism,10.91,USDT,122185281,1.83,3.01
2024-07-10,Balancer,Optimism,9.01,DAI,125269615,1.76,3.3
2024-07-10,Balancer,Polygon,10.25,USDC,112492962,0.86,2.78
2024-07-10,Balancer,Polygon,9.07,USDT,128507804,0.98,3.17
2024-07-10,Balancer,Polygon,10.85,DAI,117614341,1.02,2.76
2024-07-10,Balancer,Base,10.92,USDC,115588739,1.34,3.24
2024-07-10,Balancer,Base,10.62,DAI,114693494,1.69,1.97
2024-07-11,Aave,Ethereum,3.19,USDC,309489109,19.91,0
2024-07-11,Aave,Ethereum,3.21,USDT,279870974,14.93,0
2024-07-11,Aave,Ethereum,3.32,DAI,293402216,18.02,0
2024-07-11,Aave,Arbitrum,3.79,USDC,276623514,2.95,3.93
2024-07-11,Aave,Arbitrum,3.79,USDT,282069614,2.71,5.01
2024-07-11,Aave,Arbitrum,4.03,DAI,281087477,1.99,4.71
2024-07-11,Aave,Optimism,3.66,USDC,265755746,1.92,3.83
2024-07-11,Aave,Optimism,3.59,DAI,271157999,1.63,4.98
2024-07-11,Aave,Polygon,4.39,USDC,289619523,0.87,3.8
2024-07-11,Aave,Polygon,4.14,USDT,276073482,0.95,2.15
2024-07-11,Aave,Polygon,4.31,DAI,271109057,0.93,2.57
2024-07-11,Aave,Base,3.71,USDC,269942252,1.67,3.49
2024-07-11,Aave,Base,3.28,USDT,272344006,1.54,3.2
2024-07-11,Aave,Base,4.19,DAI,296001598,1.41,3.09
2024-07-11,Compound,Ethereum,2.93,USDC,190014107,19.57,0
2024-07-11,Compound,Ethereum,3.3,USDT,186367975,13.94,0
2024-07-11,Compound,Ethereum,3.17,DAI,204734803,20.86,0
2024-07-11,Compound,Arbitrum,3.65,USDC,198155816,2.21,3.96
2024-07-11,Compound,Arbitrum,3.75,USDT,207607246,2.59,5.48
2024-07-11,Compound,Arbitrum,3.68,DAI,195312292,2.42,4.91
2024-07-11,Compound,Optimism,3.84,USDC,199699578,1.77,4.28
2024-07-11,Compound,Optimism,3.75,DAI,208362923,1.71,3.7
2024-07-11,Compound,Polygon,4.14,USDC,215596123,1.13,2.65
2024-07-11,Compound,Polygon,4.04,USDT,189066941,0.86,3.64
2024-07-11,Compound,Polygon,3.69,DAI,190887303,1.0,2.79
2024-07-11,Compound,Base,3.85,USDC,193851453,1.84,2.62
2024-07-11,Compound,Base,3.62,USDT,202047571,1.3,4.55
2024-07-11,Compound,Base,3.21,DAI,212841333,1.57,3.52
2024-07-11,Curve,Ethereum,10.06,USDC,321013825,19.67,0
2024-07-11,Curve,Ethereum,8.36,USDT,361407436,17.75,0
2024-07-11,Curve,Ethereum,7.16,DAI,366665070,17.21,0
2024-07-11,Curve,Arbitrum,9.71,USDC,330302229,2.6,5.69
2024-07-11,Curve,Arbitrum,8.99,USDT,382544282,2.89,4.65
2024-07-11,Curve,Arbitrum,8.38,DAI,348310173,2.14,4.91
2024-07-11,Curve,Optimism,8.52,USDC,340785613,1.9,3.81
2024-07-11,Curve,Optimism,9.9,USDT,335491471,1.94,4.09
2024-07-11,Curve,Optimism,7.31,DAI,371083249,1.44,4.66
2024-07-11,Curve,Polygon,11.63,USDC,390565533,0.88,3.0
2024-07-11,Curve,Polygon,11.54,DAI,375720314,0.74,3.2
2024-07-11,Curve,Base,8.14,USDC,351748803,1.53,2.93
2024-07-11,Curve,Base,9.51,DAI,370247287,1.53,2.89
2024-07-11,Uniswap V3,Ethereum,7.21,USDC,103333955,17.14,0
2024-07-11,Uniswap V3,Ethereum,8.56,USDT,105226874,17.41,0
2024-07-11,Uniswap V3,Ethereum,7.4,DAI,99630990,23.11,0
2024-07-11,Uniswap V3,Arbitrum,11.06,USDC,104847868,2.02,5.37
2024-07-11,Uniswap V3,Arbitrum,12.11,USDT,100462756,2.2,4.86
2024-07-11,Uniswap V3,Arbitrum,10.41,DAI,106874609,1.54,3.81
2024-07-11,Uniswap V3,Optimism,10.9,USDC,109025095,1.26,3.59
2024-07-11,Uniswap V3,Optimism,9.79,USDT,108757854,1.54,4.62
2024-07-11,Uniswap V3,Optimism,9.87,DAI,109857366,1.74,2.99
2024-07-11,Uniswap V3,Polygon,10.76,USDC,99617656,1.07,3.02
2024-07-11,Uniswap V3,Polygon,12.12,USDT,107158753,0.99,3.2
2024-07-11,Uniswap V3,Polygon,11.87,DAI,103216703,0.82,2.57
2024-07-11,Uniswap V3,Base,11.09,USDC,105027774,1.04,3.35
2024-07-11,Uniswap V3,Base,8.65,USDT,104109011,1.26,2.93
2024-07-11,Uniswap V3,Base,10.34,DAI,107885052,0.95,4.34
2024-07-11,Yearn,Ethereum,4.1,USDC,124181952,21.38,0
2024-07-11,Yearn,Ethereum,3.88,USDT,131147125,18.77,0
2024-07-11,Yearn,Ethereum,4.31,DAI,132966025,15.97,0
2024-07-11,Yearn,Arbitrum,4.59,USDC,129268497,2.45,4.18
2024-07-11,Yearn,Arbitrum,4.75,USDT,135262336,2.15,5.61
2024-07-11,Yearn,Arbitrum,4.06,DAI,132089221,3.1,3.57
2024-07-11,Yearn,Optimism,4.67,USDC,116373329,1.97,4.07
2024-07-11,Yearn,Optimism,4.66,USDT,119213850,2.25,3.99
2024-07-11,Yearn,Optimism,4.57,DAI,141035130,2.25,4.43
2024-07-11,Yearn,Polygon,5.19,USDC,133438649,1.06,2.22
2024-07-11,Yearn,Polygon,5.0,USDT,130887471,0.85,2.8
2024-07-11,Yearn,Polygon,5.04,DAI,134393617,1.04,3.28
2024-07-11,Yearn,Base,4.61,USDT,134308566,1.0,5.24
2024-07-11,Yearn,Base,5.11,DAI,134943105,1.47,4.11
2024-07-11,Pendle,Ethereum,10.58,USDC,84913830,25.87,0
2024-07-11,Pendle,Ethereum,12.07,USDT,85219048,16.18,0
2024-07-11,Pendle,Ethereum,11.53,DAI,80889028,18.08,0
2024-07-11,Pendle,Arbitrum,19.29,USDC,83424196,2.69,3.33
2024-07-11,Pendle,Arbitrum,12.74,USDT,83666745,2.6,4.78
2024-07-11,Pendle,Arbitrum,14.14,DAI,83642219,2.66,5.72
2024-07-11,Pendle,Optimism,13.07,USDC,83146904,1.73,2.82
2024-07-11,Pendle,Optimism,11.95,USDT,84680913,1.9,3.86
2024-07-11,Pendle,Optimism,14.01,DAI,81726095,1.0,4.01
2024-07-11,Pendle,Base,15.29,USDT,86841824,1.29,4.19
2024-07-11,Pendle,Base,14.28,DAI,84954326,1.02,4.53
2024-07-11,Convex,Ethereum,4.75,USDC,168583353,19.47,0
2024-07-11,Convex,Ethereum,5.73,USDT,170721339,19.22,0
2024-07-11,Convex,Ethereum,5.55,DAI,172687515,15.37,0
2024-07-11,Balancer,Ethereum,9.73,USDC,120276329,14.37,0
2024-07-11,Balancer,Ethereum,7.25,USDT,124136877,15.22,0
2024-07-11,Balancer,Ethereum,11.12,DAI,121284425,15.45,0
2024-07-11,Balancer,Arbitrum,11.93,USDC,122505283,2.7,5.61
2024-07-11,Balancer,Arbitrum,10.11,USDT,125254325,2.44,2.81
2024-07-11,Balancer,Arbitrum,10.12,DAI,125421225,2.06,4.75
2024-07-11,Balancer,Optimism,10.85,USDC,111708665,1.53,5.26
2024-07-11,Balancer,Optimism,10.54,USDT,121155157,1.58,3.02
2024-07-11,Balancer,Optimism,9.36,DAI,123204384,1.94,3.34
2024-07-11,Balancer,Polygon,11.16,USDC,118601020,0.89,3.28
2024-07-11,Balancer,Polygon,10.44,USDT,129306019,1.11,3.32
2024-07-11,Balancer,Polygon,13.03,DAI,117531414,0.83,3.07
2024-07-11,Balancer,Base,11.18,USDC,114053110,1.51,3.77
2024-07-11,Balancer,Base,10.48,USDT,125148559,2.1,3.82
2024-07-11,Balancer,Base,9.35,DAI,124302276,1.24,5.65
2024-07-12,Aave,Ethereum,3.39,USDC,271646441,22.11,0
2024-07-12,Aave,Ethereum,2.99,USDT,284233709,18.56,0
2024-07-12,Aave,Ethereum,3.05,DAI,276256336,17.82,0
2024-07-12,Aave,Arbitrum,4.23,USDC,298691175,2.43,4.44
2024-07-12,Aave,Arbitrum,3.79,USDT,283226445,2.39,5.59
2024-07-12,Aave,Arbitrum,3.86,DAI,279732585,1.99,5.38
2024-07-12,Aave,Optimism,3.65,USDC,281756092,1.92,3.4
2024-07-12,Aave,Optimism,3.68,USDT,277009393,1.69,3.78
2024-07-12,Aave,Optimism,3.59,DAI,275692053,1.84,4.6
2024-07-12,Aave,Polygon,4.18,USDC,277301715,1.04,3.19
2024-07-12,Aave,Polygon,3.83,USDT,284754996,1.23,3.71
2024-07-12,Aave,Polygon,3.82,DAI,266219630,0.87,3.12
2024-07-12,Aave,Base,3.62,USDC,277587001,1.29,4.72
2024-07-12,Compound,Ethereum,2.96,USDC,197396451,21.71,0
2024-07-12,Compound,Ethereum,2.89,USDT,194614023,16.7,0
2024-07-12,Compound,Ethereum,3.03,DAI,186446901,25.62,0
2024-07-12,Compound,Arbitrum,3.63,USDC,190823353,2.13,5.0
2024-07-12,Compound,Arbitrum,3.75,USDT,197444142,1.94,5.12
2024-07-12,Compound,Arbitrum,3.3,DAI,204534996,2.89,3.91
2024-07-12,Compound,Optimism,3.48,USDT,188911376,1.76,4.96
2024-07-12,Compound,Optimism,3.21,DAI,195614847,1.77,5.63
2024-07-12,Compound,Polygon,4.07,USDT,181471489,0.75,3.0
2024-07-12,Compound,Polygon,3.71,DAI,189451281,1.06,2.8
2024-07-12,Compound,Base,3.94,USDC,194320075,1.29,4.11
2024-07-12,Compound,Base,3.69,USDT,207561008,1.58,5.9
2024-07-12,Compound,Base,3.5,DAI,195928511,1.84,3.3
2024-07-12,Curve,Ethereum,7.72,USDC,345038711,12.8,0
2024-07-12,Curve,Ethereum,7.64,DAI,366186354,19.19,0
2024-07-12,Curve,Arbitrum,9.22,USDC,357893339,2.11,8.07
2024-07-12,Curve,Arbitrum,10.15,USDT,330274573,2.07,6.16
2024-07-12,Curve,Arbitrum,9.28,DAI,363544598,3.03,5.32
2024-07-12,Curve,Optimism,9.68,USDC,347148448,1.91,3.44
2024-07-12,Curve,Optimism,7.64,USDT,367401844,2.11,2.94
2024-07-12,Curve,Optimism,7.16,DAI,370948149,2.02,2.92
2024-07-12,Curve,Polygon,11.67,USDC,342063469,1.16,3.71
2024-07-12,Curve,Polygon,8.96,USDT,334030040,1.24,2.73
2024-07-12,Curve,Polygon,8.63,DAI,351855157,0.95,2.58
2024-07-12,Curve,Base,11.2,USDC,341289054,1.58,4.13
2024-07-12,Curve,Base,8.05,USDT,334127120,1.38,2.75
2024-07-12,Curve,Base,10.12,DAI,339208402,1.41,4.05
2024-07-12,Uniswap V3,Ethereum,9.45,USDC,106771858,14.89,0
2024-07-12,Uniswap V3,Ethereum,7.68,USDT,103580462,18.08,0
2024-07-12,Uniswap V3,Ethereum,9.13,DAI,107362510,13.16,0
2024-07-12,Uniswap V3,Arbitrum,11.13,USDC,110553033,2.31,6.17
2024-07-12,Uniswap V3,Arbitrum,11.26,USDT,107885173,1.91,5.84
2024-07-12,Uniswap V3,Arbitrum,8.59,DAI,110193880,2.35,4.49
2024-07-12,Uniswap V3,Optimism,9.54,USDC,106960953,1.36,3.78
2024-07-12,Uniswap V3,Optimism,10.27,USDT,104639831,1.5,4.12
2024-07-12,Uniswap V3,Optimism,9.18,DAI,109769512,1.19,4.47
2024-07-12,Uniswap V3,Polygon,11.69,USDC,109435222,1.3,2.99
2024-07-12,Uniswap V3,Polygon,10.31,USDT,105504478,1.04,2.76
2024-07-12,Uniswap V3,Polygon,13.22,DAI,102885996,0.88,3.32
2024-07-12,Uniswap V3,Base,10.12,USDT,108372493,1.7,4.14
2024-07-12,Uniswap V3,Base,11.14,DAI,103846503,1.26,4.05
2024-07-12,Yearn,Ethereum,3.74,USDC,125458546,16.72,0
2024-07-12,Yearn,Ethereum,4.2,USDT,134230370,20.14,0
2024-07-12,Yearn,Ethereum,4.02,DAI,131621940,17.94,0
2024-07-12,Yearn,Arbitrum,5.15,USDC,137252572,2.72,4.43
2024-07-12,Yearn,Arbitrum,4.51,USDT,125258905,2.38,4.55
2024-07-12,Yearn,Arbitrum,4.74,DAI,136032166,1.98,4.56
2024-07-12,Yearn,Optimism,4.54,USDC,123840459,2.2,3.07
2024-07-12,Yearn,Optimism,4.17,USDT,121229202,1.44,3.18
2024-07-12,Yearn,Optimism,4.98,DAI,134590356,2.38,3.95
2024-07-12,Yearn,Polygon,5.16,USDC,139148286,0.77,2.12
2024-07-12,Yearn,Polygon,5.27,USDT,129333101,0.77,4.14
2024-07-12,Yearn,Polygon,4.9,DAI,135474369,1.03,3.13
2024-07-12,Yearn,Base,4.49,USDC,132465233,1.43,4.6
2024-07-12,Yearn,Base,4.25,USDT,140538650,1.24,4.49
2024-07-12,Pendle,Ethereum,11.25,USDC,81427199,20.74,0
2024-07-12,Pendle,Arbitrum,13.95,USDC,88513369,1.95,3.25
2024-07-12,Pendle,Arbitrum,16.19,USDT,83827177,1.95,6.03
2024-07-12,Pendle,Arbitrum,11.25,DAI,83263004,2.71,6.22
2024-07-12,Pendle,Optimism,16.02,USDC,80465580,2.0,3.61
2024-07-12,Pendle,Optimism,12.55,USDT,82478666,1.47,4.67
2024-07-12,Pendle,Optimism,12.87,DAI,78005457,1.61,3.13
2024-07-12,Pendle,Base,16.25,USDC,83982278,1.74,4.44
2024-07-12,Pendle,Base,14.56,USDT,83020561,1.45,4.83
2024-07-12,Pendle,Base,16.76,DAI,84525129,1.56,2.4
2024-07-12,Convex,Ethereum,4.93,USDC,168391799,18.49,0
2024-07-12,Convex,Ethereum,5.2,USDT,161319728,20.32,0
2024-07-12,Convex,Ethereum,4.79,DAI,167895615,16.97,0
2024-07-12,Balancer,Ethereum,7.34,USDT,118477635,14.78,0
2024-07-12,Balancer,Ethereum,6.58,DAI,118436431,16.84,0
2024-07-12,Balancer,Arbitrum,9.58,USDC,122073696,2.16,4.6
2024-07-12,Balancer,Arbitrum,10.83,DAI,114627154,2.34,5.29
2024-07-12,Balancer,Optimism,10.32,USDC,117871260,1.76,3.99
2024-07-12,Balancer,Optimism,9.75,USDT,117583232,1.41,3.74
2024-07-12,Balancer,Optimism,8.94,DAI,118760101,1.52,3.76
2024-07-12,Balancer,Polygon,10.04,USDT,119410721,0.99,4.04
2024-07-12,Balancer,Base,10.02,USDC,117030293,1.25,5.09
2024-07-12,Balancer,Base,9.82,USDT,124607107,1.86,3.71
2024-07-12,Balancer,Base,10.5,DAI,122406593,1.23,2.78
2024-07-13,Aave,Ethereum,3.0,USDC,253905776,8.88,0
2024-07-13,Aave,Ethereum,3.03,USDT,260562824,12.47,0
2024-07-13,Aave,Ethereum,3.05,DAI,307057370,16.07,0
2024-07-13,Aave,Arbitrum,4.02,USDC,276894797,1.48,5.7
2024-07-13,Aave,Arbitrum,3.6,USDT,264233265,1.23,4.14
2024-07-13,Aave,Arbitrum,3.63,DAI,279362467,1.38,3.65
2024-07-13,Aave,Optimism,3.84,USDC,272418116,1.16,5.02
2024-07-13,Aave,Optimism,3.2,USDT,271437004,1.2,4.66
2024-07-13,Aave,Polygon,4.31,USDC,272596550,0.64,2.93
2024-07-13,Aave,Polygon,3.67,USDT,256049463,0.5,3.55
2024-07-13,Aave,Polygon,4.15,DAI,271841031,0.67,3.2
2024-07-13,Aave,Base,3.23,USDC,277120073,0.94,4.88
2024-07-13,Aave,Base,3.88,USDT,270877532,0.94,3.65
2024-07-13,Aave,Base,4.36,DAI,285291176,1.16,2.91
2024-07-13,Compound,Ethereum,2.98,USDC,196425265,13.06,0
2024-07-13,Compound,Ethereum,2.93,USDT,190018319,14.55,0
2024-07-13,Compound,Ethereum,2.85,DAI,184843481,8.55,0
2024-07-13,Compound,Optimism,3.68,USDC,201435830,1.31,4.06
2024-07-13,Compound,Polygon,3.89,USDC,198280478,0.6,2.21
2024-07-13,Compound,Polygon,3.75,DAI,208999328,0.74,3.13
2024-07-13,Compound,Base,3.89,USDC,201091435,0.63,4.99
2024-07-13,Compound,Base,3.51,USDT,206063588,1.12,3.12
2024-07-13,Compound,Base,3.79,DAI,205113230,1.09,4.05
2024-07-13,Curve,Ethereum,9.4,USDC,347591004,15.29,0
2024-07-13,Curve,Ethereum,6.45,USDT,364497809,13.33,0
2024-07-13,Curve,Ethereum,8.28,DAI,349163801,11.79,0
2024-07-13,Curve,Arbitrum,8.67,USDC,357613827,1.39,7.88
2024-07-13,Curve,Arbitrum,10.8,USDT,364414202,1.37,4.55
2024-07-13,Curve,Arbitrum,8.7,DAI,371711455,1.77,5.16
2024-07-13,Curve,Optimism,7.7,USDT,342872272,0.99,4.89
2024-07-13,Curve,Optimism,10.8,DAI,362224544,1.41,4.17
2024-07-13,Curve,Polygon,10.2,USDC,321961359,0.67,3.2
2024-07-13,Curve,Polygon,11.34,USDT,343605879,0.56,2.81
2024-07-13,Curve,Polygon,11.16,DAI,353201657,0.77,2.68
2024-07-13,Curve,Base,9.72,USDC,334730961,0.95,3.77
2024-07-13,Curve,Base,9.28,USDT,338227571,0.9,4.18
2024-07-13,Curve,Base,8.5,DAI,359629368,1.17,3.65
2024-07-13,Uniswap V3,Ethereum,9.81,USDC,92437023,11.69,0
2024-07-13,Uniswap V3,Arbitrum,10.52,USDC,102975417,1.54,5.35
2024-07-13,Uniswap V3,Arbitrum,9.13,USDT,99385977,1.96,6.81
2024-07-13,Uniswap V3,Arbitrum,11.72,DAI,112529283,1.69,3.96
2024-07-13,Uniswap V3,Optimism,9.37,USDC,105664023,0.94,5.46
2024-07-13,Uniswap V3,Optimism,6.74,USDT,105149689,1.43,3.88
2024-07-13,Uniswap V3,Optimism,12.07,DAI,105993459,1.01,4.03
2024-07-13,Uniswap V3,Polygon,10.83,USDC,102156746,0.7,2.7
2024-07-13,Uniswap V3,Polygon,11.22,USDT,105174280,0.49,3.77
2024-07-13,Uniswap V3,Polygon,13.0,DAI,102779714,0.61,2.09
2024-07-13,Uniswap V3,Base,11.31,USDC,107440312,0.7,4.91
2024-07-13,Uniswap V3,Base,12.04,USDT,105730629,1.09,3.37
2024-07-13,Uniswap V3,Base,10.8,DAI,105163135,0.86,4.36
2024-07-13,Yearn,Ethereum,3.37,USDC,124303251,12.54,0
2024-07-13,Yearn,Ethereum,3.88,USDT,127792037,13.11,0
2024-07-13,Yearn,Ethereum,3.65,DAI,138170036,12.46,0
2024-07-13,Yearn,Arbitrum,4.6,USDC,134399559,1.61,5.44
2024-07-13,Yearn,Arbitrum,4.53,USDT,134144966,1.57,4.33
2024-07-13,Yearn,Arbitrum,4.91,DAI,130470023,1.82,4.49
2024-07-13,Yearn,Optimism,4.78,USDC,129946726,1.33,5.4
2024-07-13,Yearn,Optimism,4.38,USDT,134236785,1.2,4.01
2024-07-13,Yearn,Polygon,4.57,USDC,137401085,0.7,3.24
2024-07-13,Yearn,Polygon,5.28,USDT,123912593,0.55,2.84
2024-07-13,Yearn,Polygon,4.98,DAI,139675386,0.81,2.88
2024-07-13,Yearn,Base,4.34,USDT,125580322,0.7,4.47
2024-07-13,Yearn,Base,4.1,DAI,128234225,0.97,4.48
2024-07-13,Pendle,Ethereum,13.43,USDC,80005837,11.67,0
2024-07-13,Pendle,Ethereum,13.24,USDT,83176146,12.24,0
2024-07-13,Pendle,Ethereum,8.8,DAI,77030891,11.35,0
2024-07-13,Pendle,Arbitrum,16.66,USDC,80906232,1.92,4.21
2024-07-13,Pendle,Arbitrum,17.42,USDT,81237304,1.86,4.98
2024-07-13,Pendle,Arbitrum,16.3,DAI,77085284,1.65,5.79
2024-07-13,Pendle,Optimism,12.16,USDC,78289212,1.3,4.17
2024-07-13,Pendle,Optimism,15.38,USDT,74925249,1.12,3.98
2024-07-13,Pendle,Optimism,16.36,DAI,82770694,0.93,4.33
2024-07-13,Pendle,Base,14.55,USDC,82988663,0.9,5.16
2024-07-13,Pendle,Base,13.18,USDT,84692127,1.08,3.28
2024-07-13,Pendle,Base,12.93,DAI,79672554,0.86,5.42
2024-07-13,Convex,Ethereum,5.34,USDC,157560648,12.69,0
2024-07-13,Convex,Ethereum,4.46,USDT,162164745,15.82,0
2024-07-13,Convex,Ethereum,6.27,DAI,154196000,11.26,0
2024-07-13,Balancer,Ethereum,8.53,USDC,114339744,12.74,0
2024-07-13,Balancer,Ethereum,8.41,USDT,122706598,15.35,0
2024-07-13,Balancer,Ethereum,8.37,DAI,117791048,13.84,0
2024-07-13,Balancer,Arbitrum,9.41,USDC,126539274,1.61,6.25
2024-07-13,Balancer,Arbitrum,9.28,USDT,123322066,1.21,6.01
2024-07-13,Balancer,Arbitrum,10.57,DAI,115445904,1.59,5.46
2024-07-13,Balancer,Optimism,7.78,USDC,124333257,1.17,4.67
2024-07-13,Balancer,Optimism,10.67,USDT,119358147,1.43,3.76
2024-07-13,Balancer,Optimism,10.21,DAI,112846345,1.27,4.08
2024-07-13,Balancer,Polygon,10.55,USDC,115942986,0.53,3.32
2024-07-13,Balancer,Polygon,8.82,USDT,106835683,0.81,3.51
2024-07-13,Balancer,Polygon,10.21,DAI,120053882,0.69,3.21
2024-07-13,Balancer,Base,8.67,USDC,110489588,0.91,4.12
2024-07-13,Balancer,Base,9.79,USDT,117833361,1.09,3.34
2024-07-13,Balancer,Base,9.57,DAI,113857791,0.85,2.83
2024-07-14,Aave,Ethereum,3.12,USDT,273126301,13.74,0
2024-07-14,Aave,Ethereum,3.37,DAI,259479363,13.62,0
2024-07-14,Aave,Arbitrum,3.97,USDC,280179028,1.89,3.89
2024-07-14,Aave,Arbitrum,3.78,USDT,266575066,1.73,3.73
2024-07-14,Aave,Arbitrum,4.03,DAI,262008035,1.66,4.46
2024-07-14,Aave,Optimism,3.34,USDC,267704241,1.45,4.43
2024-07-14,Aave,Optimism,3.59,USDT,285363872,1.46,4.18
2024-07-14,Aave,Optimism,3.61,DAI,249881769,1.1,4.2
2024-07-14,Aave,Polygon,4.16,USDC,248118681,0.46,3.07
2024-07-14,Aave,Polygon,4.64,USDT,284847762,0.55,2.74
2024-07-14,Aave,Base,4.04,USDC,276444256,0.97,4.4
2024-07-14,Compound,Ethereum,2.93,USDC,198509466,12.91,0
2024-07-14,Compound,Ethereum,3.14,USDT,201530653,13.6,0
2024-07-14,Compound,Arbitrum,4.06,USDC,176677998,1.56,5.1
2024-07-14,Compound,Arbitrum,3.36,USDT,170263957,1.33,4.97
2024-07-14,Compound,Arbitrum,3.65,DAI,194838901,2.28,4.51
2024-07-14,Compound,Optimism,3.45,USDC,187707512,1.29,4.52
2024-07-14,Compound,Optimism,3.96,DAI,184973004,1.3,4.26
2024-07-14,Compound,Polygon,3.72,USDC,183495023,0.67,2.46
2024-07-14,Compound,Polygon,3.59,USDT,188032482,0.68,2.35
2024-07-14,Compound,Polygon,3.91,DAI,180602255,0.67,2.73
2024-07-14,Compound,Base,3.43,USDC,191705907,0.75,2.17
2024-07-14,Compound,Base,3.71,USDT,193344848,1.1,2.73
2024-07-14,Compound,Base,3.25,DAI,196573628,0.99,3.01
2024-07-14,Curve,Ethereum,7.04,USDC,341708476,14.84,0
2024-07-14,Curve,Ethereum,6.59,USDT,332201663,13.97,0
2024-07-14,Curve,Ethereum,8.93,DAI,363230971,12.77,0
2024-07-14,Curve,Arbitrum,11.37,USDC,335017686,1.58,5.56
2024-07-14,Curve,Arbitrum,9.2,USDT,335024664,1.98,4.69
2024-07-14,Curve,Arbitrum,10.84,DAI,359321315,1.89,5.21
2024-07-14,Curve,Optimism,11.52,USDC,348429010,1.24,4.01
2024-07-14,Curve,Optimism,8.11,USDT,343249032,1.25,3.6
2024-07-14,Curve,Optimism,8.58,DAI,320139744,1.64,2.96
2024-07-14,Curve,Polygon,11.6,USDC,335592661,0.59,3.72
2024-07-14,Curve,Polygon,10.56,USDT,334931262,0.56,4.16
2024-07-14,Curve,Polygon,8.93,DAI,366578135,0.49,3.4
2024-07-14,Curve,Base,10.09,USDC,354764013,0.63,3.29
2024-07-14,Curve,Base,9.92,USDT,342246810,1.12,4.96
2024-07-14,Curve,Base,10.78,DAI,305588656,1.1,3.27
2024-07-14,Uniswap V3,Ethereum,8.59,USDC,107993975,13.54,0
2024-07-14,Uniswap V3,Ethereum,8.98,USDT,101244836,13.72,0
2024-07-14,Uniswap V3,Ethereum,6.7,DAI,105977905,12.41,0
2024-07-14,Uniswap V3,Arbitrum,8.82,USDC,107462540,1.77,3.91
2024-07-14,Uniswap V3,Arbitrum,8.17,USDT,100562401,1.25,5.77
2024-07-14,Uniswap V3,Arbitrum,11.03,DAI,99639376,2.01,4.65
2024-07-14,Uniswap V3,Optimism,8.95,USDC,108886158,1.19,5.17
2024-07-14,Uniswap V3,Optimism,9.15,USDT,93458018,1.18,2.36
2024-07-14,Uniswap V3,Optimism,11.38,DAI,98453471,1.33,5.39
2024-07-14,Uniswap V3,Polygon,12.23,USDC,99047712,0.48,3.21
2024-07-14,Uniswap V3,Polygon,11.45,USDT,102023206,0.63,2.41
2024-07-14,Uniswap V3,Polygon,11.5,DAI,100359976,0.67,3.47
2024-07-14,Uniswap V3,Base,7.73,USDC,99458673,0.9,4.06
2024-07-14,Uniswap V3,Base,9.81,USDT,91581555,1.21,4.11
2024-07-14,Uniswap V3,Base,11.0,DAI,106772466,0.97,3.69
2024-07-14,Yearn,Ethereum,4.14,USDC,128575829,9.63,0
2024-07-14,Yearn,Ethereum,4.3,DAI,128461369,15.86,0
2024-07-14,Yearn,Arbitrum,4.73,USDC,128899446,1.11,4.83
2024-07-14,Yearn,Arbitrum,4.61,USDT,137512748,1.92,4.23
2024-07-14,Yearn,Arbitrum,5.04,DAI,129433878,1.35,4.98
2024-07-14,Yearn,Optimism,4.58,USDC,120202013,1.1,3.15
2024-07-14,Yearn,Optimism,4.72,USDT,127991063,1.26,4.72
2024-07-14,Yearn,Optimism,4.72,DAI,122296383,1.34,3.1
2024-07-14,Yearn,Polygon,4.84,USDC,134563281,0.74,3.85
2024-07-14,Yearn,Polygon,5.15,USDT,113735061,0.69,2.89
2024-07-14,Yearn,Polygon,4.58,DAI,130011193,0.61,3.17
2024-07-14,Yearn,Base,5.16,USDC,129476297,1.09,4.11
2024-07-14,Yearn,Base,5.17,USDT,123472790,0.99,3.0
2024-07-14,Yearn,Base,4.3,DAI,132434504,0.88,3.73
2024-07-14,Pendle,Ethereum,10.73,USDC,87021678,17.88,0
2024-07-14,Pendle,Ethereum,9.32,USDT,81003484,13.71,0
2024-07-14,Pendle,Ethereum,13.05,DAI,75915826,12.84,0
2024-07-14,Pendle,Arbitrum,16.33,USDC,82011407,1.51,5.01
2024-07-14,Pendle,Arbitrum,13.28,USDT,76310302,1.61,5.77
2024-07-14,Pendle,Arbitrum,14.44,DAI,80405867,1.36,4.18
2024-07-14,Pendle,Optimism,16.89,USDC,78519289,1.37,2.99
2024-07-14,Pendle,Optimism,15.52,USDT,74586406,0.8,4.6
2024-07-14,Pendle,Optimism,16.07,DAI,81284626,1.17,4.61
2024-07-14,Pendle,Base,11.75,USDC,84541815,0.95,4.4
2024-07-14,Pendle,Base,13.29,USDT,76822163,0.94,4.38
2024-07-14,Pendle,Base,14.52,DAI,75131710,0.85,3.47
2024-07-14,Convex,Ethereum,5.39,USDC,156308260,9.77,0
2024-07-14,Convex,Ethereum,5.84,USDT,166396875,14.39,0
2024-07-14,Convex,Ethereum,4.53,DAI,156614155,10.35,0
2024-07-14,Balancer,Ethereum,9.09,USDC,120110335,11.79,0
2024-07-14,Balancer,Ethereum,8.39,USDT,120968048,13.73,0
2024-07-14,Balancer,Ethereum,9.0,DAI,107712891,8.28,0
2024-07-14,Balancer,Arbitrum,8.39,USDC,117730209,1.9,4.06
2024-07-14,Balancer,Arbitrum,10.83,USDT,116052029,1.52,5.27
2024-07-14,Balancer,Arbitrum,10.75,DAI,121524112,1.38,4.77
2024-07-14,Balancer,Optimism,11.38,USDT,113992425,1.1,4.0
2024-07-14,Balancer,Optimism,9.87,DAI,123969341,1.3,3.28
2024-07-14,Balancer,Polygon,11.71,USDC,124908326,0.51,3.12
2024-07-14,Balancer,Polygon,11.85,USDT,118155686,0.74,2.51
2024-07-14,Balancer,Polygon,10.07,DAI,114194672,0.62,2.73
2024-07-14,Balancer,Base,9.58,USDC,120555961,1.14,4.27
2024-07-14,Balancer,Base,10.39,DAI,123159502,0.9,4.42
2024-07-15,Aave,Ethereum,3.31,USDC,273720152,15.66,0
2024-07-15,Aave,Ethereum,3.3,USDT,285923520,14.83,0
2024-07-15,Aave,Ethereum,2.82,DAI,261084954,16.56,0
2024-07-15,Aave,Arbitrum,4.07,USDC,275850545,1.95,6.42
2024-07-15,Aave,Arbitrum,4.03,USDT,262492558,2.49,4.18
2024-07-15,Aave,Arbitrum,4.26,DAI,245695474,3.3,3.95
2024-07-15,Aave,Optimism,3.25,USDC,266240781,1.95,4.73
2024-07-15,Aave,Optimism,4.02,USDT,279694791,1.36,4.3
2024-07-15,Aave,Optimism,4.19,DAI,277751595,1.84,4.38
2024-07-15,Aave,Polygon,4.29,USDC,275977218,1.05,2.45
2024-07-15,Aave,Polygon,4.33,USDT,257202362,0.88,1.96
2024-07-15,Aave,Polygon,4.0,DAI,260877733,0.78,2.45
2024-07-15,Aave,Base,4.2,USDC,265310385,1.35,3.34
2024-07-15,Aave,Base,4.14,DAI,265365971,1.46,3.86
2024-07-15,Compound,Ethereum,3.04,USDC,192786595,18.84,0
2024-07-15,Compound,Ethereum,3.09,USDT,182242503,19.66,0
2024-07-15,Compound,Ethereum,2.93,DAI,199078444,15.64,0
2024-07-15,Compound,Arbitrum,3.61,USDC,190244723,2.39,6.39
2024-07-15,Compound,Arbitrum,3.64,USDT,187928362,2.3,5.76
2024-07-15,Compound,Arbitrum,3.93,DAI,200768484,2.21,3.26
2024-07-15,Compound,Optimism,3.79,USDC,194709830,1.67,3.99
2024-07-15,Compound,Optimism,3.87,USDT,184803101,1.66,2.69
2024-07-15,Compound,Optimism,3.6,DAI,174274452,1.93,3.51
2024-07-15,Compound,Polygon,3.85,USDC,172495216,1.09,2.36
2024-07-15,Compound,Polygon,3.86,USDT,189537168,0.85,2.56
2024-07-15,Compound,Polygon,4.03,DAI,174268274,0.85,2.98
2024-07-15,Compound,Base,3.6,USDC,191727498,1.49,2.14
2024-07-15,Compound,Base,3.82,USDT,186704305,1.56,4.44
2024-07-15,Compound,Base,3.69,DAI,191796244,1.27,3.95
2024-07-15,Curve,Ethereum,8.98,USDC,371000021,13.74,0
2024-07-15,Curve,Ethereum,7.65,USDT,353334799,19.34,0
2024-07-15,Curve,Ethereum,9.19,DAI,310887702,14.87,0
2024-07-15,Curve,Arbitrum,11.58,USDC,328380490,2.42,4.76
2024-07-15,Curve,Arbitrum,10.55,USDT,322513129,2.1,5.82
2024-07-15,Curve,Arbitrum,10.25,DAI,316643151,2.62,7.48
2024-07-15,Curve,Optimism,10.37,USDC,327631841,1.85,4.72
2024-07-15,Curve,Optimism,11.09,DAI,332641897,1.83,3.69
2024-07-15,Curve,Polygon,9.19,USDT,363978135,0.91,3.0
2024-07-15,Curve,Polygon,10.3,DAI,333495001,0.83,3.58
2024-07-15,Curve,Base,10.17,USDC,362010910,1.63,2.49
2024-07-15,Curve,Base,10.63,USDT,371210886,1.12,4.25
2024-07-15,Curve,Base,9.26,DAI,344665734,0.95,4.73
2024-07-15,Uniswap V3,Ethereum,9.92,USDC,96419695,12.67,0
2024-07-15,Uniswap V3,Ethereum,12.88,USDT,96367407,18.18,0
2024-07-15,Uniswap V3,Arbitrum,9.68,USDC,99625221,2.54,4.67
2024-07-15,Uniswap V3,Arbitrum,10.34,USDT,108339123,3.35,5.44
2024-07-15,Uniswap V3,Arbitrum,9.42,DAI,99067300,2.37,5.42
2024-07-15,Uniswap V3,Optimism,9.95,USDC,98344303,1.66,4.46
2024-07-15,Uniswap V3,Optimism,10.63,USDT,98472965,1.67,4.69
2024-07-15,Uniswap V3,Optimism,10.73,DAI,94523635,2.53,4.97
2024-07-15,Uniswap V3,Polygon,11.32,USDC,105240729,1.15,3.54
2024-07-15,Uniswap V3,Polygon,9.21,USDT,95827633,0.76,2.89
2024-07-15,Uniswap V3,Polygon,10.84,DAI,100971717,0.76,2.8
2024-07-15,Uniswap V3,Base,8.36,USDC,94564619,1.54,4.02
2024-07-15,Uniswap V3,Base,13.34,USDT,106332291,1.2,3.55
2024-07-15,Uniswap V3,Base,11.63,DAI,102558758,1.61,4.32
2024-07-15,Yearn,Ethereum,3.71,USDC,122566339,22.37,0
2024-07-15,Yearn,Ethereum,3.98,DAI,130831239,19.51,0
2024-07-15,Yearn,Arbitrum,4.54,USDC,124889751,2.56,6.25
2024-07-15,Yearn,Arbitrum,4.82,USDT,128643127,2.1,4.2
2024-07-15,Yearn,Arbitrum,4.93,DAI,131862637,1.89,4.97
2024-07-15,Yearn,Optimism,4.75,USDC,145843610,2.21,3.4
2024-07-15,Yearn,Optimism,4.77,USDT,133225922,2.17,4.59
2024-07-15,Yearn,Optimism,4.58,DAI,120512820,2.15,4.03
2024-07-15,Yearn,Polygon,4.74,USDC,123682068,1.0,3.21
2024-07-15,Yearn,Polygon,4.63,USDT,131633172,0.78,3.02
2024-07-15,Yearn,Polygon,5.25,DAI,129226292,0.96,3.78
2024-07-15,Yearn,Base,4.87,USDC,126544441,1.59,3.94
2024-07-15,Yearn,Base,5.24,USDT,122527008,1.26,3.51
2024-07-15,Yearn,Base,4.18,DAI,126204765,1.29,4.74
2024-07-15,Pendle,Ethereum,11.86,USDC,77061480,13.11,0
2024-07-15,Pendle,Ethereum,10.42,USDT,82084111,11.59,0
2024-07-15,Pendle,Ethereum,12.09,DAI,74765862,16.58,0
2024-07-15,Pendle,Arbitrum,14.38,USDT,80675210,1.9,4.31
2024-07-15,Pendle,Arbitrum,14.52,DAI,74950676,2.26,6.38
2024-07-15,Pendle,Optimism,11.08,USDC,76820025,1.28,4.57
2024-07-15,Pendle,Optimism,13.7,USDT,81763265,1.73,4.9
2024-07-15,Pendle,Optimism,13.86,DAI,76396709,1.76,4.97
2024-07-15,Pendle,Base,15.58,USDC,78968831,1.63,2.55
2024-07-15,Pendle,Base,11.64,USDT,78117360,1.72,3.05
2024-07-15,Pendle,Base,14.86,DAI,79014899,1.62,4.64
2024-07-15,Convex,Ethereum,6.04,USDC,159055009,20.4,0
2024-07-15,Convex,Ethereum,4.84,USDT,145041379,15.73,0
2024-07-15,Convex,Ethereum,5.73,DAI,163968855,16.67,0
2024-07-15,Balancer,Ethereum,6.93,USDC,120997385,23.6,0
2024-07-15,Balancer,Ethereum,7.12,USDT,112292342,22.77,0
2024-07-15,Balancer,Ethereum,8.42,DAI,114224000,21.26,0
2024-07-15,Balancer,Arbitrum,9.88,USDC,113723411,2.88,4.97
2024-07-15,Balancer,Arbitrum,10.94,USDT,116225036,2.58,4.74
2024-07-15,Balancer,Arbitrum,9.3,DAI,111589261,2.15,5.47
2024-07-15,Balancer,Optimism,11.47,USDC,116757813,2.04,3.05
2024-07-15,Balancer,Optimism,7.4,USDT,118633975,1.98,4.48
2024-07-15,Balancer,Optimism,8.37,DAI,106149386,1.99,4.43
2024-07-15,Balancer,Polygon,10.75,USDC,114212306,1.16,3.21
2024-07-15,Balancer,Polygon,8.98,USDT,112112712,0.79,2.02
2024-07-15,Balancer,Polygon,11.41,DAI,127985098,1.19,2.64
2024-07-15,Balancer,Base,11.4,USDT,108770232,1.13,5.52
2024-07-15,Balancer,Base,11.47,DAI,118181827,1.0,4.5
2024-07-16,Aave,Ethereum,3.42,USDC,242761953,16.41,0
2024-07-16,Aave,Ethereum,3.08,USDT,258917379,20.22,0
2024-07-16,Aave,Ethereum,3.21,DAI,256445155,15.88,0
2024-07-16,Aave,Arbitrum,3.97,USDC,257046034,2.26,3.08
2024-07-16,Aave,Arbitrum,4.26,USDT,255913735,2.57,5.92
2024-07-16,Aave,Arbitrum,4.34,DAI,238495787,2.81,6.78
2024-07-16,Aave,Optimism,3.91,USDC,264145618,1.68,4.57
2024-07-16,Aave,Optimism,3.94,USDT,267434939,1.96,4.96
2024-07-16,Aave,Optimism,3.65,DAI,244837221,1.96,3.55
2024-07-16,Aave,Polygon,5.03,USDC,257819950,0.98,3.79
2024-07-16,Aave,Polygon,4.52,USDT,268361128,0.94,3.32
2024-07-16,Aave,Polygon,4.16,DAI,266649296,1.16,2.57
2024-07-16,Aave,Base,3.93,USDC,269741894,1.35,4.71
2024-07-16,Aave,Base,3.85,USDT,234255697,1.6,5.38
2024-07-16,Aave,Base,4.05,DAI,257851885,1.5,4.1
2024-07-16,Compound,Ethereum,2.93,DAI,185866493,14.52,0
2024-07-16,Compound,Arbitrum,3.89,USDT,187367996,2.52,5.0
2024-07-16,Compound,Arbitrum,3.91,DAI,184539734,2.02,3.32
2024-07-16,Compound,Optimism,3.59,USDC,176910684,1.86,3.24
2024-07-16,Compound,Optimism,3.87,USDT,168240382,2.7,2.78
2024-07-16,Compound,Optimism,4.05,DAI,198950701,1.84,4.85
2024-07-16,Compound,Polygon,4.16,USDC,177767753,0.95,2.91
2024-07-16,Compound,Polygon,4.25,USDT,181453674,0.97,2.29
2024-07-16,Compound,Polygon,4.1,DAI,207292957,0.95,3.47
2024-07-16,Compound,Base,3.82,USDC,174476171,1.72,4.6
2024-07-16,Compound,Base,3.74,USDT,160875740,1.41,4.94
2024-07-16,Compound,Base,3.68,DAI,191060382,1.65,3.94
2024-07-16,Curve,Ethereum,4.8,USDC,314896310,17.11,0
2024-07-16,Curve,Ethereum,7.18,USDT,301756019,20.05,0
2024-07-16,Curve,Ethereum,9.0,DAI,323771140,20.59,0
2024-07-16,Curve,Arbitrum,9.18,USDC,341105300,2.9,4.35
2024-07-16,Curve,Arbitrum,9.22,USDT,331273754,2.4,5.18
2024-07-16,Curve,Optimism,9.94,USDC,303776403,2.0,3.4
2024-07-16,Curve,Optimism,9.71,USDT,334839016,2.44,3.53
2024-07-16,Curve,Optimism,10.42,DAI,341861924,1.81,4.55
2024-07-16,Curve,Polygon,9.68,USDC,326396189,1.03,3.56
2024-07-16,Curve,Polygon,9.67,USDT,338304761,0.85,3.9
2024-07-16,Curve,Polygon,10.3,DAI,337115851,0.8,3.26
2024-07-16,Curve,Base,10.46,USDC,331911830,1.43,4.93
2024-07-16,Curve,Base,10.1,USDT,323288416,1.53,3.19
2024-07-16,Curve,Base,7.38,DAI,344430223,1.34,5.26
2024-07-16,Uniswap V3,Ethereum,8.09,USDC,91791607,19.11,0
2024-07-16,Uniswap V3,Ethereum,9.53,USDT,95343242,23.34,0
2024-07-16,Uniswap V3,Ethereum,8.12,DAI,104481987,20.32,0
2024-07-16,Uniswap V3,Arbitrum,12.48,USDC,105140321,2.42,4.43
2024-07-16,Uniswap V3,Arbitrum,7.61,USDT,95233542,2.14,4.47
2024-07-16,Uniswap V3,Arbitrum,12.99,DAI,93182640,2.15,6.47
2024-07-16,Uniswap V3,Optimism,9.84,USDC,97960822,1.66,2.31
2024-07-16,Uniswap V3,Optimism,12.67,USDT,94176790,1.42,2.9
2024-07-16,Uniswap V3,Optimism,12.41,DAI,96563638,1.37,3.1
2024-07-16,Uniswap V3,Polygon,11.03,USDC,94768089,0.84,4.12
2024-07-16,Uniswap V3,Polygon,11.35,USDT,93594435,0.77,3.17
2024-07-16,Uniswap V3,Polygon,8.88,DAI,102189769,1.04,2.78
2024-07-16,Uniswap V3,Base,14.19,USDC,97871321,1.92,5.32
2024-07-16,Uniswap V3,Base,10.24,USDT,97673695,1.5,2.98
2024-07-16,Uniswap V3,Base,10.42,DAI,87095606,1.56,5.25
2024-07-16,Yearn,Ethereum,4.35,USDC,125022421,18.91,0
2024-07-16,Yearn,Ethereum,4.62,USDT,108382436,21.39,0
2024-07-16,Yearn,Ethereum,4.35,DAI,132657201,16.91,0
2024-07-16,Yearn,Arbitrum,4.93,USDC,132441934,2.52,5.24
2024-07-16,Yearn,Arbitrum,5.12,USDT,116121254,2.95,8.11
2024-07-16,Yearn,Arbitrum,4.53,DAI,117333119,2.94,4.86
2024-07-16,Yearn,Optimism,4.52,USDC,122437167,2.25,3.07
2024-07-16,Yearn,Optimism,5.03,USDT,124933978,1.59,3.89
2024-07-16,Yearn,Polygon,5.06,USDC,122873153,0.83,3.51
2024-07-16,Yearn,Polygon,5.45,USDT,129622013,0.91,2.63
2024-07-16,Yearn,Polygon,5.41,DAI,130176667,1.11,2.61
2024-07-16,Yearn,Base,4.74,USDC,124230932,1.38,3.64
2024-07-16,Yearn,Base,5.07,USDT,122343523,1.19,4.23
2024-07-16,Yearn,Base,4.88,DAI,137687682,1.57,3.53
2024-07-16,Pendle,Ethereum,12.08,USDC,72619996,21.49,0
2024-07-16,Pendle,Ethereum,10.75,USDT,76402330,18.17,0
2024-07-16,Pendle,Ethereum,10.23,DAI,74115057,18.42,0
2024-07-16,Pendle,Arbitrum,13.05,USDT,80010711,1.85,4.25
2024-07-16,Pendle,Arbitrum,14.61,DAI,76652189,1.95,5.02
2024-07-16,Pendle,Optimism,18.5,USDC,77124514,1.9,3.38
2024-07-16,Pendle,Optimism,11.62,USDT,80248396,1.89,3.91
2024-07-16,Pendle,Optimism,16.78,DAI,79876229,1.92,3.1
2024-07-16,Pendle,Base,14.81,USDC,68958053,1.45,3.38
2024-07-16,Pendle,Base,13.96,USDT,80009285,1.43,4.18
2024-07-16,Pendle,Base,11.97,DAI,71380870,1.32,4.39
2024-07-16,Convex,Ethereum,5.49,USDC,159887329,17.96,0
2024-07-16,Convex,Ethereum,5.55,USDT,163519371,16.2,0
2024-07-16,Convex,Ethereum,5.59,DAI,153818532,19.74,0
2024-07-16,Balancer,Ethereum,9.26,USDC,105857688,15.79,0
2024-07-16,Balancer,Ethereum,8.77,USDT,118564815,22.75,0
2024-07-16,Balancer,Ethereum,8.57,DAI,114465778,17.08,0
2024-07-16,Balancer,Arbitrum,10.63,USDT,113351573,2.31,5.22
2024-07-16,Balancer,Arbitrum,10.64,DAI,115305519,1.87,6.29
2024-07-16,Balancer,Optimism,10.45,USDC,105029326,1.69,4.45
2024-07-16,Balancer,Optimism,10.85,USDT,115516067,1.74,2.99
2024-07-16,Balancer,Optimism,9.75,DAI,110716023,2.15,3.89
2024-07-16,Balancer,Polygon,11.14,USDC,110118719,1.0,3.97
2024-07-16,Balancer,Polygon,11.35,USDT,118212259,0.79,2.17
2024-07-16,Balancer,Polygon,13.04,DAI,114784177,0.92,1.89
2024-07-16,Balancer,Base,12.29,USDT,116262990,1.52,4.4
2024-07-16,Balancer,Base,9.28,DAI,115319894,1.82,3.57
2024-07-17,Aave,Ethereum,3.43,USDT,260181223,11.81,0
2024-07-17,Aave,Ethereum,3.45,DAI,248231182,17.25,0
2024-07-17,Aave,Arbitrum,4.23,USDT,255432724,2.47,6.41
2024-07-17,Aave,Arbitrum,4.15,DAI,274446804,1.79,3.8
2024-07-17,Aave,Optimism,3.79,USDC,265322427,1.54,2.45
2024-07-17,Aave,Optimism,4.45,USDT,242980785,1.46,2.75
2024-07-17,Aave,Optimism,4.19,DAI,252919975,1.47,4.0
2024-07-17,Aave,Polygon,4.84,USDC,257373224,1.11,3.52
2024-07-17,Aave,Polygon,4.46,USDT,255728183,1.14,2.98
2024-07-17,Aave,Polygon,4.11,DAI,249457759,1.07,2.46
2024-07-17,Aave,Base,4.24,USDC,238112285,1.32,3.13
2024-07-17,Aave,Base,3.71,USDT,266103775,1.76,4.65
2024-07-17,Compound,Ethereum,3.38,USDC,185258828,16.36,0
2024-07-17,Compound,Ethereum,3.2,USDT,170317735,14.5,0
2024-07-17,Compound,Ethereum,3.05,DAI,178766573,10.34,0
2024-07-17,Compound,Arbitrum,3.76,USDC,167778634,2.89,5.59
2024-07-17,Compound,Arbitrum,3.83,USDT,196738457,1.9,4.78
2024-07-17,Compound,Arbitrum,3.96,DAI,183292328,2.2,5.8
2024-07-17,Compound,Optimism,3.76,DAI,186152197,1.83,3.87
2024-07-17,Compound,Polygon,3.95,USDC,174719963,0.87,2.78
2024-07-17,Compound,Polygon,3.97,USDT,169616094,0.93,1.33
2024-07-17,Compound,Polygon,4.07,DAI,181193124,0.98,2.69
2024-07-17,Compound,Base,3.96,USDC,172368402,1.47,3.46
2024-07-17,Compound,Base,3.66,USDT,171400778,1.73,4.48
2024-07-17,Compound,Base,4.15,DAI,176337498,1.67,4.12
2024-07-17,Curve,Ethereum,7.23,USDC,324154493,20.67,0
2024-07-17,Curve,Ethereum,8.19,USDT,319642317,13.75,0
2024-07-17,Curve,Ethereum,8.85,DAI,339013637,17.11,0
2024-07-17,Curve,Arbitrum,9.16,USDT,309333657,2.82,4.49
2024-07-17,Curve,Arbitrum,12.85,DAI,332420967,2.39,5.72
2024-07-17,Curve,Optimism,11.74,USDC,344715411,1.55,4.27
2024-07-17,Curve,Optimism,8.9,USDT,328358786,2.07,2.08
2024-07-17,Curve,Optimism,8.48,DAI,316869060,2.09,3.3
2024-07-17,Curve,Polygon,11.44,USDC,318298525,1.1,3.45
2024-07-17,Curve,Polygon,9.53,USDT,353257998,1.1,2.62
2024-07-17,Curve,Polygon,8.85,DAI,311476186,0.89,3.12
2024-07-17,Curve,Base,10.62,USDC,340562965,1.64,3.29
2024-07-17,Curve,Base,9.48,USDT,308887030,1.42,3.93
2024-07-17,Curve,Base,5.72,DAI,310217843,1.31,6.41
2024-07-17,Uniswap V3,Ethereum,7.67,USDC,100291010,16.69,0
2024-07-17,Uniswap V3,Ethereum,9.33,DAI,92887196,14.58,0
2024-07-17,Uniswap V3,Arbitrum,10.34,USDC,94763583,3.13,5.04
2024-07-17,Uniswap V3,Arbitrum,12.64,USDT,95351067,2.75,4.65
2024-07-17,Uniswap V3,Arbitrum,11.17,DAI,96118105,2.2,3.89
2024-07-17,Uniswap V3,Optimism,9.74,USDC,96473392,2.02,4.6
2024-07-17,Uniswap V3,Optimism,9.48,USDT,93905227,1.51,3.9
2024-07-17,Uniswap V3,Optimism,10.31,DAI,88945805,1.76,4.68
2024-07-17,Uniswap V3,Polygon,14.53,USDC,95462214,0.81,3.45
2024-07-17,Uniswap V3,Polygon,6.14,USDT,99414551,1.08,2.82
2024-07-17,Uniswap V3,Polygon,8.94,DAI,107216427,0.96,2.12
2024-07-17,Uniswap V3,Base,9.79,USDC,96290528,1.68,3.26
2024-07-17,Uniswap V3,Base,9.86,USDT,102311832,1.6,5.0
2024-07-17,Uniswap V3,Base,8.64,DAI,97252342,1.38,3.91
2024-07-17,Yearn,Ethereum,4.16,USDC,123073109,13.76,0
2024-07-17,Yearn,Ethereum,4.04,USDT,116926847,22.64,0
2024-07-17,Yearn,Ethereum,4.34,DAI,121094282,12.13,0
2024-07-17,Yearn,Arbitrum,5.03,USDT,109728450,2.49,4.39
2024-07-17,Yearn,Arbitrum,4.81,DAI,117504757,2.68,4.7
2024-07-17,Yearn,Optimism,4.93,USDC,115912474,2.32,3.92
2024-07-17,Yearn,Optimism,4.4,DAI,121353455,2.02,4.27
2024-07-17,Yearn,Polygon,5.46,USDC,129300183,0.93,3.17
2024-07-17,Yearn,Polygon,5.76,USDT,126142880,1.04,3.17
2024-07-17,Yearn,Polygon,5.73,DAI,126266994,0.82,3.13
2024-07-17,Yearn,Base,5.19,USDC,122952631,1.27,3.61
2024-07-17,Yearn,Base,4.83,USDT,118927776,1.28,2.41
2024-07-17,Yearn,Base,4.92,DAI,121256265,1.25,3.93
2024-07-17,Pendle,Ethereum,10.64,USDC,75793949,13.88,0
2024-07-17,Pendle,Ethereum,10.32,DAI,69293138,20.82,0
2024-07-17,Pendle,Arbitrum,12.18,USDC,70882844,2.55,4.75
2024-07-17,Pendle,Arbitrum,12.29,USDT,73071906,3.04,4.77
2024-07-17,Pendle,Arbitrum,15.27,DAI,75451656,2.67,4.23
2024-07-17,Pendle,Optimism,11.38,USDT,73905922,1.6,4.58
2024-07-17,Pendle,Optimism,14.04,DAI,74172501,1.33,3.11
2024-07-17,Pendle,Base,12.55,USDC,69883492,1.51,4.0
2024-07-17,Pendle,Base,10.34,USDT,77762227,1.49,5.37
2024-07-17,Pendle,Base,12.41,DAI,76160542,1.32,5.07
2024-07-17,Convex,Ethereum,6.15,USDC,141032775,15.65,0
2024-07-17,Convex,Ethereum,4.76,USDT,160181119,18.04,0
2024-07-17,Convex,Ethereum,5.09,DAI,141281806,19.11,0
2024-07-17,Balancer,Ethereum,8.8,USDC,109658255,19.1,0
2024-07-17,Balancer,Ethereum,7.25,USDT,120378815,18.27,0
2024-07-17,Balancer,Ethereum,8.92,DAI,119069232,20.71,0
2024-07-17,Balancer,Arbitrum,11.0,USDC,103850101,1.99,5.84
2024-07-17,Balancer,Arbitrum,11.34,DAI,107423983,1.71,5.95
2024-07-17,Balancer,Optimism,8.69,USDC,110223576,1.94,4.09
2024-07-17,Balancer,Polygon,7.66,USDC,109204760,0.91,2.11
2024-07-17,Balancer,Polygon,11.34,USDT,106077079,0.88,3.35
2024-07-17,Balancer,Polygon,10.17,DAI,109848177,1.08,2.52
2024-07-17,Balancer,Base,8.24,USDC,118358193,1.29,4.41
2024-07-17,Balancer,Base,10.71,USDT,111562355,1.74,4.69
2024-07-17,Balancer,Base,10.69,DAI,115823132,1.43,2.86
2024-07-18,Aave,Ethereum,3.39,USDC,262043104,15.31,0
2024-07-18,Aave,Ethereum,3.39,USDT,270027426,14.42,0
2024-07-18,Aave,Arbitrum,4.56,USDC,241732585,2.9,6.28
2024-07-18,Aave,Arbitrum,3.93,USDT,226311165,1.93,6.57
2024-07-18,Aave,Arbitrum,4.02,DAI,260325803,2.86,5.71
2024-07-18,Aave,Optimism,4.0,USDT,240405615,1.71,3.94
2024-07-18,Aave,Optimism,4.09,DAI,260827995,2.25,3.94
2024-07-18,Aave,Polygon,3.83,USDC,228128203,1.04,3.21
2024-07-18,Aave,Polygon,4.35,USDT,243429248,0.91,2.59
2024-07-18,Aave,Polygon,4.61,DAI,243410462,0.83,2.43
2024-07-18,Aave,Base,4.03,USDC,233488190,1.32,2.96
2024-07-18,Aave,Base,3.93,USDT,247124254,1.3,4.53
2024-07-18,Aave,Base,3.78,DAI,256323131,1.28,3.4
2024-07-18,Compound,Ethereum,2.96,USDC,169165187,18.41,0
2024-07-18,Compound,Ethereum,3.12,DAI,184383461,18.88,0
2024-07-18,Compound,Arbitrum,3.6,USDT,172178279,2.53,5.2
2024-07-18,Compound,Arbitrum,3.88,DAI,180253654,1.78,5.4
2024-07-18,Compound,Optimism,3.94,USDC,188700026,2.29,3.74
2024-07-18,Compound,Optimism,3.66,USDT,156982309,1.48,4.89
2024-07-18,Compound,Optimism,3.49,DAI,159505995,1.5,4.73
2024-07-18,Compound,Polygon,3.95,USDC,167359634,1.03,2.99
2024-07-18,Compound,Polygon,4.49,USDT,178539190,0.89,3.23
2024-07-18,Compound,Polygon,3.7,DAI,173506505,1.1,3.64
2024-07-18,Compound,Base,3.94,USDC,179340943,1.43,3.0
2024-07-18,Compound,Base,4.09,USDT,155898758,1.24,4.4
2024-07-18,Compound,Base,3.82,DAI,177485474,1.34,4.16
2024-07-18,Curve,Ethereum,9.19,USDC,310517231,19.23,0
2024-07-18,Curve,Ethereum,7.8,USDT,313797572,22.92,0
2024-07-18,Curve,Ethereum,8.62,DAI,340215346,14.81,0
2024-07-18,Curve,Arbitrum,10.12,USDC,312652686,2.4,4.83
2024-07-18,Curve,Arbitrum,9.48,USDT,312743141,2.34,3.39
2024-07-18,Curve,Arbitrum,8.85,DAI,316262151,2.34,4.3
2024-07-18,Curve,Optimism,8.05,USDC,336655389,1.43,3.64
2024-07-18,Curve,Optimism,10.04,USDT,318582918,2.03,3.36
2024-07-18,Curve,Optimism,8.31,DAI,330556623,1.62,5.51
2024-07-18,Curve,Polygon,11.5,USDC,327464140,0.96,3.41
2024-07-18,Curve,Polygon,10.09,DAI,323343097,1.11,2.52
2024-07-18,Curve,Base,9.57,USDC,289364064,1.29,4.79
2024-07-18,Curve,Base,10.19,USDT,324826776,1.68,4.99
2024-07-18,Curve,Base,10.23,DAI,298339790,1.66,4.99
2024-07-18,Uniswap V3,Ethereum,8.11,USDC,92262323,22.35,0
2024-07-18,Uniswap V3,Ethereum,7.89,USDT,99430438,22.28,0
2024-07-18,Uniswap V3,Ethereum,6.94,DAI,92813053,17.13,0
2024-07-18,Uniswap V3,Arbitrum,11.2,USDT,90322311,1.76,3.9
2024-07-18,Uniswap V3,Arbitrum,10.4,DAI,91867442,2.62,6.23
2024-07-18,Uniswap V3,Optimism,12.67,USDC,98189460,2.08,6.88
2024-07-18,Uniswap V3,Optimism,10.62,USDT,94800039,1.9,2.91
2024-07-18,Uniswap V3,Optimism,10.68,DAI,95048087,1.52,4.0
2024-07-18,Uniswap V3,Polygon,9.44,USDT,94663047,0.99,3.07
2024-07-18,Uniswap V3,Base,9.44,USDC,86235526,1.51,2.75
2024-07-18,Uniswap V3,Base,8.1,USDT,87745863,1.27,2.46
2024-07-18,Uniswap V3,Base,11.05,DAI,90125336,1.03,3.35
2024-07-18,Yearn,Ethereum,4.16,USDC,122025772,21.16,0
2024-07-18,Yearn,Ethereum,4.14,USDT,126662316,17.96,0
2024-07-18,Yearn,Ethereum,4.32,DAI,125934196,16.48,0
2024-07-18,Yearn,Arbitrum,4.87,USDC,113222656,2.75,5.65
2024-07-18,Yearn,Arbitrum,4.86,USDT,122326277,2.24,4.96
2024-07-18,Yearn,Arbitrum,4.76,DAI,122489765,2.86,3.35
2024-07-18,Yearn,Optimism,5.08,USDT,117757741,1.17,4.73
2024-07-18,Yearn,Optimism,5.11,DAI,116609312,1.4,4.89
2024-07-18,Yearn,Polygon,5.45,USDC,118779964,0.96,3.69
2024-07-18,Yearn,Polygon,5.7,USDT,125451145,1.0,2.56
2024-07-18,Yearn,Polygon,4.93,DAI,119398298,1.19,3.72
2024-07-18,Yearn,Base,5.31,USDC,113223143,1.07,4.3
2024-07-18,Yearn,Base,5.11,USDT,115122900,1.58,3.58
2024-07-18,Yearn,Base,4.63,DAI,118068519,1.39,4.16
2024-07-18,Pendle,Ethereum,11.48,USDC,75071376,18.39,0
2024-07-18,Pendle,Ethereum,11.19,DAI,77029968,20.07,0
2024-07-18,Pendle,Arbitrum,8.87,USDT,72757567,2.42,5.98
2024-07-18,Pendle,Arbitrum,14.74,DAI,66354460,1.81,3.93
2024-07-18,Pendle,Optimism,17.91,USDC,81666191,1.57,4.22
2024-07-18,Pendle,Optimism,15.49,USDT,73378727,1.55,3.29
2024-07-18,Pendle,Optimism,12.55,DAI,77323288,1.73,4.0
2024-07-18,Pendle,Base,14.53,USDC,80000884,1.25,2.63
2024-07-18,Pendle,Base,13.31,USDT,74796460,1.43,4.6
2024-07-18,Convex,Ethereum,5.5,USDC,154621988,23.58,0
2024-07-18,Convex,Ethereum,5.86,USDT,141036110,19.39,0
2024-07-18,Convex,Ethereum,6.05,DAI,156254470,17.55,0
2024-07-18,Balancer,Ethereum,7.75,USDC,116542731,18.1,0
2024-07-18,Balancer,Ethereum,7.2,USDT,95476686,12.46,0
2024-07-18,Balancer,Ethereum,7.69,DAI,112468302,20.1,0
2024-07-18,Balancer,Arbitrum,10.7,USDC,107184620,2.82,5.96
2024-07-18,Balancer,Arbitrum,10.27,USDT,111832870,2.66,6.28
2024-07-18,Balancer,Arbitrum,11.44,DAI,108823408,2.39,4.25
2024-07-18,Balancer,Optimism,10.02,USDT,112356925,1.71,3.74
2024-07-18,Balancer,Optimism,9.29,DAI,110913090,2.04,4.1
2024-07-18,Balancer,Polygon,12.05,USDC,111680162,1.19,3.59
2024-07-18,Balancer,Polygon,9.39,USDT,104846349,0.64,3.51
2024-07-18,Balancer,Polygon,11.07,DAI,113463290,0.89,3.25
2024-07-18,Balancer,Base,9.07,USDC,114734588,0.93,3.13
2024-07-18,Balancer,Base,8.18,USDT,109421258,1.66,5.27
2024-07-18,Balancer,Base,9.62,DAI,111845379,1.16,6.1
2024-07-19,Aave,Ethereum,3.29,USDT,242385392,17.49,0
2024-07-19,Aave,Ethereum,3.43,DAI,251044703,15.68,0
2024-07-19,Aave,Arbitrum,4.25,USDC,243799039,1.63,6.79
2024-07-19,Aave,Arbitrum,3.83,USDT,256504905,2.43,5.95
2024-07-19,Aave,Arbitrum,3.43,DAI,253625183,2.4,4.73
2024-07-19,Aave,Optimism,3.64,USDT,238705527,1.77,4.15
2024-07-19,Aave,Optimism,4.01,DAI,253868812,1.44,3.93
2024-07-19,Aave,Polygon,4.42,USDC,251529050,1.02,3.05
2024-07-19,Aave,Polygon,3.48,USDT,246210749,0.81,3.28
2024-07-19,Aave,Polygon,4.3,DAI,263019866,1.02,3.8
2024-07-19,Aave,Base,3.89,USDC,240062672,1.08,2.38
2024-07-19,Aave,Base,3.29,DAI,225308473,1.6,4.35
2024-07-19,Compound,Ethereum,3.16,USDC,187523504,16.48,0
2024-07-19,Compound,Ethereum,3.0,USDT,179961348,14.89,0
2024-07-19,Compound,Ethereum,2.95,DAI,169867632,23.77,0
2024-07-19,Compound,Arbitrum,4.03,USDC,178250026,2.03,5.58
2024-07-19,Compound,Arbitrum,3.48,USDT,182673697,2.42,4.17
2024-07-19,Compound,Arbitrum,3.61,DAI,169652091,2.51,5.78
2024-07-19,Compound,Optimism,3.64,USDC,196363169,1.75,4.99
2024-07-19,Compound,Optimism,3.47,USDT,177113880,1.45,3.74
2024-07-19,Compound,Optimism,3.33,DAI,166882330,1.58,4.36
2024-07-19,Compound,Polygon,3.63,USDT,172975233,0.95,3.52
2024-07-19,Compound,Polygon,3.93,DAI,163923579,0.91,2.63
2024-07-19,Compound,Base,3.95,USDT,166137337,1.53,4.85
2024-07-19,Compound,Base,3.84,DAI,158997065,1.38,4.63
2024-07-19,Curve,Ethereum,8.18,USDC,309789007,21.7,0
2024-07-19,Curve,Ethereum,5.28,USDT,329210002,21.44,0
2024-07-19,Curve,Ethereum,7.1,DAI,334068556,15.35,0
2024-07-19,Curve,Arbitrum,9.73,USDC,315806596,2.72,5.63
2024-07-19,Curve,Arbitrum,8.41,DAI,298651721,2.65,4.71
2024-07-19,Curve,Optimism,10.95,USDT,325467762,1.39,3.22
2024-07-19,Curve,Optimism,9.2,DAI,301389973,1.88,4.38
2024-07-19,Curve,Polygon,9.02,USDC,282210149,0.85,2.33
2024-07-19,Curve,Polygon,7.93,USDT,323964301,1.02,3.76
2024-07-19,Curve,Polygon,8.96,DAI,325489016,1.12,2.73
2024-07-19,Curve,Base,10.43,USDC,318335011,1.22,4.79
2024-07-19,Curve,Base,10.99,USDT,306792298,1.35,4.07
2024-07-19,Uniswap V3,Ethereum,7.09,USDC,96939379,16.92,0
2024-07-19,Uniswap V3,Ethereum,11.48,USDT,93052129,21.23,0
2024-07-19,Uniswap V3,Arbitrum,9.87,USDC,93657692,2.77,6.07
2024-07-19,Uniswap V3,Arbitrum,9.21,USDT,94513789,2.71,6.21
2024-07-19,Uniswap V3,Arbitrum,11.12,DAI,96492102,2.53,5.37
2024-07-19,Uniswap V3,Optimism,11.91,USDC,92574982,1.76,4.31
2024-07-19,Uniswap V3,Optimism,11.87,USDT,94450581,1.35,5.91
2024-07-19,Uniswap V3,Optimism,8.52,DAI,84680100,2.19,3.91
2024-07-19,Uniswap V3,Polygon,11.89,USDC,95027427,0.75,3.43
2024-07-19,Uniswap V3,Polygon,14.1,USDT,97742675,1.0,3.03
2024-07-19,Uniswap V3,Polygon,13.03,DAI,89718378,0.95,2.08
2024-07-19,Uniswap V3,Base,7.72,USDC,91833627,1.4,3.93
2024-07-19,Uniswap V3,Base,10.79,USDT,92660908,1.42,2.9
2024-07-19,Yearn,Ethereum,3.79,USDC,116221189,21.0,0
2024-07-19,Yearn,Ethereum,4.49,USDT,119167218,19.52,0
2024-07-19,Yearn,Ethereum,4.26,DAI,113598859,17.76,0
2024-07-19,Yearn,Arbitrum,5.3,USDC,125838792,2.76,5.51
2024-07-19,Yearn,Arbitrum,4.98,USDT,117571471,2.73,3.63
2024-07-19,Yearn,Arbitrum,5.02,DAI,107416852,2.32,5.76
2024-07-19,Yearn,Optimism,5.06,USDC,118337772,2.15,3.85
2024-07-19,Yearn,Optimism,4.8,USDT,116999552,2.13,4.18
2024-07-19,Yearn,Optimism,4.8,DAI,113286587,2.16,5.72
2024-07-19,Yearn,Polygon,4.9,USDT,124666240,0.95,3.28
2024-07-19,Yearn,Polygon,4.9,DAI,111074918,0.9,2.71
2024-07-19,Yearn,Base,5.4,USDC,110347600,1.43,2.93
2024-07-19,Yearn,Base,5.17,USDT,121429787,1.42,3.9
2024-07-19,Yearn,Base,4.8,DAI,111511626,1.19,4.62
2024-07-19,Pendle,Ethereum,12.84,USDC,74576747,18.21,0
2024-07-19,Pendle,Ethereum,12.49,USDT,70482406,13.85,0
2024-07-19,Pendle,Ethereum,11.74,DAI,72016531,16.16,0
2024-07-19,Pendle,Arbitrum,13.27,USDC,73636521,2.89,7.23
2024-07-19,Pendle,Arbitrum,16.7,USDT,72392680,2.27,5.38
2024-07-19,Pendle,Arbitrum,13.83,DAI,72404648,2.04,4.42
2024-07-19,Pendle,Optimism,10.65,USDC,73378011,1.63,3.59
2024-07-19,Pendle,Optimism,15.65,USDT,72090188,2.16,2.31
2024-07-19,Pendle,Base,15.16,USDC,68528189,1.3,5.81
2024-07-19,Pendle,Base,13.31,USDT,74109450,1.68,5.1
2024-07-19,Pendle,Base,13.07,DAI,70310366,1.41,5.61
2024-07-19,Convex,Ethereum,5.41,USDC,145327885,15.29,0
2024-07-19,Convex,Ethereum,5.33,USDT,141683791,18.6,0
2024-07-19,Balancer,Ethereum,8.5,USDT,112444628,15.52,0
2024-07-19,Balancer,Ethereum,8.85,DAI,113710121,17.73,0
2024-07-19,Balancer,Arbitrum,10.45,USDC,110149888,2.35,1.73
2024-07-19,Balancer,Arbitrum,8.28,USDT,113152172,2.81,7.09
2024-07-19,Balancer,Arbitrum,11.31,DAI,117797306,1.83,3.67
2024-07-19,Balancer,Optimism,9.92,DAI,102388395,1.76,2.82
2024-07-19,Balancer,Polygon,10.92,USDC,105024860,1.06,2.08
2024-07-19,Balancer,Polygon,10.06,USDT,105569752,1.08,2.83
2024-07-19,Balancer,Polygon,12.13,DAI,103671465,0.96,3.26
2024-07-19,Balancer,Base,10.17,USDC,99580426,0.89,3.85
2024-07-19,Balancer,Base,11.13,USDT,104829407,1.38,4.12
2024-07-19,Balancer,Base,9.56,DAI,109870477,1.55,3.29
2024-07-20,Aave,Ethereum,3.47,USDC,244313036,7.63,0
2024-07-20,Aave,Ethereum,3.22,DAI,246320823,11.44,0
2024-07-20,Aave,Arbitrum,3.45,USDC,232630402,1.66,5.91
2024-07-20,Aave,Arbitrum,4.22,USDT,256142930,1.11,6.3
2024-07-20,Aave,Arbitrum,4.37,DAI,263833788,1.46,5.41
2024-07-20,Aave,Optimism,3.91,USDC,260375391,1.09,4.97
2024-07-20,Aave,Optimism,3.55,USDT,239419656,1.1,3.67
2024-07-20,Aave,Optimism,3.78,DAI,227471117,1.18,3.13
2024-07-20,Aave,Polygon,4.23,USDC,241384714,0.81,3.11
2024-07-20,Aave,Polygon,4.08,USDT,253992404,0.78,2.76
2024-07-20,Aave,Polygon,4.16,DAI,245859266,0.67,4.62
2024-07-20,Aave,Base,3.67,USDC,250302093,0.87,4.2
2024-07-20,Aave,Base,3.88,USDT,240342727,1.06,4.55
2024-07-20,Aave,Base,4.07,DAI,241330991,0.93,4.08
2024-07-20,Compound,Ethereum,3.14,USDC,157772562,14.28,0
2024-07-20,Compound,Ethereum,3.11,USDT,170569979,9.12,0
2024-07-20,Compound,Ethereum,3.21,DAI,176249140,12.21,0
2024-07-20,Compound,Arbitrum,3.93,USDC,194233040,1.73,5.34
2024-07-20,Compound,Arbitrum,4.03,USDT,172350245,1.99,5.06
2024-07-20,Compound,Arbitrum,3.92,DAI,174716995,1.86,3.65
2024-07-20,Compound,Optimism,3.75,USDC,176602781,1.55,2.97
2024-07-20,Compound,Optimism,3.31,USDT,180952679,1.03,3.89
2024-07-20,Compound,Optimism,3.62,DAI,165713277,0.94,4.4
2024-07-20,Compound,Polygon,3.79,USDT,177514911,0.74,1.53
2024-07-20,Compound,Polygon,3.93,DAI,173024851,0.88,2.75
2024-07-20,Compound,Base,3.64,USDC,190163482,0.92,4.27
2024-07-20,Compound,Base,3.58,USDT,180398421,0.94,3.4
2024-07-20,Compound,Base,3.37,DAI,182003006,1.23,3.61
2024-07-20,Curve,Ethereum,7.02,USDC,297403313,14.37,0
2024-07-20,Curve,Ethereum,6.85,USDT,317158231,11.0,0
2024-07-20,Curve,Ethereum,8.14,DAI,327677589,9.22,0
2024-07-20,Curve,Arbitrum,12.04,USDC,312020384,1.69,5.41
2024-07-20,Curve,Arbitrum,9.85,USDT,292668164,1.1,5.47
2024-07-20,Curve,Arbitrum,9.48,DAI,306387584,1.44,5.47
2024-07-20,Curve,Optimism,10.85,USDC,323920967,1.13,3.98
2024-07-20,Curve,Optimism,12.05,USDT,299700484,1.23,5.31
2024-07-20,Curve,Optimism,9.29,DAI,318701379,1.05,3.34
2024-07-20,Curve,Polygon,10.52,USDC,336936977,0.74,1.99
2024-07-20,Curve,Polygon,11.34,USDT,305712875,0.59,2.74
2024-07-20,Curve,Polygon,9.9,DAI,312163972,0.68,4.37
2024-07-20,Curve,Base,11.91,USDC,275982515,0.99,4.85
2024-07-20,Curve,Base,10.69,USDT,342856377,0.91,3.99
2024-07-20,Curve,Base,10.6,DAI,314283553,0.9,4.41
2024-07-20,Uniswap V3,Ethereum,8.55,USDC,87990779,16.08,0
2024-07-20,Uniswap V3,Ethereum,8.76,USDT,96865987,16.08,0
2024-07-20,Uniswap V3,Ethereum,10.17,DAI,97971998,11.11,0
2024-07-20,Uniswap V3,Arbitrum,10.43,USDC,84825606,1.91,5.63
2024-07-20,Uniswap V3,Arbitrum,11.34,USDT,85379985,1.28,5.3
2024-07-20,Uniswap V3,Arbitrum,8.19,DAI,96506559,1.37,6.76
2024-07-20,Uniswap V3,Optimism,10.85,USDC,86223691,1.29,4.62
2024-07-20,Uniswap V3,Optimism,9.97,USDT,93733731,0.84,3.38
2024-07-20,Uniswap V3,Optimism,10.01,DAI,90432392,1.26,4.11
2024-07-20,Uniswap V3,Polygon,11.67,USDC,95231690,0.86,3.39
2024-07-20,Uniswap V3,Polygon,12.66,USDT,92396522,0.66,1.62
2024-07-20,Uniswap V3,Polygon,11.77,DAI,83711158,0.62,1.63
2024-07-20,Uniswap V3,Base,11.06,USDC,85146896,1.02,5.86
2024-07-20,Uniswap V3,Base,10.83,USDT,81899670,1.11,4.16
2024-07-20,Uniswap V3,Base,12.95,DAI,89285697,0.9,6.02
2024-07-20,Yearn,Ethereum,3.9,USDT,118158231,10.73,0
2024-07-20,Yearn,Ethereum,4.12,DAI,118029798,11.1,0
2024-07-20,Yearn,Arbitrum,4.98,USDC,101566357,1.43,5.9
2024-07-20,Yearn,Arbitrum,4.53,USDT,120500716,1.5,5.28
2024-07-20,Yearn,Arbitrum,4.84,DAI,108186998,1.67,5.37
2024-07-20,Yearn,Optimism,5.13,USDC,113710190,1.44,3.55
2024-07-20,Yearn,Optimism,4.62,USDT,116889853,1.13,4.11
2024-07-20,Yearn,Optimism,4.46,DAI,110114856,1.17,4.92
2024-07-20,Yearn,Polygon,5.23,USDC,114684236,0.61,4.05
2024-07-20,Yearn,Polygon,4.83,USDT,108913464,0.68,1.54
2024-07-20,Yearn,Polygon,5.58,DAI,108725540,0.54,3.42
2024-07-20,Yearn,Base,4.45,USDC,128113539,1.07,5.43
2024-07-20,Yearn,Base,4.68,USDT,109735092,1.2,3.76
2024-07-20,Yearn,Base,4.94,DAI,111526165,1.02,4.33
2024-07-20,Pendle,Ethereum,8.7,USDT,74555102,12.15,0
2024-07-20,Pendle,Ethereum,12.01,DAI,72539834,10.6,0
2024-07-20,Pendle,Arbitrum,16.39,USDC,77907187,1.92,4.82
2024-07-20,Pendle,Arbitrum,12.92,USDT,74940167,1.44,5.58
2024-07-20,Pendle,Arbitrum,19.83,DAI,79138637,1.91,4.28
2024-07-20,Pendle,Optimism,13.38,USDC,73792476,1.29,3.93
2024-07-20,Pendle,Optimism,16.19,USDT,79043459,1.4,3.95
2024-07-20,Pendle,Optimism,13.76,DAI,69723294,1.06,3.95
2024-07-20,Pendle,Base,12.16,USDC,79672145,0.97,4.36
2024-07-20,Pendle,Base,14.02,USDT,74823151,1.02,3.95
2024-07-20,Pendle,Base,14.72,DAI,75071015,0.87,4.1
2024-07-20,Convex,Ethereum,5.26,USDC,134075887,11.99,0
2024-07-20,Convex,Ethereum,5.66,USDT,136332137,12.87,0
2024-07-20,Convex,Ethereum,5.48,DAI,160046629,13.62,0
2024-07-20,Balancer,Ethereum,8.92,USDC,105489483,13.04,0
2024-07-20,Balancer,Ethereum,7.45,USDT,104674864,11.5,0
2024-07-20,Balancer,Ethereum,8.74,DAI,108677472,11.93,0
2024-07-20,Balancer,Arbitrum,10.66,USDC,119733550,1.69,4.52
2024-07-20,Balancer,Arbitrum,9.59,DAI,109729394,1.74,3.18
2024-07-20,Balancer,Optimism,9.17,USDT,99739477,1.48,3.9
2024-07-20,Balancer,Polygon,10.8,USDC,99942168,0.59,3.09
2024-07-20,Balancer,Polygon,9.03,USDT,103033490,0.61,2.64
2024-07-20,Balancer,Polygon,10.35,DAI,110591599,0.75,2.62
2024-07-20,Balancer,Base,10.82,USDC,96016424,0.96,3.86
2024-07-20,Balancer,Base,9.88,USDT,114407743,1.01,5.74
2024-07-20,Balancer,Base,10.29,DAI,110058839,0.9,2.76
2024-07-21,Aave,Ethereum,2.88,USDC,263962973,12.9,0
2024-07-21,Aave,Ethereum,3.1,USDT,219042103,14.33,0
2024-07-21,Aave,Ethereum,3.34,DAI,229694854,11.45,0
2024-07-21,Aave,Arbitrum,3.93,USDC,210023072,1.85,5.87
2024-07-21,Aave,Arbitrum,4.15,USDT,235346427,1.38,4.3
2024-07-21,Aave,Arbitrum,3.98,DAI,222414462,1.29,5.9
2024-07-21,Aave,Optimism,3.93,USDC,229756203,1.27,4.98
2024-07-21,Aave,Optimism,4.16,USDT,233878254,1.05,3.67
2024-07-21,Aave,Optimism,3.71,DAI,235373122,1.34,3.54
2024-07-21,Aave,Polygon,4.39,USDC,223874290,0.61,3.47
2024-07-21,Aave,Polygon,4.21,USDT,242930191,0.59,3.16
2024-07-21,Aave,Polygon,3.72,DAI,242592197,0.57,3.1
2024-07-21,Aave,Base,3.55,USDT,234522741,0.71,3.84
2024-07-21,Aave,Base,3.74,DAI,226792215,1.06,4.89
2024-07-21,Compound,Ethereum,3.1,USDC,183975517,13.28,0
2024-07-21,Compound,Ethereum,3.13,USDT,166717736,12.08,0
2024-07-21,Compound,Ethereum,3.07,DAI,176568314,13.06,0
2024-07-21,Compound,Arbitrum,4.06,USDC,176160380,1.31,4.88
2024-07-21,Compound,Arbitrum,3.95,USDT,158065424,1.16,6.52
2024-07-21,Compound,Arbitrum,3.64,DAI,160758732,2.09,4.89
2024-07-21,Compound,Optimism,3.74,USDC,182576996,1.31,4.44
2024-07-21,Compound,Optimism,3.63,USDT,159368594,1.06,4.81
2024-07-21,Compound,Optimism,3.56,DAI,167275941,1.18,2.77
2024-07-21,Compound,Polygon,3.68,USDC,179744188,0.66,2.94
2024-07-21,Compound,Polygon,3.86,USDT,150423161,0.66,3.01
2024-07-21,Compound,Polygon,4.05,DAI,169267089,0.7,2.99
2024-07-21,Compound,Base,3.68,USDC,170080763,0.77,5.51
2024-07-21,Compound,Base,3.85,USDT,179967919,0.97,4.54
2024-07-21,Compound,Base,3.99,DAI,171352807,1.09,3.82
2024-07-21,Curve,Ethereum,6.89,USDC,317766251,10.39,0
2024-07-21,Curve,Ethereum,6.52,DAI,285241712,11.79,0
2024-07-21,Curve,Arbitrum,9.68,USDC,292683940,1.81,5.23
2024-07-21,Curve,Arbitrum,9.05,USDT,255403854,1.42,3.56
2024-07-21,Curve,Arbitrum,9.47,DAI,317914747,1.62,6.69
2024-07-21,Curve,Optimism,9.15,USDC,316137108,1.19,2.56
2024-07-21,Curve,Optimism,10.49,USDT,305706923,1.19,3.86
2024-07-21,Curve,Polygon,11.73,USDC,301373063,0.65,2.55
2024-07-21,Curve,Polygon,9.32,USDT,321532336,0.78,4.07
2024-07-21,Curve,Polygon,12.32,DAI,290624932,0.62,3.27
2024-07-21,Curve,Base,10.8,USDC,302395831,1.07,3.75
2024-07-21,Curve,Base,9.35,USDT,316199995,1.09,3.96
2024-07-21,Uniswap V3,Ethereum,8.76,USDC,87047180,13.46,0
2024-07-21,Uniswap V3,Ethereum,10.39,USDT,84080609,11.5,0
2024-07-21,Uniswap V3,Ethereum,10.3,DAI,95723582,9.29,0
2024-07-21,Uniswap V3,Arbitrum,9.71,USDC,87124252,1.3,5.61
2024-07-21,Uniswap V3,Arbitrum,10.61,USDT,87613372,1.34,5.35
2024-07-21,Uniswap V3,Optimism,10.55,USDC,99930216,1.17,4.46
2024-07-21,Uniswap V3,Optimism,8.33,USDT,88920985,1.45,3.86
2024-07-21,Uniswap V3,Optimism,9.41,DAI,90333043,1.13,3.97
2024-07-21,Uniswap V3,Polygon,13.06,USDT,86977185,0.37,2.66
2024-07-21,Uniswap V3,Base,11.31,USDC,90018012,0.94,4.2
2024-07-21,Uniswap V3,Base,12.06,USDT,93536851,1.02,4.37
2024-07-21,Uniswap V3,Base,9.47,DAI,92789387,0.96,4.81
2024-07-21,Yearn,Ethereum,3.89,USDC,103005359,11.19,0
2024-07-21,Yearn,Ethereum,3.88,USDT,109960869,10.05,0
2024-07-21,Yearn,Ethereum,4.12,DAI,108776612,10.67,0
2024-07-21,Yearn,Arbitrum,4.84,USDC,125987225,1.79,3.98
2024-07-21,Yearn,Arbitrum,5.12,USDT,117424779,1.96,5.54
2024-07-21,Yearn,Arbitrum,4.99,DAI,111647567,1.91,3.69
2024-07-21,Yearn,Optimism,4.12,USDC,113209796,1.36,5.0
2024-07-21,Yearn,Optimism,5.07,USDT,112981820,1.37,4.51
2024-07-21,Yearn,Optimism,4.72,DAI,126909351,0.96,3.47
2024-07-21,Yearn,Polygon,5.18,USDC,122099249,0.5,3.39
2024-07-21,Yearn,Polygon,5.2,USDT,109211125,0.62,2.31
2024-07-21,Yearn,Polygon,5.13,DAI,117016873,0.56,3.5
2024-07-21,Yearn,Base,4.88,USDC,110760217,0.71,3.47
2024-07-21,Yearn,Base,4.51,USDT,102605996,0.71,4.59
2024-07-21,Yearn,Base,4.8,DAI,117339386,0.85,3.62
2024-07-21,Pendle,Ethereum,11.79,USDT,69202770,9.71,0
2024-07-21,Pendle,Ethereum,12.42,DAI,64211304,11.62,0
2024-07-21,Pendle,Arbitrum,16.94,USDC,74446336,1.51,3.42
2024-07-21,Pendle,Arbitrum,13.86,USDT,75041773,1.61,6.69
2024-07-21,Pendle,Arbitrum,16.29,DAI,71326564,1.65,5.33
2024-07-21,Pendle,Optimism,12.19,USDC,67390999,1.32,3.65
2024-07-21,Pendle,Optimism,13.62,USDT,67566192,1.25,5.31
2024-07-21,Pendle,Base,13.71,USDC,74654228,0.93,4.17
2024-07-21,Pendle,Base,13.72,USDT,72042886,0.95,4.45
2024-07-21,Pendle,Base,13.37,DAI,64565137,1.06,3.69
2024-07-21,Convex,Ethereum,5.55,USDC,125198675,9.66,0
2024-07-21,Convex,Ethereum,5.46,USDT,136809366,12.0,0
2024-07-21,Convex,Ethereum,6.6,DAI,147272384,10.21,0
2024-07-21,Balancer,Ethereum,7.6,USDT,107031041,12.49,0
2024-07-21,Balancer,Ethereum,9.65,DAI,100913916,13.97,0
2024-07-21,Balancer,Arbitrum,9.74,USDC,111479512,2.15,3.69
2024-07-21,Balancer,Arbitrum,10.9,DAI,97858794,1.39,4.82
2024-07-21,Balancer,Optimism,9.07,USDC,106618609,1.7,4.24
2024-07-21,Balancer,Optimism,9.33,USDT,104044814,1.18,4.33
2024-07-21,Balancer,Optimism,9.06,DAI,115112337,1.0,4.86
2024-07-21,Balancer,Polygon,8.69,USDC,103858840,0.64,3.13
2024-07-21,Balancer,Polygon,11.25,USDT,95926680,0.6,3.3
2024-07-21,Balancer,Polygon,7.64,DAI,103103035,0.68,2.98
2024-07-21,Balancer,Base,10.44,USDC,107432662,0.81,3.92
2024-07-21,Balancer,Base,10.12,USDT,100096127,1.12,5.02
2024-07-21,Balancer,Base,8.45,DAI,119388922,0.97,5.09
2024-07-22,Aave,Ethereum,3.48,USDC,231849375,21.82,0
2024-07-22,Aave,Ethereum,3.56,USDT,214893040,22.91,0
2024-07-22,Aave,Ethereum,3.25,DAI,235075761,21.94,0
2024-07-22,Aave,Arbitrum,4.13,USDC,241492472,3.02,5.12
2024-07-22,Aave,Arbitrum,4.06,DAI,223311256,3.1,5.16
2024-07-22,Aave,Optimism,3.96,USDC,239952739,1.85,4.43
2024-07-22,Aave,Optimism,3.62,DAI,241708341,1.66,4.26
2024-07-22,Aave,Polygon,3.84,USDC,234050097,1.1,3.09
2024-07-22,Aave,Polygon,4.07,USDT,241771667,1.01,3.03
2024-07-22,Aave,Polygon,4.41,DAI,213973604,1.11,3.57
2024-07-22,Aave,Base,3.95,USDC,235169627,1.17,4.57
2024-07-22,Aave,Base,3.82,USDT,251828195,1.1,2.02
2024-07-22,Aave,Base,3.9,DAI,239703414,1.06,2.93
2024-07-22,Compound,Ethereum,3.46,USDC,165490517,14.71,0
2024-07-22,Compound,Ethereum,3.27,USDT,163462232,17.74,0
2024-07-22,Compound,Ethereum,3.25,DAI,172870867,18.2,0
2024-07-22,Compound,Arbitrum,3.88,USDC,179991248,2.67,4.94
2024-07-22,Compound,Arbitrum,4.02,USDT,168879946,2.63,6.19
2024-07-22,Compound,Arbitrum,3.92,DAI,164284692,2.28,4.03
2024-07-22,Compound,Optimism,3.69,USDT,159482549,1.79,3.53
2024-07-22,Compound,Optimism,3.7,DAI,164453966,1.59,4.19
2024-07-22,Compound,Polygon,3.86,USDC,165041107,1.08,3.1
2024-07-22,Compound,Polygon,3.88,DAI,167053801,0.9,2.21
2024-07-22,Compound,Base,4.05,USDC,190489994,1.35,2.83
2024-07-22,Compound,Base,3.67,USDT,173985663,1.65,4.65
2024-07-22,Compound,Base,3.87,DAI,179251891,1.6,3.94
2024-07-22,Curve,Ethereum,8.58,USDC,310902135,19.37,0
2024-07-22,Curve,Ethereum,7.79,USDT,276258699,15.0,0
2024-07-22,Curve,Ethereum,9.06,DAI,268196517,21.84,0
2024-07-22,Curve,Arbitrum,12.93,USDC,298451232,2.02,6.07
2024-07-22,Curve,Arbitrum,10.82,USDT,309530002,2.57,6.1
2024-07-22,Curve,Arbitrum,10.53,DAI,280168991,2.75,5.61
2024-07-22,Curve,Optimism,10.76,USDC,280632465,1.9,4.0
2024-07-22,Curve,Optimism,12.24,USDT,309920333,2.13,5.14
2024-07-22,Curve,Optimism,9.98,DAI,287962076,1.62,3.59
2024-07-22,Curve,Polygon,8.77,USDC,306390566,0.83,3.29
2024-07-22,Curve,Polygon,8.64,USDT,328759317,1.1,3.81
2024-07-22,Curve,Polygon,9.32,DAI,303888924,1.1,3.09
2024-07-22,Curve,Base,9.14,USDC,318822966,1.49,4.1
2024-07-22,Curve,Base,11.57,USDT,300687437,0.99,4.58
2024-07-22,Curve,Base,9.05,DAI,327851491,1.28,5.92
2024-07-22,Uniswap V3,Ethereum,7.98,USDC,96926199,20.8,0
2024-07-22,Uniswap V3,Ethereum,7.4,USDT,84462772,18.25,0
2024-07-22,Uniswap V3,Ethereum,9.67,DAI,94027180,14.94,0
2024-07-22,Uniswap V3,Arbitrum,9.89,USDC,96249243,2.06,5.71
2024-07-22,Uniswap V3,Arbitrum,9.04,USDT,80814503,2.41,5.94
2024-07-22,Uniswap V3,Arbitrum,9.23,DAI,94665310,2.39,4.29
2024-07-22,Uniswap V3,Optimism,8.72,USDC,85305745,1.55,3.99
2024-07-22,Uniswap V3,Optimism,9.86,USDT,86652219,1.93,4.74
2024-07-22,Uniswap V3,Optimism,7.85,DAI,97513812,2.49,3.74
2024-07-22,Uniswap V3,Polygon,11.91,USDC,90588271,0.97,3.62
2024-07-22,Uniswap V3,Polygon,13.65,DAI,90166792,0.85,3.43
2024-07-22,Uniswap V3,Base,9.03,USDC,92874392,1.36,5.42
2024-07-22,Uniswap V3,Base,11.36,USDT,104514256,1.83,3.13
2024-07-22,Uniswap V3,Base,10.95,DAI,83243413,1.51,3.59
2024-07-22,Yearn,Ethereum,3.87,USDC,118973241,19.11,0
2024-07-22,Yearn,Ethereum,4.24,USDT,115095515,14.84,0
2024-07-22,Yearn,Ethereum,4.3,DAI,107500994,22.67,0
2024-07-22,Yearn,Arbitrum,4.91,USDC,108304065,2.26,6.19
2024-07-22,Yearn,Arbitrum,5.41,USDT,106888526,2.57,4.93
2024-07-22,Yearn,Arbitrum,5.04,DAI,113587470,2.68,6.43
2024-07-22,Yearn,Optimism,5.16,USDC,107261622,1.57,3.6
2024-07-22,Yearn,Optimism,4.73,USDT,117633464,1.75,3.33
2024-07-22,Yearn,Optimism,5.12,DAI,114343520,2.02,4.62
2024-07-22,Yearn,Polygon,4.74,USDC,104739487,0.94,2.78
2024-07-22,Yearn,Polygon,5.17,USDT,115607089,0.88,3.48
2024-07-22,Yearn,Polygon,4.92,DAI,102370487,0.91,2.49
2024-07-22,Yearn,Base,4.98,USDC,120143826,1.25,3.94
2024-07-22,Yearn,Base,5.08,USDT,110538842,1.49,4.19
2024-07-22,Yearn,Base,5.18,DAI,122586319,1.45,4.43
2024-07-22,Pendle,Ethereum,8.96,USDC,65871149,21.04,0
2024-07-22,Pendle,Ethereum,13.31,USDT,73737678,20.05,0
2024-07-22,Pendle,Ethereum,9.34,DAI,72242444,15.07,0
2024-07-22,Pendle,Arbitrum,14.72,USDC,78285762,2.48,3.34
2024-07-22,Pendle,Arbitrum,18.33,USDT,70962699,2.48,4.9
2024-07-22,Pendle,Arbitrum,15.04,DAI,73186241,2.65,5.59
2024-07-22,Pendle,Optimism,14.28,USDC,79000531,2.03,4.58
2024-07-22,Pendle,Optimism,14.54,USDT,72417989,1.37,5.5
2024-07-22,Pendle,Optimism,14.78,DAI,69432103,1.45,3.31
2024-07-22,Pendle,Base,14.64,USDT,71107675,1.5,2.74
2024-07-22,Convex,Ethereum,5.96,USDC,144532744,22.2,0
2024-07-22,Convex,Ethereum,5.72,USDT,146136817,23.78,0
2024-07-22,Balancer,Ethereum,7.21,USDC,98199042,15.46,0
2024-07-22,Balancer,Ethereum,7.68,USDT,103021290,21.69,0
2024-07-22,Balancer,Ethereum,8.27,DAI,104360545,17.4,0
2024-07-22,Balancer,Arbitrum,8.27,USDC,100478545,2.15,6.29
2024-07-22,Balancer,Arbitrum,12.55,USDT,107797496,2.41,7.37
2024-07-22,Balancer,Arbitrum,9.55,DAI,92194354,2.19,4.72
2024-07-22,Balancer,Optimism,11.69,USDC,112197407,1.8,3.71
2024-07-22,Balancer,Optimism,9.75,USDT,102249426,1.69,3.22
2024-07-22,Balancer,Optimism,9.77,DAI,103442142,1.98,5.19
2024-07-22,Balancer,Polygon,10.37,USDC,95494763,1.05,3.09
2024-07-22,Balancer,Polygon,7.62,DAI,96362983,1.04,2.13
2024-07-22,Balancer,Base,11.7,USDT,100241947,1.48,4.96
2024-07-22,Balancer,Base,10.47,DAI,101661089,1.32,4.01
2024-07-23,Aave,Ethereum,3.92,USDC,222972954,17.26,0
2024-07-23,Aave,Ethereum,3.31,USDT,242238437,20.59,0
2024-07-23,Aave,Ethereum,3.4,DAI,240836958,22.63,0
2024-07-23,Aave,Arbitrum,4.93,USDC,211698780,2.16,5.92
2024-07-23,Aave,Arbitrum,4.17,USDT,228487323,2.28,4.62
2024-07-23,Aave,Arbitrum,4.28,DAI,213035915,2.56,4.79
2024-07-23,Aave,Optimism,3.69,USDC,267909429,1.79,3.43
2024-07-23,Aave,Optimism,4.04,USDT,252324122,1.64,3.63
2024-07-23,Aave,Optimism,3.92,DAI,244317558,1.68,5.87
2024-07-23,Aave,Polygon,3.99,USDC,233713823,0.75,4.05
2024-07-23,Aave,Base,4.31,USDT,239054332,1.67,3.98
2024-07-23,Aave,Base,4.17,DAI,240255459,1.38,4.09
2024-07-23,Compound,Ethereum,3.08,USDC,176656636,20.53,0
2024-07-23,Compound,Ethereum,3.22,USDT,165482242,13.02,0
2024-07-23,Compound,Ethereum,3.49,DAI,169595968,16.58,0
2024-07-23,Compound,Arbitrum,4.06,USDC,163551439,2.28,4.09
2024-07-23,Compound,Arbitrum,3.8,USDT,147998861,1.99,3.52
2024-07-23,Compound,Arbitrum,3.8,DAI,173868491,2.17,4.13
2024-07-23,Compound,Optimism,3.56,USDC,184391868,2.39,4.26
2024-07-23,Compound,Optimism,3.75,USDT,181844077,2.04,4.43
2024-07-23,Compound,Optimism,3.52,DAI,177591538,2.06,5.22
2024-07-23,Compound,Polygon,3.97,USDC,167274148,0.87,3.26
2024-07-23,Compound,Polygon,4.31,USDT,176193886,0.99,3.12
2024-07-23,Compound,Polygon,3.96,DAI,169283083,1.02,3.25
2024-07-23,Compound,Base,4.15,USDT,189218983,1.34,2.59
2024-07-23,Compound,Base,4.2,DAI,183180460,1.55,3.67
2024-07-23,Curve,Ethereum,7.76,USDC,295616767,15.9,0
2024-07-23,Curve,Ethereum,8.54,USDT,307312583,16.15,0
2024-07-23,Curve,Arbitrum,9.81,USDC,322447995,2.6,5.14
2024-07-23,Curve,Arbitrum,8.14,DAI,306517516,2.26,4.65
2024-07-23,Curve,Optimism,8.02,USDC,306818244,1.61,2.27
2024-07-23,Curve,Optimism,9.61,USDT,329116882,1.89,4.78
2024-07-23,Curve,Optimism,8.25,DAI,327034122,2.12,3.23
2024-07-23,Curve,Polygon,11.67,USDC,284056251,0.88,2.95
2024-07-23,Curve,Polygon,7.15,USDT,321761554,1.01,3.63
2024-07-23,Curve,Polygon,8.84,DAI,312287716,0.85,3.39
2024-07-23,Curve,Base,9.0,USDC,307288412,1.64,3.92
2024-07-23,Curve,Base,8.81,USDT,333505184,1.28,4.15
2024-07-23,Uniswap V3,Ethereum,9.52,USDC,97140232,15.16,0
2024-07-23,Uniswap V3,Ethereum,7.94,USDT,82469246,20.87,0
2024-07-23,Uniswap V3,Ethereum,10.24,DAI,92965992,15.92,0
2024-07-23,Uniswap V3,Arbitrum,10.31,USDC,88316380,2.97,4.24
2024-07-23,Uniswap V3,Arbitrum,10.19,USDT,99241580,2.22,4.81
2024-07-23,Uniswap V3,Arbitrum,14.07,DAI,91012834,2.76,3.25
2024-07-23,Uniswap V3,Optimism,12.53,USDC,89287655,1.7,4.14
2024-07-23,Uniswap V3,Optimism,7.85,USDT,91717701,1.9,5.2
2024-07-23,Uniswap V3,Optimism,9.54,DAI,90954650,1.7,2.82
2024-07-23,Uniswap V3,Polygon,10.29,USDC,87511084,0.82,3.04
2024-07-23,Uniswap V3,Polygon,11.64,USDT,84421349,0.74,3.34
2024-07-23,Uniswap V3,Polygon,10.95,DAI,89580573,1.04,3.13
2024-07-23,Uniswap V3,Base,12.17,USDC,86932643,1.55,3.52
2024-07-23,Uniswap V3,Base,9.05,USDT,94797480,1.42,4.22
2024-07-23,Uniswap V3,Base,9.1,DAI,99036926,1.31,3.4
2024-07-23,Yearn,Ethereum,3.92,USDC,113632595,14.37,0
2024-07-23,Yearn,Ethereum,4.1,USDT,115190637,15.49,0
2024-07-23,Yearn,Ethereum,3.91,DAI,117712147,19.68,0
2024-07-23,Yearn,Arbitrum,5.03,USDC,117385956,2.43,4.47
2024-07-23,Yearn,Arbitrum,5.34,USDT,103165406,2.62,6.94
2024-07-23,Yearn,Arbitrum,5.15,DAI,110954921,2.57,4.22
2024-07-23,Yearn,Optimism,5.2,USDC,118365805,1.52,4.15
2024-07-23,Yearn,Optimism,5.09,USDT,116023429,1.54,3.2
2024-07-23,Yearn,Optimism,4.88,DAI,114035231,1.81,5.72
2024-07-23,Yearn,Polygon,5.25,USDC,112057856,1.1,3.32
2024-07-23,Yearn,Polygon,5.49,USDT,113457318,1.15,2.84
2024-07-23,Yearn,Polygon,5.39,DAI,114526907,1.04,2.99
2024-07-23,Yearn,Base,5.35,USDC,108837694,1.46,3.25
2024-07-23,Yearn,Base,5.11,USDT,111199762,1.5,2.56
2024-07-23,Yearn,Base,4.92,DAI,117032615,1.48,3.98
2024-07-23,Pendle,Ethereum,11.91,USDC,73746751,19.46,0
2024-07-23,Pendle,Ethereum,11.97,USDT,66939127,19.25,0
2024-07-23,Pendle,Ethereum,11.69,DAI,74010804,18.86,0
2024-07-23,Pendle,Arbitrum,10.63,USDT,69405327,2.27,5.18
2024-07-23,Pendle,Optimism,15.33,USDC,70165365,1.39,4.82
2024-07-23,Pendle,Optimism,13.99,USDT,74514386,1.74,4.35
2024-07-23,Pendle,Optimism,12.42,DAI,70060820,1.58,4.2
2024-07-23,Pendle,Base,13.67,USDC,70521056,1.36,4.56
2024-07-23,Pendle,Base,12.01,USDT,65635478,1.75,2.46
2024-07-23,Pendle,Base,14.53,DAI,70775924,1.23,3.98
2024-07-23,Convex,Ethereum,5.52,USDC,149224653,13.33,0
2024-07-23,Convex,Ethereum,5.57,USDT,139681405,21.61,0
2024-07-23,Convex,Ethereum,6.33,DAI,134977807,18.44,0
2024-07-23,Balancer,Ethereum,9.26,USDC,111565735,20.54,0
2024-07-23,Balancer,Ethereum,8.95,USDT,111475041,17.12,0
2024-07-23,Balancer,Ethereum,10.38,DAI,103666748,14.39,0
2024-07-23,Balancer,Arbitrum,10.84,USDT,104763184,2.17,6.88
2024-07-23,Balancer,Arbitrum,8.2,DAI,109295211,2.13,5.86
2024-07-23,Balancer,Optimism,10.88,USDC,95873045,1.3,4.26
2024-07-23,Balancer,Optimism,9.86,USDT,94293477,2.17,4.88
2024-07-23,Balancer,Optimism,10.19,DAI,99964803,2.02,3.76
2024-07-23,Balancer,Polygon,10.78,USDC,100382402,1.22,3.16
2024-07-23,Balancer,Polygon,13.12,USDT,106630465,1.02,2.71
2024-07-23,Balancer,Polygon,10.2,DAI,105288136,0.53,3.4
2024-07-23,Balancer,Base,11.22,USDC,96524677,1.4,4.62
2024-07-23,Balancer,Base,9.99,USDT,105555773,1.42,3.3
2024-07-23,Balancer,Base,9.71,DAI,115175275,1.54,3.56
2024-07-24,Aave,Ethereum,3.49,USDC,249539551,22.04,0
2024-07-24,Aave,Ethereum,3.35,USDT,239904621,22.01,0
2024-07-24,Aave,Ethereum,3.95,DAI,253025274,13.3,0
2024-07-24,Aave,Arbitrum,3.88,USDC,234754141,2.38,3.15
2024-07-24,Aave,Arbitrum,4.26,USDT,220624664,2.34,5.05
2024-07-24,Aave,Arbitrum,4.13,DAI,244802825,3.04,5.5
2024-07-24,Aave,Optimism,3.78,USDC,231025986,1.27,4.06
2024-07-24,Aave,Optimism,3.77,USDT,233117478,1.91,3.37
2024-07-24,Aave,Optimism,3.9,DAI,238571754,1.58,3.54
2024-07-24,Aave,Polygon,4.35,USDC,237302911,1.02,3.12
2024-07-24,Aave,Polygon,4.75,USDT,251257921,1.11,4.16
2024-07-24,Aave,Polygon,3.97,DAI,231638592,0.93,3.26
2024-07-24,Aave,Base,4.22,USDC,245864644,1.83,3.52
2024-07-24,Aave,Base,4.14,USDT,232671098,1.71,3.64
2024-07-24,Aave,Base,4.1,DAI,231682313,1.28,3.9
2024-07-24,Compound,Ethereum,3.35,USDC,183285353,24.49,0
2024-07-24,Compound,Ethereum,3.25,USDT,160101550,15.36,0
2024-07-24,Compound,Ethereum,3.41,DAI,158314644,16.43,0
2024-07-24,Compound,Arbitrum,3.82,USDC,166688858,2.49,6.51
2024-07-24,Compound,Arbitrum,3.85,USDT,179276972,2.65,5.86
2024-07-24,Compound,Arbitrum,4.26,DAI,168943679,2.43,5.88
2024-07-24,Compound,Optimism,3.77,USDC,166442714,1.95,2.01
2024-07-24,Compound,Optimism,3.74,DAI,155600753,2.16,4.37
2024-07-24,Compound,Polygon,4.28,USDC,179628879,1.11,3.22
2024-07-24,Compound,Polygon,4.15,DAI,184572541,0.86,3.06
2024-07-24,Compound,Base,3.75,USDC,167851947,1.41,4.76
2024-07-24,Compound,Base,3.74,USDT,170179441,1.5,3.44
2024-07-24,Curve,Ethereum,7.74,USDC,335229524,19.36,0
2024-07-24,Curve,Ethereum,9.53,USDT,306761838,20.71,0
2024-07-24,Curve,Ethereum,7.47,DAI,328274878,21.62,0
2024-07-24,Curve,Arbitrum,9.77,USDC,307285558,2.79,8.01
2024-07-24,Curve,Arbitrum,9.7,USDT,318641853,2.68,5.06
2024-07-24,Curve,Optimism,9.17,USDC,270148360,1.68,2.96
2024-07-24,Curve,Optimism,6.45,USDT,302717181,1.67,3.75
2024-07-24,Curve,Optimism,8.8,DAI,292481320,1.43,4.07
2024-07-24,Curve,Polygon,10.62,USDT,306287570,0.74,3.65
2024-07-24,Curve,Polygon,10.14,DAI,287686251,1.05,2.54
2024-07-24,Curve,Base,9.81,USDT,310120780,1.09,3.48
2024-07-24,Curve,Base,10.95,DAI,275173217,1.41,3.76
2024-07-24,Uniswap V3,Ethereum,10.11,USDT,80124210,14.1,0
2024-07-24,Uniswap V3,Ethereum,9.5,DAI,83653600,21.95,0
2024-07-24,Uniswap V3,Arbitrum,11.13,USDC,87341835,2.47,5.84
2024-07-24,Uniswap V3,Arbitrum,11.67,USDT,91246647,2.02,4.18
2024-07-24,Uniswap V3,Arbitrum,9.02,DAI,92956916,2.81,5.24
2024-07-24,Uniswap V3,Optimism,11.65,USDT,87360935,1.78,5.41
2024-07-24,Uniswap V3,Optimism,11.56,DAI,92849678,2.08,5.41
2024-07-24,Uniswap V3,Polygon,9.61,USDC,102360511,0.88,3.2
2024-07-24,Uniswap V3,Polygon,9.26,USDT,82756334,1.11,2.79
2024-07-24,Uniswap V3,Polygon,12.71,DAI,88795934,1.0,3.13
2024-07-24,Uniswap V3,Base,8.85,USDC,85198402,1.46,4.28
2024-07-24,Uniswap V3,Base,11.65,USDT,94872321,1.85,3.82
2024-07-24,Uniswap V3,Base,12.77,DAI,103299904,1.57,4.91
2024-07-24,Yearn,Ethereum,4.14,USDC,110187474,16.12,0
2024-07-24,Yearn,Ethereum,4.35,USDT,116612192,14.78,0
2024-07-24,Yearn,Ethereum,4.48,DAI,116843277,17.05,0
2024-07-24,Yearn,Arbitrum,5.34,USDC,111623709,2.79,4.34
2024-07-24,Yearn,Arbitrum,5.14,USDT,111337923,2.76,6.42
2024-07-24,Yearn,Arbitrum,5.48,DAI,105922553,2.37,4.99
2024-07-24,Yearn,Optimism,5.08,USDT,119180616,1.81,4.28
2024-07-24,Yearn,Optimism,4.63,DAI,105939008,1.81,3.23
2024-07-24,Yearn,Polygon,5.09,USDC,111063842,0.92,3.27
2024-07-24,Yearn,Polygon,5.47,USDT,107010669,1.02,3.04
2024-07-24,Yearn,Polygon,5.36,DAI,107880677,0.91,2.64
2024-07-24,Yearn,Base,5.1,USDT,110890418,1.61,3.13
2024-07-24,Yearn,Base,5.16,DAI,116057818,1.46,4.18
2024-07-24,Pendle,Ethereum,9.81,USDC,72100015,14.4,0
2024-07-24,Pendle,Ethereum,10.3,USDT,71020899,17.61,0
2024-07-24,Pendle,Ethereum,9.24,DAI,62521788,16.64,0
2024-07-24,Pendle,Arbitrum,14.13,USDC,71839678,2.43,4.42
2024-07-24,Pendle,Arbitrum,12.45,DAI,74523278,2.15,4.78
2024-07-24,Pendle,Optimism,10.75,USDC,74315339,1.21,3.73
2024-07-24,Pendle,Optimism,14.69,DAI,63647747,1.17,2.92
2024-07-24,Pendle,Base,16.65,USDC,69273684,1.45,3.44
2024-07-24,Pendle,Base,16.08,USDT,66570336,1.65,2.86
2024-07-24,Pendle,Base,17.74,DAI,74811711,1.36,4.52
2024-07-24,Convex,Ethereum,6.11,DAI,132718333,19.69,0
2024-07-24,Balancer,Ethereum,7.86,USDC,106550603,20.7,0
2024-07-24,Balancer,Ethereum,9.03,USDT,99984961,16.24,0
2024-07-24,Balancer,Ethereum,9.19,DAI,105777242,16.19,0
2024-07-24,Balancer,Arbitrum,11.81,USDC,103975159,1.95,4.79
2024-07-24,Balancer,Arbitrum,9.67,USDT,100610128,2.81,5.0
2024-07-24,Balancer,Arbitrum,10.81,DAI,105045798,2.35,4.39
2024-07-24,Balancer,Optimism,9.37,USDC,111476958,2.01,4.2
2024-07-24,Balancer,Optimism,9.32,USDT,99312264,2.39,3.69
2024-07-24,Balancer,Optimism,10.61,DAI,108309671,1.62,4.22
2024-07-24,Balancer,Polygon,11.7,USDC,107933480,0.74,2.96
2024-07-24,Balancer,Polygon,12.85,USDT,97281019,0.91,2.07
2024-07-24,Balancer,Polygon,11.52,DAI,103444418,1.1,4.29
2024-07-24,Balancer,Base,9.35,USDC,104851658,1.54,2.5
2024-07-24,Balancer,Base,11.01,USDT,103144937,1.63,3.68
2024-07-24,Balancer,Base,9.12,DAI,107563103,1.34,4.72
2024-07-25,Aave,Ethereum,3.33,USDT,235659242,17.33,0
2024-07-25,Aave,Ethereum,3.62,DAI,225528737,15.97,0
2024-07-25,Aave,Arbitrum,3.9,USDC,222032374,1.99,5.44
2024-07-25,Aave,Arbitrum,3.94,USDT,237456480,2.96,5.02
2024-07-25,Aave,Arbitrum,4.38,DAI,229307158,2.02,5.96
2024-07-25,Aave,Optimism,3.84,USDC,219247522,1.36,3.72
2024-07-25,Aave,Optimism,3.87,DAI,247855712,2.06,4.93
2024-07-25,Aave,Polygon,4.35,USDT,237646582,0.88,3.71
2024-07-25,Aave,Polygon,4.44,DAI,236696589,1.01,1.69
2024-07-25,Aave,Base,4.11,USDT,237491187,1.57,5.35
2024-07-25,Aave,Base,4.54,DAI,243243852,1.52,5.23
2024-07-25,Compound,Ethereum,3.37,USDC,162032152,16.93,0
2024-07-25,Compound,Ethereum,3.03,USDT,169563369,16.55,0
2024-07-25,Compound,Ethereum,3.01,DAI,177794275,15.64,0
2024-07-25,Compound,Arbitrum,3.7,USDC,173155803,2.28,4.91
2024-07-25,Compound,Arbitrum,3.91,USDT,164986711,2.64,4.19
2024-07-25,Compound,Arbitrum,4.07,DAI,163437552,2.64,5.1
2024-07-25,Compound,Optimism,3.39,USDC,170718107,1.87,3.23
2024-07-25,Compound,Optimism,3.93,USDT,166801211,1.59,4.33
2024-07-25,Compound,Polygon,4.13,USDC,172600928,0.86,3.33
2024-07-25,Compound,Polygon,3.87,USDT,175750564,1.0,3.13
2024-07-25,Compound,Polygon,4.2,DAI,173705768,0.97,2.93
2024-07-25,Compound,Base,3.89,USDC,173786388,1.16,3.25
2024-07-25,Compound,Base,3.88,DAI,166076724,1.5,4.09
2024-07-25,Curve,Ethereum,10.35,USDC,317684343,22.46,0
2024-07-25,Curve,Ethereum,8.11,USDT,299250658,21.48,0
2024-07-25,Curve,Ethereum,7.43,DAI,282827328,18.56,0
2024-07-25,Curve,Arbitrum,9.48,USDC,309748280,2.62,5.78
2024-07-25,Curve,Arbitrum,9.49,USDT,305593529,2.52,5.31
2024-07-25,Curve,Arbitrum,9.57,DAI,332390362,2.86,4.55
2024-07-25,Curve,Optimism,7.7,USDC,319691415,1.46,3.79
2024-07-25,Curve,Optimism,8.9,USDT,305600868,1.79,4.7
2024-07-25,Curve,Optimism,9.67,DAI,292578611,1.59,4.33
2024-07-25,Curve,Polygon,10.55,USDC,298977467,0.99,3.01
2024-07-25,Curve,Polygon,9.23,USDT,317426235,1.06,2.86
2024-07-25,Curve,Polygon,10.2,DAI,300343091,0.88,3.78
2024-07-25,Curve,Base,10.1,USDC,292817072,0.96,3.21
2024-07-25,Curve,Base,10.22,USDT,311422918,1.33,3.68
2024-07-25,Uniswap V3,Ethereum,10.88,USDC,86489306,16.35,0
2024-07-25,Uniswap V3,Ethereum,11.72,USDT,89125167,21.83,0
2024-07-25,Uniswap V3,Ethereum,7.33,DAI,89098656,20.43,0
2024-07-25,Uniswap V3,Arbitrum,9.63,USDC,95397093,2.49,6.88
2024-07-25,Uniswap V3,Arbitrum,12.27,USDT,90753183,2.82,6.85
2024-07-25,Uniswap V3,Arbitrum,9.07,DAI,88999867,2.34,3.66
2024-07-25,Uniswap V3,Optimism,10.66,USDT,91130617,1.94,4.89
2024-07-25,Uniswap V3,Optimism,9.37,DAI,91578134,1.77,3.45
2024-07-25,Uniswap V3,Polygon,15.33,USDC,98262667,1.11,2.26
2024-07-25,Uniswap V3,Polygon,12.93,USDT,90143909,0.99,2.97
2024-07-25,Uniswap V3,Base,9.45,USDC,79648154,1.5,3.92
2024-07-25,Uniswap V3,Base,9.67,USDT,82698926,1.77,4.4
2024-07-25,Uniswap V3,Base,10.03,DAI,84495943,1.06,3.1
2024-07-25,Yearn,Ethereum,3.76,USDT,123199401,21.24,0
2024-07-25,Yearn,Ethereum,4.53,DAI,112728064,19.55,0
2024-07-25,Yearn,Arbitrum,4.84,USDC,121238188,1.86,4.98
2024-07-25,Yearn,Arbitrum,5.05,USDT,123264000,2.82,4.03
2024-07-25,Yearn,Arbitrum,5.23,DAI,109606808,2.67,4.3
2024-07-25,Yearn,Optimism,4.37,USDC,112894779,1.98,3.27
2024-07-25,Yearn,Optimism,4.94,USDT,121142311,1.98,3.47
2024-07-25,Yearn,Optimism,4.73,DAI,121684502,1.72,2.94
2024-07-25,Yearn,Polygon,4.86,USDC,116251279,0.99,2.31
2024-07-25,Yearn,Polygon,5.35,USDT,117716984,1.19,3.66
2024-07-25,Yearn,Polygon,5.71,DAI,110487872,0.91,4.45
2024-07-25,Yearn,Base,4.65,USDC,119465490,1.51,2.23
2024-07-25,Yearn,Base,4.55,USDT,119073177,1.1,4.23
2024-07-25,Yearn,Base,5.19,DAI,113642567,1.49,5.02
2024-07-25,Pendle,Ethereum,13.93,USDT,79089715,21.74,0
2024-07-25,Pendle,Ethereum,15.76,DAI,63045082,17.92,0
2024-07-25,Pendle,Arbitrum,12.83,USDC,70659628,2.35,3.36
2024-07-25,Pendle,Arbitrum,17.91,DAI,75379750,2.63,5.25
2024-07-25,Pendle,Optimism,11.89,USDC,79142587,2.0,3.19
2024-07-25,Pendle,Optimism,9.05,USDT,69769691,2.21,4.58
2024-07-25,Pendle,Optimism,14.29,DAI,64715867,1.01,4.06
2024-07-25,Pendle,Base,14.83,USDC,70769673,1.38,4.64
2024-07-25,Pendle,Base,10.52,DAI,67378513,1.38,3.99
2024-07-25,Convex,Ethereum,5.37,USDC,152663936,19.46,0
2024-07-25,Convex,Ethereum,5.01,USDT,142932629,13.5,0
2024-07-25,Convex,Ethereum,5.23,DAI,138564068,12.83,0
2024-07-25,Balancer,Ethereum,7.5,USDC,98006329,19.44,0
2024-07-25,Balancer,Ethereum,8.16,USDT,111250141,15.67,0
2024-07-25,Balancer,Ethereum,8.9,DAI,109289844,14.83,0
2024-07-25,Balancer,Arbitrum,8.62,USDC,101753256,1.65,4.49
2024-07-25,Balancer,Arbitrum,11.77,USDT,104584057,2.06,5.56
2024-07-25,Balancer,Arbitrum,12.98,DAI,106743977,2.23,5.55
2024-07-25,Balancer,Optimism,9.38,USDC,110945526,1.07,3.74
2024-07-25,Balancer,Optimism,9.51,USDT,110329234,2.03,3.36
2024-07-25,Balancer,Polygon,10.56,USDT,103185197,0.96,1.27
2024-07-25,Balancer,Polygon,12.48,DAI,96793121,0.95,3.26
2024-07-25,Balancer,Base,10.46,USDC,108562432,1.41,3.48
2024-07-25,Balancer,Base,9.24,USDT,98262142,1.27,3.59
2024-07-25,Balancer,Base,11.94,DAI,108566813,1.17,4.35
2024-07-26,Aave,Ethereum,3.06,USDC,217893651,17.51,0
2024-07-26,Aave,Ethereum,3.48,USDT,253118631,20.62,0
2024-07-26,Aave,Ethereum,3.48,DAI,247100669,20.42,0
2024-07-26,Aave,Arbitrum,4.5,USDC,237931239,2.18,5.47
2024-07-26,Aave,Arbitrum,4.07,USDT,228216860,2.78,5.89
2024-07-26,Aave,Arbitrum,4.18,DAI,231646515,2.48,4.64
2024-07-26,Aave,Optimism,4.04,USDC,236639149,2.39,4.88
2024-07-26,Aave,Optimism,3.86,USDT,235520019,1.9,3.63
2024-07-26,Aave,Optimism,4.1,DAI,276393791,1.54,3.33
2024-07-26,Aave,Polygon,4.25,USDC,222120295,0.98,3.22
2024-07-26,Aave,Polygon,4.02,USDT,216361081,0.74,3.48
2024-07-26,Aave,Polygon,4.14,DAI,230789011,1.02,3.34
2024-07-26,Aave,Base,4.14,USDC,237576975,1.28,4.32
2024-07-26,Aave,Base,3.69,USDT,237014467,1.39,4.13
2024-07-26,Aave,Base,3.68,DAI,251127921,1.32,4.6
2024-07-26,Compound,Ethereum,3.25,USDC,175825508,16.1,0
2024-07-26,Compound,Ethereum,3.22,USDT,181485010,19.36,0
2024-07-26,Compound,Ethereum,3.19,DAI,181552596,21.47,0
2024-07-26,Compound,Arbitrum,3.72,DAI,168386293,2.77,4.86
2024-07-26,Compound,Optimism,3.44,USDC,182475433,1.58,1.74
2024-07-26,Compound,Optimism,3.87,USDT,174178577,1.59,4.74
2024-07-26,Compound,Optimism,3.47,DAI,170406223,1.85,3.12
2024-07-26,Compound,Polygon,3.96,USDT,175336215,0.93,3.26
2024-07-26,Compound,Base,3.43,USDC,163053320,1.49,3.46
2024-07-26,Compound,Base,3.24,USDT,173781991,1.38,4.04
2024-07-26,Compound,Base,3.76,DAI,168135195,1.64,3.37
2024-07-26,Curve,Ethereum,7.39,USDC,292334419,16.25,0
2024-07-26,Curve,Ethereum,7.75,USDT,300359385,21.18,0
2024-07-26,Curve,Ethereum,5.75,DAI,303612025,20.0,0
2024-07-26,Curve,Arbitrum,9.66,USDC,327546040,1.85,5.19
2024-07-26,Curve,Arbitrum,9.0,USDT,309796797,2.56,4.5
2024-07-26,Curve,Arbitrum,10.08,DAI,314631440,2.32,5.43
2024-07-26,Curve,Optimism,7.94,USDC,312757385,2.03,3.69
2024-07-26,Curve,Optimism,8.88,DAI,290505177,2.2,5.01
2024-07-26,Curve,Polygon,9.21,USDC,313744459,1.05,2.77
2024-07-26,Curve,Polygon,10.79,USDT,319554084,1.14,2.02
2024-07-26,Curve,Polygon,9.0,DAI,312313580,0.8,3.92
2024-07-26,Curve,Base,7.34,USDC,302575484,1.56,4.43
2024-07-26,Curve,Base,11.89,DAI,344480195,1.67,4.63
2024-07-26,Uniswap V3,Ethereum,8.67,USDC,91277632,18.9,0
2024-07-26,Uniswap V3,Ethereum,6.86,USDT,85629573,19.57,0
2024-07-26,Uniswap V3,Ethereum,7.31,DAI,95376945,10.17,0
2024-07-26,Uniswap V3,Arbitrum,9.85,USDC,92319630,2.55,3.61
2024-07-26,Uniswap V3,Arbitrum,12.05,USDT,83056025,2.22,4.97
2024-07-26,Uniswap V3,Optimism,8.78,USDC,96318082,2.16,4.42
2024-07-26,Uniswap V3,Optimism,13.37,USDT,88210798,1.89,4.12
2024-07-26,Uniswap V3,Polygon,13.15,USDC,87154952,1.23,1.87
2024-07-26,Uniswap V3,Polygon,12.63,DAI,87865284,0.82,3.96
2024-07-26,Uniswap V3,Base,12.66,USDT,93609687,1.26,3.7
2024-07-26,Uniswap V3,Base,9.93,DAI,88483097,1.39,3.37
2024-07-26,Yearn,Ethereum,4.15,USDC,113650008,15.35,0
2024-07-26,Yearn,Ethereum,3.9,USDT,116949328,17.16,0
2024-07-26,Yearn,Ethereum,3.99,DAI,107096135,19.98,0
2024-07-26,Yearn,Arbitrum,5.22,USDT,120595060,2.71,4.57
2024-07-26,Yearn,Arbitrum,5.36,DAI,108893924,2.27,4.77
2024-07-26,Yearn,Optimism,4.4,USDC,113299736,1.26,4.54
2024-07-26,Yearn,Optimism,5.1,DAI,119982458,1.59,4.85
2024-07-26,Yearn,Polygon,5.58,USDC,122957590,1.02,2.86
2024-07-26,Yearn,Polygon,4.85,USDT,113405002,0.9,4.29
2024-07-26,Yearn,Polygon,4.81,DAI,125223958,0.74,3.08
2024-07-26,Yearn,Base,4.68,USDC,112712840,1.62,3.82
2024-07-26,Yearn,Base,5.04,USDT,121174918,1.34,2.45
2024-07-26,Yearn,Base,5.09,DAI,109851191,1.41,3.05
2024-07-26,Pendle,Ethereum,9.81,USDC,71691178,17.77,0
2024-07-26,Pendle,Ethereum,11.83,USDT,67235109,19.06,0
2024-07-26,Pendle,Ethereum,12.89,DAI,74251039,22.03,0
2024-07-26,Pendle,Arbitrum,13.39,USDC,78328497,2.67,5.0
2024-07-26,Pendle,Arbitrum,13.5,DAI,68676780,2.13,6.08
2024-07-26,Pendle,Optimism,13.86,USDC,79500046,1.85,4.51
2024-07-26,Pendle,Optimism,13.61,USDT,71578098,1.95,3.36
2024-07-26,Pendle,Optimism,12.82,DAI,71464974,1.48,5.25
2024-07-26,Pendle,Base,15.98,USDC,72111572,1.57,4.13
2024-07-26,Pendle,Base,14.23,USDT,74385180,1.38,4.48
2024-07-26,Pendle,Base,12.41,DAI,75334507,1.67,4.71
2024-07-26,Convex,Ethereum,6.01,USDC,140064330,19.46,0
2024-07-26,Convex,Ethereum,6.25,USDT,146892962,18.13,0
2024-07-26,Convex,Ethereum,5.7,DAI,152017950,12.97,0
2024-07-26,Balancer,Ethereum,7.7,USDC,115443218,19.04,0
2024-07-26,Balancer,Ethereum,9.53,USDT,105949408,18.5,0
2024-07-26,Balancer,Ethereum,8.55,DAI,106661467,17.47,0
2024-07-26,Balancer,Arbitrum,8.77,USDC,100414353,2.66,4.91
2024-07-26,Balancer,Arbitrum,9.77,USDT,97983313,2.72,5.42
2024-07-26,Balancer,Arbitrum,9.26,DAI,103542037,2.43,5.49
2024-07-26,Balancer,Optimism,11.99,USDC,98559302,1.96,3.71
2024-07-26,Balancer,Optimism,8.98,USDT,98514531,1.69,3.79
2024-07-26,Balancer,Optimism,10.38,DAI,110955782,1.84,4.05
2024-07-26,Balancer,Polygon,12.63,USDC,100125450,0.82,3.06
2024-07-26,Balancer,Polygon,14.06,USDT,110514977,0.99,1.8
2024-07-26,Balancer,Polygon,11.08,DAI,107317936,0.98,3.09
2024-07-26,Balancer,Base,8.96,USDC,110189558,1.31,5.6
2024-07-26,Balancer,Base,10.76,USDT,108967019,1.49,2.98
2024-07-26,Balancer,Base,9.84,DAI,112404162,1.13,3.99
2024-07-27,Aave,Ethereum,3.04,USDC,239906062,10.97,0
2024-07-27,Aave,Ethereum,3.08,USDT,245519558,11.7,0
2024-07-27,Aave,Ethereum,3.29,DAI,255201548,13.02,0
2024-07-27,Aave,Arbitrum,3.9,USDC,234525392,1.88,3.83
2024-07-27,Aave,Arbitrum,4.24,DAI,249422625,1.27,4.57
2024-07-27,Aave,Optimism,3.54,USDC,236729210,1.2,5.68
2024-07-27,Aave,Optimism,3.66,DAI,229724433,1.62,3.72
2024-07-27,Aave,Polygon,3.91,USDC,237511629,0.71,3.55
2024-07-27,Aave,Polygon,4.61,USDT,251326076,0.56,3.7
2024-07-27,Aave,Polygon,3.7,DAI,246796339,0.74,2.15
2024-07-27,Aave,Base,4.02,USDT,238128382,1.08,3.26
2024-07-27,Aave,Base,3.95,DAI,254361271,0.95,3.24
2024-07-27,Compound,Ethereum,3.32,USDC,184284793,12.46,0
2024-07-27,Compound,Ethereum,2.93,USDT,167795277,11.22,0
2024-07-27,Compound,Ethereum,3.21,DAI,184206272,15.48,0
2024-07-27,Compound,Arbitrum,3.5,USDC,187596743,1.27,6.31
2024-07-27,Compound,Arbitrum,3.98,USDT,180626994,1.51,4.6
2024-07-27,Compound,Arbitrum,3.67,DAI,168485839,1.89,3.62
2024-07-27,Compound,Optimism,3.77,USDC,160825016,0.88,4.37
2024-07-27,Compound,Optimism,4.03,USDT,174451419,1.23,3.9
2024-07-27,Compound,Optimism,3.75,DAI,183213092,1.19,4.18
2024-07-27,Compound,Polygon,4.11,USDC,184396959,0.72,3.21
2024-07-27,Compound,Polygon,3.97,USDT,159797495,0.66,3.12
2024-07-27,Compound,Polygon,3.85,DAI,181650909,0.53,3.24
2024-07-27,Compound,Base,3.39,USDT,171950747,0.91,3.88
2024-07-27,Compound,Base,3.97,DAI,167961902,0.95,3.72
2024-07-27,Curve,Ethereum,7.15,USDC,316445053,14.45,0
2024-07-27,Curve,Ethereum,6.95,USDT,286451809,10.42,0
2024-07-27,Curve,Arbitrum,8.67,USDC,282486420,1.42,5.82
2024-07-27,Curve,Arbitrum,9.68,DAI,319064905,1.66,5.16
2024-07-27,Curve,Optimism,8.8,USDC,317872626,1.11,4.3
2024-07-27,Curve,Optimism,8.02,USDT,305399254,1.12,5.12
2024-07-27,Curve,Optimism,11.44,DAI,303150661,1.1,4.49
2024-07-27,Curve,Polygon,11.25,USDC,298944344,0.71,3.18
2024-07-27,Curve,Polygon,11.33,DAI,314342821,0.75,2.63
2024-07-27,Curve,Base,10.48,USDC,299194685,0.92,3.27
2024-07-27,Curve,Base,8.7,USDT,306419205,0.92,3.7
2024-07-27,Curve,Base,9.71,DAI,335349100,1.02,4.23
2024-07-27,Uniswap V3,Ethereum,7.6,USDC,88714190,13.45,0
2024-07-27,Uniswap V3,Ethereum,10.44,USDT,92495165,11.16,0
2024-07-27,Uniswap V3,Ethereum,10.3,DAI,86655893,11.21,0
2024-07-27,Uniswap V3,Arbitrum,12.1,USDC,94928334,1.62,6.23
2024-07-27,Uniswap V3,Arbitrum,10.33,DAI,99066145,1.25,4.0
2024-07-27,Uniswap V3,Optimism,11.53,USDC,85204533,1.49,3.61
2024-07-27,Uniswap V3,Optimism,9.96,DAI,97128748,1.36,4.8
2024-07-27,Uniswap V3,Polygon,11.36,USDC,91401359,0.68,2.35
2024-07-27,Uniswap V3,Polygon,9.97,USDT,89397548,0.51,2.7
2024-07-27,Uniswap V3,Base,10.87,USDC,91997296,0.79,4.27
2024-07-27,Uniswap V3,Base,10.51,USDT,95179157,0.78,3.46
2024-07-27,Uniswap V3,Base,10.65,DAI,93785591,0.92,2.61
2024-07-27,Yearn,Ethereum,3.99,USDC,113560838,13.6,0
2024-07-27,Yearn,Ethereum,4.08,USDT,119981287,12.71,0
2024-07-27,Yearn,Ethereum,3.88,DAI,110622029,12.54,0
2024-07-27,Yearn,Arbitrum,4.88,USDT,112438974,1.67,5.73
2024-07-27,Yearn,Arbitrum,5.16,DAI,114995765,1.63,6.74
2024-07-27,Yearn,Optimism,4.93,USDC,107523184,1.11,3.87
2024-07-27,Yearn,Optimism,4.28,USDT,123067421,1.18,3.45
2024-07-27,Yearn,Optimism,4.96,DAI,120578861,1.31,4.7
2024-07-27,Yearn,Polygon,5.34,USDC,124968283,0.74,1.44
2024-07-27,Yearn,Polygon,5.44,USDT,120442505,0.5,2.6
2024-07-27,Yearn,Polygon,5.17,DAI,116185531,0.62,2.37
2024-07-27,Yearn,Base,4.87,USDC,111227548,1.0,3.81
2024-07-27,Yearn,Base,4.64,DAI,114906417,1.13,5.24
2024-07-27,Pendle,Ethereum,12.38,USDC,65324751,8.06,0
2024-07-27,Pendle,Ethereum,13.22,USDT,72115741,10.98,0
2024-07-27,Pendle,Ethereum,10.58,DAI,76918813,11.67,0
2024-07-27,Pendle,Arbitrum,12.79,USDC,77335131,1.49,5.59
2024-07-27,Pendle,Arbitrum,17.72,USDT,70042654,1.48,4.44
2024-07-27,Pendle,Arbitrum,11.54,DAI,73455270,1.47,5.05
2024-07-27,Pendle,Optimism,10.65,USDC,72794738,1.59,4.11
2024-07-27,Pendle,Optimism,13.5,USDT,71830878,1.3,5.66
2024-07-27,Pendle,Optimism,13.23,DAI,80064308,1.34,2.72
2024-07-27,Pendle,Base,12.6,USDC,69998679,0.8,2.89
2024-07-27,Pendle,Base,15.2,USDT,76791518,0.94,3.17
2024-07-27,Pendle,Base,16.78,DAI,76887028,0.88,2.75
2024-07-27,Convex,Ethereum,6.04,USDC,143071516,10.29,0
2024-07-27,Convex,Ethereum,5.31,USDT,148746065,11.38,0
2024-07-27,Convex,Ethereum,5.63,DAI,147416301,10.13,0
2024-07-27,Balancer,Ethereum,7.44,DAI,111625326,11.4,0
2024-07-27,Balancer,Arbitrum,11.1,USDC,106608883,1.36,7.28
2024-07-27,Balancer,Arbitrum,9.58,USDT,116421336,1.57,5.03
2024-07-27,Balancer,Arbitrum,9.46,DAI,101806191,2.12,7.2
2024-07-27,Balancer,Optimism,9.6,USDC,102600600,1.18,4.96
2024-07-27,Balancer,Optimism,10.31,USDT,105301329,1.23,4.47
2024-07-27,Balancer,Optimism,10.05,DAI,106790220,1.06,3.71
2024-07-27,Balancer,Polygon,11.3,USDT,101460694,0.65,2.74
2024-07-27,Balancer,Polygon,9.5,DAI,100903062,0.48,3.5
2024-07-27,Balancer,Base,7.47,USDC,117121178,0.81,6.61
2024-07-27,Balancer,Base,10.82,USDT,117872842,1.24,3.58
2024-07-27,Balancer,Base,12.35,DAI,103219348,0.84,1.95
2024-07-28,Aave,Ethereum,3.45,USDC,244561152,12.23,0
2024-07-28,Aave,Ethereum,3.47,USDT,264303862,10.63,0
2024-07-28,Aave,Ethereum,3.22,DAI,259819013,13.18,0
2024-07-28,Aave,Arbitrum,3.77,USDC,223858179,1.54,3.84
2024-07-28,Aave,Arbitrum,4.24,USDT,249782386,1.86,4.77
2024-07-28,Aave,Arbitrum,4.37,DAI,255121318,1.54,3.76
2024-07-28,Aave,Optimism,3.71,USDC,255713139,1.21,4.36
2024-07-28,Aave,Optimism,3.66,USDT,244650137,1.46,2.69
2024-07-28,Aave,Optimism,3.59,DAI,252814753,1.1,4.03
2024-07-28,Aave,Polygon,3.96,USDC,246000992,0.87,2.68
2024-07-28,Aave,Polygon,4.23,USDT,271513809,0.53,2.17
2024-07-28,Aave,Polygon,3.94,DAI,259514090,0.82,2.39
2024-07-28,Aave,Base,3.81,USDC,244493179,0.99,3.31
2024-07-28,Aave,Base,3.61,USDT,212134722,1.12,5.3
2024-07-28,Aave,Base,3.36,DAI,251791783,1.1,3.84
2024-07-28,Compound,Ethereum,3.24,USDC,186535811,13.17,0
2024-07-28,Compound,Ethereum,2.94,USDT,184512704,12.15,0
2024-07-28,Compound,Ethereum,3.0,DAI,166472862,15.25,0
2024-07-28,Compound,Arbitrum,4.01,USDC,161698787,1.48,5.96
2024-07-28,Compound,Arbitrum,4.14,USDT,171406207,1.19,6.55
2024-07-28,Compound,Arbitrum,3.71,DAI,177672422,1.79,4.02
2024-07-28,Compound,Optimism,3.7,USDC,173331718,1.23,4.08
2024-07-28,Compound,Optimism,3.88,USDT,181370035,1.25,4.28
2024-07-28,Compound,Optimism,3.83,DAI,170434286,1.42,5.05
2024-07-28,Compound,Polygon,4.03,USDC,177548600,0.74,3.8
2024-07-28,Compound,Polygon,3.96,USDT,195591307,0.45,3.71
2024-07-28,Compound,Polygon,4.05,DAI,179819870,0.66,2.8
2024-07-28,Compound,Base,3.71,USDC,181597027,0.94,4.53
2024-07-28,Compound,Base,3.77,USDT,184187903,0.93,5.3
2024-07-28,Curve,Ethereum,8.09,USDC,323846661,8.89,0
2024-07-28,Curve,Ethereum,7.57,USDT,315845515,14.27,0
2024-07-28,Curve,Ethereum,8.98,DAI,321894984,12.13,0
2024-07-28,Curve,Arbitrum,9.22,USDC,285338359,1.92,3.9
2024-07-28,Curve,Arbitrum,10.36,USDT,338486694,1.33,2.9
2024-07-28,Curve,Arbitrum,8.19,DAI,325602750,1.52,3.73
2024-07-28,Curve,Optimism,10.19,USDC,315427954,1.15,4.01
2024-07-28,Curve,Optimism,9.73,USDT,317067344,0.96,4.68
2024-07-28,Curve,Optimism,10.01,DAI,306381841,1.11,4.58
2024-07-28,Curve,Polygon,10.55,USDC,304358544,0.6,2.4
2024-07-28,Curve,Polygon,10.86,USDT,306739529,0.58,2.98
2024-07-28,Curve,Polygon,8.61,DAI,319666739,0.48,2.89
2024-07-28,Curve,Base,10.66,USDC,309977141,1.02,3.77
2024-07-28,Curve,Base,7.12,USDT,308832763,1.07,5.47
2024-07-28,Curve,Base,9.73,DAI,311499505,1.05,4.53
2024-07-28,Uniswap V3,Ethereum,8.96,USDC,96206067,11.24,0
2024-07-28,Uniswap V3,Ethereum,9.61,USDT,101080951,14.12,0
2024-07-28,Uniswap V3,Ethereum,9.54,DAI,81157704,9.2,0
2024-07-28,Uniswap V3,Arbitrum,8.73,USDC,91786496,1.55,3.93
2024-07-28,Uniswap V3,Arbitrum,9.54,USDT,103011898,1.29,6.25
2024-07-28,Uniswap V3,Arbitrum,13.05,DAI,93025737,1.67,4.98
2024-07-28,Uniswap V3,Optimism,9.67,USDC,95199358,1.15,3.45
2024-07-28,Uniswap V3,Optimism,10.5,USDT,96910118,1.4,4.09
2024-07-28,Uniswap V3,Optimism,10.16,DAI,98544205,1.37,2.9
2024-07-28,Uniswap V3,Polygon,13.03,USDC,88536851,0.64,2.24
2024-07-28,Uniswap V3,Polygon,10.7,USDT,97006718,0.48,2.56
2024-07-28,Uniswap V3,Polygon,10.51,DAI,99700423,0.55,3.05
2024-07-28,Uniswap V3,Base,11.09,USDC,91809083,1.0,3.03
2024-07-28,Uniswap V3,Base,9.57,USDT,100837541,1.07,4.3
2024-07-28,Uniswap V3,Base,13.13,DAI,90621316,0.93,3.01
2024-07-28,Yearn,Ethereum,4.24,USDC,115032849,12.26,0
2024-07-28,Yearn,Ethereum,3.78,USDT,117606194,14.12,0
2024-07-28,Yearn,Ethereum,3.99,DAI,128336662,11.0,0
2024-07-28,Yearn,Arbitrum,4.43,USDC,122609056,1.6,4.22
2024-07-28,Yearn,Arbitrum,4.85,USDT,114458561,1.69,4.84
2024-07-28,Yearn,Arbitrum,4.39,DAI,126103474,1.53,5.43
2024-07-28,Yearn,Optimism,5.09,USDC,120067084,1.34,4.16
2024-07-28,Yearn,Optimism,5.21,USDT,114404230,1.29,2.97
2024-07-28,Yearn,Optimism,4.28,DAI,119918617,1.0,3.3
2024-07-28,Yearn,Polygon,5.34,USDC,118641223,0.58,3.59
2024-07-28,Yearn,Polygon,4.99,USDT,114674196,0.79,4.08
2024-07-28,Yearn,Polygon,5.4,DAI,109226315,0.7,2.71
2024-07-28,Yearn,Base,4.54,USDC,125368443,0.97,4.19
2024-07-28,Yearn,Base,4.51,DAI,122615032,1.17,3.47
2024-07-28,Pendle,Ethereum,12.79,USDC,69937659,15.48,0
2024-07-28,Pendle,Ethereum,8.76,USDT,86170438,9.04,0
2024-07-28,Pendle,Ethereum,13.52,DAI,71995057,12.22,0
2024-07-28,Pendle,Arbitrum,14.57,USDT,74575746,1.75,3.88
2024-07-28,Pendle,Arbitrum,12.93,DAI,70460506,1.74,4.44
2024-07-28,Pendle,Optimism,10.13,USDC,71788522,1.2,3.47
2024-07-28,Pendle,Optimism,15.12,USDT,68857659,1.2,4.14
2024-07-28,Pendle,Optimism,10.57,DAI,74581731,1.23,4.05
2024-07-28,Pendle,Base,14.35,USDC,74038552,1.18,4.49
2024-07-28,Pendle,Base,13.17,USDT,71193374,0.89,3.91
2024-07-28,Pendle,Base,12.36,DAI,78459607,0.89,4.12
2024-07-28,Convex,Ethereum,4.91,USDC,156321944,14.47,0
2024-07-28,Convex,Ethereum,6.04,USDT,142912105,10.38,0
2024-07-28,Convex,Ethereum,6.1,DAI,151992045,10.61,0
2024-07-28,Balancer,Ethereum,8.03,USDC,108104633,9.15,0
2024-07-28,Balancer,Ethereum,8.67,USDT,113990894,11.1,0
2024-07-28,Balancer,Ethereum,8.3,DAI,114530033,9.89,0
2024-07-28,Balancer,Arbitrum,10.77,USDC,111565444,1.6,4.76
2024-07-28,Balancer,Arbitrum,10.62,USDT,106769833,2.05,4.83
2024-07-28,Balancer,Arbitrum,11.72,DAI,107368267,1.52,4.84
2024-07-28,Balancer,Optimism,9.4,USDC,99105929,1.42,4.43
2024-07-28,Balancer,Optimism,11.34,DAI,109477540,1.36,3.61
2024-07-28,Balancer,Polygon,9.16,USDC,112885979,0.65,2.42
2024-07-28,Balancer,Polygon,12.4,USDT,122234310,0.7,3.19
2024-07-28,Balancer,Polygon,11.32,DAI,105493712,0.63,2.83
2024-07-28,Balancer,Base,11.63,USDT,104690993,0.93,4.75
2024-07-28,Balancer,Base,10.01,DAI,108255333,1.14,3.65
2024-07-29,Aave,Ethereum,3.25,USDC,250618198,23.46,0
2024-07-29,Aave,Ethereum,3.56,USDT,261425190,14.48,0
2024-07-29,Aave,Ethereum,3.42,DAI,271982054,14.66,0
2024-07-29,Aave,Arbitrum,4.0,USDC,282124056,2.17,4.38
2024-07-29,Aave,Arbitrum,4.37,USDT,240792353,2.08,4.06
2024-07-29,Aave,Arbitrum,3.9,DAI,249441095,2.46,4.71
2024-07-29,Aave,Optimism,4.1,USDC,249453860,1.77,4.53
2024-07-29,Aave,Optimism,3.92,USDT,275174187,2.22,2.87
2024-07-29,Aave,Optimism,3.59,DAI,252788721,1.44,3.22
2024-07-29,Aave,Polygon,4.72,USDC,243476579,1.05,2.39
2024-07-29,Aave,Polygon,4.35,USDT,227401155,1.09,2.66
2024-07-29,Aave,Polygon,4.43,DAI,260305159,1.01,2.92
2024-07-29,Aave,Base,4.09,USDC,261897867,1.46,4.31
2024-07-29,Aave,Base,3.83,USDT,257072049,1.31,2.86
2024-07-29,Aave,Base,3.98,DAI,263632821,0.95,4.94
2024-07-29,Compound,Ethereum,3.05,USDC,185457573,16.91,0
2024-07-29,Compound,Ethereum,3.0,USDT,183313424,17.42,0
2024-07-29,Compound,Ethereum,2.87,DAI,192040218,17.24,0
2024-07-29,Compound,Arbitrum,3.63,USDC,190194059,2.0,5.01
2024-07-29,Compound,Arbitrum,3.92,DAI,183010399,2.94,5.75
2024-07-29,Compound,Optimism,4.01,USDC,180467292,1.82,3.77
2024-07-29,Compound,Optimism,3.68,USDT,200764310,1.71,2.74
2024-07-29,Compound,Optimism,3.61,DAI,196828769,1.4,4.34
2024-07-29,Compound,Polygon,4.01,USDC,198768797,1.22,2.69
2024-07-29,Compound,Polygon,3.98,USDT,186265833,0.93,3.4
2024-07-29,Compound,Base,3.76,USDC,186238716,1.49,4.4
2024-07-29,Compound,Base,3.76,USDT,175229224,1.46,3.57
2024-07-29,Compound,Base,3.99,DAI,182560525,1.55,2.87
2024-07-29,Curve,Ethereum,6.2,USDC,324626472,14.74,0
2024-07-29,Curve,Ethereum,6.74,USDT,301562870,21.6,0
2024-07-29,Curve,Arbitrum,12.25,USDC,317793423,2.03,5.21
2024-07-29,Curve,Arbitrum,9.9,USDT,330561669,2.23,5.18
2024-07-29,Curve,Arbitrum,9.47,DAI,335225713,2.14,4.97
2024-07-29,Curve,Optimism,8.35,USDC,302299612,1.77,4.77
2024-07-29,Curve,Optimism,10.91,USDT,351132199,2.38,4.35
2024-07-29,Curve,Optimism,8.37,DAI,312491800,2.06,4.21
2024-07-29,Curve,Polygon,10.08,USDC,338464695,0.9,2.15
2024-07-29,Curve,Polygon,11.02,USDT,284250027,0.88,2.15
2024-07-29,Curve,Polygon,10.16,DAI,323816653,1.08,2.85
2024-07-29,Curve,Base,10.08,USDT,359249203,1.32,3.63
2024-07-29,Curve,Base,12.45,DAI,342887804,1.53,3.98
2024-07-29,Uniswap V3,Ethereum,8.32,USDC,93941547,19.05,0
2024-07-29,Uniswap V3,Ethereum,8.08,USDT,91825999,19.57,0
2024-07-29,Uniswap V3,Ethereum,6.01,DAI,96357346,19.78,0
2024-07-29,Uniswap V3,Arbitrum,10.84,USDC,90106053,2.0,5.5
2024-07-29,Uniswap V3,Arbitrum,12.64,USDT,94021380,1.96,4.51
2024-07-29,Uniswap V3,Optimism,11.02,USDC,100989418,1.57,4.59
2024-07-29,Uniswap V3,Optimism,10.7,USDT,91790063,1.96,4.83
2024-07-29,Uniswap V3,Optimism,9.44,DAI,101982570,2.01,3.22
2024-07-29,Uniswap V3,Polygon,7.48,USDC,87427173,0.94,3.09
2024-07-29,Uniswap V3,Polygon,11.18,USDT,98061035,1.0,2.44
2024-07-29,Uniswap V3,Polygon,9.36,DAI,103410179,0.8,3.44
2024-07-29,Uniswap V3,Base,12.16,USDC,88722173,1.55,5.19
2024-07-29,Uniswap V3,Base,11.48,DAI,95394389,1.08,4.33
2024-07-29,Yearn,Ethereum,4.51,USDC,114157136,20.62,0
2024-07-29,Yearn,Ethereum,4.0,USDT,127014663,15.19,0
2024-07-29,Yearn,Ethereum,4.19,DAI,121947798,18.36,0
2024-07-29,Yearn,Arbitrum,5.02,USDC,118948863,1.79,4.94
2024-07-29,Yearn,Arbitrum,4.5,USDT,126971377,2.21,5.94
2024-07-29,Yearn,Arbitrum,5.04,DAI,124568478,2.98,6.8
2024-07-29,Yearn,Optimism,4.48,USDC,126517975,1.53,4.04
2024-07-29,Yearn,Optimism,4.46,USDT,116618017,1.68,2.77
2024-07-29,Yearn,Optimism,4.67,DAI,135868313,1.88,4.62
2024-07-29,Yearn,Polygon,5.07,USDC,125028960,0.78,2.39
2024-07-29,Yearn,Polygon,4.92,USDT,125520408,0.78,3.47
2024-07-29,Yearn,Base,5.23,USDC,121428746,1.5,3.6
2024-07-29,Yearn,Base,4.47,USDT,121944889,1.09,4.92
2024-07-29,Yearn,Base,5.29,DAI,122979913,1.47,2.47
2024-07-29,Pendle,Ethereum,10.23,USDC,77892788,15.2,0
2024-07-29,Pendle,Ethereum,11.29,USDT,77185306,21.02,0
2024-07-29,Pendle,Ethereum,9.13,DAI,79679309,18.56,0
2024-07-29,Pendle,Arbitrum,14.86,USDC,73092932,2.59,5.12
2024-07-29,Pendle,Arbitrum,9.37,USDT,77804848,1.83,5.04
2024-07-29,Pendle,Arbitrum,11.98,DAI,78447531,2.63,3.7
2024-07-29,Pendle,Optimism,13.09,USDC,74149263,1.67,3.14
2024-07-29,Pendle,Optimism,12.92,USDT,79374667,2.06,5.04
2024-07-29,Pendle,Optimism,15.26,DAI,74007272,1.5,5.2
2024-07-29,Pendle,Base,15.08,USDC,79907539,1.37,3.92
2024-07-29,Pendle,Base,14.84,USDT,68384689,1.37,4.51
2024-07-29,Pendle,Base,11.88,DAI,77050599,1.05,3.23
2024-07-29,Convex,Ethereum,5.94,USDC,156438480,17.07,0
2024-07-29,Convex,Ethereum,5.46,USDT,156415775,17.94,0
2024-07-29,Convex,Ethereum,5.17,DAI,155667847,22.51,0
2024-07-29,Balancer,Ethereum,9.85,USDT,100737623,14.54,0
2024-07-29,Balancer,Ethereum,7.84,DAI,119470793,20.48,0
2024-07-29,Balancer,Arbitrum,10.67,USDC,110877906,2.97,4.36
2024-07-29,Balancer,Arbitrum,11.48,USDT,107823994,2.0,4.79
2024-07-29,Balancer,Arbitrum,10.72,DAI,103959860,2.88,4.82
2024-07-29,Balancer,Optimism,11.14,USDC,106283614,1.49,3.21
2024-07-29,Balancer,Optimism,11.32,USDT,103845358,1.86,4.75
2024-07-29,Balancer,Optimism,7.61,DAI,110008155,1.93,3.92
2024-07-29,Balancer,Polygon,12.38,USDC,99968027,1.06,3.16
2024-07-29,Balancer,Polygon,13.29,USDT,111504603,0.73,3.09
2024-07-29,Balancer,Polygon,8.66,DAI,106369631,0.83,3.85
2024-07-29,Balancer,Base,9.93,USDC,111528106,1.7,4.44
2024-07-29,Balancer,Base,9.45,USDT,121935665,1.52,3.08
2024-07-29,Balancer,Base,11.42,DAI,121720158,1.6,4.59
2024-07-30,Aave,Ethereum,3.38,USDC,284402047,21.43,0
2024-07-30,Aave,Ethereum,3.19,USDT,271705372,17.58,0
2024-07-30,Aave,Ethereum,3.49,DAI,256356259,14.8,0
2024-07-30,Aave,Arbitrum,4.2,USDC,245065843,2.72,2.8
2024-07-30,Aave,Arbitrum,4.29,USDT,253844231,2.32,4.96
2024-07-30,Aave,Arbitrum,4.36,DAI,264029944,1.93,4.1
2024-07-30,Aave,Optimism,4.13,USDC,245246811,2.05,5.82
2024-07-30,Aave,Optimism,4.32,USDT,256569718,1.75,4.51
2024-07-30,Aave,Optimism,4.16,DAI,235525331,1.87,4.37
2024-07-30,Aave,Polygon,4.44,USDC,243689466,1.05,3.46
2024-07-30,Aave,Polygon,3.85,USDT,249459614,1.01,2.7
2024-07-30,Aave,Polygon,3.92,DAI,253071185,0.76,3.51
2024-07-30,Aave,Base,3.56,USDC,254320730,1.48,5.5
2024-07-30,Aave,Base,3.98,USDT,269488771,1.65,2.75
2024-07-30,Aave,Base,3.82,DAI,267676187,1.26,3.56
2024-07-30,Compound,Ethereum,3.19,USDT,187991230,19.54,0
2024-07-30,Compound,Ethereum,3.31,DAI,173139758,18.68,0
2024-07-30,Compound,Arbitrum,3.55,USDC,193742085,2.49,4.97
2024-07-30,Compound,Arbitrum,3.86,USDT,198149628,2.53,7.19
2024-07-30,Compound,Arbitrum,3.71,DAI,204298965,2.5,5.27
2024-07-30,Compound,Optimism,4.08,USDC,193859767,1.42,2.78
2024-07-30,Compound,Optimism,3.58,USDT,204318666,2.12,5.13
2024-07-30,Compound,Optimism,3.53,DAI,166958973,1.85,4.6
2024-07-30,Compound,Polygon,4.07,USDC,189981650,0.95,3.32
2024-07-30,Compound,Polygon,4.08,USDT,186838140,0.97,3.57
2024-07-30,Compound,Polygon,4.19,DAI,179370985,1.07,2.78
2024-07-30,Compound,Base,3.88,USDC,175445510,1.1,3.45
2024-07-30,Compound,Base,3.79,USDT,180680782,1.42,3.32
2024-07-30,Compound,Base,3.52,DAI,193092360,1.7,4.58
2024-07-30,Curve,Ethereum,6.89,USDC,338077503,15.0,0
2024-07-30,Curve,Ethereum,8.59,USDT,322665757,16.96,0
2024-07-30,Curve,Ethereum,8.41,DAI,323349187,15.69,0
2024-07-30,Curve,Arbitrum,9.35,USDT,329693437,2.92,6.01
2024-07-30,Curve,Arbitrum,9.93,DAI,342213399,2.02,3.54
2024-07-30,Curve,Optimism,9.62,USDC,322515459,1.62,3.6
2024-07-30,Curve,Optimism,11.19,USDT,313092155,1.39,3.44
2024-07-30,Curve,Polygon,7.48,USDC,336388789,1.02,3.9
2024-07-30,Curve,Polygon,13.26,USDT,319059409,0.99,2.52
2024-07-30,Curve,Polygon,10.17,DAI,346537258,1.12,3.49
2024-07-30,Curve,Base,9.42,USDC,348951995,1.44,3.89
2024-07-30,Curve,Base,10.64,DAI,359176447,1.53,4.06
2024-07-30,Uniswap V3,Ethereum,8.9,USDC,95017405,19.06,0
2024-07-30,Uniswap V3,Ethereum,10.4,USDT,91711600,17.07,0
2024-07-30,Uniswap V3,Ethereum,9.16,DAI,101971366,16.07,0
2024-07-30,Uniswap V3,Arbitrum,10.57,USDC,103309921,2.64,4.65
2024-07-30,Uniswap V3,Arbitrum,11.12,USDT,102160786,2.1,5.33
2024-07-30,Uniswap V3,Arbitrum,8.74,DAI,97096525,3.02,5.17
2024-07-30,Uniswap V3,Optimism,11.14,USDC,98603105,1.91,3.41
2024-07-30,Uniswap V3,Optimism,9.1,USDT,99152426,1.84,4.69
2024-07-30,Uniswap V3,Optimism,11.46,DAI,104941994,1.74,3.92
2024-07-30,Uniswap V3,Polygon,7.41,USDC,99014550,0.92,2.5
2024-07-30,Uniswap V3,Polygon,8.67,USDT,101496976,0.72,3.25
2024-07-30,Uniswap V3,Polygon,12.01,DAI,103784017,0.98,3.14
2024-07-30,Uniswap V3,Base,13.2,USDC,88912274,1.58,5.01
2024-07-30,Uniswap V3,Base,8.82,USDT,97781588,1.5,4.5
2024-07-30,Uniswap V3,Base,11.73,DAI,100296555,1.91,3.14
2024-07-30,Yearn,Ethereum,4.31,USDC,123761609,17.02,0
2024-07-30,Yearn,Ethereum,4.1,USDT,125451015,16.73,0
2024-07-30,Yearn,Ethereum,4.11,DAI,125791188,18.57,0
2024-07-30,Yearn,Arbitrum,4.99,USDC,119410809,3.18,3.84
2024-07-30,Yearn,Arbitrum,4.99,USDT,121921139,2.28,4.57
2024-07-30,Yearn,Optimism,5.11,USDT,126257018,1.84,2.96
2024-07-30,Yearn,Optimism,4.57,DAI,123108596,1.66,3.47
2024-07-30,Yearn,Polygon,5.39,USDC,131098520,1.35,2.35
2024-07-30,Yearn,Polygon,5.38,USDT,127504006,1.17,3.77
2024-07-30,Yearn,Polygon,5.1,DAI,119471524,1.11,4.01
2024-07-30,Yearn,Base,4.97,USDC,127705949,1.75,4.04
2024-07-30,Yearn,Base,4.74,USDT,116945704,1.66,4.31
2024-07-30,Yearn,Base,5.71,DAI,123751315,1.22,2.71
2024-07-30,Pendle,Ethereum,12.9,USDT,78894784,16.74,0
2024-07-30,Pendle,Ethereum,11.0,DAI,80966551,21.53,0
2024-07-30,Pendle,Arbitrum,11.31,USDC,74327408,2.3,5.33
2024-07-30,Pendle,Arbitrum,14.65,USDT,78947125,2.67,3.27
2024-07-30,Pendle,Arbitrum,12.92,DAI,77559899,2.1,5.51
2024-07-30,Pendle,Optimism,12.74,USDC,80003334,1.33,3.68
2024-07-30,Pendle,Optimism,12.39,USDT,81114568,1.41,4.82
2024-07-30,Pendle,Optimism,13.81,DAI,75952351,1.26,4.99
2024-07-30,Pendle,Base,15.46,USDC,78768743,1.33,4.26
2024-07-30,Pendle,Base,17.46,USDT,75721466,1.4,4.89
2024-07-30,Pendle,Base,12.42,DAI,77533936,1.45,4.91
2024-07-30,Convex,Ethereum,5.42,USDC,161878616,17.01,0
2024-07-30,Convex,Ethereum,5.71,USDT,149237271,20.37,0
2024-07-30,Convex,Ethereum,6.13,DAI,158300022,19.21,0
2024-07-30,Balancer,Ethereum,9.41,USDC,109699000,19.85,0
2024-07-30,Balancer,Ethereum,8.87,USDT,122513342,15.27,0
2024-07-30,Balancer,Ethereum,8.72,DAI,112227885,18.97,0
2024-07-30,Balancer,Arbitrum,9.22,USDT,121597803,2.63,5.09
2024-07-30,Balancer,Arbitrum,11.15,DAI,114145477,1.93,6.43
2024-07-30,Balancer,Optimism,8.87,USDC,113993439,1.88,3.41
2024-07-30,Balancer,Optimism,12.04,USDT,113396141,2.29,3.68
2024-07-30,Balancer,Optimism,9.19,DAI,113892800,1.46,4.07
2024-07-30,Balancer,Polygon,10.12,USDC,116588470,0.99,2.92
2024-07-30,Balancer,Polygon,9.85,USDT,122040424,0.56,2.48
2024-07-30,Balancer,Polygon,11.16,DAI,113627067,0.83,2.78
2024-07-30,Balancer,Base,10.21,USDC,122115560,1.43,2.85
2024-07-30,Balancer,Base,9.53,USDT,118298342,1.2,3.78
2024-07-30,Balancer,Base,8.28,DAI,118052920,1.09,4.06
2024-07-31,Aave,Ethereum,3.36,USDT,280592434,20.53,0
2024-07-31,Aave,Ethereum,3.5,DAI,259648335,20.97,0
2024-07-31,Aave,Arbitrum,4.14,USDC,260125094,2.94,4.79
2024-07-31,Aave,Arbitrum,3.84,USDT,254362639,1.91,5.74
2024-07-31,Aave,Arbitrum,4.32,DAI,294331605,1.92,4.62
2024-07-31,Aave,Optimism,3.93,USDC,280467278,1.59,3.2
2024-07-31,Aave,Optimism,4.27,DAI,267894661,1.72,2.99
2024-07-31,Aave,Polygon,4.06,USDC,277739384,0.98,2.23
2024-07-31,Aave,Polygon,4.32,USDT,257920023,1.15,2.76
2024-07-31,Aave,Polygon,4.09,DAI,283976640,0.91,3.15
2024-07-31,Aave,Base,3.96,USDC,286282752,1.88,5.35
2024-07-31,Aave,Base,3.61,DAI,271005585,0.96,2.62
2024-07-31,Compound,Ethereum,3.01,USDC,183313137,18.32,0
2024-07-31,Compound,Ethereum,3.46,USDT,195509537,16.96,0
2024-07-31,Compound,Arbitrum,4.26,USDC,193046261,2.65,4.28
2024-07-31,Compound,Arbitrum,3.85,USDT,176783446,2.02,2.8
2024-07-31,Compound,Arbitrum,3.69,DAI,184183168,2.33,5.36
2024-07-31,Compound,Optimism,3.62,USDC,195119566,1.77,3.59
2024-07-31,Compound,Optimism,3.82,USDT,197187771,1.45,4.16
2024-07-31,Compound,Optimism,3.88,DAI,195610674,1.81,4.22
2024-07-31,Compound,Polygon,4.09,USDC,195543462,1.06,3.21
2024-07-31,Compound,Polygon,4.18,USDT,198476174,1.1,2.61
2024-07-31,Compound,Polygon,3.91,DAI,192744216,0.9,3.14
2024-07-31,Compound,Base,3.9,USDC,208796750,1.27,4.31
2024-07-31,Compound,Base,3.49,USDT,184875494,1.28,3.02
2024-07-31,Compound,Base,3.49,DAI,187581929,1.32,4.06
2024-07-31,Curve,Ethereum,10.05,USDC,362113890,14.27,0
2024-07-31,Curve,Ethereum,9.09,USDT,328096101,20.06,0
2024-07-31,Curve,Ethereum,7.37,DAI,342765582,16.56,0
2024-07-31,Curve,Arbitrum,9.76,USDC,344178755,1.8,3.96
2024-07-31,Curve,Arbitrum,8.67,USDT,307045795,3.22,7.25
2024-07-31,Curve,Arbitrum,9.18,DAI,344459195,2.55,5.67
2024-07-31,Curve,Optimism,9.76,USDC,374332966,1.78,3.59
2024-07-31,Curve,Optimism,9.48,USDT,344188171,1.69,4.84
2024-07-31,Curve,Optimism,9.58,DAI,338655967,1.8,3.57
2024-07-31,Curve,Polygon,7.84,USDT,325581339,1.11,3.21
2024-07-31,Curve,Polygon,10.31,DAI,353238991,0.72,2.46
2024-07-31,Curve,Base,8.18,USDC,337852419,1.81,3.65
2024-07-31,Curve,Base,10.14,USDT,327909817,1.39,3.75
2024-07-31,Curve,Base,8.51,DAI,333452001,1.35,5.24
2024-07-31,Uniswap V3,Ethereum,8.86,USDC,98055837,19.84,0
2024-07-31,Uniswap V3,Ethereum,7.49,DAI,108560572,18.16,0
2024-07-31,Uniswap V3,Arbitrum,9.9,USDT,104581747,2.53,5.6
2024-07-31,Uniswap V3,Arbitrum,11.56,DAI,105801098,2.09,4.25
2024-07-31,Uniswap V3,Optimism,13.02,USDC,106295812,2.0,3.77
2024-07-31,Uniswap V3,Optimism,11.63,USDT,98042684,2.14,1.58
2024-07-31,Uniswap V3,Optimism,10.07,DAI,96128521,2.27,4.37
2024-07-31,Uniswap V3,Polygon,13.37,USDC,102065001,0.9,3.41
2024-07-31,Uniswap V3,Polygon,7.73,USDT,98809046,1.01,2.86
2024-07-31,Uniswap V3,Polygon,10.62,DAI,94939072,0.8,3.38
2024-07-31,Uniswap V3,Base,10.68,USDT,96618643,1.07,3.85
2024-07-31,Uniswap V3,Base,8.92,DAI,99944795,1.23,5.7
2024-07-31,Yearn,Ethereum,4.45,USDC,123834429,16.62,0
2024-07-31,Yearn,Ethereum,4.2,USDT,113978070,23.13,0
2024-07-31,Yearn,Ethereum,3.82,DAI,133610231,21.24,0
2024-07-31,Yearn,Arbitrum,4.89,USDC,131943479,2.13,4.56
2024-07-31,Yearn,Arbitrum,4.81,USDT,127014869,3.42,5.7
2024-07-31,Yearn,Arbitrum,4.85,DAI,125561319,2.96,5.41
2024-07-31,Yearn,Optimism,4.98,USDC,122435415,2.1,3.31
2024-07-31,Yearn,Optimism,4.89,USDT,129638826,1.75,3.58
2024-07-31,Yearn,Optimism,5.04,DAI,132458397,1.79,4.85
2024-07-31,Yearn,Polygon,5.59,USDC,116531758,1.08,3.45
2024-07-31,Yearn,Polygon,5.62,USDT,125560198,0.81,3.13
2024-07-31,Yearn,Polygon,6.0,DAI,133172761,0.99,3.38
2024-07-31,Yearn,Base,4.7,USDT,128694064,1.68,3.99
2024-07-31,Yearn,Base,4.67,DAI,131233415,1.31,3.94
2024-07-31,Pendle,Ethereum,11.77,USDC,84671701,20.42,0
2024-07-31,Pendle,Ethereum,14.4,USDT,80877911,13.88,0
2024-07-31,Pendle,Ethereum,11.83,DAI,79823962,21.73,0
2024-07-31,Pendle,Arbitrum,14.18,USDC,77523060,2.46,5.52
2024-07-31,Pendle,Arbitrum,9.48,USDT,75844345,2.05,3.8
2024-07-31,Pendle,Optimism,16.32,USDC,78469027,1.6,4.51
2024-07-31,Pendle,Optimism,17.79,USDT,81396714,1.66,4.72
2024-07-31,Pendle,Optimism,13.31,DAI,79000789,2.11,3.6
2024-07-31,Pendle,Base,15.32,USDC,82112018,1.33,4.39
2024-07-31,Pendle,Base,13.6,USDT,79885501,1.76,5.33
2024-07-31,Pendle,Base,12.45,DAI,73203247,1.59,2.17
2024-07-31,Convex,Ethereum,5.67,USDC,162643112,16.02,0
2024-07-31,Convex,Ethereum,5.26,USDT,163202204,15.05,0
2024-07-31,Convex,Ethereum,5.4,DAI,157529019,19.25,0
2024-07-31,Balancer,Ethereum,7.36,USDC,120739976,14.32,0
2024-07-31,Balancer,Ethereum,7.74,USDT,114119567,16.7,0
2024-07-31,Balancer,Ethereum,8.62,DAI,119854893,17.33,0
2024-07-31,Balancer,Arbitrum,10.8,USDC,119914728,2.13,5.66
2024-07-31,Balancer,Arbitrum,8.9,USDT,123305291,2.36,4.57
2024-07-31,Balancer,Arbitrum,10.18,DAI,108571385,2.3,3.46
2024-07-31,Balancer,Optimism,10.01,USDC,119241633,1.88,4.05
2024-07-31,Balancer,Optimism,8.71,USDT,108756929,1.7,3.34
2024-07-31,Balancer,Polygon,12.08,USDC,113211358,1.14,1.8
2024-07-31,Balancer,Polygon,10.8,USDT,109312821,1.05,2.68
2024-07-31,Balancer,Polygon,11.85,DAI,115091183,0.83,2.53
2024-07-31,Balancer,Base,9.15,USDC,112295268,1.62,4.53
2024-07-31,Balancer,Base,10.59,USDT,122438936,1.27,4.36
2024-07-31,Balancer,Base,10.76,DAI,110277656,1.44,3.28
2024-08-01,Aave,Ethereum,2.86,USDC,287458560,11.62,0
2024-08-01,Aave,Ethereum,3.45,USDT,260520795,20.98,0
2024-08-01,Aave,Arbitrum,3.95,USDC,294869614,2.49,4.63
2024-08-01,Aave,Arbitrum,3.7,USDT,267279128,2.6,4.11
2024-08-01,Aave,Arbitrum,3.81,DAI,275514756,2.4,3.2
2024-08-01,Aave,Optimism,3.53,USDC,263455425,1.7,3.71
2024-08-01,Aave,Optimism,3.7,USDT,267706733,1.44,4.57
2024-08-01,Aave,Optimism,3.95,DAI,279786079,1.82,3.2
2024-08-01,Aave,Polygon,3.81,USDC,261925189,0.97,2.58
2024-08-01,Aave,Polygon,4.36,USDT,270704979,0.75,3.03
2024-08-01,Aave,Polygon,4.61,DAI,276282740,0.87,3.15
2024-08-01,Aave,Base,3.56,USDC,263662676,1.33,3.99
2024-08-01,Aave,Base,4.08,USDT,282574485,1.24,4.32
2024-08-01,Aave,Base,3.87,DAI,285059994,1.69,2.78
2024-08-01,Compound,Ethereum,3.01,USDT,194631681,17.78,0
2024-08-01,Compound,Ethereum,3.06,DAI,182288290,17.12,0
2024-08-01,Compound,Arbitrum,4.0,USDC,191324042,2.22,4.67
2024-08-01,Compound,Arbitrum,3.97,DAI,196977705,2.44,5.54
2024-08-01,Compound,Optimism,3.5,USDC,176889856,1.74,3.92
2024-08-01,Compound,Optimism,3.38,USDT,174540760,1.46,4.61
2024-08-01,Compound,Optimism,3.38,DAI,197360912,1.99,2.69
2024-08-01,Compound,Polygon,3.98,USDC,190202011,0.68,2.55
2024-08-01,Compound,Polygon,3.64,USDT,180004562,1.14,3.11
2024-08-01,Compound,Base,3.28,USDC,195454556,1.35,4.0
2024-08-01,Compound,Base,3.48,USDT,209396357,1.51,4.28
2024-08-01,Compound,Base,3.99,DAI,203035127,1.4,3.51
2024-08-01,Curve,Ethereum,7.45,USDC,337416204,11.61,0
2024-08-01,Curve,Ethereum,7.92,USDT,339700006,17.02,0
2024-08-01,Curve,Ethereum,7.95,DAI,339265007,16.48,0
2024-08-01,Curve,Arbitrum,8.34,USDC,350611805,2.9,4.44
2024-08-01,Curve,Arbitrum,8.91,USDT,329882544,2.85,3.43
2024-08-01,Curve,Arbitrum,8.97,DAI,344006934,2.24,3.97
2024-08-01,Curve,Optimism,8.85,USDC,360082941,1.46,4.52
2024-08-01,Curve,Optimism,11.08,USDT,361522580,1.79,3.93
2024-08-01,Curve,Optimism,8.18,DAI,371071577,1.58,3.87
2024-08-01,Curve,Polygon,10.35,USDC,351223480,1.07,3.24
2024-08-01,Curve,Polygon,8.59,USDT,322868254,0.96,3.58
2024-08-01,Curve,Polygon,10.82,DAI,374335319,0.79,3.04
2024-08-01,Curve,Base,7.49,USDC,343181265,1.0,4.32
2024-08-01,Curve,Base,9.37,DAI,330351427,1.48,4.03
2024-08-01,Uniswap V3,Ethereum,10.03,USDT,110870676,19.95,0
2024-08-01,Uniswap V3,Ethereum,6.67,DAI,104675329,14.23,0
2024-08-01,Uniswap V3,Arbitrum,9.76,USDC,100398038,2.84,3.46
2024-08-01,Uniswap V3,Arbitrum,12.03,USDT,99254358,2.43,4.62
2024-08-01,Uniswap V3,Arbitrum,7.51,DAI,97211826,3.21,4.81
2024-08-01,Uniswap V3,Optimism,10.83,USDC,98574820,1.74,2.64
2024-08-01,Uniswap V3,Optimism,9.4,DAI,96919606,1.63,4.38
2024-08-01,Uniswap V3,Polygon,10.63,USDC,103906281,0.84,2.98
2024-08-01,Uniswap V3,Polygon,11.17,USDT,99237077,1.1,2.6
2024-08-01,Uniswap V3,Polygon,9.21,DAI,103421927,0.94,4.52
2024-08-01,Uniswap V3,Base,11.3,USDC,103454624,1.55,4.78
2024-08-01,Uniswap V3,Base,10.89,DAI,99403753,1.13,2.55
2024-08-01,Yearn,Ethereum,3.82,USDC,145060784,19.68,0
2024-08-01,Yearn,Ethereum,4.11,USDT,117935903,12.98,0
2024-08-01,Yearn,Arbitrum,4.63,USDT,130703187,2.74,4.24
2024-08-01,Yearn,Arbitrum,4.58,DAI,121068816,2.69,4.37
2024-08-01,Yearn,Optimism,4.81,USDC,125355024,1.39,3.49
2024-08-01,Yearn,Optimism,4.77,USDT,123864374,1.56,4.19
2024-08-01,Yearn,Optimism,4.67,DAI,132211609,1.97,4.63
2024-08-01,Yearn,Polygon,5.78,USDC,128774349,0.73,2.8
2024-08-01,Yearn,Polygon,5.01,USDT,131774406,0.84,2.51
2024-08-01,Yearn,Polygon,5.51,DAI,131885015,0.95,2.68
2024-08-01,Yearn,Base,5.28,USDC,117417356,1.6,4.29
2024-08-01,Yearn,Base,5.08,USDT,126701881,1.67,4.94
2024-08-01,Yearn,Base,5.28,DAI,123825112,1.35,3.58
2024-08-01,Pendle,Ethereum,10.64,USDT,86469734,18.14,0
2024-08-01,Pendle,Ethereum,10.92,DAI,83724298,18.02,0
2024-08-01,Pendle,Arbitrum,14.43,USDC,87022696,2.73,5.41
2024-08-01,Pendle,Arbitrum,15.91,DAI,79678014,2.33,4.89
2024-08-01,Pendle,Optimism,15.73,USDC,76933241,1.45,4.2
2024-08-01,Pendle,Base,14.92,DAI,77938916,1.68,4.49
2024-08-01,Convex,Ethereum,6.33,USDC,165833513,18.43,0
2024-08-01,Convex,Ethereum,5.64,USDT,159084787,19.11,0
2024-08-01,Convex,Ethereum,4.55,DAI,160692364,18.94,0
2024-08-01,Balancer,Ethereum,7.55,USDC,116668615,12.18,0
2024-08-01,Balancer,Ethereum,6.91,DAI,121526956,22.36,0
2024-08-01,Balancer,Arbitrum,8.76,USDC,126635396,2.16,4.3
2024-08-01,Balancer,Arbitrum,9.77,USDT,114460514,2.01,5.7
2024-08-01,Balancer,Arbitrum,11.54,DAI,121198956,2.15,3.98
2024-08-01,Balancer,Optimism,9.98,USDC,112534296,1.48,4.3
2024-08-01,Balancer,Optimism,9.26,USDT,119017805,2.0,3.31
2024-08-01,Balancer,Optimism,11.9,DAI,117352921,2.17,3.52
2024-08-01,Balancer,Polygon,11.43,USDC,121384145,0.97,2.69
2024-08-01,Balancer,Polygon,8.64,USDT,127658346,0.93,2.43
2024-08-01,Balancer,Base,9.3,USDC,118756076,1.8,3.86
2024-08-01,Balancer,Base,11.82,USDT,122433133,1.4,3.99
2024-08-01,Balancer,Base,8.6,DAI,126685862,1.43,3.26
2024-08-02,Aave,Ethereum,3.2,USDC,298841461,10.49,0
2024-08-02,Aave,Ethereum,3.09,USDT,258962470,19.84,0
2024-08-02,Aave,Ethereum,3.1,DAI,248820392,17.5,0
2024-08-02,Aave,Arbitrum,4.35,USDC,269458964,1.64,5.93
2024-08-02,Aave,Arbitrum,4.22,DAI,270893027,2.19,5.3
2024-08-02,Aave,Optimism,3.87,USDC,303352293,1.54,4.56
2024-08-02,Aave,Optimism,3.93,USDT,278700665,1.67,3.51
2024-08-02,Aave,Optimism,3.71,DAI,273188719,1.53,3.66
2024-08-02,Aave,Polygon,4.09,USDC,271775055,0.94,2.09
2024-08-02,Aave,Polygon,3.47,USDT,270862765,0.8,3.47
2024-08-02,Aave,Polygon,3.79,DAI,273390066,0.73,3.06
2024-08-02,Aave,Base,3.7,USDC,286047524,1.85,4.74
2024-08-02,Aave,Base,3.98,USDT,292959469,1.15,4.57
2024-08-02,Aave,Base,4.0,DAI,269177646,1.76,2.59
2024-08-02,Compound,Ethereum,3.08,USDC,191621589,21.24,0
2024-08-02,Compound,Ethereum,2.88,USDT,195939133,15.74,0
2024-08-02,Compound,Ethereum,3.19,DAI,214690248,19.0,0
2024-08-02,Compound,Arbitrum,3.71,USDC,199679664,2.54,4.62
2024-08-02,Compound,Arbitrum,4.03,USDT,198642408,2.09,5.76
2024-08-02,Compound,Arbitrum,3.96,DAI,194786602,2.35,5.14
2024-08-02,Compound,Optimism,3.59,USDC,196528954,1.49,3.78
2024-08-02,Compound,Optimism,3.46,USDT,198906457,1.23,5.44
2024-08-02,Compound,Optimism,3.42,DAI,205270788,1.89,4.74
2024-08-02,Compound,Polygon,3.64,USDC,189740975,0.8,3.23
2024-08-02,Compound,Polygon,3.93,USDT,215999708,1.06,3.67
2024-08-02,Compound,Polygon,3.87,DAI,200457754,0.78,4.58
2024-08-02,Compound,Base,3.77,USDC,197953925,1.38,3.76
2024-08-02,Compound,Base,3.79,USDT,198648725,1.3,3.37
2024-08-02,Compound,Base,3.75,DAI,197228753,1.51,4.2
2024-08-02,Curve,Ethereum,8.43,USDC,345572215,19.0,0
2024-08-02,Curve,Ethereum,8.45,USDT,351583563,15.95,0
2024-08-02,Curve,Ethereum,8.37,DAI,373418673,16.0,0
2024-08-02,Curve,Arbitrum,9.94,USDC,341286453,2.31,4.86
2024-08-02,Curve,Arbitrum,9.59,USDT,364600351,1.73,5.86
2024-08-02,Curve,Arbitrum,9.26,DAI,360718424,1.8,6.67
2024-08-02,Curve,Optimism,10.65,USDC,350494966,1.53,2.75
2024-08-02,Curve,Optimism,11.16,USDT,370617349,2.06,4.29
2024-08-02,Curve,Optimism,8.18,DAI,361694582,1.52,3.37
2024-08-02,Curve,Polygon,10.89,USDC,346897023,1.31,3.14
2024-08-02,Curve,Polygon,13.74,USDT,360384646,0.89,3.7
2024-08-02,Curve,Polygon,9.27,DAI,369154318,0.96,3.24
2024-08-02,Curve,Base,10.73,USDC,346057036,1.36,5.44
2024-08-02,Curve,Base,8.73,USDT,341722834,1.33,3.54
2024-08-02,Curve,Base,10.11,DAI,373133056,1.12,4.77
2024-08-02,Uniswap V3,Ethereum,7.78,USDC,101310984,19.36,0
2024-08-02,Uniswap V3,Ethereum,7.67,USDT,109256679,21.21,0
2024-08-02,Uniswap V3,Ethereum,9.6,DAI,95444558,16.68,0
2024-08-02,Uniswap V3,Arbitrum,12.74,USDT,105399000,2.02,4.18
2024-08-02,Uniswap V3,Arbitrum,9.48,DAI,99097878,2.53,5.94
2024-08-02,Uniswap V3,Optimism,8.86,USDC,101976902,2.2,3.31
2024-08-02,Uniswap V3,Optimism,11.89,USDT,104027156,2.0,5.1
2024-08-02,Uniswap V3,Optimism,9.92,DAI,111347246,1.96,4.91
2024-08-02,Uniswap V3,Polygon,13.14,USDC,107321290,1.12,2.55
2024-08-02,Uniswap V3,Polygon,13.83,USDT,90315665,0.73,1.91
2024-08-02,Uniswap V3,Polygon,4.68,DAI,111086802,1.09,2.0
2024-08-02,Uniswap V3,Base,6.52,USDC,101288430,1.5,4.13
2024-08-02,Uniswap V3,Base,11.53,USDT,99416973,1.53,5.21
2024-08-02,Uniswap V3,Base,10.12,DAI,104297340,1.81,4.08
2024-08-02,Yearn,Ethereum,3.94,USDC,120158767,16.87,0
2024-08-02,Yearn,Ethereum,3.83,USDT,136986549,22.86,0
2024-08-02,Yearn,Ethereum,4.06,DAI,133049341,25.63,0
2024-08-02,Yearn,Arbitrum,5.21,USDT,136491404,2.67,6.58
2024-08-02,Yearn,Arbitrum,4.74,DAI,129589717,2.66,4.87
2024-08-02,Yearn,Optimism,4.95,USDC,135417096,1.83,4.01
2024-08-02,Yearn,Optimism,4.9,USDT,127837820,1.65,4.76
2024-08-02,Yearn,Optimism,4.42,DAI,133808624,1.46,4.89
2024-08-02,Yearn,Polygon,5.18,USDC,131357155,0.95,3.25
2024-08-02,Yearn,Polygon,4.69,USDT,132787803,1.02,2.73
2024-08-02,Yearn,Base,5.27,USDC,131917206,1.48,2.54
2024-08-02,Yearn,Base,4.95,USDT,120228002,1.61,2.86
2024-08-02,Yearn,Base,4.87,DAI,128806066,1.23,3.03
2024-08-02,Pendle,Ethereum,11.66,USDC,84107097,15.81,0
2024-08-02,Pendle,Ethereum,12.07,USDT,78826743,19.41,0
2024-08-02,Pendle,Ethereum,11.46,DAI,81335742,19.25,0
2024-08-02,Pendle,Arbitrum,14.01,USDC,83474052,1.84,3.42
2024-08-02,Pendle,Arbitrum,15.77,USDT,86375587,2.82,3.81
2024-08-02,Pendle,Arbitrum,12.91,DAI,81580915,1.57,5.97
2024-08-02,Pendle,Optimism,15.75,DAI,81490113,1.14,4.71
2024-08-02,Pendle,Base,18.28,USDC,77072365,1.42,3.96
2024-08-02,Pendle,Base,12.59,USDT,90499199,1.52,3.21
2024-08-02,Pendle,Base,13.8,DAI,75639099,1.52,5.47
2024-08-02,Convex,Ethereum,6.38,USDC,166999851,14.85,0
2024-08-02,Convex,Ethereum,5.82,USDT,166193875,21.96,0
2024-08-02,Convex,Ethereum,5.05,DAI,166447343,20.75,0
2024-08-02,Balancer,Ethereum,7.6,USDC,118779251,22.17,0
2024-08-02,Balancer,Arbitrum,11.01,USDC,111523722,2.32,5.36
2024-08-02,Balancer,Optimism,11.55,USDC,130293737,1.81,4.04
2024-08-02,Balancer,Optimism,9.0,USDT,126085648,1.88,5.39
2024-08-02,Balancer,Optimism,7.65,DAI,115428935,2.01,4.44
2024-08-02,Balancer,Polygon,10.53,USDC,125064829,1.13,3.06
2024-08-02,Balancer,Polygon,11.71,USDT,126062564,0.81,4.32
2024-08-02,Balancer,Polygon,8.98,DAI,123803408,1.17,4.03
2024-08-02,Balancer,Base,10.19,USDC,121582065,1.14,3.57
2024-08-02,Balancer,Base,9.62,USDT,126280322,1.24,2.74
2024-08-02,Balancer,Base,11.04,DAI,125575323,0.74,3.33
2024-08-03,Aave,Ethereum,3.02,USDC,303817384,11.6,0
2024-08-03,Aave,Ethereum,2.85,USDT,273815183,11.46,0
2024-08-03,Aave,Ethereum,3.09,DAI,289560089,9.9,0
2024-08-03,Aave,Arbitrum,3.66,USDC,284487470,1.65,5.2
2024-08-03,Aave,Arbitrum,3.48,USDT,239540732,1.84,5.58
2024-08-03,Aave,Arbitrum,3.76,DAI,287174738,1.54,3.18
2024-08-03,Aave,Optimism,3.33,USDC,275081854,1.17,3.41
2024-08-03,Aave,Optimism,3.81,USDT,284102015,1.1,4.05
2024-08-03,Aave,Optimism,3.7,DAI,285555303,1.25,4.3
2024-08-03,Aave,Polygon,4.27,USDC,292446969,0.54,3.15
2024-08-03,Aave,Polygon,4.38,USDT,293085241,0.61,3.25
2024-08-03,Aave,Polygon,4.23,DAI,274494769,0.78,3.79
2024-08-03,Aave,Base,4.0,USDC,280658529,1.16,3.94
2024-08-03,Aave,Base,3.67,USDT,310738877,0.91,4.05
2024-08-03,Aave,Base,3.59,DAI,272526904,1.14,3.6
2024-08-03,Compound,Ethereum,3.17,USDC,214982909,13.28,0
2024-08-03,Compound,Ethereum,3.1,USDT,205835383,10.4,0
2024-08-03,Compound,Ethereum,2.72,DAI,211094274,12.29,0
2024-08-03,Compound,Arbitrum,3.67,USDC,216365670,2.06,4.26
2024-08-03,Compound,Arbitrum,3.5,USDT,193489288,1.64,4.5
2024-08-03,Compound,Arbitrum,3.42,DAI,204957761,2.19,6.31
2024-08-03,Compound,Optimism,3.44,USDC,214018117,0.84,3.96
2024-08-03,Compound,Polygon,3.85,USDC,186952914,0.61,2.71
2024-08-03,Compound,Polygon,3.56,USDT,201499640,0.62,3.29
2024-08-03,Compound,Polygon,3.89,DAI,199609099,0.73,3.59
2024-08-03,Compound,Base,3.56,USDT,222515273,0.54,6.19
2024-08-03,Compound,Base,3.54,DAI,207598641,1.16,3.7
2024-08-03,Curve,Ethereum,6.65,USDC,371760932,8.39,0
2024-08-03,Curve,Ethereum,9.54,USDT,359940510,11.21,0
2024-08-03,Curve,Ethereum,5.85,DAI,358192720,11.96,0
2024-08-03,Curve,Arbitrum,8.74,USDT,379677397,1.3,4.96
2024-08-03,Curve,Arbitrum,8.8,DAI,359714837,1.2,6.29
2024-08-03,Curve,Optimism,9.12,USDC,357671715,1.35,4.15
2024-08-03,Curve,Optimism,9.27,USDT,373664166,1.22,4.88
2024-08-03,Curve,Optimism,9.71,DAI,380916926,1.2,5.16
2024-08-03,Curve,Polygon,7.02,USDC,372416600,0.68,3.16
2024-08-03,Curve,Polygon,10.46,USDT,388426971,0.61,2.96
2024-08-03,Curve,Polygon,10.74,DAI,359653122,0.67,3.13
2024-08-03,Curve,Base,11.15,DAI,342288044,1.11,2.3
2024-08-03,Uniswap V3,Ethereum,9.74,USDC,97609754,13.51,0
2024-08-03,Uniswap V3,Ethereum,7.01,USDT,98516462,13.56,0
2024-08-03,Uniswap V3,Ethereum,7.16,DAI,96217436,11.68,0
2024-08-03,Uniswap V3,Arbitrum,10.35,USDC,102536222,1.59,4.65
2024-08-03,Uniswap V3,Arbitrum,10.25,USDT,104286056,1.66,6.26
2024-08-03,Uniswap V3,Arbitrum,10.22,DAI,107527994,1.69,5.16
2024-08-03,Uniswap V3,Optimism,9.58,USDC,104325572,1.61,2.75
2024-08-03,Uniswap V3,Optimism,10.88,DAI,99419773,1.37,4.17
2024-08-03,Uniswap V3,Polygon,8.71,USDT,104522691,0.83,3.13
2024-08-03,Uniswap V3,Polygon,12.81,DAI,108629065,0.66,4.23
2024-08-03,Uniswap V3,Base,12.24,USDC,111168177,0.94,2.9
2024-08-03,Uniswap V3,Base,11.08,USDT,98933444,1.0,4.63
2024-08-03,Uniswap V3,Base,11.11,DAI,96042766,1.2,5.18
2024-08-03,Yearn,Ethereum,3.76,USDC,133851380,12.62,0
2024-08-03,Yearn,Ethereum,4.2,DAI,133567867,12.18,0
2024-08-03,Yearn,Arbitrum,4.74,USDC,140251991,1.39,4.55
2024-08-03,Yearn,Arbitrum,4.64,USDT,135833999,1.56,3.98
2024-08-03,Yearn,Arbitrum,4.69,DAI,124384496,1.8,4.52
2024-08-03,Yearn,Optimism,5.02,USDC,140382413,1.11,4.0
2024-08-03,Yearn,Optimism,4.49,USDT,136032814,1.29,4.21
2024-08-03,Yearn,Optimism,4.88,DAI,135799955,1.05,5.0
2024-08-03,Yearn,Polygon,4.84,USDC,131533807,0.5,3.21
2024-08-03,Yearn,Polygon,4.76,USDT,133845551,0.73,2.76
2024-08-03,Yearn,Polygon,4.49,DAI,127314066,0.72,2.95
2024-08-03,Yearn,Base,4.59,USDC,134863290,1.13,3.21
2024-08-03,Yearn,Base,4.22,USDT,138418004,1.21,4.74
2024-08-03,Yearn,Base,5.78,DAI,133962767,0.97,3.82
2024-08-03,Pendle,Ethereum,11.19,USDT,84888839,13.7,0
2024-08-03,Pendle,Ethereum,9.51,DAI,83260652,12.85,0
2024-08-03,Pendle,Arbitrum,14.51,USDC,79714896,1.24,4.65
2024-08-03,Pendle,Arbitrum,15.26,USDT,88924373,1.65,5.23
2024-08-03,Pendle,Arbitrum,14.28,DAI,81794131,1.56,5.63
2024-08-03,Pendle,Optimism,14.03,USDC,87540324,1.33,5.0
2024-08-03,Pendle,Optimism,13.06,USDT,81296224,0.62,4.32
2024-08-03,Pendle,Optimism,12.19,DAI,85750356,1.33,3.87
2024-08-03,Pendle,Base,10.93,USDC,80735937,0.9,3.76
2024-08-03,Pendle,Base,13.0,USDT,87658994,0.92,3.71
2024-08-03,Pendle,Base,17.54,DAI,84343681,0.89,3.98
2024-08-03,Convex,Ethereum,4.68,USDC,166775723,9.57,0
2024-08-03,Convex,Ethereum,5.41,USDT,151468535,11.44,0
2024-08-03,Convex,Ethereum,5.22,DAI,161500096,9.48,0
2024-08-03,Balancer,Ethereum,8.38,USDC,129687561,12.75,0
2024-08-03,Balancer,Ethereum,8.06,USDT,130309143,10.24,0
2024-08-03,Balancer,Ethereum,6.74,DAI,133381251,12.55,0
2024-08-03,Balancer,Arbitrum,9.69,USDC,126956996,1.71,5.67
2024-08-03,Balancer,Arbitrum,13.12,DAI,116191961,1.97,5.0
2024-08-03,Balancer,Optimism,10.67,USDC,115996825,1.29,4.44
2024-08-03,Balancer,Optimism,9.19,USDT,127575313,1.33,3.88
2024-08-03,Balancer,Optimism,9.84,DAI,117960152,1.29,3.87
2024-08-03,Balancer,Polygon,12.44,USDC,124864536,0.71,3.11
2024-08-03,Balancer,Polygon,10.15,USDT,126724804,0.48,3.06
2024-08-03,Balancer,Polygon,12.69,DAI,122351401,0.57,2.31
2024-08-03,Balancer,Base,11.97,USDC,111938658,0.59,3.39
2024-08-03,Balancer,Base,8.69,USDT,125415692,1.22,3.62
2024-08-03,Balancer,Base,11.36,DAI,125220425,1.23,4.18
2024-08-04,Aave,Ethereum,3.37,USDC,293809428,11.93,0
2024-08-04,Aave,Ethereum,3.08,USDT,291299412,12.57,0
2024-08-04,Aave,Ethereum,3.32,DAI,288883384,13.87,0
2024-08-04,Aave,Arbitrum,4.1,USDC,281965588,1.25,6.17
2024-08-04,Aave,Arbitrum,3.72,USDT,287456762,1.61,5.49
2024-08-04,Aave,Arbitrum,3.75,DAI,286055276,1.53,5.4
2024-08-04,Aave,Optimism,3.61,USDC,310416850,1.21,3.67
2024-08-04,Aave,Optimism,3.47,USDT,299634043,1.53,3.93
2024-08-04,Aave,Optimism,3.83,DAI,297168387,1.09,2.07
2024-08-04,Aave,Polygon,3.69,USDC,303687779,0.56,3.57
2024-08-04,Aave,Polygon,4.19,USDT,283106483,0.62,2.66
2024-08-04,Aave,Polygon,4.33,DAI,288169356,0.68,2.54
2024-08-04,Aave,Base,4.0,USDC,294596909,1.04,4.45
2024-08-04,Aave,Base,3.7,USDT,279070706,0.93,4.79
2024-08-04,Aave,Base,3.77,DAI,300853135,0.75,4.78
2024-08-04,Compound,Ethereum,3.23,USDC,202578519,13.47,0
2024-08-04,Compound,Ethereum,2.79,USDT,198419641,12.19,0
2024-08-04,Compound,Ethereum,3.05,DAI,213622094,11.17,0
2024-08-04,Compound,Arbitrum,3.67,USDC,218165438,1.56,3.96
2024-08-04,Compound,Arbitrum,3.43,USDT,202135634,1.01,6.35
2024-08-04,Compound,Arbitrum,3.8,DAI,204516774,1.94,4.79
2024-08-04,Compound,Optimism,3.41,USDC,202581924,0.98,2.92
2024-08-04,Compound,Optimism,3.93,USDT,221502761,1.31,3.72
2024-08-04,Compound,Optimism,3.62,DAI,205183379,1.4,5.38
2024-08-04,Compound,Polygon,3.57,USDC,201514517,0.8,3.21
2024-08-04,Compound,Polygon,3.47,USDT,197569788,0.78,3.32
2024-08-04,Compound,Polygon,3.54,DAI,205049043,0.8,2.87
2024-08-04,Compound,Base,3.52,USDC,187764040,0.98,4.05
2024-08-04,Compound,Base,3.3,USDT,207349435,1.07,4.31
2024-08-04,Compound,Base,3.71,DAI,214650197,1.07,3.59
2024-08-04,Curve,Ethereum,7.93,USDC,370547815,12.3,0
2024-08-04,Curve,Ethereum,6.96,USDT,378856438,10.59,0
2024-08-04,Curve,Ethereum,7.11,DAI,381016777,13.29,0
2024-08-04,Curve,Arbitrum,11.16,USDC,333630818,1.44,4.99
2024-08-04,Curve,Arbitrum,9.09,USDT,359217823,1.59,4.83
2024-08-04,Curve,Arbitrum,7.67,DAI,404700534,1.61,6.27
2024-08-04,Curve,Optimism,9.93,USDT,370596941,0.92,4.55
2024-08-04,Curve,Optimism,7.43,DAI,369786607,1.22,4.67
2024-08-04,Curve,Polygon,11.0,USDC,382260752,0.66,2.9
2024-08-04,Curve,Polygon,9.7,USDT,383521473,0.69,4.01
2024-08-04,Curve,Polygon,9.31,DAI,348019707,0.76,2.6
2024-08-04,Curve,Base,9.49,USDC,371158924,0.82,3.57
2024-08-04,Curve,Base,9.38,USDT,353042676,0.93,3.72
2024-08-04,Curve,Base,8.21,DAI,344421676,0.85,5.11
2024-08-04,Uniswap V3,Ethereum,7.0,USDC,105183948,11.78,0
2024-08-04,Uniswap V3,Ethereum,9.96,USDT,116505642,11.01,0
2024-08-04,Uniswap V3,Ethereum,8.28,DAI,107537367,11.16,0
2024-08-04,Uniswap V3,Arbitrum,11.11,USDC,114330027,1.79,5.31
2024-08-04,Uniswap V3,Arbitrum,10.96,USDT,108166982,1.99,5.61
2024-08-04,Uniswap V3,Arbitrum,9.78,DAI,112413850,1.44,5.69
2024-08-04,Uniswap V3,Optimism,9.39,DAI,113895915,1.27,4.16
2024-08-04,Uniswap V3,Polygon,8.29,USDC,103801116,0.7,2.64
2024-08-04,Uniswap V3,Polygon,12.63,USDT,103113739,0.65,2.38
2024-08-04,Uniswap V3,Polygon,9.3,DAI,102876408,0.64,2.43
2024-08-04,Uniswap V3,Base,10.19,USDC,104235753,1.23,3.22
2024-08-04,Uniswap V3,Base,12.43,DAI,114571409,1.05,3.95
2024-08-04,Yearn,Ethereum,4.35,USDT,131192816,11.13,0
2024-08-04,Yearn,Ethereum,3.92,DAI,132592187,11.54,0
2024-08-04,Yearn,Arbitrum,4.65,USDC,119219994,1.4,4.59
2024-08-04,Yearn,Arbitrum,5.11,USDT,131732608,1.65,6.36
2024-08-04,Yearn,Arbitrum,4.18,DAI,132669017,1.82,4.79
2024-08-04,Yearn,Optimism,5.06,USDC,136861322,1.26,4.25
2024-08-04,Yearn,Optimism,4.29,USDT,134529752,1.23,3.98
2024-08-04,Yearn,Polygon,4.94,USDC,138869232,0.58,2.6
2024-08-04,Yearn,Polygon,4.88,USDT,141887310,0.75,3.28
2024-08-04,Yearn,Polygon,5.02,DAI,148061790,0.59,2.94
2024-08-04,Yearn,Base,4.64,USDC,139856496,0.88,2.43
2024-08-04,Yearn,Base,4.7,USDT,139380159,0.84,3.95
2024-08-04,Yearn,Base,4.44,DAI,138435392,0.8,3.72
2024-08-04,Pendle,Ethereum,11.27,USDT,86114965,13.25,0
2024-08-04,Pendle,Ethereum,9.48,DAI,78312591,11.42,0
2024-08-04,Pendle,Arbitrum,13.91,USDC,84101413,1.61,6.05
2024-08-04,Pendle,Arbitrum,14.17,USDT,84135319,2.04,5.81
2024-08-04,Pendle,Arbitrum,9.24,DAI,78152459,1.72,5.95
2024-08-04,Pendle,Optimism,13.84,USDC,87603939,1.16,4.36
2024-08-04,Pendle,Optimism,14.59,USDT,86795877,1.1,2.84
2024-08-04,Pendle,Optimism,11.78,DAI,82932931,1.01,4.0
2024-08-04,Pendle,Base,16.04,USDC,81436338,0.95,4.11
2024-08-04,Pendle,Base,10.65,USDT,90069966,1.22,4.12
2024-08-04,Pendle,Base,12.51,DAI,79605806,0.99,3.16
2024-08-04,Convex,Ethereum,6.01,USDC,162663850,10.31,0
2024-08-04,Convex,Ethereum,5.22,USDT,170822181,12.31,0
2024-08-04,Convex,Ethereum,5.77,DAI,167105164,11.85,0
2024-08-04,Balancer,Ethereum,9.79,USDC,130032506,16.51,0
2024-08-04,Balancer,Ethereum,8.6,USDT,125598202,11.47,0
2024-08-04,Balancer,Ethereum,6.99,DAI,123929966,16.84,0
2024-08-04,Balancer,Arbitrum,10.62,USDC,126788628,1.93,3.04
2024-08-04,Balancer,Arbitrum,9.1,USDT,134972272,1.44,5.03
2024-08-04,Balancer,Arbitrum,9.64,DAI,131866460,1.32,5.05
2024-08-04,Balancer,Optimism,10.63,USDT,133801687,1.3,3.43
2024-08-04,Balancer,Optimism,10.12,DAI,125454659,1.04,4.07
2024-08-04,Balancer,Polygon,9.62,USDC,128337604,0.63,2.63
2024-08-04,Balancer,Polygon,9.91,USDT,117881929,0.61,1.72
2024-08-04,Balancer,Polygon,11.13,DAI,125596421,0.61,1.77
2024-08-04,Balancer,Base,10.11,USDC,130603624,1.04,4.66
2024-08-04,Balancer,Base,9.53,USDT,127003321,0.86,4.88
2024-08-04,Balancer,Base,9.89,DAI,119215793,1.09,4.86
2024-08-05,Aave,Ethereum,2.96,USDC,298073526,19.34,0
2024-08-05,Aave,Ethereum,3.38,DAI,283800942,16.43,0
2024-08-05,Aave,Arbitrum,3.92,USDC,304123570,1.79,5.78
2024-08-05,Aave,Arbitrum,3.86,DAI,291716098,1.96,3.7
2024-08-05,Aave,Optimism,3.71,USDC,294604737,2.12,5.12
2024-08-05,Aave,Optimism,3.54,USDT,303425448,1.66,5.75
2024-08-05,Aave,Optimism,3.93,DAI,291426864,1.5,2.77
2024-08-05,Aave,Polygon,4.17,USDC,291778580,0.95,2.69
2024-08-05,Aave,Polygon,3.47,USDT,291119852,0.99,2.02
2024-08-05,Aave,Polygon,4.04,DAI,306199925,1.18,2.87
2024-08-05,Aave,Base,4.39,USDC,289454405,1.61,4.65
2024-08-05,Aave,Base,3.67,USDT,286831864,1.34,3.7
2024-08-05,Aave,Base,4.07,DAI,310296747,1.6,3.52
2024-08-05,Compound,Ethereum,3.17,USDC,200730296,19.38,0
2024-08-05,Compound,Ethereum,3.16,USDT,193223939,23.01,0
2024-08-05,Compound,Ethereum,3.12,DAI,203720159,16.32,0
2024-08-05,Compound,Arbitrum,4.0,USDC,220513916,2.2,5.33
2024-08-05,Compound,Arbitrum,3.47,USDT,207030491,2.09,5.3
2024-08-05,Compound,Arbitrum,3.64,DAI,221790757,1.99,5.36
2024-08-05,Compound,Optimism,3.61,USDC,201371310,1.67,4.44
2024-08-05,Compound,Optimism,3.68,USDT,202714176,1.98,4.95
2024-08-05,Compound,Polygon,3.82,USDC,203931180,1.1,2.55
2024-08-05,Compound,Polygon,3.24,USDT,201698855,1.1,3.55
2024-08-05,Compound,Polygon,3.82,DAI,214548671,1.07,2.45
2024-08-05,Compound,Base,3.65,USDC,209171137,1.58,2.75
2024-08-05,Compound,Base,3.73,USDT,228142897,1.08,3.69
2024-08-05,Compound,Base,3.58,DAI,202155270,1.7,4.78
2024-08-05,Curve,Ethereum,5.84,USDC,367019302,18.95,0
2024-08-05,Curve,Ethereum,7.99,USDT,381247534,14.56,0
2024-08-05,Curve,Ethereum,7.26,DAI,376737894,20.61,0
2024-08-05,Curve,Arbitrum,11.07,USDT,368925891,2.72,5.21
2024-08-05,Curve,Arbitrum,9.87,DAI,385303821,2.62,5.86
2024-08-05,Curve,Optimism,8.22,USDC,364057720,2.09,2.62
2024-08-05,Curve,Optimism,9.04,USDT,371671403,1.58,3.53
2024-08-05,Curve,Optimism,9.7,DAI,369316443,1.92,4.75
2024-08-05,Curve,Polygon,8.64,USDC,365253952,1.02,2.96
2024-08-05,Curve,Polygon,10.28,USDT,369123709,0.9,2.82
2024-08-05,Curve,Polygon,10.81,DAI,372725673,0.92,2.93
2024-08-05,Curve,Base,8.93,USDC,346761712,1.23,4.43
2024-08-05,Curve,Base,7.92,DAI,362047157,1.29,4.38
2024-08-05,Uniswap V3,Ethereum,9.67,USDC,103623837,21.22,0
2024-08-05,Uniswap V3,Ethereum,7.41,USDT,112309267,16.72,0
2024-08-05,Uniswap V3,Ethereum,10.36,DAI,106948044,16.8,0
2024-08-05,Uniswap V3,Arbitrum,9.33,USDC,107742092,3.2,3.28
2024-08-05,Uniswap V3,Arbitrum,9.13,USDT,112977745,1.84,5.3
2024-08-05,Uniswap V3,Arbitrum,9.4,DAI,128061024,3.22,4.64
2024-08-05,Uniswap V3,Optimism,8.83,USDC,109362142,1.82,4.62
2024-08-05,Uniswap V3,Optimism,6.39,DAI,102630656,1.71,4.83
2024-08-05,Uniswap V3,Polygon,10.86,USDC,115040226,0.87,2.45
2024-08-05,Uniswap V3,Polygon,11.75,DAI,115841890,1.24,2.88
2024-08-05,Uniswap V3,Base,12.02,USDC,112039624,1.6,3.85
2024-08-05,Uniswap V3,Base,9.98,USDT,106259999,1.37,3.72
2024-08-05,Uniswap V3,Base,10.09,DAI,104364527,1.21,3.33
2024-08-05,Yearn,Ethereum,3.95,USDC,138653600,16.97,0
2024-08-05,Yearn,Ethereum,4.03,USDT,129322657,19.37,0
2024-08-05,Yearn,Ethereum,3.76,DAI,142559644,19.94,0
2024-08-05,Yearn,Arbitrum,4.82,USDC,138673679,2.63,5.37
2024-08-05,Yearn,Arbitrum,4.63,USDT,134671035,2.46,3.24
2024-08-05,Yearn,Arbitrum,4.68,DAI,141270444,2.37,5.47
2024-08-05,Yearn,Optimism,4.65,USDC,146316346,1.44,3.36
2024-08-05,Yearn,Optimism,4.09,DAI,138460556,1.8,5.01
2024-08-05,Yearn,Polygon,5.13,USDC,139340053,1.01,2.15
2024-08-05,Yearn,Polygon,4.57,USDT,140793992,0.82,2.4
2024-08-05,Yearn,Polygon,4.4,DAI,142477653,0.81,1.76
2024-08-05,Yearn,Base,4.72,USDC,142776589,1.64,3.43
2024-08-05,Yearn,Base,4.89,USDT,137421990,1.59,4.98
2024-08-05,Yearn,Base,4.64,DAI,147965422,1.36,4.13
2024-08-05,Pendle,Ethereum,11.49,USDT,86080263,19.95,0
2024-08-05,Pendle,Ethereum,11.58,DAI,88472085,24.81,0
2024-08-05,Pendle,Arbitrum,12.63,USDT,90687988,1.98,3.24
2024-08-05,Pendle,Arbitrum,17.19,DAI,85876219,2.54,3.92
2024-08-05,Pendle,Optimism,12.37,USDC,91822396,1.6,3.79
2024-08-05,Pendle,Optimism,12.67,USDT,80989970,1.85,5.0
2024-08-05,Pendle,Optimism,10.35,DAI,89141929,1.66,2.62
2024-08-05,Pendle,Base,15.36,USDC,83353705,1.44,4.94
2024-08-05,Pendle,Base,12.66,DAI,82291975,1.43,3.15
2024-08-05,Convex,Ethereum,5.64,USDC,178372740,18.15,0
2024-08-05,Convex,Ethereum,5.66,USDT,167057361,21.63,0
2024-08-05,Convex,Ethereum,6.32,DAI,160348681,16.8,0
2024-08-05,Balancer,Ethereum,8.2,USDC,130581330,20.22,0
2024-08-05,Balancer,Ethereum,8.63,USDT,134850455,13.06,0
2024-08-05,Balancer,Ethereum,9.35,DAI,129481397,16.76,0
2024-08-05,Balancer,Arbitrum,11.8,USDC,132851722,2.38,6.86
2024-08-05,Balancer,Arbitrum,10.36,DAI,120469177,2.61,5.21
2024-08-05,Balancer,Optimism,10.32,USDC,130362221,2.07,4.74
2024-08-05,Balancer,Optimism,8.52,USDT,131124744,1.72,3.22
2024-08-05,Balancer,Polygon,12.74,USDC,125844813,1.13,2.04
2024-08-05,Balancer,Polygon,10.86,USDT,131766114,0.79,3.0
2024-08-05,Balancer,Polygon,10.28,DAI,131953780,1.0,2.63
2024-08-05,Balancer,Base,8.32,USDC,121016165,1.5,4.04
2024-08-05,Balancer,Base,8.87,DAI,136249976,1.24,4.35
2024-08-06,Aave,Ethereum,3.1,USDC,316128188,18.56,0
2024-08-06,Aave,Ethereum,3.2,USDT,294616471,18.9,0
2024-08-06,Aave,Ethereum,3.13,DAI,276979685,20.47,0
2024-08-06,Aave,Arbitrum,3.92,USDC,294214918,1.78,4.89
2024-08-06,Aave,Arbitrum,4.07,DAI,270950874,2.27,4.76
2024-08-06,Aave,Optimism,3.86,USDT,296913460,2.3,3.1
2024-08-06,Aave,Optimism,4.17,DAI,305645752,1.92,3.85
2024-08-06,Aave,Polygon,4.2,USDC,287921556,0.84,2.93
2024-08-06,Aave,Polygon,4.15,USDT,287225768,0.95,2.29
2024-08-06,Aave,Polygon,4.43,DAI,316084703,0.96,2.54
2024-08-06,Aave,Base,3.64,DAI,298559579,1.44,4.01
2024-08-06,Compound,Ethereum,3.12,USDC,215611979,18.26,0
2024-08-06,Compound,Ethereum,3.26,USDT,207847716,17.08,0
2024-08-06,Compound,Arbitrum,3.72,USDC,216029460,2.94,4.91
2024-08-06,Compound,Arbitrum,3.61,USDT,210764303,1.99,4.61
2024-08-06,Compound,Arbitrum,3.63,DAI,228658263,2.19,3.25
2024-08-06,Compound,Optimism,3.31,USDC,191968447,1.75,4.17
2024-08-06,Compound,Optimism,3.84,USDT,208115337,1.41,4.15
2024-08-06,Compound,Polygon,4.43,USDT,220001726,0.86,2.85
2024-08-06,Compound,Base,3.62,USDC,207992274,1.09,4.15
2024-08-06,Compound,Base,3.86,DAI,208153790,1.48,4.59
2024-08-06,Curve,Ethereum,9.65,USDC,372396711,16.38,0
2024-08-06,Curve,Ethereum,7.04,USDT,362847041,16.15,0
2024-08-06,Curve,Arbitrum,8.48,USDC,377837618,2.12,4.78
2024-08-06,Curve,Arbitrum,10.31,USDT,398736345,2.14,4.65
2024-08-06,Curve,Arbitrum,10.72,DAI,349592369,2.66,5.65
2024-08-06,Curve,Optimism,7.58,USDC,352479728,2.12,3.92
2024-08-06,Curve,Optimism,10.75,USDT,369155330,1.67,3.32
2024-08-06,Curve,Optimism,8.21,DAI,367435616,1.8,3.42
2024-08-06,Curve,Polygon,7.88,USDC,349481366,0.87,3.45
2024-08-06,Curve,Polygon,8.56,DAI,399002246,0.65,2.72
2024-08-06,Curve,Base,8.03,USDC,393000361,1.6,5.29
2024-08-06,Curve,Base,11.07,USDT,368096365,1.39,3.76
2024-08-06,Uniswap V3,Ethereum,8.59,USDC,116677645,15.44,0
2024-08-06,Uniswap V3,Ethereum,9.69,USDT,115231985,14.07,0
2024-08-06,Uniswap V3,Arbitrum,13.04,USDC,114590494,2.32,6.03
2024-08-06,Uniswap V3,Arbitrum,12.63,DAI,113510220,2.52,3.4
2024-08-06,Uniswap V3,Optimism,10.99,USDT,116244366,1.33,5.0
2024-08-06,Uniswap V3,Optimism,10.0,DAI,101322274,1.66,3.24
2024-08-06,Uniswap V3,Polygon,8.99,USDC,110000402,0.92,2.6
2024-08-06,Uniswap V3,Polygon,13.62,USDT,106354775,1.0,3.08
2024-08-06,Uniswap V3,Polygon,10.9,DAI,110340812,0.95,2.53
2024-08-06,Uniswap V3,Base,10.31,USDC,117763243,1.54,4.13
2024-08-06,Uniswap V3,Base,8.96,USDT,109160693,1.47,5.57
2024-08-06,Uniswap V3,Base,9.86,DAI,107513141,0.95,3.49
2024-08-06,Yearn,Ethereum,4.24,USDC,129495784,15.83,0
2024-08-06,Yearn,Ethereum,4.02,USDT,140504453,15.07,0
2024-08-06,Yearn,Ethereum,4.0,DAI,142284323,18.68,0
2024-08-06,Yearn,Arbitrum,5.27,USDC,138318781,2.27,3.82
2024-08-06,Yearn,Arbitrum,5.2,USDT,140219998,1.68,5.77
2024-08-06,Yearn,Arbitrum,4.69,DAI,138203110,2.36,4.63
2024-08-06,Yearn,Optimism,4.7,USDC,145786893,1.82,4.0
2024-08-06,Yearn,Optimism,4.92,USDT,145941452,1.78,2.55
2024-08-06,Yearn,Optimism,5.04,DAI,146350060,1.94,4.71
2024-08-06,Yearn,Polygon,5.01,USDC,148988953,1.04,4.2
2024-08-06,Yearn,Polygon,5.24,USDT,145764064,0.92,4.28
2024-08-06,Yearn,Polygon,5.01,DAI,136258415,1.16,3.29
2024-08-06,Yearn,Base,4.79,USDC,141512391,1.43,4.3
2024-08-06,Yearn,Base,4.59,DAI,140243032,1.54,2.59
2024-08-06,Pendle,Ethereum,13.0,USDC,93646058,19.27,0
2024-08-06,Pendle,Ethereum,10.79,USDT,85724231,17.03,0
2024-08-06,Pendle,Ethereum,10.04,DAI,80838010,16.77,0
2024-08-06,Pendle,Arbitrum,12.25,USDC,87095597,2.72,6.07
2024-08-06,Pendle,Arbitrum,15.27,USDT,90916680,2.31,5.54
2024-08-06,Pendle,Arbitrum,15.07,DAI,96021625,2.93,5.09
2024-08-06,Pendle,Optimism,13.56,USDC,86267595,2.03,4.06
2024-08-06,Pendle,Optimism,10.43,USDT,88268425,1.62,4.44
2024-08-06,Pendle,Base,12.02,USDC,85245246,1.48,4.52
2024-08-06,Pendle,Base,20.83,USDT,85628086,1.27,2.6
2024-08-06,Pendle,Base,11.44,DAI,85285162,1.82,4.17
2024-08-06,Convex,Ethereum,6.42,USDC,164260633,15.44,0
2024-08-06,Convex,Ethereum,5.15,USDT,171567590,15.4,0
2024-08-06,Balancer,Ethereum,8.0,USDC,133716092,15.96,0
2024-08-06,Balancer,Ethereum,7.44,USDT,125391064,15.61,0
2024-08-06,Balancer,Ethereum,9.65,DAI,137785177,19.02,0
2024-08-06,Balancer,Arbitrum,9.84,USDC,137228698,2.48,4.32
2024-08-06,Balancer,Arbitrum,11.78,USDT,123197144,2.42,4.7
2024-08-06,Balancer,Arbitrum,10.07,DAI,124436196,2.21,4.8
2024-08-06,Balancer,Optimism,10.71,USDC,127416543,1.52,4.45
2024-08-06,Balancer,Optimism,9.68,USDT,127306479,2.16,4.51
2024-08-06,Balancer,Optimism,10.05,DAI,132844539,1.72,3.83
2024-08-06,Balancer,Polygon,11.43,USDC,121305850,0.96,4.29
2024-08-06,Balancer,Polygon,10.81,USDT,121860526,0.88,2.01
2024-08-06,Balancer,Base,8.69,USDT,130657388,1.28,3.5
2024-08-06,Balancer,Base,12.09,DAI,131792747,1.48,4.4
2024-08-07,Aave,Ethereum,3.13,USDC,282876116,16.86,0
2024-08-07,Aave,Ethereum,3.08,USDT,291618745,19.47,0
2024-08-07,Aave,Ethereum,2.88,DAI,299490357,22.63,0
2024-08-07,Aave,Arbitrum,3.81,USDC,299906634,2.24,3.94
2024-08-07,Aave,Arbitrum,3.88,USDT,290101540,2.19,4.0
2024-08-07,Aave,Arbitrum,3.74,DAI,300149065,2.2,6.59
2024-08-07,Aave,Optimism,3.53,USDC,280187602,1.66,4.54
2024-08-07,Aave,Optimism,3.47,USDT,316183091,1.32,4.73
2024-08-07,Aave,Optimism,3.59,DAI,284030278,1.3,4.8
2024-08-07,Aave,Polygon,4.19,USDC,298433665,0.76,3.02
2024-08-07,Aave,Polygon,3.87,USDT,286939730,0.84,2.53
2024-08-07,Aave,Base,3.86,USDC,308531283,1.55,2.63
2024-08-07,Aave,Base,3.66,USDT,299379286,1.9,4.0
2024-08-07,Aave,Base,3.92,DAI,300220178,1.59,3.45
2024-08-07,Compound,Ethereum,2.98,USDC,214660186,21.95,0
2024-08-07,Compound,Ethereum,2.98,USDT,222618389,13.4,0
2024-08-07,Compound,Ethereum,3.19,DAI,194724741,19.84,0
2024-08-07,Compound,Arbitrum,3.47,USDC,228743683,1.96,5.27
2024-08-07,Compound,Arbitrum,3.82,USDT,211906613,2.42,7.51
2024-08-07,Compound,Arbitrum,3.84,DAI,217638776,2.88,4.6
2024-08-07,Compound,Optimism,3.44,USDC,215203975,2.01,5.36
2024-08-07,Compound,Optimism,3.58,USDT,199517213,1.32,4.68
2024-08-07,Compound,Optimism,3.43,DAI,214443512,1.95,4.11
2024-08-07,Compound,Polygon,3.68,USDC,209710097,0.96,3.68
2024-08-07,Compound,Polygon,3.93,USDT,207899954,0.81,2.9
2024-08-07,Compound,Base,3.64,USDC,211903716,1.19,3.85
2024-08-07,Compound,Base,3.52,USDT,190420843,1.37,4.53
2024-08-07,Compound,Base,3.67,DAI,219517288,1.94,4.7
2024-08-07,Curve,Ethereum,6.47,USDC,377088943,20.26,0
2024-08-07,Curve,Ethereum,7.85,USDT,390213452,18.58,0
2024-08-07,Curve,Arbitrum,11.37,USDC,382040078,2.1,3.99
2024-08-07,Curve,Arbitrum,10.23,USDT,382164859,2.75,4.83
2024-08-07,Curve,Arbitrum,8.89,DAI,372078227,2.62,5.73
2024-08-07,Curve,Optimism,9.91,USDC,361861822,1.56,3.83
2024-08-07,Curve,Optimism,8.2,USDT,371255118,1.57,4.54
2024-08-07,Curve,Optimism,10.69,DAI,350885079,1.6,4.5
2024-08-07,Curve,Polygon,10.4,USDC,375590128,0.86,2.28
2024-08-07,Curve,Polygon,11.22,USDT,383113317,0.64,3.56
2024-08-07,Curve,Polygon,7.71,DAI,363182734,1.06,4.25
2024-08-07,Curve,Base,9.58,USDC,409317157,0.93,3.47
2024-08-07,Curve,Base,8.96,USDT,381448474,1.43,4.72
2024-08-07,Curve,Base,11.29,DAI,381757788,1.6,3.49
2024-08-07,Uniswap V3,Ethereum,10.29,USDC,111839295,19.11,0
2024-08-07,Uniswap V3,Ethereum,6.92,USDT,107606689,17.75,0
2024-08-07,Uniswap V3,Ethereum,9.0,DAI,116190119,21.61,0
2024-08-07,Uniswap V3,Arbitrum,10.97,USDC,116341203,2.86,5.47
2024-08-07,Uniswap V3,Arbitrum,9.99,USDT,120149660,2.21,5.43
2024-08-07,Uniswap V3,Arbitrum,13.33,DAI,107864707,2.41,4.55
2024-08-07,Uniswap V3,Optimism,10.97,USDC,118428236,1.82,4.99
2024-08-07,Uniswap V3,Optimism,10.15,USDT,116421760,2.01,2.94
2024-08-07,Uniswap V3,Optimism,10.36,DAI,107653863,2.42,3.41
2024-08-07,Uniswap V3,Polygon,9.05,USDC,112159759,0.96,3.64
2024-08-07,Uniswap V3,Polygon,11.09,USDT,110883674,1.02,2.75
2024-08-07,Uniswap V3,Polygon,11.1,DAI,111254403,0.83,3.21
2024-08-07,Uniswap V3,Base,9.7,USDC,111149387,1.71,3.38
2024-08-07,Uniswap V3,Base,10.48,USDT,101835556,1.61,3.7
2024-08-07,Uniswap V3,Base,12.06,DAI,108051031,1.56,3.33
2024-08-07,Yearn,Ethereum,4.02,USDC,134716358,18.05,0
2024-08-07,Yearn,Ethereum,3.93,USDT,144787937,14.6,0
2024-08-07,Yearn,Ethereum,4.19,DAI,128339705,22.52,0
2024-08-07,Yearn,Arbitrum,5.11,USDC,138693705,2.75,4.95
2024-08-07,Yearn,Arbitrum,5.23,USDT,145402542,2.12,5.43
2024-08-07,Yearn,Arbitrum,4.8,DAI,145107665,2.27,3.43
2024-08-07,Yearn,Optimism,4.62,USDC,141103106,2.23,2.68
2024-08-07,Yearn,Optimism,4.53,USDT,140099082,1.92,4.76
2024-08-07,Yearn,Optimism,4.85,DAI,145525114,2.03,3.49
2024-08-07,Yearn,Polygon,5.4,USDT,140702379,1.15,2.87
2024-08-07,Yearn,Polygon,5.07,DAI,137754991,1.32,3.17
2024-08-07,Yearn,Base,4.52,USDC,146065011,1.74,3.71
2024-08-07,Yearn,Base,5.19,USDT,147646712,1.33,2.8
2024-08-07,Yearn,Base,4.48,DAI,128366532,1.35,2.66
2024-08-07,Pendle,Ethereum,13.21,DAI,94325638,15.27,0
2024-08-07,Pendle,Arbitrum,16.02,USDT,88680464,2.6,4.34
2024-08-07,Pendle,Arbitrum,13.77,DAI,96021300,2.53,3.98
2024-08-07,Pendle,Optimism,15.6,USDC,85695395,2.03,4.12
2024-08-07,Pendle,Optimism,15.7,USDT,90992869,1.72,3.12
2024-08-07,Pendle,Optimism,14.86,DAI,91016395,1.98,4.25
2024-08-07,Pendle,Base,13.76,USDC,79412759,1.18,4.24
2024-08-07,Pendle,Base,13.33,DAI,89278299,1.85,4.17
2024-08-07,Convex,Ethereum,5.8,USDC,177052041,19.13,0
2024-08-07,Convex,Ethereum,5.24,USDT,186221194,19.83,0
2024-08-07,Convex,Ethereum,5.89,DAI,164655641,19.12,0
2024-08-07,Balancer,Ethereum,8.94,USDC,119720624,19.71,0
2024-08-07,Balancer,Ethereum,8.69,USDT,124650187,17.37,0
2024-08-07,Balancer,Ethereum,8.54,DAI,135474635,16.36,0
2024-08-07,Balancer,Arbitrum,9.58,USDC,133955896,2.07,3.53
2024-08-07,Balancer,Arbitrum,10.26,USDT,121818709,3.23,4.38
2024-08-07,Balancer,Optimism,8.93,USDC,127667679,2.37,3.41
2024-08-07,Balancer,Optimism,10.49,USDT,128874259,1.27,3.93
2024-08-07,Balancer,Optimism,9.48,DAI,128742733,1.95,3.27
2024-08-07,Balancer,Polygon,10.29,USDC,129480087,0.72,3.34
2024-08-07,Balancer,Polygon,10.02,USDT,121285522,1.06,2.65
2024-08-07,Balancer,Polygon,9.62,DAI,118442893,1.02,3.19
2024-08-07,Balancer,Base,11.65,USDC,132233695,1.7,4.48
2024-08-07,Balancer,Base,8.68,DAI,128823036,1.26,4.63
2024-08-08,Aave,Ethereum,3.0,USDC,287639744,19.77,0
2024-08-08,Aave,Ethereum,3.24,USDT,289634097,18.81,0
2024-08-08,Aave,Ethereum,3.41,DAI,290552426,13.48,0
2024-08-08,Aave,Arbitrum,3.61,USDC,292093119,1.9,5.28
2024-08-08,Aave,Arbitrum,3.83,USDT,287161217,1.83,5.32
2024-08-08,Aave,Arbitrum,3.77,DAI,307216681,2.15,3.55
2024-08-08,Aave,Optimism,3.44,USDC,294626858,1.58,2.94
2024-08-08,Aave,Optimism,3.41,USDT,305879680,1.39,4.24
2024-08-08,Aave,Optimism,3.84,DAI,293723590,1.83,4.45
2024-08-08,Aave,Polygon,4.52,USDC,324975103,1.18,2.87
2024-08-08,Aave,Polygon,3.64,USDT,287358887,1.23,2.9
2024-08-08,Aave,Polygon,4.06,DAI,295427758,0.94,3.02
2024-08-08,Aave,Base,3.73,USDC,301195068,1.13,3.83
2024-08-08,Aave,Base,4.18,USDT,271016530,1.4,4.71
2024-08-08,Aave,Base,3.8,DAI,299782297,1.39,3.77
2024-08-08,Compound,Ethereum,2.89,USDC,220237988,15.44,0
2024-08-08,Compound,Ethereum,2.89,USDT,223310373,19.04,0
2024-08-08,Compound,Ethereum,2.95,DAI,221741056,18.06,0
2024-08-08,Compound,Arbitrum,3.53,USDC,199596007,2.47,4.57
2024-08-08,Compound,Arbitrum,3.57,USDT,218724824,1.75,5.87
2024-08-08,Compound,Arbitrum,3.91,DAI,197647815,2.46,4.91
2024-08-08,Compound,Optimism,3.65,USDC,227245147,2.16,3.93
2024-08-08,Compound,Optimism,3.83,USDT,200034302,1.58,3.53
2024-08-08,Compound,Optimism,3.77,DAI,227342042,1.82,3.66
2024-08-08,Compound,Polygon,3.67,USDC,214941154,0.81,3.36
2024-08-08,Compound,Polygon,3.78,USDT,210275493,1.0,3.83
2024-08-08,Compound,Polygon,3.84,DAI,205013614,0.83,3.21
2024-08-08,Compound,Base,3.49,USDC,200959837,1.42,1.88
2024-08-08,Compound,Base,3.55,USDT,214708486,1.61,3.31
2024-08-08,Compound,Base,3.73,DAI,211262159,1.32,4.27
2024-08-08,Curve,Ethereum,8.33,USDC,391079785,15.24,0
2024-08-08,Curve,Ethereum,7.59,USDT,355680190,15.58,0
2024-08-08,Curve,Ethereum,9.42,DAI,392827772,19.28,0
2024-08-08,Curve,Arbitrum,8.98,USDC,375448152,2.46,5.0
2024-08-08,Curve,Arbitrum,12.7,USDT,343953605,2.15,4.87
2024-08-08,Curve,Arbitrum,9.23,DAI,334791514,1.97,5.36
2024-08-08,Curve,Optimism,9.03,USDC,361311371,1.69,4.69
2024-08-08,Curve,Optimism,5.95,DAI,368169359,1.61,2.65
2024-08-08,Curve,Polygon,11.18,USDC,412601060,1.02,2.95
2024-08-08,Curve,Polygon,10.37,DAI,402680329,0.96,3.59
2024-08-08,Curve,Base,7.57,USDC,358911457,1.27,4.24
2024-08-08,Curve,Base,10.67,USDT,394981612,1.53,3.53
2024-08-08,Uniswap V3,Ethereum,10.05,USDC,111575661,19.39,0
2024-08-08,Uniswap V3,Ethereum,10.1,USDT,116347799,15.27,0
2024-08-08,Uniswap V3,Ethereum,9.39,DAI,114385858,18.03,0
2024-08-08,Uniswap V3,Arbitrum,9.14,USDC,114291711,2.16,4.88
2024-08-08,Uniswap V3,Arbitrum,10.88,USDT,115855001,2.97,5.09
2024-08-08,Uniswap V3,Arbitrum,8.77,DAI,116533359,2.29,3.5
2024-08-08,Uniswap V3,Optimism,12.72,USDC,108450385,1.65,4.79
2024-08-08,Uniswap V3,Optimism,10.92,USDT,117627487,1.24,3.68
2024-08-08,Uniswap V3,Optimism,10.57,DAI,124081860,1.33,3.63
2024-08-08,Uniswap V3,Polygon,12.76,USDC,107238306,0.92,2.96
2024-08-08,Uniswap V3,Polygon,13.25,USDT,108440616,0.95,2.93
2024-08-08,Uniswap V3,Polygon,11.07,DAI,113605029,0.73,2.9
2024-08-08,Uniswap V3,Base,9.81,USDC,106555907,1.77,4.32
2024-08-08,Uniswap V3,Base,10.63,USDT,110269752,1.42,4.33
2024-08-08,Uniswap V3,Base,9.71,DAI,118457308,1.37,5.07
2024-08-08,Yearn,Ethereum,3.6,USDC,145557995,20.04,0
2024-08-08,Yearn,Ethereum,4.11,USDT,144556883,16.86,0
2024-08-08,Yearn,Ethereum,4.17,DAI,136345310,17.09,0
2024-08-08,Yearn,Arbitrum,4.72,USDC,143947195,2.7,4.77
2024-08-08,Yearn,Arbitrum,4.75,USDT,143681835,2.86,6.17
2024-08-08,Yearn,Arbitrum,5.27,DAI,146762601,2.43,4.94
2024-08-08,Yearn,Optimism,4.38,USDC,131384522,1.42,4.01
2024-08-08,Yearn,Optimism,4.1,USDT,129752230,2.17,2.83
2024-08-08,Yearn,Optimism,4.41,DAI,147391630,1.59,5.12
2024-08-08,Yearn,Polygon,4.75,USDT,152256321,1.0,3.87
2024-08-08,Yearn,Polygon,4.71,DAI,136214195,1.08,3.09
2024-08-08,Yearn,Base,4.86,USDC,138516896,1.23,4.2
2024-08-08,Yearn,Base,4.59,USDT,143081244,1.31,5.45
2024-08-08,Pendle,Ethereum,14.58,USDC,92226984,18.46,0
2024-08-08,Pendle,Ethereum,12.42,USDT,85001320,14.08,0
2024-08-08,Pendle,Ethereum,10.09,DAI,82680161,21.37,0
2024-08-08,Pendle,Arbitrum,11.93,USDC,82637812,1.6,5.31
2024-08-08,Pendle,Arbitrum,13.6,USDT,92950434,1.89,5.41
2024-08-08,Pendle,Optimism,14.82,USDC,83388553,1.58,4.4
2024-08-08,Pendle,Optimism,12.61,DAI,90031961,2.17,2.98
2024-08-08,Pendle,Base,15.75,USDC,87698338,1.21,2.52
2024-08-08,Pendle,Base,12.03,USDT,92404272,1.25,4.96
2024-08-08,Pendle,Base,16.3,DAI,88473006,1.62,3.93
2024-08-08,Convex,Ethereum,5.99,USDC,171705750,19.72,0
2024-08-08,Convex,Ethereum,5.67,USDT,177853479,14.77,0
2024-08-08,Balancer,Ethereum,7.59,USDC,137292627,15.61,0
2024-08-08,Balancer,Ethereum,7.13,USDT,133537901,12.72,0
2024-08-08,Balancer,Ethereum,9.72,DAI,125944399,14.47,0
2024-08-08,Balancer,Arbitrum,9.3,USDC,127467511,2.33,4.22
2024-08-08,Balancer,Arbitrum,9.58,DAI,121344876,2.67,5.17
2024-08-08,Balancer,Optimism,10.05,USDC,125509576,1.94,3.49
2024-08-08,Balancer,Optimism,8.72,USDT,127260309,1.91,4.83
2024-08-08,Balancer,Optimism,11.63,DAI,127192210,2.14,5.29
2024-08-08,Balancer,Polygon,9.55,USDC,136497600,0.99,2.43
2024-08-08,Balancer,Polygon,10.06,USDT,132148643,1.16,3.43
2024-08-08,Balancer,Polygon,10.4,DAI,123040797,1.0,2.29
2024-08-08,Balancer,Base,7.75,USDC,138359454,1.34,3.84
2024-08-08,Balancer,Base,8.83,USDT,125212303,1.67,4.81
2024-08-08,Balancer,Base,8.91,DAI,126274988,0.8,3.69
2024-08-09,Aave,Ethereum,3.2,USDC,273342067,19.7,0
2024-08-09,Aave,Ethereum,3.18,USDT,290262766,16.78,0
2024-08-09,Aave,Ethereum,3.17,DAI,279924174,23.61,0
2024-08-09,Aave,Arbitrum,3.48,USDC,289918642,2.7,6.8
2024-08-09,Aave,Arbitrum,3.92,USDT,297384740,3.07,3.12
2024-08-09,Aave,Optimism,3.82,USDC,290251272,1.61,3.07
2024-08-09,Aave,Optimism,3.36,USDT,273944008,1.78,4.03
2024-08-09,Aave,Optimism,3.81,DAI,301872368,1.45,3.93
2024-08-09,Aave,Polygon,4.37,USDC,281216974,0.96,2.74
2024-08-09,Aave,Polygon,3.64,DAI,294365137,1.26,2.3
2024-08-09,Aave,Base,3.83,USDC,299931288,1.54,4.26
2024-08-09,Aave,Base,3.76,USDT,298518658,1.61,3.65
2024-08-09,Aave,Base,3.33,DAI,293396592,1.3,3.63
2024-08-09,Compound,Ethereum,3.21,USDC,212762680,19.16,0
2024-08-09,Compound,Ethereum,2.87,USDT,216435272,16.45,0
2024-08-09,Compound,Ethereum,2.72,DAI,214246661,21.1,0
2024-08-09,Compound,Arbitrum,3.89,USDC,208502534,2.54,6.74
2024-08-09,Compound,Arbitrum,3.66,USDT,208681602,2.16,6.49
2024-08-09,Compound,Arbitrum,3.43,DAI,219530805,2.46,3.93
2024-08-09,Compound,Optimism,3.4,USDC,204810865,1.45,3.74
2024-08-09,Compound,Optimism,3.74,DAI,214561386,0.94,3.34
2024-08-09,Compound,Polygon,3.57,USDC,195502970,1.21,3.22
2024-08-09,Compound,Polygon,3.89,USDT,212530386,0.95,3.2
2024-08-09,Compound,Polygon,3.5,DAI,223127887,1.02,2.3
2024-08-09,Compound,Base,3.76,USDC,204747068,1.49,4.82
2024-08-09,Compound,Base,3.35,USDT,220552801,1.73,4.18
2024-08-09,Compound,Base,3.33,DAI,225931738,1.23,3.25
2024-08-09,Curve,Ethereum,9.79,USDC,388011326,13.75,0
2024-08-09,Curve,Ethereum,5.44,USDT,379381104,21.62,0
2024-08-09,Curve,Ethereum,5.55,DAI,370570650,14.62,0
2024-08-09,Curve,Arbitrum,8.5,USDC,364721346,2.9,4.57
2024-08-09,Curve,Arbitrum,10.41,USDT,389511088,1.92,6.08
2024-08-09,Curve,Arbitrum,9.12,DAI,392370087,2.28,6.41
2024-08-09,Curve,Optimism,10.66,USDC,373648458,1.61,4.14
2024-08-09,Curve,Optimism,10.47,USDT,364964981,1.93,2.46
2024-08-09,Curve,Optimism,8.43,DAI,364702568,1.56,4.5
2024-08-09,Curve,Polygon,7.57,USDC,337612946,1.09,2.63
2024-08-09,Curve,Polygon,8.5,DAI,375286017,0.96,3.13
2024-08-09,Curve,Base,11.8,USDC,369932310,1.37,3.12
2024-08-09,Curve,Base,9.69,USDT,379540467,0.94,3.44
2024-08-09,Curve,Base,10.37,DAI,373266495,1.58,4.3
2024-08-09,Uniswap V3,Ethereum,9.61,USDC,114534899,13.24,0
2024-08-09,Uniswap V3,Ethereum,10.23,USDT,107708580,21.49,0
2024-08-09,Uniswap V3,Ethereum,9.67,DAI,112503761,20.53,0
2024-08-09,Uniswap V3,Arbitrum,10.63,USDC,100997541,2.1,6.52
2024-08-09,Uniswap V3,Arbitrum,10.12,USDT,115816828,2.64,3.84
2024-08-09,Uniswap V3,Arbitrum,12.0,DAI,106209316,2.0,5.51
2024-08-09,Uniswap V3,Optimism,9.7,USDC,113374991,2.01,3.68
2024-08-09,Uniswap V3,Optimism,7.8,USDT,115104732,1.44,4.37
2024-08-09,Uniswap V3,Optimism,11.41,DAI,108361917,1.52,3.97
2024-08-09,Uniswap V3,Polygon,12.03,USDC,112395115,1.0,2.76
2024-08-09,Uniswap V3,Polygon,12.71,USDT,117958530,1.04,2.86
2024-08-09,Uniswap V3,Polygon,8.4,DAI,112963773,0.99,2.26
2024-08-09,Uniswap V3,Base,6.6,USDC,111714632,1.67,5.04
2024-08-09,Uniswap V3,Base,8.94,USDT,110557653,1.18,4.56
2024-08-09,Uniswap V3,Base,9.89,DAI,111844539,1.51,4.97
2024-08-09,Yearn,Ethereum,3.97,USDT,141314298,21.98,0
2024-08-09,Yearn,Ethereum,3.62,DAI,142583081,13.24,0
2024-08-09,Yearn,Arbitrum,5.03,USDC,143064474,1.61,5.55
2024-08-09,Yearn,Arbitrum,4.19,USDT,141023148,1.93,7.01
2024-08-09,Yearn,Arbitrum,4.21,DAI,138085848,2.68,4.88
2024-08-09,Yearn,Optimism,4.22,USDC,138340555,1.38,4.81
2024-08-09,Yearn,Optimism,4.05,USDT,140746111,2.03,3.73
2024-08-09,Yearn,Optimism,4.21,DAI,143191467,1.82,3.71
2024-08-09,Yearn,Polygon,5.34,USDC,132013771,0.81,2.13
2024-08-09,Yearn,Polygon,4.88,USDT,138427259,0.93,4.09
2024-08-09,Yearn,Polygon,4.89,DAI,140318554,0.82,2.83
2024-08-09,Yearn,Base,5.21,USDC,141336230,1.65,2.53
2024-08-09,Yearn,Base,4.77,USDT,148556426,1.53,3.12
2024-08-09,Yearn,Base,4.92,DAI,135263713,1.24,4.42
2024-08-09,Pendle,Ethereum,8.26,USDT,99345836,22.68,0
2024-08-09,Pendle,Ethereum,13.34,DAI,86660644,19.91,0
2024-08-09,Pendle,Arbitrum,14.7,USDC,94210758,2.21,3.99
2024-08-09,Pendle,Arbitrum,14.02,USDT,80508552,2.16,4.83
2024-08-09,Pendle,Arbitrum,14.15,DAI,91527153,2.28,2.3
2024-08-09,Pendle,Optimism,10.81,USDC,90593188,2.23,4.33
2024-08-09,Pendle,Optimism,12.43,USDT,88451531,2.04,4.97
2024-08-09,Pendle,Optimism,11.45,DAI,89839200,1.86,3.86
2024-08-09,Pendle,Base,13.33,USDC,90652191,1.43,4.97
2024-08-09,Pendle,Base,9.88,USDT,87873776,1.59,4.44
2024-08-09,Pendle,Base,12.99,DAI,91173191,1.7,3.88
2024-08-09,Convex,Ethereum,7.02,USDC,167879241,19.74,0
2024-08-09,Convex,Ethereum,5.27,USDT,175697233,16.73,0
2024-08-09,Convex,Ethereum,5.7,DAI,172942536,17.82,0
2024-08-09,Balancer,Ethereum,7.03,USDC,128114115,22.89,0
2024-08-09,Balancer,Ethereum,8.09,USDT,138638591,14.87,0
2024-08-09,Balancer,Ethereum,7.76,DAI,123172463,18.29,0
2024-08-09,Balancer,Arbitrum,8.64,USDC,132652711,2.62,5.05
2024-08-09,Balancer,Arbitrum,10.27,USDT,124012886,2.01,7.24
2024-08-09,Balancer,Optimism,8.12,USDC,139449722,2.11,4.28
2024-08-09,Balancer,Optimism,10.04,USDT,140152230,1.62,5.17
2024-08-09,Balancer,Optimism,7.59,DAI,129977932,1.8,5.12
2024-08-09,Balancer,Polygon,9.58,USDC,138139969,0.96,2.85
2024-08-09,Balancer,Polygon,11.17,USDT,136925393,0.79,3.43
2024-08-09,Balancer,Polygon,11.68,DAI,130447256,0.78,3.53
2024-08-09,Balancer,Base,7.7,USDC,129404841,1.14,4.37
2024-08-09,Balancer,Base,8.28,USDT,127961073,1.65,4.41
2024-08-09,Balancer,Base,10.47,DAI,134506454,1.33,5.2
2024-08-10,Aave,Ethereum,2.9,USDC,283472399,9.36,0
2024-08-10,Aave,Ethereum,3.14,USDT,297606868,16.14,0
2024-08-10,Aave,Ethereum,2.38,DAI,306849566,11.78,0
2024-08-10,Aave,Arbitrum,3.36,USDC,291035958,1.56,3.78
2024-08-10,Aave,Arbitrum,3.3,USDT,298406926,1.71,5.9
2024-08-10,Aave,Arbitrum,3.7,DAI,296960858,1.66,4.38
2024-08-10,Aave,Optimism,3.48,USDC,296600710,1.18,3.13
2024-08-10,Aave,Optimism,3.77,USDT,263622211,1.42,3.9
2024-08-10,Aave,Optimism,3.05,DAI,288743182,1.06,3.45
2024-08-10,Aave,Polygon,3.61,USDC,291921679,0.7,2.24
2024-08-10,Aave,Polygon,3.77,USDT,307456824,0.74,3.03
2024-08-10,Aave,Polygon,3.96,DAI,294968981,0.61,2.44
2024-08-10,Aave,Base,4.06,USDC,274794428,1.08,3.48
2024-08-10,Aave,Base,3.53,USDT,292062276,0.97,3.79
2024-08-10,Aave,Base,3.73,DAI,301068394,1.04,4.81
2024-08-10,Compound,Ethereum,2.88,USDC,201903745,11.68,0
2024-08-10,Compound,Ethereum,2.47,USDT,201850403,12.09,0
2024-08-10,Compound,Ethereum,2.97,DAI,203308670,9.07,0
2024-08-10,Compound,Arbitrum,3.4,USDC,218027396,1.87,5.13
2024-08-10,Compound,Arbitrum,3.39,USDT,224501955,1.23,4.92
2024-08-10,Compound,Arbitrum,3.46,DAI,209058297,1.67,6.26
2024-08-10,Compound,Optimism,3.85,USDC,193483884,0.86,4.98
2024-08-10,Compound,Optimism,3.4,USDT,221787196,1.33,4.33
2024-08-10,Compound,Optimism,3.4,DAI,215258248,0.96,5.04
2024-08-10,Compound,Polygon,3.62,USDC,200428530,0.7,3.41
2024-08-10,Compound,Polygon,3.69,USDT,214938457,0.52,3.21
2024-08-10,Compound,Polygon,3.64,DAI,207000422,0.51,2.82
2024-08-10,Compound,Base,3.71,USDC,191265975,1.0,4.68
2024-08-10,Compound,Base,3.65,USDT,198853280,1.12,3.92
2024-08-10,Compound,Base,3.6,DAI,213080563,0.92,1.81
2024-08-10,Curve,Ethereum,6.68,USDC,380845965,9.16,0
2024-08-10,Curve,Ethereum,7.26,USDT,363364237,11.8,0
2024-08-10,Curve,Ethereum,6.97,DAI,395822611,11.73,0
2024-08-10,Curve,Arbitrum,10.81,USDC,391422396,1.99,6.2
2024-08-10,Curve,Arbitrum,7.69,USDT,373571253,1.44,3.08
2024-08-10,Curve,Arbitrum,8.94,DAI,360966131,1.87,3.63
2024-08-10,Curve,Optimism,6.44,USDC,417010367,1.53,6.55
2024-08-10,Curve,Polygon,10.01,USDC,358472597,0.55,3.36
2024-08-10,Curve,Polygon,9.85,USDT,383976528,0.49,2.52
2024-08-10,Curve,Polygon,9.14,DAI,380073889,0.61,2.08
2024-08-10,Curve,Base,9.24,USDC,375716081,0.85,3.99
2024-08-10,Curve,Base,8.54,USDT,369241419,0.76,2.56
2024-08-10,Curve,Base,9.79,DAI,386186800,1.0,2.41
2024-08-10,Uniswap V3,Ethereum,10.24,USDC,99626653,12.54,0
2024-08-10,Uniswap V3,Ethereum,7.16,DAI,112114673,11.6,0
2024-08-10,Uniswap V3,Arbitrum,12.25,USDC,117146244,1.58,5.54
2024-08-10,Uniswap V3,Arbitrum,11.21,USDT,107907496,0.99,4.39
2024-08-10,Uniswap V3,Arbitrum,11.15,DAI,101450948,1.37,5.6
2024-08-10,Uniswap V3,Optimism,13.34,USDC,108228289,1.18,3.51
2024-08-10,Uniswap V3,Optimism,14.17,USDT,108157343,1.29,4.39
2024-08-10,Uniswap V3,Optimism,11.01,DAI,110433210,1.27,4.68
2024-08-10,Uniswap V3,Polygon,8.73,USDC,116982482,0.6,3.47
2024-08-10,Uniswap V3,Polygon,11.68,USDT,108973951,0.66,2.99
2024-08-10,Uniswap V3,Polygon,10.93,DAI,110755839,0.76,1.97
2024-08-10,Uniswap V3,Base,7.18,USDC,118300724,0.85,4.58
2024-08-10,Uniswap V3,Base,10.59,USDT,117488974,1.21,4.73
2024-08-10,Uniswap V3,Base,12.57,DAI,115167244,0.84,3.31
2024-08-10,Yearn,Ethereum,3.5,USDC,148223360,10.6,0
2024-08-10,Yearn,Ethereum,3.72,USDT,141048611,12.42,0
2024-08-10,Yearn,Ethereum,3.98,DAI,141988851,11.47,0
2024-08-10,Yearn,Arbitrum,4.26,USDC,149497210,1.61,5.86
2024-08-10,Yearn,Arbitrum,4.39,DAI,134574034,2.04,5.61
2024-08-10,Yearn,Optimism,4.23,USDC,137629406,1.02,3.69
2024-08-10,Yearn,Optimism,4.16,USDT,145812872,1.19,5.51
2024-08-10,Yearn,Optimism,4.5,DAI,143980105,1.04,3.4
2024-08-10,Yearn,Polygon,4.68,USDC,140777194,0.63,2.88
2024-08-10,Yearn,Polygon,4.54,USDT,134500773,0.7,3.7
2024-08-10,Yearn,Polygon,5.0,DAI,131388810,0.67,2.44
2024-08-10,Yearn,Base,4.33,USDC,126929846,1.03,2.99
2024-08-10,Yearn,Base,4.06,USDT,133327458,1.24,3.55
2024-08-10,Yearn,Base,4.9,DAI,137898491,0.81,4.1
2024-08-10,Pendle,Ethereum,11.11,USDC,96210437,13.37,0
2024-08-10,Pendle,Ethereum,11.42,DAI,94395314,9.93,0
2024-08-10,Pendle,Arbitrum,13.32,USDC,87154906,1.42,5.44
2024-08-10,Pendle,Arbitrum,14.37,USDT,94828658,1.56,4.65
2024-08-10,Pendle,Arbitrum,14.0,DAI,85862920,1.44,6.61
2024-08-10,Pendle,Optimism,13.89,USDC,90701986,0.88,4.21
2024-08-10,Pendle,Optimism,13.16,USDT,84192081,1.23,5.74
2024-08-10,Pendle,Optimism,10.33,DAI,92506108,1.28,3.11
2024-08-10,Pendle,Base,13.25,USDC,83708150,0.95,3.68
2024-08-10,Pendle,Base,17.43,USDT,87275528,0.88,2.95
2024-08-10,Pendle,Base,10.94,DAI,83308839,0.7,2.39
2024-08-10,Convex,Ethereum,5.64,USDC,162787162,5.47,0
2024-08-10,Convex,Ethereum,4.45,USDT,182453375,12.83,0
2024-08-10,Convex,Ethereum,4.55,DAI,174248459,10.12,0
2024-08-10,Balancer,Ethereum,8.2,USDC,123409608,10.23,0
2024-08-10,Balancer,Ethereum,8.34,USDT,129608566,14.04,0
2024-08-10,Balancer,Ethereum,9.9,DAI,127385358,13.88,0
2024-08-10,Balancer,Arbitrum,10.23,USDC,133347745,1.31,4.94
2024-08-10,Balancer,Arbitrum,10.01,USDT,124062586,1.8,7.13
2024-08-10,Balancer,Arbitrum,8.31,DAI,125819225,1.43,5.6
2024-08-10,Balancer,Optimism,9.66,USDC,129131493,1.08,5.64
2024-08-10,Balancer,Optimism,10.1,USDT,127795217,1.02,4.44
2024-08-10,Balancer,Optimism,9.47,DAI,125186751,1.11,3.76
2024-08-10,Balancer,Polygon,7.7,USDC,127294354,0.71,2.59
2024-08-10,Balancer,Polygon,9.82,DAI,129725470,0.57,2.66
2024-08-10,Balancer,Base,8.89,USDC,130532224,0.96,3.38
2024-08-10,Balancer,Base,9.29,USDT,118317811,0.94,5.01
2024-08-11,Aave,Ethereum,2.63,USDC,278068710,11.22,0
2024-08-11,Aave,Ethereum,2.82,USDT,291833154,11.23,0
2024-08-11,Aave,Arbitrum,3.52,USDC,303009201,1.81,6.85
2024-08-11,Aave,Arbitrum,3.59,DAI,293759217,1.52,4.8
2024-08-11,Aave,Optimism,3.8,USDT,291965285,1.13,3.63
2024-08-11,Aave,Optimism,3.23,DAI,311219987,1.37,4.14
2024-08-11,Aave,Polygon,3.83,USDC,283332948,0.62,3.22
2024-08-11,Aave,Polygon,3.35,USDT,289549779,0.51,2.65
2024-08-11,Aave,Polygon,3.86,DAI,284144646,0.56,2.57
2024-08-11,Aave,Base,3.47,USDT,300598848,1.08,3.01
2024-08-11,Aave,Base,3.55,DAI,302687691,1.03,3.81
2024-08-11,Compound,Ethereum,2.79,USDC,219581997,10.84,0
2024-08-11,Compound,Ethereum,2.93,USDT,214267105,12.83,0
2024-08-11,Compound,Ethereum,2.85,DAI,200615913,11.62,0
2024-08-11,Compound,Arbitrum,3.69,USDC,215462778,1.37,4.92
2024-08-11,Compound,Arbitrum,3.23,USDT,214508434,1.62,5.61
2024-08-11,Compound,Arbitrum,3.2,DAI,225323170,1.84,4.24
2024-08-11,Compound,Optimism,3.46,USDC,188543352,1.1,4.64
2024-08-11,Compound,Optimism,3.29,USDT,209036791,1.19,4.16
2024-08-11,Compound,Optimism,3.25,DAI,200042705,1.19,4.68
2024-08-11,Compound,Polygon,3.86,USDC,216360425,0.58,3.85
2024-08-11,Compound,Polygon,3.57,USDT,218345064,0.57,2.49
2024-08-11,Compound,Polygon,3.49,DAI,217289624,0.72,3.76
2024-08-11,Compound,Base,3.16,USDC,224552351,0.79,6.05
2024-08-11,Compound,Base,3.24,USDT,203434834,0.76,4.66
2024-08-11,Compound,Base,3.18,DAI,216464557,1.05,5.34
2024-08-11,Curve,Ethereum,8.42,USDC,374367559,10.62,0
2024-08-11,Curve,Ethereum,6.87,USDT,362906268,11.93,0
2024-08-11,Curve,Ethereum,8.4,DAI,365401316,12.78,0
2024-08-11,Curve,Arbitrum,7.27,USDC,379619670,1.68,5.99
2024-08-11,Curve,Arbitrum,11.46,USDT,354558222,1.38,6.37
2024-08-11,Curve,Arbitrum,8.12,DAI,343809967,1.44,3.55
2024-08-11,Curve,Optimism,8.6,USDC,336452150,1.07,3.76
2024-08-11,Curve,Optimism,8.52,USDT,388293024,1.1,3.68
2024-08-11,Curve,Optimism,10.44,DAI,375917586,1.17,4.4
2024-08-11,Curve,Polygon,10.2,USDC,371062010,0.74,4.08
2024-08-11,Curve,Polygon,9.95,USDT,373631293,0.63,3.11
2024-08-11,Curve,Polygon,8.09,DAI,382591352,0.68,3.68
2024-08-11,Curve,Base,9.84,USDC,374247922,0.87,3.85
2024-08-11,Curve,Base,8.16,USDT,358262813,1.13,1.67
2024-08-11,Curve,Base,9.4,DAI,358469948,0.96,3.4
2024-08-11,Uniswap V3,Ethereum,9.92,USDC,105703889,14.53,0
2024-08-11,Uniswap V3,Ethereum,9.42,USDT,105793893,8.97,0
2024-08-11,Uniswap V3,Ethereum,9.03,DAI,115027149,11.05,0
2024-08-11,Uniswap V3,Arbitrum,9.77,USDT,103106705,1.58,6.62
2024-08-11,Uniswap V3,Arbitrum,8.87,DAI,109611069,1.52,2.74
2024-08-11,Uniswap V3,Optimism,9.38,USDC,105831339,1.35,5.52
2024-08-11,Uniswap V3,Optimism,8.66,USDT,116487715,1.13,3.41
2024-08-11,Uniswap V3,Optimism,8.28,DAI,114864632,1.02,3.7
2024-08-11,Uniswap V3,Polygon,8.56,USDC,109731632,0.69,2.62
2024-08-11,Uniswap V3,Polygon,9.99,USDT,102364152,0.75,2.56
2024-08-11,Uniswap V3,Polygon,11.76,DAI,113687819,0.66,2.83
2024-08-11,Uniswap V3,Base,8.65,USDC,108435582,1.1,4.92
2024-08-11,Uniswap V3,Base,11.56,USDT,107520208,1.06,2.83
2024-08-11,Uniswap V3,Base,10.02,DAI,109416936,0.85,4.77
2024-08-11,Yearn,Ethereum,4.18,USDT,121914033,12.32,0
2024-08-11,Yearn,Ethereum,3.45,DAI,134789919,11.72,0
2024-08-11,Yearn,Arbitrum,4.96,USDC,141329251,1.69,5.29
2024-08-11,Yearn,Arbitrum,4.2,USDT,141554340,1.47,6.31
2024-08-11,Yearn,Optimism,4.06,USDC,137669638,1.3,6.68
2024-08-11,Yearn,Optimism,4.37,USDT,138927435,1.09,3.28
2024-08-11,Yearn,Optimism,4.85,DAI,136755097,1.0,3.36
2024-08-11,Yearn,Polygon,4.82,USDC,138200396,0.72,3.03
2024-08-11,Yearn,Polygon,4.72,USDT,144035107,0.54,3.72
2024-08-11,Yearn,Polygon,4.79,DAI,138861811,0.71,2.62
2024-08-11,Yearn,Base,4.45,USDC,146170593,0.98,3.85
2024-08-11,Yearn,Base,4.53,USDT,132539436,0.77,2.62
2024-08-11,Yearn,Base,4.58,DAI,141615101,0.85,2.26
2024-08-11,Pendle,Ethereum,13.18,USDC,86758329,12.27,0
2024-08-11,Pendle,Ethereum,10.08,USDT,84071855,5.87,0
2024-08-11,Pendle,Ethereum,8.12,DAI,86041657,14.21,0
2024-08-11,Pendle,Arbitrum,13.07,USDC,95510881,0.83,4.39
2024-08-11,Pendle,Arbitrum,14.05,USDT,89377991,1.7,3.17
2024-08-11,Pendle,Arbitrum,16.05,DAI,87362657,1.79,3.98
2024-08-11,Pendle,Optimism,12.17,USDC,93331405,1.07,4.04
2024-08-11,Pendle,Optimism,13.29,USDT,85522623,1.17,4.86
2024-08-11,Pendle,Optimism,14.19,DAI,92175858,1.61,3.96
2024-08-11,Pendle,Base,11.56,USDC,86894660,0.97,3.11
2024-08-11,Pendle,Base,18.18,USDT,86702741,0.89,3.77
2024-08-11,Pendle,Base,9.38,DAI,86926661,1.15,3.06
2024-08-11,Convex,Ethereum,4.56,USDC,176171065,13.13,0
2024-08-11,Convex,Ethereum,4.87,USDT,165745492,10.33,0
2024-08-11,Convex,Ethereum,5.73,DAI,178549705,15.68,0
2024-08-11,Balancer,Ethereum,9.04,USDC,131724177,12.15,0
2024-08-11,Balancer,Ethereum,7.26,USDT,125795291,13.57,0
2024-08-11,Balancer,Arbitrum,8.83,USDC,128110453,1.9,4.72
2024-08-11,Balancer,Arbitrum,9.78,USDT,129484705,1.49,6.14
2024-08-11,Balancer,Arbitrum,11.14,DAI,130839412,1.75,6.23
2024-08-11,Balancer,Optimism,10.48,USDC,126819372,1.12,4.39
2024-08-11,Balancer,Optimism,10.34,USDT,123583887,1.28,2.46
2024-08-11,Balancer,Optimism,8.93,DAI,132540893,1.25,2.51
2024-08-11,Balancer,Polygon,11.01,USDC,136827945,0.64,3.41
2024-08-11,Balancer,Polygon,10.36,USDT,129470261,0.5,3.27
2024-08-11,Balancer,Polygon,10.0,DAI,129376338,0.7,2.47
2024-08-11,Balancer,Base,9.63,USDC,130511258,0.81,2.66
2024-08-11,Balancer,Base,10.55,USDT,118554864,0.86,3.53
2024-08-11,Balancer,Base,9.6,DAI,130634625,0.79,4.3
2024-08-12,Aave,Ethereum,3.54,USDC,279301962,19.44,0
2024-08-12,Aave,Ethereum,3.02,USDT,306638557,14.92,0
2024-08-12,Aave,Arbitrum,3.52,USDC,284580286,2.27,7.61
2024-08-12,Aave,Arbitrum,3.21,USDT,273635671,2.7,4.67
2024-08-12,Aave,Arbitrum,3.6,DAI,290832648,2.44,6.02
2024-08-12,Aave,Optimism,3.5,USDC,306502452,2.02,3.6
2024-08-12,Aave,Optimism,3.27,USDT,262600128,2.06,2.06
2024-08-12,Aave,Optimism,3.09,DAI,265930993,2.18,3.36
2024-08-12,Aave,Polygon,3.66,USDC,275778401,0.82,2.16
2024-08-12,Aave,Polygon,3.47,USDT,284323978,1.06,3.66
2024-08-12,Aave,Polygon,3.74,DAI,293277314,1.26,2.42
2024-08-12,Aave,Base,3.88,USDT,298971843,1.49,6.24
2024-08-12,Aave,Base,3.59,DAI,286859122,1.62,4.04
2024-08-12,Compound,Ethereum,2.8,USDC,194201051,19.81,0
2024-08-12,Compound,Ethereum,3.02,USDT,200679062,21.06,0
2024-08-12,Compound,Ethereum,2.62,DAI,190417108,15.97,0
2024-08-12,Compound,Arbitrum,3.76,USDC,206834679,2.45,4.13
2024-08-12,Compound,Arbitrum,3.46,USDT,208993978,2.56,4.1
2024-08-12,Compound,Arbitrum,3.19,DAI,205041486,2.58,5.82
2024-08-12,Compound,Optimism,3.17,USDC,200562485,1.74,3.77
2024-08-12,Compound,Optimism,3.4,USDT,220857344,1.9,4.76
2024-08-12,Compound,Optimism,3.21,DAI,202718896,1.99,3.12
2024-08-12,Compound,Polygon,3.58,USDC,198137257,0.92,3.05
2024-08-12,Compound,Polygon,4.25,USDT,227134396,0.93,2.42
2024-08-12,Compound,Polygon,3.39,DAI,209148558,1.01,3.22
2024-08-12,Compound,Base,3.42,USDC,199624763,1.21,2.99
2024-08-12,Compound,Base,3.57,USDT,204448562,1.37,5.13
2024-08-12,Compound,Base,3.35,DAI,207314543,1.59,4.78
2024-08-12,Curve,Ethereum,8.27,USDC,335391725,19.52,0
2024-08-12,Curve,Ethereum,7.95,USDT,370381182,16.39,0
2024-08-12,Curve,Arbitrum,9.62,USDC,364681196,3.02,3.63
2024-08-12,Curve,Arbitrum,10.5,USDT,363136953,2.39,4.79
2024-08-12,Curve,Arbitrum,6.73,DAI,360378554,2.07,4.17
2024-08-12,Curve,Optimism,8.55,USDC,371369559,1.43,3.96
2024-08-12,Curve,Optimism,11.37,USDT,372134720,1.51,4.5
2024-08-12,Curve,Optimism,7.69,DAI,392123409,2.22,5.23
2024-08-12,Curve,Polygon,9.8,USDC,355721966,0.63,2.31
2024-08-12,Curve,Polygon,9.18,USDT,383713772,0.94,3.33
2024-08-12,Curve,Polygon,9.82,DAI,354045263,1.07,2.58
2024-08-12,Curve,Base,9.14,USDC,348201784,1.46,3.35
2024-08-12,Curve,Base,7.97,USDT,323487964,1.44,3.76
2024-08-12,Curve,Base,7.9,DAI,373082156,1.06,3.51
2024-08-12,Uniswap V3,Ethereum,8.76,USDC,106992977,15.29,0
2024-08-12,Uniswap V3,Ethereum,8.51,USDT,107456297,23.52,0
2024-08-12,Uniswap V3,Ethereum,9.45,DAI,104161770,17.85,0
2024-08-12,Uniswap V3,Arbitrum,11.52,USDC,114109872,2.27,5.69
2024-08-12,Uniswap V3,Arbitrum,12.65,USDT,111106316,3.11,4.73
2024-08-12,Uniswap V3,Arbitrum,7.43,DAI,112029690,2.53,4.98
2024-08-12,Uniswap V3,Optimism,10.62,USDC,113316443,1.88,2.58
2024-08-12,Uniswap V3,Optimism,11.13,DAI,105598055,1.84,3.93
2024-08-12,Uniswap V3,Polygon,11.45,USDC,116522548,1.09,3.24
2024-08-12,Uniswap V3,Polygon,11.47,USDT,107387256,0.89,3.69
2024-08-12,Uniswap V3,Polygon,14.38,DAI,100114507,0.87,3.09
2024-08-12,Uniswap V3,Base,5.98,USDC,109639339,1.77,5.1
2024-08-12,Uniswap V3,Base,9.28,USDT,111027933,1.23,5.33
2024-08-12,Uniswap V3,Base,9.4,DAI,110067867,1.48,4.35
2024-08-12,Yearn,Ethereum,3.82,USDC,142579142,17.72,0
2024-08-12,Yearn,Ethereum,4.18,DAI,130525117,15.24,0
2024-08-12,Yearn,Arbitrum,5.49,USDT,143029866,2.44,5.51
2024-08-12,Yearn,Arbitrum,4.39,DAI,134819832,2.8,4.95
2024-08-12,Yearn,Optimism,3.94,USDC,142495987,2.01,4.46
2024-08-12,Yearn,Optimism,4.42,USDT,138556996,1.91,5.59
2024-08-12,Yearn,Optimism,4.1,DAI,129015525,1.8,4.21
2024-08-12,Yearn,Polygon,4.6,USDC,133075560,0.98,3.21
2024-08-12,Yearn,Polygon,4.97,USDT,134964585,0.95,2.98
2024-08-12,Yearn,Polygon,5.03,DAI,131022604,0.86,3.25
2024-08-12,Yearn,Base,4.64,USDC,130771097,1.51,3.12
2024-08-12,Yearn,Base,4.24,USDT,138869342,1.84,3.63
2024-08-12,Pendle,Ethereum,12.8,USDC,92750972,17.07,0
2024-08-12,Pendle,Ethereum,13.48,USDT,88327362,14.97,0
2024-08-12,Pendle,Ethereum,10.68,DAI,87315187,21.34,0
2024-08-12,Pendle,Arbitrum,14.5,USDC,78362924,3.01,5.26
2024-08-12,Pendle,Arbitrum,10.11,USDT,91509822,2.06,5.0
2024-08-12,Pendle,Arbitrum,10.85,DAI,83566887,2.31,5.37
2024-08-12,Pendle,Optimism,12.5,USDT,85520027,2.07,4.71
2024-08-12,Pendle,Optimism,17.69,DAI,85806433,1.94,4.16
2024-08-12,Pendle,Base,15.72,USDC,83630003,1.24,4.26
2024-08-12,Pendle,Base,15.77,USDT,84932507,1.38,3.81
2024-08-12,Pendle,Base,14.2,DAI,91095227,1.32,3.86
2024-08-12,Convex,Ethereum,5.93,USDC,173714478,16.54,0
2024-08-12,Convex,Ethereum,5.06,USDT,165617009,19.87,0
2024-08-12,Convex,Ethereum,5.26,DAI,171517142,20.85,0
2024-08-12,Balancer,Ethereum,6.94,USDC,117322549,15.67,0
2024-08-12,Balancer,Ethereum,6.96,DAI,121229313,15.39,0
2024-08-12,Balancer,Arbitrum,8.93,USDC,130421672,2.25,6.04
2024-08-12,Balancer,Arbitrum,9.65,USDT,127655639,2.15,3.63
2024-08-12,Balancer,Arbitrum,8.99,DAI,138109867,3.08,5.07
2024-08-12,Balancer,Optimism,10.96,USDC,124978905,2.15,4.94
2024-08-12,Balancer,Optimism,8.55,USDT,131726400,1.45,3.55
2024-08-12,Balancer,Optimism,11.3,DAI,117454841,1.32,4.4
2024-08-12,Balancer,Polygon,10.32,USDC,126025995,0.88,1.91
2024-08-12,Balancer,Polygon,9.67,USDT,119445256,0.96,2.24
2024-08-12,Balancer,Polygon,10.43,DAI,127459024,0.75,3.18
2024-08-12,Balancer,Base,10.47,USDC,123316400,1.22,3.8
2024-08-12,Balancer,Base,10.69,USDT,125306272,1.38,3.52
2024-08-12,Balancer,Base,10.44,DAI,126057008,1.62,4.22
2024-08-13,Aave,Ethereum,2.86,USDC,302065559,19.43,0
2024-08-13,Aave,Ethereum,2.88,USDT,287190835,18.46,0
2024-08-13,Aave,Ethereum,2.92,DAI,274150220,16.85,0
2024-08-13,Aave,Arbitrum,4.03,USDC,285613355,2.88,5.81
2024-08-13,Aave,Arbitrum,3.37,USDT,271235871,2.98,5.71
2024-08-13,Aave,Arbitrum,3.19,DAI,273179470,3.25,4.38
2024-08-13,Aave,Optimism,3.63,USDC,285650086,1.71,3.99
2024-08-13,Aave,Optimism,3.57,USDT,280262641,1.9,3.67
2024-08-13,Aave,Optimism,3.28,DAI,290065588,1.72,3.84
2024-08-13,Aave,Polygon,3.62,USDC,272762661,0.85,3.13
2024-08-13,Aave,Polygon,3.79,USDT,280918328,1.03,3.5
2024-08-13,Aave,Polygon,3.86,DAI,272029772,1.1,3.31
2024-08-13,Aave,Base,3.54,USDC,287812751,1.38,2.75
2024-08-13,Aave,Base,3.38,USDT,297032516,1.54,2.93
2024-08-13,Aave,Base,3.72,DAI,272274300,1.19,4.13
2024-08-13,Compound,Ethereum,2.91,USDC,183259975,17.91,0
2024-08-13,Compound,Ethereum,2.95,USDT,195091944,18.46,0
2024-08-13,Compound,Ethereum,2.87,DAI,206712199,19.81,0
2024-08-13,Compound,Arbitrum,3.22,USDC,211068513,1.99,5.82
2024-08-13,Compound,Arbitrum,3.83,USDT,186059663,2.86,5.94
2024-08-13,Compound,Arbitrum,3.51,DAI,201092988,2.2,6.94
2024-08-13,Compound,Optimism,3.18,USDC,207628148,2.07,4.65
2024-08-13,Compound,Optimism,3.06,USDT,205351074,2.23,3.48
2024-08-13,Compound,Optimism,3.16,DAI,202337111,1.64,5.22
2024-08-13,Compound,Polygon,3.8,USDC,214710208,1.23,3.38
2024-08-13,Compound,Polygon,3.81,USDT,202708729,1.09,3.58
2024-08-13,Compound,Polygon,3.3,DAI,209423935,0.85,3.13
2024-08-13,Compound,Base,3.56,USDC,201272503,1.23,3.86
2024-08-13,Compound,Base,3.59,USDT,208478094,0.93,3.87
2024-08-13,Compound,Base,3.74,DAI,211282733,1.79,3.3
2024-08-13,Curve,Ethereum,8.85,USDC,370201034,17.07,0
2024-08-13,Curve,Ethereum,8.21,USDT,373450836,16.63,0
2024-08-13,Curve,Ethereum,8.74,DAI,382033629,18.32,0
2024-08-13,Curve,Arbitrum,8.21,USDC,352960183,2.73,4.15
2024-08-13,Curve,Arbitrum,10.91,USDT,363461883,2.26,6.03
2024-08-13,Curve,Arbitrum,8.03,DAI,340455456,2.65,5.05
2024-08-13,Curve,Optimism,10.5,USDC,351617700,1.81,4.07
2024-08-13,Curve,Optimism,9.78,USDT,356827853,1.52,3.5
2024-08-13,Curve,Optimism,8.52,DAI,328517343,1.94,4.58
2024-08-13,Curve,Polygon,8.72,USDC,355867137,1.01,4.04
2024-08-13,Curve,Polygon,11.56,USDT,365684116,0.84,2.61
2024-08-13,Curve,Base,8.23,USDC,344858851,1.63,3.64
2024-08-13,Curve,Base,9.99,USDT,347212092,1.17,4.41
2024-08-13,Curve,Base,10.87,DAI,367088907,1.15,4.66
2024-08-13,Uniswap V3,Ethereum,9.22,USDC,106086499,17.27,0
2024-08-13,Uniswap V3,Ethereum,7.86,USDT,108068264,21.37,0
2024-08-13,Uniswap V3,Ethereum,8.78,DAI,102301784,9.72,0
2024-08-13,Uniswap V3,Arbitrum,9.82,USDC,108655633,3.2,6.6
2024-08-13,Uniswap V3,Arbitrum,8.02,USDT,110675016,2.47,4.18
2024-08-13,Uniswap V3,Arbitrum,7.59,DAI,104108439,2.75,6.11
2024-08-13,Uniswap V3,Optimism,8.75,USDC,103679229,1.33,4.37
2024-08-13,Uniswap V3,Optimism,8.58,USDT,96687449,1.78,4.41
2024-08-13,Uniswap V3,Optimism,11.17,DAI,103951627,1.38,3.69
2024-08-13,Uniswap V3,Polygon,12.3,USDC,106814957,0.99,3.84
2024-08-13,Uniswap V3,Polygon,14.61,USDT,105292185,0.99,2.81
2024-08-13,Uniswap V3,Polygon,12.82,DAI,105674369,0.63,3.46
2024-08-13,Uniswap V3,Base,11.64,USDC,104289782,1.32,3.6
2024-08-13,Uniswap V3,Base,10.76,USDT,99058285,1.36,4.82
2024-08-13,Yearn,Ethereum,3.83,USDT,134262636,20.86,0
2024-08-13,Yearn,Ethereum,3.86,DAI,133158946,19.4,0
2024-08-13,Yearn,Arbitrum,4.64,USDC,142080659,2.47,5.48
2024-08-13,Yearn,Arbitrum,4.71,USDT,134231457,2.26,5.31
2024-08-13,Yearn,Arbitrum,4.55,DAI,118022279,1.72,4.55
2024-08-13,Yearn,Optimism,4.22,USDC,126341784,1.99,3.89
2024-08-13,Yearn,Optimism,4.14,USDT,137445597,1.22,4.97
2024-08-13,Yearn,Optimism,5.07,DAI,133182095,1.9,3.48
2024-08-13,Yearn,Polygon,4.15,USDC,140829169,1.03,2.99
2024-08-13,Yearn,Polygon,5.08,USDT,141347319,1.21,2.46
2024-08-13,Yearn,Polygon,5.62,DAI,129827402,1.0,3.59
2024-08-13,Yearn,Base,4.32,USDC,126505996,1.26,5.25
2024-08-13,Yearn,Base,4.9,USDT,134496308,1.58,3.57
2024-08-13,Yearn,Base,4.31,DAI,146371605,1.23,4.45
2024-08-13,Pendle,Ethereum,8.93,USDC,88683079,16.5,0
2024-08-13,Pendle,Ethereum,11.52,USDT,84226386,16.34,0
2024-08-13,Pendle,Ethereum,9.64,DAI,87156655,18.65,0
2024-08-13,Pendle,Arbitrum,14.29,USDC,88846754,2.92,5.03
2024-08-13,Pendle,Arbitrum,14.24,USDT,84668188,2.39,5.35
2024-08-13,Pendle,Optimism,15.65,USDC,85338955,1.41,4.35
2024-08-13,Pendle,Optimism,12.79,USDT,83776967,1.5,4.46
2024-08-13,Pendle,Base,16.31,USDC,83948079,1.58,4.41
2024-08-13,Pendle,Base,14.29,USDT,82589891,1.11,4.8
2024-08-13,Pendle,Base,8.85,DAI,82908006,1.86,3.87
2024-08-13,Convex,Ethereum,5.67,USDC,172266175,19.98,0
2024-08-13,Convex,Ethereum,5.06,USDT,161002384,18.76,0
2024-08-13,Convex,Ethereum,5.47,DAI,165657343,17.49,0
2024-08-13,Balancer,Ethereum,8.7,USDC,115680590,19.38,0
2024-08-13,Balancer,Ethereum,7.91,DAI,116912075,23.67,0
2024-08-13,Balancer,Arbitrum,11.29,USDC,120750951,2.3,4.07
2024-08-13,Balancer,Arbitrum,8.04,DAI,114865476,2.47,4.07
2024-08-13,Balancer,Optimism,9.83,USDC,121301193,1.88,4.77
2024-08-13,Balancer,Optimism,8.58,USDT,129783011,2.02,4.55
2024-08-13,Balancer,Optimism,9.43,DAI,131036934,1.54,3.77
2024-08-13,Balancer,Polygon,11.19,USDC,117784275,0.86,2.22
2024-08-13,Balancer,Polygon,7.53,USDT,122314973,0.84,3.33
2024-08-13,Balancer,Base,9.66,USDC,117096969,1.36,2.04
2024-08-13,Balancer,Base,11.1,USDT,126308102,1.29,3.2
2024-08-13,Balancer,Base,9.34,DAI,117012585,1.72,3.32
2024-08-14,Aave,Ethereum,3.07,USDC,275259806,17.69,0
2024-08-14,Aave,Ethereum,3.34,USDT,280597860,16.59,0
2024-08-14,Aave,Ethereum,2.74,DAI,264327231,12.46,0
2024-08-14,Aave,Arbitrum,3.46,USDC,280470930,2.04,5.78
2024-08-14,Aave,Arbitrum,3.82,USDT,274800964,1.65,3.43
2024-08-14,Aave,Arbitrum,3.54,DAI,268956173,2.43,5.04
2024-08-14,Aave,Optimism,3.33,USDC,253573187,1.54,4.45
2024-08-14,Aave,Optimism,3.94,USDT,280776601,2.16,3.41
2024-08-14,Aave,Optimism,3.84,DAI,292838813,1.71,3.54
2024-08-14,Aave,Polygon,4.0,USDC,301801872,0.96,2.42
2024-08-14,Aave,Polygon,4.11,USDT,272455234,0.81,3.07
2024-08-14,Aave,Polygon,4.06,DAI,293122165,0.9,2.86
2024-08-14,Aave,Base,3.27,USDC,285552676,1.72,3.55
2024-08-14,Aave,Base,3.8,USDT,280819858,1.45,4.02
2024-08-14,Aave,Base,3.3,DAI,293066380,1.34,7.06
2024-08-14,Compound,Ethereum,3.03,USDT,189259317,18.87,0
2024-08-14,Compound,Ethereum,3.45,DAI,203662685,20.25,0
2024-08-14,Compound,Arbitrum,3.81,USDC,195954686,2.2,6.61
2024-08-14,Compound,Arbitrum,3.27,USDT,189285131,2.04,6.15
2024-08-14,Compound,Arbitrum,3.29,DAI,201573247,2.19,4.92
2024-08-14,Compound,Optimism,3.49,USDC,184911599,1.49,3.84
2024-08-14,Compound,Optimism,3.39,USDT,188646886,1.74,3.52
2024-08-14,Compound,Optimism,3.48,DAI,197580689,2.34,3.72
2024-08-14,Compound,Polygon,3.86,USDC,199739873,0.97,1.64
2024-08-14,Compound,Polygon,4.1,USDT,213585259,0.99,3.09
2024-08-14,Compound,Polygon,3.72,DAI,204865701,0.97,3.38
2024-08-14,Compound,Base,3.51,USDC,187535023,1.34,4.15
2024-08-14,Compound,Base,3.34,USDT,197259976,1.53,5.44
2024-08-14,Compound,Base,3.4,DAI,185967012,1.39,4.85
2024-08-14,Curve,Ethereum,8.41,USDC,375158086,20.98,0
2024-08-14,Curve,Ethereum,7.32,USDT,334806888,11.56,0
2024-08-14,Curve,Ethereum,5.96,DAI,349261717,15.59,0
2024-08-14,Curve,Arbitrum,9.23,USDC,317595033,2.18,4.48
2024-08-14,Curve,Arbitrum,10.17,USDT,371033029,2.38,4.19
2024-08-14,Curve,Arbitrum,9.92,DAI,374702393,2.2,4.26
2024-08-14,Curve,Optimism,7.72,USDC,337561490,1.91,2.83
2024-08-14,Curve,Optimism,9.57,USDT,354361265,1.9,4.3
2024-08-14,Curve,Polygon,8.82,USDC,328411709,1.02,2.57
2024-08-14,Curve,Base,9.74,USDC,361465413,1.45,3.23
2024-08-14,Curve,Base,10.53,USDT,360439418,1.35,3.74
2024-08-14,Curve,Base,9.18,DAI,358804908,1.14,4.97
2024-08-14,Uniswap V3,Ethereum,8.88,USDC,101198173,18.59,0
2024-08-14,Uniswap V3,Ethereum,6.22,USDT,114861710,22.0,0
2024-08-14,Uniswap V3,Ethereum,7.16,DAI,105901307,21.88,0
2024-08-14,Uniswap V3,Arbitrum,12.21,USDC,103103605,1.98,4.74
2024-08-14,Uniswap V3,Arbitrum,10.55,USDT,103986088,1.62,4.81
2024-08-14,Uniswap V3,Optimism,10.37,USDC,118280307,1.67,2.87
2024-08-14,Uniswap V3,Optimism,7.47,USDT,115493650,1.75,3.38
2024-08-14,Uniswap V3,Optimism,10.06,DAI,105181677,2.05,5.28
2024-08-14,Uniswap V3,Polygon,10.71,USDC,101604059,0.68,3.36
2024-08-14,Uniswap V3,Polygon,10.87,DAI,109617338,1.18,2.91
2024-08-14,Uniswap V3,Base,9.26,USDC,102823448,1.69,2.56
2024-08-14,Uniswap V3,Base,9.94,USDT,110539798,1.33,3.07
2024-08-14,Uniswap V3,Base,8.08,DAI,108047767,1.36,4.42
2024-08-14,Yearn,Ethereum,3.46,USDC,133864418,17.26,0
2024-08-14,Yearn,Ethereum,3.83,USDT,138768370,16.32,0
2024-08-14,Yearn,Ethereum,3.89,DAI,133327985,21.84,0
2024-08-14,Yearn,Arbitrum,4.66,USDC,129198654,2.46,4.59
2024-08-14,Yearn,Arbitrum,4.41,USDT,150202961,2.11,3.93
2024-08-14,Yearn,Arbitrum,5.13,DAI,129537369,1.88,6.11
2024-08-14,Yearn,Optimism,4.37,USDC,127667981,2.06,4.06
2024-08-14,Yearn,Optimism,4.52,USDT,121357266,2.0,4.83
2024-08-14,Yearn,Optimism,4.89,DAI,129600731,1.53,3.65
2024-08-14,Yearn,Polygon,4.86,USDC,138301067,0.71,2.2
2024-08-14,Yearn,Polygon,5.55,USDT,127953588,1.04,4.05
2024-08-14,Yearn,Polygon,4.75,DAI,131839226,0.89,2.9
2024-08-14,Yearn,Base,4.82,USDC,129998680,1.65,3.97
2024-08-14,Yearn,Base,4.59,DAI,138954656,1.41,4.49
2024-08-14,Pendle,Ethereum,9.7,USDC,76194049,16.14,0
2024-08-14,Pendle,Ethereum,11.54,USDT,81627015,16.11,0
2024-08-14,Pendle,Arbitrum,9.59,USDC,84362885,2.35,6.3
2024-08-14,Pendle,Arbitrum,11.53,USDT,83897302,1.99,5.41
2024-08-14,Pendle,Arbitrum,10.7,DAI,80057934,2.42,6.13
2024-08-14,Pendle,Optimism,15.98,USDC,87332210,1.61,3.2
2024-08-14,Pendle,Optimism,13.43,USDT,88154897,1.44,3.44
2024-08-14,Pendle,Optimism,12.96,DAI,82605187,1.83,3.72
2024-08-14,Pendle,Base,8.86,USDC,82621996,1.6,4.13
2024-08-14,Pendle,Base,12.76,USDT,84285345,1.47,3.57
2024-08-14,Pendle,Base,12.41,DAI,76627365,1.71,3.59
2024-08-14,Convex,Ethereum,5.42,USDC,158647078,21.0,0
2024-08-14,Convex,Ethereum,5.4,USDT,177541310,20.92,0
2024-08-14,Convex,Ethereum,6.02,DAI,159602686,16.51,0
2024-08-14,Balancer,Ethereum,9.0,USDC,131539618,22.48,0
2024-08-14,Balancer,Ethereum,7.32,USDT,120521060,13.55,0
2024-08-14,Balancer,Ethereum,8.42,DAI,125119482,20.17,0
2024-08-14,Balancer,Arbitrum,11.46,USDC,117013857,2.4,6.82
2024-08-14,Balancer,Arbitrum,10.36,USDT,120113029,2.11,6.11
2024-08-14,Balancer,Arbitrum,9.08,DAI,123516455,2.18,5.11
2024-08-14,Balancer,Optimism,9.41,USDC,117488214,1.73,4.4
2024-08-14,Balancer,Optimism,8.41,USDT,118784492,1.21,2.58
2024-08-14,Balancer,Optimism,10.99,DAI,130512025,1.84,3.67
2024-08-14,Balancer,Polygon,12.07,USDC,123723917,0.9,2.25
2024-08-14,Balancer,Polygon,10.55,USDT,129055417,1.08,3.18
2024-08-14,Balancer,Polygon,12.33,DAI,120746153,1.05,2.38
2024-08-14,Balancer,Base,9.05,USDC,120078740,1.57,4.51
2024-08-14,Balancer,Base,11.53,USDT,123208840,1.78,4.75
2024-08-14,Balancer,Base,8.62,DAI,120817374,1.48,3.31
2024-08-15,Aave,Ethereum,3.32,USDC,276950196,22.09,0
2024-08-15,Aave,Ethereum,2.67,USDT,257374713,20.82,0
2024-08-15,Aave,Ethereum,2.66,DAI,282266277,13.45,0
2024-08-15,Aave,Arbitrum,3.33,USDC,263582269,2.38,6.08
2024-08-15,Aave,Arbitrum,3.75,USDT,267281960,2.55,5.61
2024-08-15,Aave,Arbitrum,3.61,DAI,272658865,2.29,5.21
2024-08-15,Aave,Optimism,3.6,USDC,268276861,1.6,4.44
2024-08-15,Aave,Optimism,3.34,USDT,232184040,1.91,3.51
2024-08-15,Aave,Optimism,3.32,DAI,285596631,2.19,3.75
2024-08-15,Aave,Polygon,3.51,USDC,278898218,0.76,2.67
2024-08-15,Aave,Polygon,3.93,USDT,271556936,0.88,3.22
2024-08-15,Aave,Polygon,3.79,DAI,272425569,0.98,3.63
2024-08-15,Aave,Base,3.44,USDT,286088474,1.2,4.86
2024-08-15,Aave,Base,3.44,DAI,273055172,1.09,3.23
2024-08-15,Compound,Ethereum,2.74,USDC,212424518,11.64,0
2024-08-15,Compound,Ethereum,2.72,USDT,194095101,16.52,0
2024-08-15,Compound,Ethereum,2.88,DAI,192219392,19.31,0
2024-08-15,Compound,Arbitrum,3.42,USDC,208653587,2.98,5.56
2024-08-15,Compound,Arbitrum,3.34,DAI,193091624,2.96,6.11
2024-08-15,Compound,Optimism,3.27,USDC,199421244,2.06,2.72
2024-08-15,Compound,Optimism,3.29,USDT,195174984,1.59,3.96
2024-08-15,Compound,Optimism,3.01,DAI,209814616,1.31,4.2
2024-08-15,Compound,Polygon,3.6,USDC,180984080,0.81,1.89
2024-08-15,Compound,Polygon,4.03,USDT,182043044,0.86,3.41
2024-08-15,Compound,Polygon,3.66,DAI,217698068,0.99,4.31
2024-08-15,Compound,Base,3.4,USDC,196518466,1.27,3.39
2024-08-15,Compound,Base,3.22,USDT,183467202,1.08,3.7
2024-08-15,Compound,Base,3.57,DAI,199256790,1.43,4.0
2024-08-15,Curve,Ethereum,7.94,USDC,332216346,15.46,0
2024-08-15,Curve,Ethereum,8.05,USDT,329022409,21.01,0
2024-08-15,Curve,Arbitrum,9.44,USDT,340569144,2.71,5.24
2024-08-15,Curve,Arbitrum,9.82,DAI,345443496,2.82,5.08
2024-08-15,Curve,Optimism,8.22,USDC,343397993,2.31,2.88
2024-08-15,Curve,Optimism,6.96,USDT,341389413,2.17,5.02
2024-08-15,Curve,Optimism,9.13,DAI,319145286,1.88,5.36
2024-08-15,Curve,Polygon,8.68,USDC,341387663,1.14,2.87
2024-08-15,Curve,Polygon,8.15,USDT,354820823,1.1,3.73
2024-08-15,Curve,Polygon,10.58,DAI,352439597,1.05,3.72
2024-08-15,Curve,Base,8.11,USDC,370153947,1.25,4.14
2024-08-15,Curve,Base,8.61,USDT,331278105,1.32,4.27
2024-08-15,Curve,Base,11.73,DAI,354592964,1.57,3.49
2024-08-15,Uniswap V3,Ethereum,9.3,USDC,104556851,15.46,0
2024-08-15,Uniswap V3,Ethereum,9.89,USDT,99006022,17.05,0
2024-08-15,Uniswap V3,Ethereum,8.28,DAI,105428527,18.79,0
2024-08-15,Uniswap V3,Arbitrum,9.42,USDC,100198655,2.61,5.21
2024-08-15,Uniswap V3,Arbitrum,11.86,USDT,103108616,2.05,4.45
2024-08-15,Uniswap V3,Arbitrum,11.59,DAI,89411723,2.94,4.93
2024-08-15,Uniswap V3,Optimism,11.71,USDC,106745832,2.06,3.36
2024-08-15,Uniswap V3,Optimism,7.51,USDT,98162872,1.66,3.33
2024-08-15,Uniswap V3,Optimism,13.65,DAI,108455520,1.75,2.72
2024-08-15,Uniswap V3,Polygon,11.93,USDC,102465428,0.96,2.77
2024-08-15,Uniswap V3,Polygon,7.81,USDT,99298324,1.03,3.15
2024-08-15,Uniswap V3,Polygon,10.33,DAI,110227127,0.87,3.76
2024-08-15,Uniswap V3,Base,8.83,USDC,97940342,1.77,4.21
2024-08-15,Uniswap V3,Base,8.57,USDT,93730996,1.73,4.22
2024-08-15,Uniswap V3,Base,8.89,DAI,106217206,1.78,3.79
2024-08-15,Yearn,Ethereum,3.52,USDC,133670848,17.8,0
2024-08-15,Yearn,Ethereum,3.83,USDT,140868092,20.76,0
2024-08-15,Yearn,Ethereum,4.0,DAI,127370621,19.73,0
2024-08-15,Yearn,Arbitrum,5.26,USDC,130812755,2.37,5.49
2024-08-15,Yearn,Arbitrum,4.62,USDT,124382652,2.29,3.12
2024-08-15,Yearn,Arbitrum,4.29,DAI,127395068,2.75,5.09
2024-08-15,Yearn,Optimism,3.75,USDC,137192445,1.4,4.56
2024-08-15,Yearn,Optimism,3.73,USDT,133991977,1.94,3.77
2024-08-15,Yearn,Optimism,4.02,DAI,144769364,1.46,4.13
2024-08-15,Yearn,Polygon,5.06,USDT,135985413,1.03,2.86
2024-08-15,Yearn,Polygon,4.56,DAI,137081960,1.05,2.19
2024-08-15,Yearn,Base,5.18,USDC,127202386,1.43,5.15
2024-08-15,Yearn,Base,3.83,USDT,130800635,1.14,4.67
2024-08-15,Yearn,Base,4.52,DAI,123435118,1.49,3.49
2024-08-15,Pendle,Ethereum,11.7,USDC,83001885,24.11,0
2024-08-15,Pendle,Ethereum,12.98,USDT,83306411,19.29,0
2024-08-15,Pendle,Ethereum,10.38,DAI,79247424,22.46,0
2024-08-15,Pendle,Arbitrum,13.92,USDC,84820132,2.11,5.14
2024-08-15,Pendle,Arbitrum,17.33,USDT,79947273,2.32,3.87
2024-08-15,Pendle,Arbitrum,11.18,DAI,79884699,2.23,6.65
2024-08-15,Pendle,Optimism,14.36,USDC,82301187,2.21,3.54
2024-08-15,Pendle,Optimism,14.96,USDT,89857866,1.48,4.62
2024-08-15,Pendle,Optimism,11.3,DAI,84294578,1.75,4.97
2024-08-15,Pendle,Base,15.23,USDC,72103064,1.92,3.12
2024-08-15,Pendle,Base,13.18,USDT,81020928,1.46,4.41
2024-08-15,Pendle,Base,15.59,DAI,82947184,1.18,3.27
2024-08-15,Convex,Ethereum,5.18,USDC,159564697,15.81,0
2024-08-15,Convex,Ethereum,5.99,USDT,167666573,15.0,0
2024-08-15,Convex,Ethereum,5.07,DAI,153888812,20.13,0
2024-08-15,Balancer,Ethereum,8.77,USDC,126758879,17.9,0
2024-08-15,Balancer,Ethereum,9.19,USDT,116438744,22.81,0
2024-08-15,Balancer,Ethereum,7.64,DAI,105987818,19.48,0
2024-08-15,Balancer,Arbitrum,9.75,USDC,118759420,2.29,4.17
2024-08-15,Balancer,Arbitrum,9.84,USDT,126189337,1.91,5.74
2024-08-15,Balancer,Arbitrum,8.97,DAI,120602308,2.56,6.88
2024-08-15,Balancer,Optimism,9.31,USDC,130797113,1.72,2.92
2024-08-15,Balancer,Optimism,9.18,DAI,110477091,2.02,3.64
2024-08-15,Balancer,Polygon,10.93,USDC,120013123,1.09,3.0
2024-08-15,Balancer,Polygon,9.18,USDT,115613603,0.92,3.24
2024-08-15,Balancer,Polygon,11.82,DAI,114782985,0.98,2.6
2024-08-15,Balancer,Base,11.29,USDC,116118330,1.04,3.17
2024-08-15,Balancer,Base,7.46,USDT,120329269,1.53,4.87
2024-08-15,Balancer,Base,7.67,DAI,121915606,1.27,2.87
2024-08-16,Aave,Ethereum,2.65,USDC,252706415,14.53,0
2024-08-16,Aave,Ethereum,2.47,USDT,247244298,14.49,0
2024-08-16,Aave,Arbitrum,2.98,USDC,271221700,1.39,5.87
2024-08-16,Aave,Arbitrum,3.7,USDT,292732635,2.59,3.91
2024-08-16,Aave,Optimism,3.28,USDC,270563108,1.59,3.62
2024-08-16,Aave,Optimism,3.23,USDT,266567607,1.78,3.04
2024-08-16,Aave,Optimism,3.24,DAI,281563063,2.61,3.3
2024-08-16,Aave,Polygon,3.24,USDC,263057107,0.79,2.7
2024-08-16,Aave,Polygon,3.68,USDT,282489804,0.83,3.31
2024-08-16,Aave,Polygon,3.37,DAI,277787973,1.2,2.85
2024-08-16,Aave,Base,3.79,USDC,266543708,1.63,4.89
2024-08-16,Aave,Base,3.42,USDT,270661635,1.32,3.36
2024-08-16,Aave,Base,3.63,DAI,261381871,1.0,4.17
2024-08-16,Compound,Ethereum,2.55,USDT,186242775,18.43,0
2024-08-16,Compound,Ethereum,2.9,DAI,180597569,19.08,0
2024-08-16,Compound,Arbitrum,3.37,USDC,191057148,2.37,5.04
2024-08-16,Compound,Arbitrum,3.5,USDT,188970195,2.05,4.59
2024-08-16,Compound,Arbitrum,3.38,DAI,198630043,2.77,5.11
2024-08-16,Compound,Optimism,2.84,USDC,191436884,1.86,3.64
2024-08-16,Compound,Optimism,3.04,USDT,201966110,2.17,5.51
2024-08-16,Compound,Polygon,3.24,USDT,194913723,0.87,2.82
2024-08-16,Compound,Polygon,3.56,DAI,171467224,0.76,4.13
2024-08-16,Compound,Base,3.06,USDC,194337352,1.18,5.96
2024-08-16,Compound,Base,3.41,USDT,191188686,1.33,6.38
2024-08-16,Compound,Base,3.58,DAI,194894745,1.23,5.07
2024-08-16,Curve,Ethereum,5.64,USDC,365833580,17.07,0
2024-08-16,Curve,Ethereum,8.53,USDT,343878858,21.29,0
2024-08-16,Curve,Ethereum,6.98,DAI,347802649,11.16,0
2024-08-16,Curve,Arbitrum,8.81,USDC,324580982,2.21,4.33
2024-08-16,Curve,Arbitrum,9.63,USDT,348738791,2.55,4.62
2024-08-16,Curve,Arbitrum,7.9,DAI,332455723,2.09,4.63
2024-08-16,Curve,Optimism,8.03,USDC,365129466,1.54,5.71
2024-08-16,Curve,Optimism,6.77,USDT,365994135,1.68,3.64
2024-08-16,Curve,Optimism,8.07,DAI,351401006,1.48,3.75
2024-08-16,Curve,Polygon,8.81,USDC,344696388,1.05,3.21
2024-08-16,Curve,Base,7.51,USDC,343357672,1.64,3.83
2024-08-16,Curve,Base,8.89,USDT,346846387,1.75,3.29
2024-08-16,Uniswap V3,Ethereum,8.06,USDC,106577154,14.62,0
2024-08-16,Uniswap V3,Ethereum,8.62,USDT,105211695,18.48,0
2024-08-16,Uniswap V3,Arbitrum,9.88,USDC,108310362,2.51,2.65
2024-08-16,Uniswap V3,Arbitrum,7.65,USDT,107540609,3.02,4.18
2024-08-16,Uniswap V3,Arbitrum,12.27,DAI,95631969,2.2,6.08
2024-08-16,Uniswap V3,Optimism,6.37,USDC,100844337,2.43,5.61
2024-08-16,Uniswap V3,Optimism,9.37,USDT,117053194,1.77,3.49
2024-08-16,Uniswap V3,Optimism,8.48,DAI,106262836,2.29,3.67
2024-08-16,Uniswap V3,Polygon,11.59,USDC,98679448,0.9,2.39
2024-08-16,Uniswap V3,Polygon,10.8,USDT,107049628,1.08,3.11
2024-08-16,Uniswap V3,Polygon,12.75,DAI,99542370,0.93,2.93
2024-08-16,Uniswap V3,Base,9.08,USDC,104243701,1.58,3.82
2024-08-16,Uniswap V3,Base,10.04,USDT,111784093,1.37,5.91
2024-08-16,Uniswap V3,Base,9.13,DAI,97442307,1.32,2.95
2024-08-16,Yearn,Ethereum,3.73,USDC,143062809,13.72,0
2024-08-16,Yearn,Ethereum,3.45,DAI,135428309,14.9,0
2024-08-16,Yearn,Arbitrum,4.33,USDC,130365493,3.02,6.38
2024-08-16,Yearn,Arbitrum,4.75,USDT,137224393,2.12,5.21
2024-08-16,Yearn,Arbitrum,4.55,DAI,132842083,2.0,4.23
2024-08-16,Yearn,Optimism,4.64,USDC,139241834,2.05,4.39
2024-08-16,Yearn,Optimism,3.9,USDT,135278640,1.93,3.04
2024-08-16,Yearn,Optimism,4.36,DAI,124698616,2.11,2.57
2024-08-16,Yearn,Polygon,5.02,USDC,141962883,0.9,3.58
2024-08-16,Yearn,Polygon,4.14,USDT,131047381,0.79,2.86
2024-08-16,Yearn,Base,3.9,USDC,131280888,1.87,4.24
2024-08-16,Yearn,Base,3.82,USDT,130991123,1.08,3.47
2024-08-16,Yearn,Base,4.44,DAI,121626717,1.51,2.89
2024-08-16,Pendle,Ethereum,11.53,USDC,79150707,13.17,0
2024-08-16,Pendle,Ethereum,11.0,USDT,74697207,17.36,0
2024-08-16,Pendle,Ethereum,12.1,DAI,85059087,13.63,0
2024-08-16,Pendle,Arbitrum,12.45,USDC,75518225,2.32,5.71
2024-08-16,Pendle,Arbitrum,15.65,DAI,75791449,2.24,5.26
2024-08-16,Pendle,Optimism,16.55,USDC,84257119,1.96,5.12
2024-08-16,Pendle,Optimism,15.78,USDT,77986598,1.79,5.07
2024-08-16,Pendle,Optimism,12.58,DAI,81222422,2.28,4.65
2024-08-16,Pendle,Base,16.23,USDC,81502986,1.63,4.94
2024-08-16,Pendle,Base,13.3,USDT,79743156,1.45,4.99
2024-08-16,Pendle,Base,10.61,DAI,83949862,1.36,4.19
2024-08-16,Convex,Ethereum,5.58,USDC,155842373,14.01,0
2024-08-16,Convex,Ethereum,6.43,USDT,162779093,15.17,0
2024-08-16,Convex,Ethereum,4.9,DAI,141547894,18.76,0
2024-08-16,Balancer,Ethereum,8.01,USDC,118440284,17.64,0
2024-08-16,Balancer,Ethereum,9.03,USDT,111243890,16.56,0
2024-08-16,Balancer,Ethereum,7.3,DAI,121793078,16.19,0
2024-08-16,Balancer,Arbitrum,8.49,USDT,120319388,2.7,3.95
2024-08-16,Balancer,Arbitrum,8.14,DAI,116316111,2.42,5.04
2024-08-16,Balancer,Optimism,8.97,USDC,110972461,1.92,4.83
2024-08-16,Balancer,Optimism,9.39,USDT,123757976,1.68,3.03
2024-08-16,Balancer,Optimism,8.01,DAI,109383448,1.8,3.49
2024-08-16,Balancer,Polygon,9.29,USDC,119008671,0.92,2.94
2024-08-16,Balancer,Polygon,10.74,USDT,113808887,0.75,2.68
2024-08-16,Balancer,Polygon,9.46,DAI,118187105,0.91,3.02
2024-08-16,Balancer,Base,10.3,USDC,129057592,1.62,4.3
2024-08-16,Balancer,Base,8.85,USDT,126929552,1.38,5.05
2024-08-16,Balancer,Base,7.29,DAI,121397052,1.45,4.74
2024-08-17,Aave,Ethereum,2.83,USDC,262930945,13.81,0
2024-08-17,Aave,Ethereum,3.03,USDT,256768155,14.21,0
2024-08-17,Aave,Ethereum,2.55,DAI,280655151,12.4,0
2024-08-17,Aave,Arbitrum,3.53,USDC,264309508,1.69,5.05
2024-08-17,Aave,Arbitrum,3.37,USDT,272461153,1.73,5.74
2024-08-17,Aave,Arbitrum,3.31,DAI,260045223,1.17,5.97
2024-08-17,Aave,Optimism,3.21,USDC,271674479,1.29,5.03
2024-08-17,Aave,Optimism,2.7,USDT,281863339,1.36,4.22
2024-08-17,Aave,Optimism,3.25,DAI,268285875,0.94,3.39
2024-08-17,Aave,Polygon,3.76,USDC,250824579,0.54,3.06
2024-08-17,Aave,Polygon,3.48,USDT,245070109,0.7,2.57
2024-08-17,Aave,Polygon,3.17,DAI,259202918,0.52,3.23
2024-08-17,Aave,Base,3.28,USDC,260254286,0.88,3.26
2024-08-17,Aave,Base,3.49,DAI,273920250,1.08,2.85
2024-08-17,Compound,Ethereum,2.6,USDC,196079982,11.77,0
2024-08-17,Compound,Ethereum,2.54,USDT,184266482,12.48,0
2024-08-17,Compound,Ethereum,2.7,DAI,172921975,12.21,0
2024-08-17,Compound,Arbitrum,3.2,DAI,183631920,1.78,3.31
2024-08-17,Compound,Optimism,3.21,USDC,179015061,1.12,2.81
2024-08-17,Compound,Optimism,2.99,USDT,188211113,1.35,3.32
2024-08-17,Compound,Optimism,3.35,DAI,191227985,1.0,3.15
2024-08-17,Compound,Polygon,3.95,USDC,193021715,0.69,2.98
2024-08-17,Compound,Polygon,3.26,USDT,183535975,0.52,2.78
2024-08-17,Compound,Polygon,3.29,DAI,193089372,0.61,2.5
2024-08-17,Compound,Base,2.7,USDC,178895403,0.75,2.39
2024-08-17,Compound,Base,3.07,USDT,165547232,1.24,4.69
2024-08-17,Compound,Base,3.11,DAI,202653627,1.0,3.1
2024-08-17,Curve,Ethereum,7.62,USDC,333101980,14.6,0
2024-08-17,Curve,Ethereum,8.32,USDT,349659965,12.59,0
2024-08-17,Curve,Ethereum,6.65,DAI,326458782,11.96,0
2024-08-17,Curve,Arbitrum,6.95,USDC,366099217,2.21,6.37
2024-08-17,Curve,Arbitrum,10.62,DAI,312788196,1.34,5.3
2024-08-17,Curve,Optimism,8.57,USDC,346798245,1.04,3.47
2024-08-17,Curve,Optimism,8.92,USDT,332062240,1.16,4.14
2024-08-17,Curve,Optimism,8.62,DAI,328738768,1.69,2.96
2024-08-17,Curve,Polygon,10.51,USDC,328691041,0.65,2.83
2024-08-17,Curve,Polygon,10.77,USDT,347193978,0.42,3.66
2024-08-17,Curve,Polygon,9.58,DAI,376065863,0.59,2.53
2024-08-17,Curve,Base,6.97,USDC,356153487,0.96,3.35
2024-08-17,Curve,Base,8.63,USDT,326361251,0.77,3.26
2024-08-17,Curve,Base,11.36,DAI,330250489,0.92,3.97
2024-08-17,Uniswap V3,Ethereum,8.7,USDC,105615564,12.38,0
2024-08-17,Uniswap V3,Ethereum,8.9,USDT,108951333,12.89,0
2024-08-17,Uniswap V3,Arbitrum,8.89,USDC,103090058,1.62,5.23
2024-08-17,Uniswap V3,Arbitrum,11.79,USDT,97495364,1.56,5.35
2024-08-17,Uniswap V3,Optimism,9.25,USDT,103603150,1.13,5.38
2024-08-17,Uniswap V3,Optimism,12.17,DAI,103194371,1.0,3.48
2024-08-17,Uniswap V3,Polygon,10.55,USDC,100061464,0.7,3.12
2024-08-17,Uniswap V3,Polygon,12.36,USDT,101808166,0.74,2.76
2024-08-17,Uniswap V3,Polygon,8.69,DAI,103079063,0.73,1.8
2024-08-17,Uniswap V3,Base,9.22,USDC,94044819,0.92,3.54
2024-08-17,Uniswap V3,Base,12.76,USDT,97849526,1.02,2.01
2024-08-17,Uniswap V3,Base,9.29,DAI,96644798,1.11,5.22
2024-08-17,Yearn,Ethereum,3.4,USDC,132093800,11.45,0
2024-08-17,Yearn,Ethereum,3.88,DAI,124967595,10.17,0
2024-08-17,Yearn,Arbitrum,4.45,USDC,126562482,1.26,5.7
2024-08-17,Yearn,Arbitrum,4.78,USDT,119669071,1.59,3.74
2024-08-17,Yearn,Arbitrum,4.09,DAI,125113763,1.22,4.77
2024-08-17,Yearn,Optimism,4.31,USDC,133964101,1.08,4.73
2024-08-17,Yearn,Optimism,3.71,USDT,129165834,1.1,4.95
2024-08-17,Yearn,Optimism,4.39,DAI,122721742,0.75,3.11
2024-08-17,Yearn,Polygon,4.8,USDC,124258666,0.66,4.33
2024-08-17,Yearn,Polygon,4.25,USDT,134150184,0.74,3.44
2024-08-17,Yearn,Polygon,4.32,DAI,116055085,0.88,3.52
2024-08-17,Yearn,Base,4.3,USDC,128409199,1.23,3.88
2024-08-17,Yearn,Base,4.72,USDT,124855916,0.83,4.38
2024-08-17,Yearn,Base,3.75,DAI,128097660,0.85,3.95
2024-08-17,Pendle,Ethereum,7.63,USDC,73751746,13.89,0
2024-08-17,Pendle,Ethereum,14.98,USDT,80407900,10.29,0
2024-08-17,Pendle,Ethereum,12.24,DAI,82253982,13.79,0
2024-08-17,Pendle,Arbitrum,12.83,USDC,77640269,1.68,4.24
2024-08-17,Pendle,Arbitrum,11.88,USDT,82713095,1.76,6.17
2024-08-17,Pendle,Arbitrum,13.87,DAI,83193271,2.04,5.39
2024-08-17,Pendle,Optimism,12.91,USDC,78240945,1.2,2.8
2024-08-17,Pendle,Optimism,13.99,DAI,74700899,1.18,3.65
2024-08-17,Pendle,Base,13.81,USDT,78349521,1.1,3.97
2024-08-17,Pendle,Base,16.78,DAI,73355870,0.87,3.11
2024-08-17,Convex,Ethereum,6.15,USDC,157446582,13.07,0
2024-08-17,Convex,Ethereum,5.75,USDT,151616282,10.35,0
2024-08-17,Convex,Ethereum,5.37,DAI,155688527,8.57,0
2024-08-17,Balancer,Ethereum,7.88,USDC,114640131,12.17,0
2024-08-17,Balancer,Ethereum,7.57,USDT,127030400,10.48,0
2024-08-17,Balancer,Ethereum,8.14,DAI,113053279,11.23,0
2024-08-17,Balancer,Arbitrum,10.22,USDC,107054535,1.67,3.99
2024-08-17,Balancer,Arbitrum,6.66,USDT,114463082,1.37,5.23
2024-08-17,Balancer,Arbitrum,10.21,DAI,117594788,1.46,4.56
2024-08-17,Balancer,Optimism,7.9,USDC,111964184,1.39,3.3
2024-08-17,Balancer,Optimism,9.38,USDT,119791438,0.95,3.41
2024-08-17,Balancer,Optimism,10.88,DAI,114846576,1.12,4.59
2024-08-17,Balancer,Polygon,10.19,USDT,109402599,0.72,3.04
2024-08-17,Balancer,Polygon,8.97,DAI,117526082,0.58,3.39
2024-08-17,Balancer,Base,9.62,USDT,119045836,1.02,4.15
2024-08-17,Balancer,Base,9.69,DAI,115671476,1.07,3.48
2024-08-18,Aave,Ethereum,2.53,USDC,281377546,11.1,0
2024-08-18,Aave,Ethereum,2.37,USDT,248881619,11.17,0
2024-08-18,Aave,Ethereum,2.59,DAI,250031358,16.14,0
2024-08-18,Aave,Arbitrum,3.01,USDC,265488565,2.27,3.47
2024-08-18,Aave,Arbitrum,3.22,USDT,247472116,1.79,6.14
2024-08-18,Aave,Arbitrum,2.82,DAI,270789119,1.4,4.64
2024-08-18,Aave,Optimism,3.32,USDC,258334732,1.01,3.89
2024-08-18,Aave,Optimism,2.77,DAI,265916396,1.03,3.04
2024-08-18,Aave,Polygon,3.56,USDC,273712477,0.69,2.59
2024-08-18,Aave,Polygon,2.93,USDT,264012798,0.61,2.71
2024-08-18,Aave,Polygon,3.76,DAI,262244457,0.7,2.88
2024-08-18,Aave,Base,3.02,USDC,270864707,1.03,3.66
2024-08-18,Aave,Base,3.39,USDT,256945004,0.89,3.29
2024-08-18,Aave,Base,3.23,DAI,257226932,0.91,4.2
2024-08-18,Compound,Ethereum,2.36,USDC,181131760,12.39,0
2024-08-18,Compound,Ethereum,2.69,USDT,175083860,12.37,0
2024-08-18,Compound,Ethereum,2.88,DAI,184977134,10.39,0
2024-08-18,Compound,Arbitrum,2.89,USDC,175819363,1.44,5.14
2024-08-18,Compound,Arbitrum,2.98,USDT,196182813,2.2,6.96
2024-08-18,Compound,Arbitrum,3.19,DAI,177590954,1.77,6.91
2024-08-18,Compound,Optimism,3.28,USDC,177037248,1.2,3.66
2024-08-18,Compound,Optimism,3.13,USDT,205215472,1.27,3.98
2024-08-18,Compound,Optimism,2.71,DAI,181747325,1.41,4.64
2024-08-18,Compound,Polygon,2.97,USDC,198603822,0.8,3.37
2024-08-18,Compound,Polygon,3.02,DAI,176862576,0.42,3.07
2024-08-18,Compound,Base,3.19,USDC,189549821,1.0,3.74
2024-08-18,Compound,Base,2.73,USDT,188922947,0.94,4.59
2024-08-18,Compound,Base,3.02,DAI,173950776,0.97,3.16
2024-08-18,Curve,Ethereum,7.58,USDC,349027248,12.82,0
2024-08-18,Curve,Ethereum,8.11,USDT,315988690,8.97,0
2024-08-18,Curve,Arbitrum,10.01,USDT,353242884,1.58,4.21
2024-08-18,Curve,Arbitrum,8.35,DAI,362836567,1.42,4.22
2024-08-18,Curve,Optimism,6.74,USDC,319243660,1.17,3.52
2024-08-18,Curve,Optimism,8.54,USDT,360003407,1.38,4.92
2024-08-18,Curve,Optimism,10.01,DAI,344318810,1.12,4.69
2024-08-18,Curve,Polygon,8.44,USDC,330461937,0.6,3.22
2024-08-18,Curve,Polygon,8.03,USDT,317681676,0.49,2.7
2024-08-18,Curve,Polygon,6.45,DAI,327700368,0.71,2.86
2024-08-18,Curve,Base,9.74,USDC,326384977,0.99,4.47
2024-08-18,Curve,Base,9.64,USDT,351129158,1.08,3.2
2024-08-18,Curve,Base,7.87,DAI,318398569,0.9,4.09
2024-08-18,Uniswap V3,Ethereum,8.98,USDC,94429973,13.16,0
2024-08-18,Uniswap V3,Ethereum,7.4,USDT,84783045,16.07,0
2024-08-18,Uniswap V3,Ethereum,7.65,DAI,93821289,15.24,0
2024-08-18,Uniswap V3,Arbitrum,10.14,USDC,93173249,1.82,3.93
2024-08-18,Uniswap V3,Arbitrum,9.17,USDT,99661252,1.81,4.68
2024-08-18,Uniswap V3,Optimism,9.56,USDC,97536216,1.35,2.13
2024-08-18,Uniswap V3,Optimism,8.0,USDT,100504026,1.38,5.82
2024-08-18,Uniswap V3,Optimism,11.24,DAI,100091243,0.87,4.28
2024-08-18,Uniswap V3,Polygon,11.19,USDC,96365999,0.52,2.92
2024-08-18,Uniswap V3,Polygon,11.69,USDT,87592498,0.79,3.75
2024-08-18,Uniswap V3,Polygon,10.37,DAI,101744468,0.81,3.1
2024-08-18,Uniswap V3,Base,9.19,USDC,89819036,1.01,4.02
2024-08-18,Uniswap V3,Base,9.46,USDT,93509130,0.81,4.69
2024-08-18,Uniswap V3,Base,10.66,DAI,100575514,1.0,4.88
2024-08-18,Yearn,Ethereum,3.72,USDC,121227085,14.41,0
2024-08-18,Yearn,Ethereum,3.51,USDT,123562784,13.97,0
2024-08-18,Yearn,Ethereum,3.44,DAI,128204629,7.86,0
2024-08-18,Yearn,Arbitrum,3.83,USDC,129418889,1.33,4.19
2024-08-18,Yearn,Arbitrum,4.88,USDT,120933107,1.55,7.23
2024-08-18,Yearn,Arbitrum,4.49,DAI,118224049,1.75,5.86
2024-08-18,Yearn,Optimism,3.85,DAI,117626988,1.31,3.82
2024-08-18,Yearn,Polygon,4.46,USDC,129112574,0.57,2.63
2024-08-18,Yearn,Polygon,4.8,USDT,119028240,0.85,3.13
2024-08-18,Yearn,Polygon,4.05,DAI,132347033,0.67,2.78
2024-08-18,Yearn,Base,4.59,USDC,133880525,0.74,3.31
2024-08-18,Yearn,Base,4.35,USDT,121306797,0.93,3.61
2024-08-18,Yearn,Base,3.87,DAI,127141389,0.97,4.18
2024-08-18,Pendle,Ethereum,10.01,USDC,77656843,13.3,0
2024-08-18,Pendle,Ethereum,10.5,USDT,77939999,13.39,0
2024-08-18,Pendle,Ethereum,11.91,DAI,76958588,11.57,0
2024-08-18,Pendle,Arbitrum,12.35,USDT,81341055,1.55,5.31
2024-08-18,Pendle,Arbitrum,13.13,DAI,77499779,1.62,2.83
2024-08-18,Pendle,Optimism,11.68,USDC,78159066,1.29,5.73
2024-08-18,Pendle,Optimism,13.8,USDT,77787507,1.65,3.85
2024-08-18,Pendle,Optimism,9.78,DAI,83074785,1.16,3.13
2024-08-18,Pendle,Base,11.61,USDC,77175486,0.89,5.48
2024-08-18,Pendle,Base,13.69,USDT,78074931,0.87,4.57
2024-08-18,Pendle,Base,12.84,DAI,77991044,1.3,3.68
2024-08-18,Convex,Ethereum,5.4,USDC,155565179,11.08,0
2024-08-18,Convex,Ethereum,4.77,USDT,151319861,16.26,0
2024-08-18,Convex,Ethereum,5.2,DAI,157804559,13.1,0
2024-08-18,Balancer,Ethereum,8.17,USDC,119018352,9.93,0
2024-08-18,Balancer,Ethereum,7.28,USDT,109194955,12.77,0
2024-08-18,Balancer,Ethereum,6.57,DAI,109603718,11.32,0
2024-08-18,Balancer,Arbitrum,8.98,USDC,112968961,1.75,5.2
2024-08-18,Balancer,Arbitrum,8.27,USDT,114981154,1.73,5.13
2024-08-18,Balancer,Arbitrum,8.18,DAI,121964363,2.21,3.78
2024-08-18,Balancer,Optimism,9.7,USDC,111940944,1.22,5.68
2024-08-18,Balancer,Optimism,7.22,USDT,111365545,1.2,4.47
2024-08-18,Balancer,Optimism,8.73,DAI,121590845,1.44,4.77
2024-08-18,Balancer,Polygon,8.9,USDC,110470098,0.62,2.75
2024-08-18,Balancer,Polygon,9.11,USDT,112652117,0.7,2.37
2024-08-18,Balancer,Polygon,10.99,DAI,110494693,0.75,3.73
2024-08-18,Balancer,Base,10.32,USDC,104795504,0.92,4.09
2024-08-18,Balancer,Base,9.92,USDT,126440671,1.14,3.99
2024-08-19,Aave,Ethereum,2.8,USDC,275329367,18.4,0
2024-08-19,Aave,Ethereum,2.71,USDT,250243723,19.56,0
2024-08-19,Aave,Ethereum,3.06,DAI,256074535,16.42,0
2024-08-19,Aave,Arbitrum,3.22,USDC,230131163,1.7,5.03
2024-08-19,Aave,Arbitrum,3.36,USDT,261619059,2.2,5.7
2024-08-19,Aave,Arbitrum,3.46,DAI,266147968,2.22,4.52
2024-08-19,Aave,Optimism,3.03,USDC,247915386,1.28,3.71
2024-08-19,Aave,Optimism,2.98,USDT,258229345,1.61,4.95
2024-08-19,Aave,Optimism,3.31,DAI,260623156,1.81,2.62
2024-08-19,Aave,Polygon,3.67,USDC,253316417,1.02,2.74
2024-08-19,Aave,Polygon,3.13,USDT,246639374,1.07,2.63
2024-08-19,Aave,Polygon,3.48,DAI,259599788,1.18,2.23
2024-08-19,Aave,Base,3.46,USDC,233892217,1.6,3.29
2024-08-19,Aave,Base,3.39,USDT,269198634,1.28,3.46
2024-08-19,Aave,Base,3.48,DAI,291079044,1.58,2.65
2024-08-19,Compound,Ethereum,2.96,USDC,195774300,22.06,0
2024-08-19,Compound,Ethereum,2.59,USDT,178327727,14.78,0
2024-08-19,Compound,Ethereum,2.59,DAI,183020677,20.21,0
2024-08-19,Compound,Arbitrum,3.17,USDC,165295068,2.52,5.17
2024-08-19,Compound,Arbitrum,3.1,USDT,178806816,2.82,7.02
2024-08-19,Compound,Arbitrum,3.14,DAI,192217587,3.21,4.62
2024-08-19,Compound,Optimism,2.7,USDC,194544560,1.68,3.05
2024-08-19,Compound,Optimism,2.69,USDT,186717887,1.39,4.6
2024-08-19,Compound,Optimism,3.08,DAI,193815869,1.54,3.15
2024-08-19,Compound,Polygon,3.04,USDC,174930920,1.1,2.08
2024-08-19,Compound,Polygon,3.3,USDT,188248061,0.94,2.83
2024-08-19,Compound,Polygon,3.4,DAI,180647822,0.93,3.0
2024-08-19,Compound,Base,3.17,USDC,173016963,1.38,3.56
2024-08-19,Compound,Base,3.27,USDT,181087507,1.33,4.3
2024-08-19,Curve,Ethereum,7.67,USDT,321226048,17.04,0
2024-08-19,Curve,Ethereum,7.67,DAI,338961844,19.24,0
2024-08-19,Curve,Arbitrum,9.69,USDC,332174776,2.04,4.68
2024-08-19,Curve,Arbitrum,9.9,USDT,318017517,2.56,6.13
2024-08-19,Curve,Arbitrum,8.9,DAI,332953374,2.05,4.81
2024-08-19,Curve,Optimism,8.24,USDC,320660797,2.01,3.06
2024-08-19,Curve,Optimism,6.15,USDT,292487643,1.72,3.56
2024-08-19,Curve,Optimism,7.1,DAI,325990500,1.95,4.55
2024-08-19,Curve,Polygon,8.68,USDC,329757969,0.79,3.56
2024-08-19,Curve,Polygon,10.2,USDT,329382049,1.18,3.18
2024-08-19,Curve,Polygon,10.91,DAI,281103035,1.34,3.84
2024-08-19,Curve,Base,10.27,USDC,323980956,1.52,3.69
2024-08-19,Curve,Base,8.13,USDT,316324253,1.39,3.52
2024-08-19,Curve,Base,12.34,DAI,336944301,1.51,4.48
2024-08-19,Uniswap V3,Ethereum,6.38,USDC,96503743,21.05,0
2024-08-19,Uniswap V3,Ethereum,9.23,USDT,111451673,18.29,0
2024-08-19,Uniswap V3,Ethereum,8.78,DAI,103108754,17.58,0
2024-08-19,Uniswap V3,Arbitrum,12.03,USDC,101733064,2.08,5.54
2024-08-19,Uniswap V3,Arbitrum,7.59,USDT,97574522,2.85,3.71
2024-08-19,Uniswap V3,Arbitrum,8.33,DAI,100024893,2.76,4.48
2024-08-19,Uniswap V3,Optimism,8.19,USDC,96539213,1.43,2.8
2024-08-19,Uniswap V3,Optimism,8.3,USDT,84086707,1.68,4.49
2024-08-19,Uniswap V3,Optimism,10.45,DAI,85402090,1.83,3.44
2024-08-19,Uniswap V3,Polygon,9.58,USDT,105298329,0.82,2.11
2024-08-19,Uniswap V3,Polygon,9.45,DAI,91260886,0.91,2.08
2024-08-19,Uniswap V3,Base,10.24,DAI,99146246,1.68,2.6
2024-08-19,Yearn,Ethereum,3.58,USDT,129395502,15.39,0
2024-08-19,Yearn,Ethereum,3.77,DAI,128907914,16.67,0
2024-08-19,Yearn,Arbitrum,4.41,USDC,135318347,2.74,3.62
2024-08-19,Yearn,Arbitrum,4.05,USDT,112577539,2.15,5.2
2024-08-19,Yearn,Arbitrum,4.34,DAI,125263921,2.37,7.19
2024-08-19,Yearn,Optimism,3.87,USDT,132703039,2.17,3.81
2024-08-19,Yearn,Optimism,4.11,DAI,132229525,2.08,4.02
2024-08-19,Yearn,Polygon,4.28,USDC,122717803,0.95,4.06
2024-08-19,Yearn,Polygon,4.71,USDT,121732339,0.67,3.74
2024-08-19,Yearn,Polygon,4.45,DAI,115787801,0.87,2.56
2024-08-19,Yearn,Base,4.6,USDC,128199167,1.3,4.84
2024-08-19,Yearn,Base,4.71,USDT,117752347,1.91,3.62
2024-08-19,Yearn,Base,4.4,DAI,137507463,1.49,3.3
2024-08-19,Pendle,Ethereum,11.33,USDC,74956916,23.09,0
2024-08-19,Pendle,Ethereum,10.35,USDT,79990403,21.2,0
2024-08-19,Pendle,Ethereum,13.36,DAI,79268521,17.32,0
2024-08-19,Pendle,Arbitrum,15.81,DAI,71552192,2.48,4.53
2024-08-19,Pendle,Optimism,12.58,USDC,71557600,2.6,3.62
2024-08-19,Pendle,Optimism,10.88,USDT,84079688,1.42,4.98
2024-08-19,Pendle,Optimism,10.07,DAI,75495712,1.63,2.86
2024-08-19,Pendle,Base,12.03,USDC,72947806,1.3,2.76
2024-08-19,Pendle,Base,10.83,USDT,73032325,1.34,2.52
2024-08-19,Pendle,Base,15.8,DAI,78846024,1.67,4.34
2024-08-19,Convex,Ethereum,4.48,USDT,159494160,22.14,0
2024-08-19,Convex,Ethereum,5.49,DAI,160162303,18.26,0
2024-08-19,Balancer,Ethereum,8.56,USDC,123220705,18.51,0
2024-08-19,Balancer,Ethereum,8.71,USDT,114193151,15.57,0
2024-08-19,Balancer,Ethereum,7.06,DAI,113706839,19.13,0
2024-08-19,Balancer,Arbitrum,10.63,USDC,120741096,2.33,4.5
2024-08-19,Balancer,Arbitrum,8.33,USDT,111895025,2.36,4.97
2024-08-19,Balancer,Arbitrum,10.43,DAI,116938977,2.47,6.03
2024-08-19,Balancer,Optimism,7.98,USDC,120955498,1.5,2.67
2024-08-19,Balancer,Optimism,8.54,USDT,112647133,1.16,4.78
2024-08-19,Balancer,Polygon,10.28,USDC,112725170,0.76,3.24
2024-08-19,Balancer,Polygon,8.36,USDT,121528816,1.05,4.05
2024-08-19,Balancer,Polygon,10.78,DAI,113705109,0.85,3.13
2024-08-19,Balancer,Base,11.47,USDC,107096814,1.06,3.55
2024-08-19,Balancer,Base,8.19,USDT,112074284,1.41,3.43
2024-08-19,Balancer,Base,9.55,DAI,114334425,1.33,3.66
2024-08-20,Aave,Ethereum,2.95,USDC,241768958,14.44,0
2024-08-20,Aave,Ethereum,2.5,USDT,270991072,18.13,0
2024-08-20,Aave,Ethereum,2.68,DAI,249128027,13.33,0
2024-08-20,Aave,Arbitrum,3.19,USDC,242200730,3.09,3.56
2024-08-20,Aave,Arbitrum,3.31,DAI,239614365,2.48,4.89
2024-08-20,Aave,Optimism,3.31,USDC,276244592,1.8,4.54
2024-08-20,Aave,Optimism,3.25,USDT,245619243,1.99,5.15
2024-08-20,Aave,Optimism,3.3,DAI,274010055,1.67,3.5
2024-08-20,Aave,Polygon,3.82,USDT,254344864,1.19,3.23
2024-08-20,Aave,Polygon,3.28,DAI,262027324,1.02,2.01
2024-08-20,Aave,Base,3.99,USDC,241953054,1.71,4.24
2024-08-20,Aave,Base,3.16,USDT,257231151,1.44,2.93
2024-08-20,Aave,Base,3.63,DAI,256841530,1.69,2.94
2024-08-20,Compound,Ethereum,2.86,USDC,184095679,20.17,0
2024-08-20,Compound,Ethereum,2.55,USDT,169951057,20.73,0
2024-08-20,Compound,Ethereum,2.62,DAI,182480531,17.96,0
2024-08-20,Compound,Arbitrum,3.13,USDT,183006009,2.08,5.76
2024-08-20,Compound,Arbitrum,3.25,DAI,179051020,1.73,3.99
2024-08-20,Compound,Optimism,2.86,USDC,172603556,2.13,3.3
2024-08-20,Compound,Optimism,3.07,USDT,175384279,1.67,2.33
2024-08-20,Compound,Optimism,3.18,DAI,187943021,1.75,2.8
2024-08-20,Compound,Polygon,3.73,USDC,189834325,1.14,2.07
2024-08-20,Compound,Polygon,3.76,DAI,178232764,1.15,2.97
2024-08-20,Compound,Base,3.11,USDC,183681516,1.71,4.46
2024-08-20,Compound,Base,2.81,USDT,184882130,1.45,2.39
2024-08-20,Compound,Base,3.12,DAI,173936069,0.73,5.49
2024-08-20,Curve,Ethereum,6.64,USDC,331778520,18.91,0
2024-08-20,Curve,Ethereum,8.23,USDT,292810059,14.16,0
2024-08-20,Curve,Ethereum,7.66,DAI,319882331,18.47,0
2024-08-20,Curve,Arbitrum,9.94,USDC,301915337,2.09,5.67
2024-08-20,Curve,Arbitrum,10.19,DAI,301342452,2.58,3.67
2024-08-20,Curve,Optimism,10.91,USDC,337025435,1.74,4.95
2024-08-20,Curve,Optimism,9.14,DAI,310270010,1.76,4.41
2024-08-20,Curve,Polygon,8.67,USDC,306838793,1.02,3.31
2024-08-20,Curve,Polygon,10.64,USDT,321571132,1.28,2.92
2024-08-20,Curve,Polygon,8.91,DAI,298782590,1.06,3.96
2024-08-20,Curve,Base,8.38,USDC,313403679,1.33,3.52
2024-08-20,Curve,Base,7.37,USDT,302575809,1.08,3.45
2024-08-20,Curve,Base,9.21,DAI,299415011,1.33,5.17
2024-08-20,Uniswap V3,Ethereum,6.42,USDC,93946859,21.71,0
2024-08-20,Uniswap V3,Ethereum,8.21,USDT,95276391,13.56,0
2024-08-20,Uniswap V3,Ethereum,7.56,DAI,100609320,14.46,0
2024-08-20,Uniswap V3,Arbitrum,8.56,USDC,91142363,2.39,4.41
2024-08-20,Uniswap V3,Arbitrum,10.67,USDT,93137055,2.79,4.66
2024-08-20,Uniswap V3,Arbitrum,7.72,DAI,96336493,2.34,4.26
2024-08-20,Uniswap V3,Optimism,9.22,USDC,99184451,2.02,3.86
2024-08-20,Uniswap V3,Optimism,8.84,USDT,95474711,1.24,2.83
2024-08-20,Uniswap V3,Optimism,10.55,DAI,99266145,1.82,4.08
2024-08-20,Uniswap V3,Polygon,10.43,USDC,101297410,0.78,1.85
2024-08-20,Uniswap V3,Polygon,9.92,USDT,92465628,1.05,2.55
2024-08-20,Uniswap V3,Polygon,8.33,DAI,94920540,0.72,3.56
2024-08-20,Uniswap V3,Base,8.74,USDC,86824356,1.35,2.63
2024-08-20,Uniswap V3,Base,10.71,USDT,92811163,1.38,2.01
2024-08-20,Uniswap V3,Base,10.16,DAI,95488174,1.3,4.47
2024-08-20,Yearn,Ethereum,3.4,USDC,115073925,16.64,0
2024-08-20,Yearn,Ethereum,3.77,USDT,122128337,16.55,0
2024-08-20,Yearn,Ethereum,3.53,DAI,125837790,16.39,0
2024-08-20,Yearn,Arbitrum,4.41,USDC,118850436,2.41,4.2
2024-08-20,Yearn,Arbitrum,4.55,USDT,128987604,2.45,4.6
2024-08-20,Yearn,Arbitrum,4.87,DAI,125809872,2.32,5.21
2024-08-20,Yearn,Optimism,3.75,USDC,132967751,2.1,3.7
2024-08-20,Yearn,Optimism,3.7,USDT,117608085,1.8,4.29
2024-08-20,Yearn,Optimism,4.2,DAI,122715801,1.82,3.32
2024-08-20,Yearn,Polygon,4.83,USDC,126049577,1.02,2.47
2024-08-20,Yearn,Polygon,4.11,USDT,119442286,0.96,1.83
2024-08-20,Yearn,Polygon,4.61,DAI,119624861,0.86,3.53
2024-08-20,Yearn,Base,4.25,USDT,109930917,1.86,4.38
2024-08-20,Pendle,Ethereum,7.09,USDC,80622871,20.79,0
2024-08-20,Pendle,Ethereum,10.94,DAI,73602598,22.07,0
2024-08-20,Pendle,Arbitrum,12.95,USDC,84257078,2.17,6.17
2024-08-20,Pendle,Arbitrum,14.21,USDT,73441131,2.37,7.15
2024-08-20,Pendle,Arbitrum,10.75,DAI,70061072,2.54,5.36
2024-08-20,Pendle,Optimism,11.32,USDC,79016286,1.81,3.28
2024-08-20,Pendle,Optimism,14.17,DAI,80938999,2.27,3.89
2024-08-20,Pendle,Base,11.08,USDC,79537809,1.55,3.43
2024-08-20,Pendle,Base,13.71,USDT,72671970,1.16,4.23
2024-08-20,Pendle,Base,16.15,DAI,62631173,1.51,3.12
2024-08-20,Convex,Ethereum,5.21,USDC,146734520,22.47,0
2024-08-20,Convex,Ethereum,5.0,USDT,155008396,20.03,0
2024-08-20,Convex,Ethereum,4.88,DAI,147517596,14.43,0
2024-08-20,Balancer,Ethereum,7.7,USDC,120694988,19.33,0
2024-08-20,Balancer,Ethereum,7.3,USDT,110469963,16.33,0
2024-08-20,Balancer,Ethereum,6.89,DAI,112245889,16.21,0
2024-08-20,Balancer,Arbitrum,9.84,USDC,111778124,2.89,6.06
2024-08-20,Balancer,Arbitrum,10.07,USDT,108335845,2.07,4.97
2024-08-20,Balancer,Arbitrum,10.77,DAI,120782370,2.38,4.27
2024-08-20,Balancer,Optimism,8.05,USDC,106899548,1.94,3.4
2024-08-20,Balancer,Optimism,8.24,USDT,103365545,2.15,3.87
2024-08-20,Balancer,Polygon,9.43,USDC,103290283,0.76,2.07
2024-08-20,Balancer,Polygon,10.87,USDT,103328716,0.97,2.69
2024-08-20,Balancer,Base,8.36,USDC,104320997,1.41,4.73
2024-08-20,Balancer,Base,9.47,USDT,119488906,1.54,4.77
2024-08-20,Balancer,Base,9.11,DAI,118175957,1.46,3.86
2024-08-21,Aave,Ethereum,2.6,USDC,275371707,19.57,0
2024-08-21,Aave,Ethereum,2.36,USDT,259143506,19.52,0
2024-08-21,Aave,Ethereum,2.57,DAI,233008062,17.56,0
2024-08-21,Aave,Arbitrum,3.26,USDC,258920196,2.66,4.24
2024-08-21,Aave,Arbitrum,3.56,USDT,258828225,2.75,5.29
2024-08-21,Aave,Optimism,3.47,USDC,236611025,1.69,3.66
2024-08-21,Aave,Optimism,3.45,USDT,232460357,1.48,3.51
2024-08-21,Aave,Optimism,3.1,DAI,221523586,1.48,4.26
2024-08-21,Aave,Polygon,3.46,USDC,234378859,0.87,3.6
2024-08-21,Aave,Polygon,3.7,USDT,243764585,0.92,3.28
2024-08-21,Aave,Polygon,3.55,DAI,239610399,1.0,2.9
2024-08-21,Aave,Base,3.51,USDC,252266222,1.49,2.78
2024-08-21,Aave,Base,3.23,USDT,245648126,1.42,4.01
2024-08-21,Aave,Base,3.15,DAI,258558530,0.98,4.19
2024-08-21,Compound,Ethereum,2.68,USDC,177312370,22.17,0
2024-08-21,Compound,Ethereum,2.67,USDT,171747789,17.4,0
2024-08-21,Compound,Ethereum,2.24,DAI,187314482,17.28,0
2024-08-21,Compound,Arbitrum,3.21,USDC,169387279,2.66,4.71
2024-08-21,Compound,Arbitrum,3.14,USDT,177910183,2.98,2.28
2024-08-21,Compound,Arbitrum,3.04,DAI,173569376,3.06,3.84
2024-08-21,Compound,Optimism,3.26,USDC,187849814,1.39,5.21
2024-08-21,Compound,Optimism,3.25,USDT,172558803,2.17,3.37
2024-08-21,Compound,Optimism,2.93,DAI,185911343,1.65,3.8
2024-08-21,Compound,Polygon,3.37,USDC,158164350,1.04,3.27
2024-08-21,Compound,Polygon,3.75,USDT,181007234,1.1,2.58
2024-08-21,Compound,Polygon,3.3,DAI,193367835,0.87,2.94
2024-08-21,Compound,Base,3.34,USDC,187327200,1.16,4.32
2024-08-21,Compound,Base,3.29,USDT,170251835,1.45,4.31
2024-08-21,Compound,Base,2.9,DAI,192249325,1.5,3.38
2024-08-21,Curve,Ethereum,7.1,USDC,335266697,12.48,0
2024-08-21,Curve,Ethereum,7.54,USDT,323263299,20.73,0
2024-08-21,Curve,Ethereum,8.51,DAI,313105070,20.45,0
2024-08-21,Curve,Arbitrum,8.3,USDC,325755345,2.98,4.03
2024-08-21,Curve,Arbitrum,9.22,USDT,310236749,2.76,4.78
2024-08-21,Curve,Arbitrum,11.2,DAI,311111187,1.98,5.42
2024-08-21,Curve,Optimism,8.27,USDT,334582403,1.82,4.15
2024-08-21,Curve,Optimism,8.57,DAI,320347276,1.54,3.32
2024-08-21,Curve,Polygon,8.6,USDT,332974811,1.1,2.97
2024-08-21,Curve,Polygon,8.44,DAI,317690782,0.68,1.76
2024-08-21,Curve,Base,10.24,USDC,334549820,1.47,2.84
2024-08-21,Curve,Base,8.48,DAI,326832019,1.58,4.14
2024-08-21,Uniswap V3,Ethereum,7.13,USDC,97004004,20.45,0
2024-08-21,Uniswap V3,Ethereum,7.93,USDT,102532646,19.06,0
2024-08-21,Uniswap V3,Ethereum,7.92,DAI,98723237,21.05,0
2024-08-21,Uniswap V3,Arbitrum,10.73,USDT,97121398,2.21,5.58
2024-08-21,Uniswap V3,Arbitrum,10.52,DAI,99725595,2.45,7.09
2024-08-21,Uniswap V3,Optimism,8.94,USDC,101375814,2.06,5.16
2024-08-21,Uniswap V3,Optimism,9.2,USDT,90919129,1.18,5.52
2024-08-21,Uniswap V3,Optimism,9.25,DAI,94976729,1.91,4.34
2024-08-21,Uniswap V3,Polygon,9.81,USDC,88839905,0.98,3.04
2024-08-21,Uniswap V3,Polygon,12.07,USDT,93531676,0.94,2.23
2024-08-21,Uniswap V3,Polygon,10.19,DAI,102663520,1.08,3.08
2024-08-21,Uniswap V3,Base,13.23,USDC,93897689,0.98,3.68
2024-08-21,Uniswap V3,Base,9.21,USDT,101177262,1.25,3.51
2024-08-21,Uniswap V3,Base,5.57,DAI,97464015,1.24,4.18
2024-08-21,Yearn,Ethereum,3.59,USDC,118373440,15.47,0
2024-08-21,Yearn,Ethereum,3.27,USDT,122630560,16.9,0
2024-08-21,Yearn,Ethereum,3.5,DAI,127349992,23.07,0
2024-08-21,Yearn,Arbitrum,4.69,USDT,125754893,2.1,5.05
2024-08-21,Yearn,Arbitrum,4.38,DAI,129457479,2.64,4.67
2024-08-21,Yearn,Optimism,4.02,USDC,115368908,1.74,4.06
2024-08-21,Yearn,Optimism,4.18,USDT,128316512,1.8,2.92
2024-08-21,Yearn,Optimism,4.29,DAI,115368623,1.63,3.06
2024-08-21,Yearn,Polygon,5.39,USDC,123321809,1.31,3.53
2024-08-21,Yearn,Polygon,4.25,USDT,123058291,0.96,1.97
2024-08-21,Yearn,Polygon,5.2,DAI,125257439,1.02,3.2
2024-08-21,Yearn,Base,4.54,USDC,122584868,1.43,4.89
2024-08-21,Yearn,Base,4.69,USDT,124358893,1.49,3.69
2024-08-21,Yearn,Base,4.3,DAI,121017005,1.7,4.49
2024-08-21,Pendle,Ethereum,10.37,USDC,77528664,19.23,0
2024-08-21,Pendle,Ethereum,14.05,USDT,73857092,16.38,0
2024-08-21,Pendle,Ethereum,11.39,DAI,78507733,14.65,0
2024-08-21,Pendle,Arbitrum,13.97,USDC,67623433,2.62,7.32
2024-08-21,Pendle,Arbitrum,14.04,USDT,71879418,1.99,4.28
2024-08-21,Pendle,Arbitrum,13.7,DAI,72175576,2.12,3.25
2024-08-21,Pendle,Optimism,13.08,USDC,84142861,1.89,2.93
2024-08-21,Pendle,Optimism,9.6,USDT,76257337,1.5,4.81
2024-08-21,Pendle,Base,13.1,USDC,72770998,1.75,4.64
2024-08-21,Pendle,Base,12.05,USDT,71546012,1.24,5.11
2024-08-21,Pendle,Base,14.08,DAI,69730070,1.53,4.46
2024-08-21,Convex,Ethereum,5.16,USDC,146700413,18.39,0
2024-08-21,Convex,Ethereum,4.17,USDT,155225833,12.01,0
2024-08-21,Convex,Ethereum,5.71,DAI,140618734,22.59,0
2024-08-21,Balancer,Ethereum,7.3,USDC,103406770,19.95,0
2024-08-21,Balancer,Ethereum,6.61,USDT,108013262,22.07,0
2024-08-21,Balancer,Ethereum,7.32,DAI,116265116,18.89,0
2024-08-21,Balancer,Arbitrum,9.67,USDC,110040591,2.47,4.39
2024-08-21,Balancer,Arbitrum,9.11,USDT,117496306,2.49,4.85
2024-08-21,Balancer,Arbitrum,10.84,DAI,110475040,2.44,4.07
2024-08-21,Balancer,Optimism,9.97,USDC,112236336,1.56,4.94
2024-08-21,Balancer,Optimism,9.81,USDT,111530347,1.73,4.34
2024-08-21,Balancer,Optimism,9.54,DAI,109217344,1.9,3.83
2024-08-21,Balancer,Polygon,9.98,USDC,118570072,1.09,2.35
2024-08-21,Balancer,Polygon,11.4,USDT,106933179,0.88,1.42
2024-08-21,Balancer,Polygon,9.39,DAI,108498392,1.09,2.52
2024-08-21,Balancer,Base,10.61,USDT,107150780,1.74,5.07
2024-08-21,Balancer,Base,10.61,DAI,116837956,1.36,3.47
2024-08-22,Aave,Ethereum,2.57,USDC,247187127,11.47,0
2024-08-22,Aave,Ethereum,2.77,USDT,246284042,10.05,0
2024-08-22,Aave,Ethereum,2.73,DAI,257362515,19.47,0
2024-08-22,Aave,Arbitrum,3.21,USDC,244128516,2.9,5.89
2024-08-22,Aave,Arbitrum,3.34,USDT,235888422,2.25,4.76
2024-08-22,Aave,Arbitrum,3.6,DAI,238904875,2.56,4.46
2024-08-22,Aave,Optimism,2.92,USDC,255960997,1.84,3.7
2024-08-22,Aave,Optimism,3.22,USDT,262207756,1.77,4.8
2024-08-22,Aave,Optimism,2.88,DAI,249993050,1.56,4.5
2024-08-22,Aave,Polygon,3.78,USDC,241574835,0.91,2.91
2024-08-22,Aave,Polygon,3.86,DAI,240419421,0.9,1.71
2024-08-22,Aave,Base,2.85,USDC,234462797,1.48,3.64
2024-08-22,Aave,Base,3.2,USDT,248427157,1.27,4.18
2024-08-22,Aave,Base,3.39,DAI,256349259,1.15,4.28
2024-08-22,Compound,Ethereum,2.47,USDC,182983780,17.04,0
2024-08-22,Compound,Ethereum,2.6,USDT,185516461,19.38,0
2024-08-22,Compound,Ethereum,2.73,DAI,174735024,15.16,0
2024-08-22,Compound,Arbitrum,2.99,USDC,168728820,2.83,6.27
2024-08-22,Compound,Arbitrum,2.77,USDT,165516384,1.88,5.73
2024-08-22,Compound,Arbitrum,3.18,DAI,198356473,1.8,4.86
2024-08-22,Compound,Optimism,3.08,USDC,187919734,1.82,3.35
2024-08-22,Compound,Optimism,3.07,USDT,184229018,1.86,2.94
2024-08-22,Compound,Optimism,3.05,DAI,173188535,1.76,4.49
2024-08-22,Compound,Polygon,3.72,USDC,165864677,1.01,2.55
2024-08-22,Compound,Polygon,3.46,USDT,188733300,0.84,2.61
2024-08-22,Compound,Base,2.94,USDC,170406122,1.03,3.79
2024-08-22,Compound,Base,3.06,USDT,193351372,1.27,4.0
2024-08-22,Compound,Base,3.19,DAI,194200104,1.44,5.26
2024-08-22,Curve,Ethereum,8.74,USDC,354042219,14.63,0
2024-08-22,Curve,Ethereum,8.07,USDT,316064048,18.35,0
2024-08-22,Curve,Ethereum,8.16,DAI,295893870,14.25,0
2024-08-22,Curve,Arbitrum,8.68,USDC,340571543,2.28,5.02
2024-08-22,Curve,Arbitrum,8.75,DAI,300093234,2.75,4.54
2024-08-22,Curve,Optimism,9.47,USDC,321015903,1.94,4.73
2024-08-22,Curve,Optimism,7.86,USDT,333569940,1.31,3.7
2024-08-22,Curve,Polygon,8.13,USDC,299255237,1.08,4.01
2024-08-22,Curve,Polygon,9.9,USDT,288229879,0.84,3.04
2024-08-22,Curve,Polygon,8.64,DAI,303599272,1.21,2.62
2024-08-22,Curve,Base,10.67,USDC,307101541,1.19,2.9
2024-08-22,Curve,Base,10.85,USDT,310471073,1.38,3.6
2024-08-22,Curve,Base,7.85,DAI,324699610,1.52,4.8
2024-08-22,Uniswap V3,Ethereum,7.31,USDC,89966748,18.31,0
2024-08-22,Uniswap V3,Ethereum,6.92,USDT,97369861,17.14,0
2024-08-22,Uniswap V3,Ethereum,7.49,DAI,98884304,23.09,0
2024-08-22,Uniswap V3,Arbitrum,9.24,USDC,95223234,2.8,5.43
2024-08-22,Uniswap V3,Arbitrum,10.38,USDT,92802492,2.24,5.03
2024-08-22,Uniswap V3,Arbitrum,10.45,DAI,99470669,2.0,5.28
2024-08-22,Uniswap V3,Optimism,7.37,USDC,99243195,1.83,3.12
2024-08-22,Uniswap V3,Optimism,9.42,USDT,96132511,1.98,5.58
2024-08-22,Uniswap V3,Optimism,9.97,DAI,98464612,1.82,3.47
2024-08-22,Uniswap V3,Polygon,13.61,USDC,84591762,0.94,3.32
2024-08-22,Uniswap V3,Polygon,8.68,USDT,100547575,1.25,3.39
2024-08-22,Uniswap V3,Polygon,10.92,DAI,96942873,0.79,2.23
2024-08-22,Uniswap V3,Base,10.89,USDC,95883655,1.22,2.59
2024-08-22,Uniswap V3,Base,9.62,USDT,93211325,1.47,4.91
2024-08-22,Uniswap V3,Base,6.03,DAI,98953038,1.8,3.85
2024-08-22,Yearn,Ethereum,3.45,USDC,126403986,22.2,0
2024-08-22,Yearn,Ethereum,3.69,USDT,120007167,14.55,0
2024-08-22,Yearn,Ethereum,3.64,DAI,115870050,15.72,0
2024-08-22,Yearn,Arbitrum,4.34,USDT,121471102,3.07,3.34
2024-08-22,Yearn,Arbitrum,4.19,DAI,118048612,2.3,4.23
2024-08-22,Yearn,Optimism,3.64,USDC,108684288,1.5,4.11
2024-08-22,Yearn,Optimism,4.07,USDT,127225994,1.61,2.72
2024-08-22,Yearn,Optimism,4.29,DAI,127058811,1.32,5.6
2024-08-22,Yearn,Polygon,4.34,USDC,113683131,0.99,2.84
2024-08-22,Yearn,Polygon,4.42,DAI,118573564,1.32,3.14
2024-08-22,Yearn,Base,3.97,USDC,126625582,1.5,4.7
2024-08-22,Yearn,Base,4.5,USDT,113062255,1.36,3.16
2024-08-22,Yearn,Base,4.1,DAI,115985370,1.37,4.15
2024-08-22,Pendle,Ethereum,9.31,USDC,72121246,22.46,0
2024-08-22,Pendle,Ethereum,10.98,USDT,72334127,20.04,0
2024-08-22,Pendle,Arbitrum,13.53,USDC,76317773,2.65,2.76
2024-08-22,Pendle,Arbitrum,11.55,USDT,69586497,2.88,3.82
2024-08-22,Pendle,Arbitrum,13.32,DAI,72455472,2.65,3.41
2024-08-22,Pendle,Optimism,12.91,USDC,86816683,1.74,4.22
2024-08-22,Pendle,Optimism,13.3,USDT,73693826,1.77,4.18
2024-08-22,Pendle,Optimism,13.07,DAI,79934155,1.59,3.86
2024-08-22,Pendle,Base,12.61,USDC,78151619,1.65,2.74
2024-08-22,Pendle,Base,13.13,DAI,81506811,1.31,3.37
2024-08-22,Convex,Ethereum,4.55,USDC,152140597,17.66,0
2024-08-22,Convex,Ethereum,6.84,USDT,155482069,19.03,0
2024-08-22,Convex,Ethereum,4.71,DAI,139804126,20.88,0
2024-08-22,Balancer,Ethereum,7.36,USDC,107155809,19.62,0
2024-08-22,Balancer,Ethereum,8.48,USDT,122215168,17.75,0
2024-08-22,Balancer,Ethereum,5.64,DAI,109802606,20.07,0
2024-08-22,Balancer,Arbitrum,8.45,USDC,106254349,2.08,5.16
2024-08-22,Balancer,Arbitrum,7.89,DAI,106104699,2.48,4.86
2024-08-22,Balancer,Optimism,8.17,USDC,109615215,1.72,3.29
2024-08-22,Balancer,Optimism,8.72,USDT,105473262,2.61,3.52
2024-08-22,Balancer,Optimism,7.28,DAI,110216368,1.49,3.71
2024-08-22,Balancer,Polygon,9.53,USDC,116603403,0.93,2.62
2024-08-22,Balancer,Polygon,10.49,USDT,113545208,1.07,2.59
2024-08-22,Balancer,Polygon,11.4,DAI,112729434,1.09,3.64
2024-08-22,Balancer,Base,9.71,USDC,104270395,1.54,3.1
2024-08-22,Balancer,Base,9.2,USDT,112481330,1.75,4.14
2024-08-22,Balancer,Base,10.04,DAI,114410742,1.62,3.1
2024-08-23,Aave,Ethereum,2.55,USDC,244437426,21.2,0
2024-08-23,Aave,Ethereum,2.39,USDT,265663662,21.07,0
2024-08-23,Aave,Ethereum,2.56,DAI,235986219,17.12,0
2024-08-23,Aave,Arbitrum,2.74,USDT,251977255,2.21,6.37
2024-08-23,Aave,Arbitrum,2.92,DAI,239999465,2.42,4.8
2024-08-23,Aave,Optimism,3.16,USDC,273354667,1.87,4.03
2024-08-23,Aave,Optimism,2.79,USDT,248011102,1.65,3.84
2024-08-23,Aave,Optimism,2.77,DAI,233472889,2.08,3.43
2024-08-23,Aave,Polygon,3.27,USDT,239404438,0.87,3.06
2024-08-23,Aave,Polygon,3.19,DAI,245618766,1.06,3.65
2024-08-23,Aave,Base,3.27,USDC,263602034,1.37,5.32
2024-08-23,Aave,Base,2.84,USDT,240131488,1.72,4.43
2024-08-23,Aave,Base,3.18,DAI,263295268,1.54,3.66
2024-08-23,Compound,Ethereum,2.35,USDC,194088380,15.44,0
2024-08-23,Compound,Ethereum,2.47,USDT,180298473,14.66,0
2024-08-23,Compound,Ethereum,2.49,DAI,187082117,15.89,0
2024-08-23,Compound,Arbitrum,2.87,USDC,170926190,3.04,4.22
2024-08-23,Compound,Arbitrum,3.02,USDT,183358444,2.22,4.61
2024-08-23,Compound,Arbitrum,2.98,DAI,203805892,2.05,5.35
2024-08-23,Compound,Optimism,2.85,USDC,181323365,1.66,3.89
2024-08-23,Compound,Optimism,2.98,USDT,175092104,1.77,3.54
2024-08-23,Compound,Optimism,2.93,DAI,174997040,1.52,5.29
2024-08-23,Compound,Polygon,2.68,USDC,184242229,0.92,2.24
2024-08-23,Compound,Polygon,3.03,USDT,178127856,0.68,3.3
2024-08-23,Compound,Polygon,2.95,DAI,175216922,0.98,3.83
2024-08-23,Compound,Base,3.08,USDC,185549943,1.23,3.32
2024-08-23,Compound,Base,2.95,USDT,185453219,2.02,3.27
2024-08-23,Compound,Base,2.98,DAI,190831893,1.39,3.69
2024-08-23,Curve,Ethereum,7.06,USDC,318009868,20.95,0
2024-08-23,Curve,Ethereum,7.67,DAI,320172643,20.37,0
2024-08-23,Curve,Arbitrum,8.62,USDC,342815950,2.89,4.85
2024-08-23,Curve,Arbitrum,8.73,USDT,320734115,2.31,4.88
2024-08-23,Curve,Arbitrum,8.71,DAI,301296954,2.6,5.49
2024-08-23,Curve,Optimism,9.98,USDC,310517699,1.88,3.79
2024-08-23,Curve,Optimism,7.95,DAI,314767440,1.85,5.66
2024-08-23,Curve,Polygon,8.69,USDC,306233244,0.92,1.67
2024-08-23,Curve,Polygon,8.72,USDT,302136403,0.63,3.76
2024-08-23,Curve,Polygon,8.31,DAI,310247192,0.75,2.72
2024-08-23,Curve,Base,8.97,USDC,333977497,1.45,5.31
2024-08-23,Curve,Base,10.41,DAI,304914642,1.34,2.45
2024-08-23,Uniswap V3,Ethereum,9.38,USDC,101975170,22.15,0
2024-08-23,Uniswap V3,Ethereum,9.36,USDT,96825063,17.02,0
2024-08-23,Uniswap V3,Arbitrum,10.43,USDC,87000092,2.58,4.42
2024-08-23,Uniswap V3,Arbitrum,7.67,USDT,89430524,2.03,5.16
2024-08-23,Uniswap V3,Arbitrum,11.79,DAI,102070625,2.23,5.64
2024-08-23,Uniswap V3,Optimism,10.32,USDC,94386211,1.56,3.89
2024-08-23,Uniswap V3,Optimism,6.9,USDT,95605324,2.16,4.48
2024-08-23,Uniswap V3,Optimism,10.35,DAI,93585175,2.25,3.07
2024-08-23,Uniswap V3,Polygon,10.74,USDC,91037294,0.73,3.55
2024-08-23,Uniswap V3,Polygon,10.2,USDT,86619481,1.07,3.17
2024-08-23,Uniswap V3,Polygon,9.79,DAI,91603074,0.73,3.01
2024-08-23,Uniswap V3,Base,7.63,USDC,95297968,1.2,4.95
2024-08-23,Uniswap V3,Base,7.8,USDT,97185355,1.07,4.87
2024-08-23,Uniswap V3,Base,12.26,DAI,97268296,1.58,3.28
2024-08-23,Yearn,Ethereum,3.27,USDT,117670836,11.84,0
2024-08-23,Yearn,Ethereum,3.67,DAI,115819194,15.4,0
2024-08-23,Yearn,Arbitrum,4.28,USDC,116791446,2.41,4.8
2024-08-23,Yearn,Arbitrum,4.06,USDT,128882892,2.17,5.48
2024-08-23,Yearn,Arbitrum,4.39,DAI,109850704,2.38,4.79
2024-08-23,Yearn,Optimism,3.95,USDC,127739298,1.85,4.27
2024-08-23,Yearn,Optimism,4.08,USDT,114479485,1.45,1.5
2024-08-23,Yearn,Optimism,4.13,DAI,120344733,1.94,6.26
2024-08-23,Yearn,Polygon,4.28,USDC,126028707,0.95,3.14
2024-08-23,Yearn,Polygon,3.75,USDT,131550048,0.89,2.53
2024-08-23,Yearn,Polygon,4.44,DAI,117252978,0.84,3.02
2024-08-23,Yearn,Base,4.41,USDC,119157490,1.47,4.43
2024-08-23,Yearn,Base,4.7,USDT,132024066,1.6,5.28
2024-08-23,Yearn,Base,3.88,DAI,124519076,1.48,4.74
2024-08-23,Pendle,Ethereum,12.53,USDC,84497347,15.97,0
2024-08-23,Pendle,Ethereum,7.63,USDT,72781881,16.16,0
2024-08-23,Pendle,Ethereum,10.75,DAI,84096435,19.62,0
2024-08-23,Pendle,Arbitrum,14.87,USDC,75602912,2.76,4.69
2024-08-23,Pendle,Arbitrum,8.23,DAI,73780828,2.28,3.91
2024-08-23,Pendle,Optimism,11.89,USDC,76708440,2.01,4.53
2024-08-23,Pendle,Optimism,12.11,USDT,72741744,1.85,3.19
2024-08-23,Pendle,Optimism,12.97,DAI,70867503,1.85,3.72
2024-08-23,Pendle,Base,12.32,USDC,88416082,1.6,4.94
2024-08-23,Pendle,Base,9.76,USDT,79814772,1.63,3.42
2024-08-23,Convex,Ethereum,6.07,USDC,141804142,19.02,0
2024-08-23,Convex,Ethereum,3.44,USDT,153754267,17.3,0
2024-08-23,Convex,Ethereum,5.91,DAI,158169631,20.24,0
2024-08-23,Balancer,Ethereum,7.39,USDC,100602858,15.8,0
2024-08-23,Balancer,Ethereum,7.2,USDT,117397726,15.85,0
2024-08-23,Balancer,Ethereum,8.48,DAI,105353232,18.61,0
2024-08-23,Balancer,Arbitrum,8.64,USDC,103761296,1.59,3.85
2024-08-23,Balancer,Arbitrum,10.8,USDT,115242498,2.46,4.45
2024-08-23,Balancer,Arbitrum,11.16,DAI,111162223,2.08,4.67
2024-08-23,Balancer,Optimism,8.63,USDC,97722415,2.75,5.48
2024-08-23,Balancer,Optimism,10.88,USDT,103791905,1.45,4.17
2024-08-23,Balancer,Optimism,9.3,DAI,112575106,1.75,3.17
2024-08-23,Balancer,Polygon,8.09,USDC,105567289,1.09,2.71
2024-08-23,Balancer,Polygon,11.78,USDT,109395632,1.05,2.89
2024-08-23,Balancer,Polygon,9.75,DAI,114150189,1.03,2.77
2024-08-23,Balancer,Base,7.97,USDC,107791506,1.55,4.51
2024-08-23,Balancer,Base,8.61,USDT,98795351,1.24,3.0
2024-08-23,Balancer,Base,12.12,DAI,104936937,1.59,4.06
2024-08-24,Aave,Ethereum,2.59,USDC,275297806,14.48,0
2024-08-24,Aave,Ethereum,2.61,USDT,257481095,11.67,0
2024-08-24,Aave,Ethereum,2.82,DAI,263386773,11.39,0
2024-08-24,Aave,Arbitrum,3.14,USDC,272152979,1.76,6.66
2024-08-24,Aave,Arbitrum,3.14,USDT,259165008,1.77,2.5
2024-08-24,Aave,Arbitrum,3.01,DAI,239875212,1.21,4.85
2024-08-24,Aave,Optimism,2.96,USDC,268259033,1.4,3.85
2024-08-24,Aave,Optimism,3.2,USDT,243223458,1.35,5.53
2024-08-24,Aave,Optimism,2.75,DAI,251335356,1.2,4.03
2024-08-24,Aave,Polygon,2.76,USDC,257672235,0.68,3.34
2024-08-24,Aave,Polygon,3.32,USDT,271298363,0.66,2.07
2024-08-24,Aave,Polygon,3.29,DAI,261991935,0.73,2.87
2024-08-24,Aave,Base,3.33,USDC,278154866,1.08,2.21
2024-08-24,Aave,Base,2.89,USDT,239876467,0.91,5.5
2024-08-24,Aave,Base,3.24,DAI,268158153,0.87,2.78
2024-08-24,Compound,Ethereum,2.44,USDC,196400799,11.6,0
2024-08-24,Compound,Ethereum,2.38,USDT,175235222,15.11,0
2024-08-24,Compound,Ethereum,2.54,DAI,202137748,13.53,0
2024-08-24,Compound,Arbitrum,2.74,USDC,174388483,1.7,4.99
2024-08-24,Compound,Arbitrum,2.94,USDT,175462229,1.49,5.69
2024-08-24,Compound,Arbitrum,3.05,DAI,187124042,1.4,5.24
2024-08-24,Compound,Optimism,2.89,USDC,171753536,1.06,3.69
2024-08-24,Compound,Optimism,2.66,USDT,195672926,1.49,5.09
2024-08-24,Compound,Optimism,2.78,DAI,178503617,1.17,3.31
2024-08-24,Compound,Polygon,3.14,USDC,177705846,0.57,2.37
2024-08-24,Compound,Polygon,2.74,USDT,191804192,0.54,2.99
2024-08-24,Compound,Polygon,3.21,DAI,160371769,0.89,2.21
2024-08-24,Compound,Base,2.82,USDC,192350990,0.93,3.75
2024-08-24,Compound,Base,2.97,USDT,187682847,0.81,2.93
2024-08-24,Compound,Base,2.96,DAI,195052255,1.0,4.02
2024-08-24,Curve,Ethereum,7.25,USDC,318957742,12.75,0
2024-08-24,Curve,Ethereum,9.26,USDT,306830318,11.55,0
2024-08-24,Curve,Ethereum,5.81,DAI,323109157,12.65,0
2024-08-24,Curve,Arbitrum,7.19,USDC,315948301,1.43,5.08
2024-08-24,Curve,Arbitrum,9.11,USDT,314145524,2.02,4.32
2024-08-24,Curve,Arbitrum,7.1,DAI,309971872,1.89,4.5
2024-08-24,Curve,Optimism,7.28,USDC,320275101,1.07,3.58
2024-08-24,Curve,Optimism,9.33,USDT,320031597,1.47,3.68
2024-08-24,Curve,Optimism,6.85,DAI,298941147,1.45,4.05
2024-08-24,Curve,Polygon,8.67,USDT,345476858,0.58,2.97
2024-08-24,Curve,Polygon,8.92,DAI,341958006,0.71,3.52
2024-08-24,Curve,Base,9.61,USDC,371440464,0.8,3.06
2024-08-24,Curve,Base,7.86,USDT,326209723,0.96,3.63
2024-08-24,Curve,Base,7.96,DAI,334812304,1.11,4.52
2024-08-24,Uniswap V3,Ethereum,9.08,USDC,90046598,9.98,0
2024-08-24,Uniswap V3,Ethereum,6.92,USDT,93158288,12.05,0
2024-08-24,Uniswap V3,Ethereum,7.75,DAI,93398779,9.16,0
2024-08-24,Uniswap V3,Arbitrum,8.17,USDC,91992740,1.5,4.71
2024-08-24,Uniswap V3,Arbitrum,10.02,USDT,101615614,1.25,6.09
2024-08-24,Uniswap V3,Arbitrum,7.77,DAI,92135358,1.64,4.28
2024-08-24,Uniswap V3,Optimism,11.53,DAI,100581913,1.52,4.68
2024-08-24,Uniswap V3,Polygon,10.84,USDC,96507264,0.52,2.79
2024-08-24,Uniswap V3,Polygon,9.14,USDT,107101727,0.5,2.95
2024-08-24,Uniswap V3,Polygon,12.04,DAI,96282694,0.73,3.16
2024-08-24,Uniswap V3,Base,10.17,USDC,95737596,1.02,3.73
2024-08-24,Uniswap V3,Base,9.77,USDT,101604821,1.03,4.72
2024-08-24,Uniswap V3,Base,10.22,DAI,100314551,1.16,4.29
2024-08-24,Yearn,Ethereum,3.31,USDC,129167607,17.12,0
2024-08-24,Yearn,Ethereum,3.3,USDT,117252841,10.25,0
2024-08-24,Yearn,Ethereum,3.11,DAI,123993118,13.12,0
2024-08-24,Yearn,Arbitrum,4.19,USDT,121955099,1.22,5.65
2024-08-24,Yearn,Arbitrum,3.85,DAI,125571078,1.14,4.09
2024-08-24,Yearn,Optimism,3.54,USDC,117235621,1.38,5.37
2024-08-24,Yearn,Optimism,3.26,USDT,119052016,1.15,3.7
2024-08-24,Yearn,Optimism,4.02,DAI,131174889,1.06,2.87
2024-08-24,Yearn,Polygon,5.04,USDC,121215940,0.62,2.88
2024-08-24,Yearn,Polygon,4.4,USDT,125571929,0.63,2.17
2024-08-24,Yearn,Polygon,4.26,DAI,122244877,0.57,2.43
2024-08-24,Yearn,Base,3.97,USDT,122419957,0.76,3.98
2024-08-24,Yearn,Base,3.62,DAI,118870537,1.18,2.38
2024-08-24,Pendle,Ethereum,10.69,USDC,75902276,10.7,0
2024-08-24,Pendle,Ethereum,9.92,USDT,77206210,12.09,0
2024-08-24,Pendle,Arbitrum,15.75,USDC,75688591,1.73,4.66
2024-08-24,Pendle,Arbitrum,16.68,USDT,72982874,1.33,4.86
2024-08-24,Pendle,Arbitrum,13.82,DAI,75027312,1.44,4.15
2024-08-24,Pendle,Optimism,11.86,USDC,81409724,1.02,4.62
2024-08-24,Pendle,Optimism,11.66,USDT,66529216,1.24,3.57
2024-08-24,Pendle,Optimism,13.95,DAI,74632018,1.26,4.09
2024-08-24,Pendle,Base,11.26,USDT,71423305,1.06,4.7
2024-08-24,Pendle,Base,11.19,DAI,74855886,0.7,4.95
2024-08-24,Convex,Ethereum,3.82,USDC,147160458,11.65,0
2024-08-24,Convex,Ethereum,5.14,USDT,152707547,15.02,0
2024-08-24,Convex,Ethereum,4.48,DAI,159396028,10.72,0
2024-08-24,Balancer,Ethereum,8.0,USDC,110738561,13.55,0
2024-08-24,Balancer,Ethereum,7.32,USDT,114772845,9.11,0
2024-08-24,Balancer,Ethereum,5.58,DAI,116524092,12.28,0
2024-08-24,Balancer,Arbitrum,9.16,USDT,116822823,0.85,4.3
2024-08-24,Balancer,Arbitrum,9.35,DAI,109837851,1.35,1.89
2024-08-24,Balancer,Optimism,11.97,USDC,116177394,1.24,4.57
2024-08-24,Balancer,Optimism,8.84,USDT,112140575,1.4,3.2
2024-08-24,Balancer,Optimism,8.67,DAI,115932780,0.83,5.09
2024-08-24,Balancer,Polygon,9.84,USDC,105937692,0.58,2.88
2024-08-24,Balancer,Base,9.44,USDC,109974747,0.99,3.79
2024-08-24,Balancer,Base,8.91,DAI,112596915,1.48,3.59
2024-08-25,Aave,Ethereum,2.37,USDC,259753674,15.25,0
2024-08-25,Aave,Ethereum,2.17,USDT,250111528,11.74,0
2024-08-25,Aave,Ethereum,2.22,DAI,259547454,10.89,0
2024-08-25,Aave,Arbitrum,2.83,USDC,251415737,1.53,4.56
2024-08-25,Aave,Arbitrum,2.97,USDT,239958639,1.35,4.07
2024-08-25,Aave,Arbitrum,2.94,DAI,281996375,1.58,4.82
2024-08-25,Aave,Optimism,3.03,USDC,271141165,0.98,4.2
2024-08-25,Aave,Optimism,2.48,DAI,248966217,0.97,3.45
2024-08-25,Aave,Polygon,3.44,USDC,260817621,0.45,4.5
2024-08-25,Aave,Polygon,3.39,USDT,278134075,0.6,2.84
2024-08-25,Aave,Polygon,3.28,DAI,245356717,0.7,4.05
2024-08-25,Aave,Base,2.68,USDC,235904556,0.78,3.79
2024-08-25,Aave,Base,2.75,USDT,274257770,0.7,4.06
2024-08-25,Aave,Base,3.27,DAI,245229755,0.76,3.7
2024-08-25,Compound,Ethereum,2.3,USDC,190947189,13.99,0
2024-08-25,Compound,Ethereum,2.35,USDT,174427389,11.9,0
2024-08-25,Compound,Ethereum,2.76,DAI,179944345,9.88,0
2024-08-25,Compound,Arbitrum,2.75,USDC,185893874,1.8,5.8
2024-08-25,Compound,Arbitrum,2.95,USDT,182955293,1.6,4.35
2024-08-25,Compound,Arbitrum,2.83,DAI,182135147,1.63,4.22
2024-08-25,Compound,Optimism,2.97,USDC,184144492,1.11,4.63
2024-08-25,Compound,Optimism,2.65,USDT,172887349,1.29,4.02
2024-08-25,Compound,Optimism,2.69,DAI,176226733,1.01,4.41
2024-08-25,Compound,Polygon,3.39,USDC,196485494,0.58,4.01
2024-08-25,Compound,Polygon,2.97,USDT,176912813,0.57,2.7
2024-08-25,Compound,Polygon,3.04,DAI,178097588,0.73,1.85
2024-08-25,Compound,Base,2.69,USDC,202122148,0.95,3.5
2024-08-25,Compound,Base,2.91,USDT,194145932,0.98,3.15
2024-08-25,Compound,Base,2.69,DAI,195295598,1.02,4.43
2024-08-25,Curve,Ethereum,7.01,USDC,313396961,11.46,0
2024-08-25,Curve,Ethereum,6.69,USDT,353497551,13.0,0
2024-08-25,Curve,Ethereum,6.3,DAI,334656303,12.22,0
2024-08-25,Curve,Arbitrum,9.55,USDC,320493332,1.64,5.51
2024-08-25,Curve,Arbitrum,8.18,USDT,320239268,1.74,5.43
2024-08-25,Curve,Arbitrum,7.52,DAI,337822146,1.6,4.06
2024-08-25,Curve,Optimism,8.83,USDT,314855424,1.11,3.74
2024-08-25,Curve,Optimism,8.14,DAI,315987311,1.14,3.6
2024-08-25,Curve,Polygon,8.42,USDC,307616754,0.63,2.2
2024-08-25,Curve,Polygon,9.16,USDT,324811902,0.87,3.21
2024-08-25,Curve,Polygon,9.04,DAI,327338372,0.62,3.63
2024-08-25,Curve,Base,7.89,USDC,336033333,0.76,3.8
2024-08-25,Curve,Base,8.02,USDT,342416717,1.14,3.98
2024-08-25,Curve,Base,10.33,DAI,317403116,0.81,3.52
2024-08-25,Uniswap V3,Ethereum,7.89,USDC,101134180,9.65,0
2024-08-25,Uniswap V3,Ethereum,9.11,USDT,94451184,11.3,0
2024-08-25,Uniswap V3,Arbitrum,8.84,USDC,92387941,1.79,4.89
2024-08-25,Uniswap V3,Arbitrum,9.99,USDT,99708247,1.64,6.58
2024-08-25,Uniswap V3,Arbitrum,10.53,DAI,99700534,1.72,5.55
2024-08-25,Uniswap V3,Optimism,7.44,USDC,87885307,1.2,3.83
2024-08-25,Uniswap V3,Optimism,9.03,USDT,97910884,0.91,4.38
2024-08-25,Uniswap V3,Optimism,10.81,DAI,97110337,0.92,4.39
2024-08-25,Uniswap V3,Polygon,13.34,USDC,94006827,0.53,3.71
2024-08-25,Uniswap V3,Polygon,9.01,USDT,96991678,0.48,2.55
2024-08-25,Uniswap V3,Polygon,11.28,DAI,100078075,0.59,3.42
2024-08-25,Uniswap V3,Base,6.54,USDC,98476276,1.03,2.7
2024-08-25,Uniswap V3,Base,9.29,USDT,103921879,1.05,4.57
2024-08-25,Uniswap V3,Base,8.53,DAI,99550836,0.97,4.52
2024-08-25,Yearn,Ethereum,3.28,USDC,126297791,13.76,0
2024-08-25,Yearn,Ethereum,3.64,USDT,119672111,6.43,0
2024-08-25,Yearn,Ethereum,2.97,DAI,107906406,12.59,0
2024-08-25,Yearn,Arbitrum,4.17,USDC,116309248,1.16,4.04
2024-08-25,Yearn,Arbitrum,4.25,USDT,129986534,1.56,4.51
2024-08-25,Yearn,Arbitrum,3.8,DAI,119274872,1.31,4.67
2024-08-25,Yearn,Optimism,3.96,USDC,122935004,1.01,4.01
2024-08-25,Yearn,Optimism,4.06,USDT,115924727,1.23,3.82
2024-08-25,Yearn,Optimism,3.78,DAI,132619498,1.2,3.85
2024-08-25,Yearn,Polygon,4.17,USDC,131183941,0.76,3.78
2024-08-25,Yearn,Polygon,4.78,USDT,128376616,0.49,3.98
2024-08-25,Yearn,Polygon,4.1,DAI,116900710,0.51,2.24
2024-08-25,Yearn,Base,4.12,USDC,124867262,0.77,3.43
2024-08-25,Yearn,Base,3.94,USDT,131999970,1.03,3.36
2024-08-25,Yearn,Base,4.05,DAI,124514293,0.92,4.61
2024-08-25,Pendle,Ethereum,12.35,USDC,77493557,13.19,0
2024-08-25,Pendle,Ethereum,11.87,USDT,76921813,14.89,0
2024-08-25,Pendle,Ethereum,8.0,DAI,78861266,13.7,0
2024-08-25,Pendle,Arbitrum,14.41,USDC,76513864,1.15,5.68
2024-08-25,Pendle,Arbitrum,13.94,USDT,78368226,1.61,4.73
2024-08-25,Pendle,Arbitrum,9.9,DAI,77029595,1.75,3.63
2024-08-25,Pendle,Optimism,11.32,USDC,80447290,1.18,3.12
2024-08-25,Pendle,Optimism,12.6,USDT,76553935,1.34,3.2
2024-08-25,Pendle,Optimism,9.52,DAI,78057983,1.31,4.72
2024-08-25,Pendle,Base,15.17,USDC,73767814,1.21,3.81
2024-08-25,Pendle,Base,14.39,USDT,79600811,1.09,4.44
2024-08-25,Pendle,Base,15.28,DAI,76569347,0.92,4.91
2024-08-25,Convex,Ethereum,4.82,USDC,152855364,11.47,0
2024-08-25,Convex,Ethereum,5.53,USDT,145460529,11.55,0
2024-08-25,Convex,Ethereum,3.98,DAI,159155324,12.76,0
2024-08-25,Balancer,Ethereum,6.68,USDC,121061332,12.23,0
2024-08-25,Balancer,Ethereum,8.3,USDT,108928299,12.81,0
2024-08-25,Balancer,Ethereum,6.79,DAI,114790287,11.87,0
2024-08-25,Balancer,Arbitrum,7.77,USDC,118191089,1.64,4.53
2024-08-25,Balancer,Arbitrum,9.6,USDT,100557416,1.68,4.85
2024-08-25,Balancer,Arbitrum,8.95,DAI,117818913,1.65,6.12
2024-08-25,Balancer,Optimism,9.39,USDC,102775812,1.06,1.76
2024-08-25,Balancer,Optimism,8.67,USDT,102087521,1.42,4.71
2024-08-25,Balancer,Optimism,6.99,DAI,111897937,1.38,4.37
2024-08-25,Balancer,Polygon,9.14,USDC,118774758,0.57,1.81
2024-08-25,Balancer,Polygon,9.45,USDT,109676535,0.62,2.14
2024-08-25,Balancer,Polygon,7.86,DAI,113473274,0.56,2.58
2024-08-25,Balancer,Base,8.11,USDC,111277522,0.87,2.6
2024-08-25,Balancer,Base,8.96,USDT,121753322,0.95,3.03
2024-08-25,Balancer,Base,8.34,DAI,104945078,0.95,4.32
2024-08-26,Aave,Ethereum,2.61,USDT,261064359,18.67,0
2024-08-26,Aave,Ethereum,2.48,DAI,246186055,16.15,0
2024-08-26,Aave,Arbitrum,3.28,USDC,243385751,2.38,3.81
2024-08-26,Aave,Arbitrum,2.97,USDT,252700096,2.05,5.91
2024-08-26,Aave,Arbitrum,2.78,DAI,266382209,3.01,6.24
2024-08-26,Aave,Optimism,3.34,USDC,260702388,1.91,3.19
2024-08-26,Aave,Optimism,2.65,USDT,263261593,2.37,3.93
2024-08-26,Aave,Optimism,2.75,DAI,257300753,1.27,3.15
2024-08-26,Aave,Polygon,3.44,USDC,244248762,1.26,3.26
2024-08-26,Aave,Polygon,3.04,USDT,257698963,1.1,4.33
2024-08-26,Aave,Polygon,3.34,DAI,255119522,1.16,3.09
2024-08-26,Aave,Base,3.11,USDC,263661072,1.5,3.55
2024-08-26,Aave,Base,3.1,USDT,265145434,1.48,4.17
2024-08-26,Aave,Base,2.87,DAI,261441180,1.61,4.64
2024-08-26,Compound,Ethereum,2.18,USDC,204615097,18.61,0
2024-08-26,Compound,Ethereum,2.37,USDT,192108113,22.12,0
2024-08-26,Compound,Ethereum,2.65,DAI,190080796,16.28,0
2024-08-26,Compound,Arbitrum,2.64,USDC,182789656,2.18,4.57
2024-08-26,Compound,Arbitrum,2.83,USDT,183570570,2.59,5.04
2024-08-26,Compound,Arbitrum,3.19,DAI,183915078,2.84,5.19
2024-08-26,Compound,Optimism,2.71,USDT,184305792,1.56,3.91
2024-08-26,Compound,Optimism,2.81,DAI,198958586,1.45,4.77
2024-08-26,Compound,Polygon,3.09,USDC,187224823,0.79,3.4
2024-08-26,Compound,Polygon,3.03,USDT,190623901,0.96,3.17
2024-08-26,Compound,Polygon,3.14,DAI,169540454,0.8,3.63
2024-08-26,Compound,Base,2.98,USDC,197975593,1.37,2.83
2024-08-26,Compound,Base,3.53,USDT,183089638,1.55,4.09
2024-08-26,Compound,Base,3.09,DAI,206125658,1.35,2.13
2024-08-26,Curve,Ethereum,6.25,USDC,353368167,15.95,0
2024-08-26,Curve,Ethereum,7.34,USDT,328485045,17.08,0
2024-08-26,Curve,Ethereum,7.67,DAI,325989164,17.28,0
2024-08-26,Curve,Arbitrum,9.89,USDC,337000617,2.42,5.55
2024-08-26,Curve,Arbitrum,9.71,USDT,343742190,2.65,5.15
2024-08-26,Curve,Arbitrum,8.55,DAI,343065099,1.93,3.82
2024-08-26,Curve,Optimism,5.98,USDC,324878372,1.68,4.7
2024-08-26,Curve,Optimism,10.63,USDT,340670025,2.02,5.7
2024-08-26,Curve,Optimism,9.5,DAI,358342695,2.38,4.18
2024-08-26,Curve,Polygon,10.59,USDC,352447039,1.05,2.68
2024-08-26,Curve,Polygon,11.1,USDT,306035957,0.96,2.56
2024-08-26,Curve,Polygon,8.78,DAI,342012481,0.62,4.0
2024-08-26,Curve,Base,8.16,USDC,324302631,1.39,3.02
2024-08-26,Curve,Base,6.51,USDT,311432433,1.19,3.1
2024-08-26,Curve,Base,7.09,DAI,337367288,1.13,4.25
2024-08-26,Uniswap V3,Ethereum,7.43,USDC,107048387,19.39,0
2024-08-26,Uniswap V3,Ethereum,9.44,DAI,107890328,19.06,0
2024-08-26,Uniswap V3,Arbitrum,10.22,USDC,102452743,2.46,3.73
2024-08-26,Uniswap V3,Arbitrum,12.5,USDT,98373169,2.41,3.7
2024-08-26,Uniswap V3,Arbitrum,10.27,DAI,94370151,2.65,6.6
2024-08-26,Uniswap V3,Optimism,8.76,USDC,97134740,1.7,4.52
2024-08-26,Uniswap V3,Optimism,8.15,USDT,96052761,2.04,3.07
2024-08-26,Uniswap V3,Optimism,9.52,DAI,97640340,2.03,3.68
2024-08-26,Uniswap V3,Polygon,10.93,USDT,98768842,0.81,4.01
2024-08-26,Uniswap V3,Polygon,11.29,DAI,96073100,1.0,3.49
2024-08-26,Uniswap V3,Base,10.84,USDC,101123501,1.61,3.13
2024-08-26,Uniswap V3,Base,8.45,USDT,97487239,1.15,4.84
2024-08-26,Uniswap V3,Base,10.09,DAI,91108005,1.19,3.74
2024-08-26,Yearn,Ethereum,3.41,USDC,129962010,20.15,0
2024-08-26,Yearn,Ethereum,3.27,USDT,121697822,18.32,0
2024-08-26,Yearn,Ethereum,3.33,DAI,120258130,16.81,0
2024-08-26,Yearn,Arbitrum,3.89,USDC,115748427,2.32,7.55
2024-08-26,Yearn,Arbitrum,4.08,USDT,129532702,2.35,3.55
2024-08-26,Yearn,Arbitrum,3.82,DAI,136131652,2.41,4.5
2024-08-26,Yearn,Optimism,4.12,USDC,127605037,2.0,4.97
2024-08-26,Yearn,Optimism,3.82,USDT,131497729,1.59,3.92
2024-08-26,Yearn,Optimism,4.3,DAI,111533734,1.69,4.41
2024-08-26,Yearn,Polygon,3.81,USDC,125694552,0.72,3.02
2024-08-26,Yearn,Polygon,3.72,USDT,129901624,0.9,3.26
2024-08-26,Yearn,Polygon,4.13,DAI,115456679,1.01,2.97
2024-08-26,Yearn,Base,4.17,USDC,121307170,1.56,2.85
2024-08-26,Yearn,Base,4.28,USDT,130465968,1.92,3.36
2024-08-26,Yearn,Base,3.88,DAI,128759853,1.47,4.01
2024-08-26,Pendle,Ethereum,9.58,USDC,76031081,15.4,0
2024-08-26,Pendle,Ethereum,8.61,USDT,79039733,22.56,0
2024-08-26,Pendle,Ethereum,10.66,DAI,70166404,12.45,0
2024-08-26,Pendle,Arbitrum,17.38,USDC,77016988,2.87,4.89
2024-08-26,Pendle,Arbitrum,12.25,USDT,72069017,2.08,5.22
2024-08-26,Pendle,Optimism,10.93,USDC,79899281,1.88,3.71
2024-08-26,Pendle,Optimism,12.93,USDT,83902063,1.03,3.84
2024-08-26,Pendle,Optimism,12.47,DAI,79294885,2.1,4.19
2024-08-26,Pendle,Base,15.93,USDC,76847761,1.27,4.0
2024-08-26,Pendle,Base,13.53,USDT,80316325,1.47,3.12
2024-08-26,Pendle,Base,15.8,DAI,81951283,1.45,4.31
2024-08-26,Convex,Ethereum,4.86,USDC,158260043,17.83,0
2024-08-26,Convex,Ethereum,5.52,USDT,154000392,18.85,0
2024-08-26,Convex,Ethereum,5.38,DAI,156049605,16.9,0
2024-08-26,Balancer,Ethereum,7.93,USDC,98814913,21.61,0
2024-08-26,Balancer,Ethereum,7.77,USDT,112190299,16.96,0
2024-08-26,Balancer,Ethereum,7.43,DAI,118187346,23.39,0
2024-08-26,Balancer,Arbitrum,9.12,USDC,108402878,2.0,5.26
2024-08-26,Balancer,Arbitrum,8.44,USDT,108344720,2.76,5.03
2024-08-26,Balancer,Arbitrum,9.13,DAI,119589131,1.94,4.15
2024-08-26,Balancer,Optimism,8.88,USDC,119237521,1.5,4.17
2024-08-26,Balancer,Optimism,8.31,USDT,110758283,2.21,4.97
2024-08-26,Balancer,Optimism,8.12,DAI,119704281,1.9,5.13
2024-08-26,Balancer,Polygon,12.04,USDC,108652922,0.78,4.14
2024-08-26,Balancer,Polygon,9.44,USDT,113497154,1.19,3.0
2024-08-26,Balancer,Polygon,7.54,DAI,113519800,1.0,3.83
2024-08-26,Balancer,Base,10.54,USDC,115451642,1.41,4.56
2024-08-26,Balancer,Base,8.52,DAI,114586826,1.57,3.36
2024-08-27,Aave,Ethereum,2.74,USDC,261378562,18.11,0
2024-08-27,Aave,Ethereum,2.56,USDT,275409179,20.53,0
2024-08-27,Aave,Ethereum,3.0,DAI,254240435,18.25,0
2024-08-27,Aave,Arbitrum,3.01,USDC,246443095,1.95,4.48
2024-08-27,Aave,Arbitrum,2.94,USDT,252146698,2.0,4.77
2024-08-27,Aave,Optimism,3.11,USDC,266107284,1.59,4.44
2024-08-27,Aave,Optimism,2.99,USDT,265778183,2.2,5.27
2024-08-27,Aave,Optimism,3.0,DAI,249027529,2.05,4.65
2024-08-27,Aave,Polygon,3.43,USDT,262437368,0.88,2.55
2024-08-27,Aave,Polygon,2.89,DAI,242785992,0.95,2.74
2024-08-27,Aave,Base,3.08,USDC,268460281,1.69,5.57
2024-08-27,Aave,Base,3.06,DAI,260339663,1.87,4.13
2024-08-27,Compound,Ethereum,2.56,USDC,184548330,16.6,0
2024-08-27,Compound,Ethereum,2.2,USDT,183408772,18.45,0
2024-08-27,Compound,Ethereum,2.49,DAI,189233652,19.46,0
2024-08-27,Compound,Arbitrum,3.07,USDC,173144731,1.93,5.02
2024-08-27,Compound,Arbitrum,3.11,DAI,179568749,2.87,5.54
2024-08-27,Compound,Optimism,3.11,USDC,190105672,1.74,3.46
2024-08-27,Compound,Optimism,2.77,USDT,194876168,2.24,4.12
2024-08-27,Compound,Optimism,2.98,DAI,193141921,1.55,4.43
2024-08-27,Compound,Polygon,3.36,USDC,190297685,1.11,3.69
2024-08-27,Compound,Polygon,3.16,USDT,187417371,0.96,2.74
2024-08-27,Compound,Polygon,2.91,DAI,193081812,0.93,2.8
2024-08-27,Compound,Base,2.96,USDC,176937441,1.93,4.4
2024-08-27,Compound,Base,3.1,USDT,174204538,1.47,3.98
2024-08-27,Compound,Base,2.75,DAI,184680946,1.3,4.87
2024-08-27,Curve,Ethereum,8.68,USDC,363432415,19.9,0
2024-08-27,Curve,Ethereum,6.55,DAI,335049120,15.0,0
2024-08-27,Curve,Arbitrum,8.76,USDC,327714437,2.55,5.07
2024-08-27,Curve,Arbitrum,7.5,USDT,358661723,2.3,4.76
2024-08-27,Curve,Arbitrum,7.2,DAI,313902795,1.88,5.04
2024-08-27,Curve,Optimism,10.47,USDC,345584799,2.12,4.39
2024-08-27,Curve,Optimism,8.76,USDT,331420936,1.64,3.95
2024-08-27,Curve,Optimism,9.68,DAI,328481411,1.82,4.6
2024-08-27,Curve,Polygon,8.72,USDC,342840207,1.11,3.25
2024-08-27,Curve,Polygon,11.76,USDT,350287001,1.28,2.54
2024-08-27,Curve,Polygon,9.6,DAI,348161982,0.89,2.86
2024-08-27,Curve,Base,6.84,USDC,339008888,1.49,4.66
2024-08-27,Curve,Base,9.27,USDT,315330138,1.34,5.0
2024-08-27,Curve,Base,11.48,DAI,333079067,0.93,3.87
2024-08-27,Uniswap V3,Ethereum,8.59,USDC,95690180,18.84,0
2024-08-27,Uniswap V3,Arbitrum,7.9,USDC,102274020,1.89,6.57
2024-08-27,Uniswap V3,Arbitrum,10.31,USDT,100037763,2.9,5.28
2024-08-27,Uniswap V3,Arbitrum,9.98,DAI,102151699,2.3,5.2
2024-08-27,Uniswap V3,Optimism,9.17,USDC,89688287,2.05,4.1
2024-08-27,Uniswap V3,Optimism,9.0,USDT,103172374,1.8,2.61
2024-08-27,Uniswap V3,Optimism,9.99,DAI,97713423,1.27,4.07
2024-08-27,Uniswap V3,Polygon,8.4,USDC,98957429,0.88,2.64
2024-08-27,Uniswap V3,Polygon,13.54,USDT,95213323,0.76,3.15
2024-08-27,Uniswap V3,Base,8.9,USDC,110772257,1.54,3.14
2024-08-27,Uniswap V3,Base,12.14,USDT,103717693,1.42,5.39
2024-08-27,Uniswap V3,Base,10.36,DAI,98308664,1.55,4.07
2024-08-27,Yearn,Ethereum,3.79,USDC,134996032,19.75,0
2024-08-27,Yearn,Ethereum,3.59,USDT,124041004,20.46,0
2024-08-27,Yearn,Ethereum,3.09,DAI,121796877,18.05,0
2024-08-27,Yearn,Arbitrum,4.74,USDC,131089570,2.27,2.56
2024-08-27,Yearn,Arbitrum,4.2,USDT,119794306,2.18,3.39
2024-08-27,Yearn,Arbitrum,4.39,DAI,125443048,2.76,4.99
2024-08-27,Yearn,Optimism,4.02,USDC,134105457,1.54,3.52
2024-08-27,Yearn,Optimism,3.81,USDT,120276406,2.05,3.51
2024-08-27,Yearn,Optimism,3.97,DAI,129449888,2.01,3.84
2024-08-27,Yearn,Polygon,3.91,USDC,124987633,0.77,2.18
2024-08-27,Yearn,Polygon,4.06,USDT,121857389,0.93,2.43
2024-08-27,Yearn,Polygon,4.29,DAI,128991491,0.89,1.69
2024-08-27,Yearn,Base,4.28,USDC,124176519,1.36,4.14
2024-08-27,Yearn,Base,3.99,USDT,124692954,1.12,3.71
2024-08-27,Yearn,Base,4.21,DAI,126519464,1.65,3.56
2024-08-27,Pendle,Ethereum,9.32,USDC,77860389,19.5,0
2024-08-27,Pendle,Ethereum,11.48,USDT,80201996,17.64,0
2024-08-27,Pendle,Ethereum,12.08,DAI,81030674,21.88,0
2024-08-27,Pendle,Arbitrum,15.77,USDC,81065084,3.09,5.49
2024-08-27,Pendle,Arbitrum,13.24,USDT,86530539,2.46,5.99
2024-08-27,Pendle,Arbitrum,13.0,DAI,80859553,2.75,5.65
2024-08-27,Pendle,Optimism,11.8,USDC,77365045,1.44,3.91
2024-08-27,Pendle,Optimism,9.92,USDT,81634359,2.03,5.57
2024-08-27,Pendle,Optimism,15.87,DAI,78672796,1.14,3.5
2024-08-27,Pendle,Base,9.13,USDC,85875634,1.67,4.58
2024-08-27,Pendle,Base,14.17,DAI,80148217,1.31,4.56
2024-08-27,Convex,Ethereum,5.45,USDC,156162944,16.18,0
2024-08-27,Convex,Ethereum,4.24,USDT,168991948,20.81,0
2024-08-27,Convex,Ethereum,4.24,DAI,149774235,13.8,0
2024-08-27,Balancer,Ethereum,8.02,USDC,112170297,19.01,0
2024-08-27,Balancer,Ethereum,7.52,USDT,109121559,17.61,0
2024-08-27,Balancer,Ethereum,7.0,DAI,122575848,17.05,0
2024-08-27,Balancer,Arbitrum,9.5,USDC,116508249,2.67,4.44
2024-08-27,Balancer,Arbitrum,10.02,USDT,119279144,2.32,7.1
2024-08-27,Balancer,Arbitrum,10.44,DAI,119400940,2.08,5.02
2024-08-27,Balancer,Optimism,9.35,USDC,117717023,2.21,3.97
2024-08-27,Balancer,Optimism,7.39,USDT,115145719,1.56,3.84
2024-08-27,Balancer,Optimism,9.22,DAI,108232442,1.54,4.53
2024-08-27,Balancer,Polygon,9.01,USDC,121323467,0.86,2.57
2024-08-27,Balancer,Polygon,8.36,USDT,115937510,0.64,2.7
2024-08-27,Balancer,Polygon,8.68,DAI,109717276,1.12,2.44
2024-08-27,Balancer,Base,8.55,USDC,116125873,1.3,2.4
2024-08-27,Balancer,Base,9.4,USDT,115852297,1.3,3.64
2024-08-27,Balancer,Base,8.98,DAI,104211192,1.28,5.06
2024-08-28,Aave,Ethereum,2.33,USDC,274105731,21.37,0
2024-08-28,Aave,Ethereum,2.75,USDT,263218564,18.59,0
2024-08-28,Aave,Ethereum,2.74,DAI,269775259,20.33,0
2024-08-28,Aave,Arbitrum,3.06,USDC,283349727,2.01,4.25
2024-08-28,Aave,Arbitrum,3.22,USDT,261300355,2.77,5.88
2024-08-28,Aave,Arbitrum,3.47,DAI,272938239,2.29,5.48
2024-08-28,Aave,Optimism,3.2,USDC,256216956,1.25,2.56
2024-08-28,Aave,Optimism,2.87,USDT,267508892,2.0,3.7
2024-08-28,Aave,Optimism,2.77,DAI,252341296,1.37,4.54
2024-08-28,Aave,Polygon,3.77,USDC,267549668,1.02,3.03
2024-08-28,Aave,Polygon,3.15,USDT,299383999,0.9,2.2
2024-08-28,Aave,Polygon,3.43,DAI,260049393,0.87,2.41
2024-08-28,Aave,Base,3.37,USDC,281651858,1.57,4.28
2024-08-28,Aave,Base,2.85,USDT,266829233,1.13,2.7
2024-08-28,Aave,Base,3.07,DAI,267894399,1.51,3.5
2024-08-28,Compound,Ethereum,2.55,USDC,198319170,17.44,0
2024-08-28,Compound,Ethereum,2.51,DAI,202981300,15.77,0
2024-08-28,Compound,Arbitrum,3.07,USDC,207873665,1.98,4.6
2024-08-28,Compound,Arbitrum,3.57,USDT,185386983,2.02,3.81
2024-08-28,Compound,Arbitrum,3.16,DAI,194600628,2.52,7.06
2024-08-28,Compound,Optimism,3.22,USDC,180548280,1.78,4.19
2024-08-28,Compound,Optimism,3.0,USDT,189791969,1.62,5.29
2024-08-28,Compound,Optimism,3.12,DAI,193317631,1.87,3.41
2024-08-28,Compound,Polygon,3.55,USDC,213684821,1.0,3.19
2024-08-28,Compound,Polygon,3.0,USDT,204473028,0.9,3.44
2024-08-28,Compound,Polygon,3.23,DAI,185290862,1.1,2.59
2024-08-28,Compound,Base,3.47,USDC,181473472,1.27,4.07
2024-08-28,Compound,Base,2.72,USDT,196927447,1.37,5.26
2024-08-28,Compound,Base,3.05,DAI,199235846,1.79,4.11
2024-08-28,Curve,Ethereum,7.61,USDT,352130390,13.06,0
2024-08-28,Curve,Ethereum,7.16,DAI,349000341,18.0,0
2024-08-28,Curve,Arbitrum,10.94,USDC,310708091,2.94,6.03
2024-08-28,Curve,Arbitrum,9.68,USDT,349760789,2.25,5.99
2024-08-28,Curve,Arbitrum,9.3,DAI,355929376,2.98,5.35
2024-08-28,Curve,Optimism,8.39,USDC,352949480,1.43,2.72
2024-08-28,Curve,Optimism,5.45,USDT,338142512,1.22,5.43
2024-08-28,Curve,Optimism,8.05,DAI,317129201,1.6,2.34
2024-08-28,Curve,Polygon,9.01,USDC,346135050,0.74,3.67
2024-08-28,Curve,Polygon,10.28,USDT,344475624,0.85,3.52
2024-08-28,Curve,Polygon,8.87,DAI,320434433,1.15,3.43
2024-08-28,Curve,Base,9.4,USDC,324717752,1.14,2.91
2024-08-28,Curve,Base,8.59,DAI,338592516,1.82,4.34
2024-08-28,Uniswap V3,Ethereum,9.42,USDC,112602704,19.07,0
2024-08-28,Uniswap V3,Ethereum,8.49,USDT,113520676,20.97,0
2024-08-28,Uniswap V3,Ethereum,8.88,DAI,102733801,19.51,0
2024-08-28,Uniswap V3,Arbitrum,12.19,USDC,95538225,3.02,3.71
2024-08-28,Uniswap V3,Arbitrum,13.35,USDT,105011538,2.66,5.69
2024-08-28,Uniswap V3,Arbitrum,5.69,DAI,100517680,2.23,4.68
2024-08-28,Uniswap V3,Optimism,8.52,USDC,104412097,1.83,4.47
2024-08-28,Uniswap V3,Optimism,9.56,USDT,100179021,1.61,3.83
2024-08-28,Uniswap V3,Optimism,10.91,DAI,100933274,1.84,5.22
2024-08-28,Uniswap V3,Polygon,12.85,USDC,96253586,1.12,2.81
2024-08-28,Uniswap V3,Polygon,8.07,USDT,100105822,0.9,3.53
2024-08-28,Uniswap V3,Polygon,9.35,DAI,103849667,0.75,2.97
2024-08-28,Uniswap V3,Base,9.69,USDC,98136756,1.57,4.21
2024-08-28,Uniswap V3,Base,10.3,USDT,110942098,0.96,3.64
2024-08-28,Uniswap V3,Base,8.12,DAI,97021242,1.44,2.77
2024-08-28,Yearn,Ethereum,3.11,USDC,130955848,13.08,0
2024-08-28,Yearn,Ethereum,3.69,USDT,129618471,21.28,0
2024-08-28,Yearn,Arbitrum,3.87,USDT,129614622,2.42,3.87
2024-08-28,Yearn,Arbitrum,3.96,DAI,124876798,2.59,2.58
2024-08-28,Yearn,Optimism,3.98,USDC,130670182,1.97,4.96
2024-08-28,Yearn,Optimism,4.16,USDT,127472618,1.88,3.78
2024-08-28,Yearn,Optimism,4.14,DAI,132552802,1.84,3.97
2024-08-28,Yearn,Polygon,4.64,USDC,128820899,1.1,2.55
2024-08-28,Yearn,Polygon,4.61,USDT,132759631,0.89,3.52
2024-08-28,Yearn,Polygon,4.18,DAI,121831001,1.09,2.91
2024-08-28,Yearn,Base,4.46,USDC,127612136,1.55,4.46
2024-08-28,Yearn,Base,4.56,USDT,135011852,1.68,3.26
2024-08-28,Pendle,Ethereum,12.4,USDC,72332161,22.87,0
2024-08-28,Pendle,Ethereum,11.43,USDT,79614980,12.94,0
2024-08-28,Pendle,Ethereum,10.07,DAI,86975045,23.69,0
2024-08-28,Pendle,Arbitrum,11.72,USDC,78099587,2.12,5.16
2024-08-28,Pendle,Arbitrum,11.02,USDT,80168057,3.28,3.88
2024-08-28,Pendle,Arbitrum,15.35,DAI,75646420,1.99,5.06
2024-08-28,Pendle,Optimism,13.09,USDT,90452456,1.86,5.01
2024-08-28,Pendle,Optimism,12.07,DAI,79624030,1.25,3.2
2024-08-28,Pendle,Base,11.21,USDC,84296573,1.39,3.36
2024-08-28,Pendle,Base,10.59,USDT,80503110,1.3,3.85
2024-08-28,Pendle,Base,14.69,DAI,77906179,1.7,3.3
2024-08-28,Convex,Ethereum,4.93,USDT,160775423,16.83,0
2024-08-28,Balancer,Ethereum,8.0,USDC,105801624,18.86,0
2024-08-28,Balancer,Ethereum,5.63,USDT,113407369,20.41,0
2024-08-28,Balancer,Ethereum,8.98,DAI,109604178,23.53,0
2024-08-28,Balancer,Arbitrum,9.38,USDC,124855708,2.46,4.15
2024-08-28,Balancer,Arbitrum,9.42,USDT,115240489,2.44,4.95
2024-08-28,Balancer,Arbitrum,11.44,DAI,126331952,2.33,3.97
2024-08-28,Balancer,Optimism,9.79,USDC,131225643,1.9,3.25
2024-08-28,Balancer,Optimism,9.24,USDT,118708056,2.01,5.09
2024-08-28,Balancer,Optimism,9.12,DAI,116122741,1.24,3.25
2024-08-28,Balancer,Polygon,10.23,USDC,127188043,1.08,1.91
2024-08-28,Balancer,Polygon,9.67,USDT,121666286,0.9,3.42
2024-08-28,Balancer,Polygon,9.6,DAI,106672655,0.75,3.66
2024-08-28,Balancer,Base,9.86,USDC,123427945,1.7,3.1
2024-08-28,Balancer,Base,8.64,USDT,122137019,1.6,5.01
2024-08-28,Balancer,Base,7.79,DAI,115858161,1.45,3.24
2024-08-29,Aave,Ethereum,2.24,USDC,286102658,22.68,0
2024-08-29,Aave,Ethereum,2.46,USDT,296084891,23.31,0
2024-08-29,Aave,Ethereum,2.64,DAI,280842389,18.96,0
2024-08-29,Aave,Arbitrum,2.73,USDC,270513253,1.87,5.05
2024-08-29,Aave,Arbitrum,2.94,USDT,259691240,2.35,4.98
2024-08-29,Aave,Arbitrum,3.49,DAI,269033471,2.44,7.23
2024-08-29,Aave,Optimism,2.74,USDC,275714227,1.94,5.59
2024-08-29,Aave,Optimism,2.88,USDT,267977128,1.66,3.69
2024-08-29,Aave,Optimism,3.09,DAI,269470756,1.63,4.11
2024-08-29,Aave,Polygon,3.23,USDC,263830996,1.05,3.91
2024-08-29,Aave,Polygon,3.56,USDT,274473914,0.96,2.83
2024-08-29,Aave,Polygon,3.14,DAI,269659963,0.85,2.8
2024-08-29,Aave,Base,3.03,USDT,255846013,1.61,3.94
2024-08-29,Aave,Base,3.06,DAI,271119410,1.61,5.01
2024-08-29,Compound,Ethereum,2.47,USDC,201706178,14.87,0
2024-08-29,Compound,Ethereum,2.36,USDT,194412065,25.11,0
2024-08-29,Compound,Ethereum,2.19,DAI,199073641,21.19,0
2024-08-29,Compound,Arbitrum,3.18,USDC,202295762,2.31,3.66
2024-08-29,Compound,Arbitrum,3.04,USDT,215078922,2.43,4.6
2024-08-29,Compound,Arbitrum,2.59,DAI,189136524,2.87,4.31
2024-08-29,Compound,Optimism,2.66,USDT,193347749,2.03,5.64
2024-08-29,Compound,Polygon,3.02,USDC,203056280,1.17,2.02
2024-08-29,Compound,Polygon,2.82,USDT,200658541,0.87,3.07
2024-08-29,Compound,Polygon,3.07,DAI,194821688,1.12,3.32
2024-08-29,Compound,Base,2.53,USDC,209044740,1.47,5.17
2024-08-29,Compound,Base,3.24,USDT,201868397,1.61,3.56
2024-08-29,Compound,Base,2.88,DAI,184978735,1.43,3.96
2024-08-29,Curve,Ethereum,5.63,USDC,341695081,17.4,0
2024-08-29,Curve,Ethereum,8.0,USDT,355028790,18.52,0
2024-08-29,Curve,Ethereum,6.94,DAI,363145948,19.24,0
2024-08-29,Curve,Arbitrum,8.36,USDC,369516888,2.51,6.22
2024-08-29,Curve,Arbitrum,11.24,USDT,335787750,2.35,5.14
2024-08-29,Curve,Arbitrum,7.81,DAI,363662597,3.11,5.08
2024-08-29,Curve,Optimism,7.18,USDC,349282563,2.07,3.06
2024-08-29,Curve,Optimism,6.03,USDT,338109029,1.95,3.82
2024-08-29,Curve,Optimism,9.84,DAI,370649695,1.85,3.24
2024-08-29,Curve,Polygon,10.58,USDT,326640723,1.37,3.25
2024-08-29,Curve,Polygon,9.46,DAI,353467250,0.9,3.39
2024-08-29,Curve,Base,10.98,USDC,342756805,1.39,4.77
2024-08-29,Curve,Base,8.46,USDT,353398387,1.36,2.2
2024-08-29,Curve,Base,6.78,DAI,340459508,1.69,4.19
2024-08-29,Uniswap V3,Ethereum,9.96,USDC,112961179,20.27,0
2024-08-29,Uniswap V3,Ethereum,9.69,DAI,105822511,20.4,0
2024-08-29,Uniswap V3,Arbitrum,7.52,USDC,102253287,2.3,3.29
2024-08-29,Uniswap V3,Arbitrum,7.32,USDT,114741308,2.78,5.49
2024-08-29,Uniswap V3,Arbitrum,10.3,DAI,104672753,1.95,7.21
2024-08-29,Uniswap V3,Optimism,8.0,USDC,106954995,2.36,4.5
2024-08-29,Uniswap V3,Optimism,9.72,USDT,101969877,1.76,3.57
2024-08-29,Uniswap V3,Optimism,10.87,DAI,103855315,2.19,4.19
2024-08-29,Uniswap V3,Polygon,11.7,USDC,107395106,1.14,2.41
2024-08-29,Uniswap V3,Polygon,10.74,USDT,109148864,1.19,3.41
2024-08-29,Uniswap V3,Base,10.24,USDC,106566562,1.32,3.88
2024-08-29,Uniswap V3,Base,13.55,USDT,110732521,1.44,4.81
2024-08-29,Uniswap V3,Base,10.6,DAI,110152729,1.49,4.39
2024-08-29,Yearn,Ethereum,3.62,USDC,135193794,16.32,0
2024-08-29,Yearn,Ethereum,3.22,USDT,137426492,15.6,0
2024-08-29,Yearn,Ethereum,3.53,DAI,135794397,18.85,0
2024-08-29,Yearn,Arbitrum,3.68,USDT,130825738,2.44,4.17
2024-08-29,Yearn,Optimism,3.44,USDC,125724873,1.4,3.74
2024-08-29,Yearn,Optimism,3.54,DAI,137934590,1.29,4.83
2024-08-29,Yearn,Polygon,4.76,USDC,139886315,1.11,3.82
2024-08-29,Yearn,Polygon,4.54,USDT,134797034,1.01,4.06
2024-08-29,Yearn,Polygon,4.38,DAI,137931581,0.91,3.61
2024-08-29,Yearn,Base,4.2,USDC,133020079,1.4,4.48
2024-08-29,Yearn,Base,4.06,USDT,140253222,1.18,5.72
2024-08-29,Yearn,Base,4.08,DAI,130703821,1.56,2.99
2024-08-29,Pendle,Ethereum,9.94,USDC,80738178,20.31,0
2024-08-29,Pendle,Ethereum,8.57,DAI,83019853,10.45,0
2024-08-29,Pendle,Arbitrum,12.65,USDC,80499926,2.74,4.55
2024-08-29,Pendle,Arbitrum,12.48,USDT,79102722,2.43,5.16
2024-08-29,Pendle,Arbitrum,11.26,DAI,81642420,1.85,6.54
2024-08-29,Pendle,Optimism,13.83,USDC,82253843,1.64,4.82
2024-08-29,Pendle,Optimism,15.17,USDT,87398712,1.58,3.83
2024-08-29,Pendle,Optimism,12.61,DAI,84598023,2.19,4.99
2024-08-29,Pendle,Base,10.88,USDT,77310218,1.26,2.84
2024-08-29,Pendle,Base,13.87,DAI,81586888,1.48,4.69
2024-08-29,Convex,Ethereum,4.48,USDC,162697687,19.47,0
2024-08-29,Convex,Ethereum,5.2,USDT,155761452,20.42,0
2024-08-29,Convex,Ethereum,4.25,DAI,170856534,17.22,0
2024-08-29,Balancer,Ethereum,8.17,USDC,110365621,15.08,0
2024-08-29,Balancer,Ethereum,6.41,USDT,118707634,18.48,0
2024-08-29,Balancer,Ethereum,6.49,DAI,121933391,12.95,0
2024-08-29,Balancer,Arbitrum,10.31,USDC,118694293,2.11,4.74
2024-08-29,Balancer,Arbitrum,7.8,USDT,120224479,2.15,4.75
2024-08-29,Balancer,Arbitrum,10.7,DAI,127206262,2.86,2.92
2024-08-29,Balancer,Optimism,8.38,USDC,120838309,1.67,6.12
2024-08-29,Balancer,Optimism,7.95,USDT,125433101,1.22,3.0
2024-08-29,Balancer,Optimism,10.18,DAI,119845814,1.83,6.02
2024-08-29,Balancer,Polygon,9.11,USDT,126248163,0.92,2.76
2024-08-29,Balancer,Polygon,8.71,DAI,124081000,0.98,3.69
2024-08-29,Balancer,Base,8.75,USDT,120972005,1.6,2.86
2024-08-30,Aave,Ethereum,2.3,USDC,302429065,18.41,0
2024-08-30,Aave,Ethereum,2.61,USDT,272346652,19.03,0
2024-08-30,Aave,Ethereum,2.09,DAI,283810591,21.72,0
2024-08-30,Aave,Arbitrum,2.85,USDC,297307440,1.95,6.03
2024-08-30,Aave,Arbitrum,3.12,DAI,285277760,2.95,5.17
2024-08-30,Aave,Optimism,2.73,USDC,287262892,2.2,3.57
2024-08-30,Aave,Optimism,2.72,USDT,277759764,1.53,3.83
2024-08-30,Aave,Optimism,3.08,DAI,265623462,2.1,3.92
2024-08-30,Aave,Polygon,2.7,USDC,288330336,1.06,2.91
2024-08-30,Aave,Polygon,3.63,USDT,290658404,1.1,3.42
2024-08-30,Aave,Polygon,3.33,DAI,293974919,1.06,3.97
2024-08-30,Aave,Base,2.8,USDC,276163742,1.52,3.65
2024-08-30,Aave,Base,2.79,USDT,280225443,1.32,3.05
2024-08-30,Aave,Base,2.97,DAI,265829947,1.22,4.44
2024-08-30,Compound,Ethereum,2.24,USDC,215902974,22.79,0
2024-08-30,Compound,Ethereum,2.35,USDT,200061421,22.61,0
2024-08-30,Compound,Ethereum,2.24,DAI,201741001,20.52,0
2024-08-30,Compound,Arbitrum,2.91,USDT,188528826,2.76,5.29
2024-08-30,Compound,Arbitrum,3.12,DAI,187726369,1.44,4.67
2024-08-30,Compound,Optimism,2.92,USDT,211617552,2.02,3.45
2024-08-30,Compound,Optimism,2.52,DAI,200607642,1.59,3.45
2024-08-30,Compound,Polygon,2.78,USDC,190669970,0.88,3.25
2024-08-30,Compound,Polygon,3.05,USDT,208033774,0.78,3.95
2024-08-30,Compound,Polygon,2.79,DAI,178371868,1.19,3.23
2024-08-30,Compound,Base,3.31,USDC,201632298,1.29,4.48
2024-08-30,Compound,Base,2.74,USDT,200099203,1.32,3.28
2024-08-30,Compound,Base,2.46,DAI,192916391,1.63,4.49
2024-08-30,Curve,Ethereum,7.93,USDC,369774508,16.06,0
2024-08-30,Curve,Ethereum,6.46,USDT,398524754,16.7,0
2024-08-30,Curve,Ethereum,9.26,DAI,386952305,17.03,0
2024-08-30,Curve,Arbitrum,8.5,USDC,357453974,2.6,3.18
2024-08-30,Curve,Arbitrum,8.92,USDT,361266019,2.57,6.04
2024-08-30,Curve,Arbitrum,9.44,DAI,350121871,2.41,5.17
2024-08-30,Curve,Optimism,8.46,USDC,341553394,1.0,3.85
2024-08-30,Curve,Optimism,8.86,USDT,350782758,1.64,5.1
2024-08-30,Curve,Optimism,10.05,DAI,358082104,1.97,3.68
2024-08-30,Curve,Polygon,7.41,USDC,348845005,1.02,2.59
2024-08-30,Curve,Polygon,10.59,USDT,375719172,0.91,3.26
2024-08-30,Curve,Polygon,6.5,DAI,372873939,1.01,3.03
2024-08-30,Curve,Base,8.39,USDC,361320211,1.61,5.07
2024-08-30,Curve,Base,8.5,USDT,368704896,1.7,3.75
2024-08-30,Curve,Base,10.19,DAI,381261200,1.05,5.62
2024-08-30,Uniswap V3,Ethereum,8.84,USDC,114167607,19.34,0
2024-08-30,Uniswap V3,Ethereum,7.98,DAI,108209214,13.57,0
2024-08-30,Uniswap V3,Arbitrum,8.65,USDC,108860460,2.15,3.19
2024-08-30,Uniswap V3,Arbitrum,10.25,USDT,107862579,1.63,5.38
2024-08-30,Uniswap V3,Arbitrum,8.54,DAI,108160015,2.06,5.04
2024-08-30,Uniswap V3,Optimism,9.13,USDC,115359663,1.68,1.1
2024-08-30,Uniswap V3,Optimism,10.89,USDT,104267410,1.51,5.44
2024-08-30,Uniswap V3,Optimism,10.4,DAI,112158318,1.46,3.45
2024-08-30,Uniswap V3,Polygon,11.05,USDC,108447579,0.98,2.37
2024-08-30,Uniswap V3,Polygon,12.49,USDT,104343845,0.89,3.08
2024-08-30,Uniswap V3,Polygon,8.37,DAI,108633992,1.15,3.68
2024-08-30,Uniswap V3,Base,10.59,USDC,109189083,1.42,4.14
2024-08-30,Uniswap V3,Base,11.46,USDT,109779905,1.64,3.39
2024-08-30,Uniswap V3,Base,10.04,DAI,104573816,1.53,4.34
2024-08-30,Yearn,Ethereum,3.25,USDC,135965414,13.4,0
2024-08-30,Yearn,Ethereum,3.51,USDT,137269463,18.92,0
2024-08-30,Yearn,Ethereum,2.99,DAI,127658217,18.11,0
2024-08-30,Yearn,Arbitrum,3.6,USDC,123087669,2.25,4.48
2024-08-30,Yearn,Arbitrum,3.89,USDT,142620608,2.71,4.16
2024-08-30,Yearn,Arbitrum,3.59,DAI,136430876,2.51,6.26
2024-08-30,Yearn,Optimism,3.96,USDT,125048454,1.64,3.73
2024-08-30,Yearn,Polygon,3.79,USDC,134505440,0.97,3.41
2024-08-30,Yearn,Polygon,3.64,DAI,129741660,0.88,2.77
2024-08-30,Yearn,Base,3.85,USDT,134176919,1.46,4.4
2024-08-30,Yearn,Base,3.7,DAI,139188730,0.87,4.85
2024-08-30,Pendle,Ethereum,12.63,USDC,85133531,19.87,0
2024-08-30,Pendle,Ethereum,8.35,DAI,86829024,18.45,0
2024-08-30,Pendle,Arbitrum,13.94,USDT,87340281,2.49,5.32
2024-08-30,Pendle,Optimism,14.47,USDC,89799884,1.71,3.89
2024-08-30,Pendle,Optimism,11.34,USDT,84382018,1.81,4.68
2024-08-30,Pendle,Optimism,13.96,DAI,84723987,2.12,3.3
2024-08-30,Pendle,Base,13.97,USDC,75465241,1.76,3.2
2024-08-30,Pendle,Base,12.23,USDT,81594794,1.32,3.89
2024-08-30,Pendle,Base,11.84,DAI,84947910,1.53,2.35
2024-08-30,Convex,Ethereum,5.16,USDC,162479549,19.3,0
2024-08-30,Convex,Ethereum,4.8,USDT,165588738,20.59,0
2024-08-30,Convex,Ethereum,5.1,DAI,172039295,21.47,0
2024-08-30,Balancer,Ethereum,7.5,USDC,124506737,18.77,0
2024-08-30,Balancer,Ethereum,7.24,USDT,114374583,15.13,0
2024-08-30,Balancer,Ethereum,6.91,DAI,120347996,20.88,0
2024-08-30,Balancer,Arbitrum,8.42,USDC,125944285,2.2,4.52
2024-08-30,Balancer,Arbitrum,8.07,USDT,114713707,1.76,3.67
2024-08-30,Balancer,Arbitrum,9.84,DAI,128713377,2.43,3.75
2024-08-30,Balancer,Optimism,7.01,USDC,127590159,1.52,4.36
2024-08-30,Balancer,Optimism,8.28,USDT,139634873,1.99,4.39
2024-08-30,Balancer,Optimism,8.11,DAI,122640488,2.07,3.9
2024-08-30,Balancer,Polygon,10.36,USDC,126282195,0.64,3.09
2024-08-30,Balancer,Polygon,7.78,USDT,124762350,1.08,2.32
2024-08-30,Balancer,Polygon,10.64,DAI,117559038,1.03,2.38
2024-08-30,Balancer,Base,7.0,USDC,127565744,1.4,3.98
2024-08-30,Balancer,Base,10.3,USDT,126499513,1.12,3.46
2024-08-30,Balancer,Base,8.81,DAI,128383895,1.14,3.75
2024-08-31,Aave,Ethereum,2.43,USDC,296586383,10.63,0
2024-08-31,Aave,Ethereum,2.54,USDT,287755910,13.92,0
2024-08-31,Aave,Ethereum,2.53,DAI,283384612,12.32,0
2024-08-31,Aave,Arbitrum,3.21,USDC,267490896,2.02,4.5
2024-08-31,Aave,Arbitrum,2.59,USDT,308344647,1.37,6.75
2024-08-31,Aave,Arbitrum,3.03,DAI,295651258,1.51,4.12
2024-08-31,Aave,Optimism,2.35,USDT,273584127,1.19,3.13
2024-08-31,Aave,Optimism,3.07,DAI,259830828,1.26,4.7
2024-08-31,Aave,Polygon,3.53,USDC,283897473,0.54,3.41
2024-08-31,Aave,Polygon,3.23,USDT,280986131,0.6,2.8
2024-08-31,Aave,Polygon,2.74,DAI,285113593,0.9,3.04
2024-08-31,Aave,Base,3.01,USDC,304299866,1.07,2.64
2024-08-31,Aave,Base,3.13,USDT,270337289,1.05,4.01
2024-08-31,Aave,Base,3.26,DAI,313135970,0.89,4.09
2024-08-31,Compound,Ethereum,2.08,USDC,217271234,12.32,0
2024-08-31,Compound,Ethereum,2.41,USDT,190364331,13.72,0
2024-08-31,Compound,Ethereum,2.09,DAI,195068958,12.32,0
2024-08-31,Compound,Arbitrum,3.03,USDC,198967734,1.28,5.8
2024-08-31,Compound,Arbitrum,2.62,USDT,216322691,1.71,3.98
2024-08-31,Compound,Arbitrum,2.78,DAI,190704586,1.38,4.7
2024-08-31,Compound,Optimism,2.68,USDC,185646609,1.47,3.76
2024-08-31,Compound,Optimism,2.86,USDT,194652837,1.25,3.92
2024-08-31,Compound,Polygon,2.85,USDC,223113373,0.59,2.03
2024-08-31,Compound,Polygon,3.0,USDT,205854262,0.69,3.96
2024-08-31,Compound,Polygon,2.91,DAI,202594142,0.65,3.03
2024-08-31,Compound,Base,2.68,USDC,210715372,0.92,3.41
2024-08-31,Compound,Base,2.89,USDT,200562868,0.8,3.89
2024-08-31,Compound,Base,2.82,DAI,191465928,0.93,4.2
2024-08-31,Curve,Ethereum,7.61,USDC,395528413,13.65,0
2024-08-31,Curve,Ethereum,7.98,DAI,397576319,11.35,0
2024-08-31,Curve,Arbitrum,9.6,USDC,372808514,1.6,5.07
2024-08-31,Curve,Arbitrum,7.88,USDT,361968539,1.62,7.08
2024-08-31,Curve,Arbitrum,9.88,DAI,339501057,1.83,3.33
2024-08-31,Curve,Optimism,6.95,USDC,350565430,1.08,3.39
2024-08-31,Curve,Optimism,8.64,USDT,381948297,1.04,3.87
2024-08-31,Curve,Optimism,9.17,DAI,378299301,1.27,3.24
2024-08-31,Curve,Polygon,10.2,USDC,369226256,0.44,3.23
2024-08-31,Curve,Polygon,8.34,USDT,347713958,0.54,3.08
2024-08-31,Curve,Polygon,7.02,DAI,375762250,0.64,3.89
2024-08-31,Curve,Base,10.03,USDC,363593041,0.95,4.66
2024-08-31,Curve,Base,8.32,USDT,374216465,1.17,4.06
2024-08-31,Curve,Base,9.11,DAI,375309637,0.94,3.12
2024-08-31,Uniswap V3,Ethereum,7.6,USDC,109361069,12.66,0
2024-08-31,Uniswap V3,Ethereum,7.73,USDT,107015841,13.68,0
2024-08-31,Uniswap V3,Arbitrum,12.17,USDT,114166432,1.24,5.1
2024-08-31,Uniswap V3,Arbitrum,6.56,DAI,99690077,1.64,5.53
2024-08-31,Uniswap V3,Optimism,7.65,USDT,110146584,1.51,5.15
2024-08-31,Uniswap V3,Optimism,9.98,DAI,108717881,1.41,4.07
2024-08-31,Uniswap V3,Polygon,9.81,USDC,106665666,0.65,3.38
2024-08-31,Uniswap V3,Polygon,12.39,USDT,112599661,0.74,3.38
2024-08-31,Uniswap V3,Polygon,11.07,DAI,104112857,0.63,2.47
2024-08-31,Uniswap V3,Base,12.1,USDC,101555449,1.03,4.51
2024-08-31,Uniswap V3,Base,7.99,USDT,111000830,0.89,4.05
2024-08-31,Uniswap V3,Base,10.73,DAI,107747556,0.89,4.04
2024-08-31,Yearn,Ethereum,3.26,USDC,143457579,13.04,0
2024-08-31,Yearn,Ethereum,2.98,USDT,129315998,11.1,0
2024-08-31,Yearn,Ethereum,3.49,DAI,134049070,11.56,0
2024-08-31,Yearn,Arbitrum,3.88,USDC,122733277,1.77,2.99
2024-08-31,Yearn,Arbitrum,3.29,DAI,142336724,1.56,6.06
2024-08-31,Yearn,Optimism,3.81,USDC,126310258,0.93,4.58
2024-08-31,Yearn,Optimism,3.13,USDT,129206182,1.14,4.84
2024-08-31,Yearn,Optimism,3.69,DAI,148918169,0.97,4.41
2024-08-31,Yearn,Polygon,4.29,USDC,135762104,0.63,1.96
2024-08-31,Yearn,Polygon,4.39,USDT,141873361,0.78,3.73
2024-08-31,Yearn,Polygon,3.9,DAI,128407801,0.68,2.88
2024-08-31,Yearn,Base,4.02,USDC,141096658,0.89,4.9
2024-08-31,Yearn,Base,3.8,USDT,138936599,0.77,2.58
2024-08-31,Yearn,Base,4.18,DAI,139541625,0.99,4.43
2024-08-31,Pendle,Ethereum,9.31,USDC,85417083,11.5,0
2024-08-31,Pendle,Arbitrum,13.15,USDT,92923626,1.14,5.87
2024-08-31,Pendle,Optimism,14.78,USDC,86188258,1.49,3.2
2024-08-31,Pendle,Optimism,10.91,USDT,90629220,1.28,4.38
2024-08-31,Pendle,Optimism,9.37,DAI,89678774,1.1,4.52
2024-08-31,Pendle,Base,9.61,USDT,87485679,1.09,4.15
2024-08-31,Pendle,Base,13.27,DAI,86631041,1.1,4.7
2024-08-31,Convex,Ethereum,4.78,USDC,171231209,13.94,0
2024-08-31,Convex,Ethereum,4.26,USDT,166779354,9.26,0
2024-08-31,Convex,Ethereum,4.62,DAI,170833327,11.84,0
2024-08-31,Balancer,Ethereum,7.94,USDC,122487118,10.94,0
2024-08-31,Balancer,Ethereum,7.42,DAI,115004866,8.42,0
2024-08-31,Balancer,Arbitrum,9.05,USDC,121055657,2.44,4.63
2024-08-31,Balancer,Arbitrum,7.05,DAI,121109630,1.27,6.67
2024-08-31,Balancer,Optimism,9.37,USDC,129320693,0.94,4.16
2024-08-31,Balancer,Optimism,6.81,USDT,127452404,1.08,3.89
2024-08-31,Balancer,Optimism,7.92,DAI,128148063,0.83,5.07
2024-08-31,Balancer,Polygon,9.69,USDC,115531520,0.53,2.81
2024-08-31,Balancer,Polygon,8.43,USDT,129729306,0.58,1.1
2024-08-31,Balancer,Polygon,10.11,DAI,129291313,0.5,2.4
2024-08-31,Balancer,Base,9.27,USDC,124755086,0.89,2.43
2024-08-31,Balancer,Base,11.83,USDT,126746929,0.85,5.29
2024-08-31,Balancer,Base,8.36,DAI,128844812,0.95,4.17
2024-09-01,Aave,Ethereum,2.49,USDC,288069196,13.3,0
2024-09-01,Aave,Ethereum,2.47,USDT,292841459,14.31,0
2024-09-01,Aave,Ethereum,2.14,DAI,272108761,8.18,0
2024-09-01,Aave,Arbitrum,2.8,USDC,269111038,1.98,5.85
2024-09-01,Aave,Arbitrum,2.73,DAI,283918053,1.72,6.07
2024-09-01,Aave,Optimism,2.76,USDC,271555926,0.76,5.39
2024-09-01,Aave,Optimism,2.52,USDT,301916754,1.72,4.43
2024-09-01,Aave,Optimism,2.66,DAI,277728777,0.64,3.12
2024-09-01,Aave,Polygon,3.03,USDC,286532414,0.61,2.46
2024-09-01,Aave,Polygon,2.84,USDT,287601668,0.63,3.15
2024-09-01,Aave,Polygon,3.05,DAI,288544936,0.67,1.83
2024-09-01,Aave,Base,2.47,USDC,273871578,1.0,4.11
2024-09-01,Aave,Base,2.71,USDT,297653792,0.98,4.1
2024-09-01,Aave,Base,2.56,DAI,282270317,0.96,3.32
2024-09-01,Compound,Ethereum,2.36,USDT,204747362,11.0,0
2024-09-01,Compound,Ethereum,2.38,DAI,205823261,14.52,0
2024-09-01,Compound,Arbitrum,2.36,USDC,203620170,1.6,5.71
2024-09-01,Compound,Arbitrum,2.51,DAI,210780381,1.24,5.06
2024-09-01,Compound,Optimism,2.7,USDC,218307493,1.03,3.88
2024-09-01,Compound,Optimism,2.45,USDT,215753521,0.98,4.05
2024-09-01,Compound,Optimism,2.61,DAI,211475178,1.17,4.81
2024-09-01,Compound,Polygon,2.63,USDC,208645844,0.59,3.8
2024-09-01,Compound,Polygon,2.73,USDT,189819891,0.68,2.91
2024-09-01,Compound,Base,2.77,USDT,203274953,0.92,5.43
2024-09-01,Compound,Base,2.7,DAI,215044953,0.9,4.0
2024-09-01,Curve,Ethereum,7.1,USDC,374091585,11.38,0
2024-09-01,Curve,Ethereum,7.27,USDT,391099999,11.61,0
2024-09-01,Curve,Ethereum,7.2,DAI,360978329,11.31,0
2024-09-01,Curve,Arbitrum,9.92,USDC,380078132,1.85,5.79
2024-09-01,Curve,Arbitrum,7.08,USDT,364577032,1.68,5.27
2024-09-01,Curve,Optimism,6.1,USDC,379494052,1.17,4.51
2024-09-01,Curve,Optimism,10.3,USDT,368399331,1.33,3.47
2024-09-01,Curve,Base,8.66,USDC,375613070,0.9,3.71
2024-09-01,Curve,Base,6.9,USDT,365635311,0.76,3.26
2024-09-01,Curve,Base,7.07,DAI,383502416,0.83,4.05
2024-09-01,Uniswap V3,Ethereum,8.63,USDC,104076461,12.21,0
2024-09-01,Uniswap V3,Ethereum,7.95,USDT,106334787,13.21,0
2024-09-01,Uniswap V3,Arbitrum,8.15,USDC,109685940,1.67,3.98
2024-09-01,Uniswap V3,Arbitrum,8.53,USDT,116031033,1.36,4.46
2024-09-01,Uniswap V3,Arbitrum,10.2,DAI,113794065,1.26,5.83
2024-09-01,Uniswap V3,Optimism,8.96,USDC,112481234,1.43,3.31
2024-09-01,Uniswap V3,Optimism,8.32,USDT,106620816,1.09,3.62
2024-09-01,Uniswap V3,Optimism,8.83,DAI,110140948,1.26,3.93
2024-09-01,Uniswap V3,Polygon,10.12,USDT,116301337,0.64,3.54
2024-09-01,Uniswap V3,Polygon,10.89,DAI,108513398,0.59,3.17
2024-09-01,Uniswap V3,Base,10.19,USDC,104320885,0.96,4.62
2024-09-01,Uniswap V3,Base,11.32,USDT,119175193,1.26,4.15
2024-09-01,Uniswap V3,Base,9.39,DAI,112278081,1.08,4.49
2024-09-01,Yearn,Ethereum,3.34,USDC,132592244,12.5,0
2024-09-01,Yearn,Ethereum,2.9,USDT,139641795,11.55,0
2024-09-01,Yearn,Ethereum,3.03,DAI,133229168,12.18,0
2024-09-01,Yearn,Arbitrum,3.75,USDC,144654754,2.07,5.67
2024-09-01,Yearn,Arbitrum,3.71,USDT,143190686,1.65,4.32
2024-09-01,Yearn,Arbitrum,4.27,DAI,139635462,1.66,5.51
2024-09-01,Yearn,Optimism,2.92,USDC,146536598,1.21,4.04
2024-09-01,Yearn,Optimism,3.67,USDT,134092916,1.3,5.17
2024-09-01,Yearn,Optimism,3.97,DAI,146838701,1.09,3.54
2024-09-01,Yearn,Polygon,4.19,USDT,144305254,0.56,3.0
2024-09-01,Yearn,Polygon,3.83,DAI,135427271,0.49,3.85
2024-09-01,Yearn,Base,4.22,USDC,146676861,0.87,3.49
2024-09-01,Yearn,Base,3.86,USDT,140826096,0.79,3.55
2024-09-01,Yearn,Base,3.99,DAI,132025893,1.01,3.59
2024-09-01,Pendle,Ethereum,8.47,USDC,86990937,12.53,0
2024-09-01,Pendle,Ethereum,12.37,USDT,88916028,10.42,0
2024-09-01,Pendle,Ethereum,11.0,DAI,88191827,13.59,0
2024-09-01,Pendle,Arbitrum,12.39,USDC,89873907,2.05,3.41
2024-09-01,Pendle,Arbitrum,12.73,USDT,88731367,1.71,4.22
2024-09-01,Pendle,Arbitrum,13.89,DAI,90986725,1.54,3.87
2024-09-01,Pendle,Optimism,11.36,USDC,83022267,1.21,4.0
2024-09-01,Pendle,Optimism,11.69,USDT,88367741,1.38,3.39
2024-09-01,Pendle,Optimism,9.97,DAI,86588767,1.28,6.19
2024-09-01,Pendle,Base,12.37,USDC,91013078,0.97,3.12
2024-09-01,Pendle,Base,11.62,USDT,91042460,0.91,4.13
2024-09-01,Pendle,Base,7.66,DAI,88319699,1.16,4.57
2024-09-01,Convex,Ethereum,5.23,USDT,174515259,10.55,0
2024-09-01,Convex,Ethereum,4.68,DAI,175300394,13.05,0
2024-09-01,Balancer,Ethereum,6.71,USDC,128302498,12.85,0
2024-09-01,Balancer,Ethereum,8.4,USDT,119718497,10.31,0
2024-09-01,Balancer,Ethereum,8.01,DAI,129989154,12.26,0
2024-09-01,Balancer,Arbitrum,10.15,USDC,136334351,1.72,6.84
2024-09-01,Balancer,Arbitrum,10.25,USDT,133923076,1.62,5.35
2024-09-01,Balancer,Arbitrum,7.99,DAI,123449153,1.56,6.25
2024-09-01,Balancer,Optimism,10.56,USDC,129272300,1.36,2.88
2024-09-01,Balancer,Optimism,11.02,USDT,122117875,1.39,3.92
2024-09-01,Balancer,Optimism,8.43,DAI,127062339,1.15,3.49
2024-09-01,Balancer,Polygon,10.88,USDC,132739709,0.74,2.29
2024-09-01,Balancer,Polygon,10.1,USDT,127754631,0.59,3.05
2024-09-01,Balancer,Polygon,9.68,DAI,127835995,0.7,3.27
2024-09-01,Balancer,Base,9.65,USDC,127793621,1.11,5.45
2024-09-01,Balancer,Base,7.77,USDT,134281142,0.9,4.35
2024-09-02,Aave,Ethereum,2.34,USDC,293625492,14.59,0
2024-09-02,Aave,Ethereum,2.22,USDT,286244397,24.56,0
2024-09-02,Aave,Ethereum,2.23,DAI,300365890,17.96,0
2024-09-02,Aave,Arbitrum,3.22,USDC,306037646,3.09,3.05
2024-09-02,Aave,Arbitrum,2.56,USDT,290909916,2.39,5.47
2024-09-02,Aave,Arbitrum,2.6,DAI,285631455,2.52,5.8
2024-09-02,Aave,Optimism,2.74,USDC,293111531,1.58,3.27
2024-09-02,Aave,Optimism,2.78,DAI,295052570,2.44,4.62
2024-09-02,Aave,Polygon,2.95,USDC,300454208,1.15,3.93
2024-09-02,Aave,Base,2.73,USDC,304293235,1.44,4.24
2024-09-02,Aave,Base,2.58,USDT,284207752,1.56,3.45
2024-09-02,Aave,Base,2.76,DAI,299549774,1.55,4.23
2024-09-02,Compound,Ethereum,2.35,USDC,209710379,19.58,0
2024-09-02,Compound,Ethereum,2.45,USDT,214683383,12.15,0
2024-09-02,Compound,Ethereum,2.14,DAI,202308539,20.5,0
2024-09-02,Compound,Arbitrum,2.9,USDC,212774571,2.71,5.26
2024-09-02,Compound,Arbitrum,2.86,USDT,223573472,1.82,4.54
2024-09-02,Compound,Arbitrum,2.73,DAI,217154524,2.37,4.85
2024-09-02,Compound,Optimism,2.87,USDT,214873711,1.96,4.85
2024-09-02,Compound,Optimism,2.83,DAI,226862720,1.56,5.72
2024-09-02,Compound,Polygon,3.11,USDT,217114595,0.9,2.95
2024-09-02,Compound,Polygon,3.15,DAI,206390596,1.19,3.29
2024-09-02,Compound,Base,2.8,USDC,221690612,1.56,2.86
2024-09-02,Compound,Base,2.67,USDT,199269500,1.52,4.26
2024-09-02,Compound,Base,2.79,DAI,212413603,1.58,4.51
2024-09-02,Curve,Ethereum,8.08,USDC,389811877,24.45,0
2024-09-02,Curve,Ethereum,7.18,USDT,386961757,19.95,0
2024-09-02,Curve,Ethereum,7.28,DAI,386388548,12.72,0
2024-09-02,Curve,Arbitrum,8.1,USDC,374738269,2.84,3.59
2024-09-02,Curve,Arbitrum,8.66,USDT,390427007,2.28,3.39
2024-09-02,Curve,Optimism,7.17,USDC,372362683,1.84,5.02
2024-09-02,Curve,Optimism,7.86,DAI,382755184,1.85,3.09
2024-09-02,Curve,Polygon,9.32,USDC,372239100,0.58,3.48
2024-09-02,Curve,Polygon,9.84,USDT,381530855,1.15,2.58
2024-09-02,Curve,Polygon,8.26,DAI,363157514,1.24,3.06
2024-09-02,Curve,Base,6.5,USDC,355827241,1.44,4.07
2024-09-02,Curve,Base,11.2,DAI,374983992,0.99,4.38
2024-09-02,Uniswap V3,Ethereum,8.94,USDC,106528630,15.96,0
2024-09-02,Uniswap V3,Ethereum,7.16,USDT,115531212,21.54,0
2024-09-02,Uniswap V3,Ethereum,7.54,DAI,115550748,17.56,0
2024-09-02,Uniswap V3,Arbitrum,8.84,USDC,120179259,2.2,3.69
2024-09-02,Uniswap V3,Arbitrum,12.11,USDT,115422419,2.48,5.78
2024-09-02,Uniswap V3,Arbitrum,12.64,DAI,120538659,1.84,4.58
2024-09-02,Uniswap V3,Optimism,9.43,USDC,108897300,1.75,5.04
2024-09-02,Uniswap V3,Optimism,10.64,USDT,116761817,1.49,3.36
2024-09-02,Uniswap V3,Optimism,8.28,DAI,115494766,1.89,5.01
2024-09-02,Uniswap V3,Polygon,10.86,USDC,113732051,1.12,2.51
2024-09-02,Uniswap V3,Polygon,9.05,USDT,110612735,1.04,4.65
2024-09-02,Uniswap V3,Polygon,11.74,DAI,118092811,0.82,3.18
2024-09-02,Uniswap V3,Base,12.33,USDC,109714808,1.88,5.67
2024-09-02,Uniswap V3,Base,9.9,USDT,107068728,1.72,4.96
2024-09-02,Uniswap V3,Base,8.92,DAI,108678745,1.55,4.81
2024-09-02,Yearn,Ethereum,3.27,USDC,132811219,22.26,0
2024-09-02,Yearn,Ethereum,3.19,USDT,150682782,17.26,0
2024-09-02,Yearn,Ethereum,3.15,DAI,142526766,14.06,0
2024-09-02,Yearn,Arbitrum,3.68,USDC,141551823,2.68,6.7
2024-09-02,Yearn,Arbitrum,3.69,USDT,134996127,1.39,6.98
2024-09-02,Yearn,Arbitrum,3.9,DAI,145811594,2.75,4.51
2024-09-02,Yearn,Optimism,4.11,USDC,138487196,1.5,2.08
2024-09-02,Yearn,Optimism,4.02,USDT,148318321,1.7,3.42
2024-09-02,Yearn,Optimism,3.58,DAI,154039525,1.52,4.4
2024-09-02,Yearn,Polygon,4.35,USDC,139020861,1.08,3.09
2024-09-02,Yearn,Polygon,4.54,USDT,139229405,0.91,2.82
2024-09-02,Yearn,Polygon,4.18,DAI,146716788,0.8,3.47
2024-09-02,Yearn,Base,3.49,USDC,150945869,1.44,3.52
2024-09-02,Yearn,Base,3.64,USDT,134313205,1.21,3.6
2024-09-02,Yearn,Base,3.73,DAI,144444676,1.27,3.04
2024-09-02,Pendle,Ethereum,9.17,USDC,94418332,13.24,0
2024-09-02,Pendle,Ethereum,11.62,USDT,91486981,24.03,0
2024-09-02,Pendle,Ethereum,11.73,DAI,89277007,20.23,0
2024-09-02,Pendle,Arbitrum,12.04,USDC,92748438,1.84,5.69
2024-09-02,Pendle,Arbitrum,12.1,USDT,84748176,2.74,7.02
2024-09-02,Pendle,Arbitrum,10.92,DAI,93271713,2.93,5.72
2024-09-02,Pendle,Optimism,11.65,USDC,86932403,2.1,2.64
2024-09-02,Pendle,Optimism,12.89,USDT,95291572,1.29,3.59
2024-09-02,Pendle,Optimism,12.76,DAI,82503263,1.39,4.37
2024-09-02,Pendle,Base,10.52,USDT,88053731,1.62,5.18
2024-09-02,Pendle,Base,9.45,DAI,88255721,1.53,4.85
2024-09-02,Convex,Ethereum,4.85,USDC,165448437,20.43,0
2024-09-02,Convex,Ethereum,5.32,USDT,187698409,21.86,0
2024-09-02,Convex,Ethereum,4.65,DAI,193236844,13.64,0
2024-09-02,Balancer,Ethereum,6.93,USDC,133537259,16.62,0
2024-09-02,Balancer,Ethereum,8.73,USDT,126964819,16.09,0
2024-09-02,Balancer,Ethereum,7.46,DAI,131126086,20.8,0
2024-09-02,Balancer,Arbitrum,10.12,USDC,122797054,2.25,4.29
2024-09-02,Balancer,Arbitrum,9.86,USDT,136775401,2.83,5.61
2024-09-02,Balancer,Arbitrum,8.98,DAI,128387640,2.66,4.75
2024-09-02,Balancer,Optimism,7.16,USDC,134069488,1.25,3.12
2024-09-02,Balancer,Optimism,8.32,USDT,137162163,1.69,4.05
2024-09-02,Balancer,Optimism,8.93,DAI,138975525,1.5,5.78
2024-09-02,Balancer,Polygon,8.92,USDC,133730748,0.79,3.29
2024-09-02,Balancer,Polygon,8.95,USDT,128133489,0.9,2.85
2024-09-02,Balancer,Polygon,7.61,DAI,129280648,1.06,2.44
2024-09-02,Balancer,Base,9.29,USDC,124959081,1.24,3.56
2024-09-02,Balancer,Base,7.58,DAI,139406896,1.21,2.65
2024-09-03,Aave,Ethereum,2.47,USDC,285722499,16.8,0
2024-09-03,Aave,Ethereum,2.32,DAI,284108111,19.75,0
2024-09-03,Aave,Arbitrum,2.99,USDC,297184887,2.57,4.36
2024-09-03,Aave,Arbitrum,3.05,DAI,288346970,2.68,5.78
2024-09-03,Aave,Optimism,2.91,USDC,303721066,1.43,4.57
2024-09-03,Aave,Polygon,3.29,USDC,321917740,0.99,3.04
2024-09-03,Aave,Polygon,3.11,USDT,268807755,1.1,3.73
2024-09-03,Aave,Polygon,3.12,DAI,294190296,0.89,3.25
2024-09-03,Aave,Base,2.64,USDC,304892961,1.66,3.2
2024-09-03,Aave,Base,3.09,USDT,305757244,1.5,2.14
2024-09-03,Aave,Base,2.66,DAI,306065863,1.59,3.1
2024-09-03,Compound,Ethereum,2.21,USDC,216389501,20.12,0
2024-09-03,Compound,Ethereum,2.48,USDT,223139155,16.57,0
2024-09-03,Compound,Ethereum,2.36,DAI,211880321,20.55,0
2024-09-03,Compound,Arbitrum,3.03,USDC,224485408,2.58,6.19
2024-09-03,Compound,Arbitrum,2.92,USDT,219496664,2.8,5.22
2024-09-03,Compound,Arbitrum,2.76,DAI,207739503,1.91,3.8
2024-09-03,Compound,Optimism,2.83,USDC,213428949,1.16,4.68
2024-09-03,Compound,Optimism,2.73,USDT,220951015,2.05,4.1
2024-09-03,Compound,Optimism,2.52,DAI,210411531,2.06,4.92
2024-09-03,Compound,Polygon,3.16,USDC,217132227,0.75,3.05
2024-09-03,Compound,Polygon,2.52,USDT,218280241,0.92,2.73
2024-09-03,Compound,Base,2.78,USDC,209414904,1.31,4.62
2024-09-03,Compound,Base,3.28,USDT,221710544,1.23,4.2
2024-09-03,Compound,Base,3.07,DAI,230687678,1.26,4.06
2024-09-03,Curve,Ethereum,7.45,USDC,376390172,18.47,0
2024-09-03,Curve,Ethereum,6.5,USDT,421026705,12.43,0
2024-09-03,Curve,Ethereum,6.23,DAI,383704460,16.94,0
2024-09-03,Curve,Arbitrum,8.66,USDT,364138049,1.91,5.55
2024-09-03,Curve,Arbitrum,9.05,DAI,386100141,2.39,5.01
2024-09-03,Curve,Optimism,7.31,USDC,383398597,1.74,4.73
2024-09-03,Curve,Optimism,9.89,USDT,406393687,1.61,4.47
2024-09-03,Curve,Optimism,8.27,DAI,375633974,1.82,4.0
2024-09-03,Curve,Polygon,7.63,USDC,403603085,0.83,2.62
2024-09-03,Curve,Polygon,8.29,USDT,406746101,0.97,2.11
2024-09-03,Curve,Polygon,9.5,DAI,405144547,1.05,2.39
2024-09-03,Curve,Base,9.07,USDC,400100249,1.44,3.98
2024-09-03,Curve,Base,9.7,USDT,369577889,1.68,4.72
2024-09-03,Curve,Base,8.58,DAI,400394148,1.67,4.23
2024-09-03,Uniswap V3,Ethereum,7.76,USDC,106164877,17.98,0
2024-09-03,Uniswap V3,Ethereum,7.79,USDT,113643244,25.14,0
2024-09-03,Uniswap V3,Ethereum,7.4,DAI,108996539,18.94,0
2024-09-03,Uniswap V3,Arbitrum,10.95,USDC,115697965,2.46,5.93
2024-09-03,Uniswap V3,Arbitrum,9.48,USDT,115392852,2.57,5.24
2024-09-03,Uniswap V3,Arbitrum,10.64,DAI,114446089,2.34,3.73
2024-09-03,Uniswap V3,Optimism,9.0,USDC,115000266,1.69,4.0
2024-09-03,Uniswap V3,Optimism,8.27,USDT,118013499,1.69,4.29
2024-09-03,Uniswap V3,Optimism,9.71,DAI,121249094,1.94,3.34
2024-09-03,Uniswap V3,Polygon,8.46,USDC,107500428,1.13,1.52
2024-09-03,Uniswap V3,Polygon,10.79,USDT,113710612,0.55,4.1
2024-09-03,Uniswap V3,Polygon,11.17,DAI,111070233,0.77,2.33
2024-09-03,Uniswap V3,Base,7.97,USDC,119067711,1.51,4.07
2024-09-03,Uniswap V3,Base,8.88,USDT,114679602,1.5,5.16
2024-09-03,Uniswap V3,Base,8.01,DAI,120598574,1.8,3.97
2024-09-03,Yearn,Ethereum,3.28,USDC,145581946,18.23,0
2024-09-03,Yearn,Ethereum,3.71,USDT,139339811,14.81,0
2024-09-03,Yearn,Ethereum,3.22,DAI,158225656,22.92,0
2024-09-03,Yearn,Arbitrum,3.99,USDC,146527481,2.64,3.57
2024-09-03,Yearn,Arbitrum,4.17,USDT,150322710,1.98,6.07
2024-09-03,Yearn,Arbitrum,3.89,DAI,146052768,1.6,4.33
2024-09-03,Yearn,Optimism,4.41,USDC,142288891,1.79,4.39
2024-09-03,Yearn,Optimism,3.82,USDT,138418956,1.54,2.74
2024-09-03,Yearn,Optimism,4.38,DAI,145584996,1.62,2.67
2024-09-03,Yearn,Polygon,4.04,USDC,134172391,0.8,3.57
2024-09-03,Yearn,Polygon,3.63,USDT,146276115,0.7,2.73
2024-09-03,Yearn,Polygon,4.48,DAI,131714568,1.11,2.73
2024-09-03,Yearn,Base,3.75,USDC,135269454,1.42,3.34
2024-09-03,Pendle,Ethereum,10.56,USDC,83628137,15.56,0
2024-09-03,Pendle,Ethereum,11.57,USDT,89001535,19.11,0
2024-09-03,Pendle,Ethereum,11.28,DAI,86923353,17.4,0
2024-09-03,Pendle,Arbitrum,13.06,USDC,87051532,2.54,6.07
2024-09-03,Pendle,Arbitrum,14.84,USDT,93891362,2.31,4.43
2024-09-03,Pendle,Arbitrum,16.13,DAI,92479583,2.18,6.06
2024-09-03,Pendle,Optimism,9.56,USDC,83367383,1.81,3.38
2024-09-03,Pendle,Optimism,10.18,USDT,96438158,1.1,3.87
2024-09-03,Pendle,Optimism,12.74,DAI,89490983,1.66,2.89
2024-09-03,Pendle,Base,13.67,USDC,92635775,1.06,4.29
2024-09-03,Pendle,Base,12.03,DAI,86345833,1.65,3.84
2024-09-03,Convex,Ethereum,5.59,USDC,175742870,21.37,0
2024-09-03,Convex,Ethereum,4.25,USDT,182919561,20.7,0
2024-09-03,Convex,Ethereum,4.73,DAI,175702075,19.72,0
2024-09-03,Balancer,Ethereum,8.09,USDC,131790741,20.53,0
2024-09-03,Balancer,Ethereum,7.82,USDT,131008089,15.04,0
2024-09-03,Balancer,Arbitrum,11.18,USDC,139263999,2.63,4.26
2024-09-03,Balancer,Arbitrum,11.36,USDT,126585332,2.25,5.02
2024-09-03,Balancer,Optimism,9.13,USDC,132039898,1.88,4.11
2024-09-03,Balancer,Optimism,9.8,USDT,134777439,2.0,4.4
2024-09-03,Balancer,Optimism,8.15,DAI,135242125,1.44,4.13
2024-09-03,Balancer,Polygon,11.11,USDC,129996664,0.92,2.94
2024-09-03,Balancer,Polygon,9.34,USDT,137239727,1.04,3.35
2024-09-03,Balancer,Polygon,9.37,DAI,132360449,0.97,3.07
2024-09-03,Balancer,Base,9.21,USDC,132807814,1.33,3.87
2024-09-03,Balancer,Base,10.39,DAI,137754572,1.59,3.69
2024-09-04,Aave,Ethereum,2.6,USDC,304573407,12.55,0
2024-09-04,Aave,Ethereum,2.87,USDT,295301935,9.92,0
2024-09-04,Aave,Ethereum,2.24,DAI,291103864,13.5,0
2024-09-04,Aave,Arbitrum,3.4,USDC,289862166,1.99,4.24
2024-09-04,Aave,Arbitrum,3.4,USDT,314364412,1.83,6.66
2024-09-04,Aave,Arbitrum,3.16,DAI,288345647,2.11,5.57
2024-09-04,Aave,Optimism,3.21,USDC,291089394,1.84,5.53
2024-09-04,Aave,Optimism,2.73,USDT,314726576,1.63,3.55
2024-09-04,Aave,Optimism,2.7,DAI,318226730,2.05,4.62
2024-09-04,Aave,Polygon,2.89,USDC,275059740,0.98,2.79
2024-09-04,Aave,Polygon,3.26,USDT,315833812,0.92,2.84
2024-09-04,Aave,Polygon,3.38,DAI,291259508,1.18,3.42
2024-09-04,Aave,Base,2.79,USDC,280422332,1.33,4.19
2024-09-04,Aave,Base,2.89,USDT,282125660,1.57,5.51
2024-09-04,Aave,Base,2.91,DAI,315604268,1.38,4.48
2024-09-04,Compound,Ethereum,2.12,USDC,209709091,20.44,0
2024-09-04,Compound,Ethereum,2.49,USDT,210362770,15.7,0
2024-09-04,Compound,Arbitrum,3.08,USDC,213989513,3.17,5.5
2024-09-04,Compound,Arbitrum,3.08,USDT,217519377,2.33,5.34
2024-09-04,Compound,Arbitrum,2.82,DAI,201093650,2.67,4.39
2024-09-04,Compound,Optimism,2.69,USDC,201559103,1.89,3.41
2024-09-04,Compound,Optimism,2.5,USDT,217065163,2.13,4.92
2024-09-04,Compound,Optimism,2.38,DAI,217988605,1.6,3.99
2024-09-04,Compound,Polygon,3.09,USDC,237737251,0.96,2.93
2024-09-04,Compound,Polygon,3.42,USDT,214368279,0.92,3.12
2024-09-04,Compound,Polygon,2.86,DAI,212335012,0.89,3.47
2024-09-04,Compound,Base,3.09,USDC,216116039,1.25,3.01
2024-09-04,Compound,Base,2.86,USDT,218434123,1.31,2.52
2024-09-04,Compound,Base,2.91,DAI,206776864,1.43,3.96
2024-09-04,Curve,Ethereum,7.16,USDT,389482979,17.58,0
2024-09-04,Curve,Ethereum,5.79,DAI,378128282,17.66,0
2024-09-04,Curve,Arbitrum,7.98,USDC,428276142,2.28,5.67
2024-09-04,Curve,Arbitrum,9.71,USDT,380500301,2.47,4.86
2024-09-04,Curve,Arbitrum,8.34,DAI,403389190,2.53,5.99
2024-09-04,Curve,Optimism,7.83,USDC,371611675,1.93,4.01
2024-09-04,Curve,Optimism,7.98,DAI,388956799,1.73,4.94
2024-09-04,Curve,Polygon,6.98,USDC,372909876,0.84,3.77
2024-09-04,Curve,Polygon,7.82,DAI,367213668,0.89,1.72
2024-09-04,Curve,Base,9.44,USDC,392307657,1.61,3.45
2024-09-04,Curve,Base,7.64,USDT,404472236,1.72,3.93
2024-09-04,Curve,Base,7.26,DAI,416587849,1.6,4.21
2024-09-04,Uniswap V3,Ethereum,8.43,USDC,115680013,18.29,0
2024-09-04,Uniswap V3,Ethereum,8.75,USDT,115431750,18.96,0
2024-09-04,Uniswap V3,Ethereum,10.32,DAI,109285546,21.06,0
2024-09-04,Uniswap V3,Arbitrum,10.54,USDC,116712486,2.43,5.7
2024-09-04,Uniswap V3,Arbitrum,7.91,USDT,115545842,2.16,5.97
2024-09-04,Uniswap V3,Arbitrum,10.03,DAI,117845187,2.38,5.12
2024-09-04,Uniswap V3,Optimism,9.52,USDC,118434731,2.25,4.67
2024-09-04,Uniswap V3,Optimism,11.21,USDT,120705675,1.49,3.35
2024-09-04,Uniswap V3,Optimism,9.15,DAI,118232763,1.62,4.21
2024-09-04,Uniswap V3,Polygon,11.32,USDC,115596612,1.01,2.28
2024-09-04,Uniswap V3,Polygon,8.99,USDT,113763697,1.05,3.81
2024-09-04,Uniswap V3,Polygon,10.75,DAI,106069065,0.77,3.09
2024-09-04,Uniswap V3,Base,10.81,USDC,117074850,1.55,2.59
2024-09-04,Uniswap V3,Base,11.55,USDT,117885646,1.66,4.19
2024-09-04,Uniswap V3,Base,10.3,DAI,114719657,1.44,5.21
2024-09-04,Yearn,Ethereum,2.88,USDC,150878556,18.21,0
2024-09-04,Yearn,Ethereum,3.26,USDT,145336635,18.42,0
2024-09-04,Yearn,Ethereum,3.07,DAI,143501534,16.32,0
2024-09-04,Yearn,Arbitrum,4.15,USDC,147017605,2.31,5.84
2024-09-04,Yearn,Arbitrum,4.02,USDT,135377066,2.48,6.39
2024-09-04,Yearn,Arbitrum,4.06,DAI,139283955,2.0,3.28
2024-09-04,Yearn,Optimism,3.6,USDC,139302655,2.18,3.61
2024-09-04,Yearn,Optimism,4.22,USDT,144642162,2.04,2.99
2024-09-04,Yearn,Polygon,4.36,USDC,159002600,0.66,3.43
2024-09-04,Yearn,Polygon,4.34,USDT,151451132,0.84,3.37
2024-09-04,Yearn,Polygon,4.33,DAI,152785548,0.99,4.11
2024-09-04,Yearn,Base,3.59,USDC,137402544,1.36,4.45
2024-09-04,Yearn,Base,3.77,USDT,139983469,1.79,3.95
2024-09-04,Yearn,Base,3.52,DAI,163856652,1.41,2.95
2024-09-04,Pendle,Ethereum,11.14,USDC,98649747,14.38,0
2024-09-04,Pendle,Ethereum,10.24,USDT,92074503,16.62,0
2024-09-04,Pendle,Ethereum,11.53,DAI,91003099,14.78,0
2024-09-04,Pendle,Arbitrum,13.86,USDC,92906856,2.57,5.28
2024-09-04,Pendle,Arbitrum,13.03,USDT,89620202,2.58,5.15
2024-09-04,Pendle,Optimism,12.34,USDC,90993413,1.33,5.52
2024-09-04,Pendle,Optimism,9.32,DAI,91349892,1.87,2.55
2024-09-04,Pendle,Base,18.03,USDC,92257716,1.33,3.4
2024-09-04,Pendle,Base,14.05,USDT,103231122,1.34,3.63
2024-09-04,Pendle,Base,12.81,DAI,92531979,1.35,2.94
2024-09-04,Convex,Ethereum,5.15,USDC,186895504,20.77,0
2024-09-04,Convex,Ethereum,4.22,USDT,186717014,13.84,0
2024-09-04,Convex,Ethereum,5.7,DAI,174663905,15.21,0
2024-09-04,Balancer,Ethereum,8.62,USDC,132389085,20.19,0
2024-09-04,Balancer,Ethereum,6.21,USDT,139230724,14.33,0
2024-09-04,Balancer,Ethereum,8.25,DAI,129062802,17.75,0
2024-09-04,Balancer,Arbitrum,10.69,USDC,130816505,2.47,7.53
2024-09-04,Balancer,Arbitrum,10.14,USDT,136660119,1.76,6.05
2024-09-04,Balancer,Arbitrum,11.35,DAI,133187407,2.27,4.35
2024-09-04,Balancer,Optimism,8.12,USDC,143382935,1.52,3.47
2024-09-04,Balancer,Optimism,8.84,USDT,128867530,1.22,4.07
2024-09-04,Balancer,Optimism,7.81,DAI,148006507,1.63,3.26
2024-09-04,Balancer,Polygon,11.69,USDC,133537597,1.09,2.58
2024-09-04,Balancer,Polygon,8.71,USDT,134288316,0.88,2.97
2024-09-04,Balancer,Polygon,8.79,DAI,127942568,0.77,2.99
2024-09-04,Balancer,Base,9.35,DAI,129764636,1.17,3.88
2024-09-05,Aave,Ethereum,2.42,USDC,289540866,20.5,0
2024-09-05,Aave,Ethereum,2.91,USDT,291944620,19.41,0
2024-09-05,Aave,Ethereum,2.59,DAI,296603481,19.07,0
2024-09-05,Aave,Arbitrum,3.04,USDC,316397742,2.22,6.29
2024-09-05,Aave,Arbitrum,2.87,DAI,293515523,2.16,4.91
2024-09-05,Aave,Optimism,3.09,USDC,292666388,1.64,2.77
2024-09-05,Aave,Optimism,2.64,USDT,296591978,1.55,3.34
2024-09-05,Aave,Optimism,2.94,DAI,321792147,1.73,4.0
2024-09-05,Aave,Polygon,2.82,USDC,297959444,0.91,2.14
2024-09-05,Aave,Polygon,3.08,USDT,315445131,0.97,3.39
2024-09-05,Aave,Polygon,3.28,DAI,296705209,0.92,3.81
2024-09-05,Aave,Base,3.65,USDC,326952249,1.62,3.25
2024-09-05,Aave,Base,2.89,USDT,305685074,1.12,5.4
2024-09-05,Compound,Ethereum,2.17,USDC,224097065,24.72,0
2024-09-05,Compound,Ethereum,2.52,USDT,215109828,16.93,0
2024-09-05,Compound,Ethereum,2.33,DAI,207070188,17.08,0
2024-09-05,Compound,Arbitrum,2.85,USDC,225691141,2.71,6.48
2024-09-05,Compound,Arbitrum,2.9,DAI,213300939,2.9,4.94
2024-09-05,Compound,Optimism,2.53,USDC,214615473,1.85,5.07
2024-09-05,Compound,Optimism,2.87,USDT,235404714,2.25,3.25
2024-09-05,Compound,Optimism,2.74,DAI,213170007,1.72,4.06
2024-09-05,Compound,Polygon,3.06,USDC,230012830,0.94,4.09
2024-09-05,Compound,Polygon,3.43,USDT,215408062,0.94,3.82
2024-09-05,Compound,Polygon,2.69,DAI,217386276,1.08,3.25
2024-09-05,Compound,Base,2.82,USDC,224528622,1.54,4.91
2024-09-05,Compound,Base,2.61,USDT,224976731,1.36,3.65
2024-09-05,Compound,Base,2.48,DAI,232359389,1.18,3.5
2024-09-05,Curve,Ethereum,7.78,USDC,396953983,14.48,0
2024-09-05,Curve,Ethereum,7.02,USDT,389544727,13.74,0
2024-09-05,Curve,Ethereum,7.47,DAI,425460940,14.65,0
2024-09-05,Curve,Arbitrum,9.53,USDT,425377562,2.16,6.48
2024-09-05,Curve,Arbitrum,8.66,DAI,386234789,2.77,5.04
2024-09-05,Curve,Optimism,9.14,USDC,379864565,1.41,3.25
2024-09-05,Curve,Optimism,9.37,USDT,403454452,2.24,2.87
2024-09-05,Curve,Polygon,9.93,USDC,413073776,0.82,2.92
2024-09-05,Curve,Polygon,9.2,USDT,392300369,0.98,3.01
2024-09-05,Curve,Polygon,9.5,DAI,393684291,0.9,3.05
2024-09-05,Curve,Base,10.45,USDC,389554919,1.84,3.91
2024-09-05,Curve,Base,9.31,USDT,382715392,1.18,4.63
2024-09-05,Curve,Base,9.04,DAI,396363781,1.59,1.96
2024-09-05,Uniswap V3,Ethereum,9.3,USDC,119128734,17.12,0
2024-09-05,Uniswap V3,Ethereum,10.98,USDT,120494270,21.23,0
2024-09-05,Uniswap V3,Ethereum,8.69,DAI,113966886,16.25,0
2024-09-05,Uniswap V3,Arbitrum,11.53,USDC,120680211,1.6,6.47
2024-09-05,Uniswap V3,Arbitrum,9.29,USDT,127222639,2.78,6.43
2024-09-05,Uniswap V3,Arbitrum,11.51,DAI,118939190,2.2,5.48
2024-09-05,Uniswap V3,Optimism,9.98,USDC,123050838,1.64,4.23
2024-09-05,Uniswap V3,Optimism,8.24,USDT,113942820,1.64,4.57
2024-09-05,Uniswap V3,Polygon,10.44,USDC,116818987,0.87,3.28
2024-09-05,Uniswap V3,Polygon,11.34,USDT,124150238,0.83,2.51
2024-09-05,Uniswap V3,Base,8.81,USDC,119344093,1.14,3.84
2024-09-05,Uniswap V3,Base,10.37,USDT,121419503,1.27,3.35
2024-09-05,Yearn,Ethereum,2.9,USDC,132203415,17.49,0
2024-09-05,Yearn,Ethereum,3.55,USDT,140327476,17.41,0
2024-09-05,Yearn,Ethereum,3.14,DAI,146583862,14.7,0
2024-09-05,Yearn,Arbitrum,3.76,USDC,143303984,2.75,4.68
2024-09-05,Yearn,Arbitrum,4.41,USDT,142273667,2.82,5.95
2024-09-05,Yearn,Arbitrum,4.16,DAI,161480835,2.32,4.45
2024-09-05,Yearn,Optimism,4.41,USDC,143810675,2.2,3.08
2024-09-05,Yearn,Optimism,4.0,USDT,148468237,2.13,4.18
2024-09-05,Yearn,Optimism,3.43,DAI,142949393,1.29,3.87
2024-09-05,Yearn,Polygon,4.13,USDC,143302553,0.98,2.87
2024-09-05,Yearn,Polygon,3.52,USDT,161316316,1.0,3.3
2024-09-05,Yearn,Polygon,4.35,DAI,147902050,0.87,3.07
2024-09-05,Yearn,Base,3.99,USDT,153587448,1.11,4.66
2024-09-05,Yearn,Base,4.05,DAI,155746785,1.55,4.54
2024-09-05,Pendle,Ethereum,11.33,USDC,87000674,17.81,0
2024-09-05,Pendle,Ethereum,12.74,DAI,84891984,15.96,0
2024-09-05,Pendle,Arbitrum,12.61,USDC,93611149,2.24,5.57
2024-09-05,Pendle,Arbitrum,12.78,USDT,93499064,2.87,5.69
2024-09-05,Pendle,Arbitrum,16.04,DAI,88934482,2.71,4.35
2024-09-05,Pendle,Optimism,11.86,USDC,91692794,1.92,5.12
2024-09-05,Pendle,Optimism,14.16,USDT,95207972,2.17,3.68
2024-09-05,Pendle,Base,13.38,USDT,87346747,1.31,5.02
2024-09-05,Pendle,Base,10.91,DAI,94473971,1.23,2.85
2024-09-05,Convex,Ethereum,4.83,USDC,188819082,19.48,0
2024-09-05,Convex,Ethereum,4.32,USDT,200841863,15.59,0
2024-09-05,Convex,Ethereum,4.31,DAI,193260548,21.31,0
2024-09-05,Balancer,Ethereum,6.25,USDC,136024880,17.29,0
2024-09-05,Balancer,Ethereum,7.99,USDT,135802752,12.34,0
2024-09-05,Balancer,Ethereum,6.58,DAI,143732153,15.45,0
2024-09-05,Balancer,Arbitrum,9.12,USDC,140691748,2.35,5.38
2024-09-05,Balancer,Arbitrum,9.54,USDT,132016166,2.47,5.06
2024-09-05,Balancer,Arbitrum,9.13,DAI,146981033,2.2,6.2
2024-09-05,Balancer,Optimism,10.46,USDT,133050534,1.7,3.22
2024-09-05,Balancer,Optimism,9.63,DAI,130140564,1.58,4.52
2024-09-05,Balancer,Polygon,9.38,USDC,139319788,1.09,2.62
2024-09-05,Balancer,Polygon,8.44,USDT,132962282,0.85,4.55
2024-09-05,Balancer,Polygon,9.32,DAI,135038393,0.87,3.35
2024-09-05,Balancer,Base,8.59,USDC,125168542,1.45,4.08
2024-09-05,Balancer,Base,8.13,USDT,142371890,1.39,3.11
2024-09-05,Balancer,Base,7.87,DAI,129540490,1.58,4.96
2024-09-06,Aave,Ethereum,2.36,USDC,308903776,19.0,0
2024-09-06,Aave,Ethereum,2.58,USDT,288134637,24.28,0
2024-09-06,Aave,Arbitrum,3.01,USDC,315570507,2.97,4.9
2024-09-06,Aave,Arbitrum,3.0,USDT,318453613,3.0,5.86
2024-09-06,Aave,Arbitrum,2.83,DAI,337074522,3.11,5.2
2024-09-06,Aave,Optimism,2.68,USDC,308912602,1.97,5.26
2024-09-06,Aave,Optimism,2.93,USDT,305898473,1.25,3.41
2024-09-06,Aave,Optimism,2.64,DAI,291270963,1.95,4.23
2024-09-06,Aave,Polygon,3.03,USDC,313522285,0.91,3.29
2024-09-06,Aave,Polygon,3.07,USDT,314736186,0.93,3.23
2024-09-06,Aave,Polygon,3.26,DAI,296420484,0.92,1.73
2024-09-06,Aave,Base,2.86,USDC,313659209,1.47,4.18
2024-09-06,Aave,Base,2.93,USDT,304060765,1.63,5.08
2024-09-06,Aave,Base,2.86,DAI,297079076,1.41,5.02
2024-09-06,Compound,Ethereum,2.25,USDC,223296320,17.72,0
2024-09-06,Compound,Ethereum,2.27,USDT,215943791,16.59,0
2024-09-06,Compound,Ethereum,2.11,DAI,216400023,12.5,0
2024-09-06,Compound,Arbitrum,2.56,USDC,233915511,2.51,4.44
2024-09-06,Compound,Arbitrum,2.84,DAI,221748257,2.67,5.1
2024-09-06,Compound,Optimism,2.4,USDC,236922810,1.56,2.89
2024-09-06,Compound,Optimism,2.69,USDT,217149552,1.61,2.82
2024-09-06,Compound,Optimism,2.76,DAI,208265661,2.03,3.3
2024-09-06,Compound,Polygon,3.24,USDC,222867529,0.89,3.06
2024-09-06,Compound,Polygon,2.67,USDT,223794436,0.82,3.07
2024-09-06,Compound,Polygon,3.05,DAI,221051713,1.19,2.35
2024-09-06,Compound,Base,3.0,USDC,214075484,1.02,4.1
2024-09-06,Compound,Base,2.53,DAI,234659879,1.79,3.21
2024-09-06,Curve,Ethereum,6.08,USDC,378345354,20.91,0
2024-09-06,Curve,Ethereum,7.61,USDT,359634279,19.93,0
2024-09-06,Curve,Ethereum,5.18,DAI,389981899,18.4,0
2024-09-06,Curve,Arbitrum,7.44,USDC,412376463,2.63,4.39
2024-09-06,Curve,Arbitrum,10.69,USDT,357025438,3.1,4.84
2024-09-06,Curve,Arbitrum,7.13,DAI,360934179,2.26,5.11
2024-09-06,Curve,Optimism,6.97,USDC,401415539,2.09,4.4
2024-09-06,Curve,Optimism,5.88,USDT,396330188,1.96,4.61
2024-09-06,Curve,Optimism,7.71,DAI,360452099,1.68,3.36
2024-09-06,Curve,Polygon,6.36,USDC,403398776,1.05,2.47
2024-09-06,Curve,Polygon,8.28,USDT,392754897,1.07,2.86
2024-09-06,Curve,Base,7.49,USDC,385729868,1.99,2.44
2024-09-06,Curve,Base,9.38,USDT,386130021,1.46,3.21
2024-09-06,Curve,Base,9.02,DAI,382773451,1.64,4.13
2024-09-06,Uniswap V3,Ethereum,10.38,USDC,113651986,18.33,0
2024-09-06,Uniswap V3,Ethereum,6.24,USDT,117865884,17.75,0
2024-09-06,Uniswap V3,Ethereum,8.69,DAI,115578258,14.55,0
2024-09-06,Uniswap V3,Arbitrum,8.75,USDC,105274579,2.28,5.39
2024-09-06,Uniswap V3,Arbitrum,11.05,USDT,114442703,2.58,4.01
2024-09-06,Uniswap V3,Arbitrum,8.25,DAI,126083649,2.4,6.54
2024-09-06,Uniswap V3,Optimism,4.94,USDC,115330978,1.62,2.99
2024-09-06,Uniswap V3,Optimism,8.37,USDT,111685374,1.74,3.54
2024-09-06,Uniswap V3,Optimism,10.27,DAI,113277768,1.72,3.83
2024-09-06,Uniswap V3,Polygon,10.47,USDC,113447602,0.95,3.88
2024-09-06,Uniswap V3,Polygon,10.94,USDT,118185778,0.96,2.27
2024-09-06,Uniswap V3,Polygon,8.9,DAI,121622601,0.88,2.55
2024-09-06,Uniswap V3,Base,7.94,USDC,111458158,1.23,3.23
2024-09-06,Uniswap V3,Base,9.3,USDT,127588922,0.9,3.05
2024-09-06,Uniswap V3,Base,8.59,DAI,105000430,1.41,3.62
2024-09-06,Yearn,Ethereum,3.29,USDC,167103388,12.07,0
2024-09-06,Yearn,Ethereum,3.22,USDT,147946721,24.27,0
2024-09-06,Yearn,Ethereum,3.05,DAI,139405842,19.97,0
2024-09-06,Yearn,Arbitrum,4.16,USDC,148577426,2.38,5.81
2024-09-06,Yearn,Arbitrum,3.42,USDT,143964689,2.83,5.48
2024-09-06,Yearn,Arbitrum,4.05,DAI,149494353,2.7,3.75
2024-09-06,Yearn,Optimism,3.53,USDC,144590460,1.48,4.77
2024-09-06,Yearn,Optimism,3.84,USDT,155692356,1.42,4.0
2024-09-06,Yearn,Optimism,3.57,DAI,143312447,2.21,3.67
2024-09-06,Yearn,Polygon,4.23,USDC,145169815,1.28,3.15
2024-09-06,Yearn,Polygon,4.22,USDT,146887476,1.29,2.7
2024-09-06,Yearn,Polygon,4.36,DAI,141134615,0.84,2.3
2024-09-06,Yearn,Base,3.76,USDC,143629960,1.19,4.77
2024-09-06,Yearn,Base,4.2,DAI,149455728,1.74,3.86
2024-09-06,Pendle,Ethereum,10.65,USDC,95472669,11.03,0
2024-09-06,Pendle,Ethereum,13.29,USDT,86333328,19.39,0
2024-09-06,Pendle,Ethereum,10.16,DAI,92967721,20.36,0
2024-09-06,Pendle,Arbitrum,10.51,USDC,92441641,3.05,5.56
2024-09-06,Pendle,Arbitrum,11.72,USDT,88279772,2.29,3.56
2024-09-06,Pendle,Optimism,14.97,USDC,94915092,2.34,3.98
2024-09-06,Pendle,Optimism,12.86,USDT,97995057,2.11,3.01
2024-09-06,Pendle,Optimism,13.65,DAI,90891265,1.6,4.49
2024-09-06,Pendle,Base,12.75,USDC,91824459,1.07,4.18
2024-09-06,Pendle,Base,12.24,USDT,92039855,1.5,3.78
2024-09-06,Pendle,Base,12.11,DAI,94776364,1.62,3.6
2024-09-06,Convex,Ethereum,5.26,USDC,186962552,17.54,0
2024-09-06,Convex,Ethereum,4.52,USDT,193062757,19.39,0
2024-09-06,Convex,Ethereum,5.51,DAI,176808620,19.16,0
2024-09-06,Balancer,Ethereum,8.33,USDC,140601044,24.28,0
2024-09-06,Balancer,Ethereum,7.42,USDT,133116344,16.72,0
2024-09-06,Balancer,Ethereum,7.56,DAI,133292693,17.01,0
2024-09-06,Balancer,Arbitrum,8.28,USDC,132809682,2.39,4.18
2024-09-06,Balancer,Arbitrum,12.42,USDT,129847798,2.69,5.55
2024-09-06,Balancer,Arbitrum,9.43,DAI,125782944,2.01,6.4
2024-09-06,Balancer,Optimism,10.42,USDC,151730402,1.44,3.07
2024-09-06,Balancer,Optimism,7.65,DAI,128264385,1.74,4.12
2024-09-06,Balancer,Polygon,8.01,USDT,140212593,1.08,3.44
2024-09-06,Balancer,Polygon,10.73,DAI,146420913,0.98,2.44
2024-09-06,Balancer,Base,7.12,USDC,134842667,1.15,3.91
2024-09-06,Balancer,Base,8.48,USDT,137876947,1.55,2.92
2024-09-06,Balancer,Base,9.09,DAI,133171052,1.53,4.84
2024-09-07,Aave,Ethereum,2.43,USDC,308776482,11.26,0
2024-09-07,Aave,Ethereum,2.18,USDT,301111054,11.42,0
2024-09-07,Aave,Ethereum,1.9,DAI,299271573,10.33,0
2024-09-07,Aave,Arbitrum,2.84,USDC,329745890,1.31,5.12
2024-09-07,Aave,Arbitrum,2.8,USDT,322440341,1.55,3.84
2024-09-07,Aave,Arbitrum,2.89,DAI,315878117,1.45,5.67
2024-09-07,Aave,Optimism,2.83,USDT,318113650,1.15,3.12
2024-09-07,Aave,Optimism,2.56,DAI,335577074,1.2,3.37
2024-09-07,Aave,Polygon,2.69,USDC,303894941,0.74,2.23
2024-09-07,Aave,Polygon,2.97,USDT,290121517,0.64,2.63
2024-09-07,Aave,Polygon,3.3,DAI,336377909,0.77,3.17
2024-09-07,Aave,Base,2.91,USDT,314675805,0.89,3.39
2024-09-07,Aave,Base,3.15,DAI,298153493,0.9,4.82
2024-09-07,Compound,Ethereum,2.52,USDC,226021949,11.17,0
2024-09-07,Compound,Ethereum,2.09,USDT,203187579,11.85,0
2024-09-07,Compound,Ethereum,2.32,DAI,195684706,15.79,0
2024-09-07,Compound,Arbitrum,2.41,USDC,217822781,1.9,3.81
2024-09-07,Compound,Arbitrum,2.45,USDT,230766972,1.28,4.19
2024-09-07,Compound,Arbitrum,2.41,DAI,222925235,1.08,4.7
2024-09-07,Compound,Optimism,2.61,USDC,227830719,1.22,4.69
2024-09-07,Compound,Optimism,2.38,USDT,231389399,1.09,4.04
2024-09-07,Compound,Optimism,2.37,DAI,209452290,1.24,3.87
2024-09-07,Compound,Polygon,2.84,USDC,221744049,0.83,3.29
2024-09-07,Compound,Polygon,3.09,USDT,226277394,0.59,3.2
2024-09-07,Compound,Polygon,2.76,DAI,225375419,0.82,2.98
2024-09-07,Compound,Base,2.58,USDC,231890933,1.07,3.43
2024-09-07,Compound,Base,2.64,USDT,212352006,0.89,3.53
2024-09-07,Compound,Base,2.75,DAI,233857779,0.79,3.9
2024-09-07,Curve,Ethereum,6.4,USDT,377171431,15.5,0
2024-09-07,Curve,Arbitrum,9.27,USDC,408561398,1.21,4.63
2024-09-07,Curve,Arbitrum,5.75,USDT,426616666,1.36,5.27
2024-09-07,Curve,Arbitrum,8.57,DAI,424195862,1.7,2.69
2024-09-07,Curve,Optimism,8.3,USDC,367301767,1.08,4.71
2024-09-07,Curve,Optimism,7.69,USDT,397816195,1.39,4.84
2024-09-07,Curve,Optimism,9.77,DAI,402326773,1.41,3.44
2024-09-07,Curve,Polygon,8.52,USDC,361994393,0.63,1.96
2024-09-07,Curve,Polygon,10.7,DAI,398910537,0.66,3.05
2024-09-07,Curve,Base,8.04,USDC,372181241,1.12,2.85
2024-09-07,Curve,Base,8.69,DAI,408392309,1.32,3.91
2024-09-07,Uniswap V3,Ethereum,9.76,USDC,125167863,12.42,0
2024-09-07,Uniswap V3,Ethereum,7.15,USDT,125628154,14.57,0
2024-09-07,Uniswap V3,Ethereum,7.93,DAI,125908021,8.07,0
2024-09-07,Uniswap V3,Arbitrum,10.95,USDC,108398160,1.53,5.88
2024-09-07,Uniswap V3,Arbitrum,11.46,USDT,124479485,1.54,4.56
2024-09-07,Uniswap V3,Optimism,8.78,USDC,118474750,1.33,3.56
2024-09-07,Uniswap V3,Optimism,7.55,USDT,121622590,1.04,4.03
2024-09-07,Uniswap V3,Optimism,7.92,DAI,118860085,1.15,3.04
2024-09-07,Uniswap V3,Polygon,8.13,USDC,120050181,0.64,2.86
2024-09-07,Uniswap V3,Polygon,8.14,USDT,116754848,0.58,3.2
2024-09-07,Uniswap V3,Polygon,10.91,DAI,118539195,0.55,3.66
2024-09-07,Uniswap V3,Base,7.96,USDC,108713928,1.11,3.46
2024-09-07,Uniswap V3,Base,10.31,USDT,109946765,1.05,3.0
2024-09-07,Uniswap V3,Base,10.08,DAI,115807034,0.87,3.01
2024-09-07,Yearn,Ethereum,2.92,USDC,160282043,11.78,0
2024-09-07,Yearn,Ethereum,2.63,USDT,148947026,12.79,0
2024-09-07,Yearn,Ethereum,3.11,DAI,150318489,12.07,0
2024-09-07,Yearn,Arbitrum,3.54,USDC,147462471,1.25,5.29
2024-09-07,Yearn,Arbitrum,3.58,USDT,153889676,1.59,3.81
2024-09-07,Yearn,Arbitrum,4.04,DAI,148054133,1.69,5.54
2024-09-07,Yearn,Optimism,3.63,USDC,142148984,1.18,5.56
2024-09-07,Yearn,Optimism,3.93,USDT,149744338,0.93,2.81
2024-09-07,Yearn,Optimism,3.63,DAI,147781910,1.14,3.23
2024-09-07,Yearn,Polygon,4.21,DAI,147144443,0.8,3.25
2024-09-07,Yearn,Base,3.5,USDC,141858836,0.9,3.14
2024-09-07,Yearn,Base,3.79,USDT,145335794,1.1,3.71
2024-09-07,Yearn,Base,3.72,DAI,143187402,1.03,4.5
2024-09-07,Pendle,Ethereum,8.61,USDC,95087768,13.14,0
2024-09-07,Pendle,Ethereum,12.09,USDT,92483736,15.18,0
2024-09-07,Pendle,Ethereum,10.47,DAI,94422278,12.4,0
2024-09-07,Pendle,Arbitrum,14.23,USDC,98664245,1.36,3.84
2024-09-07,Pendle,Arbitrum,13.38,USDT,89131647,1.51,5.91
2024-09-07,Pendle,Optimism,14.08,USDC,88233884,1.01,6.26
2024-09-07,Pendle,Optimism,10.02,USDT,93309090,1.63,2.69
2024-09-07,Pendle,Optimism,9.45,DAI,90591525,1.15,4.42
2024-09-07,Pendle,Base,15.82,USDC,93259920,1.16,4.75
2024-09-07,Convex,Ethereum,3.87,USDC,189407794,12.71,0
2024-09-07,Convex,Ethereum,5.06,USDT,193025816,12.03,0
2024-09-07,Convex,Ethereum,4.95,DAI,199110092,11.15,0
2024-09-07,Balancer,Ethereum,8.1,USDC,129750844,11.99,0
2024-09-07,Balancer,Ethereum,7.96,USDT,131089009,11.07,0
2024-09-07,Balancer,Ethereum,8.06,DAI,134843876,14.88,0
2024-09-07,Balancer,Arbitrum,8.84,USDC,134721541,1.58,4.03
2024-09-07,Balancer,Arbitrum,9.92,USDT,131332385,1.62,5.87
2024-09-07,Balancer,Arbitrum,9.92,DAI,136614725,1.35,6.28
2024-09-07,Balancer,Optimism,8.55,USDC,142361831,0.87,4.32
2024-09-07,Balancer,Optimism,8.67,USDT,139300817,1.08,3.79
2024-09-07,Balancer,Optimism,10.87,DAI,138277803,1.58,3.63
2024-09-07,Balancer,Polygon,8.97,USDC,127732930,0.55,3.94
2024-09-07,Balancer,Polygon,10.58,USDT,140435984,0.74,2.42
2024-09-07,Balancer,Polygon,10.54,DAI,135685916,0.68,3.31
2024-09-07,Balancer,Base,9.28,USDC,136227609,0.88,4.65
2024-09-07,Balancer,Base,8.58,USDT,149860596,0.74,3.68
2024-09-07,Balancer,Base,9.16,DAI,126837297,1.13,2.95
2024-09-08,Aave,Ethereum,2.35,USDT,347746284,12.99,0
2024-09-08,Aave,Ethereum,2.06,DAI,307140968,14.55,0
2024-09-08,Aave,Arbitrum,3.16,USDC,298746639,1.96,4.52
2024-09-08,Aave,Arbitrum,2.88,USDT,313830317,1.54,4.12
2024-09-08,Aave,Arbitrum,3.08,DAI,308460895,1.5,4.43
2024-09-08,Aave,Optimism,2.82,USDC,303520452,1.23,5.43
2024-09-08,Aave,Optimism,3.0,USDT,324219203,1.51,2.85
2024-09-08,Aave,Optimism,2.93,DAI,310405783,1.42,4.53
2024-09-08,Aave,Polygon,3.23,USDC,307651434,0.69,2.41
2024-09-08,Aave,Polygon,2.85,USDT,316359859,0.8,2.92
2024-09-08,Aave,Polygon,3.15,DAI,311002039,0.75,3.33
2024-09-08,Aave,Base,2.6,USDC,299672685,1.0,4.05
2024-09-08,Aave,Base,2.52,USDT,314487916,0.93,5.04
2024-09-08,Aave,Base,2.98,DAI,298206223,0.94,6.27
2024-09-08,Compound,Ethereum,2.2,USDC,228201532,12.72,0
2024-09-08,Compound,Ethereum,2.29,USDT,220875520,12.42,0
2024-09-08,Compound,Ethereum,2.07,DAI,230100782,14.24,0
2024-09-08,Compound,Arbitrum,2.55,USDC,225882662,1.27,5.48
2024-09-08,Compound,Arbitrum,2.62,USDT,216111860,1.78,4.23
2024-09-08,Compound,Arbitrum,2.86,DAI,225010424,1.63,3.56
2024-09-08,Compound,Optimism,2.8,USDC,230329466,1.23,4.33
2024-09-08,Compound,Optimism,2.79,USDT,228233587,1.08,3.47
2024-09-08,Compound,Optimism,2.35,DAI,210603716,1.08,3.56
2024-09-08,Compound,Polygon,2.71,USDT,205864464,0.69,3.11
2024-09-08,Compound,Polygon,2.91,DAI,222267826,0.55,2.62
2024-09-08,Compound,Base,2.58,USDC,232532907,0.93,4.85
2024-09-08,Compound,Base,2.57,USDT,219858070,0.74,5.84
2024-09-08,Curve,Ethereum,7.15,USDC,397900881,12.07,0
2024-09-08,Curve,Ethereum,6.79,USDT,387959811,10.79,0
2024-09-08,Curve,Ethereum,6.44,DAI,427925412,11.18,0
2024-09-08,Curve,Arbitrum,6.43,USDC,381106880,1.71,4.44
2024-09-08,Curve,Arbitrum,6.87,USDT,403014326,1.64,5.4
2024-09-08,Curve,Arbitrum,9.15,DAI,396977306,1.56,6.08
2024-09-08,Curve,Optimism,8.99,USDC,394406344,1.13,3.84
2024-09-08,Curve,Optimism,6.57,USDT,370444807,1.15,4.11
2024-09-08,Curve,Polygon,9.73,USDC,417655369,0.68,3.63
2024-09-08,Curve,Polygon,7.23,USDT,384851759,0.68,3.55
2024-09-08,Curve,Polygon,8.35,DAI,392038386,0.53,2.83
2024-09-08,Curve,Base,8.08,USDC,394006273,1.05,3.72
2024-09-08,Curve,Base,9.4,USDT,390929340,0.96,3.88
2024-09-08,Curve,Base,7.36,DAI,375762663,1.12,4.01
2024-09-08,Uniswap V3,Ethereum,7.43,USDC,123652564,10.06,0
2024-09-08,Uniswap V3,Ethereum,9.73,USDT,117791501,11.0,0
2024-09-08,Uniswap V3,Ethereum,6.04,DAI,119610311,13.59,0
2024-09-08,Uniswap V3,Arbitrum,8.78,USDC,110084984,1.5,5.24
2024-09-08,Uniswap V3,Arbitrum,8.5,USDT,112562141,1.49,3.69
2024-09-08,Uniswap V3,Arbitrum,8.63,DAI,112285372,0.82,4.83
2024-09-08,Uniswap V3,Optimism,10.29,USDC,118594778,1.02,4.92
2024-09-08,Uniswap V3,Optimism,8.09,USDT,114632283,1.34,3.9
2024-09-08,Uniswap V3,Optimism,8.64,DAI,120119791,1.55,2.94
2024-09-08,Uniswap V3,Polygon,8.71,USDC,120247589,0.51,2.27
2024-09-08,Uniswap V3,Polygon,10.58,USDT,108727730,0.71,2.58
2024-09-08,Uniswap V3,Polygon,11.86,DAI,121016894,0.59,3.44
2024-09-08,Uniswap V3,Base,10.97,USDC,115238844,0.92,4.78
2024-09-08,Uniswap V3,Base,9.15,USDT,115583434,1.1,3.71
2024-09-08,Uniswap V3,Base,11.2,DAI,120325836,0.86,3.98
2024-09-08,Yearn,Ethereum,3.03,USDC,144573433,10.86,0
2024-09-08,Yearn,Ethereum,3.45,USDT,149889628,12.92,0
2024-09-08,Yearn,Ethereum,2.91,DAI,150559084,16.17,0
2024-09-08,Yearn,Arbitrum,3.6,USDC,138082266,1.8,3.76
2024-09-08,Yearn,Arbitrum,3.67,USDT,153042876,1.36,6.56
2024-09-08,Yearn,Arbitrum,4.15,DAI,142536852,1.63,6.53
2024-09-08,Yearn,Optimism,4.11,USDC,144865113,1.2,4.34
2024-09-08,Yearn,Optimism,3.49,USDT,147066057,1.1,3.49
2024-09-08,Yearn,Optimism,3.13,DAI,142634014,1.47,4.37
2024-09-08,Yearn,Polygon,3.84,USDC,150012642,0.56,3.71
2024-09-08,Yearn,Polygon,4.15,USDT,159116972,0.77,3.43
2024-09-08,Yearn,Polygon,4.13,DAI,139906152,0.63,2.71
2024-09-08,Yearn,Base,3.78,USDC,146905194,0.81,3.69
2024-09-08,Yearn,Base,3.85,USDT,149843745,1.07,4.52
2024-09-08,Yearn,Base,3.85,DAI,135109175,1.11,4.2
2024-09-08,Pendle,Ethereum,10.07,USDC,95966162,9.78,0
2024-09-08,Pendle,Ethereum,7.9,USDT,91102486,15.93,0
2024-09-08,Pendle,Ethereum,10.46,DAI,94229432,13.18,0
2024-09-08,Pendle,Arbitrum,11.91,USDC,95000836,1.35,5.71
2024-09-08,Pendle,Arbitrum,11.28,USDT,89985800,1.63,3.95
2024-09-08,Pendle,Arbitrum,11.44,DAI,88554168,1.78,5.89
2024-09-08,Pendle,Optimism,11.26,USDC,91360447,1.12,3.68
2024-09-08,Pendle,Optimism,12.0,DAI,89875587,1.13,5.72
2024-09-08,Pendle,Base,9.99,USDC,89989752,0.93,5.06
2024-09-08,Pendle,Base,11.31,USDT,101669145,0.78,5.16
2024-09-08,Pendle,Base,9.52,DAI,95475849,1.06,3.1
2024-09-08,Convex,Ethereum,4.43,USDC,190974078,12.95,0
2024-09-08,Convex,Ethereum,4.96,USDT,175729652,14.52,0
2024-09-08,Balancer,Ethereum,6.07,USDC,136679598,10.94,0
2024-09-08,Balancer,Ethereum,6.58,USDT,130801270,12.54,0
2024-09-08,Balancer,Ethereum,6.92,DAI,144424277,11.96,0
2024-09-08,Balancer,Arbitrum,9.06,USDC,131592365,1.96,5.28
2024-09-08,Balancer,Arbitrum,10.72,USDT,127276888,1.3,3.34
2024-09-08,Balancer,Optimism,8.23,USDC,134542365,1.33,4.12
2024-09-08,Balancer,Optimism,8.28,USDT,139232361,1.2,3.84
2024-09-08,Balancer,Optimism,7.38,DAI,132478871,1.19,3.22
2024-09-08,Balancer,Polygon,9.76,USDC,138215416,0.74,2.78
2024-09-08,Balancer,Polygon,8.3,DAI,135198471,0.71,2.43
2024-09-08,Balancer,Base,8.76,USDT,140878137,0.85,3.11
2024-09-08,Balancer,Base,7.04,DAI,140139098,0.93,5.21
2024-09-09,Aave,Ethereum,2.51,USDC,309266589,22.56,0
2024-09-09,Aave,Ethereum,2.53,USDT,297103538,20.81,0
2024-09-09,Aave,Ethereum,2.0,DAI,319870686,17.05,0
2024-09-09,Aave,Arbitrum,2.78,USDC,307695295,2.13,4.67
2024-09-09,Aave,Arbitrum,2.48,USDT,290638021,1.85,4.48
2024-09-09,Aave,Arbitrum,3.4,DAI,324420634,2.62,4.32
2024-09-09,Aave,Optimism,2.88,USDC,323530418,2.15,4.88
2024-09-09,Aave,Optimism,2.45,USDT,295142774,1.2,5.09
2024-09-09,Aave,Optimism,2.47,DAI,318251548,2.19,5.36
2024-09-09,Aave,Polygon,2.84,USDC,308210549,1.31,2.08
2024-09-09,Aave,Polygon,3.05,USDT,309205269,0.89,2.55
2024-09-09,Aave,Polygon,3.39,DAI,297395030,0.75,2.79
2024-09-09,Aave,Base,3.19,USDC,309421803,1.67,4.47
2024-09-09,Aave,Base,2.98,USDT,309613068,1.39,4.56
2024-09-09,Aave,Base,2.48,DAI,300587891,1.54,4.26
2024-09-09,Compound,Ethereum,1.96,USDC,224632388,19.33,0
2024-09-09,Compound,Ethereum,2.22,USDT,232401030,21.53,0
2024-09-09,Compound,Ethereum,2.39,DAI,222402432,19.44,0
2024-09-09,Compound,Arbitrum,3.07,USDC,218734292,1.61,3.88
2024-09-09,Compound,Arbitrum,2.9,USDT,220147644,1.96,5.23
2024-09-09,Compound,Arbitrum,3.0,DAI,221687914,2.16,4.43
2024-09-09,Compound,Optimism,2.84,USDC,227101034,1.84,2.82
2024-09-09,Compound,Optimism,2.71,USDT,213907994,1.58,2.79
2024-09-09,Compound,Optimism,2.44,DAI,206824141,1.81,5.45
2024-09-09,Compound,Polygon,2.91,USDC,205237182,1.08,2.04
2024-09-09,Compound,Polygon,2.99,USDT,224235774,0.97,3.95
2024-09-09,Compound,Polygon,3.26,DAI,208824341,1.17,3.39
2024-09-09,Compound,Base,2.39,USDC,212959977,1.49,3.68
2024-09-09,Compound,Base,2.67,USDT,215757521,1.27,2.46
2024-09-09,Compound,Base,2.84,DAI,219645497,1.41,2.36
2024-09-09,Curve,Ethereum,7.6,USDT,402834842,16.92,0
2024-09-09,Curve,Ethereum,7.85,DAI,414292321,23.02,0
2024-09-09,Curve,Arbitrum,8.51,USDC,396847506,2.7,5.14
2024-09-09,Curve,Arbitrum,10.05,USDT,408998114,2.49,4.68
2024-09-09,Curve,Arbitrum,9.96,DAI,416227138,2.55,6.1
2024-09-09,Curve,Optimism,9.15,USDC,393509450,1.22,4.37
2024-09-09,Curve,Optimism,8.78,USDT,391340065,2.02,4.43
2024-09-09,Curve,Optimism,8.28,DAI,409953273,2.36,3.55
2024-09-09,Curve,Polygon,10.92,USDC,390466699,0.78,4.04
2024-09-09,Curve,Polygon,8.41,USDT,407086788,1.06,2.46
2024-09-09,Curve,Polygon,8.17,DAI,412809413,1.13,2.52
2024-09-09,Curve,Base,9.54,USDC,408506384,1.41,5.32
2024-09-09,Curve,Base,8.46,USDT,406504267,1.63,3.99
2024-09-09,Curve,Base,9.18,DAI,394767551,1.25,2.36
2024-09-09,Uniswap V3,Ethereum,8.09,USDT,111198226,21.79,0
2024-09-09,Uniswap V3,Ethereum,6.57,DAI,120158967,16.11,0
2024-09-09,Uniswap V3,Arbitrum,9.91,USDT,113288319,2.4,2.6
2024-09-09,Uniswap V3,Arbitrum,10.28,DAI,123450425,3.17,5.92
2024-09-09,Uniswap V3,Optimism,8.7,USDC,108546596,1.22,2.36
2024-09-09,Uniswap V3,Optimism,9.66,USDT,119685841,2.12,4.49
2024-09-09,Uniswap V3,Optimism,8.82,DAI,115555718,1.77,4.02
2024-09-09,Uniswap V3,Polygon,11.09,USDC,122529028,0.84,2.04
2024-09-09,Uniswap V3,Polygon,6.97,USDT,127008825,1.19,2.87
2024-09-09,Uniswap V3,Polygon,8.9,DAI,114350010,1.07,1.68
2024-09-09,Uniswap V3,Base,8.66,USDC,110571205,1.15,4.43
2024-09-09,Uniswap V3,Base,10.88,USDT,117378894,1.53,3.68
2024-09-09,Uniswap V3,Base,9.58,DAI,116817344,1.36,4.0
2024-09-09,Yearn,Ethereum,3.47,USDC,142738721,17.52,0
2024-09-09,Yearn,Ethereum,3.41,USDT,144886764,22.47,0
2024-09-09,Yearn,Arbitrum,3.45,USDT,140555651,2.45,3.55
2024-09-09,Yearn,Arbitrum,4.18,DAI,139958734,1.98,4.94
2024-09-09,Yearn,Optimism,3.4,USDC,148911868,1.63,3.45
2024-09-09,Yearn,Optimism,3.47,DAI,150940908,1.84,5.66
2024-09-09,Yearn,Polygon,4.27,USDC,147165368,0.79,2.95
2024-09-09,Yearn,Polygon,4.05,USDT,148422681,1.2,3.46
2024-09-09,Yearn,Base,4.41,USDC,143131100,1.57,4.46
2024-09-09,Yearn,Base,3.41,USDT,144843103,1.38,4.63
2024-09-09,Yearn,Base,3.68,DAI,148973079,1.44,3.74
2024-09-09,Pendle,Ethereum,10.06,USDT,87179243,21.33,0
2024-09-09,Pendle,Ethereum,9.81,DAI,94662316,19.01,0
2024-09-09,Pendle,Arbitrum,12.82,USDC,86924695,2.43,5.24
2024-09-09,Pendle,Arbitrum,12.94,USDT,89962633,1.88,5.37
2024-09-09,Pendle,Arbitrum,8.93,DAI,97879913,2.68,4.28
2024-09-09,Pendle,Optimism,9.13,USDC,96657636,2.15,4.29
2024-09-09,Pendle,Optimism,12.09,USDT,93020024,2.02,4.3
2024-09-09,Pendle,Base,13.65,USDT,89549794,1.55,4.55
2024-09-09,Pendle,Base,13.02,DAI,87933412,1.44,2.55
2024-09-09,Convex,Ethereum,5.36,USDC,189100967,16.18,0
2024-09-09,Convex,Ethereum,4.86,USDT,183483562,19.61,0
2024-09-09,Convex,Ethereum,4.67,DAI,183923477,17.57,0
2024-09-09,Balancer,Ethereum,7.72,USDC,133102761,22.82,0
2024-09-09,Balancer,Ethereum,7.51,USDT,132383570,21.65,0
2024-09-09,Balancer,Ethereum,7.13,DAI,144551893,16.33,0
2024-09-09,Balancer,Arbitrum,8.75,USDC,136976129,2.38,5.5
2024-09-09,Balancer,Arbitrum,8.55,USDT,135598823,3.26,4.7
2024-09-09,Balancer,Arbitrum,8.69,DAI,138545717,2.09,3.67
2024-09-09,Balancer,Optimism,8.53,USDC,135934161,1.8,3.1
2024-09-09,Balancer,Optimism,10.97,USDT,134108734,1.9,4.36
2024-09-09,Balancer,Optimism,7.75,DAI,137217205,2.09,4.06
2024-09-09,Balancer,Polygon,8.7,USDC,137351190,0.78,2.33
2024-09-09,Balancer,Polygon,9.07,USDT,125576393,0.84,3.54
2024-09-09,Balancer,Base,9.85,USDC,141020288,1.35,4.44
2024-09-09,Balancer,Base,8.36,USDT,133616029,1.56,4.09
2024-09-09,Balancer,Base,11.56,DAI,146007436,1.7,2.75
2024-09-10,Aave,Ethereum,2.28,USDC,299455474,21.69,0
2024-09-10,Aave,Ethereum,2.5,USDT,307413745,19.29,0
2024-09-10,Aave,Ethereum,2.45,DAI,318106310,21.68,0
2024-09-10,Aave,Arbitrum,3.02,USDT,280859591,1.48,3.84
2024-09-10,Aave,Arbitrum,3.11,DAI,322053587,2.49,7.09
2024-09-10,Aave,Optimism,2.71,USDC,318029884,1.57,3.5
2024-09-10,Aave,Optimism,2.75,USDT,310916622,2.08,3.57
2024-09-10,Aave,Polygon,3.03,USDC,313747203,0.75,2.53
2024-09-10,Aave,Polygon,2.93,USDT,318814319,1.01,3.5
2024-09-10,Aave,Polygon,3.2,DAI,310861817,1.07,3.08
2024-09-10,Aave,Base,2.84,USDC,313844766,1.21,3.62
2024-09-10,Aave,Base,3.03,USDT,291183006,0.9,3.67
2024-09-10,Aave,Base,2.99,DAI,291306500,1.36,5.64
2024-09-10,Compound,Ethereum,2.39,USDC,217403877,10.7,0
2024-09-10,Compound,Ethereum,2.48,USDT,224508382,20.77,0
2024-09-10,Compound,Ethereum,2.47,DAI,228615493,18.57,0
2024-09-10,Compound,Arbitrum,2.98,USDC,210224729,2.48,5.04
2024-09-10,Compound,Arbitrum,2.84,USDT,216921787,2.16,3.98
2024-09-10,Compound,Arbitrum,2.94,DAI,227380666,2.13,6.89
2024-09-10,Compound,Optimism,2.73,USDC,215842908,1.81,3.46
2024-09-10,Compound,Optimism,2.61,USDT,220020933,1.54,5.31
2024-09-10,Compound,Optimism,2.56,DAI,215254520,1.96,4.95
2024-09-10,Compound,Polygon,3.1,USDT,221320666,0.87,3.08
2024-09-10,Compound,Polygon,3.2,DAI,208780739,0.94,3.64
2024-09-10,Compound,Base,2.59,USDC,224178716,1.36,4.11
2024-09-10,Compound,Base,2.97,USDT,221326621,1.15,3.37
2024-09-10,Compound,Base,2.86,DAI,219540036,1.49,5.05
2024-09-10,Curve,Ethereum,6.87,USDC,397275206,19.04,0
2024-09-10,Curve,Ethereum,6.8,USDT,349596390,19.44,0
2024-09-10,Curve,Arbitrum,7.15,USDC,358849321,1.52,6.38
2024-09-10,Curve,Arbitrum,10.63,USDT,366743937,2.25,4.83
2024-09-10,Curve,Arbitrum,7.69,DAI,408719787,2.68,5.2
2024-09-10,Curve,Optimism,10.07,USDC,392698560,2.07,4.45
2024-09-10,Curve,Optimism,8.64,USDT,390181643,1.85,3.58
2024-09-10,Curve,Optimism,9.38,DAI,395781409,1.87,4.57
2024-09-10,Curve,Polygon,7.36,USDC,396342730,0.84,3.36
2024-09-10,Curve,Polygon,9.64,USDT,376520243,1.09,3.09
2024-09-10,Curve,Polygon,11.96,DAI,382301392,0.72,3.07
2024-09-10,Curve,Base,9.53,USDC,407947293,1.55,3.98
2024-09-10,Curve,Base,7.58,USDT,397347660,1.17,4.07
2024-09-10,Curve,Base,11.16,DAI,376281444,1.38,3.48
2024-09-10,Uniswap V3,Ethereum,8.81,USDC,113145825,19.0,0
2024-09-10,Uniswap V3,Ethereum,6.24,USDT,114528015,17.66,0
2024-09-10,Uniswap V3,Ethereum,8.07,DAI,111114995,17.85,0
2024-09-10,Uniswap V3,Arbitrum,9.7,USDC,115702219,2.48,4.85
2024-09-10,Uniswap V3,Arbitrum,10.63,USDT,120546728,2.74,5.22
2024-09-10,Uniswap V3,Arbitrum,9.23,DAI,114514222,2.44,5.42
2024-09-10,Uniswap V3,Optimism,10.11,USDC,110808856,1.98,3.88
2024-09-10,Uniswap V3,Optimism,8.86,USDT,111736513,1.35,4.12
2024-09-10,Uniswap V3,Optimism,8.85,DAI,114877534,1.2,4.47
2024-09-10,Uniswap V3,Polygon,7.16,USDC,117144678,1.05,1.99
2024-09-10,Uniswap V3,Polygon,11.3,USDT,119928755,0.94,2.43
2024-09-10,Uniswap V3,Polygon,8.19,DAI,111833848,1.05,2.3
2024-09-10,Uniswap V3,Base,11.08,USDC,112024257,1.39,3.95
2024-09-10,Uniswap V3,Base,10.82,USDT,115848715,1.62,3.19
2024-09-10,Uniswap V3,Base,7.93,DAI,120351939,1.49,2.76
2024-09-10,Yearn,Ethereum,3.79,USDC,136525114,15.04,0
2024-09-10,Yearn,Ethereum,2.88,USDT,141983219,20.04,0
2024-09-10,Yearn,Ethereum,3.45,DAI,137245795,18.14,0
2024-09-10,Yearn,Arbitrum,3.93,USDC,137647031,2.86,4.8
2024-09-10,Yearn,Arbitrum,4.52,USDT,148578428,2.69,5.28
2024-09-10,Yearn,Arbitrum,3.98,DAI,150851380,2.29,5.72
2024-09-10,Yearn,Optimism,3.91,USDC,140956304,1.28,3.95
2024-09-10,Yearn,Optimism,4.01,USDT,141948683,1.79,3.66
2024-09-10,Yearn,Optimism,4.21,DAI,145187317,1.58,2.39
2024-09-10,Yearn,Polygon,4.7,USDC,155153213,0.94,2.86
2024-09-10,Yearn,Polygon,4.39,USDT,140737290,0.84,3.31
2024-09-10,Yearn,Polygon,4.3,DAI,149517074,0.67,3.06
2024-09-10,Yearn,Base,3.95,USDT,145712938,1.27,4.24
2024-09-10,Yearn,Base,4.27,DAI,137307105,1.63,5.62
2024-09-10,Pendle,Ethereum,10.46,DAI,94531624,20.1,0
2024-09-10,Pendle,Arbitrum,12.12,USDC,92645651,2.78,4.77
2024-09-10,Pendle,Arbitrum,13.11,USDT,89964428,1.94,4.54
2024-09-10,Pendle,Arbitrum,11.86,DAI,92152784,2.21,5.36
2024-09-10,Pendle,Optimism,12.34,USDC,84672291,2.68,3.74
2024-09-10,Pendle,Optimism,14.1,USDT,89103316,1.51,4.04
2024-09-10,Pendle,Optimism,14.94,DAI,87044262,1.5,5.44
2024-09-10,Pendle,Base,13.15,USDC,93565797,1.5,4.53
2024-09-10,Pendle,Base,14.96,USDT,91657125,1.31,4.23
2024-09-10,Pendle,Base,10.49,DAI,89651618,0.86,3.3
2024-09-10,Convex,Ethereum,5.66,USDT,176728430,18.67,0
2024-09-10,Convex,Ethereum,4.98,DAI,186972026,20.14,0
2024-09-10,Balancer,Ethereum,6.65,USDC,129623354,21.64,0
2024-09-10,Balancer,Ethereum,7.09,USDT,120307224,22.93,0
2024-09-10,Balancer,Ethereum,8.58,DAI,138968582,20.1,0
2024-09-10,Balancer,Arbitrum,8.75,USDC,134310972,2.41,5.09
2024-09-10,Balancer,Arbitrum,8.74,DAI,124504383,2.36,5.35
2024-09-10,Balancer,Optimism,6.98,USDC,140326291,2.11,3.7
2024-09-10,Balancer,Optimism,8.39,USDT,146351158,1.56,4.5
2024-09-10,Balancer,Optimism,9.86,DAI,131710966,1.47,4.1
2024-09-10,Balancer,Polygon,11.21,USDC,134783966,0.87,3.97
2024-09-10,Balancer,Polygon,9.5,USDT,137771180,0.81,2.6
2024-09-10,Balancer,Polygon,6.82,DAI,136911675,1.07,2.81
2024-09-10,Balancer,Base,9.5,USDC,130606878,1.77,4.44
2024-09-10,Balancer,Base,11.39,USDT,135406582,1.02,4.28
2024-09-10,Balancer,Base,6.48,DAI,135239094,1.32,4.93
2024-09-11,Aave,Ethereum,2.8,USDC,318854730,18.37,0
2024-09-11,Aave,Ethereum,2.72,USDT,304206517,10.19,0
2024-09-11,Aave,Ethereum,2.62,DAI,327983874,18.15,0
2024-09-11,Aave,Arbitrum,2.94,USDT,285453492,2.39,3.96
2024-09-11,Aave,Arbitrum,3.04,DAI,296248469,2.26,6.46
2024-09-11,Aave,Optimism,3.08,USDC,299856010,1.83,5.21
2024-09-11,Aave,Optimism,3.02,USDT,320535443,1.38,3.83
2024-09-11,Aave,Optimism,2.91,DAI,325665209,2.07,4.04
2024-09-11,Aave,Polygon,2.84,USDC,313110154,0.79,2.76
2024-09-11,Aave,Polygon,3.49,USDT,277516882,1.12,3.15
2024-09-11,Aave,Polygon,3.14,DAI,282817262,0.72,2.02
2024-09-11,Aave,Base,3.13,USDC,328162917,1.6,3.7
2024-09-11,Aave,Base,3.2,USDT,293901437,1.36,3.08
2024-09-11,Aave,Base,2.84,DAI,295600222,1.38,4.34
2024-09-11,Compound,Ethereum,2.48,USDC,222261146,19.22,0
2024-09-11,Compound,Ethereum,2.49,USDT,198627363,18.21,0
2024-09-11,Compound,Ethereum,2.33,DAI,215812577,13.9,0
2024-09-11,Compound,Arbitrum,3.19,USDC,228131208,2.24,3.36
2024-09-11,Compound,Arbitrum,2.71,USDT,210156921,2.01,4.42
2024-09-11,Compound,Arbitrum,2.79,DAI,212339815,3.3,5.01
2024-09-11,Compound,Optimism,2.98,USDC,220462153,2.35,4.31
2024-09-11,Compound,Optimism,2.69,USDT,215602431,1.85,3.35
2024-09-11,Compound,Polygon,2.75,USDC,216912858,1.16,2.32
2024-09-11,Compound,Polygon,3.01,USDT,228796191,0.8,3.64
2024-09-11,Compound,Polygon,3.07,DAI,227956992,0.85,2.67
2024-09-11,Compound,Base,2.85,USDC,211806126,1.17,4.23
2024-09-11,Compound,Base,2.96,USDT,233030110,1.02,3.55
2024-09-11,Compound,Base,2.65,DAI,212355625,1.71,4.52
2024-09-11,Curve,Ethereum,6.71,USDC,377224079,17.3,0
2024-09-11,Curve,Ethereum,8.74,USDT,377792406,18.85,0
2024-09-11,Curve,Ethereum,5.11,DAI,394532323,16.27,0
2024-09-11,Curve,Arbitrum,9.53,USDC,389792718,2.25,4.96
2024-09-11,Curve,Arbitrum,9.52,USDT,402354972,2.92,4.31
2024-09-11,Curve,Arbitrum,9.68,DAI,386894902,1.97,5.06
2024-09-11,Curve,Optimism,7.51,USDC,398215561,2.27,3.99
2024-09-11,Curve,Optimism,7.58,USDT,362380530,1.99,4.07
2024-09-11,Curve,Optimism,9.72,DAI,361790967,1.88,5.85
2024-09-11,Curve,Polygon,9.55,USDC,392615984,1.16,2.75
2024-09-11,Curve,Polygon,10.87,USDT,393061275,1.02,3.59
2024-09-11,Curve,Polygon,10.83,DAI,379229043,0.93,3.67
2024-09-11,Curve,Base,8.87,USDC,359389695,1.37,5.7
2024-09-11,Curve,Base,6.52,USDT,362469611,1.58,4.61
2024-09-11,Uniswap V3,Ethereum,7.18,USDC,108803811,14.11,0
2024-09-11,Uniswap V3,Ethereum,7.71,DAI,123116733,13.11,0
2024-09-11,Uniswap V3,Arbitrum,9.69,USDC,116234984,1.78,6.29
2024-09-11,Uniswap V3,Arbitrum,10.69,USDT,107265188,2.83,4.86
2024-09-11,Uniswap V3,Arbitrum,13.15,DAI,118346877,2.32,5.58
2024-09-11,Uniswap V3,Optimism,13.17,USDC,108506384,1.44,4.9
2024-09-11,Uniswap V3,Optimism,9.73,DAI,125465274,2.02,2.55
2024-09-11,Uniswap V3,Polygon,11.43,USDC,115311243,0.9,3.92
2024-09-11,Uniswap V3,Polygon,10.16,USDT,113644966,1.04,2.92
2024-09-11,Uniswap V3,Base,7.02,USDC,122098863,1.57,4.7
2024-09-11,Uniswap V3,Base,10.3,USDT,116008773,1.42,4.6
2024-09-11,Uniswap V3,Base,8.92,DAI,118375605,1.37,4.82
2024-09-11,Yearn,Ethereum,3.65,USDT,140049338,21.91,0
2024-09-11,Yearn,Ethereum,3.31,DAI,139549213,20.08,0
2024-09-11,Yearn,Arbitrum,3.54,USDC,132548531,2.37,5.17
2024-09-11,Yearn,Arbitrum,4.21,USDT,146163151,2.28,5.68
2024-09-11,Yearn,Arbitrum,4.32,DAI,140074801,2.55,6.2
2024-09-11,Yearn,Optimism,3.78,USDC,146635607,2.0,4.65
2024-09-11,Yearn,Optimism,3.7,USDT,140357707,1.82,2.68
2024-09-11,Yearn,Polygon,3.86,USDC,135810888,0.78,3.28
2024-09-11,Yearn,Polygon,3.93,USDT,146315329,0.92,3.97
2024-09-11,Yearn,Polygon,4.37,DAI,140754800,0.77,1.99
2024-09-11,Yearn,Base,4.01,USDC,147032770,1.68,5.84
2024-09-11,Yearn,Base,3.94,USDT,145977943,1.56,4.75
2024-09-11,Yearn,Base,3.87,DAI,153621786,1.85,3.44
2024-09-11,Pendle,Ethereum,6.47,USDC,84249263,16.55,0
2024-09-11,Pendle,Ethereum,7.2,USDT,95545573,16.66,0
2024-09-11,Pendle,Ethereum,12.35,DAI,83976866,18.42,0
2024-09-11,Pendle,Arbitrum,13.56,USDC,88652138,2.78,3.62
2024-09-11,Pendle,Arbitrum,15.64,USDT,86450459,2.06,6.92
2024-09-11,Pendle,Arbitrum,14.64,DAI,93451554,2.53,4.8
2024-09-11,Pendle,Optimism,11.29,USDC,94530207,1.97,2.85
2024-09-11,Pendle,Optimism,13.94,USDT,92513499,1.7,3.8
2024-09-11,Pendle,Optimism,14.21,DAI,93277544,2.07,2.94
2024-09-11,Pendle,Base,13.54,USDT,94474657,1.85,5.39
2024-09-11,Pendle,Base,14.63,DAI,89971273,1.34,3.24
2024-09-11,Convex,Ethereum,4.93,USDC,178859382,22.79,0
2024-09-11,Convex,Ethereum,5.26,USDT,193268100,17.93,0
2024-09-11,Balancer,Ethereum,7.36,USDC,128364054,15.91,0
2024-09-11,Balancer,Ethereum,8.72,USDT,138957348,17.94,0
2024-09-11,Balancer,Ethereum,5.37,DAI,132523506,19.64,0
2024-09-11,Balancer,Arbitrum,9.07,USDC,136441173,2.36,5.6
2024-09-11,Balancer,Arbitrum,8.76,USDT,133743826,2.61,6.13
2024-09-11,Balancer,Arbitrum,10.73,DAI,132315872,2.68,5.76
2024-09-11,Balancer,Optimism,8.08,USDC,133395900,1.93,3.8
2024-09-11,Balancer,Polygon,10.38,USDT,128650183,1.2,3.49
2024-09-11,Balancer,Polygon,7.86,DAI,132780007,0.8,3.25
2024-09-11,Balancer,Base,9.66,USDC,143874267,1.38,3.92
2024-09-11,Balancer,Base,8.77,USDT,131328329,1.51,4.53
2024-09-12,Aave,Ethereum,2.5,USDC,306197734,19.0,0
2024-09-12,Aave,Ethereum,2.49,USDT,286312926,18.06,0
2024-09-12,Aave,Ethereum,2.41,DAI,299801878,18.99,0
2024-09-12,Aave,Arbitrum,3.06,USDC,317533592,2.65,6.37
2024-09-12,Aave,Arbitrum,2.98,USDT,317361501,2.65,4.76
2024-09-12,Aave,Arbitrum,2.87,DAI,286449336,2.99,3.47
2024-09-12,Aave,Optimism,3.02,USDC,304217920,1.42,3.6
2024-09-12,Aave,Optimism,2.59,USDT,307203622,1.79,3.39
2024-09-12,Aave,Optimism,3.08,DAI,292138446,1.78,3.46
2024-09-12,Aave,Polygon,3.4,USDT,285244921,1.08,2.45
2024-09-12,Aave,Polygon,2.72,DAI,287426293,1.04,3.07
2024-09-12,Aave,Base,3.33,USDC,300556016,1.64,4.2
2024-09-12,Aave,Base,2.95,USDT,291547628,1.5,3.9
2024-09-12,Aave,Base,2.68,DAI,298156739,1.39,2.19
2024-09-12,Compound,Ethereum,2.68,USDC,208701638,15.89,0
2024-09-12,Compound,Ethereum,2.35,USDT,206362889,16.69,0
2024-09-12,Compound,Arbitrum,2.77,USDC,217198205,2.67,3.99
2024-09-12,Compound,Arbitrum,2.91,USDT,198370425,2.47,3.89
2024-09-12,Compound,Arbitrum,2.53,DAI,212937425,2.27,4.77
2024-09-12,Compound,Optimism,2.84,USDC,217919261,1.71,4.48
2024-09-12,Compound,Optimism,3.04,USDT,214599976,1.91,3.08
2024-09-12,Compound,Optimism,2.8,DAI,216076246,1.53,4.06
2024-09-12,Compound,Polygon,3.13,USDC,213393860,1.04,3.2
2024-09-12,Compound,Polygon,3.06,USDT,212750492,0.87,2.63
2024-09-12,Compound,Polygon,3.07,DAI,204033768,0.96,2.97
2024-09-12,Compound,Base,2.81,USDC,209049112,1.74,3.52
2024-09-12,Compound,Base,2.59,USDT,227804236,1.59,3.75
2024-09-12,Compound,Base,2.97,DAI,212093607,1.35,5.26
2024-09-12,Curve,Ethereum,5.87,USDC,409170226,23.0,0
2024-09-12,Curve,Ethereum,8.82,USDT,380908870,21.28,0
2024-09-12,Curve,Ethereum,7.22,DAI,381236297,25.69,0
2024-09-12,Curve,Arbitrum,9.52,USDC,388701540,2.41,5.04
2024-09-12,Curve,Arbitrum,11.24,USDT,379166564,2.71,4.77
2024-09-12,Curve,Arbitrum,7.57,DAI,371668828,2.57,4.76
2024-09-12,Curve,Optimism,8.15,USDC,372396533,1.96,5.36
2024-09-12,Curve,Optimism,5.81,USDT,346516023,1.93,4.6
2024-09-12,Curve,Optimism,6.51,DAI,378337031,2.37,4.37
2024-09-12,Curve,Polygon,9.95,USDC,370335517,1.24,2.48
2024-09-12,Curve,Polygon,8.15,USDT,379806096,0.92,3.15
2024-09-12,Curve,Polygon,9.67,DAI,362539009,0.97,3.02
2024-09-12,Curve,Base,7.99,USDC,363256053,1.52,5.74
2024-09-12,Curve,Base,8.21,DAI,405317216,1.55,3.97
2024-09-12,Uniswap V3,Ethereum,8.14,USDT,111430300,22.13,0
2024-09-12,Uniswap V3,Ethereum,8.26,DAI,118892174,16.06,0
2024-09-12,Uniswap V3,Arbitrum,9.01,USDC,117802945,2.56,5.19
2024-09-12,Uniswap V3,Arbitrum,9.43,USDT,115317938,2.11,4.64
2024-09-12,Uniswap V3,Arbitrum,11.71,DAI,115712818,2.76,4.11
2024-09-12,Uniswap V3,Optimism,9.2,USDC,106635930,2.51,4.17
2024-09-12,Uniswap V3,Optimism,9.93,USDT,107375575,2.06,3.52
2024-09-12,Uniswap V3,Polygon,9.26,USDT,112479508,0.86,2.5
2024-09-12,Uniswap V3,Polygon,11.85,DAI,110826885,0.83,2.68
2024-09-12,Uniswap V3,Base,7.77,USDC,115252575,1.49,3.41
2024-09-12,Uniswap V3,Base,10.87,USDT,104935987,1.49,3.0
2024-09-12,Uniswap V3,Base,8.75,DAI,111935930,1.56,4.42
2024-09-12,Yearn,Ethereum,3.62,USDT,138645012,23.42,0
2024-09-12,Yearn,Ethereum,3.22,DAI,140010092,12.2,0
2024-09-12,Yearn,Arbitrum,3.89,USDC,143512250,2.42,4.22
2024-09-12,Yearn,Arbitrum,3.5,USDT,144142410,2.56,6.08
2024-09-12,Yearn,Arbitrum,4.08,DAI,139835574,2.25,3.97
2024-09-12,Yearn,Optimism,3.64,USDC,138330725,0.95,3.16
2024-09-12,Yearn,Optimism,3.91,USDT,143667884,1.45,4.08
2024-09-12,Yearn,Optimism,3.23,DAI,137295050,1.71,2.85
2024-09-12,Yearn,Polygon,3.99,USDC,126201683,1.12,2.84
2024-09-12,Yearn,Polygon,4.08,USDT,141599568,0.8,1.7
2024-09-12,Yearn,Base,3.94,USDC,140997065,1.09,2.66
2024-09-12,Yearn,Base,4.07,USDT,146554145,1.31,3.5
2024-09-12,Yearn,Base,4.21,DAI,148540245,1.05,4.41
2024-09-12,Pendle,Ethereum,10.81,USDC,91281335,19.47,0
2024-09-12,Pendle,Ethereum,10.58,USDT,83227861,19.97,0
2024-09-12,Pendle,Ethereum,9.04,DAI,82168176,21.07,0
2024-09-12,Pendle,Arbitrum,14.38,USDC,85724654,1.82,3.11
2024-09-12,Pendle,Arbitrum,15.05,USDT,87855125,2.74,5.6
2024-09-12,Pendle,Arbitrum,13.45,DAI,87750428,2.29,4.78
2024-09-12,Pendle,Optimism,16.82,USDC,86351271,1.95,3.54
2024-09-12,Pendle,Optimism,11.92,USDT,81755924,1.76,4.1
2024-09-12,Pendle,Base,13.05,USDC,91917062,1.65,3.91
2024-09-12,Pendle,Base,13.22,USDT,87866587,1.54,4.02
2024-09-12,Pendle,Base,12.56,DAI,84280696,1.26,2.66
2024-09-12,Convex,Ethereum,4.64,USDC,179354241,14.87,0
2024-09-12,Convex,Ethereum,4.35,USDT,176779012,21.22,0
2024-09-12,Convex,Ethereum,4.87,DAI,169775875,17.91,0
2024-09-12,Balancer,Ethereum,7.64,USDC,129155054,13.9,0
2024-09-12,Balancer,Ethereum,8.87,USDT,128071731,20.24,0
2024-09-12,Balancer,Ethereum,8.31,DAI,124604519,21.11,0
2024-09-12,Balancer,Arbitrum,10.22,USDC,134459427,2.35,4.16
2024-09-12,Balancer,Arbitrum,10.18,USDT,116161977,2.42,5.88
2024-09-12,Balancer,Arbitrum,9.27,DAI,123926866,2.23,3.29
2024-09-12,Balancer,Optimism,9.31,USDC,125854458,2.07,5.96
2024-09-12,Balancer,Optimism,7.67,DAI,135878100,2.16,4.04
2024-09-12,Balancer,Polygon,8.72,USDC,130440980,1.11,3.33
2024-09-12,Balancer,Polygon,9.13,USDT,133910522,1.34,2.39
2024-09-12,Balancer,Polygon,9.16,DAI,128296990,0.95,2.51
2024-09-12,Balancer,Base,9.61,USDC,129485913,1.57,3.94
2024-09-12,Balancer,Base,7.66,USDT,143334512,1.56,3.41
2024-09-12,Balancer,Base,9.94,DAI,127785902,1.88,3.31
2024-09-13,Aave,Ethereum,2.57,USDC,300121462,15.09,0
2024-09-13,Aave,Ethereum,2.53,USDT,293113890,17.34,0
2024-09-13,Aave,Ethereum,2.75,DAI,298002215,22.25,0
2024-09-13,Aave,Arbitrum,2.81,USDC,281447027,2.05,4.92
2024-09-13,Aave,Arbitrum,3.05,USDT,286532291,2.41,5.56
2024-09-13,Aave,Arbitrum,2.64,DAI,288992493,3.03,5.2
2024-09-13,Aave,Optimism,3.03,USDC,288568065,1.66,3.72
2024-09-13,Aave,Optimism,2.71,USDT,305471824,1.13,4.77
2024-09-13,Aave,Optimism,3.3,DAI,266412975,1.69,3.04
2024-09-13,Aave,Polygon,3.81,USDC,285193681,0.98,4.51
2024-09-13,Aave,Polygon,3.27,USDT,287413706,0.94,2.47
2024-09-13,Aave,Polygon,2.82,DAI,287311865,1.01,2.51
2024-09-13,Aave,Base,2.71,USDC,284997792,1.37,4.69
2024-09-13,Aave,Base,2.74,USDT,272664449,1.5,5.05
2024-09-13,Aave,Base,3.08,DAI,299171841,1.39,4.1
2024-09-13,Compound,Ethereum,2.15,USDC,216140731,18.57,0
2024-09-13,Compound,Ethereum,2.23,USDT,209362978,15.1,0
2024-09-13,Compound,Ethereum,2.34,DAI,209154338,22.02,0
2024-09-13,Compound,Arbitrum,2.98,USDC,218565730,2.72,5.39
2024-09-13,Compound,Arbitrum,2.88,USDT,200866632,2.2,6.13
2024-09-13,Compound,Arbitrum,2.48,DAI,212101431,2.31,5.36
2024-09-13,Compound,Optimism,2.75,USDC,204138307,1.97,4.67
2024-09-13,Compound,Optimism,2.71,USDT,209698931,1.43,4.04
2024-09-13,Compound,Optimism,2.59,DAI,214699189,1.98,4.86
2024-09-13,Compound,Polygon,2.93,USDC,228760726,0.75,1.74
2024-09-13,Compound,Polygon,2.65,USDT,215230296,0.96,3.01
2024-09-13,Compound,Polygon,2.91,DAI,210689510,1.37,2.28
2024-09-13,Compound,Base,2.74,USDC,225619384,1.5,2.38
2024-09-13,Compound,Base,2.94,USDT,203078595,1.43,4.19
2024-09-13,Compound,Base,2.9,DAI,206106029,1.7,3.52
2024-09-13,Curve,Ethereum,9.47,USDC,361329631,17.17,0
2024-09-13,Curve,Ethereum,5.75,USDT,361841373,22.33,0
2024-09-13,Curve,Ethereum,8.05,DAI,391522848,16.82,0
2024-09-13,Curve,Arbitrum,7.93,USDC,408877078,2.23,5.98
2024-09-13,Curve,Arbitrum,8.38,DAI,344031340,1.99,5.75
2024-09-13,Curve,Optimism,6.82,USDC,352270259,1.58,4.57
2024-09-13,Curve,Optimism,8.07,USDT,381876941,2.06,3.79
2024-09-13,Curve,Optimism,9.72,DAI,363476182,1.27,3.55
2024-09-13,Curve,Polygon,8.83,USDC,375814304,0.91,3.59
2024-09-13,Curve,Polygon,9.99,USDT,390857760,0.91,3.5
2024-09-13,Curve,Polygon,10.46,DAI,392150758,1.02,3.95
2024-09-13,Curve,Base,8.96,USDC,376867837,1.49,2.55
2024-09-13,Curve,Base,7.84,DAI,385861230,1.76,2.96
2024-09-13,Uniswap V3,Ethereum,6.28,USDC,119230065,16.63,0
2024-09-13,Uniswap V3,Ethereum,8.37,USDT,112653927,15.56,0
2024-09-13,Uniswap V3,Arbitrum,8.11,USDC,115947197,2.65,4.87
2024-09-13,Uniswap V3,Arbitrum,7.83,USDT,114354635,2.16,4.26
2024-09-13,Uniswap V3,Arbitrum,9.06,DAI,111125352,2.31,5.05
2024-09-13,Uniswap V3,Optimism,6.33,USDC,109826951,1.48,3.03
2024-09-13,Uniswap V3,Optimism,8.85,USDT,112141380,1.27,5.12
2024-09-13,Uniswap V3,Optimism,11.59,DAI,114788560,1.49,3.59
2024-09-13,Uniswap V3,Polygon,12.65,USDC,101628743,0.94,3.67
2024-09-13,Uniswap V3,Polygon,9.18,USDT,108020219,1.06,2.71
2024-09-13,Uniswap V3,Polygon,9.94,DAI,113053564,0.81,3.34
2024-09-13,Uniswap V3,Base,12.54,USDC,123652976,1.34,3.67
2024-09-13,Uniswap V3,Base,9.43,USDT,109617478,1.47,3.22
2024-09-13,Uniswap V3,Base,6.34,DAI,114804137,1.45,3.97
2024-09-13,Yearn,Ethereum,2.69,USDC,140800479,14.41,0
2024-09-13,Yearn,Ethereum,3.48,USDT,137923990,19.45,0
2024-09-13,Yearn,Ethereum,3.9,DAI,136969177,15.91,0
2024-09-13,Yearn,Arbitrum,3.89,USDC,141971031,2.94,4.04
2024-09-13,Yearn,Arbitrum,3.88,USDT,134910268,2.61,4.71
2024-09-13,Yearn,Arbitrum,3.74,DAI,146993543,2.35,5.48
2024-09-13,Yearn,Optimism,3.58,USDC,151972331,1.63,4.5
2024-09-13,Yearn,Optimism,3.14,USDT,136279610,1.87,4.5
2024-09-13,Yearn,Optimism,3.39,DAI,152753651,2.02,3.06
2024-09-13,Yearn,Polygon,3.93,USDC,136198791,1.08,2.8
2024-09-13,Yearn,Polygon,3.77,USDT,138703942,0.96,2.89
2024-09-13,Yearn,Polygon,4.62,DAI,141261074,1.01,3.19
2024-09-13,Yearn,Base,4.07,USDC,129765329,1.41,5.19
2024-09-13,Yearn,Base,3.76,USDT,147643631,1.66,2.19
2024-09-13,Yearn,Base,3.86,DAI,128948765,1.22,3.34
2024-09-13,Pendle,Ethereum,9.86,USDC,89880054,17.6,0
2024-09-13,Pendle,Ethereum,12.14,USDT,96202740,17.72,0
2024-09-13,Pendle,Arbitrum,10.54,USDC,85632351,1.89,4.61
2024-09-13,Pendle,Arbitrum,13.4,USDT,91130236,2.42,4.08
2024-09-13,Pendle,Arbitrum,9.07,DAI,89206235,2.78,4.91
2024-09-13,Pendle,Optimism,12.32,USDT,92193284,1.63,5.18
2024-09-13,Pendle,Optimism,11.48,DAI,86113056,1.75,3.86
2024-09-13,Pendle,Base,14.02,USDC,88003324,1.79,4.18
2024-09-13,Pendle,Base,13.44,USDT,83135386,1.4,3.98
2024-09-13,Pendle,Base,15.59,DAI,89184043,1.43,4.16
2024-09-13,Convex,Ethereum,5.62,USDC,174804458,16.76,0
2024-09-13,Convex,Ethereum,6.08,USDT,183470461,19.3,0
2024-09-13,Convex,Ethereum,5.98,DAI,178590211,16.68,0
2024-09-13,Balancer,Ethereum,8.59,USDT,123761229,16.63,0
2024-09-13,Balancer,Ethereum,8.04,DAI,127539801,17.37,0
2024-09-13,Balancer,Arbitrum,8.26,USDC,127928754,2.65,6.26
2024-09-13,Balancer,Arbitrum,7.47,USDT,126474122,1.91,6.96
2024-09-13,Balancer,Arbitrum,8.59,DAI,128345894,2.62,4.14
2024-09-13,Balancer,Optimism,7.7,USDC,130372388,1.55,4.0
2024-09-13,Balancer,Optimism,7.97,USDT,126847333,1.73,4.14
2024-09-13,Balancer,Optimism,8.48,DAI,130336400,1.58,3.18
2024-09-13,Balancer,Polygon,9.71,USDC,129799931,1.02,1.91
2024-09-13,Balancer,Polygon,8.13,USDT,124744992,0.63,2.69
2024-09-13,Balancer,Polygon,8.27,DAI,123960209,0.95,3.55
2024-09-13,Balancer,Base,10.59,USDT,131475378,1.39,3.17
2024-09-13,Balancer,Base,9.89,DAI,121524909,1.07,3.76
2024-09-14,Aave,Ethereum,2.93,USDC,297470441,9.96,0
2024-09-14,Aave,Ethereum,2.17,DAI,285082695,14.5,0
2024-09-14,Aave,Arbitrum,2.32,DAI,305271287,1.68,4.69
2024-09-14,Aave,Optimism,2.71,USDC,288739693,1.15,4.28
2024-09-14,Aave,Optimism,2.76,USDT,295191262,0.96,3.94
2024-09-14,Aave,Optimism,2.75,DAI,271425123,0.94,3.86
2024-09-14,Aave,Polygon,3.17,USDC,292448334,0.65,2.48
2024-09-14,Aave,Polygon,2.96,USDT,285754851,0.52,2.94
2024-09-14,Aave,Polygon,3.3,DAI,283042518,0.61,2.76
2024-09-14,Aave,Base,2.88,USDT,288803757,1.12,3.87
2024-09-14,Aave,Base,2.74,DAI,290825070,1.23,3.95
2024-09-14,Compound,Ethereum,2.5,USDC,196201475,13.58,0
2024-09-14,Compound,Ethereum,2.05,USDT,202339739,13.55,0
2024-09-14,Compound,Ethereum,2.3,DAI,216140014,9.72,0
2024-09-14,Compound,Arbitrum,2.8,USDC,211976024,1.43,5.25
2024-09-14,Compound,Arbitrum,2.7,USDT,211184556,1.86,5.17
2024-09-14,Compound,Optimism,2.67,USDC,206321867,1.38,3.58
2024-09-14,Compound,Optimism,2.94,USDT,193395929,0.98,3.69
2024-09-14,Compound,Optimism,2.43,DAI,209769524,1.43,4.26
2024-09-14,Compound,Polygon,2.8,USDC,197979999,0.67,2.84
2024-09-14,Compound,Polygon,3.0,USDT,194523193,0.57,3.15
2024-09-14,Compound,Polygon,2.78,DAI,217978353,0.6,3.49
2024-09-14,Compound,Base,2.92,USDC,201316566,1.21,3.61
2024-09-14,Compound,Base,2.67,USDT,216867353,0.79,2.74
2024-09-14,Compound,Base,2.75,DAI,213956933,1.07,5.23
2024-09-14,Curve,Ethereum,7.87,USDT,373050001,12.15,0
2024-09-14,Curve,Ethereum,6.38,DAI,388238292,9.85,0
2024-09-14,Curve,Arbitrum,9.62,USDC,370945877,2.2,3.79
2024-09-14,Curve,Arbitrum,6.88,USDT,374376958,1.64,4.6
2024-09-14,Curve,Arbitrum,9.12,DAI,391469629,1.73,5.26
2024-09-14,Curve,Optimism,9.99,USDC,354390776,1.05,3.63
2024-09-14,Curve,Optimism,8.19,USDT,368728552,1.18,3.8
2024-09-14,Curve,Optimism,8.82,DAI,359871242,1.01,5.08
2024-09-14,Curve,Polygon,8.86,USDC,366211986,0.52,3.24
2024-09-14,Curve,Polygon,8.38,USDT,348404165,0.62,2.61
2024-09-14,Curve,Polygon,11.3,DAI,367694872,0.48,2.86
2024-09-14,Curve,Base,8.46,USDC,336767792,0.6,3.32
2024-09-14,Curve,Base,6.76,USDT,358398098,0.85,2.5
2024-09-14,Curve,Base,10.08,DAI,390952052,0.87,2.88
2024-09-14,Uniswap V3,Ethereum,7.41,USDC,116644257,12.39,0
2024-09-14,Uniswap V3,Ethereum,8.51,USDT,108582005,10.78,0
2024-09-14,Uniswap V3,Ethereum,6.48,DAI,111861079,12.67,0
2024-09-14,Uniswap V3,Arbitrum,12.21,USDC,107103424,2.06,6.16
2024-09-14,Uniswap V3,Arbitrum,8.05,USDT,107064940,1.67,5.64
2024-09-14,Uniswap V3,Arbitrum,7.98,DAI,110281491,1.64,5.35
2024-09-14,Uniswap V3,Optimism,9.55,USDC,116613832,1.26,3.44
2024-09-14,Uniswap V3,Optimism,6.85,USDT,106655293,0.98,5.09
2024-09-14,Uniswap V3,Polygon,11.43,USDC,102994932,0.75,2.83
2024-09-14,Uniswap V3,Polygon,8.47,USDT,117781968,0.82,3.18
2024-09-14,Uniswap V3,Polygon,8.29,DAI,113482442,0.66,2.66
2024-09-14,Uniswap V3,Base,10.07,USDT,104614700,0.74,4.36
2024-09-14,Uniswap V3,Base,9.9,DAI,112731487,0.96,3.64
2024-09-14,Yearn,Ethereum,3.17,USDC,139250158,14.07,0
2024-09-14,Yearn,Ethereum,3.32,USDT,142434311,10.63,0
2024-09-14,Yearn,Ethereum,3.25,DAI,128519042,10.62,0
2024-09-14,Yearn,Arbitrum,3.58,USDC,141175333,1.5,4.63
2024-09-14,Yearn,Arbitrum,4.39,DAI,141419152,1.75,5.54
2024-09-14,Yearn,Optimism,4.0,USDC,131698127,1.22,2.71
2024-09-14,Yearn,Optimism,3.86,USDT,145824219,1.56,3.5
2024-09-14,Yearn,Optimism,3.69,DAI,137723529,1.25,4.79
2024-09-14,Yearn,Polygon,4.15,USDC,136028373,0.65,3.25
2024-09-14,Yearn,Polygon,4.25,USDT,144822304,0.68,3.32
2024-09-14,Yearn,Polygon,4.59,DAI,152227825,0.74,2.73
2024-09-14,Yearn,Base,3.73,USDC,146279006,1.09,5.02
2024-09-14,Yearn,Base,3.66,USDT,131306373,0.83,2.93
2024-09-14,Yearn,Base,3.78,DAI,132983788,0.96,3.75
2024-09-14,Pendle,Ethereum,10.84,USDC,83555247,12.47,0
2024-09-14,Pendle,Ethereum,9.4,USDT,88477804,13.71,0
2024-09-14,Pendle,Ethereum,10.27,DAI,80445881,12.64,0
2024-09-14,Pendle,Arbitrum,15.18,USDC,83205887,1.53,6.03
2024-09-14,Pendle,Arbitrum,13.56,USDT,85244647,1.7,3.69
2024-09-14,Pendle,Arbitrum,15.14,DAI,92005745,1.47,6.03
2024-09-14,Pendle,Optimism,13.0,USDC,83243651,1.12,3.48
2024-09-14,Pendle,Optimism,9.02,USDT,86304407,1.13,3.62
2024-09-14,Pendle,Base,12.89,USDC,88053983,0.82,4.09
2024-09-14,Pendle,Base,12.57,DAI,89733023,0.75,2.78
2024-09-14,Convex,Ethereum,4.49,USDC,167077874,10.32,0
2024-09-14,Convex,Ethereum,4.53,USDT,164168395,14.1,0
2024-09-14,Convex,Ethereum,5.02,DAI,181564114,8.36,0
2024-09-14,Balancer,Ethereum,7.31,USDC,126333415,12.83,0
2024-09-14,Balancer,Ethereum,8.71,USDT,132903220,11.51,0
2024-09-14,Balancer,Ethereum,7.31,DAI,131751751,14.18,0
2024-09-14,Balancer,Arbitrum,9.92,USDC,123596803,1.59,5.97
2024-09-14,Balancer,Arbitrum,8.6,USDT,130672081,1.01,5.56
2024-09-14,Balancer,Arbitrum,8.39,DAI,126934390,1.44,4.68
2024-09-14,Balancer,Optimism,9.71,USDC,128223336,1.25,2.83
2024-09-14,Balancer,Optimism,8.61,USDT,133693860,1.33,3.01
2024-09-14,Balancer,Optimism,7.56,DAI,121681140,1.17,4.51
2024-09-14,Balancer,Polygon,9.54,USDT,127063987,0.6,3.52
2024-09-14,Balancer,Polygon,10.75,DAI,133458972,0.59,3.33
2024-09-14,Balancer,Base,10.4,USDC,124398139,0.93,5.91
2024-09-14,Balancer,Base,7.92,DAI,124918348,1.2,3.84
2024-09-15,Aave,Ethereum,2.38,USDC,289660522,10.62,0
2024-09-15,Aave,Ethereum,2.5,USDT,263820135,12.11,0
2024-09-15,Aave,Ethereum,2.53,DAI,293543185,11.92,0
2024-09-15,Aave,Arbitrum,2.83,USDC,301564639,1.7,3.1
2024-09-15,Aave,Arbitrum,2.79,USDT,271644793,1.08,5.31
2024-09-15,Aave,Arbitrum,2.68,DAI,269239564,1.6,5.79
2024-09-15,Aave,Optimism,2.85,USDC,293593676,1.16,2.92
2024-09-15,Aave,Optimism,2.78,USDT,266650802,1.07,3.76
2024-09-15,Aave,Optimism,2.81,DAI,275669967,1.2,3.89
2024-09-15,Aave,Polygon,3.02,USDC,288477978,0.6,3.22
2024-09-15,Aave,Polygon,2.97,USDT,289191366,0.59,3.62
2024-09-15,Aave,Polygon,3.21,DAI,278211257,0.7,2.61
2024-09-15,Aave,Base,2.58,USDT,268072415,0.96,4.36
2024-09-15,Aave,Base,2.91,DAI,293043382,0.86,4.22
2024-09-15,Compound,Ethereum,2.18,USDC,220087690,11.46,0
2024-09-15,Compound,Ethereum,2.32,USDT,206971112,13.66,0
2024-09-15,Compound,Ethereum,2.48,DAI,203190668,13.1,0
2024-09-15,Compound,Arbitrum,2.67,USDC,203741193,1.65,4.49
2024-09-15,Compound,Arbitrum,2.96,USDT,204370701,1.6,3.93
2024-09-15,Compound,Optimism,2.33,USDC,196468826,1.19,3.73
2024-09-15,Compound,Optimism,2.82,USDT,202188347,1.12,3.16
2024-09-15,Compound,Optimism,2.75,DAI,212807183,1.0,2.57
2024-09-15,Compound,Polygon,2.7,USDC,200833637,0.74,2.07
2024-09-15,Compound,Polygon,2.86,USDT,201832096,0.67,2.47
2024-09-15,Compound,Polygon,3.03,DAI,203986381,0.82,4.6
2024-09-15,Compound,Base,2.61,USDC,199879295,1.08,4.02
2024-09-15,Compound,Base,2.76,USDT,189441737,0.57,5.55
2024-09-15,Compound,Base,2.61,DAI,204707595,0.85,3.98
2024-09-15,Curve,Ethereum,7.49,USDT,366978130,11.47,0
2024-09-15,Curve,Arbitrum,9.14,USDC,358076993,1.15,7.63
2024-09-15,Curve,Arbitrum,9.71,USDT,347610324,1.47,4.63
2024-09-15,Curve,Arbitrum,10.76,DAI,362855336,1.64,7.81
2024-09-15,Curve,Optimism,8.17,USDC,362325381,1.18,3.3
2024-09-15,Curve,Optimism,6.74,DAI,352000418,0.93,4.25
2024-09-15,Curve,Polygon,8.9,USDC,362681305,0.71,3.03
2024-09-15,Curve,Polygon,10.74,USDT,353538573,0.82,3.58
2024-09-15,Curve,Polygon,11.22,DAI,359687822,0.42,3.26
2024-09-15,Curve,Base,8.21,USDC,335975455,1.06,2.98
2024-09-15,Curve,Base,10.01,USDT,376539798,0.9,4.49
2024-09-15,Uniswap V3,Ethereum,6.48,USDC,109880409,10.4,0
2024-09-15,Uniswap V3,Ethereum,5.54,USDT,114242539,13.62,0
2024-09-15,Uniswap V3,Ethereum,7.94,DAI,108370535,13.89,0
2024-09-15,Uniswap V3,Arbitrum,9.88,USDC,111654492,1.7,4.98
2024-09-15,Uniswap V3,Arbitrum,10.93,USDT,100401002,1.6,4.51
2024-09-15,Uniswap V3,Arbitrum,8.68,DAI,109882629,1.29,4.3
2024-09-15,Uniswap V3,Optimism,9.52,USDC,104320582,1.08,4.22
2024-09-15,Uniswap V3,Optimism,8.01,USDT,112970822,1.1,3.92
2024-09-15,Uniswap V3,Polygon,11.63,USDC,109425970,0.55,2.64
2024-09-15,Uniswap V3,Polygon,11.12,USDT,105708811,0.53,2.24
2024-09-15,Uniswap V3,Polygon,10.84,DAI,107919486,0.71,2.23
2024-09-15,Uniswap V3,Base,9.66,USDC,112106184,1.0,3.03
2024-09-15,Uniswap V3,Base,9.26,USDT,108877501,0.94,3.23
2024-09-15,Uniswap V3,Base,11.15,DAI,110240710,0.9,3.48
2024-09-15,Yearn,Ethereum,3.17,USDC,126840870,14.43,0
2024-09-15,Yearn,Ethereum,3.35,USDT,135140890,10.39,0
2024-09-15,Yearn,Ethereum,2.92,DAI,119617500,10.41,0
2024-09-15,Yearn,Arbitrum,3.97,USDC,136099747,1.41,5.32
2024-09-15,Yearn,Arbitrum,4.6,USDT,138979066,1.21,4.32
2024-09-15,Yearn,Arbitrum,4.33,DAI,140002309,1.32,4.36
2024-09-15,Yearn,Optimism,4.03,USDC,137324487,1.27,4.94
2024-09-15,Yearn,Optimism,3.87,USDT,134098942,1.15,5.2
2024-09-15,Yearn,Optimism,3.75,DAI,139502106,1.19,5.48
2024-09-15,Yearn,Polygon,4.27,USDC,134088306,0.51,3.16
2024-09-15,Yearn,Polygon,4.62,USDT,133491646,0.6,3.75
2024-09-15,Yearn,Polygon,4.23,DAI,137050189,0.6,2.74
2024-09-15,Yearn,Base,3.46,USDC,133011504,0.81,3.93
2024-09-15,Yearn,Base,3.84,USDT,143457872,0.8,3.65
2024-09-15,Pendle,Ethereum,11.41,USDC,84039172,11.41,0
2024-09-15,Pendle,Ethereum,11.5,USDT,90038199,9.94,0
2024-09-15,Pendle,Ethereum,10.67,DAI,88093081,7.17,0
2024-09-15,Pendle,Arbitrum,13.43,USDC,87234258,1.5,7.09
2024-09-15,Pendle,Arbitrum,12.19,USDT,80093565,1.6,5.71
2024-09-15,Pendle,Optimism,14.89,USDC,86732978,1.11,5.04
2024-09-15,Pendle,Optimism,9.8,DAI,87033026,1.32,5.84
2024-09-15,Pendle,Base,12.58,USDC,85255205,0.86,3.78
2024-09-15,Convex,Ethereum,4.15,USDC,167518868,12.03,0
2024-09-15,Convex,Ethereum,5.29,USDT,165259697,8.2,0
2024-09-15,Convex,Ethereum,4.52,DAI,161217399,11.47,0
2024-09-15,Balancer,Ethereum,8.46,USDC,131311936,10.33,0
2024-09-15,Balancer,Ethereum,9.25,DAI,124687198,14.47,0
2024-09-15,Balancer,Arbitrum,10.09,USDT,120691637,1.61,3.68
2024-09-15,Balancer,Arbitrum,9.42,DAI,125735501,1.99,4.01
2024-09-15,Balancer,Optimism,7.53,USDC,126020309,0.78,4.4
2024-09-15,Balancer,Optimism,9.57,USDT,119737109,0.99,3.63
2024-09-15,Balancer,Optimism,7.41,DAI,120345906,0.82,4.47
2024-09-15,Balancer,Polygon,7.0,USDT,122646831,0.65,1.46
2024-09-15,Balancer,Polygon,10.61,DAI,118031358,0.78,3.36
2024-09-15,Balancer,Base,7.8,USDC,125682578,0.88,4.07
2024-09-15,Balancer,Base,10.33,USDT,134633011,0.85,3.1
2024-09-15,Balancer,Base,8.22,DAI,130210434,0.86,3.75
2024-09-16,Aave,Ethereum,3.07,USDC,295302806,15.4,0
2024-09-16,Aave,Ethereum,2.42,DAI,283853616,18.22,0
2024-09-16,Aave,Arbitrum,3.06,USDC,274682533,1.36,6.49
2024-09-16,Aave,Arbitrum,3.18,USDT,269521367,2.69,5.16
2024-09-16,Aave,Arbitrum,3.78,DAI,274985756,1.85,6.47
2024-09-16,Aave,Optimism,3.06,USDC,274076432,2.36,3.6
2024-09-16,Aave,Optimism,3.31,USDT,282253069,1.91,4.08
2024-09-16,Aave,Polygon,3.37,USDC,272471792,0.99,2.61
2024-09-16,Aave,Polygon,3.42,USDT,271241442,1.15,4.12
2024-09-16,Aave,Polygon,3.08,DAI,284268471,0.88,1.51
2024-09-16,Aave,Base,2.99,USDC,283676918,1.69,4.47
2024-09-16,Aave,Base,3.01,USDT,276132397,1.44,3.73
2024-09-16,Compound,Ethereum,2.34,USDC,194223609,22.73,0
2024-09-16,Compound,Ethereum,2.47,USDT,219864291,20.81,0
2024-09-16,Compound,Ethereum,2.75,DAI,202705061,10.83,0
2024-09-16,Compound,Arbitrum,2.76,USDC,195869564,2.96,4.27
2024-09-16,Compound,Arbitrum,3.06,USDT,197182646,2.91,3.31
2024-09-16,Compound,Arbitrum,2.95,DAI,196777886,2.26,5.44
2024-09-16,Compound,Optimism,2.84,USDC,192389801,1.68,2.99
2024-09-16,Compound,Optimism,2.84,USDT,191589615,1.98,5.23
2024-09-16,Compound,Optimism,2.89,DAI,198457013,1.69,3.47
2024-09-16,Compound,Polygon,2.9,USDC,201654739,1.01,4.01
2024-09-16,Compound,Polygon,3.07,USDT,205014760,1.04,3.18
2024-09-16,Compound,Polygon,3.03,DAI,181230079,1.32,2.26
2024-09-16,Compound,Base,2.88,USDC,199014763,1.31,4.33
2024-09-16,Compound,Base,2.82,USDT,203764407,1.69,4.24
2024-09-16,Compound,Base,2.85,DAI,187742204,1.44,3.45
2024-09-16,Curve,Ethereum,8.33,USDC,351647864,15.99,0
2024-09-16,Curve,Ethereum,6.94,USDT,338884671,14.93,0
2024-09-16,Curve,Arbitrum,9.97,USDC,384738869,2.16,6.35
2024-09-16,Curve,Arbitrum,10.22,USDT,366254209,2.65,4.55
2024-09-16,Curve,Arbitrum,11.11,DAI,362398716,1.7,3.6
2024-09-16,Curve,Optimism,10.51,USDC,387850401,1.46,4.7
2024-09-16,Curve,Optimism,8.28,USDT,334563133,2.19,3.81
2024-09-16,Curve,Optimism,7.06,DAI,376554359,2.21,4.5
2024-09-16,Curve,Polygon,8.66,USDT,384163512,0.88,3.17
2024-09-16,Curve,Polygon,7.9,DAI,367966959,0.78,3.43
2024-09-16,Curve,Base,9.01,USDC,357992316,1.4,4.69
2024-09-16,Curve,Base,7.21,USDT,339451634,1.37,4.57
2024-09-16,Curve,Base,6.88,DAI,339344356,1.3,3.14
2024-09-16,Uniswap V3,Ethereum,9.13,USDC,111203705,16.76,0
2024-09-16,Uniswap V3,Ethereum,9.86,USDT,98930228,20.85,0
2024-09-16,Uniswap V3,Ethereum,8.24,DAI,100307156,15.85,0
2024-09-16,Uniswap V3,Arbitrum,13.56,USDC,106098560,2.44,2.98
2024-09-16,Uniswap V3,Arbitrum,10.83,USDT,102162142,2.11,4.87
2024-09-16,Uniswap V3,Arbitrum,10.29,DAI,103642920,2.73,4.66
2024-09-16,Uniswap V3,Optimism,9.84,USDC,105207200,1.42,4.35
2024-09-16,Uniswap V3,Optimism,8.04,USDT,104477362,2.49,3.16
2024-09-16,Uniswap V3,Optimism,9.53,DAI,109710703,1.23,3.79
2024-09-16,Uniswap V3,Polygon,8.84,USDC,108509531,1.02,3.69
2024-09-16,Uniswap V3,Polygon,8.91,USDT,108771902,1.17,3.42
2024-09-16,Uniswap V3,Polygon,8.3,DAI,105645433,0.92,3.61
2024-09-16,Uniswap V3,Base,9.38,USDC,102516021,1.43,3.9
2024-09-16,Uniswap V3,Base,9.4,USDT,108330397,1.67,3.79
2024-09-16,Uniswap V3,Base,11.42,DAI,105172306,1.5,3.53
2024-09-16,Yearn,Ethereum,3.36,USDC,138690430,20.95,0
2024-09-16,Yearn,Ethereum,3.62,DAI,151725009,15.53,0
2024-09-16,Yearn,Arbitrum,4.87,USDC,129882084,2.07,2.82
2024-09-16,Yearn,Arbitrum,3.9,USDT,122502705,2.37,5.87
2024-09-16,Yearn,Arbitrum,4.04,DAI,138143882,2.1,3.6
2024-09-16,Yearn,Optimism,3.91,USDC,128590483,2.1,3.3
2024-09-16,Yearn,Optimism,3.71,USDT,130711577,1.71,5.17
2024-09-16,Yearn,Optimism,4.25,DAI,132987245,1.59,5.5
2024-09-16,Yearn,Polygon,4.11,USDC,139458889,0.93,2.63
2024-09-16,Yearn,Polygon,4.09,USDT,132380870,1.17,2.9
2024-09-16,Yearn,Polygon,4.8,DAI,142861908,1.16,2.08
2024-09-16,Yearn,Base,3.76,USDC,134767525,1.51,3.77
2024-09-16,Yearn,Base,4.0,DAI,135664600,1.67,3.54
2024-09-16,Pendle,Ethereum,12.4,USDC,80656545,12.23,0
2024-09-16,Pendle,Ethereum,9.0,USDT,84329720,18.68,0
2024-09-16,Pendle,Ethereum,9.83,DAI,88723761,15.38,0
2024-09-16,Pendle,Arbitrum,14.93,USDC,83575919,2.94,5.47
2024-09-16,Pendle,Arbitrum,13.41,USDT,81394461,2.31,4.15
2024-09-16,Pendle,Arbitrum,12.5,DAI,85467330,2.48,5.48
2024-09-16,Pendle,Optimism,12.67,USDC,79097468,1.17,2.72
2024-09-16,Pendle,Optimism,10.58,USDT,76409369,1.84,4.95
2024-09-16,Pendle,Optimism,13.54,DAI,87361196,1.42,4.73
2024-09-16,Pendle,Base,11.63,USDC,87629933,1.48,3.7
2024-09-16,Pendle,Base,11.56,USDT,86614802,1.34,4.76
2024-09-16,Pendle,Base,13.12,DAI,84491101,1.38,5.64
2024-09-16,Convex,Ethereum,4.79,USDC,164162531,22.76,0
2024-09-16,Convex,Ethereum,6.14,USDT,169208021,16.59,0
2024-09-16,Convex,Ethereum,5.16,DAI,161531377,19.16,0
2024-09-16,Balancer,Ethereum,6.89,USDC,127649528,16.35,0
2024-09-16,Balancer,Ethereum,7.31,USDT,125576956,18.86,0
2024-09-16,Balancer,Ethereum,8.28,DAI,117939872,18.97,0
2024-09-16,Balancer,Arbitrum,9.57,USDT,113065460,2.16,4.86
2024-09-16,Balancer,Arbitrum,8.98,DAI,115319831,2.55,5.12
2024-09-16,Balancer,Optimism,8.92,USDC,112534986,1.76,3.84
2024-09-16,Balancer,Optimism,10.18,USDT,125246537,1.39,3.66
2024-09-16,Balancer,Polygon,9.55,USDC,129632248,1.03,2.87
2024-09-16,Balancer,Polygon,10.16,USDT,128390630,1.07,2.8
2024-09-16,Balancer,Polygon,8.76,DAI,114268471,1.03,3.2
2024-09-16,Balancer,Base,8.21,USDC,118881658,1.28,4.35
2024-09-16,Balancer,Base,8.01,USDT,117668819,1.82,5.39
2024-09-16,Balancer,Base,8.81,DAI,120680940,1.89,3.51
2024-09-17,Aave,Ethereum,2.47,USDC,281425119,13.16,0
2024-09-17,Aave,Ethereum,2.45,DAI,271247690,13.6,0
2024-09-17,Aave,Arbitrum,3.13,USDC,266134243,2.83,5.63
2024-09-17,Aave,Arbitrum,3.18,USDT,268244465,2.3,6.47
2024-09-17,Aave,Optimism,3.18,USDC,261496778,1.62,5.2
2024-09-17,Aave,Optimism,3.07,USDT,280455367,1.57,4.09
2024-09-17,Aave,Optimism,3.04,DAI,280544436,2.24,4.04
2024-09-17,Aave,Polygon,3.21,USDC,273472409,1.04,2.67
2024-09-17,Aave,Polygon,3.62,USDT,271132854,0.99,3.23
2024-09-17,Aave,Polygon,3.33,DAI,273612673,0.68,3.12
2024-09-17,Aave,Base,2.79,USDC,272597690,1.48,2.85
2024-09-17,Aave,Base,3.01,USDT,270504227,1.49,4.83
2024-09-17,Aave,Base,3.03,DAI,241696328,1.31,3.84
2024-09-17,Compound,Ethereum,2.55,USDC,179675620,19.15,0
2024-09-17,Compound,Ethereum,2.49,USDT,195497621,19.47,0
2024-09-17,Compound,Ethereum,2.24,DAI,203657538,18.57,0
2024-09-17,Compound,Arbitrum,3.24,USDC,200346687,2.92,4.36
2024-09-17,Compound,Arbitrum,3.15,USDT,199745273,2.59,4.44
2024-09-17,Compound,Arbitrum,3.23,DAI,190097111,2.23,4.97
2024-09-17,Compound,Optimism,3.27,USDC,190444739,2.12,4.55
2024-09-17,Compound,Optimism,2.35,DAI,195579793,1.99,3.79
2024-09-17,Compound,Polygon,2.95,USDC,202864686,0.7,2.21
2024-09-17,Compound,Polygon,3.16,USDT,195285031,0.92,2.79
2024-09-17,Compound,Polygon,2.94,DAI,188608360,0.93,2.27
2024-09-17,Compound,Base,2.98,USDC,207167227,1.83,3.62
2024-09-17,Compound,Base,3.05,USDT,187579272,1.17,3.18
2024-09-17,Curve,Ethereum,6.53,USDC,353745250,20.05,0
2024-09-17,Curve,Ethereum,7.99,USDT,330063674,17.96,0
2024-09-17,Curve,Ethereum,6.78,DAI,362355509,15.9,0
2024-09-17,Curve,Arbitrum,8.04,USDC,341199753,1.77,1.87
2024-09-17,Curve,Arbitrum,8.52,USDT,341024169,2.13,4.22
2024-09-17,Curve,Arbitrum,9.99,DAI,369144049,1.98,5.22
2024-09-17,Curve,Optimism,8.37,USDC,361395130,1.71,4.39
2024-09-17,Curve,Optimism,9.05,USDT,339802277,1.82,3.84
2024-09-17,Curve,Optimism,7.9,DAI,327124263,1.34,3.36
2024-09-17,Curve,Polygon,9.74,USDC,368694480,0.89,2.91
2024-09-17,Curve,Polygon,10.89,USDT,350934823,0.82,2.34
2024-09-17,Curve,Polygon,8.83,DAI,344417221,0.78,2.97
2024-09-17,Curve,Base,8.51,USDC,345074338,1.36,4.5
2024-09-17,Curve,Base,8.4,USDT,372925718,1.42,4.34
2024-09-17,Curve,Base,8.72,DAI,335351094,1.52,3.77
2024-09-17,Uniswap V3,Ethereum,7.89,USDC,100269039,13.51,0
2024-09-17,Uniswap V3,Ethereum,9.23,USDT,106894312,14.57,0
2024-09-17,Uniswap V3,Ethereum,8.07,DAI,101536210,20.65,0
2024-09-17,Uniswap V3,Arbitrum,10.68,USDC,108856143,1.92,4.04
2024-09-17,Uniswap V3,Arbitrum,9.86,USDT,100107799,2.15,5.48
2024-09-17,Uniswap V3,Arbitrum,10.48,DAI,106359661,2.31,3.46
2024-09-17,Uniswap V3,Optimism,7.23,USDC,107145781,1.6,5.25
2024-09-17,Uniswap V3,Optimism,7.99,USDT,110781471,1.82,5.76
2024-09-17,Uniswap V3,Optimism,8.89,DAI,103889267,1.87,4.32
2024-09-17,Uniswap V3,Polygon,9.5,USDC,101404482,1.13,3.57
2024-09-17,Uniswap V3,Polygon,16.0,USDT,102319652,1.05,2.8
2024-09-17,Uniswap V3,Polygon,12.67,DAI,103451257,0.93,3.52
2024-09-17,Uniswap V3,Base,9.14,USDC,103938182,1.42,6.27
2024-09-17,Uniswap V3,Base,11.75,DAI,99212147,0.76,4.7
2024-09-17,Yearn,Ethereum,3.45,USDC,133720019,16.59,0
2024-09-17,Yearn,Ethereum,3.2,USDT,126739044,22.34,0
2024-09-17,Yearn,Ethereum,3.02,DAI,126653939,21.57,0
2024-09-17,Yearn,Arbitrum,4.01,USDC,117735307,2.13,5.93
2024-09-17,Yearn,Arbitrum,4.35,USDT,130212047,2.22,5.71
2024-09-17,Yearn,Arbitrum,3.84,DAI,130236535,2.08,4.06
2024-09-17,Yearn,Optimism,3.74,USDC,119007841,1.97,4.68
2024-09-17,Yearn,Optimism,4.08,USDT,128971708,1.32,3.62
2024-09-17,Yearn,Optimism,3.83,DAI,134339052,1.81,4.49
2024-09-17,Yearn,Polygon,4.09,USDC,135379493,0.7,3.09
2024-09-17,Yearn,Polygon,4.08,USDT,126101077,0.89,3.29
2024-09-17,Yearn,Polygon,4.47,DAI,136460769,0.97,2.85
2024-09-17,Yearn,Base,4.16,USDC,126501166,1.37,3.93
2024-09-17,Yearn,Base,4.06,USDT,127405399,1.15,4.27
2024-09-17,Yearn,Base,4.24,DAI,124274336,1.79,3.79
2024-09-17,Pendle,Ethereum,9.55,USDC,73070977,14.95,0
2024-09-17,Pendle,Ethereum,9.79,USDT,83115695,15.15,0
2024-09-17,Pendle,Ethereum,11.39,DAI,88838547,14.03,0
2024-09-17,Pendle,Arbitrum,12.05,USDC,85836078,2.73,6.04
2024-09-17,Pendle,Arbitrum,10.55,USDT,80635531,2.54,4.48
2024-09-17,Pendle,Arbitrum,12.02,DAI,82293780,2.35,6.37
2024-09-17,Pendle,Optimism,15.7,USDC,81331597,1.65,3.46
2024-09-17,Pendle,Optimism,12.44,USDT,83052179,1.73,2.92
2024-09-17,Pendle,Optimism,10.81,DAI,86843880,2.07,3.26
2024-09-17,Pendle,Base,11.96,USDC,81221836,1.73,3.13
2024-09-17,Pendle,Base,11.63,USDT,80267982,1.46,4.14
2024-09-17,Pendle,Base,11.76,DAI,84632717,1.79,4.0
2024-09-17,Convex,Ethereum,5.51,USDC,164608965,22.84,0
2024-09-17,Convex,Ethereum,5.05,USDT,164211582,19.89,0
2024-09-17,Balancer,Ethereum,6.13,USDC,117544913,20.65,0
2024-09-17,Balancer,Ethereum,8.01,USDT,119961838,14.87,0
2024-09-17,Balancer,Ethereum,7.59,DAI,129835483,16.89,0
2024-09-17,Balancer,Arbitrum,10.44,USDC,123529468,2.64,5.88
2024-09-17,Balancer,Arbitrum,10.11,USDT,125735650,2.02,4.12
2024-09-17,Balancer,Arbitrum,9.31,DAI,115662229,2.24,4.0
2024-09-17,Balancer,Optimism,8.22,USDC,126004229,1.47,4.68
2024-09-17,Balancer,Optimism,9.71,USDT,121322439,1.66,3.92
2024-09-17,Balancer,Optimism,8.9,DAI,123210505,1.65,2.67
2024-09-17,Balancer,Polygon,9.87,DAI,121258606,1.16,3.44
2024-09-17,Balancer,Base,8.04,USDC,121346258,1.37,3.97
2024-09-17,Balancer,Base,8.65,USDT,128288086,1.4,3.49
2024-09-17,Balancer,Base,9.88,DAI,115396972,1.72,4.75
2024-09-18,Aave,Ethereum,3.04,USDC,268600699,21.71,0
2024-09-18,Aave,Ethereum,2.65,USDT,274930504,17.51,0
2024-09-18,Aave,Ethereum,2.94,DAI,267494505,21.17,0
2024-09-18,Aave,Arbitrum,3.51,USDC,285408548,2.09,4.8
2024-09-18,Aave,Arbitrum,3.42,USDT,265609281,2.43,5.83
2024-09-18,Aave,Arbitrum,3.14,DAI,269040022,3.49,6.15
2024-09-18,Aave,Optimism,2.95,USDC,263280397,1.52,4.18
2024-09-18,Aave,Optimism,3.26,USDT,248309044,1.97,3.72
2024-09-18,Aave,Optimism,3.08,DAI,273055675,1.4,1.84
2024-09-18,Aave,Polygon,3.29,USDC,267759389,1.07,3.14
2024-09-18,Aave,Polygon,3.05,USDT,258098080,0.8,2.44
2024-09-18,Aave,Polygon,3.55,DAI,273670228,1.12,2.89
2024-09-18,Aave,Base,3.25,USDC,269807657,1.58,4.08
2024-09-18,Aave,Base,3.25,USDT,251068206,1.47,4.76
2024-09-18,Aave,Base,3.21,DAI,268623127,1.57,5.2
2024-09-18,Compound,Ethereum,2.77,USDT,200644951,21.24,0
2024-09-18,Compound,Ethereum,2.54,DAI,200995070,17.24,0
2024-09-18,Compound,Arbitrum,3.29,USDC,206725857,2.62,4.8
2024-09-18,Compound,Arbitrum,3.03,USDT,192578597,2.85,7.18
2024-09-18,Compound,Arbitrum,2.93,DAI,178643134,2.55,6.38
2024-09-18,Compound,Optimism,3.02,USDC,205497037,1.46,4.11
2024-09-18,Compound,Optimism,2.98,USDT,200756692,1.7,4.02
2024-09-18,Compound,Optimism,3.19,DAI,192208129,1.84,4.34
2024-09-18,Compound,Polygon,3.52,USDC,184745015,1.38,3.72
2024-09-18,Compound,Polygon,3.15,USDT,209322275,1.03,3.09
2024-09-18,Compound,Polygon,3.27,DAI,192599524,0.87,3.69
2024-09-18,Compound,Base,2.76,USDT,199497736,1.54,2.98
2024-09-18,Compound,Base,2.81,DAI,198198612,1.25,4.34
2024-09-18,Curve,Ethereum,7.37,USDC,345640679,14.8,0
2024-09-18,Curve,Ethereum,6.43,USDT,355550578,23.1,0
2024-09-18,Curve,Ethereum,7.49,DAI,345112746,16.73,0
2024-09-18,Curve,Arbitrum,6.83,USDT,359973981,2.51,3.19
2024-09-18,Curve,Arbitrum,11.9,DAI,351319814,2.55,4.25
2024-09-18,Curve,Optimism,7.85,USDC,342352186,1.87,3.77
2024-09-18,Curve,Optimism,8.62,USDT,337618919,1.8,3.14
2024-09-18,Curve,Optimism,9.59,DAI,381123108,1.89,4.15
2024-09-18,Curve,Polygon,8.35,USDC,346845863,0.97,4.7
2024-09-18,Curve,Polygon,11.42,USDT,341900793,1.0,3.27
2024-09-18,Curve,Base,7.15,USDC,369188365,1.36,3.56
2024-09-18,Curve,Base,10.52,USDT,340070569,1.72,4.89
2024-09-18,Curve,Base,6.8,DAI,328971636,1.34,4.39
2024-09-18,Uniswap V3,Ethereum,6.32,USDC,106060499,14.43,0
2024-09-18,Uniswap V3,Ethereum,8.13,USDT,102246439,13.56,0
2024-09-18,Uniswap V3,Ethereum,8.79,DAI,96555556,19.62,0
2024-09-18,Uniswap V3,Arbitrum,8.62,USDC,105661939,2.52,4.52
2024-09-18,Uniswap V3,Arbitrum,12.65,USDT,107312020,2.74,5.68
2024-09-18,Uniswap V3,Arbitrum,11.95,DAI,104184776,2.17,5.44
2024-09-18,Uniswap V3,Optimism,12.54,USDT,110334549,1.66,3.6
2024-09-18,Uniswap V3,Optimism,10.15,DAI,99794429,1.48,3.2
2024-09-18,Uniswap V3,Polygon,9.22,USDC,105209170,0.94,2.4
2024-09-18,Uniswap V3,Polygon,10.08,DAI,110178548,0.9,2.28
2024-09-18,Uniswap V3,Base,11.67,USDC,105874400,1.51,4.16
2024-09-18,Uniswap V3,Base,10.95,USDT,108703165,1.1,3.87
2024-09-18,Uniswap V3,Base,9.51,DAI,109903196,1.39,4.43
2024-09-18,Yearn,Ethereum,3.85,USDC,133850710,17.99,0
2024-09-18,Yearn,Ethereum,3.51,USDT,123934872,18.35,0
2024-09-18,Yearn,Ethereum,3.02,DAI,127730431,21.95,0
2024-09-18,Yearn,Arbitrum,4.21,USDC,128637169,2.82,5.78
2024-09-18,Yearn,Arbitrum,4.47,USDT,126009698,2.8,5.46
2024-09-18,Yearn,Optimism,3.83,USDC,126906023,1.86,4.34
2024-09-18,Yearn,Optimism,4.22,USDT,123124283,1.69,4.95
2024-09-18,Yearn,Optimism,4.45,DAI,139573750,1.86,3.64
2024-09-18,Yearn,Polygon,4.57,USDC,132962082,1.01,3.39
2024-09-18,Yearn,Polygon,4.39,USDT,132914321,0.93,3.36
2024-09-18,Yearn,Polygon,4.5,DAI,142729329,1.05,3.03
2024-09-18,Yearn,Base,4.5,USDC,132616276,1.69,2.65
2024-09-18,Yearn,Base,4.38,USDT,134776521,1.52,4.62
2024-09-18,Yearn,Base,4.38,DAI,128607229,1.22,4.25
2024-09-18,Pendle,Ethereum,11.96,USDC,73137760,18.58,0
2024-09-18,Pendle,Ethereum,11.67,USDT,83491336,18.06,0
2024-09-18,Pendle,Ethereum,9.49,DAI,81489423,12.77,0
2024-09-18,Pendle,Arbitrum,12.38,USDC,79437810,2.88,4.47
2024-09-18,Pendle,Arbitrum,9.54,USDT,83652706,2.02,4.6
2024-09-18,Pendle,Arbitrum,9.72,DAI,83609069,1.45,4.9
2024-09-18,Pendle,Optimism,13.31,USDT,81581319,2.03,4.03
2024-09-18,Pendle,Optimism,11.46,DAI,88096099,1.43,2.19
2024-09-18,Pendle,Base,14.82,USDC,81733744,1.86,3.91
2024-09-18,Pendle,Base,14.53,USDT,77429413,1.16,3.02
2024-09-18,Pendle,Base,9.13,DAI,82100156,1.34,3.34
2024-09-18,Convex,Ethereum,5.49,USDC,156179065,15.67,0
2024-09-18,Convex,Ethereum,4.39,USDT,154096183,16.16,0
2024-09-18,Convex,Ethereum,4.81,DAI,170944860,14.27,0
2024-09-18,Balancer,Ethereum,9.58,USDC,117922243,19.57,0
2024-09-18,Balancer,Ethereum,7.96,USDT,107300942,16.85,0
2024-09-18,Balancer,Ethereum,6.95,DAI,115181813,16.59,0
2024-09-18,Balancer,Arbitrum,10.4,USDT,120282917,2.89,4.6
2024-09-18,Balancer,Arbitrum,11.33,DAI,115742691,1.3,5.38
2024-09-18,Balancer,Optimism,9.39,USDC,115226561,2.62,3.74
2024-09-18,Balancer,Optimism,9.18,USDT,121653662,1.67,4.89
2024-09-18,Balancer,Optimism,10.48,DAI,118288953,1.57,6.09
2024-09-18,Balancer,Polygon,11.21,USDC,121199999,1.12,3.35
2024-09-18,Balancer,Polygon,9.73,USDT,124224540,1.04,3.38
2024-09-18,Balancer,Polygon,10.56,DAI,127525674,0.95,3.12
2024-09-18,Balancer,Base,8.74,USDC,118466144,1.32,6.55
2024-09-18,Balancer,Base,10.57,USDT,119692258,1.29,4.62
2024-09-18,Balancer,Base,9.75,DAI,112754899,1.54,4.95
2024-09-19,Aave,Ethereum,2.63,USDC,271347708,12.81,0
2024-09-19,Aave,Ethereum,2.62,DAI,261047760,16.38,0
2024-09-19,Aave,Arbitrum,2.99,USDC,270231033,2.43,4.05
2024-09-19,Aave,Arbitrum,3.2,USDT,262499966,2.55,5.53
2024-09-19,Aave,Arbitrum,3.48,DAI,258446452,2.45,3.1
2024-09-19,Aave,Optimism,3.01,USDC,269892588,2.16,4.09
2024-09-19,Aave,Optimism,3.12,USDT,250347995,1.63,3.72
2024-09-19,Aave,Optimism,3.23,DAI,283338672,1.99,5.2
2024-09-19,Aave,Polygon,3.61,USDC,264668172,0.69,3.38
2024-09-19,Aave,Polygon,3.46,USDT,267553927,1.07,3.16
2024-09-19,Aave,Polygon,3.77,DAI,287202954,0.85,2.88
2024-09-19,Aave,Base,3.37,USDC,264543160,1.79,3.47
2024-09-19,Aave,Base,3.51,USDT,260078339,1.65,3.98
2024-09-19,Aave,Base,3.27,DAI,250175535,1.64,4.63
2024-09-19,Compound,Ethereum,2.4,USDC,185894201,15.42,0
2024-09-19,Compound,Ethereum,2.41,USDT,204455815,14.73,0
2024-09-19,Compound,Ethereum,2.44,DAI,208939832,19.04,0
2024-09-19,Compound,Arbitrum,3.14,USDC,191785638,2.3,4.99
2024-09-19,Compound,Arbitrum,2.63,USDT,196209979,1.77,5.45
2024-09-19,Compound,Arbitrum,3.33,DAI,195295882,2.7,5.04
2024-09-19,Compound,Optimism,2.85,USDC,177601136,1.46,3.08
2024-09-19,Compound,Optimism,2.92,USDT,166971721,1.59,4.37
2024-09-19,Compound,Optimism,2.89,DAI,197956033,1.25,4.95
2024-09-19,Compound,Polygon,2.83,USDC,179328698,0.84,3.02
2024-09-19,Compound,Polygon,3.4,USDT,183591059,1.11,3.49
2024-09-19,Compound,Polygon,3.23,DAI,190873988,0.78,3.4
2024-09-19,Compound,Base,3.0,USDT,189751712,1.28,4.46
2024-09-19,Compound,Base,3.1,DAI,193038497,1.04,3.09
2024-09-19,Curve,Ethereum,6.88,USDC,329859507,12.46,0
2024-09-19,Curve,Ethereum,5.59,USDT,353083195,14.45,0
2024-09-19,Curve,Ethereum,8.55,DAI,360198791,16.94,0
2024-09-19,Curve,Arbitrum,11.23,USDT,330940887,2.58,5.26
2024-09-19,Curve,Arbitrum,7.23,DAI,361596133,2.29,4.95
2024-09-19,Curve,Optimism,7.91,USDC,340048040,1.66,3.51
2024-09-19,Curve,Optimism,6.12,USDT,328888477,1.72,3.44
2024-09-19,Curve,Optimism,10.79,DAI,364861719,1.52,4.5
2024-09-19,Curve,Polygon,9.11,USDC,347074817,1.19,2.09
2024-09-19,Curve,Polygon,9.06,USDT,329045916,0.94,4.07
2024-09-19,Curve,Polygon,10.71,DAI,340271842,1.15,3.21
2024-09-19,Curve,Base,8.0,USDC,332256864,1.36,5.12
2024-09-19,Curve,Base,9.82,USDT,349692400,1.45,2.96
2024-09-19,Curve,Base,10.41,DAI,332987605,1.26,3.87
2024-09-19,Uniswap V3,Ethereum,7.61,USDC,104571598,13.44,0
2024-09-19,Uniswap V3,Ethereum,7.48,USDT,91298006,11.61,0
2024-09-19,Uniswap V3,Arbitrum,10.25,USDC,108190818,2.52,3.59
2024-09-19,Uniswap V3,Arbitrum,8.58,USDT,100487811,2.0,5.85
2024-09-19,Uniswap V3,Optimism,6.77,USDC,90380727,1.62,2.74
2024-09-19,Uniswap V3,Optimism,9.49,USDT,102935278,1.99,4.06
2024-09-19,Uniswap V3,Optimism,10.74,DAI,100062339,1.47,3.82
2024-09-19,Uniswap V3,Polygon,11.33,USDC,102893879,0.76,2.69
2024-09-19,Uniswap V3,Polygon,10.84,USDT,107905704,0.85,3.14
2024-09-19,Uniswap V3,Polygon,8.82,DAI,104686542,1.0,2.92
2024-09-19,Uniswap V3,Base,11.49,USDC,103024092,1.66,4.18
2024-09-19,Uniswap V3,Base,10.06,USDT,93091204,1.3,4.03
2024-09-19,Uniswap V3,Base,8.36,DAI,99944309,1.48,3.94
2024-09-19,Yearn,Ethereum,3.4,USDC,122702412,19.55,0
2024-09-19,Yearn,Ethereum,3.52,USDT,137458361,18.23,0
2024-09-19,Yearn,Ethereum,3.69,DAI,128992779,16.59,0
2024-09-19,Yearn,Arbitrum,3.96,USDC,124133067,2.38,7.28
2024-09-19,Yearn,Arbitrum,3.94,USDT,128279687,2.21,5.65
2024-09-19,Yearn,Arbitrum,4.79,DAI,137775529,2.13,5.55
2024-09-19,Yearn,Optimism,4.13,USDC,123552882,1.64,4.83
2024-09-19,Yearn,Optimism,4.19,USDT,129864666,1.89,4.8
2024-09-19,Yearn,Optimism,3.53,DAI,139928120,2.01,4.04
2024-09-19,Yearn,Polygon,4.68,USDT,121947610,0.89,3.4
2024-09-19,Yearn,Polygon,4.63,DAI,123775118,0.85,2.66
2024-09-19,Yearn,Base,4.08,USDC,128357127,1.34,5.05
2024-09-19,Yearn,Base,4.4,USDT,131397939,1.09,3.02
2024-09-19,Yearn,Base,3.87,DAI,130034140,1.65,3.26
2024-09-19,Pendle,Ethereum,11.23,USDC,79946689,20.06,0
2024-09-19,Pendle,Ethereum,10.18,DAI,94349295,19.72,0
2024-09-19,Pendle,Arbitrum,14.86,USDC,76818853,2.66,4.04
2024-09-19,Pendle,Arbitrum,12.38,USDT,82626841,1.85,5.65
2024-09-19,Pendle,Arbitrum,11.88,DAI,75005551,2.34,5.55
2024-09-19,Pendle,Optimism,13.47,USDC,81754094,1.95,4.1
2024-09-19,Pendle,Optimism,13.81,USDT,82128419,1.59,4.15
2024-09-19,Pendle,Optimism,12.22,DAI,76166174,1.72,4.29
2024-09-19,Pendle,Base,12.03,USDC,79367038,1.22,4.1
2024-09-19,Pendle,Base,12.46,USDT,78936378,1.46,4.3
2024-09-19,Pendle,Base,15.95,DAI,80004190,1.55,3.94
2024-09-19,Convex,Ethereum,4.81,USDC,141150384,18.66,0
2024-09-19,Balancer,Ethereum,8.34,USDC,122955655,17.27,0
2024-09-19,Balancer,Ethereum,7.82,USDT,114781224,18.2,0
2024-09-19,Balancer,Ethereum,6.48,DAI,121415737,15.48,0
2024-09-19,Balancer,Arbitrum,8.63,USDC,113012006,2.18,5.28
2024-09-19,Balancer,Arbitrum,9.5,USDT,124871035,2.81,6.12
2024-09-19,Balancer,Arbitrum,8.27,DAI,115286156,2.28,4.66
2024-09-19,Balancer,Optimism,7.77,USDC,104432828,1.97,2.72
2024-09-19,Balancer,Optimism,8.88,DAI,109916718,1.67,3.1
2024-09-19,Balancer,Polygon,10.81,USDC,121177689,0.74,2.93
2024-09-19,Balancer,Polygon,10.39,USDT,118078016,1.16,2.74
2024-09-19,Balancer,Polygon,10.82,DAI,122460188,0.98,3.05
2024-09-19,Balancer,Base,9.48,DAI,115409098,0.84,4.72
2024-09-20,Aave,Ethereum,2.91,USDC,269308305,20.05,0
2024-09-20,Aave,Ethereum,2.75,USDT,264373924,22.23,0
2024-09-20,Aave,Ethereum,2.7,DAI,265540424,21.93,0
2024-09-20,Aave,Arbitrum,3.11,USDC,280044721,2.48,5.53
2024-09-20,Aave,Arbitrum,3.22,USDT,253025114,1.88,4.59
2024-09-20,Aave,Arbitrum,3.24,DAI,269304040,2.21,5.1
2024-09-20,Aave,Optimism,2.97,USDC,263268532,2.2,3.8
2024-09-20,Aave,Optimism,3.07,USDT,260268461,1.98,4.66
2024-09-20,Aave,Polygon,3.45,USDT,259037396,1.07,4.16
2024-09-20,Aave,Base,3.08,USDC,257715827,1.41,4.36
2024-09-20,Aave,Base,3.31,USDT,261808459,1.04,4.15
2024-09-20,Aave,Base,3.28,DAI,252581109,1.37,3.17
2024-09-20,Compound,Ethereum,2.3,USDC,191779803,18.28,0
2024-09-20,Compound,Ethereum,2.51,USDT,194426339,16.73,0
2024-09-20,Compound,Ethereum,2.6,DAI,190072350,16.75,0
2024-09-20,Compound,Arbitrum,3.01,USDC,208376354,2.86,4.17
2024-09-20,Compound,Arbitrum,2.83,USDT,191015780,2.23,4.13
2024-09-20,Compound,Arbitrum,2.75,DAI,206654900,2.55,5.72
2024-09-20,Compound,Optimism,2.61,USDC,185486022,2.41,3.61
2024-09-20,Compound,Optimism,2.86,USDT,196510624,1.75,4.1
2024-09-20,Compound,Optimism,2.85,DAI,201032759,1.72,4.84
2024-09-20,Compound,Polygon,2.92,USDC,178734371,1.11,3.0
2024-09-20,Compound,Polygon,3.38,USDT,187751338,0.89,3.73
2024-09-20,Compound,Polygon,3.38,DAI,184364782,1.1,2.78
2024-09-20,Compound,Base,3.0,USDC,196065602,0.98,4.22
2024-09-20,Compound,Base,2.32,DAI,194832853,1.47,3.8
2024-09-20,Curve,Ethereum,6.15,USDC,350435960,13.8,0
2024-09-20,Curve,Ethereum,8.14,USDT,356481987,9.23,0
2024-09-20,Curve,Ethereum,5.56,DAI,343670978,19.72,0
2024-09-20,Curve,Arbitrum,8.41,USDC,332267455,3.26,4.53
2024-09-20,Curve,Arbitrum,8.73,USDT,330267156,1.63,5.66
2024-09-20,Curve,Arbitrum,9.2,DAI,358174900,2.67,5.67
2024-09-20,Curve,Optimism,7.19,USDC,339072339,2.16,4.26
2024-09-20,Curve,Optimism,7.89,USDT,325036365,1.72,4.67
2024-09-20,Curve,Polygon,8.73,USDC,310322065,1.02,1.71
2024-09-20,Curve,Polygon,9.09,USDT,334773523,0.81,1.54
2024-09-20,Curve,Polygon,10.8,DAI,356107469,1.02,3.4
2024-09-20,Curve,Base,8.52,USDC,319549019,1.44,4.06
2024-09-20,Curve,Base,11.29,USDT,333261839,1.48,2.57
2024-09-20,Curve,Base,9.56,DAI,321378361,1.33,3.69
2024-09-20,Uniswap V3,Ethereum,8.52,USDC,99448003,17.64,0
2024-09-20,Uniswap V3,Ethereum,9.59,USDT,101502380,18.08,0
2024-09-20,Uniswap V3,Ethereum,7.54,DAI,101625910,17.16,0
2024-09-20,Uniswap V3,Arbitrum,11.23,USDC,96081377,2.39,5.45
2024-09-20,Uniswap V3,Arbitrum,10.34,USDT,102631377,2.07,6.37
2024-09-20,Uniswap V3,Arbitrum,9.29,DAI,103934900,3.07,6.39
2024-09-20,Uniswap V3,Optimism,10.27,USDC,98522575,1.72,3.74
2024-09-20,Uniswap V3,Optimism,11.89,USDT,94216141,2.18,2.5
2024-09-20,Uniswap V3,Optimism,9.02,DAI,95146010,1.8,3.84
2024-09-20,Uniswap V3,Polygon,10.71,USDC,101880276,1.1,3.1
2024-09-20,Uniswap V3,Polygon,10.69,USDT,100089336,1.03,2.11
2024-09-20,Uniswap V3,Polygon,11.57,DAI,100369869,1.04,3.47
2024-09-20,Uniswap V3,Base,10.21,USDC,108306578,1.33,3.44
2024-09-20,Uniswap V3,Base,9.78,DAI,102468173,1.34,4.12
2024-09-20,Yearn,Ethereum,3.37,USDC,111239898,15.06,0
2024-09-20,Yearn,Ethereum,3.65,USDT,128878398,20.9,0
2024-09-20,Yearn,Ethereum,3.5,DAI,120293307,17.45,0
2024-09-20,Yearn,Arbitrum,3.87,USDC,127778030,2.49,6.88
2024-09-20,Yearn,Arbitrum,4.28,USDT,125393416,2.52,3.58
2024-09-20,Yearn,Arbitrum,4.23,DAI,131772199,2.4,3.52
2024-09-20,Yearn,Optimism,4.1,USDC,126171791,1.57,4.31
2024-09-20,Yearn,Optimism,4.37,USDT,129272468,1.95,5.32
2024-09-20,Yearn,Optimism,4.18,DAI,125619054,2.31,3.31
2024-09-20,Yearn,Polygon,4.01,USDC,130314848,0.83,2.64
2024-09-20,Yearn,Polygon,4.06,DAI,138642388,1.28,2.8
2024-09-20,Yearn,Base,4.5,USDC,131830923,1.19,3.91
2024-09-20,Yearn,Base,4.2,USDT,134297871,1.41,3.58
2024-09-20,Yearn,Base,4.28,DAI,132813366,1.26,3.93
2024-09-20,Pendle,Ethereum,10.25,USDC,77815228,15.4,0
2024-09-20,Pendle,Ethereum,10.42,USDT,81151876,20.31,0
2024-09-20,Pendle,Ethereum,10.05,DAI,80474416,14.95,0
2024-09-20,Pendle,Arbitrum,15.09,USDC,83946129,2.7,6.04
2024-09-20,Pendle,Arbitrum,15.5,USDT,82030433,1.99,6.22
2024-09-20,Pendle,Arbitrum,11.8,DAI,83029724,3.0,4.42
2024-09-20,Pendle,Optimism,9.98,USDC,85265075,1.63,3.06
2024-09-20,Pendle,Optimism,15.54,USDT,75525121,1.34,4.39
2024-09-20,Pendle,Optimism,12.47,DAI,80092013,2.03,3.9
2024-09-20,Pendle,Base,14.15,USDC,79837078,1.63,4.61
2024-09-20,Pendle,Base,11.42,USDT,84082654,1.37,3.0
2024-09-20,Pendle,Base,11.54,DAI,79742700,1.97,5.39
2024-09-20,Convex,Ethereum,4.31,USDC,161440835,18.12,0
2024-09-20,Convex,Ethereum,4.22,USDT,156639690,18.36,0
2024-09-20,Convex,Ethereum,4.11,DAI,156437890,15.28,0
2024-09-20,Balancer,Ethereum,8.15,USDC,120185170,21.14,0
2024-09-20,Balancer,Ethereum,8.69,USDT,121891620,22.22,0
2024-09-20,Balancer,Ethereum,8.52,DAI,108219172,15.25,0
2024-09-20,Balancer,Arbitrum,7.82,USDC,118646043,2.8,5.73
2024-09-20,Balancer,Arbitrum,9.96,USDT,118737059,2.56,3.9
2024-09-20,Balancer,Arbitrum,7.74,DAI,110181212,2.74,4.73
2024-09-20,Balancer,Optimism,7.99,USDC,112633079,1.89,5.25
2024-09-20,Balancer,Optimism,8.45,USDT,115422754,1.88,5.55
2024-09-20,Balancer,Optimism,8.54,DAI,114426174,2.39,3.77
2024-09-20,Balancer,Polygon,10.23,USDT,112124754,0.89,3.73
2024-09-20,Balancer,Polygon,10.91,DAI,113878472,1.0,2.78
2024-09-20,Balancer,Base,7.39,USDC,122473705,1.5,3.73
2024-09-20,Balancer,Base,11.52,USDT,125240416,1.19,3.54
2024-09-20,Balancer,Base,9.86,DAI,120506409,1.18,3.91
2024-09-21,Aave,Ethereum,2.51,USDC,264911899,11.46,0
2024-09-21,Aave,Ethereum,2.56,USDT,257224977,13.77,0
2024-09-21,Aave,Arbitrum,3.23,USDC,278573254,1.46,5.03
2024-09-21,Aave,Arbitrum,2.97,USDT,280026297,1.47,5.78
2024-09-21,Aave,Arbitrum,3.27,DAI,270861048,1.54,6.04
2024-09-21,Aave,Optimism,3.19,USDC,257867399,1.02,2.72
2024-09-21,Aave,Optimism,2.77,USDT,283194236,1.14,3.29
2024-09-21,Aave,Optimism,3.05,DAI,247461668,0.98,3.82
2024-09-21,Aave,Polygon,3.43,USDC,266737275,0.52,3.11
2024-09-21,Aave,Polygon,3.14,USDT,267571015,0.72,5.04
2024-09-21,Aave,Polygon,3.39,DAI,270740297,0.75,3.69
2024-09-21,Aave,Base,2.97,USDC,277516185,0.85,3.59
2024-09-21,Aave,Base,2.55,DAI,252544045,1.07,5.85
2024-09-21,Compound,Ethereum,2.63,USDC,185480475,10.23,0
2024-09-21,Compound,Ethereum,2.41,USDT,189893219,12.59,0
2024-09-21,Compound,Ethereum,2.41,DAI,179857024,10.82,0
2024-09-21,Compound,Arbitrum,2.68,USDC,193102543,1.56,4.39
2024-09-21,Compound,Arbitrum,2.74,USDT,185426736,1.78,3.81
2024-09-21,Compound,Arbitrum,2.9,DAI,196429632,1.55,6.01
2024-09-21,Compound,Optimism,2.65,USDT,188586361,1.04,2.83
2024-09-21,Compound,Optimism,2.72,DAI,188128511,1.22,4.34
2024-09-21,Compound,Polygon,3.19,USDC,193117421,0.54,3.27
2024-09-21,Compound,Polygon,3.08,USDT,196747533,0.71,2.7
2024-09-21,Compound,Polygon,3.09,DAI,208385067,0.68,3.08
2024-09-21,Compound,Base,2.86,USDC,192223267,1.1,4.99
2024-09-21,Compound,Base,2.91,USDT,201841039,1.14,4.03
2024-09-21,Compound,Base,2.89,DAI,179661041,0.68,4.64
2024-09-21,Curve,Ethereum,8.69,USDC,361850344,14.52,0
2024-09-21,Curve,Ethereum,7.61,USDT,363198668,10.31,0
2024-09-21,Curve,Ethereum,8.34,DAI,347271025,7.94,0
2024-09-21,Curve,Arbitrum,7.6,USDC,333661996,1.19,2.49
2024-09-21,Curve,Arbitrum,7.57,USDT,345803497,1.86,5.03
2024-09-21,Curve,Arbitrum,9.66,DAI,360321035,1.45,4.24
2024-09-21,Curve,Optimism,7.83,USDC,345303631,1.07,3.45
2024-09-21,Curve,Optimism,8.75,USDT,342119167,1.1,3.09
2024-09-21,Curve,Optimism,7.06,DAI,349217316,1.36,3.5
2024-09-21,Curve,Polygon,8.01,USDC,344467778,0.66,3.08
2024-09-21,Curve,Polygon,8.72,USDT,330342634,0.67,2.75
2024-09-21,Curve,Base,8.59,USDC,349630378,0.92,4.47
2024-09-21,Curve,Base,9.38,USDT,349339176,0.67,2.82
2024-09-21,Curve,Base,8.05,DAI,332435061,1.06,4.44
2024-09-21,Uniswap V3,Ethereum,6.79,USDC,92071646,12.82,0
2024-09-21,Uniswap V3,Ethereum,8.41,USDT,108656436,10.37,0
2024-09-21,Uniswap V3,Ethereum,8.24,DAI,103580796,8.93,0
2024-09-21,Uniswap V3,Arbitrum,9.26,USDC,100810399,1.65,3.79
2024-09-21,Uniswap V3,Arbitrum,9.04,USDT,105194856,1.71,4.85
2024-09-21,Uniswap V3,Arbitrum,9.03,DAI,109869140,2.05,5.0
2024-09-21,Uniswap V3,Optimism,8.86,USDC,95476374,1.41,3.35
2024-09-21,Uniswap V3,Optimism,10.22,USDT,95512560,1.41,3.29
2024-09-21,Uniswap V3,Polygon,7.62,USDC,92153275,0.8,2.15
2024-09-21,Uniswap V3,Polygon,7.93,USDT,100098644,0.51,3.55
2024-09-21,Uniswap V3,Polygon,10.48,DAI,89615321,0.64,3.68
2024-09-21,Uniswap V3,Base,11.22,USDC,91213557,0.9,4.14
2024-09-21,Uniswap V3,Base,9.97,USDT,101767313,1.0,3.48
2024-09-21,Uniswap V3,Base,10.02,DAI,102828177,1.06,5.86
2024-09-21,Yearn,Ethereum,3.3,USDC,113116726,12.05,0
2024-09-21,Yearn,Ethereum,3.41,USDT,136181740,13.38,0
2024-09-21,Yearn,Ethereum,3.3,DAI,142369709,12.37,0
2024-09-21,Yearn,Arbitrum,4.14,USDC,135656106,1.59,6.57
2024-09-21,Yearn,Arbitrum,3.79,USDT,140518369,1.72,4.53
2024-09-21,Yearn,Arbitrum,4.29,DAI,132255482,1.32,5.29
2024-09-21,Yearn,Optimism,3.48,USDC,129598993,1.64,3.01
2024-09-21,Yearn,Optimism,3.73,USDT,121662782,1.04,4.81
2024-09-21,Yearn,Optimism,3.79,DAI,126041078,1.19,4.61
2024-09-21,Yearn,Polygon,4.3,USDC,134403801,0.86,2.92
2024-09-21,Yearn,Polygon,4.33,USDT,130404565,0.77,4.62
2024-09-21,Yearn,Polygon,4.63,DAI,125177774,0.63,3.16
2024-09-21,Yearn,Base,3.85,USDC,118311950,0.97,4.21
2024-09-21,Yearn,Base,3.98,USDT,125094307,1.19,4.57
2024-09-21,Yearn,Base,3.88,DAI,129915045,0.94,3.66
2024-09-21,Pendle,Ethereum,10.42,USDC,81313685,12.72,0
2024-09-21,Pendle,Ethereum,11.26,USDT,88000859,13.44,0
2024-09-21,Pendle,Ethereum,9.71,DAI,77809542,11.24,0
2024-09-21,Pendle,Arbitrum,11.68,USDC,84303605,2.1,5.14
2024-09-21,Pendle,Arbitrum,12.49,USDT,82642242,2.05,6.3
2024-09-21,Pendle,Arbitrum,11.17,DAI,79671536,1.66,6.12
2024-09-21,Pendle,Optimism,11.52,USDC,77285627,1.26,4.58
2024-09-21,Pendle,Optimism,15.12,USDT,84103292,1.24,4.14
2024-09-21,Pendle,Optimism,9.32,DAI,77987676,1.4,3.37
2024-09-21,Pendle,Base,15.13,USDC,76990784,1.09,2.73
2024-09-21,Pendle,Base,15.72,USDT,81425007,0.69,2.74
2024-09-21,Pendle,Base,11.95,DAI,80709912,0.88,4.1
2024-09-21,Convex,Ethereum,3.57,USDC,160517809,10.62,0
2024-09-21,Convex,Ethereum,5.08,USDT,150890564,10.61,0
2024-09-21,Convex,Ethereum,4.97,DAI,153651957,10.99,0
2024-09-21,Balancer,Ethereum,7.26,USDC,119077209,12.86,0
2024-09-21,Balancer,Ethereum,7.08,USDT,121332789,10.66,0
2024-09-21,Balancer,Ethereum,5.48,DAI,110120610,13.06,0
2024-09-21,Balancer,Arbitrum,9.24,USDC,118453449,1.58,4.49
2024-09-21,Balancer,Arbitrum,9.66,USDT,119912171,1.64,4.5
2024-09-21,Balancer,Arbitrum,10.81,DAI,124670943,1.55,3.08
2024-09-21,Balancer,Optimism,10.46,USDC,124631294,1.04,3.56
2024-09-21,Balancer,Optimism,7.86,USDT,118301038,1.32,3.49
2024-09-21,Balancer,Optimism,9.61,DAI,120247200,1.36,4.49
2024-09-21,Balancer,Polygon,10.8,USDC,121091355,0.7,3.44
2024-09-21,Balancer,Polygon,8.35,USDT,110663376,0.61,2.31
2024-09-21,Balancer,Base,9.85,USDC,125071770,0.96,4.22
2024-09-21,Balancer,Base,9.95,USDT,110819106,0.94,3.08
2024-09-21,Balancer,Base,9.92,DAI,127460673,1.02,4.02
2024-09-22,Aave,Ethereum,2.5,USDC,246023928,10.72,0
2024-09-22,Aave,Ethereum,2.69,USDT,276485665,11.47,0
2024-09-22,Aave,Ethereum,2.78,DAI,265620144,11.47,0
2024-09-22,Aave,Arbitrum,3.22,USDT,276170171,1.27,6.0
2024-09-22,Aave,Arbitrum,3.34,DAI,272311153,1.69,4.03
2024-09-22,Aave,Optimism,2.93,USDC,277043683,0.89,4.56
2024-09-22,Aave,Optimism,3.16,USDT,266480444,1.45,5.73
2024-09-22,Aave,Optimism,3.06,DAI,264152506,0.9,3.15
2024-09-22,Aave,Polygon,3.35,USDC,291772996,0.72,3.69
2024-09-22,Aave,Polygon,3.16,USDT,263454408,0.66,2.21
2024-09-22,Aave,Polygon,3.45,DAI,263901440,0.49,3.05
2024-09-22,Aave,Base,3.5,USDC,266775378,1.26,3.63
2024-09-22,Aave,Base,3.13,USDT,261501459,0.88,4.81
2024-09-22,Aave,Base,3.08,DAI,248723515,1.08,2.18
2024-09-22,Compound,Ethereum,2.35,USDC,184065790,10.91,0
2024-09-22,Compound,Ethereum,2.44,USDT,189011245,10.17,0
2024-09-22,Compound,Ethereum,2.43,DAI,196609829,13.34,0
2024-09-22,Compound,Arbitrum,3.06,USDT,203064351,1.63,5.21
2024-09-22,Compound,Arbitrum,3.14,DAI,210659876,1.94,4.4
2024-09-22,Compound,Optimism,3.21,USDC,206000819,1.1,3.98
2024-09-22,Compound,Optimism,2.93,USDT,174562418,0.99,4.23
2024-09-22,Compound,Optimism,2.78,DAI,181096730,1.36,3.88
2024-09-22,Compound,Polygon,2.97,USDC,183228532,0.78,4.78
2024-09-22,Compound,Polygon,2.99,USDT,195228012,0.62,3.67
2024-09-22,Compound,Base,3.01,USDC,179354720,0.79,4.01
2024-09-22,Compound,Base,2.95,USDT,189404789,1.33,3.73
2024-09-22,Compound,Base,3.01,DAI,187120328,1.03,2.19
2024-09-22,Curve,Ethereum,8.1,USDC,335372017,12.71,0
2024-09-22,Curve,Ethereum,6.44,USDT,305694838,14.25,0
2024-09-22,Curve,Ethereum,6.86,DAI,352954180,14.94,0
2024-09-22,Curve,Arbitrum,11.34,USDC,314471627,1.57,4.02
2024-09-22,Curve,Arbitrum,10.14,USDT,349908925,1.91,4.82
2024-09-22,Curve,Arbitrum,7.96,DAI,361243408,1.76,6.62
2024-09-22,Curve,Optimism,8.27,USDT,346927246,1.18,4.46
2024-09-22,Curve,Polygon,10.49,USDC,342839764,0.68,2.99
2024-09-22,Curve,Polygon,9.39,USDT,359488791,0.73,2.98
2024-09-22,Curve,Polygon,9.87,DAI,319461286,0.65,2.74
2024-09-22,Curve,Base,8.97,USDC,350294745,0.93,4.94
2024-09-22,Curve,Base,9.58,USDT,336836385,1.08,3.84
2024-09-22,Curve,Base,9.22,DAI,322739235,1.34,6.13
2024-09-22,Uniswap V3,Ethereum,7.26,USDC,100363287,11.14,0
2024-09-22,Uniswap V3,Ethereum,10.72,USDT,100112093,11.07,0
2024-09-22,Uniswap V3,Ethereum,7.82,DAI,98183147,11.14,0
2024-09-22,Uniswap V3,Arbitrum,10.32,USDC,110928132,1.5,5.2
2024-09-22,Uniswap V3,Arbitrum,6.87,USDT,98586335,1.76,3.9
2024-09-22,Uniswap V3,Arbitrum,11.04,DAI,99939880,1.83,5.43
2024-09-22,Uniswap V3,Optimism,7.35,USDT,109822375,1.49,3.35
2024-09-22,Uniswap V3,Optimism,10.24,DAI,105324749,1.3,3.44
2024-09-22,Uniswap V3,Polygon,10.95,USDC,97800023,0.76,2.29
2024-09-22,Uniswap V3,Polygon,11.85,USDT,100617839,0.65,3.06
2024-09-22,Uniswap V3,Polygon,11.77,DAI,106483568,0.71,2.7
2024-09-22,Uniswap V3,Base,7.34,USDC,99613608,1.08,4.61
2024-09-22,Uniswap V3,Base,8.68,USDT,105022082,1.0,3.69
2024-09-22,Uniswap V3,Base,11.01,DAI,97761418,1.02,4.32
2024-09-22,Yearn,Ethereum,3.12,USDC,126187461,9.41,0
2024-09-22,Yearn,Ethereum,3.67,DAI,134330587,11.55,0
2024-09-22,Yearn,Arbitrum,4.29,USDC,126123003,1.86,5.55
2024-09-22,Yearn,Arbitrum,4.38,USDT,128561965,1.77,3.85
2024-09-22,Yearn,Arbitrum,4.11,DAI,123256737,1.42,4.78
2024-09-22,Yearn,Optimism,4.13,USDC,141265855,1.18,3.28
2024-09-22,Yearn,Optimism,4.03,USDT,123170276,1.15,5.39
2024-09-22,Yearn,Optimism,3.9,DAI,126817971,1.01,4.56
2024-09-22,Yearn,Polygon,4.07,USDC,137394073,0.74,2.61
2024-09-22,Yearn,Polygon,4.03,USDT,125908469,0.66,2.22
2024-09-22,Yearn,Polygon,4.84,DAI,117028265,0.64,1.92
2024-09-22,Yearn,Base,3.82,USDC,127580670,0.8,4.08
2024-09-22,Yearn,Base,4.03,USDT,139846118,1.03,3.99
2024-09-22,Yearn,Base,4.04,DAI,123998395,1.15,2.98
2024-09-22,Pendle,Ethereum,9.96,USDC,74184208,14.76,0
2024-09-22,Pendle,Ethereum,10.86,USDT,77845026,10.58,0
2024-09-22,Pendle,Ethereum,9.22,DAI,80533319,11.8,0
2024-09-22,Pendle,Arbitrum,15.18,USDC,86355086,1.48,4.62
2024-09-22,Pendle,Arbitrum,12.75,USDT,77290947,1.6,6.42
2024-09-22,Pendle,Arbitrum,11.31,DAI,80191599,2.02,5.71
2024-09-22,Pendle,Optimism,12.86,USDC,82431432,0.73,3.86
2024-09-22,Pendle,Optimism,12.99,USDT,74316786,1.22,2.84
2024-09-22,Pendle,Optimism,13.47,DAI,78421411,1.13,3.8
2024-09-22,Pendle,Base,12.9,USDC,79674008,1.03,5.46
2024-09-22,Pendle,Base,13.2,USDT,74623048,0.8,4.81
2024-09-22,Pendle,Base,13.57,DAI,80793827,0.83,4.62
2024-09-22,Convex,Ethereum,4.02,USDC,164744069,9.44,0
2024-09-22,Convex,Ethereum,4.56,USDT,154060326,13.68,0
2024-09-22,Convex,Ethereum,4.57,DAI,177184706,13.37,0
2024-09-22,Balancer,Ethereum,7.84,USDC,114531531,14.8,0
2024-09-22,Balancer,Ethereum,7.06,USDT,127255590,11.79,0
2024-09-22,Balancer,Ethereum,6.76,DAI,115582491,10.32,0
2024-09-22,Balancer,Arbitrum,8.66,USDC,128489679,1.58,4.47
2024-09-22,Balancer,Arbitrum,9.95,DAI,119096098,1.37,3.69
2024-09-22,Balancer,Optimism,8.35,USDC,112800965,1.39,5.94
2024-09-22,Balancer,Optimism,9.04,USDT,113699107,1.33,2.79
2024-09-22,Balancer,Optimism,7.92,DAI,115585480,1.4,4.56
2024-09-22,Balancer,Polygon,11.74,USDC,112098971,0.65,3.6
2024-09-22,Balancer,Polygon,9.79,USDT,113231506,0.55,2.38
2024-09-22,Balancer,Polygon,8.49,DAI,116561597,0.65,2.89
2024-09-22,Balancer,Base,9.79,USDC,117687631,0.73,4.41
2024-09-23,Aave,Ethereum,2.84,USDC,272063342,16.92,0
2024-09-23,Aave,Ethereum,2.76,USDT,250226456,15.63,0
2024-09-23,Aave,Ethereum,2.48,DAI,262633358,20.17,0
2024-09-23,Aave,Arbitrum,3.23,USDC,288792643,2.58,6.45
2024-09-23,Aave,Arbitrum,3.5,USDT,262690262,1.86,4.53
2024-09-23,Aave,Arbitrum,3.48,DAI,258859017,1.93,3.29
2024-09-23,Aave,Optimism,2.98,USDC,286523149,1.37,2.92
2024-09-23,Aave,Optimism,3.2,USDT,260400639,1.5,4.1
2024-09-23,Aave,Polygon,2.92,USDC,262897739,0.73,3.28
2024-09-23,Aave,Polygon,3.76,USDT,285006370,0.98,3.21
2024-09-23,Aave,Polygon,3.8,DAI,270540156,0.84,3.33
2024-09-23,Aave,Base,3.48,USDT,240830241,1.54,1.94
2024-09-23,Aave,Base,3.13,DAI,282238822,1.26,4.5
2024-09-23,Compound,Ethereum,2.3,USDT,168912944,18.56,0
2024-09-23,Compound,Ethereum,2.49,DAI,191119414,21.42,0
2024-09-23,Compound,Arbitrum,3.48,USDC,185719271,2.73,4.7
2024-09-23,Compound,Arbitrum,3.07,USDT,202710855,2.66,5.31
2024-09-23,Compound,Arbitrum,3.39,DAI,176636242,2.1,5.42
2024-09-23,Compound,Optimism,3.23,USDC,183430526,1.78,4.83
2024-09-23,Compound,Optimism,2.99,USDT,187046899,1.4,1.98
2024-09-23,Compound,Polygon,3.68,USDC,188092607,1.04,3.6
2024-09-23,Compound,Polygon,3.16,USDT,198683338,1.07,2.39
2024-09-23,Compound,Polygon,3.29,DAI,183905443,1.17,2.56
2024-09-23,Compound,Base,3.28,USDC,194322293,1.76,3.22
2024-09-23,Compound,Base,3.49,USDT,188961987,1.4,4.94
2024-09-23,Compound,Base,2.61,DAI,206677761,1.87,2.5
2024-09-23,Curve,Ethereum,8.46,USDC,332407998,15.8,0
2024-09-23,Curve,Ethereum,7.69,USDT,337056814,19.97,0
2024-09-23,Curve,Ethereum,7.76,DAI,329445282,20.2,0
2024-09-23,Curve,Arbitrum,9.45,USDC,358761285,2.16,6.35
2024-09-23,Curve,Arbitrum,8.76,USDT,332492577,2.48,4.74
2024-09-23,Curve,Arbitrum,6.78,DAI,378054359,2.74,3.91
2024-09-23,Curve,Optimism,9.12,USDC,367869284,1.93,3.64
2024-09-23,Curve,Optimism,9.48,USDT,335485515,1.96,4.65
2024-09-23,Curve,Polygon,9.01,USDC,346144178,1.14,3.02
2024-09-23,Curve,Polygon,10.19,DAI,332516860,0.98,1.61
2024-09-23,Curve,Base,9.79,USDC,351544212,1.49,4.13
2024-09-23,Curve,Base,8.6,USDT,326396387,1.55,4.92
2024-09-23,Curve,Base,8.18,DAI,362917645,1.26,4.58
2024-09-23,Uniswap V3,Ethereum,7.11,USDC,109971860,21.25,0
2024-09-23,Uniswap V3,Ethereum,8.23,USDT,98899966,23.06,0
2024-09-23,Uniswap V3,Ethereum,9.5,DAI,99996528,18.18,0
2024-09-23,Uniswap V3,Arbitrum,9.97,USDC,100687296,2.39,4.31
2024-09-23,Uniswap V3,Arbitrum,8.32,USDT,100897353,2.24,3.95
2024-09-23,Uniswap V3,Arbitrum,11.95,DAI,89025255,2.45,5.01
2024-09-23,Uniswap V3,Optimism,8.04,USDC,96603884,1.43,3.56
2024-09-23,Uniswap V3,Optimism,9.78,USDT,97521228,2.22,3.05
2024-09-23,Uniswap V3,Optimism,8.71,DAI,102813780,1.78,5.38
2024-09-23,Uniswap V3,Polygon,11.04,USDC,98219732,1.02,3.19
2024-09-23,Uniswap V3,Polygon,9.27,USDT,105063609,0.79,3.05
2024-09-23,Uniswap V3,Polygon,12.87,DAI,99851951,0.85,2.33
2024-09-23,Uniswap V3,Base,10.49,USDC,100626370,1.5,3.57
2024-09-23,Yearn,Ethereum,3.4,USDC,127483946,20.61,0
2024-09-23,Yearn,Ethereum,3.4,USDT,137641154,15.21,0
2024-09-23,Yearn,Ethereum,3.68,DAI,129725260,18.54,0
2024-09-23,Yearn,Arbitrum,4.2,USDC,140554045,2.85,4.7
2024-09-23,Yearn,Arbitrum,4.48,USDT,134109253,2.24,6.18
2024-09-23,Yearn,Arbitrum,4.47,DAI,133220077,2.87,4.31
2024-09-23,Yearn,Optimism,3.81,USDC,123153108,1.35,4.67
2024-09-23,Yearn,Optimism,3.82,USDT,121842076,1.56,3.39
2024-09-23,Yearn,Optimism,3.46,DAI,131250922,1.57,4.35
2024-09-23,Yearn,Polygon,4.38,USDC,132587694,1.1,2.67
2024-09-23,Yearn,Polygon,4.54,USDT,128612226,0.82,2.38
2024-09-23,Yearn,Polygon,4.58,DAI,132549430,1.06,3.26
2024-09-23,Yearn,Base,4.09,USDC,131746721,1.35,2.62
2024-09-23,Yearn,Base,4.21,USDT,137479117,1.67,3.33
2024-09-23,Yearn,Base,4.37,DAI,135942720,1.19,4.98
2024-09-23,Pendle,Ethereum,12.01,USDC,74967991,12.32,0
2024-09-23,Pendle,Ethereum,11.9,USDT,86911381,15.57,0
2024-09-23,Pendle,Ethereum,11.72,DAI,83087055,14.95,0
2024-09-23,Pendle,Arbitrum,9.72,USDC,82017554,2.79,5.72
2024-09-23,Pendle,Arbitrum,13.59,USDT,79508509,1.91,5.95
2024-09-23,Pendle,Arbitrum,15.85,DAI,78069566,2.86,6.89
2024-09-23,Pendle,Optimism,12.85,USDC,75021659,1.94,3.99
2024-09-23,Pendle,Optimism,12.16,USDT,82335157,1.69,5.14
2024-09-23,Pendle,Optimism,11.69,DAI,76448079,1.81,4.71
2024-09-23,Pendle,Base,17.68,USDC,80620601,1.35,4.37
2024-09-23,Pendle,Base,12.57,USDT,79509756,1.87,3.15
2024-09-23,Pendle,Base,15.07,DAI,76196349,1.24,3.46
2024-09-23,Convex,Ethereum,4.25,USDT,156637821,22.02,0
2024-09-23,Convex,Ethereum,4.68,DAI,165057066,17.67,0
2024-09-23,Balancer,Ethereum,9.07,USDC,109554108,22.21,0
2024-09-23,Balancer,Ethereum,6.93,DAI,112483418,20.47,0
2024-09-23,Balancer,Arbitrum,9.36,USDC,122460117,2.53,5.73
2024-09-23,Balancer,Arbitrum,11.27,DAI,122780898,2.08,6.62
2024-09-23,Balancer,Optimism,8.88,USDC,111659194,1.89,5.33
2024-09-23,Balancer,Optimism,11.4,USDT,119042860,1.86,2.74
2024-09-23,Balancer,Optimism,10.36,DAI,120946168,1.86,3.47
2024-09-23,Balancer,Polygon,9.15,USDT,110134843,0.84,3.45
2024-09-23,Balancer,Polygon,9.65,DAI,124869947,0.72,2.95
2024-09-23,Balancer,Base,8.34,USDC,123942703,1.39,5.0
2024-09-23,Balancer,Base,11.62,USDT,122902751,1.32,3.31
2024-09-23,Balancer,Base,10.6,DAI,117731844,1.03,3.97
2024-09-24,Aave,Ethereum,2.76,USDC,267061618,18.9,0
2024-09-24,Aave,Ethereum,2.85,USDT,272445328,20.17,0
2024-09-24,Aave,Arbitrum,3.36,USDC,266777176,2.48,4.42
2024-09-24,Aave,Arbitrum,3.14,USDT,276603667,2.54,4.16
2024-09-24,Aave,Arbitrum,3.09,DAI,285860055,2.31,4.19
2024-09-24,Aave,Optimism,3.14,USDC,265110601,1.97,3.31
2024-09-24,Aave,Optimism,3.62,USDT,273235276,1.42,3.72
2024-09-24,Aave,Optimism,3.14,DAI,278426110,1.65,3.23
2024-09-24,Aave,Polygon,3.3,USDC,257788318,1.01,3.6
2024-09-24,Aave,Polygon,4.06,USDT,258786613,0.88,3.47
2024-09-24,Aave,Polygon,3.88,DAI,265049471,0.95,2.04
2024-09-24,Aave,Base,3.24,USDC,273293180,1.17,4.1
2024-09-24,Aave,Base,3.51,DAI,258494230,1.65,3.62
2024-09-24,Compound,Ethereum,2.76,USDC,185969228,16.58,0
2024-09-24,Compound,Ethereum,2.48,USDT,197813656,18.73,0
2024-09-24,Compound,Ethereum,2.49,DAI,188833961,22.4,0
2024-09-24,Compound,Arbitrum,3.19,USDC,182624200,2.15,4.59
2024-09-24,Compound,Arbitrum,3.13,USDT,184651871,2.69,4.86
2024-09-24,Compound,Arbitrum,3.21,DAI,181825281,1.49,5.43
2024-09-24,Compound,Optimism,2.86,USDC,186400418,1.95,3.56
2024-09-24,Compound,Optimism,3.07,DAI,182639616,1.3,3.26
2024-09-24,Compound,Polygon,3.68,USDC,204229010,1.02,3.84
2024-09-24,Compound,Polygon,3.44,USDT,192448399,0.95,2.38
2024-09-24,Compound,Polygon,3.32,DAI,195120220,1.06,3.06
2024-09-24,Compound,Base,3.47,USDC,203850584,1.61,4.86
2024-09-24,Compound,Base,3.04,USDT,194667436,1.58,4.04
2024-09-24,Compound,Base,3.16,DAI,200958094,1.42,3.55
2024-09-24,Curve,Ethereum,7.44,USDT,336681520,19.81,0
2024-09-24,Curve,Ethereum,7.92,DAI,340266875,16.97,0
2024-09-24,Curve,Arbitrum,9.63,USDC,321841645,2.6,4.42
2024-09-24,Curve,Arbitrum,11.48,USDT,370608095,2.45,4.65
2024-09-24,Curve,Arbitrum,9.32,DAI,341197278,2.6,5.61
2024-09-24,Curve,Optimism,8.95,USDC,322419167,1.42,5.07
2024-09-24,Curve,Optimism,9.42,USDT,321988797,2.15,4.47
2024-09-24,Curve,Optimism,8.65,DAI,366217863,1.68,5.54
2024-09-24,Curve,Polygon,10.72,USDC,340328188,0.74,1.74
2024-09-24,Curve,Polygon,8.49,USDT,361171980,0.83,3.08
2024-09-24,Curve,Polygon,10.15,DAI,336423618,0.94,2.33
2024-09-24,Curve,Base,10.47,USDC,350347208,1.33,4.7
2024-09-24,Curve,Base,7.75,USDT,335045866,1.17,5.5
2024-09-24,Curve,Base,9.92,DAI,349654701,1.54,3.95
2024-09-24,Uniswap V3,Ethereum,7.76,USDC,106809046,17.55,0
2024-09-24,Uniswap V3,Ethereum,7.63,USDT,112561429,19.95,0
2024-09-24,Uniswap V3,Ethereum,8.06,DAI,98533157,19.76,0
2024-09-24,Uniswap V3,Arbitrum,9.39,USDC,99085984,2.9,5.65
2024-09-24,Uniswap V3,Arbitrum,9.99,DAI,98407089,1.74,2.23
2024-09-24,Uniswap V3,Optimism,10.06,USDC,100435636,1.69,4.12
2024-09-24,Uniswap V3,Optimism,9.48,USDT,100897961,1.75,4.69
2024-09-24,Uniswap V3,Optimism,9.6,DAI,108708281,1.84,4.95
2024-09-24,Uniswap V3,Polygon,10.22,USDT,97375019,0.87,2.81
2024-09-24,Uniswap V3,Polygon,10.13,DAI,103501999,0.93,3.33
2024-09-24,Uniswap V3,Base,7.87,USDC,99850333,1.7,5.11
2024-09-24,Uniswap V3,Base,9.25,USDT,102374662,1.25,3.7
2024-09-24,Uniswap V3,Base,11.03,DAI,101659693,1.35,3.91
2024-09-24,Yearn,Ethereum,3.13,USDC,140436658,17.74,0
2024-09-24,Yearn,Ethereum,3.35,USDT,127756112,16.71,0
2024-09-24,Yearn,Ethereum,3.3,DAI,123463609,14.1,0
2024-09-24,Yearn,Arbitrum,4.48,USDC,134654615,2.55,5.45
2024-09-24,Yearn,Arbitrum,4.67,DAI,126823201,2.39,4.09
2024-09-24,Yearn,Optimism,4.32,USDC,127011328,1.84,5.65
2024-09-24,Yearn,Optimism,4.19,USDT,139853822,2.14,4.54
2024-09-24,Yearn,Optimism,4.18,DAI,132809350,1.51,3.41
2024-09-24,Yearn,Polygon,4.92,USDC,144024239,0.93,3.03
2024-09-24,Yearn,Polygon,4.83,USDT,140337045,0.9,3.46
2024-09-24,Yearn,Polygon,4.56,DAI,132862753,0.89,3.49
2024-09-24,Yearn,Base,4.0,USDC,123170179,1.4,3.93
2024-09-24,Yearn,Base,4.66,USDT,134132593,1.45,4.25
2024-09-24,Yearn,Base,4.11,DAI,125457530,1.68,4.96
2024-09-24,Pendle,Ethereum,9.17,USDC,79593517,14.99,0
2024-09-24,Pendle,Ethereum,10.95,USDT,86421044,15.82,0
2024-09-24,Pendle,Ethereum,10.92,DAI,77068179,21.46,0
2024-09-24,Pendle,Arbitrum,11.35,USDC,83286342,2.8,4.58
2024-09-24,Pendle,Arbitrum,17.94,USDT,78525885,1.87,6.26
2024-09-24,Pendle,Optimism,13.23,USDC,83347363,2.05,2.79
2024-09-24,Pendle,Optimism,9.13,USDT,77970915,1.93,4.36
2024-09-24,Pendle,Base,11.42,USDC,85043268,1.29,3.84
2024-09-24,Pendle,Base,12.06,USDT,78239352,1.35,4.56
2024-09-24,Pendle,Base,13.45,DAI,79489105,1.53,4.35
2024-09-24,Convex,Ethereum,4.36,USDC,171072658,16.53,0
2024-09-24,Convex,Ethereum,5.15,USDT,162809861,21.45,0
2024-09-24,Convex,Ethereum,4.86,DAI,155963117,18.41,0
2024-09-24,Balancer,Ethereum,7.82,USDC,114474127,14.71,0
2024-09-24,Balancer,Ethereum,6.41,DAI,120200172,18.64,0
2024-09-24,Balancer,Arbitrum,10.63,USDC,121139276,2.45,4.47
2024-09-24,Balancer,Arbitrum,9.56,USDT,128332214,2.44,4.82
2024-09-24,Balancer,Arbitrum,9.87,DAI,118733496,2.15,6.5
2024-09-24,Balancer,Optimism,9.08,USDC,121358093,1.98,3.02
2024-09-24,Balancer,Optimism,7.72,USDT,138086846,1.99,4.22
2024-09-24,Balancer,Optimism,8.51,DAI,118770030,2.46,3.05
2024-09-24,Balancer,Polygon,9.95,USDT,126962912,0.78,3.91
2024-09-24,Balancer,Polygon,7.97,DAI,123265173,0.77,3.4
2024-09-24,Balancer,Base,11.76,USDC,122225157,1.46,2.76
2024-09-24,Balancer,Base,9.52,USDT,124137520,1.48,3.86
2024-09-24,Balancer,Base,11.41,DAI,122031301,1.84,2.33
2024-09-25,Aave,Ethereum,2.72,USDC,282479857,19.51,0
2024-09-25,Aave,Ethereum,2.59,USDT,277578281,18.67,0
2024-09-25,Aave,Ethereum,2.84,DAI,273902968,17.87,0
2024-09-25,Aave,Arbitrum,3.94,USDC,292181247,2.42,5.42
2024-09-25,Aave,Arbitrum,3.38,USDT,291771773,2.24,5.24
2024-09-25,Aave,Arbitrum,3.26,DAI,279606110,2.31,5.26
2024-09-25,Aave,Optimism,2.83,USDC,288839829,1.65,4.49
2024-09-25,Aave,Optimism,3.88,USDT,260295199,1.81,4.47
2024-09-25,Aave,Optimism,3.45,DAI,287165733,2.04,2.59
2024-09-25,Aave,Polygon,3.69,USDC,273531316,1.17,2.76
2024-09-25,Aave,Polygon,3.83,USDT,271225429,1.01,3.31
2024-09-25,Aave,Polygon,4.04,DAI,289637298,1.08,3.04
2024-09-25,Aave,Base,3.31,USDC,285091876,1.77,2.48
2024-09-25,Aave,Base,3.74,USDT,270562965,1.65,4.13
2024-09-25,Aave,Base,3.46,DAI,285676251,1.4,3.61
2024-09-25,Compound,Ethereum,2.94,USDC,189296116,19.0,0
2024-09-25,Compound,Ethereum,2.89,USDT,187512246,18.63,0
2024-09-25,Compound,Ethereum,2.42,DAI,203154135,19.11,0
2024-09-25,Compound,Arbitrum,3.33,USDT,185544052,1.87,3.94
2024-09-25,Compound,Arbitrum,3.67,DAI,213320114,2.52,5.18
2024-09-25,Compound,Optimism,2.91,USDC,205295351,1.83,3.7
2024-09-25,Compound,Optimism,3.14,USDT,216964752,1.73,5.49
2024-09-25,Compound,Polygon,3.68,USDT,208392437,0.86,2.41
2024-09-25,Compound,Base,3.26,USDC,205442194,1.57,4.34
2024-09-25,Compound,Base,2.92,USDT,180716484,1.7,4.59
2024-09-25,Compound,Base,3.62,DAI,203775917,1.32,4.78
2024-09-25,Curve,Ethereum,6.39,USDC,335641913,17.87,0
2024-09-25,Curve,Ethereum,7.69,USDT,362522341,16.67,0
2024-09-25,Curve,Ethereum,6.79,DAI,342781652,14.66,0
2024-09-25,Curve,Arbitrum,10.43,USDC,362406366,2.24,5.51
2024-09-25,Curve,Arbitrum,9.6,USDT,352629257,2.28,6.95
2024-09-25,Curve,Arbitrum,10.17,DAI,363088169,2.53,5.39
2024-09-25,Curve,Optimism,7.27,USDC,384825695,1.58,3.51
2024-09-25,Curve,Polygon,7.0,USDC,369296646,0.93,3.12
2024-09-25,Curve,Polygon,8.48,USDT,327823738,1.08,4.13
2024-09-25,Curve,Polygon,8.9,DAI,361489497,0.94,2.45
2024-09-25,Curve,Base,7.83,USDT,353385630,1.27,4.24
2024-09-25,Uniswap V3,Ethereum,8.27,USDC,100656496,19.58,0
2024-09-25,Uniswap V3,Ethereum,7.49,DAI,104470095,17.26,0
2024-09-25,Uniswap V3,Arbitrum,11.5,USDC,105071626,2.51,3.21
2024-09-25,Uniswap V3,Arbitrum,9.98,USDT,101161176,2.93,4.66
2024-09-25,Uniswap V3,Arbitrum,9.89,DAI,105758477,2.25,6.34
2024-09-25,Uniswap V3,Optimism,9.8,USDC,99276211,1.46,1.78
2024-09-25,Uniswap V3,Optimism,10.22,DAI,106370237,1.25,4.13
2024-09-25,Uniswap V3,Polygon,9.6,USDC,102735993,1.09,3.81
2024-09-25,Uniswap V3,Polygon,11.39,USDT,113700600,0.99,3.13
2024-09-25,Uniswap V3,Base,9.8,USDC,109613484,1.44,4.49
2024-09-25,Uniswap V3,Base,10.92,USDT,89474626,1.14,2.83
2024-09-25,Uniswap V3,Base,6.49,DAI,103767083,1.32,3.41
2024-09-25,Yearn,Ethereum,4.0,USDC,126435037,14.76,0
2024-09-25,Yearn,Ethereum,3.92,USDT,137955835,15.67,0
2024-09-25,Yearn,Ethereum,3.65,DAI,134684508,24.71,0
2024-09-25,Yearn,Arbitrum,3.8,USDC,132866783,2.35,4.7
2024-09-25,Yearn,Arbitrum,4.12,USDT,116923682,2.35,5.32
2024-09-25,Yearn,Arbitrum,4.15,DAI,131247494,1.81,5.35
2024-09-25,Yearn,Optimism,4.47,USDC,131901827,2.27,5.12
2024-09-25,Yearn,Optimism,3.66,USDT,136502802,2.05,3.77
2024-09-25,Yearn,Optimism,4.41,DAI,132898368,2.09,3.41
2024-09-25,Yearn,Polygon,4.65,USDT,134611831,0.94,3.07
2024-09-25,Yearn,Polygon,3.97,DAI,129425571,0.82,3.25
2024-09-25,Yearn,Base,4.15,USDC,139561848,1.37,3.86
2024-09-25,Yearn,Base,4.11,USDT,136162647,1.07,4.27
2024-09-25,Yearn,Base,4.48,DAI,131839609,1.61,3.7
2024-09-25,Pendle,Ethereum,7.69,USDC,83949783,17.27,0
2024-09-25,Pendle,Ethereum,13.0,USDT,83387589,21.57,0
2024-09-25,Pendle,Ethereum,9.64,DAI,87321439,22.17,0
2024-09-25,Pendle,Arbitrum,14.24,USDC,82457204,2.62,4.97
2024-09-25,Pendle,Arbitrum,16.21,USDT,83486358,2.31,4.46
2024-09-25,Pendle,Arbitrum,13.74,DAI,78216449,2.1,3.66
2024-09-25,Pendle,Optimism,14.19,USDC,82517222,2.04,3.24
2024-09-25,Pendle,Optimism,12.92,USDT,78643019,1.49,4.55
2024-09-25,Pendle,Optimism,13.08,DAI,79901534,1.94,3.91
2024-09-25,Pendle,Base,11.31,USDT,80227151,1.22,5.35
2024-09-25,Pendle,Base,14.29,DAI,83417142,1.31,3.83
2024-09-25,Convex,Ethereum,5.09,USDC,159025165,20.37,0
2024-09-25,Convex,Ethereum,4.47,USDT,171502022,15.75,0
2024-09-25,Convex,Ethereum,4.89,DAI,166180821,19.89,0
2024-09-25,Balancer,Ethereum,6.29,USDC,126761986,15.29,0
2024-09-25,Balancer,Ethereum,10.16,USDT,118320998,15.34,0
2024-09-25,Balancer,Ethereum,8.21,DAI,114937845,18.81,0
2024-09-25,Balancer,Arbitrum,8.06,USDC,113333564,2.2,4.02
2024-09-25,Balancer,Arbitrum,9.62,USDT,126384795,2.9,4.67
2024-09-25,Balancer,Arbitrum,9.64,DAI,123433115,2.18,5.88
2024-09-25,Balancer,Optimism,10.01,USDC,131817664,1.36,4.02
2024-09-25,Balancer,Optimism,10.31,USDT,123557660,1.4,4.38
2024-09-25,Balancer,Polygon,10.09,USDC,115805900,0.87,2.94
2024-09-25,Balancer,Polygon,10.47,USDT,110963324,1.1,2.81
2024-09-25,Balancer,Polygon,9.42,DAI,119869333,1.01,2.96
2024-09-25,Balancer,Base,9.96,USDT,114316814,1.43,4.57
2024-09-25,Balancer,Base,11.17,DAI,114244464,1.23,4.15
2024-09-26,Aave,Ethereum,2.2,USDC,255068678,14.66,0
2024-09-26,Aave,Ethereum,3.11,USDT,286353264,15.87,0
2024-09-26,Aave,Arbitrum,3.79,USDC,283561933,2.26,4.75
2024-09-26,Aave,Arbitrum,3.31,USDT,259069175,2.1,4.49
2024-09-26,Aave,Optimism,3.31,USDC,300142780,2.02,3.71
2024-09-26,Aave,Optimism,3.41,USDT,262122097,2.13,4.71
2024-09-26,Aave,Optimism,3.58,DAI,266553638,1.81,3.29
2024-09-26,Aave,Polygon,3.43,USDC,290048354,1.04,2.78
2024-09-26,Aave,Polygon,3.2,USDT,268886907,0.87,2.35
2024-09-26,Aave,Polygon,3.63,DAI,250926984,0.9,2.93
2024-09-26,Aave,Base,3.3,USDT,298360320,1.46,4.77
2024-09-26,Aave,Base,3.06,DAI,278624965,1.73,3.67
2024-09-26,Compound,Ethereum,2.43,USDC,191656683,21.33,0
2024-09-26,Compound,Ethereum,2.73,USDT,199761028,12.18,0
2024-09-26,Compound,Ethereum,3.0,DAI,194128594,18.99,0
2024-09-26,Compound,Arbitrum,3.0,USDC,199388899,1.53,4.75
2024-09-26,Compound,Arbitrum,3.3,USDT,205684524,1.89,5.18
2024-09-26,Compound,Arbitrum,3.3,DAI,203578326,1.67,5.28
2024-09-26,Compound,Optimism,3.4,USDC,202295912,1.36,3.45
2024-09-26,Compound,Optimism,3.4,USDT,203822189,1.75,4.21
2024-09-26,Compound,Optimism,3.62,DAI,204922721,1.29,5.13
2024-09-26,Compound,Polygon,3.57,USDC,189751788,0.99,2.9
2024-09-26,Compound,Polygon,3.58,USDT,184328256,0.74,1.55
2024-09-26,Compound,Polygon,3.44,DAI,211120822,1.01,3.09
2024-09-26,Compound,Base,3.01,USDC,212283568,1.45,2.46
2024-09-26,Compound,Base,3.25,USDT,186516968,1.5,4.95
2024-09-26,Compound,Base,3.35,DAI,218381974,1.45,4.43
2024-09-26,Curve,Ethereum,7.36,USDC,348687523,22.02,0
2024-09-26,Curve,Ethereum,7.74,USDT,353591001,20.19,0
2024-09-26,Curve,Ethereum,7.36,DAI,350810214,18.92,0
2024-09-26,Curve,Arbitrum,8.13,USDT,372636119,2.73,4.99
2024-09-26,Curve,Arbitrum,8.93,DAI,355675810,2.47,5.0
2024-09-26,Curve,Optimism,9.6,USDC,342124834,1.56,4.73
2024-09-26,Curve,Optimism,8.53,USDT,381370663,2.45,4.27
2024-09-26,Curve,Optimism,10.36,DAI,374644561,1.8,4.94
2024-09-26,Curve,Polygon,10.33,USDT,355161159,1.1,2.09
2024-09-26,Curve,Polygon,8.76,DAI,387465355,0.9,2.96
2024-09-26,Curve,Base,10.55,USDC,382570544,1.55,2.84
2024-09-26,Curve,Base,9.56,USDT,338706194,1.38,4.92
2024-09-26,Curve,Base,9.24,DAI,347409394,1.2,3.82
2024-09-26,Uniswap V3,Ethereum,10.71,USDC,106685487,20.16,0
2024-09-26,Uniswap V3,Arbitrum,8.42,USDT,108146470,2.42,6.01
2024-09-26,Uniswap V3,Arbitrum,7.56,DAI,115283645,2.06,5.45
2024-09-26,Uniswap V3,Optimism,10.02,USDC,107137495,1.98,3.14
2024-09-26,Uniswap V3,Optimism,11.51,USDT,111340563,1.78,4.0
2024-09-26,Uniswap V3,Optimism,10.66,DAI,99488936,1.62,3.61
2024-09-26,Uniswap V3,Polygon,8.52,USDC,103455776,0.7,3.16
2024-09-26,Uniswap V3,Polygon,11.75,USDT,116592669,0.91,2.64
2024-09-26,Uniswap V3,Base,10.44,USDC,97022101,1.59,3.85
2024-09-26,Uniswap V3,Base,8.54,USDT,103984073,1.05,3.95
2024-09-26,Uniswap V3,Base,10.02,DAI,102946163,1.71,4.29
2024-09-26,Yearn,Ethereum,3.66,USDC,136236030,11.88,0
2024-09-26,Yearn,Ethereum,3.82,USDT,130982764,17.01,0
2024-09-26,Yearn,Ethereum,3.72,DAI,138116860,17.85,0
2024-09-26,Yearn,Arbitrum,4.25,USDC,138750670,2.33,5.72
2024-09-26,Yearn,Arbitrum,4.77,USDT,144446047,2.71,5.15
2024-09-26,Yearn,Arbitrum,4.38,DAI,124891018,2.83,3.42
2024-09-26,Yearn,Optimism,4.19,USDC,130608398,1.38,4.32
2024-09-26,Yearn,Optimism,4.34,USDT,128731506,1.58,3.43
2024-09-26,Yearn,Optimism,4.37,DAI,129108792,1.76,4.03
2024-09-26,Yearn,Polygon,4.59,USDC,118331614,0.98,1.88
2024-09-26,Yearn,Polygon,4.61,USDT,138290440,1.1,2.65
2024-09-26,Yearn,Polygon,4.32,DAI,129002221,0.87,3.14
2024-09-26,Yearn,Base,4.81,USDC,131459813,1.15,4.19
2024-09-26,Yearn,Base,4.35,USDT,136556131,1.68,2.57
2024-09-26,Yearn,Base,4.13,DAI,139986951,1.27,2.56
2024-09-26,Pendle,Ethereum,10.45,USDT,82261295,16.03,0
2024-09-26,Pendle,Ethereum,14.21,DAI,86675902,15.68,0
2024-09-26,Pendle,Arbitrum,14.55,USDC,84641020,2.8,4.38
2024-09-26,Pendle,Arbitrum,14.15,USDT,80578986,2.4,4.63
2024-09-26,Pendle,Arbitrum,13.82,DAI,86612773,2.5,5.97
2024-09-26,Pendle,Optimism,14.87,USDC,81991693,1.56,2.53
2024-09-26,Pendle,Optimism,13.51,USDT,80617816,1.35,4.25
2024-09-26,Pendle,Optimism,15.01,DAI,86485339,1.3,4.37
2024-09-26,Pendle,Base,15.02,USDC,92534971,1.55,4.07
2024-09-26,Pendle,Base,15.57,USDT,84082970,1.85,3.39
2024-09-26,Pendle,Base,10.5,DAI,83111531,1.36,4.6
2024-09-26,Convex,Ethereum,4.63,USDC,176345486,17.46,0
2024-09-26,Convex,Ethereum,5.5,USDT,159920173,19.82,0
2024-09-26,Convex,Ethereum,6.02,DAI,168920068,13.88,0
2024-09-26,Balancer,Ethereum,8.41,USDC,131771043,15.16,0
2024-09-26,Balancer,Arbitrum,10.16,USDT,122737982,3.37,4.19
2024-09-26,Balancer,Arbitrum,8.75,DAI,120044862,2.68,3.67
2024-09-26,Balancer,Optimism,7.89,USDC,128244293,1.89,3.92
2024-09-26,Balancer,Optimism,7.68,USDT,120552328,1.75,3.55
2024-09-26,Balancer,Optimism,9.15,DAI,136852457,1.74,3.72
2024-09-26,Balancer,Polygon,10.6,USDC,119042791,1.0,2.64
2024-09-26,Balancer,Base,8.51,USDC,126928884,1.48,3.27
2024-09-26,Balancer,Base,7.7,USDT,121291887,1.2,3.92
2024-09-26,Balancer,Base,9.89,DAI,125593409,1.45,3.13
2024-09-27,Aave,Ethereum,2.92,USDC,288524267,16.81,0
2024-09-27,Aave,Ethereum,2.72,DAI,298253637,14.6,0
2024-09-27,Aave,Arbitrum,3.33,USDC,270718913,1.95,3.41
2024-09-27,Aave,Arbitrum,3.15,USDT,280420245,1.47,4.2
2024-09-27,Aave,Arbitrum,3.2,DAI,276237779,2.64,3.92
2024-09-27,Aave,Optimism,3.11,USDC,291124253,1.54,2.57
2024-09-27,Aave,Optimism,3.32,USDT,273164195,1.82,4.82
2024-09-27,Aave,Optimism,3.53,DAI,282878173,1.95,5.26
2024-09-27,Aave,Polygon,3.49,USDT,286567944,0.73,3.25
2024-09-27,Aave,Polygon,3.36,DAI,297030232,1.02,3.68
2024-09-27,Aave,Base,3.31,USDC,269096695,1.75,5.5
2024-09-27,Aave,Base,3.44,USDT,276964718,1.68,3.66
2024-09-27,Aave,Base,3.42,DAI,295022235,1.45,4.45
2024-09-27,Compound,Ethereum,2.53,USDC,204164764,20.74,0
2024-09-27,Compound,Ethereum,2.86,USDT,210000074,21.17,0
2024-09-27,Compound,Ethereum,3.0,DAI,217295134,18.97,0
2024-09-27,Compound,Arbitrum,3.28,USDC,212215596,1.87,3.46
2024-09-27,Compound,Arbitrum,2.88,DAI,196910911,2.07,4.13
2024-09-27,Compound,Optimism,2.96,USDC,189703474,1.72,2.64
2024-09-27,Compound,Optimism,2.9,USDT,202076889,2.02,4.26
2024-09-27,Compound,Polygon,3.23,USDT,194397161,0.87,1.94
2024-09-27,Compound,Polygon,3.28,DAI,212498326,0.68,3.64
2024-09-27,Compound,Base,2.99,USDC,210562067,1.6,4.69
2024-09-27,Compound,Base,3.47,USDT,206685834,1.56,4.71
2024-09-27,Compound,Base,3.14,DAI,193821219,1.45,4.58
2024-09-27,Curve,Ethereum,8.31,USDC,352223928,20.09,0
2024-09-27,Curve,Ethereum,5.96,USDT,357076495,18.25,0
2024-09-27,Curve,Ethereum,6.93,DAI,375625766,23.59,0
2024-09-27,Curve,Arbitrum,8.77,USDC,362081156,2.43,4.87
2024-09-27,Curve,Arbitrum,7.63,DAI,382555873,2.37,5.97
2024-09-27,Curve,Optimism,8.4,USDT,358372296,1.39,3.28
2024-09-27,Curve,Optimism,8.86,DAI,361240911,2.07,3.21
2024-09-27,Curve,Polygon,11.59,USDC,349292456,0.91,2.12
2024-09-27,Curve,Polygon,10.3,USDT,357735164,1.0,3.53
2024-09-27,Curve,Polygon,10.03,DAI,363300857,0.85,2.06
2024-09-27,Curve,Base,8.81,USDC,372898437,1.63,2.07
2024-09-27,Curve,Base,10.18,USDT,374147761,1.15,4.79
2024-09-27,Curve,Base,9.33,DAI,348299183,1.27,2.41
2024-09-27,Uniswap V3,Ethereum,8.67,USDC,107927919,15.23,0
2024-09-27,Uniswap V3,Ethereum,7.16,USDT,112766083,18.57,0
2024-09-27,Uniswap V3,Ethereum,7.57,DAI,107075515,18.96,0
2024-09-27,Uniswap V3,Arbitrum,11.03,USDC,106602780,2.28,4.41
2024-09-27,Uniswap V3,Arbitrum,12.49,USDT,108089270,2.43,3.61
2024-09-27,Uniswap V3,Arbitrum,10.5,DAI,111056244,2.33,4.2
2024-09-27,Uniswap V3,Optimism,9.29,DAI,110275671,1.77,3.6
2024-09-27,Uniswap V3,Polygon,8.79,USDC,101759889,0.94,3.18
2024-09-27,Uniswap V3,Polygon,10.41,USDT,107651834,0.99,3.87
2024-09-27,Uniswap V3,Polygon,10.74,DAI,93996330,1.02,5.02
2024-09-27,Uniswap V3,Base,6.69,USDC,102888418,1.63,3.48
2024-09-27,Uniswap V3,Base,10.83,USDT,108968687,1.79,3.95
2024-09-27,Yearn,Ethereum,3.87,USDC,126776142,16.77,0
2024-09-27,Yearn,Ethereum,3.75,USDT,122620261,23.14,0
2024-09-27,Yearn,Ethereum,3.67,DAI,146711840,14.01,0
2024-09-27,Yearn,Arbitrum,4.5,USDT,127893009,2.37,4.69
2024-09-27,Yearn,Arbitrum,4.74,DAI,141294510,2.9,4.74
2024-09-27,Yearn,Optimism,3.62,USDC,119757485,1.51,3.06
2024-09-27,Yearn,Optimism,4.23,USDT,131412886,1.32,4.08
2024-09-27,Yearn,Optimism,4.22,DAI,131080753,1.67,4.6
2024-09-27,Yearn,Polygon,4.47,USDC,139403059,0.9,3.43
2024-09-27,Yearn,Polygon,4.8,USDT,133956970,1.1,2.87
2024-09-27,Yearn,Polygon,4.64,DAI,127522423,0.84,2.59
2024-09-27,Yearn,Base,4.34,USDC,137829707,1.26,4.62
2024-09-27,Yearn,Base,4.64,USDT,128809574,1.41,4.59
2024-09-27,Yearn,Base,3.85,DAI,130971207,1.81,4.48
2024-09-27,Pendle,Ethereum,11.04,USDC,88862008,19.46,0
2024-09-27,Pendle,Ethereum,11.82,USDT,83777103,12.33,0
2024-09-27,Pendle,Ethereum,10.42,DAI,87051968,21.42,0
2024-09-27,Pendle,Arbitrum,14.16,USDC,85924756,2.94,4.68
2024-09-27,Pendle,Arbitrum,10.87,USDT,84636702,2.58,5.31
2024-09-27,Pendle,Arbitrum,13.75,DAI,87143629,1.91,6.92
2024-09-27,Pendle,Optimism,13.69,USDC,89108933,1.94,4.32
2024-09-27,Pendle,Optimism,14.54,USDT,80996021,1.8,4.46
2024-09-27,Pendle,Optimism,12.19,DAI,83932836,2.09,3.81
2024-09-27,Pendle,Base,13.42,USDC,81654635,1.59,4.09
2024-09-27,Pendle,Base,14.36,USDT,90478934,1.35,4.49
2024-09-27,Pendle,Base,12.21,DAI,87687777,1.39,4.15
2024-09-27,Convex,Ethereum,4.55,USDC,172974909,21.93,0
2024-09-27,Convex,Ethereum,4.58,USDT,183662434,16.57,0
2024-09-27,Convex,Ethereum,4.97,DAI,161862715,15.38,0
2024-09-27,Balancer,Ethereum,8.29,USDC,121800038,14.22,0
2024-09-27,Balancer,Ethereum,7.49,USDT,133859236,22.54,0
2024-09-27,Balancer,Ethereum,8.5,DAI,137991803,19.85,0
2024-09-27,Balancer,Arbitrum,8.79,USDC,121172703,2.27,4.75
2024-09-27,Balancer,Arbitrum,7.64,USDT,122196055,1.92,4.54
2024-09-27,Balancer,Arbitrum,10.75,DAI,125379832,2.33,5.0
2024-09-27,Balancer,Optimism,9.02,USDC,123789453,1.9,4.88
2024-09-27,Balancer,Optimism,8.15,USDT,129453329,1.92,4.32
2024-09-27,Balancer,Optimism,8.15,DAI,124804425,2.31,3.54
2024-09-27,Balancer,Polygon,10.9,USDC,129404287,0.87,2.91
2024-09-27,Balancer,Polygon,8.8,USDT,125048628,1.14,2.21
2024-09-27,Balancer,Polygon,10.12,DAI,123881092,1.25,2.85
2024-09-27,Balancer,Base,9.92,USDC,127811749,1.36,4.01
2024-09-27,Balancer,Base,8.61,USDT,120051837,1.36,3.69
2024-09-27,Balancer,Base,9.56,DAI,129607802,1.17,4.36
2024-09-28,Aave,Ethereum,2.72,USDC,292149253,11.44,0
2024-09-28,Aave,Ethereum,3.08,USDT,279887884,12.09,0
2024-09-28,Aave,Ethereum,3.07,DAI,298827809,10.4,0
2024-09-28,Aave,Arbitrum,3.09,USDC,283618387,1.59,4.81
2024-09-28,Aave,Arbitrum,3.63,USDT,290392621,1.57,6.39
2024-09-28,Aave,Arbitrum,3.13,DAI,295492164,1.19,4.78
2024-09-28,Aave,Optimism,3.37,USDC,310456367,1.14,2.45
2024-09-28,Aave,Optimism,3.46,USDT,303147756,1.4,3.7
2024-09-28,Aave,Optimism,3.21,DAI,266857404,1.4,3.51
2024-09-28,Aave,Polygon,3.33,USDC,305726045,0.59,3.6
2024-09-28,Aave,Polygon,3.63,DAI,299659316,0.71,1.36
2024-09-28,Aave,Base,3.41,USDC,286834353,0.94,2.87
2024-09-28,Aave,Base,3.22,USDT,290436897,1.03,4.84
2024-09-28,Aave,Base,3.12,DAI,285946295,0.95,3.27
2024-09-28,Compound,Ethereum,2.45,USDC,200450276,12.05,0
2024-09-28,Compound,Ethereum,2.72,USDT,183141553,14.24,0
2024-09-28,Compound,Ethereum,2.43,DAI,205830892,11.58,0
2024-09-28,Compound,Arbitrum,3.27,USDC,192629191,2.06,4.57
2024-09-28,Compound,Arbitrum,3.11,USDT,209524757,1.56,4.92
2024-09-28,Compound,Arbitrum,3.15,DAI,210720874,1.54,5.61
2024-09-28,Compound,Optimism,3.2,USDC,207350697,1.22,3.69
2024-09-28,Compound,Optimism,2.61,DAI,212255286,1.31,4.45
2024-09-28,Compound,Polygon,3.57,USDC,213137805,0.86,3.77
2024-09-28,Compound,Polygon,3.28,USDT,195742422,0.77,2.93
2024-09-28,Compound,Polygon,3.73,DAI,214905471,0.68,3.43
2024-09-28,Compound,Base,3.09,USDC,207932177,1.15,4.82
2024-09-28,Compound,Base,2.82,USDT,217053066,0.99,3.88
2024-09-28,Compound,Base,2.77,DAI,208906282,1.09,3.14
2024-09-28,Curve,Ethereum,7.89,USDC,354862744,12.74,0
2024-09-28,Curve,Ethereum,6.56,DAI,395845554,15.28,0
2024-09-28,Curve,Arbitrum,9.33,USDC,406394296,1.96,5.01
2024-09-28,Curve,Arbitrum,9.95,USDT,383796863,1.51,4.09
2024-09-28,Curve,Arbitrum,7.92,DAI,368506480,1.13,5.2
2024-09-28,Curve,Optimism,9.53,USDC,361035702,1.28,3.89
2024-09-28,Curve,Optimism,8.22,USDT,373304912,1.24,3.79
2024-09-28,Curve,Optimism,9.37,DAI,427399617,1.32,3.13
2024-09-28,Curve,Polygon,6.81,USDC,376234949,0.52,2.27
2024-09-28,Curve,Polygon,8.95,USDT,371273625,0.62,3.53
2024-09-28,Curve,Polygon,10.47,DAI,373564661,0.79,3.65
2024-09-28,Curve,Base,9.06,USDC,398513196,1.09,2.87
2024-09-28,Curve,Base,9.57,USDT,360476802,1.19,3.74
2024-09-28,Curve,Base,7.93,DAI,377375514,1.2,5.59
2024-09-28,Uniswap V3,Ethereum,7.81,USDC,103433715,17.75,0
2024-09-28,Uniswap V3,Ethereum,10.31,USDT,109113034,11.16,0
2024-09-28,Uniswap V3,Ethereum,7.17,DAI,100581992,10.61,0
2024-09-28,Uniswap V3,Arbitrum,10.77,USDC,117117795,0.86,5.62
2024-09-28,Uniswap V3,Arbitrum,8.56,USDT,112279816,1.6,5.88
2024-09-28,Uniswap V3,Arbitrum,9.55,DAI,111833580,1.59,4.87
2024-09-28,Uniswap V3,Optimism,8.82,USDC,109276427,1.13,4.63
2024-09-28,Uniswap V3,Optimism,7.44,USDT,118644591,1.15,5.03
2024-09-28,Uniswap V3,Optimism,8.66,DAI,110937710,1.25,5.35
2024-09-28,Uniswap V3,Polygon,11.46,USDC,107355360,0.76,3.2
2024-09-28,Uniswap V3,Polygon,12.34,USDT,110435115,0.71,2.01
2024-09-28,Uniswap V3,Base,9.81,USDC,108763497,0.54,3.45
2024-09-28,Uniswap V3,Base,9.18,USDT,106502917,0.88,3.47
2024-09-28,Uniswap V3,Base,12.55,DAI,116735988,0.91,4.1
2024-09-28,Yearn,Ethereum,3.62,USDT,133881310,8.8,0
2024-09-28,Yearn,Ethereum,2.99,DAI,140098027,13.22,0
2024-09-28,Yearn,Arbitrum,3.92,USDC,144139982,1.91,6.52
2024-09-28,Yearn,Arbitrum,3.74,USDT,136580773,1.58,5.04
2024-09-28,Yearn,Optimism,4.39,USDC,139655589,1.52,4.32
2024-09-28,Yearn,Optimism,3.96,USDT,141809952,1.38,4.75
2024-09-28,Yearn,Optimism,4.24,DAI,140357794,1.07,3.38
2024-09-28,Yearn,Polygon,5.06,USDC,139836632,0.7,3.14
2024-09-28,Yearn,Polygon,4.49,DAI,135892607,0.57,3.08
2024-09-28,Yearn,Base,4.29,USDC,136879975,1.03,3.97
2024-09-28,Yearn,Base,4.38,USDT,134321158,0.75,4.9
2024-09-28,Yearn,Base,4.44,DAI,132233188,1.02,3.74
2024-09-28,Pendle,Ethereum,9.15,USDC,88454388,11.1,0
2024-09-28,Pendle,Ethereum,11.54,DAI,84859486,7.52,0
2024-09-28,Pendle,Arbitrum,10.76,USDC,86558367,1.74,4.61
2024-09-28,Pendle,Arbitrum,13.89,USDT,90574976,1.87,5.57
2024-09-28,Pendle,Arbitrum,14.11,DAI,81153777,1.54,3.48
2024-09-28,Pendle,Optimism,10.64,USDC,87434730,0.79,3.39
2024-09-28,Pendle,Optimism,10.05,USDT,84398763,1.38,3.31
2024-09-28,Pendle,Optimism,10.23,DAI,92663533,1.35,3.15
2024-09-28,Pendle,Base,10.14,USDC,91363881,0.79,3.89
2024-09-28,Pendle,Base,12.2,USDT,84008106,1.03,3.89
2024-09-28,Pendle,Base,11.67,DAI,85651558,0.9,4.32
2024-09-28,Convex,Ethereum,6.29,USDC,173183678,8.95,0
2024-09-28,Convex,Ethereum,5.35,USDT,178291869,12.64,0
2024-09-28,Convex,Ethereum,4.34,DAI,161125488,14.45,0
2024-09-28,Balancer,Ethereum,7.67,USDC,133685057,10.46,0
2024-09-28,Balancer,Ethereum,8.7,USDT,136623958,12.12,0
2024-09-28,Balancer,Ethereum,6.36,DAI,125050319,10.28,0
2024-09-28,Balancer,Arbitrum,7.78,USDC,117243096,1.57,5.29
2024-09-28,Balancer,Arbitrum,11.43,USDT,131282230,1.51,4.17
2024-09-28,Balancer,Arbitrum,8.35,DAI,128104608,1.3,4.62
2024-09-28,Balancer,Optimism,8.74,USDC,127999454,1.52,3.52
2024-09-28,Balancer,Optimism,10.71,USDT,127142359,1.03,4.19
2024-09-28,Balancer,Optimism,8.89,DAI,135430153,1.4,2.59
2024-09-28,Balancer,Polygon,12.2,USDC,118952939,0.54,2.46
2024-09-28,Balancer,Polygon,7.63,USDT,133429263,0.75,3.73
2024-09-28,Balancer,Polygon,9.01,DAI,117071397,0.6,3.44
2024-09-28,Balancer,Base,12.09,USDC,120640870,0.82,3.26
2024-09-28,Balancer,Base,9.46,USDT,128017815,0.73,4.14
