date,protocol,chain,apy,stablecoin,tvl,gasCost,bridgeFee
2024-07-01,Aave,Ethereum,2.78,USDC,251125396,14.16,0
2024-07-01,Aave,Ethereum,2.63,USDT,249700141,20.73,0
2024-07-01,Aave,Ethereum,2.88,DAI,262034039,20.16,0
2024-07-01,Aave,Arbitrum,3.36,USDC,247866330,2.71,5.58
2024-07-01,Aave,Arbitrum,3.53,USDT,244123028,1.97,4.49
2024-07-01,Aave,Arbitrum,3.04,DAI,246626712,2.26,5.64
2024-07-01,Aave,Optimism,2.86,USDC,256277400,1.8,5.01
2024-07-01,Aave,Optimism,3.54,USDT,248992246,2.01,3.96
2024-07-01,Aave,Optimism,3.35,DAI,257707814,2.19,6.66
2024-07-01,Aave,Polygon,3.8,USDC,252246977,0.67,2.35
2024-07-01,Aave,Polygon,3.87,USDT,258379283,1.13,4.25
2024-07-01,Aave,Polygon,3.8,DAI,266188798,0.84,4.01
2024-07-01,Aave,Base,3.41,USDC,265800888,1.55,4.3
2024-07-01,Aave,Base,3.73,USDT,243692320,1.71,4.59
2024-07-01,Aave,Base,3.71,DAI,262395962,1.52,3.7
2024-07-01,Compound,Ethereum,2.56,USDC,181283514,18.66,0
2024-07-01,Compound,Ethereum,2.69,USDT,179369170,22.1,0
2024-07-01,Compound,Ethereum,2.84,DAI,169021504,16.96,0
2024-07-01,Compound,Arbitrum,3.22,USDC,177204187,2.5,5.56
2024-07-01,Compound,Arbitrum,3.41,DAI,191858163,2.57,5.63
2024-07-01,Compound,Optimism,3.35,USDC,177062483,1.72,3.73
2024-07-01,Compound,Optimism,3.05,USDT,193448346,1.9,4.12
2024-07-01,Compound,Optimism,3.02,DAI,175419932,1.85,5.02
2024-07-01,Compound,Polygon,3.32,USDC,193687729,0.93,2.97
2024-07-01,Compound,Polygon,3.58,USDT,181659958,0.94,3.8
2024-07-01,Compound,Polygon,3.88,DAI,168210160,0.86,3.3
2024-07-01,Compound,Base,3.43,USDC,189471481,1.88,3.29
2024-07-01,Compound,Base,3.7,USDT,171871339,1.37,4.16
2024-07-01,Compound,Base,3.35,DAI,182554165,1.54,3.54
2024-07-01,Curve,Ethereum,7.2,USDC,325297771,14.56,0
2024-07-01,Curve,Ethereum,6.75,USDT,323039220,18.25,0
2024-07-01,Curve,Ethereum,7.7,DAI,319892277,18.76,0
2024-07-01,Curve,Arbitrum,10.52,USDC,314335566,1.82,4.35
2024-07-01,Curve,Arbitrum,11.07,USDT,350686812,2.84,5.34
2024-07-01,Curve,Arbitrum,9.79,DAI,304706345,2.15,5.17
2024-07-01,Curve,Optimism,8.3,USDC,338255589,1.31,3.19
2024-07-01,Curve,Optimism,8.68,USDT,328086454,2.41,4.04
2024-07-01,Curve,Optimism,9.53,DAI,311366837,2.08,3.14
2024-07-01,Curve,Polygon,8.36,USDT,364134022,0.67,2.73
2024-07-01,Curve,Polygon,10.22,DAI,298124530,1.11,4.11
2024-07-01,Curve,Base,7.17,USDC,319541646,0.97,3.77
2024-07-01,Curve,Base,9.87,USDT,335854644,1.11,3.57
2024-07-01,Curve,Base,9.04,DAI,351959004,1.37,2.98
2024-07-01,Uniswap V3,Ethereum,6.01,USDC,94963605,15.31,0
2024-07-01,Uniswap V3,Ethereum,8.03,USDT,94997239,19.62,0
2024-07-01,Uniswap V3,Ethereum,6.32,DAI,100158780,23.84,0
2024-07-01,Uniswap V3,Arbitrum,11.98,USDT,95233068,2.85,4.47
2024-07-01,Uniswap V3,Arbitrum,12.25,DAI,94579504,1.93,5.15
2024-07-01,Uniswap V3,Optimism,8.61,USDC,101164295,2.1,4.27
2024-07-01,Uniswap V3,Optimism,11.27,USDT,90294657,1.53,3.65
2024-07-01,Uniswap V3,Polygon,11.22,USDC,98455433,1.14,3.81
2024-07-01,Uniswap V3,Polygon,8.43,USDT,102075763,1.11,4.06
2024-07-01,Uniswap V3,Polygon,12.22,DAI,91575810,0.97,2.73
2024-07-01,Uniswap V3,Base,11.03,USDC,89639035,1.28,4.02
2024-07-01,Uniswap V3,Base,12.37,USDT,94319865,1.5,3.89
2024-07-01,Uniswap V3,Base,8.41,DAI,94632959,1.41,4.75
2024-07-01,Yearn,Ethereum,3.75,USDC,123982702,17.97,0
2024-07-01,Yearn,Ethereum,3.73,USDT,104188151,17.78,0
2024-07-01,Yearn,Ethereum,3.28,DAI,105956241,14.84,0
2024-07-01,Yearn,Arbitrum,4.47,USDC,120426621,2.36,3.68
2024-07-01,Yearn,Arbitrum,3.98,USDT,113710854,2.53,5.98
2024-07-01,Yearn,Optimism,4.03,USDC,111217196,1.63,3.84
2024-07-01,Yearn,Optimism,4.58,USDT,113352517,1.39,3.9
2024-07-01,Yearn,Optimism,3.4,DAI,129402371,1.82,2.68
2024-07-01,Yearn,Polygon,4.43,USDC,116763073,1.1,2.42
2024-07-01,Yearn,Polygon,4.58,USDT,122550255,0.94,3.21
2024-07-01,Yearn,Polygon,4.34,DAI,117681119,0.76,4.18
2024-07-01,Yearn,Base,4.31,USDC,113860138,1.57,4.55
2024-07-01,Yearn,Base,4.66,USDT,119279663,1.34,3.55
2024-07-01,Yearn,Base,4.72,DAI,117248829,1.42,4.69
2024-07-01,Pendle,Ethereum,9.21,USDC,78387706,19.85,0
2024-07-01,Pendle,Ethereum,13.43,USDT,76770887,18.91,0
2024-07-01,Pendle,Ethereum,12.33,DAI,72949389,18.12,0
2024-07-01,Pendle,Arbitrum,12.16,USDC,75179872,2.46,5.51
2024-07-01,Pendle,Arbitrum,12.82,USDT,77165304,2.18,6.23
2024-07-01,Pendle,Arbitrum,11.82,DAI,76075932,1.78,5.35
2024-07-01,Pendle,Optimism,11.85,DAI,70692433,2.11,3.68
2024-07-01,Pendle,Base,9.01,USDC,74952639,1.57,2.48
2024-07-01,Pendle,Base,11.17,USDT,72199556,1.37,4.49
2024-07-01,Pendle,Base,14.67,DAI,81536616,1.37,2.53
2024-07-01,Convex,Ethereum,4.54,USDT,138813148,15.28,0
2024-07-01,Convex,Ethereum,5.68,DAI,149414644,16.4,0
2024-07-01,Balancer,Ethereum,7.63,USDC,114582956,12.63,0
2024-07-01,Balancer,Ethereum,7.57,USDT,109346646,17.27,0
2024-07-01,Balancer,Ethereum,9.68,DAI,100236225,16.18,0
2024-07-01,Balancer,Arbitrum,10.21,USDC,98625063,2.49,5.92
2024-07-01,Balancer,Arbitrum,10.2,USDT,109761259,3.19,4.79
2024-07-01,Balancer,Arbitrum,9.95,DAI,112740295,2.47,3.96
2024-07-01,Balancer,Optimism,10.67,USDC,111735114,2.03,3.75
2024-07-01,Balancer,Optimism,8.61,USDT,109007284,1.64,3.69
2024-07-01,Balancer,Optimism,10.2,DAI,105175333,1.28,4.42
2024-07-01,Balancer,Polygon,8.6,USDC,105498635,1.04,2.61
2024-07-01,Balancer,Polygon,9.38,USDT,107599187,0.91,2.71
2024-07-01,Balancer,Polygon,9.06,DAI,125671850,0.87,2.38
2024-07-01,Balancer,Base,9.7,USDC,107307517,1.46,3.77
2024-07-01,Balancer,Base,10.52,USDT,109393243,1.64,3.42
2024-07-01,Balancer,Base,9.54,DAI,102444111,1.28,5.78
2024-07-02,Aave,Ethereum,2.54,USDC,250048440,12.57,0
2024-07-02,Aave,Ethereum,3.11,USDT,263142332,16.6,0
2024-07-02,Aave,Arbitrum,3.42,DAI,250516560,2.44,3.95
2024-07-02,Aave,Optimism,3.66,USDC,253599072,1.82,4.02
2024-07-02,Aave,Optimism,3.23,USDT,252706902,1.78,3.66
2024-07-02,Aave,Optimism,3.41,DAI,252372812,2.52,4.14
2024-07-02,Aave,Polygon,3.57,USDC,272167564,0.82,2.76
2024-07-02,Aave,Polygon,3.82,USDT,248818512,1.08,2.88
2024-07-02,Aave,Polygon,3.9,DAI,267270926,0.89,1.98
2024-07-02,Aave,Base,3.13,USDC,261563043,1.49,4.38
2024-07-02,Aave,Base,4.01,USDT,240667866,1.42,3.19
2024-07-02,Aave,Base,3.18,DAI,254409532,1.41,3.29
2024-07-02,Compound,Ethereum,2.84,USDC,198426672,18.64,0
2024-07-02,Compound,Ethereum,2.93,USDT,188035673,18.25,0
2024-07-02,Compound,Ethereum,2.51,DAI,177562612,13.23,0
2024-07-02,Compound,Arbitrum,3.4,USDC,182176279,2.72,5.42
2024-07-02,Compound,Arbitrum,3.3,USDT,205516606,1.86,3.83
2024-07-02,Compound,Arbitrum,3.3,DAI,200030932,2.03,3.99
2024-07-02,Compound,Optimism,3.14,USDC,189247735,1.89,2.68
2024-07-02,Compound,Optimism,3.55,USDT,185606448,1.8,3.93
2024-07-02,Compound,Polygon,3.5,USDC,188819517,1.07,4.04
2024-07-02,Compound,Polygon,3.65,USDT,196586483,1.14,2.95
2024-07-02,Compound,Base,3.02,USDC,180423230,1.43,4.15
2024-07-02,Compound,Base,3.66,USDT,195577520,1.55,1.98
2024-07-02,Compound,Base,3.49,DAI,170497695,1.31,3.98
2024-07-02,Curve,Ethereum,6.54,USDC,331355003,12.97,0
2024-07-02,Curve,Ethereum,7.83,USDT,327335739,15.85,0
2024-07-02,Curve,Ethereum,9.97,DAI,332345922,25.42,0
2024-07-02,Curve,Arbitrum,9.42,USDC,334781744,2.45,5.75
2024-07-02,Curve,Arbitrum,6.09,USDT,354702337,2.91,4.05
2024-07-02,Curve,Arbitrum,10.1,DAI,341191950,3.04,3.32
2024-07-02,Curve,Optimism,8.5,USDC,312059781,1.5,4.72
2024-07-02,Curve,Optimism,9.79,USDT,326872729,1.27,5.28
2024-07-02,Curve,Polygon,10.41,USDC,338916472,0.95,2.7
2024-07-02,Curve,Polygon,10.32,USDT,304328251,0.67,3.81
2024-07-02,Curve,Polygon,11.02,DAI,324542933,0.96,2.85
2024-07-02,Curve,Base,8.68,USDC,314397803,1.18,3.45
2024-07-02,Curve,Base,11.13,USDT,347668411,1.26,4.5
2024-07-02,Curve,Base,9.53,DAI,343932464,1.46,3.88
2024-07-02,Uniswap V3,Ethereum,8.55,USDC,104759977,11.82,0
2024-07-02,Uniswap V3,Ethereum,9.37,USDT,85009043,18.53,0
2024-07-02,Uniswap V3,Ethereum,9.28,DAI,95264793,19.33,0
2024-07-02,Uniswap V3,Arbitrum,9.5,USDC,98367856,2.11,4.96
2024-07-02,Uniswap V3,Arbitrum,10.09,USDT,95537465,2.1,4.44
2024-07-02,Uniswap V3,Arbitrum,9.95,DAI,101227811,2.64,5.86
2024-07-02,Uniswap V3,Optimism,7.93,USDC,88909210,1.39,4.16
2024-07-02,Uniswap V3,Optimism,9.74,USDT,100606856,1.64,4.5
2024-07-02,Uniswap V3,Optimism,9.67,DAI,94033671,1.83,5.03
2024-07-02,Uniswap V3,Polygon,8.89,USDC,97092072,1.11,2.85
2024-07-02,Uniswap V3,Polygon,10.68,USDT,92106403,0.69,2.36
2024-07-02,Uniswap V3,Polygon,11.69,DAI,90748814,0.94,3.39
2024-07-02,Uniswap V3,Base,10.9,USDC,91661572,1.42,4.31
2024-07-02,Uniswap V3,Base,12.59,USDT,102217545,1.19,4.39
2024-07-02,Uniswap V3,Base,14.56,DAI,101292625,1.01,3.92
2024-07-02,Yearn,Ethereum,3.92,USDC,122979938,21.23,0
2024-07-02,Yearn,Ethereum,3.49,DAI,121338397,13.87,0
2024-07-02,Yearn,Arbitrum,5.4,USDC,125704701,1.98,6.65
2024-07-02,Yearn,Arbitrum,4.91,DAI,125248960,2.25,4.32
2024-07-02,Yearn,Optimism,4.63,USDC,115588722,1.42,2.97
2024-07-02,Yearn,Optimism,4.14,USDT,120277902,1.91,4.05
2024-07-02,Yearn,Optimism,4.96,DAI,131010756,2.55,4.88
2024-07-02,Yearn,Polygon,4.55,USDC,127334427,0.95,2.9
2024-07-02,Yearn,Polygon,4.87,USDT,130452763,1.13,1.84
2024-07-02,Yearn,Polygon,4.83,DAI,108211928,1.01,2.77
2024-07-02,Yearn,Base,3.97,USDC,130590248,1.43,3.86
2024-07-02,Yearn,Base,4.88,USDT,134724470,1.52,3.58
2024-07-02,Yearn,Base,4.7,DAI,119244916,1.51,3.58
2024-07-02,Pendle,Ethereum,11.02,USDC,81241180,20.82,0
2024-07-02,Pendle,Ethereum,10.34,USDT,76384753,13.04,0
2024-07-02,Pendle,Ethereum,13.48,DAI,75499701,14.08,0
2024-07-02,Pendle,Arbitrum,14.49,USDC,76567353,2.25,5.36
2024-07-02,Pendle,Arbitrum,14.87,USDT,75360172,2.45,3.84
2024-07-02,Pendle,Arbitrum,14.61,DAI,81113646,2.69,4.64
2024-07-02,Pendle,Optimism,15.92,USDC,86096633,1.68,3.22
2024-07-02,Pendle,Optimism,10.8,USDT,74979691,1.99,3.35
2024-07-02,Pendle,Optimism,13.59,DAI,75263627,1.63,5.29
2024-07-02,Pendle,Base,11.98,USDC,77434461,1.34,4.05
2024-07-02,Pendle,Base,12.6,USDT,80833182,1.39,5.2
2024-07-02,Pendle,Base,15.55,DAI,72951435,1.35,2.71
2024-07-02,Convex,Ethereum,5.67,USDC,155776998,13.38,0
2024-07-02,Convex,Ethereum,6.42,USDT,161967802,13.43,0
2024-07-02,Convex,Ethereum,4.94,DAI,162373174,18.94,0
2024-07-02,Balancer,Ethereum,9.45,USDC,119277083,19.15,0
2024-07-02,Balancer,Ethereum,9.25,USDT,110075347,14.72,0
2024-07-02,Balancer,Ethereum,8.06,DAI,109668677,16.01,0
2024-07-02,Balancer,Arbitrum,8.54,USDC,106719565,2.53,4.26
2024-07-02,Balancer,Arbitrum,7.79,USDT,114051275,2.21,5.67
2024-07-02,Balancer,Arbitrum,9.49,DAI,109485588,1.99,3.38
2024-07-02,Balancer,Optimism,9.89,USDC,114162420,1.76,4.35
2024-07-02,Balancer,Optimism,9.53,USDT,113373634,1.54,3.02
2024-07-02,Balancer,Optimism,10.87,DAI,112310638,1.57,5.37
2024-07-02,Balancer,Polygon,9.54,USDC,116438478,1.11,2.26
2024-07-02,Balancer,Polygon,12.89,USDT,110931491,0.83,2.75
2024-07-02,Balancer,Polygon,9.63,DAI,119084824,0.87,2.42
2024-07-02,Balancer,Base,8.76,USDC,112237156,1.24,4.31
2024-07-02,Balancer,Base,8.2,USDT,104982087,1.45,5.33
2024-07-02,Balancer,Base,10.21,DAI,119289420,1.53,4.18
2024-07-03,Aave,Ethereum,3.3,USDC,242662944,17.18,0
2024-07-03,Aave,Ethereum,3.1,USDT,268538800,17.81,0
2024-07-03,Aave,Ethereum,3.23,DAI,241946523,16.84,0
2024-07-03,Aave,Arbitrum,3.95,USDC,251061413,2.18,4.51
2024-07-03,Aave,Arbitrum,3.56,USDT,245899289,2.64,2.89
2024-07-03,Aave,Arbitrum,3.78,DAI,266932339,2.69,5.36
2024-07-03,Aave,Optimism,3.85,USDC,276771817,1.52,2.63
2024-07-03,Aave,Optimism,3.64,USDT,268609415,1.82,2.91
2024-07-03,Aave,Optimism,3.46,DAI,283393942,2.15,4.95
2024-07-03,Aave,Polygon,4.25,USDC,277211201,0.96,2.32
2024-07-03,Aave,Polygon,4.09,DAI,249799063,0.76,2.57
2024-07-03,Aave,Base,3.82,USDC,276295127,1.41,3.94
2024-07-03,Aave,Base,3.92,USDT,267600364,1.53,3.82
2024-07-03,Aave,Base,3.88,DAI,256612462,1.55,4.11
2024-07-03,Compound,Ethereum,2.69,USDT,184987192,17.01,0
2024-07-03,Compound,Arbitrum,3.42,USDC,185366072,2.7,4.55
2024-07-03,Compound,Arbitrum,3.25,DAI,187101328,1.42,4.51
2024-07-03,Compound,Optimism,3.59,USDC,188355081,2.05,4.86
2024-07-03,Compound,Optimism,3.24,USDT,192364276,1.69,3.75
2024-07-03,Compound,Optimism,2.66,DAI,189525822,1.96,3.84
2024-07-03,Compound,Polygon,3.79,USDC,177115021,0.84,3.03
2024-07-03,Compound,Polygon,3.38,USDT,197592386,1.3,3.8
2024-07-03,Compound,Polygon,3.44,DAI,198986564,0.97,2.47
2024-07-03,Compound,Base,3.34,USDT,197139221,1.25,3.96
2024-07-03,Compound,Base,3.47,DAI,195338750,1.38,3.42
2024-07-03,Curve,Ethereum,8.26,USDC,322531689,12.57,0
2024-07-03,Curve,Ethereum,7.45,USDT,322600453,21.53,0
2024-07-03,Curve,Ethereum,10.23,DAI,300043822,19.9,0
2024-07-03,Curve,Arbitrum,7.93,USDC,352867600,2.28,5.59
2024-07-03,Curve,Arbitrum,8.8,DAI,313134362,2.18,5.17
2024-07-03,Curve,Optimism,6.63,USDT,342356178,1.75,5.23
2024-07-03,Curve,Optimism,10.76,DAI,319048954,1.83,4.67
2024-07-03,Curve,Polygon,9.97,USDT,335614303,0.75,3.41
2024-07-03,Curve,Polygon,11.68,DAI,318596224,1.15,1.82
2024-07-03,Curve,Base,7.52,USDC,328790786,1.21,2.97
2024-07-03,Curve,Base,8.81,USDT,320804116,1.47,3.41
2024-07-03,Curve,Base,10.08,DAI,349460303,1.59,4.47
2024-07-03,Uniswap V3,Ethereum,9.28,USDC,105761303,22.83,0
2024-07-03,Uniswap V3,Arbitrum,9.41,USDC,97582005,2.28,5.5
2024-07-03,Uniswap V3,Arbitrum,13.45,USDT,98607755,2.87,4.42
2024-07-03,Uniswap V3,Arbitrum,11.75,DAI,87075222,3.29,3.87
2024-07-03,Uniswap V3,Optimism,10.27,USDT,94375299,1.67,3.05
2024-07-03,Uniswap V3,Optimism,7.32,DAI,98439203,2.04,3.85
2024-07-03,Uniswap V3,Polygon,11.87,USDC,98471366,0.82,2.99
2024-07-03,Uniswap V3,Polygon,8.44,USDT,95033977,1.07,2.71
2024-07-03,Uniswap V3,Polygon,10.3,DAI,94701212,0.74,2.65
2024-07-03,Uniswap V3,Base,8.81,USDC,99859969,1.46,4.06
2024-07-03,Uniswap V3,Base,10.19,USDT,94343742,1.61,3.58
2024-07-03,Uniswap V3,Base,10.69,DAI,92769953,1.7,2.95
2024-07-03,Yearn,Ethereum,3.51,USDC,125953563,18.38,0
2024-07-03,Yearn,Ethereum,3.67,USDT,127765069,12.61,0
2024-07-03,Yearn,Ethereum,3.64,DAI,125747537,18.48,0
2024-07-03,Yearn,Arbitrum,4.96,USDC,138276273,1.67,5.07
2024-07-03,Yearn,Arbitrum,4.66,USDT,130521675,2.77,5.17
2024-07-03,Yearn,Arbitrum,4.79,DAI,127874999,2.63,4.74
2024-07-03,Yearn,Optimism,4.5,USDC,113587875,1.63,2.96
2024-07-03,Yearn,Optimism,4.24,USDT,125807271,1.55,4.74
2024-07-03,Yearn,Optimism,4.21,DAI,119614456,2.22,3.89
2024-07-03,Yearn,Polygon,4.84,USDC,123262647,0.75,3.69
2024-07-03,Yearn,Polygon,5.02,USDT,140955352,0.85,3.32
2024-07-03,Yearn,Polygon,5.32,DAI,124620131,0.93,3.44
2024-07-03,Yearn,Base,4.91,USDC,121104862,1.38,4.42
2024-07-03,Yearn,Base,4.36,USDT,121042292,1.64,2.68
2024-07-03,Yearn,Base,4.36,DAI,113770762,1.38,5.35
2024-07-03,Pendle,Ethereum,9.52,USDC,75923317,13.78,0
2024-07-03,Pendle,Ethereum,9.96,USDT,74393342,18.22,0
2024-07-03,Pendle,Ethereum,13.5,DAI,79943245,15.39,0
2024-07-03,Pendle,Arbitrum,17.83,USDC,77305345,2.42,4.64
2024-07-03,Pendle,Arbitrum,16.3,USDT,81545298,2.06,5.23
2024-07-03,Pendle,Arbitrum,18.49,DAI,77940948,2.91,4.11
2024-07-03,Pendle,Optimism,15.59,USDC,80193547,1.52,3.73
2024-07-03,Pendle,Optimism,13.83,USDT,82344690,1.65,3.0
2024-07-03,Pendle,Base,12.81,USDC,73978222,1.54,6.42
2024-07-03,Pendle,Base,16.46,USDT,83157512,1.79,4.36
2024-07-03,Convex,Ethereum,5.58,USDC,167720793,19.79,0
2024-07-03,Convex,Ethereum,5.38,USDT,152313692,13.74,0
2024-07-03,Convex,Ethereum,6.64,DAI,168529897,19.26,0
2024-07-03,Balancer,Ethereum,7.88,USDC,116630656,16.5,0
2024-07-03,Balancer,Ethereum,8.27,USDT,111702652,20.79,0
2024-07-03,Balancer,Ethereum,6.23,DAI,123993920,16.73,0
2024-07-03,Balancer,Arbitrum,10.17,USDC,110832699,2.29,4.64
2024-07-03,Balancer,Arbitrum,8.57,USDT,119525974,1.99,4.13
2024-07-03,Balancer,Arbitrum,9.82,DAI,110051504,2.59,3.49
2024-07-03,Balancer,Optimism,10.28,USDC,108563761,2.1,4.48
2024-07-03,Balancer,Optimism,11.53,USDT,117973839,1.42,3.93
2024-07-03,Balancer,Polygon,12.22,USDC,101388002,1.07,2.44
2024-07-03,Balancer,Polygon,9.79,USDT,116239883,0.9,2.98
2024-07-03,Balancer,Polygon,10.65,DAI,124406644,1.2,2.44
2024-07-03,Balancer,Base,9.26,USDC,107328586,1.26,4.54
2024-07-03,Balancer,Base,9.9,USDT,108412431,1.48,2.73
2024-07-03,Balancer,Base,8.6,DAI,108375805,1.28,4.28
2024-07-04,Aave,Ethereum,2.91,USDT,272363478,18.57,0
2024-07-04,Aave,Ethereum,2.9,DAI,264068897,15.94,0
2024-07-04,Aave,Arbitrum,3.87,USDT,253728733,2.95,2.44
2024-07-04,Aave,Arbitrum,3.66,DAI,249765471,2.55,5.55
2024-07-04,Aave,Optimism,3.6,USDC,267280287,2.22,2.46
2024-07-04,Aave,Optimism,3.69,USDT,265043990,1.54,3.77
2024-07-04,Aave,Optimism,3.91,DAI,261767358,1.63,3.99
2024-07-04,Aave,Polygon,4.29,USDC,250582781,1.2,3.39
2024-07-04,Aave,Polygon,3.63,USDT,253190334,0.91,2.73
2024-07-04,Aave,Polygon,4.11,DAI,255320020,1.12,2.61
2024-07-04,Aave,Base,3.46,USDC,255452989,2.04,4.62
2024-07-04,Aave,Base,3.6,USDT,258499924,1.22,5.14
2024-07-04,Aave,Base,3.31,DAI,286724777,1.47,4.35
2024-07-04,Compound,Ethereum,2.74,USDC,192337578,16.96,0
2024-07-04,Compound,Ethereum,2.56,USDT,207179200,16.89,0
2024-07-04,Compound,Ethereum,2.77,DAI,210489808,15.36,0
2024-07-04,Compound,Arbitrum,3.71,USDC,186287689,2.08,6.04
2024-07-04,Compound,Arbitrum,3.61,USDT,193810828,2.59,2.89
2024-07-04,Compound,Arbitrum,3.25,DAI,194257782,2.94,5.23
2024-07-04,Compound,Optimism,3.47,USDT,179505663,1.69,3.48
2024-07-04,Compound,Optimism,3.39,DAI,195294540,2.09,4.3
2024-07-04,Compound,Polygon,3.43,USDC,193075965,0.93,2.76
2024-07-04,Compound,Polygon,3.54,USDT,187703655,1.22,1.73
2024-07-04,Compound,Polygon,3.58,DAI,200787164,0.75,2.43
2024-07-04,Compound,Base,3.21,USDC,180282173,1.27,4.25
2024-07-04,Compound,Base,3.59,USDT,195439768,1.44,4.37
2024-07-04,Compound,Base,3.78,DAI,187807672,1.73,4.89
2024-07-04,Curve,Ethereum,7.78,USDT,326798765,16.7,0
2024-07-04,Curve,Ethereum,6.11,DAI,337814552,18.09,0
2024-07-04,Curve,Arbitrum,9.72,USDC,345964923,2.77,5.39
2024-07-04,Curve,Arbitrum,9.28,USDT,360697325,1.66,2.75
2024-07-04,Curve,Optimism,8.76,USDT,347840631,1.72,3.53
2024-07-04,Curve,Optimism,8.25,DAI,337485825,2.16,3.38
2024-07-04,Curve,Polygon,9.84,USDT,311237629,0.75,3.52
2024-07-04,Curve,Polygon,8.98,DAI,358635775,0.99,2.73
2024-07-04,Curve,Base,9.9,USDC,351183897,1.3,3.43
2024-07-04,Curve,Base,8.42,USDT,353357489,1.34,4.55
2024-07-04,Curve,Base,8.66,DAI,349084656,1.84,3.21
2024-07-04,Uniswap V3,Ethereum,8.16,USDC,102902825,19.34,0
2024-07-04,Uniswap V3,Ethereum,8.96,USDT,106228659,20.05,0
2024-07-04,Uniswap V3,Ethereum,9.64,DAI,102962992,14.81,0
2024-07-04,Uniswap V3,Arbitrum,10.93,USDC,99114959,3.02,4.04
2024-07-04,Uniswap V3,Arbitrum,12.24,USDT,101165371,2.43,4.12
2024-07-04,Uniswap V3,Arbitrum,10.8,DAI,97524668,2.17,4.44
2024-07-04,Uniswap V3,Optimism,11.21,USDT,98244614,1.75,4.32
2024-07-04,Uniswap V3,Optimism,8.88,DAI,100856765,1.75,3.43
2024-07-04,Uniswap V3,Polygon,10.87,USDC,108786413,1.04,2.45
2024-07-04,Uniswap V3,Polygon,8.38,USDT,102774284,0.95,2.37
2024-07-04,Uniswap V3,Polygon,12.37,DAI,99038982,1.07,3.39
2024-07-04,Uniswap V3,Base,8.91,USDC,103597224,1.58,4.38
2024-07-04,Uniswap V3,Base,10.61,USDT,102203476,1.58,3.4
2024-07-04,Uniswap V3,Base,10.29,DAI,105667109,1.69,4.42
2024-07-04,Yearn,Ethereum,3.66,USDC,125178811,17.94,0
2024-07-04,Yearn,Ethereum,3.44,USDT,130327362,23.48,0
2024-07-04,Yearn,Ethereum,4.02,DAI,137496137,18.59,0
2024-07-04,Yearn,Arbitrum,4.68,USDC,122303763,2.44,4.12
2024-07-04,Yearn,Arbitrum,4.85,USDT,122534718,2.96,6.28
2024-07-04,Yearn,Arbitrum,4.86,DAI,133761577,1.76,3.04
2024-07-04,Yearn,Optimism,4.03,USDC,130362667,2.15,2.92
2024-07-04,Yearn,Optimism,5.03,USDT,131270533,2.22,4.07
2024-07-04,Yearn,Optimism,4.79,DAI,138692522,1.71,4.81
2024-07-04,Yearn,Polygon,4.94,USDC,131202711,0.9,2.69
2024-07-04,Yearn,Polygon,5.23,USDT,136886745,0.77,3.56
2024-07-04,Yearn,Polygon,5.03,DAI,116739383,0.95,2.51
2024-07-04,Yearn,Base,4.7,USDC,123251059,1.4,3.56
2024-07-04,Yearn,Base,4.12,USDT,122597742,1.11,4.21
2024-07-04,Yearn,Base,4.54,DAI,134487314,1.45,3.88
2024-07-04,Pendle,Ethereum,9.68,USDC,84256733,17.53,0
2024-07-04,Pendle,Ethereum,10.86,USDT,85112977,14.6,0
2024-07-04,Pendle,Ethereum,12.58,DAI,79875362,15.92,0
2024-07-04,Pendle,Arbitrum,15.02,USDC,83337429,2.75,4.11
2024-07-04,Pendle,Arbitrum,12.08,USDT,74662031,2.23,5.88
2024-07-04,Pendle,Arbitrum,12.51,DAI,82329740,3.16,7.04
2024-07-04,Pendle,Optimism,11.3,USDC,83530214,1.61,4.77
2024-07-04,Pendle,Optimism,14.67,USDT,79106503,1.88,4.55
2024-07-04,Pendle,Optimism,11.25,DAI,86482672,1.39,4.4
2024-07-04,Pendle,Base,16.6,USDC,80528887,1.46,2.99
2024-07-04,Pendle,Base,14.26,USDT,72464861,1.15,3.9
2024-07-04,Pendle,Base,11.33,DAI,83835267,1.24,2.33
2024-07-04,Convex,Ethereum,5.64,USDC,158323987,19.75,0
2024-07-04,Convex,Ethereum,6.15,USDT,165113872,18.36,0
2024-07-04,Balancer,Ethereum,6.95,USDC,115902315,15.28,0
2024-07-04,Balancer,Ethereum,8.62,USDT,118184640,17.89,0
2024-07-04,Balancer,Ethereum,8.51,DAI,129908558,15.68,0
2024-07-04,Balancer,Arbitrum,7.89,USDC,123598364,3.14,6.07
2024-07-04,Balancer,Arbitrum,10.63,USDT,117511966,2.15,4.27
2024-07-04,Balancer,Arbitrum,10.4,DAI,115922459,2.63,4.39
2024-07-04,Balancer,Optimism,9.12,USDC,116565678,2.09,4.71
2024-07-04,Balancer,Optimism,10.27,USDT,120255556,2.02,3.61
2024-07-04,Balancer,Optimism,9.07,DAI,128024771,2.16,2.39
2024-07-04,Balancer,Polygon,8.55,USDC,121997764,1.13,3.97
2024-07-04,Balancer,Polygon,11.52,USDT,123332835,0.98,2.88
2024-07-04,Balancer,Polygon,11.18,DAI,118043395,0.93,2.99
2024-07-04,Balancer,Base,8.24,USDC,117943658,1.59,4.27
2024-07-04,Balancer,Base,8.32,DAI,116159807,1.68,4.14
2024-07-05,Aave,Ethereum,2.95,USDC,254061560,13.12,0
2024-07-05,Aave,Ethereum,3.18,USDT,262825820,21.72,0
2024-07-05,Aave,Ethereum,3.16,DAI,274937246,18.27,0
2024-07-05,Aave,Arbitrum,3.65,USDC,269494670,1.63,3.75
2024-07-05,Aave,Arbitrum,3.67,USDT,271715413,2.35,4.29
2024-07-05,Aave,Arbitrum,3.93,DAI,260946098,2.24,5.82
2024-07-05,Aave,Optimism,3.76,USDC,271419142,2.03,3.52
2024-07-05,Aave,Optimism,3.34,USDT,269878677,1.62,3.86
2024-07-05,Aave,Optimism,3.06,DAI,271628151,2.28,3.22
2024-07-05,Aave,Polygon,4.09,USDC,260837491,1.08,3.79
2024-07-05,Aave,Polygon,3.84,DAI,276409787,0.85,3.53
2024-07-05,Aave,Base,3.88,USDC,284535534,1.02,2.85
2024-07-05,Aave,Base,2.92,USDT,273643402,1.39,6.11
2024-07-05,Aave,Base,3.61,DAI,281450966,1.35,4.26
2024-07-05,Compound,Ethereum,2.69,USDC,203909207,17.72,0
2024-07-05,Compound,Ethereum,2.49,USDT,199413999,21.5,0
2024-07-05,Compound,Arbitrum,3.61,USDC,202135849,2.07,5.7
2024-07-05,Compound,Arbitrum,3.54,USDT,183679551,2.17,4.33
2024-07-05,Compound,Arbitrum,3.67,DAI,201676923,2.48,5.25
2024-07-05,Compound,Optimism,3.14,USDC,215423645,1.43,3.87
2024-07-05,Compound,Optimism,3.37,USDT,202769989,1.91,5.19
2024-07-05,Compound,Optimism,3.06,DAI,199248710,1.26,3.92
2024-07-05,Compound,Polygon,3.62,USDC,194666213,1.24,3.7
2024-07-05,Compound,Polygon,3.4,USDT,181863332,0.93,2.7
2024-07-05,Compound,Polygon,3.64,DAI,203316948,0.85,2.23
2024-07-05,Compound,Base,3.13,USDC,196629357,1.39,5.04
2024-07-05,Compound,Base,3.4,USDT,189791524,1.58,4.89
2024-07-05,Compound,Base,3.75,DAI,187091555,1.51,3.89
2024-07-05,Curve,Ethereum,6.21,USDC,339839155,13.85,0
2024-07-05,Curve,Ethereum,7.67,DAI,357004175,16.61,0
2024-07-05,Curve,Arbitrum,11.34,USDC,343532447,2.52,4.56
2024-07-05,Curve,Arbitrum,9.82,USDT,344762899,3.33,4.39
2024-07-05,Curve,Arbitrum,11.23,DAI,308740619,2.29,4.98
2024-07-05,Curve,Optimism,7.17,USDC,356367893,1.57,4.25
2024-07-05,Curve,Optimism,10.76,USDT,366158049,1.97,4.31
2024-07-05,Curve,Optimism,7.02,DAI,356461679,1.84,4.27
2024-07-05,Curve,Polygon,9.79,USDC,349792626,0.92,2.73
2024-07-05,Curve,Polygon,10.34,USDT,357701525,1.07,2.28
2024-07-05,Curve,Polygon,10.25,DAI,357218064,0.88,2.36
2024-07-05,Curve,Base,8.7,USDC,373593073,1.35,2.72
2024-07-05,Curve,Base,11.09,DAI,340677736,1.1,5.06
2024-07-05,Uniswap V3,Ethereum,8.82,USDC,110952016,15.91,0
2024-07-05,Uniswap V3,Ethereum,6.81,USDT,106442364,17.01,0
2024-07-05,Uniswap V3,Ethereum,10.86,DAI,106996769,17.95,0
2024-07-05,Uniswap V3,Arbitrum,8.14,USDC,105370730,2.38,5.34
2024-07-05,Uniswap V3,Arbitrum,12.99,USDT,100022368,2.86,4.88
2024-07-05,Uniswap V3,Arbitrum,9.83,DAI,101322926,2.29,5.35
2024-07-05,Uniswap V3,Optimism,11.66,USDC,106998897,1.3,5.71
2024-07-05,Uniswap V3,Optimism,12.27,USDT,98991869,1.66,1.68
2024-07-05,Uniswap V3,Optimism,8.78,DAI,103688172,1.04,3.7
2024-07-05,Uniswap V3,Polygon,14.65,USDC,102565961,1.02,3.37
2024-07-05,Uniswap V3,Polygon,10.62,USDT,104650562,0.75,3.52
2024-07-05,Uniswap V3,Polygon,7.98,DAI,99433426,0.93,3.11
2024-07-05,Uniswap V3,Base,8.07,USDC,107146844,1.58,2.88
2024-07-05,Uniswap V3,Base,8.84,USDT,107653502,1.32,5.09
2024-07-05,Uniswap V3,Base,8.51,DAI,103768122,1.3,3.02
2024-07-05,Yearn,Ethereum,3.86,USDC,139459647,22.91,0
2024-07-05,Yearn,Ethereum,3.99,USDT,125508178,18.64,0
2024-07-05,Yearn,Ethereum,3.87,DAI,127245356,13.34,0
2024-07-05,Yearn,Arbitrum,4.79,USDC,128060534,3.15,5.9
2024-07-05,Yearn,Arbitrum,4.31,USDT,130612938,3.0,5.61
2024-07-05,Yearn,Arbitrum,4.92,DAI,126511563,2.41,3.76
2024-07-05,Yearn,Optimism,4.39,USDC,127935877,1.87,3.7
2024-07-05,Yearn,Optimism,4.39,USDT,121354134,1.85,3.46
2024-07-05,Yearn,Optimism,4.65,DAI,133584797,1.76,4.35
2024-07-05,Yearn,Polygon,4.65,USDC,140000420,1.06,2.4
2024-07-05,Yearn,Polygon,4.58,USDT,131869872,0.79,3.23
2024-07-05,Yearn,Polygon,4.91,DAI,141999524,1.02,3.95
2024-07-05,Yearn,Base,4.08,USDC,120740932,1.84,5.54
2024-07-05,Yearn,Base,4.42,USDT,136866025,1.21,4.39
2024-07-05,Yearn,Base,4.06,DAI,134823619,1.25,4.42
2024-07-05,Pendle,Ethereum,10.81,USDC,73482424,15.42,0
2024-07-05,Pendle,Ethereum,12.33,USDT,79220412,12.59,0
2024-07-05,Pendle,Ethereum,12.26,DAI,86383035,14.64,0
2024-07-05,Pendle,Arbitrum,15.06,USDC,79829292,2.4,5.39
2024-07-05,Pendle,Arbitrum,16.57,DAI,81193221,2.29,4.21
2024-07-05,Pendle,Optimism,15.21,USDC,79602484,1.58,3.46
2024-07-05,Pendle,Optimism,13.23,USDT,86264711,1.79,3.32
2024-07-05,Pendle,Optimism,15.97,DAI,80281880,1.89,4.27
2024-07-05,Pendle,Base,11.76,USDC,81420975,0.88,4.94
2024-07-05,Pendle,Base,12.73,USDT,76626356,1.29,3.78
2024-07-05,Pendle,Base,10.73,DAI,79744007,1.69,5.04
2024-07-05,Convex,Ethereum,4.68,USDC,155522560,15.04,0
2024-07-05,Convex,Ethereum,5.5,USDT,157979173,12.88,0
2024-07-05,Convex,Ethereum,5.73,DAI,151958588,23.07,0
2024-07-05,Balancer,Ethereum,7.39,USDC,115091776,16.7,0
2024-07-05,Balancer,Ethereum,8.63,USDT,113734944,21.33,0
2024-07-05,Balancer,Ethereum,6.96,DAI,113302583,14.93,0
2024-07-05,Balancer,Arbitrum,10.28,USDC,115212571,2.02,4.26
2024-07-05,Balancer,Arbitrum,8.07,USDT,114501390,2.4,6.64
2024-07-05,Balancer,Arbitrum,9.55,DAI,111426737,2.57,5.66
2024-07-05,Balancer,Optimism,9.14,USDC,119636834,1.64,3.29
2024-07-05,Balancer,Optimism,8.39,USDT,112015074,1.65,3.95
2024-07-05,Balancer,Optimism,9.05,DAI,119061993,1.93,4.08
2024-07-05,Balancer,Polygon,9.56,USDC,114827308,0.97,3.57
2024-07-05,Balancer,Polygon,9.64,USDT,123858003,1.03,2.42
2024-07-05,Balancer,Polygon,9.37,DAI,120339575,0.8,4.2
2024-07-05,Balancer,Base,10.51,USDC,125741849,1.22,3.69
2024-07-05,Balancer,Base,9.42,USDT,122828494,1.73,2.89
2024-07-05,Balancer,Base,10.68,DAI,134373067,1.09,3.78
2024-07-06,Aave,Ethereum,2.73,USDC,258843750,13.73,0
2024-07-06,Aave,Ethereum,2.97,DAI,261597861,9.61,0
2024-07-06,Aave,Arbitrum,4.03,USDC,258520036,1.65,5.07
2024-07-06,Aave,Arbitrum,3.54,USDT,260100577,1.78,4.07
2024-07-06,Aave,Arbitrum,3.37,DAI,264192471,1.62,4.43
2024-07-06,Aave,Optimism,3.3,USDT,254059918,1.22,4.12
2024-07-06,Aave,Polygon,3.93,USDC,272721904,0.6,3.22
2024-07-06,Aave,Polygon,4.12,USDT,287079005,0.62,1.64
2024-07-06,Aave,Polygon,3.51,DAI,266941275,0.53,2.5
2024-07-06,Aave,Base,3.48,USDC,268518410,0.87,2.92
2024-07-06,Aave,Base,3.76,USDT,253858775,1.22,2.13
2024-07-06,Aave,Base,3.53,DAI,269891667,0.78,3.5
2024-07-06,Compound,Ethereum,2.77,USDC,201502522,15.03,0
2024-07-06,Compound,Ethereum,2.62,USDT,196689789,15.82,0
2024-07-06,Compound,Ethereum,2.99,DAI,194234580,13.58,0
2024-07-06,Compound,Arbitrum,3.25,USDC,212524694,0.93,6.11
2024-07-06,Compound,Arbitrum,3.63,USDT,181950753,1.63,5.33
2024-07-06,Compound,Arbitrum,3.11,DAI,188638765,1.45,5.68
2024-07-06,Compound,Optimism,3.33,USDT,205729235,1.49,4.19
2024-07-06,Compound,Polygon,3.73,USDC,201633716,0.64,3.13
2024-07-06,Compound,Polygon,3.54,USDT,203176280,0.72,3.25
2024-07-06,Compound,Polygon,3.7,DAI,197820077,0.67,3.51
2024-07-06,Compound,Base,3.27,USDT,194973569,0.77,3.91
2024-07-06,Compound,Base,3.2,DAI,190711446,1.16,5.36
2024-07-06,Curve,Ethereum,7.61,USDC,382273135,11.79,0
2024-07-06,Curve,Ethereum,7.52,USDT,331113291,8.39,0
2024-07-06,Curve,Ethereum,7.44,DAI,345082669,12.24,0
2024-07-06,Curve,Arbitrum,8.5,USDC,339804710,1.66,5.41
2024-07-06,Curve,Arbitrum,8.36,USDT,342574938,1.62,5.28
2024-07-06,Curve,Arbitrum,6.18,DAI,353474048,1.69,4.58
2024-07-06,Curve,Optimism,10.56,USDC,318459240,1.38,4.5
2024-07-06,Curve,Optimism,10.37,USDT,364963619,0.98,4.9
2024-07-06,Curve,Polygon,11.04,USDC,350919293,0.6,2.28
2024-07-06,Curve,Polygon,10.37,USDT,376986218,0.56,2.77
2024-07-06,Curve,Polygon,11.51,DAI,365109703,0.76,3.43
2024-07-06,Curve,Base,9.83,USDC,334111342,1.05,4.31
2024-07-06,Curve,Base,9.66,USDT,331478070,1.11,3.79
2024-07-06,Curve,Base,10.97,DAI,343146783,0.89,4.54
2024-07-06,Uniswap V3,Ethereum,8.53,USDC,107695018,11.74,0
2024-07-06,Uniswap V3,Ethereum,8.87,USDT,102230076,10.53,0
2024-07-06,Uniswap V3,Ethereum,7.53,DAI,103935594,14.14,0
2024-07-06,Uniswap V3,Arbitrum,12.45,USDC,105802491,1.17,3.78
2024-07-06,Uniswap V3,Arbitrum,9.92,DAI,112375365,1.37,3.76
2024-07-06,Uniswap V3,Optimism,9.84,USDC,100776720,1.16,4.94
2024-07-06,Uniswap V3,Optimism,8.08,USDT,111916030,1.23,5.52
2024-07-06,Uniswap V3,Optimism,10.53,DAI,106957698,1.14,3.65
2024-07-06,Uniswap V3,Polygon,10.58,USDC,102126108,0.55,2.52
2024-07-06,Uniswap V3,Polygon,11.49,USDT,106231381,0.56,3.69
2024-07-06,Uniswap V3,Polygon,10.28,DAI,104171237,0.59,3.03
2024-07-06,Uniswap V3,Base,11.44,USDC,100821283,1.22,3.12
2024-07-06,Uniswap V3,Base,8.05,USDT,95949440,1.06,4.31
2024-07-06,Uniswap V3,Base,8.83,DAI,97223438,0.91,4.44
2024-07-06,Yearn,Ethereum,3.38,USDC,134515473,14.06,0
2024-07-06,Yearn,Ethereum,3.7,USDT,127487060,11.86,0
2024-07-06,Yearn,Ethereum,4.24,DAI,137909267,13.38,0
2024-07-06,Yearn,Arbitrum,4.28,USDC,130451638,1.48,4.36
2024-07-06,Yearn,Arbitrum,4.25,DAI,131018465,1.59,4.83
2024-07-06,Yearn,Optimism,4.4,USDC,140623067,1.09,4.24
2024-07-06,Yearn,Optimism,4.41,USDT,138686228,1.36,5.04
2024-07-06,Yearn,Optimism,4.32,DAI,125900622,1.16,3.42
2024-07-06,Yearn,Polygon,5.52,USDC,127497588,0.5,3.63
2024-07-06,Yearn,Polygon,5.05,DAI,120924335,0.57,3.15
2024-07-06,Yearn,Base,4.58,USDC,136251481,1.11,5.89
2024-07-06,Pendle,Ethereum,12.76,USDC,84418640,11.86,0
2024-07-06,Pendle,Ethereum,11.71,USDT,85792701,12.81,0
2024-07-06,Pendle,Ethereum,13.9,DAI,76895499,14.01,0
2024-07-06,Pendle,Arbitrum,10.65,USDT,83521601,1.52,5.1
2024-07-06,Pendle,Arbitrum,11.19,DAI,82232639,1.18,5.2
2024-07-06,Pendle,Optimism,13.47,USDC,84495128,1.26,3.15
2024-07-06,Pendle,Optimism,12.7,USDT,90199413,1.42,4.56
2024-07-06,Pendle,Optimism,12.27,DAI,79040409,1.37,4.9
2024-07-06,Pendle,Base,13.04,USDC,88394136,1.0,4.64
2024-07-06,Convex,Ethereum,4.41,USDC,156818218,10.81,0
2024-07-06,Convex,Ethereum,5.35,USDT,153228288,11.94,0
2024-07-06,Convex,Ethereum,5.07,DAI,171548151,8.64,0
2024-07-06,Balancer,Ethereum,8.38,USDC,112975952,14.19,0
2024-07-06,Balancer,Ethereum,8.65,USDT,114559163,10.31,0
2024-07-06,Balancer,Ethereum,7.66,DAI,123357214,13.43,0
2024-07-06,Balancer,Arbitrum,12.38,USDC,125720555,1.52,7.38
2024-07-06,Balancer,Arbitrum,13.11,USDT,113679828,1.82,3.83
2024-07-06,Balancer,Arbitrum,9.82,DAI,125220562,1.39,5.28
2024-07-06,Balancer,Optimism,11.34,USDC,118114701,1.32,5.16
2024-07-06,Balancer,Optimism,8.67,USDT,130659176,1.4,3.46
2024-07-06,Balancer,Optimism,11.1,DAI,124447711,1.26,3.48
2024-07-06,Balancer,Polygon,10.78,USDC,121995518,0.65,3.12
2024-07-06,Balancer,Polygon,9.92,DAI,125117222,0.8,2.42
2024-07-06,Balancer,Base,11.0,USDC,119219772,1.03,2.75
2024-07-06,Balancer,Base,8.43,USDT,124188074,0.98,3.75
2024-07-06,Balancer,Base,9.19,DAI,121130490,0.98,5.71
2024-07-07,Aave,Ethereum,2.78,USDC,261373042,6.93,0
2024-07-07,Aave,Ethereum,2.72,USDT,295457537,10.45,0
2024-07-07,Aave,Ethereum,2.84,DAI,278510552,9.67,0
2024-07-07,Aave,Arbitrum,3.47,USDC,276890801,1.38,6.48
2024-07-07,Aave,Arbitrum,3.88,USDT,290924367,1.34,5.84
2024-07-07,Aave,Arbitrum,3.5,DAI,285424801,1.73,5.8
2024-07-07,Aave,Optimism,3.35,USDC,301181939,1.54,5.0
2024-07-07,Aave,Optimism,3.15,USDT,285389209,1.43,4.75
2024-07-07,Aave,Optimism,3.29,DAI,293518727,1.24,3.8
2024-07-07,Aave,Polygon,3.77,USDC,277170174,0.73,2.46
2024-07-07,Aave,Polygon,3.9,USDT,291815551,0.63,2.59
2024-07-07,Aave,Polygon,4.22,DAI,268997899,0.65,3.89
2024-07-07,Aave,Base,3.82,USDC,283681983,0.95,5.15
2024-07-07,Aave,Base,3.58,USDT,260638390,1.08,4.42
2024-07-07,Aave,Base,3.85,DAI,286444887,1.01,4.34
2024-07-07,Compound,Ethereum,2.86,USDC,193194322,9.4,0
2024-07-07,Compound,Ethereum,3.0,USDT,205134785,9.01,0
2024-07-07,Compound,Ethereum,2.67,DAI,186807509,13.46,0
2024-07-07,Compound,Arbitrum,3.74,USDC,200365112,1.95,6.71
2024-07-07,Compound,Arbitrum,3.37,USDT,214232927,1.63,5.7
2024-07-07,Compound,Arbitrum,3.37,DAI,208706461,1.95,6.41
2024-07-07,Compound,Optimism,3.33,USDC,203974941,1.1,4.47
2024-07-07,Compound,Optimism,3.16,USDT,219146567,1.09,4.54
2024-07-07,Compound,Optimism,3.19,DAI,194562711,1.17,4.26
2024-07-07,Compound,Polygon,3.43,USDC,206190738,0.65,3.01
2024-07-07,Compound,Polygon,3.43,USDT,203587797,0.41,2.0
2024-07-07,Compound,Polygon,3.46,DAI,204967724,0.66,3.82
2024-07-07,Compound,Base,3.64,USDC,200154642,0.89,4.46
2024-07-07,Compound,Base,3.14,USDT,202657405,0.93,2.71
2024-07-07,Curve,Ethereum,7.0,USDC,374830200,13.65,0
2024-07-07,Curve,Ethereum,7.46,USDT,367080535,10.83,0
2024-07-07,Curve,Ethereum,8.45,DAI,332008100,7.7,0
2024-07-07,Curve,Arbitrum,9.54,USDC,366062691,2.07,5.48
2024-07-07,Curve,Arbitrum,10.84,USDT,351780513,1.52,5.62
2024-07-07,Curve,Arbitrum,9.87,DAI,349617854,2.1,4.01
2024-07-07,Curve,Optimism,7.87,USDC,359088869,1.4,4.17
2024-07-07,Curve,Optimism,8.53,USDT,346858442,1.32,3.65
2024-07-07,Curve,Optimism,9.32,DAI,360490698,0.93,4.53
2024-07-07,Curve,Polygon,9.08,USDT,340223813,0.71,4.47
2024-07-07,Curve,Polygon,9.2,DAI,345433687,0.7,2.79
2024-07-07,Curve,Base,10.51,USDC,342575850,0.86,4.89
2024-07-07,Curve,Base,10.68,USDT,346223502,0.95,3.34
2024-07-07,Curve,Base,8.81,DAI,359775163,1.09,3.52
2024-07-07,Uniswap V3,Ethereum,8.45,USDC,104053394,8.16,0
2024-07-07,Uniswap V3,Ethereum,8.01,USDT,107429993,9.27,0
2024-07-07,Uniswap V3,Ethereum,9.1,DAI,102566743,12.49,0
2024-07-07,Uniswap V3,Arbitrum,8.48,USDC,105185076,1.48,5.54
2024-07-07,Uniswap V3,Arbitrum,10.35,USDT,108027670,1.63,5.35
2024-07-07,Uniswap V3,Arbitrum,11.49,DAI,111571233,2.04,1.97
2024-07-07,Uniswap V3,Optimism,10.56,USDC,99705276,1.29,4.77
2024-07-07,Uniswap V3,Optimism,8.55,USDT,102872078,0.97,3.63
2024-07-07,Uniswap V3,Optimism,11.7,DAI,99948862,1.3,4.92
2024-07-07,Uniswap V3,Polygon,12.53,USDC,108503271,0.58,2.74
2024-07-07,Uniswap V3,Polygon,11.1,USDT,103303884,0.69,3.06
2024-07-07,Uniswap V3,Polygon,12.15,DAI,97791094,0.56,2.9
2024-07-07,Uniswap V3,Base,12.3,USDC,106442926,0.98,4.42
2024-07-07,Uniswap V3,Base,11.15,USDT,102148916,1.11,4.89
2024-07-07,Uniswap V3,Base,9.61,DAI,105231751,0.83,4.13
2024-07-07,Yearn,Ethereum,4.16,USDC,129526089,10.37,0
2024-07-07,Yearn,Ethereum,3.57,DAI,129640530,10.71,0
2024-07-07,Yearn,Arbitrum,4.83,USDT,133019850,1.13,6.35
2024-07-07,Yearn,Arbitrum,4.81,DAI,129127463,1.55,5.43
2024-07-07,Yearn,Optimism,4.8,USDT,135916568,1.0,3.74
2024-07-07,Yearn,Optimism,4.12,DAI,144226783,1.11,2.72
2024-07-07,Yearn,Polygon,4.77,USDC,133793495,0.63,3.15
2024-07-07,Yearn,Polygon,5.77,USDT,134407231,0.64,3.09
2024-07-07,Yearn,Polygon,4.73,DAI,132338483,0.54,2.07
2024-07-07,Yearn,Base,4.55,USDC,133208411,0.81,4.61
2024-07-07,Yearn,Base,4.51,USDT,139267320,0.65,5.12
2024-07-07,Yearn,Base,4.4,DAI,140849571,1.07,4.98
2024-07-07,Pendle,Ethereum,9.87,USDC,78394575,11.23,0
2024-07-07,Pendle,Ethereum,10.53,USDT,90525496,12.44,0
2024-07-07,Pendle,Arbitrum,16.32,USDC,82166232,1.8,4.4
2024-07-07,Pendle,Arbitrum,14.64,USDT,82266198,1.8,5.6
2024-07-07,Pendle,Arbitrum,11.02,DAI,82035915,1.55,6.67
2024-07-07,Pendle,Optimism,12.78,USDC,83198461,1.34,3.55
2024-07-07,Pendle,Base,14.52,USDC,83656072,1.11,5.74
2024-07-07,Pendle,Base,16.75,USDT,85749101,1.33,4.49
2024-07-07,Pendle,Base,15.26,DAI,78124529,1.04,3.61
2024-07-07,Convex,Ethereum,5.3,USDC,166945396,12.57,0
2024-07-07,Convex,Ethereum,5.72,USDT,155652969,11.12,0
2024-07-07,Convex,Ethereum,5.03,DAI,173366556,15.28,0
2024-07-07,Balancer,Ethereum,9.35,USDC,121431684,13.36,0
2024-07-07,Balancer,Ethereum,8.58,USDT,119860184,12.86,0
2024-07-07,Balancer,Ethereum,10.09,DAI,125044134,12.37,0
2024-07-07,Balancer,Arbitrum,11.46,USDC,129773137,1.74,2.88
2024-07-07,Balancer,Arbitrum,9.03,USDT,115708788,1.52,6.39
2024-07-07,Balancer,Arbitrum,11.15,DAI,115601458,1.73,5.28
2024-07-07,Balancer,Optimism,10.24,USDC,107304542,1.23,5.0
2024-07-07,Balancer,Optimism,10.16,USDT,116499776,1.1,4.0
2024-07-07,Balancer,Optimism,10.35,DAI,122874793,1.25,3.16
2024-07-07,Balancer,Polygon,13.3,USDC,118416150,0.62,2.96
2024-07-07,Balancer,Polygon,11.26,USDT,121536271,0.6,1.28
2024-07-07,Balancer,Polygon,10.17,DAI,115770783,0.46,3.69
2024-07-07,Balancer,Base,7.34,USDC,120110889,0.81,4.29
2024-07-07,Balancer,Base,7.05,DAI,119023453,0.58,4.25
2024-07-08,Aave,Ethereum,3.34,USDC,269385397,9.66,0
2024-07-08,Aave,Ethereum,2.83,USDT,279204499,19.55,0
2024-07-08,Aave,Ethereum,2.49,DAI,293365516,17.64,0
2024-07-08,Aave,Arbitrum,3.65,USDC,274432215,2.16,8.0
2024-07-08,Aave,Arbitrum,4.1,DAI,261796402,2.1,3.45
2024-07-08,Aave,Optimism,3.71,USDC,288111718,1.41,4.43
2024-07-08,Aave,Optimism,3.35,USDT,287193868,2.12,3.07
2024-07-08,Aave,Optimism,3.12,DAI,301256588,1.37,4.04
2024-07-08,Aave,Polygon,4.15,USDC,292851196,1.09,2.36
2024-07-08,Aave,Polygon,3.72,USDT,258679896,0.85,2.66
2024-07-08,Aave,Polygon,3.73,DAI,272757411,0.94,1.99
2024-07-08,Aave,Base,3.75,USDC,289721108,1.63,4.68
2024-07-08,Aave,Base,3.42,USDT,291514057,1.55,3.11
2024-07-08,Aave,Base,3.49,DAI,261424828,1.36,3.44
2024-07-08,Compound,Ethereum,3.05,USDC,209854704,18.08,0
2024-07-08,Compound,Ethereum,2.98,USDT,205171917,15.13,0
2024-07-08,Compound,Ethereum,3.18,DAI,205557827,19.44,0
2024-07-08,Compound,Arbitrum,3.52,USDC,195518126,2.69,4.83
2024-07-08,Compound,Arbitrum,3.87,USDT,187209637,2.78,5.6
2024-07-08,Compound,Arbitrum,3.17,DAI,193394547,2.19,5.53
2024-07-08,Compound,Optimism,3.5,USDC,191122096,1.96,3.7
2024-07-08,Compound,Optimism,3.68,USDT,189131219,1.92,4.18
2024-07-08,Compound,Polygon,3.9,USDC,199200854,0.98,2.55
2024-07-08,Compound,Polygon,3.93,USDT,191775765,0.81,3.04
2024-07-08,Compound,Polygon,3.65,DAI,218059252,0.74,1.93
2024-07-08,Compound,Base,3.7,USDC,190791078,1.65,3.94
2024-07-08,Compound,Base,3.27,USDT,185287712,1.59,3.59
2024-07-08,Compound,Base,3.32,DAI,196914356,1.58,2.55
2024-07-08,Curve,Ethereum,8.58,USDC,376004910,16.34,0
2024-07-08,Curve,Ethereum,7.42,USDT,388141958,15.11,0
2024-07-08,Curve,Ethereum,6.53,DAI,372494924,23.76,0
2024-07-08,Curve,Arbitrum,11.11,USDC,379273277,2.12,5.16
2024-07-08,Curve,Arbitrum,8.06,USDT,326136609,2.91,4.6
2024-07-08,Curve,Arbitrum,10.25,DAI,370128886,2.63,5.09
2024-07-08,Curve,Optimism,10.44,USDC,366799374,1.82,3.95
2024-07-08,Curve,Optimism,7.99,USDT,352829750,1.82,4.18
2024-07-08,Curve,Optimism,8.91,DAI,360453130,1.84,4.59
2024-07-08,Curve,Polygon,10.51,USDC,374357748,0.97,2.98
2024-07-08,Curve,Polygon,9.4,USDT,345784987,0.97,3.16
2024-07-08,Curve,Polygon,11.25,DAI,341479005,1.13,2.34
2024-07-08,Curve,Base,10.22,USDC,357078280,1.84,4.39
2024-07-08,Curve,Base,7.35,USDT,366344366,1.49,4.32
2024-07-08,Uniswap V3,Ethereum,7.89,USDC,107999467,17.57,0
2024-07-08,Uniswap V3,Ethereum,8.53,USDT,105972169,15.89,0
2024-07-08,Uniswap V3,Ethereum,9.39,DAI,98509822,15.83,0
2024-07-08,Uniswap V3,Arbitrum,11.16,USDC,100698339,2.76,5.58
2024-07-08,Uniswap V3,Arbitrum,10.68,USDT,112517657,2.38,4.04
2024-07-08,Uniswap V3,Arbitrum,12.86,DAI,105880708,2.07,5.54
2024-07-08,Uniswap V3,Optimism,9.67,USDC,107150553,2.04,3.98
2024-07-08,Uniswap V3,Optimism,9.14,USDT,104928918,2.02,5.08
2024-07-08,Uniswap V3,Optimism,11.87,DAI,101593575,2.17,4.82
2024-07-08,Uniswap V3,Polygon,11.71,USDC,108990268,0.92,3.27
2024-07-08,Uniswap V3,Polygon,10.66,USDT,110074702,0.8,3.46
2024-07-08,Uniswap V3,Polygon,11.09,DAI,105420844,0.99,3.89
2024-07-08,Uniswap V3,Base,10.62,USDC,108313932,1.23,4.96
2024-07-08,Uniswap V3,Base,10.29,USDT,108690087,1.4,3.1
2024-07-08,Uniswap V3,Base,10.46,DAI,108647911,0.97,3.83
2024-07-08,Yearn,Ethereum,3.79,USDC,132645949,19.18,0
2024-07-08,Yearn,Ethereum,4.08,USDT,126664000,11.81,0
2024-07-08,Yearn,Ethereum,3.81,DAI,128782346,21.89,0
2024-07-08,Yearn,Arbitrum,4.84,USDC,133838250,2.61,4.36
2024-07-08,Yearn,Arbitrum,5.04,USDT,128529744,2.36,4.12
2024-07-08,Yearn,Arbitrum,4.74,DAI,127118618,2.49,3.59
2024-07-08,Yearn,Optimism,4.43,USDC,128821817,1.97,2.68
2024-07-08,Yearn,Optimism,4.87,USDT,129475857,1.93,3.89
2024-07-08,Yearn,Optimism,4.82,DAI,132882555,1.26,2.64
2024-07-08,Yearn,Polygon,4.95,USDC,139479508,0.92,3.44
2024-07-08,Yearn,Polygon,5.33,USDT,131557223,0.81,3.23
2024-07-08,Yearn,Polygon,5.67,DAI,133268385,0.93,3.63
2024-07-08,Yearn,Base,5.19,USDT,137696045,1.44,5.58
2024-07-08,Yearn,Base,5.19,DAI,128622724,1.74,3.06
2024-07-08,Pendle,Ethereum,9.41,USDC,83103681,18.87,0
2024-07-08,Pendle,Ethereum,12.48,USDT,79806515,18.23,0
2024-07-08,Pendle,Ethereum,11.75,DAI,86946438,19.76,0
2024-07-08,Pendle,Arbitrum,14.19,USDC,85688404,2.28,6.14
2024-07-08,Pendle,Arbitrum,16.88,USDT,85724627,2.14,5.29
2024-07-08,Pendle,Arbitrum,13.08,DAI,83323939,3.07,4.9
2024-07-08,Pendle,Optimism,14.16,USDC,79828759,2.06,2.81
2024-07-08,Pendle,Optimism,12.91,USDT,80377777,1.64,5.17
2024-07-08,Pendle,Optimism,13.16,DAI,81766516,1.48,4.46
2024-07-08,Pendle,Base,14.41,USDC,79405690,1.11,3.66
2024-07-08,Pendle,Base,16.32,USDT,86716606,1.37,4.67
2024-07-08,Convex,Ethereum,5.2,USDC,159122347,24.02,0
2024-07-08,Convex,Ethereum,5.71,USDT,154403166,13.83,0
2024-07-08,Convex,Ethereum,4.63,DAI,163874627,18.91,0
2024-07-08,Balancer,Ethereum,9.45,USDC,122420374,16.34,0
2024-07-08,Balancer,Ethereum,8.53,USDT,119641019,21.49,0
2024-07-08,Balancer,Ethereum,7.19,DAI,122558982,19.36,0
2024-07-08,Balancer,Arbitrum,9.33,USDC,123184444,2.66,4.93
2024-07-08,Balancer,Optimism,8.67,USDC,125787398,1.52,3.19
2024-07-08,Balancer,Optimism,9.64,USDT,126214886,2.07,4.56
2024-07-08,Balancer,Polygon,10.51,USDC,127864632,1.02,3.56
2024-07-08,Balancer,Polygon,9.75,DAI,116672626,0.8,3.02
2024-07-08,Balancer,Base,10.17,USDC,116074053,1.14,3.43
2024-07-08,Balancer,Base,10.65,USDT,122289917,0.98,4.48
2024-07-08,Balancer,Base,10.36,DAI,119578552,1.19,3.07
2024-07-09,Aave,Ethereum,3.27,USDC,282055617,17.05,0
2024-07-09,Aave,Ethereum,3.13,USDT,270538150,21.87,0
2024-07-09,Aave,Arbitrum,3.89,USDC,268854428,1.98,5.86
2024-07-09,Aave,Arbitrum,4.03,USDT,271203821,2.48,6.18
2024-07-09,Aave,Arbitrum,3.95,DAI,280358626,2.48,3.52
2024-07-09,Aave,Optimism,3.71,USDT,272728607,1.92,4.64
2024-07-09,Aave,Optimism,4.11,DAI,251515401,1.54,5.34
2024-07-09,Aave,Polygon,3.95,USDC,262068995,1.19,3.48
2024-07-09,Aave,Polygon,4.09,USDT,282820914,1.3,2.31
2024-07-09,Aave,Polygon,3.81,DAI,278799471,1.08,3.38
2024-07-09,Aave,Base,3.51,USDC,261939833,1.81,4.95
2024-07-09,Aave,Base,4.15,USDT,282140804,1.3,4.86
2024-07-09,Aave,Base,3.67,DAI,262429679,1.4,4.81
2024-07-09,Compound,Ethereum,3.15,USDC,183409046,22.08,0
2024-07-09,Compound,Ethereum,3.12,USDT,215580146,19.68,0
2024-07-09,Compound,Arbitrum,3.74,USDC,208914998,2.26,6.04
2024-07-09,Compound,Arbitrum,4.22,USDT,202732466,2.58,6.01
2024-07-09,Compound,Optimism,3.68,USDC,191068239,2.29,5.16
2024-07-09,Compound,Optimism,3.76,DAI,203018947,2.1,3.95
2024-07-09,Compound,Polygon,4.26,USDT,189305488,1.13,3.55
2024-07-09,Compound,Polygon,4.34,DAI,204083152,1.01,3.42
2024-07-09,Compound,Base,3.57,USDC,193593302,1.44,5.03
2024-07-09,Compound,Base,3.84,USDT,193751703,1.34,3.99
2024-07-09,Compound,Base,3.72,DAI,211331899,1.84,5.06
2024-07-09,Curve,Ethereum,7.81,USDC,363223938,14.41,0
2024-07-09,Curve,Ethereum,8.8,USDT,354564298,19.38,0
2024-07-09,Curve,Ethereum,8.66,DAI,367054593,17.88,0
2024-07-09,Curve,Arbitrum,9.14,USDC,337821040,2.27,4.13
2024-07-09,Curve,Arbitrum,9.53,USDT,357607913,2.17,3.87
2024-07-09,Curve,Arbitrum,11.24,DAI,369643901,3.01,4.64
2024-07-09,Curve,Optimism,10.7,USDC,354204920,1.76,2.56
2024-07-09,Curve,Optimism,11.82,USDT,374351363,1.75,3.26
2024-07-09,Curve,Optimism,6.67,DAI,334366696,1.46,5.09
2024-07-09,Curve,Polygon,9.39,USDC,361451391,1.27,2.7
2024-07-09,Curve,Polygon,10.01,USDT,344605446,1.12,2.83
2024-07-09,Curve,Polygon,10.76,DAI,355335326,1.13,3.38
2024-07-09,Curve,Base,11.07,USDC,359852116,1.43,2.81
2024-07-09,Curve,Base,9.12,USDT,343921575,1.38,5.0
2024-07-09,Curve,Base,6.09,DAI,365234420,1.72,3.69
2024-07-09,Uniswap V3,Ethereum,8.33,USDT,100503506,17.35,0
2024-07-09,Uniswap V3,Ethereum,9.78,DAI,102037552,23.51,0
2024-07-09,Uniswap V3,Arbitrum,7.35,USDT,101671374,2.28,5.06
2024-07-09,Uniswap V3,Arbitrum,12.64,DAI,105404685,2.5,5.57
2024-07-09,Uniswap V3,Optimism,9.07,USDC,107539310,2.11,3.43
2024-07-09,Uniswap V3,Optimism,7.28,USDT,108088891,1.64,4.8
2024-07-09,Uniswap V3,Optimism,8.66,DAI,105996194,1.62,4.78
2024-07-09,Uniswap V3,Polygon,13.37,USDT,101174627,0.86,3.02
2024-07-09,Uniswap V3,Polygon,13.32,DAI,109449246,1.09,2.91
2024-07-09,Uniswap V3,Base,11.29,USDC,108814701,1.11,1.87
2024-07-09,Uniswap V3,Base,10.49,USDT,114951968,1.22,3.95
2024-07-09,Uniswap V3,Base,8.74,DAI,107115118,1.39,3.74
2024-07-09,Yearn,Ethereum,3.97,USDC,144914828,21.1,0
2024-07-09,Yearn,Ethereum,3.78,USDT,142006903,12.42,0
2024-07-09,Yearn,Ethereum,4.41,DAI,134486752,23.83,0
2024-07-09,Yearn,Arbitrum,4.65,USDC,131839081,2.46,4.61
2024-07-09,Yearn,Arbitrum,5.17,USDT,136446896,2.56,6.89
2024-07-09,Yearn,Arbitrum,4.83,DAI,124853378,2.23,6.95
2024-07-09,Yearn,Optimism,4.42,USDC,143048454,1.66,3.5
2024-07-09,Yearn,Optimism,4.07,USDT,140788860,1.67,2.31
2024-07-09,Yearn,Optimism,4.31,DAI,130081046,1.68,4.94
2024-07-09,Yearn,Polygon,4.92,USDC,136443814,0.85,3.6
2024-07-09,Yearn,Polygon,5.34,USDT,127611055,0.95,3.31
2024-07-09,Yearn,Polygon,5.29,DAI,132305036,0.85,2.99
2024-07-09,Yearn,Base,4.5,USDC,129895291,1.33,4.78
2024-07-09,Yearn,Base,4.42,USDT,131157871,1.79,4.69
2024-07-09,Yearn,Base,4.49,DAI,136422122,1.48,2.99
2024-07-09,Pendle,Ethereum,12.11,USDC,74477396,13.85,0
2024-07-09,Pendle,Ethereum,7.67,USDT,83182924,17.31,0
2024-07-09,Pendle,Ethereum,12.52,DAI,85272797,18.05,0
2024-07-09,Pendle,Arbitrum,12.48,USDC,91252106,3.0,4.35
2024-07-09,Pendle,Arbitrum,12.19,DAI,81375789,1.84,3.81
2024-07-09,Pendle,Optimism,10.29,USDC,83786366,2.11,2.86
2024-07-09,Pendle,Optimism,16.71,USDT,87510252,2.33,2.64
2024-07-09,Pendle,Optimism,14.13,DAI,93661988,1.66,3.53
2024-07-09,Pendle,Base,15.89,USDC,88438225,1.3,4.66
2024-07-09,Pendle,Base,11.2,USDT,86488837,1.42,4.15
2024-07-09,Pendle,Base,13.35,DAI,81752910,1.35,3.77
2024-07-09,Convex,Ethereum,5.65,USDC,182367346,23.72,0
2024-07-09,Convex,Ethereum,5.65,USDT,157162780,15.25,0
2024-07-09,Convex,Ethereum,5.4,DAI,167089021,17.33,0
2024-07-09,Balancer,Ethereum,8.51,USDC,119817762,16.0,0
2024-07-09,Balancer,Ethereum,7.84,USDT,127194793,16.95,0
2024-07-09,Balancer,Arbitrum,10.99,USDT,122240682,2.19,3.94
2024-07-09,Balancer,Arbitrum,11.61,DAI,125445431,2.32,5.11
2024-07-09,Balancer,Optimism,8.75,USDT,125344452,1.9,2.41
2024-07-09,Balancer,Optimism,10.12,DAI,124296809,1.85,4.5
2024-07-09,Balancer,Polygon,10.82,USDT,125920782,1.31,3.42
2024-07-09,Balancer,Polygon,11.98,DAI,121850716,1.04,2.78
2024-07-09,Balancer,Base,10.51,USDC,116218213,1.69,3.61
2024-07-09,Balancer,Base,9.12,USDT,117674393,1.72,5.12
2024-07-09,Balancer,Base,9.42,DAI,118956992,1.34,4.05
2024-07-10,Aave,Ethereum,3.61,USDC,277676974,18.5,0
2024-07-10,Aave,Ethereum,3.17,USDT,265965052,22.69,0
2024-07-10,Aave,Ethereum,3.61,DAI,268704013,16.12,0
2024-07-10,Aave,Arbitrum,3.9,USDC,275958720,2.16,4.98
2024-07-10,Aave,Arbitrum,3.77,USDT,278863235,2.53,4.35
2024-07-10,Aave,Arbitrum,3.64,DAI,283107253,2.74,4.27
2024-07-10,Aave,Optimism,3.88,USDT,298931472,1.48,2.57
2024-07-10,Aave,Optimism,3.63,DAI,277575732,1.99,5.43
2024-07-10,Aave,Polygon,3.78,USDC,291538599,1.03,3.71
2024-07-10,Aave,Polygon,3.8,USDT,285419736,0.75,3.2
2024-07-10,Aave,Polygon,4.26,DAI,257699653,1.0,3.22
2024-07-10,Aave,Base,3.68,USDC,303324171,1.68,3.98
2024-07-10,Aave,Base,3.76,USDT,282372150,1.67,3.96
2024-07-10,Aave,Base,4.01,DAI,275490066,1.55,4.59
2024-07-10,Compound,Ethereum,3.21,USDC,185974309,17.23,0
2024-07-10,Compound,Ethereum,3.15,DAI,186992085,20.52,0
2024-07-10,Compound,Arbitrum,3.92,USDC,200637834,2.24,4.85
2024-07-10,Compound,Arbitrum,3.57,USDT,218468847,2.8,5.97
2024-07-10,Compound,Arbitrum,3.84,DAI,199170062,2.98,4.2
2024-07-10,Compound,Optimism,3.54,USDT,194089335,1.3,3.02
2024-07-10,Compound,Optimism,3.84,DAI,224112464,1.72,3.99
2024-07-10,Compound,Polygon,4.13,USDC,211202378,1.15,3.05
2024-07-10,Compound,Polygon,3.99,USDT,200122176,0.91,3.43
2024-07-10,Compound,Polygon,3.97,DAI,197837879,0.9,3.09
2024-07-10,Compound,Base,3.58,USDC,206156585,1.15,3.46
2024-07-10,Compound,Base,3.72,USDT,186956285,1.67,4.32
2024-07-10,Curve,Ethereum,8.47,USDT,350888093,14.74,0
2024-07-10,Curve,Arbitrum,8.63,USDT,352542731,2.54,6.06
2024-07-10,Curve,Arbitrum,6.76,DAI,376782926,2.57,3.83
2024-07-10,Curve,Optimism,9.44,USDT,345867395,2.59,3.37
2024-07-10,Curve,Optimism,8.66,DAI,339934021,1.71,4.37
2024-07-10,Curve,Polygon,10.06,USDC,348571352,0.7,2.6
2024-07-10,Curve,Polygon,10.4,USDT,362230649,1.16,3.15
2024-07-10,Curve,Polygon,12.02,DAI,364617393,0.87,3.86
2024-07-10,Curve,Base,11.45,USDC,343998224,1.51,3.25
2024-07-10,Curve,Base,11.48,USDT,378555965,1.32,4.69
2024-07-10,Curve,Base,9.71,DAI,364451617,1.55,3.83
2024-07-10,Uniswap V3,Ethereum,6.99,USDC,100730872,17.26,0
2024-07-10,Uniswap V3,Ethereum,9.32,USDT,108473716,18.05,0
2024-07-10,Uniswap V3,Ethereum,8.53,DAI,105980078,15.12,0
2024-07-10,Uniswap V3,Arbitrum,11.63,USDC,108899694,2.38,4.12
2024-07-10,Uniswap V3,Arbitrum,10.71,USDT,97327843,1.98,4.68
2024-07-10,Uniswap V3,Arbitrum,5.5,DAI,104397882,1.98,4.62
2024-07-10,Uniswap V3,Optimism,10.63,USDC,111824107,1.56,3.52
2024-07-10,Uniswap V3,Optimism,9.55,USDT,106658723,2.26,5.1
2024-07-10,Uniswap V3,Optimism,10.77,DAI,112538455,2.06,4.42
2024-07-10,Uniswap V3,Polygon,10.88,USDC,113194419,0.71,3.26
2024-07-10,Uniswap V3,Polygon,9.76,USDT,98337931,0.91,3.58
2024-07-10,Uniswap V3,Polygon,10.46,DAI,110818445,0.85,3.22
2024-07-10,Uniswap V3,Base,10.74,USDC,106904019,1.52,3.98
2024-07-10,Uniswap V3,Base,11.88,USDT,102973999,1.26,5.12
2024-07-10,Uniswap V3,Base,8.49,DAI,107059398,1.63,4.9
2024-07-10,Yearn,Ethereum,4.1,USDT,132364269,19.77,0
2024-07-10,Yearn,Ethereum,4.02,DAI,127750921,15.0,0
2024-07-10,Yearn,Arbitrum,4.96,USDC,133597261,2.24,4.14
2024-07-10,Yearn,Arbitrum,4.68,USDT,135450285,2.16,4.84
2024-07-10,Yearn,Arbitrum,5.03,DAI,138571373,3.01,6.6
2024-07-10,Yearn,Optimism,4.59,USDC,130286764,2.04,3.52
2024-07-10,Yearn,Optimism,4.75,USDT,130105491,1.85,4.35
2024-07-10,Yearn,Optimism,4.43,DAI,138145734,1.82,4.6
2024-07-10,Yearn,Polygon,5.12,USDC,127954970,0.96,2.08
2024-07-10,Yearn,Polygon,5.32,USDT,129768681,1.05,2.94
2024-07-10,Yearn,Polygon,5.93,DAI,137966963,0.95,2.61
2024-07-10,Yearn,Base,4.79,USDC,141234727,1.15,3.85
2024-07-10,Yearn,Base,4.35,USDT,137021953,1.54,2.96
2024-07-10,Yearn,Base,5.13,DAI,137253047,1.59,4.15
2024-07-10,Pendle,Ethereum,14.69,USDC,80662534,18.09,0
2024-07-10,Pendle,Ethereum,11.5,USDT,87251679,19.12,0
2024-07-10,Pendle,Ethereum,12.53,DAI,85613624,20.34,0
2024-07-10,Pendle,Arbitrum,13.56,USDC,84064470,2.53,4.59
2024-07-10,Pendle,Arbitrum,14.52,DAI,79419849,2.59,4.95
2024-07-10,Pendle,Optimism,15.06,USDC,86384669,1.4,4.26
2024-07-10,Pendle,Optimism,14.82,USDT,80044624,1.48,3.32
2024-07-10,Pendle,Optimism,10.85,DAI,82722803,1.49,3.74
2024-07-10,Pendle,Base,10.82,USDC,80020730,1.2,5.2
2024-07-10,Pendle,Base,14.5,USDT,78031851,1.29,3.92
2024-07-10,Pendle,Base,11.14,DAI,82506777,1.36,5.01
2024-07-10,Convex,Ethereum,5.52,USDC,166456369,15.56,0
2024-07-10,Convex,Ethereum,5.49,USDT,168772648,18.41,0
2024-07-10,Convex,Ethereum,5.63,DAI,166645105,16.14,0
2024-07-10,Balancer,Ethereum,8.37,USDC,125850750,19.8,0
2024-07-10,Balancer,Ethereum,8.89,USDT,126446713,18.75,0
2024-07-10,Balancer,Ethereum,8.3,DAI,123166623,18.38,0
2024-07-10,Balancer,Arbitrum,10.59,USDC,117538312,1.85,3.96
2024-07-10,Balancer,Arbitrum,9.17,USDT,118046984,1.92,3.69
2024-07-10,Balancer,Arbitrum,9.26,DAI,116470466,2.88,2.97
2024-07-10,Balancer,Optimism,8.81,USDC,119700652,1.79,3.78
2024-07-10,Balancer,Optimism,9.09,USDT,123833902,1.83,3.52
2024-07-10,Balancer,Optimism,9.74,DAI,131743491,2.05,4.85
2024-07-10,Balancer,Polygon,11.89,USDC,119997324,1.07,3.22
2024-07-10,Balancer,Polygon,12.55,DAI,124696278,0.81,3.42
2024-07-10,Balancer,Base,9.72,USDC,117699329,1.37,4.03
2024-07-10,Balancer,Base,12.03,USDT,121578127,1.45,4.24
2024-07-10,Balancer,Base,8.64,DAI,122770894,1.51,3.35
2024-07-11,Aave,Ethereum,2.99,USDC,279645773,15.62,0
2024-07-11,Aave,Ethereum,3.35,USDT,264972743,18.44,0
2024-07-11,Aave,Ethereum,3.37,DAI,287011572,16.5,0
2024-07-11,Aave,Arbitrum,4.03,USDC,283875920,2.54,4.76
2024-07-11,Aave,Arbitrum,3.93,USDT,272156321,2.6,4.49
2024-07-11,Aave,Arbitrum,3.61,DAI,257829024,2.3,4.68
2024-07-11,Aave,Optimism,3.69,USDC,286821969,2.27,3.98
2024-07-11,Aave,Optimism,4.03,USDT,290819814,1.88,4.26
2024-07-11,Aave,Optimism,3.71,DAI,273301258,1.87,4.98
2024-07-11,Aave,Polygon,4.54,USDC,264258051,0.78,3.17
2024-07-11,Aave,Polygon,4.36,USDT,287004758,1.04,2.66
2024-07-11,Aave,Polygon,3.58,DAI,290440750,0.85,3.13
2024-07-11,Aave,Base,3.63,USDC,254136436,1.38,4.25
2024-07-11,Aave,Base,3.97,USDT,276745669,1.54,2.84
2024-07-11,Aave,Base,4.03,DAI,288562052,1.37,4.81
2024-07-11,Compound,Ethereum,3.31,USDC,192995658,19.09,0
2024-07-11,Compound,Ethereum,3.0,USDT,189050138,16.5,0
2024-07-11,Compound,Ethereum,2.68,DAI,207990051,20.74,0
2024-07-11,Compound,Arbitrum,3.66,USDC,186582343,1.93,6.0
2024-07-11,Compound,Arbitrum,3.93,USDT,197681347,2.93,4.19
2024-07-11,Compound,Arbitrum,3.73,DAI,202458852,2.66,4.37
2024-07-11,Compound,Optimism,3.44,USDC,199638728,1.65,3.22
2024-07-11,Compound,Optimism,3.52,DAI,215599301,1.71,2.05
2024-07-11,Compound,Polygon,3.75,USDC,201876418,0.98,2.43
2024-07-11,Compound,Polygon,4.09,USDT,207279989,0.98,3.16
2024-07-11,Compound,Polygon,3.96,DAI,196101618,0.95,2.66
2024-07-11,Compound,Base,3.63,USDC,208351633,1.63,3.93
2024-07-11,Compound,Base,3.64,USDT,205037039,1.35,4.54
2024-07-11,Compound,Base,3.68,DAI,200455486,1.42,3.83
2024-07-11,Curve,Ethereum,6.47,USDC,369118290,20.52,0
2024-07-11,Curve,Ethereum,7.19,USDT,357027760,17.59,0
2024-07-11,Curve,Ethereum,7.52,DAI,363391047,19.17,0
2024-07-11,Curve,Arbitrum,10.84,USDC,355986422,1.99,4.32
2024-07-11,Curve,Arbitrum,11.06,USDT,361508402,3.17,5.51
2024-07-11,Curve,Arbitrum,9.81,DAI,345079674,2.98,4.04
2024-07-11,Curve,Optimism,9.59,USDC,348271408,2.02,3.86
2024-07-11,Curve,Optimism,9.12,USDT,340789062,1.81,3.38
2024-07-11,Curve,Optimism,9.35,DAI,327050078,1.91,4.86
2024-07-11,Curve,Polygon,10.51,USDC,349074191,0.86,3.01
2024-07-11,Curve,Polygon,9.16,USDT,364989665,1.0,3.7
2024-07-11,Curve,Polygon,10.13,DAI,366925712,1.06,2.96
2024-07-11,Curve,Base,10.24,USDC,354002771,1.38,4.27
2024-07-11,Curve,Base,10.65,USDT,352789765,1.22,3.84
2024-07-11,Curve,Base,9.33,DAI,321745348,1.23,4.52
2024-07-11,Uniswap V3,Ethereum,9.4,USDT,103058557,14.63,0
2024-07-11,Uniswap V3,Arbitrum,10.08,USDC,106460812,2.46,5.69
2024-07-11,Uniswap V3,Arbitrum,9.68,USDT,102156382,2.31,4.37
2024-07-11,Uniswap V3,Arbitrum,12.97,DAI,113458355,2.37,5.81
2024-07-11,Uniswap V3,Optimism,11.08,USDC,102021253,1.81,2.66
2024-07-11,Uniswap V3,Optimism,11.35,USDT,93524726,1.67,3.46
2024-07-11,Uniswap V3,Optimism,10.24,DAI,110179983,1.99,4.63
2024-07-11,Uniswap V3,Polygon,10.39,USDC,105646833,0.78,3.57
2024-07-11,Uniswap V3,Polygon,7.25,USDT,114074365,0.86,2.89
2024-07-11,Uniswap V3,Polygon,10.66,DAI,112916892,0.91,2.85
2024-07-11,Uniswap V3,Base,12.05,USDC,101552781,1.32,3.15
2024-07-11,Uniswap V3,Base,11.79,USDT,99784178,1.34,3.37
2024-07-11,Uniswap V3,Base,10.61,DAI,109592398,1.51,5.3
2024-07-11,Yearn,Ethereum,4.09,DAI,130231585,14.83,0
2024-07-11,Yearn,Arbitrum,4.79,USDC,122084750,2.53,5.18
2024-07-11,Yearn,Arbitrum,4.47,USDT,134852490,1.99,5.56
2024-07-11,Yearn,Arbitrum,4.87,DAI,128502246,3.02,5.96
2024-07-11,Yearn,Optimism,4.98,USDC,135184284,1.73,3.72
2024-07-11,Yearn,Optimism,4.74,USDT,137759750,1.83,5.53
2024-07-11,Yearn,Optimism,4.83,DAI,133638543,1.93,3.68
2024-07-11,Yearn,Polygon,5.41,USDC,132626082,0.9,2.43
2024-07-11,Yearn,Polygon,4.57,USDT,123289450,0.79,3.32
2024-07-11,Yearn,Polygon,4.95,DAI,130678466,1.1,3.17
2024-07-11,Yearn,Base,5.2,USDC,131363065,1.64,4.02
2024-07-11,Yearn,Base,4.53,USDT,115183940,1.63,4.82
2024-07-11,Yearn,Base,4.71,DAI,137566137,1.34,3.95
2024-07-11,Pendle,Ethereum,11.05,USDC,89166178,20.26,0
2024-07-11,Pendle,Ethereum,11.33,USDT,79736498,15.55,0
2024-07-11,Pendle,Ethereum,14.32,DAI,79729950,18.96,0
2024-07-11,Pendle,Arbitrum,12.07,USDC,79117876,3.04,4.21
2024-07-11,Pendle,Arbitrum,14.45,USDT,86546866,2.17,6.08
2024-07-11,Pendle,Arbitrum,14.76,DAI,83961256,2.81,4.22
2024-07-11,Pendle,Optimism,15.25,USDC,81592490,2.27,3.38
2024-07-11,Pendle,Optimism,12.04,USDT,80148562,1.29,3.08
2024-07-11,Pendle,Optimism,13.28,DAI,83348865,1.85,4.25
2024-07-11,Pendle,Base,14.95,USDC,80770116,1.09,4.59
2024-07-11,Convex,Ethereum,4.67,USDC,167715698,16.03,0
2024-07-11,Convex,Ethereum,5.16,USDT,175279803,20.38,0
2024-07-11,Convex,Ethereum,5.91,DAI,166693691,20.57,0
2024-07-11,Balancer,Ethereum,8.95,USDC,122397009,15.45,0
2024-07-11,Balancer,Ethereum,7.24,USDT,118827121,21.86,0
2024-07-11,Balancer,Ethereum,7.62,DAI,125979065,17.87,0
2024-07-11,Balancer,Arbitrum,8.72,USDC,122395328,2.63,4.72
2024-07-11,Balancer,Arbitrum,12.54,USDT,128079870,3.1,6.57
2024-07-11,Balancer,Arbitrum,9.45,DAI,120113239,2.78,4.16
2024-07-11,Balancer,Optimism,10.33,USDC,130803606,2.4,4.81
2024-07-11,Balancer,Optimism,10.23,USDT,135058708,2.0,4.68
2024-07-11,Balancer,Optimism,9.63,DAI,117102201,2.09,3.87
2024-07-11,Balancer,Polygon,9.83,USDC,119846947,0.69,2.01
2024-07-11,Balancer,Polygon,9.54,USDT,120738248,0.81,3.56
2024-07-11,Balancer,Polygon,9.46,DAI,127162791,1.0,3.15
2024-07-11,Balancer,Base,11.02,USDT,124754779,1.56,4.96
2024-07-11,Balancer,Base,11.29,DAI,121380490,1.36,4.78
2024-07-12,Aave,Ethereum,3.29,USDC,272745292,20.32,0
2024-07-12,Aave,Ethereum,2.91,DAI,285271647,17.69,0
2024-07-12,Aave,Arbitrum,3.95,DAI,265000204,2.48,5.21
2024-07-12,Aave,Optimism,3.68,USDC,268022319,1.94,2.37
2024-07-12,Aave,Optimism,3.64,USDT,275676707,1.5,3.56
2024-07-12,Aave,Polygon,4.27,USDC,265377427,0.98,2.8
2024-07-12,Aave,Polygon,3.69,USDT,269457775,1.14,3.72
2024-07-12,Aave,Polygon,4.05,DAI,259967101,0.9,2.71
2024-07-12,Aave,Base,3.95,USDC,275324595,1.37,4.25
2024-07-12,Aave,Base,3.45,USDT,257525826,1.6,3.86
2024-07-12,Aave,Base,3.51,DAI,274689659,1.44,3.31
2024-07-12,Compound,Ethereum,3.01,USDC,212216618,11.82,0
2024-07-12,Compound,Ethereum,2.91,USDT,193282617,17.08,0
2024-07-12,Compound,Ethereum,2.97,DAI,181904194,23.21,0
2024-07-12,Compound,Arbitrum,3.78,USDC,204622390,3.02,4.39
2024-07-12,Compound,Arbitrum,3.63,USDT,202769482,1.79,3.84
2024-07-12,Compound,Arbitrum,3.5,DAI,191103458,3.19,5.81
2024-07-12,Compound,Optimism,3.31,USDC,202466849,1.58,5.08
2024-07-12,Compound,Optimism,3.9,USDT,199954830,2.2,3.21
2024-07-12,Compound,Optimism,3.46,DAI,201772793,1.63,3.43
2024-07-12,Compound,Polygon,4.15,USDC,214547937,1.02,3.4
2024-07-12,Compound,Base,3.64,USDC,193371097,1.26,4.89
2024-07-12,Compound,Base,3.63,USDT,201406416,1.14,4.08
2024-07-12,Compound,Base,3.49,DAI,187300503,1.5,3.66
2024-07-12,Curve,Ethereum,8.78,USDC,341552170,12.72,0
2024-07-12,Curve,Ethereum,6.39,USDT,352611313,17.72,0
2024-07-12,Curve,Ethereum,8.32,DAI,348617829,19.86,0
2024-07-12,Curve,Arbitrum,10.46,USDC,338908729,2.43,4.7
2024-07-12,Curve,Arbitrum,9.64,USDT,342866454,2.21,4.68
2024-07-12,Curve,Arbitrum,8.79,DAI,356541034,1.88,6.44
2024-07-12,Curve,Optimism,10.0,USDC,324821838,2.13,2.49
2024-07-12,Curve,Optimism,9.97,USDT,355640076,1.8,4.62
2024-07-12,Curve,Optimism,9.01,DAI,352838349,1.58,3.6
2024-07-12,Curve,Polygon,9.19,USDC,371280353,1.17,2.76
2024-07-12,Curve,Polygon,10.45,USDT,354893257,1.05,1.9
2024-07-12,Curve,Polygon,10.91,DAI,363705795,0.83,2.42
2024-07-12,Curve,Base,7.26,USDC,371063028,1.68,3.46
2024-07-12,Curve,Base,9.77,USDT,358830408,1.17,4.56
2024-07-12,Curve,Base,7.25,DAI,332610998,1.61,3.03
2024-07-12,Uniswap V3,Ethereum,7.48,USDC,111557905,14.71,0
2024-07-12,Uniswap V3,Ethereum,9.68,USDT,102961298,21.52,0
2024-07-12,Uniswap V3,Ethereum,6.48,DAI,110959223,16.55,0
2024-07-12,Uniswap V3,Arbitrum,11.81,USDC,98807209,2.5,5.65
2024-07-12,Uniswap V3,Arbitrum,11.12,USDT,110322531,1.96,4.21
2024-07-12,Uniswap V3,Arbitrum,12.15,DAI,112007487,2.68,3.88
2024-07-12,Uniswap V3,Optimism,12.46,USDC,99237528,1.7,4.11
2024-07-12,Uniswap V3,Optimism,9.63,USDT,96795990,1.66,1.81
2024-07-12,Uniswap V3,Optimism,11.51,DAI,106980939,1.71,3.07
2024-07-12,Uniswap V3,Polygon,11.05,USDC,105157232,1.06,3.73
2024-07-12,Uniswap V3,Polygon,10.33,USDT,109814536,1.01,3.6
2024-07-12,Uniswap V3,Base,10.67,USDC,102035710,1.88,3.68
2024-07-12,Uniswap V3,Base,12.72,USDT,104755410,1.62,4.78
2024-07-12,Uniswap V3,Base,7.85,DAI,110722068,1.47,3.48
2024-07-12,Yearn,Ethereum,3.98,USDT,120205018,10.41,0
2024-07-12,Yearn,Ethereum,4.09,DAI,139523291,17.88,0
2024-07-12,Yearn,Arbitrum,5.17,USDC,123688227,2.65,2.41
2024-07-12,Yearn,Arbitrum,5.01,USDT,133381603,2.44,3.72
2024-07-12,Yearn,Arbitrum,4.39,DAI,134160333,1.37,5.11
2024-07-12,Yearn,Optimism,5.13,USDC,130676678,1.49,3.9
2024-07-12,Yearn,Optimism,4.43,DAI,123301047,1.6,4.1
2024-07-12,Yearn,Polygon,4.79,USDC,119332754,1.06,2.94
2024-07-12,Yearn,Polygon,5.15,USDT,133351805,0.84,4.92
2024-07-12,Yearn,Polygon,5.33,DAI,136475953,1.2,2.91
2024-07-12,Yearn,Base,4.52,USDC,125739576,1.52,3.11
2024-07-12,Yearn,Base,4.91,USDT,139985611,1.06,4.33
2024-07-12,Yearn,Base,4.74,DAI,119347037,1.78,3.42
2024-07-12,Pendle,Ethereum,11.41,USDC,83951314,19.57,0
2024-07-12,Pendle,Ethereum,11.71,USDT,77757284,17.69,0
2024-07-12,Pendle,Ethereum,8.51,DAI,77843985,18.46,0
2024-07-12,Pendle,Arbitrum,11.71,USDT,87570395,1.49,5.16
2024-07-12,Pendle,Arbitrum,16.72,DAI,89883738,2.89,2.48
2024-07-12,Pendle,Optimism,13.92,USDC,84452184,2.09,3.68
2024-07-12,Pendle,Optimism,12.96,USDT,84327439,1.56,3.64
2024-07-12,Pendle,Optimism,11.83,DAI,78146505,1.52,4.22
2024-07-12,Pendle,Base,17.61,USDC,87104568,1.39,4.43
2024-07-12,Pendle,Base,15.02,USDT,84796079,1.84,3.9
2024-07-12,Pendle,Base,13.97,DAI,84129491,1.57,3.36
2024-07-12,Convex,Ethereum,5.32,USDC,160376011,17.11,0
2024-07-12,Convex,Ethereum,5.59,DAI,155180158,26.0,0
2024-07-12,Balancer,Ethereum,9.06,USDC,117355855,18.59,0
2024-07-12,Balancer,Ethereum,9.55,USDT,119318108,13.66,0
2024-07-12,Balancer,Ethereum,8.37,DAI,114226732,21.13,0
2024-07-12,Balancer,Arbitrum,11.36,USDC,123604661,2.74,6.73
2024-07-12,Balancer,Arbitrum,11.09,USDT,114033016,2.52,7.48
2024-07-12,Balancer,Arbitrum,10.55,DAI,120622926,1.93,5.04
2024-07-12,Balancer,Optimism,9.34,USDC,117015172,1.53,3.83
2024-07-12,Balancer,Optimism,8.76,USDT,115934721,1.92,2.87
2024-07-12,Balancer,Optimism,8.39,DAI,117180972,2.0,4.48
2024-07-12,Balancer,Polygon,11.42,USDC,123930747,0.77,2.96
2024-07-12,Balancer,Polygon,9.69,USDT,130077794,1.19,3.21
2024-07-12,Balancer,Polygon,10.51,DAI,133384548,0.88,3.4
2024-07-12,Balancer,Base,8.65,USDC,114620874,1.63,4.99
2024-07-12,Balancer,Base,10.56,USDT,116056635,1.31,2.17
2024-07-12,Balancer,Base,10.37,DAI,118007258,1.37,3.09
2024-07-13,Aave,Ethereum,3.29,USDC,270790983,11.63,0
2024-07-13,Aave,Ethereum,2.9,USDT,266785880,12.43,0
2024-07-13,Aave,Ethereum,3.13,DAI,267573088,14.27,0
2024-07-13,Aave,Arbitrum,4.04,USDC,258709906,1.8,4.51
2024-07-13,Aave,Arbitrum,3.69,USDT,267050736,1.86,6.12
2024-07-13,Aave,Arbitrum,3.86,DAI,272715108,1.24,5.44
2024-07-13,Aave,Optimism,3.56,USDC,255731390,1.32,4.7
2024-07-13,Aave,Optimism,3.54,USDT,275729427,1.0,3.19
2024-07-13,Aave,Polygon,4.09,USDT,259753755,0.7,3.79
2024-07-13,Aave,Polygon,4.09,DAI,261850994,0.72,2.82
2024-07-13,Aave,Base,4.09,USDC,261498907,1.12,3.4
2024-07-13,Aave,Base,3.43,USDT,287465530,0.95,5.41
2024-07-13,Aave,Base,4.06,DAI,255976105,0.86,4.45
2024-07-13,Compound,Ethereum,2.76,USDC,196331483,15.68,0
2024-07-13,Compound,Ethereum,2.87,USDT,200517430,9.35,0
2024-07-13,Compound,Ethereum,2.62,DAI,187885697,10.15,0
2024-07-13,Compound,Arbitrum,3.59,USDC,202373447,0.96,4.91
2024-07-13,Compound,Arbitrum,3.52,USDT,194136592,1.45,3.34
2024-07-13,Compound,Arbitrum,3.12,DAI,188929309,1.73,4.68
2024-07-13,Compound,Optimism,3.35,USDC,197819062,1.26,4.01
2024-07-13,Compound,Optimism,3.53,USDT,195279636,1.28,4.75
2024-07-13,Compound,Optimism,3.35,DAI,191125140,1.55,3.89
2024-07-13,Compound,Polygon,3.93,USDC,184151830,0.54,4.18
2024-07-13,Compound,Polygon,3.67,DAI,193756177,0.47,1.54
2024-07-13,Compound,Base,3.4,USDC,182896112,1.09,4.76
2024-07-13,Compound,Base,3.78,USDT,188060785,0.89,4.17
2024-07-13,Compound,Base,3.57,DAI,194563067,0.91,5.45
2024-07-13,Curve,Ethereum,5.35,USDC,356090101,11.94,0
2024-07-13,Curve,Ethereum,7.68,USDT,324554828,11.39,0
2024-07-13,Curve,Ethereum,7.17,DAI,337258721,10.36,0
2024-07-13,Curve,Arbitrum,8.92,USDT,363075070,1.64,5.71
2024-07-13,Curve,Optimism,7.63,USDC,355503086,0.94,5.1
2024-07-13,Curve,Optimism,8.74,USDT,361549114,1.19,4.82
2024-07-13,Curve,Optimism,10.41,DAI,327115129,1.29,5.09
2024-07-13,Curve,Polygon,8.97,USDC,330744741,0.62,3.11
2024-07-13,Curve,Polygon,8.49,USDT,315277865,0.65,3.64
2024-07-13,Curve,Polygon,8.52,DAI,348511184,0.55,3.14
2024-07-13,Curve,Base,9.55,USDC,330019101,0.89,4.71
2024-07-13,Curve,Base,10.23,DAI,336534859,0.98,2.17
2024-07-13,Uniswap V3,Ethereum,8.35,USDC,99136666,12.69,0
2024-07-13,Uniswap V3,Ethereum,9.34,USDT,93209831,12.41,0
2024-07-13,Uniswap V3,Ethereum,10.63,DAI,111322381,14.53,0
2024-07-13,Uniswap V3,Arbitrum,9.81,USDC,101258975,1.81,4.92
2024-07-13,Uniswap V3,Arbitrum,11.0,USDT,98436084,2.11,5.09
2024-07-13,Uniswap V3,Optimism,9.12,USDC,99148404,1.29,4.18
2024-07-13,Uniswap V3,Optimism,8.47,USDT,97325614,1.36,2.64
2024-07-13,Uniswap V3,Optimism,9.43,DAI,110762617,1.48,4.12
2024-07-13,Uniswap V3,Polygon,11.32,USDC,104961930,0.65,2.66
2024-07-13,Uniswap V3,Polygon,10.46,USDT,94987097,0.54,2.75
2024-07-13,Uniswap V3,Polygon,10.58,DAI,104256182,0.62,2.98
2024-07-13,Uniswap V3,Base,10.88,USDC,99401328,1.13,3.58
2024-07-13,Uniswap V3,Base,7.4,USDT,101911553,0.79,4.37
2024-07-13,Uniswap V3,Base,8.01,DAI,112800949,0.65,3.24
2024-07-13,Yearn,Ethereum,3.93,USDC,123552839,12.53,0
2024-07-13,Yearn,Ethereum,3.66,USDT,137258310,12.79,0
2024-07-13,Yearn,Arbitrum,4.73,USDC,131703594,1.36,5.84
2024-07-13,Yearn,Arbitrum,4.43,USDT,138606191,1.25,3.92
2024-07-13,Yearn,Arbitrum,4.91,DAI,126282807,1.63,3.99
2024-07-13,Yearn,Optimism,4.25,USDT,128689457,1.16,3.28
2024-07-13,Yearn,Polygon,5.14,USDC,122795177,0.6,3.05
2024-07-13,Yearn,Polygon,5.39,USDT,132436977,0.69,3.02
2024-07-13,Yearn,Polygon,5.39,DAI,123640508,0.57,3.56
2024-07-13,Yearn,Base,4.66,USDC,130876459,0.77,2.91
2024-07-13,Yearn,Base,4.08,USDT,131528055,0.92,3.79
2024-07-13,Yearn,Base,4.22,DAI,134886553,0.74,2.9
2024-07-13,Pendle,Ethereum,11.01,USDC,75335556,13.91,0
2024-07-13,Pendle,Ethereum,12.01,USDT,80213128,10.57,0
2024-07-13,Pendle,Ethereum,12.32,DAI,81546303,13.02,0
2024-07-13,Pendle,Arbitrum,13.16,USDC,70028479,1.45,4.53
2024-07-13,Pendle,Arbitrum,13.8,USDT,81934478,1.4,4.97
2024-07-13,Pendle,Optimism,15.29,USDT,82887661,1.21,5.37
2024-07-13,Pendle,Optimism,13.28,DAI,80455811,1.23,2.01
2024-07-13,Pendle,Base,10.86,USDC,83480170,1.05,3.97
2024-07-13,Pendle,Base,14.79,DAI,78668613,0.84,2.5
2024-07-13,Convex,Ethereum,4.82,USDC,161981635,12.38,0
2024-07-13,Convex,Ethereum,5.59,USDT,164185239,12.2,0
2024-07-13,Convex,Ethereum,5.38,DAI,170582383,13.94,0
2024-07-13,Balancer,Ethereum,7.7,USDC,117467033,10.78,0
2024-07-13,Balancer,Ethereum,7.76,USDT,122874057,10.68,0
2024-07-13,Balancer,Ethereum,8.42,DAI,118502328,11.26,0
2024-07-13,Balancer,Arbitrum,11.34,USDC,125264894,1.51,4.36
2024-07-13,Balancer,Arbitrum,9.84,USDT,113147077,1.68,3.28
2024-07-13,Balancer,Arbitrum,10.73,DAI,110758545,2.16,4.91
2024-07-13,Balancer,Optimism,11.19,USDT,117650092,1.24,5.11
2024-07-13,Balancer,Optimism,9.63,DAI,119247237,1.07,3.71
2024-07-13,Balancer,Polygon,10.28,USDC,130696328,0.35,3.56
2024-07-13,Balancer,Polygon,9.81,USDT,120180901,0.66,3.3
2024-07-13,Balancer,Base,8.36,USDC,111178646,1.14,4.3
2024-07-13,Balancer,Base,9.53,USDT,119125409,0.99,3.83
2024-07-13,Balancer,Base,9.08,DAI,126929759,0.91,3.57
2024-07-14,Aave,Ethereum,2.97,USDC,275299638,12.92,0
2024-07-14,Aave,Ethereum,3.12,USDT,266370804,10.97,0
2024-07-14,Aave,Ethereum,2.94,DAI,295001145,14.47,0
2024-07-14,Aave,Arbitrum,4.0,USDC,272604390,1.76,5.77
2024-07-14,Aave,Arbitrum,3.78,USDT,266576428,1.64,5.43
2024-07-14,Aave,Arbitrum,3.6,DAI,256830122,1.35,5.62
2024-07-14,Aave,Optimism,4.0,USDT,254601234,1.24,3.86
2024-07-14,Aave,Optimism,3.84,DAI,246244100,1.41,3.9
2024-07-14,Aave,Polygon,4.6,USDT,256210232,0.56,3.4
2024-07-14,Aave,Polygon,3.68,DAI,243907205,0.57,2.82
2024-07-14,Aave,Base,4.13,USDC,276886704,0.84,4.96
2024-07-14,Aave,Base,3.57,USDT,275037599,1.12,3.52
2024-07-14,Aave,Base,4.28,DAI,289333647,0.9,4.71
2024-07-14,Compound,Ethereum,3.17,USDC,179622788,14.21,0
2024-07-14,Compound,Ethereum,3.05,USDT,192724302,10.73,0
2024-07-14,Compound,Ethereum,3.1,DAI,203536817,8.71,0
2024-07-14,Compound,Arbitrum,3.8,USDT,187046334,1.61,5.88
2024-07-14,Compound,Arbitrum,3.49,DAI,192127161,1.46,5.93
2024-07-14,Compound,Optimism,3.73,USDC,185557276,1.26,4.19
2024-07-14,Compound,Optimism,3.2,USDT,195812890,1.28,3.91
2024-07-14,Compound,Optimism,3.54,DAI,186814020,0.85,4.51
2024-07-14,Compound,Polygon,3.8,USDC,185421426,0.58,3.74
2024-07-14,Compound,Polygon,3.83,DAI,187265921,0.75,2.39
2024-07-14,Compound,Base,3.58,USDC,189943765,1.07,4.27
2024-07-14,Compound,Base,3.36,USDT,197195992,1.08,3.5
2024-07-14,Compound,Base,3.45,DAI,189405395,1.2,3.6
2024-07-14,Curve,Ethereum,9.57,USDC,337096529,10.0,0
2024-07-14,Curve,Ethereum,7.57,USDT,362604022,9.39,0
2024-07-14,Curve,Ethereum,7.72,DAI,350588087,13.33,0
2024-07-14,Curve,Arbitrum,9.31,USDC,327897331,1.57,5.18
2024-07-14,Curve,Arbitrum,6.97,USDT,343330052,1.65,5.31
2024-07-14,Curve,Optimism,11.11,USDT,384799850,1.17,3.48
2024-07-14,Curve,Optimism,8.28,DAI,325475663,1.25,3.81
2024-07-14,Curve,Polygon,10.25,USDC,334224199,0.47,2.44
2024-07-14,Curve,Polygon,10.1,USDT,349912518,0.8,3.27
2024-07-14,Curve,Polygon,12.38,DAI,324753471,0.78,2.62
2024-07-14,Curve,Base,11.23,USDC,330750783,0.94,3.62
2024-07-14,Curve,Base,7.62,USDT,342994091,0.94,4.45
2024-07-14,Curve,Base,10.42,DAI,335827398,0.87,4.9
2024-07-14,Uniswap V3,Ethereum,9.26,USDC,98567828,11.1,0
2024-07-14,Uniswap V3,Ethereum,8.23,DAI,102212863,11.95,0
2024-07-14,Uniswap V3,Arbitrum,8.99,USDC,101949848,1.96,5.24
2024-07-14,Uniswap V3,Optimism,11.08,USDC,106028811,0.96,4.13
2024-07-14,Uniswap V3,Optimism,10.75,USDT,95527549,1.1,3.26
2024-07-14,Uniswap V3,Optimism,7.83,DAI,106936511,1.26,5.63
2024-07-14,Uniswap V3,Polygon,12.48,USDC,100256890,0.54,3.31
2024-07-14,Uniswap V3,Polygon,11.3,USDT,106093639,0.74,3.53
2024-07-14,Uniswap V3,Polygon,12.36,DAI,94352694,0.62,1.88
2024-07-14,Uniswap V3,Base,7.57,USDC,108179865,0.79,3.43
2024-07-14,Uniswap V3,Base,9.38,USDT,104691037,1.01,5.49
2024-07-14,Uniswap V3,Base,10.08,DAI,101468448,0.82,3.43
2024-07-14,Yearn,Ethereum,3.91,USDC,118803250,11.16,0
2024-07-14,Yearn,Ethereum,4.09,USDT,128798702,16.05,0
2024-07-14,Yearn,Ethereum,4.24,DAI,128209792,10.0,0
2024-07-14,Yearn,Arbitrum,5.3,USDC,131991085,1.44,5.57
2024-07-14,Yearn,Arbitrum,5.14,DAI,122291424,1.82,3.05
2024-07-14,Yearn,Optimism,4.49,USDC,131206013,1.06,5.52
2024-07-14,Yearn,Optimism,4.21,DAI,130579131,1.26,4.32
2024-07-14,Yearn,Polygon,5.22,USDC,137689489,0.62,2.99
2024-07-14,Yearn,Polygon,4.92,USDT,124768613,0.75,2.86
2024-07-14,Yearn,Polygon,4.9,DAI,123215818,0.62,2.66
2024-07-14,Yearn,Base,5.14,USDC,138399972,0.85,2.58
2024-07-14,Yearn,Base,4.43,USDT,125558871,0.76,5.38
2024-07-14,Yearn,Base,4.37,DAI,131871879,0.58,3.94
2024-07-14,Pendle,Ethereum,11.69,USDC,73147032,10.03,0
2024-07-14,Pendle,Ethereum,10.78,USDT,77944539,18.31,0
2024-07-14,Pendle,Ethereum,11.12,DAI,82269154,8.87,0
2024-07-14,Pendle,Arbitrum,15.27,USDC,82612373,1.6,4.29
2024-07-14,Pendle,Arbitrum,12.88,USDT,76492039,1.26,3.21
2024-07-14,Pendle,Arbitrum,16.95,DAI,86803507,1.82,3.8
2024-07-14,Pendle,Optimism,12.29,USDC,83048508,1.01,4.62
2024-07-14,Pendle,Optimism,12.95,USDT,78655245,1.33,4.03
2024-07-14,Pendle,Optimism,14.85,DAI,76401693,1.2,4.29
2024-07-14,Pendle,Base,13.82,USDC,75364686,1.16,3.54
2024-07-14,Pendle,Base,13.67,USDT,83080497,0.81,4.5
2024-07-14,Pendle,Base,16.36,DAI,80943927,0.74,4.35
2024-07-14,Convex,Ethereum,6.18,USDC,156689616,13.48,0
2024-07-14,Convex,Ethereum,4.96,USDT,158032230,12.8,0
2024-07-14,Convex,Ethereum,4.93,DAI,166901448,13.39,0
2024-07-14,Balancer,Ethereum,9.21,USDC,120378390,12.08,0
2024-07-14,Balancer,Ethereum,9.9,USDT,116997162,12.86,0
2024-07-14,Balancer,Ethereum,8.7,DAI,115700230,9.78,0
2024-07-14,Balancer,Arbitrum,11.38,USDT,119696788,1.89,5.32
2024-07-14,Balancer,Arbitrum,9.29,DAI,121645463,1.96,5.38
2024-07-14,Balancer,Optimism,9.71,USDC,114593874,1.3,3.53
2024-07-14,Balancer,Optimism,8.22,USDT,122159853,1.16,4.58
2024-07-14,Balancer,Polygon,10.2,USDC,119443009,0.61,3.6
2024-07-14,Balancer,Polygon,11.14,USDT,115670643,0.59,2.55
2024-07-14,Balancer,Polygon,10.67,DAI,103043823,0.48,2.63
2024-07-14,Balancer,Base,10.27,USDC,123617451,1.05,4.87
2024-07-14,Balancer,Base,9.25,USDT,123598643,0.72,4.12
2024-07-14,Balancer,Base,9.44,DAI,113034462,0.99,4.62
2024-07-15,Aave,Ethereum,3.43,USDC,261139407,21.16,0
2024-07-15,Aave,Ethereum,3.48,DAI,266369668,22.35,0
2024-07-15,Aave,Arbitrum,3.98,USDC,261401631,1.89,5.47
2024-07-15,Aave,Arbitrum,4.04,USDT,262047463,1.66,5.86
2024-07-15,Aave,Arbitrum,3.94,DAI,269429773,2.79,5.57
2024-07-15,Aave,Optimism,3.42,USDC,250584692,1.86,3.83
2024-07-15,Aave,Optimism,3.95,USDT,237938180,1.58,3.99
2024-07-15,Aave,Optimism,3.91,DAI,268292756,1.67,3.99
2024-07-15,Aave,Polygon,4.11,USDC,259572743,0.96,3.77
2024-07-15,Aave,Polygon,4.16,USDT,267135442,0.59,2.44
2024-07-15,Aave,Polygon,4.37,DAI,272583950,1.02,2.93
2024-07-15,Aave,Base,3.61,USDT,275345910,1.19,4.13
2024-07-15,Aave,Base,4.07,DAI,249793072,1.42,4.04
2024-07-15,Compound,Ethereum,3.32,USDC,176256035,19.29,0
2024-07-15,Compound,Ethereum,3.04,USDT,210552429,14.88,0
2024-07-15,Compound,Ethereum,2.88,DAI,191149252,16.33,0
2024-07-15,Compound,Arbitrum,3.94,USDC,191459874,2.37,5.43
2024-07-15,Compound,Arbitrum,4.09,USDT,198200038,2.07,4.1
2024-07-15,Compound,Arbitrum,3.82,DAI,193805167,2.16,3.83
2024-07-15,Compound,Optimism,3.73,USDC,197911100,1.6,4.48
2024-07-15,Compound,Optimism,3.57,USDT,202796184,1.78,4.59
2024-07-15,Compound,Optimism,3.41,DAI,186313331,1.61,5.05
2024-07-15,Compound,Polygon,3.85,USDC,190974971,1.24,2.67
2024-07-15,Compound,Polygon,4.2,USDT,186186769,0.86,3.54
2024-07-15,Compound,Polygon,4.32,DAI,190109516,1.08,3.42
2024-07-15,Compound,Base,3.4,USDT,198736003,1.5,3.25
2024-07-15,Compound,Base,3.67,DAI,195659626,1.74,3.49
2024-07-15,Curve,Ethereum,8.83,USDC,329481099,17.68,0
2024-07-15,Curve,Ethereum,7.95,USDT,315917031,18.68,0
2024-07-15,Curve,Ethereum,7.1,DAI,323968584,20.28,0
2024-07-15,Curve,Arbitrum,8.64,USDC,310822377,1.53,6.33
2024-07-15,Curve,Arbitrum,9.19,USDT,334427204,3.08,4.82
2024-07-15,Curve,Arbitrum,8.73,DAI,328137426,2.43,5.82
2024-07-15,Curve,Optimism,10.19,USDC,305939969,1.97,3.75
2024-07-15,Curve,Optimism,8.26,USDT,346086247,1.65,4.18
2024-07-15,Curve,Polygon,10.18,USDC,308068653,1.11,3.03
2024-07-15,Curve,Polygon,10.58,USDT,330184040,0.89,2.77
2024-07-15,Curve,Polygon,8.65,DAI,350647823,0.84,3.4
2024-07-15,Curve,Base,9.52,USDC,333831574,1.44,3.5
2024-07-15,Curve,Base,8.3,USDT,327229045,1.54,3.96
2024-07-15,Curve,Base,9.77,DAI,354427258,1.76,3.74
2024-07-15,Uniswap V3,Ethereum,10.74,USDC,100710159,19.45,0
2024-07-15,Uniswap V3,Ethereum,8.4,USDT,92624101,22.28,0
2024-07-15,Uniswap V3,Ethereum,10.07,DAI,100614217,14.93,0
2024-07-15,Uniswap V3,Arbitrum,10.92,USDC,100632736,2.47,4.39
2024-07-15,Uniswap V3,Arbitrum,11.55,USDT,98559375,2.44,3.73
2024-07-15,Uniswap V3,Arbitrum,10.82,DAI,103963678,2.2,4.22
2024-07-15,Uniswap V3,Optimism,13.99,USDC,98833207,2.15,1.5
2024-07-15,Uniswap V3,Optimism,7.84,USDT,96367666,2.13,3.88
2024-07-15,Uniswap V3,Optimism,9.45,DAI,105505014,2.08,4.21
2024-07-15,Uniswap V3,Polygon,14.42,USDT,101381327,0.92,3.7
2024-07-15,Uniswap V3,Polygon,8.92,DAI,113013264,0.98,3.07
2024-07-15,Uniswap V3,Base,9.12,USDT,103819293,1.17,4.58
2024-07-15,Uniswap V3,Base,11.49,DAI,94342465,1.69,3.07
2024-07-15,Yearn,Ethereum,3.56,USDC,123582349,16.37,0
2024-07-15,Yearn,Ethereum,4.32,DAI,125711162,20.43,0
2024-07-15,Yearn,Arbitrum,5.32,USDC,119397399,2.51,4.94
2024-07-15,Yearn,Arbitrum,4.82,USDT,127207681,1.97,3.98
2024-07-15,Yearn,Arbitrum,4.83,DAI,125858551,2.08,3.47
2024-07-15,Yearn,Optimism,4.79,USDC,126685933,1.34,3.52
2024-07-15,Yearn,Optimism,4.96,USDT,122518803,1.25,4.15
2024-07-15,Yearn,Optimism,3.85,DAI,133607777,1.77,3.18
2024-07-15,Yearn,Polygon,4.93,USDC,117006060,1.05,3.31
2024-07-15,Yearn,Polygon,5.28,USDT,127652170,0.98,3.37
2024-07-15,Yearn,Base,4.86,USDC,128453325,1.09,3.92
2024-07-15,Yearn,Base,4.9,USDT,127945808,1.5,3.41
2024-07-15,Yearn,Base,4.91,DAI,130921325,1.25,3.21
2024-07-15,Pendle,Ethereum,11.97,USDC,83152304,16.86,0
2024-07-15,Pendle,Ethereum,12.13,USDT,77848895,14.94,0
2024-07-15,Pendle,Ethereum,14.81,DAI,73744473,8.81,0
2024-07-15,Pendle,Arbitrum,14.62,DAI,84345106,2.81,4.65
2024-07-15,Pendle,Optimism,14.15,USDC,79032092,1.8,3.76
2024-07-15,Pendle,Optimism,10.25,DAI,76684835,1.37,2.24
2024-07-15,Pendle,Base,14.19,USDC,78346416,1.41,3.01
2024-07-15,Pendle,Base,15.41,DAI,73070738,1.27,4.47
2024-07-15,Convex,Ethereum,6.96,USDC,155333965,16.86,0
2024-07-15,Convex,Ethereum,5.35,USDT,147015901,18.43,0
2024-07-15,Convex,Ethereum,5.64,DAI,158563741,14.12,0
2024-07-15,Balancer,Ethereum,7.77,USDC,122698708,15.67,0
2024-07-15,Balancer,Ethereum,8.71,USDT,107570440,16.55,0
2024-07-15,Balancer,Ethereum,9.44,DAI,119451372,19.05,0
2024-07-15,Balancer,Arbitrum,11.02,USDC,121083964,2.96,5.92
2024-07-15,Balancer,Arbitrum,10.37,USDT,122614693,2.49,5.66
2024-07-15,Balancer,Arbitrum,10.04,DAI,115008166,2.45,4.49
2024-07-15,Balancer,Optimism,11.74,USDC,110934017,1.85,5.18
2024-07-15,Balancer,Optimism,10.41,USDT,125534516,1.84,3.71
2024-07-15,Balancer,Polygon,11.57,USDC,114166015,0.98,2.75
2024-07-15,Balancer,Polygon,10.67,DAI,108802725,1.17,2.9
2024-07-15,Balancer,Base,8.87,USDC,116746295,1.71,4.02
2024-07-15,Balancer,Base,11.06,USDT,112110670,1.44,4.47
2024-07-15,Balancer,Base,10.7,DAI,115217216,1.56,3.31
2024-07-16,Aave,Ethereum,3.47,USDC,250501865,18.04,0
2024-07-16,Aave,Ethereum,3.15,USDT,273600958,15.41,0
2024-07-16,Aave,Ethereum,3.09,DAI,261112561,19.32,0
2024-07-16,Aave,Arbitrum,3.88,USDC,266531943,2.66,4.91
2024-07-16,Aave,Arbitrum,3.97,USDT,257611307,2.19,6.07
2024-07-16,Aave,Arbitrum,4.28,DAI,264075663,2.07,5.03
2024-07-16,Aave,Optimism,3.95,USDC,263708921,2.16,2.9
2024-07-16,Aave,Optimism,3.65,DAI,268381570,1.96,5.06
2024-07-16,Aave,Polygon,4.69,USDC,270890213,0.76,2.98
2024-07-16,Aave,Polygon,4.34,USDT,273799233,1.26,3.61
2024-07-16,Aave,Polygon,4.32,DAI,249466647,0.58,2.76
2024-07-16,Aave,Base,4.15,USDC,258110965,1.77,5.21
2024-07-16,Aave,Base,4.01,USDT,265545312,1.49,1.84
2024-07-16,Aave,Base,4.19,DAI,261664976,1.46,3.97
2024-07-16,Compound,Ethereum,3.24,USDC,176160911,21.9,0
2024-07-16,Compound,Ethereum,3.27,USDT,192208939,19.23,0
2024-07-16,Compound,Ethereum,3.15,DAI,177289188,20.38,0
2024-07-16,Compound,Arbitrum,3.7,USDC,180302840,2.11,3.44
2024-07-16,Compound,Arbitrum,3.99,DAI,187325611,2.05,3.86
2024-07-16,Compound,Optimism,3.89,USDC,174477111,1.71,3.22
2024-07-16,Compound,Optimism,3.91,USDT,190942145,1.47,3.26
2024-07-16,Compound,Optimism,4.16,DAI,203671651,1.55,4.45
2024-07-16,Compound,Polygon,4.02,USDC,192325901,0.94,4.15
2024-07-16,Compound,Polygon,4.14,USDT,198809520,0.66,2.66
2024-07-16,Compound,Base,4.15,USDC,170508870,1.11,4.41
2024-07-16,Compound,Base,3.89,USDT,189109592,1.41,3.95
2024-07-16,Compound,Base,3.75,DAI,192749560,1.53,5.34
2024-07-16,Curve,Ethereum,7.68,USDC,339355931,19.52,0
2024-07-16,Curve,Ethereum,7.67,USDT,341518903,17.3,0
2024-07-16,Curve,Ethereum,7.78,DAI,310016735,19.39,0
2024-07-16,Curve,Arbitrum,12.01,USDC,342242629,1.71,4.23
2024-07-16,Curve,Arbitrum,8.47,USDT,317539456,2.03,3.44
2024-07-16,Curve,Arbitrum,11.77,DAI,341067133,2.66,5.61
2024-07-16,Curve,Optimism,8.25,USDC,324293411,1.3,4.27
2024-07-16,Curve,Optimism,10.12,USDT,314312095,1.75,3.89
2024-07-16,Curve,Optimism,8.75,DAI,299100278,1.41,2.85
2024-07-16,Curve,Polygon,10.61,USDC,337345116,0.93,2.55
2024-07-16,Curve,Polygon,9.23,USDT,345524981,0.98,2.37
2024-07-16,Curve,Polygon,12.2,DAI,346864197,1.02,2.81
2024-07-16,Curve,Base,10.29,USDC,306248053,1.57,4.01
2024-07-16,Curve,Base,10.91,USDT,320958437,1.4,4.01
2024-07-16,Curve,Base,11.43,DAI,339093869,1.38,3.79
2024-07-16,Uniswap V3,Ethereum,8.3,USDC,100726203,19.15,0
2024-07-16,Uniswap V3,Ethereum,6.75,USDT,105159545,21.9,0
2024-07-16,Uniswap V3,Arbitrum,11.91,USDC,106915663,2.13,4.42
2024-07-16,Uniswap V3,Arbitrum,11.68,USDT,96444280,2.51,4.64
2024-07-16,Uniswap V3,Optimism,9.77,USDC,102516321,1.7,3.7
2024-07-16,Uniswap V3,Optimism,9.16,USDT,90407570,2.3,3.37
2024-07-16,Uniswap V3,Optimism,11.98,DAI,93652618,2.06,3.43
2024-07-16,Uniswap V3,Polygon,12.35,USDC,100841806,0.76,2.26
2024-07-16,Uniswap V3,Polygon,12.15,USDT,91695205,1.1,2.76
2024-07-16,Uniswap V3,Polygon,13.23,DAI,96797552,1.02,4.42
2024-07-16,Uniswap V3,Base,9.76,USDC,92118923,1.45,3.76
2024-07-16,Uniswap V3,Base,8.68,USDT,97919697,1.94,4.18
2024-07-16,Uniswap V3,Base,10.39,DAI,111597121,1.53,4.31
2024-07-16,Yearn,Ethereum,4.45,USDC,137517717,19.97,0
2024-07-16,Yearn,Ethereum,4.25,USDT,116657318,17.63,0
2024-07-16,Yearn,Ethereum,4.24,DAI,128047619,21.78,0
2024-07-16,Yearn,Arbitrum,4.64,USDC,113231287,2.32,3.7
2024-07-16,Yearn,Arbitrum,4.16,USDT,118944066,2.56,5.05
2024-07-16,Yearn,Arbitrum,5.49,DAI,127116755,2.92,6.57
2024-07-16,Yearn,Optimism,4.96,USDC,136367796,0.89,4.14
2024-07-16,Yearn,Optimism,3.83,USDT,123777464,2.03,3.36
2024-07-16,Yearn,Optimism,4.96,DAI,116577669,1.83,5.0
2024-07-16,Yearn,Polygon,5.8,USDC,115112322,1.01,2.71
2024-07-16,Yearn,Polygon,5.28,USDT,114479667,0.96,2.7
2024-07-16,Yearn,Polygon,5.28,DAI,123002928,0.98,3.35
2024-07-16,Yearn,Base,5.96,USDC,121305081,1.78,3.85
2024-07-16,Yearn,Base,4.87,USDT,113485267,1.55,3.67
2024-07-16,Yearn,Base,4.76,DAI,132125305,1.73,5.91
2024-07-16,Pendle,Ethereum,11.91,USDC,75553835,15.45,0
2024-07-16,Pendle,Ethereum,11.8,USDT,74461734,21.22,0
2024-07-16,Pendle,Ethereum,8.52,DAI,80551077,17.64,0
2024-07-16,Pendle,Arbitrum,15.43,USDC,79956200,2.41,5.75
2024-07-16,Pendle,Arbitrum,16.36,DAI,80945556,2.58,5.62
2024-07-16,Pendle,Optimism,12.31,DAI,75813176,1.82,3.71
2024-07-16,Pendle,Base,16.11,USDC,80090247,1.21,5.57
2024-07-16,Pendle,Base,14.46,USDT,75149098,1.29,3.3
2024-07-16,Pendle,Base,9.16,DAI,79454873,1.54,5.18
2024-07-16,Convex,Ethereum,5.95,USDT,155390988,17.93,0
2024-07-16,Convex,Ethereum,5.92,DAI,143889526,20.41,0
2024-07-16,Balancer,Ethereum,8.49,USDC,108649832,19.62,0
2024-07-16,Balancer,Ethereum,7.77,USDT,104918284,21.82,0
2024-07-16,Balancer,Arbitrum,10.58,USDC,113074389,2.19,6.27
2024-07-16,Balancer,Arbitrum,11.72,USDT,105296214,2.88,4.11
2024-07-16,Balancer,Arbitrum,8.43,DAI,106240661,2.49,5.3
2024-07-16,Balancer,Optimism,9.96,USDC,118061319,2.17,5.67
2024-07-16,Balancer,Optimism,11.19,USDT,113157905,1.46,5.25
2024-07-16,Balancer,Optimism,9.28,DAI,110822922,1.15,2.46
2024-07-16,Balancer,Polygon,9.95,USDC,114243719,1.14,2.96
2024-07-16,Balancer,Polygon,10.17,USDT,122495251,0.84,3.92
2024-07-16,Balancer,Base,11.54,USDC,116445366,1.84,4.21
2024-07-16,Balancer,Base,10.1,USDT,117556829,1.37,4.87
2024-07-16,Balancer,Base,10.95,DAI,116226591,1.52,3.64
2024-07-17,Aave,Ethereum,3.37,USDC,264733195,23.32,0
2024-07-17,Aave,Ethereum,3.61,USDT,258308135,17.67,0
2024-07-17,Aave,Ethereum,3.07,DAI,252066884,20.94,0
2024-07-17,Aave,Arbitrum,4.38,USDT,248460092,3.09,5.4
2024-07-17,Aave,Arbitrum,4.2,DAI,244349545,1.75,4.41
2024-07-17,Aave,Optimism,4.26,USDC,251349853,1.85,3.63
2024-07-17,Aave,Optimism,3.75,USDT,260393696,1.86,3.54
2024-07-17,Aave,Optimism,3.33,DAI,218620874,1.46,3.11
2024-07-17,Aave,Polygon,4.16,USDC,256206207,1.01,2.44
2024-07-17,Aave,Polygon,4.76,USDT,258304800,0.74,3.41
2024-07-17,Aave,Polygon,4.56,DAI,253209030,1.02,3.28
2024-07-17,Aave,Base,4.03,USDC,250964240,1.59,4.39
2024-07-17,Aave,Base,3.95,USDT,264156097,1.44,3.56
2024-07-17,Aave,Base,3.45,DAI,229719447,1.45,5.75
2024-07-17,Compound,Ethereum,3.07,USDC,177667905,17.63,0
2024-07-17,Compound,Ethereum,3.07,USDT,192644936,20.11,0
2024-07-17,Compound,Ethereum,3.24,DAI,178053863,18.66,0
2024-07-17,Compound,Arbitrum,3.77,USDC,184210511,2.07,5.1
2024-07-17,Compound,Arbitrum,4.17,USDT,180257497,2.45,5.08
2024-07-17,Compound,Optimism,3.69,USDC,189953591,2.17,2.99
2024-07-17,Compound,Optimism,3.39,USDT,175775851,1.46,5.05
2024-07-17,Compound,Optimism,3.81,DAI,183208002,1.65,5.24
2024-07-17,Compound,Polygon,4.57,USDC,190906416,0.99,2.9
2024-07-17,Compound,Polygon,4.29,USDT,194460817,0.93,2.69
2024-07-17,Compound,Polygon,4.5,DAI,178105853,0.75,2.1
2024-07-17,Compound,Base,4.06,USDC,190328470,1.45,5.01
2024-07-17,Compound,Base,3.98,USDT,187522744,1.39,4.98
2024-07-17,Compound,Base,4.01,DAI,193171147,1.38,4.96
2024-07-17,Curve,Ethereum,6.91,USDC,340009896,15.77,0
2024-07-17,Curve,Ethereum,8.41,USDT,342677883,20.73,0
2024-07-17,Curve,Ethereum,7.01,DAI,323164177,20.81,0
2024-07-17,Curve,Arbitrum,7.31,USDC,316244144,2.91,5.0
2024-07-17,Curve,Arbitrum,7.91,USDT,338931400,1.92,5.34
2024-07-17,Curve,Arbitrum,7.88,DAI,338968803,2.37,6.09
2024-07-17,Curve,Optimism,11.97,USDC,308638845,1.7,5.23
2024-07-17,Curve,Optimism,9.53,USDT,343093847,1.66,4.23
2024-07-17,Curve,Optimism,8.99,DAI,327588915,2.17,5.07
2024-07-17,Curve,Polygon,10.21,USDC,330114972,0.96,2.97
2024-07-17,Curve,Polygon,10.25,USDT,320435370,1.06,2.78
2024-07-17,Curve,Polygon,8.63,DAI,334571888,1.08,2.87
2024-07-17,Curve,Base,12.01,USDC,327521808,1.33,3.27
2024-07-17,Curve,Base,8.6,USDT,341945721,1.4,2.75
2024-07-17,Curve,Base,9.64,DAI,337102331,1.48,1.69
2024-07-17,Uniswap V3,Ethereum,9.03,USDC,96813778,19.27,0
2024-07-17,Uniswap V3,Ethereum,9.99,USDT,99901544,17.38,0
2024-07-17,Uniswap V3,Ethereum,9.73,DAI,89220872,11.95,0
2024-07-17,Uniswap V3,Arbitrum,10.1,USDC,99799367,2.28,5.46
2024-07-17,Uniswap V3,Arbitrum,12.84,USDT,94103081,2.94,5.17
2024-07-17,Uniswap V3,Optimism,11.21,USDC,105186358,2.23,4.08
2024-07-17,Uniswap V3,Optimism,8.7,USDT,96410408,2.15,3.25
2024-07-17,Uniswap V3,Optimism,10.14,DAI,97935865,1.82,4.28
2024-07-17,Uniswap V3,Polygon,12.33,USDC,96386266,0.85,2.04
2024-07-17,Uniswap V3,Polygon,11.91,USDT,94584552,0.93,3.79
2024-07-17,Uniswap V3,Polygon,11.24,DAI,91099948,0.93,2.71
2024-07-17,Uniswap V3,Base,9.21,USDC,101474662,0.96,3.39
2024-07-17,Uniswap V3,Base,13.35,USDT,96866890,1.62,3.08
2024-07-17,Uniswap V3,Base,8.93,DAI,88415802,1.52,4.03
2024-07-17,Yearn,Ethereum,4.29,USDC,115858327,18.11,0
2024-07-17,Yearn,Ethereum,4.56,USDT,120353626,19.99,0
2024-07-17,Yearn,Arbitrum,4.79,USDC,115452819,2.9,5.56
2024-07-17,Yearn,Arbitrum,5.02,USDT,124047344,2.03,4.18
2024-07-17,Yearn,Arbitrum,5.31,DAI,122498805,2.28,4.68
2024-07-17,Yearn,Optimism,4.89,USDC,125371610,2.0,5.27
2024-07-17,Yearn,Optimism,4.8,DAI,119074961,1.88,3.36
2024-07-17,Yearn,Polygon,5.37,USDC,118105012,0.74,3.61
2024-07-17,Yearn,Polygon,5.08,USDT,124735597,1.02,2.52
2024-07-17,Yearn,Polygon,5.64,DAI,114599274,1.12,2.32
2024-07-17,Yearn,Base,5.1,USDC,119980003,1.52,3.49
2024-07-17,Yearn,Base,5.54,USDT,115294046,1.11,4.32
2024-07-17,Yearn,Base,4.73,DAI,131198799,1.57,3.51
2024-07-17,Pendle,Ethereum,13.22,USDC,70688791,21.91,0
2024-07-17,Pendle,Ethereum,11.66,USDT,74529604,16.31,0
2024-07-17,Pendle,Ethereum,10.69,DAI,81664593,18.52,0
2024-07-17,Pendle,Arbitrum,12.51,USDC,77812651,3.19,5.55
2024-07-17,Pendle,Arbitrum,15.39,DAI,85610966,2.16,6.23
2024-07-17,Pendle,Optimism,12.59,USDC,73483474,2.01,4.79
2024-07-17,Pendle,Optimism,10.97,USDT,72949758,0.85,4.62
2024-07-17,Pendle,Optimism,11.31,DAI,77042416,2.12,3.93
2024-07-17,Pendle,Base,15.9,USDC,76214064,1.77,3.53
2024-07-17,Pendle,Base,15.1,USDT,71659699,1.68,4.11
2024-07-17,Pendle,Base,14.65,DAI,74151764,1.32,3.97
2024-07-17,Convex,Ethereum,5.72,USDC,152750609,18.29,0
2024-07-17,Convex,Ethereum,5.43,USDT,146279769,20.12,0
2024-07-17,Convex,Ethereum,6.52,DAI,163636972,17.15,0
2024-07-17,Balancer,Ethereum,8.15,USDC,113663811,17.64,0
2024-07-17,Balancer,Ethereum,7.03,USDT,109634674,18.82,0
2024-07-17,Balancer,Ethereum,8.87,DAI,109130278,19.14,0
2024-07-17,Balancer,Arbitrum,9.5,USDC,101471833,2.49,4.63
2024-07-17,Balancer,Arbitrum,8.5,USDT,113828630,2.84,4.25
2024-07-17,Balancer,Arbitrum,10.9,DAI,120117943,2.76,5.94
2024-07-17,Balancer,Optimism,10.4,USDC,107821446,1.59,3.46
2024-07-17,Balancer,Optimism,10.16,USDT,106541829,2.22,3.43
2024-07-17,Balancer,Optimism,10.66,DAI,112493286,1.38,4.65
2024-07-17,Balancer,Polygon,10.6,USDC,110988618,1.03,3.02
2024-07-17,Balancer,Polygon,10.97,USDT,114013946,1.14,3.04
2024-07-17,Balancer,Polygon,12.88,DAI,113250994,1.16,2.42
2024-07-17,Balancer,Base,10.32,USDC,105225832,1.27,3.14
2024-07-17,Balancer,Base,11.8,USDT,101895081,1.47,4.59
2024-07-17,Balancer,Base,10.23,DAI,118809421,1.31,3.33
2024-07-18,Aave,Ethereum,3.53,USDC,241753245,23.23,0
2024-07-18,Aave,Ethereum,3.29,USDT,246559925,21.38,0
2024-07-18,Aave,Ethereum,3.81,DAI,263678250,16.94,0
2024-07-18,Aave,Arbitrum,4.21,USDC,251947330,2.31,5.32
2024-07-18,Aave,Optimism,3.59,USDC,237694764,1.63,3.77
2024-07-18,Aave,Optimism,3.6,DAI,257094647,1.17,3.79
2024-07-18,Aave,Polygon,4.57,USDC,241588919,0.93,3.15
2024-07-18,Aave,Polygon,3.8,USDT,257372745,0.87,2.64
2024-07-18,Aave,Polygon,3.95,DAI,251856615,0.86,2.99
2024-07-18,Aave,Base,4.28,USDC,261240183,1.33,3.84
2024-07-18,Aave,Base,4.23,USDT,247765915,1.33,3.22
2024-07-18,Aave,Base,3.91,DAI,247984113,1.37,5.42
2024-07-18,Compound,Ethereum,3.74,USDC,181251930,18.94,0
2024-07-18,Compound,Ethereum,3.51,USDT,171212964,22.5,0
2024-07-18,Compound,Ethereum,3.08,DAI,182233080,18.53,0
2024-07-18,Compound,Arbitrum,3.9,USDC,190480157,2.44,5.34
2024-07-18,Compound,Arbitrum,3.82,DAI,170348057,2.08,4.44
2024-07-18,Compound,Optimism,3.8,USDC,175956249,1.78,2.99
2024-07-18,Compound,Optimism,3.58,USDT,189292427,2.12,4.14
2024-07-18,Compound,Optimism,3.78,DAI,177809524,1.92,3.19
2024-07-18,Compound,Polygon,3.79,USDC,177092284,0.88,1.56
2024-07-18,Compound,Polygon,3.98,USDT,180131887,0.91,3.41
2024-07-18,Compound,Polygon,3.7,DAI,191089927,0.89,2.24
2024-07-18,Compound,Base,3.71,USDC,187550274,1.33,2.61
2024-07-18,Compound,Base,3.62,USDT,183407022,1.44,3.22
2024-07-18,Compound,Base,3.63,DAI,192720170,1.78,3.99
2024-07-18,Curve,Ethereum,7.65,USDC,309523302,17.51,0
2024-07-18,Curve,Ethereum,8.57,DAI,323908960,18.08,0
2024-07-18,Curve,Arbitrum,9.34,USDC,292945097,2.52,5.24
2024-07-18,Curve,Arbitrum,10.2,USDT,317697412,1.84,3.84
2024-07-18,Curve,Arbitrum,9.55,DAI,291648711,2.36,4.95
2024-07-18,Curve,Optimism,8.81,USDC,324663551,1.72,4.54
2024-07-18,Curve,Optimism,10.1,USDT,292271609,1.54,4.53
2024-07-18,Curve,Optimism,8.64,DAI,329097069,1.72,3.86
2024-07-18,Curve,Polygon,10.17,USDC,327046592,0.83,1.83
2024-07-18,Curve,Polygon,10.04,USDT,323423462,0.89,2.96
2024-07-18,Curve,Polygon,9.54,DAI,326461124,0.89,3.17
2024-07-18,Curve,Base,8.95,USDC,288584666,1.67,4.2
2024-07-18,Curve,Base,9.58,USDT,322016244,1.48,4.48
2024-07-18,Curve,Base,6.31,DAI,297956170,1.6,3.26
2024-07-18,Uniswap V3,Ethereum,6.49,USDC,92421058,21.0,0
2024-07-18,Uniswap V3,Ethereum,7.3,USDT,100960009,16.97,0
2024-07-18,Uniswap V3,Ethereum,10.12,DAI,94854280,21.49,0
2024-07-18,Uniswap V3,Arbitrum,9.77,USDC,104341802,2.58,4.64
2024-07-18,Uniswap V3,Arbitrum,10.62,USDT,94232788,1.96,4.38
2024-07-18,Uniswap V3,Arbitrum,9.49,DAI,88508601,2.51,3.97
2024-07-18,Uniswap V3,Optimism,9.9,USDC,97370156,1.37,3.69
2024-07-18,Uniswap V3,Optimism,11.79,USDT,95852007,1.87,4.85
2024-07-18,Uniswap V3,Optimism,9.75,DAI,87709561,2.49,4.19
2024-07-18,Uniswap V3,Polygon,12.54,USDC,93976608,0.86,2.86
2024-07-18,Uniswap V3,Polygon,9.6,USDT,87998206,0.85,3.38
2024-07-18,Uniswap V3,Polygon,9.33,DAI,88300191,0.8,3.92
2024-07-18,Uniswap V3,Base,9.54,USDC,87366695,1.27,3.93
2024-07-18,Uniswap V3,Base,8.49,USDT,105264171,1.53,3.55
2024-07-18,Uniswap V3,Base,12.4,DAI,100560820,1.57,4.74
2024-07-18,Yearn,Ethereum,4.54,USDC,122615864,13.18,0
2024-07-18,Yearn,Ethereum,4.39,USDT,110958394,16.5,0
2024-07-18,Yearn,Ethereum,3.92,DAI,111265456,13.06,0
2024-07-18,Yearn,Arbitrum,5.01,USDC,117475593,2.54,6.84
2024-07-18,Yearn,Arbitrum,4.94,USDT,124636486,2.53,4.31
2024-07-18,Yearn,Arbitrum,4.66,DAI,111680110,2.38,6.35
2024-07-18,Yearn,Optimism,4.38,USDC,112865851,1.86,4.32
2024-07-18,Yearn,Optimism,4.46,USDT,119729032,2.22,2.68
2024-07-18,Yearn,Optimism,4.34,DAI,132536978,1.8,3.8
2024-07-18,Yearn,Polygon,5.08,USDC,119541128,0.97,3.63
2024-07-18,Yearn,Polygon,5.39,USDT,131980504,0.91,3.61
2024-07-18,Yearn,Polygon,5.55,DAI,115713762,1.22,3.03
2024-07-18,Yearn,Base,5.21,USDC,127731125,1.98,3.57
2024-07-18,Yearn,Base,4.93,USDT,120520648,1.19,5.21
2024-07-18,Yearn,Base,4.87,DAI,107025176,1.65,4.5
2024-07-18,Pendle,Ethereum,9.63,USDT,72041104,18.27,0
2024-07-18,Pendle,Ethereum,13.09,DAI,76665594,19.48,0
2024-07-18,Pendle,Arbitrum,15.65,USDC,73114486,2.37,4.3
2024-07-18,Pendle,Arbitrum,16.17,USDT,80597905,2.16,3.68
2024-07-18,Pendle,Arbitrum,15.7,DAI,71591533,2.01,5.82
2024-07-18,Pendle,Optimism,14.24,USDC,70166919,1.42,3.76
2024-07-18,Pendle,Optimism,12.02,USDT,78590846,1.33,4.24
2024-07-18,Pendle,Optimism,12.38,DAI,75807572,1.9,3.69
2024-07-18,Pendle,Base,12.38,USDT,68412603,1.23,3.44
2024-07-18,Pendle,Base,16.75,DAI,76481177,1.84,4.63
2024-07-18,Convex,Ethereum,7.07,USDT,149254754,19.34,0
2024-07-18,Convex,Ethereum,4.82,DAI,140974661,24.63,0
2024-07-18,Balancer,Ethereum,6.57,USDT,113712434,20.58,0
2024-07-18,Balancer,Ethereum,7.85,DAI,108784191,13.6,0
2024-07-18,Balancer,Arbitrum,10.44,USDT,106805012,2.32,5.74
2024-07-18,Balancer,Arbitrum,7.43,DAI,111589433,2.57,4.28
2024-07-18,Balancer,Optimism,9.64,USDC,113125948,2.3,3.5
2024-07-18,Balancer,Optimism,7.78,USDT,104576347,1.73,3.43
2024-07-18,Balancer,Optimism,9.93,DAI,108069384,1.47,5.17
2024-07-18,Balancer,Polygon,12.04,USDC,112850755,0.92,2.93
2024-07-18,Balancer,Polygon,9.72,USDT,103804990,1.08,2.17
2024-07-18,Balancer,Polygon,11.44,DAI,120191346,1.18,2.52
2024-07-18,Balancer,Base,9.67,USDC,110464271,1.24,4.13
2024-07-18,Balancer,Base,10.11,USDT,110990879,1.68,3.03
2024-07-18,Balancer,Base,11.12,DAI,113325139,1.83,5.65
2024-07-19,Aave,Ethereum,3.06,USDC,226370000,17.35,0
2024-07-19,Aave,Ethereum,3.38,USDT,233018482,20.61,0
2024-07-19,Aave,Ethereum,3.21,DAI,254238907,20.28,0
2024-07-19,Aave,Arbitrum,3.91,USDC,222470698,2.79,5.12
2024-07-19,Aave,Arbitrum,3.99,USDT,270515784,2.55,4.92
2024-07-19,Aave,Arbitrum,3.88,DAI,218998568,2.23,6.02
2024-07-19,Aave,Optimism,4.0,USDC,238156495,1.24,3.54
2024-07-19,Aave,Optimism,3.75,USDT,258642559,1.81,3.04
2024-07-19,Aave,Polygon,4.03,USDC,249570705,1.19,3.84
2024-07-19,Aave,Polygon,4.11,USDT,276408645,0.89,1.93
2024-07-19,Aave,Polygon,4.04,DAI,256012575,0.82,2.8
2024-07-19,Aave,Base,3.91,USDC,237144975,1.54,4.66
2024-07-19,Aave,Base,3.72,DAI,271370621,1.64,3.43
2024-07-19,Compound,Ethereum,3.21,USDC,181946171,17.14,0
2024-07-19,Compound,Ethereum,2.99,USDT,188219869,18.49,0
2024-07-19,Compound,Ethereum,2.81,DAI,178375455,17.5,0
2024-07-19,Compound,Arbitrum,3.78,USDC,171699335,2.31,6.21
2024-07-19,Compound,Arbitrum,3.5,USDT,173643575,2.56,5.56
2024-07-19,Compound,Optimism,3.67,USDC,176383491,1.74,4.28
2024-07-19,Compound,Optimism,3.64,USDT,172942723,1.85,4.64
2024-07-19,Compound,Optimism,3.48,DAI,178766790,1.43,2.71
2024-07-19,Compound,Polygon,3.97,USDC,180139815,1.03,3.72
2024-07-19,Compound,Polygon,4.1,USDT,167856099,0.91,2.51
2024-07-19,Compound,Polygon,4.09,DAI,177312587,0.93,3.06
2024-07-19,Compound,Base,3.72,USDC,182162902,1.36,5.0
2024-07-19,Compound,Base,3.38,USDT,170895868,1.72,3.61
2024-07-19,Curve,Ethereum,7.44,USDC,316563656,13.4,0
2024-07-19,Curve,Ethereum,7.48,USDT,305259687,12.83,0
2024-07-19,Curve,Ethereum,7.84,DAI,316490218,16.35,0
2024-07-19,Curve,Arbitrum,8.71,USDC,292891664,2.46,4.8
2024-07-19,Curve,Arbitrum,10.21,DAI,298199682,1.81,5.75
2024-07-19,Curve,Optimism,10.68,USDT,331656937,1.15,4.71
2024-07-19,Curve,Optimism,8.57,DAI,332544201,1.82,4.84
2024-07-19,Curve,Polygon,10.87,USDT,315754922,1.19,3.97
2024-07-19,Curve,Polygon,9.2,DAI,318934109,0.76,2.84
2024-07-19,Curve,Base,9.13,USDC,313141558,1.83,5.72
2024-07-19,Curve,Base,9.26,USDT,318079818,1.22,4.7
2024-07-19,Curve,Base,10.72,DAI,321380435,1.89,3.44
2024-07-19,Uniswap V3,Ethereum,9.82,USDC,100822036,18.15,0
2024-07-19,Uniswap V3,Ethereum,8.28,USDT,89389775,23.09,0
2024-07-19,Uniswap V3,Ethereum,8.33,DAI,98200464,19.46,0
2024-07-19,Uniswap V3,Arbitrum,10.86,USDC,95953092,1.85,4.61
2024-07-19,Uniswap V3,Arbitrum,10.89,USDT,84210026,2.36,3.89
2024-07-19,Uniswap V3,Arbitrum,10.48,DAI,88034314,2.52,5.2
2024-07-19,Uniswap V3,Optimism,9.85,USDC,83804671,1.8,4.59
2024-07-19,Uniswap V3,Optimism,9.17,USDT,93811939,1.94,5.38
2024-07-19,Uniswap V3,Optimism,7.57,DAI,91026108,1.43,4.12
2024-07-19,Uniswap V3,Polygon,9.76,USDC,89897498,0.74,2.57
2024-07-19,Uniswap V3,Polygon,11.55,USDT,93750052,1.23,2.11
2024-07-19,Uniswap V3,Polygon,12.54,DAI,94859813,1.04,3.87
2024-07-19,Uniswap V3,Base,11.13,USDC,94641771,1.44,3.67
2024-07-19,Uniswap V3,Base,8.91,USDT,95627841,1.18,3.61
2024-07-19,Uniswap V3,Base,11.27,DAI,96151229,1.16,2.1
2024-07-19,Yearn,Ethereum,4.18,USDC,118569242,16.3,0
2024-07-19,Yearn,Ethereum,3.91,USDT,116328189,14.95,0
2024-07-19,Yearn,Ethereum,3.71,DAI,109085884,19.89,0
2024-07-19,Yearn,Arbitrum,5.45,USDC,119254670,2.63,5.14
2024-07-19,Yearn,Arbitrum,4.84,USDT,124544998,2.77,5.38
2024-07-19,Yearn,Arbitrum,5.22,DAI,121474928,2.77,3.57
2024-07-19,Yearn,Optimism,4.61,USDC,119879702,1.26,5.2
2024-07-19,Yearn,Optimism,4.76,USDT,118376521,2.07,3.48
2024-07-19,Yearn,Optimism,5.21,DAI,108476172,2.33,4.45
2024-07-19,Yearn,Polygon,5.11,USDC,111789248,0.93,3.33
2024-07-19,Yearn,Polygon,5.3,USDT,122477279,0.89,3.5
2024-07-19,Yearn,Polygon,5.44,DAI,114669925,1.0,3.02
2024-07-19,Yearn,Base,4.84,USDC,123718952,1.36,4.97
2024-07-19,Yearn,Base,5.04,USDT,129722869,1.87,4.17
2024-07-19,Yearn,Base,5.41,DAI,120263758,1.48,4.88
2024-07-19,Pendle,Ethereum,13.42,USDC,70890182,22.11,0
2024-07-19,Pendle,Ethereum,9.97,USDT,68805017,13.77,0
2024-07-19,Pendle,Ethereum,11.65,DAI,73087339,19.03,0
2024-07-19,Pendle,Arbitrum,15.89,USDC,72393899,2.84,4.15
2024-07-19,Pendle,Arbitrum,12.28,USDT,81822684,2.04,5.0
2024-07-19,Pendle,Arbitrum,14.84,DAI,73188464,2.63,3.42
2024-07-19,Pendle,Optimism,12.45,USDC,75803011,1.01,4.98
2024-07-19,Pendle,Optimism,10.21,USDT,69524210,2.06,4.24
2024-07-19,Pendle,Optimism,11.19,DAI,72742105,1.89,4.16
2024-07-19,Pendle,Base,10.29,USDC,73366749,1.35,4.43
2024-07-19,Pendle,Base,14.95,USDT,74142979,1.14,3.88
2024-07-19,Pendle,Base,11.62,DAI,76433252,1.52,3.34
2024-07-19,Convex,Ethereum,4.68,USDC,139376331,22.74,0
2024-07-19,Convex,Ethereum,6.23,USDT,148345167,17.17,0
2024-07-19,Convex,Ethereum,6.55,DAI,148983802,22.0,0
2024-07-19,Balancer,Ethereum,8.36,USDC,114694411,24.9,0
2024-07-19,Balancer,Ethereum,8.38,USDT,100696240,15.69,0
2024-07-19,Balancer,Ethereum,8.2,DAI,107318057,20.61,0
2024-07-19,Balancer,Arbitrum,11.01,USDT,106910329,2.21,3.06
2024-07-19,Balancer,Arbitrum,11.06,DAI,100816051,2.61,5.27
2024-07-19,Balancer,Optimism,10.61,USDT,119254077,1.98,4.13
2024-07-19,Balancer,Polygon,9.62,USDC,108837268,0.92,3.3
2024-07-19,Balancer,Polygon,11.0,USDT,109587323,1.1,3.1
2024-07-19,Balancer,Polygon,9.89,DAI,108309532,0.89,2.44
2024-07-19,Balancer,Base,10.93,USDT,112595652,1.85,5.8
2024-07-19,Balancer,Base,7.94,DAI,107764386,1.62,4.46
2024-07-20,Aave,Ethereum,3.42,USDC,243369917,8.34,0
2024-07-20,Aave,Ethereum,2.94,USDT,242327398,11.89,0
2024-07-20,Aave,Ethereum,2.73,DAI,229166862,11.4,0
2024-07-20,Aave,Arbitrum,4.3,USDC,235352098,1.51,4.63
2024-07-20,Aave,Arbitrum,4.18,USDT,248714606,1.86,5.78
2024-07-20,Aave,Arbitrum,3.65,DAI,245779150,1.62,6.14
2024-07-20,Aave,Optimism,3.57,USDC,249332350,1.34,4.17
2024-07-20,Aave,Optimism,3.57,USDT,238926318,1.05,3.33
2024-07-20,Aave,Optimism,3.6,DAI,255025948,1.17,4.71
2024-07-20,Aave,Polygon,3.92,USDT,258320028,0.67,1.8
2024-07-20,Aave,Polygon,3.96,DAI,241714488,0.7,3.96
2024-07-20,Aave,Base,3.88,USDC,250631261,1.16,5.21
2024-07-20,Aave,Base,4.01,USDT,246231383,0.87,3.6
2024-07-20,Aave,Base,3.99,DAI,220479061,1.01,3.88
2024-07-20,Compound,Ethereum,3.06,USDC,156578497,15.35,0
2024-07-20,Compound,Ethereum,3.1,USDT,181403846,9.36,0
2024-07-20,Compound,Ethereum,3.2,DAI,155092383,12.72,0
2024-07-20,Compound,Arbitrum,3.93,USDC,170161225,1.32,5.53
2024-07-20,Compound,Arbitrum,3.8,USDT,166343820,1.51,6.34
2024-07-20,Compound,Arbitrum,3.55,DAI,165767423,1.75,5.28
2024-07-20,Compound,Optimism,3.2,USDC,161083217,1.4,4.48
2024-07-20,Compound,Optimism,3.38,USDT,166526985,1.39,2.87
2024-07-20,Compound,Optimism,3.65,DAI,168584919,1.33,4.16
2024-07-20,Compound,Polygon,4.31,USDC,164435935,0.82,3.12
2024-07-20,Compound,Polygon,3.93,USDT,176858313,0.57,3.53
2024-07-20,Compound,Polygon,3.83,DAI,168934670,0.68,2.64
2024-07-20,Compound,Base,3.73,USDC,164838611,0.83,4.11
2024-07-20,Compound,Base,3.64,USDT,181555961,0.95,3.92
2024-07-20,Compound,Base,3.46,DAI,162905852,1.07,2.86
2024-07-20,Curve,Ethereum,8.23,USDC,299314850,13.08,0
2024-07-20,Curve,Ethereum,5.99,USDT,281402333,10.28,0
2024-07-20,Curve,Ethereum,6.84,DAI,289320100,10.29,0
2024-07-20,Curve,Arbitrum,8.85,USDC,303964918,1.59,2.82
2024-07-20,Curve,Arbitrum,9.99,USDT,281877935,1.49,5.76
2024-07-20,Curve,Arbitrum,11.74,DAI,338555373,1.64,4.92
2024-07-20,Curve,Optimism,8.85,USDC,308504754,1.1,4.35
2024-07-20,Curve,Optimism,8.84,USDT,313927193,1.18,4.37
2024-07-20,Curve,Optimism,8.2,DAI,303694331,1.36,3.83
2024-07-20,Curve,Polygon,10.36,USDC,280728702,0.6,2.34
2024-07-20,Curve,Polygon,10.49,DAI,304911919,0.72,2.4
2024-07-20,Curve,Base,10.43,USDT,330362492,1.03,3.87
2024-07-20,Curve,Base,9.64,DAI,299970868,0.69,4.93
2024-07-20,Uniswap V3,Ethereum,7.2,USDC,86428864,12.85,0
2024-07-20,Uniswap V3,Ethereum,9.24,USDT,91336587,11.18,0
2024-07-20,Uniswap V3,Ethereum,8.01,DAI,81641811,16.52,0
2024-07-20,Uniswap V3,Arbitrum,7.97,USDT,87232805,1.57,3.79
2024-07-20,Uniswap V3,Arbitrum,8.53,DAI,95091131,1.46,4.27
2024-07-20,Uniswap V3,Optimism,11.2,USDC,90622880,1.08,3.94
2024-07-20,Uniswap V3,Optimism,10.25,USDT,89633385,1.2,3.82
2024-07-20,Uniswap V3,Optimism,11.75,DAI,83877350,1.11,4.48
2024-07-20,Uniswap V3,Polygon,11.22,USDC,93063120,0.58,2.44
2024-07-20,Uniswap V3,Polygon,12.83,USDT,94652087,0.57,3.16
2024-07-20,Uniswap V3,Polygon,9.71,DAI,88613665,0.6,2.71
2024-07-20,Uniswap V3,Base,9.75,USDC,99006177,1.03,3.47
2024-07-20,Uniswap V3,Base,9.96,USDT,93602596,0.92,2.69
2024-07-20,Uniswap V3,Base,9.77,DAI,81220765,1.06,3.94
2024-07-20,Yearn,Ethereum,3.94,USDC,106270540,13.54,0
2024-07-20,Yearn,Ethereum,4.24,USDT,118134635,13.48,0
2024-07-20,Yearn,Ethereum,4.08,DAI,114284559,12.76,0
2024-07-20,Yearn,Arbitrum,4.81,USDC,113588876,2.05,4.92
2024-07-20,Yearn,Arbitrum,4.94,USDT,113238576,1.71,4.65
2024-07-20,Yearn,Arbitrum,4.87,DAI,118251083,1.48,5.09
2024-07-20,Yearn,Optimism,4.99,USDC,119571927,1.04,5.01
2024-07-20,Yearn,Optimism,4.71,USDT,111068080,1.13,1.77
2024-07-20,Yearn,Optimism,4.43,DAI,117038732,1.32,5.21
2024-07-20,Yearn,Polygon,4.98,USDC,116891453,0.52,3.42
2024-07-20,Yearn,Polygon,5.62,USDT,123118233,0.56,2.65
2024-07-20,Yearn,Base,4.99,USDC,116913049,1.09,5.76
2024-07-20,Yearn,Base,4.81,USDT,117090873,1.27,4.41
2024-07-20,Yearn,Base,5.02,DAI,111368093,0.72,2.24
2024-07-20,Pendle,Ethereum,10.78,USDC,73805373,13.51,0
2024-07-20,Pendle,Ethereum,13.99,USDT,75412423,9.8,0
2024-07-20,Pendle,Ethereum,6.53,DAI,73342138,14.28,0
2024-07-20,Pendle,Arbitrum,12.18,USDT,69780821,1.45,4.67
2024-07-20,Pendle,Arbitrum,12.87,DAI,71663446,1.47,4.32
2024-07-20,Pendle,Optimism,13.33,USDC,72576931,1.13,3.77
2024-07-20,Pendle,Optimism,12.86,USDT,70054458,1.35,4.39
2024-07-20,Pendle,Optimism,14.77,DAI,71083864,1.19,4.42
2024-07-20,Pendle,Base,15.56,USDC,74927346,0.94,2.76
2024-07-20,Pendle,Base,14.56,USDT,74482466,0.99,3.09
2024-07-20,Pendle,Base,15.98,DAI,75522373,0.82,4.35
2024-07-20,Convex,Ethereum,5.26,USDT,144672058,13.65,0
2024-07-20,Convex,Ethereum,5.2,DAI,132687786,13.6,0
2024-07-20,Balancer,Ethereum,8.8,USDC,105726298,10.54,0
2024-07-20,Balancer,Ethereum,8.33,USDT,105358537,12.02,0
2024-07-20,Balancer,Ethereum,6.96,DAI,107042190,8.87,0
2024-07-20,Balancer,Arbitrum,10.44,USDC,103230098,1.53,5.32
2024-07-20,Balancer,Arbitrum,10.45,USDT,115669881,1.68,5.03
2024-07-20,Balancer,Arbitrum,10.06,DAI,107658304,1.61,4.96
2024-07-20,Balancer,Optimism,8.17,USDC,113610683,1.19,3.81
2024-07-20,Balancer,Optimism,10.12,USDT,107031654,0.96,3.61
2024-07-20,Balancer,Optimism,9.93,DAI,113166940,1.36,4.07
2024-07-20,Balancer,Polygon,10.53,USDC,107201728,0.64,3.35
2024-07-20,Balancer,Polygon,11.23,USDT,101545629,0.64,3.69
2024-07-20,Balancer,Polygon,9.64,DAI,112877623,0.54,2.44
2024-07-20,Balancer,Base,10.36,USDC,106995837,0.82,4.84
2024-07-20,Balancer,Base,9.4,USDT,104952986,1.03,3.99
2024-07-20,Balancer,Base,10.08,DAI,105630834,0.8,3.24
2024-07-21,Aave,Ethereum,3.49,USDC,246444896,14.21,0
2024-07-21,Aave,Ethereum,3.29,USDT,240953361,12.88,0
2024-07-21,Aave,Ethereum,3.29,DAI,270701874,12.62,0
2024-07-21,Aave,Arbitrum,4.07,USDC,228879397,2.02,6.48
2024-07-21,Aave,Arbitrum,4.27,USDT,245265421,1.35,6.65
2024-07-21,Aave,Polygon,4.3,USDT,231297407,0.51,2.36
2024-07-21,Aave,Polygon,4.25,DAI,266338850,0.65,2.97
2024-07-21,Aave,Base,3.74,USDC,229980965,1.32,5.45
2024-07-21,Aave,Base,3.83,USDT,234450377,1.13,3.38
2024-07-21,Aave,Base,3.64,DAI,248201393,0.94,4.75
2024-07-21,Compound,Ethereum,3.12,USDC,172850226,13.0,0
2024-07-21,Compound,Ethereum,3.19,USDT,163075630,13.76,0
2024-07-21,Compound,Ethereum,3.12,DAI,172242725,14.39,0
2024-07-21,Compound,Arbitrum,4.03,USDC,161689128,1.46,4.59
2024-07-21,Compound,Arbitrum,3.84,USDT,163451661,2.15,3.62
2024-07-21,Compound,Arbitrum,3.49,DAI,154717070,1.17,5.1
2024-07-21,Compound,Optimism,3.44,USDC,175707848,1.36,3.31
2024-07-21,Compound,Optimism,3.88,USDT,171723866,0.99,3.03
2024-07-21,Compound,Optimism,3.31,DAI,172508503,1.54,3.12
2024-07-21,Compound,Polygon,4.09,USDT,180073951,0.78,2.24
2024-07-21,Compound,Polygon,3.88,DAI,185718027,0.5,2.98
2024-07-21,Compound,Base,3.57,USDC,174909819,0.98,3.77
2024-07-21,Compound,Base,3.51,USDT,158108245,0.93,4.12
2024-07-21,Curve,Ethereum,8.31,USDC,312518975,11.92,0
2024-07-21,Curve,Ethereum,6.5,USDT,308232133,11.09,0
2024-07-21,Curve,Ethereum,7.92,DAI,285862642,14.14,0
2024-07-21,Curve,Arbitrum,11.2,USDC,291786464,1.68,4.53
2024-07-21,Curve,Arbitrum,7.57,USDT,303592406,1.41,4.19
2024-07-21,Curve,Arbitrum,11.18,DAI,322766099,1.41,6.57
2024-07-21,Curve,Optimism,8.94,USDT,277787745,1.37,3.4
2024-07-21,Curve,Optimism,8.24,DAI,305308233,0.86,3.09
2024-07-21,Curve,Polygon,9.84,USDC,299852987,0.7,3.52
2024-07-21,Curve,Polygon,9.96,USDT,300352148,0.68,3.28
2024-07-21,Curve,Base,9.47,USDC,293621556,0.83,5.3
2024-07-21,Curve,Base,10.55,USDT,316282941,1.09,2.91
2024-07-21,Curve,Base,8.97,DAI,284210670,1.0,2.67
2024-07-21,Uniswap V3,Ethereum,7.65,USDC,89221990,13.03,0
2024-07-21,Uniswap V3,Ethereum,7.69,USDT,87238036,11.51,0
2024-07-21,Uniswap V3,Ethereum,10.25,DAI,96178506,10.66,0
2024-07-21,Uniswap V3,Arbitrum,10.92,USDC,86304353,1.42,4.26
2024-07-21,Uniswap V3,Arbitrum,8.81,USDT,84611982,1.73,3.84
2024-07-21,Uniswap V3,Arbitrum,9.32,DAI,90528812,2.23,6.71
2024-07-21,Uniswap V3,Optimism,9.96,USDC,94021689,1.06,5.17
2024-07-21,Uniswap V3,Optimism,11.08,USDT,97948123,1.61,2.3
2024-07-21,Uniswap V3,Polygon,13.52,USDC,90881624,0.53,3.53
2024-07-21,Uniswap V3,Polygon,13.95,DAI,79188809,0.73,3.68
2024-07-21,Uniswap V3,Base,11.29,USDC,84085077,1.06,5.15
2024-07-21,Uniswap V3,Base,9.98,USDT,87652100,1.04,3.56
2024-07-21,Uniswap V3,Base,13.98,DAI,92251357,1.02,3.5
2024-07-21,Yearn,Ethereum,3.81,USDC,115374545,12.34,0
2024-07-21,Yearn,Ethereum,4.07,USDT,126355755,12.68,0
2024-07-21,Yearn,Ethereum,4.23,DAI,121729773,9.94,0
2024-07-21,Yearn,Arbitrum,4.9,USDC,122057969,1.4,5.87
2024-07-21,Yearn,Arbitrum,4.79,DAI,121746803,1.61,6.72
2024-07-21,Yearn,Optimism,4.83,USDC,116657514,1.15,2.81
2024-07-21,Yearn,Optimism,4.95,USDT,117199314,0.77,2.55
2024-07-21,Yearn,Optimism,4.82,DAI,110603390,1.3,4.83
2024-07-21,Yearn,Polygon,5.03,USDC,113710893,0.67,2.36
2024-07-21,Yearn,Polygon,5.08,USDT,116099704,0.84,2.81
2024-07-21,Yearn,Base,5.16,USDC,109065553,1.06,2.8
2024-07-21,Yearn,Base,4.73,USDT,113565229,0.99,3.18
2024-07-21,Yearn,Base,4.79,DAI,121101765,0.92,3.42
2024-07-21,Pendle,Ethereum,11.7,USDC,74199171,15.59,0
2024-07-21,Pendle,Ethereum,9.73,USDT,65845347,10.19,0
2024-07-21,Pendle,Ethereum,12.98,DAI,71122934,14.16,0
2024-07-21,Pendle,Arbitrum,11.76,USDC,69531697,1.71,4.77
2024-07-21,Pendle,Arbitrum,14.07,USDT,77858950,1.62,5.69
2024-07-21,Pendle,Arbitrum,13.14,DAI,72700694,1.66,5.75
2024-07-21,Pendle,Optimism,13.59,USDC,73069541,1.29,4.39
2024-07-21,Pendle,Optimism,15.1,USDT,76175275,1.21,5.14
2024-07-21,Pendle,Optimism,12.72,DAI,69463810,1.02,3.92
2024-07-21,Pendle,Base,15.12,USDC,72361922,1.07,3.62
2024-07-21,Pendle,Base,11.71,DAI,73316135,0.97,4.36
2024-07-21,Convex,Ethereum,5.43,USDC,142281121,13.65,0
2024-07-21,Convex,Ethereum,4.09,USDT,141606536,16.38,0
2024-07-21,Convex,Ethereum,5.63,DAI,136594426,12.0,0
2024-07-21,Balancer,Ethereum,9.15,USDC,101552183,11.78,0
2024-07-21,Balancer,Ethereum,7.79,USDT,109761946,10.7,0
2024-07-21,Balancer,Arbitrum,9.03,USDC,106123112,1.85,7.44
2024-07-21,Balancer,Arbitrum,10.65,USDT,100311683,1.49,4.28
2024-07-21,Balancer,Arbitrum,9.48,DAI,103416434,1.5,6.23
2024-07-21,Balancer,Optimism,8.06,DAI,98436590,0.71,4.27
2024-07-21,Balancer,Polygon,10.02,USDC,107225997,0.71,3.19
2024-07-21,Balancer,Polygon,10.3,USDT,104749627,0.54,3.26
2024-07-21,Balancer,Polygon,9.88,DAI,106965608,0.8,2.63
2024-07-21,Balancer,Base,8.12,USDC,97648376,1.08,2.29
2024-07-21,Balancer,Base,8.79,USDT,110529631,0.9,4.09
2024-07-21,Balancer,Base,10.34,DAI,103713774,0.93,4.46
2024-07-22,Aave,Ethereum,3.67,USDC,232162129,21.29,0
2024-07-22,Aave,Ethereum,3.54,USDT,241647389,19.53,0
2024-07-22,Aave,Ethereum,3.43,DAI,245212930,16.56,0
2024-07-22,Aave,Arbitrum,3.77,USDC,252220353,2.04,5.72
2024-07-22,Aave,Arbitrum,4.21,USDT,249672583,2.33,4.19
2024-07-22,Aave,Arbitrum,3.83,DAI,250601567,2.73,4.24
2024-07-22,Aave,Optimism,4.11,USDC,220680213,1.79,3.81
2024-07-22,Aave,Optimism,4.12,USDT,236254014,1.41,2.99
2024-07-22,Aave,Polygon,4.56,USDT,231846645,0.93,2.68
2024-07-22,Aave,Polygon,4.56,DAI,240644262,1.05,2.91
2024-07-22,Aave,Base,3.99,USDC,234929114,1.09,3.73
2024-07-22,Aave,Base,3.89,USDT,236810102,1.34,3.81
2024-07-22,Aave,Base,4.08,DAI,243610133,1.56,4.98
2024-07-22,Compound,Ethereum,3.03,USDC,154638247,17.25,0
2024-07-22,Compound,Ethereum,3.11,DAI,151963431,17.03,0
2024-07-22,Compound,Arbitrum,4.05,USDC,195031588,1.97,5.54
2024-07-22,Compound,Arbitrum,4.16,USDT,173052566,1.68,5.11
2024-07-22,Compound,Optimism,3.56,USDC,158492346,2.06,3.9
2024-07-22,Compound,Optimism,3.81,USDT,166981846,1.97,4.53
2024-07-22,Compound,Optimism,3.85,DAI,165498518,2.17,2.74
2024-07-22,Compound,Polygon,4.47,USDC,182299358,0.91,3.79
2024-07-22,Compound,Polygon,4.05,USDT,178844676,0.86,2.33
2024-07-22,Compound,Polygon,4.18,DAI,150847430,1.15,3.05
2024-07-22,Compound,Base,3.69,USDC,163605741,1.48,3.97
2024-07-22,Compound,Base,3.73,USDT,173386091,1.79,5.41
2024-07-22,Compound,Base,3.66,DAI,160096609,1.54,3.87
2024-07-22,Curve,Ethereum,8.7,USDC,261021157,12.14,0
2024-07-22,Curve,Ethereum,9.19,USDT,324950470,18.94,0
2024-07-22,Curve,Ethereum,9.18,DAI,279580660,23.91,0
2024-07-22,Curve,Arbitrum,11.49,USDC,259964575,1.98,7.19
2024-07-22,Curve,Arbitrum,10.36,USDT,308754456,1.65,5.24
2024-07-22,Curve,Optimism,10.92,USDC,312451939,2.13,3.42
2024-07-22,Curve,Optimism,7.48,USDT,302613637,1.62,5.59
2024-07-22,Curve,Optimism,11.05,DAI,283374642,2.08,3.71
2024-07-22,Curve,Polygon,10.94,USDC,297616395,0.82,3.22
2024-07-22,Curve,Polygon,9.64,USDT,306106675,0.85,3.66
2024-07-22,Curve,Polygon,10.39,DAI,326277133,0.97,3.34
2024-07-22,Curve,Base,11.38,USDC,309890355,0.84,4.36
2024-07-22,Curve,Base,11.71,USDT,304358550,1.43,4.37
2024-07-22,Curve,Base,10.25,DAI,274323915,1.59,3.44
2024-07-22,Uniswap V3,Ethereum,8.24,USDC,87087984,19.64,0
2024-07-22,Uniswap V3,Ethereum,11.72,USDT,87480294,16.67,0
2024-07-22,Uniswap V3,Ethereum,8.31,DAI,86035378,20.39,0
2024-07-22,Uniswap V3,Arbitrum,8.73,USDC,84051657,2.62,5.6
2024-07-22,Uniswap V3,Arbitrum,13.12,USDT,90598201,2.4,3.9
2024-07-22,Uniswap V3,Arbitrum,12.16,DAI,84227745,2.58,4.45
2024-07-22,Uniswap V3,Optimism,9.86,USDC,95651676,1.79,4.54
2024-07-22,Uniswap V3,Optimism,9.22,USDT,100012026,1.81,4.25
2024-07-22,Uniswap V3,Polygon,12.33,USDC,87435585,0.79,2.83
2024-07-22,Uniswap V3,Polygon,8.31,DAI,87461332,0.92,3.0
2024-07-22,Uniswap V3,Base,10.35,USDC,92218045,1.21,4.1
2024-07-22,Uniswap V3,Base,9.7,USDT,89342911,1.12,4.07
2024-07-22,Uniswap V3,Base,10.08,DAI,97301889,1.26,3.48
2024-07-22,Yearn,Ethereum,4.07,USDT,114251929,21.55,0
2024-07-22,Yearn,Arbitrum,5.12,USDC,117092602,2.01,3.01
2024-07-22,Yearn,Optimism,4.35,USDC,109682663,2.23,3.74
2024-07-22,Yearn,Optimism,5.2,USDT,115133532,1.74,4.59
2024-07-22,Yearn,Optimism,4.75,DAI,110200933,2.11,2.76
2024-07-22,Yearn,Polygon,5.25,USDC,116838133,0.68,3.66
2024-07-22,Yearn,Polygon,5.4,USDT,117228047,0.9,2.67
2024-07-22,Yearn,Polygon,4.95,DAI,115551848,1.01,2.5
2024-07-22,Yearn,Base,5.54,USDC,117109063,1.07,5.03
2024-07-22,Yearn,Base,5.13,USDT,110093332,1.86,4.11
2024-07-22,Yearn,Base,5.38,DAI,111960392,1.21,4.15
2024-07-22,Pendle,Ethereum,9.21,USDC,70326663,17.22,0
2024-07-22,Pendle,Arbitrum,9.4,USDC,69539875,1.67,4.23
2024-07-22,Pendle,Arbitrum,13.78,USDT,68645610,2.62,6.58
2024-07-22,Pendle,Arbitrum,11.86,DAI,81076700,2.11,4.74
2024-07-22,Pendle,Optimism,13.8,USDC,71265983,1.95,4.58
2024-07-22,Pendle,Optimism,16.04,USDT,73148134,2.23,3.8
2024-07-22,Pendle,Optimism,12.86,DAI,66923903,2.26,4.42
2024-07-22,Pendle,Base,11.99,USDC,62751311,1.4,3.51
2024-07-22,Pendle,Base,13.38,USDT,72292606,1.61,3.46
2024-07-22,Pendle,Base,13.89,DAI,68546631,1.75,5.42
2024-07-22,Convex,Ethereum,5.46,USDC,145349625,21.04,0
2024-07-22,Convex,Ethereum,6.37,USDT,129188218,12.62,0
2024-07-22,Convex,Ethereum,6.06,DAI,137472362,18.24,0
2024-07-22,Balancer,Ethereum,8.74,USDC,110807430,14.29,0
2024-07-22,Balancer,Ethereum,7.31,USDT,103960109,17.23,0
2024-07-22,Balancer,Ethereum,8.49,DAI,98460270,18.84,0
2024-07-22,Balancer,Arbitrum,8.79,USDC,105006645,2.52,4.04
2024-07-22,Balancer,Arbitrum,10.98,USDT,104326958,2.34,4.52
2024-07-22,Balancer,Arbitrum,10.72,DAI,101682317,1.9,4.89
2024-07-22,Balancer,Optimism,10.31,USDT,94573834,2.08,3.13
2024-07-22,Balancer,Optimism,9.58,DAI,103134211,1.73,3.3
2024-07-22,Balancer,Polygon,11.24,USDC,100102600,0.87,2.96
2024-07-22,Balancer,Polygon,10.92,USDT,88266615,0.99,3.1
2024-07-22,Balancer,Polygon,10.25,DAI,106920817,1.06,3.44
2024-07-22,Balancer,Base,10.49,USDC,100616267,1.4,4.97
2024-07-22,Balancer,Base,10.33,USDT,94181015,1.05,3.98
2024-07-22,Balancer,Base,9.07,DAI,111541165,1.65,5.46
2024-07-23,Aave,Ethereum,3.53,USDC,248238233,21.39,0
2024-07-23,Aave,Ethereum,3.27,USDT,243300585,15.39,0
2024-07-23,Aave,Ethereum,3.32,DAI,222347464,18.74,0
2024-07-23,Aave,Arbitrum,4.6,USDC,261472143,2.21,5.15
2024-07-23,Aave,Arbitrum,3.85,USDT,251504770,2.2,4.56
2024-07-23,Aave,Arbitrum,4.37,DAI,233595322,2.66,4.75
2024-07-23,Aave,Optimism,3.71,USDC,221127009,1.34,3.46
2024-07-23,Aave,Optimism,3.68,USDT,234885685,1.39,4.62
2024-07-23,Aave,Optimism,3.63,DAI,238476907,1.85,4.67
2024-07-23,Aave,Polygon,4.3,USDT,217605511,0.93,2.99
2024-07-23,Aave,Polygon,4.41,DAI,237844975,0.89,3.23
2024-07-23,Aave,Base,4.0,USDC,229032662,1.56,4.64
2024-07-23,Aave,Base,4.48,USDT,237065198,1.79,5.19
2024-07-23,Aave,Base,3.86,DAI,227707761,1.12,3.68
2024-07-23,Compound,Ethereum,3.16,USDC,176555892,19.63,0
2024-07-23,Compound,Ethereum,3.21,DAI,175450403,17.92,0
2024-07-23,Compound,Arbitrum,4.2,USDC,173788357,2.65,5.32
2024-07-23,Compound,Arbitrum,4.01,USDT,170213988,1.6,6.01
2024-07-23,Compound,Arbitrum,3.77,DAI,152979689,2.9,5.22
2024-07-23,Compound,Optimism,3.96,USDC,187699896,1.88,3.9
2024-07-23,Compound,Optimism,3.79,USDT,165584524,1.64,4.1
2024-07-23,Compound,Optimism,3.93,DAI,165730358,1.47,3.93
2024-07-23,Compound,Polygon,4.18,USDC,178191752,0.98,2.04
2024-07-23,Compound,Polygon,4.37,USDT,171840310,1.0,2.89
2024-07-23,Compound,Polygon,4.16,DAI,169851227,0.98,3.07
2024-07-23,Compound,Base,4.17,USDC,152269460,1.52,4.5
2024-07-23,Compound,Base,3.79,USDT,171893403,1.08,3.05
2024-07-23,Compound,Base,3.92,DAI,175314134,1.48,3.9
2024-07-23,Curve,Ethereum,8.59,USDC,284989409,18.81,0
2024-07-23,Curve,Ethereum,7.84,USDT,294839801,20.73,0
2024-07-23,Curve,Ethereum,7.5,DAI,329991101,15.57,0
2024-07-23,Curve,Arbitrum,9.01,USDC,304319295,2.5,5.75
2024-07-23,Curve,Arbitrum,8.33,USDT,324499115,1.61,5.07
2024-07-23,Curve,Arbitrum,8.54,DAI,308643767,2.15,5.4
2024-07-23,Curve,Optimism,11.02,USDC,298623047,2.07,4.14
2024-07-23,Curve,Optimism,10.31,USDT,301691737,1.23,4.78
2024-07-23,Curve,Optimism,7.9,DAI,307498522,1.64,4.19
2024-07-23,Curve,Polygon,9.87,USDT,294337858,1.03,3.3
2024-07-23,Curve,Polygon,11.19,DAI,312895736,1.13,2.99
2024-07-23,Curve,Base,9.78,USDC,330938604,1.22,4.71
2024-07-23,Curve,Base,8.59,USDT,288330496,1.39,4.19
2024-07-23,Curve,Base,9.26,DAI,273622876,1.46,4.8
2024-07-23,Uniswap V3,Ethereum,10.6,USDC,90331544,12.46,0
2024-07-23,Uniswap V3,Ethereum,10.05,USDT,89066669,15.39,0
2024-07-23,Uniswap V3,Ethereum,8.28,DAI,90801388,18.45,0
2024-07-23,Uniswap V3,Arbitrum,14.69,USDC,84936707,2.24,5.56
2024-07-23,Uniswap V3,Arbitrum,11.01,USDT,90226101,2.21,5.4
2024-07-23,Uniswap V3,Arbitrum,10.57,DAI,85598326,2.83,4.96
2024-07-23,Uniswap V3,Optimism,12.64,USDC,96005469,1.63,2.79
2024-07-23,Uniswap V3,Optimism,11.54,USDT,86588482,1.63,4.31
2024-07-23,Uniswap V3,Optimism,9.34,DAI,99201761,1.44,3.26
2024-07-23,Uniswap V3,Polygon,12.82,USDC,94705837,0.84,2.43
2024-07-23,Uniswap V3,Polygon,13.21,DAI,90559888,1.09,3.25
2024-07-23,Uniswap V3,Base,9.1,USDC,88280271,1.47,3.11
2024-07-23,Uniswap V3,Base,11.83,USDT,90100517,1.47,4.58
2024-07-23,Yearn,Ethereum,4.25,USDC,119661447,20.94,0
2024-07-23,Yearn,Ethereum,4.23,USDT,112104366,16.03,0
2024-07-23,Yearn,Ethereum,4.29,DAI,109352093,17.92,0
2024-07-23,Yearn,Arbitrum,5.24,USDT,104640420,2.69,5.61
2024-07-23,Yearn,Arbitrum,5.05,DAI,112398430,2.8,3.71
2024-07-23,Yearn,Optimism,4.79,USDC,126036335,2.21,2.91
2024-07-23,Yearn,Optimism,5.11,USDT,119434694,2.04,3.39
2024-07-23,Yearn,Optimism,5.26,DAI,105855430,1.93,3.18
2024-07-23,Yearn,Polygon,5.55,USDC,119577172,0.81,2.44
2024-07-23,Yearn,Polygon,5.86,USDT,110611410,0.71,2.35
2024-07-23,Yearn,Polygon,6.06,DAI,118998158,0.7,2.65
2024-07-23,Yearn,Base,4.96,USDC,113390493,1.72,3.85
2024-07-23,Yearn,Base,5.16,USDT,103101047,1.18,3.46
2024-07-23,Yearn,Base,4.99,DAI,114092538,1.47,3.22
2024-07-23,Pendle,Ethereum,13.35,USDC,79039241,12.66,0
2024-07-23,Pendle,Ethereum,8.58,USDT,72375692,16.47,0
2024-07-23,Pendle,Ethereum,11.66,DAI,68618176,22.62,0
2024-07-23,Pendle,Arbitrum,10.55,USDC,65163041,2.51,6.01
2024-07-23,Pendle,Arbitrum,14.65,USDT,70261520,2.77,6.37
2024-07-23,Pendle,Arbitrum,12.73,DAI,65171741,2.24,3.76
2024-07-23,Pendle,Optimism,13.13,USDC,64460318,1.83,3.36
2024-07-23,Pendle,Optimism,10.79,USDT,71316591,1.57,3.08
2024-07-23,Pendle,Optimism,17.41,DAI,70492751,1.58,4.05
2024-07-23,Pendle,Base,17.76,USDC,71499423,1.24,4.15
2024-07-23,Pendle,Base,11.11,USDT,65032374,1.18,3.51
2024-07-23,Pendle,Base,12.29,DAI,79403135,1.58,4.28
2024-07-23,Convex,Ethereum,6.67,USDC,141527103,17.97,0
2024-07-23,Convex,Ethereum,6.01,USDT,133429447,11.21,0
2024-07-23,Convex,Ethereum,5.76,DAI,146910091,18.64,0
2024-07-23,Balancer,Ethereum,8.44,DAI,102138823,19.25,0
2024-07-23,Balancer,Arbitrum,10.91,USDC,101091156,2.59,6.11
2024-07-23,Balancer,Arbitrum,10.27,USDT,105311420,2.45,5.29
2024-07-23,Balancer,Arbitrum,9.09,DAI,97579233,3.06,5.89
2024-07-23,Balancer,Optimism,10.3,USDC,109108204,1.36,3.97
2024-07-23,Balancer,Optimism,10.83,USDT,98286694,1.47,3.59
2024-07-23,Balancer,Optimism,10.2,DAI,110846756,1.84,3.91
2024-07-23,Balancer,Polygon,10.23,USDC,102309021,0.79,2.36
2024-07-23,Balancer,Polygon,9.81,USDT,108754421,0.8,3.34
2024-07-23,Balancer,Polygon,10.38,DAI,110886987,0.79,2.2
2024-07-23,Balancer,Base,8.56,USDT,108732601,1.69,3.3
2024-07-23,Balancer,Base,8.53,DAI,108092193,1.49,5.12
2024-07-24,Aave,Ethereum,3.49,USDC,254903882,19.08,0
2024-07-24,Aave,Ethereum,3.39,USDT,248840732,20.69,0
2024-07-24,Aave,Ethereum,3.32,DAI,247083065,12.78,0
2024-07-24,Aave,Arbitrum,4.19,USDC,250409452,2.45,4.47
2024-07-24,Aave,Arbitrum,3.92,USDT,239706455,1.98,5.49
2024-07-24,Aave,Arbitrum,4.46,DAI,234572134,1.74,4.81
2024-07-24,Aave,Optimism,3.94,USDC,244277802,1.98,3.84
2024-07-24,Aave,Optimism,4.04,USDT,235499123,2.44,4.78
2024-07-24,Aave,Optimism,4.03,DAI,250949451,1.88,2.81
2024-07-24,Aave,Polygon,4.69,USDC,218900784,0.86,3.41
2024-07-24,Aave,Polygon,4.58,USDT,234988787,1.03,3.99
2024-07-24,Aave,Polygon,4.36,DAI,221345756,0.95,1.78
2024-07-24,Aave,Base,3.58,USDC,230861262,1.88,3.14
2024-07-24,Aave,Base,4.02,USDT,232677000,1.1,3.9
2024-07-24,Aave,Base,4.52,DAI,242792220,1.37,4.41
2024-07-24,Compound,Ethereum,3.01,USDC,156887783,16.85,0
2024-07-24,Compound,Ethereum,3.4,USDT,185125750,20.81,0
2024-07-24,Compound,Ethereum,3.5,DAI,152880224,18.89,0
2024-07-24,Compound,Arbitrum,3.99,USDC,174778686,2.16,4.83
2024-07-24,Compound,Arbitrum,4.25,DAI,177796890,2.87,4.5
2024-07-24,Compound,Optimism,4.18,USDC,159340561,2.54,2.72
2024-07-24,Compound,Optimism,4.0,USDT,165424621,1.22,3.99
2024-07-24,Compound,Optimism,3.89,DAI,162736299,1.54,4.46
2024-07-24,Compound,Polygon,4.25,USDC,159514787,0.95,2.88
2024-07-24,Compound,Polygon,4.17,USDT,167668778,1.28,2.93
2024-07-24,Compound,Polygon,4.18,DAI,170199202,1.03,3.92
2024-07-24,Compound,Base,3.97,USDC,158664458,1.03,4.84
2024-07-24,Compound,Base,3.65,USDT,165725005,1.5,4.73
2024-07-24,Curve,Ethereum,9.28,USDT,306202222,15.43,0
2024-07-24,Curve,Ethereum,8.99,DAI,288221990,17.62,0
2024-07-24,Curve,Arbitrum,10.92,USDC,295764553,2.29,4.95
2024-07-24,Curve,Arbitrum,11.03,USDT,317595574,2.48,5.82
2024-07-24,Curve,Arbitrum,11.83,DAI,281500117,2.33,3.89
2024-07-24,Curve,Optimism,8.13,USDC,284551093,1.87,3.97
2024-07-24,Curve,Optimism,9.87,USDT,272726844,1.85,4.53
2024-07-24,Curve,Optimism,10.75,DAI,310054392,1.66,4.34
2024-07-24,Curve,Polygon,8.38,USDC,318036381,1.07,3.56
2024-07-24,Curve,Polygon,10.72,USDT,294909797,1.01,1.7
2024-07-24,Curve,Polygon,10.72,DAI,281753274,0.84,2.41
2024-07-24,Curve,Base,8.58,USDC,337545812,1.39,2.93
2024-07-24,Curve,Base,10.32,USDT,306904788,1.13,4.22
2024-07-24,Uniswap V3,Ethereum,11.02,USDC,91198179,16.52,0
2024-07-24,Uniswap V3,Ethereum,6.08,USDT,88075478,19.81,0
2024-07-24,Uniswap V3,Ethereum,6.83,DAI,92989098,24.85,0
2024-07-24,Uniswap V3,Arbitrum,9.98,USDC,84746210,2.36,4.57
2024-07-24,Uniswap V3,Arbitrum,13.46,USDT,95449841,2.43,4.8
2024-07-24,Uniswap V3,Arbitrum,10.04,DAI,90031781,1.82,6.08
2024-07-24,Uniswap V3,Optimism,11.83,USDC,89476902,2.37,3.3
2024-07-24,Uniswap V3,Optimism,10.2,USDT,90000820,2.29,3.76
2024-07-24,Uniswap V3,Optimism,11.37,DAI,87283469,1.99,3.01
2024-07-24,Uniswap V3,Polygon,12.65,USDC,96609808,1.05,3.94
2024-07-24,Uniswap V3,Polygon,11.11,USDT,82903191,1.04,2.75
2024-07-24,Uniswap V3,Polygon,15.03,DAI,93198580,1.3,4.06
2024-07-24,Uniswap V3,Base,11.54,USDC,94077817,1.59,4.15
2024-07-24,Uniswap V3,Base,11.69,USDT,88964408,1.26,2.72
2024-07-24,Uniswap V3,Base,11.51,DAI,97897850,1.77,3.9
2024-07-24,Yearn,Ethereum,4.32,USDC,117957606,16.97,0
2024-07-24,Yearn,Ethereum,4.06,USDT,103597881,19.72,0
2024-07-24,Yearn,Ethereum,4.14,DAI,116458185,20.21,0
2024-07-24,Yearn,Arbitrum,5.1,USDC,109620923,2.38,6.17
2024-07-24,Yearn,Arbitrum,5.06,USDT,123235891,1.54,5.06
2024-07-24,Yearn,Optimism,4.93,USDC,108155857,2.16,3.36
2024-07-24,Yearn,Optimism,5.14,USDT,109562693,1.89,5.1
2024-07-24,Yearn,Optimism,4.72,DAI,111789373,1.94,4.18
2024-07-24,Yearn,Polygon,5.95,USDC,114339062,0.86,3.24
2024-07-24,Yearn,Polygon,5.75,USDT,116449856,0.95,2.79
2024-07-24,Yearn,Polygon,4.52,DAI,115816337,0.93,2.26
2024-07-24,Yearn,Base,4.88,USDC,109763345,1.54,3.77
2024-07-24,Yearn,Base,4.96,USDT,116151428,1.81,4.17
2024-07-24,Yearn,Base,4.47,DAI,115154117,1.84,3.29
2024-07-24,Pendle,Ethereum,12.66,USDC,72475538,17.49,0
2024-07-24,Pendle,Ethereum,12.85,USDT,71878857,18.0,0
2024-07-24,Pendle,Ethereum,10.29,DAI,76539901,17.67,0
2024-07-24,Pendle,Arbitrum,15.39,USDC,72368806,2.35,6.71
2024-07-24,Pendle,Arbitrum,17.31,USDT,72561981,1.41,4.39
2024-07-24,Pendle,Arbitrum,12.32,DAI,72211092,3.15,4.41
2024-07-24,Pendle,Optimism,12.52,USDC,68244695,1.76,4.81
2024-07-24,Pendle,Optimism,16.86,USDT,72253012,1.51,3.99
2024-07-24,Pendle,Optimism,13.55,DAI,69914282,1.69,3.3
2024-07-24,Pendle,Base,14.89,USDC,71984741,1.33,3.78
2024-07-24,Pendle,Base,16.26,USDT,72863928,1.37,4.55
2024-07-24,Pendle,Base,15.86,DAI,65899338,1.68,3.82
2024-07-24,Convex,Ethereum,5.49,USDC,154996084,18.2,0
2024-07-24,Convex,Ethereum,5.29,USDT,133222191,20.14,0
2024-07-24,Convex,Ethereum,6.42,DAI,130043596,15.76,0
2024-07-24,Balancer,Ethereum,7.94,USDC,112304394,14.34,0
2024-07-24,Balancer,Ethereum,9.24,USDT,104364756,14.81,0
2024-07-24,Balancer,Ethereum,8.86,DAI,104030630,18.78,0
2024-07-24,Balancer,Arbitrum,12.4,USDT,101817199,2.1,4.95
2024-07-24,Balancer,Arbitrum,10.14,DAI,103138191,2.07,2.88
2024-07-24,Balancer,Optimism,9.74,DAI,106715957,1.58,4.48
2024-07-24,Balancer,Polygon,11.26,USDC,98441342,1.08,4.39
2024-07-24,Balancer,Polygon,10.35,USDT,96576504,0.79,2.2
2024-07-24,Balancer,Polygon,11.75,DAI,92904305,0.91,3.13
2024-07-24,Balancer,Base,7.52,USDC,96202850,1.48,5.07
2024-07-24,Balancer,Base,10.33,USDT,107517064,1.57,3.57
2024-07-24,Balancer,Base,8.43,DAI,99005767,1.41,2.89
2024-07-25,Aave,Ethereum,3.16,USDC,215095354,16.77,0
2024-07-25,Aave,Ethereum,3.16,USDT,233030171,21.07,0
2024-07-25,Aave,Ethereum,3.16,DAI,226004432,19.04,0
2024-07-25,Aave,Arbitrum,4.11,USDC,235190913,2.55,8.05
2024-07-25,Aave,Arbitrum,4.05,USDT,271922301,1.87,6.01
2024-07-25,Aave,Arbitrum,4.2,DAI,240007527,2.3,3.27
2024-07-25,Aave,Optimism,4.01,USDC,257506723,1.92,4.62
2024-07-25,Aave,Optimism,3.2,DAI,235235035,1.64,4.45
2024-07-25,Aave,Polygon,4.55,USDC,226196561,0.83,3.06
2024-07-25,Aave,Polygon,4.08,USDT,226517640,0.83,2.54
2024-07-25,Aave,Polygon,3.87,DAI,241746821,0.95,2.38
2024-07-25,Aave,Base,4.19,USDC,230153034,1.16,4.77
2024-07-25,Aave,Base,3.8,USDT,240277897,1.48,4.6
2024-07-25,Aave,Base,3.87,DAI,286364346,1.34,4.84
2024-07-25,Compound,Ethereum,3.3,USDC,167956904,20.4,0
2024-07-25,Compound,Ethereum,3.2,USDT,160523383,11.66,0
2024-07-25,Compound,Arbitrum,4.12,USDC,167050946,2.74,5.8
2024-07-25,Compound,Arbitrum,3.93,USDT,176295842,2.59,3.65
2024-07-25,Compound,Arbitrum,3.75,DAI,171177754,2.43,4.72
2024-07-25,Compound,Optimism,3.66,USDC,166868681,2.26,3.44
2024-07-25,Compound,Optimism,3.72,USDT,182922483,1.35,2.83
2024-07-25,Compound,Optimism,3.76,DAI,182323783,1.89,4.5
2024-07-25,Compound,Polygon,4.14,USDC,166058655,0.87,3.38
2024-07-25,Compound,Polygon,4.06,DAI,163551431,1.09,3.7
2024-07-25,Compound,Base,3.8,USDC,160351745,1.44,3.12
2024-07-25,Compound,Base,3.7,USDT,177375139,1.42,3.51
2024-07-25,Compound,Base,4.2,DAI,177505552,0.99,4.89
2024-07-25,Curve,Ethereum,9.04,USDC,279213192,18.93,0
2024-07-25,Curve,Ethereum,6.5,USDT,319877695,23.21,0
2024-07-25,Curve,Ethereum,7.94,DAI,324216784,18.22,0
2024-07-25,Curve,Arbitrum,9.24,USDC,319067783,1.93,4.14
2024-07-25,Curve,Arbitrum,11.01,USDT,314213421,2.29,3.98
2024-07-25,Curve,Arbitrum,8.64,DAI,303361567,2.26,4.83
2024-07-25,Curve,Optimism,9.9,USDC,304952788,1.92,4.17
2024-07-25,Curve,Optimism,9.56,USDT,295007542,2.09,4.39
2024-07-25,Curve,Optimism,9.99,DAI,304308318,1.44,4.05
2024-07-25,Curve,Polygon,12.23,USDC,304269699,1.0,2.54
2024-07-25,Curve,Polygon,10.57,USDT,304142218,0.83,3.07
2024-07-25,Curve,Polygon,9.96,DAI,290359363,0.84,2.62
2024-07-25,Curve,Base,7.16,USDC,346548223,1.5,4.21
2024-07-25,Curve,Base,9.08,USDT,320033571,1.32,1.87
2024-07-25,Curve,Base,9.79,DAI,314697131,1.19,5.39
2024-07-25,Uniswap V3,Ethereum,7.02,USDC,95569474,18.95,0
2024-07-25,Uniswap V3,Ethereum,7.92,USDT,90305226,16.51,0
2024-07-25,Uniswap V3,Ethereum,9.13,DAI,94104647,15.66,0
2024-07-25,Uniswap V3,Arbitrum,9.19,USDC,91799261,2.47,5.08
2024-07-25,Uniswap V3,Arbitrum,11.03,USDT,93016427,2.03,6.12
2024-07-25,Uniswap V3,Arbitrum,10.76,DAI,91325605,2.77,4.67
2024-07-25,Uniswap V3,Optimism,13.43,USDC,93150569,2.03,3.75
2024-07-25,Uniswap V3,Optimism,10.61,USDT,87640441,2.33,5.11
2024-07-25,Uniswap V3,Optimism,11.84,DAI,90046434,2.57,4.27
2024-07-25,Uniswap V3,Polygon,13.74,USDC,91849884,0.61,3.62
2024-07-25,Uniswap V3,Polygon,12.11,USDT,85401891,0.91,4.01
2024-07-25,Uniswap V3,Polygon,10.39,DAI,98690111,1.0,3.25
2024-07-25,Uniswap V3,Base,11.52,USDC,88086985,1.51,3.51
2024-07-25,Uniswap V3,Base,10.31,DAI,89686523,1.72,4.37
2024-07-25,Yearn,Ethereum,3.97,USDC,110139679,19.56,0
2024-07-25,Yearn,Ethereum,4.14,USDT,118211471,20.82,0
2024-07-25,Yearn,Ethereum,3.94,DAI,114499213,20.04,0
2024-07-25,Yearn,Arbitrum,5.36,USDC,113061561,2.4,4.27
2024-07-25,Yearn,Arbitrum,5.03,USDT,126448142,1.78,6.5
2024-07-25,Yearn,Arbitrum,4.75,DAI,114096904,2.27,5.0
2024-07-25,Yearn,Optimism,4.72,USDC,118608530,2.13,3.77
2024-07-25,Yearn,Optimism,4.94,USDT,121633358,2.17,4.79
2024-07-25,Yearn,Optimism,4.94,DAI,113691385,1.75,3.56
2024-07-25,Yearn,Polygon,5.74,USDC,115569385,1.06,2.81
2024-07-25,Yearn,Polygon,5.03,USDT,107536229,0.89,4.09
2024-07-25,Yearn,Base,5.73,USDC,118036659,1.18,4.36
2024-07-25,Yearn,Base,5.23,DAI,126588357,1.59,3.51
2024-07-25,Pendle,Ethereum,13.98,USDC,62781006,20.12,0
2024-07-25,Pendle,Ethereum,11.88,USDT,71293381,19.82,0
2024-07-25,Pendle,Ethereum,10.75,DAI,74029454,15.69,0
2024-07-25,Pendle,Arbitrum,12.43,USDC,68923197,2.29,4.12
2024-07-25,Pendle,Arbitrum,17.31,USDT,69089371,2.23,5.04
2024-07-25,Pendle,Arbitrum,15.33,DAI,71834269,2.15,4.42
2024-07-25,Pendle,Optimism,14.72,USDC,67657308,1.39,3.79
2024-07-25,Pendle,Optimism,11.63,USDT,69289701,1.73,4.77
2024-07-25,Pendle,Optimism,16.3,DAI,68440655,2.08,3.68
2024-07-25,Pendle,Base,15.51,USDC,81826408,1.63,4.46
2024-07-25,Pendle,Base,18.37,USDT,75546789,1.54,4.81
2024-07-25,Pendle,Base,15.35,DAI,68887766,1.21,5.75
2024-07-25,Convex,Ethereum,5.91,USDC,131912145,17.98,0
2024-07-25,Convex,Ethereum,5.43,USDT,149426816,13.87,0
2024-07-25,Convex,Ethereum,6.05,DAI,148269510,17.33,0
2024-07-25,Balancer,Ethereum,9.01,USDC,97616236,16.12,0
2024-07-25,Balancer,Ethereum,8.37,USDT,93492360,17.16,0
2024-07-25,Balancer,Ethereum,8.22,DAI,101347819,14.15,0
2024-07-25,Balancer,Arbitrum,10.8,USDC,108906531,2.68,3.39
2024-07-25,Balancer,Arbitrum,9.76,USDT,102576673,2.97,4.75
2024-07-25,Balancer,Arbitrum,10.47,DAI,100141904,2.32,4.5
2024-07-25,Balancer,Optimism,11.33,USDC,101354878,1.73,4.97
2024-07-25,Balancer,Optimism,10.25,USDT,108444783,1.0,5.24
2024-07-25,Balancer,Optimism,9.42,DAI,102229703,1.49,3.23
2024-07-25,Balancer,Polygon,7.69,USDC,105695667,1.13,2.86
2024-07-25,Balancer,Polygon,10.31,USDT,98481670,1.13,3.42
2024-07-25,Balancer,Polygon,12.86,DAI,91749517,1.11,2.67
2024-07-25,Balancer,Base,11.26,USDC,105504837,1.35,3.87
2024-07-25,Balancer,Base,10.69,USDT,101214116,1.76,3.96
2024-07-25,Balancer,Base,7.76,DAI,112569069,1.52,4.12
2024-07-26,Aave,Ethereum,3.53,USDC,252921959,12.0,0
2024-07-26,Aave,Arbitrum,3.89,USDC,232712169,3.0,6.42
2024-07-26,Aave,Arbitrum,4.22,USDT,244184351,1.71,5.01
2024-07-26,Aave,Optimism,3.95,USDC,256009260,2.05,4.73
2024-07-26,Aave,Optimism,3.5,DAI,245852600,1.34,3.06
2024-07-26,Aave,Polygon,4.47,USDC,248648196,0.87,2.87
2024-07-26,Aave,Polygon,3.89,USDT,244307694,0.99,2.64
2024-07-26,Aave,Polygon,4.52,DAI,240588052,1.02,3.48
2024-07-26,Aave,Base,4.39,USDC,211944738,1.5,2.04
2024-07-26,Aave,Base,4.03,USDT,243557048,1.19,2.86
2024-07-26,Aave,Base,4.34,DAI,235922504,1.91,3.5
2024-07-26,Compound,Ethereum,3.09,USDC,171965204,22.42,0
2024-07-26,Compound,Ethereum,3.05,USDT,185854597,18.6,0
2024-07-26,Compound,Ethereum,3.42,DAI,168740684,18.34,0
2024-07-26,Compound,Arbitrum,3.79,USDC,176661003,3.17,6.98
2024-07-26,Compound,Arbitrum,3.86,USDT,174384485,2.72,5.01
2024-07-26,Compound,Arbitrum,3.76,DAI,178932971,2.03,6.08
2024-07-26,Compound,Optimism,3.8,USDC,164992537,2.51,3.15
2024-07-26,Compound,Optimism,3.76,USDT,168869425,1.91,3.5
2024-07-26,Compound,Polygon,3.81,USDC,175601890,0.78,3.19
2024-07-26,Compound,Polygon,4.17,USDT,175324594,1.0,3.1
2024-07-26,Compound,Polygon,3.98,DAI,177862318,0.89,3.22
2024-07-26,Compound,Base,3.65,USDC,172206906,1.21,4.99
2024-07-26,Compound,Base,3.64,DAI,166304230,1.39,4.09
2024-07-26,Curve,Ethereum,8.19,USDC,310344619,21.97,0
2024-07-26,Curve,Ethereum,6.04,USDT,333763852,16.37,0
2024-07-26,Curve,Arbitrum,7.41,USDC,306795882,2.81,4.15
2024-07-26,Curve,Arbitrum,8.53,USDT,314097328,2.1,3.6
2024-07-26,Curve,Arbitrum,11.38,DAI,297942004,2.53,6.15
2024-07-26,Curve,Optimism,9.88,USDT,273884564,1.61,5.52
2024-07-26,Curve,Optimism,10.03,DAI,307575914,2.15,5.06
2024-07-26,Curve,Polygon,7.9,USDC,301406712,0.88,2.42
2024-07-26,Curve,Polygon,10.85,USDT,315680109,0.95,3.35
2024-07-26,Curve,Polygon,10.74,DAI,331685232,0.86,4.09
2024-07-26,Curve,Base,8.44,USDC,264573125,1.82,5.8
2024-07-26,Curve,Base,7.99,USDT,314694485,1.61,4.01
2024-07-26,Curve,Base,9.92,DAI,321773627,1.52,3.74
2024-07-26,Uniswap V3,Ethereum,8.93,USDC,89111851,11.05,0
2024-07-26,Uniswap V3,Ethereum,9.2,USDT,95950272,16.15,0
2024-07-26,Uniswap V3,Ethereum,7.54,DAI,93793580,18.95,0
2024-07-26,Uniswap V3,Arbitrum,10.74,USDT,88865129,2.37,4.09
2024-07-26,Uniswap V3,Arbitrum,11.14,DAI,97492546,2.69,2.65
2024-07-26,Uniswap V3,Optimism,10.44,USDC,102210735,2.19,4.26
2024-07-26,Uniswap V3,Optimism,12.03,USDT,95567665,2.17,4.75
2024-07-26,Uniswap V3,Optimism,9.8,DAI,84132240,2.03,4.76
2024-07-26,Uniswap V3,Polygon,12.83,USDC,86461586,1.01,2.41
2024-07-26,Uniswap V3,Polygon,11.53,USDT,95297345,0.77,2.84
2024-07-26,Uniswap V3,Polygon,10.4,DAI,97443192,1.05,2.85
2024-07-26,Uniswap V3,Base,9.12,USDC,96673098,1.68,4.48
2024-07-26,Uniswap V3,Base,8.9,USDT,95480774,1.43,2.91
2024-07-26,Uniswap V3,Base,9.82,DAI,92564903,1.13,3.01
2024-07-26,Yearn,Ethereum,4.42,USDC,102887786,18.24,0
2024-07-26,Yearn,Ethereum,3.81,USDT,114144711,15.59,0
2024-07-26,Yearn,Ethereum,3.87,DAI,110849485,20.5,0
2024-07-26,Yearn,Arbitrum,5.16,USDC,106597521,1.7,4.19
2024-07-26,Yearn,Arbitrum,5.66,USDT,124108895,2.31,5.59
2024-07-26,Yearn,Arbitrum,4.87,DAI,120967310,3.05,5.86
2024-07-26,Yearn,Optimism,4.68,USDC,113590516,2.12,4.22
2024-07-26,Yearn,Optimism,4.27,USDT,121067390,1.46,4.6
2024-07-26,Yearn,Optimism,5.12,DAI,120257318,2.28,3.13
2024-07-26,Yearn,Polygon,5.64,USDC,116112857,1.04,3.51
2024-07-26,Yearn,Polygon,5.3,USDT,113745213,0.86,2.43
2024-07-26,Yearn,Polygon,4.37,DAI,115252996,1.22,4.67
2024-07-26,Yearn,Base,5.65,USDT,96983871,1.57,3.94
2024-07-26,Yearn,Base,5.26,DAI,124169842,1.57,3.51
2024-07-26,Pendle,Ethereum,11.43,USDC,72240363,17.73,0
2024-07-26,Pendle,Ethereum,10.26,USDT,69193642,13.98,0
2024-07-26,Pendle,Ethereum,13.17,DAI,73804368,15.61,0
2024-07-26,Pendle,Arbitrum,14.38,USDC,69967018,2.17,3.52
2024-07-26,Pendle,Arbitrum,16.19,USDT,69126028,2.5,4.49
2024-07-26,Pendle,Arbitrum,16.02,DAI,76365486,2.75,6.62
2024-07-26,Pendle,Optimism,17.75,USDC,67990784,1.44,3.6
2024-07-26,Pendle,Optimism,9.68,USDT,69124196,2.29,4.38
2024-07-26,Pendle,Base,13.13,USDC,75093573,1.16,4.33
2024-07-26,Pendle,Base,13.8,USDT,72635324,0.9,4.93
2024-07-26,Pendle,Base,11.99,DAI,68107449,1.64,3.63
2024-07-26,Convex,Ethereum,4.32,USDC,154922791,20.73,0
2024-07-26,Convex,Ethereum,6.1,USDT,142377336,20.08,0
2024-07-26,Convex,Ethereum,5.09,DAI,139830983,19.68,0
2024-07-26,Balancer,Ethereum,7.28,USDC,115740018,18.24,0
2024-07-26,Balancer,Ethereum,8.35,USDT,112014335,17.49,0
2024-07-26,Balancer,Arbitrum,11.98,USDC,107317850,1.9,5.33
2024-07-26,Balancer,Arbitrum,10.97,USDT,102953830,2.3,5.55
2024-07-26,Balancer,Arbitrum,8.88,DAI,102060519,2.0,4.85
2024-07-26,Balancer,Optimism,8.66,USDC,96091871,1.77,3.57
2024-07-26,Balancer,Optimism,9.89,USDT,104481354,2.15,4.17
2024-07-26,Balancer,Optimism,11.36,DAI,114884572,2.0,4.15
2024-07-26,Balancer,Polygon,9.62,USDC,110775303,0.93,3.42
2024-07-26,Balancer,Polygon,10.43,DAI,106369253,0.88,3.15
2024-07-26,Balancer,Base,9.08,USDC,117652264,1.22,4.5
2024-07-26,Balancer,Base,11.76,USDT,98470682,1.29,3.16
2024-07-26,Balancer,Base,10.78,DAI,108396503,1.86,4.03
2024-07-27,Aave,Ethereum,3.05,USDC,255082263,12.18,0
2024-07-27,Aave,Ethereum,3.33,USDT,232483492,11.78,0
2024-07-27,Aave,Ethereum,3.13,DAI,244284467,11.25,0
2024-07-27,Aave,Arbitrum,3.98,USDC,235589191,2.04,5.15
2024-07-27,Aave,Arbitrum,4.09,USDT,249421360,1.28,4.19
2024-07-27,Aave,Arbitrum,4.02,DAI,238933218,1.59,3.33
2024-07-27,Aave,Optimism,3.45,USDC,253791133,1.15,2.3
2024-07-27,Aave,Optimism,3.71,USDT,240470481,1.39,3.92
2024-07-27,Aave,Optimism,4.15,DAI,274014131,1.38,4.09
2024-07-27,Aave,Polygon,3.94,USDC,244849640,0.62,3.03
2024-07-27,Aave,Polygon,3.87,USDT,256414963,0.73,2.21
2024-07-27,Aave,Polygon,4.34,DAI,222392439,0.66,3.03
2024-07-27,Aave,Base,3.9,USDC,265570731,1.0,3.62
2024-07-27,Aave,Base,3.65,USDT,215346927,1.08,6.32
2024-07-27,Compound,Ethereum,3.31,USDC,182803079,13.12,0
2024-07-27,Compound,Ethereum,2.92,USDT,183266025,14.19,0
2024-07-27,Compound,Ethereum,3.02,DAI,174233795,14.73,0
2024-07-27,Compound,Arbitrum,3.76,USDC,191674204,1.59,4.42
2024-07-27,Compound,Arbitrum,3.72,USDT,176773168,1.5,4.83
2024-07-27,Compound,Arbitrum,3.59,DAI,165982984,1.4,4.66
2024-07-27,Compound,Optimism,3.76,USDC,181537789,1.53,3.09
2024-07-27,Compound,Optimism,3.27,USDT,167506309,1.1,4.11
2024-07-27,Compound,Optimism,3.68,DAI,158326839,1.29,5.04
2024-07-27,Compound,Polygon,3.69,USDC,174352525,0.67,2.32
2024-07-27,Compound,Polygon,3.8,USDT,182193044,0.68,3.96
2024-07-27,Compound,Base,4.01,USDC,175608992,0.65,3.06
2024-07-27,Compound,Base,3.61,USDT,179077106,1.02,4.02
2024-07-27,Compound,Base,3.76,DAI,184769763,1.01,3.96
2024-07-27,Curve,Ethereum,9.35,USDC,326441986,11.77,0
2024-07-27,Curve,Ethereum,7.38,USDT,345361514,12.69,0
2024-07-27,Curve,Arbitrum,8.49,USDC,300368052,2.27,4.02
2024-07-27,Curve,Arbitrum,7.61,DAI,320535389,1.27,6.45
2024-07-27,Curve,Optimism,9.8,USDT,343168389,0.88,4.29
2024-07-27,Curve,Optimism,11.23,DAI,322297672,1.16,4.63
2024-07-27,Curve,Polygon,9.7,USDC,315576921,0.69,3.54
2024-07-27,Curve,Polygon,9.88,DAI,315956727,0.67,1.95
2024-07-27,Curve,Base,8.6,USDC,307827052,0.93,4.31
2024-07-27,Curve,Base,7.49,USDT,329988451,1.21,5.25
2024-07-27,Curve,Base,9.75,DAI,289868459,0.9,4.6
2024-07-27,Uniswap V3,Ethereum,10.41,USDC,88507792,11.97,0
2024-07-27,Uniswap V3,Ethereum,9.07,USDT,92792645,13.84,0
2024-07-27,Uniswap V3,Ethereum,7.67,DAI,88639137,10.75,0
2024-07-27,Uniswap V3,Arbitrum,8.86,USDC,93092779,1.49,3.74
2024-07-27,Uniswap V3,Arbitrum,10.31,USDT,96221297,1.43,4.96
2024-07-27,Uniswap V3,Arbitrum,7.53,DAI,92663291,1.69,4.23
2024-07-27,Uniswap V3,Optimism,11.61,USDC,103346877,0.97,3.9
2024-07-27,Uniswap V3,Optimism,7.19,USDT,94332255,1.15,4.17
2024-07-27,Uniswap V3,Optimism,9.96,DAI,89620411,1.32,2.75
2024-07-27,Uniswap V3,Polygon,11.13,USDC,98593252,0.36,2.92
2024-07-27,Uniswap V3,Polygon,9.8,USDT,89393976,0.5,2.95
2024-07-27,Uniswap V3,Polygon,11.28,DAI,93578900,0.6,4.07
2024-07-27,Uniswap V3,Base,9.96,USDC,95705399,0.88,4.48
2024-07-27,Uniswap V3,Base,11.16,USDT,92302173,0.81,3.03
2024-07-27,Uniswap V3,Base,11.61,DAI,86772400,1.07,3.55
2024-07-27,Yearn,Ethereum,4.23,USDC,118831479,12.08,0
2024-07-27,Yearn,Ethereum,4.14,USDT,120697901,12.74,0
2024-07-27,Yearn,Ethereum,4.03,DAI,126742861,13.27,0
2024-07-27,Yearn,Arbitrum,5.12,USDC,110510236,1.52,4.38
2024-07-27,Yearn,Arbitrum,5.24,USDT,111646556,1.52,3.61
2024-07-27,Yearn,Optimism,4.56,USDC,116589456,0.88,3.08
2024-07-27,Yearn,Optimism,4.92,USDT,120538826,1.47,2.18
2024-07-27,Yearn,Polygon,4.93,USDC,113904252,0.52,2.32
2024-07-27,Yearn,Polygon,5.59,USDT,118107780,0.51,1.94
2024-07-27,Yearn,Polygon,5.45,DAI,103004832,0.58,2.93
2024-07-27,Yearn,Base,4.84,USDC,132991225,0.98,4.13
2024-07-27,Yearn,Base,4.9,DAI,116701115,1.0,2.49
2024-07-27,Pendle,Ethereum,11.33,USDC,68395184,5.72,0
2024-07-27,Pendle,Ethereum,12.81,USDT,71282557,11.7,0
2024-07-27,Pendle,Ethereum,12.04,DAI,73904341,11.91,0
2024-07-27,Pendle,Arbitrum,15.08,USDC,72719907,1.71,4.07
2024-07-27,Pendle,Arbitrum,13.12,USDT,71452312,1.55,5.49
2024-07-27,Pendle,Arbitrum,11.83,DAI,77099081,1.3,5.52
2024-07-27,Pendle,Optimism,12.66,USDC,76730046,1.33,2.94
2024-07-27,Pendle,Optimism,8.03,USDT,65762075,1.42,4.77
2024-07-27,Pendle,Optimism,11.96,DAI,73359951,1.29,4.77
2024-07-27,Pendle,Base,14.6,USDC,70167258,0.92,3.62
2024-07-27,Pendle,Base,14.01,USDT,68764089,0.99,3.66
2024-07-27,Pendle,Base,12.16,DAI,67402258,0.95,4.35
2024-07-27,Convex,Ethereum,5.42,USDC,155641784,13.63,0
2024-07-27,Convex,Ethereum,5.69,USDT,147014830,9.18,0
2024-07-27,Convex,Ethereum,6.27,DAI,142653743,11.82,0
2024-07-27,Balancer,Ethereum,8.94,USDC,110795019,10.6,0
2024-07-27,Balancer,Ethereum,8.35,USDT,105560405,13.18,0
2024-07-27,Balancer,Ethereum,8.17,DAI,115069826,9.24,0
2024-07-27,Balancer,Arbitrum,10.86,USDC,106133666,1.75,4.65
2024-07-27,Balancer,Arbitrum,10.62,USDT,113472719,1.64,4.51
2024-07-27,Balancer,Arbitrum,9.93,DAI,111717255,1.56,4.01
2024-07-27,Balancer,Optimism,11.93,USDC,106205481,1.31,3.51
2024-07-27,Balancer,Optimism,10.52,USDT,104880217,1.19,3.79
2024-07-27,Balancer,Optimism,10.05,DAI,101019571,1.29,3.9
2024-07-27,Balancer,Polygon,9.33,USDC,113064977,0.67,2.87
2024-07-27,Balancer,Polygon,10.52,USDT,106505337,0.67,1.89
2024-07-27,Balancer,Polygon,10.05,DAI,105093477,0.51,2.87
2024-07-27,Balancer,Base,8.95,USDC,96792093,1.08,4.24
2024-07-27,Balancer,Base,9.87,USDT,109371403,0.96,4.04
2024-07-28,Aave,Ethereum,3.31,USDC,255413170,12.52,0
2024-07-28,Aave,Ethereum,3.21,USDT,237730398,12.76,0
2024-07-28,Aave,Ethereum,3.04,DAI,252206740,12.09,0
2024-07-28,Aave,Arbitrum,4.02,USDC,230145899,1.59,4.69
2024-07-28,Aave,Arbitrum,4.27,USDT,253537060,1.26,3.43
2024-07-28,Aave,Arbitrum,3.95,DAI,254296713,1.67,3.75
2024-07-28,Aave,Optimism,3.9,USDC,219759079,1.11,2.73
2024-07-28,Aave,Optimism,4.08,USDT,248896113,0.98,3.25
2024-07-28,Aave,Optimism,3.96,DAI,248058538,1.11,3.95
2024-07-28,Aave,Polygon,3.94,USDC,243102965,0.59,2.68
2024-07-28,Aave,Polygon,4.1,USDT,268569501,0.68,2.84
2024-07-28,Aave,Polygon,4.17,DAI,256518060,0.74,2.53
2024-07-28,Aave,Base,3.61,USDC,241746929,0.93,4.18
2024-07-28,Aave,Base,3.82,USDT,247566292,0.87,3.77
2024-07-28,Aave,Base,4.19,DAI,250468541,0.97,4.52
2024-07-28,Compound,Ethereum,3.06,USDC,191891674,10.57,0
2024-07-28,Compound,Ethereum,3.31,USDT,173193354,14.32,0
2024-07-28,Compound,Arbitrum,4.02,USDC,179414557,1.47,6.56
2024-07-28,Compound,Arbitrum,4.04,USDT,178848833,1.48,4.65
2024-07-28,Compound,Arbitrum,3.6,DAI,186080551,1.68,4.28
2024-07-28,Compound,Optimism,3.54,USDC,173219285,1.61,4.36
2024-07-28,Compound,Optimism,3.66,USDT,174346068,1.04,4.93
2024-07-28,Compound,Optimism,3.33,DAI,193918279,1.14,4.45
2024-07-28,Compound,Polygon,3.81,USDT,180936660,0.65,2.03
2024-07-28,Compound,Polygon,4.12,DAI,188150312,0.49,2.15
2024-07-28,Compound,Base,3.8,USDC,181406881,0.82,3.25
2024-07-28,Compound,Base,3.59,USDT,185979268,0.88,4.42
2024-07-28,Compound,Base,3.54,DAI,192455473,1.16,5.84
2024-07-28,Curve,Ethereum,9.56,USDC,313355889,14.58,0
2024-07-28,Curve,Ethereum,9.33,DAI,313638275,13.15,0
2024-07-28,Curve,Arbitrum,10.98,USDC,321446248,1.71,5.24
2024-07-28,Curve,Arbitrum,9.97,USDT,333724912,1.68,5.61
2024-07-28,Curve,Arbitrum,10.27,DAI,328695704,1.27,6.04
2024-07-28,Curve,Optimism,9.9,USDC,290010229,1.07,2.76
2024-07-28,Curve,Optimism,7.12,DAI,303221900,1.11,4.72
2024-07-28,Curve,Polygon,8.46,USDC,331253252,0.63,3.12
2024-07-28,Curve,Polygon,8.68,USDT,297356538,0.85,2.56
2024-07-28,Curve,Polygon,12.67,DAI,314502847,0.73,3.4
2024-07-28,Curve,Base,10.11,USDC,311415807,1.08,2.93
2024-07-28,Curve,Base,8.97,USDT,335339451,0.97,4.57
2024-07-28,Curve,Base,8.87,DAI,347028855,1.15,2.97
2024-07-28,Uniswap V3,Ethereum,7.89,USDC,96049188,13.35,0
2024-07-28,Uniswap V3,Ethereum,7.68,DAI,93210317,11.77,0
2024-07-28,Uniswap V3,Arbitrum,13.06,USDC,97843013,1.62,4.58
2024-07-28,Uniswap V3,Arbitrum,11.94,DAI,90898960,1.81,4.52
2024-07-28,Uniswap V3,Optimism,10.51,USDC,87586251,1.28,3.75
2024-07-28,Uniswap V3,Optimism,13.23,USDT,89827592,1.6,4.44
2024-07-28,Uniswap V3,Optimism,9.84,DAI,104427406,1.49,4.53
2024-07-28,Uniswap V3,Polygon,11.28,USDC,97386699,0.63,2.62
2024-07-28,Uniswap V3,Polygon,11.05,USDT,92915285,0.6,2.79
2024-07-28,Uniswap V3,Polygon,12.22,DAI,91959045,0.56,3.78
2024-07-28,Uniswap V3,Base,10.52,USDC,97332312,0.98,3.1
2024-07-28,Uniswap V3,Base,7.35,USDT,96740315,1.04,4.61
2024-07-28,Uniswap V3,Base,12.13,DAI,87308074,0.87,4.62
2024-07-28,Yearn,Ethereum,3.77,USDC,119603602,13.43,0
2024-07-28,Yearn,Ethereum,3.84,USDT,113029448,10.72,0
2024-07-28,Yearn,Arbitrum,5.58,USDC,113646150,1.98,5.01
2024-07-28,Yearn,Arbitrum,4.84,USDT,118359379,1.55,7.21
2024-07-28,Yearn,Optimism,5.15,USDT,109620068,0.9,3.18
2024-07-28,Yearn,Optimism,4.63,DAI,121094101,1.32,5.95
2024-07-28,Yearn,Polygon,5.27,USDC,131703404,0.59,3.68
2024-07-28,Yearn,Polygon,5.19,USDT,117988445,0.71,3.8
2024-07-28,Yearn,Polygon,4.2,DAI,127464834,0.68,2.62
2024-07-28,Yearn,Base,4.86,USDC,103774074,0.79,3.51
2024-07-28,Yearn,Base,4.83,USDT,122341064,1.07,3.0
2024-07-28,Pendle,Ethereum,11.71,USDC,71738218,11.52,0
2024-07-28,Pendle,Ethereum,9.73,USDT,73056587,12.93,0
2024-07-28,Pendle,Ethereum,14.12,DAI,77083665,13.33,0
2024-07-28,Pendle,Arbitrum,11.54,USDC,74990408,1.06,4.02
2024-07-28,Pendle,Arbitrum,12.65,DAI,81170619,1.52,5.08
2024-07-28,Pendle,Optimism,15.53,USDC,83079965,1.24,3.12
2024-07-28,Pendle,Optimism,14.68,USDT,74552143,1.23,3.99
2024-07-28,Pendle,Optimism,11.81,DAI,69139615,1.27,5.09
2024-07-28,Pendle,Base,14.57,USDC,73184803,0.83,3.49
2024-07-28,Pendle,Base,12.66,USDT,79163434,0.8,4.1
2024-07-28,Pendle,Base,13.85,DAI,79454531,1.27,2.43
2024-07-28,Convex,Ethereum,5.74,USDT,148787511,9.09,0
2024-07-28,Convex,Ethereum,6.92,DAI,148210163,10.12,0
2024-07-28,Balancer,Ethereum,7.12,USDC,119570181,9.41,0
2024-07-28,Balancer,Ethereum,7.82,USDT,111014728,12.27,0
2024-07-28,Balancer,Ethereum,8.93,DAI,107367911,14.27,0
2024-07-28,Balancer,Arbitrum,8.87,USDC,109935798,1.9,6.93
2024-07-28,Balancer,Arbitrum,9.49,USDT,115583894,1.57,5.86
2024-07-28,Balancer,Arbitrum,8.7,DAI,121647074,2.19,4.39
2024-07-28,Balancer,Optimism,9.23,USDC,112642593,1.04,5.37
2024-07-28,Balancer,Optimism,8.86,USDT,104409628,1.24,4.19
2024-07-28,Balancer,Optimism,8.78,DAI,110197238,1.09,3.24
2024-07-28,Balancer,Polygon,12.99,USDC,110657154,0.73,3.38
2024-07-28,Balancer,Polygon,10.34,USDT,109009846,0.65,3.28
2024-07-28,Balancer,Polygon,11.84,DAI,117522950,0.67,3.34
2024-07-28,Balancer,Base,9.37,USDC,107503121,0.81,4.65
2024-07-28,Balancer,Base,7.59,USDT,104768713,1.04,3.91
2024-07-28,Balancer,Base,9.7,DAI,103837036,0.89,1.8
2024-07-29,Aave,Ethereum,3.63,USDT,232795317,20.04,0
2024-07-29,Aave,Arbitrum,4.2,USDC,254330597,2.37,6.14
2024-07-29,Aave,Arbitrum,3.47,USDT,258281556,2.74,4.93
2024-07-29,Aave,Optimism,3.82,USDC,267225367,1.99,4.56
2024-07-29,Aave,Optimism,4.16,USDT,243360081,1.59,3.6
2024-07-29,Aave,Optimism,3.65,DAI,258743360,1.74,4.36
2024-07-29,Aave,Polygon,4.43,USDC,256224691,1.16,3.32
2024-07-29,Aave,Polygon,4.5,USDT,257140236,0.78,3.36
2024-07-29,Aave,Polygon,4.41,DAI,255114081,1.02,2.95
2024-07-29,Aave,Base,4.14,USDC,250132736,1.69,4.38
2024-07-29,Aave,Base,4.04,USDT,269408660,1.68,3.59
2024-07-29,Aave,Base,4.16,DAI,249829614,1.41,3.95
2024-07-29,Compound,Ethereum,3.38,USDC,177823844,17.42,0
2024-07-29,Compound,Ethereum,3.18,USDT,190505563,18.34,0
2024-07-29,Compound,Ethereum,3.04,DAI,182723257,13.82,0
2024-07-29,Compound,Arbitrum,3.6,USDC,178688438,2.99,4.68
2024-07-29,Compound,Arbitrum,3.86,USDT,182610149,2.16,4.55
2024-07-29,Compound,Optimism,3.77,USDT,186097372,1.53,3.9
2024-07-29,Compound,Optimism,3.85,DAI,176425672,1.46,4.66
2024-07-29,Compound,Polygon,4.33,USDC,181465639,0.99,2.94
2024-07-29,Compound,Polygon,3.88,USDT,179088901,0.65,3.72
2024-07-29,Compound,Polygon,4.12,DAI,183560490,1.09,3.31
2024-07-29,Compound,Base,3.97,USDC,172187862,1.7,4.94
2024-07-29,Compound,Base,3.99,USDT,180805473,1.29,2.89
2024-07-29,Compound,Base,3.75,DAI,176699679,1.52,2.59
2024-07-29,Curve,Ethereum,8.94,USDC,324256801,19.88,0
2024-07-29,Curve,Ethereum,8.45,USDT,348478964,19.84,0
2024-07-29,Curve,Ethereum,10.45,DAI,326036983,20.54,0
2024-07-29,Curve,Arbitrum,9.99,USDT,299282073,2.83,5.29
2024-07-29,Curve,Arbitrum,7.85,DAI,309234489,2.57,5.96
2024-07-29,Curve,Optimism,6.4,USDT,308367617,1.86,3.57
2024-07-29,Curve,Optimism,7.81,DAI,317784234,2.07,2.62
2024-07-29,Curve,Polygon,10.35,USDC,334571514,1.23,2.84
2024-07-29,Curve,Polygon,9.07,USDT,330487767,1.14,3.57
2024-07-29,Curve,Base,9.04,USDC,315947464,1.54,3.76
2024-07-29,Curve,Base,8.07,USDT,350053441,1.29,4.16
2024-07-29,Curve,Base,9.36,DAI,278820021,1.95,5.44
2024-07-29,Uniswap V3,Ethereum,8.58,USDC,91953128,17.91,0
2024-07-29,Uniswap V3,Ethereum,9.04,USDT,104737302,17.27,0
2024-07-29,Uniswap V3,Ethereum,10.67,DAI,98324680,17.14,0
2024-07-29,Uniswap V3,Arbitrum,11.37,USDC,93418514,2.6,4.67
2024-07-29,Uniswap V3,Arbitrum,13.59,USDT,103097093,3.16,4.63
2024-07-29,Uniswap V3,Arbitrum,12.24,DAI,101136857,2.39,8.04
2024-07-29,Uniswap V3,Optimism,11.09,USDC,96345326,1.56,3.03
2024-07-29,Uniswap V3,Optimism,8.62,USDT,101658371,1.54,4.84
2024-07-29,Uniswap V3,Optimism,9.8,DAI,93970058,1.44,4.23
2024-07-29,Uniswap V3,Polygon,9.38,USDC,98417834,1.12,3.62
2024-07-29,Uniswap V3,Polygon,11.88,USDT,95406700,1.0,2.43
2024-07-29,Uniswap V3,Polygon,11.08,DAI,91686270,1.01,2.92
2024-07-29,Uniswap V3,Base,11.1,USDC,106005244,1.31,4.44
2024-07-29,Uniswap V3,Base,9.1,USDT,93386570,1.35,3.71
2024-07-29,Uniswap V3,Base,14.58,DAI,96395529,1.46,5.36
2024-07-29,Yearn,Ethereum,3.71,USDC,121682411,19.73,0
2024-07-29,Yearn,Ethereum,4.04,USDT,113599376,16.23,0
2024-07-29,Yearn,Ethereum,3.7,DAI,112292263,17.77,0
2024-07-29,Yearn,Arbitrum,4.92,USDC,118354215,1.47,5.52
2024-07-29,Yearn,Arbitrum,4.9,USDT,119168192,2.48,5.77
2024-07-29,Yearn,Arbitrum,4.63,DAI,127286433,2.32,6.86
2024-07-29,Yearn,Optimism,5.1,USDC,126334945,1.93,4.44
2024-07-29,Yearn,Optimism,4.7,USDT,128602837,1.85,4.48
2024-07-29,Yearn,Optimism,5.4,DAI,120747887,1.55,2.33
2024-07-29,Yearn,Polygon,5.41,USDC,115646220,1.04,2.89
2024-07-29,Yearn,Polygon,5.52,USDT,127855194,0.76,3.08
2024-07-29,Yearn,Polygon,5.07,DAI,126321762,1.07,3.88
2024-07-29,Yearn,Base,5.37,USDC,118175833,1.45,2.96
2024-07-29,Yearn,Base,4.35,USDT,115292546,1.52,2.5
2024-07-29,Yearn,Base,4.74,DAI,123832743,1.45,2.49
2024-07-29,Pendle,Ethereum,15.3,USDC,72343616,15.6,0
2024-07-29,Pendle,Ethereum,9.65,DAI,73497028,18.48,0
2024-07-29,Pendle,Arbitrum,10.9,USDC,82588166,2.86,5.37
2024-07-29,Pendle,Arbitrum,13.56,USDT,76004133,2.43,3.99
2024-07-29,Pendle,Arbitrum,12.21,DAI,81823441,2.18,6.72
2024-07-29,Pendle,Optimism,12.53,USDC,73801876,1.44,3.18
2024-07-29,Pendle,Optimism,10.44,USDT,78751721,2.48,4.49
2024-07-29,Pendle,Optimism,11.79,DAI,78189702,1.31,4.1
2024-07-29,Pendle,Base,12.6,USDC,84374945,1.37,5.15
2024-07-29,Pendle,Base,14.18,USDT,72567338,1.68,3.76
2024-07-29,Pendle,Base,18.17,DAI,71745946,1.21,4.34
2024-07-29,Convex,Ethereum,5.61,USDT,151713858,19.88,0
2024-07-29,Convex,Ethereum,5.25,DAI,149110982,19.38,0
2024-07-29,Balancer,Ethereum,8.2,USDC,111348342,21.67,0
2024-07-29,Balancer,Ethereum,7.32,USDT,108692877,15.74,0
2024-07-29,Balancer,Arbitrum,11.24,USDC,113381454,2.43,3.27
2024-07-29,Balancer,Arbitrum,9.56,DAI,122447717,2.15,5.12
2024-07-29,Balancer,Optimism,8.66,USDC,119186578,2.2,3.8
2024-07-29,Balancer,Optimism,9.07,USDT,107206004,1.66,4.13
2024-07-29,Balancer,Optimism,9.43,DAI,115002977,2.12,3.13
2024-07-29,Balancer,Polygon,10.6,USDC,113758898,1.07,3.26
2024-07-29,Balancer,Polygon,8.23,USDT,119277057,1.09,3.37
2024-07-29,Balancer,Polygon,11.48,DAI,119357832,1.22,3.2
2024-07-29,Balancer,Base,10.84,USDC,113652488,1.54,3.44
2024-07-29,Balancer,Base,10.09,DAI,118090239,1.44,2.7
2024-07-30,Aave,Ethereum,3.67,USDC,230729977,17.82,0
2024-07-30,Aave,Ethereum,3.37,USDT,267804646,13.0,0
2024-07-30,Aave,Ethereum,3.55,DAI,270904573,16.01,0
2024-07-30,Aave,Arbitrum,4.36,USDC,255205764,1.78,5.28
2024-07-30,Aave,Arbitrum,3.94,USDT,276945465,2.64,5.6
2024-07-30,Aave,Arbitrum,4.23,DAI,254351088,2.76,5.18
2024-07-30,Aave,Optimism,3.69,USDC,275266983,1.97,4.75
2024-07-30,Aave,Optimism,4.0,USDT,259698807,2.17,2.95
2024-07-30,Aave,Optimism,3.54,DAI,247538631,1.95,3.76
2024-07-30,Aave,Polygon,4.12,USDT,259025864,1.02,2.79
2024-07-30,Aave,Polygon,3.87,DAI,276604892,0.91,2.42
2024-07-30,Aave,Base,4.13,USDC,253608172,1.55,3.32
2024-07-30,Aave,Base,4.33,USDT,271838734,1.92,4.79
2024-07-30,Aave,Base,3.93,DAI,252371871,1.47,4.47
2024-07-30,Compound,Ethereum,3.16,USDC,199701611,14.07,0
2024-07-30,Compound,Ethereum,3.29,USDT,197832141,15.86,0
2024-07-30,Compound,Ethereum,3.15,DAI,202941525,22.42,0
2024-07-30,Compound,Arbitrum,3.71,USDT,184415613,2.32,6.21
2024-07-30,Compound,Arbitrum,3.84,DAI,179012325,2.44,4.23
2024-07-30,Compound,Optimism,3.9,USDC,184070126,1.32,3.37
2024-07-30,Compound,Optimism,3.39,USDT,184552644,1.5,3.68
2024-07-30,Compound,Optimism,3.93,DAI,194744297,1.55,3.87
2024-07-30,Compound,Polygon,3.86,USDC,183610655,1.03,2.87
2024-07-30,Compound,Polygon,4.25,USDT,189056199,0.72,3.23
2024-07-30,Compound,Polygon,4.15,DAI,169957138,1.04,3.5
2024-07-30,Compound,Base,3.94,USDC,181766943,1.58,4.23
2024-07-30,Compound,Base,3.62,USDT,180840815,1.56,4.68
2024-07-30,Compound,Base,3.82,DAI,190056181,1.47,4.0
2024-07-30,Curve,Ethereum,8.3,USDC,319297640,20.68,0
2024-07-30,Curve,Ethereum,10.01,USDT,315391234,14.37,0
2024-07-30,Curve,Ethereum,6.83,DAI,339808476,17.78,0
2024-07-30,Curve,Arbitrum,9.68,USDT,327965173,2.05,5.1
2024-07-30,Curve,Arbitrum,8.62,DAI,330370565,1.77,4.98
2024-07-30,Curve,Optimism,8.95,USDC,319167636,1.89,5.05
2024-07-30,Curve,Optimism,7.51,USDT,329078830,1.73,3.85
2024-07-30,Curve,Optimism,9.15,DAI,334313611,1.49,4.3
2024-07-30,Curve,Polygon,9.69,USDC,345638158,0.92,2.61
2024-07-30,Curve,Polygon,11.12,USDT,330146552,0.85,3.23
2024-07-30,Curve,Polygon,9.4,DAI,341124758,0.69,3.28
2024-07-30,Curve,Base,11.12,USDC,331054680,1.28,3.87
2024-07-30,Curve,Base,9.0,USDT,310063407,1.4,3.79
2024-07-30,Curve,Base,8.74,DAI,317080683,1.35,5.05
2024-07-30,Uniswap V3,Ethereum,7.96,USDC,102113963,17.89,0
2024-07-30,Uniswap V3,Ethereum,8.15,USDT,97057886,16.58,0
2024-07-30,Uniswap V3,Ethereum,8.47,DAI,96966138,17.22,0
2024-07-30,Uniswap V3,Arbitrum,11.36,USDC,90353532,2.13,4.29
2024-07-30,Uniswap V3,Arbitrum,9.41,USDT,96938550,2.5,5.07
2024-07-30,Uniswap V3,Arbitrum,8.43,DAI,100582278,2.18,5.23
2024-07-30,Uniswap V3,Optimism,9.35,USDC,92791060,1.8,4.47
2024-07-30,Uniswap V3,Optimism,10.72,USDT,97539754,1.89,4.95
2024-07-30,Uniswap V3,Optimism,10.83,DAI,98422748,1.63,4.86
2024-07-30,Uniswap V3,Polygon,13.42,USDC,92727338,1.06,2.82
2024-07-30,Uniswap V3,Polygon,11.81,USDT,94855182,0.88,3.23
2024-07-30,Uniswap V3,Polygon,11.17,DAI,97386969,1.03,2.98
2024-07-30,Uniswap V3,Base,8.29,USDC,95411327,1.62,3.62
2024-07-30,Uniswap V3,Base,10.06,USDT,98748633,1.94,3.53
2024-07-30,Uniswap V3,Base,11.28,DAI,97254290,1.83,3.56
2024-07-30,Yearn,Ethereum,4.04,USDT,128187501,24.97,0
2024-07-30,Yearn,Ethereum,4.46,DAI,130365529,15.45,0
2024-07-30,Yearn,Arbitrum,5.26,USDT,114177840,1.98,4.11
2024-07-30,Yearn,Arbitrum,5.21,DAI,111925323,2.04,4.09
2024-07-30,Yearn,Optimism,4.75,USDC,128811862,1.54,4.3
2024-07-30,Yearn,Optimism,5.38,USDT,127133487,1.66,4.65
2024-07-30,Yearn,Optimism,4.62,DAI,130325987,1.51,3.38
2024-07-30,Yearn,Polygon,4.96,USDC,134725919,0.9,2.85
2024-07-30,Yearn,Polygon,5.39,USDT,134981699,1.04,2.54
2024-07-30,Yearn,Polygon,4.8,DAI,124509195,1.03,2.27
2024-07-30,Yearn,Base,4.81,USDC,134350660,1.88,5.01
2024-07-30,Yearn,Base,5.12,USDT,130813320,1.32,3.32
2024-07-30,Yearn,Base,4.86,DAI,129279856,1.51,2.83
2024-07-30,Pendle,Ethereum,11.81,USDC,73946258,18.61,0
2024-07-30,Pendle,Ethereum,10.89,USDT,82467848,17.18,0
2024-07-30,Pendle,Ethereum,11.49,DAI,73909255,13.96,0
2024-07-30,Pendle,Arbitrum,15.83,USDC,73168206,2.54,3.7
2024-07-30,Pendle,Arbitrum,12.39,USDT,82041778,1.97,3.59
2024-07-30,Pendle,Arbitrum,12.89,DAI,78935768,2.43,7.36
2024-07-30,Pendle,Optimism,12.21,USDC,75316165,1.6,4.74
2024-07-30,Pendle,Optimism,9.35,USDT,71262464,1.84,4.03
2024-07-30,Pendle,Optimism,12.1,DAI,72984373,1.61,4.04
2024-07-30,Pendle,Base,13.93,USDC,77639766,1.7,4.38
2024-07-30,Pendle,Base,15.43,USDT,77714562,1.59,5.37
2024-07-30,Pendle,Base,15.0,DAI,81380104,1.3,3.02
2024-07-30,Convex,Ethereum,6.21,USDC,148879862,17.01,0
2024-07-30,Convex,Ethereum,5.23,USDT,162305062,17.73,0
2024-07-30,Convex,Ethereum,5.11,DAI,139267890,18.14,0
2024-07-30,Balancer,Ethereum,9.23,USDC,114299023,16.53,0
2024-07-30,Balancer,Ethereum,7.11,USDT,119459305,20.95,0
2024-07-30,Balancer,Ethereum,8.68,DAI,109961819,16.48,0
2024-07-30,Balancer,Arbitrum,10.45,USDC,125783114,2.36,5.35
2024-07-30,Balancer,Arbitrum,10.92,USDT,120886503,3.2,5.07
2024-07-30,Balancer,Arbitrum,10.5,DAI,114464541,2.3,5.51
2024-07-30,Balancer,Optimism,8.99,USDC,116895970,1.48,3.42
2024-07-30,Balancer,Polygon,10.73,USDC,116462848,0.93,3.31
2024-07-30,Balancer,Polygon,10.53,USDT,100121431,1.18,3.16
2024-07-30,Balancer,Polygon,9.59,DAI,115456997,0.87,2.92
2024-07-30,Balancer,Base,9.86,USDC,116756819,1.3,4.62
2024-07-30,Balancer,Base,9.05,USDT,117488741,1.84,5.05
2024-07-30,Balancer,Base,10.93,DAI,111328891,1.5,3.06
2024-07-31,Aave,Ethereum,3.13,USDC,256993967,16.99,0
2024-07-31,Aave,Ethereum,3.53,USDT,266340652,20.91,0
2024-07-31,Aave,Ethereum,3.39,DAI,264286369,13.46,0
2024-07-31,Aave,Arbitrum,4.49,USDC,273715202,2.49,5.89
2024-07-31,Aave,Arbitrum,3.93,USDT,268288047,2.13,3.69
2024-07-31,Aave,Arbitrum,4.51,DAI,272076900,3.08,6.14
2024-07-31,Aave,Optimism,4.31,USDC,279396763,2.4,4.77
2024-07-31,Aave,Optimism,3.7,USDT,255455936,2.04,3.42
2024-07-31,Aave,Optimism,4.67,DAI,259344444,2.0,4.38
2024-07-31,Aave,Polygon,4.25,USDC,268017073,1.07,3.42
2024-07-31,Aave,Polygon,4.11,USDT,272202684,1.0,2.66
2024-07-31,Aave,Polygon,4.24,DAI,279264625,0.97,3.91
2024-07-31,Aave,Base,3.97,USDC,269470092,1.63,4.88
2024-07-31,Aave,Base,3.87,USDT,263804997,1.34,4.5
2024-07-31,Aave,Base,4.08,DAI,262646624,1.41,3.32
2024-07-31,Compound,Ethereum,3.16,USDT,191096740,14.24,0
2024-07-31,Compound,Ethereum,3.19,DAI,195598012,16.52,0
2024-07-31,Compound,Arbitrum,3.75,USDC,180129169,2.75,5.72
2024-07-31,Compound,Arbitrum,4.19,USDT,202106742,2.54,4.3
2024-07-31,Compound,Arbitrum,3.62,DAI,198124739,2.23,6.25
2024-07-31,Compound,Optimism,3.71,USDC,198394626,1.66,3.63
2024-07-31,Compound,Optimism,3.8,USDT,182439166,1.5,4.93
2024-07-31,Compound,Optimism,3.78,DAI,189601440,1.79,4.52
2024-07-31,Compound,Polygon,4.13,DAI,185263579,1.11,3.03
2024-07-31,Compound,Base,4.25,USDC,193750099,1.12,3.43
2024-07-31,Compound,Base,4.34,USDT,195473914,1.66,3.78
2024-07-31,Compound,Base,3.85,DAI,194380497,1.52,2.68
2024-07-31,Curve,Ethereum,9.83,USDC,353701311,16.66,0
2024-07-31,Curve,Ethereum,8.78,USDT,337338467,21.3,0
2024-07-31,Curve,Ethereum,7.31,DAI,318279965,16.9,0
2024-07-31,Curve,Arbitrum,9.75,USDT,336870067,2.63,3.39
2024-07-31,Curve,Arbitrum,9.3,DAI,355589218,2.34,6.9
2024-07-31,Curve,Optimism,8.66,DAI,350857856,1.77,3.61
2024-07-31,Curve,Polygon,8.22,USDC,330710068,0.97,2.88
2024-07-31,Curve,Polygon,11.72,USDT,323484448,1.12,1.99
2024-07-31,Curve,Polygon,8.4,DAI,285932837,0.73,3.33
2024-07-31,Curve,Base,10.68,USDC,341039525,1.35,3.44
2024-07-31,Curve,Base,12.81,USDT,329983092,1.26,3.92
2024-07-31,Curve,Base,9.56,DAI,317447164,1.67,3.07
2024-07-31,Uniswap V3,Ethereum,10.62,USDC,98554771,16.16,0
2024-07-31,Uniswap V3,Ethereum,8.35,USDT,103243337,22.97,0
2024-07-31,Uniswap V3,Ethereum,9.91,DAI,104999942,15.6,0
2024-07-31,Uniswap V3,Arbitrum,12.59,USDC,98653828,2.6,4.91
2024-07-31,Uniswap V3,Arbitrum,12.32,USDT,101457976,2.36,5.17
2024-07-31,Uniswap V3,Arbitrum,11.41,DAI,108405948,2.61,6.08
2024-07-31,Uniswap V3,Optimism,10.1,USDC,103354935,1.85,4.11
2024-07-31,Uniswap V3,Optimism,10.86,USDT,110161463,1.92,2.09
2024-07-31,Uniswap V3,Optimism,13.3,DAI,105154446,1.6,3.19
2024-07-31,Uniswap V3,Polygon,12.21,USDC,107325491,0.91,3.69
2024-07-31,Uniswap V3,Polygon,9.97,USDT,106198033,0.97,3.71
2024-07-31,Uniswap V3,Polygon,9.62,DAI,92631531,0.88,2.53
2024-07-31,Uniswap V3,Base,12.83,USDT,98221879,1.59,5.19
2024-07-31,Yearn,Ethereum,3.78,USDC,123843852,17.15,0
2024-07-31,Yearn,Ethereum,4.28,USDT,136154630,16.07,0
2024-07-31,Yearn,Ethereum,4.41,DAI,119081214,17.4,0
2024-07-31,Yearn,Arbitrum,4.25,USDC,117263568,1.89,5.05
2024-07-31,Yearn,Arbitrum,5.13,USDT,128007990,2.59,5.83
2024-07-31,Yearn,Arbitrum,4.87,DAI,133484263,2.83,5.54
2024-07-31,Yearn,Optimism,5.21,USDC,123913177,1.6,4.82
2024-07-31,Yearn,Optimism,5.18,USDT,133492716,2.15,3.55
2024-07-31,Yearn,Optimism,5.58,DAI,128406316,1.51,2.93
2024-07-31,Yearn,Polygon,5.68,USDC,115013032,1.09,2.88
2024-07-31,Yearn,Polygon,4.85,USDT,126504381,1.1,2.81
2024-07-31,Yearn,Polygon,5.21,DAI,114892063,0.8,3.02
2024-07-31,Yearn,Base,4.97,USDT,116730774,1.57,4.61
2024-07-31,Yearn,Base,5.1,DAI,118588319,1.56,3.32
2024-07-31,Pendle,Ethereum,14.46,USDC,72968217,20.39,0
2024-07-31,Pendle,Ethereum,11.68,USDT,72089544,17.37,0
2024-07-31,Pendle,Ethereum,13.04,DAI,85495039,19.39,0
2024-07-31,Pendle,Arbitrum,12.91,USDC,84844705,1.77,5.52
2024-07-31,Pendle,Arbitrum,14.39,DAI,76183903,1.61,6.33
2024-07-31,Pendle,Optimism,15.43,USDC,78281907,1.38,3.31
2024-07-31,Pendle,Optimism,11.88,USDT,77221547,1.53,3.94
2024-07-31,Pendle,Optimism,15.33,DAI,72781797,1.52,3.0
2024-07-31,Pendle,Base,14.06,USDC,78297501,1.14,4.56
2024-07-31,Pendle,Base,14.26,USDT,83245058,1.53,4.89
2024-07-31,Pendle,Base,15.03,DAI,82489602,1.86,2.86
2024-07-31,Convex,Ethereum,5.74,USDC,153977893,23.33,0
2024-07-31,Convex,Ethereum,5.24,DAI,163997455,21.63,0
2024-07-31,Balancer,Ethereum,7.14,USDC,107122149,18.16,0
2024-07-31,Balancer,Ethereum,8.9,USDT,116279566,19.59,0
2024-07-31,Balancer,Ethereum,7.52,DAI,108485987,19.45,0
2024-07-31,Balancer,Arbitrum,8.83,USDC,113579946,2.38,4.9
2024-07-31,Balancer,Arbitrum,10.67,USDT,120528879,2.0,5.59
2024-07-31,Balancer,Arbitrum,8.75,DAI,118008733,2.61,5.24
2024-07-31,Balancer,Optimism,8.81,USDC,108402068,1.49,4.36
2024-07-31,Balancer,Optimism,10.77,USDT,122008154,1.9,3.76
2024-07-31,Balancer,Optimism,11.23,DAI,115088440,1.84,3.7
2024-07-31,Balancer,Polygon,10.79,USDC,118929810,0.46,3.47
2024-07-31,Balancer,Polygon,11.73,USDT,120187608,1.04,3.49
2024-07-31,Balancer,Base,9.12,USDC,111676418,1.54,3.91
2024-07-31,Balancer,Base,11.0,USDT,127524458,1.33,3.46
2024-07-31,Balancer,Base,10.48,DAI,108500453,1.11,3.4
2024-08-01,Aave,Ethereum,3.59,USDC,260929783,25.87,0
2024-08-01,Aave,Ethereum,3.41,USDT,269433397,16.5,0
2024-08-01,Aave,Arbitrum,3.89,USDC,275624327,2.6,6.97
2024-08-01,Aave,Arbitrum,4.42,USDT,275659767,2.41,5.38
2024-08-01,Aave,Arbitrum,3.83,DAI,241434298,2.3,4.87
2024-08-01,Aave,Optimism,3.67,USDC,257980914,1.55,5.06
2024-08-01,Aave,Optimism,4.27,USDT,269750746,2.16,1.31
2024-08-01,Aave,Optimism,4.18,DAI,267907489,1.72,2.14
2024-08-01,Aave,Polygon,4.41,USDC,263323896,1.01,4.21
2024-08-01,Aave,Polygon,4.21,DAI,276167053,1.11,3.05
2024-08-01,Aave,Base,4.42,USDC,275755420,1.81,3.21
2024-08-01,Aave,Base,4.43,USDT,269933374,1.46,4.47
2024-08-01,Aave,Base,3.97,DAI,264667458,1.46,3.48
2024-08-01,Compound,Ethereum,3.16,USDC,210753227,18.49,0
2024-08-01,Compound,Ethereum,3.03,DAI,197962788,16.26,0
2024-08-01,Compound,Arbitrum,3.52,USDC,201432659,2.84,3.86
2024-08-01,Compound,Arbitrum,3.73,DAI,181143762,2.52,4.43
2024-08-01,Compound,Optimism,3.84,USDC,192246941,2.08,5.27
2024-08-01,Compound,Optimism,3.77,USDT,189593837,2.46,4.08
2024-08-01,Compound,Optimism,3.76,DAI,196087103,1.61,6.0
2024-08-01,Compound,Polygon,3.93,USDC,195102517,0.92,1.93
2024-08-01,Compound,Polygon,3.85,USDT,193444349,0.89,3.35
2024-08-01,Compound,Base,3.73,USDC,201169121,1.38,3.24
2024-08-01,Compound,Base,3.88,USDT,198444798,1.41,3.97
2024-08-01,Compound,Base,4.05,DAI,200396655,1.29,3.89
2024-08-01,Curve,Ethereum,7.54,USDC,344042222,14.89,0
2024-08-01,Curve,Ethereum,8.3,USDT,339086288,14.67,0
2024-08-01,Curve,Ethereum,9.0,DAI,342144182,17.38,0
2024-08-01,Curve,Arbitrum,8.62,USDC,360994034,2.85,4.25
2024-08-01,Curve,Arbitrum,7.91,USDT,344774919,2.48,4.81
2024-08-01,Curve,Arbitrum,12.47,DAI,363595815,2.1,6.64
2024-08-01,Curve,Optimism,9.07,USDC,334836750,2.15,3.38
2024-08-01,Curve,Optimism,10.17,USDT,342763615,1.7,2.03
2024-08-01,Curve,Optimism,8.38,DAI,334091367,1.78,1.56
2024-08-01,Curve,Polygon,10.45,USDC,349937780,1.07,2.49
2024-08-01,Curve,Polygon,8.03,USDT,360459145,1.02,2.76
2024-08-01,Curve,Polygon,13.06,DAI,336215262,0.85,3.0
2024-08-01,Curve,Base,9.49,USDC,344364960,1.35,4.96
2024-08-01,Curve,Base,8.67,USDT,338582635,1.47,4.62
2024-08-01,Curve,Base,10.5,DAI,356987103,1.32,3.83
2024-08-01,Uniswap V3,Ethereum,6.76,USDC,104005458,23.44,0
2024-08-01,Uniswap V3,Ethereum,8.25,USDT,95471640,17.41,0
2024-08-01,Uniswap V3,Ethereum,10.49,DAI,101324773,22.62,0
2024-08-01,Uniswap V3,Arbitrum,12.33,USDC,103777222,2.49,3.84
2024-08-01,Uniswap V3,Arbitrum,10.61,USDT,96518182,2.79,6.18
2024-08-01,Uniswap V3,Arbitrum,9.56,DAI,101833778,1.71,6.87
2024-08-01,Uniswap V3,Optimism,12.77,USDC,92314183,1.95,3.44
2024-08-01,Uniswap V3,Optimism,7.9,USDT,106928561,1.86,3.29
2024-08-01,Uniswap V3,Optimism,9.79,DAI,96792595,1.8,4.5
2024-08-01,Uniswap V3,Polygon,10.81,USDC,92870908,1.31,2.8
2024-08-01,Uniswap V3,Polygon,8.45,USDT,107444685,1.11,2.55
2024-08-01,Uniswap V3,Polygon,12.9,DAI,107115627,1.07,3.78
2024-08-01,Uniswap V3,Base,12.05,USDT,99598980,1.66,3.69
2024-08-01,Uniswap V3,Base,8.82,DAI,101076320,1.43,3.42
2024-08-01,Yearn,Ethereum,3.77,USDC,135537891,19.98,0
2024-08-01,Yearn,Ethereum,3.87,USDT,121506187,20.51,0
2024-08-01,Yearn,Ethereum,4.05,DAI,132836887,21.49,0
2024-08-01,Yearn,Arbitrum,5.33,USDC,135818340,2.18,6.7
2024-08-01,Yearn,Arbitrum,5.2,USDT,133656673,1.97,5.09
2024-08-01,Yearn,Arbitrum,4.94,DAI,112134230,2.54,3.66
2024-08-01,Yearn,Optimism,5.16,USDC,131473592,2.21,3.01
2024-08-01,Yearn,Optimism,4.57,USDT,129908350,1.68,1.9
2024-08-01,Yearn,Optimism,4.7,DAI,119750270,1.81,5.65
2024-08-01,Yearn,Polygon,5.15,USDC,132134166,0.98,3.41
2024-08-01,Yearn,Polygon,5.72,USDT,129131604,1.07,2.73
2024-08-01,Yearn,Polygon,5.11,DAI,132309963,0.79,2.79
2024-08-01,Yearn,Base,5.21,USDC,136160265,1.58,3.45
2024-08-01,Yearn,Base,4.24,USDT,129559711,1.19,2.87
2024-08-01,Yearn,Base,4.4,DAI,124207671,1.46,3.79
2024-08-01,Pendle,Ethereum,11.71,USDC,79842830,23.58,0
2024-08-01,Pendle,Ethereum,9.99,USDT,87880487,23.2,0
2024-08-01,Pendle,Ethereum,11.9,DAI,84273029,15.84,0
2024-08-01,Pendle,Arbitrum,13.5,USDC,78765005,2.42,4.56
2024-08-01,Pendle,Arbitrum,10.48,USDT,81319698,1.86,4.63
2024-08-01,Pendle,Arbitrum,11.65,DAI,78241419,1.99,6.13
2024-08-01,Pendle,Optimism,11.91,USDC,81294778,1.78,4.86
2024-08-01,Pendle,Optimism,15.01,USDT,79772104,1.93,4.63
2024-08-01,Pendle,Base,12.09,USDC,80904953,1.57,4.3
2024-08-01,Pendle,Base,10.67,USDT,82953218,1.41,3.21
2024-08-01,Convex,Ethereum,5.11,USDC,157714305,15.03,0
2024-08-01,Convex,Ethereum,5.59,USDT,165525535,17.11,0
2024-08-01,Convex,Ethereum,5.55,DAI,157939907,18.25,0
2024-08-01,Balancer,Ethereum,7.37,USDC,116438636,16.86,0
2024-08-01,Balancer,Ethereum,8.48,USDT,120876309,19.98,0
2024-08-01,Balancer,Ethereum,7.9,DAI,126381203,18.89,0
2024-08-01,Balancer,Arbitrum,10.5,USDC,118268971,2.4,3.07
2024-08-01,Balancer,Arbitrum,10.11,USDT,116219946,1.62,4.67
2024-08-01,Balancer,Arbitrum,10.85,DAI,114149925,2.21,3.89
2024-08-01,Balancer,Optimism,10.96,USDC,123250227,1.98,4.14
2024-08-01,Balancer,Optimism,9.49,USDT,115544541,1.86,4.02
2024-08-01,Balancer,Optimism,10.58,DAI,120933437,1.97,3.62
2024-08-01,Balancer,Polygon,10.1,USDC,124921491,1.12,2.6
2024-08-01,Balancer,Polygon,10.34,USDT,115090962,1.03,3.08
2024-08-01,Balancer,Polygon,11.58,DAI,123506623,1.16,3.1
2024-08-01,Balancer,Base,9.79,USDC,114898682,2.0,4.5
2024-08-01,Balancer,Base,10.89,USDT,122396375,1.37,4.13
2024-08-01,Balancer,Base,8.85,DAI,122360556,1.2,3.69
2024-08-02,Aave,Ethereum,3.29,USDC,261878506,17.94,0
2024-08-02,Aave,Ethereum,2.83,USDT,250876751,21.11,0
2024-08-02,Aave,Ethereum,3.47,DAI,277599339,14.65,0
2024-08-02,Aave,Arbitrum,3.93,USDT,287958344,2.14,5.91
2024-08-02,Aave,Arbitrum,3.47,DAI,254860984,2.32,5.5
2024-08-02,Aave,Optimism,3.66,USDC,275573896,2.18,3.39
2024-08-02,Aave,Optimism,3.66,USDT,286552740,1.55,3.02
2024-08-02,Aave,Optimism,3.43,DAI,274733520,1.98,6.36
2024-08-02,Aave,Polygon,4.18,USDC,294149626,0.92,1.75
2024-08-02,Aave,Polygon,4.11,USDT,291874281,1.09,3.05
2024-08-02,Aave,Polygon,4.26,DAI,258495685,0.9,2.59
2024-08-02,Aave,Base,3.91,USDT,278987445,1.38,2.79
2024-08-02,Aave,Base,3.99,DAI,273194803,1.43,4.23
2024-08-02,Compound,Ethereum,2.74,USDC,196072035,17.85,0
2024-08-02,Compound,Ethereum,3.13,USDT,206133910,18.93,0
2024-08-02,Compound,Arbitrum,3.74,USDC,202254573,2.46,4.26
2024-08-02,Compound,Arbitrum,3.63,USDT,186801724,3.01,5.7
2024-08-02,Compound,Arbitrum,3.97,DAI,210119557,2.44,6.15
2024-08-02,Compound,Optimism,3.41,USDC,213338532,2.03,3.16
2024-08-02,Compound,Optimism,3.79,USDT,184413974,1.65,4.42
2024-08-02,Compound,Optimism,3.58,DAI,187386638,1.85,3.86
2024-08-02,Compound,Polygon,4.17,USDC,205462020,1.01,3.12
2024-08-02,Compound,Polygon,3.65,USDT,200611443,0.74,3.21
2024-08-02,Compound,Polygon,3.9,DAI,198176297,0.93,3.6
2024-08-02,Compound,Base,3.62,USDT,191536283,1.34,4.7
2024-08-02,Compound,Base,3.35,DAI,196512106,1.4,4.54
2024-08-02,Curve,Ethereum,7.92,USDC,349021123,18.35,0
2024-08-02,Curve,Ethereum,6.71,USDT,361285666,13.03,0
2024-08-02,Curve,Ethereum,7.0,DAI,356542751,17.78,0
2024-08-02,Curve,Arbitrum,12.53,USDC,347267758,1.77,5.21
2024-08-02,Curve,Arbitrum,9.98,USDT,366040347,2.54,4.91
2024-08-02,Curve,Arbitrum,10.79,DAI,348814214,2.5,5.24
2024-08-02,Curve,Optimism,8.96,USDC,370294420,1.31,4.21
2024-08-02,Curve,Optimism,8.53,USDT,374945623,2.22,3.78
2024-08-02,Curve,Optimism,7.67,DAI,365801277,1.46,3.65
2024-08-02,Curve,Polygon,9.94,USDC,362613798,0.74,3.03
2024-08-02,Curve,Polygon,9.88,USDT,372906206,1.19,2.13
2024-08-02,Curve,Polygon,8.97,DAI,364250744,0.92,3.43
2024-08-02,Curve,Base,10.36,USDC,349101181,1.27,3.93
2024-08-02,Curve,Base,10.12,USDT,368104206,1.38,4.34
2024-08-02,Curve,Base,10.34,DAI,342700024,1.65,3.24
2024-08-02,Uniswap V3,Ethereum,8.99,USDC,103670563,18.61,0
2024-08-02,Uniswap V3,Ethereum,8.26,USDT,100943061,15.95,0
2024-08-02,Uniswap V3,Ethereum,8.22,DAI,101220249,20.92,0
2024-08-02,Uniswap V3,Arbitrum,8.24,USDC,113757684,2.26,3.2
2024-08-02,Uniswap V3,Arbitrum,10.46,USDT,104108319,2.62,4.21
2024-08-02,Uniswap V3,Arbitrum,9.72,DAI,100017882,2.76,5.94
2024-08-02,Uniswap V3,Optimism,12.43,USDC,110354758,1.78,3.25
2024-08-02,Uniswap V3,Optimism,8.89,USDT,105371249,1.65,3.74
2024-08-02,Uniswap V3,Optimism,10.57,DAI,97345355,2.16,3.99
2024-08-02,Uniswap V3,Polygon,10.52,USDC,105372309,0.63,3.3
2024-08-02,Uniswap V3,Polygon,12.91,USDT,110618780,1.01,3.28
2024-08-02,Uniswap V3,Polygon,8.84,DAI,100790178,1.23,2.77
2024-08-02,Uniswap V3,Base,10.75,USDC,106980595,1.71,4.26
2024-08-02,Uniswap V3,Base,10.26,USDT,100690704,1.17,4.08
2024-08-02,Uniswap V3,Base,7.41,DAI,107626296,1.19,3.51
2024-08-02,Yearn,Ethereum,3.86,USDC,144799214,16.85,0
2024-08-02,Yearn,Ethereum,3.96,USDT,132446446,20.02,0
2024-08-02,Yearn,Ethereum,3.96,DAI,127243924,20.87,0
2024-08-02,Yearn,Arbitrum,5.27,USDC,128480561,2.75,4.01
2024-08-02,Yearn,Arbitrum,4.93,USDT,133591129,2.61,3.66
2024-08-02,Yearn,Arbitrum,4.73,DAI,126856247,1.9,5.26
2024-08-02,Yearn,Optimism,4.34,USDC,121151865,1.24,3.06
2024-08-02,Yearn,Optimism,4.77,USDT,126282344,1.75,3.61
2024-08-02,Yearn,Optimism,4.97,DAI,116891578,1.87,5.23
2024-08-02,Yearn,Polygon,4.92,USDC,131835393,0.84,2.37
2024-08-02,Yearn,Polygon,4.76,USDT,129097446,0.9,3.47
2024-08-02,Yearn,Polygon,5.23,DAI,144317483,1.09,3.09
2024-08-02,Yearn,Base,4.91,USDC,130640066,1.28,4.26
2024-08-02,Yearn,Base,4.98,USDT,133467090,1.31,4.16
2024-08-02,Yearn,Base,4.22,DAI,134917616,1.57,2.83
2024-08-02,Pendle,Ethereum,9.92,USDT,86871295,18.73,0
2024-08-02,Pendle,Ethereum,12.13,DAI,85623514,18.38,0
2024-08-02,Pendle,Arbitrum,13.46,USDC,79636495,2.37,3.3
2024-08-02,Pendle,Arbitrum,12.38,USDT,85411737,2.28,4.74
2024-08-02,Pendle,Arbitrum,13.91,DAI,82823520,2.63,5.9
2024-08-02,Pendle,Optimism,14.87,USDC,83300902,1.65,3.79
2024-08-02,Pendle,Optimism,13.5,USDT,87729112,1.79,5.03
2024-08-02,Pendle,Optimism,18.04,DAI,84894077,2.54,3.86
2024-08-02,Pendle,Base,17.98,USDC,79743334,1.81,3.34
2024-08-02,Pendle,Base,13.62,USDT,88108738,1.65,3.06
2024-08-02,Pendle,Base,13.11,DAI,82054984,1.41,4.07
2024-08-02,Convex,Ethereum,6.05,USDC,159763696,20.49,0
2024-08-02,Convex,Ethereum,5.6,USDT,168208527,12.37,0
2024-08-02,Convex,Ethereum,5.85,DAI,145183615,13.83,0
2024-08-02,Balancer,Ethereum,6.52,USDC,118912065,21.73,0
2024-08-02,Balancer,Ethereum,9.35,USDT,122640357,14.15,0
2024-08-02,Balancer,Ethereum,8.44,DAI,123545015,15.7,0
2024-08-02,Balancer,Arbitrum,9.64,USDC,117166878,3.01,2.4
2024-08-02,Balancer,Arbitrum,9.95,USDT,121058064,2.52,6.07
2024-08-02,Balancer,Arbitrum,11.31,DAI,129959393,2.72,5.54
2024-08-02,Balancer,Optimism,8.03,USDC,128112738,1.85,2.54
2024-08-02,Balancer,Optimism,9.11,USDT,112342814,2.06,3.36
2024-08-02,Balancer,Optimism,7.92,DAI,120486875,1.13,3.05
2024-08-02,Balancer,Polygon,13.17,USDC,123926125,0.94,2.33
2024-08-02,Balancer,Polygon,11.56,USDT,118143877,1.07,2.87
2024-08-02,Balancer,Polygon,10.43,DAI,125189781,1.15,3.18
2024-08-02,Balancer,Base,10.05,USDC,119207703,1.23,5.61
2024-08-02,Balancer,Base,8.93,USDT,124435530,1.63,3.58
2024-08-02,Balancer,Base,8.31,DAI,123735035,1.38,3.44
2024-08-03,Aave,Ethereum,2.91,USDC,257663324,12.77,0
2024-08-03,Aave,Ethereum,2.99,USDT,269207123,11.54,0
2024-08-03,Aave,Ethereum,3.23,DAI,289022092,10.62,0
2024-08-03,Aave,Arbitrum,3.65,USDC,274372607,1.28,4.0
2024-08-03,Aave,Arbitrum,4.16,USDT,311237786,1.42,5.6
2024-08-03,Aave,Arbitrum,3.84,DAI,294313942,1.56,3.0
2024-08-03,Aave,Optimism,3.83,USDC,265408525,1.15,2.52
2024-08-03,Aave,Optimism,3.85,USDT,287405253,1.17,3.72
2024-08-03,Aave,Optimism,3.88,DAI,257755556,1.08,4.28
2024-08-03,Aave,Polygon,4.15,USDT,286642123,0.85,3.5
2024-08-03,Aave,Polygon,4.25,DAI,300108836,0.69,2.93
2024-08-03,Aave,Base,4.15,USDC,294755322,0.97,3.93
2024-08-03,Aave,Base,3.77,USDT,257997507,1.22,5.51
2024-08-03,Aave,Base,3.93,DAI,285125553,0.62,4.37
2024-08-03,Compound,Ethereum,3.07,USDC,205161934,12.67,0
2024-08-03,Compound,Ethereum,3.13,USDT,212279355,8.85,0
2024-08-03,Compound,Ethereum,3.09,DAI,196638695,10.38,0
2024-08-03,Compound,Arbitrum,3.82,USDC,198489383,1.58,4.96
2024-08-03,Compound,Arbitrum,3.62,USDT,210710784,1.92,4.72
2024-08-03,Compound,Arbitrum,3.44,DAI,205186145,1.92,4.31
2024-08-03,Compound,Optimism,3.48,USDC,190108560,1.49,3.37
2024-08-03,Compound,Optimism,3.59,USDT,210932823,0.97,4.86
2024-08-03,Compound,Polygon,4.02,USDC,205704639,0.57,3.04
2024-08-03,Compound,Polygon,3.59,DAI,197857919,0.58,3.1
2024-08-03,Compound,Base,3.67,USDC,208770110,0.97,3.02
2024-08-03,Compound,Base,3.78,USDT,203290922,0.91,3.7
2024-08-03,Curve,Ethereum,6.51,USDC,346127487,13.88,0
2024-08-03,Curve,Ethereum,7.4,USDT,356705059,15.11,0
2024-08-03,Curve,Ethereum,8.49,DAI,353977168,6.88,0
2024-08-03,Curve,Arbitrum,10.91,USDC,360656538,1.94,4.32
2024-08-03,Curve,Arbitrum,9.25,DAI,367971175,1.17,5.0
2024-08-03,Curve,Optimism,11.25,USDT,363113490,1.55,4.47
2024-08-03,Curve,Optimism,8.36,DAI,382176928,1.66,3.67
2024-08-03,Curve,Polygon,9.8,USDC,350179285,0.54,3.61
2024-08-03,Curve,Polygon,9.54,USDT,367267393,0.95,3.56
2024-08-03,Curve,Polygon,10.46,DAI,364223392,0.62,3.05
2024-08-03,Curve,Base,12.01,USDT,371481014,0.55,5.0
2024-08-03,Curve,Base,11.46,DAI,344133484,0.86,4.14
2024-08-03,Uniswap V3,Ethereum,8.71,USDC,102520746,11.12,0
2024-08-03,Uniswap V3,Ethereum,6.46,USDT,104597471,10.27,0
2024-08-03,Uniswap V3,Ethereum,7.01,DAI,106245088,11.52,0
2024-08-03,Uniswap V3,Arbitrum,12.7,DAI,111676888,1.43,4.64
2024-08-03,Uniswap V3,Optimism,7.73,USDC,105756091,1.01,2.96
2024-08-03,Uniswap V3,Optimism,10.9,USDT,108994440,1.21,4.97
2024-08-03,Uniswap V3,Optimism,10.61,DAI,104821777,1.61,4.14
2024-08-03,Uniswap V3,Polygon,12.25,USDC,114406373,0.71,3.71
2024-08-03,Uniswap V3,Polygon,11.98,USDT,105178439,0.7,3.56
2024-08-03,Uniswap V3,Polygon,9.77,DAI,108491220,0.73,2.77
2024-08-03,Uniswap V3,Base,10.47,USDC,121052043,0.87,4.4
2024-08-03,Uniswap V3,Base,12.82,USDT,102701449,1.2,2.37
2024-08-03,Uniswap V3,Base,10.31,DAI,103310907,1.09,5.16
2024-08-03,Yearn,Ethereum,4.27,USDC,130705697,14.49,0
2024-08-03,Yearn,Ethereum,3.82,DAI,137867777,11.58,0
2024-08-03,Yearn,Arbitrum,4.87,USDC,120547563,1.51,5.48
2024-08-03,Yearn,Arbitrum,5.27,USDT,134178180,1.33,5.81
2024-08-03,Yearn,Arbitrum,4.81,DAI,145329394,1.36,5.42
2024-08-03,Yearn,Optimism,4.11,USDC,137044600,1.3,5.34
2024-08-03,Yearn,Optimism,4.62,USDT,133544078,0.98,4.06
2024-08-03,Yearn,Optimism,5.03,DAI,137916950,1.12,3.51
2024-08-03,Yearn,Polygon,4.7,USDC,116759345,0.73,3.07
2024-08-03,Yearn,Polygon,4.87,USDT,133749617,0.48,3.09
2024-08-03,Yearn,Base,4.83,USDT,132820962,0.93,4.64
2024-08-03,Yearn,Base,4.81,DAI,129814596,1.08,4.06
2024-08-03,Pendle,Ethereum,9.2,USDC,87391200,10.83,0
2024-08-03,Pendle,Ethereum,12.58,USDT,86442291,12.01,0
2024-08-03,Pendle,Arbitrum,11.59,USDC,90672308,1.84,3.49
2024-08-03,Pendle,Arbitrum,12.05,USDT,89034984,1.42,6.38
2024-08-03,Pendle,Arbitrum,11.44,DAI,81554667,1.13,4.32
2024-08-03,Pendle,Optimism,16.32,USDC,83756719,1.45,4.09
2024-08-03,Pendle,Optimism,11.32,DAI,81764576,0.95,3.41
2024-08-03,Pendle,Base,13.06,USDC,85555425,0.72,3.5
2024-08-03,Pendle,Base,14.84,USDT,81293413,0.82,4.59
2024-08-03,Pendle,Base,13.55,DAI,88635686,0.89,3.7
2024-08-03,Convex,Ethereum,5.46,USDC,184933517,14.44,0
2024-08-03,Convex,Ethereum,4.48,USDT,170062483,12.32,0
2024-08-03,Convex,Ethereum,4.74,DAI,171415374,12.65,0
2024-08-03,Balancer,Ethereum,7.97,USDC,124948625,11.89,0
2024-08-03,Balancer,Arbitrum,10.1,USDC,125869393,1.72,5.66
2024-08-03,Balancer,Arbitrum,10.53,USDT,124480749,1.46,6.31
2024-08-03,Balancer,Arbitrum,9.01,DAI,109964592,1.83,5.97
2024-08-03,Balancer,Optimism,10.65,USDC,123376917,1.21,1.33
2024-08-03,Balancer,Optimism,9.91,USDT,129643810,0.93,4.86
2024-08-03,Balancer,Optimism,8.09,DAI,122615127,1.09,3.99
2024-08-03,Balancer,Polygon,10.82,USDC,128574715,0.64,3.24
2024-08-03,Balancer,Polygon,9.95,USDT,122778490,0.77,2.67
2024-08-03,Balancer,Base,8.58,USDC,119979752,1.16,5.51
2024-08-03,Balancer,Base,9.13,USDT,123778210,1.09,4.39
2024-08-03,Balancer,Base,11.02,DAI,118556378,0.95,1.9
2024-08-04,Aave,Ethereum,2.87,USDC,259292685,8.75,0
2024-08-04,Aave,Ethereum,3.18,USDT,308347578,15.95,0
2024-08-04,Aave,Ethereum,3.62,DAI,298510721,13.93,0
2024-08-04,Aave,Arbitrum,3.71,USDC,300106084,1.62,2.69
2024-08-04,Aave,Arbitrum,3.85,DAI,291097155,1.53,4.9
2024-08-04,Aave,Optimism,3.95,USDC,291812836,1.08,4.95
2024-08-04,Aave,Optimism,3.86,USDT,278086971,1.07,4.24
2024-08-04,Aave,Optimism,3.76,DAI,289108459,1.0,4.48
2024-08-04,Aave,Polygon,4.22,USDC,311125036,0.74,2.03
2024-08-04,Aave,Polygon,4.21,USDT,303879795,0.55,2.3
2024-08-04,Aave,Polygon,3.75,DAI,315835896,0.78,3.54
2024-08-04,Aave,Base,4.0,USDC,271496327,0.85,2.7
2024-08-04,Aave,Base,3.81,USDT,296534836,0.95,3.36
2024-08-04,Aave,Base,3.6,DAI,295333908,1.08,2.96
2024-08-04,Compound,Ethereum,3.0,USDC,225899221,9.13,0
2024-08-04,Compound,Ethereum,3.25,DAI,196579453,13.22,0
2024-08-04,Compound,Arbitrum,3.67,USDC,199477672,1.46,5.56
2024-08-04,Compound,Arbitrum,3.76,USDT,209083211,1.38,5.16
2024-08-04,Compound,Arbitrum,3.86,DAI,180146823,1.69,7.01
2024-08-04,Compound,Optimism,3.38,DAI,218085991,0.95,3.66
2024-08-04,Compound,Polygon,3.87,USDC,200269905,0.85,3.26
2024-08-04,Compound,Polygon,3.79,USDT,227172813,0.69,3.27
2024-08-04,Compound,Polygon,3.49,DAI,224075967,0.69,3.6
2024-08-04,Compound,Base,3.37,USDC,200056552,0.71,1.81
2024-08-04,Compound,Base,3.75,USDT,207189661,0.98,3.79
2024-08-04,Compound,Base,3.62,DAI,210980235,1.3,4.05
2024-08-04,Curve,Ethereum,8.53,USDC,373905906,12.12,0
2024-08-04,Curve,Ethereum,8.37,USDT,386883673,14.28,0
2024-08-04,Curve,Ethereum,9.02,DAI,371856095,10.79,0
2024-08-04,Curve,Arbitrum,11.76,USDC,363910549,1.68,8.67
2024-08-04,Curve,Arbitrum,8.88,USDT,382505213,1.66,4.41
2024-08-04,Curve,Arbitrum,8.36,DAI,364939977,1.55,4.64
2024-08-04,Curve,Optimism,7.35,USDC,368972064,1.35,3.87
2024-08-04,Curve,Optimism,9.9,USDT,365442361,1.45,3.83
2024-08-04,Curve,Optimism,8.22,DAI,373828659,1.39,2.09
2024-08-04,Curve,Polygon,10.63,USDC,377452373,0.69,2.98
2024-08-04,Curve,Polygon,10.18,USDT,373054232,0.62,3.01
2024-08-04,Curve,Polygon,9.24,DAI,362023562,0.61,3.2
2024-08-04,Curve,Base,9.28,USDC,362644631,0.9,2.52
2024-08-04,Curve,Base,10.77,USDT,377221993,0.99,3.7
2024-08-04,Curve,Base,8.62,DAI,364709030,0.92,3.72
2024-08-04,Uniswap V3,Ethereum,9.17,USDC,105726055,11.03,0
2024-08-04,Uniswap V3,Ethereum,6.65,USDT,114291520,11.61,0
2024-08-04,Uniswap V3,Ethereum,9.85,DAI,107798163,12.52,0
2024-08-04,Uniswap V3,Arbitrum,9.13,USDC,105312019,1.52,6.14
2024-08-04,Uniswap V3,Arbitrum,11.61,USDT,102745581,2.17,5.41
2024-08-04,Uniswap V3,Arbitrum,12.1,DAI,101522514,1.52,5.3
2024-08-04,Uniswap V3,Optimism,8.25,USDC,110946693,0.97,4.09
2024-08-04,Uniswap V3,Optimism,10.23,USDT,110739349,1.23,3.68
2024-08-04,Uniswap V3,Polygon,9.19,USDC,119038549,0.64,2.8
2024-08-04,Uniswap V3,Polygon,10.17,USDT,107114722,0.51,2.2
2024-08-04,Uniswap V3,Base,12.5,USDC,116966389,1.03,3.76
2024-08-04,Uniswap V3,Base,8.76,USDT,103404380,1.04,4.15
2024-08-04,Uniswap V3,Base,8.59,DAI,108477788,0.93,4.12
2024-08-04,Yearn,Ethereum,3.82,USDC,138726295,12.31,0
2024-08-04,Yearn,Ethereum,4.07,USDT,145859994,10.24,0
2024-08-04,Yearn,Ethereum,3.99,DAI,132194296,8.51,0
2024-08-04,Yearn,Arbitrum,4.55,USDC,131292618,1.54,5.69
2024-08-04,Yearn,Arbitrum,5.15,USDT,127117499,1.82,6.19
2024-08-04,Yearn,Arbitrum,4.55,DAI,142503693,1.5,5.02
2024-08-04,Yearn,Optimism,4.52,USDC,148239254,0.98,3.75
2024-08-04,Yearn,Optimism,4.26,USDT,142378230,1.09,3.15
2024-08-04,Yearn,Optimism,5.11,DAI,129329768,1.12,4.21
2024-08-04,Yearn,Polygon,5.05,USDC,146451734,0.57,3.61
2024-08-04,Yearn,Polygon,4.73,USDT,129404753,0.52,3.12
2024-08-04,Yearn,Polygon,5.08,DAI,133462234,0.61,3.56
2024-08-04,Yearn,Base,4.83,USDC,136572631,0.91,4.21
2024-08-04,Yearn,Base,5.02,USDT,142519278,1.17,2.22
2024-08-04,Yearn,Base,4.6,DAI,140300870,1.05,3.65
2024-08-04,Pendle,Ethereum,11.73,USDC,86714206,14.55,0
2024-08-04,Pendle,Ethereum,15.27,USDT,76716584,10.69,0
2024-08-04,Pendle,Ethereum,11.67,DAI,95825591,10.09,0
2024-08-04,Pendle,Arbitrum,11.53,USDC,89303574,1.82,5.33
2024-08-04,Pendle,Arbitrum,16.72,USDT,87970985,1.37,4.58
2024-08-04,Pendle,Arbitrum,12.4,DAI,83049576,1.84,3.97
2024-08-04,Pendle,Optimism,15.82,DAI,84211789,1.03,4.36
2024-08-04,Pendle,Base,10.72,USDC,78879950,0.99,3.98
2024-08-04,Pendle,Base,15.36,USDT,90546759,1.32,2.55
2024-08-04,Pendle,Base,10.19,DAI,89963241,1.04,3.71
2024-08-04,Convex,Ethereum,5.92,USDC,167609011,10.2,0
2024-08-04,Convex,Ethereum,6.31,USDT,169718528,14.29,0
2024-08-04,Convex,Ethereum,4.42,DAI,173139723,13.91,0
2024-08-04,Balancer,Ethereum,7.97,USDC,124564778,12.9,0
2024-08-04,Balancer,Ethereum,8.36,DAI,121186267,10.95,0
2024-08-04,Balancer,Arbitrum,10.02,USDC,133199109,1.62,4.66
2024-08-04,Balancer,Arbitrum,10.28,USDT,122778411,1.42,6.08
2024-08-04,Balancer,Arbitrum,10.0,DAI,134799009,1.35,4.05
2024-08-04,Balancer,Optimism,7.73,USDC,132760504,1.22,3.45
2024-08-04,Balancer,Optimism,11.26,USDT,127359555,1.51,3.99
2024-08-04,Balancer,Optimism,9.11,DAI,123279571,1.3,4.59
2024-08-04,Balancer,Polygon,10.49,USDT,134904537,0.69,3.97
2024-08-04,Balancer,Polygon,7.58,DAI,128848437,0.67,3.71
2024-08-04,Balancer,Base,10.76,USDC,124643457,1.14,4.25
2024-08-04,Balancer,Base,9.21,USDT,119883872,0.74,3.93
2024-08-04,Balancer,Base,10.82,DAI,124022380,0.83,3.19
2024-08-05,Aave,Ethereum,3.41,USDT,287264226,18.13,0
2024-08-05,Aave,Ethereum,3.36,DAI,294603703,18.53,0
2024-08-05,Aave,Arbitrum,3.6,USDT,289960631,2.18,4.45
2024-08-05,Aave,Arbitrum,3.73,DAI,296553477,2.72,4.71
2024-08-05,Aave,Optimism,3.69,USDC,284201447,1.55,5.03
2024-08-05,Aave,Optimism,3.41,DAI,299601424,2.72,4.19
2024-08-05,Aave,Polygon,4.03,USDC,283617210,0.94,2.81
2024-08-05,Aave,Polygon,4.57,USDT,295271301,1.06,3.9
2024-08-05,Aave,Polygon,4.71,DAI,308254105,1.04,2.01
2024-08-05,Aave,Base,3.79,USDC,291718405,1.57,2.75
2024-08-05,Aave,Base,3.57,USDT,283993819,1.59,4.41
2024-08-05,Compound,Ethereum,2.95,USDC,203738942,13.03,0
2024-08-05,Compound,Ethereum,2.77,USDT,213589765,25.53,0
2024-08-05,Compound,Ethereum,3.22,DAI,206635936,18.47,0
2024-08-05,Compound,Arbitrum,3.46,USDC,208492181,1.69,6.15
2024-08-05,Compound,Arbitrum,3.29,USDT,211618613,2.03,4.21
2024-08-05,Compound,Arbitrum,3.42,DAI,205930596,2.87,4.76
2024-08-05,Compound,Optimism,3.57,USDC,197087854,1.71,3.15
2024-08-05,Compound,Optimism,3.84,USDT,226973549,1.59,4.68
2024-08-05,Compound,Optimism,3.36,DAI,212088221,1.7,4.38
2024-08-05,Compound,Polygon,4.03,USDT,200482441,0.94,3.61
2024-08-05,Compound,Polygon,4.15,DAI,210507109,0.91,2.84
2024-08-05,Compound,Base,3.57,USDC,214996249,1.42,2.97
2024-08-05,Compound,Base,3.51,USDT,209717898,1.53,3.38
2024-08-05,Compound,Base,3.82,DAI,217749376,1.59,4.44
2024-08-05,Curve,Ethereum,8.34,USDT,367548931,20.18,0
2024-08-05,Curve,Ethereum,10.0,DAI,378035019,12.54,0
2024-08-05,Curve,Arbitrum,10.41,USDC,366897200,2.09,4.08
2024-08-05,Curve,Arbitrum,9.39,USDT,363927009,2.47,5.3
2024-08-05,Curve,Arbitrum,8.57,DAI,356861272,2.47,3.42
2024-08-05,Curve,Optimism,7.76,USDC,365279759,1.72,2.66
2024-08-05,Curve,Optimism,8.79,DAI,360292538,2.01,3.92
2024-08-05,Curve,Polygon,8.85,USDC,383557220,0.87,3.44
2024-08-05,Curve,Polygon,9.52,USDT,367737605,0.91,3.73
2024-08-05,Curve,Polygon,9.36,DAI,348985064,0.99,3.53
2024-08-05,Curve,Base,10.01,USDT,386998857,1.22,4.15
2024-08-05,Curve,Base,9.59,DAI,360157928,1.41,2.2
2024-08-05,Uniswap V3,Ethereum,8.14,USDC,102819209,9.33,0
2024-08-05,Uniswap V3,Ethereum,8.58,USDT,107275680,19.61,0
2024-08-05,Uniswap V3,Ethereum,9.08,DAI,103448770,21.62,0
2024-08-05,Uniswap V3,Arbitrum,12.1,USDC,116571772,2.61,3.53
2024-08-05,Uniswap V3,Arbitrum,11.76,USDT,113108931,2.78,6.66
2024-08-05,Uniswap V3,Optimism,10.41,USDC,105895986,1.75,2.5
2024-08-05,Uniswap V3,Optimism,11.29,DAI,106490394,1.6,4.21
2024-08-05,Uniswap V3,Polygon,9.74,USDC,109979084,0.93,3.09
2024-08-05,Uniswap V3,Polygon,11.94,USDT,97786825,0.96,2.23
2024-08-05,Uniswap V3,Polygon,10.93,DAI,112144770,0.91,2.4
2024-08-05,Uniswap V3,Base,10.37,USDC,111452461,1.18,4.22
2024-08-05,Uniswap V3,Base,10.98,USDT,106929202,1.73,3.55
2024-08-05,Uniswap V3,Base,10.81,DAI,106010282,1.37,3.2
2024-08-05,Yearn,Ethereum,3.77,USDC,134876896,21.82,0
2024-08-05,Yearn,Ethereum,4.04,USDT,140428534,22.13,0
2024-08-05,Yearn,Arbitrum,5.11,USDC,138235605,1.8,5.77
2024-08-05,Yearn,Arbitrum,4.54,USDT,135661814,2.26,5.27
2024-08-05,Yearn,Arbitrum,4.68,DAI,137078611,2.61,5.46
2024-08-05,Yearn,Optimism,4.83,USDC,140750085,1.77,5.57
2024-08-05,Yearn,Optimism,4.86,USDT,150740619,1.87,3.95
2024-08-05,Yearn,Optimism,4.4,DAI,130721925,1.61,3.75
2024-08-05,Yearn,Polygon,4.64,USDC,137604521,0.86,2.81
2024-08-05,Yearn,Polygon,5.05,DAI,130918861,1.06,3.6
2024-08-05,Yearn,Base,4.05,USDC,144951311,1.62,5.01
2024-08-05,Yearn,Base,4.89,USDT,141151912,1.22,3.91
2024-08-05,Yearn,Base,4.98,DAI,137552496,1.52,2.89
2024-08-05,Pendle,Ethereum,11.45,USDC,88120959,15.91,0
2024-08-05,Pendle,Ethereum,9.57,USDT,87289864,17.87,0
2024-08-05,Pendle,Ethereum,11.52,DAI,84981688,15.6,0
2024-08-05,Pendle,Arbitrum,11.67,USDC,94044995,2.64,7.01
2024-08-05,Pendle,Arbitrum,12.74,USDT,85671881,2.71,5.58
2024-08-05,Pendle,Arbitrum,14.16,DAI,90195488,2.52,4.59
2024-08-05,Pendle,Optimism,14.49,USDC,88239835,1.91,4.77
2024-08-05,Pendle,Optimism,11.21,USDT,83532332,1.24,4.82
2024-08-05,Pendle,Optimism,13.61,DAI,87917680,1.94,3.18
2024-08-05,Pendle,Base,10.87,USDC,87446649,1.28,4.08
2024-08-05,Pendle,Base,17.23,USDT,87431747,1.49,4.63
2024-08-05,Pendle,Base,14.68,DAI,90259210,1.39,3.65
2024-08-05,Convex,Ethereum,6.35,USDC,164261385,20.32,0
2024-08-05,Convex,Ethereum,4.34,USDT,175413052,13.12,0
2024-08-05,Convex,Ethereum,5.36,DAI,183365926,22.36,0
2024-08-05,Balancer,Ethereum,9.04,USDC,124886078,15.67,0
2024-08-05,Balancer,Ethereum,7.99,USDT,125645521,12.47,0
2024-08-05,Balancer,Ethereum,7.62,DAI,125171763,20.16,0
2024-08-05,Balancer,Arbitrum,9.82,USDC,131642147,2.39,3.93
2024-08-05,Balancer,Arbitrum,7.93,USDT,137783123,2.81,5.06
2024-08-05,Balancer,Arbitrum,10.47,DAI,132471032,3.13,4.47
2024-08-05,Balancer,Optimism,9.27,USDC,123928226,1.48,4.63
2024-08-05,Balancer,Optimism,9.78,USDT,120325160,1.99,3.88
2024-08-05,Balancer,Optimism,9.74,DAI,123016443,1.55,3.77
2024-08-05,Balancer,Polygon,12.59,USDC,123925145,0.95,3.61
2024-08-05,Balancer,Polygon,12.44,USDT,136461916,0.98,3.94
2024-08-05,Balancer,Polygon,10.35,DAI,133265875,0.95,2.6
2024-08-05,Balancer,Base,8.94,USDT,127250542,1.5,5.39
2024-08-05,Balancer,Base,8.57,DAI,133346661,2.11,4.88
2024-08-06,Aave,Ethereum,3.22,USDC,282073712,21.92,0
2024-08-06,Aave,Ethereum,3.01,USDT,316702761,17.46,0
2024-08-06,Aave,Ethereum,3.27,DAI,281985158,16.06,0
2024-08-06,Aave,Arbitrum,3.94,USDC,292414029,2.39,4.13
2024-08-06,Aave,Arbitrum,4.05,USDT,304015661,2.48,4.3
2024-08-06,Aave,Optimism,3.87,USDC,287941879,1.31,1.93
2024-08-06,Aave,Optimism,3.64,USDT,310887145,1.7,4.9
2024-08-06,Aave,Optimism,3.62,DAI,306295826,2.73,4.5
2024-08-06,Aave,Polygon,4.57,USDC,306778169,0.85,2.96
2024-08-06,Aave,Polygon,3.71,USDT,289794856,0.93,3.72
2024-08-06,Aave,Polygon,3.98,DAI,266093573,1.06,1.86
2024-08-06,Aave,Base,4.07,USDC,267357202,1.17,4.29
2024-08-06,Aave,Base,4.06,USDT,306136779,1.51,4.09
2024-08-06,Aave,Base,4.08,DAI,295230767,1.37,1.72
2024-08-06,Compound,Ethereum,3.1,USDC,214689450,16.01,0
2024-08-06,Compound,Ethereum,3.04,USDT,217945132,22.46,0
2024-08-06,Compound,Ethereum,3.12,DAI,222836363,14.84,0
2024-08-06,Compound,Arbitrum,3.57,USDC,212263330,2.33,7.01
2024-08-06,Compound,Arbitrum,3.89,USDT,238561510,2.65,5.12
2024-08-06,Compound,Arbitrum,3.68,DAI,217629621,2.4,5.45
2024-08-06,Compound,Optimism,3.53,USDC,197849938,1.96,3.44
2024-08-06,Compound,Optimism,3.39,USDT,215801797,1.8,2.75
2024-08-06,Compound,Optimism,3.62,DAI,210099714,1.32,3.05
2024-08-06,Compound,Polygon,3.86,USDC,226687542,1.27,2.28
2024-08-06,Compound,Polygon,3.93,USDT,210336395,0.99,2.9
2024-08-06,Compound,Polygon,3.67,DAI,209878709,0.86,3.15
2024-08-06,Compound,Base,3.51,USDC,204482497,1.43,3.18
2024-08-06,Compound,Base,3.39,USDT,198200641,1.28,3.48
2024-08-06,Compound,Base,3.45,DAI,198432242,1.39,3.97
2024-08-06,Curve,Ethereum,7.81,USDC,400641342,11.14,0
2024-08-06,Curve,Ethereum,8.13,USDT,364961689,18.58,0
2024-08-06,Curve,Ethereum,6.33,DAI,365454230,18.75,0
2024-08-06,Curve,Arbitrum,7.6,USDC,360058508,2.17,7.05
2024-08-06,Curve,Arbitrum,11.59,USDT,396774701,1.75,5.19
2024-08-06,Curve,Arbitrum,9.85,DAI,383701444,2.32,5.61
2024-08-06,Curve,Optimism,9.93,USDC,354812205,2.02,3.81
2024-08-06,Curve,Optimism,7.97,USDT,357043593,2.54,4.53
2024-08-06,Curve,Optimism,7.93,DAI,405579193,2.23,3.37
2024-08-06,Curve,Polygon,10.63,USDC,355147065,0.79,2.99
2024-08-06,Curve,Polygon,8.65,USDT,385493747,0.84,3.71
2024-08-06,Curve,Polygon,10.87,DAI,372513396,0.69,2.83
2024-08-06,Curve,Base,9.93,USDC,373332600,1.46,4.07
2024-08-06,Curve,Base,10.0,USDT,387208042,1.57,4.66
2024-08-06,Curve,Base,9.76,DAI,331201296,1.44,5.02
2024-08-06,Uniswap V3,Ethereum,7.59,USDC,119214696,16.58,0
2024-08-06,Uniswap V3,Ethereum,8.76,DAI,113969087,12.59,0
2024-08-06,Uniswap V3,Arbitrum,9.99,USDC,119824248,2.07,4.1
2024-08-06,Uniswap V3,Arbitrum,12.51,USDT,114473715,2.17,5.24
2024-08-06,Uniswap V3,Arbitrum,9.76,DAI,110422376,3.2,3.78
2024-08-06,Uniswap V3,Optimism,11.45,USDC,118318234,2.18,3.33
2024-08-06,Uniswap V3,Optimism,8.99,USDT,110291522,1.76,3.91
2024-08-06,Uniswap V3,Optimism,11.33,DAI,104740308,2.06,3.85
2024-08-06,Uniswap V3,Polygon,7.8,USDC,102470531,0.89,3.42
2024-08-06,Uniswap V3,Polygon,11.88,USDT,118922094,0.95,3.23
2024-08-06,Uniswap V3,Polygon,9.92,DAI,114448382,1.05,2.75
2024-08-06,Uniswap V3,Base,7.05,USDC,106645320,1.14,5.4
2024-08-06,Uniswap V3,Base,14.03,USDT,110116426,1.54,4.38
2024-08-06,Uniswap V3,Base,9.73,DAI,106227742,1.27,3.65
2024-08-06,Yearn,Ethereum,3.9,USDC,144190446,15.45,0
2024-08-06,Yearn,Ethereum,4.0,USDT,148790900,18.7,0
2024-08-06,Yearn,Ethereum,4.37,DAI,144871864,18.63,0
2024-08-06,Yearn,Arbitrum,4.99,USDC,142432273,2.26,6.23
2024-08-06,Yearn,Arbitrum,4.59,USDT,136793258,2.26,4.48
2024-08-06,Yearn,Optimism,4.73,USDC,144244046,1.67,3.93
2024-08-06,Yearn,Optimism,4.61,USDT,133252093,1.13,4.42
2024-08-06,Yearn,Optimism,4.89,DAI,141477092,1.95,4.06
2024-08-06,Yearn,Polygon,5.43,USDC,144604605,1.08,2.98
2024-08-06,Yearn,Polygon,5.13,USDT,129154607,1.12,3.39
2024-08-06,Yearn,Polygon,4.83,DAI,140219714,1.06,3.53
2024-08-06,Yearn,Base,4.86,USDC,143302749,1.42,3.59
2024-08-06,Yearn,Base,4.42,USDT,143821905,1.36,2.68
2024-08-06,Yearn,Base,4.44,DAI,140304618,1.48,4.8
2024-08-06,Pendle,Ethereum,12.19,USDC,83294873,21.48,0
2024-08-06,Pendle,Ethereum,12.9,USDT,81839939,18.35,0
2024-08-06,Pendle,Ethereum,13.69,DAI,84537411,17.12,0
2024-08-06,Pendle,Arbitrum,11.7,USDC,87462471,2.75,6.83
2024-08-06,Pendle,Arbitrum,17.68,USDT,89437161,2.43,4.91
2024-08-06,Pendle,Arbitrum,18.16,DAI,90837562,2.15,4.97
2024-08-06,Pendle,Optimism,14.1,USDC,94588987,1.79,4.8
2024-08-06,Pendle,Optimism,15.53,USDT,95038499,2.03,3.67
2024-08-06,Pendle,Optimism,12.99,DAI,85471531,1.93,4.37
2024-08-06,Pendle,Base,15.17,USDC,86998993,1.55,4.57
2024-08-06,Pendle,Base,10.99,DAI,87040841,1.63,5.96
2024-08-06,Convex,Ethereum,4.37,USDC,185534673,20.58,0
2024-08-06,Convex,Ethereum,5.56,USDT,177970409,19.05,0
2024-08-06,Convex,Ethereum,5.77,DAI,173680776,13.78,0
2024-08-06,Balancer,Ethereum,9.67,USDC,131589533,15.06,0
2024-08-06,Balancer,Ethereum,7.95,USDT,130932832,18.14,0
2024-08-06,Balancer,Ethereum,10.6,DAI,139549309,16.46,0
2024-08-06,Balancer,Arbitrum,10.67,USDC,138800800,2.28,5.26
2024-08-06,Balancer,Arbitrum,8.4,USDT,124603421,3.08,3.61
2024-08-06,Balancer,Arbitrum,9.15,DAI,137298392,2.91,5.47
2024-08-06,Balancer,Optimism,9.74,USDC,128212500,2.23,3.93
2024-08-06,Balancer,Optimism,9.21,USDT,122300828,1.61,3.78
2024-08-06,Balancer,Optimism,11.33,DAI,133786862,1.68,4.39
2024-08-06,Balancer,Polygon,7.98,USDC,129878973,0.93,3.19
2024-08-06,Balancer,Polygon,9.2,USDT,129479657,0.92,2.42
2024-08-06,Balancer,Polygon,12.37,DAI,132469906,0.91,3.18
2024-08-06,Balancer,Base,9.86,USDT,131285695,1.31,3.34
2024-08-06,Balancer,Base,9.86,DAI,134280111,1.76,5.04
2024-08-07,Aave,Ethereum,3.15,USDC,273513715,18.21,0
2024-08-07,Aave,Ethereum,3.22,USDT,281482433,17.06,0
2024-08-07,Aave,Ethereum,3.39,DAI,295744763,19.78,0
2024-08-07,Aave,Arbitrum,4.14,USDT,305807144,2.43,5.36
2024-08-07,Aave,Optimism,3.48,USDC,280943531,1.65,4.57
2024-08-07,Aave,Optimism,3.69,USDT,287032132,1.65,4.18
2024-08-07,Aave,Optimism,4.2,DAI,331018516,1.78,4.59
2024-08-07,Aave,Polygon,4.12,USDC,299879472,1.09,3.78
2024-08-07,Aave,Polygon,4.28,USDT,267393375,0.71,3.2
2024-08-07,Aave,Polygon,4.05,DAI,294296851,0.89,2.61
2024-08-07,Aave,Base,3.62,USDC,318019778,1.4,3.74
2024-08-07,Aave,Base,3.65,DAI,279322648,1.43,5.62
2024-08-07,Compound,Ethereum,3.08,USDC,208719014,12.75,0
2024-08-07,Compound,Arbitrum,4.11,USDC,203355472,2.3,5.62
2024-08-07,Compound,Arbitrum,3.83,USDT,211123927,2.36,3.93
2024-08-07,Compound,Arbitrum,3.41,DAI,221124486,2.25,4.06
2024-08-07,Compound,Optimism,3.6,USDT,214445628,1.28,5.72
2024-08-07,Compound,Optimism,3.57,DAI,212617878,2.13,3.61
2024-08-07,Compound,Polygon,3.64,USDC,209538105,1.06,3.09
2024-08-07,Compound,Polygon,3.62,USDT,201994463,0.96,2.45
2024-08-07,Compound,Polygon,3.47,DAI,207158405,0.79,2.94
2024-08-07,Compound,Base,4.0,USDC,213336102,1.29,4.22
2024-08-07,Compound,Base,3.65,USDT,217668747,1.34,3.64
2024-08-07,Compound,Base,3.81,DAI,211894932,1.16,4.18
2024-08-07,Curve,Ethereum,9.1,USDC,356770318,18.07,0
2024-08-07,Curve,Ethereum,8.6,USDT,368691921,18.28,0
2024-08-07,Curve,Ethereum,7.09,DAI,380134916,15.63,0
2024-08-07,Curve,Arbitrum,9.97,USDC,386817773,2.86,5.81
2024-08-07,Curve,Arbitrum,10.69,USDT,388636088,2.17,4.67
2024-08-07,Curve,Arbitrum,7.32,DAI,379481941,2.57,4.79
2024-08-07,Curve,Optimism,9.13,USDC,360756928,1.82,3.68
2024-08-07,Curve,Optimism,10.1,USDT,378665402,1.78,3.03
2024-08-07,Curve,Optimism,9.61,DAI,389258485,1.64,4.58
2024-08-07,Curve,Polygon,7.19,USDC,406072706,0.95,3.01
2024-08-07,Curve,Polygon,7.68,USDT,382693205,0.89,3.07
2024-08-07,Curve,Polygon,10.12,DAI,392383750,0.91,2.71
2024-08-07,Curve,Base,9.73,DAI,390858000,1.63,4.49
2024-08-07,Uniswap V3,Ethereum,7.68,USDC,121573602,15.51,0
2024-08-07,Uniswap V3,Ethereum,9.42,USDT,115979412,14.33,0
2024-08-07,Uniswap V3,Ethereum,9.73,DAI,116140896,20.99,0
2024-08-07,Uniswap V3,Arbitrum,10.94,USDC,114503330,2.65,5.15
2024-08-07,Uniswap V3,Arbitrum,11.26,USDT,109012535,2.24,4.7
2024-08-07,Uniswap V3,Arbitrum,11.67,DAI,112224816,2.08,5.08
2024-08-07,Uniswap V3,Optimism,9.42,USDC,114556853,1.57,4.43
2024-08-07,Uniswap V3,Optimism,9.51,USDT,111894275,1.68,3.7
2024-08-07,Uniswap V3,Optimism,8.2,DAI,122585347,1.59,2.89
2024-08-07,Uniswap V3,Polygon,6.67,USDT,109884072,1.05,3.94
2024-08-07,Uniswap V3,Polygon,11.1,DAI,114814893,0.91,2.89
2024-08-07,Uniswap V3,Base,8.75,USDC,111838623,1.61,4.58
2024-08-07,Uniswap V3,Base,9.82,USDT,118521519,1.58,4.98
2024-08-07,Uniswap V3,Base,9.22,DAI,102519785,1.41,5.39
2024-08-07,Yearn,Ethereum,3.64,USDC,144328359,19.71,0
2024-08-07,Yearn,Ethereum,4.08,USDT,151653282,18.95,0
2024-08-07,Yearn,Arbitrum,5.38,USDC,138813355,2.5,4.2
2024-08-07,Yearn,Arbitrum,5.0,USDT,148892554,2.61,5.51
2024-08-07,Yearn,Arbitrum,4.55,DAI,143418010,2.53,3.56
2024-08-07,Yearn,Optimism,4.8,USDC,134245710,1.9,3.73
2024-08-07,Yearn,Optimism,4.22,USDT,133976341,1.61,4.51
2024-08-07,Yearn,Optimism,4.82,DAI,140871797,1.74,4.07
2024-08-07,Yearn,Polygon,5.66,USDT,149110715,0.98,2.26
2024-08-07,Yearn,Polygon,4.84,DAI,133218958,1.1,3.2
2024-08-07,Yearn,Base,4.4,USDC,149544565,1.38,5.42
2024-08-07,Yearn,Base,4.73,USDT,138154078,1.31,4.56
2024-08-07,Yearn,Base,5.19,DAI,149772908,1.57,4.0
2024-08-07,Pendle,Ethereum,13.85,USDC,89451734,20.01,0
2024-08-07,Pendle,Ethereum,12.02,USDT,87983425,18.85,0
2024-08-07,Pendle,Ethereum,11.53,DAI,90677423,18.7,0
2024-08-07,Pendle,Arbitrum,14.62,USDC,90501221,2.54,4.02
2024-08-07,Pendle,Arbitrum,13.2,DAI,84032056,1.92,4.63
2024-08-07,Pendle,Optimism,14.37,USDC,91302549,2.19,4.05
2024-08-07,Pendle,Optimism,11.42,USDT,86562505,1.93,4.33
2024-08-07,Pendle,Optimism,12.92,DAI,87498025,1.91,3.63
2024-08-07,Pendle,Base,17.06,USDC,85817555,1.46,4.88
2024-08-07,Pendle,Base,14.12,USDT,94265054,1.37,2.55
2024-08-07,Pendle,Base,10.07,DAI,88169328,1.38,3.22
2024-08-07,Convex,Ethereum,5.86,USDT,175314810,18.68,0
2024-08-07,Convex,Ethereum,4.99,DAI,173963938,15.41,0
2024-08-07,Balancer,Ethereum,8.19,USDC,131038546,25.14,0
2024-08-07,Balancer,Ethereum,7.96,USDT,137404925,17.04,0
2024-08-07,Balancer,Ethereum,8.05,DAI,127267327,16.75,0
2024-08-07,Balancer,Arbitrum,11.73,USDC,124159981,2.47,6.2
2024-08-07,Balancer,Optimism,9.45,USDC,130851894,1.67,4.06
2024-08-07,Balancer,Optimism,10.14,USDT,128903218,1.34,4.74
2024-08-07,Balancer,Optimism,8.08,DAI,128066698,1.33,2.85
2024-08-07,Balancer,Polygon,9.83,USDT,134396349,0.91,3.66
2024-08-07,Balancer,Polygon,9.08,DAI,130305668,0.81,3.41
2024-08-07,Balancer,Base,10.28,USDC,133709504,1.66,4.79
2024-08-07,Balancer,Base,9.85,USDT,144617207,1.95,4.18
2024-08-07,Balancer,Base,9.31,DAI,127447947,1.66,4.8
2024-08-08,Aave,Ethereum,3.28,USDC,311876448,20.52,0
2024-08-08,Aave,Ethereum,3.08,USDT,286281698,23.83,0
2024-08-08,Aave,Ethereum,3.11,DAI,303065921,17.32,0
2024-08-08,Aave,Arbitrum,3.46,USDC,320495371,2.52,4.66
2024-08-08,Aave,Arbitrum,3.7,USDT,282918757,2.23,7.14
2024-08-08,Aave,Arbitrum,3.64,DAI,288788334,1.9,5.49
2024-08-08,Aave,Optimism,3.57,USDC,309976585,2.22,2.8
2024-08-08,Aave,Optimism,4.21,USDT,287333111,1.69,3.73
2024-08-08,Aave,Optimism,3.69,DAI,312259120,1.83,2.73
2024-08-08,Aave,Polygon,4.09,USDT,285206581,0.91,2.47
2024-08-08,Aave,Polygon,3.47,DAI,294430041,0.82,1.66
2024-08-08,Aave,Base,3.78,USDC,308936144,1.39,3.61
2024-08-08,Aave,Base,4.33,USDT,298752250,1.45,5.05
2024-08-08,Aave,Base,4.37,DAI,310980276,1.5,3.87
2024-08-08,Compound,Ethereum,2.98,USDC,209664041,18.83,0
2024-08-08,Compound,Ethereum,2.94,USDT,215629386,11.84,0
2024-08-08,Compound,Ethereum,2.94,DAI,203983206,21.2,0
2024-08-08,Compound,Arbitrum,3.47,USDT,208539836,1.93,4.56
2024-08-08,Compound,Arbitrum,3.8,DAI,208321712,2.59,3.75
2024-08-08,Compound,Optimism,3.36,USDC,198469948,2.01,5.43
2024-08-08,Compound,Optimism,3.51,USDT,211970300,1.96,3.87
2024-08-08,Compound,Optimism,3.47,DAI,214019101,1.38,4.38
2024-08-08,Compound,Polygon,3.52,USDC,203282211,0.83,2.39
2024-08-08,Compound,Polygon,4.01,USDT,210942237,1.07,3.2
2024-08-08,Compound,Polygon,3.86,DAI,211946291,1.24,2.67
2024-08-08,Compound,Base,3.72,USDT,207569938,1.22,3.17
2024-08-08,Compound,Base,3.63,DAI,204600485,1.36,4.87
2024-08-08,Curve,Ethereum,8.1,USDC,371432422,18.82,0
2024-08-08,Curve,Ethereum,9.0,USDT,377847007,23.18,0
2024-08-08,Curve,Ethereum,6.55,DAI,382298375,15.86,0
2024-08-08,Curve,Arbitrum,9.76,USDC,358614962,2.45,4.49
2024-08-08,Curve,Arbitrum,12.73,USDT,402086667,1.56,5.11
2024-08-08,Curve,Arbitrum,9.99,DAI,382063907,2.21,5.21
2024-08-08,Curve,Optimism,9.8,USDC,376246488,2.12,3.49
2024-08-08,Curve,Optimism,8.37,USDT,381937309,1.49,2.38
2024-08-08,Curve,Optimism,9.0,DAI,352146713,1.86,5.16
2024-08-08,Curve,Polygon,10.09,USDC,375072075,0.72,4.05
2024-08-08,Curve,Base,9.78,USDC,350053082,1.5,3.68
2024-08-08,Curve,Base,9.35,USDT,364025183,1.38,3.3
2024-08-08,Uniswap V3,Ethereum,8.01,USDC,107362673,20.91,0
2024-08-08,Uniswap V3,Ethereum,8.51,USDT,106415290,14.55,0
2024-08-08,Uniswap V3,Ethereum,9.91,DAI,114814460,16.88,0
2024-08-08,Uniswap V3,Arbitrum,12.5,USDC,106995222,2.41,4.41
2024-08-08,Uniswap V3,Arbitrum,9.44,USDT,113605788,2.78,5.04
2024-08-08,Uniswap V3,Arbitrum,12.32,DAI,100278117,2.4,5.36
2024-08-08,Uniswap V3,Optimism,9.37,USDC,112999756,1.67,2.78
2024-08-08,Uniswap V3,Optimism,10.7,USDT,111868677,1.87,3.6
2024-08-08,Uniswap V3,Optimism,6.35,DAI,121693029,2.1,4.32
2024-08-08,Uniswap V3,Polygon,11.27,DAI,108480653,0.79,3.28
2024-08-08,Uniswap V3,Base,6.98,USDC,112644342,1.36,3.49
2024-08-08,Uniswap V3,Base,11.53,USDT,111323430,1.19,4.1
2024-08-08,Yearn,Ethereum,3.63,USDC,145537244,19.4,0
2024-08-08,Yearn,Ethereum,4.12,USDT,147551990,19.39,0
2024-08-08,Yearn,Ethereum,3.82,DAI,139476869,21.65,0
2024-08-08,Yearn,Arbitrum,5.13,USDC,131867505,2.31,4.07
2024-08-08,Yearn,Arbitrum,4.55,USDT,145979070,2.48,6.25
2024-08-08,Yearn,Arbitrum,5.06,DAI,144722745,2.36,4.05
2024-08-08,Yearn,Optimism,4.98,USDC,144130009,1.31,4.17
2024-08-08,Yearn,Optimism,4.56,USDT,122532098,1.48,3.76
2024-08-08,Yearn,Optimism,4.18,DAI,139226362,1.51,4.26
2024-08-08,Yearn,Polygon,4.89,USDC,137065520,0.6,2.86
2024-08-08,Yearn,Polygon,4.9,USDT,144311901,0.98,2.51
2024-08-08,Yearn,Polygon,5.03,DAI,150747666,1.15,2.88
2024-08-08,Yearn,Base,4.15,USDC,143876617,1.42,5.2
2024-08-08,Yearn,Base,4.73,USDT,138673076,1.67,2.55
2024-08-08,Yearn,Base,5.11,DAI,135245104,1.37,3.14
2024-08-08,Pendle,Ethereum,8.69,USDC,95576580,14.82,0
2024-08-08,Pendle,Ethereum,10.04,DAI,82313123,15.18,0
2024-08-08,Pendle,Arbitrum,16.25,USDC,90450658,2.78,5.18
2024-08-08,Pendle,Arbitrum,12.19,USDT,87207764,2.46,3.9
2024-08-08,Pendle,Arbitrum,13.15,DAI,89271004,3.09,5.56
2024-08-08,Pendle,Optimism,14.01,USDC,96268167,2.11,3.96
2024-08-08,Pendle,Optimism,16.47,DAI,92700774,1.64,4.0
2024-08-08,Pendle,Base,14.71,USDC,88319507,1.54,3.45
2024-08-08,Pendle,Base,14.57,USDT,89495721,1.43,4.38
2024-08-08,Pendle,Base,15.48,DAI,85140237,1.7,4.0
2024-08-08,Convex,Ethereum,4.35,USDC,191057579,19.99,0
2024-08-08,Convex,Ethereum,4.07,USDT,181254206,21.89,0
2024-08-08,Convex,Ethereum,5.57,DAI,179033749,16.47,0
2024-08-08,Balancer,Ethereum,9.22,USDC,133263697,22.02,0
2024-08-08,Balancer,Ethereum,7.35,USDT,123461416,19.03,0
2024-08-08,Balancer,Ethereum,8.01,DAI,127423914,17.07,0
2024-08-08,Balancer,Arbitrum,11.35,USDC,137166862,2.13,3.41
2024-08-08,Balancer,Arbitrum,8.98,USDT,116285199,2.46,3.97
2024-08-08,Balancer,Arbitrum,9.12,DAI,132588722,2.73,5.35
2024-08-08,Balancer,Optimism,8.34,USDC,129148867,2.0,4.29
2024-08-08,Balancer,Optimism,9.89,USDT,130777596,1.59,2.62
2024-08-08,Balancer,Optimism,9.71,DAI,127360334,2.0,5.41
2024-08-08,Balancer,Polygon,11.57,USDC,124058919,0.8,2.49
2024-08-08,Balancer,Polygon,10.62,USDT,123556742,0.94,3.11
2024-08-08,Balancer,Polygon,9.89,DAI,126431982,0.88,3.71
2024-08-08,Balancer,Base,10.56,USDT,127854189,1.44,5.48
2024-08-08,Balancer,Base,10.21,DAI,120509787,1.46,4.19
2024-08-09,Aave,Ethereum,3.18,USDC,297871924,19.19,0
2024-08-09,Aave,Ethereum,2.93,USDT,294677022,16.28,0
2024-08-09,Aave,Ethereum,2.66,DAI,288334816,19.82,0
2024-08-09,Aave,Arbitrum,3.35,USDC,328529191,3.7,2.95
2024-08-09,Aave,Arbitrum,3.74,USDT,295165986,2.74,6.07
2024-08-09,Aave,Arbitrum,3.49,DAI,286972427,2.19,5.47
2024-08-09,Aave,Optimism,3.5,USDC,286923902,1.52,4.53
2024-08-09,Aave,Optimism,3.81,USDT,304055107,1.74,4.52
2024-08-09,Aave,Optimism,3.24,DAI,299266886,1.79,4.61
2024-08-09,Aave,Polygon,3.58,USDC,281801708,0.74,3.54
2024-08-09,Aave,Polygon,3.7,USDT,280975278,0.94,2.87
2024-08-09,Aave,Polygon,3.82,DAI,292465123,0.94,1.87
2024-08-09,Aave,Base,3.53,USDC,269440951,1.27,5.06
2024-08-09,Aave,Base,3.62,USDT,285868979,1.53,5.65
2024-08-09,Aave,Base,3.92,DAI,289563798,1.41,3.8
2024-08-09,Compound,Ethereum,3.04,USDC,201969445,12.71,0
2024-08-09,Compound,Ethereum,2.79,USDT,234940960,16.02,0
2024-08-09,Compound,Ethereum,3.04,DAI,212753927,16.65,0
2024-08-09,Compound,Arbitrum,3.85,USDC,219278149,2.0,4.77
2024-08-09,Compound,Arbitrum,3.51,USDT,191668341,2.35,4.45
2024-08-09,Compound,Arbitrum,3.29,DAI,211757816,1.64,4.73
2024-08-09,Compound,Optimism,3.37,USDC,205109702,1.78,3.51
2024-08-09,Compound,Optimism,3.57,USDT,206783574,1.7,4.49
2024-08-09,Compound,Optimism,3.18,DAI,217822902,2.15,4.45
2024-08-09,Compound,Polygon,3.44,USDC,203544737,1.11,2.66
2024-08-09,Compound,Polygon,3.79,USDT,195111523,0.69,3.5
2024-08-09,Compound,Polygon,3.6,DAI,194971087,1.08,2.82
2024-08-09,Compound,Base,3.27,USDC,233511860,1.45,3.5
2024-08-09,Compound,Base,3.16,USDT,222265802,1.22,2.89
2024-08-09,Compound,Base,3.71,DAI,212949752,1.48,3.44
2024-08-09,Curve,Ethereum,8.9,USDC,348358272,15.89,0
2024-08-09,Curve,Ethereum,6.61,USDT,374007359,18.74,0
2024-08-09,Curve,Ethereum,9.06,DAI,350746072,18.59,0
2024-08-09,Curve,Arbitrum,10.0,USDC,352076298,1.93,5.0
2024-08-09,Curve,Arbitrum,7.39,USDT,377604410,3.04,2.58
2024-08-09,Curve,Arbitrum,9.3,DAI,383553063,3.3,4.65
2024-08-09,Curve,Optimism,9.92,USDC,346033934,1.35,4.27
2024-08-09,Curve,Optimism,9.15,USDT,395534123,2.45,3.98
2024-08-09,Curve,Optimism,8.94,DAI,368347597,1.68,4.72
2024-08-09,Curve,Polygon,11.52,USDC,372616565,0.97,3.11
2024-08-09,Curve,Polygon,9.28,USDT,375467046,1.07,3.2
2024-08-09,Curve,Polygon,10.44,DAI,351958288,0.9,3.59
2024-08-09,Curve,Base,9.45,USDC,414198370,1.78,4.66
2024-08-09,Curve,Base,9.54,USDT,358440782,1.49,2.85
2024-08-09,Curve,Base,8.31,DAI,359493871,1.33,3.51
2024-08-09,Uniswap V3,Ethereum,7.04,USDC,113503213,19.92,0
2024-08-09,Uniswap V3,Ethereum,9.63,USDT,113723655,17.3,0
2024-08-09,Uniswap V3,Ethereum,7.24,DAI,101698753,14.85,0
2024-08-09,Uniswap V3,Arbitrum,10.83,USDC,113608287,2.5,4.0
2024-08-09,Uniswap V3,Arbitrum,11.61,USDT,110565602,2.62,3.86
2024-08-09,Uniswap V3,Arbitrum,10.49,DAI,107945055,2.51,5.88
2024-08-09,Uniswap V3,Optimism,11.37,USDC,110925186,1.48,3.47
2024-08-09,Uniswap V3,Optimism,10.62,USDT,107290007,1.26,3.32
2024-08-09,Uniswap V3,Optimism,10.73,DAI,112083429,1.35,4.94
2024-08-09,Uniswap V3,Polygon,10.93,USDC,116729225,0.86,2.72
2024-08-09,Uniswap V3,Polygon,7.34,DAI,96954097,1.1,2.56
2024-08-09,Uniswap V3,Base,14.14,USDC,113471073,1.47,5.74
2024-08-09,Uniswap V3,Base,8.42,USDT,108298558,1.36,5.35
2024-08-09,Uniswap V3,Base,10.21,DAI,116132897,1.12,3.63
2024-08-09,Yearn,Ethereum,3.93,USDC,141748550,24.67,0
2024-08-09,Yearn,Ethereum,3.43,USDT,139015378,17.71,0
2024-08-09,Yearn,Ethereum,4.08,DAI,137216276,10.17,0
2024-08-09,Yearn,Arbitrum,4.6,USDC,136612763,1.94,6.29
2024-08-09,Yearn,Arbitrum,4.07,USDT,139548259,1.96,5.05
2024-08-09,Yearn,Arbitrum,5.17,DAI,152776463,2.12,4.36
2024-08-09,Yearn,Optimism,4.91,USDC,152478730,1.52,4.88
2024-08-09,Yearn,Optimism,4.34,USDT,146132299,1.11,4.85
2024-08-09,Yearn,Optimism,4.15,DAI,142966508,1.83,2.91
2024-08-09,Yearn,Polygon,5.1,USDC,133892596,1.0,2.39
2024-08-09,Yearn,Polygon,4.78,USDT,142767271,0.93,3.16
2024-08-09,Yearn,Polygon,5.12,DAI,138095365,1.19,3.16
2024-08-09,Yearn,Base,4.83,USDC,135681110,1.56,3.98
2024-08-09,Yearn,Base,4.22,USDT,152009094,1.65,4.01
2024-08-09,Yearn,Base,4.42,DAI,133493913,1.77,3.87
2024-08-09,Pendle,Ethereum,8.97,USDC,91965757,19.89,0
2024-08-09,Pendle,Ethereum,9.57,USDT,88014263,23.32,0
2024-08-09,Pendle,Arbitrum,11.98,USDC,87158653,2.19,6.98
2024-08-09,Pendle,Arbitrum,14.9,USDT,81391356,2.59,5.26
2024-08-09,Pendle,Arbitrum,12.83,DAI,79425085,2.72,5.46
2024-08-09,Pendle,Optimism,15.49,USDC,88975259,1.94,4.77
2024-08-09,Pendle,Optimism,13.92,USDT,85418770,1.46,4.52
2024-08-09,Pendle,Optimism,13.17,DAI,89740581,1.73,4.81
2024-08-09,Pendle,Base,10.82,USDC,83535982,1.42,2.89
2024-08-09,Pendle,Base,15.63,USDT,85643959,1.04,5.52
2024-08-09,Pendle,Base,13.64,DAI,88951221,1.95,3.87
2024-08-09,Convex,Ethereum,5.24,USDC,175146159,17.41,0
2024-08-09,Convex,Ethereum,5.37,DAI,185768936,11.55,0
2024-08-09,Balancer,Ethereum,7.19,USDC,133231906,16.11,0
2024-08-09,Balancer,Ethereum,7.57,DAI,129191218,17.21,0
2024-08-09,Balancer,Arbitrum,8.9,USDC,127053653,2.87,3.74
2024-08-09,Balancer,Arbitrum,9.51,USDT,124662604,2.21,5.62
2024-08-09,Balancer,Arbitrum,9.13,DAI,129562309,1.92,5.5
2024-08-09,Balancer,Optimism,9.54,USDC,118574634,1.45,2.88
2024-08-09,Balancer,Optimism,10.25,USDT,126695994,1.35,3.12
2024-08-09,Balancer,Polygon,9.59,USDC,127142855,0.9,3.36
2024-08-09,Balancer,Polygon,10.24,USDT,126244997,0.97,3.02
2024-08-09,Balancer,Polygon,8.32,DAI,127754895,0.99,2.22
2024-08-09,Balancer,Base,9.6,USDC,134131418,1.61,2.04
2024-08-09,Balancer,Base,11.57,USDT,128912373,1.68,4.12
2024-08-09,Balancer,Base,9.57,DAI,123909846,1.19,4.84
2024-08-10,Aave,Ethereum,2.78,USDC,294206301,13.97,0
2024-08-10,Aave,Ethereum,2.86,USDT,274655463,11.94,0
2024-08-10,Aave,Ethereum,2.69,DAI,294474268,10.27,0
2024-08-10,Aave,Arbitrum,3.73,USDC,286300171,1.62,3.95
2024-08-10,Aave,Arbitrum,3.86,USDT,287584549,2.39,4.25
2024-08-10,Aave,Arbitrum,4.02,DAI,280363611,1.59,7.13
2024-08-10,Aave,Optimism,3.43,USDC,302072771,1.25,3.82
2024-08-10,Aave,Optimism,3.61,DAI,301843903,1.12,3.36
2024-08-10,Aave,Polygon,3.64,USDC,311259568,0.59,4.29
2024-08-10,Aave,Base,3.25,USDC,306040545,0.99,2.67
2024-08-10,Aave,Base,3.6,USDT,281801953,0.92,5.25
2024-08-10,Aave,Base,3.82,DAI,295009466,1.19,3.81
2024-08-10,Compound,Ethereum,2.88,USDC,215731591,11.9,0
2024-08-10,Compound,Ethereum,2.95,USDT,208417933,12.27,0
2024-08-10,Compound,Ethereum,2.94,DAI,207157393,11.63,0
2024-08-10,Compound,Arbitrum,3.73,USDC,208591949,1.6,5.73
2024-08-10,Compound,Arbitrum,3.34,USDT,211599595,1.87,5.04
2024-08-10,Compound,Arbitrum,3.26,DAI,209321411,1.89,3.87
2024-08-10,Compound,Optimism,3.43,USDC,209329831,1.3,3.23
2024-08-10,Compound,Optimism,3.14,DAI,218128508,1.08,2.87
2024-08-10,Compound,Polygon,3.38,USDC,204683530,0.62,3.28
2024-08-10,Compound,Polygon,3.04,USDT,202984677,0.75,4.69
2024-08-10,Compound,Polygon,3.71,DAI,219213980,0.59,3.44
2024-08-10,Compound,Base,3.67,USDC,209869888,0.78,4.29
2024-08-10,Compound,Base,3.26,DAI,215263372,1.11,3.66
2024-08-10,Curve,Ethereum,7.9,USDC,355926893,12.49,0
2024-08-10,Curve,Ethereum,9.34,USDT,386160673,12.97,0
2024-08-10,Curve,Ethereum,7.0,DAI,357020403,11.03,0
2024-08-10,Curve,Arbitrum,9.73,USDC,365384058,1.47,5.68
2024-08-10,Curve,Arbitrum,9.37,USDT,384635803,1.87,3.34
2024-08-10,Curve,Arbitrum,8.87,DAI,370875027,1.18,3.53
2024-08-10,Curve,Optimism,7.37,USDC,376257098,0.93,4.48
2024-08-10,Curve,Optimism,7.92,USDT,377337513,0.95,5.12
2024-08-10,Curve,Optimism,9.14,DAI,416012902,1.3,4.12
2024-08-10,Curve,Polygon,8.49,USDC,358124049,0.48,3.2
2024-08-10,Curve,Polygon,7.88,USDT,363874420,0.74,3.27
2024-08-10,Curve,Polygon,8.74,DAI,384274154,0.63,2.48
2024-08-10,Curve,Base,9.81,USDC,397546777,1.06,4.1
2024-08-10,Curve,Base,10.62,USDT,376934604,0.93,3.65
2024-08-10,Curve,Base,10.7,DAI,354852698,0.97,3.6
2024-08-10,Uniswap V3,Ethereum,10.86,USDT,113718416,12.21,0
2024-08-10,Uniswap V3,Ethereum,8.27,DAI,108254250,9.08,0
2024-08-10,Uniswap V3,Arbitrum,11.89,USDC,109620223,1.6,6.42
2024-08-10,Uniswap V3,Arbitrum,8.89,USDT,117368477,1.47,4.53
2024-08-10,Uniswap V3,Arbitrum,11.01,DAI,112631665,1.2,5.18
2024-08-10,Uniswap V3,Optimism,10.87,USDC,106082620,1.3,4.17
2024-08-10,Uniswap V3,Optimism,9.05,USDT,115068793,1.15,4.85
2024-08-10,Uniswap V3,Optimism,11.1,DAI,109844787,1.25,2.65
2024-08-10,Uniswap V3,Polygon,9.84,USDC,115861048,0.55,2.82
2024-08-10,Uniswap V3,Polygon,12.58,USDT,109227366,0.45,4.43
2024-08-10,Uniswap V3,Polygon,10.91,DAI,106707528,0.69,2.69
2024-08-10,Uniswap V3,Base,10.55,USDC,116796799,0.92,3.05
2024-08-10,Uniswap V3,Base,11.12,USDT,113077424,1.11,4.69
2024-08-10,Uniswap V3,Base,10.71,DAI,103583953,1.02,4.97
2024-08-10,Yearn,Ethereum,3.57,USDC,135738378,16.2,0
2024-08-10,Yearn,Ethereum,3.96,USDT,142496146,11.66,0
2024-08-10,Yearn,Ethereum,4.01,DAI,141227902,12.02,0
2024-08-10,Yearn,Arbitrum,4.73,USDC,145416538,1.52,4.41
2024-08-10,Yearn,Arbitrum,4.48,USDT,143608948,1.86,5.29
2024-08-10,Yearn,Arbitrum,4.58,DAI,141967334,1.71,3.53
2024-08-10,Yearn,Optimism,4.44,USDC,136386294,1.12,4.3
2024-08-10,Yearn,Optimism,3.88,USDT,140031282,1.39,4.57
2024-08-10,Yearn,Optimism,4.04,DAI,152354278,1.18,2.82
2024-08-10,Yearn,Polygon,4.85,USDC,136460916,0.76,2.83
2024-08-10,Yearn,Polygon,4.75,USDT,159876428,0.61,3.71
2024-08-10,Yearn,Polygon,5.0,DAI,118620234,0.84,2.56
2024-08-10,Yearn,Base,4.59,USDT,139589573,1.0,2.89
2024-08-10,Yearn,Base,4.64,DAI,145406831,1.14,2.24
2024-08-10,Pendle,Ethereum,11.24,USDC,90095884,12.69,0
2024-08-10,Pendle,Ethereum,11.65,DAI,89827675,13.5,0
2024-08-10,Pendle,Arbitrum,13.19,USDC,94252702,1.6,4.78
2024-08-10,Pendle,Arbitrum,14.16,DAI,84323230,1.48,4.88
2024-08-10,Pendle,Optimism,15.28,USDC,89659344,1.39,4.16
2024-08-10,Pendle,Optimism,13.98,USDT,85030430,0.89,3.89
2024-08-10,Pendle,Optimism,13.49,DAI,86920048,0.62,3.72
2024-08-10,Pendle,Base,14.94,USDC,81453869,0.97,5.62
2024-08-10,Pendle,Base,10.95,USDT,88907408,1.11,2.51
2024-08-10,Pendle,Base,14.75,DAI,86277600,0.82,4.27
2024-08-10,Convex,Ethereum,4.48,USDC,188676586,14.11,0
2024-08-10,Convex,Ethereum,5.22,USDT,168423590,12.1,0
2024-08-10,Convex,Ethereum,5.43,DAI,180899132,12.35,0
2024-08-10,Balancer,Ethereum,8.37,USDC,131542209,12.59,0
2024-08-10,Balancer,Ethereum,6.01,USDT,122349648,10.29,0
2024-08-10,Balancer,Ethereum,9.55,DAI,123214844,12.17,0
2024-08-10,Balancer,Arbitrum,10.05,USDC,126012295,1.76,7.99
2024-08-10,Balancer,Arbitrum,9.93,USDT,130789121,1.15,5.57
2024-08-10,Balancer,Arbitrum,11.08,DAI,134455195,1.57,6.4
2024-08-10,Balancer,Optimism,10.94,USDC,120211853,1.08,4.76
2024-08-10,Balancer,Optimism,8.9,USDT,126506699,1.01,4.63
2024-08-10,Balancer,Optimism,9.53,DAI,131075816,1.33,4.75
2024-08-10,Balancer,Polygon,10.9,USDT,130277610,0.6,2.54
2024-08-10,Balancer,Polygon,8.92,DAI,122398159,0.58,2.52
2024-08-10,Balancer,Base,8.52,USDC,132748019,0.98,3.78
2024-08-10,Balancer,Base,8.59,USDT,122099480,1.18,3.31
2024-08-10,Balancer,Base,10.47,DAI,126046963,0.74,3.59
2024-08-11,Aave,Ethereum,2.88,USDC,286414139,11.67,0
2024-08-11,Aave,Ethereum,2.71,USDT,301338857,10.46,0
2024-08-11,Aave,Ethereum,3.15,DAI,285511763,13.32,0
2024-08-11,Aave,Arbitrum,3.58,USDC,269449107,1.69,5.47
2024-08-11,Aave,Arbitrum,3.5,USDT,284790378,1.31,5.91
2024-08-11,Aave,Arbitrum,3.53,DAI,297100262,1.66,5.73
2024-08-11,Aave,Optimism,3.5,USDC,292876126,1.32,4.11
2024-08-11,Aave,Optimism,2.83,USDT,282243250,1.24,3.7
2024-08-11,Aave,Optimism,3.72,DAI,275932905,1.2,3.52
2024-08-11,Aave,Polygon,3.92,USDC,301036786,0.6,2.34
2024-08-11,Aave,Polygon,4.06,USDT,270098335,0.5,2.32
2024-08-11,Aave,Polygon,3.92,DAI,285133328,0.63,2.95
2024-08-11,Aave,Base,3.33,USDC,291766477,0.77,4.33
2024-08-11,Aave,Base,3.72,USDT,294136315,0.79,3.58
2024-08-11,Aave,Base,3.68,DAI,276855859,1.13,3.52
2024-08-11,Compound,Ethereum,2.97,USDC,207345790,12.7,0
2024-08-11,Compound,Ethereum,2.91,DAI,186598427,13.26,0
2024-08-11,Compound,Arbitrum,3.39,USDC,184088104,1.31,5.04
2024-08-11,Compound,Arbitrum,3.52,DAI,202944145,1.66,4.94
2024-08-11,Compound,Optimism,3.49,USDC,209450815,1.07,3.52
2024-08-11,Compound,Optimism,3.41,USDT,208490296,1.0,4.09
2024-08-11,Compound,Optimism,3.38,DAI,195138662,1.01,4.21
2024-08-11,Compound,Polygon,3.4,USDC,215994733,0.62,2.91
2024-08-11,Compound,Polygon,3.86,USDT,207656960,0.63,3.7
2024-08-11,Compound,Polygon,3.54,DAI,214853367,0.56,3.31
2024-08-11,Compound,Base,3.44,USDC,212801112,0.89,3.04
2024-08-11,Compound,Base,3.13,USDT,207138976,1.11,4.39
2024-08-11,Curve,Ethereum,8.98,USDT,383839581,11.19,0
2024-08-11,Curve,Arbitrum,8.15,USDC,369094517,1.59,4.0
2024-08-11,Curve,Arbitrum,9.51,USDT,355977488,1.53,7.26
2024-08-11,Curve,Optimism,9.96,USDC,384489591,1.07,5.14
2024-08-11,Curve,Optimism,10.69,USDT,358832214,1.34,3.82
2024-08-11,Curve,Optimism,11.06,DAI,332140217,1.01,2.99
2024-08-11,Curve,Polygon,10.67,USDC,383841280,0.74,2.28
2024-08-11,Curve,Polygon,11.07,USDT,388735928,0.92,3.09
2024-08-11,Curve,Polygon,9.91,DAI,340993143,0.75,3.11
2024-08-11,Curve,Base,7.16,USDC,356478236,1.03,4.7
2024-08-11,Curve,Base,8.41,USDT,366786788,1.09,5.7
2024-08-11,Curve,Base,10.33,DAI,385827675,1.06,3.93
2024-08-11,Uniswap V3,Ethereum,8.25,USDC,112173163,15.0,0
2024-08-11,Uniswap V3,Ethereum,9.0,DAI,106772252,11.39,0
2024-08-11,Uniswap V3,Arbitrum,9.42,USDC,104498857,1.85,5.89
2024-08-11,Uniswap V3,Arbitrum,8.97,USDT,115317839,1.68,4.67
2024-08-11,Uniswap V3,Arbitrum,10.57,DAI,109065545,1.97,3.36
2024-08-11,Uniswap V3,Optimism,7.29,USDC,118942289,0.88,4.37
2024-08-11,Uniswap V3,Optimism,9.05,USDT,108554250,0.92,4.05
2024-08-11,Uniswap V3,Optimism,10.19,DAI,109090153,1.33,4.3
2024-08-11,Uniswap V3,Polygon,9.53,USDC,104710874,0.72,3.16
2024-08-11,Uniswap V3,Polygon,12.61,USDT,108531726,0.64,2.21
2024-08-11,Uniswap V3,Polygon,10.75,DAI,112584858,0.75,2.98
2024-08-11,Uniswap V3,Base,11.44,USDC,107011128,0.66,3.96
2024-08-11,Uniswap V3,Base,9.14,USDT,107329640,1.2,4.26
2024-08-11,Uniswap V3,Base,9.02,DAI,107185781,0.85,4.44
2024-08-11,Yearn,Ethereum,3.78,USDC,139258090,11.86,0
2024-08-11,Yearn,Ethereum,3.61,USDT,145124696,11.77,0
2024-08-11,Yearn,Ethereum,3.64,DAI,133694321,10.3,0
2024-08-11,Yearn,Arbitrum,4.37,USDC,133231891,0.98,5.07
2024-08-11,Yearn,Arbitrum,4.7,USDT,138669728,1.82,5.47
2024-08-11,Yearn,Arbitrum,4.75,DAI,134713184,1.37,5.03
2024-08-11,Yearn,Optimism,4.74,USDC,141582473,1.49,3.06
2024-08-11,Yearn,Optimism,4.39,USDT,145533894,1.13,4.72
2024-08-11,Yearn,Optimism,4.66,DAI,140794944,1.36,3.13
2024-08-11,Yearn,Polygon,4.65,USDC,139674070,0.7,2.43
2024-08-11,Yearn,Polygon,4.89,USDT,147648167,0.62,2.86
2024-08-11,Yearn,Polygon,4.38,DAI,127134485,0.52,2.47
2024-08-11,Yearn,Base,4.37,USDC,124822412,1.04,2.53
2024-08-11,Yearn,Base,5.14,USDT,139352532,1.01,3.54
2024-08-11,Yearn,Base,4.58,DAI,137663215,1.08,3.89
2024-08-11,Pendle,Ethereum,9.62,USDC,92645987,12.92,0
2024-08-11,Pendle,Ethereum,12.04,USDT,93484230,10.11,0
2024-08-11,Pendle,Ethereum,11.44,DAI,90905256,16.47,0
2024-08-11,Pendle,Arbitrum,13.36,USDC,83630708,1.68,5.98
2024-08-11,Pendle,Arbitrum,11.98,USDT,84941606,1.8,5.56
2024-08-11,Pendle,Arbitrum,11.66,DAI,90154162,1.61,5.63
2024-08-11,Pendle,Optimism,13.45,USDC,87256075,0.97,3.57
2024-08-11,Pendle,Optimism,12.14,USDT,87445474,1.28,3.98
2024-08-11,Pendle,Optimism,12.15,DAI,87732503,1.22,5.46
2024-08-11,Pendle,Base,15.13,USDC,85277408,1.08,3.05
2024-08-11,Pendle,Base,12.98,DAI,89841790,0.58,1.78
2024-08-11,Convex,Ethereum,5.19,USDC,172543740,9.8,0
2024-08-11,Convex,Ethereum,3.82,USDT,166502362,11.39,0
2024-08-11,Balancer,Ethereum,5.98,USDC,128886054,10.06,0
2024-08-11,Balancer,Ethereum,7.79,USDT,127547864,9.3,0
2024-08-11,Balancer,Ethereum,9.79,DAI,133614544,12.14,0
2024-08-11,Balancer,Arbitrum,9.56,USDC,128818573,1.87,4.8
2024-08-11,Balancer,Arbitrum,10.43,USDT,131166600,1.16,5.09
2024-08-11,Balancer,Arbitrum,10.15,DAI,134049911,1.48,3.55
2024-08-11,Balancer,Optimism,9.17,USDC,125740609,1.3,4.15
2024-08-11,Balancer,Optimism,9.27,USDT,128709037,1.49,5.34
2024-08-11,Balancer,Optimism,9.44,DAI,119925105,1.44,3.44
2024-08-11,Balancer,Polygon,8.75,USDC,122257960,0.54,4.01
2024-08-11,Balancer,Polygon,11.97,USDT,132164297,0.48,2.25
2024-08-11,Balancer,Polygon,10.3,DAI,123711785,0.8,2.63
2024-08-11,Balancer,Base,9.36,USDC,124343094,1.07,3.44
2024-08-11,Balancer,Base,8.37,USDT,127349866,0.81,2.88
2024-08-11,Balancer,Base,8.74,DAI,126127399,0.81,4.37
2024-08-12,Aave,Ethereum,2.94,USDC,281401236,17.77,0
2024-08-12,Aave,Ethereum,2.89,USDT,273543465,15.55,0
2024-08-12,Aave,Ethereum,2.98,DAI,274959958,20.26,0
2024-08-12,Aave,Arbitrum,3.68,USDC,296583247,2.11,6.33
2024-08-12,Aave,Arbitrum,3.45,USDT,283673141,2.4,5.8
2024-08-12,Aave,Optimism,3.38,USDC,263598526,1.74,3.71
2024-08-12,Aave,Optimism,3.45,USDT,303849457,1.63,5.15
2024-08-12,Aave,Optimism,3.84,DAI,294547245,1.69,4.25
2024-08-12,Aave,Polygon,3.75,USDC,286129284,1.18,3.52
2024-08-12,Aave,Polygon,3.91,USDT,285913789,1.11,4.17
2024-08-12,Aave,Polygon,3.76,DAI,286798056,1.0,2.36
2024-08-12,Aave,Base,3.22,USDC,271700352,1.24,3.83
2024-08-12,Aave,Base,3.34,USDT,286101641,1.23,5.45
2024-08-12,Aave,Base,3.57,DAI,304419004,1.45,3.22
2024-08-12,Compound,Ethereum,2.53,USDC,211316560,23.29,0
2024-08-12,Compound,Ethereum,2.85,USDT,203969774,19.0,0
2024-08-12,Compound,Ethereum,2.82,DAI,202665391,14.6,0
2024-08-12,Compound,Arbitrum,3.37,USDC,203842592,2.25,5.83
2024-08-12,Compound,Arbitrum,3.42,USDT,212548324,2.91,8.03
2024-08-12,Compound,Arbitrum,3.51,DAI,205673516,2.33,4.46
2024-08-12,Compound,Optimism,3.56,USDC,216447650,1.69,2.91
2024-08-12,Compound,Optimism,3.07,DAI,190545527,1.51,3.55
2024-08-12,Compound,Polygon,3.32,USDC,205543275,0.81,3.13
2024-08-12,Compound,Polygon,3.95,USDT,218963999,0.95,2.83
2024-08-12,Compound,Polygon,3.47,DAI,213824154,0.78,3.57
2024-08-12,Compound,Base,3.2,USDC,200844792,1.73,4.56
2024-08-12,Compound,Base,3.41,USDT,186558393,1.32,3.22
2024-08-12,Compound,Base,3.33,DAI,210918594,0.99,3.64
2024-08-12,Curve,Ethereum,6.71,USDT,378559607,16.65,0
2024-08-12,Curve,Ethereum,8.72,DAI,375924189,23.16,0
2024-08-12,Curve,Arbitrum,8.47,USDC,380481909,2.47,6.52
2024-08-12,Curve,Arbitrum,7.99,USDT,376610746,2.41,4.91
2024-08-12,Curve,Arbitrum,9.85,DAI,376283276,2.52,4.36
2024-08-12,Curve,Optimism,8.42,USDC,378227383,1.59,3.93
2024-08-12,Curve,Optimism,9.28,USDT,369232781,1.79,2.81
2024-08-12,Curve,Optimism,7.48,DAI,340482942,1.94,3.32
2024-08-12,Curve,Polygon,11.64,USDC,367574124,0.76,4.04
2024-08-12,Curve,Polygon,9.38,USDT,370014911,0.99,2.21
2024-08-12,Curve,Polygon,8.03,DAI,375474117,0.91,3.59
2024-08-12,Curve,Base,9.96,USDC,371107059,1.55,3.5
2024-08-12,Curve,Base,10.01,USDT,344841829,1.31,4.35
2024-08-12,Curve,Base,9.14,DAI,318023051,1.42,3.62
2024-08-12,Uniswap V3,Ethereum,7.73,USDC,105867680,13.15,0
2024-08-12,Uniswap V3,Ethereum,8.4,USDT,107942406,16.63,0
2024-08-12,Uniswap V3,Ethereum,9.89,DAI,99613637,15.4,0
2024-08-12,Uniswap V3,Arbitrum,12.61,USDC,104722898,1.82,4.6
2024-08-12,Uniswap V3,Arbitrum,9.33,USDT,109843671,3.14,5.23
2024-08-12,Uniswap V3,Arbitrum,9.17,DAI,100507711,1.98,2.91
2024-08-12,Uniswap V3,Optimism,11.15,USDC,111860476,1.85,2.98
2024-08-12,Uniswap V3,Optimism,10.91,USDT,105741833,1.74,4.67
2024-08-12,Uniswap V3,Optimism,10.22,DAI,104684912,1.39,4.48
2024-08-12,Uniswap V3,Polygon,8.28,USDC,109691296,0.9,2.08
2024-08-12,Uniswap V3,Polygon,13.52,USDT,107879422,0.89,3.35
2024-08-12,Uniswap V3,Polygon,11.04,DAI,111212832,1.15,3.08
2024-08-12,Uniswap V3,Base,10.04,USDC,106128790,1.43,3.89
2024-08-12,Uniswap V3,Base,10.56,USDT,102078731,1.52,4.13
2024-08-12,Uniswap V3,Base,10.62,DAI,107258625,1.46,4.45
2024-08-12,Yearn,Ethereum,4.02,USDC,139615692,19.42,0
2024-08-12,Yearn,Ethereum,4.01,USDT,141559339,16.91,0
2024-08-12,Yearn,Ethereum,3.63,DAI,132411922,11.67,0
2024-08-12,Yearn,Arbitrum,5.18,USDC,132371370,2.67,4.29
2024-08-12,Yearn,Arbitrum,5.12,USDT,137803711,1.93,4.66
2024-08-12,Yearn,Arbitrum,4.72,DAI,137876790,2.75,6.59
2024-08-12,Yearn,Optimism,4.45,USDC,146950841,2.25,5.03
2024-08-12,Yearn,Optimism,4.56,USDT,130315887,2.11,3.85
2024-08-12,Yearn,Optimism,4.19,DAI,131237315,2.06,3.9
2024-08-12,Yearn,Polygon,4.94,USDC,130271570,1.06,2.83
2024-08-12,Yearn,Polygon,4.99,USDT,147246739,0.85,2.85
2024-08-12,Yearn,Polygon,4.54,DAI,138962534,0.95,3.46
2024-08-12,Yearn,Base,4.69,USDC,139866493,1.39,3.41
2024-08-12,Yearn,Base,4.56,USDT,142260584,1.39,2.64
2024-08-12,Yearn,Base,4.26,DAI,138427490,1.13,2.06
2024-08-12,Pendle,Ethereum,11.04,USDC,89056588,18.42,0
2024-08-12,Pendle,Ethereum,9.83,USDT,85126455,19.43,0
2024-08-12,Pendle,Ethereum,10.44,DAI,92690910,19.13,0
2024-08-12,Pendle,Arbitrum,16.41,USDC,79603276,2.04,5.62
2024-08-12,Pendle,Arbitrum,13.49,USDT,93404496,2.27,5.03
2024-08-12,Pendle,Arbitrum,14.38,DAI,84505496,2.58,6.12
2024-08-12,Pendle,Optimism,12.61,USDC,86981430,1.97,4.26
2024-08-12,Pendle,Optimism,12.17,USDT,93627184,2.09,4.22
2024-08-12,Pendle,Optimism,15.56,DAI,87465103,2.13,3.41
2024-08-12,Pendle,Base,15.81,USDC,79633528,1.45,3.51
2024-08-12,Pendle,Base,10.98,USDT,87097680,1.57,3.59
2024-08-12,Pendle,Base,13.55,DAI,86990186,1.62,4.05
2024-08-12,Convex,Ethereum,5.49,USDC,171060504,22.24,0
2024-08-12,Convex,Ethereum,5.34,USDT,173763646,21.19,0
2024-08-12,Convex,Ethereum,4.25,DAI,172055921,16.71,0
2024-08-12,Balancer,Ethereum,8.38,USDT,125643001,17.21,0
2024-08-12,Balancer,Ethereum,8.28,DAI,122654547,21.45,0
2024-08-12,Balancer,Arbitrum,10.48,USDC,131221626,1.87,4.4
2024-08-12,Balancer,Arbitrum,7.71,USDT,130035294,2.62,5.11
2024-08-12,Balancer,Arbitrum,8.7,DAI,119965636,2.68,6.67
2024-08-12,Balancer,Optimism,9.01,USDC,121200344,1.52,4.04
2024-08-12,Balancer,Optimism,9.05,USDT,138460068,1.97,2.73
2024-08-12,Balancer,Polygon,10.91,USDC,120360577,0.96,3.6
2024-08-12,Balancer,Polygon,9.62,USDT,114567928,1.01,2.53
2024-08-12,Balancer,Polygon,9.99,DAI,121325197,0.71,2.75
2024-08-12,Balancer,Base,10.09,USDT,121489479,1.82,4.99
2024-08-12,Balancer,Base,12.23,DAI,123216610,1.32,4.85
2024-08-13,Aave,Ethereum,2.93,USDC,297459901,22.48,0
2024-08-13,Aave,Ethereum,3.31,USDT,278325172,18.64,0
2024-08-13,Aave,Ethereum,3.33,DAI,285391107,19.88,0
2024-08-13,Aave,Arbitrum,3.97,USDC,277014566,2.18,3.46
2024-08-13,Aave,Arbitrum,3.61,USDT,286489178,2.23,4.73
2024-08-13,Aave,Optimism,3.7,USDC,283289941,2.04,4.88
2024-08-13,Aave,Optimism,3.65,USDT,276061162,1.77,3.25
2024-08-13,Aave,Optimism,3.18,DAI,270291484,1.57,2.97
2024-08-13,Aave,Polygon,3.52,USDC,281725344,0.79,2.51
2024-08-13,Aave,Polygon,3.94,USDT,287668899,0.87,1.64
2024-08-13,Aave,Polygon,3.75,DAI,285677049,0.88,3.66
2024-08-13,Aave,Base,3.53,USDC,259131105,1.54,3.84
2024-08-13,Aave,Base,3.42,USDT,272770505,1.47,2.95
2024-08-13,Aave,Base,3.6,DAI,289592660,1.32,3.56
2024-08-13,Compound,Ethereum,2.63,USDC,201967680,16.01,0
2024-08-13,Compound,Ethereum,3.03,USDT,211729182,19.73,0
2024-08-13,Compound,Ethereum,2.79,DAI,194844743,15.15,0
2024-08-13,Compound,Arbitrum,3.85,USDC,201188215,2.22,6.72
2024-08-13,Compound,Arbitrum,3.72,USDT,204620952,2.25,5.06
2024-08-13,Compound,Arbitrum,3.66,DAI,214532178,2.1,6.24
2024-08-13,Compound,Optimism,3.43,USDT,209739463,2.0,4.0
2024-08-13,Compound,Optimism,3.36,DAI,195718605,1.92,3.27
2024-08-13,Compound,Polygon,3.88,USDC,204152727,0.73,2.58
2024-08-13,Compound,Polygon,3.5,USDT,201196482,1.05,2.27
2024-08-13,Compound,Polygon,3.75,DAI,213390801,0.9,1.68
2024-08-13,Compound,Base,3.39,USDC,200538483,1.43,3.67
2024-08-13,Compound,Base,3.34,USDT,226033048,1.36,3.99
2024-08-13,Compound,Base,3.16,DAI,201626618,1.31,4.62
2024-08-13,Curve,Ethereum,9.19,USDC,369869124,23.02,0
2024-08-13,Curve,Ethereum,10.27,DAI,371942424,25.78,0
2024-08-13,Curve,Arbitrum,8.52,USDC,345597506,2.46,4.45
2024-08-13,Curve,Arbitrum,10.36,USDT,325078213,2.48,5.3
2024-08-13,Curve,Optimism,6.16,USDC,377155630,1.74,4.32
2024-08-13,Curve,Optimism,9.44,USDT,347766244,1.7,3.92
2024-08-13,Curve,Optimism,11.19,DAI,340664535,1.49,2.91
2024-08-13,Curve,Polygon,11.1,USDC,322894728,1.07,3.58
2024-08-13,Curve,Polygon,10.13,USDT,374802256,1.06,3.22
2024-08-13,Curve,Polygon,11.16,DAI,356125965,1.03,4.32
2024-08-13,Curve,Base,8.45,USDT,361817584,1.38,3.98
2024-08-13,Curve,Base,10.73,DAI,349314635,1.22,3.97
2024-08-13,Uniswap V3,Ethereum,7.67,USDC,111235437,17.55,0
2024-08-13,Uniswap V3,Ethereum,8.49,USDT,110051720,18.57,0
2024-08-13,Uniswap V3,Ethereum,8.22,DAI,113155934,23.72,0
2024-08-13,Uniswap V3,Arbitrum,12.62,USDC,100868579,2.57,6.02
2024-08-13,Uniswap V3,Arbitrum,12.61,USDT,102020014,2.83,4.84
2024-08-13,Uniswap V3,Arbitrum,8.55,DAI,106675976,2.27,4.09
2024-08-13,Uniswap V3,Optimism,11.23,USDC,105054049,2.11,3.93
2024-08-13,Uniswap V3,Optimism,9.59,USDT,107940405,1.47,5.62
2024-08-13,Uniswap V3,Optimism,12.36,DAI,108920295,1.9,4.38
2024-08-13,Uniswap V3,Polygon,11.1,USDC,107906876,1.01,2.77
2024-08-13,Uniswap V3,Polygon,9.82,USDT,105337842,0.92,2.63
2024-08-13,Uniswap V3,Polygon,11.0,DAI,109938817,0.83,2.8
2024-08-13,Uniswap V3,Base,9.7,USDC,109376830,1.49,4.17
2024-08-13,Uniswap V3,Base,10.46,USDT,105298268,1.21,3.29
2024-08-13,Uniswap V3,Base,11.45,DAI,110909349,1.05,3.91
2024-08-13,Yearn,Ethereum,3.91,USDC,132613825,22.11,0
2024-08-13,Yearn,Ethereum,3.79,USDT,133541966,15.63,0
2024-08-13,Yearn,Ethereum,3.94,DAI,125398857,20.04,0
2024-08-13,Yearn,Arbitrum,4.84,USDC,128050996,2.54,3.01
2024-08-13,Yearn,Arbitrum,4.55,USDT,124758266,1.63,4.6
2024-08-13,Yearn,Optimism,4.26,USDC,133665845,1.91,2.65
2024-08-13,Yearn,Optimism,4.53,USDT,133271703,2.0,4.03
2024-08-13,Yearn,Optimism,4.04,DAI,132225936,2.32,3.91
2024-08-13,Yearn,Polygon,5.03,USDC,140419798,1.01,2.09
2024-08-13,Yearn,Polygon,4.52,USDT,138078427,1.05,3.37
2024-08-13,Yearn,Polygon,4.67,DAI,126838774,0.98,3.48
2024-08-13,Yearn,Base,4.37,USDC,134733277,1.37,2.95
2024-08-13,Yearn,Base,4.61,USDT,121892752,1.57,4.86
2024-08-13,Yearn,Base,4.61,DAI,141485711,1.72,3.54
2024-08-13,Pendle,Ethereum,12.92,USDC,83512653,17.4,0
2024-08-13,Pendle,Ethereum,12.07,USDT,78681101,23.42,0
2024-08-13,Pendle,Ethereum,9.75,DAI,83612266,16.96,0
2024-08-13,Pendle,Arbitrum,13.35,USDC,85660247,2.85,5.58
2024-08-13,Pendle,Arbitrum,13.86,USDT,87410228,1.86,5.28
2024-08-13,Pendle,Arbitrum,11.57,DAI,89978349,2.38,5.61
2024-08-13,Pendle,Optimism,12.03,USDC,88861708,1.4,4.05
2024-08-13,Pendle,Optimism,12.89,USDT,82371834,1.75,4.82
2024-08-13,Pendle,Optimism,15.32,DAI,85461349,1.31,4.91
2024-08-13,Pendle,Base,11.43,USDC,88430972,1.45,4.74
2024-08-13,Pendle,Base,16.12,USDT,88064917,1.49,3.41
2024-08-13,Pendle,Base,14.44,DAI,79089432,1.66,4.02
2024-08-13,Convex,Ethereum,5.05,USDC,167826616,14.85,0
2024-08-13,Convex,Ethereum,4.77,USDT,167990087,19.32,0
2024-08-13,Convex,Ethereum,5.2,DAI,177393574,17.97,0
2024-08-13,Balancer,Ethereum,7.53,USDC,115714269,16.03,0
2024-08-13,Balancer,Ethereum,8.27,USDT,116670294,14.2,0
2024-08-13,Balancer,Ethereum,7.7,DAI,115034721,20.11,0
2024-08-13,Balancer,Arbitrum,10.0,USDC,127554149,2.72,4.03
2024-08-13,Balancer,Arbitrum,9.69,USDT,115113427,1.96,5.23
2024-08-13,Balancer,Arbitrum,7.34,DAI,122252827,2.75,4.79
2024-08-13,Balancer,Optimism,8.06,USDC,122185196,1.71,3.92
2024-08-13,Balancer,Optimism,10.34,USDT,126889394,1.83,4.09
2024-08-13,Balancer,Optimism,9.95,DAI,124506079,1.59,4.88
2024-08-13,Balancer,Polygon,10.45,USDC,121669910,1.03,3.65
2024-08-13,Balancer,Polygon,9.06,DAI,116570357,0.68,3.27
2024-08-13,Balancer,Base,9.7,USDC,126304420,1.5,4.81
2024-08-13,Balancer,Base,8.92,USDT,121433409,1.33,3.87
2024-08-14,Aave,Ethereum,3.32,USDC,270697660,18.31,0
2024-08-14,Aave,Ethereum,2.71,USDT,282050169,21.06,0
2024-08-14,Aave,Ethereum,2.82,DAI,273195972,14.43,0
2024-08-14,Aave,Arbitrum,3.83,USDC,273378937,2.75,7.66
2024-08-14,Aave,Arbitrum,3.8,USDT,288766750,1.97,5.68
2024-08-14,Aave,Arbitrum,3.78,DAI,268015153,2.35,3.81
2024-08-14,Aave,Optimism,3.67,USDC,268008747,2.18,4.21
2024-08-14,Aave,Optimism,2.82,USDT,275788024,1.76,4.34
2024-08-14,Aave,Optimism,3.65,DAI,274774116,1.35,2.7
2024-08-14,Aave,Polygon,3.93,USDC,285084451,0.99,2.31
2024-08-14,Aave,Polygon,3.83,USDT,255565725,1.21,3.21
2024-08-14,Aave,Polygon,3.97,DAI,260509969,0.88,2.62
2024-08-14,Aave,Base,3.5,USDC,273810531,1.53,3.56
2024-08-14,Aave,Base,3.43,USDT,311883042,1.55,4.17
2024-08-14,Aave,Base,3.66,DAI,256223300,1.83,3.97
2024-08-14,Compound,Ethereum,2.71,USDC,198097403,15.54,0
2024-08-14,Compound,Ethereum,2.98,USDT,204797334,19.2,0
2024-08-14,Compound,Ethereum,2.77,DAI,204596548,14.85,0
2024-08-14,Compound,Arbitrum,3.46,USDC,204607935,2.05,5.77
2024-08-14,Compound,Arbitrum,3.6,USDT,205435463,2.35,4.93
2024-08-14,Compound,Arbitrum,3.54,DAI,194855600,2.26,4.57
2024-08-14,Compound,Optimism,3.09,USDT,197345709,1.73,4.27
2024-08-14,Compound,Optimism,3.25,DAI,208566623,2.03,4.04
2024-08-14,Compound,Polygon,3.44,USDC,190920990,1.09,2.29
2024-08-14,Compound,Polygon,3.98,USDT,202343670,1.1,2.83
2024-08-14,Compound,Polygon,3.51,DAI,191912119,0.89,3.36
2024-08-14,Compound,Base,3.43,USDC,204927053,1.68,5.15
2024-08-14,Compound,Base,3.62,USDT,194313348,1.25,2.84
2024-08-14,Compound,Base,3.32,DAI,187793864,1.46,4.95
2024-08-14,Curve,Ethereum,7.66,USDC,374700046,20.15,0
2024-08-14,Curve,Ethereum,6.12,USDT,355143112,19.64,0
2024-08-14,Curve,Ethereum,8.76,DAI,376722585,21.3,0
2024-08-14,Curve,Arbitrum,6.79,USDC,363273890,2.54,4.32
2024-08-14,Curve,Arbitrum,9.43,USDT,355517698,2.86,5.59
2024-08-14,Curve,Arbitrum,8.44,DAI,352712193,2.18,4.79
2024-08-14,Curve,Optimism,9.68,USDC,388352679,1.75,3.91
2024-08-14,Curve,Optimism,9.78,USDT,352563758,1.51,3.3
2024-08-14,Curve,Optimism,9.23,DAI,346114734,1.82,3.33
2024-08-14,Curve,Polygon,10.78,USDC,341732194,1.15,3.58
2024-08-14,Curve,Polygon,8.53,USDT,385683480,1.02,2.42
2024-08-14,Curve,Polygon,9.97,DAI,355592259,1.0,2.81
2024-08-14,Curve,Base,9.15,USDC,369300453,1.37,3.34
2024-08-14,Curve,Base,8.03,DAI,336788186,0.93,5.2
2024-08-14,Uniswap V3,Ethereum,9.88,USDC,105863364,15.52,0
2024-08-14,Uniswap V3,Ethereum,8.7,USDT,103282312,20.09,0
2024-08-14,Uniswap V3,Ethereum,8.22,DAI,109917270,19.05,0
2024-08-14,Uniswap V3,Arbitrum,9.74,USDC,106634465,2.26,4.43
2024-08-14,Uniswap V3,Arbitrum,11.81,USDT,103843564,2.94,3.99
2024-08-14,Uniswap V3,Arbitrum,12.06,DAI,106425345,2.22,5.51
2024-08-14,Uniswap V3,Optimism,11.12,USDC,105922405,1.48,4.11
2024-08-14,Uniswap V3,Optimism,8.28,USDT,99766679,1.87,3.7
2024-08-14,Uniswap V3,Optimism,9.25,DAI,106041232,1.95,3.96
2024-08-14,Uniswap V3,Polygon,11.52,USDC,113504864,0.79,2.39
2024-08-14,Uniswap V3,Polygon,9.13,USDT,105437628,1.0,2.93
2024-08-14,Uniswap V3,Base,9.27,USDC,107377963,1.79,4.7
2024-08-14,Uniswap V3,Base,11.6,USDT,96862599,0.93,3.21
2024-08-14,Uniswap V3,Base,9.17,DAI,102834597,1.46,2.5
2024-08-14,Yearn,Ethereum,3.74,USDC,137352871,20.19,0
2024-08-14,Yearn,Ethereum,3.54,DAI,124887715,20.78,0
2024-08-14,Yearn,Arbitrum,5.14,USDC,125458693,2.62,5.53
2024-08-14,Yearn,Arbitrum,5.19,USDT,133553387,2.48,5.9
2024-08-14,Yearn,Optimism,4.57,USDT,144503509,1.89,4.22
2024-08-14,Yearn,Optimism,4.51,DAI,132263557,2.32,4.48
2024-08-14,Yearn,Polygon,4.08,USDC,136456334,0.98,3.68
2024-08-14,Yearn,Polygon,5.22,USDT,144930277,0.83,4.23
2024-08-14,Yearn,Polygon,4.89,DAI,135651259,0.91,3.76
2024-08-14,Yearn,Base,4.33,USDC,128507179,1.28,4.2
2024-08-14,Yearn,Base,4.5,USDT,139020302,1.6,3.09
2024-08-14,Yearn,Base,4.17,DAI,128309100,1.34,4.71
2024-08-14,Pendle,Ethereum,11.64,USDT,82822517,21.37,0
2024-08-14,Pendle,Arbitrum,13.24,USDC,82383264,2.28,4.57
2024-08-14,Pendle,Arbitrum,13.18,USDT,76987256,2.52,5.11
2024-08-14,Pendle,Arbitrum,15.19,DAI,85960553,1.86,5.58
2024-08-14,Pendle,Optimism,12.72,USDC,83487494,1.87,4.86
2024-08-14,Pendle,Optimism,15.04,USDT,86163114,1.6,3.4
2024-08-14,Pendle,Optimism,14.51,DAI,81025841,1.58,4.19
2024-08-14,Pendle,Base,12.59,USDC,82395747,1.51,3.52
2024-08-14,Pendle,Base,14.54,USDT,85640118,1.64,3.07
2024-08-14,Pendle,Base,12.7,DAI,88030606,1.34,4.05
2024-08-14,Convex,Ethereum,4.97,USDC,163142671,17.81,0
2024-08-14,Convex,Ethereum,5.07,USDT,167992463,17.01,0
2024-08-14,Convex,Ethereum,5.13,DAI,180169255,19.37,0
2024-08-14,Balancer,Ethereum,7.24,USDC,119335999,20.27,0
2024-08-14,Balancer,Ethereum,8.86,USDT,127109705,18.3,0
2024-08-14,Balancer,Ethereum,7.68,DAI,125973236,20.38,0
2024-08-14,Balancer,Arbitrum,9.35,USDC,122206678,2.87,4.01
2024-08-14,Balancer,Arbitrum,11.14,USDT,129690694,2.03,5.46
2024-08-14,Balancer,Arbitrum,10.23,DAI,110085793,3.39,4.47
2024-08-14,Balancer,Optimism,10.0,USDC,122986142,2.06,4.01
2024-08-14,Balancer,Optimism,9.03,USDT,130955519,1.96,5.64
2024-08-14,Balancer,Optimism,10.62,DAI,123189528,1.82,2.75
2024-08-14,Balancer,Polygon,9.47,USDC,115630516,0.9,2.33
2024-08-14,Balancer,Polygon,9.01,USDT,122518559,1.0,2.2
2024-08-14,Balancer,Polygon,8.97,DAI,120234942,0.87,3.7
2024-08-14,Balancer,Base,9.27,USDC,120217785,1.55,4.31
2024-08-14,Balancer,Base,8.25,USDT,122976023,1.55,3.91
2024-08-14,Balancer,Base,9.05,DAI,117960001,1.1,3.43
2024-08-15,Aave,Ethereum,2.9,USDC,277189561,20.64,0
2024-08-15,Aave,Ethereum,3.32,USDT,284650084,19.32,0
2024-08-15,Aave,Ethereum,2.79,DAI,280880314,16.72,0
2024-08-15,Aave,Arbitrum,3.43,USDT,275652396,2.82,6.12
2024-08-15,Aave,Arbitrum,3.31,DAI,273505813,2.32,2.9
2024-08-15,Aave,Optimism,3.69,USDT,289340976,1.98,4.53
2024-08-15,Aave,Optimism,3.58,DAI,264708622,1.63,2.91
2024-08-15,Aave,Polygon,3.84,USDC,282999059,0.77,2.12
2024-08-15,Aave,Polygon,3.88,USDT,263468044,1.13,3.0
2024-08-15,Aave,Polygon,3.69,DAI,277265708,0.52,3.34
2024-08-15,Aave,Base,3.57,USDC,264379300,1.38,3.8
2024-08-15,Aave,Base,3.47,USDT,274000448,1.77,4.13
2024-08-15,Aave,Base,3.94,DAI,256118284,1.42,4.0
2024-08-15,Compound,Ethereum,2.86,USDC,195014064,20.48,0
2024-08-15,Compound,Ethereum,2.97,USDT,184712181,19.9,0
2024-08-15,Compound,Ethereum,2.53,DAI,188709578,16.07,0
2024-08-15,Compound,Arbitrum,3.56,USDC,197900689,2.96,5.24
2024-08-15,Compound,Arbitrum,3.31,DAI,199944797,2.03,5.17
2024-08-15,Compound,Optimism,3.09,USDC,208647455,1.8,4.26
2024-08-15,Compound,Optimism,3.52,USDT,189730223,1.26,3.68
2024-08-15,Compound,Optimism,3.31,DAI,187209689,1.47,3.68
2024-08-15,Compound,Polygon,3.58,USDC,192721106,0.82,3.21
2024-08-15,Compound,Polygon,3.62,USDT,191433723,0.99,2.98
2024-08-15,Compound,Polygon,3.75,DAI,211495962,1.18,3.43
2024-08-15,Compound,Base,3.42,USDC,193926905,1.52,3.21
2024-08-15,Compound,Base,3.35,USDT,202635705,1.48,5.49
2024-08-15,Compound,Base,3.18,DAI,193499725,1.44,2.27
2024-08-15,Curve,Ethereum,8.13,USDC,342606406,19.94,0
2024-08-15,Curve,Ethereum,7.0,USDT,349355489,20.63,0
2024-08-15,Curve,Ethereum,7.28,DAI,345680429,16.56,0
2024-08-15,Curve,Arbitrum,10.2,USDC,347747173,2.32,5.05
2024-08-15,Curve,Arbitrum,11.66,USDT,342647923,2.59,5.61
2024-08-15,Curve,Arbitrum,11.51,DAI,354844199,2.22,5.51
2024-08-15,Curve,Optimism,9.48,USDC,341545587,1.43,2.87
2024-08-15,Curve,Optimism,7.39,USDT,336660576,1.97,4.59
2024-08-15,Curve,Optimism,11.04,DAI,366524429,1.68,5.08
2024-08-15,Curve,Polygon,11.55,USDC,362549634,0.89,4.06
2024-08-15,Curve,Polygon,10.07,USDT,336390634,0.89,3.66
2024-08-15,Curve,Polygon,9.88,DAI,371783401,0.73,3.3
2024-08-15,Curve,Base,10.4,USDC,357534906,1.36,3.69
2024-08-15,Curve,Base,10.21,USDT,359643053,1.58,6.11
2024-08-15,Curve,Base,7.34,DAI,365247686,1.46,3.58
2024-08-15,Uniswap V3,Ethereum,8.49,USDC,114127815,21.74,0
2024-08-15,Uniswap V3,Ethereum,8.81,USDT,101838728,16.3,0
2024-08-15,Uniswap V3,Ethereum,8.19,DAI,106407324,18.82,0
2024-08-15,Uniswap V3,Arbitrum,10.5,USDC,95815253,2.05,5.82
2024-08-15,Uniswap V3,Arbitrum,6.68,USDT,100225917,2.53,5.18
2024-08-15,Uniswap V3,Arbitrum,8.63,DAI,104236798,2.54,5.0
2024-08-15,Uniswap V3,Optimism,8.98,USDC,98774214,2.1,3.68
2024-08-15,Uniswap V3,Optimism,9.78,USDT,94893839,1.83,3.99
2024-08-15,Uniswap V3,Optimism,9.28,DAI,107861156,1.8,2.52
2024-08-15,Uniswap V3,Polygon,7.75,USDT,102454712,1.05,3.32
2024-08-15,Uniswap V3,Polygon,12.2,DAI,102133574,1.13,3.64
2024-08-15,Uniswap V3,Base,10.86,USDT,96731469,1.58,4.39
2024-08-15,Uniswap V3,Base,7.85,DAI,101103043,1.35,3.89
2024-08-15,Yearn,Ethereum,4.05,USDC,126421379,17.39,0
2024-08-15,Yearn,Ethereum,3.55,USDT,122833961,15.32,0
2024-08-15,Yearn,Ethereum,3.38,DAI,129738494,23.22,0
2024-08-15,Yearn,Arbitrum,4.38,USDC,131255322,2.84,4.29
2024-08-15,Yearn,Arbitrum,4.3,USDT,123384161,2.83,2.97
2024-08-15,Yearn,Arbitrum,4.33,DAI,137059132,2.1,4.43
2024-08-15,Yearn,Optimism,4.28,USDC,127091869,2.02,3.91
2024-08-15,Yearn,Optimism,4.38,USDT,122956182,1.74,4.38
2024-08-15,Yearn,Optimism,3.72,DAI,121867889,1.68,5.06
2024-08-15,Yearn,Polygon,5.06,USDC,126132746,1.17,2.8
2024-08-15,Yearn,Polygon,4.67,USDT,131117794,0.93,4.06
2024-08-15,Yearn,Polygon,4.83,DAI,118878543,0.8,3.3
2024-08-15,Yearn,Base,4.84,USDC,129167696,1.68,2.43
2024-08-15,Yearn,Base,4.6,DAI,129227905,1.49,4.04
2024-08-15,Pendle,Ethereum,7.01,USDC,72480850,16.24,0
2024-08-15,Pendle,Ethereum,12.47,USDT,74684992,17.43,0
2024-08-15,Pendle,Ethereum,11.63,DAI,80074213,22.28,0
2024-08-15,Pendle,Arbitrum,14.73,USDC,80792778,2.49,3.75
2024-08-15,Pendle,Arbitrum,15.35,USDT,78591448,2.35,6.25
2024-08-15,Pendle,Arbitrum,11.91,DAI,76891854,2.16,3.15
2024-08-15,Pendle,Optimism,14.27,USDC,83801348,2.1,5.22
2024-08-15,Pendle,Optimism,12.87,USDT,87171789,2.06,3.25
2024-08-15,Pendle,Optimism,12.39,DAI,83153161,1.43,4.17
2024-08-15,Pendle,Base,14.63,USDC,87919343,1.58,4.86
2024-08-15,Pendle,Base,11.5,USDT,78670150,1.13,5.47
2024-08-15,Pendle,Base,15.12,DAI,83132499,1.42,3.57
2024-08-15,Convex,Ethereum,4.43,USDC,167326180,16.79,0
2024-08-15,Convex,Ethereum,5.0,USDT,166802559,19.13,0
2024-08-15,Convex,Ethereum,4.84,DAI,163066584,16.48,0
2024-08-15,Balancer,Ethereum,7.11,USDC,110330175,16.09,0
2024-08-15,Balancer,Ethereum,8.55,USDT,126317950,14.52,0
2024-08-15,Balancer,Ethereum,7.32,DAI,132556653,18.78,0
2024-08-15,Balancer,Arbitrum,10.11,USDC,122532949,2.65,5.75
2024-08-15,Balancer,Arbitrum,9.71,DAI,121403945,2.57,4.58
2024-08-15,Balancer,Optimism,9.51,USDC,126086508,1.84,3.87
2024-08-15,Balancer,Optimism,8.9,USDT,123553914,1.68,2.6
2024-08-15,Balancer,Optimism,8.54,DAI,125591438,1.92,3.43
2024-08-15,Balancer,Polygon,11.04,USDC,113856908,0.83,3.17
2024-08-15,Balancer,Polygon,10.32,USDT,123780552,0.87,2.97
2024-08-15,Balancer,Polygon,9.89,DAI,124585895,1.29,3.94
2024-08-15,Balancer,Base,7.51,USDT,121971337,1.46,5.58
2024-08-15,Balancer,Base,10.56,DAI,121477344,1.09,3.16
2024-08-16,Aave,Ethereum,3.14,USDC,253980291,12.69,0
2024-08-16,Aave,Ethereum,2.73,USDT,286674694,18.77,0
2024-08-16,Aave,Ethereum,2.7,DAI,251369441,16.59,0
2024-08-16,Aave,Arbitrum,3.63,USDC,272501301,2.16,4.37
2024-08-16,Aave,Arbitrum,3.35,USDT,274205856,2.18,6.7
2024-08-16,Aave,Arbitrum,3.68,DAI,263771989,2.83,6.64
2024-08-16,Aave,Optimism,3.17,USDC,277959188,2.11,4.26
2024-08-16,Aave,Optimism,2.98,USDT,268444767,1.83,3.29
2024-08-16,Aave,Optimism,3.45,DAI,287850448,2.01,5.15
2024-08-16,Aave,Polygon,3.8,USDC,276598003,1.15,3.51
2024-08-16,Aave,Polygon,3.92,USDT,246365291,1.03,2.27
2024-08-16,Aave,Polygon,3.95,DAI,266128063,0.92,2.4
2024-08-16,Aave,Base,3.51,USDC,272464453,1.87,4.47
2024-08-16,Aave,Base,3.18,USDT,271217411,1.78,4.21
2024-08-16,Compound,Ethereum,2.65,USDC,191572992,14.44,0
2024-08-16,Compound,Ethereum,2.59,USDT,184210658,16.26,0
2024-08-16,Compound,Ethereum,2.89,DAI,201147109,21.96,0
2024-08-16,Compound,Arbitrum,3.25,USDC,176696857,2.43,2.85
2024-08-16,Compound,Optimism,2.96,USDC,194033970,1.77,3.28
2024-08-16,Compound,Optimism,3.59,USDT,194224284,1.95,5.2
2024-08-16,Compound,Optimism,2.76,DAI,181142201,2.27,4.05
2024-08-16,Compound,Polygon,3.66,USDC,179626858,1.18,3.29
2024-08-16,Compound,Polygon,3.63,USDT,188853207,1.03,3.65
2024-08-16,Compound,Base,3.45,USDC,196768881,1.52,5.08
2024-08-16,Compound,Base,3.05,USDT,182791882,1.3,4.26
2024-08-16,Compound,Base,3.38,DAI,196088409,1.1,4.02
2024-08-16,Curve,Ethereum,7.01,USDC,339964724,17.6,0
2024-08-16,Curve,Ethereum,7.08,USDT,320694881,18.14,0
2024-08-16,Curve,Ethereum,7.42,DAI,358134364,19.03,0
2024-08-16,Curve,Arbitrum,10.05,USDC,349697540,2.56,5.05
2024-08-16,Curve,Arbitrum,10.27,USDT,320878829,2.52,7.42
2024-08-16,Curve,Arbitrum,7.17,DAI,345868744,2.55,4.92
2024-08-16,Curve,Optimism,7.2,USDT,339090541,2.38,4.04
2024-08-16,Curve,Optimism,10.77,DAI,344888821,1.57,3.05
2024-08-16,Curve,Polygon,9.3,USDC,340681103,1.05,4.1
2024-08-16,Curve,Polygon,9.34,USDT,366296758,0.85,3.67
2024-08-16,Curve,Polygon,7.99,DAI,354625014,0.88,4.62
2024-08-16,Curve,Base,8.06,USDC,335665045,1.15,3.47
2024-08-16,Curve,Base,10.03,USDT,329425917,1.35,3.31
2024-08-16,Curve,Base,7.81,DAI,329619044,1.59,4.08
2024-08-16,Uniswap V3,Ethereum,10.62,USDC,96288948,18.82,0
2024-08-16,Uniswap V3,Ethereum,9.38,USDT,97928313,22.13,0
2024-08-16,Uniswap V3,Ethereum,7.37,DAI,110408727,17.71,0
2024-08-16,Uniswap V3,Arbitrum,9.9,USDC,97288637,2.93,6.54
2024-08-16,Uniswap V3,Arbitrum,11.36,USDT,97168221,2.57,5.66
2024-08-16,Uniswap V3,Arbitrum,9.36,DAI,93392531,2.69,3.63
2024-08-16,Uniswap V3,Optimism,10.98,USDC,98244903,1.63,4.37
2024-08-16,Uniswap V3,Optimism,10.73,USDT,102809369,1.92,4.59
2024-08-16,Uniswap V3,Optimism,7.99,DAI,104676450,1.57,4.61
2024-08-16,Uniswap V3,Polygon,10.78,USDC,102162626,0.96,3.49
2024-08-16,Uniswap V3,Polygon,12.21,DAI,101818035,1.12,3.71
2024-08-16,Uniswap V3,Base,9.67,USDC,101489956,1.53,4.18
2024-08-16,Uniswap V3,Base,8.77,USDT,102147381,1.27,4.97
2024-08-16,Uniswap V3,Base,8.47,DAI,102709972,1.31,5.78
2024-08-16,Yearn,Ethereum,3.93,USDC,125144711,21.12,0
2024-08-16,Yearn,Ethereum,3.7,USDT,118939765,24.01,0
2024-08-16,Yearn,Ethereum,3.6,DAI,121350661,22.42,0
2024-08-16,Yearn,Arbitrum,4.62,USDT,121944983,2.33,3.33
2024-08-16,Yearn,Arbitrum,5.38,DAI,128703743,1.73,4.25
2024-08-16,Yearn,Optimism,4.33,USDC,133626849,1.91,4.62
2024-08-16,Yearn,Optimism,4.03,DAI,140484193,1.38,4.07
2024-08-16,Yearn,Polygon,4.85,USDC,131660123,0.72,2.88
2024-08-16,Yearn,Polygon,4.63,USDT,120984610,1.04,3.72
2024-08-16,Yearn,Polygon,4.54,DAI,126604895,0.98,3.29
2024-08-16,Yearn,Base,4.18,USDC,128960361,1.64,5.79
2024-08-16,Yearn,Base,4.54,DAI,130560762,1.59,4.2
2024-08-16,Pendle,Ethereum,9.03,USDC,84946562,19.24,0
2024-08-16,Pendle,Ethereum,13.11,USDT,75851531,15.18,0
2024-08-16,Pendle,Ethereum,13.04,DAI,81542362,12.97,0
2024-08-16,Pendle,Arbitrum,16.84,USDC,86712386,2.45,5.03
2024-08-16,Pendle,Arbitrum,12.96,USDT,75208980,2.26,6.36
2024-08-16,Pendle,Arbitrum,10.68,DAI,74590381,2.4,6.59
2024-08-16,Pendle,Optimism,13.3,USDC,80618169,1.48,3.58
2024-08-16,Pendle,Optimism,13.79,DAI,77792145,2.37,4.54
2024-08-16,Pendle,Base,11.83,USDC,78211889,1.44,3.77
2024-08-16,Pendle,Base,11.84,DAI,81779873,1.34,3.61
2024-08-16,Convex,Ethereum,3.56,USDT,161249488,13.01,0
2024-08-16,Convex,Ethereum,4.46,DAI,170313444,15.55,0
2024-08-16,Balancer,Ethereum,8.46,USDC,117370984,15.32,0
2024-08-16,Balancer,Ethereum,8.75,USDT,113015400,20.24,0
2024-08-16,Balancer,Ethereum,7.61,DAI,115168047,22.78,0
2024-08-16,Balancer,Arbitrum,11.63,USDC,113448341,2.2,4.97
2024-08-16,Balancer,Arbitrum,8.14,USDT,121193598,2.36,4.69
2024-08-16,Balancer,Arbitrum,7.42,DAI,125004439,2.51,5.14
2024-08-16,Balancer,Optimism,8.94,USDC,125641386,1.97,5.71
2024-08-16,Balancer,Optimism,8.77,USDT,116474648,1.43,3.35
2024-08-16,Balancer,Optimism,9.98,DAI,113703723,1.8,3.8
2024-08-16,Balancer,Polygon,9.6,USDC,119699827,0.93,2.73
2024-08-16,Balancer,Polygon,10.28,USDT,111186162,0.97,2.65
2024-08-16,Balancer,Polygon,10.18,DAI,118932353,1.17,3.12
2024-08-16,Balancer,Base,8.79,USDC,125996837,1.63,4.38
2024-08-16,Balancer,Base,10.16,USDT,115424109,1.13,3.51
2024-08-16,Balancer,Base,10.25,DAI,119779616,1.73,4.28
2024-08-17,Aave,Ethereum,2.24,USDC,250700788,11.32,0
2024-08-17,Aave,Ethereum,2.79,USDT,257881216,12.7,0
2024-08-17,Aave,Ethereum,2.76,DAI,267608819,13.18,0
2024-08-17,Aave,Arbitrum,3.21,USDC,260584860,1.77,5.48
2024-08-17,Aave,Arbitrum,3.55,USDT,275078111,1.41,4.06
2024-08-17,Aave,Arbitrum,3.67,DAI,264524839,1.51,6.22
2024-08-17,Aave,Optimism,3.32,DAI,271958938,0.52,2.47
2024-08-17,Aave,Polygon,3.4,USDC,273190933,0.57,2.11
2024-08-17,Aave,Polygon,3.55,USDT,261391247,0.72,2.73
2024-08-17,Aave,Polygon,3.42,DAI,251303607,0.65,3.97
2024-08-17,Aave,Base,3.28,USDC,238001345,1.12,3.31
2024-08-17,Aave,Base,3.57,USDT,257079673,0.99,3.85
2024-08-17,Aave,Base,3.36,DAI,270695898,1.15,5.05
2024-08-17,Compound,Ethereum,2.64,USDC,202466910,14.24,0
2024-08-17,Compound,Ethereum,2.44,USDT,199609064,16.59,0
2024-08-17,Compound,Arbitrum,2.97,USDC,190814706,1.61,3.99
2024-08-17,Compound,Arbitrum,3.05,USDT,199928623,2.01,5.24
2024-08-17,Compound,Optimism,2.89,USDC,181476449,1.29,3.87
2024-08-17,Compound,Optimism,3.08,DAI,174294112,1.39,4.17
2024-08-17,Compound,Polygon,3.29,USDT,201515784,0.56,4.0
2024-08-17,Compound,Polygon,3.5,DAI,184818732,0.77,3.38
2024-08-17,Compound,Base,3.27,USDC,183366446,0.86,3.34
2024-08-17,Compound,Base,3.21,USDT,183803412,1.0,3.23
2024-08-17,Compound,Base,2.99,DAI,193019692,1.14,4.85
2024-08-17,Curve,Ethereum,6.66,USDC,334205424,11.28,0
2024-08-17,Curve,Ethereum,6.39,USDT,360247716,13.51,0
2024-08-17,Curve,Ethereum,8.02,DAI,303155186,13.05,0
2024-08-17,Curve,Arbitrum,9.68,USDC,303481930,1.3,3.59
2024-08-17,Curve,Arbitrum,8.67,USDT,318555515,1.18,4.68
2024-08-17,Curve,Arbitrum,8.67,DAI,313402567,1.43,4.75
2024-08-17,Curve,Optimism,8.77,USDC,327854288,1.18,2.5
2024-08-17,Curve,Optimism,10.23,USDT,319089737,1.01,3.25
2024-08-17,Curve,Optimism,8.55,DAI,330457238,1.33,3.53
2024-08-17,Curve,Polygon,10.58,USDC,343272102,0.65,3.04
2024-08-17,Curve,Polygon,10.61,USDT,350693243,0.7,2.76
2024-08-17,Curve,Polygon,6.7,DAI,321815656,0.57,2.96
2024-08-17,Curve,Base,8.78,USDC,338183401,0.99,3.39
2024-08-17,Curve,Base,7.18,USDT,369994179,0.69,4.31
2024-08-17,Curve,Base,7.89,DAI,339739674,1.09,4.22
2024-08-17,Uniswap V3,Ethereum,6.26,USDC,104841977,12.56,0
2024-08-17,Uniswap V3,Ethereum,6.7,USDT,103274436,8.85,0
2024-08-17,Uniswap V3,Ethereum,8.53,DAI,104432502,12.02,0
2024-08-17,Uniswap V3,Arbitrum,9.94,USDC,88960316,1.61,6.1
2024-08-17,Uniswap V3,Arbitrum,9.88,USDT,98088893,1.51,3.42
2024-08-17,Uniswap V3,Arbitrum,9.68,DAI,106916197,1.37,4.96
2024-08-17,Uniswap V3,Optimism,8.58,USDC,96698603,1.09,4.45
2024-08-17,Uniswap V3,Optimism,7.13,USDT,101877803,1.2,2.77
2024-08-17,Uniswap V3,Optimism,11.96,DAI,98897782,0.99,4.15
2024-08-17,Uniswap V3,Polygon,10.17,USDC,102819219,0.6,3.17
2024-08-17,Uniswap V3,Polygon,9.3,USDT,104024229,0.68,2.63
2024-08-17,Uniswap V3,Base,7.6,USDC,96327470,0.91,3.83
2024-08-17,Uniswap V3,Base,11.3,USDT,93617997,0.9,4.75
2024-08-17,Uniswap V3,Base,8.8,DAI,101420265,0.95,4.49
2024-08-17,Yearn,Ethereum,3.68,USDT,120039185,9.79,0
2024-08-17,Yearn,Ethereum,3.5,DAI,122240389,12.68,0
2024-08-17,Yearn,Arbitrum,4.44,USDC,131304312,1.71,5.75
2024-08-17,Yearn,Arbitrum,4.32,USDT,125704401,1.45,5.4
2024-08-17,Yearn,Optimism,4.3,USDC,126121198,0.85,4.31
2024-08-17,Yearn,Optimism,4.28,USDT,122119396,1.09,4.86
2024-08-17,Yearn,Optimism,4.17,DAI,135824084,1.02,4.12
2024-08-17,Yearn,Polygon,4.63,USDC,123943438,0.83,2.8
2024-08-17,Yearn,Polygon,4.61,DAI,117766673,0.66,2.02
2024-08-17,Yearn,Base,4.25,USDC,118203973,1.11,4.15
2024-08-17,Yearn,Base,4.21,USDT,140235562,0.73,3.92
2024-08-17,Yearn,Base,4.38,DAI,126918757,0.9,2.82
2024-08-17,Pendle,Ethereum,8.25,USDC,83708909,13.18,0
2024-08-17,Pendle,Ethereum,11.86,USDT,76974361,11.02,0
2024-08-17,Pendle,Ethereum,11.69,DAI,76397083,10.86,0
2024-08-17,Pendle,Arbitrum,12.92,USDC,74042958,1.33,4.64
2024-08-17,Pendle,Arbitrum,13.73,DAI,75916459,1.63,4.27
2024-08-17,Pendle,Optimism,13.18,USDC,86956967,1.45,4.39
2024-08-17,Pendle,Optimism,12.82,USDT,80854632,1.37,4.12
2024-08-17,Pendle,Optimism,11.38,DAI,74965769,1.27,3.49
2024-08-17,Pendle,Base,13.3,USDC,83235834,1.06,2.83
2024-08-17,Pendle,Base,10.77,USDT,85215626,0.73,2.76
2024-08-17,Pendle,Base,10.27,DAI,81964589,0.87,5.68
2024-08-17,Convex,Ethereum,4.81,USDC,158272115,11.39,0
2024-08-17,Convex,Ethereum,4.76,USDT,153669105,12.45,0
2024-08-17,Convex,Ethereum,4.95,DAI,144659472,10.53,0
2024-08-17,Balancer,Ethereum,7.84,USDC,117407197,11.7,0
2024-08-17,Balancer,Ethereum,8.67,USDT,108875037,9.02,0
2024-08-17,Balancer,Ethereum,6.07,DAI,118251431,12.29,0
2024-08-17,Balancer,Arbitrum,8.96,USDC,111383530,1.01,3.31
2024-08-17,Balancer,Arbitrum,8.39,USDT,113088651,1.71,5.45
2024-08-17,Balancer,Arbitrum,10.3,DAI,117875191,1.61,2.7
2024-08-17,Balancer,Optimism,11.04,USDT,118876045,1.03,3.88
2024-08-17,Balancer,Optimism,10.16,DAI,101494411,1.33,4.96
2024-08-17,Balancer,Polygon,8.19,USDC,124873258,0.57,4.32
2024-08-17,Balancer,Polygon,9.96,USDT,119027147,0.51,3.18
2024-08-17,Balancer,Polygon,8.94,DAI,111825221,0.67,3.52
2024-08-17,Balancer,Base,9.11,USDC,114751917,0.77,2.93
2024-08-17,Balancer,Base,9.88,USDT,110931886,0.8,4.65
2024-08-17,Balancer,Base,9.18,DAI,117682237,0.99,3.6
2024-08-18,Aave,Ethereum,2.41,USDC,265400995,13.65,0
2024-08-18,Aave,Ethereum,2.7,USDT,267805834,11.87,0
2024-08-18,Aave,Ethereum,2.4,DAI,266610705,14.14,0
2024-08-18,Aave,Arbitrum,3.17,USDC,275727704,1.47,4.66
2024-08-18,Aave,Arbitrum,3.32,USDT,275601625,1.36,4.35
2024-08-18,Aave,Arbitrum,3.4,DAI,251410795,1.35,4.65
2024-08-18,Aave,Optimism,3.11,USDC,260748598,1.58,4.29
2024-08-18,Aave,Optimism,3.29,USDT,269562059,1.06,2.89
2024-08-18,Aave,Optimism,3.01,DAI,260502784,0.9,4.89
2024-08-18,Aave,Polygon,3.34,USDC,247874705,0.7,3.56
2024-08-18,Aave,Polygon,3.22,USDT,255329049,0.58,2.94
2024-08-18,Aave,Polygon,3.71,DAI,262404436,0.53,3.37
2024-08-18,Aave,Base,3.34,USDC,274576049,0.78,4.13
2024-08-18,Aave,Base,3.05,USDT,247403471,0.94,4.34
2024-08-18,Aave,Base,3.72,DAI,259772734,0.93,2.4
2024-08-18,Compound,Ethereum,2.56,USDC,197774082,12.64,0
2024-08-18,Compound,Ethereum,2.65,USDT,184192946,14.39,0
2024-08-18,Compound,Ethereum,2.39,DAI,188560847,9.37,0
2024-08-18,Compound,Arbitrum,3.08,USDC,189280699,1.55,4.48
2024-08-18,Compound,Arbitrum,2.98,USDT,184894589,1.7,5.02
2024-08-18,Compound,Arbitrum,3.42,DAI,185361695,1.44,4.33
2024-08-18,Compound,Optimism,3.01,USDC,197582682,1.48,4.13
2024-08-18,Compound,Optimism,3.46,USDT,193065659,1.23,4.18
2024-08-18,Compound,Optimism,2.86,DAI,182512482,1.09,4.2
2024-08-18,Compound,Polygon,3.29,USDT,192072076,0.64,2.44
2024-08-18,Compound,Base,3.3,USDC,190962046,0.92,3.3
2024-08-18,Compound,Base,3.06,USDT,190684792,1.03,4.9
2024-08-18,Compound,Base,3.45,DAI,162054337,0.67,2.84
2024-08-18,Curve,Ethereum,7.73,USDC,341571103,11.54,0
2024-08-18,Curve,Ethereum,8.68,DAI,314556378,7.73,0
2024-08-18,Curve,Arbitrum,8.47,USDT,359033306,1.86,5.56
2024-08-18,Curve,Arbitrum,10.1,DAI,327890388,1.59,4.42
2024-08-18,Curve,Optimism,9.4,USDC,324794315,1.16,3.78
2024-08-18,Curve,Optimism,9.75,DAI,321138124,1.3,5.09
2024-08-18,Curve,Polygon,8.33,USDC,332426482,0.54,3.89
2024-08-18,Curve,Polygon,9.82,USDT,319133137,0.77,3.74
2024-08-18,Curve,Polygon,7.8,DAI,334680779,0.65,2.81
2024-08-18,Curve,Base,9.26,USDC,334542314,1.0,3.82
2024-08-18,Curve,Base,9.48,USDT,331778716,0.89,3.57
2024-08-18,Uniswap V3,Ethereum,9.34,USDC,88732843,10.89,0
2024-08-18,Uniswap V3,Ethereum,9.4,USDT,104550702,14.3,0
2024-08-18,Uniswap V3,Ethereum,5.85,DAI,97612715,12.48,0
2024-08-18,Uniswap V3,Arbitrum,11.38,USDT,98114204,1.57,5.05
2024-08-18,Uniswap V3,Arbitrum,6.98,DAI,95988406,1.64,4.7
2024-08-18,Uniswap V3,Optimism,7.98,USDC,91734832,1.43,2.66
2024-08-18,Uniswap V3,Optimism,10.33,USDT,92881382,1.63,2.67
2024-08-18,Uniswap V3,Optimism,7.31,DAI,91455573,1.27,3.77
2024-08-18,Uniswap V3,Polygon,11.01,USDC,103731421,0.61,2.29
2024-08-18,Uniswap V3,Polygon,9.57,USDT,104225268,0.66,2.1
2024-08-18,Uniswap V3,Polygon,11.63,DAI,105621753,0.62,3.19
2024-08-18,Yearn,Ethereum,3.56,USDC,118917742,8.71,0
2024-08-18,Yearn,Ethereum,3.57,USDT,123046662,12.03,0
2024-08-18,Yearn,Ethereum,3.22,DAI,135071437,12.9,0
2024-08-18,Yearn,Arbitrum,4.43,USDC,122042374,1.74,5.26
2024-08-18,Yearn,Arbitrum,4.14,USDT,123292851,1.8,6.12
2024-08-18,Yearn,Arbitrum,3.79,DAI,117711110,1.39,4.26
2024-08-18,Yearn,Optimism,3.97,USDC,120377402,1.22,3.97
2024-08-18,Yearn,Optimism,4.06,DAI,121951151,1.04,5.79
2024-08-18,Yearn,Polygon,5.21,USDC,121541920,0.57,1.95
2024-08-18,Yearn,Polygon,4.74,USDT,123142299,0.58,3.53
2024-08-18,Yearn,Polygon,4.38,DAI,133179010,0.68,2.49
2024-08-18,Yearn,Base,4.6,USDC,116944996,1.02,3.44
2024-08-18,Yearn,Base,4.22,USDT,121178763,1.08,4.02
2024-08-18,Yearn,Base,4.31,DAI,135548736,0.99,2.75
2024-08-18,Pendle,Ethereum,14.04,USDC,83507849,12.64,0
2024-08-18,Pendle,Ethereum,10.58,USDT,82203950,13.01,0
2024-08-18,Pendle,Ethereum,14.09,DAI,89777716,13.6,0
2024-08-18,Pendle,Arbitrum,15.27,USDC,82439971,1.3,3.46
2024-08-18,Pendle,Arbitrum,11.45,DAI,79654370,1.84,5.38
2024-08-18,Pendle,Optimism,12.0,USDC,78432389,1.44,4.68
2024-08-18,Pendle,Optimism,13.15,DAI,78092640,1.14,4.35
2024-08-18,Pendle,Base,11.3,USDC,76301318,0.98,3.89
2024-08-18,Pendle,Base,12.38,USDT,77300616,0.97,2.55
2024-08-18,Pendle,Base,12.11,DAI,79038585,0.83,4.09
2024-08-18,Convex,Ethereum,4.43,USDC,146983235,9.92,0
2024-08-18,Convex,Ethereum,5.05,USDT,137462178,11.7,0
2024-08-18,Convex,Ethereum,5.6,DAI,147823068,13.17,0
2024-08-18,Balancer,Ethereum,6.49,USDC,120178682,11.06,0
2024-08-18,Balancer,Ethereum,7.13,USDT,105030115,12.26,0
2024-08-18,Balancer,Arbitrum,10.84,USDC,118815636,1.79,6.14
2024-08-18,Balancer,Arbitrum,9.98,USDT,103786865,1.63,5.4
2024-08-18,Balancer,Arbitrum,9.84,DAI,112099318,1.88,3.68
2024-08-18,Balancer,Optimism,9.75,USDC,108000900,1.22,5.75
2024-08-18,Balancer,Optimism,9.67,USDT,118469432,1.12,3.47
2024-08-18,Balancer,Polygon,9.35,USDC,124352410,0.6,2.46
2024-08-18,Balancer,Polygon,7.44,USDT,119694510,0.55,3.9
2024-08-18,Balancer,Base,10.28,USDC,104652891,1.07,2.44
2024-08-18,Balancer,Base,8.98,USDT,115717306,0.8,3.27
2024-08-18,Balancer,Base,7.1,DAI,116759822,0.81,3.52
2024-08-19,Aave,Ethereum,2.81,USDC,253607859,20.1,0
2024-08-19,Aave,Ethereum,2.71,USDT,283945989,16.07,0
2024-08-19,Aave,Ethereum,2.74,DAI,266604023,18.38,0
2024-08-19,Aave,Arbitrum,3.43,USDC,282816366,2.4,4.52
2024-08-19,Aave,Arbitrum,3.41,DAI,241857422,2.06,5.5
2024-08-19,Aave,Optimism,3.07,USDC,264851091,1.64,3.68
2024-08-19,Aave,Optimism,2.85,USDT,243024421,2.32,4.67
2024-08-19,Aave,Optimism,3.25,DAI,249353894,1.57,3.79
2024-08-19,Aave,Polygon,3.47,USDC,275014074,1.24,2.62
2024-08-19,Aave,Polygon,3.38,USDT,242293905,0.9,2.22
2024-08-19,Aave,Base,3.56,USDC,237096142,1.3,4.35
2024-08-19,Aave,Base,3.39,USDT,269477480,1.07,4.43
2024-08-19,Aave,Base,2.8,DAI,253761609,1.52,5.15
2024-08-19,Compound,Ethereum,2.51,USDC,186664857,17.5,0
2024-08-19,Compound,Ethereum,2.21,USDT,197368545,17.71,0
2024-08-19,Compound,Ethereum,2.58,DAI,176764476,21.5,0
2024-08-19,Compound,Arbitrum,3.43,USDC,176966283,2.67,5.69
2024-08-19,Compound,Arbitrum,3.2,USDT,194785087,2.95,6.96
2024-08-19,Compound,Arbitrum,3.17,DAI,174688071,2.84,6.13
2024-08-19,Compound,Optimism,2.65,USDC,190695507,1.64,3.73
2024-08-19,Compound,Optimism,3.17,USDT,174310031,1.96,4.66
2024-08-19,Compound,Optimism,3.0,DAI,185224960,2.07,3.39
2024-08-19,Compound,Polygon,3.16,USDC,190478212,0.78,1.97
2024-08-19,Compound,Polygon,3.42,USDT,194453797,1.11,3.55
2024-08-19,Compound,Polygon,3.25,DAI,172326885,0.98,2.52
2024-08-19,Compound,Base,3.1,USDC,182265065,1.06,5.23
2024-08-19,Compound,Base,3.2,USDT,170101074,1.09,3.51
2024-08-19,Compound,Base,2.63,DAI,191165039,1.75,3.72
2024-08-19,Curve,Ethereum,6.31,USDC,334505181,16.4,0
2024-08-19,Curve,Ethereum,8.49,USDT,329072954,22.03,0
2024-08-19,Curve,Ethereum,8.4,DAI,331643150,22.43,0
2024-08-19,Curve,Arbitrum,8.19,USDC,302507220,1.88,5.23
2024-08-19,Curve,Optimism,9.7,USDC,351807316,1.49,4.62
2024-08-19,Curve,Optimism,9.66,USDT,336205723,2.22,3.91
2024-08-19,Curve,Optimism,6.58,DAI,334238327,1.71,4.17
2024-08-19,Curve,Polygon,9.03,USDC,334039479,1.17,2.07
2024-08-19,Curve,Polygon,9.67,USDT,333417289,0.67,1.35
2024-08-19,Curve,Polygon,8.18,DAI,327737237,0.94,2.23
2024-08-19,Curve,Base,9.74,USDC,345760252,1.43,3.89
2024-08-19,Curve,Base,10.73,USDT,330004948,1.27,3.96
2024-08-19,Curve,Base,12.16,DAI,297404329,1.47,4.55
2024-08-19,Uniswap V3,Ethereum,7.81,USDC,90898151,16.56,0
2024-08-19,Uniswap V3,Ethereum,9.33,USDT,99986965,19.84,0
2024-08-19,Uniswap V3,Ethereum,6.77,DAI,99215590,21.42,0
2024-08-19,Uniswap V3,Arbitrum,10.96,USDC,98937551,2.9,3.66
2024-08-19,Uniswap V3,Arbitrum,9.43,USDT,99507168,2.99,4.66
2024-08-19,Uniswap V3,Arbitrum,10.89,DAI,98090927,2.14,7.92
2024-08-19,Uniswap V3,Optimism,8.7,USDC,98107740,1.48,3.82
2024-08-19,Uniswap V3,Optimism,8.79,USDT,89448517,1.54,3.35
2024-08-19,Uniswap V3,Optimism,11.42,DAI,95644985,1.67,4.95
2024-08-19,Uniswap V3,Polygon,11.2,USDC,94404601,0.8,3.25
2024-08-19,Uniswap V3,Polygon,8.8,USDT,92023230,1.1,3.01
2024-08-19,Uniswap V3,Polygon,11.92,DAI,95362636,0.88,2.79
2024-08-19,Uniswap V3,Base,10.33,USDC,106960832,1.14,4.53
2024-08-19,Uniswap V3,Base,11.19,USDT,103083695,1.87,3.71
2024-08-19,Yearn,Ethereum,3.58,USDC,113287021,21.09,0
2024-08-19,Yearn,Ethereum,3.62,USDT,114780979,18.63,0
2024-08-19,Yearn,Ethereum,3.52,DAI,122426456,20.98,0
2024-08-19,Yearn,Arbitrum,4.18,USDC,117027832,2.7,5.79
2024-08-19,Yearn,Arbitrum,4.13,USDT,137769561,1.73,3.98
2024-08-19,Yearn,Arbitrum,4.38,DAI,134082014,2.83,5.59
2024-08-19,Yearn,Optimism,4.46,USDC,111888641,1.82,3.26
2024-08-19,Yearn,Optimism,4.32,USDT,128806570,1.57,3.06
2024-08-19,Yearn,Optimism,4.33,DAI,123072785,1.7,2.82
2024-08-19,Yearn,Polygon,4.59,USDC,109237895,1.03,3.63
2024-08-19,Yearn,Polygon,4.79,USDT,118572628,0.63,3.24
2024-08-19,Yearn,Polygon,4.24,DAI,134626873,1.07,2.82
2024-08-19,Yearn,Base,4.45,USDC,132137825,1.63,3.24
2024-08-19,Yearn,Base,3.76,USDT,121695043,1.49,3.8
2024-08-19,Yearn,Base,4.37,DAI,121643064,1.41,4.42
2024-08-19,Pendle,Ethereum,10.72,USDC,71799497,20.61,0
2024-08-19,Pendle,Ethereum,9.82,USDT,74605531,14.09,0
2024-08-19,Pendle,Ethereum,12.26,DAI,79370192,17.29,0
2024-08-19,Pendle,Arbitrum,13.5,USDC,80117728,1.71,4.67
2024-08-19,Pendle,Arbitrum,13.51,DAI,71688432,2.34,4.56
2024-08-19,Pendle,Optimism,12.96,USDC,76550983,1.36,2.69
2024-08-19,Pendle,Optimism,12.14,USDT,75677945,1.8,3.57
2024-08-19,Pendle,Optimism,10.91,DAI,69008358,1.97,3.79
2024-08-19,Pendle,Base,15.52,USDC,81410515,1.21,2.87
2024-08-19,Pendle,Base,13.47,USDT,74995695,1.33,4.98
2024-08-19,Convex,Ethereum,4.36,USDC,154316385,18.81,0
2024-08-19,Convex,Ethereum,4.77,DAI,153991021,19.14,0
2024-08-19,Balancer,Ethereum,7.76,USDC,112265541,15.31,0
2024-08-19,Balancer,Ethereum,8.33,USDT,108913388,15.66,0
2024-08-19,Balancer,Ethereum,7.99,DAI,111224541,22.33,0
2024-08-19,Balancer,Arbitrum,10.0,USDC,120742450,2.57,7.09
2024-08-19,Balancer,Arbitrum,9.23,DAI,113699309,2.42,5.3
2024-08-19,Balancer,Optimism,10.01,DAI,121343853,1.62,3.2
2024-08-19,Balancer,Polygon,10.09,USDC,112953634,0.71,3.35
2024-08-19,Balancer,Polygon,8.96,USDT,124589573,0.76,2.71
2024-08-19,Balancer,Base,8.83,USDC,118793319,1.16,3.72
2024-08-19,Balancer,Base,10.01,USDT,114689589,1.31,3.42
2024-08-19,Balancer,Base,8.78,DAI,105394262,1.53,3.64
2024-08-20,Aave,Ethereum,2.68,USDC,262971716,14.28,0
2024-08-20,Aave,Ethereum,2.81,DAI,272604430,18.11,0
2024-08-20,Aave,Arbitrum,3.54,USDC,251609528,2.26,4.96
2024-08-20,Aave,Arbitrum,3.67,DAI,247558150,2.89,5.91
2024-08-20,Aave,Optimism,3.29,USDT,238990383,1.82,4.54
2024-08-20,Aave,Optimism,2.88,DAI,245540846,1.98,4.27
2024-08-20,Aave,Polygon,3.47,USDC,267307357,0.78,3.37
2024-08-20,Aave,Polygon,3.32,USDT,244484310,0.77,2.74
2024-08-20,Aave,Polygon,3.39,DAI,261934605,1.08,3.39
2024-08-20,Aave,Base,3.46,USDC,252125436,1.57,2.76
2024-08-20,Aave,Base,3.26,USDT,258592346,1.46,4.14
2024-08-20,Aave,Base,3.16,DAI,240831850,1.48,4.28
2024-08-20,Compound,Ethereum,2.48,USDC,178351566,19.33,0
2024-08-20,Compound,Ethereum,2.64,USDT,174467073,22.58,0
2024-08-20,Compound,Ethereum,2.97,DAI,166301230,16.42,0
2024-08-20,Compound,Arbitrum,3.52,USDC,185463248,2.27,3.75
2024-08-20,Compound,Arbitrum,3.42,USDT,174077907,2.64,3.71
2024-08-20,Compound,Arbitrum,3.56,DAI,175653630,2.61,4.31
2024-08-20,Compound,Optimism,3.48,USDC,178322590,1.82,4.38
2024-08-20,Compound,Optimism,3.36,USDT,165339363,1.91,3.18
2024-08-20,Compound,Optimism,3.2,DAI,176560307,2.06,2.27
2024-08-20,Compound,Polygon,3.0,USDC,184960947,0.82,2.12
2024-08-20,Compound,Polygon,3.81,USDT,195964049,1.05,4.16
2024-08-20,Compound,Polygon,3.14,DAI,195057543,1.07,2.76
2024-08-20,Compound,Base,3.44,USDC,191457609,1.09,5.58
2024-08-20,Compound,Base,3.31,USDT,191815578,1.58,5.3
2024-08-20,Compound,Base,3.54,DAI,203179293,1.55,3.8
2024-08-20,Curve,Ethereum,7.38,USDC,316838170,15.55,0
2024-08-20,Curve,Ethereum,8.46,DAI,317514373,20.67,0
2024-08-20,Curve,Arbitrum,8.2,USDT,303635417,2.82,4.32
2024-08-20,Curve,Arbitrum,11.05,DAI,338771367,2.31,6.02
2024-08-20,Curve,Optimism,10.07,USDC,306488813,1.82,3.34
2024-08-20,Curve,Optimism,8.1,USDT,344791923,1.73,4.91
2024-08-20,Curve,Optimism,9.89,DAI,310310447,1.66,3.81
2024-08-20,Curve,Polygon,8.75,USDC,319730195,0.94,3.02
2024-08-20,Curve,Polygon,11.42,USDT,331625816,0.95,3.29
2024-08-20,Curve,Polygon,11.18,DAI,353907586,1.21,3.42
2024-08-20,Curve,Base,7.43,USDC,341369639,1.71,4.72
2024-08-20,Curve,Base,6.58,USDT,338487832,1.5,3.21
2024-08-20,Curve,Base,9.86,DAI,338458621,1.14,4.43
2024-08-20,Uniswap V3,Ethereum,8.02,USDC,90028327,17.73,0
2024-08-20,Uniswap V3,Ethereum,9.86,USDT,100555378,18.73,0
2024-08-20,Uniswap V3,Ethereum,7.97,DAI,95626765,17.29,0
2024-08-20,Uniswap V3,Arbitrum,8.95,USDC,93944566,2.64,3.59
2024-08-20,Uniswap V3,Arbitrum,10.08,USDT,102093887,2.42,3.77
2024-08-20,Uniswap V3,Arbitrum,11.3,DAI,97712780,2.41,6.43
2024-08-20,Uniswap V3,Optimism,9.15,USDC,90584150,1.66,4.37
2024-08-20,Uniswap V3,Optimism,7.57,USDT,95163633,1.62,4.07
2024-08-20,Uniswap V3,Optimism,12.14,DAI,89430955,1.77,3.97
2024-08-20,Uniswap V3,Polygon,12.89,USDC,97947064,0.93,3.67
2024-08-20,Uniswap V3,Polygon,9.34,USDT,92515261,1.08,2.23
2024-08-20,Uniswap V3,Polygon,10.92,DAI,97184530,0.68,3.11
2024-08-20,Uniswap V3,Base,9.76,USDC,90329031,1.46,3.69
2024-08-20,Uniswap V3,Base,7.27,USDT,90079473,1.51,3.57
2024-08-20,Uniswap V3,Base,10.14,DAI,101053894,1.61,4.45
2024-08-20,Yearn,Ethereum,3.7,USDC,125505357,16.18,0
2024-08-20,Yearn,Ethereum,3.43,USDT,115497076,14.68,0
2024-08-20,Yearn,Ethereum,3.69,DAI,122119966,16.19,0
2024-08-20,Yearn,Arbitrum,4.31,USDC,120079470,2.22,3.36
2024-08-20,Yearn,Arbitrum,4.7,USDT,131842815,2.49,4.64
2024-08-20,Yearn,Arbitrum,4.3,DAI,126796329,2.18,5.56
2024-08-20,Yearn,Optimism,4.16,USDC,131604952,1.03,3.45
2024-08-20,Yearn,Optimism,4.18,USDT,140229514,1.53,4.14
2024-08-20,Yearn,Optimism,4.54,DAI,123727310,2.22,3.04
2024-08-20,Yearn,Polygon,4.63,USDC,122434508,0.88,3.49
2024-08-20,Yearn,Polygon,4.86,DAI,130960066,1.26,2.08
2024-08-20,Yearn,Base,4.2,USDC,112222238,1.51,4.12
2024-08-20,Yearn,Base,4.06,DAI,126443249,1.46,4.3
2024-08-20,Pendle,Ethereum,10.73,USDC,74628071,17.89,0
2024-08-20,Pendle,Ethereum,14.34,USDT,77614436,20.65,0
2024-08-20,Pendle,Ethereum,13.12,DAI,79232606,21.19,0
2024-08-20,Pendle,Arbitrum,10.82,USDC,74446396,1.48,5.22
2024-08-20,Pendle,Arbitrum,14.55,USDT,68410797,2.53,5.35
2024-08-20,Pendle,Arbitrum,13.08,DAI,79829146,2.44,4.43
2024-08-20,Pendle,Optimism,11.71,USDC,72063668,2.04,4.22
2024-08-20,Pendle,Optimism,13.15,USDT,79893292,1.89,3.96
2024-08-20,Pendle,Optimism,10.6,DAI,75066951,1.49,4.42
2024-08-20,Pendle,Base,13.71,USDC,74704950,1.58,4.88
2024-08-20,Pendle,Base,13.39,USDT,73433024,1.8,4.37
2024-08-20,Pendle,Base,14.43,DAI,67186129,1.29,3.48
2024-08-20,Convex,Ethereum,4.77,USDC,145926353,17.65,0
2024-08-20,Convex,Ethereum,5.57,USDT,152514648,20.4,0
2024-08-20,Convex,Ethereum,4.93,DAI,157916024,22.2,0
2024-08-20,Balancer,Ethereum,7.98,USDC,115901668,17.71,0
2024-08-20,Balancer,Ethereum,7.36,USDT,112989032,17.33,0
2024-08-20,Balancer,Ethereum,8.17,DAI,110797152,18.22,0
2024-08-20,Balancer,Arbitrum,11.17,USDC,103931357,2.06,4.49
2024-08-20,Balancer,Arbitrum,9.51,USDT,112125846,2.5,4.7
2024-08-20,Balancer,Arbitrum,8.32,DAI,113391734,1.86,5.72
2024-08-20,Balancer,Optimism,7.55,USDC,105990793,2.04,5.32
2024-08-20,Balancer,Optimism,10.39,USDT,109912953,2.15,6.26
2024-08-20,Balancer,Optimism,9.44,DAI,110347041,1.67,3.93
2024-08-20,Balancer,Polygon,10.19,USDC,106602340,1.08,3.16
2024-08-20,Balancer,Polygon,10.75,USDT,122210205,0.86,3.8
2024-08-20,Balancer,Polygon,10.2,DAI,102404349,0.99,2.29
2024-08-20,Balancer,Base,8.82,USDC,112377942,1.55,5.25
2024-08-20,Balancer,Base,9.86,USDT,107129008,1.46,3.78
2024-08-20,Balancer,Base,9.81,DAI,112175943,1.29,3.63
2024-08-21,Aave,Ethereum,2.78,USDC,238358951,15.94,0
2024-08-21,Aave,Ethereum,2.19,USDT,255726290,21.89,0
2024-08-21,Aave,Ethereum,2.48,DAI,273407564,22.45,0
2024-08-21,Aave,Arbitrum,3.23,USDC,243440942,2.64,3.51
2024-08-21,Aave,Arbitrum,3.81,USDT,257738358,3.16,3.27
2024-08-21,Aave,Arbitrum,3.68,DAI,268226847,1.87,5.57
2024-08-21,Aave,Optimism,3.12,USDC,244670787,1.82,4.85
2024-08-21,Aave,Optimism,3.57,USDT,250982648,1.52,3.99
2024-08-21,Aave,Optimism,3.3,DAI,242096002,1.97,4.16
2024-08-21,Aave,Polygon,3.62,USDC,234585858,0.82,2.37
2024-08-21,Aave,Polygon,4.09,USDT,241669468,1.02,3.18
2024-08-21,Aave,Polygon,3.13,DAI,242900987,1.05,2.61
2024-08-21,Aave,Base,3.39,USDC,260188866,1.55,3.6
2024-08-21,Aave,Base,3.51,USDT,259596983,1.33,2.41
2024-08-21,Aave,Base,3.3,DAI,250579533,1.26,4.77
2024-08-21,Compound,Ethereum,2.7,USDT,164141987,23.18,0
2024-08-21,Compound,Arbitrum,2.98,USDC,176019211,2.25,4.79
2024-08-21,Compound,Arbitrum,3.05,USDT,184975985,2.12,6.27
2024-08-21,Compound,Arbitrum,3.4,DAI,199567555,2.63,5.29
2024-08-21,Compound,Optimism,3.08,USDT,171428648,1.74,5.01
2024-08-21,Compound,Optimism,3.15,DAI,192576919,2.03,3.82
2024-08-21,Compound,Polygon,3.64,USDC,183037215,1.08,2.4
2024-08-21,Compound,Polygon,3.03,USDT,166936535,0.93,3.53
2024-08-21,Compound,Base,3.15,USDC,171213019,1.41,4.86
2024-08-21,Compound,Base,3.35,USDT,180013417,1.29,4.67
2024-08-21,Compound,Base,2.79,DAI,176716928,1.35,3.95
2024-08-21,Curve,Ethereum,8.13,USDC,341075304,13.11,0
2024-08-21,Curve,Ethereum,6.5,USDT,326320451,15.78,0
2024-08-21,Curve,Ethereum,6.51,DAI,328038369,19.29,0
2024-08-21,Curve,Arbitrum,9.42,USDC,343479537,2.42,4.95
2024-08-21,Curve,Arbitrum,10.29,DAI,339874166,2.15,5.38
2024-08-21,Curve,Optimism,9.74,USDC,314626074,1.81,3.13
2024-08-21,Curve,Optimism,9.48,USDT,323226479,1.57,4.25
2024-08-21,Curve,Optimism,10.25,DAI,324769051,1.57,5.45
2024-08-21,Curve,Polygon,9.41,USDC,319408433,0.87,3.78
2024-08-21,Curve,Polygon,8.81,USDT,302571969,0.93,3.69
2024-08-21,Curve,Polygon,9.53,DAI,309632562,1.04,3.3
2024-08-21,Curve,Base,7.91,USDC,341016275,1.06,3.97
2024-08-21,Curve,Base,8.38,USDT,329627160,1.64,1.64
2024-08-21,Curve,Base,8.18,DAI,307150260,1.71,4.21
2024-08-21,Uniswap V3,Ethereum,9.43,USDC,93029050,17.42,0
2024-08-21,Uniswap V3,Ethereum,9.62,USDT,97422983,21.04,0
2024-08-21,Uniswap V3,Ethereum,6.04,DAI,98034892,20.88,0
2024-08-21,Uniswap V3,Arbitrum,9.56,DAI,94338946,2.24,4.32
2024-08-21,Uniswap V3,Optimism,9.22,USDC,95960332,1.83,4.8
2024-08-21,Uniswap V3,Optimism,9.56,USDT,97185932,1.22,3.03
2024-08-21,Uniswap V3,Optimism,10.05,DAI,100128103,1.53,4.49
2024-08-21,Uniswap V3,Polygon,12.94,USDC,100577131,1.14,2.29
2024-08-21,Uniswap V3,Polygon,7.82,USDT,91162532,1.32,2.82
2024-08-21,Uniswap V3,Polygon,10.82,DAI,98362285,1.11,2.54
2024-08-21,Uniswap V3,Base,12.79,USDC,89900560,1.5,3.64
2024-08-21,Uniswap V3,Base,6.89,USDT,94053471,1.34,4.18
2024-08-21,Uniswap V3,Base,11.19,DAI,99313544,1.36,3.85
2024-08-21,Yearn,Ethereum,3.39,USDC,113247490,20.33,0
2024-08-21,Yearn,Ethereum,3.58,DAI,126455793,18.67,0
2024-08-21,Yearn,Arbitrum,4.54,USDC,134025896,2.46,4.94
2024-08-21,Yearn,Arbitrum,4.2,USDT,124957589,2.54,5.88
2024-08-21,Yearn,Arbitrum,4.22,DAI,119946945,2.11,6.43
2024-08-21,Yearn,Optimism,4.18,USDC,116671898,1.62,3.6
2024-08-21,Yearn,Optimism,4.15,USDT,126049684,2.15,3.51
2024-08-21,Yearn,Optimism,4.12,DAI,113821725,2.06,4.42
2024-08-21,Yearn,Polygon,4.25,USDC,120359598,0.91,2.65
2024-08-21,Yearn,Polygon,4.5,USDT,121341272,1.02,2.84
2024-08-21,Yearn,Polygon,4.86,DAI,112569868,1.03,3.62
2024-08-21,Yearn,Base,4.21,USDC,117157724,1.39,5.83
2024-08-21,Yearn,Base,4.55,USDT,125404117,1.59,2.53
2024-08-21,Pendle,Ethereum,13.17,USDT,77132362,17.89,0
2024-08-21,Pendle,Ethereum,10.61,DAI,77301253,17.32,0
2024-08-21,Pendle,Arbitrum,14.46,USDC,76339177,2.49,4.98
2024-08-21,Pendle,Arbitrum,12.12,USDT,72687190,1.97,4.19
2024-08-21,Pendle,Arbitrum,13.65,DAI,72704196,2.85,5.71
2024-08-21,Pendle,Optimism,8.94,USDC,77588529,1.46,4.13
2024-08-21,Pendle,Optimism,12.05,USDT,80201299,1.71,4.14
2024-08-21,Pendle,Optimism,15.61,DAI,76248195,2.1,4.85
2024-08-21,Pendle,Base,10.88,USDC,82724851,1.68,4.25
2024-08-21,Pendle,Base,11.57,USDT,78295584,1.16,3.56
2024-08-21,Pendle,Base,14.52,DAI,70004359,1.66,4.47
2024-08-21,Convex,Ethereum,4.56,USDC,145931427,15.37,0
2024-08-21,Convex,Ethereum,4.81,USDT,153970291,18.58,0
2024-08-21,Convex,Ethereum,5.11,DAI,154791962,18.09,0
2024-08-21,Balancer,Ethereum,8.16,USDC,116358582,13.46,0
2024-08-21,Balancer,Ethereum,7.25,USDT,115133978,21.05,0
2024-08-21,Balancer,Ethereum,7.38,DAI,113466353,18.76,0
2024-08-21,Balancer,Arbitrum,9.72,USDC,108413684,2.45,3.48
2024-08-21,Balancer,Arbitrum,10.38,USDT,108127641,2.18,5.42
2024-08-21,Balancer,Arbitrum,9.03,DAI,116576192,2.78,6.37
2024-08-21,Balancer,Optimism,8.69,USDC,116483556,1.6,5.42
2024-08-21,Balancer,Optimism,7.11,USDT,110661233,1.78,4.32
2024-08-21,Balancer,Optimism,7.35,DAI,107000406,2.35,4.67
2024-08-21,Balancer,Polygon,10.19,USDC,111614047,0.76,3.06
2024-08-21,Balancer,Polygon,9.7,USDT,108936533,1.0,2.94
2024-08-21,Balancer,Polygon,10.14,DAI,106361762,1.02,2.54
2024-08-21,Balancer,Base,9.95,USDC,105503038,1.5,3.68
2024-08-21,Balancer,Base,8.85,USDT,110645128,1.93,4.66
2024-08-21,Balancer,Base,11.43,DAI,113776767,1.44,4.19
2024-08-22,Aave,Ethereum,2.35,USDC,245521542,16.38,0
2024-08-22,Aave,Ethereum,2.66,USDT,227255467,15.43,0
2024-08-22,Aave,Ethereum,2.63,DAI,258943806,18.66,0
2024-08-22,Aave,Arbitrum,3.57,USDC,272019528,2.56,5.16
2024-08-22,Aave,Arbitrum,3.13,USDT,275974525,2.49,3.88
2024-08-22,Aave,Arbitrum,3.54,DAI,254165781,1.92,2.83
2024-08-22,Aave,Optimism,3.3,USDC,247027823,1.86,5.63
2024-08-22,Aave,Optimism,3.01,DAI,247148775,2.07,4.97
2024-08-22,Aave,Polygon,3.29,USDT,265639009,0.82,3.32
2024-08-22,Aave,Polygon,3.37,DAI,250061115,0.82,2.78
2024-08-22,Aave,Base,3.21,USDC,241756413,1.66,4.28
2024-08-22,Aave,Base,3.53,USDT,258976454,1.27,2.89
2024-08-22,Aave,Base,2.95,DAI,255932149,1.32,4.55
2024-08-22,Compound,Ethereum,2.28,USDC,160042624,16.7,0
2024-08-22,Compound,Ethereum,2.78,DAI,176153706,18.67,0
2024-08-22,Compound,Arbitrum,3.16,USDC,184825058,3.22,6.44
2024-08-22,Compound,Arbitrum,3.54,USDT,193145244,2.4,5.39
2024-08-22,Compound,Arbitrum,3.4,DAI,191858498,2.49,5.24
2024-08-22,Compound,Optimism,3.01,USDC,185592106,1.71,4.47
2024-08-22,Compound,Optimism,2.83,DAI,173660159,1.51,3.33
2024-08-22,Compound,Polygon,3.57,USDC,181316369,0.84,4.04
2024-08-22,Compound,Polygon,3.4,USDT,184580930,0.92,4.04
2024-08-22,Compound,Polygon,3.02,DAI,188351511,0.8,3.24
2024-08-22,Compound,Base,3.03,USDC,177440986,1.56,3.85
2024-08-22,Compound,Base,3.05,USDT,179523507,1.52,5.29
2024-08-22,Compound,Base,3.12,DAI,173968015,1.25,4.28
2024-08-22,Curve,Ethereum,7.92,USDC,328844589,21.42,0
2024-08-22,Curve,Ethereum,10.17,USDT,313579660,18.35,0
2024-08-22,Curve,Arbitrum,9.55,USDC,314903226,2.7,7.23
2024-08-22,Curve,Arbitrum,8.69,USDT,327104029,2.33,4.69
2024-08-22,Curve,Arbitrum,8.83,DAI,314283972,2.94,3.71
2024-08-22,Curve,Optimism,8.95,USDT,306510010,2.46,4.45
2024-08-22,Curve,Optimism,8.41,DAI,331718746,1.36,4.53
2024-08-22,Curve,Polygon,11.2,USDC,306195617,0.97,3.59
2024-08-22,Curve,Polygon,10.85,USDT,354216517,1.09,2.35
2024-08-22,Curve,Polygon,8.82,DAI,324977097,0.8,3.48
2024-08-22,Curve,Base,7.83,USDC,302033082,1.77,4.45
2024-08-22,Curve,Base,9.93,USDT,308201287,1.35,5.01
2024-08-22,Uniswap V3,Ethereum,8.26,USDC,103218894,18.79,0
2024-08-22,Uniswap V3,Ethereum,9.12,USDT,100812567,19.86,0
2024-08-22,Uniswap V3,Ethereum,7.14,DAI,88098830,18.95,0
2024-08-22,Uniswap V3,Arbitrum,9.14,USDC,92997185,2.38,5.82
2024-08-22,Uniswap V3,Arbitrum,9.37,USDT,97390158,2.55,3.7
2024-08-22,Uniswap V3,Arbitrum,8.03,DAI,101894518,1.89,5.03
2024-08-22,Uniswap V3,Optimism,8.36,USDC,98120303,2.36,4.67
2024-08-22,Uniswap V3,Optimism,9.01,DAI,97030550,1.94,4.85
2024-08-22,Uniswap V3,Polygon,10.75,USDC,100450535,0.9,3.96
2024-08-22,Uniswap V3,Polygon,9.81,USDT,102656010,0.82,2.98
2024-08-22,Uniswap V3,Polygon,8.25,DAI,92388579,0.97,2.88
2024-08-22,Uniswap V3,Base,10.78,USDC,100471929,1.52,4.32
2024-08-22,Uniswap V3,Base,11.97,USDT,95639834,1.39,3.09
2024-08-22,Uniswap V3,Base,9.72,DAI,99784408,1.77,3.01
2024-08-22,Yearn,Ethereum,3.4,USDT,120343994,18.07,0
2024-08-22,Yearn,Ethereum,3.44,DAI,122740992,17.96,0
2024-08-22,Yearn,Arbitrum,3.99,USDC,131449890,2.6,3.68
2024-08-22,Yearn,Arbitrum,4.48,USDT,126778982,2.58,6.86
2024-08-22,Yearn,Arbitrum,4.32,DAI,119670253,2.47,4.49
2024-08-22,Yearn,Optimism,3.98,USDC,126233035,1.6,4.1
2024-08-22,Yearn,Optimism,3.79,USDT,115063777,1.85,4.28
2024-08-22,Yearn,Optimism,3.88,DAI,115465217,1.94,3.69
2024-08-22,Yearn,Polygon,4.91,USDC,118553255,1.02,2.89
2024-08-22,Yearn,Polygon,4.38,USDT,121199804,0.8,2.28
2024-08-22,Yearn,Polygon,4.42,DAI,124826618,0.79,3.2
2024-08-22,Yearn,Base,4.08,USDC,118294928,1.45,4.12
2024-08-22,Yearn,Base,4.29,USDT,124084255,0.91,3.08
2024-08-22,Yearn,Base,4.04,DAI,117502876,1.2,5.15
2024-08-22,Pendle,Ethereum,11.86,USDT,78076510,19.06,0
2024-08-22,Pendle,Ethereum,13.08,DAI,70221173,16.62,0
2024-08-22,Pendle,Arbitrum,17.88,USDC,70396443,2.27,5.83
2024-08-22,Pendle,Arbitrum,13.52,USDT,80689826,2.66,7.75
2024-08-22,Pendle,Arbitrum,14.13,DAI,77165492,2.85,4.2
2024-08-22,Pendle,Optimism,14.13,USDC,74301947,1.95,4.92
2024-08-22,Pendle,Optimism,10.76,USDT,72853091,1.53,2.91
2024-08-22,Pendle,Optimism,13.24,DAI,73086543,1.72,2.92
2024-08-22,Pendle,Base,11.49,USDC,77457424,1.21,3.21
2024-08-22,Pendle,Base,8.45,USDT,76634623,1.45,4.69
2024-08-22,Pendle,Base,14.86,DAI,82030419,1.18,3.73
2024-08-22,Convex,Ethereum,4.95,USDC,154303330,18.11,0
2024-08-22,Convex,Ethereum,4.2,USDT,149997387,20.0,0
2024-08-22,Convex,Ethereum,5.37,DAI,139826638,18.03,0
2024-08-22,Balancer,Ethereum,8.23,USDC,105506025,17.54,0
2024-08-22,Balancer,Ethereum,7.91,USDT,109860568,13.61,0
2024-08-22,Balancer,Ethereum,8.47,DAI,102259597,9.55,0
2024-08-22,Balancer,Arbitrum,8.78,USDC,119367043,2.18,5.15
2024-08-22,Balancer,Arbitrum,10.77,USDT,112539076,2.22,4.46
2024-08-22,Balancer,Arbitrum,10.07,DAI,112117260,2.48,5.73
2024-08-22,Balancer,Optimism,8.23,USDC,114435185,1.99,4.54
2024-08-22,Balancer,Optimism,10.45,USDT,106317499,1.78,4.06
2024-08-22,Balancer,Polygon,10.15,USDC,97503557,0.92,2.86
2024-08-22,Balancer,Polygon,9.78,USDT,103093541,1.16,3.47
2024-08-22,Balancer,Polygon,9.85,DAI,109853937,1.13,4.0
2024-08-22,Balancer,Base,9.62,USDC,111932151,1.92,4.1
2024-08-22,Balancer,Base,8.21,USDT,107972626,1.35,3.44
2024-08-22,Balancer,Base,9.55,DAI,111469041,1.31,3.99
2024-08-23,Aave,Ethereum,2.58,USDC,248757151,15.3,0
2024-08-23,Aave,Ethereum,2.52,USDT,259233981,15.75,0
2024-08-23,Aave,Arbitrum,3.12,USDC,242458339,2.25,5.83
2024-08-23,Aave,Arbitrum,2.77,USDT,252619018,2.11,3.93
2024-08-23,Aave,Arbitrum,2.77,DAI,254703134,2.34,6.4
2024-08-23,Aave,Optimism,3.65,USDC,251558088,1.66,3.66
2024-08-23,Aave,Optimism,2.86,USDT,259302103,1.77,4.87
2024-08-23,Aave,Optimism,2.91,DAI,240168486,1.78,3.42
2024-08-23,Aave,Polygon,3.3,USDT,256004098,0.89,3.9
2024-08-23,Aave,Polygon,3.69,DAI,254791257,0.9,4.1
2024-08-23,Aave,Base,3.11,USDC,244052588,1.29,4.1
2024-08-23,Aave,Base,2.92,DAI,268550619,1.53,3.51
2024-08-23,Compound,Ethereum,2.56,USDC,180683118,21.11,0
2024-08-23,Compound,Ethereum,2.46,USDT,182969680,17.2,0
2024-08-23,Compound,Ethereum,2.38,DAI,187103755,19.68,0
2024-08-23,Compound,Arbitrum,2.8,USDC,178995666,1.93,3.32
2024-08-23,Compound,Arbitrum,2.87,USDT,187589510,1.9,5.4
2024-08-23,Compound,Arbitrum,2.97,DAI,188164740,2.26,4.3
2024-08-23,Compound,Optimism,2.78,USDC,172193195,1.29,3.6
2024-08-23,Compound,Optimism,2.94,USDT,187896599,1.92,5.23
2024-08-23,Compound,Optimism,2.67,DAI,175539234,1.85,3.26
2024-08-23,Compound,Polygon,3.03,USDC,189783496,0.83,3.39
2024-08-23,Compound,Polygon,3.25,USDT,187688922,0.83,3.64
2024-08-23,Compound,Polygon,2.46,DAI,185866818,1.06,3.38
2024-08-23,Compound,Base,3.24,USDC,171727655,1.56,3.81
2024-08-23,Compound,Base,3.32,USDT,186543225,1.46,3.56
2024-08-23,Compound,Base,2.96,DAI,177315961,1.52,2.74
2024-08-23,Curve,Ethereum,9.38,USDC,303196058,15.23,0
2024-08-23,Curve,Ethereum,8.42,DAI,315053607,15.74,0
2024-08-23,Curve,Arbitrum,8.24,USDC,334104998,2.34,3.93
2024-08-23,Curve,Arbitrum,9.81,USDT,312136596,2.36,5.01
2024-08-23,Curve,Arbitrum,11.76,DAI,306582245,2.31,4.23
2024-08-23,Curve,Optimism,7.32,USDC,309732302,1.51,4.61
2024-08-23,Curve,Optimism,8.06,USDT,303654563,1.19,4.82
2024-08-23,Curve,Optimism,9.03,DAI,316601290,1.88,1.93
2024-08-23,Curve,Polygon,10.65,USDC,313968924,1.01,4.18
2024-08-23,Curve,Polygon,9.35,USDT,323568123,0.91,3.1
2024-08-23,Curve,Polygon,10.51,DAI,324936061,1.16,2.87
2024-08-23,Curve,Base,8.76,USDC,334098680,1.42,5.02
2024-08-23,Curve,Base,7.99,USDT,300371509,1.38,4.75
2024-08-23,Curve,Base,9.68,DAI,320536456,1.1,5.0
2024-08-23,Uniswap V3,Ethereum,9.13,USDC,87206147,24.7,0
2024-08-23,Uniswap V3,Ethereum,8.17,DAI,104655798,21.39,0
2024-08-23,Uniswap V3,Arbitrum,8.58,USDC,98046234,2.1,4.13
2024-08-23,Uniswap V3,Arbitrum,11.1,USDT,110810055,2.67,5.38
2024-08-23,Uniswap V3,Arbitrum,9.92,DAI,88410273,2.24,6.18
2024-08-23,Uniswap V3,Optimism,10.11,USDC,96121107,1.58,3.62
2024-08-23,Uniswap V3,Optimism,10.26,USDT,88080787,1.9,3.42
2024-08-23,Uniswap V3,Optimism,8.3,DAI,88734709,1.43,3.55
2024-08-23,Uniswap V3,Polygon,8.09,USDC,89232747,0.99,2.46
2024-08-23,Uniswap V3,Polygon,11.05,USDT,104148782,1.1,3.24
2024-08-23,Uniswap V3,Polygon,9.25,DAI,94085485,0.87,3.08
2024-08-23,Uniswap V3,Base,10.65,USDC,95160632,1.46,3.8
2024-08-23,Uniswap V3,Base,10.68,USDT,98416395,1.28,4.72
2024-08-23,Uniswap V3,Base,8.4,DAI,90903457,1.4,4.72
2024-08-23,Yearn,Ethereum,3.05,USDC,119814491,18.17,0
2024-08-23,Yearn,Ethereum,3.76,USDT,128726833,14.26,0
2024-08-23,Yearn,Ethereum,3.16,DAI,110812088,20.05,0
2024-08-23,Yearn,Arbitrum,3.85,USDC,111387266,2.47,4.32
2024-08-23,Yearn,Arbitrum,4.23,USDT,122997276,2.5,5.2
2024-08-23,Yearn,Arbitrum,3.81,DAI,112576325,2.01,4.21
2024-08-23,Yearn,Optimism,3.97,USDC,115048554,2.04,3.08
2024-08-23,Yearn,Optimism,3.51,USDT,119620944,1.69,3.6
2024-08-23,Yearn,Optimism,3.43,DAI,113628919,2.05,4.42
2024-08-23,Yearn,Polygon,4.38,USDC,137262395,0.79,3.52
2024-08-23,Yearn,Polygon,4.44,USDT,117407824,0.82,3.55
2024-08-23,Yearn,Polygon,4.61,DAI,114126678,0.99,2.64
2024-08-23,Yearn,Base,3.91,USDC,104575096,1.66,2.66
2024-08-23,Yearn,Base,3.84,USDT,125773409,1.22,4.26
2024-08-23,Yearn,Base,3.89,DAI,121370444,1.49,3.5
2024-08-23,Pendle,Ethereum,12.29,USDT,77709986,15.74,0
2024-08-23,Pendle,Ethereum,11.35,DAI,76183153,18.04,0
2024-08-23,Pendle,Arbitrum,13.22,DAI,70319527,2.77,5.92
2024-08-23,Pendle,Optimism,10.83,USDC,82015232,1.63,3.87
2024-08-23,Pendle,Optimism,13.15,USDT,71435997,1.5,4.51
2024-08-23,Pendle,Base,11.99,USDC,70682531,1.58,4.64
2024-08-23,Pendle,Base,8.53,USDT,82765119,1.07,3.43
2024-08-23,Pendle,Base,11.9,DAI,71323460,1.27,3.27
2024-08-23,Convex,Ethereum,5.38,USDC,152759805,15.28,0
2024-08-23,Convex,Ethereum,4.23,USDT,154610115,12.92,0
2024-08-23,Balancer,Ethereum,8.14,USDC,108980547,18.98,0
2024-08-23,Balancer,Ethereum,6.22,USDT,108304297,19.77,0
2024-08-23,Balancer,Ethereum,8.86,DAI,114611012,12.7,0
2024-08-23,Balancer,Arbitrum,12.06,USDC,106090454,2.43,5.38
2024-08-23,Balancer,Arbitrum,10.61,USDT,102695925,2.56,6.11
2024-08-23,Balancer,Arbitrum,10.98,DAI,111734212,2.82,4.29
2024-08-23,Balancer,Optimism,8.59,USDC,107142858,1.74,4.68
2024-08-23,Balancer,Optimism,10.32,USDT,122804278,1.4,4.32
2024-08-23,Balancer,Optimism,8.98,DAI,96646145,1.74,4.99
2024-08-23,Balancer,Polygon,9.02,USDC,108567386,0.97,2.6
2024-08-23,Balancer,Polygon,9.46,USDT,104633485,0.86,3.97
2024-08-23,Balancer,Polygon,7.84,DAI,106483809,1.05,3.54
2024-08-23,Balancer,Base,10.64,USDC,109650470,1.63,3.91
2024-08-23,Balancer,Base,9.13,USDT,124006270,1.24,3.79
2024-08-23,Balancer,Base,9.2,DAI,110232326,1.41,4.94
2024-08-24,Aave,Ethereum,2.53,USDC,259313394,9.71,0
2024-08-24,Aave,Ethereum,2.16,USDT,248941470,12.38,0
2024-08-24,Aave,Ethereum,2.74,DAI,250458298,10.57,0
2024-08-24,Aave,Arbitrum,2.91,USDC,257118654,1.74,3.42
2024-08-24,Aave,Arbitrum,3.08,USDT,260157210,1.48,7.69
2024-08-24,Aave,Arbitrum,3.27,DAI,268041806,1.67,4.01
2024-08-24,Aave,Optimism,2.6,USDC,288033862,0.82,3.17
2024-08-24,Aave,Optimism,2.79,USDT,268134145,0.86,3.42
2024-08-24,Aave,Polygon,3.55,USDC,261238055,0.6,2.8
2024-08-24,Aave,Polygon,3.5,USDT,276936693,0.56,3.19
2024-08-24,Aave,Polygon,2.84,DAI,251591312,0.51,2.55
2024-08-24,Aave,Base,2.82,USDC,235444647,0.98,5.48
2024-08-24,Aave,Base,3.06,USDT,272588454,0.87,3.91
2024-08-24,Aave,Base,3.02,DAI,261151869,1.09,4.31
2024-08-24,Compound,Ethereum,2.64,USDC,175120608,13.1,0
2024-08-24,Compound,Ethereum,2.41,USDT,172788551,12.83,0
2024-08-24,Compound,Ethereum,2.4,DAI,180415697,13.45,0
2024-08-24,Compound,Arbitrum,2.93,USDC,186401603,1.66,5.81
2024-08-24,Compound,Arbitrum,2.61,USDT,175583509,1.23,2.98
2024-08-24,Compound,Arbitrum,3.11,DAI,176620829,1.95,5.41
2024-08-24,Compound,Optimism,2.64,USDC,195109917,1.39,3.66
2024-08-24,Compound,Optimism,2.54,DAI,194956520,1.08,4.72
2024-08-24,Compound,Polygon,2.96,USDC,181434347,0.57,2.62
2024-08-24,Compound,Polygon,3.23,USDT,189656568,0.72,2.96
2024-08-24,Compound,Polygon,3.52,DAI,181650979,0.61,2.94
2024-08-24,Compound,Base,2.8,USDC,178108095,0.8,3.17
2024-08-24,Compound,Base,3.09,USDT,179621074,0.98,2.91
2024-08-24,Compound,Base,3.08,DAI,178413840,1.04,4.29
2024-08-24,Curve,Ethereum,7.17,USDT,336492098,11.08,0
2024-08-24,Curve,Ethereum,5.95,DAI,327898471,11.93,0
2024-08-24,Curve,Arbitrum,8.34,USDC,332918594,1.52,4.28
2024-08-24,Curve,Arbitrum,7.69,USDT,322810938,1.92,5.78
2024-08-24,Curve,Arbitrum,10.43,DAI,331211942,1.74,4.8
2024-08-24,Curve,Optimism,8.39,USDC,299864817,1.54,3.9
2024-08-24,Curve,Optimism,9.27,USDT,306791848,1.19,4.36
2024-08-24,Curve,Optimism,7.87,DAI,286709066,0.75,3.59
2024-08-24,Curve,Polygon,9.23,USDC,297776111,0.49,2.98
2024-08-24,Curve,Polygon,7.55,USDT,308363892,0.58,3.29
2024-08-24,Curve,Polygon,9.27,DAI,313670039,0.68,2.4
2024-08-24,Curve,Base,9.74,USDT,345814700,0.91,3.92
2024-08-24,Curve,Base,8.92,DAI,302822274,1.01,3.65
2024-08-24,Uniswap V3,Ethereum,9.46,USDC,92001967,11.63,0
2024-08-24,Uniswap V3,Ethereum,9.07,USDT,99385299,12.98,0
2024-08-24,Uniswap V3,Ethereum,10.54,DAI,93508773,11.1,0
2024-08-24,Uniswap V3,Arbitrum,10.86,USDC,96996404,1.78,4.55
2024-08-24,Uniswap V3,Arbitrum,10.17,USDT,98042211,1.83,7.12
2024-08-24,Uniswap V3,Arbitrum,7.85,DAI,91764649,1.14,4.22
2024-08-24,Uniswap V3,Optimism,8.21,USDC,95182626,1.23,4.38
2024-08-24,Uniswap V3,Optimism,9.98,USDT,99744284,1.07,4.63
2024-08-24,Uniswap V3,Polygon,9.92,USDC,93485003,0.58,3.32
2024-08-24,Uniswap V3,Polygon,6.88,USDT,89846818,0.5,3.0
2024-08-24,Uniswap V3,Base,10.35,USDC,103235843,0.91,1.96
2024-08-24,Uniswap V3,Base,13.36,USDT,90124549,0.93,4.66
2024-08-24,Uniswap V3,Base,10.94,DAI,95549365,0.94,4.24
2024-08-24,Yearn,Ethereum,3.15,USDC,120865062,11.65,0
2024-08-24,Yearn,Ethereum,3.58,USDT,126237674,13.41,0
2024-08-24,Yearn,Arbitrum,4.2,USDC,108701668,1.68,4.56
2024-08-24,Yearn,Arbitrum,4.08,USDT,115280611,1.71,4.63
2024-08-24,Yearn,Arbitrum,4.0,DAI,121821551,2.01,5.74
2024-08-24,Yearn,Optimism,3.24,USDC,118839422,1.34,3.65
2024-08-24,Yearn,Optimism,4.28,USDT,114711854,1.24,3.48
2024-08-24,Yearn,Optimism,3.51,DAI,122545581,1.11,3.75
2024-08-24,Yearn,Polygon,4.36,USDC,114281229,0.64,4.33
2024-08-24,Yearn,Polygon,4.84,USDT,117244293,0.68,2.87
2024-08-24,Yearn,Polygon,4.52,DAI,131717384,0.58,3.98
2024-08-24,Yearn,Base,3.69,USDC,127958268,0.99,4.13
2024-08-24,Yearn,Base,3.78,USDT,114065409,1.34,4.86
2024-08-24,Yearn,Base,4.23,DAI,123643741,0.93,3.35
2024-08-24,Pendle,Ethereum,11.97,USDC,77553850,11.08,0
2024-08-24,Pendle,Ethereum,10.67,USDT,71591982,11.59,0
2024-08-24,Pendle,Ethereum,11.67,DAI,73012893,10.18,0
2024-08-24,Pendle,Arbitrum,14.89,USDC,73455060,1.78,4.45
2024-08-24,Pendle,Arbitrum,16.34,USDT,75123019,1.68,4.68
2024-08-24,Pendle,Arbitrum,11.46,DAI,76661766,1.58,4.72
2024-08-24,Pendle,Optimism,13.82,USDC,70366207,1.1,5.06
2024-08-24,Pendle,Optimism,10.4,USDT,70254622,0.86,3.57
2024-08-24,Pendle,Optimism,13.74,DAI,80768422,1.16,4.82
2024-08-24,Pendle,Base,13.77,USDC,79539151,1.19,2.4
2024-08-24,Pendle,Base,14.81,USDT,74477488,1.15,4.37
2024-08-24,Pendle,Base,13.5,DAI,78733825,0.98,4.61
2024-08-24,Convex,Ethereum,4.81,USDC,152682587,12.05,0
2024-08-24,Convex,Ethereum,5.25,USDT,144912304,10.77,0
2024-08-24,Convex,Ethereum,4.74,DAI,154629243,12.03,0
2024-08-24,Balancer,Ethereum,8.47,USDC,113041619,14.86,0
2024-08-24,Balancer,Ethereum,8.46,USDT,112835809,10.15,0
2024-08-24,Balancer,Arbitrum,10.35,USDC,122489559,1.38,4.51
2024-08-24,Balancer,Arbitrum,9.96,USDT,116867071,1.31,5.97
2024-08-24,Balancer,Arbitrum,9.72,DAI,107676789,1.18,3.77
2024-08-24,Balancer,Optimism,9.49,USDC,108239558,1.53,4.26
2024-08-24,Balancer,Optimism,7.62,USDT,111693429,1.25,2.96
2024-08-24,Balancer,Optimism,8.18,DAI,117862209,1.29,4.27
2024-08-24,Balancer,Polygon,10.64,USDC,107659371,0.57,3.65
2024-08-24,Balancer,Polygon,12.5,USDT,101852202,0.54,3.26
2024-08-24,Balancer,Polygon,8.46,DAI,113579785,0.65,4.01
2024-08-24,Balancer,Base,9.49,USDC,108564767,0.9,3.81
2024-08-24,Balancer,Base,9.3,USDT,103268488,1.33,4.5
2024-08-24,Balancer,Base,8.94,DAI,118558016,1.02,3.19
2024-08-25,Aave,Ethereum,2.58,USDC,261283798,10.55,0
2024-08-25,Aave,Ethereum,2.43,USDT,266574810,7.62,0
2024-08-25,Aave,Ethereum,2.48,DAI,263544191,11.87,0
2024-08-25,Aave,Arbitrum,2.79,USDC,243304588,1.46,5.42
2024-08-25,Aave,Arbitrum,2.89,USDT,272876165,1.45,6.28
2024-08-25,Aave,Arbitrum,3.2,DAI,270579070,1.45,3.87
2024-08-25,Aave,Optimism,2.93,USDC,264352302,1.12,5.16
2024-08-25,Aave,Optimism,3.06,USDT,278668115,1.37,2.23
2024-08-25,Aave,Polygon,3.27,USDC,260303434,0.68,2.64
2024-08-25,Aave,Polygon,3.09,USDT,272731224,0.73,2.27
2024-08-25,Aave,Polygon,3.69,DAI,249275265,0.74,3.31
2024-08-25,Aave,Base,3.04,USDC,263075168,0.78,4.36
2024-08-25,Aave,Base,3.2,USDT,266342369,1.03,4.14
2024-08-25,Aave,Base,3.19,DAI,221961962,1.15,3.51
2024-08-25,Compound,Ethereum,2.41,USDC,184455719,13.26,0
2024-08-25,Compound,Ethereum,2.54,USDT,181471204,13.46,0
2024-08-25,Compound,Ethereum,2.41,DAI,192663989,11.9,0
2024-08-25,Compound,Arbitrum,2.86,USDC,187994409,1.89,4.26
2024-08-25,Compound,Arbitrum,2.81,USDT,173671914,1.66,5.28
2024-08-25,Compound,Arbitrum,2.96,DAI,174151643,1.48,4.73
2024-08-25,Compound,Optimism,2.54,USDC,186285417,1.09,4.35
2024-08-25,Compound,Optimism,3.08,DAI,207515467,1.18,3.57
2024-08-25,Compound,Polygon,3.14,USDC,181681957,0.59,3.95
2024-08-25,Compound,Polygon,3.43,USDT,188844625,0.64,1.34
2024-08-25,Compound,Polygon,2.66,DAI,186941235,0.58,2.28
2024-08-25,Compound,Base,2.75,USDC,184327418,1.01,4.22
2024-08-25,Compound,Base,2.7,USDT,178865715,1.28,5.12
2024-08-25,Curve,Ethereum,7.6,USDC,331137754,12.2,0
2024-08-25,Curve,Ethereum,7.64,USDT,313781717,9.07,0
2024-08-25,Curve,Ethereum,6.92,DAI,326460350,13.8,0
2024-08-25,Curve,Arbitrum,6.74,USDC,310394801,1.32,6.19
2024-08-25,Curve,Arbitrum,9.89,USDT,345916355,1.66,3.98
2024-08-25,Curve,Optimism,9.65,USDC,310797641,1.3,3.56
2024-08-25,Curve,Optimism,6.51,USDT,312987407,1.09,4.71
2024-08-25,Curve,Optimism,9.26,DAI,354785003,1.45,3.8
2024-08-25,Curve,Polygon,10.46,USDC,329245618,0.64,2.81
2024-08-25,Curve,Polygon,11.05,USDT,322203077,0.81,3.31
2024-08-25,Curve,Polygon,8.78,DAI,308179911,0.7,3.92
2024-08-25,Curve,Base,8.98,USDC,318745332,0.93,4.74
2024-08-25,Curve,Base,6.77,USDT,305284734,0.75,2.95
2024-08-25,Curve,Base,7.75,DAI,306727475,0.85,4.71
2024-08-25,Uniswap V3,Ethereum,8.71,USDC,91810047,9.95,0
2024-08-25,Uniswap V3,Arbitrum,8.61,USDC,96344665,1.46,4.53
2024-08-25,Uniswap V3,Arbitrum,7.46,USDT,99807912,1.83,4.78
2024-08-25,Uniswap V3,Arbitrum,8.97,DAI,99424440,1.38,5.17
2024-08-25,Uniswap V3,Optimism,10.55,USDC,95091179,1.17,5.18
2024-08-25,Uniswap V3,Optimism,7.39,USDT,99088277,0.98,4.37
2024-08-25,Uniswap V3,Optimism,9.18,DAI,102930401,1.51,3.77
2024-08-25,Uniswap V3,Polygon,8.91,USDC,98027379,0.65,2.43
2024-08-25,Uniswap V3,Polygon,11.01,USDT,106045026,0.66,3.78
2024-08-25,Uniswap V3,Polygon,10.82,DAI,98606884,0.46,4.19
2024-08-25,Uniswap V3,Base,9.7,USDT,105811380,0.81,3.31
2024-08-25,Uniswap V3,Base,10.73,DAI,96905646,0.94,3.71
2024-08-25,Yearn,Ethereum,3.05,USDC,114318520,13.03,0
2024-08-25,Yearn,Ethereum,2.81,USDT,133226720,9.72,0
2024-08-25,Yearn,Ethereum,3.49,DAI,112710042,10.82,0
2024-08-25,Yearn,Arbitrum,4.49,USDC,124141377,1.79,4.88
2024-08-25,Yearn,Arbitrum,4.37,USDT,126061724,1.31,5.73
2024-08-25,Yearn,Arbitrum,4.11,DAI,124885648,2.01,5.84
2024-08-25,Yearn,Optimism,3.53,USDC,124116286,1.19,4.83
2024-08-25,Yearn,Optimism,4.04,USDT,116195227,1.1,5.5
2024-08-25,Yearn,Optimism,4.46,DAI,126512375,1.5,4.71
2024-08-25,Yearn,Polygon,4.47,USDC,118238067,0.79,2.26
2024-08-25,Yearn,Polygon,4.73,USDT,127968205,0.47,3.58
2024-08-25,Yearn,Base,3.78,USDC,139691081,0.88,2.99
2024-08-25,Yearn,Base,3.92,USDT,120602909,1.15,2.98
2024-08-25,Yearn,Base,3.71,DAI,117196414,1.01,3.47
2024-08-25,Pendle,Ethereum,11.17,USDT,73484976,13.49,0
2024-08-25,Pendle,Ethereum,10.04,DAI,76433626,12.93,0
2024-08-25,Pendle,Arbitrum,16.18,USDC,76323718,1.84,5.44
2024-08-25,Pendle,Arbitrum,16.48,USDT,82334163,1.4,3.79
2024-08-25,Pendle,Arbitrum,14.49,DAI,76644354,1.82,4.96
2024-08-25,Pendle,Optimism,7.88,USDC,80524520,0.88,3.76
2024-08-25,Pendle,Optimism,13.18,USDT,72702145,1.32,4.58
2024-08-25,Pendle,Optimism,11.79,DAI,75944720,1.32,3.07
2024-08-25,Pendle,Base,10.71,USDC,74202718,0.88,4.05
2024-08-25,Pendle,Base,13.93,USDT,80686999,0.65,3.97
2024-08-25,Pendle,Base,11.99,DAI,76492251,0.84,4.11
2024-08-25,Convex,Ethereum,5.05,USDC,151936267,11.31,0
2024-08-25,Convex,Ethereum,6.08,USDT,159256371,13.83,0
2024-08-25,Convex,Ethereum,5.13,DAI,173839648,10.96,0
2024-08-25,Balancer,Ethereum,9.3,USDT,109392951,10.73,0
2024-08-25,Balancer,Ethereum,7.55,DAI,117912165,11.62,0
2024-08-25,Balancer,Arbitrum,8.88,USDC,121407902,1.51,4.88
2024-08-25,Balancer,Arbitrum,11.65,USDT,114380278,1.56,4.75
2024-08-25,Balancer,Arbitrum,9.32,DAI,112064928,1.62,6.58
2024-08-25,Balancer,Optimism,8.79,USDC,112086617,1.21,4.71
2024-08-25,Balancer,Optimism,8.83,USDT,113178592,1.21,4.6
2024-08-25,Balancer,Optimism,10.16,DAI,115253918,1.37,4.52
2024-08-25,Balancer,Polygon,10.7,USDT,113488185,0.55,1.96
2024-08-25,Balancer,Base,9.02,USDC,116685988,1.24,4.38
2024-08-25,Balancer,Base,9.1,USDT,119627155,0.94,4.44
2024-08-25,Balancer,Base,8.42,DAI,115681431,0.79,4.72
2024-08-26,Aave,Ethereum,2.86,USDT,278808388,22.26,0
2024-08-26,Aave,Arbitrum,2.86,USDC,263906799,2.76,5.98
2024-08-26,Aave,Arbitrum,3.1,USDT,254914303,3.0,3.32
2024-08-26,Aave,Arbitrum,3.46,DAI,257967506,2.67,5.06
2024-08-26,Aave,Optimism,3.13,USDC,248524724,1.8,3.85
2024-08-26,Aave,Optimism,3.04,USDT,235418585,1.55,2.52
2024-08-26,Aave,Optimism,3.04,DAI,249447769,1.93,3.59
2024-08-26,Aave,Polygon,3.17,USDC,260950064,1.24,2.1
2024-08-26,Aave,Polygon,3.43,USDT,270031069,1.03,2.3
2024-08-26,Aave,Polygon,3.56,DAI,227442860,0.87,3.15
2024-08-26,Aave,Base,3.36,USDC,282191257,1.85,5.03
2024-08-26,Aave,Base,3.35,USDT,259283955,1.24,3.69
2024-08-26,Aave,Base,3.3,DAI,237952781,1.7,4.22
2024-08-26,Compound,Ethereum,2.42,USDT,190406324,18.94,0
2024-08-26,Compound,Ethereum,2.53,DAI,175816102,16.74,0
2024-08-26,Compound,Arbitrum,2.71,USDC,180774129,2.8,5.5
2024-08-26,Compound,Arbitrum,2.92,USDT,183512099,2.88,5.38
2024-08-26,Compound,Arbitrum,3.28,DAI,191410196,1.67,5.99
2024-08-26,Compound,Optimism,2.97,USDC,201090675,2.03,4.04
2024-08-26,Compound,Optimism,2.66,USDT,190044292,2.07,3.19
2024-08-26,Compound,Optimism,2.73,DAI,200735559,1.66,4.67
2024-08-26,Compound,Polygon,3.32,USDC,189364149,0.7,2.17
2024-08-26,Compound,Polygon,3.07,USDT,159980448,1.0,3.43
2024-08-26,Compound,Polygon,3.07,DAI,172330160,1.08,3.91
2024-08-26,Compound,Base,2.99,USDC,193980607,1.65,5.59
2024-08-26,Compound,Base,3.03,USDT,184385480,1.31,4.59
2024-08-26,Compound,Base,2.61,DAI,175725608,1.48,3.31
2024-08-26,Curve,Ethereum,7.7,USDC,304259642,15.83,0
2024-08-26,Curve,Ethereum,8.24,USDT,326773499,16.24,0
2024-08-26,Curve,Ethereum,9.23,DAI,312321982,20.44,0
2024-08-26,Curve,Arbitrum,10.68,USDC,308503193,2.67,4.49
2024-08-26,Curve,Arbitrum,9.98,USDT,330006609,2.79,4.36
2024-08-26,Curve,Arbitrum,9.23,DAI,335143880,2.46,6.15
2024-08-26,Curve,Optimism,8.07,USDC,330357807,1.71,3.57
2024-08-26,Curve,Optimism,7.6,USDT,350470850,2.26,4.28
2024-08-26,Curve,Optimism,9.54,DAI,302114487,2.18,3.66
2024-08-26,Curve,Polygon,9.31,USDC,364870276,1.02,3.06
2024-08-26,Curve,Polygon,7.76,USDT,313158826,1.03,3.17
2024-08-26,Curve,Polygon,9.2,DAI,320514068,1.25,2.15
2024-08-26,Curve,Base,10.69,USDC,325742815,0.85,3.13
2024-08-26,Curve,Base,8.1,USDT,308355621,1.48,3.42
2024-08-26,Curve,Base,7.64,DAI,314397744,1.22,4.66
2024-08-26,Uniswap V3,Ethereum,8.03,USDC,100102811,15.62,0
2024-08-26,Uniswap V3,Ethereum,9.03,USDT,97988792,11.4,0
2024-08-26,Uniswap V3,Ethereum,9.24,DAI,100622995,11.95,0
2024-08-26,Uniswap V3,Arbitrum,11.12,USDC,92440283,2.21,3.11
2024-08-26,Uniswap V3,Arbitrum,9.08,USDT,98262334,2.65,4.42
2024-08-26,Uniswap V3,Arbitrum,9.93,DAI,107576270,2.41,4.22
2024-08-26,Uniswap V3,Optimism,9.27,USDC,93460992,1.97,3.99
2024-08-26,Uniswap V3,Optimism,7.88,USDT,106563701,1.41,2.79
2024-08-26,Uniswap V3,Optimism,9.87,DAI,96510443,2.0,3.12
2024-08-26,Uniswap V3,Polygon,7.51,USDC,94779879,0.92,3.49
2024-08-26,Uniswap V3,Polygon,13.05,USDT,95224574,1.14,3.11
2024-08-26,Uniswap V3,Polygon,11.7,DAI,101071179,1.04,2.28
2024-08-26,Uniswap V3,Base,10.29,USDC,93449245,1.6,3.43
2024-08-26,Uniswap V3,Base,11.25,USDT,101750041,1.37,3.81
2024-08-26,Uniswap V3,Base,7.34,DAI,102500699,1.56,4.57
2024-08-26,Yearn,Ethereum,3.67,USDC,110487668,17.96,0
2024-08-26,Yearn,Ethereum,3.12,USDT,128186363,14.59,0
2024-08-26,Yearn,Ethereum,3.29,DAI,122324678,17.76,0
2024-08-26,Yearn,Arbitrum,3.84,USDC,130452895,1.91,4.98
2024-08-26,Yearn,Arbitrum,4.36,USDT,115852700,3.13,4.06
2024-08-26,Yearn,Optimism,3.45,USDC,132090241,1.75,4.08
2024-08-26,Yearn,Optimism,3.75,USDT,117504180,1.8,5.15
2024-08-26,Yearn,Optimism,4.06,DAI,117898799,2.04,4.4
2024-08-26,Yearn,Polygon,4.76,USDC,122051537,0.78,2.61
2024-08-26,Yearn,Polygon,4.35,USDT,121233093,1.16,2.5
2024-08-26,Yearn,Polygon,3.85,DAI,135387061,1.16,1.59
2024-08-26,Yearn,Base,4.21,USDC,129771557,1.25,3.91
2024-08-26,Yearn,Base,4.14,USDT,112175515,1.62,3.2
2024-08-26,Yearn,Base,4.16,DAI,122083473,1.29,3.28
2024-08-26,Pendle,Ethereum,10.25,USDC,79188728,22.39,0
2024-08-26,Pendle,Ethereum,12.67,USDT,80172947,18.16,0
2024-08-26,Pendle,Ethereum,12.54,DAI,79688832,14.83,0
2024-08-26,Pendle,Arbitrum,15.13,USDC,74037372,2.61,6.92
2024-08-26,Pendle,Arbitrum,9.73,USDT,84511143,2.17,4.73
2024-08-26,Pendle,Optimism,13.95,USDC,73239585,1.78,3.19
2024-08-26,Pendle,Optimism,11.47,USDT,77479391,1.75,4.28
2024-08-26,Pendle,Optimism,10.48,DAI,80828575,2.06,3.6
2024-08-26,Pendle,Base,11.62,USDC,76214466,1.25,3.33
2024-08-26,Pendle,Base,12.1,DAI,74045602,1.22,3.65
2024-08-26,Convex,Ethereum,5.31,USDC,159588015,20.9,0
2024-08-26,Convex,Ethereum,4.69,USDT,157809631,15.46,0
2024-08-26,Convex,Ethereum,6.09,DAI,161065206,18.52,0
2024-08-26,Balancer,Ethereum,7.09,USDC,117403045,18.06,0
2024-08-26,Balancer,Ethereum,6.38,USDT,112783143,22.66,0
2024-08-26,Balancer,Ethereum,6.16,DAI,117800460,21.03,0
2024-08-26,Balancer,Arbitrum,9.22,USDC,108426335,2.25,4.91
2024-08-26,Balancer,Arbitrum,8.35,USDT,111275848,2.97,5.56
2024-08-26,Balancer,Arbitrum,8.8,DAI,124757384,1.96,3.39
2024-08-26,Balancer,Optimism,7.47,USDC,113189665,2.02,3.9
2024-08-26,Balancer,Optimism,8.34,DAI,107002149,2.6,4.04
2024-08-26,Balancer,Polygon,9.67,USDC,112174758,0.93,3.06
2024-08-26,Balancer,Polygon,9.23,USDT,116116102,0.93,3.51
2024-08-26,Balancer,Polygon,9.04,DAI,112668653,0.94,3.66
2024-08-26,Balancer,Base,8.93,USDC,109851154,1.31,4.53
2024-08-26,Balancer,Base,9.73,USDT,120408930,1.34,4.85
2024-08-27,Aave,Ethereum,2.38,USDC,260240341,17.13,0
2024-08-27,Aave,Ethereum,2.67,USDT,264907519,21.76,0
2024-08-27,Aave,Ethereum,2.43,DAI,268253285,11.58,0
2024-08-27,Aave,Arbitrum,2.93,USDT,249893931,2.41,6.13
2024-08-27,Aave,Arbitrum,3.46,DAI,245340675,2.75,5.41
2024-08-27,Aave,Optimism,3.07,USDC,264469636,2.26,4.3
2024-08-27,Aave,Optimism,2.9,USDT,240804875,1.8,3.52
2024-08-27,Aave,Optimism,2.79,DAI,265041200,1.38,4.27
2024-08-27,Aave,Polygon,3.27,USDC,260515737,1.06,3.86
2024-08-27,Aave,Polygon,3.34,USDT,274031502,0.98,3.23
2024-08-27,Aave,Polygon,3.33,DAI,234810027,0.95,2.6
2024-08-27,Aave,Base,3.3,USDC,255075370,1.29,3.46
2024-08-27,Aave,Base,3.23,USDT,262351859,1.21,3.54
2024-08-27,Compound,Ethereum,2.35,USDC,190040093,20.77,0
2024-08-27,Compound,Ethereum,2.66,USDT,190561592,14.38,0
2024-08-27,Compound,Ethereum,2.51,DAI,193361171,17.14,0
2024-08-27,Compound,Optimism,2.83,USDC,193139030,2.35,3.36
2024-08-27,Compound,Optimism,2.97,USDT,194529043,1.8,5.48
2024-08-27,Compound,Optimism,3.05,DAI,199595564,1.56,5.52
2024-08-27,Compound,Polygon,3.34,USDC,197534828,1.01,3.97
2024-08-27,Compound,Polygon,3.33,USDT,196386547,1.04,2.84
2024-08-27,Compound,Polygon,3.03,DAI,190824392,1.15,2.44
2024-08-27,Compound,Base,2.95,USDC,186309866,1.44,2.82
2024-08-27,Compound,Base,2.87,USDT,202112372,1.25,4.57
2024-08-27,Compound,Base,2.83,DAI,183464172,1.23,4.3
2024-08-27,Curve,Ethereum,7.34,USDC,351680826,23.98,0
2024-08-27,Curve,Ethereum,8.45,USDT,317131366,17.32,0
2024-08-27,Curve,Ethereum,6.75,DAI,329066097,12.07,0
2024-08-27,Curve,Arbitrum,10.65,USDC,322276414,2.33,4.86
2024-08-27,Curve,Arbitrum,10.9,USDT,348017975,2.62,5.59
2024-08-27,Curve,Arbitrum,8.56,DAI,315400337,2.5,5.24
2024-08-27,Curve,Optimism,7.91,USDC,345210036,1.66,4.3
2024-08-27,Curve,Optimism,8.9,USDT,321657175,2.09,3.8
2024-08-27,Curve,Optimism,10.97,DAI,358868578,2.06,2.88
2024-08-27,Curve,Polygon,9.83,USDC,347044111,1.07,3.35
2024-08-27,Curve,Polygon,10.21,USDT,320543677,0.91,2.05
2024-08-27,Curve,Polygon,8.37,DAI,352776255,1.01,3.23
2024-08-27,Curve,Base,9.81,USDC,345139952,1.45,3.57
2024-08-27,Curve,Base,8.51,USDT,355560001,1.07,3.36
2024-08-27,Uniswap V3,Ethereum,8.23,USDC,105265537,21.75,0
2024-08-27,Uniswap V3,Ethereum,8.62,USDT,97647690,19.09,0
2024-08-27,Uniswap V3,Ethereum,10.23,DAI,112788252,23.34,0
2024-08-27,Uniswap V3,Arbitrum,8.78,USDC,101052695,2.56,6.83
2024-08-27,Uniswap V3,Arbitrum,8.82,USDT,102847256,2.27,5.45
2024-08-27,Uniswap V3,Arbitrum,12.46,DAI,101289246,2.93,5.49
2024-08-27,Uniswap V3,Optimism,10.9,USDC,113788360,1.84,4.76
2024-08-27,Uniswap V3,Optimism,8.64,USDT,94797898,2.05,3.95
2024-08-27,Uniswap V3,Optimism,6.92,DAI,100145546,1.27,4.78
2024-08-27,Uniswap V3,Polygon,9.43,USDT,94723908,0.87,3.98
2024-08-27,Uniswap V3,Polygon,11.1,DAI,98806016,0.88,2.05
2024-08-27,Uniswap V3,Base,9.26,USDT,102914154,1.28,3.68
2024-08-27,Uniswap V3,Base,8.57,DAI,103626515,1.72,4.45
2024-08-27,Yearn,Ethereum,3.37,USDC,127360676,14.44,0
2024-08-27,Yearn,Ethereum,3.52,USDT,116102204,15.01,0
2024-08-27,Yearn,Ethereum,3.44,DAI,131494203,16.7,0
2024-08-27,Yearn,Arbitrum,4.09,USDC,129877746,3.08,4.57
2024-08-27,Yearn,Arbitrum,3.58,USDT,130694307,1.92,6.39
2024-08-27,Yearn,Optimism,3.93,USDC,137861008,2.45,5.15
2024-08-27,Yearn,Optimism,4.0,USDT,120608403,1.92,3.64
2024-08-27,Yearn,Optimism,4.6,DAI,116255315,2.12,3.19
2024-08-27,Yearn,Polygon,4.28,USDC,119372471,1.32,2.75
2024-08-27,Yearn,Polygon,4.86,USDT,120283513,1.1,1.86
2024-08-27,Yearn,Polygon,4.45,DAI,120350622,1.01,3.43
2024-08-27,Yearn,Base,4.11,USDC,129454490,1.13,3.3
2024-08-27,Yearn,Base,4.2,USDT,115506093,1.31,4.42
2024-08-27,Yearn,Base,4.11,DAI,122563393,1.63,2.68
2024-08-27,Pendle,Ethereum,11.17,USDC,84964188,18.75,0
2024-08-27,Pendle,Ethereum,12.03,USDT,84447383,20.76,0
2024-08-27,Pendle,Ethereum,10.33,DAI,79253074,21.64,0
2024-08-27,Pendle,Arbitrum,13.13,USDC,79052081,2.44,5.91
2024-08-27,Pendle,Arbitrum,9.81,USDT,80142518,2.57,4.85
2024-08-27,Pendle,Arbitrum,14.09,DAI,79614734,2.22,4.95
2024-08-27,Pendle,Optimism,13.15,USDC,80674040,1.98,3.48
2024-08-27,Pendle,Optimism,10.95,USDT,73048063,2.16,3.79
2024-08-27,Pendle,Base,10.95,DAI,78902147,1.68,4.83
2024-08-27,Convex,Ethereum,4.16,USDT,148283486,20.97,0
2024-08-27,Convex,Ethereum,4.82,DAI,161942581,17.47,0
2024-08-27,Balancer,Ethereum,7.3,USDC,122444209,11.47,0
2024-08-27,Balancer,Ethereum,7.96,USDT,119493154,22.33,0
2024-08-27,Balancer,Ethereum,7.3,DAI,110313200,19.65,0
2024-08-27,Balancer,Arbitrum,8.89,USDC,112500874,2.72,3.62
2024-08-27,Balancer,Arbitrum,10.07,USDT,109252680,2.81,5.78
2024-08-27,Balancer,Arbitrum,9.48,DAI,115353934,2.39,5.94
2024-08-27,Balancer,Optimism,9.04,USDC,117157893,1.98,4.13
2024-08-27,Balancer,Optimism,8.6,USDT,113496774,2.29,3.7
2024-08-27,Balancer,Optimism,8.95,DAI,120987774,1.8,3.73
2024-08-27,Balancer,Polygon,7.41,USDT,114615951,1.0,2.71
2024-08-27,Balancer,Polygon,9.65,DAI,114967633,1.02,3.97
2024-08-27,Balancer,Base,8.63,USDC,108595580,1.37,3.64
2024-08-27,Balancer,Base,7.49,USDT,115656620,1.38,4.58
2024-08-27,Balancer,Base,8.59,DAI,115138764,1.3,5.39
2024-08-28,Aave,Ethereum,2.48,USDC,274878869,17.48,0
2024-08-28,Aave,Ethereum,2.93,USDT,255131486,16.5,0
2024-08-28,Aave,Ethereum,2.21,DAI,263677438,19.23,0
2024-08-28,Aave,Arbitrum,3.04,USDC,302549879,2.41,3.95
2024-08-28,Aave,Arbitrum,3.67,USDT,266281354,2.49,5.64
2024-08-28,Aave,Arbitrum,3.47,DAI,265604476,3.19,6.12
2024-08-28,Aave,Optimism,3.18,USDC,239340918,2.12,5.15
2024-08-28,Aave,Optimism,3.27,USDT,279199506,1.59,3.09
2024-08-28,Aave,Optimism,3.13,DAI,253152116,1.83,4.02
2024-08-28,Aave,Polygon,3.4,USDC,248143172,0.92,3.31
2024-08-28,Aave,Base,3.44,USDC,290880879,1.14,3.69
2024-08-28,Aave,Base,2.49,USDT,268050276,1.55,2.66
2024-08-28,Aave,Base,3.27,DAI,256705777,1.6,4.95
2024-08-28,Compound,Ethereum,2.31,USDC,195906599,16.86,0
2024-08-28,Compound,Ethereum,2.37,USDT,198747749,18.03,0
2024-08-28,Compound,Ethereum,2.43,DAI,204164972,24.21,0
2024-08-28,Compound,Arbitrum,3.19,USDC,201479263,2.2,4.13
2024-08-28,Compound,Arbitrum,2.9,USDT,204796280,2.25,4.79
2024-08-28,Compound,Arbitrum,3.68,DAI,192793341,2.7,5.61
2024-08-28,Compound,Optimism,2.64,USDC,195748964,2.18,4.35
2024-08-28,Compound,Optimism,2.99,USDT,201254141,1.88,3.5
2024-08-28,Compound,Optimism,2.72,DAI,188271768,1.81,4.3
2024-08-28,Compound,Polygon,3.21,USDC,184123844,0.87,3.88
2024-08-28,Compound,Polygon,3.26,USDT,191394515,1.01,3.48
2024-08-28,Compound,Polygon,3.08,DAI,188754049,0.95,2.93
2024-08-28,Compound,Base,2.77,USDC,194067660,1.64,3.92
2024-08-28,Compound,Base,2.88,USDT,183084766,1.36,3.06
2024-08-28,Curve,Ethereum,7.57,USDC,348434896,19.71,0
2024-08-28,Curve,Ethereum,7.66,USDT,351190585,20.49,0
2024-08-28,Curve,Ethereum,7.02,DAI,367544650,14.12,0
2024-08-28,Curve,Arbitrum,11.13,USDC,323552903,2.13,5.82
2024-08-28,Curve,Arbitrum,9.12,DAI,333463850,2.55,6.06
2024-08-28,Curve,Optimism,9.34,USDC,347573880,1.98,2.89
2024-08-28,Curve,Optimism,7.84,USDT,347721288,1.62,3.11
2024-08-28,Curve,Optimism,6.03,DAI,333203661,1.97,4.29
2024-08-28,Curve,Polygon,11.67,USDC,333488284,0.88,3.26
2024-08-28,Curve,Polygon,10.11,USDT,374129143,1.02,3.15
2024-08-28,Curve,Base,9.16,USDC,336681098,1.54,4.17
2024-08-28,Curve,Base,10.83,USDT,362390022,1.34,4.24
2024-08-28,Curve,Base,8.2,DAI,327089468,1.47,3.58
2024-08-28,Uniswap V3,Ethereum,9.13,USDC,98019176,20.77,0
2024-08-28,Uniswap V3,Ethereum,8.99,DAI,104909937,19.96,0
2024-08-28,Uniswap V3,Arbitrum,10.77,USDC,102563584,2.73,4.57
2024-08-28,Uniswap V3,Arbitrum,8.92,USDT,100278325,1.93,7.13
2024-08-28,Uniswap V3,Arbitrum,7.41,DAI,100058885,2.7,5.72
2024-08-28,Uniswap V3,Optimism,7.59,USDC,100362276,2.05,4.3
2024-08-28,Uniswap V3,Optimism,10.55,DAI,98779035,2.56,3.68
2024-08-28,Uniswap V3,Polygon,11.78,USDC,105573612,0.96,2.21
2024-08-28,Uniswap V3,Polygon,9.58,DAI,91081225,1.19,4.03
2024-08-28,Uniswap V3,Base,9.0,USDC,102155182,1.36,4.01
2024-08-28,Uniswap V3,Base,8.91,USDT,99493516,1.51,4.68
2024-08-28,Uniswap V3,Base,8.52,DAI,102885939,1.64,4.98
2024-08-28,Yearn,Ethereum,3.18,USDC,128548160,19.62,0
2024-08-28,Yearn,Ethereum,3.57,USDT,129948679,18.92,0
2024-08-28,Yearn,Ethereum,3.53,DAI,134604664,23.12,0
2024-08-28,Yearn,Arbitrum,4.17,USDC,133538794,1.9,5.43
2024-08-28,Yearn,Arbitrum,4.54,USDT,128676311,1.71,6.91
2024-08-28,Yearn,Arbitrum,4.38,DAI,130689833,1.99,3.27
2024-08-28,Yearn,Optimism,4.2,USDC,126895979,1.52,4.06
2024-08-28,Yearn,Optimism,4.17,USDT,124153942,2.25,3.91
2024-08-28,Yearn,Optimism,4.02,DAI,126213480,1.79,4.65
2024-08-28,Yearn,Polygon,4.37,DAI,136338690,0.93,2.69
2024-08-28,Yearn,Base,3.73,USDC,127932510,1.89,4.6
2024-08-28,Yearn,Base,4.32,USDT,131906307,1.76,2.74
2024-08-28,Yearn,Base,3.57,DAI,124665748,1.54,4.45
2024-08-28,Pendle,Ethereum,13.3,USDC,73503446,17.58,0
2024-08-28,Pendle,Ethereum,8.12,DAI,76600732,17.48,0
2024-08-28,Pendle,Arbitrum,13.75,USDC,73914387,2.31,6.54
2024-08-28,Pendle,Arbitrum,13.88,USDT,80901932,2.39,4.59
2024-08-28,Pendle,Arbitrum,12.48,DAI,82894648,2.43,2.71
2024-08-28,Pendle,Optimism,10.23,USDC,76044189,1.86,3.67
2024-08-28,Pendle,Optimism,12.68,USDT,81566762,1.78,4.7
2024-08-28,Pendle,Optimism,12.59,DAI,76103873,1.26,2.03
2024-08-28,Pendle,Base,12.41,USDC,79874886,1.24,4.17
2024-08-28,Pendle,Base,13.6,USDT,79588264,1.55,3.8
2024-08-28,Pendle,Base,13.85,DAI,78534347,1.89,5.47
2024-08-28,Convex,Ethereum,5.0,USDC,155568789,22.77,0
2024-08-28,Convex,Ethereum,4.64,DAI,152066183,18.79,0
2024-08-28,Balancer,Ethereum,6.12,USDC,114213901,17.43,0
2024-08-28,Balancer,Ethereum,7.83,USDT,115527316,15.91,0
2024-08-28,Balancer,Ethereum,8.23,DAI,111604141,22.82,0
2024-08-28,Balancer,Arbitrum,8.04,USDC,120743799,2.21,3.57
2024-08-28,Balancer,Arbitrum,10.77,USDT,118828570,2.27,4.15
2024-08-28,Balancer,Optimism,7.95,USDC,107928444,2.11,4.17
2024-08-28,Balancer,Optimism,7.7,USDT,120864265,1.91,3.46
2024-08-28,Balancer,Optimism,10.62,DAI,124662594,1.81,3.43
2024-08-28,Balancer,Polygon,10.75,USDC,116060756,0.84,2.43
2024-08-28,Balancer,Polygon,9.61,USDT,111292591,1.24,1.99
2024-08-28,Balancer,Base,10.77,USDC,127285414,1.38,2.81
2024-08-28,Balancer,Base,7.29,USDT,122160991,1.87,4.35
2024-08-28,Balancer,Base,7.7,DAI,114257855,1.39,3.05
2024-08-29,Aave,Ethereum,2.28,USDC,274478829,21.1,0
2024-08-29,Aave,Ethereum,2.45,USDT,287827733,17.76,0
2024-08-29,Aave,Ethereum,2.66,DAI,267934013,17.87,0
2024-08-29,Aave,Arbitrum,3.52,USDC,276709598,2.93,5.68
2024-08-29,Aave,Arbitrum,3.28,USDT,279400747,2.52,5.43
2024-08-29,Aave,Optimism,2.91,USDC,282260154,1.92,2.95
2024-08-29,Aave,Optimism,2.65,USDT,273202551,1.73,3.51
2024-08-29,Aave,Optimism,2.76,DAI,280445099,1.83,3.64
2024-08-29,Aave,Polygon,3.06,USDC,283059136,1.28,2.29
2024-08-29,Aave,Polygon,3.11,USDT,267719025,1.09,2.71
2024-08-29,Aave,Polygon,2.98,DAI,296742096,1.06,2.47
2024-08-29,Aave,Base,3.2,USDC,251858544,1.54,3.85
2024-08-29,Aave,Base,2.62,USDT,282674649,1.74,4.31
2024-08-29,Aave,Base,3.21,DAI,284374506,1.31,3.59
2024-08-29,Compound,Ethereum,2.42,USDC,189082847,22.09,0
2024-08-29,Compound,Ethereum,2.37,USDT,198254116,20.57,0
2024-08-29,Compound,Ethereum,2.32,DAI,191376535,13.95,0
2024-08-29,Compound,Arbitrum,2.98,USDC,206319337,2.58,5.3
2024-08-29,Compound,Arbitrum,2.86,USDT,200421781,1.61,6.32
2024-08-29,Compound,Arbitrum,3.02,DAI,202178421,2.56,6.31
2024-08-29,Compound,Optimism,2.78,USDC,200850703,1.97,3.79
2024-08-29,Compound,Optimism,2.66,USDT,199026463,2.13,3.44
2024-08-29,Compound,Optimism,2.72,DAI,212523768,1.93,5.0
2024-08-29,Compound,Polygon,2.99,USDC,193174826,0.74,2.74
2024-08-29,Compound,Polygon,2.8,USDT,198443142,0.98,4.32
2024-08-29,Compound,Polygon,2.71,DAI,210447938,0.92,3.25
2024-08-29,Compound,Base,3.1,USDC,196303533,1.49,3.42
2024-08-29,Compound,Base,2.93,USDT,191759893,1.7,4.36
2024-08-29,Compound,Base,2.92,DAI,212624805,1.31,3.43
2024-08-29,Curve,Ethereum,8.19,USDT,371339184,20.56,0
2024-08-29,Curve,Ethereum,7.33,DAI,353768668,19.52,0
2024-08-29,Curve,Arbitrum,8.75,USDT,355135807,2.6,4.96
2024-08-29,Curve,Arbitrum,9.8,DAI,322825284,2.22,5.14
2024-08-29,Curve,Optimism,8.68,USDC,345240763,2.12,4.19
2024-08-29,Curve,Optimism,9.68,USDT,344719145,1.67,3.29
2024-08-29,Curve,Optimism,10.18,DAI,318093805,2.49,3.33
2024-08-29,Curve,Polygon,9.7,USDC,331044621,1.14,2.31
2024-08-29,Curve,Polygon,8.34,USDT,342753045,1.05,3.43
2024-08-29,Curve,Polygon,8.38,DAI,334970070,0.82,2.56
2024-08-29,Curve,Base,12.11,USDC,337884171,1.28,3.89
2024-08-29,Curve,Base,7.89,USDT,327554746,1.18,4.57
2024-08-29,Curve,Base,7.82,DAI,347883605,1.52,3.92
2024-08-29,Uniswap V3,Ethereum,9.06,USDT,102897672,16.44,0
2024-08-29,Uniswap V3,Ethereum,7.09,DAI,101412114,12.75,0
2024-08-29,Uniswap V3,Arbitrum,9.02,USDT,102550454,2.99,6.38
2024-08-29,Uniswap V3,Arbitrum,12.52,DAI,109884373,3.23,5.67
2024-08-29,Uniswap V3,Optimism,10.42,USDC,101615489,1.45,3.92
2024-08-29,Uniswap V3,Optimism,9.29,DAI,102063044,1.86,4.28
2024-08-29,Uniswap V3,Polygon,10.17,USDT,105672093,0.7,3.35
2024-08-29,Uniswap V3,Polygon,11.49,DAI,101577253,1.1,4.18
2024-08-29,Uniswap V3,Base,11.55,USDC,105263585,1.57,4.33
2024-08-29,Uniswap V3,Base,8.06,USDT,103404572,1.05,4.25
2024-08-29,Uniswap V3,Base,10.52,DAI,103137251,1.17,3.75
2024-08-29,Yearn,Ethereum,3.36,USDC,126853140,18.72,0
2024-08-29,Yearn,Ethereum,2.94,USDT,120199630,15.59,0
2024-08-29,Yearn,Ethereum,3.21,DAI,122942009,21.8,0
2024-08-29,Yearn,Arbitrum,3.98,USDC,127622414,2.24,5.36
2024-08-29,Yearn,Arbitrum,3.72,USDT,130421710,2.72,5.34
2024-08-29,Yearn,Optimism,4.45,USDC,129710624,1.85,3.73
2024-08-29,Yearn,Optimism,4.08,USDT,147011970,1.64,5.04
2024-08-29,Yearn,Optimism,4.07,DAI,139217910,1.85,3.91
2024-08-29,Yearn,Polygon,4.1,USDC,139777110,0.9,3.17
2024-08-29,Yearn,Polygon,4.96,USDT,138821498,1.04,2.69
2024-08-29,Yearn,Base,3.13,USDC,141773304,1.53,2.79
2024-08-29,Yearn,Base,4.25,USDT,129255709,1.4,5.05
2024-08-29,Yearn,Base,4.13,DAI,127896858,1.2,5.3
2024-08-29,Pendle,Ethereum,8.93,USDC,90261143,18.18,0
2024-08-29,Pendle,Ethereum,12.87,USDT,87539515,16.61,0
2024-08-29,Pendle,Arbitrum,14.57,USDC,86644593,2.3,4.73
2024-08-29,Pendle,Arbitrum,9.27,USDT,78822610,2.25,6.67
2024-08-29,Pendle,Arbitrum,15.06,DAI,85931772,2.73,4.83
2024-08-29,Pendle,Optimism,11.93,USDC,78223230,1.65,4.73
2024-08-29,Pendle,Optimism,11.13,USDT,80094808,1.55,4.18
2024-08-29,Pendle,Optimism,11.07,DAI,84595086,1.46,3.71
2024-08-29,Pendle,Base,15.84,USDC,84474059,1.36,4.04
2024-08-29,Pendle,Base,12.93,USDT,80177763,1.58,3.75
2024-08-29,Pendle,Base,14.83,DAI,82274153,1.43,4.12
2024-08-29,Convex,Ethereum,4.69,USDC,169142030,14.55,0
2024-08-29,Convex,Ethereum,5.15,DAI,183759438,18.01,0
2024-08-29,Balancer,Ethereum,8.59,USDC,122095979,19.43,0
2024-08-29,Balancer,Ethereum,8.68,DAI,114768494,12.95,0
2024-08-29,Balancer,Arbitrum,9.58,USDC,115034398,2.32,5.15
2024-08-29,Balancer,Arbitrum,10.55,USDT,109188699,2.23,3.68
2024-08-29,Balancer,Arbitrum,11.11,DAI,130551024,2.67,4.11
2024-08-29,Balancer,Optimism,9.58,USDC,122741944,2.24,3.13
2024-08-29,Balancer,Optimism,9.19,USDT,124568166,1.42,3.55
2024-08-29,Balancer,Optimism,8.09,DAI,117172283,1.27,3.18
2024-08-29,Balancer,Polygon,9.09,USDC,113217828,0.99,1.8
2024-08-29,Balancer,Polygon,7.6,USDT,118837154,1.03,3.09
2024-08-29,Balancer,Polygon,9.24,DAI,125896948,1.01,2.98
2024-08-29,Balancer,Base,8.39,USDC,119373066,1.32,3.5
2024-08-29,Balancer,Base,8.18,USDT,126504488,1.64,4.05
2024-08-29,Balancer,Base,6.28,DAI,114127047,1.56,4.06
2024-08-30,Aave,Ethereum,2.33,USDC,282466016,23.02,0
2024-08-30,Aave,Ethereum,2.3,USDT,272082244,25.26,0
2024-08-30,Aave,Ethereum,2.85,DAI,270157744,11.81,0
2024-08-30,Aave,Arbitrum,3.24,USDC,276603937,2.81,5.37
2024-08-30,Aave,Arbitrum,3.18,USDT,269387340,2.85,4.2
2024-08-30,Aave,Arbitrum,2.99,DAI,281061359,2.2,4.96
2024-08-30,Aave,Optimism,2.62,USDT,289206828,1.79,3.88
2024-08-30,Aave,Optimism,2.69,DAI,287922886,1.98,5.28
2024-08-30,Aave,Polygon,3.12,USDC,281138839,0.91,3.73
2024-08-30,Aave,Polygon,3.0,USDT,280013771,0.95,2.99
2024-08-30,Aave,Polygon,3.06,DAI,282245912,0.78,2.36
2024-08-30,Aave,Base,3.22,USDC,249633945,1.71,3.71
2024-08-30,Aave,Base,3.14,USDT,284481172,1.47,4.7
2024-08-30,Aave,Base,2.87,DAI,294134640,1.46,5.14
2024-08-30,Compound,Ethereum,2.46,USDC,198590720,14.38,0
2024-08-30,Compound,Ethereum,2.23,USDT,202501870,14.0,0
2024-08-30,Compound,Ethereum,2.19,DAI,207240983,17.36,0
2024-08-30,Compound,Arbitrum,2.63,USDC,189100421,2.82,4.12
2024-08-30,Compound,Arbitrum,2.84,USDT,205755456,2.6,5.68
2024-08-30,Compound,Optimism,2.88,USDC,200704727,1.99,3.33
2024-08-30,Compound,Optimism,2.78,USDT,210874979,2.37,3.77
2024-08-30,Compound,Optimism,2.59,DAI,187837582,1.9,4.89
2024-08-30,Compound,Polygon,3.15,USDT,206540726,0.95,3.35
2024-08-30,Compound,Polygon,2.86,DAI,204920993,0.97,2.99
2024-08-30,Compound,Base,3.15,USDC,192758691,1.71,2.8
2024-08-30,Compound,Base,2.87,DAI,202518558,1.66,4.62
2024-08-30,Curve,Ethereum,7.79,USDC,320464644,12.97,0
2024-08-30,Curve,Ethereum,7.6,USDT,360927983,21.3,0
2024-08-30,Curve,Ethereum,8.58,DAI,339799968,10.05,0
2024-08-30,Curve,Arbitrum,11.61,USDC,361228897,1.82,3.71
2024-08-30,Curve,Arbitrum,11.52,USDT,347197346,1.7,5.46
2024-08-30,Curve,Arbitrum,9.22,DAI,338122275,1.98,7.19
2024-08-30,Curve,Optimism,9.51,USDC,360569659,2.35,3.91
2024-08-30,Curve,Optimism,6.99,USDT,359391395,2.16,3.91
2024-08-30,Curve,Optimism,6.85,DAI,373940732,1.83,3.77
2024-08-30,Curve,Polygon,9.36,USDC,343391899,0.94,3.29
2024-08-30,Curve,Polygon,7.9,USDT,335308966,0.92,3.38
2024-08-30,Curve,Base,10.02,USDC,339806097,1.99,2.71
2024-08-30,Curve,Base,7.26,USDT,338688661,1.66,2.55
2024-08-30,Uniswap V3,Ethereum,10.64,USDC,107779942,19.86,0
2024-08-30,Uniswap V3,Ethereum,7.64,USDT,104267443,18.97,0
2024-08-30,Uniswap V3,Ethereum,7.44,DAI,104959650,16.36,0
2024-08-30,Uniswap V3,Arbitrum,8.42,USDC,111513174,3.02,5.65
2024-08-30,Uniswap V3,Arbitrum,7.74,USDT,103667721,1.95,5.37
2024-08-30,Uniswap V3,Optimism,10.59,USDC,99232724,2.04,3.71
2024-08-30,Uniswap V3,Optimism,9.66,USDT,110678989,1.77,3.52
2024-08-30,Uniswap V3,Optimism,9.33,DAI,102786516,1.86,4.0
2024-08-30,Uniswap V3,Polygon,9.48,USDC,106236990,1.15,3.47
2024-08-30,Uniswap V3,Polygon,10.47,DAI,107799589,0.93,2.78
2024-08-30,Uniswap V3,Base,8.78,USDC,99689947,1.44,2.44
2024-08-30,Uniswap V3,Base,10.22,USDT,113685893,1.4,3.94
2024-08-30,Uniswap V3,Base,11.37,DAI,112277785,1.69,3.65
2024-08-30,Yearn,Ethereum,3.21,USDC,135245195,16.36,0
2024-08-30,Yearn,Ethereum,3.26,DAI,122891234,13.9,0
2024-08-30,Yearn,Arbitrum,3.45,USDC,124360880,2.24,3.43
2024-08-30,Yearn,Arbitrum,3.95,USDT,135690132,2.19,4.82
2024-08-30,Yearn,Arbitrum,3.98,DAI,137822560,2.55,5.16
2024-08-30,Yearn,Optimism,4.54,USDC,128174058,2.29,1.56
2024-08-30,Yearn,Optimism,3.94,USDT,139268416,2.05,2.78
2024-08-30,Yearn,Polygon,4.62,USDC,131591669,1.02,2.17
2024-08-30,Yearn,Polygon,4.11,USDT,138494253,1.06,2.81
2024-08-30,Yearn,Polygon,3.8,DAI,139152910,0.85,3.8
2024-08-30,Yearn,Base,3.74,USDC,141632859,1.66,3.55
2024-08-30,Yearn,Base,3.63,USDT,135426297,1.65,4.18
2024-08-30,Yearn,Base,4.06,DAI,137448249,1.31,4.99
2024-08-30,Pendle,Ethereum,8.58,USDT,83048726,24.29,0
2024-08-30,Pendle,Ethereum,9.85,DAI,87625704,11.25,0
2024-08-30,Pendle,Arbitrum,13.78,USDC,87635156,2.67,4.63
2024-08-30,Pendle,Arbitrum,12.83,USDT,85812537,2.36,4.04
2024-08-30,Pendle,Arbitrum,13.26,DAI,76002632,1.52,5.5
2024-08-30,Pendle,Optimism,13.18,USDT,73157187,1.16,3.48
2024-08-30,Pendle,Optimism,11.88,DAI,83371682,2.23,3.38
2024-08-30,Pendle,Base,13.58,USDC,86168414,1.49,2.83
2024-08-30,Pendle,Base,10.96,USDT,76906452,1.59,2.34
2024-08-30,Pendle,Base,13.03,DAI,80299895,1.46,3.8
2024-08-30,Convex,Ethereum,3.36,USDC,149120208,17.32,0
2024-08-30,Convex,Ethereum,5.23,USDT,165277396,18.73,0
2024-08-30,Balancer,Ethereum,6.28,USDC,120376723,17.26,0
2024-08-30,Balancer,Ethereum,8.34,USDT,118801231,21.06,0
2024-08-30,Balancer,Ethereum,7.13,DAI,125855059,22.61,0
2024-08-30,Balancer,Arbitrum,9.23,USDC,120167245,2.29,3.52
2024-08-30,Balancer,Arbitrum,10.43,USDT,124067113,2.26,6.17
2024-08-30,Balancer,Arbitrum,10.23,DAI,121415379,2.32,5.0
2024-08-30,Balancer,Optimism,8.54,USDC,122511492,2.16,4.62
2024-08-30,Balancer,Optimism,7.78,USDT,127077944,1.49,5.41
2024-08-30,Balancer,Polygon,11.19,USDC,121486191,0.7,2.88
2024-08-30,Balancer,Polygon,11.36,USDT,123284675,0.95,3.49
2024-08-30,Balancer,Polygon,9.73,DAI,124179058,1.11,3.0
2024-08-30,Balancer,Base,8.81,USDC,126530992,1.49,3.38
2024-08-30,Balancer,Base,7.81,USDT,121204663,1.24,4.17
2024-08-30,Balancer,Base,9.71,DAI,119394912,1.82,3.36
2024-08-31,Aave,Ethereum,2.24,USDC,275729274,13.45,0
2024-08-31,Aave,Ethereum,2.5,USDT,281654319,10.99,0
2024-08-31,Aave,Ethereum,2.57,DAI,284123024,11.61,0
2024-08-31,Aave,Arbitrum,2.78,USDC,312386095,1.84,5.58
2024-08-31,Aave,Arbitrum,2.75,USDT,281236187,1.61,4.27
2024-08-31,Aave,Arbitrum,2.98,DAI,274735025,1.36,4.05
2024-08-31,Aave,Optimism,2.44,USDC,275673955,1.16,5.81
2024-08-31,Aave,Optimism,3.31,USDT,275535504,0.98,3.75
2024-08-31,Aave,Optimism,3.16,DAI,281281883,1.18,3.21
2024-08-31,Aave,Polygon,3.52,USDC,290949065,0.52,2.82
2024-08-31,Aave,Polygon,3.29,USDT,294880849,0.78,3.44
2024-08-31,Aave,Polygon,3.23,DAI,285398498,0.55,2.87
2024-08-31,Aave,Base,2.97,USDC,276492447,0.8,3.09
2024-08-31,Aave,Base,2.98,USDT,280597733,0.91,3.23
2024-08-31,Aave,Base,3.0,DAI,281010344,0.89,3.09
2024-08-31,Compound,Ethereum,2.32,USDC,213097023,15.43,0
2024-08-31,Compound,Ethereum,2.33,USDT,211192168,11.3,0
2024-08-31,Compound,Ethereum,2.17,DAI,191487234,9.65,0
2024-08-31,Compound,Arbitrum,2.27,USDC,206689712,1.71,5.42
2024-08-31,Compound,Arbitrum,3.15,USDT,222449042,1.17,5.91
2024-08-31,Compound,Arbitrum,2.92,DAI,203999754,1.74,3.16
2024-08-31,Compound,Optimism,2.83,USDC,198929965,1.42,4.0
2024-08-31,Compound,Optimism,2.65,DAI,187557233,1.29,2.55
2024-08-31,Compound,Polygon,2.68,USDC,214681802,0.58,3.55
2024-08-31,Compound,Polygon,2.89,USDT,214957560,0.54,2.86
2024-08-31,Compound,Polygon,2.42,DAI,205511770,0.59,1.58
2024-08-31,Compound,Base,2.34,USDC,211882497,1.08,3.42
2024-08-31,Compound,Base,2.56,USDT,204637118,1.12,5.27
2024-08-31,Compound,Base,2.72,DAI,197594495,0.7,4.17
2024-08-31,Curve,Ethereum,6.91,USDC,371204055,11.79,0
2024-08-31,Curve,Ethereum,10.38,DAI,360925783,12.29,0
2024-08-31,Curve,Arbitrum,9.18,USDC,368226660,1.53,4.85
2024-08-31,Curve,Arbitrum,9.58,DAI,350586769,1.53,3.92
2024-08-31,Curve,Optimism,9.67,USDC,377030370,1.19,2.74
2024-08-31,Curve,Optimism,8.8,USDT,361810518,1.01,4.28
2024-08-31,Curve,Optimism,10.14,DAI,384377654,1.6,3.59
2024-08-31,Curve,Polygon,11.14,USDC,384437797,0.66,2.16
2024-08-31,Curve,Polygon,9.05,DAI,363753177,0.61,2.93
2024-08-31,Curve,Base,7.59,USDT,363541792,0.88,3.8
2024-08-31,Curve,Base,9.16,DAI,383796706,0.78,4.52
2024-08-31,Uniswap V3,Ethereum,8.14,USDC,108183671,11.98,0
2024-08-31,Uniswap V3,Ethereum,7.21,USDT,106141750,11.42,0
2024-08-31,Uniswap V3,Ethereum,6.68,DAI,104581696,11.1,0
2024-08-31,Uniswap V3,Arbitrum,12.22,USDC,111923558,1.74,5.58
2024-08-31,Uniswap V3,Arbitrum,8.1,USDT,103502591,1.45,4.16
2024-08-31,Uniswap V3,Arbitrum,10.77,DAI,106042828,1.76,4.8
2024-08-31,Uniswap V3,Optimism,7.19,USDC,110154119,0.71,3.45
2024-08-31,Uniswap V3,Optimism,8.22,USDT,103915308,1.14,3.65
2024-08-31,Uniswap V3,Optimism,8.94,DAI,116744456,0.92,2.27
2024-08-31,Uniswap V3,Polygon,9.34,USDC,110070135,0.63,2.99
2024-08-31,Uniswap V3,Polygon,10.74,USDT,110973489,0.73,2.91
2024-08-31,Uniswap V3,Polygon,7.26,DAI,109772757,0.73,2.81
2024-08-31,Uniswap V3,Base,10.33,USDC,108938124,0.97,3.03
2024-08-31,Uniswap V3,Base,7.77,USDT,106855144,1.22,5.05
2024-08-31,Uniswap V3,Base,10.16,DAI,104791969,1.01,4.06
2024-08-31,Yearn,Ethereum,3.32,USDC,129460440,12.48,0
2024-08-31,Yearn,Ethereum,3.49,USDT,139139299,14.08,0
2024-08-31,Yearn,Ethereum,3.04,DAI,136362778,10.39,0
2024-08-31,Yearn,Arbitrum,4.04,USDC,131175750,1.35,5.74
2024-08-31,Yearn,Arbitrum,3.73,USDT,131359161,1.86,4.92
2024-08-31,Yearn,Arbitrum,3.8,DAI,133769769,2.2,4.65
2024-08-31,Yearn,Optimism,4.18,USDC,132353677,0.99,1.94
2024-08-31,Yearn,Optimism,3.66,USDT,131543745,0.99,4.24
2024-08-31,Yearn,Optimism,3.69,DAI,131539548,1.19,2.27
2024-08-31,Yearn,Polygon,3.77,USDT,130402595,0.56,3.15
2024-08-31,Yearn,Polygon,3.92,DAI,136012721,0.68,2.02
2024-08-31,Yearn,Base,3.83,USDC,125176756,0.92,4.21
2024-08-31,Yearn,Base,3.89,USDT,133430764,1.01,3.87
2024-08-31,Yearn,Base,3.24,DAI,142935746,0.95,3.13
2024-08-31,Pendle,Ethereum,13.95,USDC,86335047,11.58,0
2024-08-31,Pendle,Ethereum,6.74,USDT,86815850,12.21,0
2024-08-31,Pendle,Ethereum,10.98,DAI,78657077,12.7,0
2024-08-31,Pendle,Arbitrum,11.59,USDC,85722799,1.74,6.19
2024-08-31,Pendle,Arbitrum,14.4,USDT,85527011,2.02,4.8
2024-08-31,Pendle,Arbitrum,13.99,DAI,92562619,1.58,3.94
2024-08-31,Pendle,Optimism,14.1,USDC,82698958,1.12,4.27
2024-08-31,Pendle,Optimism,10.41,USDT,86337634,1.36,3.91
2024-08-31,Pendle,Optimism,13.19,DAI,82054816,1.29,5.82
2024-08-31,Pendle,Base,12.58,USDC,86416226,0.85,4.4
2024-08-31,Pendle,Base,13.62,USDT,85142887,0.89,3.32
2024-08-31,Pendle,Base,11.9,DAI,83405812,0.95,5.72
2024-08-31,Convex,Ethereum,4.39,USDC,173998488,13.81,0
2024-08-31,Convex,Ethereum,5.03,USDT,188404933,13.1,0
2024-08-31,Convex,Ethereum,5.02,DAI,187434592,11.13,0
2024-08-31,Balancer,Ethereum,8.69,USDC,122341661,11.54,0
2024-08-31,Balancer,Ethereum,8.24,USDT,130296682,11.9,0
2024-08-31,Balancer,Ethereum,7.48,DAI,127395048,13.42,0
2024-08-31,Balancer,Arbitrum,11.57,USDC,126588524,1.64,5.88
2024-08-31,Balancer,Arbitrum,10.31,USDT,125172208,1.85,5.9
2024-08-31,Balancer,Arbitrum,10.89,DAI,130079397,1.63,4.11
2024-08-31,Balancer,Optimism,8.21,USDC,133748070,1.45,4.44
2024-08-31,Balancer,Optimism,7.92,USDT,129850757,0.92,3.68
2024-08-31,Balancer,Optimism,8.55,DAI,126246482,0.95,3.32
2024-08-31,Balancer,Polygon,7.65,USDC,121551277,0.63,3.08
2024-08-31,Balancer,Polygon,9.3,USDT,120605178,0.7,1.24
2024-08-31,Balancer,Base,7.45,USDC,131377630,0.9,6.26
2024-08-31,Balancer,Base,8.28,USDT,123095686,0.93,3.87
2024-08-31,Balancer,Base,7.94,DAI,122957010,1.01,5.88
2024-09-01,Aave,Ethereum,2.26,USDC,295800822,11.99,0
2024-09-01,Aave,Ethereum,2.62,USDT,308203257,14.17,0
2024-09-01,Aave,Ethereum,2.21,DAI,284135162,14.59,0
2024-09-01,Aave,Arbitrum,2.77,USDC,277361779,1.97,5.59
2024-09-01,Aave,Arbitrum,3.1,USDT,311759220,1.82,3.61
2024-09-01,Aave,Arbitrum,3.02,DAI,279150136,1.43,5.69
2024-09-01,Aave,Optimism,2.46,USDC,296198408,1.21,2.88
2024-09-01,Aave,Optimism,2.81,USDT,298736727,1.12,2.2
2024-09-01,Aave,Optimism,2.62,DAI,281687297,0.92,4.27
2024-09-01,Aave,Polygon,3.02,USDC,315338225,0.74,2.96
2024-09-01,Aave,Polygon,2.8,USDT,271606477,0.49,2.47
2024-09-01,Aave,Polygon,3.29,DAI,287197145,0.64,2.77
2024-09-01,Compound,Ethereum,2.08,USDC,215289871,11.46,0
2024-09-01,Compound,Ethereum,2.33,USDT,210482939,14.62,0
2024-09-01,Compound,Ethereum,2.22,DAI,228580063,11.75,0
2024-09-01,Compound,Arbitrum,2.84,USDC,217749996,1.55,5.28
2024-09-01,Compound,Arbitrum,2.92,USDT,220353944,1.67,3.55
2024-09-01,Compound,Arbitrum,2.68,DAI,222667948,1.08,3.42
2024-09-01,Compound,Optimism,2.59,USDC,232829813,0.91,4.76
2024-09-01,Compound,Optimism,2.64,USDT,199206437,1.05,3.55
2024-09-01,Compound,Optimism,2.8,DAI,223549146,1.21,3.57
2024-09-01,Compound,Polygon,2.52,USDT,219269316,0.74,3.5
2024-09-01,Compound,Polygon,3.16,DAI,206927618,0.78,3.12
2024-09-01,Compound,Base,2.6,USDC,214823164,1.05,4.27
2024-09-01,Compound,Base,3.11,USDT,202048443,0.95,4.1
2024-09-01,Compound,Base,2.5,DAI,219334446,1.09,4.45
2024-09-01,Curve,Ethereum,8.49,DAI,368596771,13.9,0
2024-09-01,Curve,Arbitrum,7.96,USDT,374992441,1.53,5.73
2024-09-01,Curve,Optimism,9.45,USDC,372790887,1.26,3.92
2024-09-01,Curve,Optimism,8.84,USDT,358004143,0.94,4.73
2024-09-01,Curve,Polygon,9.03,USDC,371612333,0.53,3.6
2024-09-01,Curve,Polygon,7.81,USDT,351554244,0.52,3.15
2024-09-01,Curve,Polygon,9.44,DAI,361623055,0.63,2.44
2024-09-01,Curve,Base,8.61,USDC,361747642,1.04,3.43
2024-09-01,Curve,Base,8.85,USDT,345488966,0.82,3.92
2024-09-01,Uniswap V3,Ethereum,8.9,USDC,112268018,7.74,0
2024-09-01,Uniswap V3,Ethereum,8.46,USDT,106623736,14.42,0
2024-09-01,Uniswap V3,Ethereum,6.14,DAI,113446514,12.88,0
2024-09-01,Uniswap V3,Arbitrum,10.41,USDC,108916038,1.88,4.6
2024-09-01,Uniswap V3,Arbitrum,9.87,USDT,101124443,1.5,5.75
2024-09-01,Uniswap V3,Arbitrum,10.89,DAI,115652755,1.67,5.31
2024-09-01,Uniswap V3,Optimism,8.36,USDC,109286386,1.3,4.11
2024-09-01,Uniswap V3,Optimism,7.94,USDT,110697687,1.54,3.57
2024-09-01,Uniswap V3,Optimism,7.78,DAI,112461221,1.34,3.71
2024-09-01,Uniswap V3,Polygon,11.91,USDC,114327163,0.73,3.59
2024-09-01,Uniswap V3,Polygon,8.09,USDT,111544155,0.75,2.88
2024-09-01,Uniswap V3,Polygon,10.26,DAI,99978240,0.75,3.46
2024-09-01,Uniswap V3,Base,9.32,USDC,116925839,1.16,3.5
2024-09-01,Uniswap V3,Base,10.09,USDT,103520142,1.13,4.59
2024-09-01,Uniswap V3,Base,10.08,DAI,101399685,1.08,3.22
2024-09-01,Yearn,Ethereum,3.29,USDC,133389519,11.56,0
2024-09-01,Yearn,Ethereum,3.28,USDT,127053742,13.37,0
2024-09-01,Yearn,Ethereum,2.97,DAI,139931103,14.98,0
2024-09-01,Yearn,Arbitrum,3.71,USDC,143151993,1.85,2.95
2024-09-01,Yearn,Arbitrum,3.71,USDT,126645145,2.06,4.21
2024-09-01,Yearn,Arbitrum,3.44,DAI,131793697,1.56,3.99
2024-09-01,Yearn,Optimism,3.61,USDC,136857527,1.09,4.59
2024-09-01,Yearn,Optimism,3.35,USDT,141616873,1.18,3.28
2024-09-01,Yearn,Optimism,3.56,DAI,141371564,1.39,5.27
2024-09-01,Yearn,Polygon,4.68,USDC,144735685,0.5,2.63
2024-09-01,Yearn,Polygon,4.51,USDT,142576690,0.68,2.86
2024-09-01,Yearn,Polygon,3.78,DAI,132489001,0.55,3.16
2024-09-01,Yearn,Base,3.94,USDC,142977810,0.86,5.17
2024-09-01,Yearn,Base,4.1,USDT,147649478,0.85,3.28
2024-09-01,Yearn,Base,3.79,DAI,133245100,1.0,3.73
2024-09-01,Pendle,Ethereum,11.78,USDC,94981221,10.96,0
2024-09-01,Pendle,Ethereum,10.58,USDT,88293562,13.27,0
2024-09-01,Pendle,Ethereum,10.68,DAI,88434035,15.36,0
2024-09-01,Pendle,Arbitrum,9.27,USDT,89818705,1.97,4.68
2024-09-01,Pendle,Arbitrum,10.06,DAI,88100135,1.55,5.56
2024-09-01,Pendle,Optimism,10.44,USDT,91225592,1.15,5.21
2024-09-01,Pendle,Base,13.49,USDC,91624013,1.15,4.85
2024-09-01,Pendle,Base,11.99,USDT,89047307,1.05,4.41
2024-09-01,Pendle,Base,10.99,DAI,89970981,0.94,3.34
2024-09-01,Convex,Ethereum,4.85,USDC,174217615,11.28,0
2024-09-01,Convex,Ethereum,4.23,USDT,187456761,9.44,0
2024-09-01,Convex,Ethereum,4.78,DAI,181602191,14.86,0
2024-09-01,Balancer,Ethereum,6.93,USDC,124889828,12.3,0
2024-09-01,Balancer,Ethereum,6.39,USDT,129126473,10.56,0
2024-09-01,Balancer,Ethereum,8.67,DAI,123675816,15.17,0
2024-09-01,Balancer,Arbitrum,10.61,USDC,126069828,1.76,4.41
2024-09-01,Balancer,Arbitrum,7.82,USDT,126304485,1.57,4.9
2024-09-01,Balancer,Arbitrum,9.17,DAI,133379267,1.88,4.16
2024-09-01,Balancer,Optimism,7.55,USDC,116577274,1.24,5.0
2024-09-01,Balancer,Optimism,9.12,USDT,116450533,0.96,5.21
2024-09-01,Balancer,Optimism,6.85,DAI,137930423,1.26,3.49
2024-09-01,Balancer,Polygon,9.53,USDC,132314226,0.72,2.57
2024-09-01,Balancer,Polygon,9.72,USDT,129937172,0.52,3.12
2024-09-01,Balancer,Polygon,7.56,DAI,120753322,0.62,2.75
2024-09-01,Balancer,Base,9.42,USDC,137900826,1.22,3.98
2024-09-01,Balancer,Base,7.72,USDT,129690755,1.11,2.84
2024-09-01,Balancer,Base,9.56,DAI,114971301,1.22,4.9
2024-09-02,Aave,Ethereum,2.59,USDC,271323495,15.46,0
2024-09-02,Aave,Ethereum,2.97,USDT,312352469,13.56,0
2024-09-02,Aave,Ethereum,2.5,DAI,307251330,17.02,0
2024-09-02,Aave,Arbitrum,3.07,USDC,298410470,2.24,4.91
2024-09-02,Aave,Arbitrum,2.83,USDT,296932960,1.94,7.11
2024-09-02,Aave,Arbitrum,2.93,DAI,300436617,2.49,4.95
2024-09-02,Aave,Optimism,2.89,USDC,281371565,2.03,2.61
2024-09-02,Aave,Optimism,2.91,USDT,300830330,2.21,3.89
2024-09-02,Aave,Optimism,2.31,DAI,302836082,2.05,3.29
2024-09-02,Aave,Polygon,3.39,USDC,280072052,0.87,3.78
2024-09-02,Aave,Polygon,2.74,USDT,274087093,0.78,3.25
2024-09-02,Aave,Polygon,2.68,DAI,291018155,1.14,3.47
2024-09-02,Aave,Base,3.02,USDC,286311886,1.3,4.74
2024-09-02,Aave,Base,2.49,USDT,289600602,1.61,4.49
2024-09-02,Aave,Base,2.57,DAI,319126371,1.29,4.13
2024-09-02,Compound,Ethereum,2.5,USDC,207467699,17.77,0
2024-09-02,Compound,Ethereum,2.15,USDT,221332542,17.91,0
2024-09-02,Compound,Ethereum,2.22,DAI,218068513,12.49,0
2024-09-02,Compound,Arbitrum,2.99,USDT,219052617,1.95,4.88
2024-09-02,Compound,Arbitrum,2.84,DAI,214309752,2.8,4.11
2024-09-02,Compound,Optimism,2.98,USDC,224542444,1.65,4.93
2024-09-02,Compound,Optimism,2.47,USDT,208559760,2.1,3.37
2024-09-02,Compound,Optimism,2.67,DAI,220837170,1.65,3.73
2024-09-02,Compound,Polygon,3.33,USDC,204796883,0.93,4.06
2024-09-02,Compound,Polygon,3.17,USDT,227733442,1.13,3.68
2024-09-02,Compound,Polygon,3.13,DAI,206934879,0.86,2.88
2024-09-02,Compound,Base,2.65,USDC,214568289,1.23,4.78
2024-09-02,Compound,Base,2.65,USDT,218704209,1.36,5.86
2024-09-02,Compound,Base,2.67,DAI,217345403,1.94,4.84
2024-09-02,Curve,Ethereum,7.83,USDC,392154396,14.62,0
2024-09-02,Curve,Ethereum,6.11,USDT,396585818,17.58,0
2024-09-02,Curve,Ethereum,6.17,DAI,374892706,19.93,0
2024-09-02,Curve,Arbitrum,9.01,USDC,374393753,2.4,5.7
2024-09-02,Curve,Arbitrum,10.3,USDT,381124355,2.26,5.29
2024-09-02,Curve,Arbitrum,7.42,DAI,392235183,3.05,3.38
2024-09-02,Curve,Optimism,6.62,USDC,391043906,1.84,3.36
2024-09-02,Curve,Optimism,8.39,USDT,374320574,2.03,3.5
2024-09-02,Curve,Optimism,7.43,DAI,386275630,1.48,3.99
2024-09-02,Curve,Polygon,8.84,USDC,392902353,1.05,2.6
2024-09-02,Curve,Polygon,7.0,USDT,397549629,1.1,3.38
2024-09-02,Curve,Polygon,10.65,DAI,374654043,1.07,2.85
2024-09-02,Curve,Base,9.28,USDC,349149482,1.25,3.46
2024-09-02,Curve,Base,9.09,USDT,380299058,0.79,4.03
2024-09-02,Curve,Base,6.07,DAI,379013727,1.32,4.73
2024-09-02,Uniswap V3,Ethereum,8.15,USDC,109456118,15.26,0
2024-09-02,Uniswap V3,Ethereum,5.74,USDT,111583780,20.97,0
2024-09-02,Uniswap V3,Ethereum,8.53,DAI,105134398,16.58,0
2024-09-02,Uniswap V3,Arbitrum,13.36,USDC,114994487,2.69,4.45
2024-09-02,Uniswap V3,Arbitrum,9.18,USDT,112421446,2.75,5.59
2024-09-02,Uniswap V3,Arbitrum,12.25,DAI,113503270,2.44,4.99
2024-09-02,Uniswap V3,Optimism,9.35,USDC,120894141,2.18,4.07
2024-09-02,Uniswap V3,Optimism,9.36,USDT,115143102,1.48,3.82
2024-09-02,Uniswap V3,Optimism,9.72,DAI,107277544,1.34,5.85
2024-09-02,Uniswap V3,Polygon,12.53,USDC,120002609,0.9,2.92
2024-09-02,Uniswap V3,Polygon,10.72,USDT,111664486,0.85,3.78
2024-09-02,Uniswap V3,Polygon,7.14,DAI,116923855,1.04,2.98
2024-09-02,Uniswap V3,Base,10.86,USDC,117751358,1.18,3.23
2024-09-02,Uniswap V3,Base,13.19,USDT,116425669,1.34,2.34
2024-09-02,Uniswap V3,Base,7.54,DAI,112568561,1.71,4.44
2024-09-02,Yearn,Ethereum,3.5,USDC,138510923,16.05,0
2024-09-02,Yearn,Ethereum,3.66,USDT,154326655,15.19,0
2024-09-02,Yearn,Ethereum,2.89,DAI,145319061,15.41,0
2024-09-02,Yearn,Arbitrum,3.88,USDC,133963227,3.19,2.98
2024-09-02,Yearn,Arbitrum,3.72,USDT,142981729,2.7,4.39
2024-09-02,Yearn,Arbitrum,4.04,DAI,137115278,2.62,6.25
2024-09-02,Yearn,Optimism,3.85,USDC,138563686,1.65,4.53
2024-09-02,Yearn,Optimism,4.01,USDT,144418312,1.45,4.19
2024-09-02,Yearn,Optimism,3.5,DAI,148244128,1.88,4.66
2024-09-02,Yearn,Polygon,4.14,USDC,137080851,0.89,2.76
2024-09-02,Yearn,Polygon,4.27,USDT,129646728,0.67,2.51
2024-09-02,Yearn,Polygon,4.5,DAI,145732280,0.98,3.3
2024-09-02,Yearn,Base,4.13,USDC,128690906,1.58,3.66
2024-09-02,Yearn,Base,3.55,USDT,135239454,1.48,1.87
2024-09-02,Pendle,Ethereum,11.23,USDC,90255665,17.18,0
2024-09-02,Pendle,Ethereum,12.58,USDT,84555878,20.81,0
2024-09-02,Pendle,Ethereum,8.81,DAI,90647588,19.24,0
2024-09-02,Pendle,Arbitrum,12.92,USDC,94638415,2.02,4.74
2024-09-02,Pendle,Arbitrum,11.96,USDT,92634620,1.7,4.64
2024-09-02,Pendle,Arbitrum,11.55,DAI,87329395,2.52,5.74
2024-09-02,Pendle,Optimism,13.53,USDC,90464870,2.15,5.17
2024-09-02,Pendle,Base,13.51,USDC,93221005,1.3,3.64
2024-09-02,Pendle,Base,10.38,USDT,88331733,1.54,4.41
2024-09-02,Pendle,Base,14.28,DAI,89422189,1.22,4.1
2024-09-02,Convex,Ethereum,4.36,USDC,189501693,23.52,0
2024-09-02,Convex,Ethereum,4.31,USDT,172681654,16.99,0
2024-09-02,Convex,Ethereum,5.5,DAI,182739497,13.05,0
2024-09-02,Balancer,Ethereum,8.34,USDC,124117942,15.82,0
2024-09-02,Balancer,Ethereum,6.77,USDT,128654739,14.82,0
2024-09-02,Balancer,Ethereum,7.41,DAI,123008432,23.32,0
2024-09-02,Balancer,Arbitrum,9.4,USDC,127843040,2.21,5.13
2024-09-02,Balancer,Arbitrum,8.44,USDT,130615229,2.32,6.06
2024-09-02,Balancer,Arbitrum,9.24,DAI,129017310,2.08,4.92
2024-09-02,Balancer,Optimism,10.27,USDT,130791385,1.91,4.54
2024-09-02,Balancer,Optimism,8.72,DAI,127574455,1.49,4.22
2024-09-02,Balancer,Polygon,8.04,USDC,128254288,0.76,2.98
2024-09-02,Balancer,Polygon,8.88,USDT,126329907,0.96,3.15
2024-09-02,Balancer,Polygon,9.58,DAI,132364720,1.21,3.46
2024-09-02,Balancer,Base,8.48,USDC,123988591,1.51,3.44
2024-09-02,Balancer,Base,10.59,USDT,131485057,1.56,3.07
2024-09-02,Balancer,Base,9.3,DAI,133288138,1.59,2.78
2024-09-03,Aave,Ethereum,2.67,USDC,308470095,23.22,0
2024-09-03,Aave,Ethereum,2.46,USDT,310861513,19.28,0
2024-09-03,Aave,Ethereum,2.52,DAI,277951630,19.19,0
2024-09-03,Aave,Arbitrum,3.34,USDC,309891405,2.64,3.64
2024-09-03,Aave,Arbitrum,2.89,USDT,321038947,2.58,4.33
2024-09-03,Aave,Arbitrum,3.16,DAI,293413820,2.67,6.22
2024-09-03,Aave,Optimism,2.76,USDC,296327374,1.97,4.65
2024-09-03,Aave,Optimism,3.03,USDT,299821030,1.65,5.45
2024-09-03,Aave,Optimism,2.85,DAI,300815673,1.44,2.77
2024-09-03,Aave,Polygon,3.25,USDC,286171024,0.76,2.31
2024-09-03,Aave,Polygon,3.01,USDT,271333403,0.97,2.96
2024-09-03,Aave,Polygon,2.89,DAI,301958533,1.05,3.66
2024-09-03,Aave,Base,3.18,USDC,310339980,1.36,5.12
2024-09-03,Aave,Base,2.55,USDT,308441997,1.47,2.74
2024-09-03,Aave,Base,3.52,DAI,316970191,1.12,4.31
2024-09-03,Compound,Ethereum,2.23,USDC,220416360,14.82,0
2024-09-03,Compound,Ethereum,2.39,USDT,218308416,20.75,0
2024-09-03,Compound,Ethereum,2.5,DAI,228630918,17.65,0
2024-09-03,Compound,Arbitrum,2.93,USDC,216745257,1.78,4.55
2024-09-03,Compound,Arbitrum,2.67,USDT,214106826,2.6,5.15
2024-09-03,Compound,Arbitrum,2.89,DAI,225415286,2.41,4.48
2024-09-03,Compound,Optimism,2.88,USDC,226200835,1.81,4.1
2024-09-03,Compound,Optimism,2.82,USDT,211220928,1.61,4.74
2024-09-03,Compound,Optimism,2.81,DAI,220266920,1.93,4.38
2024-09-03,Compound,Polygon,2.97,USDC,211611599,0.87,3.22
2024-09-03,Compound,Polygon,2.84,USDT,211711141,0.93,3.89
2024-09-03,Compound,Polygon,2.79,DAI,216368133,0.82,3.27
2024-09-03,Compound,Base,2.89,USDC,216758705,1.07,3.44
2024-09-03,Compound,Base,2.65,USDT,215458003,1.37,4.12
2024-09-03,Compound,Base,2.43,DAI,224898718,1.22,3.89
2024-09-03,Curve,Ethereum,8.54,USDC,408179577,15.13,0
2024-09-03,Curve,Ethereum,7.57,USDT,382946084,17.55,0
2024-09-03,Curve,Ethereum,6.27,DAI,383620010,20.49,0
2024-09-03,Curve,Arbitrum,9.92,USDC,367583922,2.7,2.52
2024-09-03,Curve,Arbitrum,11.39,USDT,356272481,2.14,3.49
2024-09-03,Curve,Arbitrum,8.21,DAI,373249284,2.18,4.25
2024-09-03,Curve,Optimism,7.98,USDC,374247293,1.43,4.97
2024-09-03,Curve,Optimism,10.01,DAI,365952432,2.17,4.29
2024-09-03,Curve,Polygon,10.12,USDC,364517837,0.81,2.1
2024-09-03,Curve,Polygon,10.54,USDT,378734729,0.97,2.81
2024-09-03,Curve,Polygon,8.68,DAI,384711422,0.84,3.23
2024-09-03,Curve,Base,9.04,USDC,388492861,1.18,3.88
2024-09-03,Curve,Base,11.02,USDT,358520626,1.11,2.8
2024-09-03,Curve,Base,9.6,DAI,396850842,1.34,4.71
2024-09-03,Uniswap V3,Ethereum,7.83,USDC,114551149,23.91,0
2024-09-03,Uniswap V3,Ethereum,8.13,USDT,116052530,13.36,0
2024-09-03,Uniswap V3,Ethereum,8.98,DAI,113038977,20.23,0
2024-09-03,Uniswap V3,Arbitrum,9.74,USDC,113147378,2.26,5.59
2024-09-03,Uniswap V3,Arbitrum,12.08,USDT,113649134,2.88,5.11
2024-09-03,Uniswap V3,Arbitrum,11.18,DAI,111877151,2.25,4.81
2024-09-03,Uniswap V3,Optimism,10.16,USDC,115243377,2.35,3.47
2024-09-03,Uniswap V3,Optimism,9.27,DAI,109316049,1.5,4.69
2024-09-03,Uniswap V3,Polygon,11.43,USDC,103655396,0.96,3.06
2024-09-03,Uniswap V3,Polygon,8.6,USDT,109336229,1.18,3.49
2024-09-03,Uniswap V3,Base,10.0,USDC,127310386,1.77,4.56
2024-09-03,Uniswap V3,Base,12.37,USDT,113092250,1.47,4.0
2024-09-03,Uniswap V3,Base,8.51,DAI,112658872,1.5,4.95
2024-09-03,Yearn,Ethereum,3.55,USDC,136513689,15.43,0
2024-09-03,Yearn,Ethereum,3.49,USDT,137071291,17.86,0
2024-09-03,Yearn,Ethereum,3.19,DAI,145856820,17.93,0
2024-09-03,Yearn,Arbitrum,3.77,USDC,150515996,1.83,4.96
2024-09-03,Yearn,Arbitrum,4.69,USDT,136188377,2.18,4.72
2024-09-03,Yearn,Arbitrum,4.13,DAI,147692861,2.65,7.15
2024-09-03,Yearn,Optimism,3.51,USDC,142141229,1.96,4.87
2024-09-03,Yearn,Optimism,3.56,USDT,147055293,1.71,3.42
2024-09-03,Yearn,Optimism,3.45,DAI,138385740,1.44,4.1
2024-09-03,Yearn,Polygon,4.32,USDC,139367810,1.07,1.14
2024-09-03,Yearn,Polygon,4.26,USDT,153496177,0.89,2.69
2024-09-03,Yearn,Polygon,4.32,DAI,145913647,0.74,3.13
2024-09-03,Yearn,Base,4.42,USDC,148322511,1.76,5.8
2024-09-03,Yearn,Base,4.3,USDT,131751726,1.49,4.63
2024-09-03,Yearn,Base,3.93,DAI,146117921,1.45,4.6
2024-09-03,Pendle,Ethereum,8.86,USDC,88426067,20.0,0
2024-09-03,Pendle,Ethereum,9.1,USDT,92473928,18.23,0
2024-09-03,Pendle,Ethereum,11.31,DAI,88003299,16.51,0
2024-09-03,Pendle,Arbitrum,15.73,USDC,88611086,2.29,4.42
2024-09-03,Pendle,Arbitrum,12.76,USDT,85884977,2.93,5.94
2024-09-03,Pendle,Arbitrum,11.92,DAI,88247814,2.85,6.23
2024-09-03,Pendle,Optimism,12.2,USDC,87281796,1.7,4.59
2024-09-03,Pendle,Optimism,16.63,DAI,81645273,1.66,4.18
2024-09-03,Pendle,Base,13.3,USDC,86973034,1.25,3.68
2024-09-03,Pendle,Base,13.88,USDT,92611464,1.43,4.97
2024-09-03,Pendle,Base,14.85,DAI,92495915,1.17,5.2
2024-09-03,Convex,Ethereum,5.78,USDC,188159963,24.6,0
2024-09-03,Convex,Ethereum,5.81,USDT,172197883,15.76,0
2024-09-03,Convex,Ethereum,5.24,DAI,177401185,11.66,0
2024-09-03,Balancer,Ethereum,6.73,USDC,129016477,16.07,0
2024-09-03,Balancer,Ethereum,7.66,USDT,134258131,17.81,0
2024-09-03,Balancer,Ethereum,6.77,DAI,140096857,21.96,0
2024-09-03,Balancer,Arbitrum,9.9,USDC,131946899,1.83,6.9
2024-09-03,Balancer,Arbitrum,9.05,USDT,136102516,2.75,3.97
2024-09-03,Balancer,Arbitrum,7.75,DAI,141401785,2.34,5.31
2024-09-03,Balancer,Optimism,7.41,USDC,136495892,1.61,2.69
2024-09-03,Balancer,Optimism,8.38,USDT,132897937,1.87,3.82
2024-09-03,Balancer,Polygon,10.44,USDC,136003854,1.04,2.71
2024-09-03,Balancer,Polygon,7.43,USDT,136462824,0.86,2.99
2024-09-03,Balancer,Polygon,8.82,DAI,127902307,0.66,3.06
2024-09-03,Balancer,Base,8.57,USDC,131511482,1.17,3.98
2024-09-03,Balancer,Base,9.91,USDT,137858897,1.53,3.23
2024-09-03,Balancer,Base,7.43,DAI,130789280,1.7,3.49
2024-09-04,Aave,Ethereum,2.7,USDC,302714686,15.87,0
2024-09-04,Aave,Ethereum,2.33,USDT,299765118,20.94,0
2024-09-04,Aave,Ethereum,2.17,DAI,325727552,15.83,0
2024-09-04,Aave,Arbitrum,2.81,USDC,302305980,2.53,5.49
2024-09-04,Aave,Arbitrum,3.19,USDT,303251768,2.43,4.03
2024-09-04,Aave,Arbitrum,2.78,DAI,307815040,2.14,2.69
2024-09-04,Aave,Optimism,3.18,USDC,294590328,2.02,4.28
2024-09-04,Aave,Optimism,3.38,USDT,302043844,2.26,4.26
2024-09-04,Aave,Optimism,2.85,DAI,329547344,1.29,4.7
2024-09-04,Aave,Polygon,2.89,USDC,297640230,0.93,3.34
2024-09-04,Aave,Polygon,3.01,USDT,295687889,1.04,2.63
2024-09-04,Aave,Polygon,3.64,DAI,310821521,0.73,2.83
2024-09-04,Aave,Base,3.08,USDC,313785029,1.47,3.42
2024-09-04,Aave,Base,3.24,USDT,299251056,1.46,3.69
2024-09-04,Aave,Base,2.86,DAI,319125994,1.34,4.0
2024-09-04,Compound,Ethereum,2.25,USDC,227419049,20.91,0
2024-09-04,Compound,Ethereum,2.55,USDT,233434247,24.09,0
2024-09-04,Compound,Ethereum,2.31,DAI,222053413,19.88,0
2024-09-04,Compound,Arbitrum,2.62,DAI,215399377,1.83,4.87
2024-09-04,Compound,Optimism,2.29,USDC,214653554,1.73,3.6
2024-09-04,Compound,Optimism,3.0,USDT,224110100,2.06,2.87
2024-09-04,Compound,Optimism,2.75,DAI,234098105,1.9,4.38
2024-09-04,Compound,Polygon,2.72,USDT,222695822,0.96,2.77
2024-09-04,Compound,Polygon,2.91,DAI,218720478,1.14,3.13
2024-09-04,Compound,Base,2.95,USDC,212001233,1.75,3.03
2024-09-04,Compound,Base,2.68,USDT,215390552,1.23,4.54
2024-09-04,Curve,Ethereum,8.04,USDC,401870977,17.75,0
2024-09-04,Curve,Ethereum,7.17,USDT,393255836,13.93,0
2024-09-04,Curve,Ethereum,7.65,DAI,374804228,19.66,0
2024-09-04,Curve,Arbitrum,9.05,USDC,407536096,1.94,4.07
2024-09-04,Curve,Arbitrum,10.13,USDT,380347204,2.37,6.38
2024-09-04,Curve,Arbitrum,9.01,DAI,363028067,2.62,5.51
2024-09-04,Curve,Optimism,7.1,USDC,384832374,1.36,3.15
2024-09-04,Curve,Optimism,8.88,USDT,421775973,1.72,3.72
2024-09-04,Curve,Optimism,8.34,DAI,403343605,1.75,4.77
2024-09-04,Curve,Polygon,9.07,USDC,395801201,0.73,3.3
2024-09-04,Curve,Polygon,8.58,USDT,396730588,0.84,3.18
2024-09-04,Curve,Polygon,8.62,DAI,388238662,0.94,2.61
2024-09-04,Curve,Base,9.57,USDC,388750079,1.72,4.47
2024-09-04,Curve,Base,9.36,USDT,362980452,1.97,4.17
2024-09-04,Curve,Base,8.02,DAI,419068035,1.5,3.88
2024-09-04,Uniswap V3,Ethereum,6.62,USDC,113098988,26.13,0
2024-09-04,Uniswap V3,Ethereum,5.98,USDT,118087414,17.08,0
2024-09-04,Uniswap V3,Ethereum,6.61,DAI,112370231,17.78,0
2024-09-04,Uniswap V3,Arbitrum,8.2,USDC,114843238,2.94,5.65
2024-09-04,Uniswap V3,Arbitrum,9.46,USDT,119487625,1.88,6.73
2024-09-04,Uniswap V3,Arbitrum,9.46,DAI,115354113,2.38,5.5
2024-09-04,Uniswap V3,Optimism,11.97,USDC,108183347,2.09,3.11
2024-09-04,Uniswap V3,Optimism,10.71,USDT,107273185,1.87,3.58
2024-09-04,Uniswap V3,Polygon,9.7,USDC,117497178,0.91,3.21
2024-09-04,Uniswap V3,Polygon,9.09,USDT,121512834,0.98,3.62
2024-09-04,Uniswap V3,Polygon,9.33,DAI,113795542,0.83,3.49
2024-09-04,Uniswap V3,Base,10.09,USDC,107432200,1.65,3.95
2024-09-04,Uniswap V3,Base,9.94,DAI,113572129,1.63,4.99
2024-09-04,Yearn,Ethereum,3.35,USDC,150483971,22.93,0
2024-09-04,Yearn,Ethereum,3.0,USDT,151500338,18.17,0
2024-09-04,Yearn,Ethereum,3.1,DAI,145814472,21.05,0
2024-09-04,Yearn,Arbitrum,3.87,USDC,148389629,1.8,6.39
2024-09-04,Yearn,Arbitrum,3.86,USDT,141869409,1.99,4.88
2024-09-04,Yearn,Arbitrum,4.0,DAI,137012952,2.33,3.52
2024-09-04,Yearn,Optimism,3.31,USDC,148040277,1.99,3.84
2024-09-04,Yearn,Optimism,3.62,USDT,154433542,2.07,3.98
2024-09-04,Yearn,Optimism,3.56,DAI,136049523,1.49,4.44
2024-09-04,Yearn,Polygon,4.53,USDC,145528130,0.87,3.33
2024-09-04,Yearn,Polygon,4.05,DAI,156591513,0.97,3.01
2024-09-04,Yearn,Base,4.28,USDC,145280469,1.51,3.99
2024-09-04,Yearn,Base,3.59,USDT,157792875,1.55,4.46
2024-09-04,Yearn,Base,3.28,DAI,154320307,1.57,3.24
2024-09-04,Pendle,Ethereum,12.24,USDC,92819699,17.52,0
2024-09-04,Pendle,Ethereum,11.0,USDT,92198449,15.69,0
2024-09-04,Pendle,Ethereum,11.99,DAI,92012018,19.18,0
2024-09-04,Pendle,Arbitrum,10.66,USDC,87122632,2.23,5.58
2024-09-04,Pendle,Arbitrum,13.21,USDT,84595498,2.59,5.46
2024-09-04,Pendle,Arbitrum,15.06,DAI,92254539,2.02,5.19
2024-09-04,Pendle,Optimism,13.33,USDC,94570414,2.05,5.08
2024-09-04,Pendle,Optimism,12.79,USDT,95970757,1.71,3.73
2024-09-04,Pendle,Optimism,12.81,DAI,93720248,2.03,3.82
2024-09-04,Pendle,Base,13.49,USDC,92641835,1.38,5.18
2024-09-04,Pendle,Base,15.61,USDT,87974897,1.13,4.04
2024-09-04,Convex,Ethereum,4.67,USDC,172788929,19.45,0
2024-09-04,Convex,Ethereum,5.05,USDT,184405919,14.15,0
2024-09-04,Convex,Ethereum,5.1,DAI,175473547,19.68,0
2024-09-04,Balancer,Ethereum,8.09,USDC,125109436,20.91,0
2024-09-04,Balancer,Ethereum,8.12,USDT,131161795,20.0,0
2024-09-04,Balancer,Ethereum,7.75,DAI,130536045,15.73,0
2024-09-04,Balancer,Arbitrum,9.17,USDC,139672546,2.03,5.19
2024-09-04,Balancer,Arbitrum,9.36,USDT,130273448,2.27,5.47
2024-09-04,Balancer,Arbitrum,9.42,DAI,136420234,2.56,5.19
2024-09-04,Balancer,Optimism,8.78,USDC,138840186,1.88,4.06
2024-09-04,Balancer,Optimism,6.77,USDT,141617683,2.14,2.75
2024-09-04,Balancer,Optimism,8.76,DAI,130109993,1.32,4.03
2024-09-04,Balancer,Polygon,10.02,USDC,128087760,0.93,2.28
2024-09-04,Balancer,Polygon,10.88,USDT,125880133,1.04,2.56
2024-09-04,Balancer,Polygon,11.29,DAI,133002625,0.69,3.54
2024-09-04,Balancer,Base,10.07,USDC,131735078,1.4,2.74
2024-09-04,Balancer,Base,10.43,USDT,129969570,1.31,4.62
2024-09-05,Aave,Ethereum,2.47,USDC,284291210,16.81,0
2024-09-05,Aave,Ethereum,2.21,USDT,307148850,12.68,0
2024-09-05,Aave,Ethereum,2.71,DAI,313236956,18.46,0
2024-09-05,Aave,Arbitrum,3.31,USDC,308343687,2.04,4.62
2024-09-05,Aave,Arbitrum,3.09,USDT,311873753,1.74,3.94
2024-09-05,Aave,Arbitrum,2.77,DAI,299919889,3.49,4.67
2024-09-05,Aave,Optimism,3.19,USDC,296608743,1.63,4.73
2024-09-05,Aave,Optimism,3.07,USDT,287536047,1.38,3.46
2024-09-05,Aave,Optimism,2.92,DAI,286648943,1.94,4.09
2024-09-05,Aave,Polygon,3.36,USDC,301958759,0.98,2.85
2024-09-05,Aave,Polygon,3.02,DAI,302073910,1.07,3.36
2024-09-05,Aave,Base,2.77,USDT,307513282,1.48,4.88
2024-09-05,Aave,Base,2.84,DAI,287566207,1.51,3.92
2024-09-05,Compound,Ethereum,2.4,USDC,218895011,21.66,0
2024-09-05,Compound,Ethereum,2.35,USDT,205239848,16.51,0
2024-09-05,Compound,Ethereum,2.19,DAI,203344656,21.98,0
2024-09-05,Compound,Arbitrum,3.13,USDC,234819952,2.06,6.24
2024-09-05,Compound,Arbitrum,2.67,USDT,222015214,2.42,4.3
2024-09-05,Compound,Arbitrum,2.61,DAI,222939045,2.97,3.95
2024-09-05,Compound,Optimism,3.06,USDT,215097962,1.58,3.29
2024-09-05,Compound,Optimism,2.8,DAI,229850765,1.62,3.32
2024-09-05,Compound,Polygon,2.83,USDC,217053819,1.07,2.28
2024-09-05,Compound,Polygon,3.27,USDT,222643159,0.92,4.12
2024-09-05,Compound,Polygon,2.97,DAI,224916464,0.84,2.9
2024-09-05,Compound,Base,3.07,USDC,210311278,1.05,4.29
2024-09-05,Compound,Base,2.7,USDT,214098767,1.61,3.98
2024-09-05,Compound,Base,2.91,DAI,215149159,1.28,5.32
2024-09-05,Curve,Ethereum,7.24,USDC,370357199,12.71,0
2024-09-05,Curve,Ethereum,9.88,USDT,402678746,17.81,0
2024-09-05,Curve,Ethereum,6.6,DAI,385871412,25.2,0
2024-09-05,Curve,Arbitrum,9.4,USDC,384975457,2.19,5.47
2024-09-05,Curve,Arbitrum,9.47,DAI,420492369,2.83,5.21
2024-09-05,Curve,Optimism,9.57,USDC,398684718,2.24,4.88
2024-09-05,Curve,Optimism,5.03,USDT,401777243,1.99,4.62
2024-09-05,Curve,Optimism,8.7,DAI,390834156,2.21,2.91
2024-09-05,Curve,Polygon,7.48,USDC,408718445,1.31,3.17
2024-09-05,Curve,Polygon,7.03,USDT,390488872,0.85,2.42
2024-09-05,Curve,Polygon,9.49,DAI,414763040,0.86,2.61
2024-09-05,Curve,Base,10.26,USDC,420909255,1.5,5.09
2024-09-05,Curve,Base,8.61,DAI,376108395,1.52,3.87
2024-09-05,Uniswap V3,Ethereum,8.53,USDC,116575757,19.84,0
2024-09-05,Uniswap V3,Ethereum,10.37,USDT,122615875,12.83,0
2024-09-05,Uniswap V3,Ethereum,9.11,DAI,126802499,10.54,0
2024-09-05,Uniswap V3,Arbitrum,10.66,USDC,121029593,2.83,4.81
2024-09-05,Uniswap V3,Arbitrum,9.84,USDT,117265117,2.33,4.56
2024-09-05,Uniswap V3,Arbitrum,9.2,DAI,117418997,2.38,4.3
2024-09-05,Uniswap V3,Optimism,10.4,USDC,118549178,1.6,3.62
2024-09-05,Uniswap V3,Optimism,7.9,USDT,119954198,1.67,4.63
2024-09-05,Uniswap V3,Optimism,7.41,DAI,118727603,2.22,2.97
2024-09-05,Uniswap V3,Polygon,11.92,USDC,113198295,1.15,1.83
2024-09-05,Uniswap V3,Polygon,10.3,USDT,112602998,0.92,2.7
2024-09-05,Uniswap V3,Polygon,7.47,DAI,122124809,1.14,2.03
2024-09-05,Uniswap V3,Base,8.76,USDT,119292751,1.56,4.0
2024-09-05,Uniswap V3,Base,8.62,DAI,112805494,1.32,5.25
2024-09-05,Yearn,Ethereum,3.13,USDC,140675514,16.41,0
2024-09-05,Yearn,Ethereum,3.38,USDT,143055390,20.46,0
2024-09-05,Yearn,Ethereum,2.69,DAI,143636400,20.22,0
2024-09-05,Yearn,Arbitrum,4.65,USDC,144796954,2.63,5.48
2024-09-05,Yearn,Arbitrum,4.01,USDT,141112874,1.96,5.89
2024-09-05,Yearn,Optimism,3.85,USDC,153536168,1.72,2.59
2024-09-05,Yearn,Optimism,3.73,USDT,139543118,1.74,5.36
2024-09-05,Yearn,Optimism,3.76,DAI,151025653,1.93,3.57
2024-09-05,Yearn,Polygon,3.65,USDC,137776123,0.99,4.19
2024-09-05,Yearn,Polygon,4.03,DAI,147032855,1.11,3.14
2024-09-05,Yearn,Base,4.02,USDC,151535448,1.41,3.77
2024-09-05,Yearn,Base,3.99,USDT,143807010,1.66,5.15
2024-09-05,Yearn,Base,3.05,DAI,151054106,1.65,4.9
2024-09-05,Pendle,Ethereum,10.19,USDC,88584900,19.37,0
2024-09-05,Pendle,Ethereum,10.02,USDT,86728866,15.65,0
2024-09-05,Pendle,Ethereum,10.74,DAI,94643874,18.59,0
2024-09-05,Pendle,Arbitrum,10.29,USDT,94288158,2.64,3.72
2024-09-05,Pendle,Arbitrum,11.53,DAI,90395164,2.08,3.68
2024-09-05,Pendle,Optimism,12.27,USDC,82705912,1.75,3.6
2024-09-05,Pendle,Optimism,12.45,USDT,91280453,1.87,3.92
2024-09-05,Pendle,Optimism,13.85,DAI,95185873,2.08,3.67
2024-09-05,Pendle,Base,15.11,USDC,83638593,1.4,4.25
2024-09-05,Pendle,Base,15.09,USDT,93349503,1.55,3.95
2024-09-05,Pendle,Base,11.16,DAI,96506005,1.45,3.12
2024-09-05,Convex,Ethereum,4.77,USDC,197748517,18.46,0
2024-09-05,Convex,Ethereum,4.65,USDT,187971602,15.29,0
2024-09-05,Convex,Ethereum,4.8,DAI,194324569,17.74,0
2024-09-05,Balancer,Ethereum,6.91,USDC,140443756,19.25,0
2024-09-05,Balancer,Ethereum,8.0,USDT,127981124,12.59,0
2024-09-05,Balancer,Arbitrum,11.01,USDC,145013902,2.24,5.43
2024-09-05,Balancer,Arbitrum,7.99,USDT,127545734,2.12,4.5
2024-09-05,Balancer,Arbitrum,8.17,DAI,130989856,2.87,4.35
2024-09-05,Balancer,Optimism,8.77,USDC,139590451,1.91,4.45
2024-09-05,Balancer,Optimism,7.28,USDT,134922650,1.75,5.33
2024-09-05,Balancer,Optimism,9.42,DAI,137227248,1.79,2.8
2024-09-05,Balancer,Polygon,10.09,USDT,137837298,0.76,2.12
2024-09-05,Balancer,Polygon,10.12,DAI,131769945,1.0,1.94
2024-09-05,Balancer,Base,9.32,USDC,138803400,1.4,4.02
2024-09-05,Balancer,Base,7.28,USDT,130875149,1.15,5.83
2024-09-05,Balancer,Base,10.24,DAI,134229088,1.83,4.54
2024-09-06,Aave,Ethereum,2.18,USDC,303566392,18.44,0
2024-09-06,Aave,Ethereum,2.15,USDT,312388392,16.71,0
2024-09-06,Aave,Ethereum,2.41,DAI,319980656,14.82,0
2024-09-06,Aave,Arbitrum,2.97,USDC,304164899,2.01,5.23
2024-09-06,Aave,Arbitrum,2.46,USDT,280290436,2.69,6.26
2024-09-06,Aave,Arbitrum,3.22,DAI,302788499,1.88,4.38
2024-09-06,Aave,Optimism,2.64,USDC,302661711,1.3,4.06
2024-09-06,Aave,Optimism,2.95,USDT,322843021,1.89,3.62
2024-09-06,Aave,Optimism,2.9,DAI,306080235,2.19,3.47
2024-09-06,Aave,Polygon,3.34,USDC,312327115,0.9,3.07
2024-09-06,Aave,Polygon,2.92,USDT,301710354,0.89,4.11
2024-09-06,Aave,Base,2.64,USDC,302049411,1.61,4.63
2024-09-06,Aave,Base,2.81,USDT,307381219,1.11,4.39
2024-09-06,Aave,Base,2.87,DAI,307642871,1.71,2.98
2024-09-06,Compound,Ethereum,2.27,USDC,239428041,13.64,0
2024-09-06,Compound,Ethereum,2.37,USDT,204857871,14.06,0
2024-09-06,Compound,Ethereum,2.4,DAI,228061801,20.42,0
2024-09-06,Compound,Arbitrum,2.68,USDC,219774843,2.74,4.21
2024-09-06,Compound,Arbitrum,2.91,USDT,224166331,2.05,5.94
2024-09-06,Compound,Arbitrum,2.92,DAI,221014709,2.35,5.0
2024-09-06,Compound,Optimism,2.68,USDC,230629045,1.76,4.41
2024-09-06,Compound,Optimism,2.68,USDT,218924749,1.76,3.91
2024-09-06,Compound,Optimism,2.38,DAI,222075135,1.58,4.37
2024-09-06,Compound,Polygon,2.94,USDC,228656369,0.79,2.41
2024-09-06,Compound,Polygon,2.97,USDT,208762711,1.11,2.26
2024-09-06,Compound,Polygon,2.78,DAI,216466627,1.11,2.36
2024-09-06,Compound,Base,2.7,USDC,230793580,1.85,4.11
2024-09-06,Compound,Base,2.51,USDT,225802170,1.51,3.85
2024-09-06,Compound,Base,2.8,DAI,218808470,1.38,3.66
2024-09-06,Curve,Ethereum,6.99,USDC,376732402,15.93,0
2024-09-06,Curve,Ethereum,7.64,USDT,395895716,18.88,0
2024-09-06,Curve,Arbitrum,9.03,USDC,406597658,2.19,4.13
2024-09-06,Curve,Arbitrum,8.21,USDT,412333736,1.95,5.83
2024-09-06,Curve,Arbitrum,9.11,DAI,389859103,2.56,3.86
2024-09-06,Curve,Optimism,8.23,USDC,381174599,1.96,3.82
2024-09-06,Curve,Optimism,10.85,USDT,371662354,2.38,4.33
2024-09-06,Curve,Optimism,6.38,DAI,369514126,1.73,4.7
2024-09-06,Curve,Polygon,8.95,USDC,380068906,1.36,2.1
2024-09-06,Curve,Polygon,10.9,DAI,423384736,0.89,4.09
2024-09-06,Curve,Base,8.62,USDC,401382731,1.05,3.09
2024-09-06,Curve,Base,8.31,USDT,389676585,1.74,3.69
2024-09-06,Curve,Base,9.84,DAI,411621708,1.22,4.23
2024-09-06,Uniswap V3,Ethereum,7.82,USDC,134816958,17.44,0
2024-09-06,Uniswap V3,Ethereum,7.82,USDT,117549051,20.3,0
2024-09-06,Uniswap V3,Ethereum,6.7,DAI,115403953,15.21,0
2024-09-06,Uniswap V3,Arbitrum,7.67,USDC,122951946,2.3,5.47
2024-09-06,Uniswap V3,Arbitrum,7.66,USDT,118135914,2.37,7.55
2024-09-06,Uniswap V3,Arbitrum,8.63,DAI,118818605,1.69,6.13
2024-09-06,Uniswap V3,Optimism,9.34,USDC,118178575,1.49,5.01
2024-09-06,Uniswap V3,Optimism,9.18,USDT,118559050,1.3,4.06
2024-09-06,Uniswap V3,Optimism,9.51,DAI,112114869,1.96,4.13
2024-09-06,Uniswap V3,Polygon,11.19,USDC,117136775,1.18,3.55
2024-09-06,Uniswap V3,Polygon,11.09,USDT,112540361,0.83,1.72
2024-09-06,Uniswap V3,Polygon,8.52,DAI,118728304,1.03,3.43
2024-09-06,Uniswap V3,Base,10.71,USDC,115316317,1.35,4.24
2024-09-06,Uniswap V3,Base,8.59,USDT,116299880,1.13,3.09
2024-09-06,Uniswap V3,Base,9.0,DAI,117802098,1.38,3.49
2024-09-06,Yearn,Ethereum,2.79,USDC,143453512,18.66,0
2024-09-06,Yearn,Ethereum,3.28,USDT,153359558,25.16,0
2024-09-06,Yearn,Ethereum,3.2,DAI,164149416,17.46,0
2024-09-06,Yearn,Arbitrum,3.48,USDC,145612454,1.85,6.84
2024-09-06,Yearn,Arbitrum,3.08,USDT,143467199,1.93,3.83
2024-09-06,Yearn,Arbitrum,3.86,DAI,142006530,2.26,3.05
2024-09-06,Yearn,Optimism,3.82,USDC,159831145,1.87,5.07
2024-09-06,Yearn,Optimism,3.11,USDT,150352512,1.71,3.83
2024-09-06,Yearn,Optimism,3.74,DAI,145706285,1.71,4.13
2024-09-06,Yearn,Polygon,3.96,USDT,147020872,1.02,3.84
2024-09-06,Yearn,Polygon,3.92,DAI,152261510,1.15,3.69
2024-09-06,Yearn,Base,3.3,USDC,151488278,1.6,4.48
2024-09-06,Yearn,Base,3.9,USDT,160660720,1.6,3.86
2024-09-06,Yearn,Base,3.91,DAI,152833739,1.55,3.15
2024-09-06,Pendle,Ethereum,12.97,USDC,91342827,17.41,0
2024-09-06,Pendle,Ethereum,10.58,USDT,93199020,21.04,0
2024-09-06,Pendle,Ethereum,11.54,DAI,94228824,19.37,0
2024-09-06,Pendle,Arbitrum,12.15,USDC,87554091,2.27,4.86
2024-09-06,Pendle,Arbitrum,13.99,USDT,94101589,2.47,3.46
2024-09-06,Pendle,Arbitrum,9.77,DAI,97063350,2.46,6.01
2024-09-06,Pendle,Optimism,11.83,USDC,89756207,1.58,3.85
2024-09-06,Pendle,Optimism,10.95,USDT,89201410,1.77,4.32
2024-09-06,Pendle,Base,11.97,USDC,91490601,1.52,4.7
2024-09-06,Pendle,Base,15.6,USDT,93805604,1.15,2.68
2024-09-06,Pendle,Base,13.87,DAI,88943757,1.15,3.01
2024-09-06,Convex,Ethereum,3.95,USDC,198042854,20.67,0
2024-09-06,Convex,Ethereum,5.4,USDT,179239405,21.16,0
2024-09-06,Convex,Ethereum,5.2,DAI,176033379,21.66,0
2024-09-06,Balancer,Ethereum,7.14,USDT,138189439,15.69,0
2024-09-06,Balancer,Arbitrum,8.2,USDC,137095552,2.3,5.39
2024-09-06,Balancer,Arbitrum,9.03,USDT,137148751,2.23,3.37
2024-09-06,Balancer,Arbitrum,8.22,DAI,140846613,1.58,6.46
2024-09-06,Balancer,Optimism,9.66,USDC,132026161,2.12,4.08
2024-09-06,Balancer,Optimism,7.49,USDT,133503380,1.94,5.87
2024-09-06,Balancer,Optimism,8.07,DAI,133167984,1.87,4.58
2024-09-06,Balancer,Polygon,10.37,USDC,131213442,0.9,2.95
2024-09-06,Balancer,Polygon,8.93,USDT,147010105,0.88,3.15
2024-09-06,Balancer,Polygon,9.48,DAI,138924726,0.8,3.13
2024-09-06,Balancer,Base,7.92,USDC,140876675,1.53,3.82
2024-09-06,Balancer,Base,9.33,USDT,134750006,1.53,4.75
2024-09-07,Aave,Ethereum,1.92,USDC,305650101,13.43,0
2024-09-07,Aave,Ethereum,2.66,USDT,310838167,12.17,0
2024-09-07,Aave,Ethereum,2.09,DAI,300985564,10.22,0
2024-09-07,Aave,Arbitrum,2.87,USDC,301999537,1.6,5.27
2024-09-07,Aave,Arbitrum,2.99,USDT,313656862,1.72,4.71
2024-09-07,Aave,Arbitrum,2.95,DAI,317171949,2.02,3.53
2024-09-07,Aave,Optimism,2.78,USDC,304494884,1.05,3.61
2024-09-07,Aave,Optimism,2.89,USDT,318793195,1.14,2.66
2024-09-07,Aave,Optimism,2.83,DAI,303267574,0.99,4.46
2024-09-07,Aave,Polygon,2.8,USDC,295090233,0.74,3.3
2024-09-07,Aave,Polygon,2.79,USDT,325645820,0.61,3.56
2024-09-07,Aave,Polygon,3.29,DAI,320241102,0.55,3.64
2024-09-07,Aave,Base,2.93,USDC,309886657,0.79,3.47
2024-09-07,Aave,Base,2.89,USDT,309899749,0.96,3.44
2024-09-07,Aave,Base,2.5,DAI,307765185,0.59,3.03
2024-09-07,Compound,Ethereum,1.96,USDC,237368449,12.88,0
2024-09-07,Compound,Ethereum,2.09,USDT,221395459,11.01,0
2024-09-07,Compound,Ethereum,2.12,DAI,226745493,11.78,0
2024-09-07,Compound,Arbitrum,2.58,USDC,229880214,1.1,4.72
2024-09-07,Compound,Arbitrum,2.89,USDT,212204541,1.85,5.32
2024-09-07,Compound,Arbitrum,2.63,DAI,223722314,1.6,4.28
2024-09-07,Compound,Optimism,2.72,USDC,215798911,1.55,5.36
2024-09-07,Compound,Optimism,2.59,USDT,226432051,1.15,3.4
2024-09-07,Compound,Optimism,2.62,DAI,234085730,1.4,3.07
2024-09-07,Compound,Polygon,2.64,USDC,219938975,0.57,2.71
2024-09-07,Compound,Polygon,2.78,USDT,214593684,0.57,2.58
2024-09-07,Compound,Polygon,2.49,DAI,223796824,0.65,2.88
2024-09-07,Compound,Base,2.38,USDC,249945055,0.78,3.97
2024-09-07,Compound,Base,2.81,USDT,211278175,0.78,4.71
2024-09-07,Compound,Base,2.9,DAI,233756144,0.65,5.51
2024-09-07,Curve,Ethereum,6.32,USDC,399815176,9.64,0
2024-09-07,Curve,Ethereum,7.15,USDT,416073807,13.67,0
2024-09-07,Curve,Ethereum,6.61,DAI,408415264,10.17,0
2024-09-07,Curve,Arbitrum,7.96,USDC,409216148,1.27,4.21
2024-09-07,Curve,Arbitrum,8.34,USDT,418121937,1.94,2.98
2024-09-07,Curve,Arbitrum,8.63,DAI,383583013,1.62,4.09
2024-09-07,Curve,Optimism,6.35,USDC,407507078,1.41,2.97
2024-09-07,Curve,Optimism,7.83,USDT,387813848,1.44,4.79
2024-09-07,Curve,Optimism,7.46,DAI,379118953,1.21,2.99
2024-09-07,Curve,Polygon,9.04,USDC,394971084,0.51,2.59
2024-09-07,Curve,Polygon,11.07,USDT,386969161,0.59,2.87
2024-09-07,Curve,Base,10.21,USDC,424607220,0.83,3.86
2024-09-07,Curve,Base,7.09,USDT,386712576,0.88,5.19
2024-09-07,Curve,Base,10.45,DAI,404633438,0.95,4.11
2024-09-07,Uniswap V3,Ethereum,8.01,USDC,115336236,13.66,0
2024-09-07,Uniswap V3,Ethereum,8.36,USDT,109657534,12.93,0
2024-09-07,Uniswap V3,Ethereum,6.23,DAI,118134784,13.25,0
2024-09-07,Uniswap V3,Arbitrum,8.05,USDC,129606224,1.32,3.97
2024-09-07,Uniswap V3,Arbitrum,10.99,USDT,111592144,1.52,4.02
2024-09-07,Uniswap V3,Arbitrum,11.75,DAI,124903166,1.2,5.66
2024-09-07,Uniswap V3,Optimism,6.6,USDC,114196973,1.31,2.94
2024-09-07,Uniswap V3,Optimism,11.31,DAI,117148463,0.97,3.31
2024-09-07,Uniswap V3,Polygon,10.4,USDC,112997500,0.7,3.45
2024-09-07,Uniswap V3,Polygon,11.05,USDT,121507517,0.67,2.79
2024-09-07,Uniswap V3,Polygon,11.19,DAI,124395188,0.7,3.52
2024-09-07,Uniswap V3,Base,9.52,USDT,118556190,1.08,4.14
2024-09-07,Uniswap V3,Base,10.5,DAI,106595175,0.82,5.37
2024-09-07,Yearn,Ethereum,3.02,USDC,150903095,12.6,0
2024-09-07,Yearn,Ethereum,3.09,USDT,150181746,12.87,0
2024-09-07,Yearn,Ethereum,3.08,DAI,153662049,13.5,0
2024-09-07,Yearn,Arbitrum,3.67,USDC,135202697,1.71,5.67
2024-09-07,Yearn,Arbitrum,3.42,USDT,143377291,1.61,6.37
2024-09-07,Yearn,Arbitrum,4.42,DAI,149490412,1.44,4.52
2024-09-07,Yearn,Optimism,3.6,USDC,147453165,1.26,3.51
2024-09-07,Yearn,Optimism,3.68,USDT,139932210,1.12,4.2
2024-09-07,Yearn,Optimism,3.31,DAI,149623768,1.21,4.17
2024-09-07,Yearn,Polygon,4.1,USDC,139292273,0.67,3.13
2024-09-07,Yearn,Polygon,3.97,USDT,142660240,0.76,3.7
2024-09-07,Yearn,Polygon,4.3,DAI,144547079,0.5,2.87
2024-09-07,Yearn,Base,3.74,USDC,154438124,0.87,3.44
2024-09-07,Yearn,Base,3.91,USDT,150685189,1.02,4.46
2024-09-07,Yearn,Base,3.52,DAI,162539198,1.17,2.34
2024-09-07,Pendle,Ethereum,9.41,USDC,87719945,12.97,0
2024-09-07,Pendle,Ethereum,10.15,USDT,86318152,12.42,0
2024-09-07,Pendle,Ethereum,10.39,DAI,89673947,8.3,0
2024-09-07,Pendle,Arbitrum,9.6,USDC,92717324,1.62,4.0
2024-09-07,Pendle,Arbitrum,15.73,USDT,98737075,1.61,5.8
2024-09-07,Pendle,Arbitrum,14.01,DAI,96537772,1.35,4.26
2024-09-07,Pendle,Optimism,13.28,USDC,87889261,0.83,2.78
2024-09-07,Pendle,Optimism,12.26,USDT,96507792,1.07,3.86
2024-09-07,Pendle,Optimism,11.47,DAI,92149994,1.49,3.5
2024-09-07,Pendle,Base,11.75,USDT,97979507,0.63,2.35
2024-09-07,Convex,Ethereum,4.88,USDC,185238863,12.78,0
2024-09-07,Convex,Ethereum,5.09,USDT,195846779,10.43,0
2024-09-07,Convex,Ethereum,4.41,DAI,198050408,7.94,0
2024-09-07,Balancer,Ethereum,7.43,USDC,145145327,10.67,0
2024-09-07,Balancer,Ethereum,8.1,USDT,147995248,11.81,0
2024-09-07,Balancer,Ethereum,6.68,DAI,138485239,10.61,0
2024-09-07,Balancer,Arbitrum,10.58,USDC,138858252,1.57,3.42
2024-09-07,Balancer,Arbitrum,8.48,USDT,136070928,1.47,4.04
2024-09-07,Balancer,Arbitrum,11.72,DAI,135782440,1.89,6.22
2024-09-07,Balancer,Optimism,9.94,USDC,135799539,1.05,2.96
2024-09-07,Balancer,Optimism,8.81,USDT,138107747,1.51,4.44
2024-09-07,Balancer,Optimism,8.79,DAI,128230589,1.39,3.96
2024-09-07,Balancer,Polygon,11.64,USDC,141374863,0.68,3.28
2024-09-07,Balancer,Polygon,12.39,USDT,133005312,0.85,3.53
2024-09-07,Balancer,Polygon,10.34,DAI,131870551,0.6,2.38
2024-09-07,Balancer,Base,9.23,USDC,126929608,1.11,3.85
2024-09-07,Balancer,Base,9.13,USDT,138138923,0.95,3.48
2024-09-07,Balancer,Base,9.27,DAI,146564914,0.79,5.47
2024-09-08,Aave,Ethereum,2.15,USDC,308324320,13.98,0
2024-09-08,Aave,Ethereum,2.49,USDT,321697413,9.8,0
2024-09-08,Aave,Ethereum,2.31,DAI,279119840,12.71,0
2024-09-08,Aave,Arbitrum,2.8,USDC,312345719,1.6,5.35
2024-09-08,Aave,Optimism,2.43,USDC,294520711,1.46,4.22
2024-09-08,Aave,Optimism,2.52,USDT,316748148,1.34,3.89
2024-09-08,Aave,Optimism,2.65,DAI,300897742,1.3,3.93
2024-09-08,Aave,Polygon,2.41,USDC,334329719,0.6,1.81
2024-09-08,Aave,Polygon,2.79,USDT,303107371,0.62,1.23
2024-09-08,Aave,Polygon,2.94,DAI,310800884,0.66,2.83
2024-09-08,Aave,Base,3.34,USDC,315990622,0.89,4.56
2024-09-08,Aave,Base,2.19,USDT,328110936,1.06,3.87
2024-09-08,Aave,Base,2.59,DAI,302667364,0.94,4.06
2024-09-08,Compound,Ethereum,2.41,USDC,225460825,12.63,0
2024-09-08,Compound,Ethereum,2.08,USDT,218756494,9.54,0
2024-09-08,Compound,Ethereum,2.15,DAI,225732150,11.28,0
2024-09-08,Compound,Arbitrum,2.81,USDC,221557792,1.38,3.67
2024-09-08,Compound,Arbitrum,3.1,USDT,221915814,1.58,4.36
2024-09-08,Compound,Arbitrum,2.45,DAI,236597751,1.88,5.55
2024-09-08,Compound,Optimism,2.86,USDC,228265638,1.04,5.14
2024-09-08,Compound,Optimism,2.72,USDT,219324222,1.14,3.83
2024-09-08,Compound,Optimism,2.28,DAI,220137400,1.22,3.8
2024-09-08,Compound,Polygon,2.82,USDC,226105717,0.6,4.29
2024-09-08,Compound,Polygon,2.82,USDT,232087030,0.62,2.14
2024-09-08,Compound,Base,2.58,USDC,196593994,1.15,2.44
2024-09-08,Compound,Base,2.46,USDT,219359311,0.75,5.72
2024-09-08,Compound,Base,2.75,DAI,212824614,1.14,4.35
2024-09-08,Curve,Ethereum,8.18,USDC,382332466,12.38,0
2024-09-08,Curve,Ethereum,7.54,USDT,397430953,14.28,0
2024-09-08,Curve,Ethereum,6.68,DAI,387437357,12.06,0
2024-09-08,Curve,Arbitrum,9.82,USDC,398817331,1.63,4.47
2024-09-08,Curve,Arbitrum,8.76,USDT,385348071,1.68,3.99
2024-09-08,Curve,Arbitrum,8.57,DAI,445134636,1.59,5.64
2024-09-08,Curve,Optimism,8.07,USDC,405469193,1.11,3.94
2024-09-08,Curve,Optimism,8.54,USDT,403675350,1.16,4.58
2024-09-08,Curve,Optimism,8.16,DAI,396468897,1.24,4.31
2024-09-08,Curve,Polygon,8.73,USDC,380174255,0.74,2.45
2024-09-08,Curve,Base,8.41,USDC,413509521,1.18,3.98
2024-09-08,Curve,Base,9.62,USDT,369771851,0.98,4.75
2024-09-08,Curve,Base,7.24,DAI,398116949,0.95,4.66
2024-09-08,Uniswap V3,Ethereum,7.33,USDC,115655931,9.02,0
2024-09-08,Uniswap V3,Ethereum,8.07,USDT,114963479,9.74,0
2024-09-08,Uniswap V3,Arbitrum,7.93,USDC,117130963,1.59,5.34
2024-09-08,Uniswap V3,Arbitrum,10.81,USDT,119027415,1.64,6.02
2024-09-08,Uniswap V3,Arbitrum,7.6,DAI,120356049,1.56,5.31
2024-09-08,Uniswap V3,Optimism,10.37,USDC,116179750,1.52,4.99
2024-09-08,Uniswap V3,Optimism,6.17,USDT,119340367,1.35,4.83
2024-09-08,Uniswap V3,Optimism,8.85,DAI,119825170,1.5,3.79
2024-09-08,Uniswap V3,Polygon,7.82,USDC,121534656,0.67,3.57
2024-09-08,Uniswap V3,Polygon,8.23,USDT,121158516,0.64,3.54
2024-09-08,Uniswap V3,Polygon,8.03,DAI,125130559,0.95,2.98
2024-09-08,Uniswap V3,Base,8.72,USDC,121339154,0.92,2.56
2024-09-08,Uniswap V3,Base,8.04,USDT,115756938,0.59,4.55
2024-09-08,Uniswap V3,Base,10.86,DAI,123947057,0.94,4.12
2024-09-08,Yearn,Ethereum,2.86,USDC,151737212,12.61,0
2024-09-08,Yearn,Ethereum,2.9,USDT,154303764,10.7,0
2024-09-08,Yearn,Ethereum,3.22,DAI,160465388,13.86,0
2024-09-08,Yearn,Arbitrum,4.25,USDC,141862093,1.78,5.06
2024-09-08,Yearn,Arbitrum,4.2,USDT,152912587,1.77,5.57
2024-09-08,Yearn,Arbitrum,3.67,DAI,161004947,1.07,4.64
2024-09-08,Yearn,Optimism,3.41,USDT,141816346,1.11,4.65
2024-09-08,Yearn,Optimism,3.95,DAI,153360681,1.39,4.0
2024-09-08,Yearn,Polygon,3.64,USDC,154036747,0.79,3.67
2024-09-08,Yearn,Polygon,4.47,USDT,140357250,0.7,2.77
2024-09-08,Yearn,Polygon,4.24,DAI,147765467,0.79,3.55
2024-09-08,Yearn,Base,3.98,USDC,161628019,1.12,4.56
2024-09-08,Yearn,Base,3.35,USDT,154286307,0.71,3.52
2024-09-08,Yearn,Base,3.62,DAI,148797460,1.04,3.96
2024-09-08,Pendle,Ethereum,10.82,USDC,89871265,10.71,0
2024-09-08,Pendle,Ethereum,10.07,USDT,93899802,14.29,0
2024-09-08,Pendle,Ethereum,11.0,DAI,91596398,11.62,0
2024-09-08,Pendle,Arbitrum,13.98,USDT,90725623,1.76,5.38
2024-09-08,Pendle,Arbitrum,12.95,DAI,92414198,1.54,4.13
2024-09-08,Pendle,Optimism,10.03,USDC,87629548,0.92,4.53
2024-09-08,Pendle,Optimism,11.01,USDT,93362343,1.39,5.08
2024-09-08,Pendle,Optimism,13.27,DAI,87809801,0.97,2.89
2024-09-08,Pendle,Base,12.4,USDC,88415910,1.23,4.29
2024-09-08,Pendle,Base,13.86,USDT,93173606,0.91,3.68
2024-09-08,Pendle,Base,13.12,DAI,92250712,1.01,4.79
2024-09-08,Convex,Ethereum,4.42,USDC,188881653,11.84,0
2024-09-08,Convex,Ethereum,4.35,USDT,182885914,8.37,0
2024-09-08,Convex,Ethereum,5.94,DAI,188014668,9.81,0
2024-09-08,Balancer,Ethereum,6.52,USDC,142505265,9.9,0
2024-09-08,Balancer,Ethereum,6.34,DAI,136807036,12.63,0
2024-09-08,Balancer,Arbitrum,7.57,USDC,127438603,1.38,4.39
2024-09-08,Balancer,Arbitrum,10.14,USDT,138550165,2.0,6.28
2024-09-08,Balancer,Arbitrum,8.53,DAI,135188661,1.62,4.86
2024-09-08,Balancer,Optimism,7.56,USDC,130190466,0.99,3.51
2024-09-08,Balancer,Optimism,7.45,USDT,135680386,1.21,3.83
2024-09-08,Balancer,Optimism,8.79,DAI,132421954,1.44,5.06
2024-09-08,Balancer,Polygon,10.17,USDC,133816221,0.62,2.83
2024-09-08,Balancer,Polygon,7.22,USDT,137538237,0.59,3.02
2024-09-08,Balancer,Polygon,9.54,DAI,124433896,0.68,3.04
2024-09-08,Balancer,Base,8.16,USDT,135028592,1.15,4.4
2024-09-08,Balancer,Base,8.73,DAI,136460675,0.92,3.78
2024-09-09,Aave,Ethereum,2.2,USDC,295046340,15.37,0
2024-09-09,Aave,Ethereum,2.34,DAI,297617544,23.11,0
2024-09-09,Aave,Arbitrum,2.77,USDC,306236202,2.55,4.15
2024-09-09,Aave,Arbitrum,3.21,USDT,328813590,1.93,3.36
2024-09-09,Aave,Arbitrum,2.24,DAI,292412144,2.74,3.38
2024-09-09,Aave,Optimism,2.86,USDC,303902596,1.63,3.23
2024-09-09,Aave,Optimism,2.94,USDT,326823689,1.63,4.09
2024-09-09,Aave,Optimism,2.48,DAI,307375651,1.76,3.64
2024-09-09,Aave,Polygon,2.78,USDC,330037799,1.05,2.05
2024-09-09,Aave,Polygon,3.31,USDT,305424042,0.84,1.42
2024-09-09,Aave,Polygon,3.25,DAI,323588359,0.85,2.52
2024-09-09,Aave,Base,3.28,USDC,309126542,1.33,2.94
2024-09-09,Aave,Base,3.14,USDT,296460842,1.13,3.79
2024-09-09,Aave,Base,2.97,DAI,320351392,1.3,4.19
2024-09-09,Compound,Ethereum,2.11,USDC,214422450,20.91,0
2024-09-09,Compound,Ethereum,2.37,USDT,226672653,16.61,0
2024-09-09,Compound,Ethereum,2.53,DAI,213734652,16.39,0
2024-09-09,Compound,Arbitrum,2.69,USDC,221239295,1.48,5.74
2024-09-09,Compound,Arbitrum,2.74,USDT,230936206,1.77,4.87
2024-09-09,Compound,Arbitrum,2.57,DAI,229365332,1.95,5.97
2024-09-09,Compound,Optimism,2.63,USDC,229263207,1.36,4.19
2024-09-09,Compound,Optimism,2.21,USDT,217645097,1.55,3.53
2024-09-09,Compound,Optimism,2.69,DAI,220679082,1.95,4.29
2024-09-09,Compound,Polygon,2.93,USDC,214882407,0.91,3.04
2024-09-09,Compound,Polygon,2.94,USDT,221300279,0.82,2.45
2024-09-09,Compound,Base,2.87,USDC,227954122,1.8,3.56
2024-09-09,Compound,Base,2.94,USDT,239155575,1.42,4.17
2024-09-09,Compound,Base,2.31,DAI,228497901,1.64,2.2
2024-09-09,Curve,Ethereum,7.95,USDC,360338388,16.03,0
2024-09-09,Curve,Ethereum,5.17,USDT,407933644,19.09,0
2024-09-09,Curve,Ethereum,8.09,DAI,392082476,15.86,0
2024-09-09,Curve,Arbitrum,8.21,USDC,389359672,2.64,5.8
2024-09-09,Curve,Arbitrum,8.45,USDT,378611629,3.0,5.12
2024-09-09,Curve,Arbitrum,8.01,DAI,383933828,2.76,5.13
2024-09-09,Curve,Optimism,9.48,USDC,405965546,1.45,4.4
2024-09-09,Curve,Optimism,9.49,DAI,387575908,1.64,2.79
2024-09-09,Curve,Polygon,10.04,USDT,386815051,1.06,3.73
2024-09-09,Curve,Polygon,9.06,DAI,398079953,1.03,4.08
2024-09-09,Curve,Base,9.15,USDC,411907320,1.5,3.91
2024-09-09,Curve,Base,8.47,USDT,404955851,1.6,4.4
2024-09-09,Curve,Base,8.28,DAI,390574213,1.33,3.69
2024-09-09,Uniswap V3,Ethereum,9.34,USDC,114325552,17.8,0
2024-09-09,Uniswap V3,Ethereum,9.37,USDT,108588148,15.51,0
2024-09-09,Uniswap V3,Ethereum,11.31,DAI,115256456,16.37,0
2024-09-09,Uniswap V3,Arbitrum,10.6,USDC,103326617,2.18,5.63
2024-09-09,Uniswap V3,Arbitrum,7.84,USDT,108600038,2.21,4.26
2024-09-09,Uniswap V3,Arbitrum,10.41,DAI,116480990,2.38,6.36
2024-09-09,Uniswap V3,Optimism,9.87,USDC,117084217,1.95,4.79
2024-09-09,Uniswap V3,Optimism,9.24,USDT,115826920,1.53,4.96
2024-09-09,Uniswap V3,Optimism,9.04,DAI,120446259,1.98,4.36
2024-09-09,Uniswap V3,Polygon,10.57,USDT,105182356,1.12,2.48
2024-09-09,Uniswap V3,Polygon,11.09,DAI,116648951,0.98,3.81
2024-09-09,Uniswap V3,Base,9.09,USDC,111691286,1.42,4.94
2024-09-09,Uniswap V3,Base,9.75,USDT,110213688,1.41,4.06
2024-09-09,Uniswap V3,Base,7.38,DAI,120078985,1.57,3.04
2024-09-09,Yearn,Ethereum,3.02,USDC,152691794,14.8,0
2024-09-09,Yearn,Ethereum,3.72,USDT,149147391,23.43,0
2024-09-09,Yearn,Ethereum,3.33,DAI,146796453,23.47,0
2024-09-09,Yearn,Arbitrum,3.88,USDC,150428323,2.38,3.1
2024-09-09,Yearn,Arbitrum,4.37,USDT,141315241,1.93,4.5
2024-09-09,Yearn,Arbitrum,4.12,DAI,143734982,3.2,7.36
2024-09-09,Yearn,Optimism,3.88,USDC,155139423,2.15,4.1
2024-09-09,Yearn,Optimism,4.14,USDT,144733574,1.62,3.81
2024-09-09,Yearn,Optimism,3.65,DAI,158370496,1.93,5.21
2024-09-09,Yearn,Polygon,4.14,DAI,140497297,0.85,3.57
2024-09-09,Yearn,Base,3.84,USDC,154383720,1.41,3.22
2024-09-09,Yearn,Base,3.93,USDT,146651369,1.65,2.68
2024-09-09,Yearn,Base,3.16,DAI,150694581,0.99,4.77
2024-09-09,Pendle,Ethereum,10.98,USDC,93511540,16.3,0
2024-09-09,Pendle,Ethereum,12.19,USDT,95650764,18.58,0
2024-09-09,Pendle,Ethereum,9.49,DAI,88468081,14.75,0
2024-09-09,Pendle,Arbitrum,15.14,USDC,91101913,2.22,5.73
2024-09-09,Pendle,Arbitrum,13.23,USDT,95490771,2.55,4.01
2024-09-09,Pendle,Optimism,12.59,USDC,87325906,1.68,3.6
2024-09-09,Pendle,Optimism,10.99,USDT,99534870,1.54,4.83
2024-09-09,Pendle,Optimism,11.58,DAI,92893338,1.06,3.5
2024-09-09,Pendle,Base,9.67,USDC,98769300,1.79,4.1
2024-09-09,Pendle,Base,10.27,USDT,90694417,1.29,4.34
2024-09-09,Pendle,Base,13.14,DAI,94698332,1.36,2.8
2024-09-09,Convex,Ethereum,4.11,USDC,177810042,21.61,0
2024-09-09,Convex,Ethereum,4.11,USDT,166157536,15.36,0
2024-09-09,Convex,Ethereum,4.53,DAI,171425908,25.01,0
2024-09-09,Balancer,Ethereum,8.09,USDT,132089005,18.5,0
2024-09-09,Balancer,Ethereum,7.15,DAI,141012438,16.27,0
2024-09-09,Balancer,Arbitrum,8.5,USDT,126591431,2.72,4.48
2024-09-09,Balancer,Arbitrum,7.94,DAI,125293324,2.65,4.5
2024-09-09,Balancer,Optimism,8.89,USDC,129837777,1.7,3.54
2024-09-09,Balancer,Optimism,8.27,USDT,130238946,1.76,4.88
2024-09-09,Balancer,Optimism,11.68,DAI,142120215,2.19,4.38
2024-09-09,Balancer,Polygon,8.15,USDC,135021302,1.04,2.89
2024-09-09,Balancer,Polygon,8.71,USDT,136984442,0.93,2.67
2024-09-09,Balancer,Polygon,10.54,DAI,136912983,0.91,3.22
2024-09-09,Balancer,Base,8.38,USDC,137534263,1.34,4.36
2024-09-09,Balancer,Base,10.97,USDT,136001858,1.65,3.88
2024-09-09,Balancer,Base,8.53,DAI,135159077,1.47,3.08
2024-09-10,Aave,Ethereum,2.38,USDC,306392900,16.36,0
2024-09-10,Aave,Ethereum,2.1,USDT,303448599,16.02,0
2024-09-10,Aave,Arbitrum,2.92,USDC,330756099,2.18,3.37
2024-09-10,Aave,Arbitrum,3.16,USDT,314320761,1.72,6.99
2024-09-10,Aave,Arbitrum,3.08,DAI,306018029,2.09,6.6
2024-09-10,Aave,Optimism,3.08,USDC,307670758,1.72,5.16
2024-09-10,Aave,Optimism,2.92,USDT,321233034,2.25,4.71
2024-09-10,Aave,Optimism,2.95,DAI,286022723,1.89,4.24
2024-09-10,Aave,Polygon,3.06,USDC,301063253,0.93,3.18
2024-09-10,Aave,Polygon,2.78,USDT,308646414,0.94,3.41
2024-09-10,Aave,Polygon,2.9,DAI,321129493,0.92,4.17
2024-09-10,Aave,Base,2.8,USDC,296898540,1.65,3.39
2024-09-10,Aave,Base,2.77,USDT,328711525,1.61,3.19
2024-09-10,Aave,Base,3.11,DAI,306516613,1.35,3.94
2024-09-10,Compound,Ethereum,2.41,USDC,223618737,22.71,0
2024-09-10,Compound,Ethereum,2.38,USDT,215385334,19.27,0
2024-09-10,Compound,Ethereum,2.3,DAI,226083890,18.45,0
2024-09-10,Compound,Arbitrum,2.86,USDT,211342278,2.46,3.74
2024-09-10,Compound,Arbitrum,3.16,DAI,214171724,2.3,3.13
2024-09-10,Compound,Optimism,2.65,USDC,224717546,2.07,4.38
2024-09-10,Compound,Optimism,2.67,USDT,229896601,1.7,3.85
2024-09-10,Compound,Optimism,2.86,DAI,219360933,1.59,4.61
2024-09-10,Compound,Polygon,2.91,USDC,230968612,1.16,3.65
2024-09-10,Compound,Polygon,2.69,USDT,220039562,0.88,3.71
2024-09-10,Compound,Polygon,2.94,DAI,208780512,1.09,2.84
2024-09-10,Compound,Base,2.74,USDC,206742222,1.57,4.19
2024-09-10,Compound,Base,3.07,USDT,223558465,1.38,3.04
2024-09-10,Compound,Base,3.08,DAI,210623047,1.23,4.71
2024-09-10,Curve,Ethereum,6.86,USDC,390357545,18.1,0
2024-09-10,Curve,Ethereum,6.77,USDT,395007646,23.3,0
2024-09-10,Curve,Ethereum,7.25,DAI,397456674,19.02,0
2024-09-10,Curve,Arbitrum,7.08,USDC,388046271,2.27,5.0
2024-09-10,Curve,Arbitrum,6.93,USDT,393492689,2.51,5.72
2024-09-10,Curve,Arbitrum,8.91,DAI,391828553,2.46,3.51
2024-09-10,Curve,Optimism,7.45,DAI,368767179,2.06,3.38
2024-09-10,Curve,Polygon,7.47,USDC,392802708,1.0,2.69
2024-09-10,Curve,Polygon,10.34,USDT,365639082,0.73,3.18
2024-09-10,Curve,Polygon,8.38,DAI,399821510,0.77,3.25
2024-09-10,Curve,Base,12.0,USDC,390624789,1.54,1.69
2024-09-10,Curve,Base,8.06,USDT,376350206,1.27,3.16
2024-09-10,Curve,Base,10.42,DAI,403183353,1.33,4.64
2024-09-10,Uniswap V3,Ethereum,10.71,USDC,118851188,13.28,0
2024-09-10,Uniswap V3,Ethereum,7.36,USDT,111475111,21.8,0
2024-09-10,Uniswap V3,Ethereum,6.37,DAI,114680415,15.62,0
2024-09-10,Uniswap V3,Arbitrum,10.03,USDC,120596305,2.49,4.34
2024-09-10,Uniswap V3,Arbitrum,9.97,USDT,116527596,2.7,5.37
2024-09-10,Uniswap V3,Arbitrum,7.22,DAI,116316494,1.92,5.43
2024-09-10,Uniswap V3,Optimism,9.22,USDC,119928033,1.58,3.89
2024-09-10,Uniswap V3,Optimism,9.78,USDT,118562111,2.25,3.1
2024-09-10,Uniswap V3,Optimism,9.56,DAI,108635626,1.46,2.93
2024-09-10,Uniswap V3,Polygon,13.59,USDC,114698085,0.87,3.19
2024-09-10,Uniswap V3,Polygon,9.37,DAI,112780469,0.91,3.26
2024-09-10,Uniswap V3,Base,9.27,USDC,116818009,0.82,2.84
2024-09-10,Uniswap V3,Base,10.83,USDT,111003125,1.3,3.11
2024-09-10,Uniswap V3,Base,10.02,DAI,118551722,1.07,3.58
2024-09-10,Yearn,Ethereum,3.05,USDC,151940111,15.63,0
2024-09-10,Yearn,Ethereum,3.42,USDT,149164636,24.82,0
2024-09-10,Yearn,Ethereum,3.27,DAI,132092027,18.04,0
2024-09-10,Yearn,Arbitrum,4.03,USDC,146839441,2.41,6.36
2024-09-10,Yearn,Arbitrum,4.0,USDT,143901066,2.46,4.01
2024-09-10,Yearn,Optimism,4.1,USDC,133211380,1.19,3.83
2024-09-10,Yearn,Optimism,3.89,USDT,146025844,1.91,4.79
2024-09-10,Yearn,Optimism,4.25,DAI,153886524,1.78,4.1
2024-09-10,Yearn,Polygon,4.23,USDC,134777407,0.87,2.86
2024-09-10,Yearn,Polygon,4.14,USDT,149739094,0.87,3.16
2024-09-10,Yearn,Polygon,3.79,DAI,144713088,1.13,3.02
2024-09-10,Yearn,Base,3.82,USDC,144463339,1.56,2.88
2024-09-10,Yearn,Base,4.41,USDT,147347618,1.23,3.95
2024-09-10,Yearn,Base,3.77,DAI,152715655,1.38,4.18
2024-09-10,Pendle,Ethereum,10.69,USDC,85854205,19.01,0
2024-09-10,Pendle,Ethereum,8.3,USDT,92996447,16.54,0
2024-09-10,Pendle,Ethereum,11.7,DAI,95841021,20.28,0
2024-09-10,Pendle,Arbitrum,13.28,USDC,91119805,2.57,5.0
2024-09-10,Pendle,Arbitrum,14.54,USDT,93203226,2.81,3.22
2024-09-10,Pendle,Arbitrum,15.56,DAI,89636600,2.06,5.27
2024-09-10,Pendle,Optimism,10.46,USDC,100908465,1.9,3.19
2024-09-10,Pendle,Optimism,17.47,USDT,92368031,2.04,4.42
2024-09-10,Pendle,Base,13.34,USDC,91871484,1.45,4.94
2024-09-10,Pendle,Base,8.33,USDT,86357580,1.41,3.22
2024-09-10,Pendle,Base,15.86,DAI,83961533,1.25,3.85
2024-09-10,Convex,Ethereum,5.19,USDC,185749510,16.21,0
2024-09-10,Convex,Ethereum,5.41,USDT,173384083,20.41,0
2024-09-10,Convex,Ethereum,4.47,DAI,170804020,20.68,0
2024-09-10,Balancer,Ethereum,7.99,USDC,135382097,14.26,0
2024-09-10,Balancer,Ethereum,8.45,USDT,124113129,18.42,0
2024-09-10,Balancer,Ethereum,7.41,DAI,130306420,16.65,0
2024-09-10,Balancer,Arbitrum,12.79,USDC,129483389,1.93,5.54
2024-09-10,Balancer,Arbitrum,7.06,USDT,130922209,2.09,5.86
2024-09-10,Balancer,Arbitrum,8.6,DAI,136268246,2.69,4.63
2024-09-10,Balancer,Optimism,10.56,USDC,127325830,1.68,2.88
2024-09-10,Balancer,Optimism,8.42,USDT,126728141,1.53,4.49
2024-09-10,Balancer,Optimism,9.38,DAI,129907622,1.78,3.11
2024-09-10,Balancer,Polygon,10.19,USDC,139864097,0.94,3.85
2024-09-10,Balancer,Polygon,9.07,USDT,131016352,1.05,3.83
2024-09-10,Balancer,Polygon,11.17,DAI,135237237,1.02,2.25
2024-09-10,Balancer,Base,9.31,USDC,135916326,1.19,2.02
2024-09-10,Balancer,Base,10.55,USDT,136972116,1.8,3.55
2024-09-10,Balancer,Base,8.77,DAI,129751656,1.53,3.71
2024-09-11,Aave,Ethereum,1.76,USDC,313130833,20.84,0
2024-09-11,Aave,Ethereum,2.4,USDT,306596815,16.56,0
2024-09-11,Aave,Ethereum,2.64,DAI,301682477,12.02,0
2024-09-11,Aave,Arbitrum,2.77,USDT,310843316,2.53,4.61
2024-09-11,Aave,Optimism,2.83,USDT,314027924,1.51,4.72
2024-09-11,Aave,Optimism,3.0,DAI,287413774,1.45,4.13
2024-09-11,Aave,Polygon,3.2,USDC,309145287,0.91,2.42
2024-09-11,Aave,Polygon,3.68,USDT,309943353,1.06,3.45
2024-09-11,Aave,Polygon,3.6,DAI,302808671,0.76,2.74
2024-09-11,Aave,Base,3.22,USDC,296341926,1.55,4.96
2024-09-11,Aave,Base,2.94,USDT,295282882,1.67,3.57
2024-09-11,Aave,Base,2.98,DAI,292213698,1.19,5.44
2024-09-11,Compound,Ethereum,2.47,USDC,219596154,19.2,0
2024-09-11,Compound,Ethereum,2.67,USDT,218847318,17.69,0
2024-09-11,Compound,Ethereum,2.53,DAI,209143420,16.08,0
2024-09-11,Compound,Arbitrum,2.84,USDT,205075972,3.22,6.45
2024-09-11,Compound,Arbitrum,3.06,DAI,214740005,2.91,5.01
2024-09-11,Compound,Optimism,2.87,USDC,217217267,2.05,4.12
2024-09-11,Compound,Optimism,2.37,USDT,211850864,1.87,3.5
2024-09-11,Compound,Optimism,2.97,DAI,216157520,1.67,4.77
2024-09-11,Compound,Polygon,2.95,USDC,217556478,0.82,3.14
2024-09-11,Compound,Polygon,2.45,USDT,204133839,0.82,2.85
2024-09-11,Compound,Polygon,3.33,DAI,218158953,0.81,3.5
2024-09-11,Compound,Base,3.13,USDC,218543189,1.38,4.9
2024-09-11,Compound,Base,2.92,USDT,214999786,1.17,3.23
2024-09-11,Compound,Base,2.46,DAI,226924551,1.72,5.69
2024-09-11,Curve,Ethereum,6.24,USDC,387476052,16.49,0
2024-09-11,Curve,Ethereum,6.92,USDT,374151373,20.42,0
2024-09-11,Curve,Ethereum,8.31,DAI,415618844,16.89,0
2024-09-11,Curve,Arbitrum,7.96,USDC,389383312,2.07,5.87
2024-09-11,Curve,Arbitrum,8.57,USDT,393428249,2.65,6.29
2024-09-11,Curve,Arbitrum,7.24,DAI,349096411,2.7,3.67
2024-09-11,Curve,Optimism,7.81,USDT,384920711,1.85,3.65
2024-09-11,Curve,Polygon,9.64,USDC,362490487,0.88,2.78
2024-09-11,Curve,Polygon,11.2,USDT,386848337,1.09,3.36
2024-09-11,Curve,Polygon,8.07,DAI,398014420,1.22,1.99
2024-09-11,Curve,Base,9.72,USDC,386260240,1.48,3.5
2024-09-11,Curve,Base,8.57,USDT,385988380,1.31,3.8
2024-09-11,Uniswap V3,Ethereum,7.55,USDC,110616452,18.53,0
2024-09-11,Uniswap V3,Ethereum,9.45,USDT,111632833,20.54,0
2024-09-11,Uniswap V3,Ethereum,8.71,DAI,111180575,20.67,0
2024-09-11,Uniswap V3,Arbitrum,9.13,USDC,106124325,2.93,4.94
2024-09-11,Uniswap V3,Arbitrum,8.52,USDT,112486412,2.66,3.9
2024-09-11,Uniswap V3,Arbitrum,7.92,DAI,117284903,2.43,4.16
2024-09-11,Uniswap V3,Optimism,9.4,USDC,108774499,1.88,2.19
2024-09-11,Uniswap V3,Optimism,8.72,USDT,118960308,1.81,3.27
2024-09-11,Uniswap V3,Optimism,8.74,DAI,112337888,2.15,6.59
2024-09-11,Uniswap V3,Polygon,9.59,USDC,118455360,1.07,2.99
2024-09-11,Uniswap V3,Polygon,11.81,USDT,113192144,1.25,3.0
2024-09-11,Uniswap V3,Polygon,10.04,DAI,119430952,0.93,3.09
2024-09-11,Uniswap V3,Base,11.55,USDC,117389462,1.42,4.59
2024-09-11,Uniswap V3,Base,6.87,USDT,122081938,1.41,4.64
2024-09-11,Uniswap V3,Base,8.51,DAI,117962654,1.71,5.09
2024-09-11,Yearn,Ethereum,3.19,USDC,156345591,21.07,0
2024-09-11,Yearn,Ethereum,2.97,USDT,142114761,17.65,0
2024-09-11,Yearn,Ethereum,3.46,DAI,145967590,18.28,0
2024-09-11,Yearn,Arbitrum,4.33,USDC,136029030,1.96,5.1
2024-09-11,Yearn,Arbitrum,4.82,DAI,143771023,3.07,4.96
2024-09-11,Yearn,Optimism,3.87,USDC,140027219,1.6,3.0
2024-09-11,Yearn,Optimism,4.01,DAI,143087386,2.17,3.68
2024-09-11,Yearn,Polygon,4.15,USDT,137828332,1.19,3.36
2024-09-11,Yearn,Base,3.95,USDC,148525086,1.43,3.11
2024-09-11,Yearn,Base,4.05,USDT,134924341,1.45,3.92
2024-09-11,Yearn,Base,3.62,DAI,133847628,1.46,4.96
2024-09-11,Pendle,Ethereum,10.29,USDC,84015867,19.01,0
2024-09-11,Pendle,Ethereum,12.08,USDT,92383841,19.92,0
2024-09-11,Pendle,Ethereum,11.34,DAI,90636759,19.25,0
2024-09-11,Pendle,Arbitrum,15.44,USDT,92938691,2.74,4.74
2024-09-11,Pendle,Arbitrum,11.46,DAI,94263913,2.65,4.51
2024-09-11,Pendle,Optimism,14.58,USDC,86556941,2.44,3.67
2024-09-11,Pendle,Optimism,9.67,USDT,92814080,1.76,3.65
2024-09-11,Pendle,Base,12.63,USDC,91138723,1.4,3.19
2024-09-11,Pendle,Base,11.34,USDT,90639670,1.24,4.92
2024-09-11,Pendle,Base,16.1,DAI,88392862,1.63,4.13
2024-09-11,Convex,Ethereum,4.95,USDC,178427854,18.4,0
2024-09-11,Convex,Ethereum,5.48,USDT,195173758,17.21,0
2024-09-11,Convex,Ethereum,4.43,DAI,187706659,19.21,0
2024-09-11,Balancer,Ethereum,8.14,USDC,136734099,14.11,0
2024-09-11,Balancer,Ethereum,8.94,USDT,146893983,17.92,0
2024-09-11,Balancer,Ethereum,7.38,DAI,137768768,17.39,0
2024-09-11,Balancer,Arbitrum,9.63,USDC,140672532,2.79,5.64
2024-09-11,Balancer,Arbitrum,9.64,USDT,123584573,2.54,5.15
2024-09-11,Balancer,Optimism,9.8,USDC,127238521,2.56,4.52
2024-09-11,Balancer,Optimism,9.01,USDT,128856027,1.82,4.52
2024-09-11,Balancer,Optimism,7.97,DAI,128243446,2.28,4.47
2024-09-11,Balancer,Polygon,9.21,USDC,132351801,1.02,3.33
2024-09-11,Balancer,Polygon,10.45,DAI,133825250,0.56,3.02
2024-09-11,Balancer,Base,10.34,USDC,135514471,1.39,3.1
2024-09-11,Balancer,Base,7.95,USDT,135257674,1.55,4.28
2024-09-11,Balancer,Base,9.41,DAI,127008779,1.61,4.17
2024-09-12,Aave,Ethereum,2.8,USDC,268630205,17.65,0
2024-09-12,Aave,Ethereum,2.46,USDT,288594502,18.72,0
2024-09-12,Aave,Ethereum,2.8,DAI,288393212,21.75,0
2024-09-12,Aave,Arbitrum,3.04,USDT,320847884,3.04,5.9
2024-09-12,Aave,Optimism,3.13,USDC,287957082,1.57,4.12
2024-09-12,Aave,Optimism,2.61,USDT,293656868,1.77,5.15
2024-09-12,Aave,Optimism,2.82,DAI,296589157,1.64,4.95
2024-09-12,Aave,Polygon,3.04,USDC,316258135,0.99,3.9
2024-09-12,Aave,Polygon,2.88,USDT,283168814,1.05,3.18
2024-09-12,Aave,Polygon,3.37,DAI,305620269,0.76,3.66
2024-09-12,Aave,Base,2.57,USDC,289096022,1.46,3.62
2024-09-12,Aave,Base,3.33,USDT,305960765,1.59,4.18
2024-09-12,Compound,Ethereum,2.47,USDC,204535932,15.69,0
2024-09-12,Compound,Ethereum,2.33,USDT,212405080,20.63,0
2024-09-12,Compound,Ethereum,2.44,DAI,221596381,17.63,0
2024-09-12,Compound,Arbitrum,2.96,USDC,222212182,1.88,5.13
2024-09-12,Compound,Arbitrum,2.86,USDT,208447534,2.24,7.1
2024-09-12,Compound,Arbitrum,2.96,DAI,191984089,2.52,5.77
2024-09-12,Compound,Optimism,2.96,USDC,206698640,1.96,1.98
2024-09-12,Compound,Optimism,2.62,USDT,208123069,1.47,3.54
2024-09-12,Compound,Optimism,2.6,DAI,210805195,1.9,4.77
2024-09-12,Compound,Polygon,3.0,USDC,226499570,1.09,2.47
2024-09-12,Compound,Polygon,3.02,USDT,200742790,1.29,2.47
2024-09-12,Compound,Polygon,2.95,DAI,206686940,1.05,3.61
2024-09-12,Compound,Base,3.02,USDC,217573238,1.59,3.71
2024-09-12,Compound,Base,2.97,USDT,207572367,1.05,3.14
2024-09-12,Compound,Base,2.82,DAI,205240397,1.21,3.66
2024-09-12,Curve,Ethereum,6.8,USDT,375401106,16.08,0
2024-09-12,Curve,Ethereum,7.01,DAI,411308548,20.39,0
2024-09-12,Curve,Arbitrum,8.54,USDC,367094113,2.26,4.11
2024-09-12,Curve,Arbitrum,9.61,USDT,389369606,2.42,4.25
2024-09-12,Curve,Arbitrum,10.64,DAI,397982559,2.46,3.71
2024-09-12,Curve,Optimism,9.17,USDC,386271177,2.2,4.0
2024-09-12,Curve,Optimism,7.48,USDT,338189834,1.84,4.24
2024-09-12,Curve,Optimism,9.23,DAI,395965277,2.26,3.42
2024-09-12,Curve,Polygon,8.51,USDC,367610560,0.93,2.92
2024-09-12,Curve,Polygon,9.36,DAI,346503496,0.69,2.86
2024-09-12,Curve,Base,7.71,USDC,377826543,1.23,4.5
2024-09-12,Curve,Base,9.02,USDT,376697417,1.35,4.51
2024-09-12,Curve,Base,8.39,DAI,349073980,1.13,3.11
2024-09-12,Uniswap V3,Ethereum,6.53,USDC,102262571,14.61,0
2024-09-12,Uniswap V3,Ethereum,7.53,USDT,123170117,18.27,0
2024-09-12,Uniswap V3,Ethereum,7.45,DAI,111674051,19.34,0
2024-09-12,Uniswap V3,Arbitrum,8.47,USDT,117982779,2.81,6.74
2024-09-12,Uniswap V3,Optimism,10.34,USDC,113135161,1.85,3.67
2024-09-12,Uniswap V3,Optimism,9.27,USDT,110448204,2.08,4.51
2024-09-12,Uniswap V3,Optimism,8.07,DAI,110207002,2.48,4.63
2024-09-12,Uniswap V3,Polygon,9.15,USDC,107393997,0.93,3.18
2024-09-12,Uniswap V3,Polygon,11.41,USDT,123887657,1.03,2.77
2024-09-12,Uniswap V3,Polygon,10.38,DAI,120145167,0.93,3.23
2024-09-12,Uniswap V3,Base,8.78,USDT,111715907,1.13,5.55
2024-09-12,Uniswap V3,Base,9.03,DAI,114695686,1.63,4.09
2024-09-12,Yearn,Ethereum,3.42,USDC,141052728,19.71,0
2024-09-12,Yearn,Ethereum,3.28,USDT,143435937,13.88,0
2024-09-12,Yearn,Ethereum,3.44,DAI,143886882,20.16,0
2024-09-12,Yearn,Arbitrum,4.34,USDC,136845170,1.93,5.2
2024-09-12,Yearn,Arbitrum,4.4,USDT,141622621,2.13,5.74
2024-09-12,Yearn,Optimism,3.93,USDC,148638749,1.8,2.32
2024-09-12,Yearn,Optimism,3.88,USDT,147703640,1.91,3.55
2024-09-12,Yearn,Optimism,3.61,DAI,129008216,2.16,3.08
2024-09-12,Yearn,Polygon,4.37,USDC,141074196,1.23,2.64
2024-09-12,Yearn,Polygon,4.18,USDT,141153994,0.95,2.73
2024-09-12,Yearn,Polygon,3.77,DAI,143767581,1.09,3.67
2024-09-12,Yearn,Base,4.59,USDC,146093419,1.3,4.67
2024-09-12,Yearn,Base,4.07,USDT,147646699,1.62,5.37
2024-09-12,Yearn,Base,4.09,DAI,134599369,1.68,3.7
2024-09-12,Pendle,Ethereum,11.16,USDC,88953544,13.93,0
2024-09-12,Pendle,Ethereum,11.51,USDT,88743672,15.49,0
2024-09-12,Pendle,Ethereum,11.68,DAI,97154442,13.05,0
2024-09-12,Pendle,Arbitrum,11.75,USDC,89731749,2.48,6.02
2024-09-12,Pendle,Arbitrum,14.81,USDT,86667780,2.31,4.13
2024-09-12,Pendle,Optimism,13.09,USDC,79569877,1.51,6.42
2024-09-12,Pendle,Optimism,13.02,DAI,87725181,2.21,4.57
2024-09-12,Pendle,Base,12.62,USDC,92072677,1.5,3.34
2024-09-12,Pendle,Base,11.3,DAI,84034997,1.01,4.03
2024-09-12,Convex,Ethereum,4.75,USDC,181720244,21.56,0
2024-09-12,Convex,Ethereum,5.42,USDT,167987490,14.2,0
2024-09-12,Convex,Ethereum,5.16,DAI,185738081,16.71,0
2024-09-12,Balancer,Ethereum,7.24,USDC,131246027,16.45,0
2024-09-12,Balancer,Ethereum,7.21,USDT,132114776,15.29,0
2024-09-12,Balancer,Ethereum,8.29,DAI,125279605,16.13,0
2024-09-12,Balancer,Arbitrum,8.2,USDC,133282010,2.15,4.2
2024-09-12,Balancer,Arbitrum,9.0,USDT,129433853,2.25,3.11
2024-09-12,Balancer,Arbitrum,9.01,DAI,133482482,2.46,6.03
2024-09-12,Balancer,Optimism,8.84,USDC,126907284,1.64,4.36
2024-09-12,Balancer,Optimism,9.46,USDT,128133755,1.97,3.83
2024-09-12,Balancer,Optimism,7.64,DAI,137056073,1.63,3.43
2024-09-12,Balancer,Polygon,8.39,USDT,137648994,0.92,2.32
2024-09-12,Balancer,Polygon,8.79,DAI,131329005,0.82,3.12
2024-09-12,Balancer,Base,9.63,USDT,138387688,1.38,5.15
2024-09-12,Balancer,Base,11.0,DAI,136397009,1.51,4.28
2024-09-13,Aave,Ethereum,2.37,USDC,269703537,17.32,0
2024-09-13,Aave,Ethereum,2.47,USDT,269647381,15.57,0
2024-09-13,Aave,Ethereum,2.39,DAI,292833742,17.29,0
2024-09-13,Aave,Arbitrum,3.13,USDC,267085879,2.01,4.16
2024-09-13,Aave,Arbitrum,3.1,DAI,302330962,2.89,5.94
2024-09-13,Aave,Optimism,2.61,USDT,297750511,1.8,2.32
2024-09-13,Aave,Optimism,3.27,DAI,312492387,1.49,4.31
2024-09-13,Aave,Polygon,3.39,USDC,276974674,0.88,2.42
2024-09-13,Aave,Polygon,3.59,USDT,278329837,0.94,3.32
2024-09-13,Aave,Polygon,2.85,DAI,275008411,1.14,1.81
2024-09-13,Aave,Base,3.22,USDC,304103755,1.42,3.63
2024-09-13,Aave,Base,2.89,USDT,294589266,1.82,5.0
2024-09-13,Aave,Base,2.83,DAI,292307908,1.23,1.48
2024-09-13,Compound,Ethereum,2.24,USDC,227337269,16.71,0
2024-09-13,Compound,Ethereum,2.42,USDT,202512808,22.57,0
2024-09-13,Compound,Ethereum,2.0,DAI,216307810,20.08,0
2024-09-13,Compound,Arbitrum,2.52,USDC,211421863,2.69,5.74
2024-09-13,Compound,Arbitrum,2.77,USDT,202646248,2.62,5.59
2024-09-13,Compound,Optimism,2.29,USDC,203167392,1.69,3.01
2024-09-13,Compound,Optimism,2.99,DAI,211962980,1.91,4.23
2024-09-13,Compound,Polygon,2.6,USDC,206304799,1.1,1.37
2024-09-13,Compound,Polygon,2.8,USDT,208125384,0.61,2.33
2024-09-13,Compound,Polygon,3.3,DAI,204486198,0.78,3.11
2024-09-13,Compound,Base,2.81,USDC,209803521,1.5,5.11
2024-09-13,Compound,Base,2.68,DAI,205015227,1.44,4.37
2024-09-13,Curve,Ethereum,7.06,USDC,394794448,16.99,0
2024-09-13,Curve,Ethereum,7.23,USDT,341893216,15.15,0
2024-09-13,Curve,Arbitrum,8.4,USDC,398611273,2.27,4.17
2024-09-13,Curve,Arbitrum,8.66,USDT,364360417,2.61,3.05
2024-09-13,Curve,Arbitrum,11.62,DAI,380500113,2.52,5.61
2024-09-13,Curve,Optimism,6.06,USDT,381047831,1.71,3.41
2024-09-13,Curve,Optimism,8.05,DAI,390735911,1.41,4.41
2024-09-13,Curve,Polygon,9.32,USDC,359892940,0.92,3.24
2024-09-13,Curve,Polygon,8.68,USDT,390125852,1.05,2.31
2024-09-13,Curve,Base,8.94,USDC,360895986,1.37,3.28
2024-09-13,Curve,Base,8.04,USDT,382680578,1.03,2.66
2024-09-13,Curve,Base,10.95,DAI,368741255,1.41,6.13
2024-09-13,Uniswap V3,Ethereum,7.48,USDC,105893644,17.44,0
2024-09-13,Uniswap V3,Ethereum,6.16,USDT,106970901,11.15,0
2024-09-13,Uniswap V3,Ethereum,8.88,DAI,117981893,16.15,0
2024-09-13,Uniswap V3,Arbitrum,9.88,USDC,106956191,2.08,5.42
2024-09-13,Uniswap V3,Arbitrum,8.59,USDT,110450524,2.18,4.22
2024-09-13,Uniswap V3,Arbitrum,6.11,DAI,104939066,2.78,4.77
2024-09-13,Uniswap V3,Optimism,11.32,USDC,104724859,1.55,4.05
2024-09-13,Uniswap V3,Optimism,7.6,USDT,107438987,1.39,2.99
2024-09-13,Uniswap V3,Polygon,11.47,USDC,109591707,0.9,3.59
2024-09-13,Uniswap V3,Polygon,9.43,USDT,105650492,0.8,1.76
2024-09-13,Uniswap V3,Polygon,11.76,DAI,110013592,0.99,3.48
2024-09-13,Uniswap V3,Base,10.6,USDC,119499291,1.32,3.97
2024-09-13,Uniswap V3,Base,8.85,USDT,115767502,1.35,4.18
2024-09-13,Uniswap V3,Base,7.04,DAI,103089107,1.2,4.46
2024-09-13,Yearn,Ethereum,3.58,USDC,142418314,15.65,0
2024-09-13,Yearn,Ethereum,3.16,USDT,133077700,17.11,0
2024-09-13,Yearn,Ethereum,2.73,DAI,128772389,17.86,0
2024-09-13,Yearn,Arbitrum,4.24,USDC,141397246,2.19,4.87
2024-09-13,Yearn,Arbitrum,3.88,USDT,127775806,1.63,3.54
2024-09-13,Yearn,Arbitrum,4.05,DAI,139946515,3.2,5.82
2024-09-13,Yearn,Optimism,3.61,USDC,135734452,1.75,4.19
2024-09-13,Yearn,Optimism,4.04,USDT,146817956,1.37,4.0
2024-09-13,Yearn,Optimism,4.1,DAI,145083986,1.8,4.89
2024-09-13,Yearn,Polygon,3.77,USDC,133496317,1.01,3.47
2024-09-13,Yearn,Polygon,4.32,USDT,136149771,1.01,2.69
2024-09-13,Yearn,Polygon,4.09,DAI,137850202,1.01,2.37
2024-09-13,Yearn,Base,4.08,USDT,144791147,1.4,4.22
2024-09-13,Yearn,Base,3.55,DAI,133680010,1.56,3.63
2024-09-13,Pendle,Ethereum,12.44,USDC,86352593,22.34,0
2024-09-13,Pendle,Ethereum,13.69,USDT,93920538,16.51,0
2024-09-13,Pendle,Ethereum,9.92,DAI,86003151,19.23,0
2024-09-13,Pendle,Arbitrum,13.19,USDT,89852432,2.83,6.26
2024-09-13,Pendle,Arbitrum,8.81,DAI,80302600,1.91,3.2
2024-09-13,Pendle,Optimism,13.99,USDT,84204574,1.8,4.72
2024-09-13,Pendle,Optimism,13.43,DAI,88139599,2.0,3.2
2024-09-13,Pendle,Base,9.43,USDC,88377466,1.22,3.73
2024-09-13,Pendle,Base,12.84,USDT,84470141,1.31,4.4
2024-09-13,Pendle,Base,13.35,DAI,84179983,1.19,4.12
2024-09-13,Convex,Ethereum,6.26,USDT,177616045,21.8,0
2024-09-13,Balancer,Ethereum,7.33,USDC,125049246,14.77,0
2024-09-13,Balancer,Ethereum,6.65,DAI,128011782,21.75,0
2024-09-13,Balancer,Arbitrum,7.0,USDC,122990888,2.02,7.29
2024-09-13,Balancer,Arbitrum,8.18,USDT,130788118,2.39,3.29
2024-09-13,Balancer,Arbitrum,8.87,DAI,127703019,2.16,4.1
2024-09-13,Balancer,Optimism,8.06,USDC,134872422,1.89,4.08
2024-09-13,Balancer,Optimism,7.4,USDT,131387711,1.85,3.71
2024-09-13,Balancer,Optimism,8.22,DAI,131830398,1.66,4.12
2024-09-13,Balancer,Polygon,10.72,USDC,130476467,1.01,2.22
2024-09-13,Balancer,Polygon,8.88,USDT,127414556,0.96,2.76
2024-09-13,Balancer,Polygon,8.53,DAI,137273286,0.83,3.3
2024-09-13,Balancer,Base,8.4,USDC,126709556,1.28,3.76
2024-09-13,Balancer,Base,8.64,DAI,135446646,1.71,4.4
2024-09-14,Aave,Ethereum,2.67,USDC,280441925,11.98,0
2024-09-14,Aave,Ethereum,2.74,USDT,261092009,9.63,0
2024-09-14,Aave,Arbitrum,2.74,USDC,298568339,1.37,3.7
2024-09-14,Aave,Arbitrum,3.39,USDT,297628081,1.46,4.75
2024-09-14,Aave,Arbitrum,2.5,DAI,307597273,1.59,4.96
2024-09-14,Aave,Optimism,2.42,USDC,291993955,1.15,3.09
2024-09-14,Aave,Optimism,2.49,USDT,309709722,1.37,4.61
2024-09-14,Aave,Optimism,2.52,DAI,267445777,1.15,4.58
2024-09-14,Aave,Polygon,3.43,USDC,286626850,0.76,2.66
2024-09-14,Aave,Polygon,2.91,USDT,279187128,0.77,2.4
2024-09-14,Aave,Polygon,3.12,DAI,283609530,0.68,2.93
2024-09-14,Aave,Base,3.01,USDC,277730127,0.99,3.24
2024-09-14,Aave,Base,2.79,USDT,280930721,0.73,2.88
2024-09-14,Aave,Base,3.11,DAI,276954098,0.79,4.78
2024-09-14,Compound,Ethereum,2.42,USDC,210124567,11.15,0
2024-09-14,Compound,Ethereum,2.35,USDT,204337658,14.53,0
2024-09-14,Compound,Ethereum,2.32,DAI,208762576,16.68,0
2024-09-14,Compound,Arbitrum,2.47,USDC,187645693,1.75,3.77
2024-09-14,Compound,Arbitrum,2.82,USDT,213139733,1.52,6.05
2024-09-14,Compound,Arbitrum,2.61,DAI,221387734,1.82,5.05
2024-09-14,Compound,Optimism,2.39,USDC,208862611,1.27,4.77
2024-09-14,Compound,Optimism,2.73,USDT,200201662,1.25,4.81
2024-09-14,Compound,Optimism,2.56,DAI,228261710,1.42,3.6
2024-09-14,Compound,Polygon,2.61,USDC,190594237,0.49,4.07
2024-09-14,Compound,Polygon,3.04,USDT,207445372,0.62,1.72
2024-09-14,Compound,Polygon,2.84,DAI,220301611,0.63,2.71
2024-09-14,Compound,Base,2.81,USDC,205103703,0.53,4.57
2024-09-14,Compound,Base,2.87,USDT,208903133,1.05,3.97
2024-09-14,Compound,Base,2.67,DAI,217140165,0.91,4.53
2024-09-14,Curve,Ethereum,7.91,USDC,351260333,14.45,0
2024-09-14,Curve,Ethereum,8.37,USDT,369534321,10.57,0
2024-09-14,Curve,Arbitrum,6.29,USDC,353506279,2.08,5.23
2024-09-14,Curve,Arbitrum,8.1,USDT,357409847,1.9,5.22
2024-09-14,Curve,Optimism,10.05,USDC,388570693,0.8,4.75
2024-09-14,Curve,Optimism,7.54,USDT,357657490,0.81,3.23
2024-09-14,Curve,Optimism,8.48,DAI,370268879,1.39,3.45
2024-09-14,Curve,Polygon,7.89,USDC,358510922,0.67,1.87
2024-09-14,Curve,Polygon,9.89,USDT,345140230,0.54,2.74
2024-09-14,Curve,Polygon,9.62,DAI,360097801,0.65,3.5
2024-09-14,Curve,Base,9.25,USDC,346818168,0.94,3.99
2024-09-14,Curve,Base,10.4,DAI,389690280,0.84,3.86
2024-09-14,Uniswap V3,Ethereum,9.15,USDT,107781212,15.05,0
2024-09-14,Uniswap V3,Ethereum,8.72,DAI,104450049,10.01,0
2024-09-14,Uniswap V3,Arbitrum,10.19,USDC,117335151,1.51,3.54
2024-09-14,Uniswap V3,Arbitrum,8.76,USDT,113165847,1.56,5.2
2024-09-14,Uniswap V3,Arbitrum,10.54,DAI,109475376,1.39,5.46
2024-09-14,Uniswap V3,Optimism,8.31,USDC,116865274,1.07,4.06
2024-09-14,Uniswap V3,Optimism,11.59,USDT,113664399,1.06,4.98
2024-09-14,Uniswap V3,Optimism,7.69,DAI,105360813,1.12,3.86
2024-09-14,Uniswap V3,Polygon,10.25,USDC,110725415,0.63,4.44
2024-09-14,Uniswap V3,Polygon,9.01,USDT,112027600,0.72,3.91
2024-09-14,Uniswap V3,Polygon,11.68,DAI,113226181,0.64,3.37
2024-09-14,Uniswap V3,Base,10.68,USDC,105747193,0.98,3.49
2024-09-14,Uniswap V3,Base,11.16,USDT,104130727,0.99,4.31
2024-09-14,Uniswap V3,Base,8.85,DAI,111886991,1.12,2.93
2024-09-14,Yearn,Ethereum,3.33,USDC,139964693,12.58,0
2024-09-14,Yearn,Ethereum,2.97,DAI,133088820,10.17,0
2024-09-14,Yearn,Arbitrum,3.09,USDT,140155425,2.41,2.9
2024-09-14,Yearn,Arbitrum,3.7,DAI,142231380,1.36,5.27
2024-09-14,Yearn,Optimism,3.51,USDC,150433155,1.25,3.71
2024-09-14,Yearn,Optimism,4.4,USDT,127413082,1.51,4.15
2024-09-14,Yearn,Optimism,3.74,DAI,135210354,0.6,3.42
2024-09-14,Yearn,Polygon,3.86,USDC,129866802,0.53,2.56
2024-09-14,Yearn,Polygon,3.99,USDT,143272000,0.89,3.74
2024-09-14,Yearn,Polygon,3.78,DAI,145517421,0.63,3.85
2024-09-14,Yearn,Base,3.95,USDC,130699716,0.93,5.7
2024-09-14,Yearn,Base,3.31,USDT,143652120,1.05,3.55
2024-09-14,Yearn,Base,4.31,DAI,133331516,1.14,3.85
2024-09-14,Pendle,Ethereum,9.19,USDC,84210936,14.66,0
2024-09-14,Pendle,Ethereum,11.03,USDT,93270431,9.8,0
2024-09-14,Pendle,Ethereum,9.65,DAI,80036177,11.59,0
2024-09-14,Pendle,Arbitrum,15.38,USDC,86438054,1.69,5.06
2024-09-14,Pendle,Arbitrum,11.34,USDT,86365557,1.54,4.04
2024-09-14,Pendle,Arbitrum,12.63,DAI,82961209,1.63,5.5
2024-09-14,Pendle,Optimism,12.25,USDC,87679951,1.28,5.08
2024-09-14,Pendle,Optimism,12.92,USDT,83783122,1.12,3.36
2024-09-14,Pendle,Optimism,8.7,DAI,90576822,1.16,3.1
2024-09-14,Pendle,Base,10.96,USDT,88713949,1.01,3.66
2024-09-14,Pendle,Base,14.9,DAI,80018685,0.88,5.41
2024-09-14,Convex,Ethereum,5.36,USDC,162405383,9.48,0
2024-09-14,Convex,Ethereum,4.41,USDT,184123020,12.87,0
2024-09-14,Convex,Ethereum,4.72,DAI,191029162,9.32,0
2024-09-14,Balancer,Ethereum,9.0,USDC,130464291,12.64,0
2024-09-14,Balancer,Ethereum,8.07,DAI,128473342,11.1,0
2024-09-14,Balancer,Arbitrum,8.25,USDC,136721023,1.84,6.38
2024-09-14,Balancer,Arbitrum,8.83,USDT,125323694,1.2,4.37
2024-09-14,Balancer,Arbitrum,8.77,DAI,131030327,1.48,3.95
2024-09-14,Balancer,Optimism,7.3,USDC,132958924,1.27,4.98
2024-09-14,Balancer,Optimism,8.5,USDT,125494240,1.29,4.62
2024-09-14,Balancer,Optimism,9.65,DAI,133056069,1.01,4.76
2024-09-14,Balancer,Polygon,7.88,USDC,125347158,0.58,2.83
2024-09-14,Balancer,Polygon,8.55,USDT,135763522,0.76,1.94
2024-09-14,Balancer,Base,8.39,USDC,126526127,0.72,3.65
2024-09-14,Balancer,Base,9.64,USDT,131940908,1.0,4.05
2024-09-14,Balancer,Base,7.68,DAI,123992962,1.12,4.0
2024-09-15,Aave,Ethereum,2.59,USDC,278283658,12.36,0
2024-09-15,Aave,Ethereum,2.17,USDT,261614344,13.34,0
2024-09-15,Aave,Ethereum,2.54,DAI,272330336,11.43,0
2024-09-15,Aave,Arbitrum,2.6,USDC,293104153,1.16,3.22
2024-09-15,Aave,Arbitrum,3.08,USDT,289843488,1.64,3.87
2024-09-15,Aave,Arbitrum,2.76,DAI,290413850,2.06,4.35
2024-09-15,Aave,Optimism,2.89,USDC,272105286,1.37,2.95
2024-09-15,Aave,Optimism,2.65,USDT,297217680,1.04,3.44
2024-09-15,Aave,Optimism,2.54,DAI,285768986,1.04,5.07
2024-09-15,Aave,Polygon,3.36,USDC,271840011,0.72,3.6
2024-09-15,Aave,Polygon,3.58,USDT,269858052,0.69,2.91
2024-09-15,Aave,Polygon,3.24,DAI,282346444,0.6,2.6
2024-09-15,Aave,Base,2.77,USDC,294304717,0.79,3.7
2024-09-15,Aave,Base,2.92,USDT,277941899,1.23,4.24
2024-09-15,Aave,Base,2.89,DAI,275964371,0.88,2.68
2024-09-15,Compound,Ethereum,2.22,USDC,204539035,11.5,0
2024-09-15,Compound,Ethereum,2.27,USDT,194991145,12.46,0
2024-09-15,Compound,Ethereum,2.22,DAI,195013881,15.23,0
2024-09-15,Compound,Arbitrum,2.72,USDC,204281823,1.34,3.93
2024-09-15,Compound,Arbitrum,3.12,USDT,208506438,1.54,2.08
2024-09-15,Compound,Arbitrum,2.74,DAI,193498108,1.6,6.45
2024-09-15,Compound,Optimism,2.73,USDC,194217732,1.28,4.37
2024-09-15,Compound,Optimism,2.83,USDT,210217835,1.15,2.75
2024-09-15,Compound,Optimism,2.35,DAI,208704169,1.3,3.34
2024-09-15,Compound,Polygon,2.88,USDC,209273241,0.66,3.42
2024-09-15,Compound,Polygon,3.12,USDT,219308591,0.81,2.94
2024-09-15,Compound,Polygon,3.19,DAI,200961241,0.69,3.35
2024-09-15,Compound,Base,2.8,USDC,199369228,1.05,4.0
2024-09-15,Compound,Base,3.0,USDT,198511681,1.12,4.68
2024-09-15,Compound,Base,2.49,DAI,198027868,0.91,4.52
2024-09-15,Curve,Ethereum,7.47,USDC,366212371,10.72,0
2024-09-15,Curve,Ethereum,7.46,USDT,369900624,12.45,0
2024-09-15,Curve,Ethereum,7.03,DAI,351284900,9.61,0
2024-09-15,Curve,Arbitrum,9.94,USDC,367255633,1.52,4.25
2024-09-15,Curve,Arbitrum,8.62,USDT,363741505,1.13,5.56
2024-09-15,Curve,Arbitrum,8.25,DAI,373364236,1.76,6.51
2024-09-15,Curve,Optimism,9.82,USDC,357333442,1.04,4.36
2024-09-15,Curve,Optimism,7.35,DAI,350290624,1.22,4.06
2024-09-15,Curve,Polygon,9.6,USDC,377392742,0.62,1.85
2024-09-15,Curve,Polygon,11.41,USDT,351162893,0.53,3.65
2024-09-15,Curve,Polygon,9.65,DAI,354497814,0.69,3.65
2024-09-15,Curve,Base,6.96,USDC,366080911,0.9,3.05
2024-09-15,Curve,Base,7.34,USDT,384263335,1.06,4.91
2024-09-15,Curve,Base,6.54,DAI,306300561,0.74,4.82
2024-09-15,Uniswap V3,Ethereum,6.77,USDC,116645907,12.84,0
2024-09-15,Uniswap V3,Ethereum,8.87,USDT,101150478,11.09,0
2024-09-15,Uniswap V3,Ethereum,7.86,DAI,110020579,12.38,0
2024-09-15,Uniswap V3,Arbitrum,8.92,USDC,104342493,1.85,5.01
2024-09-15,Uniswap V3,Arbitrum,9.59,USDT,104277197,1.49,4.78
2024-09-15,Uniswap V3,Arbitrum,9.95,DAI,104820519,1.35,3.97
2024-09-15,Uniswap V3,Optimism,9.0,USDC,104205304,1.17,3.69
2024-09-15,Uniswap V3,Optimism,7.6,USDT,104481111,0.98,2.87
2024-09-15,Uniswap V3,Optimism,7.02,DAI,112703161,1.08,4.85
2024-09-15,Uniswap V3,Polygon,11.81,USDC,104719476,0.57,3.46
2024-09-15,Uniswap V3,Polygon,10.6,USDT,101540034,0.68,3.09
2024-09-15,Uniswap V3,Polygon,12.36,DAI,107556767,0.52,3.47
2024-09-15,Uniswap V3,Base,12.18,USDC,114793523,1.01,3.72
2024-09-15,Uniswap V3,Base,10.04,USDT,121563594,0.9,3.48
2024-09-15,Uniswap V3,Base,10.38,DAI,102417704,0.88,4.3
2024-09-15,Yearn,Ethereum,3.28,USDC,132045764,13.76,0
2024-09-15,Yearn,Ethereum,2.85,USDT,132432858,11.8,0
2024-09-15,Yearn,Ethereum,3.08,DAI,129850672,14.06,0
2024-09-15,Yearn,Arbitrum,3.57,USDC,139566631,1.61,4.6
2024-09-15,Yearn,Arbitrum,3.7,USDT,129765076,1.61,3.74
2024-09-15,Yearn,Arbitrum,4.31,DAI,137499802,1.82,4.3
2024-09-15,Yearn,Optimism,3.63,USDC,134791651,1.27,2.92
2024-09-15,Yearn,Optimism,4.26,USDT,140386458,1.22,4.41
2024-09-15,Yearn,Optimism,4.18,DAI,135396655,1.33,3.84
2024-09-15,Yearn,Polygon,3.95,USDC,132796371,0.64,1.96
2024-09-15,Yearn,Polygon,4.19,USDT,137243754,0.61,3.19
2024-09-15,Yearn,Polygon,4.41,DAI,133851574,0.61,3.05
2024-09-15,Yearn,Base,3.56,USDC,129206712,0.92,5.89
2024-09-15,Yearn,Base,3.79,USDT,137823714,0.86,3.12
2024-09-15,Yearn,Base,3.99,DAI,138010361,1.11,3.93
2024-09-15,Pendle,Ethereum,12.57,USDC,83917111,15.99,0
2024-09-15,Pendle,Ethereum,7.35,USDT,81425988,9.34,0
2024-09-15,Pendle,Ethereum,11.3,DAI,85667583,14.12,0
2024-09-15,Pendle,Arbitrum,13.35,USDC,83872181,2.05,4.17
2024-09-15,Pendle,Arbitrum,16.35,USDT,87343628,1.67,4.45
2024-09-15,Pendle,Arbitrum,13.94,DAI,85324925,1.54,6.93
2024-09-15,Pendle,Optimism,13.58,USDC,86467875,1.2,2.16
2024-09-15,Pendle,Optimism,13.12,USDT,82672729,1.19,3.23
2024-09-15,Pendle,Optimism,16.43,DAI,91840982,1.15,4.64
2024-09-15,Pendle,Base,14.52,USDC,80468634,1.03,4.63
2024-09-15,Pendle,Base,11.98,USDT,84338074,0.92,3.03
2024-09-15,Pendle,Base,13.71,DAI,90832962,1.07,4.9
2024-09-15,Convex,Ethereum,4.17,USDT,151727128,10.62,0
2024-09-15,Convex,Ethereum,4.88,DAI,167865894,10.44,0
2024-09-15,Balancer,Ethereum,7.31,USDT,121668683,10.62,0
2024-09-15,Balancer,Ethereum,6.66,DAI,121531835,10.96,0
2024-09-15,Balancer,Arbitrum,7.46,USDC,138023681,1.93,4.76
2024-09-15,Balancer,Arbitrum,11.33,USDT,116824773,1.8,3.39
2024-09-15,Balancer,Arbitrum,8.89,DAI,121727152,1.32,6.04
2024-09-15,Balancer,Optimism,7.53,USDC,117709294,1.24,4.22
2024-09-15,Balancer,Optimism,9.35,USDT,122210399,1.1,2.98
2024-09-15,Balancer,Optimism,9.04,DAI,119704086,1.29,4.75
2024-09-15,Balancer,Polygon,8.14,USDC,136851027,0.65,2.67
2024-09-15,Balancer,Polygon,11.38,USDT,116869276,0.65,2.74
2024-09-15,Balancer,Polygon,10.74,DAI,129734001,0.55,3.66
2024-09-15,Balancer,Base,8.1,USDC,127849980,0.79,4.37
2024-09-15,Balancer,Base,8.79,USDT,124027634,0.75,4.08
2024-09-16,Aave,Ethereum,2.61,USDC,286689465,17.07,0
2024-09-16,Aave,Ethereum,2.78,USDT,284146689,15.16,0
2024-09-16,Aave,Ethereum,2.69,DAI,283715527,19.14,0
2024-09-16,Aave,Arbitrum,2.9,USDC,281131369,2.11,5.27
2024-09-16,Aave,Arbitrum,3.03,USDT,248740810,1.98,5.02
2024-09-16,Aave,Optimism,3.17,USDC,259426757,1.95,4.59
2024-09-16,Aave,Optimism,2.8,USDT,272777855,1.87,5.16
2024-09-16,Aave,Polygon,3.06,USDC,250110675,1.09,2.35
2024-09-16,Aave,Polygon,3.42,USDT,280300539,1.25,3.46
2024-09-16,Aave,Base,3.44,USDT,284222756,1.56,4.06
2024-09-16,Aave,Base,3.11,DAI,270708402,1.17,4.49
2024-09-16,Compound,Ethereum,2.35,USDC,184884791,19.6,0
2024-09-16,Compound,Ethereum,2.49,DAI,205830299,18.66,0
2024-09-16,Compound,Arbitrum,3.05,USDC,195280348,1.71,4.23
2024-09-16,Compound,Arbitrum,2.51,DAI,206887368,2.51,4.33
2024-09-16,Compound,Optimism,2.65,USDC,203620708,2.06,2.13
2024-09-16,Compound,Optimism,2.73,USDT,188067766,1.47,3.65
2024-09-16,Compound,Optimism,2.88,DAI,202306741,1.3,3.56
2024-09-16,Compound,Polygon,3.03,USDC,201158561,0.7,2.5
2024-09-16,Compound,Polygon,2.85,USDT,191929641,0.86,2.68
2024-09-16,Compound,Polygon,2.63,DAI,201785655,0.96,2.91
2024-09-16,Compound,Base,2.51,USDC,196267391,1.29,4.06
2024-09-16,Compound,Base,2.95,USDT,190779419,1.45,5.31
2024-09-16,Compound,Base,2.7,DAI,199152932,1.41,3.78
2024-09-16,Curve,Ethereum,4.97,USDC,392770290,17.19,0
2024-09-16,Curve,Ethereum,7.39,USDT,346986417,16.74,0
2024-09-16,Curve,Ethereum,8.24,DAI,354851241,21.21,0
2024-09-16,Curve,Arbitrum,8.93,USDC,335129277,2.01,5.71
2024-09-16,Curve,Arbitrum,10.01,USDT,348577915,2.7,5.93
2024-09-16,Curve,Arbitrum,6.06,DAI,351663395,2.39,6.48
2024-09-16,Curve,Optimism,7.25,USDC,324910042,1.64,4.72
2024-09-16,Curve,Optimism,8.04,USDT,395964784,1.96,3.15
2024-09-16,Curve,Optimism,9.3,DAI,351534502,1.7,2.92
2024-09-16,Curve,Polygon,10.86,USDC,349914710,0.88,3.64
2024-09-16,Curve,Polygon,7.45,USDT,352964337,0.79,3.17
2024-09-16,Curve,Polygon,10.56,DAI,344544235,0.85,3.01
2024-09-16,Curve,Base,7.93,USDC,353638095,1.44,3.61
2024-09-16,Curve,Base,8.29,USDT,350224973,2.02,4.87
2024-09-16,Curve,Base,8.92,DAI,374732341,1.64,4.07
2024-09-16,Uniswap V3,Ethereum,9.81,USDC,109549352,18.9,0
2024-09-16,Uniswap V3,Ethereum,8.26,USDT,112025851,19.1,0
2024-09-16,Uniswap V3,Ethereum,9.36,DAI,110537188,16.92,0
2024-09-16,Uniswap V3,Arbitrum,11.62,USDC,100487482,1.98,7.72
2024-09-16,Uniswap V3,Arbitrum,9.47,USDT,100366731,2.29,4.84
2024-09-16,Uniswap V3,Arbitrum,7.19,DAI,103467521,2.88,1.92
2024-09-16,Uniswap V3,Optimism,10.21,USDC,106598379,1.65,3.64
2024-09-16,Uniswap V3,Optimism,9.82,USDT,103804013,1.84,3.73
2024-09-16,Uniswap V3,Optimism,10.09,DAI,108963912,1.19,3.9
2024-09-16,Uniswap V3,Polygon,10.35,USDC,107744005,0.76,2.99
2024-09-16,Uniswap V3,Polygon,12.01,USDT,103269761,0.81,3.3
2024-09-16,Uniswap V3,Polygon,9.79,DAI,107468070,0.87,3.13
2024-09-16,Uniswap V3,Base,9.17,USDC,108850574,1.43,4.59
2024-09-16,Uniswap V3,Base,10.06,USDT,99852841,1.34,3.22
2024-09-16,Uniswap V3,Base,11.07,DAI,112291016,1.5,3.55
2024-09-16,Yearn,Ethereum,3.05,USDC,120046280,17.34,0
2024-09-16,Yearn,Ethereum,3.09,USDT,127084546,18.83,0
2024-09-16,Yearn,Ethereum,3.22,DAI,134650393,23.62,0
2024-09-16,Yearn,Arbitrum,3.45,USDC,136348017,2.93,6.01
2024-09-16,Yearn,Arbitrum,4.05,DAI,140872669,2.77,6.73
2024-09-16,Yearn,Optimism,3.5,USDC,138375992,1.94,3.34
2024-09-16,Yearn,Optimism,3.99,USDT,134817938,1.6,4.15
2024-09-16,Yearn,Optimism,3.55,DAI,134050426,1.85,3.82
2024-09-16,Yearn,Polygon,4.08,USDC,137294486,0.97,2.32
2024-09-16,Yearn,Polygon,4.26,USDT,127098302,0.83,2.35
2024-09-16,Yearn,Polygon,4.09,DAI,134934844,1.04,3.12
2024-09-16,Yearn,Base,4.42,USDC,126644428,1.31,3.17
2024-09-16,Yearn,Base,4.79,USDT,140987354,1.4,5.4
2024-09-16,Yearn,Base,4.72,DAI,135670732,1.53,3.62
2024-09-16,Pendle,Ethereum,10.64,USDC,85258167,13.91,0
2024-09-16,Pendle,Ethereum,10.35,USDT,88577177,11.64,0
2024-09-16,Pendle,Ethereum,11.06,DAI,78745884,16.09,0
2024-09-16,Pendle,Arbitrum,15.22,USDC,83901773,1.62,4.39
2024-09-16,Pendle,Arbitrum,13.5,USDT,85405804,2.96,4.76
2024-09-16,Pendle,Arbitrum,12.95,DAI,82201883,2.3,5.0
2024-09-16,Pendle,Optimism,11.43,USDC,82739448,1.65,2.98
2024-09-16,Pendle,Optimism,10.84,USDT,84370976,1.74,4.02
2024-09-16,Pendle,Optimism,12.78,DAI,78229591,1.75,3.29
2024-09-16,Pendle,Base,10.89,USDC,85557252,1.48,4.31
2024-09-16,Pendle,Base,17.21,DAI,85341912,1.67,3.85
2024-09-16,Convex,Ethereum,5.41,USDC,162765114,18.18,0
2024-09-16,Convex,Ethereum,5.96,USDT,162900284,21.32,0
2024-09-16,Convex,Ethereum,4.45,DAI,193132895,18.28,0
2024-09-16,Balancer,Ethereum,6.84,USDC,129031169,14.74,0
2024-09-16,Balancer,Ethereum,6.07,USDT,120541341,20.55,0
2024-09-16,Balancer,Ethereum,7.34,DAI,117421028,18.42,0
2024-09-16,Balancer,Arbitrum,9.5,USDC,119502095,1.95,5.43
2024-09-16,Balancer,Arbitrum,9.02,USDT,120872241,3.02,5.46
2024-09-16,Balancer,Arbitrum,9.93,DAI,127220885,2.1,5.58
2024-09-16,Balancer,Optimism,9.32,USDC,110031147,2.08,5.2
2024-09-16,Balancer,Optimism,8.75,USDT,113076566,2.44,3.31
2024-09-16,Balancer,Optimism,9.53,DAI,127084603,1.74,4.0
2024-09-16,Balancer,Polygon,10.96,USDC,130251328,1.04,3.41
2024-09-16,Balancer,Polygon,9.07,DAI,126469481,1.15,2.46
2024-09-16,Balancer,Base,6.86,USDC,121691595,1.45,2.85
2024-09-16,Balancer,Base,9.33,USDT,124613296,1.48,2.91
2024-09-16,Balancer,Base,11.47,DAI,122933769,1.56,5.22
2024-09-17,Aave,Ethereum,2.61,USDC,270728149,16.8,0
2024-09-17,Aave,Ethereum,2.78,DAI,257332097,15.31,0
2024-09-17,Aave,Arbitrum,3.2,USDC,282427462,2.38,4.15
2024-09-17,Aave,Arbitrum,3.01,USDT,253634752,2.52,4.47
2024-09-17,Aave,Arbitrum,3.15,DAI,302819413,2.08,5.9
2024-09-17,Aave,Optimism,2.72,USDC,284890736,1.92,3.34
2024-09-17,Aave,Optimism,2.99,USDT,273874276,2.03,4.27
2024-09-17,Aave,Optimism,3.06,DAI,284161046,1.48,4.37
2024-09-17,Aave,Polygon,3.84,USDC,280815882,0.78,2.05
2024-09-17,Aave,Polygon,3.79,USDT,290405968,0.95,3.13
2024-09-17,Aave,Polygon,2.87,DAI,268282943,0.81,3.1
2024-09-17,Aave,Base,3.64,USDC,262918399,1.18,2.86
2024-09-17,Aave,Base,3.09,DAI,275664666,1.7,2.99
2024-09-17,Compound,Ethereum,2.5,USDC,220980345,18.77,0
2024-09-17,Compound,Ethereum,2.31,USDT,192273035,19.17,0
2024-09-17,Compound,Arbitrum,2.9,USDC,201537425,2.59,6.08
2024-09-17,Compound,Arbitrum,2.96,DAI,196701767,1.78,4.29
2024-09-17,Compound,Optimism,2.96,USDC,190253774,1.53,2.73
2024-09-17,Compound,Optimism,3.05,USDT,200156347,1.26,3.68
2024-09-17,Compound,Optimism,2.8,DAI,205482338,1.79,4.57
2024-09-17,Compound,Polygon,3.35,USDC,197505679,0.99,2.82
2024-09-17,Compound,Polygon,3.57,USDT,191812847,1.06,3.06
2024-09-17,Compound,Polygon,3.24,DAI,179953011,0.93,3.42
2024-09-17,Compound,Base,3.17,USDC,187652804,1.42,5.33
2024-09-17,Compound,Base,2.8,USDT,194029592,1.2,3.51
2024-09-17,Compound,Base,2.94,DAI,196653442,1.13,2.25
2024-09-17,Curve,Ethereum,7.22,USDC,353213934,17.98,0
2024-09-17,Curve,Ethereum,7.77,USDT,348812181,18.66,0
2024-09-17,Curve,Ethereum,7.53,DAI,354311182,16.12,0
2024-09-17,Curve,Arbitrum,9.88,USDC,350508697,1.6,6.23
2024-09-17,Curve,Arbitrum,9.06,DAI,357673491,2.43,5.83
2024-09-17,Curve,Optimism,8.26,USDC,318097155,1.55,3.62
2024-09-17,Curve,Optimism,9.5,USDT,343145683,1.98,5.3
2024-09-17,Curve,Optimism,8.36,DAI,375602672,1.84,4.89
2024-09-17,Curve,Polygon,10.29,USDC,392630425,0.96,3.27
2024-09-17,Curve,Polygon,7.83,USDT,361765383,0.88,2.48
2024-09-17,Curve,Polygon,8.19,DAI,333144381,0.91,3.01
2024-09-17,Curve,Base,9.73,USDC,336539700,1.17,3.56
2024-09-17,Curve,Base,9.26,USDT,365617697,1.46,3.39
2024-09-17,Curve,Base,9.87,DAI,352411441,1.25,5.06
2024-09-17,Uniswap V3,Ethereum,9.14,USDC,106809804,15.81,0
2024-09-17,Uniswap V3,Ethereum,8.7,USDT,100166895,18.39,0
2024-09-17,Uniswap V3,Ethereum,9.14,DAI,93050047,17.81,0
2024-09-17,Uniswap V3,Arbitrum,10.55,USDC,104293232,2.22,6.33
2024-09-17,Uniswap V3,Arbitrum,8.93,USDT,93790220,1.83,4.37
2024-09-17,Uniswap V3,Arbitrum,13.02,DAI,107908723,2.84,5.0
2024-09-17,Uniswap V3,Optimism,7.94,USDC,105537894,1.32,4.57
2024-09-17,Uniswap V3,Optimism,11.14,USDT,110459748,2.07,3.83
2024-09-17,Uniswap V3,Optimism,8.67,DAI,114732068,1.33,3.4
2024-09-17,Uniswap V3,Polygon,10.87,USDC,106808076,1.23,2.48
2024-09-17,Uniswap V3,Polygon,7.93,USDT,100955141,0.73,3.18
2024-09-17,Uniswap V3,Polygon,13.73,DAI,108511823,0.93,2.68
2024-09-17,Uniswap V3,Base,11.37,USDC,95878047,1.57,4.18
2024-09-17,Uniswap V3,Base,8.74,USDT,111779970,1.72,4.13
2024-09-17,Uniswap V3,Base,12.66,DAI,104364817,1.41,4.01
2024-09-17,Yearn,Ethereum,3.24,USDC,135575319,15.5,0
2024-09-17,Yearn,Ethereum,3.35,USDT,127028049,17.41,0
2024-09-17,Yearn,Ethereum,3.25,DAI,123358386,23.41,0
2024-09-17,Yearn,Arbitrum,3.86,USDC,133782162,2.16,5.89
2024-09-17,Yearn,Arbitrum,3.95,USDT,130697258,1.81,4.03
2024-09-17,Yearn,Arbitrum,3.3,DAI,124256556,2.12,4.99
2024-09-17,Yearn,Optimism,3.99,USDC,136454289,1.96,4.48
2024-09-17,Yearn,Optimism,3.92,USDT,140187638,1.74,4.36
2024-09-17,Yearn,Optimism,4.18,DAI,136828385,1.54,3.33
2024-09-17,Yearn,Polygon,3.95,USDC,121332303,1.19,3.63
2024-09-17,Yearn,Polygon,4.23,USDT,132157540,0.84,3.19
2024-09-17,Yearn,Polygon,4.15,DAI,129245898,0.78,3.13
2024-09-17,Yearn,Base,4.28,USDC,132945448,1.41,3.18
2024-09-17,Yearn,Base,4.2,USDT,127794810,1.64,3.79
2024-09-17,Yearn,Base,3.98,DAI,122027055,1.63,4.21
2024-09-17,Pendle,Ethereum,12.35,USDC,81360784,16.58,0
2024-09-17,Pendle,Ethereum,12.79,USDT,79111642,15.08,0
2024-09-17,Pendle,Ethereum,11.01,DAI,78541563,18.57,0
2024-09-17,Pendle,Arbitrum,7.46,USDC,87444378,2.15,4.92
2024-09-17,Pendle,Arbitrum,14.21,USDT,83674394,3.07,5.07
2024-09-17,Pendle,Arbitrum,14.24,DAI,73279605,1.62,4.8
2024-09-17,Pendle,Optimism,8.73,USDC,78499887,1.75,3.26
2024-09-17,Pendle,Optimism,11.08,USDT,82409520,1.82,4.14
2024-09-17,Pendle,Optimism,9.94,DAI,80429897,1.55,5.15
2024-09-17,Pendle,Base,13.38,USDC,87497317,1.65,3.13
2024-09-17,Pendle,Base,14.86,USDT,82680187,1.56,4.26
2024-09-17,Pendle,Base,14.44,DAI,83726007,1.74,4.34
2024-09-17,Convex,Ethereum,5.59,USDC,159207366,12.74,0
2024-09-17,Convex,Ethereum,5.06,USDT,166310308,14.02,0
2024-09-17,Convex,Ethereum,5.86,DAI,145661129,14.81,0
2024-09-17,Balancer,Ethereum,8.05,USDC,116765026,16.92,0
2024-09-17,Balancer,Ethereum,7.39,USDT,115196469,16.98,0
2024-09-17,Balancer,Arbitrum,9.55,USDT,128002046,2.77,4.74
2024-09-17,Balancer,Arbitrum,12.55,DAI,127440078,3.01,4.77
2024-09-17,Balancer,Optimism,7.89,USDT,109640667,2.15,5.11
2024-09-17,Balancer,Polygon,9.62,USDC,119274915,0.93,3.3
2024-09-17,Balancer,Polygon,9.37,USDT,117130195,0.95,2.42
2024-09-17,Balancer,Polygon,8.66,DAI,114254554,0.96,3.22
2024-09-17,Balancer,Base,10.19,USDC,127425302,1.65,4.68
2024-09-17,Balancer,Base,9.31,USDT,119463764,1.77,4.5
2024-09-17,Balancer,Base,9.87,DAI,120037834,1.27,3.84
2024-09-18,Aave,Ethereum,2.47,USDC,255904579,11.83,0
2024-09-18,Aave,Ethereum,2.77,USDT,268645160,18.13,0
2024-09-18,Aave,Ethereum,2.59,DAI,274942557,16.78,0
2024-09-18,Aave,Arbitrum,2.69,USDC,289694171,2.31,4.21
2024-09-18,Aave,Arbitrum,3.82,USDT,263428375,2.82,4.19
2024-09-18,Aave,Arbitrum,2.76,DAI,267228600,2.13,6.1
2024-09-18,Aave,Optimism,3.09,USDC,271691483,1.25,4.25
2024-09-18,Aave,Optimism,2.92,USDT,255545067,1.92,4.34
2024-09-18,Aave,Optimism,3.22,DAI,249296540,1.57,3.17
2024-09-18,Aave,Polygon,3.23,USDC,254882955,1.17,2.63
2024-09-18,Aave,Polygon,3.5,USDT,275977937,0.97,2.63
2024-09-18,Aave,Polygon,3.19,DAI,257191246,0.83,3.95
2024-09-18,Aave,Base,3.2,USDC,267066010,1.68,3.12
2024-09-18,Aave,Base,3.25,USDT,270570895,1.88,3.2
2024-09-18,Aave,Base,3.27,DAI,289731413,1.37,2.76
2024-09-18,Compound,Ethereum,2.46,USDC,184890867,15.48,0
2024-09-18,Compound,Ethereum,2.6,USDT,185071257,18.3,0
2024-09-18,Compound,Ethereum,2.39,DAI,167123052,19.42,0
2024-09-18,Compound,Arbitrum,3.33,USDC,177793000,2.04,5.49
2024-09-18,Compound,Arbitrum,3.03,USDT,195772937,2.89,4.64
2024-09-18,Compound,Arbitrum,2.94,DAI,196841774,2.55,4.88
2024-09-18,Compound,Optimism,2.92,USDC,173435090,2.19,2.52
2024-09-18,Compound,Optimism,3.06,DAI,202505481,1.45,2.47
2024-09-18,Compound,Polygon,2.72,USDT,198588899,1.02,3.89
2024-09-18,Compound,Polygon,3.28,DAI,213129516,0.93,3.42
2024-09-18,Compound,Base,3.33,USDC,217733393,1.32,4.32
2024-09-18,Compound,Base,3.43,USDT,217217191,1.69,3.89
2024-09-18,Curve,Ethereum,7.72,USDC,358808103,16.26,0
2024-09-18,Curve,Ethereum,8.45,USDT,377098929,13.83,0
2024-09-18,Curve,Ethereum,8.24,DAI,391143233,14.52,0
2024-09-18,Curve,Arbitrum,7.54,USDC,353397040,2.46,4.2
2024-09-18,Curve,Arbitrum,6.37,USDT,308660826,2.39,5.83
2024-09-18,Curve,Arbitrum,10.01,DAI,344828859,2.0,4.87
2024-09-18,Curve,Optimism,8.86,USDC,314940712,2.0,3.71
2024-09-18,Curve,Optimism,8.8,USDT,384076811,1.6,4.42
2024-09-18,Curve,Optimism,8.09,DAI,346824728,1.92,4.73
2024-09-18,Curve,Polygon,8.33,USDC,372281647,0.96,3.1
2024-09-18,Curve,Polygon,9.98,USDT,349779050,1.1,3.26
2024-09-18,Curve,Base,9.71,USDC,358007259,1.32,4.74
2024-09-18,Curve,Base,9.43,USDT,365262842,1.55,4.59
2024-09-18,Curve,Base,10.2,DAI,343020926,1.58,4.5
2024-09-18,Uniswap V3,Ethereum,7.19,USDC,104177664,16.56,0
2024-09-18,Uniswap V3,Ethereum,7.9,USDT,109589247,22.41,0
2024-09-18,Uniswap V3,Arbitrum,10.62,USDC,103717048,2.42,3.56
2024-09-18,Uniswap V3,Arbitrum,10.17,USDT,107732038,2.38,6.59
2024-09-18,Uniswap V3,Arbitrum,11.11,DAI,111545600,2.61,5.18
2024-09-18,Uniswap V3,Optimism,10.06,USDC,106397524,1.54,2.86
2024-09-18,Uniswap V3,Optimism,7.15,DAI,105702585,2.03,3.67
2024-09-18,Uniswap V3,Polygon,11.55,USDC,107207585,1.02,2.85
2024-09-18,Uniswap V3,Polygon,11.26,DAI,100636530,0.85,2.49
2024-09-18,Uniswap V3,Base,11.05,DAI,107136842,1.63,4.2
2024-09-18,Yearn,Ethereum,3.47,USDC,119453894,14.09,0
2024-09-18,Yearn,Ethereum,3.97,USDT,135904833,16.35,0
2024-09-18,Yearn,Ethereum,3.51,DAI,128576575,19.59,0
2024-09-18,Yearn,Arbitrum,4.05,USDC,122066125,2.16,6.11
2024-09-18,Yearn,Arbitrum,4.26,USDT,136957039,2.62,4.3
2024-09-18,Yearn,Arbitrum,4.39,DAI,128345115,2.34,4.26
2024-09-18,Yearn,Optimism,3.96,USDT,134441085,1.36,3.38
2024-09-18,Yearn,Optimism,4.06,DAI,129483124,1.98,4.23
2024-09-18,Yearn,Polygon,4.39,USDC,137856462,0.99,2.5
2024-09-18,Yearn,Polygon,4.05,USDT,114879613,0.81,3.25
2024-09-18,Yearn,Polygon,4.36,DAI,121532413,0.93,2.08
2024-09-18,Yearn,Base,4.05,USDC,128112541,1.54,3.82
2024-09-18,Yearn,Base,3.75,USDT,123725853,1.56,4.92
2024-09-18,Yearn,Base,3.81,DAI,134669574,1.44,3.14
2024-09-18,Pendle,Ethereum,9.88,USDC,79179684,15.82,0
2024-09-18,Pendle,Ethereum,11.53,USDT,86353564,14.29,0
2024-09-18,Pendle,Ethereum,11.42,DAI,78030541,17.62,0
2024-09-18,Pendle,Arbitrum,11.9,USDC,88519224,2.69,4.75
2024-09-18,Pendle,Arbitrum,17.13,DAI,77614646,2.55,4.53
2024-09-18,Pendle,Optimism,14.05,USDC,75246076,2.07,4.08
2024-09-18,Pendle,Optimism,11.37,USDT,76072090,1.74,3.81
2024-09-18,Pendle,Optimism,11.74,DAI,76617849,2.5,5.0
2024-09-18,Pendle,Base,16.99,USDT,80199082,1.47,4.86
2024-09-18,Convex,Ethereum,4.35,USDC,145419486,22.99,0
2024-09-18,Convex,Ethereum,4.21,USDT,150244381,17.74,0
2024-09-18,Convex,Ethereum,5.12,DAI,163144016,18.72,0
2024-09-18,Balancer,Ethereum,7.67,USDC,121794378,17.88,0
2024-09-18,Balancer,Ethereum,7.81,USDT,116339731,19.35,0
2024-09-18,Balancer,Ethereum,8.51,DAI,119642643,15.51,0
2024-09-18,Balancer,Arbitrum,8.98,USDC,124001905,2.7,6.1
2024-09-18,Balancer,Arbitrum,7.93,USDT,123381228,2.41,3.77
2024-09-18,Balancer,Arbitrum,9.68,DAI,107733157,2.33,5.5
2024-09-18,Balancer,Optimism,8.52,USDC,111081827,1.73,4.61
2024-09-18,Balancer,Optimism,8.18,USDT,110242514,1.85,4.23
2024-09-18,Balancer,Optimism,8.79,DAI,126129501,1.67,4.72
2024-09-18,Balancer,Polygon,9.2,USDC,120501424,0.77,3.65
2024-09-18,Balancer,Polygon,8.57,USDT,124470788,0.94,3.52
2024-09-18,Balancer,Polygon,8.43,DAI,124718151,1.06,2.98
2024-09-18,Balancer,Base,10.45,USDT,129029217,1.45,4.05
2024-09-18,Balancer,Base,8.6,DAI,112844879,2.0,4.29
2024-09-19,Aave,Ethereum,2.75,USDC,280235400,18.59,0
2024-09-19,Aave,Ethereum,2.91,USDT,266514156,17.51,0
2024-09-19,Aave,Ethereum,2.73,DAI,278708026,18.36,0
2024-09-19,Aave,Arbitrum,2.78,USDC,277783734,2.04,3.28
2024-09-19,Aave,Arbitrum,3.28,USDT,276010370,2.41,6.15
2024-09-19,Aave,Arbitrum,2.85,DAI,284718858,2.17,4.72
2024-09-19,Aave,Optimism,2.79,USDC,273235368,2.04,2.83
2024-09-19,Aave,Optimism,2.98,USDT,247018251,1.7,5.37
2024-09-19,Aave,Optimism,3.39,DAI,276959507,1.7,4.11
2024-09-19,Aave,Polygon,3.57,USDC,253160753,1.08,3.62
2024-09-19,Aave,Polygon,3.22,USDT,290686348,0.74,2.74
2024-09-19,Aave,Polygon,3.3,DAI,263712006,0.53,2.52
2024-09-19,Aave,Base,2.97,USDC,286200239,1.29,2.57
2024-09-19,Aave,Base,3.4,USDT,263678163,1.44,4.43
2024-09-19,Aave,Base,3.31,DAI,271888135,1.65,5.07
2024-09-19,Compound,Ethereum,2.68,USDC,200428303,17.1,0
2024-09-19,Compound,Ethereum,2.72,USDT,190764175,13.89,0
2024-09-19,Compound,Ethereum,2.78,DAI,197025024,15.6,0
2024-09-19,Compound,Arbitrum,2.87,USDC,185243581,1.91,6.87
2024-09-19,Compound,Arbitrum,3.32,DAI,187830453,2.33,3.36
2024-09-19,Compound,Optimism,2.85,USDC,197781182,1.67,5.19
2024-09-19,Compound,Optimism,2.42,USDT,202845084,2.16,2.34
2024-09-19,Compound,Optimism,2.87,DAI,184679447,2.04,4.65
2024-09-19,Compound,Polygon,3.07,USDT,200910354,1.02,3.57
2024-09-19,Compound,Polygon,2.99,DAI,181352638,0.94,3.96
2024-09-19,Compound,Base,3.14,USDC,190786659,1.73,3.48
2024-09-19,Compound,Base,2.77,USDT,196599716,1.42,5.02
2024-09-19,Compound,Base,3.16,DAI,191182912,1.55,3.33
2024-09-19,Curve,Ethereum,7.82,USDC,344112167,15.78,0
2024-09-19,Curve,Ethereum,7.09,USDT,347962766,16.9,0
2024-09-19,Curve,Ethereum,7.23,DAI,352407070,15.09,0
2024-09-19,Curve,Arbitrum,9.87,USDC,334968156,2.25,4.1
2024-09-19,Curve,Arbitrum,8.19,USDT,357382516,2.52,6.73
2024-09-19,Curve,Arbitrum,9.79,DAI,335882665,2.18,4.39
2024-09-19,Curve,Optimism,7.98,USDT,350085848,1.44,4.53
2024-09-19,Curve,Optimism,8.53,DAI,380438211,1.53,3.3
2024-09-19,Curve,Polygon,11.06,USDC,359686986,0.81,2.8
2024-09-19,Curve,Polygon,9.36,DAI,347213298,0.92,2.69
2024-09-19,Curve,Base,5.91,USDC,340837393,1.49,2.61
2024-09-19,Curve,Base,8.14,DAI,322888168,1.3,3.38
2024-09-19,Uniswap V3,Ethereum,7.2,USDC,99697638,23.04,0
2024-09-19,Uniswap V3,Ethereum,9.54,USDT,105639407,21.68,0
2024-09-19,Uniswap V3,Ethereum,6.0,DAI,98853244,16.85,0
2024-09-19,Uniswap V3,Arbitrum,10.62,USDC,101706532,2.12,6.98
2024-09-19,Uniswap V3,Arbitrum,9.59,USDT,101540976,2.18,5.95
2024-09-19,Uniswap V3,Arbitrum,8.88,DAI,103830539,2.75,5.46
2024-09-19,Uniswap V3,Optimism,11.33,USDC,100653250,2.64,5.07
2024-09-19,Uniswap V3,Optimism,12.97,USDT,107682532,1.97,3.04
2024-09-19,Uniswap V3,Optimism,11.28,DAI,93659880,2.22,4.43
2024-09-19,Uniswap V3,Polygon,12.56,USDC,100696575,1.03,2.14
2024-09-19,Uniswap V3,Polygon,10.05,USDT,101900434,1.1,2.97
2024-09-19,Uniswap V3,Polygon,13.17,DAI,104144912,0.88,2.3
2024-09-19,Uniswap V3,Base,8.12,USDC,100730265,1.63,2.78
2024-09-19,Uniswap V3,Base,6.53,USDT,97773324,1.88,4.39
2024-09-19,Uniswap V3,Base,10.26,DAI,107545383,1.65,4.56
2024-09-19,Yearn,Ethereum,2.98,USDC,129484265,15.41,0
2024-09-19,Yearn,Ethereum,3.39,USDT,124752912,18.3,0
2024-09-19,Yearn,Ethereum,3.27,DAI,132620324,20.0,0
2024-09-19,Yearn,Arbitrum,4.24,USDC,120455223,2.29,3.66
2024-09-19,Yearn,Arbitrum,4.25,USDT,124752217,2.69,4.39
2024-09-19,Yearn,Arbitrum,4.26,DAI,131079349,2.25,5.33
2024-09-19,Yearn,Optimism,3.66,USDC,127402086,1.58,3.33
2024-09-19,Yearn,Optimism,3.77,USDT,134095381,1.24,5.03
2024-09-19,Yearn,Optimism,3.96,DAI,119504045,1.55,5.27
2024-09-19,Yearn,Polygon,4.46,USDC,128482746,0.77,2.73
2024-09-19,Yearn,Polygon,4.41,USDT,129019037,1.16,2.99
2024-09-19,Yearn,Polygon,4.57,DAI,121711152,1.07,3.46
2024-09-19,Yearn,Base,4.52,USDC,129647798,1.09,4.34
2024-09-19,Yearn,Base,3.82,USDT,125477875,1.16,4.06
2024-09-19,Yearn,Base,3.49,DAI,129920762,2.04,4.85
2024-09-19,Pendle,Ethereum,9.74,USDC,79249861,21.95,0
2024-09-19,Pendle,Ethereum,10.11,USDT,81447578,15.41,0
2024-09-19,Pendle,Ethereum,11.5,DAI,79973987,19.42,0
2024-09-19,Pendle,Arbitrum,13.34,USDC,74737183,2.47,5.11
2024-09-19,Pendle,Arbitrum,16.89,USDT,84915780,2.63,3.38
2024-09-19,Pendle,Arbitrum,18.63,DAI,81250935,1.91,6.4
2024-09-19,Pendle,Optimism,12.58,USDC,76065030,1.5,3.52
2024-09-19,Pendle,Optimism,13.42,USDT,79947534,1.86,4.25
2024-09-19,Pendle,Base,15.43,USDC,78717193,1.23,4.62
2024-09-19,Pendle,Base,13.62,USDT,82847420,1.88,3.69
2024-09-19,Pendle,Base,13.56,DAI,76697922,1.59,4.16
2024-09-19,Convex,Ethereum,4.57,USDC,167897457,21.22,0
2024-09-19,Convex,Ethereum,4.7,USDT,153146208,17.71,0
2024-09-19,Balancer,Ethereum,7.55,USDC,114262994,15.62,0
2024-09-19,Balancer,Ethereum,10.52,DAI,113832875,13.3,0
2024-09-19,Balancer,Arbitrum,7.48,USDC,129647588,2.49,5.57
2024-09-19,Balancer,Arbitrum,10.36,USDT,112054510,2.47,5.62
2024-09-19,Balancer,Arbitrum,8.77,DAI,114488321,2.39,4.81
2024-09-19,Balancer,Optimism,7.8,USDC,127576295,2.04,3.72
2024-09-19,Balancer,Optimism,7.61,USDT,118842904,1.69,4.1
2024-09-19,Balancer,Optimism,9.36,DAI,114037830,2.21,5.18
2024-09-19,Balancer,Polygon,10.83,USDT,112966761,1.16,3.02
2024-09-19,Balancer,Polygon,9.03,DAI,118408160,1.03,3.31
2024-09-19,Balancer,Base,8.78,USDC,118549655,1.43,3.56
2024-09-19,Balancer,Base,9.17,USDT,113574788,1.46,3.83
2024-09-19,Balancer,Base,7.96,DAI,105008875,1.39,3.49
2024-09-20,Aave,Ethereum,2.48,USDT,288733357,17.46,0
2024-09-20,Aave,Ethereum,2.59,DAI,244149923,14.3,0
2024-09-20,Aave,Arbitrum,3.24,USDC,263190163,2.33,3.97
2024-09-20,Aave,Arbitrum,3.5,USDT,245927893,2.82,4.46
2024-09-20,Aave,Arbitrum,3.45,DAI,262793920,2.42,4.59
2024-09-20,Aave,Optimism,2.79,USDC,268752660,1.58,4.1
2024-09-20,Aave,Optimism,2.81,USDT,273691858,1.94,4.17
2024-09-20,Aave,Optimism,3.03,DAI,268310483,1.84,4.46
2024-09-20,Aave,Polygon,3.19,USDC,282559561,1.12,1.89
2024-09-20,Aave,Polygon,2.84,USDT,273131306,1.02,2.94
2024-09-20,Aave,Polygon,3.76,DAI,256789964,0.9,2.56
2024-09-20,Aave,Base,3.11,USDC,267193654,1.78,3.37
2024-09-20,Aave,Base,3.37,USDT,254454821,1.43,4.18
2024-09-20,Aave,Base,3.19,DAI,273331899,1.67,5.72
2024-09-20,Compound,Ethereum,2.52,USDC,185912422,20.09,0
2024-09-20,Compound,Ethereum,2.28,USDT,181020150,20.46,0
2024-09-20,Compound,Ethereum,2.21,DAI,169912047,17.49,0
2024-09-20,Compound,Arbitrum,2.99,USDC,207522733,1.97,6.82
2024-09-20,Compound,Arbitrum,3.17,USDT,191394342,2.74,4.75
2024-09-20,Compound,Arbitrum,2.63,DAI,166966609,2.53,5.43
2024-09-20,Compound,Optimism,2.84,USDC,192603778,1.66,4.84
2024-09-20,Compound,Optimism,3.02,USDT,198838874,1.45,3.35
2024-09-20,Compound,Optimism,2.95,DAI,201873176,1.5,4.54
2024-09-20,Compound,Polygon,3.35,USDC,187469407,1.3,3.85
2024-09-20,Compound,Polygon,2.75,USDT,193661996,1.08,2.17
2024-09-20,Compound,Polygon,2.97,DAI,188881199,0.77,2.7
2024-09-20,Compound,Base,2.94,USDC,188409726,1.43,3.52
2024-09-20,Compound,Base,3.02,USDT,198996427,1.34,4.18
2024-09-20,Compound,Base,2.81,DAI,185412793,1.48,2.58
2024-09-20,Curve,Ethereum,8.03,USDC,313734390,19.94,0
2024-09-20,Curve,Ethereum,7.01,USDT,315840912,16.96,0
2024-09-20,Curve,Ethereum,6.84,DAI,361250219,18.13,0
2024-09-20,Curve,Arbitrum,10.67,USDC,364959724,2.79,3.92
2024-09-20,Curve,Arbitrum,8.48,USDT,356803797,2.95,5.12
2024-09-20,Curve,Optimism,7.0,USDC,368771340,1.94,4.0
2024-09-20,Curve,Optimism,11.03,USDT,334661535,1.87,3.73
2024-09-20,Curve,Optimism,8.96,DAI,335921854,1.62,2.82
2024-09-20,Curve,Polygon,10.57,USDT,369937090,0.72,2.25
2024-09-20,Curve,Polygon,9.73,DAI,350754048,0.93,2.74
2024-09-20,Curve,Base,8.14,USDC,340130789,1.52,3.76
2024-09-20,Curve,Base,9.31,USDT,346579566,1.66,3.84
2024-09-20,Curve,Base,9.23,DAI,372948894,1.5,2.76
2024-09-20,Uniswap V3,Ethereum,6.81,USDC,100756986,18.31,0
2024-09-20,Uniswap V3,Ethereum,10.25,USDT,104499063,19.62,0
2024-09-20,Uniswap V3,Ethereum,7.16,DAI,110974188,14.51,0
2024-09-20,Uniswap V3,Arbitrum,10.38,USDC,101156464,2.8,6.3
2024-09-20,Uniswap V3,Arbitrum,9.97,USDT,94939258,2.47,4.43
2024-09-20,Uniswap V3,Arbitrum,10.07,DAI,92059779,2.84,4.19
2024-09-20,Uniswap V3,Optimism,8.0,USDC,100981923,1.86,3.3
2024-09-20,Uniswap V3,Optimism,9.66,USDT,105781718,1.64,3.16
2024-09-20,Uniswap V3,Optimism,11.39,DAI,101935400,1.97,4.37
2024-09-20,Uniswap V3,Polygon,9.89,USDC,99270993,0.8,2.56
2024-09-20,Uniswap V3,Polygon,9.49,USDT,99976017,0.88,3.3
2024-09-20,Uniswap V3,Polygon,9.88,DAI,96745910,1.06,3.19
2024-09-20,Uniswap V3,Base,9.19,USDC,108962603,1.2,4.61
2024-09-20,Uniswap V3,Base,10.26,USDT,104589335,1.5,4.23
2024-09-20,Yearn,Ethereum,3.51,USDC,129872326,23.12,0
2024-09-20,Yearn,Ethereum,3.22,USDT,127566462,17.45,0
2024-09-20,Yearn,Ethereum,3.49,DAI,129310943,21.23,0
2024-09-20,Yearn,Arbitrum,4.29,USDC,130962029,2.54,5.43
2024-09-20,Yearn,Arbitrum,4.2,USDT,134167347,2.06,6.49
2024-09-20,Yearn,Arbitrum,4.43,DAI,127092961,2.0,4.53
2024-09-20,Yearn,Optimism,4.3,USDC,129847010,1.53,3.56
2024-09-20,Yearn,Optimism,3.88,USDT,139015264,1.71,3.16
2024-09-20,Yearn,Optimism,3.66,DAI,130292232,2.09,3.44
2024-09-20,Yearn,Polygon,4.32,USDT,123635702,1.01,3.45
2024-09-20,Yearn,Polygon,4.23,DAI,126033106,1.2,3.57
2024-09-20,Yearn,Base,4.02,USDC,127981535,1.04,3.19
2024-09-20,Yearn,Base,3.44,USDT,122789861,1.22,5.1
2024-09-20,Yearn,Base,3.99,DAI,126531076,1.55,4.39
2024-09-20,Pendle,Ethereum,10.98,USDC,80949240,18.54,0
2024-09-20,Pendle,Ethereum,10.93,DAI,83059450,19.87,0
2024-09-20,Pendle,Arbitrum,12.5,USDC,81820936,2.73,4.76
2024-09-20,Pendle,Arbitrum,14.15,USDT,83163698,2.71,5.79
2024-09-20,Pendle,Arbitrum,12.24,DAI,91805673,2.64,4.64
2024-09-20,Pendle,Optimism,14.91,USDC,82093100,1.91,4.31
2024-09-20,Pendle,Optimism,11.86,USDT,82930680,1.79,4.76
2024-09-20,Pendle,Optimism,14.0,DAI,78199603,1.63,3.58
2024-09-20,Pendle,Base,15.84,USDC,73557899,1.61,3.55
2024-09-20,Pendle,Base,11.89,USDT,76321249,1.24,3.89
2024-09-20,Pendle,Base,12.48,DAI,75766406,1.44,2.54
2024-09-20,Convex,Ethereum,4.58,USDC,161071185,23.13,0
2024-09-20,Balancer,Ethereum,8.08,USDC,114392092,15.65,0
2024-09-20,Balancer,Ethereum,7.1,USDT,120608843,18.46,0
2024-09-20,Balancer,Ethereum,6.53,DAI,119195624,19.62,0
2024-09-20,Balancer,Arbitrum,6.75,USDC,111305626,2.75,5.21
2024-09-20,Balancer,Arbitrum,7.88,USDT,115687870,2.5,6.32
2024-09-20,Balancer,Optimism,8.69,USDC,117989589,1.76,3.14
2024-09-20,Balancer,Optimism,7.39,USDT,110434823,1.9,4.11
2024-09-20,Balancer,Optimism,10.32,DAI,115882353,2.04,1.91
2024-09-20,Balancer,Polygon,10.45,USDC,124207758,1.03,3.17
2024-09-20,Balancer,Polygon,8.38,USDT,113915646,0.88,3.18
2024-09-20,Balancer,Polygon,8.46,DAI,130106824,1.24,4.37
2024-09-20,Balancer,Base,10.61,USDC,111602106,1.3,4.25
2024-09-20,Balancer,Base,8.92,USDT,117742424,1.59,2.87
2024-09-20,Balancer,Base,8.55,DAI,120251369,1.34,4.36
2024-09-21,Aave,Ethereum,2.32,USDC,266293579,10.73,0
2024-09-21,Aave,Ethereum,2.68,USDT,259099847,14.59,0
2024-09-21,Aave,Arbitrum,2.9,USDC,261124616,1.55,5.27
2024-09-21,Aave,Arbitrum,2.9,USDT,246290198,1.7,5.95
2024-09-21,Aave,Arbitrum,2.92,DAI,259329165,1.72,5.83
2024-09-21,Aave,Optimism,3.32,USDC,269401753,1.24,3.29
2024-09-21,Aave,Optimism,3.32,USDT,254683578,1.77,3.76
2024-09-21,Aave,Optimism,2.89,DAI,271820360,0.96,4.78
2024-09-21,Aave,Polygon,3.0,USDC,280666527,0.74,2.37
2024-09-21,Aave,Polygon,3.34,USDT,277532970,0.43,2.96
2024-09-21,Aave,Polygon,3.48,DAI,274097907,0.65,2.76
2024-09-21,Aave,Base,3.12,USDC,251957256,1.17,2.56
2024-09-21,Aave,Base,2.96,USDT,239756839,0.99,4.93
2024-09-21,Aave,Base,3.26,DAI,257147331,1.16,3.94
2024-09-21,Compound,Ethereum,2.14,USDC,191156019,13.41,0
2024-09-21,Compound,Ethereum,2.46,USDT,188944432,10.42,0
2024-09-21,Compound,Ethereum,2.61,DAI,197087182,11.47,0
2024-09-21,Compound,Arbitrum,2.93,USDC,171703210,1.58,2.32
2024-09-21,Compound,Arbitrum,2.75,USDT,197293865,1.61,4.41
2024-09-21,Compound,Arbitrum,2.85,DAI,186828738,1.21,4.84
2024-09-21,Compound,Optimism,2.52,USDC,176311990,1.11,1.8
2024-09-21,Compound,Optimism,2.71,DAI,195706387,1.47,3.61
2024-09-21,Compound,Polygon,3.08,USDT,179671081,0.71,3.12
2024-09-21,Compound,Polygon,3.04,DAI,195067317,0.66,3.87
2024-09-21,Compound,Base,3.15,USDC,185114960,0.94,3.71
2024-09-21,Compound,Base,2.65,USDT,186990675,0.81,5.59
2024-09-21,Compound,Base,2.98,DAI,197634945,0.74,5.39
2024-09-21,Curve,Ethereum,6.69,USDC,333519180,11.88,0
2024-09-21,Curve,Ethereum,7.25,USDT,323133203,13.95,0
2024-09-21,Curve,Arbitrum,7.57,USDC,359457672,1.73,6.16
2024-09-21,Curve,Arbitrum,9.46,USDT,339632690,1.69,4.75
2024-09-21,Curve,Arbitrum,9.58,DAI,327917947,2.04,4.96
2024-09-21,Curve,Optimism,7.3,USDC,334453164,1.01,3.33
2024-09-21,Curve,Optimism,5.86,DAI,333814268,1.25,3.73
2024-09-21,Curve,Polygon,8.38,USDC,367279013,0.55,2.86
2024-09-21,Curve,Polygon,8.95,USDT,365439732,0.59,1.9
2024-09-21,Curve,Polygon,7.64,DAI,310123603,0.79,3.23
2024-09-21,Curve,Base,9.79,USDT,371807635,0.7,4.13
2024-09-21,Curve,Base,7.29,DAI,344296336,0.94,4.07
2024-09-21,Uniswap V3,Ethereum,8.41,USDC,108081790,13.79,0
2024-09-21,Uniswap V3,Ethereum,5.96,USDT,108373450,8.65,0
2024-09-21,Uniswap V3,Ethereum,8.61,DAI,99972909,14.56,0
2024-09-21,Uniswap V3,Arbitrum,11.64,USDC,107309717,1.53,3.97
2024-09-21,Uniswap V3,Arbitrum,9.74,USDT,98861864,1.54,5.15
2024-09-21,Uniswap V3,Arbitrum,9.24,DAI,102021041,1.63,4.1
2024-09-21,Uniswap V3,Optimism,14.1,USDC,96760016,1.17,3.22
2024-09-21,Uniswap V3,Optimism,10.59,USDT,101433731,1.31,5.07
2024-09-21,Uniswap V3,Optimism,10.98,DAI,103702318,1.09,4.57
2024-09-21,Uniswap V3,Polygon,10.79,USDC,102758931,0.54,2.75
2024-09-21,Uniswap V3,Polygon,12.0,USDT,100933402,0.7,3.28
2024-09-21,Uniswap V3,Polygon,10.34,DAI,100346707,0.74,3.03
2024-09-21,Uniswap V3,Base,7.91,USDC,95827738,0.94,3.34
2024-09-21,Uniswap V3,Base,9.24,USDT,98398231,0.67,3.99
2024-09-21,Uniswap V3,Base,8.73,DAI,106755086,0.8,2.93
2024-09-21,Yearn,Ethereum,3.71,USDC,132165478,9.28,0
2024-09-21,Yearn,Ethereum,2.96,USDT,123082122,12.27,0
2024-09-21,Yearn,Ethereum,3.56,DAI,128830414,8.8,0
2024-09-21,Yearn,Arbitrum,4.08,USDC,127143643,1.59,4.37
2024-09-21,Yearn,Arbitrum,4.78,USDT,122100361,1.41,5.32
2024-09-21,Yearn,Arbitrum,3.95,DAI,123984846,1.41,4.58
2024-09-21,Yearn,Optimism,4.07,USDC,131861383,1.09,4.26
2024-09-21,Yearn,Optimism,3.52,USDT,125802978,1.16,4.19
2024-09-21,Yearn,Optimism,3.86,DAI,123740416,1.04,5.59
2024-09-21,Yearn,Polygon,4.29,USDC,122857482,0.54,3.97
2024-09-21,Yearn,Polygon,4.57,USDT,128308914,0.77,2.51
2024-09-21,Yearn,Polygon,4.2,DAI,128187900,0.55,3.75
2024-09-21,Yearn,Base,3.62,USDC,131841240,1.01,4.01
2024-09-21,Yearn,Base,4.12,USDT,129567144,0.72,4.78
2024-09-21,Yearn,Base,4.37,DAI,133535636,1.12,3.71
2024-09-21,Pendle,Ethereum,10.23,USDC,79389825,13.43,0
2024-09-21,Pendle,Ethereum,12.28,DAI,74812990,13.76,0
2024-09-21,Pendle,Arbitrum,12.62,USDC,72534312,1.86,5.05
2024-09-21,Pendle,Arbitrum,12.49,USDT,82441923,1.99,4.56
2024-09-21,Pendle,Arbitrum,15.11,DAI,81457169,1.45,5.16
2024-09-21,Pendle,Optimism,14.58,USDC,77962968,1.51,3.51
2024-09-21,Pendle,Optimism,13.41,USDT,82658376,1.33,4.55
2024-09-21,Pendle,Optimism,8.73,DAI,80541607,1.14,3.77
2024-09-21,Pendle,Base,14.46,USDC,80782478,0.65,4.02
2024-09-21,Pendle,Base,15.69,USDT,77752996,0.75,4.77
2024-09-21,Pendle,Base,14.72,DAI,74741864,0.79,4.27
2024-09-21,Convex,Ethereum,4.08,USDC,171021092,17.33,0
2024-09-21,Convex,Ethereum,5.6,USDT,165922657,11.19,0
2024-09-21,Convex,Ethereum,4.67,DAI,164374965,14.6,0
2024-09-21,Balancer,Ethereum,7.07,USDT,118675407,10.86,0
2024-09-21,Balancer,Arbitrum,11.83,USDC,114665945,1.15,5.73
2024-09-21,Balancer,Arbitrum,9.31,USDT,125179551,2.14,3.99
2024-09-21,Balancer,Optimism,9.13,USDC,117030953,1.14,3.87
2024-09-21,Balancer,Optimism,8.23,USDT,120022667,1.0,3.84
2024-09-21,Balancer,Optimism,9.14,DAI,111638995,1.04,3.84
2024-09-21,Balancer,Polygon,10.61,USDC,106238030,0.79,3.3
2024-09-21,Balancer,Polygon,9.87,USDT,119175525,0.55,2.95
2024-09-21,Balancer,Polygon,9.84,DAI,114516315,0.77,2.71
2024-09-21,Balancer,Base,7.68,USDC,110021217,0.81,3.49
2024-09-21,Balancer,Base,8.14,USDT,114237190,0.69,4.62
2024-09-21,Balancer,Base,9.08,DAI,114742143,0.83,3.62
2024-09-22,Aave,Ethereum,2.58,USDC,251082480,13.61,0
2024-09-22,Aave,Arbitrum,3.06,USDC,261636553,1.69,4.43
2024-09-22,Aave,Arbitrum,3.02,USDT,261497773,1.65,6.41
2024-09-22,Aave,Arbitrum,2.81,DAI,289808520,1.41,3.06
2024-09-22,Aave,Optimism,3.14,USDC,287119586,1.18,3.28
2024-09-22,Aave,Optimism,3.11,USDT,261666492,1.01,2.26
2024-09-22,Aave,Optimism,3.18,DAI,287849652,1.22,5.25
2024-09-22,Aave,Polygon,3.15,USDT,269146818,0.51,1.93
2024-09-22,Aave,Polygon,3.18,DAI,275706526,0.62,3.47
2024-09-22,Aave,Base,2.83,USDC,254602779,1.05,4.26
2024-09-22,Aave,Base,3.7,USDT,269780594,1.02,2.59
2024-09-22,Aave,Base,3.24,DAI,274346007,0.92,4.84
2024-09-22,Compound,Ethereum,2.44,USDC,200044446,14.11,0
2024-09-22,Compound,Ethereum,2.39,USDT,188247974,13.22,0
2024-09-22,Compound,Ethereum,2.54,DAI,190422225,11.98,0
2024-09-22,Compound,Arbitrum,2.89,USDC,202818737,1.39,5.94
2024-09-22,Compound,Arbitrum,2.78,USDT,206321358,1.34,4.14
2024-09-22,Compound,Arbitrum,3.42,DAI,194195840,1.53,4.61
2024-09-22,Compound,Optimism,2.82,USDC,194215879,1.35,4.56
2024-09-22,Compound,Optimism,2.94,USDT,205295131,0.97,4.33
2024-09-22,Compound,Optimism,2.85,DAI,201905017,1.39,4.4
2024-09-22,Compound,Polygon,3.3,USDC,185318814,0.86,2.41
2024-09-22,Compound,Polygon,3.04,USDT,196178563,0.48,2.91
2024-09-22,Compound,Polygon,2.95,DAI,205967472,0.69,3.23
2024-09-22,Compound,Base,2.94,USDC,194659967,0.63,3.51
2024-09-22,Compound,Base,3.22,USDT,190821384,0.82,3.1
2024-09-22,Compound,Base,3.01,DAI,180424973,1.1,4.43
2024-09-22,Curve,Ethereum,6.56,USDC,320377933,12.87,0
2024-09-22,Curve,Ethereum,6.49,USDT,353230346,12.71,0
2024-09-22,Curve,Ethereum,6.1,DAI,369995079,10.76,0
2024-09-22,Curve,Arbitrum,10.93,USDC,317138043,1.55,3.33
2024-09-22,Curve,Arbitrum,7.97,USDT,339938464,1.54,5.11
2024-09-22,Curve,Arbitrum,8.91,DAI,314881220,1.83,5.5
2024-09-22,Curve,Optimism,7.88,USDC,353011344,1.26,4.25
2024-09-22,Curve,Optimism,11.39,USDT,336949779,1.35,3.7
2024-09-22,Curve,Optimism,9.34,DAI,348592979,1.04,3.65
2024-09-22,Curve,Polygon,9.47,USDT,322796222,0.56,3.11
2024-09-22,Curve,Polygon,8.97,DAI,344762751,0.68,3.51
2024-09-22,Curve,Base,7.38,USDC,340004475,1.22,2.96
2024-09-22,Curve,Base,6.35,DAI,350079388,1.03,5.46
2024-09-22,Uniswap V3,Ethereum,8.19,USDC,106970075,11.6,0
2024-09-22,Uniswap V3,Ethereum,7.63,USDT,104456712,12.03,0
2024-09-22,Uniswap V3,Ethereum,7.42,DAI,97276396,13.42,0
2024-09-22,Uniswap V3,Arbitrum,11.37,USDC,106662211,1.59,6.36
2024-09-22,Uniswap V3,Arbitrum,10.44,USDT,103954657,1.28,5.11
2024-09-22,Uniswap V3,Arbitrum,13.04,DAI,106110630,1.8,6.24
2024-09-22,Uniswap V3,Optimism,10.4,USDC,95484674,1.26,4.99
2024-09-22,Uniswap V3,Optimism,10.67,USDT,109088785,1.28,4.15
2024-09-22,Uniswap V3,Optimism,8.22,DAI,106114440,0.84,4.54
2024-09-22,Uniswap V3,Polygon,12.11,USDC,123050810,0.74,3.08
2024-09-22,Uniswap V3,Polygon,12.4,DAI,100894466,0.61,3.51
2024-09-22,Uniswap V3,Base,11.24,USDC,109897454,1.01,5.56
2024-09-22,Uniswap V3,Base,10.88,USDT,105568929,0.74,3.94
2024-09-22,Uniswap V3,Base,10.03,DAI,102581364,0.63,4.66
2024-09-22,Yearn,Ethereum,3.16,USDC,126139654,12.45,0
2024-09-22,Yearn,Ethereum,3.34,USDT,130559170,11.69,0
2024-09-22,Yearn,Ethereum,3.74,DAI,129822483,10.9,0
2024-09-22,Yearn,Arbitrum,4.28,USDC,127458455,1.44,6.01
2024-09-22,Yearn,Arbitrum,4.14,USDT,128820155,1.55,5.26
2024-09-22,Yearn,Arbitrum,4.07,DAI,126156220,1.44,6.45
2024-09-22,Yearn,Optimism,4.53,USDC,125469643,1.25,3.76
2024-09-22,Yearn,Optimism,3.93,USDT,136557912,1.26,3.78
2024-09-22,Yearn,Optimism,3.66,DAI,118401193,1.46,4.07
2024-09-22,Yearn,Polygon,4.85,USDC,136186497,0.48,2.89
2024-09-22,Yearn,Polygon,4.37,USDT,136500556,0.61,3.0
2024-09-22,Yearn,Polygon,4.42,DAI,135247000,0.62,2.17
2024-09-22,Yearn,Base,4.19,USDC,123176581,0.95,3.88
2024-09-22,Yearn,Base,4.28,USDT,141419353,1.01,4.11
2024-09-22,Yearn,Base,4.02,DAI,131234251,1.16,5.38
2024-09-22,Pendle,Ethereum,11.34,USDC,77712607,13.49,0
2024-09-22,Pendle,Ethereum,11.7,USDT,77482553,13.19,0
2024-09-22,Pendle,Ethereum,13.59,DAI,78715551,12.34,0
2024-09-22,Pendle,Arbitrum,12.38,USDC,80433761,1.44,4.83
2024-09-22,Pendle,Arbitrum,15.08,USDT,80536468,1.55,5.6
2024-09-22,Pendle,Arbitrum,12.71,DAI,76343564,1.68,4.82
2024-09-22,Pendle,Optimism,11.15,USDC,75344320,0.91,4.04
2024-09-22,Pendle,Optimism,15.25,DAI,76095919,1.38,4.35
2024-09-22,Pendle,Base,14.73,USDC,79432985,1.08,3.03
2024-09-22,Pendle,Base,12.41,USDT,85163337,0.97,5.02
2024-09-22,Convex,Ethereum,5.19,USDC,168955635,11.19,0
2024-09-22,Convex,Ethereum,5.09,USDT,159282383,12.98,0
2024-09-22,Convex,Ethereum,5.11,DAI,167381446,13.82,0
2024-09-22,Balancer,Ethereum,6.51,USDC,103698994,8.3,0
2024-09-22,Balancer,Ethereum,6.55,USDT,111408505,12.94,0
2024-09-22,Balancer,Ethereum,6.76,DAI,122483100,10.58,0
2024-09-22,Balancer,Arbitrum,8.66,USDT,123458832,1.44,5.62
2024-09-22,Balancer,Arbitrum,9.74,DAI,121909686,1.69,5.26
2024-09-22,Balancer,Optimism,7.39,USDC,113610782,1.13,4.49
2024-09-22,Balancer,Optimism,10.09,USDT,123707364,0.98,3.54
2024-09-22,Balancer,Optimism,7.2,DAI,115734366,1.41,1.33
2024-09-22,Balancer,Polygon,8.62,USDC,108260764,0.79,3.24
2024-09-22,Balancer,Polygon,10.64,USDT,116701222,0.61,2.5
2024-09-22,Balancer,Polygon,8.28,DAI,119348919,0.58,3.11
2024-09-22,Balancer,Base,8.79,USDC,118258059,1.05,4.15
2024-09-22,Balancer,Base,11.0,USDT,117924101,0.83,3.47
2024-09-22,Balancer,Base,9.52,DAI,112171575,1.11,4.18
2024-09-23,Aave,Ethereum,2.49,USDC,281605731,19.66,0
2024-09-23,Aave,Ethereum,2.57,USDT,254588094,22.19,0
2024-09-23,Aave,Ethereum,2.51,DAI,276802940,12.11,0
2024-09-23,Aave,Arbitrum,3.45,USDT,259250631,1.86,5.52
2024-09-23,Aave,Arbitrum,3.42,DAI,280454987,1.96,5.01
2024-09-23,Aave,Optimism,3.47,USDC,272674887,1.74,2.97
2024-09-23,Aave,Optimism,3.3,DAI,272287005,1.88,4.33
2024-09-23,Aave,Polygon,3.72,USDC,270829508,1.0,3.45
2024-09-23,Aave,Polygon,3.17,USDT,261119286,0.79,3.32
2024-09-23,Aave,Polygon,3.17,DAI,269717505,1.09,2.91
2024-09-23,Aave,Base,2.81,USDC,270669016,1.44,3.83
2024-09-23,Aave,Base,3.34,USDT,270528184,1.01,6.61
2024-09-23,Aave,Base,3.19,DAI,283000547,1.32,3.56
2024-09-23,Compound,Ethereum,2.52,USDC,200968972,20.72,0
2024-09-23,Compound,Ethereum,2.54,USDT,184962524,17.88,0
2024-09-23,Compound,Ethereum,2.74,DAI,181331600,17.48,0
2024-09-23,Compound,Arbitrum,2.79,USDT,197829302,2.15,5.16
2024-09-23,Compound,Arbitrum,3.18,DAI,195800290,2.53,5.25
2024-09-23,Compound,Optimism,3.05,USDC,193587281,2.37,4.9
2024-09-23,Compound,Optimism,2.87,USDT,180271466,1.94,3.64
2024-09-23,Compound,Optimism,2.99,DAI,186311886,2.03,3.15
2024-09-23,Compound,Polygon,3.3,USDC,191086933,0.7,4.07
2024-09-23,Compound,Polygon,3.72,USDT,177412676,0.88,3.2
2024-09-23,Compound,Polygon,3.09,DAI,203538777,0.86,2.24
2024-09-23,Compound,Base,3.17,USDC,197369621,1.35,3.93
2024-09-23,Compound,Base,3.24,DAI,175427388,1.52,3.65
2024-09-23,Curve,Ethereum,7.26,USDC,328563257,18.02,0
2024-09-23,Curve,Ethereum,7.78,USDT,345541051,19.78,0
2024-09-23,Curve,Ethereum,8.93,DAI,318758851,13.73,0
2024-09-23,Curve,Arbitrum,10.18,USDC,347475553,2.55,6.37
2024-09-23,Curve,Arbitrum,8.96,USDT,341804895,3.16,5.49
2024-09-23,Curve,Arbitrum,11.24,DAI,342245090,2.17,4.06
2024-09-23,Curve,Optimism,8.69,USDC,360617465,2.0,2.56
2024-09-23,Curve,Optimism,9.44,USDT,354696820,1.97,3.31
2024-09-23,Curve,Optimism,6.35,DAI,355928829,1.84,4.99
2024-09-23,Curve,Polygon,9.13,USDC,349660256,0.8,2.76
2024-09-23,Curve,Polygon,10.55,USDT,370538822,0.75,2.62
2024-09-23,Curve,Polygon,9.24,DAI,359371687,1.05,2.53
2024-09-23,Curve,Base,6.77,USDC,347149307,1.19,2.96
2024-09-23,Curve,Base,7.39,DAI,353021111,1.45,2.97
2024-09-23,Uniswap V3,Ethereum,7.27,USDC,88216738,17.37,0
2024-09-23,Uniswap V3,Arbitrum,11.29,USDC,97410735,2.59,4.46
2024-09-23,Uniswap V3,Arbitrum,11.37,USDT,102260972,2.65,3.37
2024-09-23,Uniswap V3,Arbitrum,11.15,DAI,103833354,2.55,4.73
2024-09-23,Uniswap V3,Optimism,10.88,USDC,101004770,1.4,3.37
2024-09-23,Uniswap V3,Optimism,10.36,USDT,100107071,1.77,4.09
2024-09-23,Uniswap V3,Optimism,8.81,DAI,105743776,1.97,3.1
2024-09-23,Uniswap V3,Polygon,9.53,USDC,102885496,0.92,2.7
2024-09-23,Uniswap V3,Polygon,11.45,DAI,102749605,0.99,2.53
2024-09-23,Uniswap V3,Base,9.55,USDC,93080706,1.32,4.77
2024-09-23,Uniswap V3,Base,11.1,USDT,104004716,1.73,2.92
2024-09-23,Uniswap V3,Base,12.05,DAI,105787312,1.17,3.03
2024-09-23,Yearn,Ethereum,3.34,USDC,133273048,20.48,0
2024-09-23,Yearn,Ethereum,3.01,USDT,128932890,20.41,0
2024-09-23,Yearn,Ethereum,3.55,DAI,131235886,21.54,0
2024-09-23,Yearn,Arbitrum,4.02,USDC,129142976,1.88,4.35
2024-09-23,Yearn,Arbitrum,4.13,USDT,130183194,2.05,5.39
2024-09-23,Yearn,Arbitrum,4.28,DAI,128266099,2.6,5.1
2024-09-23,Yearn,Optimism,4.15,USDC,122028640,1.99,4.27
2024-09-23,Yearn,Optimism,4.26,USDT,129567944,2.43,4.34
2024-09-23,Yearn,Optimism,4.48,DAI,126277624,2.17,2.32
2024-09-23,Yearn,Polygon,4.89,USDC,135895415,1.15,2.82
2024-09-23,Yearn,Polygon,4.71,DAI,131398883,0.86,3.0
2024-09-23,Yearn,Base,4.01,USDT,118867710,1.32,2.97
2024-09-23,Yearn,Base,3.87,DAI,132312605,1.48,4.09
2024-09-23,Pendle,Ethereum,12.93,USDC,74577778,18.2,0
2024-09-23,Pendle,Ethereum,10.65,DAI,84697335,18.28,0
2024-09-23,Pendle,Arbitrum,12.79,USDC,87028708,2.74,4.75
2024-09-23,Pendle,Arbitrum,9.2,USDT,79104500,2.14,4.91
2024-09-23,Pendle,Arbitrum,13.98,DAI,76012184,1.84,4.61
2024-09-23,Pendle,Optimism,15.13,USDC,77925142,1.82,4.27
2024-09-23,Pendle,Optimism,13.67,DAI,79060887,1.35,3.87
2024-09-23,Pendle,Base,14.8,USDC,85433038,1.41,3.4
2024-09-23,Pendle,Base,14.34,USDT,82320728,1.34,5.48
2024-09-23,Pendle,Base,9.8,DAI,77374664,1.37,2.93
2024-09-23,Convex,Ethereum,5.05,USDC,154654848,15.9,0
2024-09-23,Convex,Ethereum,5.17,USDT,156811545,17.03,0
2024-09-23,Convex,Ethereum,4.13,DAI,165049493,20.6,0
2024-09-23,Balancer,Ethereum,7.96,USDC,116419019,16.1,0
2024-09-23,Balancer,Ethereum,7.47,USDT,118829165,19.42,0
2024-09-23,Balancer,Ethereum,8.38,DAI,116923435,15.16,0
2024-09-23,Balancer,Arbitrum,8.73,USDC,114800561,2.63,4.48
2024-09-23,Balancer,Arbitrum,7.69,USDT,125128859,2.6,6.12
2024-09-23,Balancer,Arbitrum,9.86,DAI,117009680,1.9,5.44
2024-09-23,Balancer,Optimism,10.08,USDT,115357438,1.53,3.22
2024-09-23,Balancer,Optimism,7.28,DAI,112765596,2.18,5.72
2024-09-23,Balancer,Polygon,9.3,USDC,118530646,1.11,2.73
2024-09-23,Balancer,Polygon,11.27,USDT,108981305,0.89,2.58
2024-09-23,Balancer,Base,8.58,USDC,120601200,1.73,4.0
2024-09-23,Balancer,Base,11.43,USDT,109611804,1.29,2.8
2024-09-23,Balancer,Base,7.38,DAI,117293165,1.62,3.88
2024-09-24,Aave,Ethereum,2.76,USDC,281215966,13.02,0
2024-09-24,Aave,Ethereum,2.76,USDT,266097930,14.36,0
2024-09-24,Aave,Ethereum,2.83,DAI,265061862,17.95,0
2024-09-24,Aave,Arbitrum,3.54,USDC,266831992,1.86,4.99
2024-09-24,Aave,Arbitrum,3.42,USDT,253406234,2.28,7.07
2024-09-24,Aave,Arbitrum,3.07,DAI,262588507,3.28,6.07
2024-09-24,Aave,Optimism,3.81,DAI,281991122,1.87,4.41
2024-09-24,Aave,Polygon,3.59,USDC,294964822,0.75,4.17
2024-09-24,Aave,Polygon,3.84,USDT,275982559,0.99,3.22
2024-09-24,Aave,Polygon,3.19,DAI,266102784,0.72,2.83
2024-09-24,Aave,Base,2.87,USDC,287843302,1.17,3.14
2024-09-24,Aave,Base,2.94,USDT,275347500,1.41,3.66
2024-09-24,Aave,Base,3.45,DAI,265410435,1.42,3.63
2024-09-24,Compound,Ethereum,2.42,USDC,190490799,17.82,0
2024-09-24,Compound,Ethereum,2.49,DAI,212884649,17.06,0
2024-09-24,Compound,Arbitrum,3.02,USDC,198977498,1.97,5.81
2024-09-24,Compound,Arbitrum,3.32,USDT,206850525,3.16,6.25
2024-09-24,Compound,Arbitrum,3.37,DAI,206153284,2.12,5.11
2024-09-24,Compound,Optimism,2.99,USDC,180760970,1.77,4.32
2024-09-24,Compound,Optimism,3.09,USDT,202394414,2.09,4.97
2024-09-24,Compound,Polygon,3.52,USDC,206541447,1.23,3.15
2024-09-24,Compound,Base,2.93,USDC,206852276,1.7,3.08
2024-09-24,Compound,Base,2.93,USDT,194740997,1.25,3.16
2024-09-24,Compound,Base,3.2,DAI,186147189,1.73,4.94
2024-09-24,Curve,Ethereum,7.53,USDC,346454464,18.95,0
2024-09-24,Curve,Ethereum,5.48,USDT,351891462,19.07,0
2024-09-24,Curve,Ethereum,6.96,DAI,346334111,15.14,0
2024-09-24,Curve,Arbitrum,10.04,USDC,359642257,2.46,4.02
2024-09-24,Curve,Arbitrum,8.16,DAI,325930180,2.9,5.1
2024-09-24,Curve,Optimism,8.4,USDC,346965018,2.06,3.85
2024-09-24,Curve,Optimism,5.73,USDT,346379368,2.17,2.9
2024-09-24,Curve,Optimism,7.89,DAI,348353099,2.11,3.13
2024-09-24,Curve,Polygon,9.91,USDC,348903402,0.94,2.68
2024-09-24,Curve,Polygon,10.4,USDT,371428018,0.89,2.03
2024-09-24,Curve,Polygon,8.84,DAI,330204312,0.9,3.22
2024-09-24,Curve,Base,7.76,USDC,347809485,1.44,3.82
2024-09-24,Curve,Base,7.99,USDT,320348732,1.94,3.47
2024-09-24,Curve,Base,7.87,DAI,363398338,1.42,4.14
2024-09-24,Uniswap V3,Ethereum,8.62,USDC,101757030,16.28,0
2024-09-24,Uniswap V3,Ethereum,9.8,USDT,108717802,22.02,0
2024-09-24,Uniswap V3,Arbitrum,10.63,USDT,98864123,2.02,4.9
2024-09-24,Uniswap V3,Arbitrum,11.2,DAI,98526359,2.66,6.55
2024-09-24,Uniswap V3,Optimism,9.83,USDC,96151976,2.01,4.0
2024-09-24,Uniswap V3,Optimism,9.47,USDT,103213731,1.54,5.36
2024-09-24,Uniswap V3,Optimism,9.09,DAI,100714905,2.09,4.2
2024-09-24,Uniswap V3,Polygon,12.82,USDC,102123694,0.85,3.2
2024-09-24,Uniswap V3,Polygon,11.44,USDT,103663468,1.3,3.08
2024-09-24,Uniswap V3,Base,11.77,USDC,92574321,1.64,3.48
2024-09-24,Uniswap V3,Base,11.72,USDT,98323440,0.95,4.38
2024-09-24,Uniswap V3,Base,8.64,DAI,105738844,1.43,3.85
2024-09-24,Yearn,Ethereum,3.5,USDC,129751949,16.91,0
2024-09-24,Yearn,Ethereum,3.45,USDT,130358125,17.56,0
2024-09-24,Yearn,Ethereum,3.74,DAI,132196867,11.78,0
2024-09-24,Yearn,Arbitrum,4.14,USDC,124382581,2.22,6.54
2024-09-24,Yearn,Arbitrum,4.34,USDT,132052384,2.61,5.87
2024-09-24,Yearn,Arbitrum,4.24,DAI,137966002,2.7,4.96
2024-09-24,Yearn,Optimism,4.16,USDC,130232334,1.64,5.42
2024-09-24,Yearn,Optimism,4.45,USDT,121810355,1.95,4.09
2024-09-24,Yearn,Optimism,3.74,DAI,130699584,1.93,3.84
2024-09-24,Yearn,Polygon,4.6,USDC,123124996,1.28,3.16
2024-09-24,Yearn,Polygon,4.68,USDT,135133881,0.94,2.87
2024-09-24,Yearn,Polygon,4.73,DAI,123600299,1.02,2.61
2024-09-24,Yearn,Base,4.32,USDC,139496290,1.02,3.64
2024-09-24,Yearn,Base,4.26,USDT,125901841,1.25,3.65
2024-09-24,Yearn,Base,3.75,DAI,126490324,0.86,4.46
2024-09-24,Pendle,Ethereum,12.21,USDC,76788628,22.14,0
2024-09-24,Pendle,Ethereum,13.33,USDT,86578967,17.13,0
2024-09-24,Pendle,Ethereum,11.78,DAI,83949445,11.2,0
2024-09-24,Pendle,Arbitrum,16.7,USDC,81020917,2.53,4.32
2024-09-24,Pendle,Arbitrum,14.61,USDT,87363963,3.25,3.99
2024-09-24,Pendle,Optimism,9.23,USDC,85008637,1.8,4.68
2024-09-24,Pendle,Optimism,10.41,USDT,77777514,1.9,4.98
2024-09-24,Pendle,Optimism,12.19,DAI,83893470,1.39,2.02
2024-09-24,Pendle,Base,14.51,USDC,77401985,1.3,4.16
2024-09-24,Pendle,Base,14.09,USDT,75832134,1.5,2.72
2024-09-24,Pendle,Base,13.15,DAI,75337517,1.63,2.2
2024-09-24,Convex,Ethereum,4.39,USDC,171613325,20.5,0
2024-09-24,Convex,Ethereum,5.32,DAI,157871464,16.4,0
2024-09-24,Balancer,Ethereum,7.78,USDC,119376341,21.52,0
2024-09-24,Balancer,Ethereum,7.88,USDT,119948688,20.55,0
2024-09-24,Balancer,Ethereum,7.8,DAI,123075436,22.11,0
2024-09-24,Balancer,Arbitrum,10.33,USDC,115226843,2.68,4.04
2024-09-24,Balancer,Arbitrum,8.65,USDT,125408421,2.05,6.8
2024-09-24,Balancer,Arbitrum,9.24,DAI,115410349,2.31,4.93
2024-09-24,Balancer,Optimism,9.58,USDC,113359717,1.54,4.74
2024-09-24,Balancer,Optimism,8.97,USDT,126029998,1.62,5.41
2024-09-24,Balancer,Polygon,10.98,USDC,123219159,0.78,3.45
2024-09-24,Balancer,Polygon,8.48,USDT,117717792,1.09,1.92
2024-09-24,Balancer,Polygon,11.52,DAI,116063822,0.88,3.28
2024-09-24,Balancer,Base,8.69,USDC,121825634,1.85,3.01
2024-09-24,Balancer,Base,11.4,USDT,125810898,1.26,3.0
2024-09-24,Balancer,Base,10.23,DAI,126546643,1.49,4.29
2024-09-25,Aave,Ethereum,2.62,USDC,271982980,20.81,0
2024-09-25,Aave,Ethereum,2.88,USDT,275955342,23.94,0
2024-09-25,Aave,Ethereum,2.72,DAI,271229746,17.59,0
2024-09-25,Aave,Arbitrum,3.22,USDC,295571023,2.38,5.03
2024-09-25,Aave,Arbitrum,3.55,USDT,267702570,2.42,4.94
2024-09-25,Aave,Arbitrum,3.73,DAI,278359714,2.49,6.04
2024-09-25,Aave,Optimism,3.8,USDC,284758216,1.36,3.69
2024-09-25,Aave,Optimism,3.37,USDT,277067200,1.49,4.43
2024-09-25,Aave,Optimism,3.31,DAI,281898851,1.83,3.32
2024-09-25,Aave,Polygon,3.43,USDC,282543003,0.96,3.78
2024-09-25,Aave,Polygon,3.42,USDT,283724816,0.98,2.85
2024-09-25,Aave,Polygon,3.64,DAI,277834833,0.95,2.51
2024-09-25,Aave,Base,3.07,USDC,242525566,1.53,4.6
2024-09-25,Aave,Base,3.59,USDT,267175031,1.27,3.43
2024-09-25,Aave,Base,3.64,DAI,268503893,1.83,1.86
2024-09-25,Compound,Ethereum,2.81,USDC,198194931,18.84,0
2024-09-25,Compound,Ethereum,2.87,DAI,203419935,18.83,0
2024-09-25,Compound,Arbitrum,3.44,USDC,208915623,3.12,5.73
2024-09-25,Compound,Arbitrum,3.33,USDT,218640207,1.99,5.28
2024-09-25,Compound,Arbitrum,3.49,DAI,208383620,2.08,5.44
2024-09-25,Compound,Optimism,3.09,USDC,183548382,1.67,4.37
2024-09-25,Compound,Optimism,2.93,USDT,194553318,1.29,3.78
2024-09-25,Compound,Optimism,2.78,DAI,198215596,2.14,4.11
2024-09-25,Compound,Polygon,3.65,USDC,183793055,0.99,3.31
2024-09-25,Compound,Polygon,3.54,USDT,203662977,0.77,2.92
2024-09-25,Compound,Polygon,3.49,DAI,204832430,0.93,2.44
2024-09-25,Compound,Base,3.23,USDC,209317069,1.66,1.87
2024-09-25,Compound,Base,3.21,DAI,204309431,1.35,4.31
2024-09-25,Curve,Ethereum,8.52,USDC,356364385,16.55,0
2024-09-25,Curve,Ethereum,6.38,USDT,341048283,17.61,0
2024-09-25,Curve,Ethereum,8.09,DAI,370844255,23.65,0
2024-09-25,Curve,Arbitrum,8.93,USDT,359658820,2.97,7.61
2024-09-25,Curve,Arbitrum,9.21,DAI,323376637,2.43,6.65
2024-09-25,Curve,Optimism,9.71,DAI,350086795,1.48,4.35
2024-09-25,Curve,Polygon,10.51,USDC,365193517,0.94,2.78
2024-09-25,Curve,Polygon,12.08,USDT,365719178,0.99,2.85
2024-09-25,Curve,Polygon,10.2,DAI,344185057,0.71,3.75
2024-09-25,Curve,Base,8.46,USDC,374667993,1.35,4.72
2024-09-25,Curve,Base,8.47,USDT,347303236,1.48,4.67
2024-09-25,Curve,Base,9.07,DAI,340308010,1.59,3.35
2024-09-25,Uniswap V3,Ethereum,7.67,USDC,99459246,16.56,0
2024-09-25,Uniswap V3,Ethereum,8.28,USDT,100255654,16.03,0
2024-09-25,Uniswap V3,Ethereum,8.96,DAI,104878522,14.72,0
2024-09-25,Uniswap V3,Arbitrum,12.19,USDC,102949567,2.71,5.94
2024-09-25,Uniswap V3,Arbitrum,13.4,USDT,98159026,2.33,4.73
2024-09-25,Uniswap V3,Optimism,8.38,USDC,108559692,2.34,2.2
2024-09-25,Uniswap V3,Optimism,11.18,USDT,104354147,1.37,3.86
2024-09-25,Uniswap V3,Optimism,8.65,DAI,104957278,1.7,4.76
2024-09-25,Uniswap V3,Polygon,10.26,USDC,109309496,0.92,3.12
2024-09-25,Uniswap V3,Polygon,9.31,USDT,107078481,0.94,3.57
2024-09-25,Uniswap V3,Polygon,10.44,DAI,108673767,0.8,2.56
2024-09-25,Uniswap V3,Base,9.43,USDC,100272395,1.37,4.69
2024-09-25,Uniswap V3,Base,9.55,USDT,97961952,1.31,4.94
2024-09-25,Uniswap V3,Base,6.52,DAI,102252025,1.48,4.58
2024-09-25,Yearn,Ethereum,3.17,USDC,133314497,19.38,0
2024-09-25,Yearn,Ethereum,3.43,USDT,133984133,20.18,0
2024-09-25,Yearn,Ethereum,3.48,DAI,131739048,19.51,0
2024-09-25,Yearn,Arbitrum,4.96,USDC,142797749,2.85,5.88
2024-09-25,Yearn,Arbitrum,4.97,USDT,126035989,2.51,5.62
2024-09-25,Yearn,Arbitrum,4.44,DAI,139445459,2.74,3.67
2024-09-25,Yearn,Optimism,4.14,USDC,141043124,1.74,3.02
2024-09-25,Yearn,Optimism,3.84,USDT,135456441,1.41,5.15
2024-09-25,Yearn,Optimism,4.86,DAI,120130857,2.04,4.2
2024-09-25,Yearn,Polygon,4.78,USDC,132407364,0.87,3.42
2024-09-25,Yearn,Polygon,4.43,USDT,133530197,1.05,1.93
2024-09-25,Yearn,Polygon,5.0,DAI,136712944,0.68,2.62
2024-09-25,Yearn,Base,4.5,USDC,128542183,1.27,4.03
2024-09-25,Yearn,Base,5.12,USDT,131428998,1.25,2.73
2024-09-25,Yearn,Base,4.06,DAI,134380597,1.39,4.81
2024-09-25,Pendle,Ethereum,11.36,USDC,82611683,19.89,0
2024-09-25,Pendle,Ethereum,13.79,USDT,85802817,18.91,0
2024-09-25,Pendle,Ethereum,13.3,DAI,89139771,16.39,0
2024-09-25,Pendle,Arbitrum,16.27,USDC,82525708,2.66,5.43
2024-09-25,Pendle,Arbitrum,11.12,USDT,79073902,2.6,5.2
2024-09-25,Pendle,Arbitrum,14.48,DAI,83771153,2.44,4.62
2024-09-25,Pendle,Optimism,14.78,USDC,78706545,1.5,3.5
2024-09-25,Pendle,Optimism,15.5,USDT,86624557,2.26,4.87
2024-09-25,Pendle,Base,13.05,USDC,78149653,1.23,3.89
2024-09-25,Pendle,Base,14.6,USDT,87798944,1.16,3.97
2024-09-25,Convex,Ethereum,5.17,USDC,166096471,16.5,0
2024-09-25,Convex,Ethereum,5.25,USDT,153536801,22.9,0
2024-09-25,Convex,Ethereum,5.27,DAI,159365397,21.15,0
2024-09-25,Balancer,Ethereum,7.38,USDT,116347342,23.41,0
2024-09-25,Balancer,Ethereum,8.03,DAI,120242089,18.55,0
2024-09-25,Balancer,Arbitrum,8.69,USDC,112808168,2.32,5.1
2024-09-25,Balancer,Arbitrum,11.15,USDT,119924299,2.85,3.81
2024-09-25,Balancer,Arbitrum,10.31,DAI,116101438,2.44,3.77
2024-09-25,Balancer,Optimism,9.74,USDC,114172811,2.19,4.48
2024-09-25,Balancer,Optimism,9.3,USDT,129744893,1.64,5.02
2024-09-25,Balancer,Optimism,8.01,DAI,120879829,1.23,3.69
2024-09-25,Balancer,Polygon,12.35,USDC,115991441,0.94,3.49
2024-09-25,Balancer,Polygon,9.37,USDT,121271128,1.0,3.25
2024-09-25,Balancer,Polygon,11.66,DAI,123783597,1.01,3.2
2024-09-25,Balancer,Base,8.7,USDT,116261699,1.18,3.35
2024-09-25,Balancer,Base,9.44,DAI,124627289,1.34,4.29
2024-09-26,Aave,Ethereum,2.79,USDC,273306407,16.43,0
2024-09-26,Aave,Ethereum,2.84,DAI,294496119,22.39,0
2024-09-26,Aave,Arbitrum,3.16,USDC,271660564,2.11,4.76
2024-09-26,Aave,Arbitrum,2.98,DAI,293605571,1.86,6.9
2024-09-26,Aave,Optimism,3.0,USDC,244822743,2.04,5.47
2024-09-26,Aave,Optimism,3.42,USDT,272296255,1.96,3.06
2024-09-26,Aave,Optimism,3.35,DAI,271708985,2.24,4.68
2024-09-26,Aave,Polygon,3.64,USDC,283438014,0.9,2.77
2024-09-26,Aave,Polygon,3.49,USDT,286277117,0.76,3.37
2024-09-26,Aave,Polygon,3.52,DAI,297105330,0.82,2.83
2024-09-26,Aave,Base,3.33,USDC,253359639,1.64,2.49
2024-09-26,Aave,Base,3.02,USDT,279387161,1.5,4.08
2024-09-26,Aave,Base,3.22,DAI,268140640,1.18,5.09
2024-09-26,Compound,Ethereum,2.47,USDT,207500588,17.58,0
2024-09-26,Compound,Ethereum,2.53,DAI,195879213,17.94,0
2024-09-26,Compound,Arbitrum,3.06,USDC,202080470,2.31,5.98
2024-09-26,Compound,Arbitrum,3.59,USDT,200788696,2.03,6.54
2024-09-26,Compound,Arbitrum,3.63,DAI,199077283,3.21,4.94
2024-09-26,Compound,Optimism,3.23,USDC,192957687,1.77,3.76
2024-09-26,Compound,Optimism,3.15,USDT,212039233,2.25,3.9
2024-09-26,Compound,Optimism,2.73,DAI,187145827,2.28,3.2
2024-09-26,Compound,Polygon,3.25,USDC,188426809,1.08,2.38
2024-09-26,Compound,Polygon,2.98,USDT,208524139,0.76,3.77
2024-09-26,Compound,Polygon,3.72,DAI,181938845,1.11,1.94
2024-09-26,Compound,Base,3.6,USDC,191429694,1.38,3.65
2024-09-26,Compound,Base,3.57,USDT,207704716,2.01,5.38
2024-09-26,Compound,Base,3.1,DAI,188403717,1.27,4.22
2024-09-26,Curve,Ethereum,7.33,USDT,367225509,21.45,0
2024-09-26,Curve,Ethereum,5.2,DAI,375155408,15.36,0
2024-09-26,Curve,Arbitrum,8.93,USDC,358867968,2.74,4.14
2024-09-26,Curve,Arbitrum,8.11,DAI,358709418,2.41,5.17
2024-09-26,Curve,Optimism,8.43,USDC,356994960,1.78,4.87
2024-09-26,Curve,Optimism,9.29,USDT,362757608,1.36,3.59
2024-09-26,Curve,Optimism,8.16,DAI,360004373,1.69,4.61
2024-09-26,Curve,Polygon,9.28,USDC,359057582,0.92,2.18
2024-09-26,Curve,Polygon,10.76,USDT,343716554,0.81,1.51
2024-09-26,Curve,Polygon,9.91,DAI,364759568,0.89,2.17
2024-09-26,Curve,Base,7.92,USDC,335991825,1.68,3.69
2024-09-26,Curve,Base,9.3,USDT,355800278,1.24,2.96
2024-09-26,Curve,Base,10.16,DAI,345274225,1.32,3.09
2024-09-26,Uniswap V3,Ethereum,6.8,USDC,105526055,14.95,0
2024-09-26,Uniswap V3,Ethereum,8.42,USDT,107317196,19.14,0
2024-09-26,Uniswap V3,Ethereum,7.52,DAI,109968963,17.17,0
2024-09-26,Uniswap V3,Arbitrum,9.16,USDC,99986825,2.24,4.04
2024-09-26,Uniswap V3,Arbitrum,10.5,USDT,109824279,2.95,4.72
2024-09-26,Uniswap V3,Arbitrum,10.39,DAI,111505861,2.47,3.47
2024-09-26,Uniswap V3,Optimism,9.08,USDC,106235701,1.63,5.03
2024-09-26,Uniswap V3,Optimism,6.28,USDT,108508422,2.24,4.75
2024-09-26,Uniswap V3,Optimism,9.11,DAI,100243049,1.83,3.44
2024-09-26,Uniswap V3,Polygon,10.93,USDC,105660746,0.95,2.59
2024-09-26,Uniswap V3,Polygon,12.64,USDT,112074616,0.82,2.77
2024-09-26,Uniswap V3,Polygon,11.09,DAI,95305523,0.85,2.86
2024-09-26,Uniswap V3,Base,13.29,USDC,110706862,1.41,3.55
2024-09-26,Uniswap V3,Base,10.48,USDT,106579395,1.37,3.46
2024-09-26,Uniswap V3,Base,9.18,DAI,104501715,1.37,4.29
2024-09-26,Yearn,Ethereum,3.54,USDC,122038932,25.2,0
2024-09-26,Yearn,Ethereum,3.76,DAI,125833912,16.67,0
2024-09-26,Yearn,Arbitrum,4.35,USDC,141570971,2.07,5.17
2024-09-26,Yearn,Arbitrum,4.48,USDT,118077072,1.92,4.25
2024-09-26,Yearn,Arbitrum,4.78,DAI,125476607,2.38,3.2
2024-09-26,Yearn,Optimism,4.06,USDT,135124803,1.92,3.99
2024-09-26,Yearn,Optimism,4.26,DAI,124362183,1.43,3.72
2024-09-26,Yearn,Polygon,5.1,USDC,125667256,0.95,2.1
2024-09-26,Yearn,Polygon,4.63,USDT,139741045,0.79,2.56
2024-09-26,Yearn,Polygon,4.16,DAI,138706449,0.99,2.85
2024-09-26,Yearn,Base,4.43,USDC,122552159,1.47,4.36
2024-09-26,Yearn,Base,4.48,USDT,131833357,1.74,4.58
2024-09-26,Yearn,Base,4.65,DAI,125226581,1.1,3.99
2024-09-26,Pendle,Ethereum,9.58,USDC,83778916,15.34,0
2024-09-26,Pendle,Ethereum,10.96,USDT,81512366,17.67,0
2024-09-26,Pendle,Ethereum,10.01,DAI,79899374,18.54,0
2024-09-26,Pendle,Arbitrum,12.91,USDC,84597526,2.3,3.71
2024-09-26,Pendle,Arbitrum,10.09,DAI,83876701,2.34,4.81
2024-09-26,Pendle,Optimism,12.58,USDC,86176767,1.9,5.77
2024-09-26,Pendle,Optimism,15.65,USDT,82485491,1.58,3.49
2024-09-26,Pendle,Base,19.71,USDC,82612900,1.35,4.72
2024-09-26,Pendle,Base,10.94,USDT,81393137,1.98,5.01
2024-09-26,Pendle,Base,16.47,DAI,79482022,1.24,3.41
2024-09-26,Convex,Ethereum,5.24,USDC,166541600,16.61,0
2024-09-26,Convex,Ethereum,4.85,USDT,166480002,17.15,0
2024-09-26,Convex,Ethereum,5.02,DAI,169299798,15.57,0
2024-09-26,Balancer,Ethereum,8.89,USDC,122987627,18.74,0
2024-09-26,Balancer,Ethereum,8.66,USDT,120728307,19.31,0
2024-09-26,Balancer,Ethereum,7.27,DAI,121847816,15.8,0
2024-09-26,Balancer,Arbitrum,11.67,USDC,124701849,2.41,5.69
2024-09-26,Balancer,Arbitrum,12.64,USDT,128685305,2.38,4.35
2024-09-26,Balancer,Arbitrum,8.76,DAI,128329557,1.9,5.78
2024-09-26,Balancer,Optimism,8.74,USDC,122142866,1.53,3.98
2024-09-26,Balancer,Optimism,8.06,USDT,124093143,2.18,3.79
2024-09-26,Balancer,Optimism,9.04,DAI,105272933,1.4,3.2
2024-09-26,Balancer,Polygon,9.9,USDT,120660937,1.0,2.82
2024-09-26,Balancer,Polygon,9.95,DAI,122458658,0.77,2.82
2024-09-26,Balancer,Base,8.84,USDC,115624839,1.66,3.94
2024-09-26,Balancer,Base,9.21,USDT,124247060,1.55,3.6
2024-09-26,Balancer,Base,9.46,DAI,127653459,1.52,3.99
2024-09-27,Aave,Ethereum,2.87,USDC,269023906,12.69,0
2024-09-27,Aave,Ethereum,2.75,USDT,298503006,20.3,0
2024-09-27,Aave,Ethereum,2.92,DAI,282345642,16.75,0
2024-09-27,Aave,Arbitrum,2.91,USDC,324952035,1.89,6.54
2024-09-27,Aave,Arbitrum,3.31,USDT,287946343,2.26,4.63
2024-09-27,Aave,Arbitrum,3.08,DAI,269643831,2.65,7.39
2024-09-27,Aave,Optimism,3.2,USDC,278412423,2.51,4.46
2024-09-27,Aave,Optimism,3.22,DAI,279164396,2.06,3.81
2024-09-27,Aave,Polygon,3.84,USDT,279562535,1.03,2.66
2024-09-27,Aave,Polygon,3.77,DAI,290691911,0.89,3.33
2024-09-27,Aave,Base,3.47,USDC,300136982,1.18,4.52
2024-09-27,Aave,Base,3.36,USDT,290609361,1.73,4.07
2024-09-27,Aave,Base,3.48,DAI,253419858,1.88,3.1
2024-09-27,Compound,Ethereum,2.66,USDC,216618455,25.77,0
2024-09-27,Compound,Ethereum,2.48,USDT,206270539,12.47,0
2024-09-27,Compound,Ethereum,2.66,DAI,211340965,17.6,0
2024-09-27,Compound,Arbitrum,3.32,USDT,196971825,1.92,5.2
2024-09-27,Compound,Optimism,2.94,USDC,196563609,1.87,3.7
2024-09-27,Compound,Optimism,2.99,USDT,199818300,1.83,4.4
2024-09-27,Compound,Optimism,3.2,DAI,205810052,1.67,3.66
2024-09-27,Compound,Polygon,3.14,USDC,207381104,1.27,2.93
2024-09-27,Compound,Polygon,3.23,USDT,217280619,1.09,3.61
2024-09-27,Compound,Polygon,3.17,DAI,222496655,0.79,3.4
2024-09-27,Compound,Base,3.24,USDC,200597240,1.68,4.03
2024-09-27,Compound,Base,3.11,USDT,207462545,1.51,3.71
2024-09-27,Compound,Base,2.93,DAI,191089035,1.61,4.58
2024-09-27,Curve,Ethereum,6.42,USDC,386783308,15.67,0
2024-09-27,Curve,Ethereum,8.09,USDT,387057228,14.55,0
2024-09-27,Curve,Ethereum,6.43,DAI,363138720,20.83,0
2024-09-27,Curve,Arbitrum,7.64,USDC,345015501,3.09,4.69
2024-09-27,Curve,Arbitrum,9.86,USDT,354770969,2.07,5.62
2024-09-27,Curve,Arbitrum,10.14,DAI,345460395,2.65,4.82
2024-09-27,Curve,Optimism,8.66,USDC,347739326,1.76,3.07
2024-09-27,Curve,Optimism,8.33,USDT,350974788,2.28,5.39
2024-09-27,Curve,Optimism,9.57,DAI,374800354,1.75,4.1
2024-09-27,Curve,Polygon,9.15,USDC,345998631,0.74,2.91
2024-09-27,Curve,Polygon,9.25,USDT,342813375,1.04,3.32
2024-09-27,Curve,Polygon,8.51,DAI,348961461,0.84,4.19
2024-09-27,Curve,Base,8.81,USDC,342386210,1.6,6.15
2024-09-27,Curve,Base,9.78,USDT,358565739,1.8,3.9
2024-09-27,Curve,Base,10.27,DAI,356271335,1.25,3.28
2024-09-27,Uniswap V3,Ethereum,10.71,USDC,109540070,18.08,0
2024-09-27,Uniswap V3,Ethereum,9.75,USDT,106671266,19.63,0
2024-09-27,Uniswap V3,Ethereum,6.41,DAI,103956976,17.39,0
2024-09-27,Uniswap V3,Arbitrum,10.36,USDC,96260217,1.88,3.34
2024-09-27,Uniswap V3,Arbitrum,9.89,USDT,115168291,2.04,5.98
2024-09-27,Uniswap V3,Arbitrum,10.42,DAI,114528488,2.12,5.57
2024-09-27,Uniswap V3,Optimism,12.02,USDC,108115578,2.1,3.87
2024-09-27,Uniswap V3,Optimism,9.92,USDT,104972161,1.87,2.98
2024-09-27,Uniswap V3,Optimism,8.46,DAI,117418155,2.12,4.07
2024-09-27,Uniswap V3,Polygon,11.68,USDC,103275159,1.03,3.63
2024-09-27,Uniswap V3,Polygon,14.39,USDT,105432960,0.95,3.57
2024-09-27,Uniswap V3,Polygon,14.43,DAI,105677028,0.71,2.35
2024-09-27,Uniswap V3,Base,10.42,USDC,95915284,1.71,4.05
2024-09-27,Uniswap V3,Base,10.67,USDT,114937292,1.53,3.12
2024-09-27,Uniswap V3,Base,10.39,DAI,107530824,1.33,4.35
2024-09-27,Yearn,Ethereum,3.53,USDC,137026383,19.56,0
2024-09-27,Yearn,Ethereum,3.54,USDT,140677677,19.85,0
2024-09-27,Yearn,Ethereum,3.6,DAI,135785516,17.55,0
2024-09-27,Yearn,Arbitrum,4.89,USDC,132602799,1.65,6.82
2024-09-27,Yearn,Arbitrum,4.44,USDT,136015662,2.09,4.59
2024-09-27,Yearn,Arbitrum,4.87,DAI,133637324,2.34,5.7
2024-09-27,Yearn,Optimism,4.13,USDC,140139372,1.58,4.43
2024-09-27,Yearn,Optimism,4.52,USDT,126908565,1.19,3.1
2024-09-27,Yearn,Polygon,4.67,USDC,133643027,0.89,2.36
2024-09-27,Yearn,Polygon,5.0,USDT,141675668,0.88,2.96
2024-09-27,Yearn,Polygon,4.9,DAI,125856930,1.22,3.61
2024-09-27,Yearn,Base,4.28,USDC,135362713,1.61,3.85
2024-09-27,Yearn,Base,4.8,USDT,142683415,1.59,3.7
2024-09-27,Yearn,Base,4.44,DAI,136797825,1.51,5.35
2024-09-27,Pendle,Ethereum,9.31,USDC,85167598,12.91,0
2024-09-27,Pendle,Ethereum,8.56,USDT,76439267,17.94,0
2024-09-27,Pendle,Ethereum,13.52,DAI,93118985,11.62,0
2024-09-27,Pendle,Arbitrum,18.82,USDC,79654269,2.67,4.3
2024-09-27,Pendle,Arbitrum,10.79,DAI,81596198,3.1,4.38
2024-09-27,Pendle,Optimism,13.59,USDC,86378382,2.1,4.04
2024-09-27,Pendle,Optimism,10.93,DAI,86684285,1.43,3.28
2024-09-27,Pendle,Base,13.18,USDC,85309631,1.35,2.06
2024-09-27,Pendle,Base,16.59,USDT,82829077,1.6,3.46
2024-09-27,Pendle,Base,11.38,DAI,92115395,1.71,3.67
2024-09-27,Convex,Ethereum,5.64,USDC,183471531,23.73,0
2024-09-27,Convex,Ethereum,5.7,DAI,169246952,18.11,0
2024-09-27,Balancer,Ethereum,9.28,USDC,131944729,14.77,0
2024-09-27,Balancer,Ethereum,7.95,USDT,124774040,21.51,0
2024-09-27,Balancer,Ethereum,6.88,DAI,130825869,16.73,0
2024-09-27,Balancer,Arbitrum,9.86,USDC,121122606,2.85,3.79
2024-09-27,Balancer,Arbitrum,8.88,USDT,131702408,2.37,4.46
2024-09-27,Balancer,Arbitrum,10.55,DAI,119086701,2.21,5.96
2024-09-27,Balancer,Optimism,9.83,USDC,117273051,1.74,4.39
2024-09-27,Balancer,Optimism,8.69,USDT,122772598,1.67,4.74
2024-09-27,Balancer,Optimism,9.78,DAI,126239534,2.16,3.55
2024-09-27,Balancer,Polygon,9.66,USDC,119879325,0.93,2.4
2024-09-27,Balancer,Polygon,9.22,USDT,126094457,0.81,2.78
2024-09-27,Balancer,Polygon,10.75,DAI,124931913,1.08,2.97
2024-09-27,Balancer,Base,8.86,USDC,128829220,1.42,2.39
2024-09-27,Balancer,Base,8.88,USDT,128368207,1.55,4.75
2024-09-27,Balancer,Base,10.36,DAI,120687410,1.25,4.49
2024-09-28,Aave,Ethereum,2.63,USDC,272612114,13.18,0
2024-09-28,Aave,Ethereum,2.71,USDT,285878964,9.81,0
2024-09-28,Aave,Ethereum,2.8,DAI,264393321,9.42,0
2024-09-28,Aave,Arbitrum,3.32,USDC,299683545,2.05,6.31
2024-09-28,Aave,Arbitrum,3.77,USDT,282461768,1.42,6.42
2024-09-28,Aave,Arbitrum,3.07,DAI,279081772,1.46,4.87
2024-09-28,Aave,Optimism,3.01,USDC,273504933,1.03,3.85
2024-09-28,Aave,Optimism,3.38,USDT,285184417,1.16,4.47
2024-09-28,Aave,Optimism,3.11,DAI,284325882,1.36,3.3
2024-09-28,Aave,Polygon,3.48,USDC,305362657,0.71,3.57
2024-09-28,Aave,Polygon,3.5,USDT,279060603,0.68,2.86
2024-09-28,Aave,Polygon,3.62,DAI,305907308,0.72,3.47
2024-09-28,Aave,Base,3.22,USDC,297193133,0.88,4.11
2024-09-28,Aave,Base,3.07,USDT,292590970,1.21,4.24
2024-09-28,Aave,Base,3.25,DAI,297553557,1.0,3.8
2024-09-28,Compound,Ethereum,2.61,USDC,208319312,11.6,0
2024-09-28,Compound,Ethereum,2.37,USDT,218538655,12.69,0
2024-09-28,Compound,Arbitrum,3.12,USDC,223401890,1.39,4.28
2024-09-28,Compound,Arbitrum,3.23,USDT,199426998,1.43,5.59
2024-09-28,Compound,Arbitrum,3.54,DAI,218450151,1.58,6.12
2024-09-28,Compound,Optimism,3.12,USDC,203451564,1.54,3.51
2024-09-28,Compound,Optimism,3.12,USDT,194734994,1.03,4.1
2024-09-28,Compound,Polygon,3.3,USDC,212793579,0.64,2.85
2024-09-28,Compound,Polygon,3.08,USDT,191972874,0.78,2.71
2024-09-28,Compound,Base,3.14,USDC,216685921,1.13,2.49
2024-09-28,Compound,Base,3.31,USDT,217509714,1.08,3.55
2024-09-28,Compound,Base,3.11,DAI,203065969,1.22,4.34
2024-09-28,Curve,Ethereum,8.29,USDC,355174900,9.65,0
2024-09-28,Curve,Ethereum,6.45,USDT,344566216,8.94,0
2024-09-28,Curve,Ethereum,8.24,DAI,382607862,14.96,0
2024-09-28,Curve,Arbitrum,10.83,USDC,383009147,1.46,4.38
2024-09-28,Curve,Arbitrum,10.58,USDT,351344398,1.67,4.89
2024-09-28,Curve,Arbitrum,9.32,DAI,364458319,1.25,6.69
2024-09-28,Curve,Optimism,7.92,USDC,378004337,1.31,3.32
2024-09-28,Curve,Optimism,9.58,USDT,343185377,1.31,5.56
2024-09-28,Curve,Optimism,9.0,DAI,399557485,1.11,4.24
2024-09-28,Curve,Polygon,9.43,USDC,351573989,0.55,2.66
2024-09-28,Curve,Polygon,8.97,USDT,375716320,0.79,3.54
2024-09-28,Curve,Polygon,9.15,DAI,364275562,0.77,3.45
2024-09-28,Curve,Base,6.46,USDC,373252016,0.92,3.56
2024-09-28,Curve,Base,9.49,USDT,363312128,0.81,3.73
2024-09-28,Curve,Base,10.47,DAI,381587314,0.83,3.61
2024-09-28,Uniswap V3,Ethereum,9.54,USDC,103413421,14.24,0
2024-09-28,Uniswap V3,Ethereum,7.53,USDT,108511938,12.23,0
2024-09-28,Uniswap V3,Ethereum,7.44,DAI,96347527,11.25,0
2024-09-28,Uniswap V3,Arbitrum,11.74,USDC,109768204,1.53,5.0
2024-09-28,Uniswap V3,Arbitrum,9.54,DAI,111966180,1.06,7.02
2024-09-28,Uniswap V3,Optimism,8.41,USDC,119572959,1.02,4.14
2024-09-28,Uniswap V3,Optimism,10.82,USDT,110112471,1.11,3.91
2024-09-28,Uniswap V3,Optimism,8.85,DAI,112012658,1.32,4.47
2024-09-28,Uniswap V3,Polygon,12.6,USDC,115439381,0.71,3.57
2024-09-28,Uniswap V3,Polygon,8.94,USDT,118650623,0.75,2.5
2024-09-28,Uniswap V3,Base,9.86,USDC,114026923,0.88,3.43
2024-09-28,Uniswap V3,Base,8.57,USDT,103736575,0.88,3.74
2024-09-28,Uniswap V3,Base,11.7,DAI,112344401,1.05,3.92
2024-09-28,Yearn,Ethereum,3.53,USDC,134920419,5.74,0
2024-09-28,Yearn,Ethereum,3.85,USDT,142906181,13.57,0
2024-09-28,Yearn,Ethereum,3.69,DAI,137390864,7.99,0
2024-09-28,Yearn,Arbitrum,4.12,USDC,135333085,1.84,5.47
2024-09-28,Yearn,Arbitrum,4.55,USDT,135949045,1.59,4.36
2024-09-28,Yearn,Arbitrum,4.62,DAI,137061370,1.7,5.03
2024-09-28,Yearn,Optimism,3.78,USDC,133665667,1.16,4.95
2024-09-28,Yearn,Optimism,3.92,USDT,130920038,1.37,4.83
2024-09-28,Yearn,Optimism,3.94,DAI,133187555,1.34,3.72
2024-09-28,Yearn,Polygon,4.88,USDC,145607772,0.66,3.0
2024-09-28,Yearn,Polygon,5.22,USDT,140093044,0.68,3.09
2024-09-28,Yearn,Base,4.2,USDC,143793071,0.97,5.34
2024-09-28,Yearn,Base,4.07,USDT,146971509,0.76,4.12
2024-09-28,Yearn,Base,4.95,DAI,144186319,0.98,3.99
2024-09-28,Pendle,Ethereum,9.36,USDC,92446007,12.68,0
2024-09-28,Pendle,Ethereum,9.65,USDT,80120325,8.51,0
2024-09-28,Pendle,Ethereum,7.17,DAI,87894223,11.07,0
2024-09-28,Pendle,Arbitrum,11.73,USDC,91169805,2.31,5.34
2024-09-28,Pendle,Arbitrum,14.48,USDT,84134378,1.48,5.25
2024-09-28,Pendle,Arbitrum,16.48,DAI,89456068,1.65,3.82
2024-09-28,Pendle,Optimism,10.86,USDC,80323183,1.11,3.84
2024-09-28,Pendle,Optimism,11.69,USDT,86614325,1.12,4.84
2024-09-28,Pendle,Optimism,14.44,DAI,96447625,1.48,2.35
2024-09-28,Pendle,Base,11.87,USDC,83612728,0.9,4.68
2024-09-28,Pendle,Base,13.54,USDT,90437383,0.99,1.75
2024-09-28,Convex,Ethereum,4.87,USDC,170821648,12.18,0
2024-09-28,Convex,Ethereum,5.33,USDT,160324576,14.9,0
2024-09-28,Convex,Ethereum,4.63,DAI,173289845,14.21,0
2024-09-28,Balancer,Ethereum,6.63,USDC,126701732,10.24,0
2024-09-28,Balancer,Ethereum,8.4,USDT,122957554,17.06,0
2024-09-28,Balancer,Ethereum,7.2,DAI,124074066,9.7,0
2024-09-28,Balancer,Arbitrum,7.65,USDC,134144282,1.65,4.81
2024-09-28,Balancer,Arbitrum,10.18,USDT,127131709,1.73,4.81
2024-09-28,Balancer,Optimism,7.71,USDC,123025259,1.37,3.7
2024-09-28,Balancer,Polygon,9.7,USDT,121867037,0.67,3.14
2024-09-28,Balancer,Polygon,9.35,DAI,125626289,0.45,3.11
2024-09-28,Balancer,Base,7.66,USDC,143258418,1.07,5.33
2024-09-28,Balancer,Base,9.89,USDT,130861317,0.98,4.47
2024-09-28,Balancer,Base,9.42,DAI,128196793,1.29,4.25
