date,protocol,chain,apy,stablecoin,tvl,gasCost,bridgeFee
2024-07-01,Aave,Ethereum,3.02,USDC,238347545,16.19,0
2024-07-01,Aave,Ethereum,2.7,USDT,231259573,22.36,0
2024-07-01,Aave,Ethereum,2.66,DAI,241855192,17.79,0
2024-07-01,Aave,Arbitrum,3.74,USDC,237030404,1.25,5.46
2024-07-01,Aave,Arbitrum,3.51,USDT,234969187,2.49,4.83
2024-07-01,Aave,Optimism,3.01,USDC,243497566,1.37,4.31
2024-07-01,Aave,Optimism,3.27,USDT,262160765,2.06,3.99
2024-07-01,Aave,Optimism,3.46,DAI,243175510,1.82,4.12
2024-07-01,Aave,Polygon,3.74,USDC,239780390,1.06,2.85
2024-07-01,Aave,Polygon,3.76,USDT,253198537,0.96,3.6
2024-07-01,Aave,Polygon,3.67,DAI,248263284,1.16,2.2
2024-07-01,Aave,Base,3.29,USDC,261069115,1.22,4.47
2024-07-01,Aave,Base,3.15,USDT,258955147,1.71,4.72
2024-07-01,Aave,Base,3.35,DAI,238459864,1.17,3.22
2024-07-01,Compound,Ethereum,2.55,USDC,173501144,13.92,0
2024-07-01,Compound,Ethereum,2.33,DAI,177434394,21.42,0
2024-07-01,Compound,Arbitrum,3.29,USDC,184156086,2.19,5.62
2024-07-01,Compound,Arbitrum,3.6,USDT,178098896,2.01,6.18
2024-07-01,Compound,Arbitrum,3.05,DAI,194961343,2.43,3.68
2024-07-01,Compound,Optimism,3.01,USDC,186920822,1.51,3.63
2024-07-01,Compound,Optimism,2.95,USDT,175485916,1.78,3.15
2024-07-01,Compound,Optimism,2.84,DAI,162959657,1.83,2.94
2024-07-01,Compound,Polygon,3.36,DAI,188196721,1.05,3.2
2024-07-01,Compound,Base,3.46,USDC,166422641,1.33,2.7
2024-07-01,Compound,Base,3.43,USDT,187646828,1.38,4.41
2024-07-01,Compound,Base,3.52,DAI,171384263,1.94,5.09
2024-07-01,Curve,Ethereum,6.42,USDT,321703800,16.7,0
2024-07-01,Curve,Ethereum,5.8,DAI,333826801,17.1,0
2024-07-01,Curve,Arbitrum,7.74,USDC,327843787,2.04,4.71
2024-07-01,Curve,Arbitrum,7.81,USDT,324361207,2.42,4.33
2024-07-01,Curve,Arbitrum,8.06,DAI,297623717,2.89,5.55
2024-07-01,Curve,Optimism,6.33,USDC,343382104,2.27,3.71
2024-07-01,Curve,Optimism,6.87,USDT,353614814,1.85,4.19
2024-07-01,Curve,Optimism,6.77,DAI,317144799,1.63,4.35
2024-07-01,Curve,Polygon,7.69,USDC,331839001,0.65,3.89
2024-07-01,Curve,Polygon,8.06,USDT,314390976,1.28,2.53
2024-07-01,Curve,Polygon,8.29,DAI,328308394,1.03,3.01
2024-07-01,Curve,Base,6.48,USDC,326860102,1.64,3.38
2024-07-01,Curve,Base,7.39,USDT,329850073,1.53,3.61
2024-07-01,Curve,Base,6.69,DAI,293615294,0.99,3.57
2024-07-01,Uniswap V3,Ethereum,6.28,USDC,97266494,23.22,0
2024-07-01,Uniswap V3,Ethereum,7.6,USDT,102684688,16.56,0
2024-07-01,Uniswap V3,Arbitrum,8.56,USDC,97650322,2.37,5.44
2024-07-01,Uniswap V3,Arbitrum,6.96,USDT,96337194,1.69,4.87
2024-07-01,Uniswap V3,Arbitrum,8.09,DAI,91349140,2.4,4.97
2024-07-01,Uniswap V3,Optimism,7.55,USDC,100214848,1.38,4.55
2024-07-01,Uniswap V3,Optimism,8.14,USDT,88632813,2.01,4.28
2024-07-01,Uniswap V3,Polygon,9.32,USDC,100218462,0.9,2.16
2024-07-01,Uniswap V3,Polygon,7.84,DAI,97843821,0.79,2.54
2024-07-01,Uniswap V3,Base,9.33,USDC,102005765,1.77,3.46
2024-07-01,Uniswap V3,Base,8.59,USDT,88529822,1.24,4.12
2024-07-01,Uniswap V3,Base,7.3,DAI,84197474,1.95,4.48
2024-07-01,Yearn,Ethereum,3.72,USDT,125247013,11.39,0
2024-07-01,Yearn,Ethereum,3.54,DAI,118524818,20.95,0
2024-07-01,Yearn,Arbitrum,4.6,USDC,110888952,2.87,5.29
2024-07-01,Yearn,Arbitrum,5.21,USDT,123031654,2.59,5.36
2024-07-01,Yearn,Arbitrum,4.45,DAI,120771283,1.92,6.39
2024-07-01,Yearn,Optimism,4.57,USDC,118173886,1.52,4.06
2024-07-01,Yearn,Optimism,4.56,DAI,124186116,2.25,3.59
2024-07-01,Yearn,Polygon,4.79,USDC,129065196,0.73,2.15
2024-07-01,Yearn,Polygon,4.88,DAI,116609702,1.11,2.87
2024-07-01,Yearn,Base,4.25,USDC,123799742,1.49,3.82
2024-07-01,Yearn,Base,4.73,USDT,128368640,1.69,4.14
2024-07-01,Yearn,Base,4.32,DAI,111772809,1.84,4.45
2024-07-01,Pendle,Ethereum,8.28,USDC,78604985,18.06,0
2024-07-01,Pendle,Ethereum,8.07,USDT,71867650,20.86,0
2024-07-01,Pendle,Arbitrum,11.15,USDC,80842521,2.27,4.32
2024-07-01,Pendle,Arbitrum,8.41,USDT,74843984,2.1,5.35
2024-07-01,Pendle,Arbitrum,9.96,DAI,69012225,2.38,2.21
2024-07-01,Pendle,Optimism,9.24,USDC,71167376,1.4,3.44
2024-07-01,Pendle,Optimism,8.3,USDT,72229205,2.09,1.4
2024-07-01,Pendle,Optimism,10.61,DAI,73468463,1.16,3.16
2024-07-01,Pendle,Base,9.79,USDC,76986708,1.63,4.64
2024-07-01,Pendle,Base,7.43,USDT,68068107,1.16,3.02
2024-07-01,Pendle,Base,9.96,DAI,76338403,0.99,4.64
2024-07-01,Convex,Ethereum,6.34,USDC,136337733,25.26,0
2024-07-01,Convex,Ethereum,5.0,USDT,155820169,15.16,0
2024-07-01,Convex,Ethereum,4.65,DAI,143446331,19.66,0
2024-07-01,Balancer,Ethereum,6.96,USDC,108901828,13.34,0
2024-07-01,Balancer,Ethereum,6.02,DAI,106955120,19.53,0
2024-07-01,Balancer,Arbitrum,9.54,USDC,113117429,3.04,5.04
2024-07-01,Balancer,Arbitrum,6.51,USDT,120592491,2.25,4.64
2024-07-01,Balancer,Arbitrum,5.91,DAI,116440205,2.33,5.33
2024-07-01,Balancer,Optimism,7.3,USDC,109189655,1.89,3.02
2024-07-01,Balancer,Optimism,5.82,USDT,117240170,1.8,3.78
2024-07-01,Balancer,Optimism,6.98,DAI,114457395,1.8,5.33
2024-07-01,Balancer,Polygon,7.26,USDC,110614683,1.18,3.57
2024-07-01,Balancer,Polygon,8.49,USDT,110426953,1.01,3.0
2024-07-01,Balancer,Polygon,7.24,DAI,113548471,1.11,3.72
2024-07-01,Balancer,Base,7.16,USDC,108771666,1.69,4.67
2024-07-01,Balancer,Base,6.84,USDT,111564621,1.7,5.05
2024-07-01,Balancer,Base,7.68,DAI,101474129,1.79,2.4
2024-07-02,Aave,Ethereum,2.96,USDC,264350991,18.55,0
2024-07-02,Aave,Ethereum,3.02,USDT,257202933,13.19,0
2024-07-02,Aave,Ethereum,2.79,DAI,266293522,24.33,0
2024-07-02,Aave,Arbitrum,3.56,USDC,249280799,2.35,6.0
2024-07-02,Aave,Arbitrum,3.2,USDT,254700362,1.85,5.1
2024-07-02,Aave,Arbitrum,4.03,DAI,245897976,2.17,5.04
2024-07-02,Aave,Optimism,3.25,USDC,278942675,1.88,4.15
2024-07-02,Aave,Optimism,3.76,USDT,245953478,2.34,2.38
2024-07-02,Aave,Optimism,3.42,DAI,245639605,1.93,4.03
2024-07-02,Aave,Polygon,3.68,USDC,275765511,0.89,3.96
2024-07-02,Aave,Polygon,3.31,USDT,243478847,0.79,2.52
2024-07-02,Aave,Polygon,3.88,DAI,252063961,0.93,2.62
2024-07-02,Aave,Base,3.68,USDT,254764675,1.56,4.6
2024-07-02,Compound,Ethereum,2.96,USDC,189167444,17.57,0
2024-07-02,Compound,Ethereum,2.9,USDT,177648087,17.56,0
2024-07-02,Compound,Ethereum,2.74,DAI,178522898,13.92,0
2024-07-02,Compound,Arbitrum,3.68,USDC,184742578,2.37,5.86
2024-07-02,Compound,Arbitrum,3.68,USDT,182617980,2.15,6.04
2024-07-02,Compound,Arbitrum,3.35,DAI,181899292,2.03,3.64
2024-07-02,Compound,Optimism,3.06,USDC,186614920,2.13,3.82
2024-07-02,Compound,Optimism,3.04,USDT,171618159,1.84,3.59
2024-07-02,Compound,Optimism,3.39,DAI,168999372,1.98,6.56
2024-07-02,Compound,Polygon,3.47,USDC,194728796,0.99,2.59
2024-07-02,Compound,Polygon,3.49,USDT,179547390,1.05,2.45
2024-07-02,Compound,Polygon,3.46,DAI,179345056,0.77,3.86
2024-07-02,Compound,Base,3.48,USDC,173385429,1.45,3.62
2024-07-02,Compound,Base,3.56,USDT,177230838,1.34,2.8
2024-07-02,Compound,Base,3.44,DAI,182044735,1.41,4.18
2024-07-02,Curve,Ethereum,5.32,USDC,320954264,17.36,0
2024-07-02,Curve,Ethereum,6.08,USDT,324072222,19.5,0
2024-07-02,Curve,Ethereum,5.5,DAI,327102632,16.34,0
2024-07-02,Curve,Arbitrum,7.11,USDC,325246932,2.57,6.1
2024-07-02,Curve,Arbitrum,7.42,USDT,337049514,2.46,3.73
2024-07-02,Curve,Arbitrum,6.5,DAI,319811408,2.74,5.44
2024-07-02,Curve,Optimism,7.46,USDC,321322133,1.51,4.12
2024-07-02,Curve,Optimism,6.94,USDT,326246726,1.6,3.91
2024-07-02,Curve,Optimism,5.94,DAI,318704201,2.04,3.51
2024-07-02,Curve,Polygon,7.85,USDC,322041627,1.04,3.34
2024-07-02,Curve,Polygon,7.28,USDT,336307846,0.89,3.41
2024-07-02,Curve,Polygon,7.67,DAI,344303614,1.1,3.55
2024-07-02,Curve,Base,7.83,USDT,309577878,1.21,3.8
2024-07-02,Curve,Base,8.78,DAI,349604333,1.39,2.27
2024-07-02,Uniswap V3,Ethereum,7.16,USDC,99996010,20.69,0
2024-07-02,Uniswap V3,Ethereum,8.23,USDT,98036291,21.39,0
2024-07-02,Uniswap V3,Ethereum,7.21,DAI,91255218,21.04,0
2024-07-02,Uniswap V3,Arbitrum,8.37,USDC,97132161,2.42,3.7
2024-07-02,Uniswap V3,Arbitrum,7.66,USDT,113505890,2.25,5.07
2024-07-02,Uniswap V3,Arbitrum,6.68,DAI,93105302,2.72,4.99
2024-07-02,Uniswap V3,Optimism,8.33,USDT,100577619,2.07,5.99
2024-07-02,Uniswap V3,Optimism,7.55,DAI,101385828,1.73,5.5
2024-07-02,Uniswap V3,Polygon,5.56,USDC,98236840,0.79,2.64
2024-07-02,Uniswap V3,Polygon,8.1,USDT,99498898,1.01,3.09
2024-07-02,Uniswap V3,Polygon,10.15,DAI,95890786,0.73,2.67
2024-07-02,Uniswap V3,Base,7.48,USDT,102590040,1.41,4.41
2024-07-02,Uniswap V3,Base,8.34,DAI,100790100,1.47,5.16
2024-07-02,Yearn,Ethereum,3.76,USDC,123798907,17.25,0
2024-07-02,Yearn,Ethereum,3.99,USDT,118971786,20.13,0
2024-07-02,Yearn,Ethereum,3.81,DAI,128827669,17.87,0
2024-07-02,Yearn,Arbitrum,4.46,USDC,113063796,2.16,6.35
2024-07-02,Yearn,Arbitrum,4.62,USDT,114296360,1.94,4.89
2024-07-02,Yearn,Arbitrum,4.61,DAI,127792734,1.94,4.83
2024-07-02,Yearn,Optimism,3.96,USDT,119243912,1.15,3.74
2024-07-02,Yearn,Optimism,4.09,DAI,121254520,1.44,5.88
2024-07-02,Yearn,Polygon,4.82,USDC,121079565,0.8,2.71
2024-07-02,Yearn,Polygon,4.83,USDT,121603401,0.85,3.28
2024-07-02,Yearn,Polygon,4.72,DAI,126129409,0.9,3.63
2024-07-02,Yearn,Base,4.53,USDC,124818260,1.29,2.78
2024-07-02,Yearn,Base,4.74,USDT,117757098,1.28,2.89
2024-07-02,Yearn,Base,4.4,DAI,114395704,1.67,5.03
2024-07-02,Pendle,Ethereum,9.66,USDC,80489849,21.5,0
2024-07-02,Pendle,Ethereum,10.81,USDT,74782317,18.41,0
2024-07-02,Pendle,Arbitrum,11.98,USDC,67963521,2.75,5.8
2024-07-02,Pendle,Arbitrum,10.31,USDT,73790334,2.23,4.63
2024-07-02,Pendle,Arbitrum,12.54,DAI,76490160,2.25,6.09
2024-07-02,Pendle,Optimism,10.47,USDC,76788605,1.7,3.28
2024-07-02,Pendle,Optimism,10.28,USDT,77138536,2.01,5.03
2024-07-02,Pendle,Optimism,10.07,DAI,77820366,1.61,4.6
2024-07-02,Pendle,Base,11.16,USDC,72639054,1.3,5.16
2024-07-02,Pendle,Base,11.94,USDT,73684710,1.5,4.33
2024-07-02,Pendle,Base,10.78,DAI,83885419,1.83,4.1
2024-07-02,Convex,Ethereum,4.84,USDC,147986216,21.34,0
2024-07-02,Convex,Ethereum,5.43,DAI,154744042,16.31,0
2024-07-02,Balancer,Ethereum,5.19,USDC,106438941,13.2,0
2024-07-02,Balancer,Ethereum,7.02,USDT,114183108,21.57,0
2024-07-02,Balancer,Ethereum,5.73,DAI,109920354,15.17,0
2024-07-02,Balancer,Arbitrum,7.03,USDC,110612382,2.81,4.18
2024-07-02,Balancer,Arbitrum,9.0,USDT,119018562,1.73,4.2
2024-07-02,Balancer,Arbitrum,7.56,DAI,115750637,1.98,6.87
2024-07-02,Balancer,Optimism,5.88,USDC,108933096,1.85,4.25
2024-07-02,Balancer,Optimism,6.19,USDT,104445974,1.39,3.45
2024-07-02,Balancer,Optimism,7.79,DAI,109311103,1.91,5.51
2024-07-02,Balancer,Polygon,8.02,USDC,103876350,0.68,2.73
2024-07-02,Balancer,Polygon,8.74,USDT,112690516,0.89,3.23
2024-07-02,Balancer,Polygon,8.75,DAI,115102962,1.15,3.09
2024-07-02,Balancer,Base,7.1,USDC,107263200,1.61,3.24
2024-07-02,Balancer,Base,6.51,USDT,112209356,1.13,3.74
2024-07-03,Aave,Ethereum,3.04,USDC,263689991,17.72,0
2024-07-03,Aave,Ethereum,3.27,USDT,264681958,22.12,0
2024-07-03,Aave,Ethereum,2.92,DAI,278421336,13.92,0
2024-07-03,Aave,Arbitrum,3.75,USDT,247689383,2.22,4.42
2024-07-03,Aave,Arbitrum,2.69,DAI,275059085,1.89,5.87
2024-07-03,Aave,Optimism,3.3,USDC,265001715,1.64,4.26
2024-07-03,Aave,Optimism,3.57,USDT,262314669,2.17,5.16
2024-07-03,Aave,Optimism,3.39,DAI,238752207,2.04,4.35
2024-07-03,Aave,Polygon,3.59,USDC,262966125,1.05,3.93
2024-07-03,Aave,Polygon,3.69,USDT,266244818,0.94,2.89
2024-07-03,Aave,Polygon,3.63,DAI,275826827,1.05,3.55
2024-07-03,Aave,Base,3.45,USDC,251467970,1.51,3.98
2024-07-03,Aave,Base,3.76,USDT,274792382,1.4,3.19
2024-07-03,Aave,Base,3.56,DAI,243280529,1.42,5.02
2024-07-03,Compound,Ethereum,2.74,USDC,169156855,15.58,0
2024-07-03,Compound,Ethereum,3.04,DAI,193605460,19.17,0
2024-07-03,Compound,Arbitrum,3.52,USDC,196039070,2.33,6.02
2024-07-03,Compound,Arbitrum,3.51,USDT,178469735,2.64,4.26
2024-07-03,Compound,Arbitrum,3.53,DAI,191601181,1.69,5.39
2024-07-03,Compound,Optimism,3.16,USDC,168338561,1.48,4.96
2024-07-03,Compound,Optimism,3.37,USDT,192570884,1.75,4.0
2024-07-03,Compound,Optimism,3.26,DAI,185883859,1.82,4.58
2024-07-03,Compound,Polygon,3.37,USDC,195009312,1.11,2.85
2024-07-03,Compound,Polygon,3.95,USDT,187919854,0.87,2.75
2024-07-03,Compound,Polygon,3.91,DAI,187936396,0.9,1.52
2024-07-03,Compound,Base,3.47,USDC,169153746,1.49,3.74
2024-07-03,Compound,Base,3.62,USDT,187435172,1.26,2.97
2024-07-03,Compound,Base,3.46,DAI,195567937,1.02,3.7
2024-07-03,Curve,Ethereum,6.59,USDC,318135147,16.04,0
2024-07-03,Curve,Ethereum,5.74,USDT,323291207,14.71,0
2024-07-03,Curve,Ethereum,6.0,DAI,323504313,16.78,0
2024-07-03,Curve,Arbitrum,7.04,USDC,349235724,2.04,5.15
2024-07-03,Curve,Arbitrum,6.77,USDT,336364574,2.47,4.89
2024-07-03,Curve,Arbitrum,7.25,DAI,350542602,2.67,4.34
2024-07-03,Curve,Optimism,7.75,USDC,344619964,1.93,4.41
2024-07-03,Curve,Optimism,7.02,USDT,330019692,1.99,3.33
2024-07-03,Curve,Optimism,6.12,DAI,312346396,1.74,3.1
2024-07-03,Curve,Polygon,7.95,USDC,327885820,1.19,4.13
2024-07-03,Curve,Polygon,6.83,USDT,309082833,0.84,3.04
2024-07-03,Curve,Polygon,8.2,DAI,349872680,0.89,3.93
2024-07-03,Curve,Base,7.72,USDT,317698660,1.1,3.11
2024-07-03,Curve,Base,7.01,DAI,369481987,1.38,4.72
2024-07-03,Uniswap V3,Ethereum,5.56,USDC,101337893,20.91,0
2024-07-03,Uniswap V3,Ethereum,7.21,USDT,96956893,21.38,0
2024-07-03,Uniswap V3,Arbitrum,8.62,USDC,101355895,2.06,4.99
2024-07-03,Uniswap V3,Arbitrum,8.21,USDT,95981388,2.04,4.6
2024-07-03,Uniswap V3,Optimism,6.76,USDC,111671426,1.58,4.98
2024-07-03,Uniswap V3,Optimism,8.39,USDT,100644492,1.7,2.76
2024-07-03,Uniswap V3,Optimism,9.08,DAI,90962040,1.82,3.37
2024-07-03,Uniswap V3,Polygon,9.25,USDC,99795198,0.91,2.86
2024-07-03,Uniswap V3,Polygon,9.96,USDT,93344479,0.96,2.61
2024-07-03,Uniswap V3,Polygon,7.4,DAI,94852908,1.07,2.84
2024-07-03,Uniswap V3,Base,6.79,USDC,98630098,1.34,4.92
2024-07-03,Uniswap V3,Base,8.77,USDT,100567485,1.45,3.44
2024-07-03,Uniswap V3,Base,7.68,DAI,101744745,1.1,3.92
2024-07-03,Yearn,Ethereum,3.58,USDC,129388458,18.14,0
2024-07-03,Yearn,Ethereum,3.64,USDT,131041285,18.25,0
2024-07-03,Yearn,Ethereum,3.84,DAI,122213322,20.22,0
2024-07-03,Yearn,Arbitrum,4.33,USDC,128043876,2.82,4.46
2024-07-03,Yearn,Arbitrum,4.96,USDT,124370680,2.81,4.11
2024-07-03,Yearn,Arbitrum,4.83,DAI,126283480,3.02,5.78
2024-07-03,Yearn,Optimism,4.71,USDT,125004305,1.64,3.91
2024-07-03,Yearn,Optimism,4.94,DAI,116577637,1.47,2.89
2024-07-03,Yearn,Polygon,5.3,USDC,118533414,1.12,3.31
2024-07-03,Yearn,Polygon,4.79,DAI,123000709,0.83,2.4
2024-07-03,Yearn,Base,4.72,USDT,130050791,1.04,4.77
2024-07-03,Yearn,Base,4.64,DAI,125243152,1.24,5.15
2024-07-03,Pendle,Ethereum,10.55,USDC,81045469,15.52,0
2024-07-03,Pendle,Ethereum,9.37,USDT,77176962,15.29,0
2024-07-03,Pendle,Arbitrum,12.38,USDC,82912780,2.48,6.1
2024-07-03,Pendle,Arbitrum,11.79,USDT,83035205,2.24,6.29
2024-07-03,Pendle,Arbitrum,10.53,DAI,72176852,2.13,5.41
2024-07-03,Pendle,Optimism,10.45,USDC,69613389,1.26,4.04
2024-07-03,Pendle,Optimism,10.46,USDT,80464878,2.16,4.05
2024-07-03,Pendle,Optimism,9.32,DAI,79789791,1.39,3.0
2024-07-03,Pendle,Base,9.93,USDC,81504641,1.38,5.5
2024-07-03,Pendle,Base,9.75,USDT,76510258,1.37,4.88
2024-07-03,Pendle,Base,11.63,DAI,69226126,1.34,3.86
2024-07-03,Convex,Ethereum,5.69,USDC,174291591,16.43,0
2024-07-03,Convex,Ethereum,6.23,USDT,159882852,17.65,0
2024-07-03,Convex,Ethereum,5.01,DAI,164580882,14.46,0
2024-07-03,Balancer,Ethereum,6.46,USDC,118697693,18.66,0
2024-07-03,Balancer,Ethereum,6.79,USDT,120839663,19.66,0
2024-07-03,Balancer,Ethereum,5.98,DAI,120722990,16.28,0
2024-07-03,Balancer,Arbitrum,8.01,USDT,120668473,2.67,5.05
2024-07-03,Balancer,Arbitrum,5.67,DAI,114114564,1.8,3.9
2024-07-03,Balancer,Optimism,7.51,USDC,108140079,1.28,3.19
2024-07-03,Balancer,Optimism,8.02,USDT,113657234,2.21,3.36
2024-07-03,Balancer,Optimism,7.22,DAI,108023615,1.68,5.59
2024-07-03,Balancer,Polygon,6.6,USDC,112274476,1.02,2.91
2024-07-03,Balancer,Polygon,8.88,DAI,124188466,1.01,2.61
2024-07-03,Balancer,Base,6.98,USDC,112398246,1.24,4.82
2024-07-03,Balancer,Base,7.08,USDT,111112948,1.41,5.54
2024-07-03,Balancer,Base,7.61,DAI,118176335,1.65,4.86
2024-07-04,Aave,Ethereum,3.12,USDC,257588578,15.95,0
2024-07-04,Aave,Ethereum,2.98,USDT,266460253,18.34,0
2024-07-04,Aave,Ethereum,2.75,DAI,260239787,20.63,0
2024-07-04,Aave,Arbitrum,3.54,USDC,282847888,2.1,4.72
2024-07-04,Aave,Arbitrum,3.13,USDT,253818520,2.64,3.6
2024-07-04,Aave,Arbitrum,3.37,DAI,251732039,2.85,4.7
2024-07-04,Aave,Optimism,3.32,USDC,280132073,1.3,4.19
2024-07-04,Aave,Optimism,3.82,USDT,272197466,2.23,3.87
2024-07-04,Aave,Optimism,3.35,DAI,248534967,1.77,3.84
2024-07-04,Aave,Polygon,3.65,USDC,256797806,1.04,3.92
2024-07-04,Aave,Polygon,3.93,USDT,282917869,1.18,2.86
2024-07-04,Aave,Polygon,3.71,DAI,253523340,1.16,3.34
2024-07-04,Aave,Base,3.49,USDC,291919877,1.37,3.75
2024-07-04,Aave,Base,3.6,USDT,251750372,1.16,4.53
2024-07-04,Aave,Base,3.24,DAI,261135637,1.17,3.77
2024-07-04,Compound,Ethereum,2.89,USDT,206089476,19.0,0
2024-07-04,Compound,Ethereum,2.9,DAI,187813010,18.43,0
2024-07-04,Compound,Arbitrum,3.41,USDC,187240796,2.58,5.74
2024-07-04,Compound,Arbitrum,3.17,USDT,198145599,2.7,4.41
2024-07-04,Compound,Optimism,3.27,USDC,188949944,2.29,4.04
2024-07-04,Compound,Optimism,3.17,USDT,188958943,1.91,3.44
2024-07-04,Compound,Optimism,3.6,DAI,198627421,1.76,3.68
2024-07-04,Compound,Polygon,3.72,USDC,191952502,0.76,2.58
2024-07-04,Compound,Polygon,3.71,USDT,195024061,0.75,3.44
2024-07-04,Compound,Polygon,3.46,DAI,193178272,0.82,2.99
2024-07-04,Compound,Base,3.36,USDC,189274665,1.81,3.96
2024-07-04,Compound,Base,3.54,USDT,199464597,1.34,2.86
2024-07-04,Compound,Base,3.54,DAI,190861599,1.24,4.39
2024-07-04,Curve,Ethereum,6.92,USDC,312501478,21.04,0
2024-07-04,Curve,Ethereum,5.14,USDT,336860037,15.48,0
2024-07-04,Curve,Ethereum,6.05,DAI,357735969,14.54,0
2024-07-04,Curve,Arbitrum,6.35,USDC,342506854,2.26,4.37
2024-07-04,Curve,Arbitrum,8.69,USDT,351951348,2.12,5.04
2024-07-04,Curve,Arbitrum,6.68,DAI,358695461,2.78,7.42
2024-07-04,Curve,Optimism,7.41,USDC,364494492,1.66,4.28
2024-07-04,Curve,Optimism,6.73,USDT,360497651,1.62,4.51
2024-07-04,Curve,Optimism,6.65,DAI,347462416,2.11,4.71
2024-07-04,Curve,Polygon,7.65,USDC,360560917,0.9,3.33
2024-07-04,Curve,Polygon,8.25,USDT,353231812,1.08,3.41
2024-07-04,Curve,Polygon,7.47,DAI,339485129,0.99,3.81
2024-07-04,Curve,Base,7.69,USDT,353926955,1.19,5.13
2024-07-04,Curve,Base,6.36,DAI,363775387,1.03,4.38
2024-07-04,Uniswap V3,Ethereum,7.07,USDC,99691009,20.96,0
2024-07-04,Uniswap V3,Ethereum,6.05,USDT,97941691,20.9,0
2024-07-04,Uniswap V3,Ethereum,7.34,DAI,91296663,13.42,0
2024-07-04,Uniswap V3,Arbitrum,6.26,USDC,96548341,2.63,3.7
2024-07-04,Uniswap V3,Arbitrum,8.38,USDT,103321736,1.65,6.24
2024-07-04,Uniswap V3,Arbitrum,6.22,DAI,97748432,2.97,3.87
2024-07-04,Uniswap V3,Optimism,9.87,USDC,111824100,1.83,3.69
2024-07-04,Uniswap V3,Optimism,7.71,USDT,101307502,1.76,3.5
2024-07-04,Uniswap V3,Optimism,8.07,DAI,94725470,1.88,3.28
2024-07-04,Uniswap V3,Polygon,8.22,USDC,103491478,0.87,1.98
2024-07-04,Uniswap V3,Polygon,7.76,USDT,96872107,1.11,2.51
2024-07-04,Uniswap V3,Polygon,7.91,DAI,108285749,0.8,2.91
2024-07-04,Uniswap V3,Base,8.23,USDT,95468162,1.4,2.97
2024-07-04,Uniswap V3,Base,7.53,DAI,109010229,1.32,4.66
2024-07-04,Yearn,Ethereum,3.57,USDC,124526933,19.74,0
2024-07-04,Yearn,Ethereum,3.58,DAI,126397011,18.83,0
2024-07-04,Yearn,Arbitrum,5.07,USDC,132536250,2.94,4.74
2024-07-04,Yearn,Arbitrum,4.54,USDT,124293821,2.41,3.7
2024-07-04,Yearn,Arbitrum,4.98,DAI,120841202,2.57,3.36
2024-07-04,Yearn,Optimism,4.75,USDT,119996414,2.26,3.18
2024-07-04,Yearn,Optimism,4.44,DAI,125668634,2.06,4.88
2024-07-04,Yearn,Polygon,4.92,USDC,131534801,1.08,3.31
2024-07-04,Yearn,Polygon,4.51,USDT,123474963,0.99,4.6
2024-07-04,Yearn,Polygon,5.26,DAI,132881667,1.23,2.01
2024-07-04,Yearn,Base,4.4,USDT,133076536,1.57,4.84
2024-07-04,Pendle,Ethereum,8.99,USDC,80213191,16.33,0
2024-07-04,Pendle,Ethereum,10.56,USDT,77328388,17.05,0
2024-07-04,Pendle,Ethereum,10.46,DAI,87451726,19.95,0
2024-07-04,Pendle,Arbitrum,8.87,DAI,76291691,2.76,3.28
2024-07-04,Pendle,Optimism,9.33,USDC,81509798,2.0,5.13
2024-07-04,Pendle,Optimism,10.44,USDT,73611487,2.05,5.44
2024-07-04,Pendle,Optimism,10.1,DAI,72558295,1.41,3.21
2024-07-04,Pendle,Base,9.67,USDC,86044112,1.58,5.24
2024-07-04,Pendle,Base,9.56,USDT,82761116,1.54,3.86
2024-07-04,Pendle,Base,11.55,DAI,79209437,1.6,3.58
2024-07-04,Convex,Ethereum,4.97,USDC,163593271,14.62,0
2024-07-04,Convex,Ethereum,4.36,USDT,169908655,16.87,0
2024-07-04,Convex,Ethereum,5.74,DAI,167409372,18.64,0
2024-07-04,Balancer,Ethereum,5.69,USDC,120803010,18.31,0
2024-07-04,Balancer,Ethereum,6.28,USDT,112341211,19.16,0
2024-07-04,Balancer,Ethereum,6.68,DAI,111616617,23.72,0
2024-07-04,Balancer,Arbitrum,8.57,USDC,125495055,2.2,5.66
2024-07-04,Balancer,Arbitrum,6.37,USDT,115582834,2.03,4.12
2024-07-04,Balancer,Arbitrum,6.51,DAI,110088393,2.44,5.59
2024-07-04,Balancer,Optimism,7.45,USDT,112417653,2.35,4.45
2024-07-04,Balancer,Polygon,8.94,USDC,115229024,1.13,3.0
2024-07-04,Balancer,Polygon,8.11,USDT,117600878,0.92,3.24
2024-07-04,Balancer,Polygon,8.35,DAI,124515427,1.04,2.39
2024-07-04,Balancer,Base,7.39,USDT,120353886,1.4,3.41
2024-07-04,Balancer,Base,6.91,DAI,107023686,1.4,4.2
2024-07-05,Aave,Ethereum,3.12,USDT,272427189,16.92,0
2024-07-05,Aave,Ethereum,2.84,DAI,267827747,15.7,0
2024-07-05,Aave,Arbitrum,3.77,USDC,244023361,1.98,6.16
2024-07-05,Aave,Arbitrum,3.8,USDT,265660212,2.99,6.49
2024-07-05,Aave,Arbitrum,4.06,DAI,261769477,3.08,4.06
2024-07-05,Aave,Optimism,3.35,USDC,268865570,1.92,3.81
2024-07-05,Aave,Optimism,3.49,USDT,270517937,1.7,4.89
2024-07-05,Aave,Optimism,3.56,DAI,254325783,1.62,4.45
2024-07-05,Aave,Polygon,3.5,USDC,270614464,0.8,3.07
2024-07-05,Aave,Polygon,3.58,USDT,264960436,1.07,3.58
2024-07-05,Aave,Base,3.68,USDC,291156835,1.57,4.53
2024-07-05,Aave,Base,3.51,USDT,267092427,1.61,4.66
2024-07-05,Aave,Base,3.27,DAI,283580097,1.69,3.7
2024-07-05,Compound,Ethereum,2.89,USDT,198434767,16.09,0
2024-07-05,Compound,Ethereum,2.7,DAI,185083720,17.21,0
2024-07-05,Compound,Arbitrum,3.33,USDC,188101954,2.5,3.07
2024-07-05,Compound,Arbitrum,3.63,USDT,196352444,1.95,4.6
2024-07-05,Compound,Optimism,3.22,USDC,210208099,1.67,4.38
2024-07-05,Compound,Optimism,3.34,USDT,225773272,2.14,3.91
2024-07-05,Compound,Optimism,3.3,DAI,189010719,1.55,3.44
2024-07-05,Compound,Polygon,3.52,USDC,210879860,1.01,3.81
2024-07-05,Compound,Polygon,3.48,DAI,193895685,0.7,2.89
2024-07-05,Compound,Base,3.52,USDT,193436002,1.53,4.27
2024-07-05,Compound,Base,3.24,DAI,192532830,1.54,4.7
2024-07-05,Curve,Ethereum,4.52,USDC,364718702,17.54,0
2024-07-05,Curve,Ethereum,7.56,DAI,346402055,19.77,0
2024-07-05,Curve,Arbitrum,7.89,USDC,342886230,2.16,5.94
2024-07-05,Curve,Arbitrum,6.82,USDT,370218282,2.08,4.83
2024-07-05,Curve,Arbitrum,6.87,DAI,350302035,2.69,2.6
2024-07-05,Curve,Optimism,6.84,USDT,352593850,2.0,3.9
2024-07-05,Curve,Optimism,6.81,DAI,366080806,2.44,5.03
2024-07-05,Curve,Polygon,6.92,USDC,353787508,0.7,3.54
2024-07-05,Curve,Polygon,8.9,USDT,339401757,0.97,3.41
2024-07-05,Curve,Polygon,7.29,DAI,356871892,0.91,3.32
2024-07-05,Curve,Base,7.17,USDC,342739613,1.08,3.68
2024-07-05,Curve,Base,7.22,USDT,323455100,1.17,2.17
2024-07-05,Uniswap V3,Ethereum,7.76,USDC,108921936,22.03,0
2024-07-05,Uniswap V3,Ethereum,6.68,USDT,110859603,21.75,0
2024-07-05,Uniswap V3,Ethereum,7.01,DAI,98013749,19.56,0
2024-07-05,Uniswap V3,Arbitrum,7.67,USDC,97850984,2.57,5.67
2024-07-05,Uniswap V3,Arbitrum,9.21,USDT,99389588,1.96,5.71
2024-07-05,Uniswap V3,Arbitrum,6.38,DAI,100124291,2.33,4.54
2024-07-05,Uniswap V3,Optimism,7.47,USDC,106447753,2.1,3.53
2024-07-05,Uniswap V3,Optimism,9.09,USDT,103271501,1.69,5.29
2024-07-05,Uniswap V3,Optimism,7.72,DAI,102709045,1.52,3.56
2024-07-05,Uniswap V3,Polygon,6.97,USDC,114746005,1.06,3.74
2024-07-05,Uniswap V3,Polygon,9.84,DAI,99315066,1.14,2.95
2024-07-05,Uniswap V3,Base,9.79,USDC,92894954,1.15,3.79
2024-07-05,Uniswap V3,Base,8.07,USDT,101145077,1.67,3.84
2024-07-05,Uniswap V3,Base,5.82,DAI,95868100,1.34,4.88
2024-07-05,Yearn,Ethereum,3.86,USDC,133849784,16.65,0
2024-07-05,Yearn,Ethereum,3.66,USDT,122001989,17.19,0
2024-07-05,Yearn,Ethereum,3.95,DAI,127067178,20.12,0
2024-07-05,Yearn,Arbitrum,4.93,USDC,117910360,2.53,4.91
2024-07-05,Yearn,Arbitrum,3.95,USDT,123609725,2.47,3.43
2024-07-05,Yearn,Arbitrum,4.39,DAI,129002814,2.56,5.01
2024-07-05,Yearn,Optimism,4.34,USDC,126844457,2.04,4.59
2024-07-05,Yearn,Optimism,4.72,USDT,133599102,1.7,4.41
2024-07-05,Yearn,Polygon,4.59,USDC,132768256,0.95,3.27
2024-07-05,Yearn,Polygon,4.47,USDT,124434333,0.82,3.49
2024-07-05,Yearn,Polygon,4.61,DAI,136380259,0.89,2.93
2024-07-05,Yearn,Base,4.65,USDC,126730454,1.69,2.83
2024-07-05,Yearn,Base,4.48,USDT,140329988,1.42,4.0
2024-07-05,Yearn,Base,4.69,DAI,134834439,1.66,2.67
2024-07-05,Pendle,Ethereum,10.94,USDT,86194685,20.65,0
2024-07-05,Pendle,Ethereum,8.42,DAI,81722615,17.22,0
2024-07-05,Pendle,Arbitrum,11.61,USDC,75583929,2.38,5.77
2024-07-05,Pendle,Arbitrum,8.62,USDT,83412776,2.18,6.05
2024-07-05,Pendle,Arbitrum,9.0,DAI,81417441,1.81,4.6
2024-07-05,Pendle,Optimism,9.46,USDC,78582626,1.31,4.59
2024-07-05,Pendle,Optimism,10.44,USDT,73179675,1.14,2.88
2024-07-05,Pendle,Optimism,8.27,DAI,85738038,1.86,4.3
2024-07-05,Pendle,Base,8.7,USDC,77467528,1.52,3.52
2024-07-05,Pendle,Base,8.16,USDT,81993770,1.81,4.33
2024-07-05,Pendle,Base,10.92,DAI,75300438,1.48,3.95
2024-07-05,Convex,Ethereum,5.34,USDC,167198431,13.91,0
2024-07-05,Convex,Ethereum,5.56,USDT,146562608,18.88,0
2024-07-05,Balancer,Ethereum,6.11,USDC,115768402,17.4,0
2024-07-05,Balancer,Ethereum,5.45,USDT,107517176,16.3,0
2024-07-05,Balancer,Arbitrum,6.97,USDT,119615398,1.91,6.26
2024-07-05,Balancer,Arbitrum,6.88,DAI,123991263,2.2,3.59
2024-07-05,Balancer,Optimism,8.81,USDT,127829334,1.64,3.1
2024-07-05,Balancer,Optimism,7.5,DAI,106319426,1.76,2.52
2024-07-05,Balancer,Polygon,8.52,USDC,127841876,1.07,2.72
2024-07-05,Balancer,Polygon,6.29,USDT,112396846,0.98,3.01
2024-07-05,Balancer,Polygon,8.76,DAI,117420155,1.07,4.13
2024-07-05,Balancer,Base,7.11,USDC,118236123,1.51,3.14
2024-07-05,Balancer,Base,7.02,USDT,114875755,1.67,4.09
2024-07-05,Balancer,Base,6.15,DAI,115751879,1.34,3.46
2024-07-06,Aave,Ethereum,3.42,USDC,253496143,10.81,0
2024-07-06,Aave,Ethereum,2.89,USDT,274719622,9.37,0
2024-07-06,Aave,Ethereum,2.79,DAI,274821785,13.02,0
2024-07-06,Aave,Arbitrum,3.7,USDC,266489289,1.71,4.74
2024-07-06,Aave,Arbitrum,3.6,USDT,274457119,1.53,5.9
2024-07-06,Aave,Arbitrum,3.69,DAI,268314117,1.4,6.54
2024-07-06,Aave,Optimism,3.42,USDT,290121369,1.12,5.34
2024-07-06,Aave,Optimism,3.5,DAI,280717221,1.47,2.92
2024-07-06,Aave,Polygon,3.71,USDC,298391810,0.74,2.1
2024-07-06,Aave,Polygon,3.71,USDT,254148757,0.39,4.09
2024-07-06,Aave,Polygon,3.95,DAI,290820390,0.6,3.86
2024-07-06,Aave,Base,3.2,USDC,273818436,0.89,3.28
2024-07-06,Aave,Base,3.63,USDT,262298746,0.79,3.64
2024-07-06,Compound,Ethereum,2.8,USDC,198323495,12.96,0
2024-07-06,Compound,Ethereum,2.69,DAI,205630241,9.31,0
2024-07-06,Compound,Arbitrum,3.48,USDC,213767830,1.42,3.47
2024-07-06,Compound,Arbitrum,3.45,DAI,202621510,1.31,6.25
2024-07-06,Compound,Optimism,3.09,USDC,190880733,0.97,4.19
2024-07-06,Compound,Optimism,3.25,USDT,195629490,1.22,5.1
2024-07-06,Compound,Optimism,3.06,DAI,188506018,1.09,3.4
2024-07-06,Compound,Polygon,3.62,USDT,187346766,0.71,3.64
2024-07-06,Compound,Polygon,3.67,DAI,187330447,0.7,2.84
2024-07-06,Compound,Base,3.02,USDT,201893210,0.96,3.68
2024-07-06,Compound,Base,3.15,DAI,208476641,0.95,3.03
2024-07-06,Curve,Ethereum,6.33,USDC,342493628,11.94,0
2024-07-06,Curve,Ethereum,6.36,USDT,317870391,8.5,0
2024-07-06,Curve,Ethereum,5.6,DAI,355639390,11.2,0
2024-07-06,Curve,Arbitrum,7.57,USDC,331098457,1.25,4.48
2024-07-06,Curve,Arbitrum,6.08,USDT,367238894,1.24,4.0
2024-07-06,Curve,Arbitrum,5.36,DAI,353455017,1.25,4.93
2024-07-06,Curve,Optimism,6.84,USDC,353488290,1.21,4.44
2024-07-06,Curve,Optimism,6.49,DAI,340393857,1.5,4.47
2024-07-06,Curve,Polygon,5.4,USDC,350202792,0.56,2.6
2024-07-06,Curve,Polygon,10.17,USDT,363563024,0.61,3.21
2024-07-06,Curve,Polygon,7.03,DAI,312869030,0.71,3.33
2024-07-06,Curve,Base,7.76,USDC,361440731,1.09,3.69
2024-07-06,Curve,Base,6.96,USDT,344988761,1.2,2.86
2024-07-06,Curve,Base,7.92,DAI,361860973,0.76,3.61
2024-07-06,Uniswap V3,Ethereum,7.54,USDC,107366644,11.57,0
2024-07-06,Uniswap V3,Ethereum,5.8,USDT,101686168,11.51,0
2024-07-06,Uniswap V3,Ethereum,6.97,DAI,101161162,13.64,0
2024-07-06,Uniswap V3,Arbitrum,8.77,USDC,103221697,1.89,4.93
2024-07-06,Uniswap V3,Arbitrum,7.22,USDT,108353460,1.36,4.44
2024-07-06,Uniswap V3,Optimism,7.79,USDC,107208370,1.24,4.7
2024-07-06,Uniswap V3,Optimism,8.06,DAI,104836495,1.0,4.78
2024-07-06,Uniswap V3,Polygon,8.18,USDC,103255783,0.6,2.14
2024-07-06,Uniswap V3,Polygon,7.83,USDT,100448228,0.63,3.08
2024-07-06,Uniswap V3,Polygon,8.24,DAI,109352154,0.45,4.01
2024-07-06,Uniswap V3,Base,8.58,USDC,98970043,0.76,5.44
2024-07-06,Uniswap V3,Base,8.91,DAI,104521063,1.0,3.21
2024-07-06,Yearn,Ethereum,3.9,USDC,130965914,11.95,0
2024-07-06,Yearn,Ethereum,3.36,USDT,130715904,11.84,0
2024-07-06,Yearn,Ethereum,3.69,DAI,123131412,7.64,0
2024-07-06,Yearn,Arbitrum,4.79,USDC,136111319,1.74,5.98
2024-07-06,Yearn,Arbitrum,4.37,USDT,123421453,1.73,5.42
2024-07-06,Yearn,Arbitrum,4.4,DAI,126716748,2.1,3.18
2024-07-06,Yearn,Optimism,4.39,USDC,127439396,1.34,3.98
2024-07-06,Yearn,Optimism,4.31,USDT,122249604,1.04,4.91
2024-07-06,Yearn,Optimism,4.31,DAI,129113114,1.17,3.26
2024-07-06,Yearn,Polygon,4.38,USDC,125952882,0.56,2.69
2024-07-06,Yearn,Polygon,4.96,USDT,130291915,0.58,3.65
2024-07-06,Yearn,Polygon,4.59,DAI,127462414,0.67,1.84
2024-07-06,Yearn,Base,4.93,USDC,132581222,1.02,3.63
2024-07-06,Yearn,Base,4.71,USDT,132552038,0.87,4.37
2024-07-06,Yearn,Base,4.79,DAI,134827934,0.96,4.44
2024-07-06,Pendle,Ethereum,9.12,USDC,78631081,10.59,0
2024-07-06,Pendle,Ethereum,9.36,USDT,84500102,10.93,0
2024-07-06,Pendle,Ethereum,8.1,DAI,82153981,11.7,0
2024-07-06,Pendle,Arbitrum,11.23,USDC,88218019,1.63,5.55
2024-07-06,Pendle,Arbitrum,11.39,USDT,85896998,1.84,3.89
2024-07-06,Pendle,Arbitrum,12.9,DAI,82376034,1.67,6.36
2024-07-06,Pendle,Optimism,10.07,USDC,81381223,1.19,5.71
2024-07-06,Pendle,Optimism,10.7,USDT,83520670,1.23,4.11
2024-07-06,Pendle,Optimism,12.94,DAI,80683073,1.4,4.07
2024-07-06,Pendle,Base,10.46,USDC,78176974,1.02,5.22
2024-07-06,Pendle,Base,12.06,USDT,79968102,0.96,4.23
2024-07-06,Convex,Ethereum,5.58,USDC,162380432,13.59,0
2024-07-06,Convex,Ethereum,5.6,USDT,164609946,13.89,0
2024-07-06,Convex,Ethereum,5.31,DAI,166087910,12.57,0
2024-07-06,Balancer,Ethereum,5.85,USDC,118926894,12.83,0
2024-07-06,Balancer,Ethereum,6.03,USDT,117144745,14.45,0
2024-07-06,Balancer,Arbitrum,8.29,USDC,117443935,1.61,2.93
2024-07-06,Balancer,Arbitrum,7.78,DAI,131601132,1.79,5.3
2024-07-06,Balancer,Optimism,8.22,USDC,120601115,0.92,1.99
2024-07-06,Balancer,Optimism,7.49,USDT,112648419,1.31,4.72
2024-07-06,Balancer,Optimism,6.26,DAI,113299423,1.27,6.22
2024-07-06,Balancer,Polygon,6.81,USDC,112498640,0.56,1.71
2024-07-06,Balancer,Polygon,6.88,DAI,125697361,0.69,2.49
2024-07-06,Balancer,Base,7.86,USDC,119397053,0.72,3.95
2024-07-06,Balancer,Base,7.23,USDT,116746471,0.97,4.01
2024-07-06,Balancer,Base,7.16,DAI,123381365,1.28,3.04
2024-07-07,Aave,Ethereum,3.04,USDC,277102417,11.55,0
2024-07-07,Aave,Ethereum,3.14,USDT,278843405,10.48,0
2024-07-07,Aave,Ethereum,3.27,DAI,266361819,11.48,0
2024-07-07,Aave,Arbitrum,3.57,USDC,278286921,1.44,3.14
2024-07-07,Aave,Arbitrum,3.63,USDT,278405581,1.59,3.21
2024-07-07,Aave,Optimism,2.81,USDC,279647934,1.49,3.45
2024-07-07,Aave,Optimism,3.46,USDT,251830551,1.16,3.63
2024-07-07,Aave,Optimism,3.65,DAI,293409219,1.42,4.31
2024-07-07,Aave,Polygon,4.13,USDC,283695920,0.6,3.0
2024-07-07,Aave,Polygon,3.56,USDT,270346609,0.54,3.28
2024-07-07,Aave,Polygon,3.6,DAI,290968544,0.59,2.7
2024-07-07,Aave,Base,3.66,USDC,277160757,1.12,4.3
2024-07-07,Aave,Base,3.4,USDT,263957011,0.87,3.25
2024-07-07,Aave,Base,3.64,DAI,290264885,1.05,3.85
2024-07-07,Compound,Ethereum,2.71,USDC,199235252,13.38,0
2024-07-07,Compound,Ethereum,3.15,USDT,204654991,11.61,0
2024-07-07,Compound,Arbitrum,3.28,USDC,207376656,1.45,3.91
2024-07-07,Compound,Arbitrum,3.4,USDT,195747402,1.73,4.74
2024-07-07,Compound,Arbitrum,3.77,DAI,221851053,1.25,3.99
2024-07-07,Compound,Optimism,3.21,USDC,198913247,1.12,3.6
2024-07-07,Compound,Optimism,3.4,USDT,181701141,0.88,3.73
2024-07-07,Compound,Optimism,3.56,DAI,199465669,1.38,4.07
2024-07-07,Compound,Polygon,3.59,USDC,179113248,0.68,3.24
2024-07-07,Compound,Polygon,3.47,USDT,187937696,0.54,3.89
2024-07-07,Compound,Polygon,3.83,DAI,180841048,0.53,3.48
2024-07-07,Compound,Base,3.91,USDC,194128492,0.89,3.66
2024-07-07,Compound,Base,3.56,USDT,215329351,1.17,4.9
2024-07-07,Compound,Base,3.35,DAI,202636491,0.6,3.37
2024-07-07,Curve,Ethereum,7.75,USDC,351857277,12.57,0
2024-07-07,Curve,Ethereum,6.33,USDT,333023399,12.98,0
2024-07-07,Curve,Ethereum,5.25,DAI,372842926,13.58,0
2024-07-07,Curve,Arbitrum,7.34,USDC,332080985,1.45,2.62
2024-07-07,Curve,Arbitrum,7.59,USDT,380466536,1.54,5.93
2024-07-07,Curve,Arbitrum,8.41,DAI,362367784,1.55,5.69
2024-07-07,Curve,Optimism,6.99,USDC,357506001,1.13,4.59
2024-07-07,Curve,Optimism,7.73,USDT,355065946,1.52,4.97
2024-07-07,Curve,Optimism,8.44,DAI,359075075,1.26,4.09
2024-07-07,Curve,Polygon,7.09,USDC,348503819,0.63,3.32
2024-07-07,Curve,Polygon,8.26,DAI,375962503,0.56,3.05
2024-07-07,Curve,Base,5.69,USDC,318796001,0.83,3.85
2024-07-07,Curve,Base,7.65,DAI,366795293,1.06,3.17
2024-07-07,Uniswap V3,Ethereum,6.41,USDC,106150462,12.17,0
2024-07-07,Uniswap V3,Ethereum,6.34,USDT,104563848,12.15,0
2024-07-07,Uniswap V3,Ethereum,6.09,DAI,98893900,11.7,0
2024-07-07,Uniswap V3,Arbitrum,9.16,USDC,107961813,1.95,4.61
2024-07-07,Uniswap V3,Arbitrum,5.88,USDT,100821393,1.11,5.61
2024-07-07,Uniswap V3,Arbitrum,10.33,DAI,98795260,1.26,6.16
2024-07-07,Uniswap V3,Optimism,7.64,USDC,96896052,1.03,4.0
2024-07-07,Uniswap V3,Optimism,10.13,USDT,102027414,1.49,3.62
2024-07-07,Uniswap V3,Optimism,7.63,DAI,101789984,1.21,3.68
2024-07-07,Uniswap V3,Polygon,8.19,USDC,108618556,0.57,2.29
2024-07-07,Uniswap V3,Polygon,9.48,DAI,109653798,0.43,3.25
2024-07-07,Uniswap V3,Base,9.26,USDC,113844077,1.36,3.43
2024-07-07,Uniswap V3,Base,8.16,USDT,103805786,0.93,3.62
2024-07-07,Uniswap V3,Base,7.59,DAI,105969951,0.98,4.12
2024-07-07,Yearn,Ethereum,3.89,USDC,126485130,7.82,0
2024-07-07,Yearn,Ethereum,3.51,USDT,137244040,11.51,0
2024-07-07,Yearn,Ethereum,3.94,DAI,126437966,13.3,0
2024-07-07,Yearn,Arbitrum,4.76,USDC,129968494,1.02,4.06
2024-07-07,Yearn,Arbitrum,4.38,USDT,121755786,1.61,4.62
2024-07-07,Yearn,Arbitrum,4.21,DAI,138738014,1.82,5.83
2024-07-07,Yearn,Optimism,4.59,USDC,129568708,1.05,3.73
2024-07-07,Yearn,Optimism,4.42,USDT,123461834,1.35,3.93
2024-07-07,Yearn,Optimism,4.44,DAI,136502517,1.14,2.69
2024-07-07,Yearn,Polygon,4.65,USDC,128425186,0.5,3.0
2024-07-07,Yearn,Polygon,4.78,USDT,123660679,0.53,2.11
2024-07-07,Yearn,Polygon,4.7,DAI,139032621,0.46,3.29
2024-07-07,Yearn,Base,4.77,USDC,130686487,0.52,3.22
2024-07-07,Yearn,Base,4.99,USDT,121344141,0.84,3.12
2024-07-07,Yearn,Base,4.66,DAI,130817859,0.83,4.35
2024-07-07,Pendle,Ethereum,6.89,USDT,79973160,12.26,0
2024-07-07,Pendle,Ethereum,11.04,DAI,77829242,12.9,0
2024-07-07,Pendle,Arbitrum,11.82,USDC,84347930,2.04,5.23
2024-07-07,Pendle,Arbitrum,9.26,USDT,89440698,1.6,5.96
2024-07-07,Pendle,Arbitrum,11.41,DAI,88460859,1.57,4.4
2024-07-07,Pendle,Optimism,7.27,USDC,86187257,1.33,4.62
2024-07-07,Pendle,Optimism,10.51,USDT,82478007,1.34,3.62
2024-07-07,Pendle,Base,8.76,USDC,82992901,0.82,4.05
2024-07-07,Pendle,Base,13.34,DAI,75592747,0.95,3.98
2024-07-07,Convex,Ethereum,5.16,USDC,177860146,17.36,0
2024-07-07,Convex,Ethereum,5.32,DAI,158775314,12.77,0
2024-07-07,Balancer,Ethereum,6.46,USDC,118703698,13.34,0
2024-07-07,Balancer,Ethereum,6.18,USDT,120937565,11.12,0
2024-07-07,Balancer,Ethereum,6.42,DAI,127681017,12.86,0
2024-07-07,Balancer,Arbitrum,6.73,USDC,115855891,1.66,5.34
2024-07-07,Balancer,Arbitrum,7.49,USDT,130224490,1.9,5.74
2024-07-07,Balancer,Arbitrum,8.32,DAI,121942172,1.83,4.52
2024-07-07,Balancer,Optimism,7.98,USDC,116226353,1.25,4.36
2024-07-07,Balancer,Optimism,7.16,USDT,131848958,1.16,4.52
2024-07-07,Balancer,Optimism,7.19,DAI,113397697,1.33,4.42
2024-07-07,Balancer,Polygon,8.38,USDC,131772855,0.51,2.19
2024-07-07,Balancer,Polygon,7.9,USDT,116287407,0.74,3.6
2024-07-07,Balancer,Polygon,8.64,DAI,126366435,0.77,2.3
2024-07-07,Balancer,Base,7.82,USDC,120654272,0.94,3.75
2024-07-07,Balancer,Base,7.43,USDT,123787373,1.29,3.83
2024-07-08,Aave,Ethereum,3.16,USDC,273123915,14.7,0
2024-07-08,Aave,Ethereum,3.26,USDT,272258341,17.8,0
2024-07-08,Aave,Ethereum,3.27,DAI,288722581,14.1,0
2024-07-08,Aave,Arbitrum,3.98,USDC,286198309,2.39,5.25
2024-07-08,Aave,Arbitrum,4.06,DAI,285192161,3.31,5.48
2024-07-08,Aave,Optimism,3.36,USDC,305367292,1.43,4.27
2024-07-08,Aave,Optimism,3.41,USDT,279576763,1.92,5.13
2024-07-08,Aave,Optimism,3.47,DAI,290618563,1.44,3.99
2024-07-08,Aave,Polygon,3.89,USDC,275869978,0.95,2.87
2024-07-08,Aave,Polygon,3.77,USDT,284385666,0.99,3.44
2024-07-08,Aave,Polygon,3.98,DAI,273909389,0.97,1.89
2024-07-08,Aave,Base,3.68,USDC,287779430,1.73,4.02
2024-07-08,Aave,Base,3.85,USDT,244014051,1.36,3.27
2024-07-08,Aave,Base,3.63,DAI,271787688,1.4,4.83
2024-07-08,Compound,Ethereum,3.13,USDC,213442725,17.47,0
2024-07-08,Compound,Ethereum,2.93,USDT,178246045,17.53,0
2024-07-08,Compound,Ethereum,2.98,DAI,202030261,18.13,0
2024-07-08,Compound,Arbitrum,3.3,USDC,192842258,2.59,4.9
2024-07-08,Compound,Arbitrum,3.91,USDT,197087521,2.42,3.8
2024-07-08,Compound,Arbitrum,3.51,DAI,206508850,2.16,5.66
2024-07-08,Compound,Optimism,3.36,USDC,215649951,2.25,4.08
2024-07-08,Compound,Optimism,3.46,USDT,200998291,1.72,3.32
2024-07-08,Compound,Optimism,3.58,DAI,205865935,1.38,3.3
2024-07-08,Compound,Polygon,3.7,USDC,193858044,0.94,3.27
2024-07-08,Compound,Polygon,4.22,USDT,188823797,0.94,2.2
2024-07-08,Compound,Polygon,3.55,DAI,193871134,0.94,4.18
2024-07-08,Compound,Base,3.49,USDT,200391038,1.71,4.81
2024-07-08,Compound,Base,3.52,DAI,193334785,1.2,4.36
2024-07-08,Curve,Ethereum,6.2,USDC,344951972,21.47,0
2024-07-08,Curve,Ethereum,5.48,USDT,369598065,19.2,0
2024-07-08,Curve,Ethereum,6.38,DAI,357841450,7.49,0
2024-07-08,Curve,Arbitrum,7.73,USDT,366748228,2.43,3.86
2024-07-08,Curve,Arbitrum,8.39,DAI,342686874,2.61,4.39
2024-07-08,Curve,Optimism,6.84,USDC,368834382,1.7,5.16
2024-07-08,Curve,Optimism,7.42,USDT,367207038,1.74,4.39
2024-07-08,Curve,Polygon,8.84,USDC,371700309,1.01,2.8
2024-07-08,Curve,Polygon,6.7,USDT,354836747,1.02,3.32
2024-07-08,Curve,Polygon,8.79,DAI,350264150,0.76,1.77
2024-07-08,Curve,Base,7.16,USDC,359029730,1.2,4.54
2024-07-08,Curve,Base,8.44,USDT,332627151,1.37,3.69
2024-07-08,Curve,Base,6.9,DAI,352017094,1.5,5.63
2024-07-08,Uniswap V3,Ethereum,8.13,USDC,108934540,13.92,0
2024-07-08,Uniswap V3,Ethereum,5.72,USDT,106370661,19.72,0
2024-07-08,Uniswap V3,Ethereum,7.44,DAI,110333332,19.57,0
2024-07-08,Uniswap V3,Arbitrum,7.02,USDC,116789364,1.97,5.89
2024-07-08,Uniswap V3,Arbitrum,8.32,USDT,100448204,2.61,5.02
2024-07-08,Uniswap V3,Arbitrum,7.72,DAI,112090077,2.94,3.87
2024-07-08,Uniswap V3,Optimism,7.36,USDC,113733152,1.69,1.98
2024-07-08,Uniswap V3,Optimism,8.38,USDT,103753633,1.34,2.8
2024-07-08,Uniswap V3,Optimism,8.23,DAI,97508356,2.27,3.04
2024-07-08,Uniswap V3,Polygon,9.36,USDC,99184594,0.97,3.83
2024-07-08,Uniswap V3,Polygon,7.08,USDT,108151985,0.93,2.9
2024-07-08,Uniswap V3,Polygon,9.33,DAI,105328728,1.05,3.54
2024-07-08,Uniswap V3,Base,8.31,USDC,108555740,1.23,3.88
2024-07-08,Uniswap V3,Base,9.14,USDT,108793285,1.51,4.95
2024-07-08,Uniswap V3,Base,8.62,DAI,104034530,1.33,4.35
2024-07-08,Yearn,Ethereum,4.01,USDT,132342100,18.67,0
2024-07-08,Yearn,Arbitrum,4.61,USDC,136915997,2.24,4.86
2024-07-08,Yearn,Arbitrum,4.44,USDT,131040910,1.9,2.96
2024-07-08,Yearn,Arbitrum,4.79,DAI,134548841,1.96,5.38
2024-07-08,Yearn,Optimism,4.5,USDC,133293842,2.1,4.15
2024-07-08,Yearn,Optimism,4.27,USDT,137068645,1.8,5.0
2024-07-08,Yearn,Optimism,4.52,DAI,136647783,1.7,3.23
2024-07-08,Yearn,Polygon,4.82,USDT,139616236,1.21,3.23
2024-07-08,Yearn,Base,5.01,USDC,134611749,1.61,5.59
2024-07-08,Yearn,Base,4.55,USDT,125678309,0.8,2.86
2024-07-08,Yearn,Base,4.67,DAI,124401309,1.37,5.04
2024-07-08,Pendle,Ethereum,9.26,USDC,86985398,18.36,0
2024-07-08,Pendle,Ethereum,8.64,DAI,83502501,21.55,0
2024-07-08,Pendle,Arbitrum,10.05,USDC,83924349,2.18,4.95
2024-07-08,Pendle,Arbitrum,11.62,USDT,85679472,2.47,6.06
2024-07-08,Pendle,Arbitrum,10.23,DAI,88831403,2.44,4.66
2024-07-08,Pendle,Optimism,10.75,USDC,80763396,1.98,4.75
2024-07-08,Pendle,Optimism,11.2,USDT,83140368,2.06,3.05
2024-07-08,Pendle,Optimism,9.38,DAI,84440009,1.97,5.29
2024-07-08,Pendle,Base,8.95,USDC,79149409,1.61,4.81
2024-07-08,Pendle,Base,11.27,USDT,85739942,1.52,3.63
2024-07-08,Convex,Ethereum,6.63,USDC,170417928,17.03,0
2024-07-08,Convex,Ethereum,4.6,DAI,155144148,18.86,0
2024-07-08,Balancer,Ethereum,7.29,USDC,124401107,13.71,0
2024-07-08,Balancer,Ethereum,5.81,USDT,120880300,12.78,0
2024-07-08,Balancer,Ethereum,6.09,DAI,118582222,15.01,0
2024-07-08,Balancer,Arbitrum,8.52,USDC,124609739,2.31,4.08
2024-07-08,Balancer,Arbitrum,7.18,USDT,120901938,2.52,5.23
2024-07-08,Balancer,Arbitrum,8.32,DAI,123882678,3.31,5.81
2024-07-08,Balancer,Optimism,6.1,USDT,122546067,1.57,4.32
2024-07-08,Balancer,Optimism,6.85,DAI,125027790,1.03,3.99
2024-07-08,Balancer,Polygon,8.56,USDC,122841913,0.94,3.36
2024-07-08,Balancer,Polygon,9.58,USDT,122196749,1.16,4.05
2024-07-08,Balancer,Polygon,8.5,DAI,123301441,0.94,4.13
2024-07-08,Balancer,Base,8.15,USDC,123638808,1.81,4.67
2024-07-08,Balancer,Base,7.23,USDT,123387159,1.06,4.39
2024-07-08,Balancer,Base,8.04,DAI,125450684,1.35,4.16
2024-07-09,Aave,Ethereum,3.21,USDC,281156441,20.06,0
2024-07-09,Aave,Ethereum,3.05,USDT,260710793,19.2,0
2024-07-09,Aave,Ethereum,3.36,DAI,286194496,16.1,0
2024-07-09,Aave,Arbitrum,3.81,USDC,283370001,2.41,4.0
2024-07-09,Aave,Arbitrum,3.82,USDT,283786094,2.32,3.51
2024-07-09,Aave,Arbitrum,3.83,DAI,250500601,2.37,5.25
2024-07-09,Aave,Optimism,3.54,USDC,286182469,1.68,3.3
2024-07-09,Aave,Optimism,3.37,USDT,276186031,1.52,4.11
2024-07-09,Aave,Optimism,3.81,DAI,323895578,2.2,4.07
2024-07-09,Aave,Polygon,3.71,USDC,289204855,0.88,2.8
2024-07-09,Aave,Polygon,3.93,USDT,285741132,0.89,3.04
2024-07-09,Aave,Polygon,4.25,DAI,283240718,0.96,2.81
2024-07-09,Aave,Base,3.82,USDC,292706349,1.13,3.62
2024-07-09,Aave,Base,3.75,USDT,266048261,1.27,3.75
2024-07-09,Aave,Base,3.58,DAI,260689311,1.78,4.83
2024-07-09,Compound,Ethereum,2.73,USDC,217098225,19.61,0
2024-07-09,Compound,Ethereum,3.06,DAI,199303420,19.41,0
2024-07-09,Compound,Arbitrum,3.92,USDC,198461840,1.88,4.61
2024-07-09,Compound,Arbitrum,3.6,USDT,203123287,2.38,5.18
2024-07-09,Compound,Optimism,3.43,USDC,205751929,1.8,3.32
2024-07-09,Compound,Optimism,3.52,USDT,198977740,1.68,4.04
2024-07-09,Compound,Optimism,3.23,DAI,206397122,2.1,3.98
2024-07-09,Compound,Polygon,3.51,USDC,205068205,0.88,3.88
2024-07-09,Compound,Polygon,3.72,USDT,203310880,0.64,3.13
2024-07-09,Compound,Polygon,3.66,DAI,193520325,0.82,2.87
2024-07-09,Compound,Base,3.76,USDT,183809563,1.53,2.34
2024-07-09,Compound,Base,3.82,DAI,201414138,1.41,4.17
2024-07-09,Curve,Ethereum,5.06,USDC,366615610,16.8,0
2024-07-09,Curve,Ethereum,6.88,USDT,335273519,19.82,0
2024-07-09,Curve,Ethereum,5.88,DAI,384851010,20.67,0
2024-07-09,Curve,Arbitrum,6.91,USDC,394657528,2.56,5.63
2024-07-09,Curve,Arbitrum,7.17,DAI,330511295,2.02,3.99
2024-07-09,Curve,Optimism,7.38,USDC,361222799,1.83,5.06
2024-07-09,Curve,Optimism,7.43,USDT,344370168,1.97,5.08
2024-07-09,Curve,Optimism,7.67,DAI,344717041,1.78,3.13
2024-07-09,Curve,Polygon,9.8,USDC,367442556,1.09,3.72
2024-07-09,Curve,Polygon,7.89,USDT,336185117,0.96,1.94
2024-07-09,Curve,Polygon,6.68,DAI,365639496,1.05,3.87
2024-07-09,Curve,Base,7.49,USDT,379209514,0.87,3.92
2024-07-09,Curve,Base,8.42,DAI,327802385,1.64,4.8
2024-07-09,Uniswap V3,Ethereum,5.53,USDC,94888413,25.15,0
2024-07-09,Uniswap V3,Ethereum,5.49,USDT,107572082,18.91,0
2024-07-09,Uniswap V3,Ethereum,8.33,DAI,112562677,19.26,0
2024-07-09,Uniswap V3,Arbitrum,8.94,USDC,96066240,2.23,4.64
2024-07-09,Uniswap V3,Arbitrum,8.66,USDT,107856398,1.56,5.81
2024-07-09,Uniswap V3,Arbitrum,6.17,DAI,93510736,1.68,6.23
2024-07-09,Uniswap V3,Optimism,7.96,USDC,111390112,1.64,4.17
2024-07-09,Uniswap V3,Polygon,9.3,USDC,101786143,0.91,3.5
2024-07-09,Uniswap V3,Polygon,9.92,USDT,111310353,1.13,1.07
2024-07-09,Uniswap V3,Polygon,9.05,DAI,105865002,0.89,2.1
2024-07-09,Uniswap V3,Base,7.7,USDC,112447783,1.65,3.7
2024-07-09,Uniswap V3,Base,9.6,USDT,102180613,1.27,2.43
2024-07-09,Uniswap V3,Base,8.07,DAI,111871807,1.34,4.67
2024-07-09,Yearn,Ethereum,3.4,USDC,127177526,19.25,0
2024-07-09,Yearn,Ethereum,3.99,USDT,137096145,24.63,0
2024-07-09,Yearn,Ethereum,4.04,DAI,136676370,17.43,0
2024-07-09,Yearn,Arbitrum,4.81,USDC,130910898,2.57,6.32
2024-07-09,Yearn,Arbitrum,4.45,USDT,136775870,2.72,4.57
2024-07-09,Yearn,Arbitrum,4.73,DAI,140220841,2.22,4.14
2024-07-09,Yearn,Optimism,4.43,USDC,123891400,1.63,5.38
2024-07-09,Yearn,Optimism,4.27,USDT,143163763,1.95,4.32
2024-07-09,Yearn,Optimism,4.24,DAI,128218249,1.79,3.52
2024-07-09,Yearn,Polygon,4.77,DAI,137036378,0.89,2.87
2024-07-09,Yearn,Base,4.36,USDC,126199410,1.29,3.64
2024-07-09,Yearn,Base,4.77,USDT,125155133,1.34,4.42
2024-07-09,Yearn,Base,4.71,DAI,140666258,1.04,6.01
2024-07-09,Pendle,Ethereum,7.92,USDC,80803379,16.26,0
2024-07-09,Pendle,Ethereum,8.88,USDT,90753919,15.36,0
2024-07-09,Pendle,Ethereum,7.94,DAI,84062874,16.35,0
2024-07-09,Pendle,Arbitrum,8.94,USDC,77864890,2.14,6.4
2024-07-09,Pendle,Arbitrum,12.54,USDT,87881111,2.63,5.43
2024-07-09,Pendle,Arbitrum,11.51,DAI,86718652,2.42,5.09
2024-07-09,Pendle,Optimism,10.97,USDT,86396033,1.59,4.26
2024-07-09,Pendle,Optimism,10.64,DAI,83905446,1.58,3.86
2024-07-09,Pendle,Base,9.34,USDC,88140766,1.69,4.66
2024-07-09,Pendle,Base,11.08,USDT,79197242,1.35,2.66
2024-07-09,Pendle,Base,10.27,DAI,81005229,1.45,3.76
2024-07-09,Convex,Ethereum,5.08,USDC,164646440,19.33,0
2024-07-09,Convex,Ethereum,5.09,USDT,157221283,17.43,0
2024-07-09,Convex,Ethereum,5.3,DAI,156750746,20.35,0
2024-07-09,Balancer,Ethereum,7.03,USDC,111347433,18.16,0
2024-07-09,Balancer,Ethereum,6.17,USDT,121982196,16.86,0
2024-07-09,Balancer,Ethereum,6.25,DAI,127847988,23.13,0
2024-07-09,Balancer,Arbitrum,6.71,USDC,123241206,2.51,4.47
2024-07-09,Balancer,Arbitrum,7.79,USDT,124303180,1.83,4.08
2024-07-09,Balancer,Arbitrum,6.95,DAI,128458547,2.28,5.15
2024-07-09,Balancer,Optimism,8.34,USDC,129326337,2.03,4.91
2024-07-09,Balancer,Optimism,7.6,USDT,110996926,2.1,2.58
2024-07-09,Balancer,Optimism,7.83,DAI,112420659,2.02,4.61
2024-07-09,Balancer,Polygon,7.98,USDC,122636019,0.9,3.51
2024-07-09,Balancer,Polygon,8.24,USDT,138699766,0.81,3.6
2024-07-09,Balancer,Base,7.0,USDC,121234147,1.39,4.43
2024-07-09,Balancer,Base,6.47,USDT,123020885,1.7,3.97
2024-07-10,Aave,Ethereum,3.38,USDC,255081891,16.65,0
2024-07-10,Aave,Ethereum,2.93,USDT,273855788,21.14,0
2024-07-10,Aave,Ethereum,3.52,DAI,286713101,12.17,0
2024-07-10,Aave,Arbitrum,3.8,USDT,300349875,2.52,5.5
2024-07-10,Aave,Arbitrum,3.78,DAI,302599410,2.53,5.09
2024-07-10,Aave,Optimism,3.95,USDC,257708834,1.44,3.21
2024-07-10,Aave,Optimism,3.92,USDT,251156694,2.04,3.24
2024-07-10,Aave,Optimism,3.75,DAI,282777464,1.5,3.62
2024-07-10,Aave,Polygon,4.06,USDC,265222492,1.04,2.07
2024-07-10,Aave,Polygon,3.97,USDT,269442685,1.1,2.14
2024-07-10,Aave,Polygon,3.68,DAI,267583989,0.79,2.63
2024-07-10,Aave,Base,3.93,USDC,277827662,1.44,3.39
2024-07-10,Aave,Base,3.89,USDT,298764917,1.63,3.55
2024-07-10,Aave,Base,4.04,DAI,285926360,1.44,3.38
2024-07-10,Compound,Ethereum,3.23,USDC,203640804,22.45,0
2024-07-10,Compound,Ethereum,3.26,USDT,193746317,16.72,0
2024-07-10,Compound,Ethereum,3.11,DAI,184034810,18.52,0
2024-07-10,Compound,Arbitrum,3.84,USDC,189316369,1.91,3.95
2024-07-10,Compound,Arbitrum,3.69,DAI,196351000,2.15,4.67
2024-07-10,Compound,Optimism,3.65,USDC,210797451,2.03,3.93
2024-07-10,Compound,Optimism,3.67,USDT,198449535,1.64,3.3
2024-07-10,Compound,Optimism,3.52,DAI,194014322,2.11,3.86
2024-07-10,Compound,Polygon,4.16,USDC,202250493,1.2,2.87
2024-07-10,Compound,Polygon,4.14,USDT,200493376,1.07,2.95
2024-07-10,Compound,Polygon,3.85,DAI,196915495,1.01,3.4
2024-07-10,Compound,Base,3.74,USDC,195437117,1.71,3.75
2024-07-10,Compound,Base,3.98,USDT,210125550,1.32,3.55
2024-07-10,Compound,Base,3.87,DAI,200435192,1.65,3.0
2024-07-10,Curve,Ethereum,7.05,USDC,358108598,18.83,0
2024-07-10,Curve,Ethereum,5.42,USDT,353570004,19.14,0
2024-07-10,Curve,Ethereum,6.93,DAI,334809626,19.07,0
2024-07-10,Curve,Arbitrum,5.33,USDC,349573863,2.33,6.29
2024-07-10,Curve,Arbitrum,9.56,USDT,350864366,2.02,5.38
2024-07-10,Curve,Arbitrum,6.81,DAI,365698846,2.45,2.97
2024-07-10,Curve,Optimism,7.8,USDC,362647802,1.42,4.48
2024-07-10,Curve,Optimism,7.74,USDT,341666144,1.44,3.26
2024-07-10,Curve,Optimism,6.82,DAI,362983871,1.62,3.12
2024-07-10,Curve,Polygon,8.14,USDC,367789574,1.13,2.93
2024-07-10,Curve,Polygon,7.72,USDT,343629310,0.95,1.93
2024-07-10,Curve,Polygon,8.2,DAI,388876318,1.08,3.27
2024-07-10,Curve,Base,5.79,USDC,360337540,1.19,5.1
2024-07-10,Curve,Base,7.73,USDT,361645761,1.41,2.87
2024-07-10,Curve,Base,7.46,DAI,363907250,1.45,3.13
2024-07-10,Uniswap V3,Ethereum,6.12,USDC,109083769,20.03,0
2024-07-10,Uniswap V3,Ethereum,5.27,USDT,105793300,19.24,0
2024-07-10,Uniswap V3,Arbitrum,9.34,USDC,102494273,2.71,4.87
2024-07-10,Uniswap V3,Arbitrum,8.36,USDT,101127174,1.45,4.03
2024-07-10,Uniswap V3,Arbitrum,10.39,DAI,104970208,1.97,5.9
2024-07-10,Uniswap V3,Optimism,7.67,USDC,94272833,1.86,4.78
2024-07-10,Uniswap V3,Optimism,7.41,USDT,96260934,1.99,4.35
2024-07-10,Uniswap V3,Optimism,8.11,DAI,106548190,1.69,4.16
2024-07-10,Uniswap V3,Polygon,7.73,USDC,109154951,1.1,2.38
2024-07-10,Uniswap V3,Polygon,8.34,USDT,116717468,1.06,4.03
2024-07-10,Uniswap V3,Polygon,9.99,DAI,106190860,1.06,3.72
2024-07-10,Uniswap V3,Base,8.21,USDC,107296642,1.33,3.8
2024-07-10,Uniswap V3,Base,9.98,DAI,105358429,1.29,4.38
2024-07-10,Yearn,Ethereum,4.11,USDC,142923352,20.32,0
2024-07-10,Yearn,Ethereum,3.6,USDT,134931677,17.59,0
2024-07-10,Yearn,Ethereum,3.8,DAI,139182509,18.38,0
2024-07-10,Yearn,Arbitrum,5.33,USDC,131415724,2.76,5.51
2024-07-10,Yearn,Arbitrum,4.63,USDT,136359199,2.75,5.12
2024-07-10,Yearn,Optimism,4.93,USDC,132331217,1.73,3.56
2024-07-10,Yearn,Optimism,4.64,DAI,129929494,1.26,4.39
2024-07-10,Yearn,Polygon,5.05,USDC,144170077,0.92,3.69
2024-07-10,Yearn,Polygon,5.45,USDT,134509120,0.79,2.84
2024-07-10,Yearn,Polygon,5.05,DAI,137043632,0.96,3.01
2024-07-10,Yearn,Base,5.17,USDC,136403353,1.08,2.94
2024-07-10,Yearn,Base,5.03,USDT,126293597,1.19,4.86
2024-07-10,Yearn,Base,4.67,DAI,142912161,1.65,4.29
2024-07-10,Pendle,Ethereum,8.8,USDC,79151703,13.18,0
2024-07-10,Pendle,Ethereum,9.35,USDT,84150480,24.16,0
2024-07-10,Pendle,Ethereum,9.53,DAI,82294421,20.96,0
2024-07-10,Pendle,Arbitrum,10.99,USDC,82774660,2.4,5.23
2024-07-10,Pendle,Arbitrum,10.99,USDT,75929033,2.4,5.18
2024-07-10,Pendle,Arbitrum,13.25,DAI,86586779,2.29,4.67
2024-07-10,Pendle,Optimism,7.83,USDC,80756621,1.86,5.02
2024-07-10,Pendle,Base,8.43,USDC,88134779,1.2,4.09
2024-07-10,Pendle,Base,10.22,USDT,80423290,1.72,2.27
2024-07-10,Pendle,Base,8.76,DAI,84666575,0.95,2.58
2024-07-10,Convex,Ethereum,5.73,USDC,171692723,11.35,0
2024-07-10,Convex,Ethereum,6.46,USDT,169335887,15.19,0
2024-07-10,Convex,Ethereum,4.85,DAI,157052855,21.13,0
2024-07-10,Balancer,Ethereum,5.21,USDC,121604916,17.95,0
2024-07-10,Balancer,Ethereum,6.09,USDT,117806192,14.03,0
2024-07-10,Balancer,Ethereum,7.24,DAI,131637966,18.67,0
2024-07-10,Balancer,Arbitrum,7.57,USDC,117205197,1.69,5.11
2024-07-10,Balancer,Arbitrum,8.41,USDT,127919600,2.57,4.29
2024-07-10,Balancer,Arbitrum,8.64,DAI,113568937,2.2,4.33
2024-07-10,Balancer,Optimism,7.15,USDC,119365408,1.67,4.88
2024-07-10,Balancer,Optimism,7.45,USDT,128338232,2.11,3.94
2024-07-10,Balancer,Optimism,8.67,DAI,126007960,1.75,4.0
2024-07-10,Balancer,Polygon,8.06,USDC,120261062,0.95,3.44
2024-07-10,Balancer,Polygon,7.44,USDT,117067606,0.84,3.9
2024-07-10,Balancer,Polygon,8.28,DAI,116804178,0.79,2.82
2024-07-10,Balancer,Base,8.1,USDC,120981853,1.4,3.36
2024-07-10,Balancer,Base,7.26,DAI,110882068,1.29,3.64
2024-07-11,Aave,Ethereum,3.3,USDC,282604442,18.86,0
2024-07-11,Aave,Ethereum,3.27,USDT,256085253,19.38,0
2024-07-11,Aave,Arbitrum,3.97,USDT,280149461,2.34,4.0
2024-07-11,Aave,Arbitrum,4.02,DAI,267890999,2.5,6.34
2024-07-11,Aave,Optimism,3.71,USDC,272943740,2.05,4.13
2024-07-11,Aave,Optimism,3.85,USDT,255318117,1.71,1.0
2024-07-11,Aave,Optimism,3.7,DAI,285623573,2.15,4.23
2024-07-11,Aave,Polygon,3.9,USDC,293244569,0.9,2.75
2024-07-11,Aave,Polygon,4.41,USDT,287607199,1.31,2.69
2024-07-11,Aave,Base,3.67,USDC,270554201,1.69,5.04
2024-07-11,Aave,Base,4.11,USDT,286282001,1.19,4.01
2024-07-11,Aave,Base,4.03,DAI,281526391,1.25,4.61
2024-07-11,Compound,Ethereum,3.12,USDC,189409473,18.98,0
2024-07-11,Compound,Ethereum,3.13,USDT,190568444,12.75,0
2024-07-11,Compound,Ethereum,3.09,DAI,191992224,21.3,0
2024-07-11,Compound,Arbitrum,3.98,USDC,207491085,3.26,4.48
2024-07-11,Compound,Arbitrum,3.67,USDT,204150507,1.9,5.69
2024-07-11,Compound,Arbitrum,3.64,DAI,193817937,1.96,4.71
2024-07-11,Compound,Optimism,3.82,USDC,191802855,1.7,3.7
2024-07-11,Compound,Optimism,3.65,USDT,185628950,1.8,4.24
2024-07-11,Compound,Optimism,3.79,DAI,203648675,1.68,3.65
2024-07-11,Compound,Polygon,4.16,USDC,196582017,1.04,4.53
2024-07-11,Compound,Polygon,3.87,USDT,204901936,0.97,1.67
2024-07-11,Compound,Polygon,3.83,DAI,181326146,0.77,3.06
2024-07-11,Compound,Base,3.77,USDC,193950555,1.39,6.47
2024-07-11,Compound,Base,3.53,DAI,209356716,1.32,4.26
2024-07-11,Curve,Ethereum,6.27,USDC,379621790,14.16,0
2024-07-11,Curve,Ethereum,6.39,USDT,376064411,24.0,0
2024-07-11,Curve,Ethereum,6.31,DAI,340746453,18.95,0
2024-07-11,Curve,Arbitrum,6.49,USDC,333275734,2.33,5.83
2024-07-11,Curve,Arbitrum,8.26,USDT,347731965,2.36,5.66
2024-07-11,Curve,Arbitrum,7.25,DAI,354136830,2.13,4.11
2024-07-11,Curve,Optimism,9.23,USDC,317198910,1.78,4.57
2024-07-11,Curve,Optimism,7.83,USDT,361887713,1.71,4.12
2024-07-11,Curve,Optimism,7.49,DAI,350876680,2.49,4.54
2024-07-11,Curve,Polygon,8.58,USDC,339144141,0.95,4.06
2024-07-11,Curve,Polygon,8.32,USDT,338116715,0.71,3.59
2024-07-11,Curve,Polygon,8.16,DAI,331219163,0.75,2.12
2024-07-11,Curve,Base,9.09,USDC,327516395,1.42,3.23
2024-07-11,Curve,Base,6.66,USDT,338221819,1.51,3.88
2024-07-11,Curve,Base,7.77,DAI,368245923,1.33,3.71
2024-07-11,Uniswap V3,Ethereum,8.22,USDC,109057559,21.18,0
2024-07-11,Uniswap V3,Ethereum,8.52,USDT,94611725,18.01,0
2024-07-11,Uniswap V3,Arbitrum,8.53,USDC,100770581,1.65,4.61
2024-07-11,Uniswap V3,Arbitrum,9.5,USDT,111397366,3.19,5.84
2024-07-11,Uniswap V3,Arbitrum,9.9,DAI,103655527,2.57,4.88
2024-07-11,Uniswap V3,Optimism,7.4,USDC,111023613,1.99,4.79
2024-07-11,Uniswap V3,Optimism,5.43,USDT,103989887,1.23,4.24
2024-07-11,Uniswap V3,Optimism,9.49,DAI,102915410,1.9,2.85
2024-07-11,Uniswap V3,Polygon,8.97,USDC,98534268,0.88,2.49
2024-07-11,Uniswap V3,Polygon,7.94,USDT,112131268,0.76,3.89
2024-07-11,Uniswap V3,Polygon,7.58,DAI,106468395,0.77,1.92
2024-07-11,Uniswap V3,Base,9.42,USDC,103323004,1.51,4.12
2024-07-11,Uniswap V3,Base,9.64,USDT,102404078,1.5,3.41
2024-07-11,Uniswap V3,Base,7.23,DAI,104088289,1.52,4.13
2024-07-11,Yearn,Ethereum,4.13,USDC,136196446,18.03,0
2024-07-11,Yearn,Ethereum,3.96,USDT,130050747,16.89,0
2024-07-11,Yearn,Ethereum,4.16,DAI,135549854,18.19,0
2024-07-11,Yearn,Arbitrum,4.63,USDC,130672926,1.68,5.0
2024-07-11,Yearn,Arbitrum,4.71,USDT,129628869,2.13,6.35
2024-07-11,Yearn,Arbitrum,5.1,DAI,132777768,2.36,5.06
2024-07-11,Yearn,Optimism,4.47,USDC,140200441,1.82,3.52
2024-07-11,Yearn,Optimism,4.96,USDT,129944879,1.62,2.98
2024-07-11,Yearn,Optimism,4.45,DAI,127159847,1.89,4.84
2024-07-11,Yearn,Polygon,5.48,USDC,119786194,0.79,2.42
2024-07-11,Yearn,Polygon,4.99,USDT,122282371,0.73,2.39
2024-07-11,Yearn,Polygon,5.82,DAI,140336562,0.68,2.11
2024-07-11,Yearn,Base,4.73,USDC,132820463,1.26,3.02
2024-07-11,Yearn,Base,5.13,USDT,138415319,1.33,3.44
2024-07-11,Pendle,Ethereum,9.22,USDC,81339426,17.64,0
2024-07-11,Pendle,Ethereum,9.52,USDT,81883503,18.7,0
2024-07-11,Pendle,Ethereum,10.66,DAI,86984355,15.79,0
2024-07-11,Pendle,Arbitrum,8.79,USDC,84308637,2.75,4.67
2024-07-11,Pendle,Arbitrum,11.62,USDT,87068366,2.97,5.9
2024-07-11,Pendle,Arbitrum,10.32,DAI,76855979,2.29,5.02
2024-07-11,Pendle,Optimism,9.31,USDC,83727026,1.55,3.58
2024-07-11,Pendle,Optimism,10.36,USDT,77796080,1.84,2.76
2024-07-11,Pendle,Optimism,10.32,DAI,83819766,1.81,4.15
2024-07-11,Pendle,Base,10.18,USDC,81794005,1.54,4.01
2024-07-11,Pendle,Base,10.82,USDT,84151276,1.47,3.89
2024-07-11,Convex,Ethereum,6.19,USDC,159339362,16.28,0
2024-07-11,Convex,Ethereum,5.42,USDT,169179856,12.44,0
2024-07-11,Convex,Ethereum,5.65,DAI,161463251,16.79,0
2024-07-11,Balancer,Ethereum,6.31,USDC,120967338,12.43,0
2024-07-11,Balancer,Ethereum,6.74,DAI,125915714,16.69,0
2024-07-11,Balancer,Arbitrum,7.18,USDC,128963620,2.39,5.04
2024-07-11,Balancer,Arbitrum,8.44,USDT,123619207,2.2,4.15
2024-07-11,Balancer,Arbitrum,8.16,DAI,132414981,2.39,4.4
2024-07-11,Balancer,Optimism,6.15,USDC,125613062,1.74,4.02
2024-07-11,Balancer,Optimism,8.08,USDT,126709645,1.84,4.55
2024-07-11,Balancer,Optimism,8.68,DAI,125792302,1.83,4.79
2024-07-11,Balancer,Polygon,6.74,USDC,126006031,1.1,2.89
2024-07-11,Balancer,Polygon,7.62,USDT,117009655,0.96,2.67
2024-07-11,Balancer,Polygon,7.81,DAI,113660506,0.85,2.04
2024-07-11,Balancer,Base,8.22,USDC,116392128,1.43,2.66
2024-07-11,Balancer,Base,8.66,USDT,134190081,1.37,5.02
2024-07-12,Aave,Ethereum,3.12,USDC,275135455,17.91,0
2024-07-12,Aave,Ethereum,3.46,USDT,259129986,15.78,0
2024-07-12,Aave,Ethereum,3.2,DAI,284624768,17.49,0
2024-07-12,Aave,Arbitrum,3.51,USDC,283653796,2.39,5.59
2024-07-12,Aave,Arbitrum,3.88,USDT,280792944,2.12,4.93
2024-07-12,Aave,Arbitrum,3.87,DAI,297246002,2.05,4.82
2024-07-12,Aave,Optimism,3.97,USDC,269530487,1.81,4.01
2024-07-12,Aave,Optimism,3.69,USDT,286004850,1.86,4.74
2024-07-12,Aave,Optimism,3.67,DAI,286164061,1.69,3.85
2024-07-12,Aave,Polygon,4.37,USDC,270975296,0.95,2.36
2024-07-12,Aave,Polygon,4.28,USDT,290745018,1.11,2.68
2024-07-12,Aave,Polygon,3.78,DAI,299047235,0.94,2.2
2024-07-12,Aave,Base,3.85,USDC,245931689,1.56,3.42
2024-07-12,Aave,Base,3.68,USDT,262550143,1.14,3.99
2024-07-12,Aave,Base,3.64,DAI,271514353,1.7,3.94
2024-07-12,Compound,Ethereum,3.35,USDC,205627605,15.78,0
2024-07-12,Compound,Ethereum,3.21,USDT,210190085,22.83,0
2024-07-12,Compound,Ethereum,3.11,DAI,204400683,15.85,0
2024-07-12,Compound,Arbitrum,4.04,USDC,204677642,2.58,3.97
2024-07-12,Compound,Arbitrum,3.49,DAI,193423504,2.06,6.45
2024-07-12,Compound,Optimism,3.88,USDC,198984061,1.68,4.29
2024-07-12,Compound,Optimism,3.47,USDT,191673677,2.12,4.55
2024-07-12,Compound,Optimism,3.66,DAI,209044652,2.08,4.63
2024-07-12,Compound,Polygon,3.82,USDC,180765681,0.9,2.51
2024-07-12,Compound,Polygon,4.23,USDT,203901043,0.64,2.63
2024-07-12,Compound,Polygon,4.12,DAI,189758966,0.98,3.43
2024-07-12,Compound,Base,3.64,USDC,177075250,1.57,5.34
2024-07-12,Compound,Base,3.43,USDT,196906551,1.68,4.77
2024-07-12,Compound,Base,3.64,DAI,196987607,1.48,3.75
2024-07-12,Curve,Ethereum,4.46,USDC,347665746,13.59,0
2024-07-12,Curve,Ethereum,6.07,USDT,333859902,21.14,0
2024-07-12,Curve,Ethereum,7.58,DAI,343756006,22.02,0
2024-07-12,Curve,Arbitrum,7.0,USDC,346034142,2.08,5.1
2024-07-12,Curve,Arbitrum,8.33,USDT,337511244,1.87,4.42
2024-07-12,Curve,Arbitrum,7.97,DAI,371014170,3.19,5.74
2024-07-12,Curve,Optimism,8.39,USDC,370623871,1.37,2.66
2024-07-12,Curve,Optimism,8.13,USDT,332291297,1.79,4.64
2024-07-12,Curve,Optimism,7.12,DAI,347090914,1.97,2.85
2024-07-12,Curve,Polygon,7.69,USDC,367647293,0.95,3.03
2024-07-12,Curve,Polygon,7.7,USDT,352329425,1.07,2.61
2024-07-12,Curve,Polygon,6.94,DAI,348347901,0.88,3.69
2024-07-12,Curve,Base,7.39,USDC,348619123,1.41,3.1
2024-07-12,Curve,Base,7.98,DAI,346197256,1.82,4.48
2024-07-12,Uniswap V3,Ethereum,7.45,USDC,98820558,18.91,0
2024-07-12,Uniswap V3,Ethereum,7.3,USDT,98813022,16.58,0
2024-07-12,Uniswap V3,Ethereum,7.37,DAI,109816911,15.15,0
2024-07-12,Uniswap V3,Arbitrum,8.7,USDC,113635557,2.15,4.45
2024-07-12,Uniswap V3,Arbitrum,8.05,USDT,101826907,2.5,5.63
2024-07-12,Uniswap V3,Arbitrum,9.31,DAI,100021904,2.58,3.68
2024-07-12,Uniswap V3,Optimism,6.34,USDT,101434658,1.51,5.2
2024-07-12,Uniswap V3,Optimism,8.91,DAI,103957789,1.73,4.31
2024-07-12,Uniswap V3,Polygon,7.19,USDC,104166029,0.83,3.16
2024-07-12,Uniswap V3,Polygon,9.23,USDT,106743640,0.94,3.02
2024-07-12,Uniswap V3,Base,8.91,USDC,102166752,1.5,3.97
2024-07-12,Uniswap V3,Base,8.67,USDT,101015554,1.07,3.9
2024-07-12,Uniswap V3,Base,7.88,DAI,103646647,1.45,3.71
2024-07-12,Yearn,Ethereum,3.74,USDC,130271698,19.02,0
2024-07-12,Yearn,Ethereum,4.02,USDT,129456587,19.75,0
2024-07-12,Yearn,Ethereum,3.92,DAI,133008556,18.55,0
2024-07-12,Yearn,Arbitrum,5.15,USDT,126667214,2.39,4.2
2024-07-12,Yearn,Arbitrum,4.4,DAI,136162756,2.18,4.2
2024-07-12,Yearn,Optimism,4.67,USDC,135510769,1.78,4.18
2024-07-12,Yearn,Optimism,4.55,DAI,130134301,1.55,4.77
2024-07-12,Yearn,Polygon,5.29,USDC,139859386,0.83,3.69
2024-07-12,Yearn,Polygon,4.92,USDT,125620482,0.66,4.85
2024-07-12,Yearn,Polygon,4.64,DAI,124339155,1.15,2.21
2024-07-12,Yearn,Base,5.15,USDC,133255814,1.42,4.42
2024-07-12,Yearn,Base,5.32,USDT,133832125,1.34,4.35
2024-07-12,Yearn,Base,4.62,DAI,128325418,1.33,2.88
2024-07-12,Pendle,Ethereum,8.79,USDC,84477914,16.46,0
2024-07-12,Pendle,Ethereum,10.42,USDT,80159561,18.16,0
2024-07-12,Pendle,Ethereum,10.08,DAI,82413886,17.24,0
2024-07-12,Pendle,Arbitrum,9.33,USDC,83836486,2.36,5.25
2024-07-12,Pendle,Arbitrum,11.73,USDT,82038300,2.11,3.79
2024-07-12,Pendle,Arbitrum,10.34,DAI,84268173,2.83,4.76
2024-07-12,Pendle,Optimism,8.33,USDC,77510961,1.51,4.18
2024-07-12,Pendle,Optimism,9.61,USDT,73449953,1.33,5.39
2024-07-12,Pendle,Optimism,8.99,DAI,86189048,1.94,3.86
2024-07-12,Pendle,Base,8.67,USDC,82647345,1.25,5.18
2024-07-12,Pendle,Base,8.76,USDT,83709150,1.5,3.55
2024-07-12,Convex,Ethereum,5.95,USDC,155676090,15.89,0
2024-07-12,Convex,Ethereum,4.95,USDT,177938794,18.22,0
2024-07-12,Convex,Ethereum,6.17,DAI,172888520,17.97,0
2024-07-12,Balancer,Ethereum,7.07,USDC,118816813,15.45,0
2024-07-12,Balancer,Ethereum,6.63,USDT,116929863,11.95,0
2024-07-12,Balancer,Ethereum,6.25,DAI,124565725,16.31,0
2024-07-12,Balancer,Arbitrum,5.99,USDC,123829218,2.57,3.79
2024-07-12,Balancer,Arbitrum,7.87,USDT,120575724,2.24,4.92
2024-07-12,Balancer,Arbitrum,7.71,DAI,106802928,2.15,4.93
2024-07-12,Balancer,Optimism,7.43,USDT,123759136,1.77,4.84
2024-07-12,Balancer,Optimism,6.76,DAI,120021917,2.04,5.22
2024-07-12,Balancer,Polygon,8.0,USDC,127606559,0.96,2.31
2024-07-12,Balancer,Polygon,7.85,DAI,112111184,0.9,3.49
2024-07-12,Balancer,Base,8.23,USDC,128232431,1.57,3.16
2024-07-12,Balancer,Base,7.89,USDT,123767406,1.42,4.1
2024-07-12,Balancer,Base,6.25,DAI,110055489,1.2,4.21
2024-07-13,Aave,Ethereum,3.43,USDC,276079984,14.3,0
2024-07-13,Aave,Ethereum,3.23,USDT,279761835,14.98,0
2024-07-13,Aave,Ethereum,3.24,DAI,280753253,10.47,0
2024-07-13,Aave,Arbitrum,3.84,USDC,285488404,1.42,6.31
2024-07-13,Aave,Arbitrum,3.33,USDT,268163051,1.51,5.47
2024-07-13,Aave,Arbitrum,4.02,DAI,292922501,1.61,5.46
2024-07-13,Aave,Optimism,3.6,USDC,274337397,1.04,3.32
2024-07-13,Aave,Optimism,3.54,USDT,259604585,1.14,3.36
2024-07-13,Aave,Optimism,3.47,DAI,282553227,1.14,3.2
2024-07-13,Aave,Polygon,3.71,USDC,266488012,0.56,2.85
2024-07-13,Aave,Polygon,3.76,USDT,265173615,0.63,2.74
2024-07-13,Aave,Polygon,3.87,DAI,271183128,0.53,2.76
2024-07-13,Aave,Base,3.36,USDC,274511153,0.87,4.79
2024-07-13,Aave,Base,4.39,USDT,264129595,1.14,2.54
2024-07-13,Aave,Base,3.52,DAI,269146397,0.93,4.55
2024-07-13,Compound,Ethereum,2.89,USDT,189567111,12.54,0
2024-07-13,Compound,Ethereum,3.23,DAI,192926952,14.92,0
2024-07-13,Compound,Arbitrum,4.21,USDC,195311466,1.5,5.18
2024-07-13,Compound,Arbitrum,3.27,DAI,191863143,1.33,4.77
2024-07-13,Compound,Optimism,3.41,USDC,193546745,1.14,4.54
2024-07-13,Compound,Optimism,3.36,USDT,185608954,1.32,5.33
2024-07-13,Compound,Optimism,3.41,DAI,201123888,1.08,6.0
2024-07-13,Compound,Polygon,3.85,USDC,188920654,0.58,2.71
2024-07-13,Compound,Polygon,3.93,USDT,207820869,0.69,2.13
2024-07-13,Compound,Polygon,3.91,DAI,191868461,0.66,3.13
2024-07-13,Compound,Base,3.37,USDC,191648300,1.17,4.21
2024-07-13,Compound,Base,3.4,USDT,180881928,0.91,4.46
2024-07-13,Compound,Base,3.45,DAI,197556767,0.82,3.19
2024-07-13,Curve,Ethereum,6.76,USDC,344790264,11.63,0
2024-07-13,Curve,Ethereum,5.15,DAI,350134115,14.19,0
2024-07-13,Curve,Arbitrum,6.49,USDC,353781525,1.7,5.91
2024-07-13,Curve,Arbitrum,7.04,USDT,330998126,1.53,6.8
2024-07-13,Curve,Arbitrum,6.38,DAI,341812170,1.93,5.22
2024-07-13,Curve,Optimism,7.39,USDC,315593103,1.63,4.68
2024-07-13,Curve,Optimism,9.64,USDT,346782414,1.21,4.4
2024-07-13,Curve,Optimism,6.91,DAI,350717813,1.52,2.63
2024-07-13,Curve,Polygon,7.38,USDC,381170696,0.55,2.75
2024-07-13,Curve,Polygon,9.85,USDT,350266973,0.51,2.83
2024-07-13,Curve,Polygon,8.52,DAI,359098330,0.63,3.88
2024-07-13,Curve,Base,6.76,USDC,347966994,1.01,4.49
2024-07-13,Curve,Base,7.72,USDT,310732150,0.95,3.97
2024-07-13,Curve,Base,6.96,DAI,329907492,0.95,2.7
2024-07-13,Uniswap V3,Ethereum,5.65,USDC,99782711,9.01,0
2024-07-13,Uniswap V3,Ethereum,7.63,DAI,103205269,11.63,0
2024-07-13,Uniswap V3,Arbitrum,8.91,USDC,105491005,1.6,4.64
2024-07-13,Uniswap V3,Arbitrum,8.18,USDT,100371633,1.62,4.74
2024-07-13,Uniswap V3,Arbitrum,9.99,DAI,100434897,1.78,4.37
2024-07-13,Uniswap V3,Optimism,8.27,USDC,103973664,1.33,4.18
2024-07-13,Uniswap V3,Optimism,10.54,USDT,94148400,1.27,3.85
2024-07-13,Uniswap V3,Optimism,8.91,DAI,105035825,1.05,3.36
2024-07-13,Uniswap V3,Polygon,7.47,USDC,95209553,0.61,1.84
2024-07-13,Uniswap V3,Polygon,8.9,USDT,105874945,0.79,3.47
2024-07-13,Uniswap V3,Polygon,8.23,DAI,98949262,0.74,2.08
2024-07-13,Uniswap V3,Base,6.2,USDC,100061096,0.93,3.13
2024-07-13,Uniswap V3,Base,6.31,USDT,101063446,0.73,4.58
2024-07-13,Yearn,Ethereum,3.69,USDC,137911373,12.69,0
2024-07-13,Yearn,Ethereum,3.68,USDT,134562067,13.9,0
2024-07-13,Yearn,Ethereum,3.86,DAI,117333339,11.87,0
2024-07-13,Yearn,Arbitrum,5.01,USDC,141964339,1.4,3.91
2024-07-13,Yearn,Arbitrum,4.89,USDT,137427537,1.55,5.64
2024-07-13,Yearn,Arbitrum,4.66,DAI,131825461,1.88,5.51
2024-07-13,Yearn,Optimism,4.2,USDT,125952989,1.29,4.16
2024-07-13,Yearn,Optimism,4.24,DAI,128233042,1.26,3.95
2024-07-13,Yearn,Polygon,5.33,USDC,126876769,0.69,2.31
2024-07-13,Yearn,Polygon,4.32,USDT,128353525,0.78,2.68
2024-07-13,Yearn,Base,4.99,USDC,133927958,1.07,3.32
2024-07-13,Yearn,Base,4.69,USDT,124724282,1.1,3.81
2024-07-13,Yearn,Base,4.55,DAI,127643820,1.03,3.74
2024-07-13,Pendle,Ethereum,9.61,USDC,78539345,11.23,0
2024-07-13,Pendle,Ethereum,8.29,USDT,82501788,14.88,0
2024-07-13,Pendle,Ethereum,8.95,DAI,73145722,12.39,0
2024-07-13,Pendle,Arbitrum,9.4,USDC,81198221,1.6,5.12
2024-07-13,Pendle,Arbitrum,11.08,DAI,83155694,1.64,5.8
2024-07-13,Pendle,Optimism,10.38,USDC,85281698,1.24,3.77
2024-07-13,Pendle,Optimism,12.13,USDT,83020768,1.12,3.49
2024-07-13,Pendle,Optimism,9.5,DAI,83148753,1.38,3.16
2024-07-13,Pendle,Base,9.51,USDC,80358580,1.02,3.4
2024-07-13,Pendle,Base,11.0,USDT,83968834,1.03,4.56
2024-07-13,Pendle,Base,12.05,DAI,87278938,0.85,5.7
2024-07-13,Convex,Ethereum,6.11,USDC,156713826,10.24,0
2024-07-13,Convex,Ethereum,6.02,USDT,165250962,13.92,0
2024-07-13,Convex,Ethereum,4.58,DAI,160029743,13.21,0
2024-07-13,Balancer,Ethereum,6.0,USDC,123867976,11.79,0
2024-07-13,Balancer,Ethereum,6.01,USDT,134457867,11.34,0
2024-07-13,Balancer,Ethereum,6.71,DAI,115515348,12.58,0
2024-07-13,Balancer,Arbitrum,8.47,USDC,120255397,1.66,5.83
2024-07-13,Balancer,Arbitrum,7.33,USDT,126778446,1.47,5.28
2024-07-13,Balancer,Arbitrum,7.98,DAI,126128473,1.86,5.5
2024-07-13,Balancer,Optimism,7.83,USDC,123622901,0.84,4.81
2024-07-13,Balancer,Optimism,7.29,USDT,113592692,1.44,4.35
2024-07-13,Balancer,Optimism,6.75,DAI,116716044,1.06,3.98
2024-07-13,Balancer,Polygon,7.6,USDC,130577323,0.59,2.49
2024-07-13,Balancer,Polygon,5.83,USDT,115813804,0.52,2.31
2024-07-13,Balancer,Polygon,7.53,DAI,123558159,0.57,2.07
2024-07-13,Balancer,Base,8.76,USDC,122597944,1.12,3.41
2024-07-13,Balancer,Base,7.28,USDT,117332291,0.99,4.67
2024-07-13,Balancer,Base,7.77,DAI,131836792,1.01,5.25
2024-07-14,Aave,Ethereum,2.89,USDC,266020043,11.38,0
2024-07-14,Aave,Ethereum,2.96,DAI,277209328,15.46,0
2024-07-14,Aave,Arbitrum,4.33,USDT,254179802,1.97,4.59
2024-07-14,Aave,Arbitrum,3.92,DAI,265793966,1.74,4.39
2024-07-14,Aave,Optimism,3.62,USDC,255268079,1.44,3.31
2024-07-14,Aave,Optimism,3.9,USDT,256302667,1.48,2.98
2024-07-14,Aave,Optimism,3.38,DAI,245819195,1.44,4.3
2024-07-14,Aave,Polygon,3.91,USDC,280379124,0.72,3.48
2024-07-14,Aave,Base,3.54,USDT,256490990,1.02,3.62
2024-07-14,Aave,Base,4.07,DAI,246567808,1.05,4.11
2024-07-14,Compound,Ethereum,3.26,USDC,181879847,11.39,0
2024-07-14,Compound,Ethereum,2.82,USDT,189509483,12.33,0
2024-07-14,Compound,Ethereum,2.71,DAI,187963236,13.35,0
2024-07-14,Compound,Arbitrum,3.67,USDC,201721199,1.74,5.36
2024-07-14,Compound,Arbitrum,3.53,USDT,199494614,1.74,5.26
2024-07-14,Compound,Arbitrum,3.83,DAI,198535716,1.77,5.09
2024-07-14,Compound,Optimism,3.43,USDC,190505269,1.34,3.44
2024-07-14,Compound,Optimism,3.54,USDT,185502145,1.52,3.61
2024-07-14,Compound,Optimism,3.36,DAI,205413035,1.01,5.02
2024-07-14,Compound,Polygon,3.85,USDC,183047947,0.71,3.13
2024-07-14,Compound,Polygon,3.64,USDT,213500143,0.7,4.12
2024-07-14,Compound,Base,3.6,USDC,201215895,1.14,4.26
2024-07-14,Compound,Base,3.35,USDT,190640334,0.95,4.05
2024-07-14,Compound,Base,3.69,DAI,195128962,0.96,4.61
2024-07-14,Curve,Ethereum,6.09,USDC,330290349,12.55,0
2024-07-14,Curve,Ethereum,5.73,USDT,352767120,10.35,0
2024-07-14,Curve,Ethereum,6.08,DAI,327202034,15.06,0
2024-07-14,Curve,Arbitrum,7.01,USDC,337646001,2.0,5.7
2024-07-14,Curve,Arbitrum,7.25,DAI,363531828,1.64,4.46
2024-07-14,Curve,Optimism,6.22,USDC,352627256,1.17,3.11
2024-07-14,Curve,Optimism,7.54,DAI,365082755,1.11,2.44
2024-07-14,Curve,Polygon,8.52,USDC,311491555,0.8,1.54
2024-07-14,Curve,Polygon,7.1,USDT,348278946,0.58,4.15
2024-07-14,Curve,Polygon,7.56,DAI,359434216,0.66,3.33
2024-07-14,Curve,Base,7.59,USDC,329414990,0.95,4.05
2024-07-14,Curve,Base,7.7,USDT,342548961,1.29,5.45
2024-07-14,Curve,Base,7.64,DAI,342034237,0.89,2.91
2024-07-14,Uniswap V3,Ethereum,5.98,USDC,98538235,11.76,0
2024-07-14,Uniswap V3,Ethereum,6.9,DAI,102003704,12.42,0
2024-07-14,Uniswap V3,Arbitrum,7.16,USDC,104318186,1.53,3.83
2024-07-14,Uniswap V3,Arbitrum,8.31,USDT,98326431,1.46,4.04
2024-07-14,Uniswap V3,Arbitrum,7.87,DAI,102768646,1.77,5.11
2024-07-14,Uniswap V3,Optimism,6.73,USDC,101678776,1.65,3.62
2024-07-14,Uniswap V3,Optimism,7.96,USDT,94944060,1.43,4.05
2024-07-14,Uniswap V3,Optimism,7.7,DAI,100894456,1.26,4.79
2024-07-14,Uniswap V3,Polygon,7.67,USDC,107284673,0.73,2.77
2024-07-14,Uniswap V3,Polygon,8.64,USDT,97202565,0.62,3.77
2024-07-14,Uniswap V3,Polygon,7.65,DAI,99045511,0.31,3.12
2024-07-14,Uniswap V3,Base,8.73,USDT,100182859,0.69,3.02
2024-07-14,Uniswap V3,Base,9.59,DAI,100611199,0.81,3.74
2024-07-14,Yearn,Ethereum,4.24,USDT,121491239,9.64,0
2024-07-14,Yearn,Ethereum,3.84,DAI,130936751,13.68,0
2024-07-14,Yearn,Arbitrum,4.43,USDC,130876620,1.67,5.23
2024-07-14,Yearn,Arbitrum,4.87,USDT,122717280,1.85,5.43
2024-07-14,Yearn,Arbitrum,4.33,DAI,131967415,1.31,4.12
2024-07-14,Yearn,Optimism,4.59,USDC,121476700,1.11,3.05
2024-07-14,Yearn,Optimism,4.78,USDT,129667326,1.23,3.4
2024-07-14,Yearn,Optimism,4.83,DAI,123431042,1.47,4.24
2024-07-14,Yearn,Polygon,5.09,USDC,121308407,0.67,2.93
2024-07-14,Yearn,Polygon,5.44,USDT,120068534,0.71,3.12
2024-07-14,Yearn,Polygon,4.57,DAI,128259928,0.54,4.21
2024-07-14,Yearn,Base,4.54,USDC,129405652,1.07,3.51
2024-07-14,Yearn,Base,4.98,USDT,124551601,1.0,3.63
2024-07-14,Yearn,Base,4.65,DAI,134250993,0.75,3.74
2024-07-14,Pendle,Ethereum,8.78,USDC,75205334,13.5,0
2024-07-14,Pendle,Ethereum,7.34,USDT,76995692,8.56,0
2024-07-14,Pendle,Ethereum,8.38,DAI,73612852,11.74,0
2024-07-14,Pendle,Arbitrum,7.2,USDC,82348671,1.62,5.25
2024-07-14,Pendle,Arbitrum,9.82,USDT,88070056,1.96,5.15
2024-07-14,Pendle,Optimism,10.07,USDC,81782484,1.04,5.3
2024-07-14,Pendle,Optimism,10.71,USDT,83691153,1.14,4.01
2024-07-14,Pendle,Optimism,7.73,DAI,84593447,1.36,3.65
2024-07-14,Pendle,Base,9.89,USDC,72620740,0.91,3.13
2024-07-14,Pendle,Base,10.31,USDT,75980159,0.99,3.55
2024-07-14,Pendle,Base,9.41,DAI,85435156,0.9,4.19
2024-07-14,Convex,Ethereum,6.62,USDC,153201003,13.54,0
2024-07-14,Convex,Ethereum,5.83,USDT,160230001,11.36,0
2024-07-14,Convex,Ethereum,4.32,DAI,162640972,15.68,0
2024-07-14,Balancer,Ethereum,6.73,USDT,120439697,10.8,0
2024-07-14,Balancer,Ethereum,6.14,DAI,114135617,14.68,0
2024-07-14,Balancer,Arbitrum,6.57,USDC,120329965,1.8,4.66
2024-07-14,Balancer,Arbitrum,7.44,USDT,109926369,1.84,4.8
2024-07-14,Balancer,Optimism,6.36,USDC,115220514,0.85,5.0
2024-07-14,Balancer,Optimism,8.28,USDT,119226372,1.16,3.76
2024-07-14,Balancer,Optimism,7.36,DAI,119259986,1.52,5.52
2024-07-14,Balancer,Polygon,8.12,USDC,120983057,0.66,2.98
2024-07-14,Balancer,Polygon,7.9,USDT,121932670,0.73,4.07
2024-07-14,Balancer,Base,7.04,USDC,123033391,1.01,3.23
2024-07-14,Balancer,Base,6.55,USDT,116990482,0.9,4.91
2024-07-15,Aave,Ethereum,3.43,USDC,284791404,16.91,0
2024-07-15,Aave,Ethereum,3.17,USDT,261825315,15.67,0
2024-07-15,Aave,Arbitrum,4.5,USDC,270339002,1.63,4.4
2024-07-15,Aave,Arbitrum,4.02,USDT,258837990,2.23,4.33
2024-07-15,Aave,Arbitrum,4.28,DAI,267604265,2.27,6.29
2024-07-15,Aave,Optimism,3.4,USDC,261884402,1.85,3.09
2024-07-15,Aave,Optimism,3.54,USDT,265522180,1.11,4.18
2024-07-15,Aave,Optimism,3.85,DAI,246843308,1.99,4.49
2024-07-15,Aave,Polygon,4.19,USDC,269271153,0.9,4.41
2024-07-15,Aave,Polygon,4.29,USDT,290392554,1.12,4.29
2024-07-15,Aave,Polygon,4.1,DAI,274842909,0.72,3.9
2024-07-15,Aave,Base,3.87,USDC,245708578,1.47,4.99
2024-07-15,Aave,Base,4.11,USDT,267308938,1.49,5.68
2024-07-15,Aave,Base,3.77,DAI,260205320,1.61,4.1
2024-07-15,Compound,Ethereum,2.83,USDC,175547827,15.24,0
2024-07-15,Compound,Ethereum,3.2,USDT,173428326,14.52,0
2024-07-15,Compound,Ethereum,2.97,DAI,182252474,19.66,0
2024-07-15,Compound,Arbitrum,4.06,USDC,184624065,2.74,5.78
2024-07-15,Compound,Arbitrum,3.51,DAI,202483622,2.36,6.54
2024-07-15,Compound,Optimism,3.61,USDT,184623979,1.8,3.84
2024-07-15,Compound,Optimism,3.48,DAI,187374412,2.04,4.15
2024-07-15,Compound,Polygon,3.94,USDC,191346972,1.04,2.63
2024-07-15,Compound,Polygon,4.08,USDT,181934236,0.9,2.69
2024-07-15,Compound,Polygon,4.1,DAI,185855291,1.15,3.1
2024-07-15,Compound,Base,3.39,USDC,178569500,1.14,4.25
2024-07-15,Compound,Base,3.2,USDT,190671786,0.87,4.74
2024-07-15,Compound,Base,3.86,DAI,180707094,1.25,3.96
2024-07-15,Curve,Ethereum,6.56,USDT,327198745,12.54,0
2024-07-15,Curve,Ethereum,5.38,DAI,341260155,18.73,0
2024-07-15,Curve,Arbitrum,6.34,DAI,345074597,1.99,4.62
2024-07-15,Curve,Optimism,7.79,USDC,336953889,1.86,4.65
2024-07-15,Curve,Optimism,7.43,USDT,334187383,1.59,5.47
2024-07-15,Curve,Optimism,6.36,DAI,349725886,1.91,4.13
2024-07-15,Curve,Polygon,8.04,USDC,348281549,0.99,3.46
2024-07-15,Curve,Polygon,7.81,DAI,314846689,0.99,2.86
2024-07-15,Curve,Base,7.47,USDC,319708673,1.27,3.25
2024-07-15,Curve,Base,6.97,USDT,331872984,1.37,3.44
2024-07-15,Curve,Base,4.94,DAI,317392541,1.41,3.96
2024-07-15,Uniswap V3,Ethereum,6.16,USDC,97991999,16.55,0
2024-07-15,Uniswap V3,Ethereum,6.74,USDT,101124600,15.81,0
2024-07-15,Uniswap V3,Ethereum,6.83,DAI,106964690,15.18,0
2024-07-15,Uniswap V3,Arbitrum,11.02,DAI,104498404,2.64,3.75
2024-07-15,Uniswap V3,Optimism,8.73,USDT,95780270,2.06,4.42
2024-07-15,Uniswap V3,Optimism,8.91,DAI,104295022,1.42,3.93
2024-07-15,Uniswap V3,Polygon,9.28,USDT,109047990,0.98,2.98
2024-07-15,Uniswap V3,Polygon,10.1,DAI,99986466,0.82,3.74
2024-07-15,Uniswap V3,Base,7.89,USDC,102015536,1.48,4.58
2024-07-15,Uniswap V3,Base,10.17,USDT,97353607,1.15,5.26
2024-07-15,Uniswap V3,Base,7.88,DAI,96660131,1.3,3.84
2024-07-15,Yearn,Ethereum,4.35,USDC,122287971,20.58,0
2024-07-15,Yearn,Ethereum,3.92,USDT,126674299,23.67,0
2024-07-15,Yearn,Ethereum,4.28,DAI,126090714,21.26,0
2024-07-15,Yearn,Arbitrum,4.64,USDC,118859629,2.64,6.11
2024-07-15,Yearn,Arbitrum,5.36,USDT,122497738,2.37,4.73
2024-07-15,Yearn,Arbitrum,4.8,DAI,130096517,1.78,4.21
2024-07-15,Yearn,Optimism,4.92,USDC,126150864,2.36,4.37
2024-07-15,Yearn,Optimism,5.45,USDT,127507499,1.95,3.22
2024-07-15,Yearn,Optimism,4.76,DAI,122173479,1.65,3.67
2024-07-15,Yearn,Polygon,4.96,USDC,124087663,0.69,2.17
2024-07-15,Yearn,Polygon,4.83,USDT,127508195,0.76,3.27
2024-07-15,Yearn,Base,4.7,USDC,121879110,1.5,3.84
2024-07-15,Yearn,Base,5.1,USDT,122396985,1.07,4.16
2024-07-15,Yearn,Base,5.06,DAI,119212533,1.3,3.06
2024-07-15,Pendle,Ethereum,8.92,USDC,77102667,19.82,0
2024-07-15,Pendle,Ethereum,8.72,USDT,76430843,15.66,0
2024-07-15,Pendle,Ethereum,8.33,DAI,72499073,15.22,0
2024-07-15,Pendle,Arbitrum,8.12,USDC,86516445,2.49,4.03
2024-07-15,Pendle,Arbitrum,10.91,USDT,75743575,2.82,5.61
2024-07-15,Pendle,Arbitrum,8.89,DAI,83570184,2.07,7.17
2024-07-15,Pendle,Optimism,9.21,USDC,78568038,1.91,4.9
2024-07-15,Pendle,Optimism,11.21,USDT,73792406,1.64,4.55
2024-07-15,Pendle,Base,9.77,USDC,78772520,1.47,4.14
2024-07-15,Pendle,Base,9.51,USDT,79795300,1.6,2.82
2024-07-15,Pendle,Base,11.98,DAI,82870736,1.53,4.5
2024-07-15,Convex,Ethereum,4.69,USDC,145398466,19.55,0
2024-07-15,Convex,Ethereum,5.89,USDT,155839833,13.16,0
2024-07-15,Balancer,Ethereum,6.71,USDC,126228267,19.15,0
2024-07-15,Balancer,Ethereum,6.26,USDT,122346634,20.86,0
2024-07-15,Balancer,Ethereum,6.89,DAI,108888806,20.4,0
2024-07-15,Balancer,Arbitrum,7.47,USDC,114106266,2.48,5.81
2024-07-15,Balancer,Arbitrum,8.08,USDT,118328212,1.83,4.48
2024-07-15,Balancer,Arbitrum,9.32,DAI,114881116,2.57,6.11
2024-07-15,Balancer,Optimism,7.13,USDC,115887011,1.57,4.88
2024-07-15,Balancer,Optimism,6.84,USDT,117467301,1.31,4.69
2024-07-15,Balancer,Optimism,7.27,DAI,107522256,1.95,4.48
2024-07-15,Balancer,Polygon,8.39,USDC,114445675,0.77,3.23
2024-07-15,Balancer,Polygon,8.99,USDT,120538726,1.14,1.96
2024-07-15,Balancer,Polygon,6.89,DAI,119795184,1.02,3.44
2024-07-15,Balancer,Base,8.74,USDC,115310440,2.04,4.29
2024-07-15,Balancer,Base,8.3,USDT,111580384,1.29,2.5
2024-07-15,Balancer,Base,7.01,DAI,110872212,1.16,4.46
2024-07-16,Aave,Ethereum,3.39,USDC,273935032,22.43,0
2024-07-16,Aave,Ethereum,3.32,DAI,267308590,15.55,0
2024-07-16,Aave,Arbitrum,4.05,USDC,265060554,2.45,5.32
2024-07-16,Aave,Arbitrum,4.27,USDT,249681985,2.38,4.44
2024-07-16,Aave,Arbitrum,3.87,DAI,254543757,2.48,4.45
2024-07-16,Aave,Optimism,3.7,USDC,257604525,1.58,4.74
2024-07-16,Aave,Optimism,3.71,DAI,243790447,2.2,4.36
2024-07-16,Aave,Polygon,3.89,USDC,275016079,1.08,3.3
2024-07-16,Aave,Polygon,4.32,USDT,255507944,0.67,3.01
2024-07-16,Aave,Base,4.69,USDC,247297370,1.37,4.11
2024-07-16,Aave,Base,3.66,USDT,237624972,1.57,3.36
2024-07-16,Aave,Base,4.34,DAI,250576062,1.64,4.22
2024-07-16,Compound,Ethereum,2.98,USDC,194362397,18.97,0
2024-07-16,Compound,Ethereum,3.35,USDT,183702858,16.02,0
2024-07-16,Compound,Ethereum,2.87,DAI,183905944,16.96,0
2024-07-16,Compound,Arbitrum,3.72,USDT,178500548,2.56,3.41
2024-07-16,Compound,Arbitrum,3.99,DAI,197664345,2.41,4.87
2024-07-16,Compound,Optimism,3.58,USDC,176677471,1.56,4.35
2024-07-16,Compound,Optimism,3.85,USDT,183907284,1.82,2.85
2024-07-16,Compound,Optimism,3.94,DAI,184479419,1.87,3.02
2024-07-16,Compound,Polygon,4.22,USDC,184177039,0.86,3.36
2024-07-16,Compound,Polygon,3.96,USDT,183252462,0.93,1.99
2024-07-16,Compound,Polygon,4.09,DAI,191000015,1.01,3.68
2024-07-16,Compound,Base,3.69,USDC,176866251,1.63,5.24
2024-07-16,Compound,Base,3.9,DAI,186223223,1.27,3.01
2024-07-16,Curve,Ethereum,6.13,USDC,319155703,26.27,0
2024-07-16,Curve,Ethereum,5.44,USDT,323539748,16.94,0
2024-07-16,Curve,Ethereum,6.72,DAI,330180932,15.95,0
2024-07-16,Curve,Arbitrum,6.68,USDC,341949307,2.01,4.03
2024-07-16,Curve,Arbitrum,6.18,USDT,328843427,2.48,5.91
2024-07-16,Curve,Arbitrum,7.66,DAI,361892916,2.28,4.17
2024-07-16,Curve,Optimism,6.28,USDC,362703094,1.45,3.82
2024-07-16,Curve,Optimism,7.43,USDT,299028849,2.01,4.64
2024-07-16,Curve,Optimism,6.1,DAI,348003008,1.83,3.29
2024-07-16,Curve,Polygon,6.67,USDC,357785271,0.96,2.41
2024-07-16,Curve,Polygon,7.56,USDT,334135266,0.93,1.85
2024-07-16,Curve,Polygon,7.51,DAI,344886693,1.11,2.86
2024-07-16,Curve,Base,7.57,USDC,342100413,1.36,3.54
2024-07-16,Curve,Base,8.23,USDT,351556178,1.8,4.84
2024-07-16,Uniswap V3,Ethereum,7.5,USDC,100006482,20.88,0
2024-07-16,Uniswap V3,Ethereum,7.75,USDT,100688489,16.3,0
2024-07-16,Uniswap V3,Ethereum,7.05,DAI,100810487,20.16,0
2024-07-16,Uniswap V3,Arbitrum,8.32,USDC,99377395,2.78,4.56
2024-07-16,Uniswap V3,Arbitrum,8.7,USDT,94806833,2.91,5.22
2024-07-16,Uniswap V3,Arbitrum,6.89,DAI,96619247,2.48,5.69
2024-07-16,Uniswap V3,Optimism,8.5,USDC,97863505,1.92,2.8
2024-07-16,Uniswap V3,Optimism,6.46,DAI,96880494,1.61,5.12
2024-07-16,Uniswap V3,Polygon,9.25,USDC,101845387,0.82,2.96
2024-07-16,Uniswap V3,Polygon,10.0,USDT,99066303,0.95,1.97
2024-07-16,Uniswap V3,Polygon,8.65,DAI,100470252,1.25,3.17
2024-07-16,Uniswap V3,Base,8.18,USDC,100085300,1.03,3.91
2024-07-16,Uniswap V3,Base,7.97,DAI,101886356,1.54,5.46
2024-07-16,Yearn,Ethereum,4.32,USDC,130930476,19.58,0
2024-07-16,Yearn,Ethereum,4.03,USDT,127554964,14.26,0
2024-07-16,Yearn,Ethereum,3.95,DAI,121752296,24.0,0
2024-07-16,Yearn,Arbitrum,6.18,USDC,124744390,2.06,4.15
2024-07-16,Yearn,Arbitrum,4.73,USDT,117729803,2.33,4.65
2024-07-16,Yearn,Arbitrum,5.47,DAI,125548981,2.03,6.01
2024-07-16,Yearn,Optimism,5.34,USDT,127181196,1.54,3.7
2024-07-16,Yearn,Optimism,5.12,DAI,127546761,1.48,4.17
2024-07-16,Yearn,Polygon,5.02,USDC,118102824,0.85,2.47
2024-07-16,Yearn,Polygon,4.66,USDT,124271845,0.75,2.3
2024-07-16,Yearn,Polygon,5.5,DAI,115510237,1.2,2.89
2024-07-16,Yearn,Base,4.89,USDC,125312738,1.52,3.69
2024-07-16,Yearn,Base,4.74,USDT,126741173,1.56,3.68
2024-07-16,Yearn,Base,5.32,DAI,127431704,1.34,4.7
2024-07-16,Pendle,Ethereum,9.64,USDC,81683415,17.69,0
2024-07-16,Pendle,Ethereum,7.36,USDT,77294750,16.88,0
2024-07-16,Pendle,Ethereum,11.58,DAI,82030844,16.83,0
2024-07-16,Pendle,Arbitrum,12.18,USDC,80633597,2.25,4.02
2024-07-16,Pendle,Arbitrum,11.49,USDT,72672488,1.99,3.91
2024-07-16,Pendle,Arbitrum,10.65,DAI,71199631,2.67,2.96
2024-07-16,Pendle,Optimism,11.8,USDC,77349829,1.75,5.02
2024-07-16,Pendle,Optimism,9.88,USDT,74083595,2.04,3.64
2024-07-16,Pendle,Optimism,12.22,DAI,77718224,1.87,3.74
2024-07-16,Pendle,Base,14.6,USDC,77257318,1.53,5.74
2024-07-16,Pendle,Base,12.36,USDT,79524135,1.27,3.86
2024-07-16,Pendle,Base,12.86,DAI,78837967,1.79,2.34
2024-07-16,Convex,Ethereum,6.38,USDC,152431832,21.45,0
2024-07-16,Convex,Ethereum,6.9,USDT,156159241,18.44,0
2024-07-16,Convex,Ethereum,5.69,DAI,151371464,18.48,0
2024-07-16,Balancer,Ethereum,6.07,USDC,126843983,20.76,0
2024-07-16,Balancer,Ethereum,7.5,USDT,108354413,16.07,0
2024-07-16,Balancer,Ethereum,6.52,DAI,115858349,23.36,0
2024-07-16,Balancer,Arbitrum,7.83,USDC,115994448,2.7,6.4
2024-07-16,Balancer,Arbitrum,8.65,USDT,100761421,1.82,5.43
2024-07-16,Balancer,Arbitrum,7.9,DAI,110711594,2.34,4.68
2024-07-16,Balancer,Optimism,7.2,USDC,110440642,1.96,3.75
2024-07-16,Balancer,Optimism,7.77,USDT,115608850,1.63,3.64
2024-07-16,Balancer,Optimism,8.0,DAI,115872154,1.72,5.1
2024-07-16,Balancer,Polygon,7.8,USDC,118353685,0.92,3.19
2024-07-16,Balancer,Polygon,9.42,DAI,108223206,0.99,2.8
2024-07-16,Balancer,Base,7.18,USDC,114679925,1.11,4.45
2024-07-16,Balancer,Base,7.86,USDT,114855028,1.78,3.1
2024-07-16,Balancer,Base,7.09,DAI,115611813,1.57,4.36
2024-07-17,Aave,Ethereum,3.11,USDC,231434659,14.77,0
2024-07-17,Aave,Ethereum,3.61,USDT,239677415,22.22,0
2024-07-17,Aave,Ethereum,3.74,DAI,264249628,22.83,0
2024-07-17,Aave,Arbitrum,3.94,USDC,249509335,2.44,3.58
2024-07-17,Aave,Arbitrum,3.77,DAI,261635511,2.44,4.71
2024-07-17,Aave,Optimism,3.78,USDC,251918400,1.79,4.71
2024-07-17,Aave,Optimism,3.99,USDT,248396370,1.74,4.25
2024-07-17,Aave,Optimism,4.24,DAI,256256814,1.56,5.29
2024-07-17,Aave,Polygon,4.39,USDC,254397512,0.94,2.78
2024-07-17,Aave,Polygon,4.12,USDT,243704130,1.04,3.79
2024-07-17,Aave,Polygon,4.39,DAI,229857348,0.99,1.75
2024-07-17,Aave,Base,4.04,USDC,235735825,1.32,3.66
2024-07-17,Aave,Base,3.89,USDT,259314245,1.07,5.31
2024-07-17,Aave,Base,3.74,DAI,268734857,1.73,3.91
2024-07-17,Compound,Ethereum,3.31,USDC,194986091,15.81,0
2024-07-17,Compound,Ethereum,3.15,USDT,171804349,22.05,0
2024-07-17,Compound,Ethereum,3.18,DAI,171769449,20.71,0
2024-07-17,Compound,Arbitrum,3.7,USDC,183486985,2.33,6.32
2024-07-17,Compound,Arbitrum,4.09,USDT,168184034,2.6,4.79
2024-07-17,Compound,Optimism,3.66,USDC,179168149,2.13,4.73
2024-07-17,Compound,Polygon,3.91,USDC,181964065,1.14,2.93
2024-07-17,Compound,Polygon,4.13,USDT,204198325,1.09,2.8
2024-07-17,Compound,Polygon,4.0,DAI,179717106,0.95,2.97
2024-07-17,Compound,Base,3.87,USDC,180679767,1.82,4.36
2024-07-17,Compound,Base,3.84,DAI,174092425,1.71,3.98
2024-07-17,Curve,Ethereum,6.79,USDC,331502082,13.57,0
2024-07-17,Curve,Ethereum,6.41,USDT,325287580,16.51,0
2024-07-17,Curve,Ethereum,7.95,DAI,323351408,16.91,0
2024-07-17,Curve,Arbitrum,8.48,USDC,324528925,2.42,4.44
2024-07-17,Curve,Arbitrum,7.63,USDT,303850379,1.69,3.88
2024-07-17,Curve,Arbitrum,6.81,DAI,342667261,3.12,4.69
2024-07-17,Curve,Optimism,7.78,USDT,322436137,1.9,4.75
2024-07-17,Curve,Optimism,7.57,DAI,325874280,1.56,4.23
2024-07-17,Curve,Polygon,9.33,USDC,322124502,1.1,3.01
2024-07-17,Curve,Polygon,8.86,USDT,301626142,1.04,2.69
2024-07-17,Curve,Polygon,8.49,DAI,333839336,1.01,2.12
2024-07-17,Curve,Base,6.72,USDC,317056359,1.72,4.22
2024-07-17,Curve,Base,5.37,USDT,319278580,2.15,3.69
2024-07-17,Curve,Base,8.2,DAI,330355422,1.19,3.85
2024-07-17,Uniswap V3,Ethereum,7.17,USDC,95054357,16.78,0
2024-07-17,Uniswap V3,Ethereum,6.83,USDT,97603403,22.51,0
2024-07-17,Uniswap V3,Arbitrum,7.33,USDC,82255154,2.83,5.76
2024-07-17,Uniswap V3,Arbitrum,9.3,USDT,103580392,2.99,5.94
2024-07-17,Uniswap V3,Arbitrum,8.55,DAI,97314406,2.53,4.56
2024-07-17,Uniswap V3,Optimism,7.99,USDC,96701789,2.26,4.4
2024-07-17,Uniswap V3,Optimism,7.61,USDT,99444116,1.99,5.1
2024-07-17,Uniswap V3,Optimism,9.98,DAI,87486684,1.6,4.39
2024-07-17,Uniswap V3,Polygon,8.58,USDC,92759968,0.99,2.43
2024-07-17,Uniswap V3,Polygon,9.24,USDT,93348421,0.77,2.44
2024-07-17,Uniswap V3,Polygon,8.49,DAI,91786423,1.13,3.87
2024-07-17,Uniswap V3,Base,9.31,USDC,90464338,1.56,5.28
2024-07-17,Uniswap V3,Base,7.55,USDT,92416115,1.31,4.68
2024-07-17,Uniswap V3,Base,9.61,DAI,90775430,1.24,3.67
2024-07-17,Yearn,Ethereum,4.03,USDC,126599620,22.67,0
2024-07-17,Yearn,Arbitrum,5.34,USDT,129171710,2.65,5.58
2024-07-17,Yearn,Arbitrum,4.89,DAI,125278779,2.38,6.34
2024-07-17,Yearn,Optimism,4.96,USDC,116108207,1.74,2.74
2024-07-17,Yearn,Optimism,4.9,USDT,118376003,1.59,4.33
2024-07-17,Yearn,Optimism,4.95,DAI,126017792,1.71,4.37
2024-07-17,Yearn,Polygon,5.24,USDC,124553052,1.01,2.96
2024-07-17,Yearn,Polygon,5.03,USDT,119908480,0.71,3.27
2024-07-17,Yearn,Polygon,5.44,DAI,120162549,1.07,3.23
2024-07-17,Yearn,Base,5.39,USDC,119092262,1.72,2.82
2024-07-17,Yearn,Base,4.97,USDT,116148980,1.78,2.97
2024-07-17,Yearn,Base,4.84,DAI,117745555,1.68,3.87
2024-07-17,Pendle,Ethereum,9.5,USDC,72459889,23.91,0
2024-07-17,Pendle,Ethereum,10.25,USDT,75274546,16.14,0
2024-07-17,Pendle,Ethereum,9.85,DAI,70135390,15.82,0
2024-07-17,Pendle,Arbitrum,12.64,USDC,71368798,2.7,3.21
2024-07-17,Pendle,Arbitrum,9.72,USDT,75742180,2.04,3.73
2024-07-17,Pendle,Arbitrum,12.75,DAI,71898975,2.09,5.05
2024-07-17,Pendle,Optimism,10.87,USDC,73850677,1.84,3.9
2024-07-17,Pendle,Optimism,8.91,USDT,79559875,1.64,3.13
2024-07-17,Pendle,Optimism,10.98,DAI,73076777,1.81,4.32
2024-07-17,Pendle,Base,9.89,USDC,74033174,1.28,4.24
2024-07-17,Pendle,Base,11.68,USDT,71874358,1.44,4.18
2024-07-17,Pendle,Base,12.01,DAI,79192818,1.65,2.89
2024-07-17,Convex,Ethereum,5.61,USDC,144591413,16.22,0
2024-07-17,Convex,Ethereum,4.79,USDT,156472385,18.98,0
2024-07-17,Balancer,Ethereum,6.07,USDT,111406877,19.53,0
2024-07-17,Balancer,Ethereum,6.94,DAI,115747905,17.11,0
2024-07-17,Balancer,Arbitrum,9.04,USDC,113438777,2.12,5.06
2024-07-17,Balancer,Arbitrum,8.96,USDT,110465555,2.81,5.2
2024-07-17,Balancer,Arbitrum,6.44,DAI,112818561,2.11,4.58
2024-07-17,Balancer,Optimism,6.68,USDC,110188907,2.34,3.27
2024-07-17,Balancer,Optimism,6.69,USDT,103114332,1.89,4.43
2024-07-17,Balancer,Optimism,7.95,DAI,120628655,2.54,4.05
2024-07-17,Balancer,Polygon,8.32,USDC,119636332,0.95,2.28
2024-07-17,Balancer,Polygon,9.18,USDT,115943176,1.09,2.57
2024-07-17,Balancer,Polygon,7.92,DAI,100252458,0.84,3.66
2024-07-17,Balancer,Base,7.57,USDC,115893497,1.77,4.79
2024-07-17,Balancer,Base,8.3,USDT,108290510,1.13,2.62
2024-07-17,Balancer,Base,6.64,DAI,110027641,1.67,3.84
2024-07-18,Aave,Ethereum,3.55,USDC,259545596,20.01,0
2024-07-18,Aave,Ethereum,2.96,USDT,231430955,17.37,0
2024-07-18,Aave,Ethereum,3.16,DAI,225183069,15.49,0
2024-07-18,Aave,Arbitrum,4.69,USDC,249962100,2.21,4.86
2024-07-18,Aave,Arbitrum,4.11,USDT,237506710,2.99,5.82
2024-07-18,Aave,Arbitrum,4.1,DAI,264328711,2.35,4.84
2024-07-18,Aave,Optimism,3.96,USDC,239626355,1.81,2.77
2024-07-18,Aave,Optimism,3.38,DAI,241167831,1.47,4.37
2024-07-18,Aave,Polygon,4.19,USDC,265521282,1.09,2.44
2024-07-18,Aave,Polygon,4.05,USDT,250675750,0.96,3.5
2024-07-18,Aave,Polygon,4.59,DAI,270070085,0.82,3.31
2024-07-18,Aave,Base,4.19,USDC,255683516,1.76,3.98
2024-07-18,Aave,Base,4.05,USDT,239657906,0.88,4.68
2024-07-18,Aave,Base,3.88,DAI,230759218,1.42,4.82
2024-07-18,Compound,Ethereum,3.34,USDC,169687732,19.7,0
2024-07-18,Compound,Ethereum,3.3,USDT,191502787,15.66,0
2024-07-18,Compound,Ethereum,3.37,DAI,181124076,19.35,0
2024-07-18,Compound,Arbitrum,3.79,USDC,176773275,2.34,3.83
2024-07-18,Compound,Arbitrum,3.77,USDT,174685133,2.21,5.64
2024-07-18,Compound,Arbitrum,3.76,DAI,173413159,2.24,4.27
2024-07-18,Compound,Optimism,3.68,USDC,185010894,2.05,4.77
2024-07-18,Compound,Optimism,3.41,USDT,159222491,1.71,4.65
2024-07-18,Compound,Optimism,3.51,DAI,180623558,1.5,3.25
2024-07-18,Compound,Polygon,4.01,USDC,183939230,0.99,1.96
2024-07-18,Compound,Polygon,4.08,USDT,168506927,0.89,3.12
2024-07-18,Compound,Polygon,4.35,DAI,180533621,1.11,3.42
2024-07-18,Compound,Base,3.98,USDC,180283939,1.19,4.57
2024-07-18,Compound,Base,4.19,USDT,188046605,1.81,5.24
2024-07-18,Compound,Base,3.79,DAI,162972682,1.45,3.77
2024-07-18,Curve,Ethereum,5.95,USDC,341294850,17.85,0
2024-07-18,Curve,Ethereum,5.65,USDT,288976418,19.8,0
2024-07-18,Curve,Ethereum,5.93,DAI,314748683,14.14,0
2024-07-18,Curve,Arbitrum,9.25,USDC,320285121,2.7,4.82
2024-07-18,Curve,Arbitrum,8.6,USDT,319837422,2.88,5.35
2024-07-18,Curve,Arbitrum,6.68,DAI,326689718,2.18,4.64
2024-07-18,Curve,Optimism,6.31,USDC,336378287,2.02,4.1
2024-07-18,Curve,Optimism,6.4,USDT,320194019,2.18,5.13
2024-07-18,Curve,Optimism,8.29,DAI,322677214,1.57,4.09
2024-07-18,Curve,Polygon,7.97,USDC,322915300,0.78,3.51
2024-07-18,Curve,Polygon,7.25,USDT,324082261,0.59,2.82
2024-07-18,Curve,Polygon,6.69,DAI,298665230,0.95,3.07
2024-07-18,Curve,Base,7.83,USDC,310658712,1.17,3.89
2024-07-18,Curve,Base,8.01,USDT,341050620,1.72,3.15
2024-07-18,Curve,Base,7.56,DAI,324238800,1.73,4.33
2024-07-18,Uniswap V3,Ethereum,6.54,USDC,94122267,15.52,0
2024-07-18,Uniswap V3,Ethereum,7.22,USDT,94082439,16.23,0
2024-07-18,Uniswap V3,Arbitrum,6.82,USDC,101796943,2.47,5.71
2024-07-18,Uniswap V3,Arbitrum,8.55,USDT,96058923,2.14,4.6
2024-07-18,Uniswap V3,Arbitrum,8.49,DAI,91707019,2.53,5.93
2024-07-18,Uniswap V3,Optimism,8.35,USDC,88223921,1.58,4.96
2024-07-18,Uniswap V3,Optimism,7.65,USDT,91568502,1.69,3.19
2024-07-18,Uniswap V3,Optimism,7.2,DAI,95995703,2.02,3.87
2024-07-18,Uniswap V3,Polygon,8.84,USDC,96820593,0.94,2.96
2024-07-18,Uniswap V3,Polygon,8.3,USDT,89644663,1.12,3.16
2024-07-18,Uniswap V3,Polygon,8.64,DAI,89491904,0.85,4.06
2024-07-18,Uniswap V3,Base,7.41,USDT,95139491,1.64,4.96
2024-07-18,Uniswap V3,Base,8.23,DAI,98780213,1.57,3.46
2024-07-18,Yearn,Ethereum,4.11,USDC,112731771,19.61,0
2024-07-18,Yearn,Ethereum,4.08,USDT,125055424,15.03,0
2024-07-18,Yearn,Ethereum,4.66,DAI,121547642,19.75,0
2024-07-18,Yearn,Arbitrum,4.84,USDC,117115321,2.24,4.28
2024-07-18,Yearn,Arbitrum,5.11,USDT,124316947,1.72,7.14
2024-07-18,Yearn,Arbitrum,5.66,DAI,114415943,2.62,4.96
2024-07-18,Yearn,Optimism,5.0,USDC,125652913,1.53,3.33
2024-07-18,Yearn,Optimism,4.75,USDT,118441365,2.01,3.15
2024-07-18,Yearn,Optimism,4.86,DAI,114047984,2.15,2.6
2024-07-18,Yearn,Polygon,5.63,USDC,108482622,1.12,3.76
2024-07-18,Yearn,Polygon,5.45,USDT,116401407,0.97,3.72
2024-07-18,Yearn,Polygon,4.42,DAI,121157081,0.91,2.86
2024-07-18,Yearn,Base,4.95,USDC,107173969,1.53,3.23
2024-07-18,Yearn,Base,4.27,USDT,131547283,1.05,3.6
2024-07-18,Yearn,Base,4.95,DAI,113230175,1.65,3.73
2024-07-18,Pendle,Ethereum,9.9,USDC,74464466,19.06,0
2024-07-18,Pendle,Ethereum,8.3,USDT,77934477,20.69,0
2024-07-18,Pendle,Ethereum,9.29,DAI,74924921,13.09,0
2024-07-18,Pendle,Arbitrum,12.32,USDT,76397523,3.07,5.34
2024-07-18,Pendle,Arbitrum,12.59,DAI,79558895,1.95,5.59
2024-07-18,Pendle,Optimism,10.64,USDC,76089342,1.72,3.82
2024-07-18,Pendle,Optimism,11.76,USDT,75084611,1.74,4.14
2024-07-18,Pendle,Optimism,13.37,DAI,74502241,1.92,3.84
2024-07-18,Pendle,Base,11.63,USDC,79896620,1.12,5.37
2024-07-18,Pendle,Base,11.96,USDT,76748503,1.71,4.13
2024-07-18,Pendle,Base,11.49,DAI,77407140,1.96,5.17
2024-07-18,Convex,Ethereum,5.43,USDC,153577906,19.08,0
2024-07-18,Convex,Ethereum,5.01,USDT,133571091,16.03,0
2024-07-18,Convex,Ethereum,6.21,DAI,155697165,11.43,0
2024-07-18,Balancer,Ethereum,5.65,USDC,102590328,20.88,0
2024-07-18,Balancer,Ethereum,6.02,DAI,116123554,18.28,0
2024-07-18,Balancer,Arbitrum,8.16,USDC,113403673,1.78,2.98
2024-07-18,Balancer,Arbitrum,8.37,USDT,117278246,2.34,4.91
2024-07-18,Balancer,Optimism,8.0,USDC,115602869,1.58,2.28
2024-07-18,Balancer,Optimism,9.43,USDT,106594796,1.84,3.9
2024-07-18,Balancer,Optimism,6.95,DAI,111693304,1.97,3.91
2024-07-18,Balancer,Polygon,8.1,USDC,114483064,0.81,3.93
2024-07-18,Balancer,Polygon,7.6,USDT,110131206,1.1,2.54
2024-07-18,Balancer,Polygon,8.86,DAI,97782287,0.86,1.78
2024-07-18,Balancer,Base,8.88,USDC,111801402,1.83,4.82
2024-07-18,Balancer,Base,7.7,USDT,107678006,1.51,4.07
2024-07-18,Balancer,Base,8.59,DAI,107729908,1.74,4.11
2024-07-19,Aave,Ethereum,3.74,USDT,228033577,13.9,0
2024-07-19,Aave,Ethereum,3.04,DAI,260862109,19.48,0
2024-07-19,Aave,Arbitrum,3.88,USDT,237275224,2.13,5.08
2024-07-19,Aave,Optimism,3.46,USDC,251380364,2.09,3.36
2024-07-19,Aave,Optimism,3.9,USDT,242440455,1.51,3.39
2024-07-19,Aave,Optimism,3.67,DAI,227553499,1.89,5.2
2024-07-19,Aave,Polygon,4.26,USDC,245745141,0.76,2.07
2024-07-19,Aave,Polygon,4.21,USDT,235934847,1.01,2.58
2024-07-19,Aave,Polygon,3.88,DAI,223086997,1.24,1.77
2024-07-19,Aave,Base,4.13,USDC,243846011,1.03,3.63
2024-07-19,Aave,Base,3.91,USDT,247226898,1.41,4.09
2024-07-19,Aave,Base,4.25,DAI,251354750,1.21,5.39
2024-07-19,Compound,Ethereum,3.12,USDC,169324697,12.68,0
2024-07-19,Compound,Ethereum,3.45,DAI,173314620,17.97,0
2024-07-19,Compound,Arbitrum,4.14,USDC,178016408,1.81,4.56
2024-07-19,Compound,Arbitrum,4.05,USDT,169174849,1.94,4.6
2024-07-19,Compound,Arbitrum,3.8,DAI,186175023,2.67,6.67
2024-07-19,Compound,Optimism,3.76,USDC,183031942,1.83,3.82
2024-07-19,Compound,Optimism,3.64,USDT,184940976,2.03,3.39
2024-07-19,Compound,Optimism,3.57,DAI,178773103,2.04,2.73
2024-07-19,Compound,Polygon,4.35,USDC,172750003,0.97,2.87
2024-07-19,Compound,Polygon,4.43,USDT,176515428,0.72,2.75
2024-07-19,Compound,Polygon,4.41,DAI,180477649,0.77,2.25
2024-07-19,Compound,Base,3.74,USDC,190494713,1.56,4.22
2024-07-19,Compound,Base,3.74,USDT,173151566,1.24,4.3
2024-07-19,Compound,Base,3.91,DAI,170599108,0.85,3.98
2024-07-19,Curve,Ethereum,6.95,USDC,298633073,10.82,0
2024-07-19,Curve,Ethereum,6.4,USDT,351908187,14.74,0
2024-07-19,Curve,Ethereum,6.46,DAI,349453851,20.85,0
2024-07-19,Curve,Arbitrum,8.39,USDC,311047636,1.66,6.84
2024-07-19,Curve,Arbitrum,8.53,USDT,314059141,2.35,5.55
2024-07-19,Curve,Optimism,6.02,USDC,327089767,2.17,2.42
2024-07-19,Curve,Optimism,8.11,USDT,318528038,2.33,4.28
2024-07-19,Curve,Optimism,7.6,DAI,304378214,2.07,4.97
2024-07-19,Curve,Polygon,8.17,USDC,304741160,0.96,3.93
2024-07-19,Curve,Polygon,8.35,USDT,273640260,0.83,2.97
2024-07-19,Curve,Polygon,8.01,DAI,315969625,0.92,2.78
2024-07-19,Curve,Base,6.08,USDC,315988303,1.52,2.92
2024-07-19,Curve,Base,7.53,USDT,319502881,1.42,4.31
2024-07-19,Curve,Base,7.41,DAI,341817069,1.35,4.9
2024-07-19,Uniswap V3,Ethereum,5.65,USDC,93764464,18.67,0
2024-07-19,Uniswap V3,Ethereum,5.01,USDT,95589875,20.8,0
2024-07-19,Uniswap V3,Arbitrum,6.4,USDC,93141299,2.34,6.63
2024-07-19,Uniswap V3,Arbitrum,8.91,USDT,95006950,2.23,2.36
2024-07-19,Uniswap V3,Arbitrum,10.9,DAI,97528547,2.34,4.43
2024-07-19,Uniswap V3,Optimism,7.7,USDC,96388463,1.61,4.36
2024-07-19,Uniswap V3,Optimism,8.3,USDT,95756970,1.34,4.43
2024-07-19,Uniswap V3,Optimism,8.74,DAI,106334914,1.77,4.81
2024-07-19,Uniswap V3,Polygon,7.84,USDC,97902181,1.18,3.57
2024-07-19,Uniswap V3,Polygon,6.91,DAI,92583442,1.11,2.65
2024-07-19,Uniswap V3,Base,7.67,USDC,91002915,1.53,4.79
2024-07-19,Uniswap V3,Base,8.52,USDT,88933304,1.18,3.56
2024-07-19,Uniswap V3,Base,7.68,DAI,90877981,1.45,3.91
2024-07-19,Yearn,Ethereum,3.9,USDC,127848035,19.86,0
2024-07-19,Yearn,Ethereum,4.37,USDT,114478814,17.82,0
2024-07-19,Yearn,Ethereum,3.75,DAI,118988886,21.59,0
2024-07-19,Yearn,Arbitrum,4.42,USDC,119991969,2.84,6.27
2024-07-19,Yearn,Arbitrum,4.86,USDT,105589246,2.09,3.22
2024-07-19,Yearn,Arbitrum,5.08,DAI,115534284,2.38,6.06
2024-07-19,Yearn,Optimism,4.98,USDC,122837545,2.11,3.33
2024-07-19,Yearn,Optimism,5.16,USDT,120539641,2.34,3.24
2024-07-19,Yearn,Polygon,4.85,USDC,98413763,1.07,3.38
2024-07-19,Yearn,Polygon,5.11,USDT,123402196,0.81,3.18
2024-07-19,Yearn,Polygon,5.66,DAI,121694935,0.9,3.63
2024-07-19,Yearn,Base,5.08,USDC,118497660,1.43,3.75
2024-07-19,Yearn,Base,4.68,USDT,115944878,1.54,3.79
2024-07-19,Yearn,Base,4.79,DAI,116537619,1.3,6.05
2024-07-19,Pendle,Ethereum,10.52,USDC,68781405,18.63,0
2024-07-19,Pendle,Ethereum,9.46,USDT,79691899,19.96,0
2024-07-19,Pendle,Ethereum,8.84,DAI,70857049,19.81,0
2024-07-19,Pendle,Arbitrum,12.03,USDT,70961893,2.35,7.14
2024-07-19,Pendle,Arbitrum,12.14,DAI,75781249,2.47,4.68
2024-07-19,Pendle,Optimism,10.2,USDC,68493123,2.2,3.82
2024-07-19,Pendle,Optimism,11.53,USDT,65921850,1.69,2.98
2024-07-19,Pendle,Optimism,10.85,DAI,77646849,2.27,3.12
2024-07-19,Pendle,Base,10.89,USDC,74120836,1.75,4.44
2024-07-19,Pendle,Base,10.32,USDT,73645195,1.12,2.42
2024-07-19,Convex,Ethereum,6.18,USDC,141410059,19.26,0
2024-07-19,Convex,Ethereum,5.39,USDT,157280421,22.14,0
2024-07-19,Convex,Ethereum,4.94,DAI,140585115,16.47,0
2024-07-19,Balancer,Ethereum,6.15,USDT,104591636,21.39,0
2024-07-19,Balancer,Ethereum,7.27,DAI,96942363,19.11,0
2024-07-19,Balancer,Arbitrum,8.72,USDC,110361212,2.96,4.44
2024-07-19,Balancer,Arbitrum,7.87,USDT,100676507,2.33,3.7
2024-07-19,Balancer,Arbitrum,8.75,DAI,108824936,2.58,4.77
2024-07-19,Balancer,Optimism,7.41,USDC,105852154,2.35,4.77
2024-07-19,Balancer,Optimism,9.02,USDT,117222913,1.89,4.67
2024-07-19,Balancer,Optimism,7.22,DAI,101503550,1.73,4.02
2024-07-19,Balancer,Polygon,9.06,USDC,107151375,1.09,2.06
2024-07-19,Balancer,Polygon,7.55,DAI,111867390,0.89,3.77
2024-07-19,Balancer,Base,7.26,USDC,111458782,1.43,3.08
2024-07-19,Balancer,Base,6.42,USDT,105771536,1.48,4.27
2024-07-19,Balancer,Base,7.67,DAI,102475809,1.17,3.96
2024-07-20,Aave,Ethereum,3.18,USDC,244370879,11.97,0
2024-07-20,Aave,Ethereum,3.12,USDT,255116653,10.55,0
2024-07-20,Aave,Ethereum,3.16,DAI,239899634,10.51,0
2024-07-20,Aave,Arbitrum,3.96,USDC,248195576,1.41,2.5
2024-07-20,Aave,Arbitrum,3.44,USDT,214085668,1.26,3.03
2024-07-20,Aave,Arbitrum,4.21,DAI,234298204,2.1,4.94
2024-07-20,Aave,Optimism,3.53,USDC,241537517,1.04,4.77
2024-07-20,Aave,Optimism,3.68,USDT,253871658,1.03,4.25
2024-07-20,Aave,Polygon,4.17,USDC,256120883,0.68,4.65
2024-07-20,Aave,Polygon,4.48,USDT,263574857,0.53,1.33
2024-07-20,Aave,Polygon,4.16,DAI,232708211,0.69,2.26
2024-07-20,Aave,Base,3.78,USDC,236983386,0.82,4.44
2024-07-20,Aave,Base,3.78,USDT,262105327,1.0,4.26
2024-07-20,Aave,Base,3.66,DAI,233341120,1.01,4.13
2024-07-20,Compound,Ethereum,3.17,USDC,179489842,13.56,0
2024-07-20,Compound,Ethereum,3.06,USDT,175809090,12.72,0
2024-07-20,Compound,Arbitrum,4.14,USDC,182599868,1.5,5.26
2024-07-20,Compound,Arbitrum,3.56,USDT,171148426,1.42,4.4
2024-07-20,Compound,Arbitrum,3.75,DAI,169424161,1.09,5.71
2024-07-20,Compound,Optimism,3.61,USDC,176609278,1.18,2.7
2024-07-20,Compound,Optimism,3.64,USDT,166109597,1.02,4.45
2024-07-20,Compound,Optimism,3.75,DAI,169776314,1.0,3.2
2024-07-20,Compound,Polygon,4.02,USDC,169408043,0.65,3.34
2024-07-20,Compound,Polygon,3.99,DAI,187783786,0.51,2.98
2024-07-20,Compound,Base,3.44,USDC,174444381,0.78,4.06
2024-07-20,Compound,Base,3.64,USDT,169525036,1.35,3.82
2024-07-20,Compound,Base,3.58,DAI,181833139,0.72,3.81
2024-07-20,Curve,Ethereum,6.59,USDC,309300879,13.7,0
2024-07-20,Curve,Ethereum,6.39,USDT,300365277,11.66,0
2024-07-20,Curve,Ethereum,6.66,DAI,324448138,9.34,0
2024-07-20,Curve,Arbitrum,7.42,USDC,342434672,1.85,3.95
2024-07-20,Curve,Arbitrum,7.04,USDT,295910557,1.97,5.81
2024-07-20,Curve,Optimism,6.97,USDC,323707455,1.29,3.91
2024-07-20,Curve,Optimism,7.51,USDT,316682798,1.34,4.95
2024-07-20,Curve,Optimism,7.48,DAI,309905226,1.45,3.41
2024-07-20,Curve,Polygon,7.69,USDC,299494324,0.56,2.42
2024-07-20,Curve,Polygon,7.74,DAI,315711117,0.62,3.46
2024-07-20,Curve,Base,7.81,USDC,285035387,0.82,2.98
2024-07-20,Curve,Base,8.55,USDT,312798485,1.04,4.04
2024-07-20,Curve,Base,7.12,DAI,288181207,0.73,4.14
2024-07-20,Uniswap V3,Ethereum,7.32,USDT,92958341,12.63,0
2024-07-20,Uniswap V3,Ethereum,8.18,DAI,84265048,11.27,0
2024-07-20,Uniswap V3,Arbitrum,8.3,USDC,88146587,1.74,5.64
2024-07-20,Uniswap V3,Arbitrum,9.25,USDT,98050983,1.73,4.12
2024-07-20,Uniswap V3,Arbitrum,7.15,DAI,99018358,1.4,5.7
2024-07-20,Uniswap V3,Optimism,7.88,USDT,85874978,1.4,5.05
2024-07-20,Uniswap V3,Optimism,8.23,DAI,87737931,1.42,3.81
2024-07-20,Uniswap V3,Polygon,8.91,USDC,92162027,0.69,2.08
2024-07-20,Uniswap V3,Polygon,9.26,USDT,96987338,0.72,2.32
2024-07-20,Uniswap V3,Polygon,8.77,DAI,94083398,0.74,2.28
2024-07-20,Uniswap V3,Base,8.89,USDC,88747128,0.96,4.19
2024-07-20,Uniswap V3,Base,8.29,USDT,83911506,1.03,3.55
2024-07-20,Uniswap V3,Base,6.42,DAI,88001549,1.29,4.19
2024-07-20,Yearn,Ethereum,4.17,USDC,116756668,7.91,0
2024-07-20,Yearn,Ethereum,4.33,USDT,123350742,17.59,0
2024-07-20,Yearn,Ethereum,4.28,DAI,126275390,13.1,0
2024-07-20,Yearn,Arbitrum,5.02,USDC,121909260,1.67,3.01
2024-07-20,Yearn,Arbitrum,4.8,USDT,115812212,1.56,6.14
2024-07-20,Yearn,Arbitrum,5.32,DAI,101707168,1.78,4.13
2024-07-20,Yearn,Optimism,4.7,USDC,123630527,1.25,3.94
2024-07-20,Yearn,Optimism,4.4,USDT,112965449,1.46,3.43
2024-07-20,Yearn,Optimism,4.55,DAI,117912342,1.27,4.83
2024-07-20,Yearn,Polygon,5.43,USDC,116702293,0.52,3.04
2024-07-20,Yearn,Polygon,5.22,USDT,115752812,0.48,3.45
2024-07-20,Yearn,Polygon,5.26,DAI,111748011,0.57,2.8
2024-07-20,Yearn,Base,5.34,USDC,104898714,0.68,3.66
2024-07-20,Yearn,Base,4.22,USDT,107777551,0.88,4.73
2024-07-20,Yearn,Base,4.77,DAI,114570116,0.83,2.34
2024-07-20,Pendle,Ethereum,10.34,USDC,69347734,12.41,0
2024-07-20,Pendle,Ethereum,10.64,USDT,71364780,11.21,0
2024-07-20,Pendle,Arbitrum,12.42,USDC,75800353,1.8,4.12
2024-07-20,Pendle,Arbitrum,11.84,USDT,72927326,1.55,6.11
2024-07-20,Pendle,Arbitrum,11.22,DAI,73213479,1.51,4.96
2024-07-20,Pendle,Optimism,8.39,USDC,76586185,1.02,3.68
2024-07-20,Pendle,Optimism,10.52,USDT,70818024,1.42,3.77
2024-07-20,Pendle,Optimism,9.34,DAI,66872633,0.91,4.61
2024-07-20,Pendle,Base,11.82,USDC,67578016,1.06,4.45
2024-07-20,Pendle,Base,10.29,DAI,69052092,0.94,5.11
2024-07-20,Convex,Ethereum,5.39,USDC,142205308,12.54,0
2024-07-20,Convex,Ethereum,6.04,USDT,136344040,8.59,0
2024-07-20,Convex,Ethereum,6.38,DAI,149673217,12.74,0
2024-07-20,Balancer,Ethereum,5.33,USDC,103520699,9.85,0
2024-07-20,Balancer,Ethereum,6.35,USDT,115189838,13.51,0
2024-07-20,Balancer,Ethereum,6.35,DAI,104773829,14.55,0
2024-07-20,Balancer,Arbitrum,8.33,USDC,111066209,1.58,4.57
2024-07-20,Balancer,Arbitrum,7.64,USDT,99746499,1.35,5.33
2024-07-20,Balancer,Arbitrum,8.97,DAI,106550771,1.41,5.97
2024-07-20,Balancer,Optimism,7.68,USDC,97608005,1.1,3.68
2024-07-20,Balancer,Optimism,7.77,DAI,97524036,1.15,4.06
2024-07-20,Balancer,Polygon,7.11,USDC,108291588,0.71,2.32
2024-07-20,Balancer,Polygon,8.83,USDT,102252635,0.67,3.76
2024-07-20,Balancer,Polygon,10.25,DAI,105590745,0.52,3.31
2024-07-20,Balancer,Base,8.12,USDC,98124875,1.25,3.67
2024-07-20,Balancer,Base,8.24,USDT,97071997,1.05,4.16
2024-07-21,Aave,Ethereum,3.15,USDC,227819736,17.07,0
2024-07-21,Aave,Ethereum,3.25,USDT,250621361,9.64,0
2024-07-21,Aave,Ethereum,3.07,DAI,225766358,13.56,0
2024-07-21,Aave,Arbitrum,3.77,USDC,220987211,1.99,4.92
2024-07-21,Aave,Arbitrum,4.1,USDT,236619074,1.7,6.52
2024-07-21,Aave,Arbitrum,3.84,DAI,217184583,1.55,3.86
2024-07-21,Aave,Optimism,4.03,USDT,244070133,0.94,3.75
2024-07-21,Aave,Optimism,3.61,DAI,263934327,1.49,5.36
2024-07-21,Aave,Polygon,4.28,USDC,235481486,0.67,1.99
2024-07-21,Aave,Polygon,4.19,USDT,231463687,0.64,2.05
2024-07-21,Aave,Polygon,4.63,DAI,240894286,0.68,3.48
2024-07-21,Aave,Base,3.55,USDC,247096333,1.05,4.14
2024-07-21,Aave,Base,4.02,USDT,241624046,0.89,3.76
2024-07-21,Aave,Base,4.28,DAI,242054274,0.86,4.29
2024-07-21,Compound,Ethereum,3.21,USDC,170379503,12.3,0
2024-07-21,Compound,Ethereum,2.87,USDT,186152608,14.11,0
2024-07-21,Compound,Ethereum,3.37,DAI,168361531,11.4,0
2024-07-21,Compound,Arbitrum,3.81,USDC,174954921,1.56,3.28
2024-07-21,Compound,Arbitrum,3.83,USDT,165730394,1.69,4.23
2024-07-21,Compound,Arbitrum,3.7,DAI,180210685,1.42,4.53
2024-07-21,Compound,Optimism,3.48,USDC,170417042,1.43,3.13
2024-07-21,Compound,Optimism,4.09,USDT,168233934,1.45,2.97
2024-07-21,Compound,Optimism,3.39,DAI,172874280,0.99,2.89
2024-07-21,Compound,Polygon,3.68,USDC,167470250,0.68,3.0
2024-07-21,Compound,Polygon,3.98,USDT,171077688,0.66,4.31
2024-07-21,Compound,Polygon,3.95,DAI,168375724,0.69,2.69
2024-07-21,Compound,Base,3.86,USDC,180207518,1.03,4.11
2024-07-21,Compound,Base,3.86,USDT,167185870,1.17,4.57
2024-07-21,Compound,Base,3.86,DAI,169098348,0.98,4.08
2024-07-21,Curve,Ethereum,5.67,USDC,310502576,10.01,0
2024-07-21,Curve,Ethereum,6.06,USDT,308222855,12.32,0
2024-07-21,Curve,Ethereum,5.8,DAI,291135235,10.31,0
2024-07-21,Curve,Arbitrum,7.4,USDC,323435521,1.45,4.28
2024-07-21,Curve,Arbitrum,8.19,USDT,336626858,1.76,4.5
2024-07-21,Curve,Arbitrum,7.25,DAI,298832071,1.94,5.51
2024-07-21,Curve,Optimism,7.02,USDC,269349986,1.23,3.77
2024-07-21,Curve,Optimism,6.38,USDT,324128527,1.19,5.13
2024-07-21,Curve,Optimism,6.94,DAI,294398243,1.17,3.21
2024-07-21,Curve,Polygon,7.69,USDC,294726469,0.78,3.3
2024-07-21,Curve,Polygon,8.04,USDT,313166604,0.75,3.17
2024-07-21,Curve,Polygon,8.08,DAI,288280946,0.81,2.77
2024-07-21,Curve,Base,6.5,USDC,334423905,1.14,3.03
2024-07-21,Curve,Base,8.05,USDT,310201344,0.83,4.09
2024-07-21,Curve,Base,8.25,DAI,322235128,1.07,3.97
2024-07-21,Uniswap V3,Ethereum,7.99,USDC,91719273,11.21,0
2024-07-21,Uniswap V3,Ethereum,6.73,USDT,84321589,11.49,0
2024-07-21,Uniswap V3,Ethereum,6.82,DAI,90074664,6.29,0
2024-07-21,Uniswap V3,Arbitrum,8.03,USDC,89872893,1.44,7.27
2024-07-21,Uniswap V3,Arbitrum,8.76,USDT,88867028,2.01,5.59
2024-07-21,Uniswap V3,Arbitrum,7.72,DAI,90244847,1.63,6.66
2024-07-21,Uniswap V3,Optimism,7.25,USDC,87516043,1.31,3.59
2024-07-21,Uniswap V3,Optimism,8.31,USDT,94386897,1.64,4.53
2024-07-21,Uniswap V3,Optimism,8.63,DAI,93075859,1.35,3.22
2024-07-21,Uniswap V3,Polygon,8.8,USDT,89768263,0.66,3.54
2024-07-21,Uniswap V3,Polygon,7.72,DAI,92619780,0.8,3.81
2024-07-21,Uniswap V3,Base,10.32,USDC,88560392,0.98,5.37
2024-07-21,Uniswap V3,Base,8.71,USDT,89430698,1.17,5.1
2024-07-21,Uniswap V3,Base,8.3,DAI,85888701,0.83,4.29
2024-07-21,Yearn,Ethereum,4.07,USDC,109976719,13.12,0
2024-07-21,Yearn,Ethereum,3.4,USDT,118704714,13.96,0
2024-07-21,Yearn,Ethereum,4.18,DAI,117612229,8.83,0
2024-07-21,Yearn,Arbitrum,4.77,USDC,108334347,1.42,5.16
2024-07-21,Yearn,Arbitrum,4.73,USDT,111790239,1.56,3.81
2024-07-21,Yearn,Arbitrum,5.09,DAI,114694966,1.63,6.85
2024-07-21,Yearn,Optimism,5.15,USDC,121751419,1.1,4.22
2024-07-21,Yearn,Optimism,4.21,USDT,110137028,1.28,3.74
2024-07-21,Yearn,Optimism,4.71,DAI,124179346,0.75,4.2
2024-07-21,Yearn,Polygon,5.32,USDC,123748388,0.63,3.26
2024-07-21,Yearn,Polygon,4.96,USDT,113011039,0.7,2.24
2024-07-21,Yearn,Polygon,4.68,DAI,124593973,0.61,3.15
2024-07-21,Yearn,Base,5.03,USDC,117230550,1.05,4.2
2024-07-21,Yearn,Base,4.61,USDT,114625791,1.04,3.29
2024-07-21,Yearn,Base,5.04,DAI,114593897,0.82,3.77
2024-07-21,Pendle,Ethereum,10.49,USDC,66997800,8.22,0
2024-07-21,Pendle,Ethereum,8.71,USDT,73185877,9.89,0
2024-07-21,Pendle,Arbitrum,10.69,USDC,69282955,1.46,6.61
2024-07-21,Pendle,Arbitrum,10.79,USDT,68400777,1.66,2.83
2024-07-21,Pendle,Arbitrum,10.69,DAI,69496722,1.69,4.87
2024-07-21,Pendle,Optimism,10.19,USDC,65504599,0.84,4.42
2024-07-21,Pendle,Optimism,11.62,USDT,81531427,0.69,5.66
2024-07-21,Pendle,Optimism,10.76,DAI,72329928,1.43,5.17
2024-07-21,Pendle,Base,12.26,USDC,76743334,1.01,2.77
2024-07-21,Pendle,Base,9.09,DAI,75836753,1.13,2.64
2024-07-21,Convex,Ethereum,5.03,USDC,139090394,11.14,0
2024-07-21,Convex,Ethereum,6.31,USDT,151233244,9.28,0
2024-07-21,Convex,Ethereum,5.51,DAI,137133213,11.68,0
2024-07-21,Balancer,Ethereum,6.61,USDC,100952813,10.81,0
2024-07-21,Balancer,Ethereum,6.65,DAI,105991680,12.35,0
2024-07-21,Balancer,Arbitrum,8.5,USDC,109508520,1.88,4.3
2024-07-21,Balancer,Arbitrum,6.4,USDT,106968729,1.65,5.67
2024-07-21,Balancer,Arbitrum,7.27,DAI,102258943,1.69,4.56
2024-07-21,Balancer,Optimism,9.22,USDC,110874197,1.24,4.95
2024-07-21,Balancer,Optimism,7.88,USDT,112937613,1.2,3.93
2024-07-21,Balancer,Optimism,8.16,DAI,104368340,1.07,5.15
2024-07-21,Balancer,Polygon,8.93,USDC,96549863,0.62,2.81
2024-07-21,Balancer,Polygon,7.57,USDT,104534694,0.63,2.74
2024-07-21,Balancer,Polygon,9.1,DAI,102724270,0.54,2.6
2024-07-21,Balancer,Base,6.63,USDC,104656351,1.17,2.97
2024-07-21,Balancer,Base,8.53,USDT,108648742,1.07,3.51
2024-07-21,Balancer,Base,7.75,DAI,103365751,1.05,4.12
2024-07-22,Aave,Ethereum,3.28,USDC,232864543,12.56,0
2024-07-22,Aave,Ethereum,3.17,USDT,220433296,13.57,0
2024-07-22,Aave,Ethereum,3.47,DAI,243589631,15.14,0
2024-07-22,Aave,Arbitrum,4.1,USDC,249028703,2.92,5.11
2024-07-22,Aave,Arbitrum,3.92,USDT,249752163,2.22,4.52
2024-07-22,Aave,Arbitrum,3.81,DAI,199364011,2.82,5.48
2024-07-22,Aave,Optimism,3.81,USDC,232288648,1.75,3.88
2024-07-22,Aave,Optimism,4.06,USDT,241966567,1.94,4.9
2024-07-22,Aave,Optimism,4.04,DAI,250734982,1.86,4.49
2024-07-22,Aave,Polygon,4.35,USDC,248939322,1.11,4.13
2024-07-22,Aave,Base,4.21,USDC,232614194,1.54,1.74
2024-07-22,Aave,Base,3.54,USDT,232618136,1.43,4.81
2024-07-22,Aave,Base,3.57,DAI,228055323,1.31,3.83
2024-07-22,Compound,Ethereum,3.29,USDT,173809614,16.4,0
2024-07-22,Compound,Arbitrum,3.72,USDC,179282133,2.52,5.12
2024-07-22,Compound,Arbitrum,3.85,DAI,168764576,2.84,3.95
2024-07-22,Compound,Optimism,3.86,USDC,165305525,1.72,4.06
2024-07-22,Compound,Optimism,3.63,USDT,182916344,1.79,4.91
2024-07-22,Compound,Optimism,3.75,DAI,160805422,1.77,3.88
2024-07-22,Compound,Polygon,4.04,USDT,154316231,1.05,3.23
2024-07-22,Compound,Polygon,4.04,DAI,176900397,0.83,2.8
2024-07-22,Compound,Base,3.71,USDC,174145849,1.11,3.32
2024-07-22,Compound,Base,3.5,USDT,182242749,1.29,4.72
2024-07-22,Compound,Base,3.79,DAI,177493179,1.7,3.48
2024-07-22,Curve,Ethereum,5.66,USDC,313799371,15.37,0
2024-07-22,Curve,Ethereum,6.02,USDT,315624465,21.98,0
2024-07-22,Curve,Ethereum,5.59,DAI,293743998,26.04,0
2024-07-22,Curve,Arbitrum,7.04,USDC,284093511,2.31,5.99
2024-07-22,Curve,Arbitrum,7.09,USDT,280733065,2.62,4.42
2024-07-22,Curve,Arbitrum,7.7,DAI,321013164,1.73,4.04
2024-07-22,Curve,Optimism,8.93,USDC,295468522,2.02,4.74
2024-07-22,Curve,Optimism,7.13,USDT,306838294,1.81,4.27
2024-07-22,Curve,Optimism,7.48,DAI,272788731,1.89,3.54
2024-07-22,Curve,Polygon,6.76,USDC,312415172,1.0,2.52
2024-07-22,Curve,Polygon,7.71,DAI,311681461,0.78,2.85
2024-07-22,Curve,Base,7.11,USDC,309327023,1.65,4.64
2024-07-22,Curve,Base,6.61,USDT,316023535,1.21,2.85
2024-07-22,Curve,Base,7.72,DAI,285203281,1.43,3.6
2024-07-22,Uniswap V3,Ethereum,6.5,USDT,91722183,19.35,0
2024-07-22,Uniswap V3,Arbitrum,7.8,USDC,97785366,2.32,4.8
2024-07-22,Uniswap V3,Arbitrum,8.4,USDT,89829748,2.22,5.25
2024-07-22,Uniswap V3,Arbitrum,8.02,DAI,91036283,2.16,4.67
2024-07-22,Uniswap V3,Optimism,7.33,USDC,85053736,1.84,2.44
2024-07-22,Uniswap V3,Optimism,8.8,USDT,92757434,2.19,4.77
2024-07-22,Uniswap V3,Optimism,9.09,DAI,86759447,2.03,4.76
2024-07-22,Uniswap V3,Polygon,6.68,USDC,89188129,1.16,3.53
2024-07-22,Uniswap V3,Polygon,8.47,USDT,92054707,1.01,2.87
2024-07-22,Uniswap V3,Polygon,9.41,DAI,85436582,0.97,3.11
2024-07-22,Uniswap V3,Base,6.89,USDC,90221452,1.51,3.87
2024-07-22,Uniswap V3,Base,9.22,USDT,82810198,1.43,5.07
2024-07-22,Uniswap V3,Base,9.99,DAI,93209498,1.74,5.11
2024-07-22,Yearn,Ethereum,4.0,USDC,115781265,19.62,0
2024-07-22,Yearn,Ethereum,3.79,USDT,117465887,18.38,0
2024-07-22,Yearn,Ethereum,4.06,DAI,119304754,15.6,0
2024-07-22,Yearn,Arbitrum,5.13,USDC,118194902,2.88,4.81
2024-07-22,Yearn,Arbitrum,4.68,USDT,115006734,2.89,5.64
2024-07-22,Yearn,Arbitrum,5.21,DAI,104713514,2.38,4.73
2024-07-22,Yearn,Optimism,4.13,USDT,117276884,2.09,4.68
2024-07-22,Yearn,Optimism,4.47,DAI,106312408,2.01,4.12
2024-07-22,Yearn,Polygon,4.44,USDC,112194652,0.83,3.35
2024-07-22,Yearn,Polygon,5.59,USDT,108974273,1.17,2.64
2024-07-22,Yearn,Polygon,5.83,DAI,114579353,1.03,4.45
2024-07-22,Yearn,Base,5.4,USDC,115196333,1.78,5.11
2024-07-22,Yearn,Base,4.97,USDT,112715856,1.36,5.17
2024-07-22,Pendle,Ethereum,8.04,USDC,78556315,17.15,0
2024-07-22,Pendle,Ethereum,8.99,USDT,69212270,21.61,0
2024-07-22,Pendle,Ethereum,7.92,DAI,65960436,17.82,0
2024-07-22,Pendle,Arbitrum,13.03,USDC,65098636,2.94,4.06
2024-07-22,Pendle,Arbitrum,11.32,USDT,73788789,1.94,6.29
2024-07-22,Pendle,Arbitrum,12.23,DAI,69245211,3.1,5.76
2024-07-22,Pendle,Optimism,12.24,USDC,69553855,1.73,3.81
2024-07-22,Pendle,Optimism,12.44,USDT,71378342,1.15,4.77
2024-07-22,Pendle,Optimism,10.75,DAI,72574722,2.01,4.23
2024-07-22,Pendle,Base,10.65,USDT,66946698,1.36,4.5
2024-07-22,Pendle,Base,12.45,DAI,69604124,2.02,3.83
2024-07-22,Convex,Ethereum,6.45,USDC,139805833,13.38,0
2024-07-22,Convex,Ethereum,6.81,USDT,159182233,16.4,0
2024-07-22,Convex,Ethereum,6.13,DAI,148153654,24.32,0
2024-07-22,Balancer,Ethereum,6.76,USDC,105612163,21.2,0
2024-07-22,Balancer,Ethereum,6.88,USDT,105482787,18.54,0
2024-07-22,Balancer,Ethereum,7.04,DAI,109547779,19.53,0
2024-07-22,Balancer,Arbitrum,8.44,USDC,101890138,2.03,3.94
2024-07-22,Balancer,Arbitrum,8.14,USDT,109177027,2.92,3.71
2024-07-22,Balancer,Arbitrum,7.88,DAI,103417740,2.7,3.78
2024-07-22,Balancer,Optimism,7.62,USDC,116017046,1.41,2.63
2024-07-22,Balancer,Optimism,7.69,USDT,113447048,1.78,3.89
2024-07-22,Balancer,Optimism,7.17,DAI,101254116,1.85,3.69
2024-07-22,Balancer,Polygon,7.5,USDC,108057946,0.73,1.57
2024-07-22,Balancer,Polygon,8.2,USDT,101838894,1.07,2.65
2024-07-22,Balancer,Polygon,7.97,DAI,98422883,0.82,3.04
2024-07-22,Balancer,Base,8.0,USDT,97210404,1.49,4.08
2024-07-22,Balancer,Base,7.62,DAI,105844529,1.45,3.24
2024-07-23,Aave,Ethereum,2.73,USDC,234923467,19.53,0
2024-07-23,Aave,Ethereum,3.47,USDT,228666171,18.54,0
2024-07-23,Aave,Ethereum,3.38,DAI,232774332,12.47,0
2024-07-23,Aave,Arbitrum,4.23,USDC,209546409,2.11,5.24
2024-07-23,Aave,Arbitrum,4.11,USDT,219486934,2.26,4.93
2024-07-23,Aave,Arbitrum,4.07,DAI,232227107,2.81,5.59
2024-07-23,Aave,Optimism,3.65,USDC,240809520,1.64,3.39
2024-07-23,Aave,Optimism,3.95,USDT,241357507,1.9,3.06
2024-07-23,Aave,Polygon,4.81,USDC,224143395,1.05,3.76
2024-07-23,Aave,Polygon,4.37,USDT,233169723,0.94,3.2
2024-07-23,Aave,Polygon,4.11,DAI,240039703,0.97,4.02
2024-07-23,Aave,Base,3.89,USDC,227355588,1.43,4.26
2024-07-23,Aave,Base,4.19,USDT,251253908,1.66,4.07
2024-07-23,Aave,Base,3.98,DAI,224413492,1.62,3.0
2024-07-23,Compound,Ethereum,3.22,USDC,163816098,20.03,0
2024-07-23,Compound,Ethereum,3.33,USDT,164949330,19.79,0
2024-07-23,Compound,Ethereum,3.06,DAI,183022034,16.62,0
2024-07-23,Compound,Arbitrum,4.46,USDC,176595573,2.37,5.71
2024-07-23,Compound,Arbitrum,3.84,USDT,166447388,1.97,4.53
2024-07-23,Compound,Arbitrum,3.88,DAI,167724191,2.33,4.87
2024-07-23,Compound,Optimism,3.96,USDC,160986875,1.54,4.63
2024-07-23,Compound,Optimism,3.55,USDT,177656573,1.76,3.55
2024-07-23,Compound,Optimism,3.62,DAI,172370830,1.57,5.07
2024-07-23,Compound,Polygon,3.89,USDC,149024052,0.82,3.08
2024-07-23,Compound,Polygon,4.11,USDT,169393407,1.1,3.78
2024-07-23,Compound,Polygon,4.22,DAI,177121993,0.61,3.1
2024-07-23,Compound,Base,3.77,USDC,177632291,1.62,5.11
2024-07-23,Compound,Base,3.98,USDT,152945485,1.6,2.36
2024-07-23,Compound,Base,3.91,DAI,179337051,1.6,3.11
2024-07-23,Curve,Ethereum,7.07,USDC,294425781,14.8,0
2024-07-23,Curve,Ethereum,6.43,USDT,312003592,18.73,0
2024-07-23,Curve,Ethereum,5.37,DAI,290975892,23.08,0
2024-07-23,Curve,Arbitrum,8.2,USDC,277081321,2.22,3.73
2024-07-23,Curve,Arbitrum,8.43,USDT,305632496,1.72,5.8
2024-07-23,Curve,Arbitrum,9.53,DAI,297687600,2.44,5.33
2024-07-23,Curve,Optimism,6.24,USDC,271454424,1.91,3.5
2024-07-23,Curve,Optimism,6.45,USDT,329348953,1.61,4.34
2024-07-23,Curve,Optimism,7.55,DAI,314241931,2.31,5.06
2024-07-23,Curve,Polygon,7.86,USDC,327219713,0.83,2.07
2024-07-23,Curve,Polygon,7.28,USDT,292680105,0.88,2.75
2024-07-23,Curve,Polygon,7.36,DAI,297350174,0.94,3.53
2024-07-23,Curve,Base,6.22,USDC,313487999,1.57,4.41
2024-07-23,Curve,Base,6.3,USDT,308193139,1.46,4.01
2024-07-23,Curve,Base,6.76,DAI,291796245,1.04,4.0
2024-07-23,Uniswap V3,Ethereum,7.01,USDC,95072862,18.58,0
2024-07-23,Uniswap V3,Ethereum,6.44,USDT,89895805,22.34,0
2024-07-23,Uniswap V3,Ethereum,7.93,DAI,91949636,17.76,0
2024-07-23,Uniswap V3,Arbitrum,7.87,USDT,93635127,2.8,4.69
2024-07-23,Uniswap V3,Arbitrum,9.15,DAI,93012780,2.59,4.92
2024-07-23,Uniswap V3,Optimism,7.68,USDC,80839164,1.7,3.4
2024-07-23,Uniswap V3,Optimism,9.7,DAI,97717739,2.22,2.5
2024-07-23,Uniswap V3,Polygon,8.04,USDC,89602099,0.95,2.83
2024-07-23,Uniswap V3,Polygon,8.7,USDT,85960219,1.17,2.78
2024-07-23,Uniswap V3,Polygon,8.96,DAI,89476072,0.94,3.04
2024-07-23,Uniswap V3,Base,9.19,USDC,89626862,1.39,4.32
2024-07-23,Uniswap V3,Base,8.26,USDT,92529362,1.31,4.01
2024-07-23,Uniswap V3,Base,7.66,DAI,92846394,1.48,2.61
2024-07-23,Yearn,Ethereum,4.02,USDC,114984558,24.65,0
2024-07-23,Yearn,Ethereum,4.34,USDT,114433622,20.92,0
2024-07-23,Yearn,Arbitrum,4.79,USDC,102568165,2.69,5.24
2024-07-23,Yearn,Arbitrum,5.02,USDT,110682023,2.38,5.74
2024-07-23,Yearn,Arbitrum,5.2,DAI,112777923,2.42,4.11
2024-07-23,Yearn,Optimism,5.0,USDC,108345058,1.54,3.68
2024-07-23,Yearn,Optimism,4.75,USDT,111272434,1.97,4.11
2024-07-23,Yearn,Optimism,5.0,DAI,119674570,1.99,3.39
2024-07-23,Yearn,Polygon,5.46,USDT,122153502,0.98,1.97
2024-07-23,Yearn,Base,4.9,USDC,127158903,1.14,4.41
2024-07-23,Yearn,Base,5.0,USDT,112588615,1.18,3.22
2024-07-23,Pendle,Ethereum,9.23,USDC,72046956,24.78,0
2024-07-23,Pendle,Ethereum,8.37,USDT,78259148,16.73,0
2024-07-23,Pendle,Ethereum,8.25,DAI,75117768,14.58,0
2024-07-23,Pendle,Arbitrum,12.26,USDC,65937054,2.62,4.58
2024-07-23,Pendle,Arbitrum,12.36,USDT,66738216,2.62,4.49
2024-07-23,Pendle,Arbitrum,11.6,DAI,76407102,2.0,4.45
2024-07-23,Pendle,Optimism,11.46,USDC,67371629,1.94,3.91
2024-07-23,Pendle,Optimism,10.41,DAI,63288654,2.09,3.63
2024-07-23,Pendle,Base,8.54,USDC,63412665,1.24,5.73
2024-07-23,Pendle,Base,10.58,DAI,71632941,1.4,4.94
2024-07-23,Convex,Ethereum,6.26,USDC,143689429,18.66,0
2024-07-23,Convex,Ethereum,5.72,USDT,144009840,21.66,0
2024-07-23,Convex,Ethereum,5.27,DAI,137046828,16.64,0
2024-07-23,Balancer,Ethereum,6.17,USDC,105835272,19.54,0
2024-07-23,Balancer,Ethereum,6.6,USDT,106663283,25.21,0
2024-07-23,Balancer,Ethereum,6.26,DAI,114258199,18.45,0
2024-07-23,Balancer,Arbitrum,8.44,USDC,104355023,2.55,4.56
2024-07-23,Balancer,Arbitrum,7.92,USDT,97933651,2.61,6.05
2024-07-23,Balancer,Arbitrum,7.53,DAI,111941404,2.79,5.53
2024-07-23,Balancer,Optimism,7.03,USDC,97286237,1.92,4.45
2024-07-23,Balancer,Optimism,7.43,USDT,103251022,1.04,4.63
2024-07-23,Balancer,Optimism,8.23,DAI,100786628,1.84,2.78
2024-07-23,Balancer,Polygon,7.98,USDC,95008738,0.66,3.82
2024-07-23,Balancer,Polygon,9.57,DAI,102184408,0.93,2.98
2024-07-23,Balancer,Base,8.55,USDC,101825304,1.33,4.11
2024-07-23,Balancer,Base,7.22,USDT,106526153,1.63,4.81
2024-07-23,Balancer,Base,6.87,DAI,103320954,1.48,3.89
2024-07-24,Aave,Ethereum,3.19,USDC,248916925,22.09,0
2024-07-24,Aave,Ethereum,3.24,USDT,227238668,22.03,0
2024-07-24,Aave,Ethereum,3.49,DAI,237776205,15.7,0
2024-07-24,Aave,Arbitrum,4.28,USDC,238295386,2.54,4.82
2024-07-24,Aave,Arbitrum,4.11,USDT,248633030,2.35,4.53
2024-07-24,Aave,Arbitrum,4.05,DAI,233914474,2.5,4.78
2024-07-24,Aave,Optimism,3.99,USDC,242634901,1.14,4.36
2024-07-24,Aave,Optimism,3.96,USDT,247763938,1.45,3.17
2024-07-24,Aave,Optimism,4.04,DAI,239746202,1.11,2.73
2024-07-24,Aave,Polygon,4.6,USDC,241770978,0.8,3.33
2024-07-24,Aave,Polygon,4.37,USDT,236189734,1.27,2.48
2024-07-24,Aave,Polygon,4.39,DAI,236077393,0.89,2.25
2024-07-24,Aave,Base,4.36,USDC,252736728,1.45,3.29
2024-07-24,Aave,Base,3.97,USDT,245658374,1.84,5.33
2024-07-24,Aave,Base,4.17,DAI,224535059,1.29,3.39
2024-07-24,Compound,Ethereum,3.07,USDC,175420562,16.15,0
2024-07-24,Compound,Ethereum,3.23,USDT,166527992,14.17,0
2024-07-24,Compound,Ethereum,3.4,DAI,156034854,19.9,0
2024-07-24,Compound,Arbitrum,4.04,USDC,172684843,2.57,5.29
2024-07-24,Compound,Arbitrum,4.2,USDT,181460167,2.4,5.46
2024-07-24,Compound,Arbitrum,3.99,DAI,170386618,2.35,4.21
2024-07-24,Compound,Optimism,3.95,USDC,180332114,1.83,4.65
2024-07-24,Compound,Optimism,3.49,USDT,175574749,1.05,2.25
2024-07-24,Compound,Optimism,3.77,DAI,178571967,1.88,5.51
2024-07-24,Compound,Polygon,4.57,DAI,182621726,0.81,3.65
2024-07-24,Compound,Base,4.41,USDC,164858011,1.33,3.53
2024-07-24,Compound,Base,3.87,USDT,175143585,1.56,1.57
2024-07-24,Compound,Base,3.84,DAI,180585990,1.47,4.64
2024-07-24,Curve,Ethereum,6.3,USDT,312785406,17.82,0
2024-07-24,Curve,Ethereum,6.5,DAI,296980069,13.76,0
2024-07-24,Curve,Arbitrum,7.33,USDC,332718499,1.88,4.72
2024-07-24,Curve,Arbitrum,8.07,USDT,308490387,2.14,4.75
2024-07-24,Curve,Arbitrum,8.52,DAI,305019604,2.76,4.83
2024-07-24,Curve,Optimism,7.13,USDC,277178751,1.69,4.82
2024-07-24,Curve,Optimism,6.77,USDT,326267197,1.52,3.98
2024-07-24,Curve,Optimism,7.9,DAI,329917778,1.77,4.14
2024-07-24,Curve,Polygon,9.21,USDC,294254891,0.92,2.1
2024-07-24,Curve,Polygon,8.07,USDT,318252410,1.27,3.51
2024-07-24,Curve,Polygon,8.5,DAI,313027294,0.95,3.79
2024-07-24,Curve,Base,8.35,USDC,302412133,1.5,4.42
2024-07-24,Curve,Base,7.38,USDT,298400318,1.59,4.49
2024-07-24,Curve,Base,8.71,DAI,291438483,1.79,4.55
2024-07-24,Uniswap V3,Ethereum,6.15,USDC,89014970,19.35,0
2024-07-24,Uniswap V3,Ethereum,6.4,USDT,81239537,12.95,0
2024-07-24,Uniswap V3,Ethereum,6.97,DAI,89562916,15.98,0
2024-07-24,Uniswap V3,Arbitrum,9.08,USDC,83974961,1.49,4.73
2024-07-24,Uniswap V3,Arbitrum,9.26,USDT,86262107,2.19,6.41
2024-07-24,Uniswap V3,Arbitrum,7.37,DAI,97304117,1.38,5.94
2024-07-24,Uniswap V3,Optimism,9.24,USDC,83618029,1.72,5.7
2024-07-24,Uniswap V3,Optimism,7.65,USDT,82268593,1.91,4.38
2024-07-24,Uniswap V3,Optimism,8.95,DAI,81266206,1.71,4.83
2024-07-24,Uniswap V3,Polygon,11.63,USDC,89752937,1.11,2.31
2024-07-24,Uniswap V3,Polygon,9.61,USDT,92132384,0.85,3.71
2024-07-24,Uniswap V3,Polygon,9.57,DAI,84522139,1.11,3.02
2024-07-24,Uniswap V3,Base,8.45,USDC,95605518,1.42,3.98
2024-07-24,Uniswap V3,Base,7.85,USDT,94065514,1.21,4.15
2024-07-24,Uniswap V3,Base,7.1,DAI,100152997,1.94,3.51
2024-07-24,Yearn,Ethereum,4.19,USDC,113198391,17.64,0
2024-07-24,Yearn,Ethereum,3.95,USDT,125093803,17.54,0
2024-07-24,Yearn,Ethereum,4.39,DAI,113187138,17.71,0
2024-07-24,Yearn,Arbitrum,5.1,USDC,121570356,2.0,5.37
2024-07-24,Yearn,Arbitrum,5.17,USDT,122455667,3.08,6.47
2024-07-24,Yearn,Arbitrum,5.38,DAI,118957933,1.87,4.28
2024-07-24,Yearn,Optimism,4.35,USDC,116974117,2.04,4.54
2024-07-24,Yearn,Optimism,4.92,USDT,116689139,2.5,4.4
2024-07-24,Yearn,Optimism,4.9,DAI,117083490,1.52,3.53
2024-07-24,Yearn,Polygon,5.17,USDC,120903106,1.01,2.55
2024-07-24,Yearn,Polygon,5.63,USDT,117351874,0.88,3.31
2024-07-24,Yearn,Polygon,5.03,DAI,126274112,1.15,2.22
2024-07-24,Yearn,Base,5.18,USDC,113737221,0.85,4.13
2024-07-24,Yearn,Base,4.97,USDT,116548846,1.51,4.96
2024-07-24,Yearn,Base,5.1,DAI,111752858,1.4,4.84
2024-07-24,Pendle,Ethereum,8.17,USDT,68302638,14.98,0
2024-07-24,Pendle,Ethereum,8.1,DAI,72048218,13.84,0
2024-07-24,Pendle,Arbitrum,10.38,USDC,63673865,2.36,7.99
2024-07-24,Pendle,Arbitrum,12.88,DAI,71570955,2.25,6.66
2024-07-24,Pendle,Optimism,9.59,USDC,77453038,1.62,3.29
2024-07-24,Pendle,Optimism,11.17,USDT,65216790,1.94,3.33
2024-07-24,Pendle,Optimism,10.95,DAI,75340643,2.12,5.14
2024-07-24,Pendle,Base,11.24,USDC,70165395,0.94,3.65
2024-07-24,Pendle,Base,11.24,USDT,72835822,1.27,3.54
2024-07-24,Pendle,Base,9.56,DAI,69935046,1.35,5.2
2024-07-24,Convex,Ethereum,6.16,USDC,150711773,13.1,0
2024-07-24,Convex,Ethereum,5.73,USDT,136827697,20.1,0
2024-07-24,Convex,Ethereum,5.29,DAI,143783494,16.24,0
2024-07-24,Balancer,Ethereum,7.52,USDC,105210591,13.51,0
2024-07-24,Balancer,Ethereum,7.57,USDT,103638271,21.53,0
2024-07-24,Balancer,Ethereum,5.79,DAI,104982250,13.71,0
2024-07-24,Balancer,Arbitrum,7.73,USDC,102709885,2.71,6.51
2024-07-24,Balancer,Arbitrum,7.98,USDT,99324733,2.52,5.92
2024-07-24,Balancer,Optimism,8.35,USDC,104985579,1.86,4.37
2024-07-24,Balancer,Optimism,7.97,USDT,101350849,1.9,3.34
2024-07-24,Balancer,Optimism,8.35,DAI,116448280,2.0,2.43
2024-07-24,Balancer,Polygon,8.06,USDC,100593329,0.94,2.49
2024-07-24,Balancer,Polygon,8.48,USDT,110844864,1.19,2.68
2024-07-24,Balancer,Polygon,8.57,DAI,100976293,1.02,2.99
2024-07-24,Balancer,Base,7.48,USDT,102381706,1.63,3.04
2024-07-24,Balancer,Base,8.41,DAI,101245026,1.67,3.87
2024-07-25,Aave,Ethereum,3.93,USDC,252051910,22.3,0
2024-07-25,Aave,Ethereum,3.46,USDT,229731784,19.52,0
2024-07-25,Aave,Ethereum,3.39,DAI,239479470,20.79,0
2024-07-25,Aave,Arbitrum,3.85,USDC,221972620,2.5,5.27
2024-07-25,Aave,Arbitrum,4.17,USDT,233179606,2.8,4.66
2024-07-25,Aave,Arbitrum,4.28,DAI,246675080,1.89,4.64
2024-07-25,Aave,Optimism,3.92,USDC,251448827,1.77,2.16
2024-07-25,Aave,Optimism,3.54,USDT,236338346,1.77,3.54
2024-07-25,Aave,Optimism,3.73,DAI,251817091,1.63,3.87
2024-07-25,Aave,Polygon,4.16,USDC,242074825,1.25,3.44
2024-07-25,Aave,Polygon,4.31,USDT,232923885,1.24,3.38
2024-07-25,Aave,Base,4.02,USDC,239100911,1.24,3.68
2024-07-25,Compound,Ethereum,3.52,USDT,174756202,15.68,0
2024-07-25,Compound,Ethereum,3.09,DAI,156291445,13.4,0
2024-07-25,Compound,Arbitrum,4.37,USDC,173339555,2.53,5.22
2024-07-25,Compound,Arbitrum,3.57,USDT,168414896,2.3,3.66
2024-07-25,Compound,Arbitrum,3.87,DAI,166513232,2.26,4.34
2024-07-25,Compound,Optimism,3.66,USDC,184442156,1.59,3.97
2024-07-25,Compound,Optimism,3.89,USDT,179964349,2.18,4.35
2024-07-25,Compound,Optimism,3.71,DAI,168976911,1.86,2.79
2024-07-25,Compound,Polygon,4.03,USDC,158038211,0.81,3.16
2024-07-25,Compound,Polygon,4.1,USDT,185623639,1.0,3.87
2024-07-25,Compound,Polygon,4.55,DAI,174641143,0.73,3.38
2024-07-25,Compound,Base,3.78,USDC,166244198,1.76,3.06
2024-07-25,Curve,Ethereum,6.89,USDC,297422049,16.74,0
2024-07-25,Curve,Ethereum,6.28,USDT,322632447,22.07,0
2024-07-25,Curve,Ethereum,6.8,DAI,310606259,14.05,0
2024-07-25,Curve,Arbitrum,9.49,USDC,315686564,2.6,5.08
2024-07-25,Curve,Arbitrum,7.06,USDT,299001739,2.25,4.75
2024-07-25,Curve,Arbitrum,7.26,DAI,311270049,2.17,4.45
2024-07-25,Curve,Optimism,7.66,USDT,294485080,1.16,4.68
2024-07-25,Curve,Optimism,7.03,DAI,307076734,1.77,3.01
2024-07-25,Curve,Polygon,8.57,USDC,297140290,0.83,2.56
2024-07-25,Curve,Polygon,8.25,USDT,294663133,0.84,2.83
2024-07-25,Curve,Polygon,7.43,DAI,282794723,0.78,3.93
2024-07-25,Curve,Base,6.61,USDC,308888482,1.52,2.77
2024-07-25,Curve,Base,7.75,USDT,307863717,1.15,5.43
2024-07-25,Curve,Base,5.99,DAI,292170499,1.76,3.57
2024-07-25,Uniswap V3,Ethereum,6.51,USDT,96392072,21.22,0
2024-07-25,Uniswap V3,Ethereum,7.75,DAI,88714515,17.23,0
2024-07-25,Uniswap V3,Arbitrum,6.92,USDC,93132177,1.74,4.62
2024-07-25,Uniswap V3,Arbitrum,8.96,USDT,89456204,2.36,6.71
2024-07-25,Uniswap V3,Arbitrum,8.83,DAI,100389107,1.97,6.33
2024-07-25,Uniswap V3,Optimism,6.94,USDT,86993431,1.61,3.77
2024-07-25,Uniswap V3,Optimism,8.08,DAI,85004995,1.63,3.38
2024-07-25,Uniswap V3,Polygon,9.39,USDT,85555059,1.04,3.32
2024-07-25,Uniswap V3,Polygon,8.96,DAI,87123064,1.07,3.35
2024-07-25,Uniswap V3,Base,8.45,USDC,90538355,1.4,4.44
2024-07-25,Uniswap V3,Base,8.17,USDT,83110783,1.82,2.86
2024-07-25,Uniswap V3,Base,8.22,DAI,89365242,1.39,3.87
2024-07-25,Yearn,Ethereum,4.43,USDC,108964300,16.29,0
2024-07-25,Yearn,Ethereum,4.23,USDT,106992435,13.32,0
2024-07-25,Yearn,Ethereum,3.69,DAI,99665270,22.97,0
2024-07-25,Yearn,Arbitrum,5.01,USDC,112356813,2.43,7.53
2024-07-25,Yearn,Arbitrum,5.23,USDT,119521348,2.61,5.13
2024-07-25,Yearn,Arbitrum,5.0,DAI,115771810,2.66,5.45
2024-07-25,Yearn,Optimism,4.48,USDC,114468965,1.76,4.28
2024-07-25,Yearn,Optimism,5.15,USDT,105978186,1.33,4.68
2024-07-25,Yearn,Optimism,4.39,DAI,114006999,1.53,3.59
2024-07-25,Yearn,Polygon,5.09,USDC,110088488,1.16,3.11
2024-07-25,Yearn,Polygon,5.27,USDT,107690512,1.02,2.72
2024-07-25,Yearn,Polygon,6.4,DAI,109643615,0.92,3.14
2024-07-25,Yearn,Base,5.27,USDC,110792569,1.63,2.68
2024-07-25,Yearn,Base,4.66,USDT,112233516,1.21,3.94
2024-07-25,Yearn,Base,4.62,DAI,121652490,1.78,4.59
2024-07-25,Pendle,Ethereum,10.79,USDT,67135236,20.95,0
2024-07-25,Pendle,Arbitrum,12.61,USDC,72203185,2.9,4.44
2024-07-25,Pendle,Arbitrum,9.75,USDT,73657859,2.13,4.29
2024-07-25,Pendle,Optimism,9.46,USDC,66080907,1.45,2.61
2024-07-25,Pendle,Optimism,11.17,USDT,73603372,1.61,5.04
2024-07-25,Pendle,Optimism,8.37,DAI,66846697,2.26,3.39
2024-07-25,Pendle,Base,10.54,USDC,73216307,1.38,3.38
2024-07-25,Pendle,Base,8.64,USDT,75307300,1.6,3.88
2024-07-25,Pendle,Base,10.6,DAI,66113251,1.27,5.06
2024-07-25,Convex,Ethereum,5.97,USDC,137676409,16.05,0
2024-07-25,Convex,Ethereum,5.89,USDT,148141804,11.29,0
2024-07-25,Convex,Ethereum,5.44,DAI,130424674,19.66,0
2024-07-25,Balancer,Ethereum,6.82,USDC,110954610,19.51,0
2024-07-25,Balancer,Ethereum,5.83,DAI,108494705,17.62,0
2024-07-25,Balancer,Arbitrum,8.49,USDC,110879743,2.2,6.03
2024-07-25,Balancer,Arbitrum,7.78,USDT,101987700,2.54,3.96
2024-07-25,Balancer,Arbitrum,8.83,DAI,103396219,1.55,3.99
2024-07-25,Balancer,Optimism,7.51,USDC,99367816,1.37,3.39
2024-07-25,Balancer,Optimism,7.99,USDT,108153468,1.88,4.45
2024-07-25,Balancer,Optimism,7.09,DAI,109733647,1.65,5.21
2024-07-25,Balancer,Polygon,8.94,USDC,112082485,1.08,3.77
2024-07-25,Balancer,Polygon,8.66,USDT,111335383,0.88,2.5
2024-07-25,Balancer,Polygon,7.93,DAI,106895194,0.98,2.82
2024-07-25,Balancer,Base,6.85,USDC,102856023,1.59,3.03
2024-07-25,Balancer,Base,8.4,USDT,120356373,1.45,4.65
2024-07-25,Balancer,Base,9.35,DAI,98210820,1.63,4.06
2024-07-26,Aave,Ethereum,3.62,USDC,226053561,16.68,0
2024-07-26,Aave,Ethereum,3.08,USDT,212697033,18.3,0
2024-07-26,Aave,Arbitrum,4.0,USDC,231427256,2.14,4.19
2024-07-26,Aave,Arbitrum,3.73,USDT,236960763,2.63,3.83
2024-07-26,Aave,Arbitrum,4.08,DAI,252927703,2.7,3.97
2024-07-26,Aave,Optimism,3.87,USDC,221812598,1.43,3.0
2024-07-26,Aave,Optimism,3.51,USDT,245640100,1.94,3.76
2024-07-26,Aave,Optimism,3.62,DAI,228295022,0.9,3.95
2024-07-26,Aave,Polygon,4.38,USDC,230287119,0.7,2.4
2024-07-26,Aave,Polygon,4.39,USDT,237041778,0.8,2.62
2024-07-26,Aave,Polygon,4.62,DAI,236239445,1.01,3.08
2024-07-26,Aave,Base,4.25,USDC,248108405,1.65,3.04
2024-07-26,Aave,Base,3.86,USDT,231931827,1.35,5.16
2024-07-26,Aave,Base,4.04,DAI,243127350,1.56,3.99
2024-07-26,Compound,Ethereum,3.3,USDC,168488198,18.97,0
2024-07-26,Compound,Ethereum,3.28,USDT,176847145,20.3,0
2024-07-26,Compound,Ethereum,3.09,DAI,170605521,20.71,0
2024-07-26,Compound,Arbitrum,3.57,USDC,177099011,2.63,4.72
2024-07-26,Compound,Arbitrum,3.67,USDT,162139175,2.13,5.93
2024-07-26,Compound,Arbitrum,3.77,DAI,174379600,2.62,6.16
2024-07-26,Compound,Optimism,3.58,USDT,167231261,1.81,5.83
2024-07-26,Compound,Optimism,3.47,DAI,171284155,1.75,4.37
2024-07-26,Compound,Polygon,4.12,USDC,192781206,0.96,2.7
2024-07-26,Compound,Polygon,4.05,USDT,181347261,1.01,2.14
2024-07-26,Compound,Polygon,4.17,DAI,158869932,0.69,2.28
2024-07-26,Compound,Base,3.92,USDC,168990990,1.15,4.09
2024-07-26,Compound,Base,3.85,USDT,157843795,1.56,2.87
2024-07-26,Compound,Base,3.82,DAI,168692297,1.71,4.14
2024-07-26,Curve,Ethereum,6.54,USDT,320167646,15.72,0
2024-07-26,Curve,Ethereum,5.78,DAI,304116446,18.11,0
2024-07-26,Curve,Arbitrum,7.75,USDC,290992987,2.3,5.33
2024-07-26,Curve,Arbitrum,8.47,USDT,291198146,1.92,4.35
2024-07-26,Curve,Arbitrum,7.4,DAI,312072596,2.39,5.81
2024-07-26,Curve,Optimism,7.88,USDC,342825473,2.23,3.87
2024-07-26,Curve,Optimism,7.51,USDT,286942599,1.95,4.27
2024-07-26,Curve,Optimism,6.7,DAI,302430889,2.21,3.2
2024-07-26,Curve,Polygon,7.41,USDC,309797934,0.79,3.52
2024-07-26,Curve,Polygon,8.96,USDT,280512928,0.95,2.26
2024-07-26,Curve,Polygon,8.66,DAI,283420286,0.88,3.21
2024-07-26,Curve,Base,6.96,USDC,333649211,1.39,3.54
2024-07-26,Curve,Base,6.15,USDT,309515214,1.43,2.3
2024-07-26,Curve,Base,8.59,DAI,301342872,1.44,4.15
2024-07-26,Uniswap V3,Ethereum,4.07,USDC,95386542,20.95,0
2024-07-26,Uniswap V3,Ethereum,7.36,USDT,92765309,21.7,0
2024-07-26,Uniswap V3,Ethereum,6.15,DAI,96255818,20.55,0
2024-07-26,Uniswap V3,Arbitrum,7.98,USDC,97036589,2.84,4.76
2024-07-26,Uniswap V3,Arbitrum,6.74,USDT,90976216,2.58,4.76
2024-07-26,Uniswap V3,Arbitrum,9.46,DAI,89240743,2.48,5.63
2024-07-26,Uniswap V3,Optimism,9.11,USDC,88596988,1.82,5.16
2024-07-26,Uniswap V3,Optimism,7.93,USDT,84643108,1.61,4.0
2024-07-26,Uniswap V3,Polygon,9.68,USDC,92643471,0.86,2.12
2024-07-26,Uniswap V3,Polygon,9.1,USDT,87511673,0.97,2.79
2024-07-26,Uniswap V3,Polygon,8.15,DAI,86712718,1.07,3.38
2024-07-26,Uniswap V3,Base,8.7,USDC,84894251,1.42,3.63
2024-07-26,Uniswap V3,Base,7.18,USDT,94275619,1.61,3.75
2024-07-26,Uniswap V3,Base,6.96,DAI,96159466,1.37,3.72
2024-07-26,Yearn,Ethereum,4.26,USDC,111160918,16.42,0
2024-07-26,Yearn,Ethereum,4.14,USDT,121648609,27.87,0
2024-07-26,Yearn,Ethereum,4.01,DAI,115561761,14.55,0
2024-07-26,Yearn,Arbitrum,5.53,USDC,122763817,3.0,6.05
2024-07-26,Yearn,Arbitrum,4.63,USDT,123325959,3.03,2.91
2024-07-26,Yearn,Arbitrum,4.58,DAI,114284859,2.9,4.11
2024-07-26,Yearn,Optimism,4.42,USDC,113188924,1.82,3.18
2024-07-26,Yearn,Optimism,4.77,USDT,114178453,1.63,4.89
2024-07-26,Yearn,Optimism,5.45,DAI,123655055,2.42,4.11
2024-07-26,Yearn,Polygon,5.52,USDC,128321110,0.92,3.33
2024-07-26,Yearn,Polygon,5.52,USDT,113869881,0.99,3.82
2024-07-26,Yearn,Polygon,5.41,DAI,122217940,1.21,2.38
2024-07-26,Yearn,Base,4.73,USDC,120040213,1.44,3.59
2024-07-26,Yearn,Base,4.84,USDT,104526729,1.65,4.72
2024-07-26,Yearn,Base,4.78,DAI,123368967,1.2,3.61
2024-07-26,Pendle,Ethereum,6.65,USDC,78309126,15.72,0
2024-07-26,Pendle,Ethereum,7.94,USDT,69233005,19.83,0
2024-07-26,Pendle,Ethereum,9.9,DAI,75213768,15.98,0
2024-07-26,Pendle,Arbitrum,10.79,USDC,77175254,2.06,4.85
2024-07-26,Pendle,Arbitrum,13.0,USDT,70334819,2.97,4.99
2024-07-26,Pendle,Arbitrum,11.18,DAI,80302899,2.43,2.04
2024-07-26,Pendle,Optimism,11.47,USDC,74563971,2.55,4.93
2024-07-26,Pendle,Optimism,11.84,USDT,75926960,1.92,4.19
2024-07-26,Pendle,Base,12.22,USDC,73673648,1.41,3.6
2024-07-26,Pendle,Base,10.23,USDT,66374853,1.4,3.86
2024-07-26,Pendle,Base,10.96,DAI,73921482,0.98,4.35
2024-07-26,Convex,Ethereum,5.91,USDC,124209305,22.03,0
2024-07-26,Convex,Ethereum,5.76,USDT,155731523,21.1,0
2024-07-26,Convex,Ethereum,5.54,DAI,148956852,15.6,0
2024-07-26,Balancer,Ethereum,7.45,USDC,100819592,11.81,0
2024-07-26,Balancer,Ethereum,6.74,USDT,108289984,25.18,0
2024-07-26,Balancer,Ethereum,5.83,DAI,111120033,17.52,0
2024-07-26,Balancer,Arbitrum,6.44,USDC,94044399,2.82,4.3
2024-07-26,Balancer,Arbitrum,8.98,DAI,96964259,2.89,5.73
2024-07-26,Balancer,Optimism,8.55,USDC,109281250,1.68,4.77
2024-07-26,Balancer,Optimism,7.32,USDT,111715778,1.79,5.19
2024-07-26,Balancer,Polygon,8.37,USDC,108914183,1.02,2.55
2024-07-26,Balancer,Polygon,8.22,USDT,107790396,1.05,2.62
2024-07-26,Balancer,Polygon,7.45,DAI,115085903,1.05,3.09
2024-07-26,Balancer,Base,7.46,USDC,103669319,1.52,3.51
2024-07-26,Balancer,Base,8.75,USDT,116768527,1.46,4.18
2024-07-26,Balancer,Base,8.32,DAI,111582981,1.37,3.8
2024-07-27,Aave,Ethereum,3.26,USDC,222874443,14.11,0
2024-07-27,Aave,Ethereum,3.52,USDT,231737937,11.41,0
2024-07-27,Aave,Ethereum,3.22,DAI,225979729,10.17,0
2024-07-27,Aave,Arbitrum,3.77,USDC,250113252,1.65,5.64
2024-07-27,Aave,Arbitrum,3.78,USDT,243181400,1.83,3.33
2024-07-27,Aave,Arbitrum,3.31,DAI,238096442,1.52,3.55
2024-07-27,Aave,Optimism,4.23,USDC,260327482,1.23,3.63
2024-07-27,Aave,Optimism,3.88,USDT,259108695,1.21,4.79
2024-07-27,Aave,Optimism,3.67,DAI,268509105,1.41,4.5
2024-07-27,Aave,Polygon,4.35,USDT,270918395,0.83,2.51
2024-07-27,Aave,Polygon,4.11,DAI,217368429,0.62,3.08
2024-07-27,Aave,Base,3.72,USDC,232783444,0.75,3.12
2024-07-27,Aave,Base,4.21,USDT,256832300,0.55,5.43
2024-07-27,Aave,Base,3.92,DAI,231483108,0.68,4.5
2024-07-27,Compound,Ethereum,2.7,USDC,185377983,10.88,0
2024-07-27,Compound,Ethereum,3.21,DAI,165772929,13.45,0
2024-07-27,Compound,Arbitrum,3.89,USDC,182964003,1.47,5.53
2024-07-27,Compound,Arbitrum,3.3,USDT,181946739,1.51,5.61
2024-07-27,Compound,Arbitrum,4.21,DAI,170601074,1.72,4.38
2024-07-27,Compound,Optimism,3.31,USDC,181272852,0.95,4.76
2024-07-27,Compound,Optimism,3.88,USDT,175760195,1.0,2.98
2024-07-27,Compound,Optimism,3.65,DAI,168832836,1.46,4.36
2024-07-27,Compound,Polygon,3.86,USDC,165182106,0.55,2.06
2024-07-27,Compound,Polygon,4.25,USDT,173707430,0.59,3.77
2024-07-27,Compound,Polygon,4.0,DAI,172263317,0.58,2.99
2024-07-27,Compound,Base,3.56,USDC,188493638,1.11,3.96
2024-07-27,Compound,Base,3.86,USDT,183367944,0.98,5.2
2024-07-27,Compound,Base,3.81,DAI,182316308,1.06,3.74
2024-07-27,Curve,Ethereum,6.72,USDC,315144444,11.43,0
2024-07-27,Curve,Ethereum,6.97,USDT,296109228,8.48,0
2024-07-27,Curve,Arbitrum,8.21,USDC,290284766,1.9,6.75
2024-07-27,Curve,Arbitrum,7.82,USDT,283917081,1.7,4.41
2024-07-27,Curve,Arbitrum,9.24,DAI,315297064,1.29,4.85
2024-07-27,Curve,Optimism,7.3,USDC,327926412,1.5,3.99
2024-07-27,Curve,Optimism,7.67,USDT,308171480,1.0,4.02
2024-07-27,Curve,Optimism,7.29,DAI,304183035,1.48,4.12
2024-07-27,Curve,Polygon,8.16,USDC,320788101,0.67,3.06
2024-07-27,Curve,Polygon,9.45,USDT,316408118,0.56,1.84
2024-07-27,Curve,Polygon,8.33,DAI,303618769,0.7,2.83
2024-07-27,Curve,Base,6.76,USDC,299761478,1.19,4.11
2024-07-27,Curve,Base,7.23,USDT,279970405,0.79,4.8
2024-07-27,Curve,Base,8.98,DAI,328799818,0.94,3.59
2024-07-27,Uniswap V3,Ethereum,8.27,USDC,90104409,13.4,0
2024-07-27,Uniswap V3,Ethereum,8.45,USDT,89354652,12.17,0
2024-07-27,Uniswap V3,Ethereum,6.88,DAI,87264333,10.25,0
2024-07-27,Uniswap V3,Arbitrum,10.51,USDC,93734491,0.96,4.09
2024-07-27,Uniswap V3,Arbitrum,8.85,USDT,88236336,2.17,3.34
2024-07-27,Uniswap V3,Arbitrum,9.84,DAI,96899075,1.85,2.64
2024-07-27,Uniswap V3,Optimism,8.32,USDC,93540073,0.94,5.45
2024-07-27,Uniswap V3,Optimism,8.8,USDT,89208210,1.3,2.91
2024-07-27,Uniswap V3,Optimism,8.64,DAI,86457457,1.32,3.7
2024-07-27,Uniswap V3,Polygon,8.23,USDC,90366704,0.62,2.63
2024-07-27,Uniswap V3,Polygon,9.28,USDT,95782194,0.68,4.7
2024-07-27,Uniswap V3,Base,9.31,USDC,95527755,0.86,4.68
2024-07-27,Uniswap V3,Base,8.58,USDT,90359817,0.99,3.07
2024-07-27,Uniswap V3,Base,9.35,DAI,92763543,1.25,5.63
2024-07-27,Yearn,Ethereum,3.83,USDC,108031512,11.55,0
2024-07-27,Yearn,Ethereum,4.06,USDT,117584010,15.64,0
2024-07-27,Yearn,Ethereum,3.83,DAI,123849246,9.44,0
2024-07-27,Yearn,Arbitrum,5.0,USDC,113533272,1.55,4.79
2024-07-27,Yearn,Arbitrum,5.2,USDT,117392631,1.77,3.1
2024-07-27,Yearn,Arbitrum,5.68,DAI,121239760,1.46,5.62
2024-07-27,Yearn,Optimism,4.58,USDC,113077359,1.57,5.11
2024-07-27,Yearn,Optimism,5.07,USDT,124343960,1.14,4.62
2024-07-27,Yearn,Optimism,4.5,DAI,119044557,1.03,3.72
2024-07-27,Yearn,Polygon,4.78,USDC,111936452,0.54,3.72
2024-07-27,Yearn,Polygon,5.52,USDT,121599210,0.53,2.82
2024-07-27,Yearn,Polygon,4.87,DAI,113242466,0.76,3.34
2024-07-27,Yearn,Base,5.48,USDC,112119363,1.08,3.86
2024-07-27,Yearn,Base,4.88,DAI,109494059,0.85,3.13
2024-07-27,Pendle,Ethereum,7.29,USDC,76475309,8.99,0
2024-07-27,Pendle,Ethereum,9.81,USDT,78286066,13.71,0
2024-07-27,Pendle,Ethereum,9.79,DAI,72650117,11.46,0
2024-07-27,Pendle,Arbitrum,10.61,USDC,71638737,1.65,5.54
2024-07-27,Pendle,Arbitrum,10.23,USDT,79794586,1.62,2.89
2024-07-27,Pendle,Arbitrum,11.33,DAI,73486197,1.77,3.58
2024-07-27,Pendle,Optimism,10.99,USDC,71429861,0.99,3.63
2024-07-27,Pendle,Optimism,11.05,USDT,72991133,1.54,3.34
2024-07-27,Pendle,Optimism,9.89,DAI,77693062,1.15,6.03
2024-07-27,Pendle,Base,10.89,USDC,73968641,0.92,5.26
2024-07-27,Pendle,Base,9.64,USDT,72928472,1.03,3.44
2024-07-27,Pendle,Base,10.67,DAI,72365019,1.19,3.09
2024-07-27,Convex,Ethereum,5.21,USDC,140896438,13.04,0
2024-07-27,Convex,Ethereum,5.29,USDT,147417674,9.29,0
2024-07-27,Balancer,Ethereum,6.69,USDC,97942051,13.55,0
2024-07-27,Balancer,Ethereum,6.34,USDT,114989224,11.11,0
2024-07-27,Balancer,Ethereum,6.48,DAI,105818245,12.15,0
2024-07-27,Balancer,Arbitrum,6.08,USDC,109818522,1.89,4.46
2024-07-27,Balancer,Arbitrum,8.03,USDT,109745325,1.58,5.56
2024-07-27,Balancer,Arbitrum,7.05,DAI,103238672,1.32,4.33
2024-07-27,Balancer,Optimism,7.56,USDC,110423369,1.17,5.19
2024-07-27,Balancer,Optimism,7.12,USDT,108932913,1.36,3.01
2024-07-27,Balancer,Optimism,7.95,DAI,100655123,1.18,5.05
2024-07-27,Balancer,Polygon,8.62,USDC,110871254,0.54,3.99
2024-07-27,Balancer,Polygon,7.94,USDT,112039860,0.63,2.76
2024-07-27,Balancer,Base,8.85,USDC,111666905,0.8,4.25
2024-07-27,Balancer,Base,7.71,USDT,117495124,1.17,4.19
2024-07-27,Balancer,Base,8.62,DAI,106947636,0.96,3.25
2024-07-28,Aave,Ethereum,3.01,USDT,238877098,17.59,0
2024-07-28,Aave,Ethereum,3.1,DAI,249737827,11.26,0
2024-07-28,Aave,Arbitrum,4.35,USDC,227989517,1.62,4.88
2024-07-28,Aave,Arbitrum,3.74,USDT,250773531,1.49,5.27
2024-07-28,Aave,Arbitrum,3.65,DAI,258071122,1.65,4.39
2024-07-28,Aave,Optimism,3.99,USDC,227181473,1.13,4.39
2024-07-28,Aave,Optimism,4.19,USDT,234272781,1.25,3.52
2024-07-28,Aave,Optimism,3.76,DAI,256152675,1.07,2.79
2024-07-28,Aave,Polygon,4.35,USDC,242949794,0.54,3.6
2024-07-28,Aave,Polygon,3.8,USDT,248554845,0.68,2.26
2024-07-28,Aave,Polygon,3.81,DAI,271735577,0.64,4.11
2024-07-28,Aave,Base,3.68,USDC,250186081,1.0,6.31
2024-07-28,Aave,Base,3.8,DAI,222485795,1.0,4.35
2024-07-28,Compound,Ethereum,2.95,USDC,169067334,11.62,0
2024-07-28,Compound,Ethereum,2.93,USDT,168394371,13.84,0
2024-07-28,Compound,Ethereum,3.41,DAI,198304587,15.0,0
2024-07-28,Compound,Arbitrum,3.98,USDC,177995940,1.55,5.17
2024-07-28,Compound,Arbitrum,3.53,USDT,174674997,1.75,5.59
2024-07-28,Compound,Arbitrum,3.8,DAI,170477480,1.6,5.83
2024-07-28,Compound,Optimism,3.69,USDC,180082828,1.3,4.38
2024-07-28,Compound,Optimism,3.71,USDT,175583065,1.28,4.21
2024-07-28,Compound,Optimism,3.5,DAI,171217112,1.16,3.89
2024-07-28,Compound,Polygon,3.78,USDC,177616117,0.82,3.21
2024-07-28,Compound,Polygon,4.03,USDT,181640380,0.53,3.65
2024-07-28,Compound,Polygon,4.04,DAI,167103544,0.67,2.38
2024-07-28,Compound,Base,3.31,USDT,177138790,1.07,2.83
2024-07-28,Compound,Base,3.99,DAI,176869810,1.04,2.54
2024-07-28,Curve,Ethereum,6.88,USDC,333272832,10.36,0
2024-07-28,Curve,Ethereum,6.02,USDT,333372001,8.48,0
2024-07-28,Curve,Ethereum,6.37,DAI,293143134,11.01,0
2024-07-28,Curve,Arbitrum,8.08,USDC,307326967,1.48,2.87
2024-07-28,Curve,Arbitrum,7.78,USDT,348367772,2.05,4.36
2024-07-28,Curve,Arbitrum,8.37,DAI,335805173,2.07,6.55
2024-07-28,Curve,Optimism,7.56,USDC,312516577,1.06,3.33
2024-07-28,Curve,Optimism,6.65,USDT,328610730,1.15,2.2
2024-07-28,Curve,Optimism,7.67,DAI,327267646,1.14,3.7
2024-07-28,Curve,Polygon,6.52,DAI,306205033,0.67,2.07
2024-07-28,Curve,Base,8.83,USDC,294319106,0.92,4.29
2024-07-28,Curve,Base,6.85,USDT,301828629,1.29,3.05
2024-07-28,Curve,Base,7.8,DAI,327911441,0.62,3.84
2024-07-28,Uniswap V3,Ethereum,6.57,USDC,89362353,11.26,0
2024-07-28,Uniswap V3,Ethereum,7.29,USDT,92189121,8.4,0
2024-07-28,Uniswap V3,Ethereum,7.38,DAI,98846538,10.5,0
2024-07-28,Uniswap V3,Arbitrum,8.0,USDC,97193759,1.62,4.09
2024-07-28,Uniswap V3,Arbitrum,8.08,USDT,99067015,1.79,4.13
2024-07-28,Uniswap V3,Arbitrum,8.53,DAI,94902604,1.82,3.32
2024-07-28,Uniswap V3,Optimism,8.44,USDC,92852333,0.71,4.21
2024-07-28,Uniswap V3,Optimism,8.4,USDT,102651940,1.47,3.59
2024-07-28,Uniswap V3,Optimism,8.29,DAI,93939402,1.1,4.47
2024-07-28,Uniswap V3,Polygon,10.19,USDC,92233494,0.66,2.97
2024-07-28,Uniswap V3,Polygon,10.04,USDT,96054316,0.48,3.2
2024-07-28,Uniswap V3,Polygon,7.19,DAI,90492927,0.65,3.03
2024-07-28,Uniswap V3,Base,7.06,USDT,97647664,0.75,4.75
2024-07-28,Uniswap V3,Base,9.38,DAI,94607893,1.12,3.35
2024-07-28,Yearn,Ethereum,3.66,USDC,111790742,13.3,0
2024-07-28,Yearn,Ethereum,4.2,USDT,120016302,9.54,0
2024-07-28,Yearn,Ethereum,3.83,DAI,123195009,15.99,0
2024-07-28,Yearn,Arbitrum,4.98,USDC,117887464,1.83,4.78
2024-07-28,Yearn,Arbitrum,5.32,USDT,123734424,1.75,6.06
2024-07-28,Yearn,Arbitrum,4.41,DAI,124473981,1.41,6.34
2024-07-28,Yearn,Optimism,5.12,USDC,119319844,1.09,3.12
2024-07-28,Yearn,Optimism,4.65,USDT,108378197,1.19,2.74
2024-07-28,Yearn,Optimism,4.13,DAI,121610375,1.45,3.27
2024-07-28,Yearn,Polygon,5.3,USDC,118941863,0.75,2.03
2024-07-28,Yearn,Polygon,5.17,USDT,111214759,0.69,3.55
2024-07-28,Yearn,Polygon,5.11,DAI,114334909,0.83,2.91
2024-07-28,Yearn,Base,5.01,USDC,120669012,0.9,4.98
2024-07-28,Yearn,Base,5.35,USDT,114919105,0.88,3.69
2024-07-28,Yearn,Base,5.18,DAI,113562527,1.06,4.03
2024-07-28,Pendle,Ethereum,7.96,USDC,76775599,6.72,0
2024-07-28,Pendle,Ethereum,9.49,USDT,77081440,10.4,0
2024-07-28,Pendle,Ethereum,7.49,DAI,71711187,13.9,0
2024-07-28,Pendle,Arbitrum,10.24,USDC,72103067,1.91,6.06
2024-07-28,Pendle,Arbitrum,9.88,USDT,82691670,2.24,5.72
2024-07-28,Pendle,Arbitrum,10.63,DAI,87784121,1.47,4.73
2024-07-28,Pendle,Optimism,11.63,USDC,74784377,1.33,4.55
2024-07-28,Pendle,Optimism,9.1,USDT,74938804,1.18,4.54
2024-07-28,Pendle,Optimism,8.84,DAI,68442057,1.03,4.57
2024-07-28,Pendle,Base,10.71,USDC,78257931,1.15,3.49
2024-07-28,Pendle,Base,9.03,USDT,74021133,1.03,4.69
2024-07-28,Pendle,Base,9.48,DAI,66535313,0.69,4.92
2024-07-28,Convex,Ethereum,5.24,USDC,147480019,13.02,0
2024-07-28,Convex,Ethereum,6.44,DAI,153334454,14.23,0
2024-07-28,Balancer,Ethereum,6.24,USDC,105600344,11.02,0
2024-07-28,Balancer,Ethereum,6.4,USDT,113304651,10.77,0
2024-07-28,Balancer,Ethereum,6.48,DAI,101889367,15.07,0
2024-07-28,Balancer,Arbitrum,7.19,USDC,110597580,1.68,5.07
2024-07-28,Balancer,Arbitrum,6.82,USDT,111358026,1.45,5.42
2024-07-28,Balancer,Optimism,7.74,USDC,116140836,0.97,4.48
2024-07-28,Balancer,Optimism,7.63,USDT,105494952,1.27,4.17
2024-07-28,Balancer,Optimism,8.03,DAI,109254249,0.98,5.07
2024-07-28,Balancer,Polygon,8.95,USDC,106895846,0.75,3.88
2024-07-28,Balancer,Polygon,7.57,DAI,112479266,0.72,3.77
2024-07-28,Balancer,Base,7.81,USDC,116845588,0.86,3.17
2024-07-28,Balancer,Base,8.37,USDT,102484655,1.04,2.73
2024-07-28,Balancer,Base,8.53,DAI,106954782,1.1,4.07
2024-07-29,Aave,Ethereum,3.08,USDC,265876963,16.33,0
2024-07-29,Aave,Ethereum,3.39,USDT,255121867,21.21,0
2024-07-29,Aave,Ethereum,3.73,DAI,253597184,19.68,0
2024-07-29,Aave,Arbitrum,3.9,USDC,265818556,2.49,6.0
2024-07-29,Aave,Arbitrum,3.94,USDT,237667088,2.94,2.84
2024-07-29,Aave,Arbitrum,3.87,DAI,248107996,2.75,5.89
2024-07-29,Aave,Optimism,3.54,USDC,238702954,1.46,3.44
2024-07-29,Aave,Optimism,3.97,DAI,247516410,1.22,2.71
2024-07-29,Aave,Polygon,3.97,USDC,259467241,0.8,3.92
2024-07-29,Aave,Polygon,4.38,USDT,261276158,1.18,2.7
2024-07-29,Aave,Polygon,4.23,DAI,250424257,0.97,2.14
2024-07-29,Aave,Base,4.16,USDC,259298189,1.33,4.68
2024-07-29,Aave,Base,4.25,USDT,239828989,1.15,4.44
2024-07-29,Aave,Base,3.99,DAI,247841882,1.4,3.9
2024-07-29,Compound,Ethereum,3.19,USDC,171247443,23.07,0
2024-07-29,Compound,Ethereum,3.1,USDT,185540118,12.75,0
2024-07-29,Compound,Ethereum,3.21,DAI,187841182,23.28,0
2024-07-29,Compound,Arbitrum,3.72,USDC,187329869,2.06,6.13
2024-07-29,Compound,Arbitrum,3.82,USDT,179563952,2.68,5.07
2024-07-29,Compound,Optimism,4.0,USDC,196943753,1.71,4.03
2024-07-29,Compound,Optimism,3.42,USDT,192137537,1.94,3.81
2024-07-29,Compound,Optimism,4.2,DAI,186725743,2.22,3.74
2024-07-29,Compound,Polygon,4.01,USDC,161853608,0.8,3.82
2024-07-29,Compound,Polygon,3.81,USDT,186350935,1.18,2.93
2024-07-29,Compound,Polygon,4.12,DAI,178538281,0.99,2.79
2024-07-29,Compound,Base,3.45,USDC,180150445,1.66,3.57
2024-07-29,Compound,Base,3.26,USDT,188054121,1.8,4.06
2024-07-29,Compound,Base,3.82,DAI,162216842,1.51,4.22
2024-07-29,Curve,Ethereum,6.46,USDT,332959355,17.67,0
2024-07-29,Curve,Ethereum,6.41,DAI,325316666,19.56,0
2024-07-29,Curve,Arbitrum,6.69,USDC,296942637,2.51,6.85
2024-07-29,Curve,Arbitrum,7.64,USDT,309871419,1.83,3.9
2024-07-29,Curve,Arbitrum,7.6,DAI,306010416,2.41,7.37
2024-07-29,Curve,Optimism,6.28,USDC,331355644,1.9,2.45
2024-07-29,Curve,Optimism,8.09,USDT,320847035,2.52,2.89
2024-07-29,Curve,Polygon,7.7,USDC,305777271,0.99,2.53
2024-07-29,Curve,Polygon,7.94,USDT,300707669,1.02,3.6
2024-07-29,Curve,Polygon,7.77,DAI,350264676,0.87,2.97
2024-07-29,Curve,Base,8.12,USDC,315270183,1.14,4.53
2024-07-29,Curve,Base,8.37,USDT,329943919,1.58,3.57
2024-07-29,Uniswap V3,Ethereum,7.4,USDC,93395748,20.63,0
2024-07-29,Uniswap V3,Ethereum,8.17,USDT,89415620,17.55,0
2024-07-29,Uniswap V3,Ethereum,6.17,DAI,95363643,15.64,0
2024-07-29,Uniswap V3,Arbitrum,7.89,USDT,88335541,2.45,5.3
2024-07-29,Uniswap V3,Arbitrum,9.73,DAI,90301400,1.84,5.17
2024-07-29,Uniswap V3,Optimism,8.37,USDC,86499561,2.18,4.08
2024-07-29,Uniswap V3,Optimism,8.71,USDT,94142219,1.79,4.39
2024-07-29,Uniswap V3,Optimism,7.65,DAI,97548499,0.93,3.77
2024-07-29,Uniswap V3,Polygon,9.59,USDC,100539648,1.05,2.51
2024-07-29,Uniswap V3,Polygon,8.31,USDT,95853290,1.08,3.65
2024-07-29,Uniswap V3,Base,7.49,USDC,102709046,1.65,2.49
2024-07-29,Uniswap V3,Base,7.59,DAI,94837711,1.68,4.65
2024-07-29,Yearn,Ethereum,3.95,USDC,112165752,19.3,0
2024-07-29,Yearn,Ethereum,3.8,DAI,109794837,20.33,0
2024-07-29,Yearn,Arbitrum,4.73,USDC,124446714,2.22,5.85
2024-07-29,Yearn,Arbitrum,5.01,USDT,116239268,2.53,3.0
2024-07-29,Yearn,Arbitrum,5.07,DAI,124161522,2.97,3.4
2024-07-29,Yearn,Optimism,4.89,USDC,134384660,2.3,3.88
2024-07-29,Yearn,Optimism,4.92,USDT,119278803,1.92,2.99
2024-07-29,Yearn,Optimism,4.29,DAI,125116218,1.86,4.61
2024-07-29,Yearn,Polygon,5.17,USDT,115446961,1.04,2.97
2024-07-29,Yearn,Polygon,5.48,DAI,119157401,0.83,3.83
2024-07-29,Yearn,Base,5.02,USDC,121766948,1.61,4.52
2024-07-29,Yearn,Base,4.88,USDT,124071892,1.72,2.94
2024-07-29,Yearn,Base,4.89,DAI,121705831,1.85,4.9
2024-07-29,Pendle,Ethereum,9.1,USDC,75148087,15.16,0
2024-07-29,Pendle,Ethereum,7.7,USDT,74534720,17.1,0
2024-07-29,Pendle,Ethereum,8.32,DAI,73721898,15.52,0
2024-07-29,Pendle,Arbitrum,11.29,USDC,70666164,2.11,5.31
2024-07-29,Pendle,Arbitrum,10.41,USDT,79530460,2.19,4.95
2024-07-29,Pendle,Arbitrum,9.37,DAI,73554236,2.84,4.59
2024-07-29,Pendle,Optimism,10.71,USDC,78723240,1.65,3.05
2024-07-29,Pendle,Optimism,11.19,USDT,75527491,2.05,3.88
2024-07-29,Pendle,Optimism,11.02,DAI,83801151,1.84,4.8
2024-07-29,Pendle,Base,10.18,USDC,78054236,1.41,5.28
2024-07-29,Pendle,Base,10.03,USDT,76208113,1.44,3.78
2024-07-29,Convex,Ethereum,5.39,USDC,163731930,17.48,0
2024-07-29,Convex,Ethereum,5.38,USDT,149966577,15.71,0
2024-07-29,Balancer,Ethereum,6.64,USDC,113161337,12.58,0
2024-07-29,Balancer,Ethereum,6.05,USDT,110978780,19.22,0
2024-07-29,Balancer,Ethereum,6.36,DAI,116114290,17.67,0
2024-07-29,Balancer,Arbitrum,7.96,USDC,105430767,1.8,4.72
2024-07-29,Balancer,Arbitrum,7.52,USDT,105960257,1.58,4.23
2024-07-29,Balancer,Arbitrum,7.89,DAI,108550087,3.0,5.41
2024-07-29,Balancer,Optimism,6.63,USDC,117789505,1.99,4.83
2024-07-29,Balancer,Optimism,8.31,USDT,113433822,2.03,3.95
2024-07-29,Balancer,Optimism,6.99,DAI,111580982,1.53,4.42
2024-07-29,Balancer,Polygon,10.17,USDC,110805401,0.94,3.2
2024-07-29,Balancer,Polygon,7.38,USDT,105953545,1.18,3.35
2024-07-29,Balancer,Polygon,7.35,DAI,107863904,1.01,3.16
2024-07-29,Balancer,Base,7.39,USDC,112245063,1.63,2.91
2024-07-29,Balancer,Base,8.45,DAI,106057361,1.35,4.24
2024-07-30,Aave,Ethereum,3.92,USDC,252138970,16.83,0
2024-07-30,Aave,Ethereum,3.37,USDT,268420202,20.42,0
2024-07-30,Aave,Ethereum,3.4,DAI,268786553,21.21,0
2024-07-30,Aave,Arbitrum,3.73,USDT,245349163,2.59,6.01
2024-07-30,Aave,Arbitrum,4.24,DAI,239204240,2.91,4.94
2024-07-30,Aave,Optimism,3.97,USDC,275338131,2.03,5.78
2024-07-30,Aave,Optimism,4.22,DAI,265526865,1.53,3.57
2024-07-30,Aave,Polygon,4.57,USDC,263989567,1.0,2.18
2024-07-30,Aave,Polygon,4.62,USDT,294698659,0.71,1.77
2024-07-30,Aave,Polygon,4.28,DAI,240249867,0.88,2.21
2024-07-30,Aave,Base,4.05,USDT,264958964,1.15,2.76
2024-07-30,Aave,Base,4.15,DAI,246129089,1.26,3.51
2024-07-30,Compound,Ethereum,3.24,USDC,179108715,21.7,0
2024-07-30,Compound,Ethereum,3.19,DAI,179868014,18.94,0
2024-07-30,Compound,Arbitrum,4.06,USDC,190109731,2.9,5.04
2024-07-30,Compound,Arbitrum,3.84,USDT,185403895,2.18,4.52
2024-07-30,Compound,Arbitrum,3.98,DAI,186345841,2.73,5.35
2024-07-30,Compound,Optimism,3.72,USDC,175649686,2.16,2.99
2024-07-30,Compound,Optimism,3.85,USDT,201515602,2.36,4.01
2024-07-30,Compound,Optimism,4.15,DAI,192449340,1.74,2.79
2024-07-30,Compound,Polygon,4.15,USDC,205422057,1.29,2.25
2024-07-30,Compound,Polygon,4.31,USDT,189068682,1.28,2.87
2024-07-30,Compound,Polygon,4.32,DAI,189972215,0.83,3.48
2024-07-30,Compound,Base,4.19,USDC,194365955,1.65,3.49
2024-07-30,Curve,Ethereum,6.07,USDT,354332349,18.52,0
2024-07-30,Curve,Ethereum,5.71,DAI,316631435,16.85,0
2024-07-30,Curve,Arbitrum,8.35,USDC,347339942,2.92,4.84
2024-07-30,Curve,Arbitrum,9.05,USDT,342090876,2.52,5.96
2024-07-30,Curve,Arbitrum,8.82,DAI,345703956,2.77,5.15
2024-07-30,Curve,Optimism,8.3,USDC,342307802,1.72,3.64
2024-07-30,Curve,Optimism,6.42,USDT,316124585,1.86,5.02
2024-07-30,Curve,Optimism,7.65,DAI,325260608,1.92,3.18
2024-07-30,Curve,Polygon,8.87,USDT,355501282,1.15,3.1
2024-07-30,Curve,Polygon,8.75,DAI,352934968,0.89,2.93
2024-07-30,Curve,Base,9.01,USDC,344791206,1.18,2.94
2024-07-30,Curve,Base,7.59,USDT,323949942,1.45,4.62
2024-07-30,Curve,Base,7.56,DAI,329361895,1.56,3.6
2024-07-30,Uniswap V3,Ethereum,7.41,USDC,101693193,20.34,0
2024-07-30,Uniswap V3,Ethereum,8.62,USDT,98356170,20.42,0
2024-07-30,Uniswap V3,Ethereum,5.86,DAI,99416475,14.3,0
2024-07-30,Uniswap V3,Arbitrum,9.52,USDC,95682052,2.39,5.73
2024-07-30,Uniswap V3,Arbitrum,10.35,USDT,99641300,2.62,5.12
2024-07-30,Uniswap V3,Arbitrum,8.61,DAI,93586839,1.29,4.99
2024-07-30,Uniswap V3,Optimism,8.53,USDC,92068190,1.79,3.79
2024-07-30,Uniswap V3,Optimism,8.75,USDT,94770915,1.42,5.92
2024-07-30,Uniswap V3,Optimism,8.37,DAI,92952885,1.93,3.78
2024-07-30,Uniswap V3,Polygon,9.79,USDC,96302008,1.15,3.23
2024-07-30,Uniswap V3,Polygon,8.41,USDT,100065038,1.01,2.5
2024-07-30,Uniswap V3,Polygon,9.22,DAI,97813419,1.02,3.12
2024-07-30,Uniswap V3,Base,9.42,USDT,99969126,1.42,2.96
2024-07-30,Uniswap V3,Base,7.69,DAI,95801826,1.64,2.78
2024-07-30,Yearn,Ethereum,4.09,USDC,137817750,14.65,0
2024-07-30,Yearn,Ethereum,3.57,USDT,118821803,15.25,0
2024-07-30,Yearn,Ethereum,3.95,DAI,129299986,19.41,0
2024-07-30,Yearn,Arbitrum,5.14,USDC,123154042,2.68,4.09
2024-07-30,Yearn,Arbitrum,5.23,USDT,124393868,2.24,5.02
2024-07-30,Yearn,Arbitrum,5.48,DAI,134216198,2.26,3.7
2024-07-30,Yearn,Optimism,5.09,USDC,124262857,1.22,3.3
2024-07-30,Yearn,Optimism,4.42,USDT,125982309,1.66,4.05
2024-07-30,Yearn,Optimism,4.86,DAI,132755849,2.32,3.65
2024-07-30,Yearn,Polygon,5.39,USDC,122581199,1.18,2.7
2024-07-30,Yearn,Polygon,5.31,USDT,124490655,1.11,2.84
2024-07-30,Yearn,Polygon,5.35,DAI,130202629,1.04,1.61
2024-07-30,Yearn,Base,4.52,USDC,116487191,1.04,5.15
2024-07-30,Yearn,Base,5.15,USDT,127491140,1.74,3.73
2024-07-30,Pendle,Ethereum,9.45,USDC,75082534,13.8,0
2024-07-30,Pendle,Ethereum,9.89,DAI,78888561,19.35,0
2024-07-30,Pendle,Arbitrum,13.05,USDC,77796844,2.46,3.53
2024-07-30,Pendle,Arbitrum,10.13,USDT,78665914,2.23,4.59
2024-07-30,Pendle,Arbitrum,11.35,DAI,77902105,2.7,4.97
2024-07-30,Pendle,Optimism,10.07,USDC,76791460,1.99,3.55
2024-07-30,Pendle,Optimism,9.33,USDT,88835329,1.94,3.0
2024-07-30,Pendle,Optimism,11.75,DAI,77577931,1.36,3.87
2024-07-30,Pendle,Base,9.65,USDC,78798785,1.34,3.42
2024-07-30,Pendle,Base,12.28,USDT,79085703,1.68,4.02
2024-07-30,Pendle,Base,12.41,DAI,77068008,1.74,3.79
2024-07-30,Convex,Ethereum,5.67,USDC,152188572,20.66,0
2024-07-30,Convex,Ethereum,6.11,USDT,155977667,17.61,0
2024-07-30,Balancer,Ethereum,6.86,USDC,123070723,21.59,0
2024-07-30,Balancer,Ethereum,7.58,DAI,121095552,20.72,0
2024-07-30,Balancer,Arbitrum,9.02,USDC,116290525,1.99,5.63
2024-07-30,Balancer,Arbitrum,8.04,USDT,112230393,2.75,5.65
2024-07-30,Balancer,Optimism,8.42,USDC,123155473,1.82,4.02
2024-07-30,Balancer,Optimism,8.19,USDT,121186218,1.62,4.83
2024-07-30,Balancer,Optimism,7.78,DAI,113679826,1.65,2.94
2024-07-30,Balancer,Polygon,8.56,USDC,105229202,0.99,2.25
2024-07-30,Balancer,Polygon,8.36,USDT,116383219,0.96,2.68
2024-07-30,Balancer,Base,8.95,USDC,107374044,1.26,3.61
2024-07-30,Balancer,Base,7.36,USDT,116107236,1.55,3.95
2024-07-30,Balancer,Base,7.51,DAI,119105649,1.38,4.47
2024-07-31,Aave,Ethereum,3.51,USDC,285223874,17.99,0
2024-07-31,Aave,Ethereum,3.51,USDT,268219284,17.39,0
2024-07-31,Aave,Ethereum,3.39,DAI,248788214,21.49,0
2024-07-31,Aave,Arbitrum,3.93,USDC,276224447,2.08,4.07
2024-07-31,Aave,Arbitrum,4.36,USDT,254264678,2.15,3.96
2024-07-31,Aave,Arbitrum,4.04,DAI,268820515,2.73,6.44
2024-07-31,Aave,Optimism,4.06,USDC,262013791,1.99,5.17
2024-07-31,Aave,Optimism,3.96,USDT,246392933,1.93,4.19
2024-07-31,Aave,Optimism,4.01,DAI,260118342,1.64,3.55
2024-07-31,Aave,Polygon,4.0,USDC,256841522,1.09,3.07
2024-07-31,Aave,Polygon,4.36,USDT,287320536,0.91,3.07
2024-07-31,Aave,Base,3.98,USDT,247516336,1.86,4.66
2024-07-31,Aave,Base,3.96,DAI,274830289,1.35,4.78
2024-07-31,Compound,Ethereum,3.31,USDC,160926834,21.06,0
2024-07-31,Compound,Ethereum,3.29,USDT,185784837,16.17,0
2024-07-31,Compound,Ethereum,3.22,DAI,195489486,17.32,0
2024-07-31,Compound,Arbitrum,4.03,USDC,206843219,2.43,4.96
2024-07-31,Compound,Arbitrum,4.0,DAI,191638148,2.42,4.89
2024-07-31,Compound,Optimism,3.94,USDC,197121946,1.68,4.21
2024-07-31,Compound,Optimism,3.72,USDT,192248828,1.94,4.43
2024-07-31,Compound,Optimism,3.91,DAI,188505378,2.06,4.14
2024-07-31,Compound,Polygon,3.9,USDC,206405965,0.92,2.95
2024-07-31,Compound,Polygon,3.66,USDT,197256329,0.81,2.88
2024-07-31,Compound,Polygon,4.27,DAI,190832577,0.9,3.65
2024-07-31,Compound,Base,3.97,USDC,193168779,1.43,2.5
2024-07-31,Compound,Base,3.79,USDT,179441051,1.36,5.86
2024-07-31,Compound,Base,4.21,DAI,191282385,1.31,4.12
2024-07-31,Curve,Ethereum,6.26,USDC,317060891,14.82,0
2024-07-31,Curve,Ethereum,5.76,USDT,341489372,13.6,0
2024-07-31,Curve,Ethereum,7.36,DAI,338009248,17.62,0
2024-07-31,Curve,Arbitrum,6.75,USDC,300719070,2.57,4.64
2024-07-31,Curve,Arbitrum,8.01,USDT,355385193,2.64,3.46
2024-07-31,Curve,Arbitrum,7.93,DAI,329420171,1.88,4.9
2024-07-31,Curve,Optimism,6.87,USDC,307325858,1.82,4.0
2024-07-31,Curve,Optimism,7.42,USDT,338534045,2.58,3.77
2024-07-31,Curve,Optimism,7.43,DAI,322943265,1.97,4.32
2024-07-31,Curve,Polygon,8.42,USDC,333301196,1.12,2.94
2024-07-31,Curve,Polygon,6.83,USDT,350793422,1.18,2.99
2024-07-31,Curve,Polygon,7.39,DAI,361013780,1.0,3.69
2024-07-31,Curve,Base,7.91,USDC,328355168,1.54,5.95
2024-07-31,Curve,Base,8.81,USDT,363658002,1.59,4.52
2024-07-31,Curve,Base,8.56,DAI,317656565,1.46,3.77
2024-07-31,Uniswap V3,Ethereum,6.8,USDC,104802218,18.52,0
2024-07-31,Uniswap V3,Ethereum,5.39,DAI,97968238,13.29,0
2024-07-31,Uniswap V3,Arbitrum,8.85,USDC,104012827,2.13,5.92
2024-07-31,Uniswap V3,Arbitrum,10.4,DAI,101375714,2.35,5.04
2024-07-31,Uniswap V3,Optimism,7.93,USDC,102088102,1.67,4.02
2024-07-31,Uniswap V3,Optimism,8.76,USDT,104904040,1.79,5.42
2024-07-31,Uniswap V3,Optimism,7.6,DAI,95115253,1.7,3.29
2024-07-31,Uniswap V3,Polygon,7.41,USDC,92191764,0.97,2.89
2024-07-31,Uniswap V3,Polygon,9.09,USDT,106076431,0.73,2.8
2024-07-31,Uniswap V3,Polygon,8.81,DAI,98522986,0.9,3.13
2024-07-31,Uniswap V3,Base,9.9,USDC,99580514,1.23,3.45
2024-07-31,Uniswap V3,Base,9.03,DAI,101049846,1.31,1.49
2024-07-31,Yearn,Ethereum,4.02,USDC,132994950,19.37,0
2024-07-31,Yearn,Arbitrum,5.07,USDC,140633854,2.68,5.41
2024-07-31,Yearn,Arbitrum,4.97,USDT,130132221,2.15,4.36
2024-07-31,Yearn,Arbitrum,5.26,DAI,124135164,2.79,6.2
2024-07-31,Yearn,Optimism,4.79,USDT,108080044,1.92,4.63
2024-07-31,Yearn,Optimism,4.72,DAI,130780287,1.42,2.53
2024-07-31,Yearn,Polygon,4.81,USDC,125862987,0.89,3.19
2024-07-31,Yearn,Polygon,5.31,USDT,132236875,0.83,3.51
2024-07-31,Yearn,Polygon,5.48,DAI,126835864,1.1,3.12
2024-07-31,Yearn,Base,5.09,USDC,126628699,1.37,3.94
2024-07-31,Yearn,Base,5.09,USDT,126548659,1.52,3.95
2024-07-31,Yearn,Base,4.89,DAI,132330448,1.79,4.09
2024-07-31,Pendle,Ethereum,7.43,USDC,78932227,18.39,0
2024-07-31,Pendle,Ethereum,8.36,USDT,81889248,14.2,0
2024-07-31,Pendle,Ethereum,7.48,DAI,76482940,14.2,0
2024-07-31,Pendle,Arbitrum,12.63,USDC,77818397,3.67,4.11
2024-07-31,Pendle,Arbitrum,12.62,USDT,74733676,1.61,3.6
2024-07-31,Pendle,Arbitrum,11.69,DAI,78190627,2.92,4.89
2024-07-31,Pendle,Optimism,9.72,USDC,81750473,1.84,4.48
2024-07-31,Pendle,Optimism,11.81,USDT,78834069,2.0,4.5
2024-07-31,Pendle,Base,9.99,USDC,78995141,1.34,3.32
2024-07-31,Pendle,Base,10.35,USDT,77065819,1.46,4.47
2024-07-31,Pendle,Base,9.93,DAI,78431393,1.1,4.57
2024-07-31,Convex,Ethereum,6.47,USDC,158604807,16.43,0
2024-07-31,Convex,Ethereum,5.39,USDT,153698061,20.91,0
2024-07-31,Convex,Ethereum,6.26,DAI,164174561,19.59,0
2024-07-31,Balancer,Ethereum,6.32,USDC,113821281,23.44,0
2024-07-31,Balancer,Ethereum,6.37,USDT,103355170,21.55,0
2024-07-31,Balancer,Ethereum,6.92,DAI,114776424,11.8,0
2024-07-31,Balancer,Arbitrum,8.12,USDC,114848043,2.6,5.82
2024-07-31,Balancer,Arbitrum,7.28,USDT,108825946,2.0,4.4
2024-07-31,Balancer,Optimism,8.65,USDC,115059873,1.71,4.32
2024-07-31,Balancer,Optimism,7.54,USDT,106113221,1.7,3.8
2024-07-31,Balancer,Optimism,8.08,DAI,114193758,1.86,3.4
2024-07-31,Balancer,Polygon,8.38,USDC,104712333,0.93,2.97
2024-07-31,Balancer,Polygon,8.34,USDT,111050638,0.97,2.73
2024-07-31,Balancer,Polygon,8.52,DAI,116876718,0.95,2.97
2024-07-31,Balancer,Base,7.49,USDC,112223994,1.38,4.66
2024-07-31,Balancer,Base,8.55,USDT,116926235,1.63,4.3
2024-07-31,Balancer,Base,7.39,DAI,128085871,1.23,3.8
2024-08-01,Aave,Ethereum,3.66,USDC,267768195,20.2,0
2024-08-01,Aave,Ethereum,3.52,USDT,275930219,17.12,0
2024-08-01,Aave,Ethereum,3.58,DAI,258117048,18.69,0
2024-08-01,Aave,Arbitrum,4.31,USDT,262925995,2.66,4.37
2024-08-01,Aave,Optimism,4.06,USDC,258005875,1.66,4.67
2024-08-01,Aave,Optimism,3.83,USDT,257676093,2.1,4.18
2024-08-01,Aave,Optimism,4.01,DAI,279324009,1.68,4.93
2024-08-01,Aave,Polygon,4.1,USDT,277764505,0.99,4.28
2024-08-01,Aave,Polygon,4.72,DAI,281852061,0.9,2.13
2024-08-01,Aave,Base,3.89,USDC,256253151,1.28,3.32
2024-08-01,Aave,Base,3.89,USDT,273623598,1.51,4.61
2024-08-01,Aave,Base,3.68,DAI,297135431,1.56,5.22
2024-08-01,Compound,Ethereum,3.01,USDC,194724547,19.48,0
2024-08-01,Compound,Ethereum,3.07,USDT,207709296,18.28,0
2024-08-01,Compound,Ethereum,3.14,DAI,180945460,17.39,0
2024-08-01,Compound,Arbitrum,3.79,USDC,183936482,2.59,6.03
2024-08-01,Compound,Arbitrum,3.87,DAI,202221012,2.99,7.66
2024-08-01,Compound,Optimism,3.53,USDT,200527127,1.86,3.86
2024-08-01,Compound,Optimism,3.81,DAI,200942785,1.79,3.53
2024-08-01,Compound,Polygon,3.83,USDC,212288279,1.12,2.92
2024-08-01,Compound,Polygon,4.03,USDT,197210261,1.04,2.77
2024-08-01,Compound,Polygon,4.15,DAI,197535825,0.9,3.04
2024-08-01,Compound,Base,3.9,USDC,182829232,1.26,4.41
2024-08-01,Compound,Base,3.45,USDT,190285035,1.44,3.33
2024-08-01,Compound,Base,3.73,DAI,202300313,1.71,4.77
2024-08-01,Curve,Ethereum,6.77,USDT,326255445,17.83,0
2024-08-01,Curve,Ethereum,6.13,DAI,356044009,16.67,0
2024-08-01,Curve,Arbitrum,8.6,USDC,321711473,2.36,4.94
2024-08-01,Curve,Arbitrum,8.6,USDT,310699648,2.4,6.07
2024-08-01,Curve,Arbitrum,7.68,DAI,375850714,2.63,6.45
2024-08-01,Curve,Optimism,7.61,USDC,341507281,2.25,3.22
2024-08-01,Curve,Optimism,6.41,USDT,313059223,1.65,5.08
2024-08-01,Curve,Optimism,7.65,DAI,339574888,2.01,2.85
2024-08-01,Curve,Polygon,8.67,USDC,364246396,0.96,3.41
2024-08-01,Curve,Polygon,7.28,USDT,322421108,0.9,3.11
2024-08-01,Curve,Polygon,8.41,DAI,345050171,0.99,1.98
2024-08-01,Curve,Base,7.1,USDC,412535039,1.69,3.72
2024-08-01,Curve,Base,6.32,USDT,326786299,1.26,3.01
2024-08-01,Curve,Base,6.99,DAI,361662117,1.47,3.71
2024-08-01,Uniswap V3,Ethereum,6.75,USDC,103513246,19.32,0
2024-08-01,Uniswap V3,Ethereum,5.72,USDT,105488021,18.22,0
2024-08-01,Uniswap V3,Ethereum,6.07,DAI,102307829,13.15,0
2024-08-01,Uniswap V3,Arbitrum,9.48,USDC,107293637,2.64,4.41
2024-08-01,Uniswap V3,Arbitrum,8.67,USDT,104243574,2.48,5.79
2024-08-01,Uniswap V3,Arbitrum,8.43,DAI,101409499,2.4,6.24
2024-08-01,Uniswap V3,Optimism,6.61,USDC,104269144,2.38,3.99
2024-08-01,Uniswap V3,Optimism,8.82,USDT,103684088,1.59,4.53
2024-08-01,Uniswap V3,Optimism,8.71,DAI,97589422,2.21,4.81
2024-08-01,Uniswap V3,Polygon,10.34,USDC,101614417,0.94,3.3
2024-08-01,Uniswap V3,Polygon,10.33,DAI,102088635,0.88,3.21
2024-08-01,Uniswap V3,Base,8.72,USDC,110302137,1.36,4.52
2024-08-01,Uniswap V3,Base,9.16,DAI,108425743,1.46,4.11
2024-08-01,Yearn,Ethereum,3.66,USDC,126673153,25.87,0
2024-08-01,Yearn,Ethereum,4.15,USDT,138423141,22.03,0
2024-08-01,Yearn,Arbitrum,4.96,USDC,131130630,2.22,3.84
2024-08-01,Yearn,Arbitrum,4.7,USDT,126532070,2.17,3.78
2024-08-01,Yearn,Arbitrum,4.8,DAI,132577839,2.39,5.28
2024-08-01,Yearn,Optimism,4.62,USDC,133197368,1.63,3.48
2024-08-01,Yearn,Optimism,4.83,USDT,134641570,2.16,3.02
2024-08-01,Yearn,Optimism,4.97,DAI,137976996,1.29,3.1
2024-08-01,Yearn,Polygon,5.42,USDC,126969507,0.83,2.08
2024-08-01,Yearn,Polygon,5.23,USDT,117977269,1.3,3.25
2024-08-01,Yearn,Polygon,5.19,DAI,123705926,0.93,2.79
2024-08-01,Yearn,Base,5.26,USDC,129258789,1.82,2.79
2024-08-01,Yearn,Base,4.87,DAI,139304023,1.57,4.06
2024-08-01,Pendle,Ethereum,8.24,USDC,77340536,20.14,0
2024-08-01,Pendle,Ethereum,10.11,USDT,80679320,19.16,0
2024-08-01,Pendle,Ethereum,9.08,DAI,90749442,20.54,0
2024-08-01,Pendle,Arbitrum,12.94,USDC,80203661,2.79,5.42
2024-08-01,Pendle,Arbitrum,9.51,DAI,84137540,2.35,5.07
2024-08-01,Pendle,Optimism,10.64,USDC,87635020,2.57,3.45
2024-08-01,Pendle,Optimism,10.33,USDT,78192416,1.82,4.66
2024-08-01,Pendle,Optimism,11.39,DAI,84964601,1.92,3.91
2024-08-01,Pendle,Base,11.79,USDC,84384349,0.95,3.58
2024-08-01,Pendle,Base,11.48,USDT,79416506,1.34,3.37
2024-08-01,Pendle,Base,10.13,DAI,79363419,1.27,3.81
2024-08-01,Convex,Ethereum,5.46,USDC,170846930,22.77,0
2024-08-01,Convex,Ethereum,5.64,DAI,159906754,16.08,0
2024-08-01,Balancer,Ethereum,6.75,USDC,119532520,19.65,0
2024-08-01,Balancer,Ethereum,6.84,DAI,113894164,20.58,0
2024-08-01,Balancer,Arbitrum,8.24,USDT,115577440,2.61,6.42
2024-08-01,Balancer,Arbitrum,8.06,DAI,120382380,2.65,3.44
2024-08-01,Balancer,Optimism,8.08,USDT,128402675,2.15,5.91
2024-08-01,Balancer,Optimism,7.96,DAI,118661290,1.5,3.84
2024-08-01,Balancer,Polygon,9.08,USDC,125656295,0.8,2.3
2024-08-01,Balancer,Polygon,7.92,USDT,119639006,1.08,2.83
2024-08-01,Balancer,Polygon,8.66,DAI,115445798,0.85,3.23
2024-08-01,Balancer,Base,9.1,USDC,118087183,1.27,3.37
2024-08-01,Balancer,Base,7.55,USDT,120023342,1.76,4.51
2024-08-01,Balancer,Base,6.43,DAI,130575312,1.63,3.42
2024-08-02,Aave,Ethereum,3.65,USDC,287833096,17.98,0
2024-08-02,Aave,Ethereum,3.0,USDT,270037466,23.48,0
2024-08-02,Aave,Ethereum,3.31,DAI,284409876,14.7,0
2024-08-02,Aave,Arbitrum,4.2,USDC,269173870,2.95,6.22
2024-08-02,Aave,Arbitrum,3.51,USDT,254434711,2.07,3.83
2024-08-02,Aave,Arbitrum,3.75,DAI,278333666,2.87,3.95
2024-08-02,Aave,Optimism,3.56,USDC,262676802,1.68,3.67
2024-08-02,Aave,Optimism,3.86,USDT,285839112,2.09,4.75
2024-08-02,Aave,Optimism,3.71,DAI,257145437,1.78,4.59
2024-08-02,Aave,Polygon,4.01,USDT,265037348,1.25,2.79
2024-08-02,Aave,Polygon,3.71,DAI,265305303,0.78,2.81
2024-08-02,Aave,Base,3.67,USDC,276148515,1.37,3.65
2024-08-02,Aave,Base,4.47,USDT,263912393,1.27,3.46
2024-08-02,Aave,Base,3.93,DAI,271444683,1.38,4.79
2024-08-02,Compound,Ethereum,3.24,USDC,185831696,18.9,0
2024-08-02,Compound,Ethereum,3.36,USDT,203919017,17.09,0
2024-08-02,Compound,Ethereum,3.24,DAI,190480994,18.18,0
2024-08-02,Compound,Arbitrum,4.0,USDC,205845050,1.92,3.94
2024-08-02,Compound,Arbitrum,3.67,USDT,195925432,2.84,5.35
2024-08-02,Compound,Arbitrum,4.13,DAI,199249687,1.94,4.39
2024-08-02,Compound,Optimism,3.24,USDC,206506878,1.58,4.48
2024-08-02,Compound,Optimism,3.32,USDT,205473979,1.85,3.92
2024-08-02,Compound,Optimism,3.63,DAI,210686525,1.82,4.66
2024-08-02,Compound,Polygon,4.43,USDC,183647122,1.05,4.28
2024-08-02,Compound,Polygon,4.12,USDT,188576871,1.27,2.93
2024-08-02,Compound,Polygon,4.09,DAI,204632001,1.14,2.8
2024-08-02,Compound,Base,3.87,USDC,194380790,1.71,5.45
2024-08-02,Compound,Base,3.77,USDT,205856879,1.43,3.33
2024-08-02,Compound,Base,3.71,DAI,194391552,1.4,3.17
2024-08-02,Curve,Ethereum,6.09,USDC,349727872,20.34,0
2024-08-02,Curve,Ethereum,6.14,DAI,375593418,20.03,0
2024-08-02,Curve,Arbitrum,7.81,USDC,379573930,2.16,6.14
2024-08-02,Curve,Arbitrum,6.9,USDT,343858728,2.04,8.01
2024-08-02,Curve,Arbitrum,7.49,DAI,324953930,1.9,5.56
2024-08-02,Curve,Optimism,8.54,USDC,354663675,1.28,4.95
2024-08-02,Curve,Optimism,6.85,USDT,360975805,1.3,3.15
2024-08-02,Curve,Optimism,7.8,DAI,367327403,1.82,4.65
2024-08-02,Curve,Polygon,7.77,USDC,359323315,0.89,2.65
2024-08-02,Curve,Polygon,9.96,USDT,343067929,1.04,3.98
2024-08-02,Curve,Polygon,8.06,DAI,350321250,1.07,2.67
2024-08-02,Curve,Base,6.96,USDC,351540794,1.28,4.26
2024-08-02,Curve,Base,6.49,USDT,345148193,1.55,3.58
2024-08-02,Curve,Base,6.45,DAI,341562066,1.16,4.07
2024-08-02,Uniswap V3,Ethereum,7.08,USDC,99897882,18.47,0
2024-08-02,Uniswap V3,Ethereum,6.77,USDT,103085628,12.95,0
2024-08-02,Uniswap V3,Ethereum,8.29,DAI,112941376,14.34,0
2024-08-02,Uniswap V3,Arbitrum,7.9,USDC,107846498,2.38,6.31
2024-08-02,Uniswap V3,Arbitrum,9.24,USDT,103104925,2.4,5.48
2024-08-02,Uniswap V3,Arbitrum,10.87,DAI,114670218,2.93,6.65
2024-08-02,Uniswap V3,Optimism,8.03,USDT,104317687,1.47,3.12
2024-08-02,Uniswap V3,Optimism,6.2,DAI,111703659,1.39,3.67
2024-08-02,Uniswap V3,Polygon,8.74,USDC,100768215,1.0,2.31
2024-08-02,Uniswap V3,Polygon,7.01,USDT,105755930,0.91,3.44
2024-08-02,Uniswap V3,Polygon,9.23,DAI,96145750,1.17,3.52
2024-08-02,Uniswap V3,Base,9.39,USDC,107144037,1.42,4.37
2024-08-02,Uniswap V3,Base,8.44,USDT,110052491,1.4,3.29
2024-08-02,Uniswap V3,Base,9.16,DAI,105366665,1.4,2.6
2024-08-02,Yearn,Ethereum,4.21,USDC,134886233,13.82,0
2024-08-02,Yearn,Ethereum,3.43,USDT,131596629,18.56,0
2024-08-02,Yearn,Ethereum,4.02,DAI,138682113,17.82,0
2024-08-02,Yearn,Arbitrum,4.29,USDC,127804053,2.37,5.03
2024-08-02,Yearn,Arbitrum,4.9,USDT,128037470,2.15,6.87
2024-08-02,Yearn,Arbitrum,5.37,DAI,130854497,3.01,5.13
2024-08-02,Yearn,Optimism,4.88,USDC,130612829,2.14,4.57
2024-08-02,Yearn,Optimism,4.81,USDT,130033536,1.98,3.94
2024-08-02,Yearn,Optimism,4.6,DAI,144812986,2.2,3.39
2024-08-02,Yearn,Polygon,5.22,USDC,133198683,0.76,3.02
2024-08-02,Yearn,Polygon,5.1,USDT,139360717,1.21,3.29
2024-08-02,Yearn,Polygon,4.88,DAI,128398342,1.14,2.48
2024-08-02,Yearn,Base,5.54,USDC,141623283,1.74,2.28
2024-08-02,Yearn,Base,4.7,USDT,128064276,1.34,4.22
2024-08-02,Yearn,Base,5.27,DAI,143452263,1.05,4.57
2024-08-02,Pendle,Ethereum,8.53,USDC,84890613,17.75,0
2024-08-02,Pendle,Ethereum,9.12,USDT,90575195,18.54,0
2024-08-02,Pendle,Ethereum,9.17,DAI,74166350,16.68,0
2024-08-02,Pendle,Arbitrum,10.95,USDC,84600570,2.48,6.57
2024-08-02,Pendle,Arbitrum,9.84,USDT,79411948,2.34,4.11
2024-08-02,Pendle,Arbitrum,12.36,DAI,85863558,2.22,4.62
2024-08-02,Pendle,Optimism,10.99,USDC,85825076,2.04,3.53
2024-08-02,Pendle,Optimism,9.99,USDT,84675383,1.7,3.96
2024-08-02,Pendle,Optimism,10.24,DAI,84152032,1.02,3.82
2024-08-02,Pendle,Base,10.25,USDC,80316122,1.38,5.09
2024-08-02,Pendle,Base,10.75,USDT,83655824,1.52,3.83
2024-08-02,Pendle,Base,9.89,DAI,80842043,1.29,3.44
2024-08-02,Convex,Ethereum,4.82,USDC,174789226,21.46,0
2024-08-02,Convex,Ethereum,6.04,DAI,165503333,11.38,0
2024-08-02,Balancer,Ethereum,6.46,USDC,119764317,18.1,0
2024-08-02,Balancer,Ethereum,7.36,DAI,126065804,21.64,0
2024-08-02,Balancer,Arbitrum,7.69,USDC,120428472,2.35,5.05
2024-08-02,Balancer,Arbitrum,7.6,USDT,117589350,2.11,6.53
2024-08-02,Balancer,Arbitrum,8.04,DAI,125159429,1.9,4.59
2024-08-02,Balancer,Optimism,8.07,USDC,125642668,1.84,4.08
2024-08-02,Balancer,Optimism,7.83,USDT,121814703,1.23,2.9
2024-08-02,Balancer,Optimism,6.88,DAI,118392187,1.59,5.33
2024-08-02,Balancer,Polygon,7.58,USDC,122111128,0.82,2.96
2024-08-02,Balancer,Polygon,8.03,USDT,119551284,0.99,2.73
2024-08-02,Balancer,Base,6.98,USDC,120841651,0.99,2.72
2024-08-02,Balancer,Base,7.46,USDT,116657107,1.55,3.96
2024-08-02,Balancer,Base,7.06,DAI,123876609,1.32,4.89
2024-08-03,Aave,Ethereum,3.13,USDC,288276593,10.87,0
2024-08-03,Aave,Ethereum,3.29,USDT,297336476,12.32,0
2024-08-03,Aave,Ethereum,2.99,DAI,284745834,9.81,0
2024-08-03,Aave,Arbitrum,4.27,USDC,272968459,1.78,4.75
2024-08-03,Aave,Arbitrum,3.37,USDT,274394718,1.62,4.49
2024-08-03,Aave,Arbitrum,3.69,DAI,304412520,1.82,5.03
2024-08-03,Aave,Optimism,3.54,USDC,275746910,1.16,3.51
2024-08-03,Aave,Optimism,3.6,USDT,287530285,1.16,3.77
2024-08-03,Aave,Optimism,3.89,DAI,284746859,1.42,4.06
2024-08-03,Aave,Polygon,4.13,USDT,274467599,0.76,2.02
2024-08-03,Aave,Polygon,4.25,DAI,301581291,0.59,3.07
2024-08-03,Aave,Base,3.8,USDC,250527022,0.9,3.51
2024-08-03,Aave,Base,3.89,USDT,299725352,0.99,4.3
2024-08-03,Aave,Base,3.45,DAI,289940329,0.79,4.05
2024-08-03,Compound,Ethereum,3.06,USDC,200601765,11.08,0
2024-08-03,Compound,Ethereum,3.08,USDT,192432104,12.5,0
2024-08-03,Compound,Ethereum,3.16,DAI,192659412,12.25,0
2024-08-03,Compound,Arbitrum,3.5,USDC,194103783,1.29,5.15
2024-08-03,Compound,Arbitrum,3.58,USDT,206934707,2.06,5.29
2024-08-03,Compound,Arbitrum,3.25,DAI,192007759,1.31,2.91
2024-08-03,Compound,Optimism,3.67,USDC,203994422,1.32,4.39
2024-08-03,Compound,Optimism,3.33,USDT,201401378,1.27,3.29
2024-08-03,Compound,Optimism,3.61,DAI,210741969,1.38,2.39
2024-08-03,Compound,Polygon,3.95,USDC,194216044,0.64,2.27
2024-08-03,Compound,Polygon,3.89,USDT,206314017,0.6,3.26
2024-08-03,Compound,Polygon,4.06,DAI,198061081,0.68,2.66
2024-08-03,Compound,Base,3.77,USDC,205145162,0.81,3.26
2024-08-03,Compound,Base,3.96,USDT,214089787,0.96,3.97
2024-08-03,Compound,Base,3.28,DAI,212459062,0.72,3.83
2024-08-03,Curve,Ethereum,5.87,USDC,375887598,10.53,0
2024-08-03,Curve,Ethereum,6.07,USDT,385747747,10.43,0
2024-08-03,Curve,Ethereum,6.15,DAI,368689419,10.74,0
2024-08-03,Curve,Arbitrum,7.08,USDC,405753212,1.76,4.61
2024-08-03,Curve,Arbitrum,6.86,USDT,362999768,1.85,5.64
2024-08-03,Curve,Arbitrum,6.43,DAI,363534344,1.45,5.42
2024-08-03,Curve,Optimism,6.22,USDC,358543662,1.13,3.67
2024-08-03,Curve,Optimism,7.98,USDT,355300752,1.2,4.48
2024-08-03,Curve,Optimism,6.86,DAI,374481726,1.29,4.97
2024-08-03,Curve,Polygon,5.9,USDC,392352605,0.74,2.84
2024-08-03,Curve,Polygon,5.93,USDT,347969532,0.66,3.79
2024-08-03,Curve,Polygon,7.43,DAI,389128492,0.59,3.24
2024-08-03,Curve,Base,7.59,USDC,370129118,0.88,4.65
2024-08-03,Curve,Base,6.52,USDT,338407487,0.74,4.22
2024-08-03,Curve,Base,6.7,DAI,344351173,0.81,3.83
2024-08-03,Uniswap V3,Ethereum,7.76,USDT,106419989,11.4,0
2024-08-03,Uniswap V3,Ethereum,7.12,DAI,108728501,14.12,0
2024-08-03,Uniswap V3,Arbitrum,9.06,USDC,106345817,1.61,4.42
2024-08-03,Uniswap V3,Arbitrum,7.76,USDT,105349768,1.93,3.9
2024-08-03,Uniswap V3,Arbitrum,4.84,DAI,102680108,1.54,5.14
2024-08-03,Uniswap V3,Optimism,7.8,USDC,106083713,1.13,4.22
2024-08-03,Uniswap V3,Optimism,8.84,USDT,101655390,0.88,3.18
2024-08-03,Uniswap V3,Polygon,10.9,USDC,97416859,0.59,3.66
2024-08-03,Uniswap V3,Polygon,8.35,USDT,98473552,0.47,3.74
2024-08-03,Uniswap V3,Polygon,9.82,DAI,110764266,0.66,2.55
2024-08-03,Uniswap V3,Base,7.24,USDC,109697179,0.7,5.8
2024-08-03,Uniswap V3,Base,9.78,USDT,105749517,0.98,3.98
2024-08-03,Uniswap V3,Base,7.52,DAI,101929441,0.91,3.14
2024-08-03,Yearn,Ethereum,4.34,USDC,130149469,10.95,0
2024-08-03,Yearn,Ethereum,3.4,USDT,132450026,10.81,0
2024-08-03,Yearn,Ethereum,4.06,DAI,140670327,15.13,0
2024-08-03,Yearn,Arbitrum,4.78,USDC,134481338,1.54,3.42
2024-08-03,Yearn,Arbitrum,4.82,USDT,141307027,1.67,7.35
2024-08-03,Yearn,Arbitrum,5.18,DAI,134259118,1.73,5.07
2024-08-03,Yearn,Optimism,4.29,USDT,132027625,1.42,3.91
2024-08-03,Yearn,Optimism,4.87,DAI,126844376,1.49,3.58
2024-08-03,Yearn,Polygon,5.15,USDC,137839747,0.63,2.46
2024-08-03,Yearn,Polygon,4.81,USDT,143609027,0.51,3.09
2024-08-03,Yearn,Polygon,5.12,DAI,142931225,0.63,3.26
2024-08-03,Yearn,Base,4.82,USDC,135221504,0.88,4.65
2024-08-03,Yearn,Base,4.2,USDT,151546404,0.84,3.44
2024-08-03,Yearn,Base,4.88,DAI,122799283,0.9,3.25
2024-08-03,Pendle,Ethereum,8.37,USDC,84341015,10.84,0
2024-08-03,Pendle,Ethereum,7.22,USDT,82544797,10.12,0
2024-08-03,Pendle,Ethereum,9.56,DAI,83259328,10.14,0
2024-08-03,Pendle,Arbitrum,11.17,USDC,79821749,1.25,5.42
2024-08-03,Pendle,Arbitrum,10.75,USDT,81665529,1.92,2.06
2024-08-03,Pendle,Arbitrum,11.09,DAI,83805714,1.38,5.51
2024-08-03,Pendle,Optimism,8.58,USDC,85967336,1.24,3.85
2024-08-03,Pendle,Optimism,11.7,DAI,88364363,1.28,3.73
2024-08-03,Pendle,Base,10.86,USDC,83991886,1.2,4.41
2024-08-03,Pendle,Base,7.54,USDT,80987255,1.04,4.25
2024-08-03,Pendle,Base,8.97,DAI,85329103,1.16,3.29
2024-08-03,Convex,Ethereum,4.9,USDC,178169528,14.2,0
2024-08-03,Convex,Ethereum,5.33,USDT,159376285,14.98,0
2024-08-03,Convex,Ethereum,5.79,DAI,167711696,16.26,0
2024-08-03,Balancer,Ethereum,6.45,USDT,122977305,11.16,0
2024-08-03,Balancer,Ethereum,6.61,DAI,127433519,10.56,0
2024-08-03,Balancer,Arbitrum,6.59,USDC,115190721,1.37,5.68
2024-08-03,Balancer,Arbitrum,7.67,USDT,121559375,1.64,4.95
2024-08-03,Balancer,Arbitrum,7.65,DAI,121246032,1.35,4.34
2024-08-03,Balancer,Optimism,7.59,USDC,115578999,1.36,3.77
2024-08-03,Balancer,Optimism,7.75,USDT,114414023,1.09,4.53
2024-08-03,Balancer,Polygon,7.57,USDC,125570000,0.61,3.01
2024-08-03,Balancer,Polygon,7.8,USDT,131185371,0.68,2.74
2024-08-03,Balancer,Polygon,8.29,DAI,128641944,0.77,2.71
2024-08-03,Balancer,Base,6.89,USDC,120270044,0.84,3.17
2024-08-03,Balancer,Base,7.88,USDT,124511761,0.91,5.66
2024-08-03,Balancer,Base,8.08,DAI,126157816,1.06,3.48
2024-08-04,Aave,Ethereum,3.25,USDC,290597188,12.54,0
2024-08-04,Aave,Ethereum,3.26,USDT,294753535,10.63,0
2024-08-04,Aave,Ethereum,3.12,DAI,278814027,11.73,0
2024-08-04,Aave,Arbitrum,4.25,USDC,287947271,1.39,6.1
2024-08-04,Aave,Arbitrum,3.7,DAI,285664667,2.07,4.3
2024-08-04,Aave,Optimism,3.62,USDT,302429382,1.18,4.01
2024-08-04,Aave,Optimism,3.56,DAI,291780410,1.06,2.95
2024-08-04,Aave,Polygon,4.09,USDC,286450281,0.49,3.42
2024-08-04,Aave,Polygon,4.01,USDT,292519418,0.58,2.86
2024-08-04,Aave,Polygon,4.51,DAI,288430835,0.57,2.48
2024-08-04,Aave,Base,3.44,USDC,298147211,0.91,2.38
2024-08-04,Aave,Base,3.33,USDT,291142327,1.15,4.3
2024-08-04,Aave,Base,3.89,DAI,281845224,0.89,5.16
2024-08-04,Compound,Ethereum,3.08,USDC,214107042,11.21,0
2024-08-04,Compound,Ethereum,3.1,USDT,187273049,14.07,0
2024-08-04,Compound,Ethereum,3.03,DAI,207544698,9.94,0
2024-08-04,Compound,Arbitrum,3.63,USDC,208402216,1.3,6.15
2024-08-04,Compound,Arbitrum,3.68,USDT,209605264,1.64,5.24
2024-08-04,Compound,Arbitrum,3.39,DAI,194629161,2.15,6.47
2024-08-04,Compound,Optimism,3.34,USDC,210975164,0.92,3.45
2024-08-04,Compound,Optimism,3.36,USDT,205829703,1.05,4.01
2024-08-04,Compound,Optimism,3.41,DAI,224870539,1.34,4.63
2024-08-04,Compound,Polygon,3.94,USDT,203446186,0.77,2.63
2024-08-04,Compound,Polygon,4.07,DAI,190711731,0.8,3.01
2024-08-04,Compound,Base,4.0,USDC,192624328,1.11,4.44
2024-08-04,Compound,Base,3.55,USDT,193019611,1.09,5.54
2024-08-04,Compound,Base,3.2,DAI,194988856,1.06,2.2
2024-08-04,Curve,Ethereum,6.5,USDC,358005365,10.33,0
2024-08-04,Curve,Ethereum,5.97,USDT,377680026,12.86,0
2024-08-04,Curve,Ethereum,6.27,DAI,350127625,12.0,0
2024-08-04,Curve,Arbitrum,7.93,USDC,367134795,1.52,3.35
2024-08-04,Curve,Arbitrum,6.98,USDT,359298787,1.5,7.36
2024-08-04,Curve,Arbitrum,7.36,DAI,394867121,2.02,6.08
2024-08-04,Curve,Optimism,6.53,USDC,370091066,0.93,3.58
2024-08-04,Curve,Optimism,7.42,USDT,351807926,1.6,3.9
2024-08-04,Curve,Optimism,7.43,DAI,361528073,1.11,5.52
2024-08-04,Curve,Polygon,8.93,USDC,380822897,0.7,3.36
2024-08-04,Curve,Polygon,9.62,USDT,377803128,0.82,3.82
2024-08-04,Curve,Polygon,8.5,DAI,357530776,0.62,3.58
2024-08-04,Curve,Base,8.58,USDC,369751911,0.93,3.74
2024-08-04,Curve,Base,7.86,USDT,370203539,0.89,3.88
2024-08-04,Curve,Base,8.81,DAI,345362967,0.96,3.58
2024-08-04,Uniswap V3,Ethereum,5.21,USDC,105878410,12.01,0
2024-08-04,Uniswap V3,Ethereum,6.35,USDT,107985268,11.41,0
2024-08-04,Uniswap V3,Ethereum,6.71,DAI,108033548,11.96,0
2024-08-04,Uniswap V3,Arbitrum,8.8,USDC,105561119,0.95,5.01
2024-08-04,Uniswap V3,Arbitrum,7.56,USDT,109838079,1.74,2.69
2024-08-04,Uniswap V3,Arbitrum,8.44,DAI,104809738,1.51,4.44
2024-08-04,Uniswap V3,Optimism,5.69,USDC,106227304,1.06,3.36
2024-08-04,Uniswap V3,Optimism,7.17,USDT,106653087,1.39,5.24
2024-08-04,Uniswap V3,Optimism,7.9,DAI,111162528,1.11,6.67
2024-08-04,Uniswap V3,Polygon,8.14,USDC,109567734,0.51,3.22
2024-08-04,Uniswap V3,Polygon,7.98,USDT,115567751,0.62,2.49
2024-08-04,Uniswap V3,Polygon,6.98,DAI,102448428,0.72,3.32
2024-08-04,Uniswap V3,Base,8.66,USDC,109819977,1.19,4.42
2024-08-04,Uniswap V3,Base,8.68,USDT,110495271,0.95,4.72
2024-08-04,Uniswap V3,Base,6.77,DAI,100778059,1.03,4.12
2024-08-04,Yearn,Ethereum,3.77,USDC,127760491,12.28,0
2024-08-04,Yearn,Ethereum,3.63,USDT,131708327,11.29,0
2024-08-04,Yearn,Ethereum,4.12,DAI,136538638,9.96,0
2024-08-04,Yearn,Arbitrum,5.13,USDC,144699454,1.54,7.33
2024-08-04,Yearn,Arbitrum,4.59,USDT,126590666,1.73,5.41
2024-08-04,Yearn,Arbitrum,4.65,DAI,151920362,1.53,5.34
2024-08-04,Yearn,Optimism,4.68,USDT,137520514,1.34,3.84
2024-08-04,Yearn,Optimism,4.5,DAI,134562897,1.03,3.76
2024-08-04,Yearn,Polygon,4.99,USDC,141890789,0.39,2.55
2024-08-04,Yearn,Polygon,5.14,USDT,132787312,0.6,3.51
2024-08-04,Yearn,Polygon,5.05,DAI,129539884,0.63,3.46
2024-08-04,Yearn,Base,4.76,USDC,137282011,1.12,3.79
2024-08-04,Yearn,Base,4.86,USDT,129528039,0.95,2.48
2024-08-04,Yearn,Base,4.55,DAI,126805717,0.94,6.1
2024-08-04,Pendle,Ethereum,8.42,USDC,83830066,14.31,0
2024-08-04,Pendle,Ethereum,9.52,DAI,84590894,11.75,0
2024-08-04,Pendle,Arbitrum,10.11,USDC,94269055,2.17,4.39
2024-08-04,Pendle,Arbitrum,10.27,USDT,87299514,1.78,6.03
2024-08-04,Pendle,Optimism,10.31,USDC,83400643,1.04,4.1
2024-08-04,Pendle,Optimism,8.68,DAI,76049026,1.23,4.16
2024-08-04,Pendle,Base,10.58,USDC,93307040,1.06,4.75
2024-08-04,Pendle,Base,11.61,USDT,82139304,1.02,5.07
2024-08-04,Pendle,Base,11.15,DAI,92969623,0.96,4.22
2024-08-04,Convex,Ethereum,5.28,USDC,192219440,10.92,0
2024-08-04,Convex,Ethereum,5.22,USDT,158820814,13.16,0
2024-08-04,Convex,Ethereum,6.1,DAI,170019971,11.59,0
2024-08-04,Balancer,Ethereum,7.59,USDC,121675854,10.25,0
2024-08-04,Balancer,Ethereum,6.36,USDT,133354648,11.97,0
2024-08-04,Balancer,Ethereum,5.16,DAI,124653506,10.45,0
2024-08-04,Balancer,Arbitrum,8.04,USDC,119868802,1.54,4.02
2024-08-04,Balancer,Arbitrum,7.06,USDT,119079762,1.93,5.69
2024-08-04,Balancer,Arbitrum,7.28,DAI,127583441,1.31,4.87
2024-08-04,Balancer,Optimism,7.01,USDC,133458391,1.23,3.49
2024-08-04,Balancer,Optimism,7.76,USDT,127054053,0.88,3.17
2024-08-04,Balancer,Optimism,7.19,DAI,121763044,0.97,3.95
2024-08-04,Balancer,Polygon,8.06,USDC,127287053,0.83,3.23
2024-08-04,Balancer,Polygon,9.55,USDT,124129104,0.68,2.59
2024-08-04,Balancer,Polygon,8.08,DAI,120007666,0.49,2.45
2024-08-04,Balancer,Base,8.11,USDC,125984480,1.18,3.62
2024-08-04,Balancer,Base,8.34,USDT,121231245,0.99,4.49
2024-08-04,Balancer,Base,5.81,DAI,119671019,1.22,4.86
2024-08-05,Aave,Ethereum,2.99,USDC,283486376,17.06,0
2024-08-05,Aave,Ethereum,3.1,USDT,282167674,17.52,0
2024-08-05,Aave,Ethereum,3.56,DAI,280727096,14.19,0
2024-08-05,Aave,Arbitrum,3.59,USDC,281535450,2.15,4.37
2024-08-05,Aave,Arbitrum,4.1,DAI,289531595,2.04,4.39
2024-08-05,Aave,Optimism,3.47,USDC,278896970,1.6,3.48
2024-08-05,Aave,Optimism,3.53,USDT,250139119,2.24,3.81
2024-08-05,Aave,Polygon,4.15,USDC,285970968,1.0,1.53
2024-08-05,Aave,Polygon,3.35,USDT,286597153,0.86,2.55
2024-08-05,Aave,Polygon,3.74,DAI,294367997,1.12,2.78
2024-08-05,Aave,Base,3.67,USDC,288939223,1.79,3.86
2024-08-05,Aave,Base,3.74,USDT,292021947,1.54,3.06
2024-08-05,Aave,Base,3.74,DAI,284042677,1.96,2.83
2024-08-05,Compound,Ethereum,3.09,USDC,192468586,15.64,0
2024-08-05,Compound,Ethereum,2.99,USDT,200455696,14.87,0
2024-08-05,Compound,Ethereum,3.04,DAI,213151406,15.26,0
2024-08-05,Compound,Arbitrum,3.63,USDC,209552366,2.62,6.23
2024-08-05,Compound,Arbitrum,3.57,USDT,199787062,2.49,4.48
2024-08-05,Compound,Arbitrum,3.49,DAI,223626969,1.94,4.92
2024-08-05,Compound,Optimism,3.49,USDC,193777041,1.57,3.99
2024-08-05,Compound,Optimism,3.43,USDT,202783804,2.15,4.65
2024-08-05,Compound,Polygon,3.83,USDT,204476357,0.95,2.49
2024-08-05,Compound,Polygon,3.69,DAI,206603499,0.69,3.51
2024-08-05,Compound,Base,3.65,USDC,197769253,1.52,2.76
2024-08-05,Compound,Base,3.57,DAI,216037384,1.24,3.02
2024-08-05,Curve,Ethereum,6.22,USDC,370988185,18.32,0
2024-08-05,Curve,Ethereum,6.78,USDT,367463106,16.14,0
2024-08-05,Curve,Ethereum,6.59,DAI,350800013,13.79,0
2024-08-05,Curve,Arbitrum,7.28,USDT,388647167,2.22,4.91
2024-08-05,Curve,Optimism,7.14,USDC,332131020,1.86,5.02
2024-08-05,Curve,Optimism,7.45,USDT,394453062,1.49,3.49
2024-08-05,Curve,Polygon,7.88,USDC,387608980,0.93,2.29
2024-08-05,Curve,Polygon,7.85,USDT,361043116,0.98,2.93
2024-08-05,Curve,Polygon,8.66,DAI,389163690,0.82,3.75
2024-08-05,Curve,Base,8.56,USDC,372993813,1.71,3.53
2024-08-05,Curve,Base,7.68,USDT,383985974,1.01,4.22
2024-08-05,Curve,Base,7.62,DAI,379260377,1.28,1.89
2024-08-05,Uniswap V3,Ethereum,7.26,USDC,118486836,19.19,0
2024-08-05,Uniswap V3,Ethereum,5.07,USDT,112223291,9.85,0
2024-08-05,Uniswap V3,Ethereum,6.61,DAI,110952995,19.97,0
2024-08-05,Uniswap V3,Arbitrum,8.64,USDC,97089145,2.43,4.61
2024-08-05,Uniswap V3,Arbitrum,9.45,USDT,112487941,2.19,4.42
2024-08-05,Uniswap V3,Arbitrum,5.73,DAI,101745785,2.92,3.44
2024-08-05,Uniswap V3,Optimism,8.2,USDC,102689296,1.94,4.82
2024-08-05,Uniswap V3,Optimism,8.06,USDT,109504431,1.69,4.55
2024-08-05,Uniswap V3,Optimism,8.97,DAI,100859778,1.52,3.74
2024-08-05,Uniswap V3,Polygon,7.51,USDC,112957396,1.08,3.94
2024-08-05,Uniswap V3,Polygon,8.26,USDT,101039763,1.12,2.09
2024-08-05,Uniswap V3,Polygon,6.93,DAI,113503918,0.69,3.86
2024-08-05,Uniswap V3,Base,8.25,USDC,107349590,1.61,3.42
2024-08-05,Uniswap V3,Base,9.06,USDT,103522617,1.19,5.01
2024-08-05,Yearn,Ethereum,4.03,DAI,136165235,12.86,0
2024-08-05,Yearn,Arbitrum,5.21,USDC,138718851,3.27,3.95
2024-08-05,Yearn,Arbitrum,4.95,USDT,133007543,2.47,4.84
2024-08-05,Yearn,Arbitrum,4.88,DAI,139228345,2.53,4.16
2024-08-05,Yearn,Optimism,4.71,USDC,137571916,1.73,3.25
2024-08-05,Yearn,Optimism,4.78,DAI,139432014,1.5,5.2
2024-08-05,Yearn,Polygon,5.16,USDC,135651831,0.89,2.41
2024-08-05,Yearn,Polygon,5.28,USDT,137749392,1.03,2.38
2024-08-05,Yearn,Polygon,4.63,DAI,137055227,0.89,3.12
2024-08-05,Yearn,Base,4.82,USDC,137102814,1.56,4.78
2024-08-05,Yearn,Base,4.58,USDT,140430426,1.87,4.19
2024-08-05,Yearn,Base,4.21,DAI,123696039,1.15,5.0
2024-08-05,Pendle,Ethereum,8.39,USDC,87219501,23.6,0
2024-08-05,Pendle,Ethereum,10.07,USDT,87333422,26.34,0
2024-08-05,Pendle,Ethereum,8.95,DAI,84939332,20.85,0
2024-08-05,Pendle,Arbitrum,11.84,USDC,85902461,2.78,4.34
2024-08-05,Pendle,Arbitrum,10.66,USDT,89625575,2.44,3.72
2024-08-05,Pendle,Arbitrum,12.7,DAI,91254761,2.63,6.1
2024-08-05,Pendle,Optimism,14.64,USDC,92011122,0.94,4.08
2024-08-05,Pendle,Optimism,10.37,USDT,77149161,1.89,4.7
2024-08-05,Pendle,Optimism,9.65,DAI,86630268,1.87,2.35
2024-08-05,Pendle,Base,12.86,USDC,79766670,1.49,3.29
2024-08-05,Pendle,Base,10.24,USDT,80716153,1.21,3.33
2024-08-05,Pendle,Base,9.03,DAI,84562798,1.45,4.8
2024-08-05,Convex,Ethereum,5.96,USDC,164047034,15.19,0
2024-08-05,Convex,Ethereum,5.42,USDT,162754344,15.35,0
2024-08-05,Convex,Ethereum,5.09,DAI,169915222,18.87,0
2024-08-05,Balancer,Ethereum,7.0,USDT,115472187,16.28,0
2024-08-05,Balancer,Ethereum,6.11,DAI,124219130,18.55,0
2024-08-05,Balancer,Arbitrum,7.84,USDC,143052787,3.12,5.45
2024-08-05,Balancer,Arbitrum,8.57,USDT,125137149,3.08,3.84
2024-08-05,Balancer,Arbitrum,8.71,DAI,120016382,2.12,6.79
2024-08-05,Balancer,Optimism,6.7,USDT,130913680,2.06,4.56
2024-08-05,Balancer,Optimism,6.66,DAI,126100272,2.22,3.63
2024-08-05,Balancer,Polygon,7.63,USDC,127057169,1.08,1.45
2024-08-05,Balancer,Polygon,8.53,USDT,128169503,0.85,2.51
2024-08-05,Balancer,Polygon,9.57,DAI,127966590,1.21,3.61
2024-08-05,Balancer,Base,7.01,USDC,127230708,1.48,4.75
2024-08-05,Balancer,Base,8.37,USDT,123924341,1.26,3.22
2024-08-05,Balancer,Base,8.34,DAI,129896786,1.95,3.98
2024-08-06,Aave,Ethereum,3.15,USDC,281576870,19.5,0
2024-08-06,Aave,Ethereum,3.29,USDT,300046169,21.03,0
2024-08-06,Aave,Ethereum,3.15,DAI,278058636,15.98,0
2024-08-06,Aave,Arbitrum,3.79,USDT,294021613,2.75,5.81
2024-08-06,Aave,Arbitrum,4.18,DAI,295203334,2.62,4.57
2024-08-06,Aave,Optimism,3.97,DAI,274971776,2.41,4.74
2024-08-06,Aave,Polygon,3.89,USDC,299289659,1.1,3.04
2024-08-06,Aave,Polygon,4.2,DAI,294515099,1.04,2.93
2024-08-06,Aave,Base,3.56,USDC,269443465,1.5,3.15
2024-08-06,Aave,Base,3.53,USDT,297447904,0.98,3.79
2024-08-06,Aave,Base,4.01,DAI,281095095,1.53,4.6
2024-08-06,Compound,Ethereum,3.05,USDC,206753177,20.33,0
2024-08-06,Compound,Ethereum,3.25,USDT,228179216,24.1,0
2024-08-06,Compound,Ethereum,2.89,DAI,209389030,18.82,0
2024-08-06,Compound,Arbitrum,4.05,USDC,230169115,2.2,4.7
2024-08-06,Compound,Arbitrum,4.06,USDT,206368211,2.32,4.74
2024-08-06,Compound,Optimism,3.57,USDT,207643286,2.17,5.48
2024-08-06,Compound,Optimism,3.56,DAI,219191027,1.76,3.52
2024-08-06,Compound,Polygon,3.77,USDC,222549555,0.93,3.38
2024-08-06,Compound,Polygon,4.04,USDT,199216711,0.79,2.53
2024-08-06,Compound,Polygon,3.87,DAI,220350123,0.96,2.41
2024-08-06,Compound,Base,3.81,USDC,196528412,1.26,3.03
2024-08-06,Compound,Base,3.98,USDT,200745400,1.48,2.89
2024-08-06,Compound,Base,3.89,DAI,192156030,1.46,5.54
2024-08-06,Curve,Ethereum,6.97,USDT,344565540,22.32,0
2024-08-06,Curve,Ethereum,6.0,DAI,347125955,22.96,0
2024-08-06,Curve,Arbitrum,6.38,USDC,381771864,2.57,4.13
2024-08-06,Curve,Arbitrum,5.51,DAI,351658139,2.71,5.66
2024-08-06,Curve,Optimism,8.28,USDC,361383785,1.77,3.32
2024-08-06,Curve,Optimism,7.81,USDT,362832046,2.23,2.14
2024-08-06,Curve,Optimism,6.33,DAI,362616446,1.65,3.08
2024-08-06,Curve,Polygon,6.28,USDC,346204782,0.87,2.98
2024-08-06,Curve,Polygon,9.17,USDT,405521864,0.94,2.06
2024-08-06,Curve,Polygon,9.44,DAI,380402521,1.13,3.15
2024-08-06,Curve,Base,7.91,USDC,376530637,1.67,4.66
2024-08-06,Curve,Base,9.01,USDT,371488396,1.25,4.98
2024-08-06,Curve,Base,8.45,DAI,395938776,1.48,2.75
2024-08-06,Uniswap V3,Ethereum,7.4,USDC,117207843,19.42,0
2024-08-06,Uniswap V3,Ethereum,7.63,USDT,109663020,21.04,0
2024-08-06,Uniswap V3,Ethereum,5.71,DAI,110348089,18.1,0
2024-08-06,Uniswap V3,Arbitrum,8.97,USDC,105423747,2.29,6.12
2024-08-06,Uniswap V3,Arbitrum,6.47,DAI,110629244,2.71,6.56
2024-08-06,Uniswap V3,Optimism,8.56,USDC,112187439,2.08,3.83
2024-08-06,Uniswap V3,Optimism,7.39,USDT,110577872,1.8,3.78
2024-08-06,Uniswap V3,Optimism,8.08,DAI,103392633,1.33,4.3
2024-08-06,Uniswap V3,Polygon,9.23,USDC,114659533,1.2,2.38
2024-08-06,Uniswap V3,Polygon,8.34,USDT,96681385,0.97,3.18
2024-08-06,Uniswap V3,Polygon,7.29,DAI,111534306,0.92,2.79
2024-08-06,Uniswap V3,Base,9.67,USDC,109440402,1.79,3.62
2024-08-06,Uniswap V3,Base,6.99,USDT,106475847,1.86,3.11
2024-08-06,Uniswap V3,Base,7.63,DAI,107877356,1.7,3.63
2024-08-06,Yearn,Ethereum,4.39,USDC,125524597,20.32,0
2024-08-06,Yearn,Ethereum,3.82,DAI,134427804,15.47,0
2024-08-06,Yearn,Arbitrum,5.46,USDC,139409339,2.05,4.41
2024-08-06,Yearn,Arbitrum,4.94,USDT,138859409,1.82,4.47
2024-08-06,Yearn,Arbitrum,4.99,DAI,145030947,2.2,5.43
2024-08-06,Yearn,Optimism,4.06,USDC,143755206,2.2,4.62
2024-08-06,Yearn,Optimism,4.44,USDT,143385996,1.81,4.78
2024-08-06,Yearn,Optimism,4.25,DAI,137907049,1.67,5.73
2024-08-06,Yearn,Polygon,5.57,USDC,145622055,1.0,2.83
2024-08-06,Yearn,Polygon,5.23,USDT,145793372,1.11,4.15
2024-08-06,Yearn,Polygon,5.15,DAI,138197651,1.07,3.28
2024-08-06,Yearn,Base,4.46,USDC,124560947,1.51,4.06
2024-08-06,Yearn,Base,4.85,USDT,131449345,1.67,3.43
2024-08-06,Yearn,Base,4.89,DAI,143420161,1.72,3.21
2024-08-06,Pendle,Ethereum,11.84,USDC,89985231,17.11,0
2024-08-06,Pendle,Ethereum,10.05,USDT,87312394,13.06,0
2024-08-06,Pendle,Ethereum,8.5,DAI,90952403,18.37,0
2024-08-06,Pendle,Arbitrum,10.86,USDC,79841498,2.46,6.2
2024-08-06,Pendle,Arbitrum,9.45,USDT,89681912,2.61,4.83
2024-08-06,Pendle,Arbitrum,11.41,DAI,84972008,2.43,4.24
2024-08-06,Pendle,Optimism,11.83,USDC,89151821,1.38,3.52
2024-08-06,Pendle,Optimism,9.06,USDT,87627654,1.45,2.96
2024-08-06,Pendle,Optimism,9.73,DAI,87700368,1.69,4.89
2024-08-06,Pendle,Base,8.74,USDC,90167461,1.04,3.33
2024-08-06,Pendle,Base,13.17,USDT,80974330,1.51,4.91
2024-08-06,Pendle,Base,7.52,DAI,90797635,1.21,4.35
2024-08-06,Convex,Ethereum,5.92,USDC,181179808,23.47,0
2024-08-06,Convex,Ethereum,5.67,DAI,176241916,17.65,0
2024-08-06,Balancer,Ethereum,6.68,USDC,130450581,14.15,0
2024-08-06,Balancer,Ethereum,6.67,USDT,121054335,15.01,0
2024-08-06,Balancer,Ethereum,6.42,DAI,127263450,15.61,0
2024-08-06,Balancer,Arbitrum,6.97,USDC,126008804,2.54,5.06
2024-08-06,Balancer,Arbitrum,6.59,USDT,136007931,2.92,4.88
2024-08-06,Balancer,Arbitrum,6.62,DAI,125897204,2.79,6.29
2024-08-06,Balancer,Optimism,7.75,USDC,129835225,2.37,2.89
2024-08-06,Balancer,Optimism,8.3,USDT,127162905,1.71,3.54
2024-08-06,Balancer,Optimism,7.75,DAI,140709800,1.87,4.1
2024-08-06,Balancer,Polygon,8.42,USDC,131690056,0.69,2.24
2024-08-06,Balancer,Polygon,7.65,USDT,127718902,0.81,3.34
2024-08-06,Balancer,Polygon,8.27,DAI,129594368,1.02,2.76
2024-08-06,Balancer,Base,6.1,USDC,125299857,1.49,4.13
2024-08-06,Balancer,Base,7.78,USDT,131673024,1.55,3.6
2024-08-06,Balancer,Base,7.24,DAI,129693128,1.36,4.01
2024-08-07,Aave,Ethereum,2.84,USDC,305908059,20.41,0
2024-08-07,Aave,Ethereum,3.44,USDT,298506574,17.65,0
2024-08-07,Aave,Ethereum,3.65,DAI,290448157,19.65,0
2024-08-07,Aave,Arbitrum,3.78,USDC,271475622,2.18,3.8
2024-08-07,Aave,Arbitrum,3.94,USDT,297589018,2.57,4.87
2024-08-07,Aave,Arbitrum,4.0,DAI,300947707,2.57,3.54
2024-08-07,Aave,Optimism,3.79,USDC,303002989,2.24,4.4
2024-08-07,Aave,Optimism,3.78,USDT,306169264,1.41,3.21
2024-08-07,Aave,Optimism,3.55,DAI,298063596,1.6,4.43
2024-08-07,Aave,Polygon,4.11,USDC,279236282,0.92,3.21
2024-08-07,Aave,Polygon,4.13,USDT,280133088,0.78,2.84
2024-08-07,Aave,Polygon,4.26,DAI,298523311,1.04,2.55
2024-08-07,Aave,Base,4.12,USDC,303538253,1.48,4.52
2024-08-07,Aave,Base,3.77,USDT,302979179,1.42,4.27
2024-08-07,Aave,Base,3.77,DAI,296401136,1.52,4.37
2024-08-07,Compound,Ethereum,2.98,USDT,219546263,17.6,0
2024-08-07,Compound,Ethereum,2.95,DAI,211312250,17.51,0
2024-08-07,Compound,Arbitrum,3.75,USDC,226005144,2.05,6.88
2024-08-07,Compound,Arbitrum,3.63,USDT,212286641,2.28,5.69
2024-08-07,Compound,Arbitrum,4.05,DAI,220395224,2.76,4.42
2024-08-07,Compound,Optimism,3.47,USDC,225004261,1.82,4.16
2024-08-07,Compound,Optimism,3.29,DAI,211989249,1.9,4.44
2024-08-07,Compound,Polygon,4.17,USDC,221012263,0.92,2.36
2024-08-07,Compound,Polygon,3.71,USDT,213884851,1.02,2.34
2024-08-07,Compound,Polygon,3.87,DAI,221394073,0.91,4.36
2024-08-07,Compound,Base,3.71,USDC,205860181,1.27,4.91
2024-08-07,Compound,Base,3.73,USDT,190828177,1.57,2.95
2024-08-07,Compound,Base,3.46,DAI,214366947,1.4,4.13
2024-08-07,Curve,Ethereum,6.93,USDC,377809541,14.8,0
2024-08-07,Curve,Ethereum,6.32,USDT,368216862,19.37,0
2024-08-07,Curve,Ethereum,7.53,DAI,386714489,19.6,0
2024-08-07,Curve,Arbitrum,6.61,USDC,377288074,2.51,4.35
2024-08-07,Curve,Arbitrum,7.29,USDT,361970063,2.74,4.02
2024-08-07,Curve,Arbitrum,8.46,DAI,403447172,1.65,5.74
2024-08-07,Curve,Optimism,7.12,USDC,371407039,1.72,4.69
2024-08-07,Curve,Optimism,6.1,USDT,367249628,1.8,3.13
2024-08-07,Curve,Optimism,7.54,DAI,395684330,1.83,4.97
2024-08-07,Curve,Polygon,9.27,USDC,370672483,1.1,2.11
2024-08-07,Curve,Polygon,8.44,USDT,352101314,0.73,2.71
2024-08-07,Curve,Base,6.98,USDC,371349322,1.22,3.67
2024-08-07,Curve,Base,7.36,USDT,353975738,1.23,4.14
2024-08-07,Curve,Base,7.76,DAI,371308650,1.39,4.42
2024-08-07,Uniswap V3,Ethereum,6.27,USDC,114516362,20.43,0
2024-08-07,Uniswap V3,Ethereum,5.99,USDT,107644186,17.56,0
2024-08-07,Uniswap V3,Arbitrum,8.98,USDC,118849735,2.59,5.9
2024-08-07,Uniswap V3,Arbitrum,9.86,USDT,109850066,2.52,4.93
2024-08-07,Uniswap V3,Arbitrum,6.95,DAI,108112515,2.65,5.54
2024-08-07,Uniswap V3,Optimism,7.66,USDC,112218471,1.5,3.19
2024-08-07,Uniswap V3,Optimism,8.32,USDT,118898617,1.71,4.4
2024-08-07,Uniswap V3,Optimism,8.82,DAI,116903603,1.41,3.59
2024-08-07,Uniswap V3,Polygon,9.21,USDC,111876592,1.03,4.08
2024-08-07,Uniswap V3,Polygon,10.08,USDT,109395204,1.03,2.49
2024-08-07,Uniswap V3,Polygon,9.29,DAI,118216084,1.1,2.46
2024-08-07,Uniswap V3,Base,7.78,USDC,114111042,1.18,3.1
2024-08-07,Uniswap V3,Base,9.13,DAI,112155304,1.16,5.95
2024-08-07,Yearn,Ethereum,3.81,USDC,147579265,16.01,0
2024-08-07,Yearn,Ethereum,3.87,USDT,140317626,19.58,0
2024-08-07,Yearn,Ethereum,3.51,DAI,136493471,17.15,0
2024-08-07,Yearn,Arbitrum,4.81,USDC,135543308,2.43,4.71
2024-08-07,Yearn,Arbitrum,4.97,USDT,143727201,2.68,3.99
2024-08-07,Yearn,Arbitrum,5.25,DAI,138269938,2.7,3.07
2024-08-07,Yearn,Optimism,4.91,USDC,146955485,1.65,5.56
2024-08-07,Yearn,Optimism,5.11,USDT,133685333,1.61,2.49
2024-08-07,Yearn,Optimism,4.98,DAI,140121806,2.31,4.2
2024-08-07,Yearn,Polygon,4.91,USDC,133347240,0.86,3.11
2024-08-07,Yearn,Polygon,5.45,USDT,152996554,0.78,2.64
2024-08-07,Yearn,Polygon,4.54,DAI,136276601,1.04,3.09
2024-08-07,Yearn,Base,4.65,USDC,131127998,1.89,5.07
2024-08-07,Pendle,Ethereum,9.55,USDC,83285622,18.0,0
2024-08-07,Pendle,Ethereum,6.25,USDT,88597935,21.94,0
2024-08-07,Pendle,Ethereum,9.41,DAI,90654291,11.03,0
2024-08-07,Pendle,Arbitrum,10.85,USDC,87170759,1.79,5.2
2024-08-07,Pendle,Arbitrum,11.17,USDT,90891938,2.05,5.75
2024-08-07,Pendle,Arbitrum,11.35,DAI,90564648,2.46,5.77
2024-08-07,Pendle,Optimism,11.04,USDC,90741952,1.72,3.68
2024-08-07,Pendle,Optimism,9.77,USDT,90181453,2.03,3.61
2024-08-07,Pendle,Optimism,9.14,DAI,95209293,2.21,4.81
2024-08-07,Pendle,Base,9.16,USDC,89210246,1.69,5.0
2024-08-07,Pendle,Base,11.55,USDT,94338067,1.6,3.63
2024-08-07,Pendle,Base,9.5,DAI,91744599,1.06,4.44
2024-08-07,Convex,Ethereum,5.75,USDC,178709046,17.6,0
2024-08-07,Convex,Ethereum,5.23,USDT,179870509,18.16,0
2024-08-07,Convex,Ethereum,5.57,DAI,177736844,21.2,0
2024-08-07,Balancer,Ethereum,6.12,USDT,130861854,16.27,0
2024-08-07,Balancer,Ethereum,6.14,DAI,130142229,12.45,0
2024-08-07,Balancer,Arbitrum,8.72,USDC,137569139,2.02,6.37
2024-08-07,Balancer,Arbitrum,8.13,USDT,116810096,2.73,4.71
2024-08-07,Balancer,Arbitrum,7.76,DAI,134235069,2.64,3.77
2024-08-07,Balancer,Optimism,7.94,USDC,130522805,1.75,4.27
2024-08-07,Balancer,Optimism,8.08,USDT,125427013,1.35,3.42
2024-08-07,Balancer,Optimism,8.1,DAI,129862157,1.42,3.74
2024-08-07,Balancer,Polygon,9.37,USDC,125147825,0.92,2.98
2024-08-07,Balancer,Polygon,8.28,USDT,133298408,0.91,3.36
2024-08-07,Balancer,Polygon,8.9,DAI,126785627,1.2,3.84
2024-08-07,Balancer,Base,6.93,USDC,135185743,1.33,6.0
2024-08-07,Balancer,Base,8.25,USDT,119401862,1.49,5.4
2024-08-07,Balancer,Base,8.79,DAI,133752469,1.61,4.73
2024-08-08,Aave,Ethereum,3.17,USDC,292497197,14.75,0
2024-08-08,Aave,Ethereum,3.01,USDT,310577889,17.12,0
2024-08-08,Aave,Ethereum,3.02,DAI,292264205,22.68,0
2024-08-08,Aave,Arbitrum,3.92,USDC,276096058,2.41,4.97
2024-08-08,Aave,Arbitrum,3.73,USDT,308346376,2.79,5.46
2024-08-08,Aave,Arbitrum,4.09,DAI,288004611,2.39,4.4
2024-08-08,Aave,Optimism,3.7,USDC,297672238,2.13,3.0
2024-08-08,Aave,Optimism,3.2,USDT,277819994,2.31,4.51
2024-08-08,Aave,Optimism,3.52,DAI,284040070,1.79,1.81
2024-08-08,Aave,Polygon,4.57,USDC,291846863,0.84,3.42
2024-08-08,Aave,Polygon,4.23,DAI,308948368,1.22,2.39
2024-08-08,Aave,Base,3.86,USDC,316259582,1.77,3.3
2024-08-08,Aave,Base,3.82,USDT,311328959,1.32,2.88
2024-08-08,Aave,Base,3.69,DAI,318107035,1.11,2.99
2024-08-08,Compound,Ethereum,2.8,USDC,209408413,16.1,0
2024-08-08,Compound,Ethereum,2.97,USDT,216238888,18.23,0
2024-08-08,Compound,Ethereum,3.03,DAI,205089630,19.1,0
2024-08-08,Compound,Arbitrum,3.72,USDC,194458292,2.34,4.75
2024-08-08,Compound,Arbitrum,3.79,USDT,188883092,2.7,6.85
2024-08-08,Compound,Arbitrum,3.58,DAI,209431994,2.05,4.42
2024-08-08,Compound,Optimism,3.68,USDC,215630228,1.76,4.06
2024-08-08,Compound,Optimism,3.46,USDT,213079573,2.25,4.25
2024-08-08,Compound,Optimism,3.56,DAI,205605086,1.54,3.73
2024-08-08,Compound,Polygon,3.44,USDC,226220169,0.96,3.56
2024-08-08,Compound,Polygon,3.89,USDT,212302113,0.94,3.33
2024-08-08,Compound,Polygon,3.8,DAI,215256021,0.95,2.51
2024-08-08,Compound,Base,3.45,USDC,227729296,1.6,3.04
2024-08-08,Compound,Base,3.55,USDT,207436208,1.69,4.58
2024-08-08,Compound,Base,3.61,DAI,217756320,1.54,3.47
2024-08-08,Curve,Ethereum,7.22,USDC,370051738,18.82,0
2024-08-08,Curve,Ethereum,6.94,USDT,369790064,14.06,0
2024-08-08,Curve,Ethereum,7.05,DAI,363424341,20.68,0
2024-08-08,Curve,Arbitrum,8.0,USDC,399831876,1.62,4.5
2024-08-08,Curve,Arbitrum,7.33,USDT,422492214,2.86,6.1
2024-08-08,Curve,Arbitrum,8.77,DAI,377375959,2.82,5.32
2024-08-08,Curve,Optimism,5.72,DAI,363464873,1.72,4.44
2024-08-08,Curve,Polygon,8.78,USDC,371375997,0.99,3.37
2024-08-08,Curve,Polygon,8.66,USDT,394120649,1.08,2.22
2024-08-08,Curve,Polygon,8.22,DAI,388689337,0.97,3.35
2024-08-08,Curve,Base,8.73,USDC,390235338,1.23,4.14
2024-08-08,Curve,Base,8.69,USDT,390778614,1.46,3.44
2024-08-08,Curve,Base,6.97,DAI,398856685,1.37,4.16
2024-08-08,Uniswap V3,Ethereum,6.91,USDC,111982799,21.93,0
2024-08-08,Uniswap V3,Ethereum,6.74,USDT,112947194,17.98,0
2024-08-08,Uniswap V3,Ethereum,6.99,DAI,116526382,16.08,0
2024-08-08,Uniswap V3,Arbitrum,8.35,USDC,111993507,2.95,5.23
2024-08-08,Uniswap V3,Arbitrum,9.02,USDT,110998007,2.67,3.46
2024-08-08,Uniswap V3,Arbitrum,7.41,DAI,110658046,2.27,6.95
2024-08-08,Uniswap V3,Optimism,5.7,USDC,108166897,1.87,4.24
2024-08-08,Uniswap V3,Optimism,7.54,USDT,108777428,1.59,4.51
2024-08-08,Uniswap V3,Optimism,8.22,DAI,109747271,1.94,3.96
2024-08-08,Uniswap V3,Polygon,7.81,USDC,106974598,0.72,4.1
2024-08-08,Uniswap V3,Polygon,6.7,USDT,120726986,0.77,2.21
2024-08-08,Uniswap V3,Polygon,8.51,DAI,109897746,0.95,2.7
2024-08-08,Uniswap V3,Base,9.3,USDC,109190463,1.62,2.37
2024-08-08,Uniswap V3,Base,7.3,USDT,110596051,1.38,3.73
2024-08-08,Uniswap V3,Base,7.51,DAI,105078729,1.46,3.24
2024-08-08,Yearn,Ethereum,4.12,USDC,136583695,18.8,0
2024-08-08,Yearn,Ethereum,4.21,USDT,143693576,14.31,0
2024-08-08,Yearn,Ethereum,4.23,DAI,150133677,18.5,0
2024-08-08,Yearn,Arbitrum,4.99,USDC,134546614,2.75,2.96
2024-08-08,Yearn,Arbitrum,5.0,USDT,146619487,2.58,4.47
2024-08-08,Yearn,Arbitrum,4.72,DAI,149908415,2.3,4.97
2024-08-08,Yearn,Optimism,4.63,USDC,137590563,1.61,5.11
2024-08-08,Yearn,Optimism,4.34,USDT,127937329,2.16,3.86
2024-08-08,Yearn,Optimism,5.33,DAI,141160822,1.89,3.61
2024-08-08,Yearn,Polygon,4.94,USDC,145529300,1.14,2.59
2024-08-08,Yearn,Polygon,4.81,USDT,145277180,0.95,3.28
2024-08-08,Yearn,Polygon,4.4,DAI,147593666,0.87,3.24
2024-08-08,Yearn,Base,4.56,USDC,151233334,1.9,4.1
2024-08-08,Yearn,Base,4.38,USDT,135694944,1.42,3.56
2024-08-08,Yearn,Base,4.6,DAI,137503634,1.03,4.62
2024-08-08,Pendle,Ethereum,9.09,USDC,94501394,14.83,0
2024-08-08,Pendle,Ethereum,9.25,USDT,87841033,21.96,0
2024-08-08,Pendle,Ethereum,12.09,DAI,83112812,18.09,0
2024-08-08,Pendle,Arbitrum,11.24,USDC,87236932,2.55,4.47
2024-08-08,Pendle,Arbitrum,12.38,USDT,85685223,2.05,6.18
2024-08-08,Pendle,Arbitrum,11.39,DAI,91532644,2.03,6.29
2024-08-08,Pendle,Optimism,11.05,USDC,84658315,1.49,3.26
2024-08-08,Pendle,Optimism,8.96,DAI,86092092,1.59,3.81
2024-08-08,Pendle,Base,10.93,USDC,85554262,1.37,3.72
2024-08-08,Pendle,Base,9.64,USDT,88897966,1.58,2.52
2024-08-08,Pendle,Base,11.06,DAI,81694636,1.66,4.24
2024-08-08,Convex,Ethereum,5.31,USDC,161453129,22.8,0
2024-08-08,Convex,Ethereum,4.73,USDT,172503685,20.9,0
2024-08-08,Convex,Ethereum,4.52,DAI,155633075,19.48,0
2024-08-08,Balancer,Ethereum,6.7,USDC,136714247,15.75,0
2024-08-08,Balancer,Ethereum,5.5,USDT,130202681,19.78,0
2024-08-08,Balancer,Ethereum,6.79,DAI,131454983,20.24,0
2024-08-08,Balancer,Arbitrum,8.82,USDC,128483743,1.85,4.0
2024-08-08,Balancer,Arbitrum,8.23,USDT,132411218,2.43,4.71
2024-08-08,Balancer,Arbitrum,6.79,DAI,121127653,2.46,4.29
2024-08-08,Balancer,Optimism,8.45,USDC,131462940,2.19,4.0
2024-08-08,Balancer,Optimism,6.44,USDT,129120184,1.76,3.58
2024-08-08,Balancer,Optimism,8.67,DAI,123843789,1.65,3.65
2024-08-08,Balancer,Polygon,9.58,USDT,127933122,1.16,3.07
2024-08-08,Balancer,Polygon,7.84,DAI,134706818,1.05,2.56
2024-08-08,Balancer,Base,7.25,USDC,124176355,1.59,4.83
2024-08-08,Balancer,Base,7.17,USDT,127651188,1.22,4.57
2024-08-08,Balancer,Base,7.83,DAI,133729725,1.54,4.23
2024-08-09,Aave,Ethereum,3.04,USDC,301388239,18.93,0
2024-08-09,Aave,Ethereum,3.01,USDT,298657454,16.98,0
2024-08-09,Aave,Ethereum,3.28,DAI,293877405,16.05,0
2024-08-09,Aave,Arbitrum,3.63,USDC,302766341,1.56,3.57
2024-08-09,Aave,Arbitrum,3.87,USDT,298949630,2.2,2.99
2024-08-09,Aave,Arbitrum,3.79,DAI,313179271,2.4,6.17
2024-08-09,Aave,Optimism,3.41,USDC,297292575,1.95,4.03
2024-08-09,Aave,Optimism,3.74,USDT,308184382,1.9,2.82
2024-08-09,Aave,Optimism,3.53,DAI,287460368,2.31,3.98
2024-08-09,Aave,Polygon,3.6,USDC,290741955,1.04,3.52
2024-08-09,Aave,Polygon,3.93,USDT,305508434,0.96,2.85
2024-08-09,Aave,Polygon,3.26,DAI,300826669,0.76,3.45
2024-08-09,Aave,Base,3.7,USDC,283941945,1.83,4.82
2024-08-09,Aave,Base,3.63,USDT,306209192,1.42,5.72
2024-08-09,Aave,Base,3.58,DAI,286246872,1.41,3.89
2024-08-09,Compound,Ethereum,2.88,USDC,202265465,19.76,0
2024-08-09,Compound,Ethereum,2.7,USDT,206466815,23.7,0
2024-08-09,Compound,Ethereum,3.05,DAI,217559774,14.12,0
2024-08-09,Compound,Arbitrum,3.59,USDC,205776077,2.42,4.34
2024-08-09,Compound,Arbitrum,3.6,USDT,208588131,2.47,5.83
2024-08-09,Compound,Arbitrum,3.81,DAI,223694277,2.34,5.47
2024-08-09,Compound,Optimism,3.49,USDC,211690663,1.63,3.68
2024-08-09,Compound,Optimism,3.48,USDT,201675189,1.89,4.36
2024-08-09,Compound,Optimism,3.74,DAI,197728576,1.95,3.38
2024-08-09,Compound,Polygon,3.36,USDT,208834214,0.76,3.51
2024-08-09,Compound,Polygon,3.55,DAI,222416877,0.83,3.8
2024-08-09,Compound,Base,3.26,USDC,204924558,1.23,2.9
2024-08-09,Compound,Base,3.62,USDT,208204813,1.46,4.91
2024-08-09,Compound,Base,3.52,DAI,223337454,1.42,4.58
2024-08-09,Curve,Ethereum,5.98,USDC,411183748,14.71,0
2024-08-09,Curve,Ethereum,5.85,USDT,380358634,20.98,0
2024-08-09,Curve,Ethereum,6.09,DAI,358877526,19.19,0
2024-08-09,Curve,Arbitrum,6.77,USDC,364814340,2.18,5.33
2024-08-09,Curve,Arbitrum,7.64,USDT,362387655,1.94,3.62
2024-08-09,Curve,Arbitrum,7.13,DAI,368924194,2.59,3.25
2024-08-09,Curve,Optimism,7.3,USDC,365309368,1.85,3.97
2024-08-09,Curve,Optimism,6.8,USDT,373029495,2.13,3.43
2024-08-09,Curve,Optimism,5.76,DAI,356230997,1.9,3.99
2024-08-09,Curve,Polygon,8.59,USDC,382650831,0.82,2.62
2024-08-09,Curve,Polygon,8.96,USDT,373275056,1.01,4.96
2024-08-09,Curve,Polygon,7.67,DAI,386487789,1.14,1.96
2024-08-09,Curve,Base,6.87,USDC,396085722,1.44,3.36
2024-08-09,Curve,Base,6.27,USDT,380680960,1.69,4.74
2024-08-09,Curve,Base,9.11,DAI,379734704,1.51,3.24
2024-08-09,Uniswap V3,Ethereum,5.49,USDC,108471102,20.13,0
2024-08-09,Uniswap V3,Ethereum,6.15,USDT,102527499,20.69,0
2024-08-09,Uniswap V3,Ethereum,5.65,DAI,106328862,18.23,0
2024-08-09,Uniswap V3,Arbitrum,6.55,USDC,108605317,2.2,6.83
2024-08-09,Uniswap V3,Arbitrum,8.05,USDT,111506499,3.02,5.32
2024-08-09,Uniswap V3,Arbitrum,7.32,DAI,116865769,1.97,4.14
2024-08-09,Uniswap V3,Optimism,6.24,USDC,120349129,2.53,3.61
2024-08-09,Uniswap V3,Optimism,7.58,USDT,108802541,1.92,4.29
2024-08-09,Uniswap V3,Optimism,7.5,DAI,106353156,1.97,4.68
2024-08-09,Uniswap V3,Polygon,9.08,USDC,113507137,1.19,2.97
2024-08-09,Uniswap V3,Polygon,10.85,DAI,108943655,0.78,2.5
2024-08-09,Uniswap V3,Base,7.11,USDC,113758120,1.12,3.8
2024-08-09,Uniswap V3,Base,8.03,USDT,113230410,1.71,3.07
2024-08-09,Uniswap V3,Base,7.1,DAI,114501303,1.48,4.47
2024-08-09,Yearn,Ethereum,3.8,USDC,139847810,16.17,0
2024-08-09,Yearn,Ethereum,4.18,USDT,136551853,14.41,0
2024-08-09,Yearn,Ethereum,3.81,DAI,145118561,13.71,0
2024-08-09,Yearn,Arbitrum,4.41,USDC,142296327,2.23,5.07
2024-08-09,Yearn,Arbitrum,4.93,DAI,137736881,2.07,5.29
2024-08-09,Yearn,Optimism,4.67,USDC,134362662,1.68,4.74
2024-08-09,Yearn,Optimism,4.18,USDT,143523317,1.87,4.37
2024-08-09,Yearn,Optimism,4.3,DAI,143947285,1.75,4.19
2024-08-09,Yearn,Polygon,4.62,USDC,137108194,0.92,2.89
2024-08-09,Yearn,Polygon,4.68,USDT,139130680,1.13,3.99
2024-08-09,Yearn,Polygon,4.87,DAI,150664047,0.97,3.02
2024-08-09,Yearn,Base,4.75,USDC,141292937,1.43,2.61
2024-08-09,Yearn,Base,5.03,USDT,139174074,1.51,2.62
2024-08-09,Yearn,Base,4.55,DAI,145409566,1.25,3.23
2024-08-09,Pendle,Ethereum,9.5,USDC,87115203,19.27,0
2024-08-09,Pendle,Ethereum,7.1,USDT,96816359,12.95,0
2024-08-09,Pendle,Ethereum,7.24,DAI,81127871,17.1,0
2024-08-09,Pendle,Arbitrum,10.07,USDC,86950697,2.35,4.05
2024-08-09,Pendle,Arbitrum,10.19,USDT,92369215,2.71,5.14
2024-08-09,Pendle,Arbitrum,11.71,DAI,80099360,2.43,4.03
2024-08-09,Pendle,Optimism,9.04,USDC,89938605,1.85,3.93
2024-08-09,Pendle,Optimism,10.24,USDT,90429868,1.8,2.21
2024-08-09,Pendle,Optimism,11.03,DAI,79524652,1.63,4.13
2024-08-09,Pendle,Base,10.8,USDC,81315013,1.3,4.87
2024-08-09,Pendle,Base,11.28,USDT,90236182,1.37,4.78
2024-08-09,Pendle,Base,9.59,DAI,86733563,1.6,3.35
2024-08-09,Convex,Ethereum,4.91,USDT,174697485,12.88,0
2024-08-09,Convex,Ethereum,5.95,DAI,170474338,17.39,0
2024-08-09,Balancer,Ethereum,5.14,USDC,134864189,22.05,0
2024-08-09,Balancer,Ethereum,6.88,USDT,127661939,22.12,0
2024-08-09,Balancer,Arbitrum,7.71,USDC,128354744,2.54,5.48
2024-08-09,Balancer,Arbitrum,7.43,USDT,124176045,2.39,5.67
2024-08-09,Balancer,Arbitrum,7.94,DAI,126933372,1.97,4.6
2024-08-09,Balancer,Optimism,7.2,USDC,123849097,1.69,3.42
2024-08-09,Balancer,Optimism,7.07,USDT,130410818,1.89,5.51
2024-08-09,Balancer,Optimism,7.67,DAI,130787511,1.3,4.55
2024-08-09,Balancer,Polygon,9.03,USDT,127276724,0.89,3.45
2024-08-09,Balancer,Polygon,7.85,DAI,131075519,1.0,2.4
2024-08-09,Balancer,Base,8.12,USDC,121696712,1.59,4.04
2024-08-09,Balancer,Base,8.11,USDT,122648465,1.14,3.9
2024-08-09,Balancer,Base,7.53,DAI,128772373,1.76,3.07
2024-08-10,Aave,Ethereum,2.82,USDC,305446761,13.33,0
2024-08-10,Aave,Ethereum,2.93,USDT,307149248,11.72,0
2024-08-10,Aave,Ethereum,2.97,DAI,271085351,12.03,0
2024-08-10,Aave,Arbitrum,3.95,USDC,289621436,1.83,4.08
2024-08-10,Aave,Arbitrum,3.4,USDT,297781849,2.17,4.67
2024-08-10,Aave,Arbitrum,3.27,DAI,277669411,1.68,4.97
2024-08-10,Aave,Optimism,3.8,USDC,291435880,1.06,4.77
2024-08-10,Aave,Optimism,3.26,DAI,304804233,1.14,2.67
2024-08-10,Aave,Polygon,4.25,USDC,303786353,0.37,2.44
2024-08-10,Aave,Polygon,3.7,USDT,291074234,0.63,2.13
2024-08-10,Aave,Polygon,3.45,DAI,296196628,0.49,3.36
2024-08-10,Aave,Base,3.67,DAI,284548355,0.69,4.36
2024-08-10,Compound,Ethereum,2.73,USDC,204847761,12.36,0
2024-08-10,Compound,Ethereum,2.98,USDT,200037252,12.54,0
2024-08-10,Compound,Ethereum,2.88,DAI,203020025,11.59,0
2024-08-10,Compound,Arbitrum,3.67,USDC,229926587,1.87,5.23
2024-08-10,Compound,Arbitrum,3.25,USDT,215686653,1.4,5.1
2024-08-10,Compound,Arbitrum,3.37,DAI,207697007,1.71,4.57
2024-08-10,Compound,Optimism,3.2,USDC,209295360,1.34,4.5
2024-08-10,Compound,Optimism,3.36,USDT,201859609,1.35,2.74
2024-08-10,Compound,Optimism,3.51,DAI,202821748,1.21,4.25
2024-08-10,Compound,Polygon,3.42,USDC,225415961,0.78,3.26
2024-08-10,Compound,Polygon,3.72,DAI,216855558,0.68,3.77
2024-08-10,Compound,Base,3.35,USDT,200481354,0.89,4.23
2024-08-10,Compound,Base,3.21,DAI,218586231,0.77,3.88
2024-08-10,Curve,Ethereum,6.96,USDC,381335917,10.7,0
2024-08-10,Curve,Ethereum,5.06,DAI,343733517,10.8,0
2024-08-10,Curve,Arbitrum,6.82,USDC,370434641,1.81,4.96
2024-08-10,Curve,Arbitrum,7.29,DAI,366446842,1.77,5.85
2024-08-10,Curve,Optimism,6.83,USDT,375137775,0.86,5.34
2024-08-10,Curve,Optimism,5.36,DAI,400160533,1.14,3.93
2024-08-10,Curve,Polygon,6.5,USDC,378869320,0.81,2.83
2024-08-10,Curve,Polygon,6.68,DAI,413385390,0.86,2.87
2024-08-10,Curve,Base,7.23,USDC,389842050,1.03,2.82
2024-08-10,Curve,Base,6.48,USDT,380754393,0.92,5.25
2024-08-10,Curve,Base,7.05,DAI,366989839,1.17,3.88
2024-08-10,Uniswap V3,Ethereum,5.56,USDC,113177612,13.38,0
2024-08-10,Uniswap V3,Ethereum,5.99,USDT,111528710,12.42,0
2024-08-10,Uniswap V3,Ethereum,6.93,DAI,110739104,11.84,0
2024-08-10,Uniswap V3,Arbitrum,8.03,USDC,106017214,1.47,5.22
2024-08-10,Uniswap V3,Arbitrum,8.01,USDT,108749605,1.41,4.34
2024-08-10,Uniswap V3,Arbitrum,7.98,DAI,114233875,2.08,6.25
2024-08-10,Uniswap V3,Optimism,7.58,USDC,102000460,1.2,3.98
2024-08-10,Uniswap V3,Optimism,5.11,USDT,118140294,1.09,3.31
2024-08-10,Uniswap V3,Optimism,7.27,DAI,112150373,1.37,4.7
2024-08-10,Uniswap V3,Polygon,9.01,USDC,115241070,0.77,2.77
2024-08-10,Uniswap V3,Polygon,8.66,USDT,116753415,0.52,3.24
2024-08-10,Uniswap V3,Polygon,7.87,DAI,108443557,0.59,3.61
2024-08-10,Uniswap V3,Base,8.52,USDC,116984258,0.95,4.36
2024-08-10,Uniswap V3,Base,8.1,USDT,112887635,0.91,4.85
2024-08-10,Uniswap V3,Base,7.0,DAI,112613810,0.86,2.44
2024-08-10,Yearn,Ethereum,3.46,USDC,145834147,13.25,0
2024-08-10,Yearn,Ethereum,3.46,USDT,142621493,13.94,0
2024-08-10,Yearn,Ethereum,3.73,DAI,143503988,12.33,0
2024-08-10,Yearn,Arbitrum,4.31,USDC,150684240,1.95,4.56
2024-08-10,Yearn,Arbitrum,4.41,DAI,142805182,1.34,3.46
2024-08-10,Yearn,Optimism,4.46,USDC,134054535,0.94,3.34
2024-08-10,Yearn,Optimism,4.25,USDT,146556663,1.03,3.97
2024-08-10,Yearn,Optimism,4.05,DAI,149624684,1.35,5.44
2024-08-10,Yearn,Polygon,5.07,USDC,141501345,0.53,3.07
2024-08-10,Yearn,Polygon,4.06,USDT,139042437,0.79,2.95
2024-08-10,Yearn,Base,4.47,USDT,151905386,1.03,3.76
2024-08-10,Yearn,Base,4.16,DAI,147101653,1.2,5.16
2024-08-10,Pendle,Ethereum,9.33,USDC,83559161,15.15,0
2024-08-10,Pendle,Ethereum,8.34,USDT,84783484,16.56,0
2024-08-10,Pendle,Ethereum,9.0,DAI,89096054,9.82,0
2024-08-10,Pendle,Arbitrum,10.76,USDC,88181051,1.67,4.29
2024-08-10,Pendle,Arbitrum,12.98,USDT,91586999,1.45,7.32
2024-08-10,Pendle,Arbitrum,11.8,DAI,82517382,1.86,4.46
2024-08-10,Pendle,Optimism,6.79,USDC,84863638,1.36,4.86
2024-08-10,Pendle,Optimism,9.93,USDT,83059778,0.89,3.35
2024-08-10,Pendle,Base,7.75,USDT,80961447,0.89,5.16
2024-08-10,Pendle,Base,9.54,DAI,91701860,1.08,3.23
2024-08-10,Convex,Ethereum,4.6,USDC,177427676,10.77,0
2024-08-10,Convex,Ethereum,5.03,USDT,185745916,12.01,0
2024-08-10,Balancer,Ethereum,6.9,USDT,132975717,14.74,0
2024-08-10,Balancer,Ethereum,6.53,DAI,122878596,13.68,0
2024-08-10,Balancer,Arbitrum,7.06,USDC,132453111,1.48,4.25
2024-08-10,Balancer,Arbitrum,6.35,DAI,125550282,1.84,5.85
2024-08-10,Balancer,Optimism,7.31,USDC,126444219,1.29,4.57
2024-08-10,Balancer,Optimism,7.17,USDT,132095937,1.72,4.19
2024-08-10,Balancer,Optimism,6.95,DAI,144280786,1.24,5.23
2024-08-10,Balancer,Polygon,7.84,USDC,124146469,0.81,4.11
2024-08-10,Balancer,Polygon,7.64,USDT,131997961,0.69,2.97
2024-08-10,Balancer,Polygon,8.38,DAI,131935876,0.57,2.75
2024-08-10,Balancer,Base,8.33,USDC,122378539,0.98,3.69
2024-08-10,Balancer,Base,7.53,USDT,123502030,0.88,4.34
2024-08-10,Balancer,Base,6.89,DAI,130718210,1.03,4.46
2024-08-11,Aave,Ethereum,2.97,USDC,294065874,15.02,0
2024-08-11,Aave,Ethereum,3.14,DAI,280733777,9.14,0
2024-08-11,Aave,Arbitrum,3.59,USDC,291364345,1.47,4.63
2024-08-11,Aave,Arbitrum,3.82,USDT,281975681,1.54,5.29
2024-08-11,Aave,Arbitrum,3.45,DAI,293599120,1.38,3.84
2024-08-11,Aave,Optimism,3.28,USDT,271469146,0.94,4.6
2024-08-11,Aave,Optimism,3.61,DAI,276539907,1.02,3.54
2024-08-11,Aave,Polygon,3.7,USDC,289599026,0.65,1.74
2024-08-11,Aave,Polygon,3.54,USDT,306225484,0.77,2.6
2024-08-11,Aave,Base,3.95,USDC,301927195,0.93,3.46
2024-08-11,Aave,Base,3.75,USDT,287462138,1.0,4.76
2024-08-11,Compound,Ethereum,2.6,USDC,210826999,13.96,0
2024-08-11,Compound,Ethereum,2.74,USDT,210122805,12.46,0
2024-08-11,Compound,Ethereum,2.96,DAI,208914191,11.12,0
2024-08-11,Compound,Arbitrum,3.6,USDC,203463592,1.71,3.15
2024-08-11,Compound,Arbitrum,3.07,USDT,217178306,1.9,4.16
2024-08-11,Compound,Arbitrum,3.23,DAI,210195355,1.33,4.46
2024-08-11,Compound,Optimism,3.33,USDC,190586451,1.35,3.15
2024-08-11,Compound,Optimism,3.29,USDT,223796296,1.06,4.8
2024-08-11,Compound,Optimism,3.5,DAI,202453819,1.16,3.0
2024-08-11,Compound,Polygon,3.69,USDT,209789174,0.61,2.83
2024-08-11,Compound,Base,3.22,USDC,220140801,0.89,4.22
2024-08-11,Compound,Base,3.15,USDT,208451737,1.03,3.3
2024-08-11,Compound,Base,3.19,DAI,206119849,0.87,3.2
2024-08-11,Curve,Ethereum,5.2,USDC,363548041,10.98,0
2024-08-11,Curve,Ethereum,5.51,USDT,393773903,10.66,0
2024-08-11,Curve,Arbitrum,7.56,USDC,378028818,1.41,5.93
2024-08-11,Curve,Arbitrum,7.29,USDT,348849650,1.46,2.18
2024-08-11,Curve,Arbitrum,6.26,DAI,369355406,1.64,5.46
2024-08-11,Curve,Optimism,7.6,USDC,359233675,1.59,4.22
2024-08-11,Curve,Optimism,5.93,USDT,400845665,1.25,5.4
2024-08-11,Curve,Optimism,6.42,DAI,369293417,0.67,5.68
2024-08-11,Curve,Polygon,6.81,USDC,381759963,0.65,2.17
2024-08-11,Curve,Polygon,6.86,DAI,390807338,0.69,4.33
2024-08-11,Curve,Base,8.92,USDC,375082918,0.95,4.42
2024-08-11,Curve,Base,6.5,USDT,391283501,1.22,4.48
2024-08-11,Curve,Base,8.41,DAI,365827218,1.04,4.31
2024-08-11,Uniswap V3,Ethereum,6.66,USDC,108198563,11.48,0
2024-08-11,Uniswap V3,Ethereum,5.32,USDT,116669511,9.87,0
2024-08-11,Uniswap V3,Ethereum,6.9,DAI,108834597,11.75,0
2024-08-11,Uniswap V3,Arbitrum,8.25,USDC,108283468,0.89,5.33
2024-08-11,Uniswap V3,Arbitrum,9.51,USDT,119046670,1.83,5.14
2024-08-11,Uniswap V3,Arbitrum,7.22,DAI,110924218,1.88,4.68
2024-08-11,Uniswap V3,Optimism,6.99,USDC,101780220,1.36,5.43
2024-08-11,Uniswap V3,Optimism,7.93,USDT,112131333,0.99,4.77
2024-08-11,Uniswap V3,Optimism,6.19,DAI,105889181,1.4,3.57
2024-08-11,Uniswap V3,Polygon,9.87,USDC,111228725,0.53,2.5
2024-08-11,Uniswap V3,Polygon,8.27,USDT,112037268,0.76,2.8
2024-08-11,Uniswap V3,Polygon,8.46,DAI,113416862,0.63,2.65
2024-08-11,Uniswap V3,Base,6.19,USDT,108402486,0.98,4.26
2024-08-11,Yearn,Ethereum,3.69,USDC,142889844,9.45,0
2024-08-11,Yearn,Ethereum,3.62,USDT,149335874,12.71,0
2024-08-11,Yearn,Ethereum,3.69,DAI,135201700,13.48,0
2024-08-11,Yearn,Arbitrum,4.57,USDC,140737970,1.64,5.4
2024-08-11,Yearn,Arbitrum,4.62,USDT,139328002,1.59,3.99
2024-08-11,Yearn,Arbitrum,4.75,DAI,141368386,1.61,3.99
2024-08-11,Yearn,Optimism,4.42,USDC,130011618,1.44,3.29
2024-08-11,Yearn,Optimism,4.12,USDT,136315307,0.95,5.88
2024-08-11,Yearn,Optimism,3.82,DAI,136876045,1.26,3.71
2024-08-11,Yearn,Polygon,4.88,USDC,135064063,0.56,2.18
2024-08-11,Yearn,Polygon,4.76,USDT,128309399,0.63,3.82
2024-08-11,Yearn,Polygon,4.94,DAI,130191524,0.72,2.61
2024-08-11,Yearn,Base,4.57,USDC,151874758,1.15,3.62
2024-08-11,Yearn,Base,4.13,USDT,133927094,0.83,4.19
2024-08-11,Yearn,Base,4.15,DAI,139287139,1.15,2.7
2024-08-11,Pendle,Ethereum,9.42,USDC,92156022,8.58,0
2024-08-11,Pendle,Ethereum,7.68,USDT,90681613,10.43,0
2024-08-11,Pendle,Ethereum,8.85,DAI,86245515,9.92,0
2024-08-11,Pendle,Arbitrum,9.64,USDT,87718155,1.57,4.61
2024-08-11,Pendle,Arbitrum,8.39,DAI,90237094,1.57,5.94
2024-08-11,Pendle,Optimism,11.01,USDC,88097886,1.38,3.62
2024-08-11,Pendle,Optimism,11.13,USDT,90326108,1.09,4.34
2024-08-11,Pendle,Optimism,8.26,DAI,92458130,1.2,4.82
2024-08-11,Pendle,Base,10.4,USDC,85779828,0.8,3.27
2024-08-11,Pendle,Base,12.16,USDT,85155020,0.94,4.01
2024-08-11,Pendle,Base,8.89,DAI,95505029,1.02,4.42
2024-08-11,Convex,Ethereum,4.95,USDC,167201716,10.6,0
2024-08-11,Convex,Ethereum,5.71,DAI,178412815,10.15,0
2024-08-11,Balancer,Ethereum,6.55,USDC,134476623,11.7,0
2024-08-11,Balancer,Ethereum,6.63,USDT,130536836,14.97,0
2024-08-11,Balancer,Ethereum,6.15,DAI,131365524,11.22,0
2024-08-11,Balancer,Arbitrum,6.81,USDC,123309385,2.13,5.74
2024-08-11,Balancer,Arbitrum,7.59,USDT,112577086,1.5,4.65
2024-08-11,Balancer,Arbitrum,8.43,DAI,122770318,1.55,4.99
2024-08-11,Balancer,Optimism,7.67,USDC,130634677,0.9,4.4
2024-08-11,Balancer,Optimism,6.55,DAI,123275780,1.3,4.25
2024-08-11,Balancer,Polygon,8.58,USDC,115454881,0.65,3.2
2024-08-11,Balancer,Polygon,7.79,USDT,124139649,0.39,2.51
2024-08-11,Balancer,Base,8.36,USDC,120903269,1.0,5.03
2024-08-11,Balancer,Base,7.16,DAI,128910356,1.0,3.19
2024-08-12,Aave,Ethereum,3.36,USDC,286679432,18.36,0
2024-08-12,Aave,Ethereum,2.71,USDT,275286949,17.28,0
2024-08-12,Aave,Arbitrum,3.57,USDC,294300739,2.37,4.99
2024-08-12,Aave,Arbitrum,3.5,USDT,287139194,2.09,6.11
2024-08-12,Aave,Arbitrum,3.26,DAI,285528797,2.21,4.0
2024-08-12,Aave,Optimism,3.31,USDC,276366034,2.24,4.03
2024-08-12,Aave,Optimism,3.64,USDT,294001819,2.07,3.18
2024-08-12,Aave,Optimism,3.46,DAI,297809258,2.2,3.07
2024-08-12,Aave,Polygon,3.93,USDC,297031932,0.97,3.18
2024-08-12,Aave,Polygon,3.42,USDT,273903772,1.03,3.37
2024-08-12,Aave,Polygon,3.54,DAI,282640819,1.01,2.75
2024-08-12,Aave,Base,3.66,USDC,309743759,1.27,3.58
2024-08-12,Aave,Base,3.38,USDT,280127686,1.52,3.39
2024-08-12,Aave,Base,3.1,DAI,279291814,1.5,5.32
2024-08-12,Compound,Ethereum,3.08,USDC,215765508,15.98,0
2024-08-12,Compound,Ethereum,2.93,USDT,193601924,18.46,0
2024-08-12,Compound,Ethereum,2.86,DAI,211799876,17.55,0
2024-08-12,Compound,Arbitrum,3.44,USDC,205893074,2.72,5.35
2024-08-12,Compound,Arbitrum,3.67,USDT,203620339,1.61,6.24
2024-08-12,Compound,Arbitrum,2.8,DAI,191575131,1.48,2.81
2024-08-12,Compound,Optimism,3.38,USDC,214638257,1.54,3.68
2024-08-12,Compound,Optimism,3.51,USDT,207109863,1.88,5.59
2024-08-12,Compound,Optimism,3.45,DAI,205078220,1.7,4.74
2024-08-12,Compound,Polygon,3.78,USDC,207272683,0.87,4.17
2024-08-12,Compound,Polygon,3.57,USDT,211372685,1.01,3.0
2024-08-12,Compound,Polygon,3.53,DAI,203003473,1.0,2.45
2024-08-12,Compound,Base,2.97,USDC,202542660,1.3,3.85
2024-08-12,Compound,Base,3.51,USDT,213987597,0.82,4.57
2024-08-12,Compound,Base,3.51,DAI,212732851,1.69,4.46
2024-08-12,Curve,Ethereum,6.98,USDC,357431471,15.26,0
2024-08-12,Curve,Ethereum,4.89,USDT,391535357,14.98,0
2024-08-12,Curve,Ethereum,5.76,DAI,387849114,20.85,0
2024-08-12,Curve,Arbitrum,7.59,USDC,365394285,2.51,5.17
2024-08-12,Curve,Arbitrum,5.31,USDT,371136640,2.66,5.38
2024-08-12,Curve,Arbitrum,7.07,DAI,355130545,2.13,6.35
2024-08-12,Curve,Optimism,7.12,USDC,374682679,1.86,5.13
2024-08-12,Curve,Optimism,5.62,USDT,380843155,1.82,3.22
2024-08-12,Curve,Polygon,9.26,USDC,354548157,0.91,3.29
2024-08-12,Curve,Polygon,8.06,USDT,378405061,0.88,1.52
2024-08-12,Curve,Polygon,7.28,DAI,360274913,0.94,2.14
2024-08-12,Curve,Base,6.84,DAI,379556525,1.53,2.3
2024-08-12,Uniswap V3,Ethereum,5.59,USDC,106627237,17.89,0
2024-08-12,Uniswap V3,Ethereum,6.41,USDT,105711945,16.37,0
2024-08-12,Uniswap V3,Ethereum,8.47,DAI,111115498,15.85,0
2024-08-12,Uniswap V3,Arbitrum,8.49,USDC,107145649,1.65,4.78
2024-08-12,Uniswap V3,Arbitrum,7.16,USDT,116687926,2.58,6.18
2024-08-12,Uniswap V3,Arbitrum,5.92,DAI,113668099,2.86,5.04
2024-08-12,Uniswap V3,Optimism,8.05,USDC,111503509,1.51,5.09
2024-08-12,Uniswap V3,Optimism,8.18,USDT,106502294,1.8,2.08
2024-08-12,Uniswap V3,Polygon,7.45,USDC,111851221,1.03,2.49
2024-08-12,Uniswap V3,Polygon,8.01,USDT,107899831,0.73,3.89
2024-08-12,Uniswap V3,Polygon,7.11,DAI,110260545,0.8,3.11
2024-08-12,Uniswap V3,Base,8.17,USDC,104823450,1.32,4.09
2024-08-12,Uniswap V3,Base,7.73,USDT,104571807,1.44,3.36
2024-08-12,Uniswap V3,Base,8.67,DAI,113062895,1.26,4.47
2024-08-12,Yearn,Ethereum,3.6,USDC,131829515,19.89,0
2024-08-12,Yearn,Ethereum,3.58,USDT,134522530,17.15,0
2024-08-12,Yearn,Arbitrum,4.18,USDT,132457299,2.88,4.96
2024-08-12,Yearn,Arbitrum,4.57,DAI,137924607,2.4,5.9
2024-08-12,Yearn,Optimism,4.35,USDC,131440036,1.31,3.39
2024-08-12,Yearn,Optimism,3.96,USDT,154243670,2.25,2.9
2024-08-12,Yearn,Optimism,4.46,DAI,140430435,1.6,5.03
2024-08-12,Yearn,Polygon,4.78,USDC,117485472,1.06,2.85
2024-08-12,Yearn,Polygon,4.75,DAI,136183606,1.03,3.52
2024-08-12,Yearn,Base,4.51,USDC,125269452,1.66,3.25
2024-08-12,Yearn,Base,4.15,USDT,135335879,1.3,5.91
2024-08-12,Yearn,Base,4.37,DAI,135571772,1.72,4.8
2024-08-12,Pendle,Ethereum,7.95,USDC,85874725,19.55,0
2024-08-12,Pendle,Ethereum,9.53,USDT,77679560,17.88,0
2024-08-12,Pendle,Ethereum,9.67,DAI,85996359,19.0,0
2024-08-12,Pendle,Arbitrum,8.68,USDC,83950532,2.99,4.47
2024-08-12,Pendle,Arbitrum,11.37,DAI,83226008,3.04,4.58
2024-08-12,Pendle,Optimism,9.6,USDC,81780295,1.82,4.65
2024-08-12,Pendle,Optimism,9.7,USDT,81557556,1.28,4.75
2024-08-12,Pendle,Optimism,9.39,DAI,86202942,1.79,4.91
2024-08-12,Pendle,Base,10.05,USDC,88404339,1.8,5.02
2024-08-12,Pendle,Base,9.5,USDT,87243003,1.74,3.17
2024-08-12,Convex,Ethereum,5.22,USDC,172051226,14.74,0
2024-08-12,Convex,Ethereum,5.44,USDT,180799821,17.27,0
2024-08-12,Convex,Ethereum,5.85,DAI,169179258,17.14,0
2024-08-12,Balancer,Ethereum,6.34,USDC,124586008,18.2,0
2024-08-12,Balancer,Ethereum,5.93,USDT,123289232,22.34,0
2024-08-12,Balancer,Ethereum,6.89,DAI,125154847,19.32,0
2024-08-12,Balancer,Arbitrum,7.8,USDC,134245552,2.93,3.39
2024-08-12,Balancer,Arbitrum,8.0,USDT,124339135,1.66,6.12
2024-08-12,Balancer,Arbitrum,7.6,DAI,121682335,2.24,4.95
2024-08-12,Balancer,Optimism,6.93,USDC,124374139,1.72,5.68
2024-08-12,Balancer,Optimism,6.97,USDT,125133619,1.7,4.03
2024-08-12,Balancer,Optimism,7.24,DAI,122574515,1.61,3.39
2024-08-12,Balancer,Polygon,7.72,USDT,125809803,1.05,2.98
2024-08-12,Balancer,Polygon,6.78,DAI,131484870,1.1,2.94
2024-08-12,Balancer,Base,7.03,USDC,124775107,1.37,4.04
2024-08-12,Balancer,Base,7.11,USDT,132737148,1.18,4.48
2024-08-12,Balancer,Base,8.67,DAI,128517700,0.76,4.73
2024-08-13,Aave,Ethereum,2.93,USDC,285571064,15.54,0
2024-08-13,Aave,Ethereum,2.92,USDT,277346714,19.32,0
2024-08-13,Aave,Arbitrum,3.45,USDC,254198007,1.98,4.36
2024-08-13,Aave,Arbitrum,3.68,USDT,266129198,2.31,5.86
2024-08-13,Aave,Optimism,3.85,USDC,272601618,1.67,4.87
2024-08-13,Aave,Optimism,3.55,USDT,297198503,1.79,3.93
2024-08-13,Aave,Optimism,3.89,DAI,292105119,2.06,4.1
2024-08-13,Aave,Polygon,3.88,USDC,291342478,0.89,3.35
2024-08-13,Aave,Polygon,4.02,USDT,277684901,1.0,2.2
2024-08-13,Aave,Base,4.23,USDC,272532915,1.8,3.79
2024-08-13,Aave,Base,3.75,USDT,281421058,1.31,2.44
2024-08-13,Aave,Base,4.01,DAI,266645229,1.37,3.22
2024-08-13,Compound,Ethereum,2.71,USDC,199759157,22.75,0
2024-08-13,Compound,Ethereum,3.16,USDT,196527735,20.84,0
2024-08-13,Compound,Arbitrum,3.42,USDC,197688592,2.59,5.7
2024-08-13,Compound,Arbitrum,3.13,USDT,200177801,2.65,4.02
2024-08-13,Compound,Arbitrum,3.65,DAI,204268663,1.94,4.69
2024-08-13,Compound,Optimism,3.58,USDT,196321885,1.75,3.89
2024-08-13,Compound,Optimism,3.3,DAI,193731547,1.44,4.32
2024-08-13,Compound,Polygon,3.99,USDT,207191865,1.06,3.0
2024-08-13,Compound,Polygon,3.7,DAI,209782734,1.2,2.32
2024-08-13,Compound,Base,3.58,USDC,212420323,1.7,3.81
2024-08-13,Compound,Base,3.48,USDT,206130632,1.0,3.92
2024-08-13,Compound,Base,3.92,DAI,206510388,1.35,5.05
2024-08-13,Curve,Ethereum,6.32,USDC,371513979,15.12,0
2024-08-13,Curve,Ethereum,6.4,USDT,361378828,15.16,0
2024-08-13,Curve,Arbitrum,5.9,USDC,326918928,1.75,5.26
2024-08-13,Curve,Arbitrum,6.72,USDT,344737715,2.23,5.5
2024-08-13,Curve,Arbitrum,7.72,DAI,355782864,3.18,5.12
2024-08-13,Curve,Optimism,5.89,USDC,355687898,1.21,4.51
2024-08-13,Curve,Optimism,6.43,USDT,350927402,1.88,4.45
2024-08-13,Curve,Polygon,7.95,USDC,350270163,0.86,3.12
2024-08-13,Curve,Polygon,9.44,USDT,383854946,0.99,3.22
2024-08-13,Curve,Polygon,7.27,DAI,322483859,1.08,2.88
2024-08-13,Curve,Base,6.1,USDT,350756910,1.82,2.65
2024-08-13,Uniswap V3,Ethereum,6.26,USDC,101970095,21.94,0
2024-08-13,Uniswap V3,Ethereum,5.02,USDT,102325058,14.16,0
2024-08-13,Uniswap V3,Ethereum,7.18,DAI,106841886,14.29,0
2024-08-13,Uniswap V3,Arbitrum,6.55,USDC,100725423,2.15,5.7
2024-08-13,Uniswap V3,Arbitrum,8.18,USDT,102154328,2.75,2.8
2024-08-13,Uniswap V3,Arbitrum,8.11,DAI,105686877,2.56,2.85
2024-08-13,Uniswap V3,Optimism,6.55,USDC,107806390,1.66,4.36
2024-08-13,Uniswap V3,Optimism,7.37,USDT,108824325,1.71,4.54
2024-08-13,Uniswap V3,Optimism,5.9,DAI,107235620,1.2,4.96
2024-08-13,Uniswap V3,Polygon,9.52,USDC,103312310,0.73,3.01
2024-08-13,Uniswap V3,Polygon,9.49,USDT,98540009,0.92,2.4
2024-08-13,Uniswap V3,Polygon,8.72,DAI,106025402,1.08,1.85
2024-08-13,Uniswap V3,Base,8.28,USDC,105894666,1.16,4.74
2024-08-13,Uniswap V3,Base,7.95,USDT,105889430,1.05,3.8
2024-08-13,Uniswap V3,Base,7.67,DAI,104270065,1.19,4.28
2024-08-13,Yearn,Ethereum,3.93,USDT,135464501,20.96,0
2024-08-13,Yearn,Ethereum,3.76,DAI,136772631,14.53,0
2024-08-13,Yearn,Arbitrum,4.54,USDC,125856685,1.88,3.33
2024-08-13,Yearn,Arbitrum,4.86,USDT,137237232,2.18,4.97
2024-08-13,Yearn,Arbitrum,5.26,DAI,123593542,2.24,3.61
2024-08-13,Yearn,Optimism,4.48,USDC,145934214,1.43,2.97
2024-08-13,Yearn,Optimism,4.32,USDT,143688671,2.02,5.74
2024-08-13,Yearn,Optimism,4.14,DAI,132224794,1.74,4.14
2024-08-13,Yearn,Polygon,4.66,USDC,127066221,1.21,2.44
2024-08-13,Yearn,Polygon,4.96,DAI,129059709,0.84,2.14
2024-08-13,Yearn,Base,4.77,USDC,141880829,1.81,2.93
2024-08-13,Yearn,Base,4.39,USDT,130428944,1.43,4.41
2024-08-13,Yearn,Base,4.4,DAI,122516966,1.42,4.57
2024-08-13,Pendle,Ethereum,9.07,USDC,81493953,19.02,0
2024-08-13,Pendle,Ethereum,9.17,USDT,82915726,17.67,0
2024-08-13,Pendle,Ethereum,8.82,DAI,90401087,10.06,0
2024-08-13,Pendle,Arbitrum,9.21,USDC,78512544,2.81,6.96
2024-08-13,Pendle,Arbitrum,11.11,USDT,78890989,3.02,4.57
2024-08-13,Pendle,Arbitrum,10.69,DAI,78983292,1.88,6.63
2024-08-13,Pendle,Optimism,11.14,USDC,82656565,1.26,2.81
2024-08-13,Pendle,Optimism,8.68,USDT,82483722,1.4,1.58
2024-08-13,Pendle,Optimism,11.64,DAI,85527530,1.85,4.86
2024-08-13,Pendle,Base,11.44,USDT,84716920,1.13,4.02
2024-08-13,Pendle,Base,10.1,DAI,90786109,1.1,3.65
2024-08-13,Convex,Ethereum,5.92,USDC,160845197,17.4,0
2024-08-13,Convex,Ethereum,5.45,USDT,168289326,21.43,0
2024-08-13,Convex,Ethereum,4.99,DAI,169411510,16.82,0
2024-08-13,Balancer,Ethereum,6.63,USDC,120411920,15.05,0
2024-08-13,Balancer,Ethereum,7.1,DAI,123934275,16.43,0
2024-08-13,Balancer,Arbitrum,8.45,USDT,123247685,3.15,4.53
2024-08-13,Balancer,Arbitrum,7.07,DAI,133085883,2.54,6.12
2024-08-13,Balancer,Optimism,7.58,USDC,117527970,1.48,4.89
2024-08-13,Balancer,Optimism,6.55,USDT,123721799,1.61,2.82
2024-08-13,Balancer,Optimism,7.32,DAI,115236234,1.78,4.21
2024-08-13,Balancer,Polygon,9.45,USDC,120453531,0.92,3.22
2024-08-13,Balancer,Polygon,7.26,USDT,111377944,1.09,2.81
2024-08-13,Balancer,Polygon,8.44,DAI,129205434,0.91,3.45
2024-08-13,Balancer,Base,7.12,USDC,126543920,1.44,4.85
2024-08-13,Balancer,Base,8.19,USDT,119519148,1.49,4.68
2024-08-13,Balancer,Base,7.52,DAI,122659527,1.7,3.11
2024-08-14,Aave,Ethereum,3.02,USDC,273457000,13.34,0
2024-08-14,Aave,Ethereum,3.01,USDT,248203844,21.49,0
2024-08-14,Aave,Ethereum,3.22,DAI,261181740,24.94,0
2024-08-14,Aave,Arbitrum,3.8,USDC,284135069,2.15,6.27
2024-08-14,Aave,Arbitrum,3.65,USDT,273972619,1.99,3.77
2024-08-14,Aave,Optimism,4.14,USDC,272418884,1.6,3.21
2024-08-14,Aave,Optimism,3.63,USDT,264226832,1.24,4.3
2024-08-14,Aave,Optimism,3.41,DAI,274160329,1.86,3.02
2024-08-14,Aave,Polygon,4.0,USDC,283225863,0.95,3.02
2024-08-14,Aave,Polygon,4.6,USDT,255691031,1.08,2.91
2024-08-14,Aave,Polygon,4.38,DAI,245229850,1.15,2.94
2024-08-14,Aave,Base,3.45,USDC,293026075,0.79,3.55
2024-08-14,Aave,Base,3.8,USDT,263331322,1.55,4.18
2024-08-14,Aave,Base,3.74,DAI,300330176,1.5,3.38
2024-08-14,Compound,Ethereum,2.59,USDC,199952074,16.21,0
2024-08-14,Compound,Ethereum,2.64,USDT,192725130,21.35,0
2024-08-14,Compound,Arbitrum,3.26,USDC,200204859,1.77,5.36
2024-08-14,Compound,Arbitrum,3.63,USDT,215835379,2.09,4.2
2024-08-14,Compound,Arbitrum,3.44,DAI,201910824,2.65,6.31
2024-08-14,Compound,Optimism,3.37,USDC,205335228,1.54,5.3
2024-08-14,Compound,Optimism,3.12,USDT,198621464,1.62,3.21
2024-08-14,Compound,Optimism,3.86,DAI,190897773,1.2,3.17
2024-08-14,Compound,Polygon,3.45,USDC,201879698,1.03,3.28
2024-08-14,Compound,Polygon,3.54,USDT,196429916,1.1,2.82
2024-08-14,Compound,Polygon,3.66,DAI,207374982,0.92,2.6
2024-08-14,Compound,Base,3.26,USDC,205205280,1.32,2.8
2024-08-14,Compound,Base,3.35,USDT,192398835,1.36,4.56
2024-08-14,Compound,Base,3.25,DAI,200957725,1.44,3.64
2024-08-14,Curve,Ethereum,6.19,USDC,338593941,21.65,0
2024-08-14,Curve,Ethereum,6.23,USDT,355944506,15.38,0
2024-08-14,Curve,Arbitrum,8.49,USDC,351848810,2.93,5.73
2024-08-14,Curve,Arbitrum,8.36,USDT,354723725,1.92,6.44
2024-08-14,Curve,Arbitrum,6.83,DAI,355568265,1.73,5.26
2024-08-14,Curve,Optimism,6.95,USDC,363801042,1.74,4.47
2024-08-14,Curve,Optimism,7.39,USDT,338113644,1.81,4.93
2024-08-14,Curve,Optimism,6.77,DAI,357500637,1.05,3.88
2024-08-14,Curve,Polygon,7.5,USDC,354080142,1.03,2.61
2024-08-14,Curve,Polygon,8.28,USDT,368230320,0.85,3.57
2024-08-14,Curve,Polygon,7.58,DAI,363361361,1.2,2.48
2024-08-14,Curve,Base,6.89,USDT,379085905,1.12,4.09
2024-08-14,Uniswap V3,Ethereum,7.36,USDC,96370101,14.08,0
2024-08-14,Uniswap V3,Ethereum,6.32,USDT,102712917,15.63,0
2024-08-14,Uniswap V3,Ethereum,6.19,DAI,115251631,19.32,0
2024-08-14,Uniswap V3,Arbitrum,9.45,USDC,101116917,1.82,4.13
2024-08-14,Uniswap V3,Arbitrum,7.81,USDT,100930444,2.94,6.28
2024-08-14,Uniswap V3,Arbitrum,9.41,DAI,108458429,2.61,4.58
2024-08-14,Uniswap V3,Optimism,7.66,USDC,109302401,1.64,2.88
2024-08-14,Uniswap V3,Optimism,7.83,USDT,107127252,1.7,4.33
2024-08-14,Uniswap V3,Optimism,7.08,DAI,110630944,1.78,4.94
2024-08-14,Uniswap V3,Polygon,6.56,USDC,104574978,0.9,3.5
2024-08-14,Uniswap V3,Polygon,7.43,USDT,114241077,0.99,2.13
2024-08-14,Uniswap V3,Polygon,6.64,DAI,103414526,1.22,3.25
2024-08-14,Uniswap V3,Base,8.16,USDC,105743078,1.45,5.56
2024-08-14,Uniswap V3,Base,7.54,USDT,106771831,1.26,3.07
2024-08-14,Yearn,Ethereum,3.75,USDC,125972453,18.15,0
2024-08-14,Yearn,Ethereum,3.78,USDT,136446654,19.17,0
2024-08-14,Yearn,Ethereum,3.8,DAI,135204200,18.43,0
2024-08-14,Yearn,Arbitrum,4.32,USDC,135974831,2.32,6.66
2024-08-14,Yearn,Arbitrum,4.78,USDT,138280400,1.87,6.77
2024-08-14,Yearn,Arbitrum,4.61,DAI,129392404,2.61,6.71
2024-08-14,Yearn,Optimism,4.73,USDT,136580460,2.46,3.91
2024-08-14,Yearn,Polygon,4.77,USDC,142692795,1.15,3.05
2024-08-14,Yearn,Polygon,4.81,USDT,140713393,0.92,2.9
2024-08-14,Yearn,Polygon,5.33,DAI,127861697,0.83,3.76
2024-08-14,Yearn,Base,4.42,USDC,127614377,1.53,3.93
2024-08-14,Yearn,Base,4.78,USDT,125295824,1.46,1.69
2024-08-14,Yearn,Base,4.41,DAI,127262111,1.54,3.18
2024-08-14,Pendle,Ethereum,8.06,USDC,82142878,15.67,0
2024-08-14,Pendle,Ethereum,8.69,USDT,84555411,18.18,0
2024-08-14,Pendle,Ethereum,9.38,DAI,89069768,14.36,0
2024-08-14,Pendle,Arbitrum,13.81,USDC,84204856,2.64,6.02
2024-08-14,Pendle,Arbitrum,10.65,USDT,78822529,2.43,5.0
2024-08-14,Pendle,Arbitrum,11.25,DAI,84224383,2.53,5.52
2024-08-14,Pendle,Optimism,8.72,USDC,81388897,2.02,3.83
2024-08-14,Pendle,Optimism,8.67,USDT,81523704,1.46,3.56
2024-08-14,Pendle,Optimism,9.7,DAI,84976855,1.66,3.08
2024-08-14,Pendle,Base,11.77,USDC,87773524,1.12,3.32
2024-08-14,Pendle,Base,9.45,USDT,77870462,1.83,4.79
2024-08-14,Pendle,Base,11.06,DAI,86485571,1.61,3.29
2024-08-14,Convex,Ethereum,4.55,USDC,166326638,16.0,0
2024-08-14,Convex,Ethereum,5.7,USDT,162427136,14.71,0
2024-08-14,Convex,Ethereum,5.82,DAI,161012357,14.29,0
2024-08-14,Balancer,Ethereum,6.29,USDC,124544238,18.93,0
2024-08-14,Balancer,Ethereum,6.07,USDT,129497011,20.92,0
2024-08-14,Balancer,Ethereum,7.09,DAI,122245880,19.7,0
2024-08-14,Balancer,Arbitrum,7.0,USDC,126857384,2.02,5.56
2024-08-14,Balancer,Arbitrum,6.34,USDT,119102196,2.83,5.71
2024-08-14,Balancer,Arbitrum,8.06,DAI,112132543,2.51,3.66
2024-08-14,Balancer,Optimism,6.68,USDC,129641803,1.78,4.11
2024-08-14,Balancer,Optimism,7.54,USDT,123034498,2.21,5.48
2024-08-14,Balancer,Polygon,8.56,USDC,122798822,0.97,2.53
2024-08-14,Balancer,Polygon,8.12,DAI,122259778,1.04,2.35
2024-08-14,Balancer,Base,7.21,USDC,114420870,1.68,3.59
2024-08-14,Balancer,Base,8.37,USDT,109785769,1.16,3.91
2024-08-15,Aave,Ethereum,2.95,USDT,259880655,18.1,0
2024-08-15,Aave,Ethereum,2.91,DAI,256140833,17.17,0
2024-08-15,Aave,Arbitrum,3.68,USDC,277197664,2.9,6.03
2024-08-15,Aave,Arbitrum,3.35,USDT,259757722,2.32,5.06
2024-08-15,Aave,Arbitrum,3.79,DAI,271805492,2.96,4.27
2024-08-15,Aave,Optimism,3.33,USDC,290999445,2.07,4.64
2024-08-15,Aave,Optimism,3.19,USDT,262014389,1.9,2.96
2024-08-15,Aave,Optimism,3.62,DAI,271009519,2.21,3.07
2024-08-15,Aave,Polygon,3.92,USDC,265597360,1.17,2.32
2024-08-15,Aave,Polygon,3.68,USDT,267271191,0.97,3.11
2024-08-15,Aave,Polygon,3.84,DAI,277945009,0.96,3.22
2024-08-15,Aave,Base,3.4,USDC,285500940,1.43,2.75
2024-08-15,Aave,Base,3.26,USDT,290801695,1.3,1.76
2024-08-15,Aave,Base,3.54,DAI,267873935,1.58,4.27
2024-08-15,Compound,Ethereum,2.79,USDC,197567949,13.41,0
2024-08-15,Compound,Ethereum,2.75,USDT,214673085,17.37,0
2024-08-15,Compound,Ethereum,2.76,DAI,188503933,19.25,0
2024-08-15,Compound,Arbitrum,3.33,USDC,198333978,2.93,3.73
2024-08-15,Compound,Arbitrum,3.34,DAI,205968755,2.06,4.94
2024-08-15,Compound,Optimism,2.5,USDC,192307582,2.04,3.68
2024-08-15,Compound,Optimism,2.84,USDT,185077237,1.46,4.84
2024-08-15,Compound,Optimism,3.3,DAI,213098878,1.71,4.22
2024-08-15,Compound,Polygon,3.59,USDC,192211151,0.94,1.75
2024-08-15,Compound,Polygon,3.62,DAI,198307680,0.9,3.04
2024-08-15,Compound,Base,3.48,USDC,179812100,1.58,4.32
2024-08-15,Compound,Base,3.29,USDT,193856780,1.75,3.69
2024-08-15,Compound,Base,2.93,DAI,191280816,1.44,3.71
2024-08-15,Curve,Ethereum,5.75,USDC,360268658,17.1,0
2024-08-15,Curve,Ethereum,5.16,USDT,344414216,23.54,0
2024-08-15,Curve,Ethereum,6.15,DAI,342370852,18.87,0
2024-08-15,Curve,Arbitrum,8.31,USDT,349985469,2.33,4.58
2024-08-15,Curve,Arbitrum,7.82,DAI,345666019,1.88,4.51
2024-08-15,Curve,Optimism,7.4,USDC,340882774,1.57,3.15
2024-08-15,Curve,Optimism,6.92,USDT,341502151,2.04,4.04
2024-08-15,Curve,Optimism,5.98,DAI,377625891,1.62,6.13
2024-08-15,Curve,Polygon,8.02,USDT,360428114,0.94,3.44
2024-08-15,Curve,Base,6.92,USDC,358026296,1.41,3.85
2024-08-15,Curve,Base,7.27,USDT,304066871,1.36,4.29
2024-08-15,Curve,Base,7.74,DAI,331555331,1.65,2.98
2024-08-15,Uniswap V3,Ethereum,6.86,USDC,105517724,20.21,0
2024-08-15,Uniswap V3,Ethereum,6.39,USDT,94496178,16.16,0
2024-08-15,Uniswap V3,Ethereum,7.45,DAI,103701530,19.46,0
2024-08-15,Uniswap V3,Arbitrum,8.16,USDC,106394163,2.61,5.36
2024-08-15,Uniswap V3,Arbitrum,7.04,DAI,101504834,1.89,5.14
2024-08-15,Uniswap V3,Optimism,6.39,USDC,93748328,2.11,5.03
2024-08-15,Uniswap V3,Optimism,7.97,USDT,106419734,2.17,4.64
2024-08-15,Uniswap V3,Optimism,7.15,DAI,109873179,1.56,4.27
2024-08-15,Uniswap V3,Polygon,7.76,USDC,104850003,0.87,2.14
2024-08-15,Uniswap V3,Polygon,7.8,USDT,102754659,1.2,3.24
2024-08-15,Uniswap V3,Polygon,9.97,DAI,99923111,0.91,3.18
2024-08-15,Uniswap V3,Base,7.64,USDC,89319199,1.35,2.59
2024-08-15,Uniswap V3,Base,8.04,USDT,99513378,1.09,5.82
2024-08-15,Uniswap V3,Base,8.95,DAI,98870248,1.33,3.73
2024-08-15,Yearn,Ethereum,3.67,USDC,132459865,18.5,0
2024-08-15,Yearn,Ethereum,3.53,USDT,117325757,14.78,0
2024-08-15,Yearn,Arbitrum,4.59,DAI,131074426,2.09,4.96
2024-08-15,Yearn,Optimism,4.31,USDC,144032088,1.69,4.46
2024-08-15,Yearn,Optimism,4.5,USDT,119843132,1.73,3.48
2024-08-15,Yearn,Optimism,3.93,DAI,129346512,1.79,3.96
2024-08-15,Yearn,Polygon,4.78,USDT,143113526,0.76,2.61
2024-08-15,Yearn,Polygon,4.74,DAI,127345514,1.12,3.23
2024-08-15,Yearn,Base,4.1,USDC,131152582,1.34,3.8
2024-08-15,Yearn,Base,4.67,USDT,137171106,1.7,4.69
2024-08-15,Yearn,Base,4.4,DAI,131459376,1.3,4.57
2024-08-15,Pendle,Ethereum,9.1,USDT,75762159,23.57,0
2024-08-15,Pendle,Arbitrum,9.63,USDC,81673471,2.73,4.77
2024-08-15,Pendle,Arbitrum,10.96,USDT,87185352,2.68,7.32
2024-08-15,Pendle,Arbitrum,11.83,DAI,80409333,1.77,4.86
2024-08-15,Pendle,Optimism,10.92,USDC,79827125,1.53,4.84
2024-08-15,Pendle,Optimism,7.21,USDT,81542555,1.79,3.53
2024-08-15,Pendle,Optimism,10.26,DAI,80831695,1.65,4.27
2024-08-15,Pendle,Base,10.0,USDC,87555282,1.21,4.77
2024-08-15,Pendle,Base,9.78,USDT,78158891,1.22,3.29
2024-08-15,Pendle,Base,10.88,DAI,74936084,1.07,4.65
2024-08-15,Convex,Ethereum,5.17,USDC,170632510,22.02,0
2024-08-15,Convex,Ethereum,5.21,USDT,151073324,18.22,0
2024-08-15,Convex,Ethereum,4.86,DAI,165003089,16.94,0
2024-08-15,Balancer,Ethereum,6.22,USDC,125136739,18.4,0
2024-08-15,Balancer,Ethereum,5.48,USDT,115126164,11.9,0
2024-08-15,Balancer,Ethereum,5.74,DAI,118643955,19.57,0
2024-08-15,Balancer,Arbitrum,8.01,USDC,116266283,2.85,5.69
2024-08-15,Balancer,Arbitrum,7.18,USDT,120491977,1.9,4.79
2024-08-15,Balancer,Arbitrum,8.32,DAI,116661009,2.81,3.26
2024-08-15,Balancer,Optimism,6.99,USDC,114275096,1.48,3.58
2024-08-15,Balancer,Optimism,7.79,DAI,120613789,1.55,4.47
2024-08-15,Balancer,Polygon,6.97,USDC,122723398,0.78,2.48
2024-08-15,Balancer,Polygon,7.72,USDT,130288306,0.85,3.52
2024-08-15,Balancer,Polygon,8.05,DAI,120519513,1.02,3.13
2024-08-15,Balancer,Base,7.38,USDC,116758006,1.5,4.02
2024-08-15,Balancer,Base,7.42,USDT,122673998,1.55,3.51
2024-08-15,Balancer,Base,6.99,DAI,118315999,1.55,4.33
2024-08-16,Aave,Ethereum,3.05,USDC,273381478,13.3,0
2024-08-16,Aave,Ethereum,2.83,USDT,259590396,17.16,0
2024-08-16,Aave,Ethereum,2.51,DAI,270787561,17.17,0
2024-08-16,Aave,Arbitrum,3.78,USDC,263678147,2.22,6.37
2024-08-16,Aave,Arbitrum,3.04,USDT,247513495,2.77,4.42
2024-08-16,Aave,Optimism,3.31,USDC,295593682,2.3,2.59
2024-08-16,Aave,Optimism,3.49,USDT,298404075,1.91,3.64
2024-08-16,Aave,Optimism,2.92,DAI,274069983,1.43,4.49
2024-08-16,Aave,Polygon,3.51,USDC,272865567,1.07,2.94
2024-08-16,Aave,Polygon,3.9,USDT,268506680,0.88,3.74
2024-08-16,Aave,Polygon,3.66,DAI,284437506,0.89,3.19
2024-08-16,Aave,Base,3.26,USDC,280421694,1.65,3.41
2024-08-16,Aave,Base,3.51,USDT,272264261,1.61,4.39
2024-08-16,Aave,Base,3.39,DAI,270410379,1.49,3.66
2024-08-16,Compound,Ethereum,2.59,USDC,192434981,15.53,0
2024-08-16,Compound,Ethereum,2.26,USDT,200972347,11.9,0
2024-08-16,Compound,Ethereum,2.51,DAI,204809018,21.75,0
2024-08-16,Compound,Arbitrum,3.2,USDC,191774974,2.94,5.5
2024-08-16,Compound,Arbitrum,3.49,USDT,186870607,2.55,5.22
2024-08-16,Compound,Arbitrum,3.28,DAI,182600966,2.44,4.54
2024-08-16,Compound,Optimism,3.34,USDT,191652777,1.78,2.57
2024-08-16,Compound,Optimism,3.06,DAI,188453598,1.58,3.71
2024-08-16,Compound,Polygon,3.13,USDT,165988472,1.02,3.69
2024-08-16,Compound,Polygon,2.99,DAI,187365589,1.1,2.7
2024-08-16,Compound,Base,3.13,USDC,194529626,1.38,4.84
2024-08-16,Compound,Base,3.34,USDT,187762494,1.44,3.97
2024-08-16,Compound,Base,3.15,DAI,199426907,1.29,3.21
2024-08-16,Curve,Ethereum,5.83,USDC,326187080,17.34,0
2024-08-16,Curve,Ethereum,6.24,USDT,352647669,19.53,0
2024-08-16,Curve,Ethereum,5.17,DAI,345670370,21.0,0
2024-08-16,Curve,Arbitrum,7.81,USDC,366159005,2.43,4.99
2024-08-16,Curve,Arbitrum,7.47,USDT,355667390,3.12,6.09
2024-08-16,Curve,Arbitrum,6.62,DAI,361585809,2.68,4.49
2024-08-16,Curve,Optimism,6.77,USDC,335952121,2.04,3.65
2024-08-16,Curve,Optimism,6.56,USDT,356059545,1.42,3.79
2024-08-16,Curve,Optimism,6.5,DAI,358895854,2.53,3.6
2024-08-16,Curve,Polygon,8.13,USDC,327405242,1.11,2.8
2024-08-16,Curve,Polygon,8.78,USDT,335060048,0.82,2.18
2024-08-16,Curve,Polygon,7.29,DAI,344745413,1.03,2.94
2024-08-16,Curve,Base,6.74,USDC,329364896,1.16,3.98
2024-08-16,Curve,Base,6.18,DAI,336190836,1.11,5.75
2024-08-16,Uniswap V3,Ethereum,7.05,USDC,97586851,14.2,0
2024-08-16,Uniswap V3,Ethereum,5.68,USDT,97132612,22.88,0
2024-08-16,Uniswap V3,Ethereum,5.76,DAI,102722977,18.27,0
2024-08-16,Uniswap V3,Arbitrum,6.94,USDC,104003926,2.17,4.92
2024-08-16,Uniswap V3,Arbitrum,7.54,USDT,96923782,2.2,3.44
2024-08-16,Uniswap V3,Arbitrum,5.93,DAI,106217377,2.51,4.42
2024-08-16,Uniswap V3,Optimism,8.29,USDC,95271311,1.8,4.3
2024-08-16,Uniswap V3,Optimism,8.24,USDT,100124208,2.01,4.1
2024-08-16,Uniswap V3,Optimism,6.81,DAI,91196098,1.71,4.62
2024-08-16,Uniswap V3,Polygon,6.91,USDC,98866344,1.12,3.21
2024-08-16,Uniswap V3,Polygon,8.85,USDT,99647186,1.07,3.55
2024-08-16,Uniswap V3,Base,7.72,USDC,102879729,1.06,4.79
2024-08-16,Uniswap V3,Base,6.81,USDT,100268569,1.24,3.63
2024-08-16,Uniswap V3,Base,9.23,DAI,103224084,1.25,3.57
2024-08-16,Yearn,Ethereum,3.56,USDC,132595860,17.42,0
2024-08-16,Yearn,Ethereum,3.19,USDT,127856081,18.22,0
2024-08-16,Yearn,Ethereum,3.42,DAI,121285885,20.25,0
2024-08-16,Yearn,Arbitrum,4.63,USDC,123320638,2.3,4.79
2024-08-16,Yearn,Arbitrum,4.21,DAI,120683033,2.47,4.92
2024-08-16,Yearn,Optimism,4.19,USDC,129341416,2.0,3.13
2024-08-16,Yearn,Optimism,4.16,USDT,121858354,1.95,5.44
2024-08-16,Yearn,Optimism,3.79,DAI,136174090,1.72,3.91
2024-08-16,Yearn,Polygon,4.0,USDC,127809029,1.04,3.02
2024-08-16,Yearn,Polygon,4.52,USDT,133696756,0.88,2.34
2024-08-16,Yearn,Polygon,4.19,DAI,127658865,0.95,2.93
2024-08-16,Yearn,Base,4.28,USDC,128542859,1.48,3.88
2024-08-16,Yearn,Base,4.6,USDT,128754373,1.46,2.74
2024-08-16,Yearn,Base,4.42,DAI,130907564,1.4,5.52
2024-08-16,Pendle,Ethereum,6.9,USDC,83653742,17.68,0
2024-08-16,Pendle,Ethereum,7.35,USDT,80338335,20.95,0
2024-08-16,Pendle,Ethereum,8.62,DAI,77235702,19.94,0
2024-08-16,Pendle,Arbitrum,9.71,USDC,80504272,2.26,5.19
2024-08-16,Pendle,Arbitrum,11.52,USDT,84823408,2.33,6.39
2024-08-16,Pendle,Arbitrum,11.28,DAI,77347023,1.67,6.88
2024-08-16,Pendle,Optimism,10.57,USDC,81122734,1.98,5.07
2024-08-16,Pendle,Optimism,11.2,USDT,80557752,1.3,2.82
2024-08-16,Pendle,Optimism,11.18,DAI,77249523,1.66,2.6
2024-08-16,Pendle,Base,9.44,USDT,80350871,1.28,3.37
2024-08-16,Pendle,Base,9.9,DAI,85650990,1.47,3.73
2024-08-16,Convex,Ethereum,4.81,USDC,155454693,20.87,0
2024-08-16,Convex,Ethereum,5.8,USDT,158094602,15.45,0
2024-08-16,Balancer,Ethereum,5.47,USDC,125521310,16.27,0
2024-08-16,Balancer,Ethereum,6.46,USDT,115620693,22.17,0
2024-08-16,Balancer,Ethereum,7.67,DAI,123849841,16.9,0
2024-08-16,Balancer,Arbitrum,8.07,USDC,113538826,2.31,5.87
2024-08-16,Balancer,Arbitrum,9.01,USDT,111850770,2.41,5.31
2024-08-16,Balancer,Arbitrum,6.94,DAI,117950853,2.48,4.64
2024-08-16,Balancer,Optimism,8.07,USDC,131003848,1.78,3.17
2024-08-16,Balancer,Optimism,7.72,USDT,116865979,1.69,3.53
2024-08-16,Balancer,Optimism,6.21,DAI,108936809,1.59,2.83
2024-08-16,Balancer,Polygon,6.77,USDC,115948158,0.53,2.99
2024-08-16,Balancer,Polygon,7.64,USDT,123463596,0.7,2.93
2024-08-16,Balancer,Polygon,6.78,DAI,127450743,0.89,3.37
2024-08-16,Balancer,Base,5.96,USDT,111474391,1.37,1.64
2024-08-16,Balancer,Base,6.47,DAI,116758567,1.28,4.08
2024-08-17,Aave,Ethereum,2.77,USDC,270653511,10.96,0
2024-08-17,Aave,Ethereum,2.5,USDT,267935130,10.5,0
2024-08-17,Aave,Ethereum,2.7,DAI,254156635,14.56,0
2024-08-17,Aave,Arbitrum,3.49,USDC,267185406,1.55,3.05
2024-08-17,Aave,Arbitrum,3.02,USDT,257101924,1.92,5.1
2024-08-17,Aave,Arbitrum,3.01,DAI,262791597,1.58,4.88
2024-08-17,Aave,Optimism,3.59,USDC,276715735,1.53,4.46
2024-08-17,Aave,Optimism,3.47,USDT,263144710,1.23,3.53
2024-08-17,Aave,Polygon,3.21,USDC,266505182,0.61,2.48
2024-08-17,Aave,Polygon,3.19,USDT,247253576,0.92,2.03
2024-08-17,Aave,Polygon,4.05,DAI,253165064,0.66,4.31
2024-08-17,Aave,Base,3.34,USDC,251528307,0.85,3.17
2024-08-17,Aave,Base,3.29,USDT,284230313,0.92,3.58
2024-08-17,Aave,Base,3.08,DAI,247851649,1.03,2.46
2024-08-17,Compound,Ethereum,2.62,USDC,191701352,12.54,0
2024-08-17,Compound,Ethereum,2.34,USDT,190861792,10.15,0
2024-08-17,Compound,Ethereum,2.74,DAI,178311007,12.03,0
2024-08-17,Compound,Arbitrum,3.21,USDC,195022201,1.46,6.53
2024-08-17,Compound,Arbitrum,3.01,USDT,201743658,1.59,5.31
2024-08-17,Compound,Optimism,3.17,USDC,203541434,1.22,4.16
2024-08-17,Compound,Optimism,3.08,USDT,185486149,0.91,3.37
2024-08-17,Compound,Optimism,2.97,DAI,198748752,0.67,4.17
2024-08-17,Compound,Polygon,3.06,USDC,217503308,0.55,2.38
2024-08-17,Compound,Polygon,3.37,USDT,200715295,0.82,3.25
2024-08-17,Compound,Polygon,3.38,DAI,187979918,0.75,3.5
2024-08-17,Compound,Base,3.33,USDC,183724470,0.86,4.22
2024-08-17,Compound,Base,3.04,USDT,167926299,1.01,4.57
2024-08-17,Compound,Base,3.1,DAI,193599053,1.35,4.13
2024-08-17,Curve,Ethereum,5.45,USDC,377941886,14.46,0
2024-08-17,Curve,Ethereum,5.07,USDT,340942343,11.32,0
2024-08-17,Curve,Ethereum,5.6,DAI,353153735,10.62,0
2024-08-17,Curve,Arbitrum,6.5,USDC,337234108,1.67,7.36
2024-08-17,Curve,Arbitrum,7.1,USDT,327213941,1.71,6.29
2024-08-17,Curve,Arbitrum,6.77,DAI,348474802,2.08,6.26
2024-08-17,Curve,Optimism,6.54,USDC,331121728,1.41,4.4
2024-08-17,Curve,Optimism,6.87,USDT,327151930,1.32,3.9
2024-08-17,Curve,Optimism,6.66,DAI,353325691,1.09,3.63
2024-08-17,Curve,Polygon,7.11,USDC,326637258,0.64,3.92
2024-08-17,Curve,Polygon,7.35,USDT,329088842,0.68,3.36
2024-08-17,Curve,Polygon,5.46,DAI,362400090,0.68,3.1
2024-08-17,Curve,Base,6.03,USDC,331681835,0.78,2.95
2024-08-17,Curve,Base,5.52,USDT,337497220,1.1,2.89
2024-08-17,Curve,Base,7.27,DAI,351597821,1.18,4.44
2024-08-17,Uniswap V3,Ethereum,8.38,USDC,105978299,11.93,0
2024-08-17,Uniswap V3,Ethereum,7.21,USDT,99727974,10.85,0
2024-08-17,Uniswap V3,Ethereum,7.14,DAI,102633551,12.05,0
2024-08-17,Uniswap V3,Arbitrum,6.97,USDC,105846681,1.58,4.66
2024-08-17,Uniswap V3,Arbitrum,6.55,USDT,100993601,1.48,4.25
2024-08-17,Uniswap V3,Optimism,6.93,USDC,89186556,1.28,3.42
2024-08-17,Uniswap V3,Optimism,7.2,USDT,103763868,1.23,3.83
2024-08-17,Uniswap V3,Optimism,6.54,DAI,94312040,1.14,3.1
2024-08-17,Uniswap V3,Polygon,7.14,USDC,101451882,0.69,4.09
2024-08-17,Uniswap V3,Polygon,7.81,USDT,107239953,0.59,3.52
2024-08-17,Uniswap V3,Polygon,7.98,DAI,98844757,0.54,2.83
2024-08-17,Uniswap V3,Base,10.01,USDC,110730854,0.78,4.36
2024-08-17,Uniswap V3,Base,9.45,USDT,102736663,1.0,5.07
2024-08-17,Uniswap V3,Base,8.67,DAI,96945180,0.97,3.44
2024-08-17,Yearn,Ethereum,3.7,USDC,116518985,11.01,0
2024-08-17,Yearn,Ethereum,3.49,USDT,124967846,14.12,0
2024-08-17,Yearn,Ethereum,3.68,DAI,124520804,15.24,0
2024-08-17,Yearn,Arbitrum,4.71,USDT,119938253,1.32,6.35
2024-08-17,Yearn,Arbitrum,4.15,DAI,133296951,1.44,6.17
2024-08-17,Yearn,Optimism,4.39,USDC,130560148,0.87,4.82
2024-08-17,Yearn,Optimism,3.98,DAI,120080943,1.12,4.16
2024-08-17,Yearn,Polygon,4.26,USDC,126601883,0.74,3.43
2024-08-17,Yearn,Polygon,4.54,USDT,129963876,0.53,2.34
2024-08-17,Yearn,Polygon,4.84,DAI,136431424,0.52,3.15
2024-08-17,Yearn,Base,4.22,USDC,134605461,1.1,2.58
2024-08-17,Yearn,Base,3.91,USDT,132286698,1.05,3.88
2024-08-17,Yearn,Base,3.75,DAI,127518165,0.86,4.37
2024-08-17,Pendle,Ethereum,8.4,USDC,81109096,11.65,0
2024-08-17,Pendle,Ethereum,10.69,USDT,80353895,13.08,0
2024-08-17,Pendle,Ethereum,8.94,DAI,72069425,12.32,0
2024-08-17,Pendle,Arbitrum,10.64,USDC,77199389,1.47,5.26
2024-08-17,Pendle,Arbitrum,9.01,USDT,80531872,1.67,4.51
2024-08-17,Pendle,Arbitrum,12.05,DAI,83626182,1.5,4.52
2024-08-17,Pendle,Optimism,9.98,USDC,78720893,1.16,3.07
2024-08-17,Pendle,Optimism,10.52,USDT,80388998,1.57,4.88
2024-08-17,Pendle,Optimism,8.02,DAI,79237654,1.14,5.32
2024-08-17,Pendle,Base,10.52,USDC,83219736,1.06,4.66
2024-08-17,Pendle,Base,11.12,USDT,82859187,0.71,3.84
2024-08-17,Pendle,Base,7.42,DAI,77895019,0.86,3.32
2024-08-17,Convex,Ethereum,5.47,USDC,157395936,12.18,0
2024-08-17,Convex,Ethereum,5.33,USDT,161377614,12.61,0
2024-08-17,Convex,Ethereum,4.28,DAI,164595887,12.0,0
2024-08-17,Balancer,Ethereum,5.36,USDC,119554165,15.98,0
2024-08-17,Balancer,Ethereum,7.21,USDT,123570590,11.78,0
2024-08-17,Balancer,Ethereum,6.7,DAI,115363532,16.86,0
2024-08-17,Balancer,Arbitrum,7.19,USDC,121745440,1.47,6.03
2024-08-17,Balancer,Arbitrum,8.83,USDT,113892621,1.54,5.07
2024-08-17,Balancer,Arbitrum,7.93,DAI,117404996,2.24,6.47
2024-08-17,Balancer,Optimism,6.15,USDC,117422647,1.21,4.39
2024-08-17,Balancer,Optimism,6.85,USDT,120596651,1.39,4.44
2024-08-17,Balancer,Optimism,7.95,DAI,114435473,1.07,4.71
2024-08-17,Balancer,Polygon,7.74,USDC,116902902,0.59,3.42
2024-08-17,Balancer,Polygon,7.49,USDT,113363663,0.61,3.25
2024-08-17,Balancer,Polygon,8.23,DAI,115139836,0.63,3.1
2024-08-17,Balancer,Base,7.74,USDC,121704677,1.12,4.36
2024-08-17,Balancer,Base,5.79,USDT,112205173,1.03,3.33
2024-08-17,Balancer,Base,5.59,DAI,107767209,1.05,3.99
2024-08-18,Aave,Ethereum,2.77,USDC,267711039,11.04,0
2024-08-18,Aave,Ethereum,2.36,DAI,266132823,11.65,0
2024-08-18,Aave,Arbitrum,3.2,USDC,261806399,1.64,3.51
2024-08-18,Aave,Arbitrum,2.83,USDT,267440531,1.24,5.64
2024-08-18,Aave,Arbitrum,3.1,DAI,287120578,1.74,4.64
2024-08-18,Aave,Optimism,2.99,USDC,269537378,1.2,4.29
2024-08-18,Aave,Optimism,3.25,DAI,250381923,1.56,3.61
2024-08-18,Aave,Polygon,3.18,USDC,267594493,0.5,3.71
2024-08-18,Aave,Polygon,3.55,USDT,266718117,0.53,3.45
2024-08-18,Aave,Polygon,3.48,DAI,266440943,0.46,3.08
2024-08-18,Aave,Base,3.63,USDC,272149891,0.95,4.73
2024-08-18,Aave,Base,3.34,USDT,243618657,0.89,3.38
2024-08-18,Aave,Base,3.15,DAI,248310450,1.11,5.32
2024-08-18,Compound,Ethereum,2.68,USDC,174240799,12.39,0
2024-08-18,Compound,Ethereum,2.27,USDT,192499392,13.94,0
2024-08-18,Compound,Ethereum,2.35,DAI,191206621,10.21,0
2024-08-18,Compound,Arbitrum,3.1,USDC,180455089,1.85,4.64
2024-08-18,Compound,Arbitrum,3.08,USDT,193062035,1.26,5.33
2024-08-18,Compound,Arbitrum,2.89,DAI,184764111,1.44,5.06
2024-08-18,Compound,Optimism,2.78,USDC,176107148,1.27,3.21
2024-08-18,Compound,Optimism,3.0,USDT,177557429,1.36,4.39
2024-08-18,Compound,Optimism,3.22,DAI,190088423,1.53,5.17
2024-08-18,Compound,Polygon,3.28,USDC,183018880,0.69,3.07
2024-08-18,Compound,Polygon,3.23,USDT,178903455,0.54,1.89
2024-08-18,Compound,Polygon,3.19,DAI,181824364,0.56,3.0
2024-08-18,Compound,Base,3.3,USDC,192741461,0.81,3.76
2024-08-18,Compound,Base,3.06,USDT,199996960,0.96,3.74
2024-08-18,Compound,Base,3.01,DAI,193907430,0.93,4.04
2024-08-18,Curve,Ethereum,6.43,USDC,350082369,10.37,0
2024-08-18,Curve,Ethereum,5.12,DAI,332820214,12.49,0
2024-08-18,Curve,Arbitrum,5.59,USDC,315024367,1.42,5.04
2024-08-18,Curve,Arbitrum,6.31,USDT,332212489,1.35,4.93
2024-08-18,Curve,Optimism,7.55,USDC,342957889,1.33,4.32
2024-08-18,Curve,Optimism,5.62,USDT,335699169,1.07,4.6
2024-08-18,Curve,Optimism,7.46,DAI,305565120,0.96,4.32
2024-08-18,Curve,Polygon,7.4,USDC,307723807,0.59,2.17
2024-08-18,Curve,Polygon,7.14,USDT,343289447,0.68,3.24
2024-08-18,Curve,Polygon,8.91,DAI,318508354,0.71,2.22
2024-08-18,Curve,Base,7.38,USDC,345713133,0.98,4.98
2024-08-18,Curve,Base,7.08,USDT,312551418,0.94,4.73
2024-08-18,Curve,Base,5.34,DAI,329061429,0.86,4.49
2024-08-18,Uniswap V3,Ethereum,5.23,USDC,97181232,12.57,0
2024-08-18,Uniswap V3,Ethereum,5.3,USDT,93839988,12.87,0
2024-08-18,Uniswap V3,Ethereum,6.48,DAI,106975965,12.05,0
2024-08-18,Uniswap V3,Arbitrum,9.99,USDC,95743354,1.41,5.47
2024-08-18,Uniswap V3,Arbitrum,7.71,DAI,103767033,1.11,5.01
2024-08-18,Uniswap V3,Optimism,7.14,USDT,97484271,1.03,3.59
2024-08-18,Uniswap V3,Optimism,9.85,DAI,101813947,0.99,3.84
2024-08-18,Uniswap V3,Polygon,9.55,USDT,98908362,0.64,1.81
2024-08-18,Uniswap V3,Polygon,7.06,DAI,94490047,0.44,3.81
2024-08-18,Uniswap V3,Base,7.83,USDC,92903383,0.71,2.72
2024-08-18,Uniswap V3,Base,5.95,USDT,100454697,0.94,3.61
2024-08-18,Uniswap V3,Base,8.67,DAI,85869248,0.86,4.48
2024-08-18,Yearn,Ethereum,3.83,USDC,123611807,11.22,0
2024-08-18,Yearn,Ethereum,3.43,USDT,117880097,13.15,0
2024-08-18,Yearn,Ethereum,3.87,DAI,119798738,12.31,0
2024-08-18,Yearn,Arbitrum,4.32,USDC,121994041,1.87,4.33
2024-08-18,Yearn,Arbitrum,3.98,USDT,113452775,1.69,5.8
2024-08-18,Yearn,Optimism,4.89,USDT,123890960,0.98,3.91
2024-08-18,Yearn,Optimism,4.4,DAI,128147422,0.97,4.05
2024-08-18,Yearn,Polygon,4.71,USDC,115849664,0.56,3.79
2024-08-18,Yearn,Polygon,4.06,USDT,119743929,0.61,2.9
2024-08-18,Yearn,Polygon,4.63,DAI,128606597,0.65,3.18
2024-08-18,Yearn,Base,4.49,USDC,114077128,1.1,6.66
2024-08-18,Yearn,Base,4.24,USDT,118998614,1.04,2.59
2024-08-18,Yearn,Base,4.55,DAI,123474659,0.99,4.09
2024-08-18,Pendle,Ethereum,8.25,USDC,72563591,12.01,0
2024-08-18,Pendle,Ethereum,7.78,USDT,75988964,10.24,0
2024-08-18,Pendle,Ethereum,8.98,DAI,78127343,13.35,0
2024-08-18,Pendle,Arbitrum,9.88,USDC,76169346,1.5,4.4
2024-08-18,Pendle,Arbitrum,12.61,USDT,77681013,1.79,6.49
2024-08-18,Pendle,Arbitrum,9.85,DAI,74645582,1.72,4.85
2024-08-18,Pendle,Optimism,10.37,USDC,78495376,1.4,5.37
2024-08-18,Pendle,Optimism,11.75,USDT,75183134,1.12,3.93
2024-08-18,Pendle,Base,10.48,USDC,80228980,1.33,4.94
2024-08-18,Pendle,Base,14.65,USDT,72982528,1.12,4.42
2024-08-18,Pendle,Base,9.41,DAI,74258849,0.76,3.89
2024-08-18,Convex,Ethereum,4.86,USDC,151644112,12.6,0
2024-08-18,Convex,Ethereum,4.4,USDT,143614781,8.07,0
2024-08-18,Convex,Ethereum,5.53,DAI,156851587,11.61,0
2024-08-18,Balancer,Ethereum,5.3,USDC,116937564,14.01,0
2024-08-18,Balancer,Ethereum,5.9,USDT,107702895,15.06,0
2024-08-18,Balancer,Ethereum,6.24,DAI,113361426,9.7,0
2024-08-18,Balancer,Arbitrum,8.36,USDC,110608069,1.53,5.44
2024-08-18,Balancer,Arbitrum,8.37,USDT,118666577,1.81,4.46
2024-08-18,Balancer,Arbitrum,7.56,DAI,107527835,1.39,4.96
2024-08-18,Balancer,Optimism,8.15,USDC,112157554,1.31,3.65
2024-08-18,Balancer,Optimism,6.09,USDT,107884233,1.28,4.98
2024-08-18,Balancer,Polygon,7.24,USDC,124405433,0.71,2.99
2024-08-18,Balancer,Polygon,5.69,USDT,121627370,0.67,2.64
2024-08-18,Balancer,Polygon,7.94,DAI,112420007,0.65,2.86
2024-08-18,Balancer,Base,7.37,USDC,113482752,0.82,5.26
2024-08-18,Balancer,Base,8.17,USDT,119290089,0.77,4.29
2024-08-18,Balancer,Base,7.98,DAI,117679603,1.01,4.62
2024-08-19,Aave,Ethereum,2.56,USDC,258505656,15.1,0
2024-08-19,Aave,Ethereum,2.57,USDT,256233823,16.71,0
2024-08-19,Aave,Ethereum,2.52,DAI,272274723,20.58,0
2024-08-19,Aave,Arbitrum,3.54,USDC,250277521,2.29,4.88
2024-08-19,Aave,Arbitrum,3.47,USDT,240169790,1.88,6.59
2024-08-19,Aave,Arbitrum,3.64,DAI,263611334,2.84,6.23
2024-08-19,Aave,Optimism,3.28,USDC,264259114,1.8,3.11
2024-08-19,Aave,Optimism,2.96,USDT,272089330,1.79,2.93
2024-08-19,Aave,Optimism,3.18,DAI,257432540,2.16,3.98
2024-08-19,Aave,Polygon,3.48,USDC,240551436,0.96,2.41
2024-08-19,Aave,Polygon,3.73,USDT,242873682,0.97,2.89
2024-08-19,Aave,Polygon,3.99,DAI,247706313,0.89,3.41
2024-08-19,Aave,Base,3.47,USDC,247310938,1.4,3.83
2024-08-19,Aave,Base,3.36,USDT,255847330,1.26,5.02
2024-08-19,Aave,Base,3.12,DAI,263366417,1.35,3.43
2024-08-19,Compound,Ethereum,2.57,USDC,201726423,21.3,0
2024-08-19,Compound,Ethereum,2.8,USDT,178508712,18.25,0
2024-08-19,Compound,Ethereum,2.4,DAI,165655054,15.08,0
2024-08-19,Compound,Arbitrum,3.2,USDC,194602767,2.38,5.54
2024-08-19,Compound,Arbitrum,3.61,USDT,180243936,2.13,4.09
2024-08-19,Compound,Arbitrum,3.25,DAI,195704084,2.82,6.54
2024-08-19,Compound,Optimism,2.74,USDC,187301409,2.12,3.14
2024-08-19,Compound,Optimism,3.01,USDT,167885895,2.04,3.72
2024-08-19,Compound,Optimism,2.87,DAI,190620333,2.01,3.66
2024-08-19,Compound,Polygon,3.23,USDC,164460273,0.91,4.12
2024-08-19,Compound,Polygon,3.66,USDT,175210561,1.12,3.87
2024-08-19,Compound,Polygon,3.2,DAI,169422713,0.85,2.24
2024-08-19,Compound,Base,2.58,USDC,183049506,1.79,5.14
2024-08-19,Compound,Base,3.14,USDT,192660328,1.69,3.5
2024-08-19,Compound,Base,3.2,DAI,195749803,1.24,3.16
2024-08-19,Curve,Ethereum,6.67,USDC,347902841,16.46,0
2024-08-19,Curve,Ethereum,3.99,USDT,297819964,19.98,0
2024-08-19,Curve,Ethereum,5.76,DAI,311718767,15.71,0
2024-08-19,Curve,Arbitrum,6.76,USDC,309210560,2.11,4.36
2024-08-19,Curve,Arbitrum,6.41,USDT,354091349,2.59,5.21
2024-08-19,Curve,Arbitrum,7.64,DAI,325857366,2.81,2.92
2024-08-19,Curve,Optimism,6.33,USDC,321669027,2.08,4.52
2024-08-19,Curve,Optimism,6.39,USDT,314811416,2.05,2.83
2024-08-19,Curve,Optimism,7.49,DAI,333287098,1.88,3.88
2024-08-19,Curve,Polygon,6.97,USDC,316451564,1.01,2.13
2024-08-19,Curve,Polygon,7.2,USDT,317620989,0.87,3.27
2024-08-19,Curve,Polygon,7.76,DAI,296696366,1.09,3.38
2024-08-19,Curve,Base,7.1,USDC,319606402,1.77,3.4
2024-08-19,Curve,Base,6.82,USDT,337774864,1.23,4.01
2024-08-19,Curve,Base,5.67,DAI,336110063,1.59,4.38
2024-08-19,Uniswap V3,Ethereum,5.46,USDC,96240421,16.07,0
2024-08-19,Uniswap V3,Ethereum,6.17,DAI,94042827,17.66,0
2024-08-19,Uniswap V3,Arbitrum,7.1,USDC,97287337,2.6,4.83
2024-08-19,Uniswap V3,Arbitrum,7.46,USDT,102996415,2.22,5.93
2024-08-19,Uniswap V3,Arbitrum,7.55,DAI,91978830,2.11,5.39
2024-08-19,Uniswap V3,Optimism,6.23,USDC,100308646,1.83,3.51
2024-08-19,Uniswap V3,Optimism,6.68,USDT,95937388,2.02,3.81
2024-08-19,Uniswap V3,Optimism,7.03,DAI,105994673,1.91,5.42
2024-08-19,Uniswap V3,Polygon,8.36,USDC,102691697,1.01,2.6
2024-08-19,Uniswap V3,Polygon,8.48,USDT,93931607,0.94,3.42
2024-08-19,Uniswap V3,Base,7.36,USDC,105957552,1.42,2.96
2024-08-19,Uniswap V3,Base,6.97,USDT,91963958,1.85,4.39
2024-08-19,Yearn,Ethereum,3.76,USDC,128019777,16.4,0
2024-08-19,Yearn,Ethereum,4.26,USDT,117505326,13.59,0
2024-08-19,Yearn,Ethereum,3.36,DAI,114615811,14.97,0
2024-08-19,Yearn,Arbitrum,4.49,USDC,120671501,2.42,6.82
2024-08-19,Yearn,Arbitrum,3.89,USDT,121570983,2.11,5.74
2024-08-19,Yearn,Optimism,4.38,USDC,129586125,1.57,4.86
2024-08-19,Yearn,Optimism,4.38,USDT,104336261,1.71,2.92
2024-08-19,Yearn,Optimism,4.45,DAI,129563694,1.89,2.99
2024-08-19,Yearn,Polygon,4.7,USDC,119575442,0.96,2.72
2024-08-19,Yearn,Polygon,4.95,USDT,121096255,0.78,3.14
2024-08-19,Yearn,Polygon,4.56,DAI,125333545,0.95,2.71
2024-08-19,Yearn,Base,3.97,USDC,112619140,1.41,4.49
2024-08-19,Yearn,Base,4.04,USDT,101611525,1.67,4.28
2024-08-19,Yearn,Base,3.83,DAI,125974925,0.95,4.17
2024-08-19,Pendle,Ethereum,8.75,USDC,77484563,18.28,0
2024-08-19,Pendle,Ethereum,7.3,USDT,73504822,17.87,0
2024-08-19,Pendle,Arbitrum,10.05,USDC,75662668,2.16,6.02
2024-08-19,Pendle,Arbitrum,8.59,USDT,74073836,2.38,5.9
2024-08-19,Pendle,Arbitrum,10.8,DAI,76769714,2.57,5.88
2024-08-19,Pendle,Optimism,10.31,USDC,73094571,1.8,3.34
2024-08-19,Pendle,Optimism,10.55,USDT,76291574,2.34,3.28
2024-08-19,Pendle,Optimism,11.33,DAI,76284927,1.95,3.16
2024-08-19,Pendle,Base,7.46,USDC,80825895,1.13,5.22
2024-08-19,Pendle,Base,11.11,USDT,71430568,1.54,4.27
2024-08-19,Pendle,Base,9.37,DAI,75390864,1.18,4.87
2024-08-19,Convex,Ethereum,4.48,USDC,147141446,19.1,0
2024-08-19,Convex,Ethereum,4.87,USDT,165420515,18.92,0
2024-08-19,Convex,Ethereum,4.68,DAI,145493413,18.94,0
2024-08-19,Balancer,Ethereum,6.55,USDC,118284610,17.18,0
2024-08-19,Balancer,Ethereum,7.0,USDT,108396472,17.66,0
2024-08-19,Balancer,Ethereum,6.03,DAI,111557458,13.81,0
2024-08-19,Balancer,Arbitrum,7.18,USDC,117139343,1.94,4.61
2024-08-19,Balancer,Arbitrum,7.78,USDT,114131257,2.41,5.58
2024-08-19,Balancer,Arbitrum,7.85,DAI,112666906,2.73,4.93
2024-08-19,Balancer,Optimism,6.37,USDT,116077265,1.78,5.63
2024-08-19,Balancer,Optimism,7.45,DAI,114310449,1.49,4.64
2024-08-19,Balancer,Polygon,7.38,USDC,115057907,0.87,3.2
2024-08-19,Balancer,Polygon,8.82,USDT,113252943,0.92,2.68
2024-08-19,Balancer,Polygon,7.95,DAI,117870224,0.67,3.82
2024-08-19,Balancer,Base,6.73,USDC,114659236,1.2,4.15
2024-08-19,Balancer,Base,6.5,USDT,110980544,1.36,4.5
2024-08-19,Balancer,Base,7.59,DAI,105146564,1.03,5.07
2024-08-20,Aave,Ethereum,2.89,USDC,260228126,20.13,0
2024-08-20,Aave,Ethereum,2.61,USDT,247226808,21.35,0
2024-08-20,Aave,Ethereum,2.8,DAI,262716703,23.64,0
2024-08-20,Aave,Arbitrum,3.21,USDC,233739156,2.44,6.49
2024-08-20,Aave,Arbitrum,3.55,USDT,228246942,2.51,6.26
2024-08-20,Aave,Arbitrum,3.42,DAI,258778230,2.73,5.6
2024-08-20,Aave,Optimism,2.91,USDC,254079693,1.67,3.5
2024-08-20,Aave,Optimism,3.56,USDT,255196597,1.66,3.07
2024-08-20,Aave,Optimism,3.24,DAI,227894765,1.37,5.41
2024-08-20,Aave,Polygon,3.59,USDC,255939305,1.13,4.02
2024-08-20,Aave,Polygon,3.66,USDT,241775765,0.9,3.62
2024-08-20,Aave,Base,3.69,USDC,260258049,1.54,3.7
2024-08-20,Aave,Base,3.35,USDT,262595394,1.62,4.31
2024-08-20,Aave,Base,3.03,DAI,246645105,1.72,5.1
2024-08-20,Compound,Ethereum,2.79,USDC,185878702,14.89,0
2024-08-20,Compound,Ethereum,2.54,USDT,189955327,15.1,0
2024-08-20,Compound,Arbitrum,3.07,USDC,178619024,2.3,4.68
2024-08-20,Compound,Arbitrum,3.4,USDT,163635630,3.03,3.31
2024-08-20,Compound,Optimism,3.14,USDC,172625761,1.72,3.13
2024-08-20,Compound,Optimism,3.17,USDT,177320332,1.38,4.42
2024-08-20,Compound,Optimism,3.2,DAI,189595517,1.86,4.29
2024-08-20,Compound,Polygon,3.54,USDC,177968884,0.69,3.71
2024-08-20,Compound,Polygon,3.19,USDT,204030114,0.82,3.22
2024-08-20,Compound,Polygon,3.42,DAI,193009831,0.75,3.49
2024-08-20,Compound,Base,3.14,USDC,169672829,1.49,3.26
2024-08-20,Curve,Ethereum,5.73,USDC,309743364,19.4,0
2024-08-20,Curve,Ethereum,5.77,USDT,297571287,17.44,0
2024-08-20,Curve,Ethereum,5.46,DAI,301532913,14.54,0
2024-08-20,Curve,Arbitrum,6.62,USDC,322627571,2.61,5.81
2024-08-20,Curve,Arbitrum,6.59,USDT,325759914,2.69,3.52
2024-08-20,Curve,Arbitrum,7.91,DAI,319740214,2.31,4.29
2024-08-20,Curve,Optimism,7.1,USDC,305991315,1.31,2.89
2024-08-20,Curve,Optimism,7.11,USDT,314507055,2.18,3.1
2024-08-20,Curve,Optimism,6.69,DAI,320472639,1.66,3.27
2024-08-20,Curve,Polygon,9.59,USDC,323235376,1.11,2.44
2024-08-20,Curve,Polygon,7.01,USDT,350731366,0.74,3.23
2024-08-20,Curve,Base,7.29,USDC,308849799,1.35,3.95
2024-08-20,Curve,Base,6.3,USDT,328312817,1.02,3.48
2024-08-20,Curve,Base,6.71,DAI,283875203,1.34,3.55
2024-08-20,Uniswap V3,Ethereum,5.69,USDC,96615058,21.72,0
2024-08-20,Uniswap V3,Ethereum,5.31,USDT,89665227,18.08,0
2024-08-20,Uniswap V3,Ethereum,7.17,DAI,91166657,16.6,0
2024-08-20,Uniswap V3,Arbitrum,8.04,USDT,100508543,1.98,4.3
2024-08-20,Uniswap V3,Arbitrum,8.28,DAI,107445692,2.11,5.35
2024-08-20,Uniswap V3,Optimism,7.81,USDT,91439314,2.06,4.12
2024-08-20,Uniswap V3,Optimism,8.22,DAI,98649228,1.47,4.16
2024-08-20,Uniswap V3,Polygon,8.04,USDC,99050542,1.06,3.03
2024-08-20,Uniswap V3,Polygon,5.95,USDT,101649409,1.11,3.62
2024-08-20,Uniswap V3,Polygon,7.57,DAI,91605671,0.98,3.35
2024-08-20,Uniswap V3,Base,7.72,USDC,97685777,1.54,3.78
2024-08-20,Uniswap V3,Base,7.79,USDT,87142832,1.25,3.8
2024-08-20,Uniswap V3,Base,7.97,DAI,103435824,1.5,3.16
2024-08-20,Yearn,Ethereum,3.53,USDC,124520412,25.85,0
2024-08-20,Yearn,Ethereum,3.63,USDT,116058357,14.59,0
2024-08-20,Yearn,Ethereum,3.65,DAI,127385307,20.23,0
2024-08-20,Yearn,Arbitrum,4.31,USDC,123481451,2.09,5.18
2024-08-20,Yearn,Arbitrum,4.54,USDT,128628380,2.16,4.37
2024-08-20,Yearn,Arbitrum,4.23,DAI,126393120,3.03,7.03
2024-08-20,Yearn,Optimism,3.9,USDC,117079905,1.78,4.06
2024-08-20,Yearn,Optimism,4.16,USDT,117674370,1.58,5.14
2024-08-20,Yearn,Polygon,4.97,USDC,116807709,1.01,2.62
2024-08-20,Yearn,Polygon,5.17,USDT,129775323,0.99,2.45
2024-08-20,Yearn,Base,3.9,USDC,128651932,1.63,3.5
2024-08-20,Yearn,Base,4.2,USDT,127154434,1.56,5.42
2024-08-20,Yearn,Base,4.12,DAI,121084916,1.34,3.91
2024-08-20,Pendle,Ethereum,8.94,USDC,77842944,17.35,0
2024-08-20,Pendle,Ethereum,7.46,USDT,73047415,21.48,0
2024-08-20,Pendle,Ethereum,8.15,DAI,77183748,19.39,0
2024-08-20,Pendle,Arbitrum,10.58,USDC,78558306,2.84,3.31
2024-08-20,Pendle,Arbitrum,11.72,USDT,77471990,2.14,5.15
2024-08-20,Pendle,Arbitrum,10.11,DAI,75634386,2.04,3.15
2024-08-20,Pendle,Optimism,10.24,USDC,71658181,2.02,6.35
2024-08-20,Pendle,Optimism,11.04,USDT,78509235,2.08,4.15
2024-08-20,Pendle,Optimism,10.27,DAI,68847215,1.38,3.74
2024-08-20,Pendle,Base,9.59,USDC,73115407,1.62,3.88
2024-08-20,Pendle,Base,9.12,USDT,75476631,1.16,4.03
2024-08-20,Pendle,Base,7.39,DAI,78209513,1.45,4.74
2024-08-20,Convex,Ethereum,5.23,USDC,143751058,15.7,0
2024-08-20,Convex,Ethereum,5.37,USDT,152017447,16.54,0
2024-08-20,Convex,Ethereum,5.0,DAI,146859489,24.62,0
2024-08-20,Balancer,Ethereum,6.24,USDC,109540682,17.49,0
2024-08-20,Balancer,Ethereum,5.86,USDT,112084090,17.43,0
2024-08-20,Balancer,Ethereum,6.14,DAI,111196135,14.07,0
2024-08-20,Balancer,Arbitrum,7.62,USDC,109106535,1.85,4.71
2024-08-20,Balancer,Arbitrum,6.9,USDT,109900320,2.12,6.02
2024-08-20,Balancer,Optimism,7.68,USDC,109141413,1.94,3.93
2024-08-20,Balancer,Optimism,6.42,USDT,111071798,1.97,2.74
2024-08-20,Balancer,Optimism,8.25,DAI,105517712,1.88,4.59
2024-08-20,Balancer,Polygon,8.28,USDC,118956018,1.07,2.92
2024-08-20,Balancer,Polygon,7.1,USDT,113631697,0.81,2.54
2024-08-20,Balancer,Polygon,8.16,DAI,106887633,0.75,2.65
2024-08-20,Balancer,Base,7.14,USDC,107863438,1.41,3.42
2024-08-20,Balancer,Base,4.99,USDT,108629726,1.45,3.66
2024-08-20,Balancer,Base,6.35,DAI,114986132,1.37,3.96
2024-08-21,Aave,Ethereum,2.43,USDC,257459816,23.7,0
2024-08-21,Aave,Ethereum,2.85,DAI,237962548,19.21,0
2024-08-21,Aave,Arbitrum,3.44,USDC,261253912,2.41,4.67
2024-08-21,Aave,Arbitrum,3.47,USDT,237865047,2.2,4.14
2024-08-21,Aave,Optimism,3.19,USDC,276113491,1.67,3.37
2024-08-21,Aave,Optimism,3.15,USDT,260496665,1.39,3.99
2024-08-21,Aave,Optimism,3.06,DAI,242013502,2.18,3.67
2024-08-21,Aave,Polygon,4.01,USDT,271894141,1.1,2.35
2024-08-21,Aave,Polygon,3.93,DAI,256690149,0.93,3.98
2024-08-21,Aave,Base,3.54,USDC,248719537,1.26,3.81
2024-08-21,Aave,Base,3.34,USDT,244858063,1.65,4.98
2024-08-21,Aave,Base,3.45,DAI,257280244,1.66,3.23
2024-08-21,Compound,Ethereum,3.02,USDC,173808884,16.73,0
2024-08-21,Compound,Ethereum,2.72,USDT,190907613,17.12,0
2024-08-21,Compound,Ethereum,2.81,DAI,180192047,23.87,0
2024-08-21,Compound,Arbitrum,3.33,USDC,181176905,3.04,6.59
2024-08-21,Compound,Arbitrum,3.24,USDT,169197079,2.53,4.27
2024-08-21,Compound,Arbitrum,3.08,DAI,181986920,2.99,5.54
2024-08-21,Compound,Optimism,2.8,USDC,175821967,1.54,3.69
2024-08-21,Compound,Optimism,3.3,USDT,181601403,1.65,3.77
2024-08-21,Compound,Optimism,2.7,DAI,173429942,1.77,3.07
2024-08-21,Compound,Polygon,3.51,USDC,185349875,1.06,2.64
2024-08-21,Compound,Polygon,3.2,USDT,174764166,1.0,2.71
2024-08-21,Compound,Polygon,3.15,DAI,197094162,0.96,2.63
2024-08-21,Compound,Base,3.35,USDC,161889301,1.33,4.55
2024-08-21,Compound,Base,2.76,USDT,179540758,1.12,3.37
2024-08-21,Compound,Base,3.28,DAI,182142541,1.53,4.43
2024-08-21,Curve,Ethereum,5.66,USDC,304333388,21.44,0
2024-08-21,Curve,Ethereum,6.43,USDT,326385475,13.89,0
2024-08-21,Curve,Ethereum,5.39,DAI,321393182,18.11,0
2024-08-21,Curve,Arbitrum,7.16,USDC,311159707,2.18,4.05
2024-08-21,Curve,Arbitrum,5.78,DAI,303527767,2.27,4.09
2024-08-21,Curve,Optimism,7.7,USDC,309823726,1.79,3.82
2024-08-21,Curve,Optimism,6.73,USDT,315926178,1.5,4.05
2024-08-21,Curve,Optimism,5.28,DAI,324201769,1.8,3.31
2024-08-21,Curve,Polygon,6.78,USDC,298703718,0.81,3.75
2024-08-21,Curve,Polygon,7.63,USDT,315049590,0.98,2.99
2024-08-21,Curve,Base,5.5,USDC,312741339,0.99,3.78
2024-08-21,Curve,Base,7.66,USDT,328512947,1.44,3.44
2024-08-21,Curve,Base,6.48,DAI,325466643,1.58,4.61
2024-08-21,Uniswap V3,Ethereum,5.68,USDC,98804147,22.07,0
2024-08-21,Uniswap V3,Ethereum,8.87,USDT,99029439,21.51,0
2024-08-21,Uniswap V3,Arbitrum,5.86,USDC,93408714,2.3,4.88
2024-08-21,Uniswap V3,Arbitrum,8.28,USDT,94358597,2.55,4.76
2024-08-21,Uniswap V3,Arbitrum,7.09,DAI,96954916,2.5,4.58
2024-08-21,Uniswap V3,Optimism,8.84,USDC,93420514,1.82,2.92
2024-08-21,Uniswap V3,Optimism,7.09,USDT,83146104,1.79,3.94
2024-08-21,Uniswap V3,Optimism,7.57,DAI,90746131,1.68,4.71
2024-08-21,Uniswap V3,Polygon,5.73,USDT,92170656,0.81,2.22
2024-08-21,Uniswap V3,Polygon,8.36,DAI,94624255,1.12,2.37
2024-08-21,Uniswap V3,Base,7.87,USDC,94719218,1.45,3.72
2024-08-21,Uniswap V3,Base,6.57,USDT,100920305,1.7,4.31
2024-08-21,Uniswap V3,Base,6.64,DAI,102884033,1.67,3.37
2024-08-21,Yearn,Ethereum,3.49,USDC,120237076,15.59,0
2024-08-21,Yearn,Ethereum,3.53,USDT,133217281,21.59,0
2024-08-21,Yearn,Ethereum,3.39,DAI,121239333,16.33,0
2024-08-21,Yearn,Arbitrum,4.07,USDC,113386271,2.0,3.49
2024-08-21,Yearn,Arbitrum,4.42,USDT,130275300,1.63,4.42
2024-08-21,Yearn,Arbitrum,4.28,DAI,109758725,2.57,4.3
2024-08-21,Yearn,Optimism,4.23,USDC,112211059,1.96,4.42
2024-08-21,Yearn,Optimism,4.31,USDT,115393754,1.82,4.67
2024-08-21,Yearn,Optimism,4.27,DAI,115825089,1.57,3.84
2024-08-21,Yearn,Polygon,4.15,USDC,128889588,1.32,2.84
2024-08-21,Yearn,Polygon,4.34,USDT,105813427,1.05,3.56
2024-08-21,Yearn,Base,4.69,USDC,123328363,1.8,5.27
2024-08-21,Yearn,Base,4.37,USDT,121572227,1.5,4.61
2024-08-21,Pendle,Ethereum,11.02,USDC,78640825,13.66,0
2024-08-21,Pendle,Ethereum,8.15,USDT,66813098,19.67,0
2024-08-21,Pendle,Ethereum,8.72,DAI,83322813,14.71,0
2024-08-21,Pendle,Arbitrum,11.42,USDC,76778103,2.23,3.88
2024-08-21,Pendle,Arbitrum,10.77,USDT,77200091,2.43,4.57
2024-08-21,Pendle,Arbitrum,6.75,DAI,75959328,2.42,2.15
2024-08-21,Pendle,Optimism,10.34,USDC,76923225,1.85,2.55
2024-08-21,Pendle,Optimism,11.16,USDT,72966600,1.45,4.0
2024-08-21,Pendle,Optimism,8.4,DAI,71850195,1.58,3.36
2024-08-21,Pendle,Base,10.02,USDC,70140222,1.95,3.97
2024-08-21,Pendle,Base,9.86,DAI,78699782,1.28,3.62
2024-08-21,Convex,Ethereum,5.36,USDC,151507275,17.94,0
2024-08-21,Convex,Ethereum,3.74,USDT,154271577,18.69,0
2024-08-21,Convex,Ethereum,4.79,DAI,142947853,17.78,0
2024-08-21,Balancer,Ethereum,5.86,USDC,108811351,19.77,0
2024-08-21,Balancer,Ethereum,5.12,USDT,107955770,20.56,0
2024-08-21,Balancer,Ethereum,5.75,DAI,104065983,18.38,0
2024-08-21,Balancer,Arbitrum,6.9,USDC,116324004,2.23,4.99
2024-08-21,Balancer,Arbitrum,7.35,USDT,109106515,2.5,4.76
2024-08-21,Balancer,Arbitrum,8.68,DAI,114782547,2.51,3.94
2024-08-21,Balancer,Optimism,6.74,USDC,115584172,1.96,4.41
2024-08-21,Balancer,Optimism,6.67,USDT,112280496,2.12,4.32
2024-08-21,Balancer,Optimism,5.46,DAI,115498811,1.86,3.01
2024-08-21,Balancer,Polygon,6.75,USDT,108547638,0.8,2.74
2024-08-21,Balancer,Polygon,7.27,DAI,111292681,1.08,3.06
2024-08-21,Balancer,Base,8.24,USDC,101049032,1.45,5.09
2024-08-21,Balancer,Base,8.29,USDT,110507249,2.06,2.99
2024-08-21,Balancer,Base,6.65,DAI,113348289,1.21,4.12
2024-08-22,Aave,Ethereum,2.52,USDC,251047705,19.29,0
2024-08-22,Aave,Ethereum,2.77,USDT,240613278,22.26,0
2024-08-22,Aave,Ethereum,2.79,DAI,228691471,14.78,0
2024-08-22,Aave,Arbitrum,3.88,USDT,237403385,2.49,5.01
2024-08-22,Aave,Arbitrum,2.94,DAI,256852718,2.89,2.53
2024-08-22,Aave,Optimism,3.24,USDC,258665737,1.46,2.72
2024-08-22,Aave,Optimism,3.44,USDT,265819140,1.38,4.04
2024-08-22,Aave,Optimism,2.85,DAI,260821505,1.86,4.43
2024-08-22,Aave,Polygon,3.29,USDC,239236596,0.9,3.4
2024-08-22,Aave,Polygon,3.53,DAI,259311455,0.89,3.26
2024-08-22,Aave,Base,3.25,USDC,260513521,1.51,3.1
2024-08-22,Aave,Base,3.4,USDT,247096304,1.61,3.53
2024-08-22,Aave,Base,3.07,DAI,257765446,1.59,3.45
2024-08-22,Compound,Ethereum,2.77,USDT,183662432,21.49,0
2024-08-22,Compound,Ethereum,2.71,DAI,172276131,18.42,0
2024-08-22,Compound,Arbitrum,3.29,USDC,168096197,2.49,6.9
2024-08-22,Compound,Arbitrum,3.24,USDT,173357921,2.22,6.41
2024-08-22,Compound,Arbitrum,3.56,DAI,185447880,2.28,4.71
2024-08-22,Compound,Optimism,2.88,USDC,172907166,2.46,4.13
2024-08-22,Compound,Optimism,2.95,USDT,181222516,1.11,4.56
2024-08-22,Compound,Optimism,2.96,DAI,170756732,1.31,2.99
2024-08-22,Compound,Polygon,3.07,USDC,179375854,1.13,2.34
2024-08-22,Compound,Polygon,3.76,USDT,194353068,1.05,2.42
2024-08-22,Compound,Polygon,3.44,DAI,173930682,0.95,3.09
2024-08-22,Compound,Base,3.15,USDC,177030005,1.23,4.66
2024-08-22,Compound,Base,3.07,USDT,186867836,1.49,4.55
2024-08-22,Compound,Base,3.13,DAI,176185459,1.39,2.25
2024-08-22,Curve,Ethereum,6.69,USDC,335035383,17.97,0
2024-08-22,Curve,Ethereum,7.95,USDT,301421724,20.73,0
2024-08-22,Curve,Ethereum,4.95,DAI,330120553,20.14,0
2024-08-22,Curve,Arbitrum,6.18,USDC,310694791,2.36,4.39
2024-08-22,Curve,Arbitrum,4.99,USDT,340998710,2.44,2.29
2024-08-22,Curve,Arbitrum,7.42,DAI,345338443,2.34,5.23
2024-08-22,Curve,Optimism,6.04,USDC,314288905,1.1,4.22
2024-08-22,Curve,Optimism,6.47,USDT,354775226,1.72,4.18
2024-08-22,Curve,Optimism,6.63,DAI,336461163,1.51,3.18
2024-08-22,Curve,Polygon,7.92,USDT,340619774,0.91,4.08
2024-08-22,Curve,Polygon,7.96,DAI,317731503,1.23,3.36
2024-08-22,Curve,Base,7.43,USDC,304764281,1.24,3.56
2024-08-22,Curve,Base,6.71,USDT,359600503,1.82,3.5
2024-08-22,Curve,Base,5.4,DAI,317183655,1.52,4.27
2024-08-22,Uniswap V3,Ethereum,5.57,USDT,99909447,16.92,0
2024-08-22,Uniswap V3,Ethereum,6.56,DAI,93209606,24.23,0
2024-08-22,Uniswap V3,Arbitrum,6.78,USDT,89019718,1.97,4.2
2024-08-22,Uniswap V3,Optimism,7.03,USDC,88844039,1.89,4.36
2024-08-22,Uniswap V3,Optimism,8.27,USDT,92866266,1.45,3.77
2024-08-22,Uniswap V3,Optimism,6.38,DAI,89829272,1.39,3.93
2024-08-22,Uniswap V3,Polygon,9.02,USDT,103377267,1.14,2.44
2024-08-22,Uniswap V3,Base,8.63,USDC,99130216,1.49,4.05
2024-08-22,Uniswap V3,Base,7.2,DAI,100956441,1.96,3.99
2024-08-22,Yearn,Ethereum,3.29,USDC,119013698,16.19,0
2024-08-22,Yearn,Ethereum,3.09,USDT,119074476,19.61,0
2024-08-22,Yearn,Ethereum,3.07,DAI,117882464,16.17,0
2024-08-22,Yearn,Arbitrum,4.3,USDC,117210319,1.87,3.5
2024-08-22,Yearn,Arbitrum,4.09,USDT,122143532,2.02,4.85
2024-08-22,Yearn,Arbitrum,4.54,DAI,112080126,2.62,4.59
2024-08-22,Yearn,Optimism,3.64,USDC,121407191,1.93,4.35
2024-08-22,Yearn,Optimism,3.84,DAI,126703107,2.47,2.23
2024-08-22,Yearn,Polygon,4.6,USDC,122220337,1.0,2.69
2024-08-22,Yearn,Polygon,3.98,USDT,113587974,1.15,3.45
2024-08-22,Yearn,Polygon,3.84,DAI,128337742,1.0,2.24
2024-08-22,Yearn,Base,4.02,USDC,131224787,1.51,3.12
2024-08-22,Yearn,Base,4.57,USDT,118634994,1.1,4.99
2024-08-22,Yearn,Base,5.01,DAI,119301655,1.58,3.99
2024-08-22,Pendle,Ethereum,6.45,USDC,78546942,21.16,0
2024-08-22,Pendle,Ethereum,9.7,USDT,76035632,23.21,0
2024-08-22,Pendle,Ethereum,7.0,DAI,76180995,18.81,0
2024-08-22,Pendle,Arbitrum,9.29,USDT,73122896,2.74,5.62
2024-08-22,Pendle,Arbitrum,12.47,DAI,74231601,2.62,4.49
2024-08-22,Pendle,Optimism,9.17,USDC,73162981,1.48,3.53
2024-08-22,Pendle,Optimism,10.24,USDT,73723380,1.34,3.77
2024-08-22,Pendle,Optimism,8.34,DAI,79278590,1.63,4.56
2024-08-22,Pendle,Base,10.6,USDC,73368853,1.54,3.4
2024-08-22,Pendle,Base,9.24,USDT,70791319,1.47,3.5
2024-08-22,Pendle,Base,8.91,DAI,75070971,1.29,4.22
2024-08-22,Convex,Ethereum,5.24,USDC,148041431,19.46,0
2024-08-22,Convex,Ethereum,4.73,USDT,152896546,13.19,0
2024-08-22,Convex,Ethereum,5.42,DAI,150729831,16.89,0
2024-08-22,Balancer,Ethereum,4.92,USDC,110888751,18.75,0
2024-08-22,Balancer,Ethereum,6.29,USDT,111643687,17.43,0
2024-08-22,Balancer,Ethereum,6.6,DAI,116412209,14.2,0
2024-08-22,Balancer,Arbitrum,6.71,USDC,105795808,2.27,6.52
2024-08-22,Balancer,Arbitrum,7.23,DAI,111945403,2.99,4.39
2024-08-22,Balancer,Optimism,7.43,USDC,108607055,1.49,3.65
2024-08-22,Balancer,Optimism,6.43,USDT,114617954,2.08,4.38
2024-08-22,Balancer,Optimism,7.44,DAI,108978190,1.89,4.79
2024-08-22,Balancer,Polygon,7.99,USDC,115371559,0.86,2.72
2024-08-22,Balancer,Polygon,8.03,USDT,102154689,0.91,2.5
2024-08-22,Balancer,Polygon,7.88,DAI,103085472,1.0,2.77
2024-08-22,Balancer,Base,7.76,USDC,106446876,1.66,1.77
2024-08-22,Balancer,Base,8.15,USDT,112326592,1.23,2.75
2024-08-23,Aave,Ethereum,2.51,USDC,234485149,24.34,0
2024-08-23,Aave,Ethereum,2.57,USDT,242060411,19.21,0
2024-08-23,Aave,Ethereum,2.7,DAI,248005490,16.63,0
2024-08-23,Aave,Arbitrum,3.2,USDC,253786791,2.73,4.83
2024-08-23,Aave,Arbitrum,3.2,USDT,254481175,2.39,4.85
2024-08-23,Aave,Arbitrum,3.24,DAI,267411366,2.25,5.66
2024-08-23,Aave,Optimism,3.1,USDC,266001722,1.83,4.0
2024-08-23,Aave,Optimism,3.06,USDT,269663877,1.73,4.58
2024-08-23,Aave,Optimism,3.29,DAI,255631702,2.1,1.91
2024-08-23,Aave,Polygon,2.91,USDC,251822860,0.75,2.37
2024-08-23,Aave,Polygon,3.17,USDT,275139733,0.89,3.2
2024-08-23,Aave,Polygon,3.2,DAI,231012863,1.29,2.69
2024-08-23,Aave,Base,3.32,USDC,266585806,1.2,4.55
2024-08-23,Aave,Base,3.34,USDT,263032521,1.55,2.46
2024-08-23,Aave,Base,3.24,DAI,256000233,1.34,4.16
2024-08-23,Compound,Ethereum,2.58,USDT,191828188,18.59,0
2024-08-23,Compound,Ethereum,2.34,DAI,182125248,21.06,0
2024-08-23,Compound,Arbitrum,3.03,USDT,189868704,3.3,5.42
2024-08-23,Compound,Arbitrum,3.1,DAI,195202162,2.59,5.07
2024-08-23,Compound,Optimism,2.65,USDC,179521151,1.62,3.02
2024-08-23,Compound,Optimism,2.68,USDT,185896874,1.77,3.12
2024-08-23,Compound,Optimism,2.98,DAI,180946642,1.5,3.04
2024-08-23,Compound,Polygon,3.03,USDC,168726712,1.04,3.6
2024-08-23,Compound,Polygon,2.88,USDT,170319165,0.7,3.36
2024-08-23,Compound,Polygon,2.91,DAI,183016229,1.04,2.02
2024-08-23,Compound,Base,3.16,USDC,192025956,1.58,4.1
2024-08-23,Compound,Base,3.05,DAI,164722045,1.16,4.21
2024-08-23,Curve,Ethereum,5.23,USDC,306125720,13.95,0
2024-08-23,Curve,Ethereum,6.07,USDT,303334276,15.4,0
2024-08-23,Curve,Ethereum,4.35,DAI,307280385,22.67,0
2024-08-23,Curve,Arbitrum,5.72,USDC,325099473,1.99,4.95
2024-08-23,Curve,Arbitrum,6.94,USDT,307366660,2.63,4.71
2024-08-23,Curve,Arbitrum,5.45,DAI,325474163,2.15,3.72
2024-08-23,Curve,Optimism,5.55,USDC,336204193,1.71,3.42
2024-08-23,Curve,Optimism,7.66,USDT,331229721,1.99,4.66
2024-08-23,Curve,Optimism,7.85,DAI,308832407,1.56,4.16
2024-08-23,Curve,Polygon,6.85,USDC,329618694,1.02,3.71
2024-08-23,Curve,Polygon,7.21,USDT,333522974,1.08,3.75
2024-08-23,Curve,Polygon,7.52,DAI,326714665,0.86,2.86
2024-08-23,Curve,Base,6.3,USDC,320461503,1.72,5.11
2024-08-23,Curve,Base,6.83,DAI,334460751,1.55,4.07
2024-08-23,Uniswap V3,Ethereum,5.31,USDC,97394003,15.44,0
2024-08-23,Uniswap V3,Ethereum,7.43,USDT,91344446,17.27,0
2024-08-23,Uniswap V3,Ethereum,6.42,DAI,92030429,15.89,0
2024-08-23,Uniswap V3,Arbitrum,9.08,USDC,95631311,2.48,4.88
2024-08-23,Uniswap V3,Arbitrum,7.65,USDT,87861455,2.27,6.37
2024-08-23,Uniswap V3,Arbitrum,7.35,DAI,98458276,2.51,5.33
2024-08-23,Uniswap V3,Optimism,6.8,USDC,97472960,1.77,4.97
2024-08-23,Uniswap V3,Optimism,7.12,USDT,94319039,1.81,5.7
2024-08-23,Uniswap V3,Optimism,7.58,DAI,98027868,1.56,2.94
2024-08-23,Uniswap V3,Polygon,7.55,USDC,89556474,0.88,2.56
2024-08-23,Uniswap V3,Polygon,7.62,USDT,98833573,0.62,2.25
2024-08-23,Uniswap V3,Polygon,7.98,DAI,106659353,1.23,2.85
2024-08-23,Uniswap V3,Base,6.28,USDC,90969393,1.75,5.34
2024-08-23,Uniswap V3,Base,9.04,DAI,91609807,1.16,3.91
2024-08-23,Yearn,Ethereum,2.95,USDT,118657341,16.49,0
2024-08-23,Yearn,Ethereum,3.38,DAI,122618909,20.69,0
2024-08-23,Yearn,Arbitrum,4.2,USDC,117917621,2.39,5.61
2024-08-23,Yearn,Arbitrum,4.09,DAI,127133237,2.23,4.72
2024-08-23,Yearn,Optimism,4.41,USDC,119119485,1.1,3.5
2024-08-23,Yearn,Optimism,3.96,USDT,116993800,1.93,5.14
2024-08-23,Yearn,Optimism,4.45,DAI,109283270,1.85,4.44
2024-08-23,Yearn,Polygon,4.25,USDC,110989041,0.91,3.77
2024-08-23,Yearn,Polygon,4.43,USDT,119277194,1.0,3.06
2024-08-23,Yearn,Polygon,4.54,DAI,115106476,0.95,2.79
2024-08-23,Yearn,Base,4.66,USDC,117862997,1.52,4.69
2024-08-23,Yearn,Base,3.97,DAI,116204122,1.38,3.9
2024-08-23,Pendle,Ethereum,9.25,USDC,69890444,20.83,0
2024-08-23,Pendle,Ethereum,6.94,USDT,76909821,11.6,0
2024-08-23,Pendle,Arbitrum,10.81,USDC,77363291,1.83,5.58
2024-08-23,Pendle,Arbitrum,11.04,USDT,65852607,2.73,6.14
2024-08-23,Pendle,Arbitrum,8.67,DAI,77529238,1.59,5.77
2024-08-23,Pendle,Optimism,12.62,USDC,79414329,2.12,5.24
2024-08-23,Pendle,Optimism,10.48,USDT,78834897,1.23,2.95
2024-08-23,Pendle,Optimism,11.04,DAI,77512456,1.55,4.86
2024-08-23,Pendle,Base,8.78,USDC,76196055,1.67,4.39
2024-08-23,Pendle,Base,9.14,USDT,76448086,1.47,2.72
2024-08-23,Pendle,Base,8.25,DAI,73168911,1.24,3.86
2024-08-23,Convex,Ethereum,4.64,USDC,151668839,15.27,0
2024-08-23,Convex,Ethereum,4.89,USDT,141362962,15.2,0
2024-08-23,Convex,Ethereum,4.79,DAI,158337588,12.06,0
2024-08-23,Balancer,Ethereum,6.58,USDC,95719220,17.13,0
2024-08-23,Balancer,Ethereum,5.25,USDT,108287958,15.17,0
2024-08-23,Balancer,Ethereum,5.71,DAI,105324615,20.09,0
2024-08-23,Balancer,Arbitrum,7.63,USDC,109149951,2.14,5.4
2024-08-23,Balancer,Arbitrum,7.5,DAI,109420328,2.51,5.51
2024-08-23,Balancer,Optimism,6.75,USDT,115743157,1.53,4.55
2024-08-23,Balancer,Optimism,7.38,DAI,109190462,1.61,2.51
2024-08-23,Balancer,Polygon,7.0,USDC,112056562,0.93,2.99
2024-08-23,Balancer,Polygon,7.71,USDT,119307716,0.82,2.56
2024-08-23,Balancer,Polygon,6.8,DAI,101385417,1.14,3.01
2024-08-23,Balancer,Base,6.65,USDC,112999631,1.66,3.97
2024-08-23,Balancer,Base,8.41,USDT,110939643,1.36,2.69
2024-08-24,Aave,Ethereum,2.75,USDC,238714596,12.64,0
2024-08-24,Aave,Ethereum,2.08,USDT,263029104,15.17,0
2024-08-24,Aave,Ethereum,2.45,DAI,238317334,15.86,0
2024-08-24,Aave,Arbitrum,3.19,USDC,257991172,1.53,5.41
2024-08-24,Aave,Arbitrum,3.18,USDT,244435084,1.7,7.17
2024-08-24,Aave,Arbitrum,2.65,DAI,254578212,1.84,5.25
2024-08-24,Aave,Optimism,2.94,USDC,271503286,1.2,4.4
2024-08-24,Aave,Optimism,3.23,USDT,229037431,1.3,2.87
2024-08-24,Aave,Optimism,2.83,DAI,248828822,1.44,2.86
2024-08-24,Aave,Polygon,3.66,USDC,272215436,0.6,3.01
2024-08-24,Aave,Polygon,2.89,USDT,264258228,0.63,2.74
2024-08-24,Aave,Polygon,3.37,DAI,228349998,0.61,3.66
2024-08-24,Aave,Base,2.76,USDC,268147822,0.96,3.25
2024-08-24,Aave,Base,2.88,USDT,253776834,0.67,2.46
2024-08-24,Aave,Base,3.15,DAI,245936955,0.99,4.29
2024-08-24,Compound,Ethereum,2.57,USDC,181904604,13.31,0
2024-08-24,Compound,Ethereum,2.34,USDT,191681662,12.95,0
2024-08-24,Compound,Ethereum,2.34,DAI,188161884,11.42,0
2024-08-24,Compound,Arbitrum,2.91,USDC,185591218,1.32,4.39
2024-08-24,Compound,Arbitrum,2.77,USDT,176128949,1.78,2.52
2024-08-24,Compound,Arbitrum,3.22,DAI,160379436,1.67,5.62
2024-08-24,Compound,Optimism,3.03,USDC,199132377,1.49,3.28
2024-08-24,Compound,Optimism,2.78,USDT,183679949,1.17,4.42
2024-08-24,Compound,Optimism,2.54,DAI,192549731,1.14,3.98
2024-08-24,Compound,Polygon,3.25,USDC,193758674,0.82,2.64
2024-08-24,Compound,Polygon,2.69,USDT,167915636,0.71,3.82
2024-08-24,Compound,Polygon,3.05,DAI,176983973,0.53,3.33
2024-08-24,Compound,Base,2.95,USDC,190401305,0.73,3.81
2024-08-24,Compound,Base,3.2,USDT,190594824,0.96,3.1
2024-08-24,Curve,Ethereum,5.71,USDC,311352246,13.4,0
2024-08-24,Curve,Ethereum,5.77,USDT,365452807,13.49,0
2024-08-24,Curve,Ethereum,6.29,DAI,338923903,13.38,0
2024-08-24,Curve,Arbitrum,7.63,USDT,331807791,1.51,4.37
2024-08-24,Curve,Arbitrum,6.69,DAI,317786369,1.21,4.18
2024-08-24,Curve,Optimism,6.22,USDC,298581046,1.34,6.12
2024-08-24,Curve,Optimism,5.95,USDT,351144935,1.31,4.13
2024-08-24,Curve,Optimism,6.06,DAI,297580757,1.28,3.77
2024-08-24,Curve,Polygon,7.61,USDC,297522912,0.56,2.95
2024-08-24,Curve,Polygon,7.43,USDT,303771640,0.69,3.27
2024-08-24,Curve,Polygon,7.71,DAI,339094989,0.81,3.32
2024-08-24,Curve,Base,6.65,USDC,302705372,0.87,5.38
2024-08-24,Curve,Base,6.05,USDT,324698967,0.93,2.46
2024-08-24,Curve,Base,7.52,DAI,348328846,1.05,4.83
2024-08-24,Uniswap V3,Ethereum,4.7,USDC,103573696,14.05,0
2024-08-24,Uniswap V3,Ethereum,6.3,USDT,93689124,7.85,0
2024-08-24,Uniswap V3,Ethereum,7.69,DAI,89236611,11.96,0
2024-08-24,Uniswap V3,Arbitrum,6.76,USDC,99424984,1.61,4.51
2024-08-24,Uniswap V3,Arbitrum,7.86,DAI,90909352,1.81,4.51
2024-08-24,Uniswap V3,Optimism,7.01,USDC,93587568,1.3,4.4
2024-08-24,Uniswap V3,Optimism,8.76,USDT,97006761,1.06,3.97
2024-08-24,Uniswap V3,Optimism,9.46,DAI,96589439,1.15,4.33
2024-08-24,Uniswap V3,Polygon,7.87,USDC,97253721,0.6,3.33
2024-08-24,Uniswap V3,Polygon,6.95,USDT,107163276,0.42,3.34
2024-08-24,Uniswap V3,Polygon,6.4,DAI,103208589,0.63,2.85
2024-08-24,Uniswap V3,Base,9.25,USDC,99632403,1.15,4.84
2024-08-24,Uniswap V3,Base,8.38,USDT,93293644,0.98,4.64
2024-08-24,Uniswap V3,Base,6.99,DAI,95553932,0.47,4.16
2024-08-24,Yearn,Ethereum,3.83,USDC,112971009,11.82,0
2024-08-24,Yearn,Ethereum,2.98,USDT,128500919,10.2,0
2024-08-24,Yearn,Ethereum,2.98,DAI,117036727,11.87,0
2024-08-24,Yearn,Arbitrum,4.23,USDC,123409844,1.47,4.4
2024-08-24,Yearn,Arbitrum,3.84,USDT,127736788,1.54,4.35
2024-08-24,Yearn,Arbitrum,4.59,DAI,122433679,1.37,4.8
2024-08-24,Yearn,Optimism,3.96,USDT,116247492,1.2,4.17
2024-08-24,Yearn,Optimism,4.02,DAI,114954215,1.15,3.72
2024-08-24,Yearn,Polygon,4.95,USDC,123714779,0.73,2.86
2024-08-24,Yearn,Polygon,4.12,USDT,119287432,0.59,4.8
2024-08-24,Yearn,Polygon,4.6,DAI,119547283,0.65,2.4
2024-08-24,Yearn,Base,3.6,USDC,120296117,0.86,4.0
2024-08-24,Yearn,Base,4.3,USDT,132287458,1.01,3.07
2024-08-24,Pendle,Ethereum,8.45,USDC,80244096,11.77,0
2024-08-24,Pendle,Ethereum,6.87,USDT,75664845,14.44,0
2024-08-24,Pendle,Ethereum,7.6,DAI,68728914,12.02,0
2024-08-24,Pendle,Arbitrum,8.73,USDC,73886988,1.58,5.59
2024-08-24,Pendle,Arbitrum,8.28,USDT,76132798,1.78,7.23
2024-08-24,Pendle,Arbitrum,10.0,DAI,80560030,1.88,6.63
2024-08-24,Pendle,Optimism,10.44,USDT,78181667,1.12,4.35
2024-08-24,Pendle,Optimism,8.01,DAI,75484289,1.33,3.12
2024-08-24,Pendle,Base,10.24,USDT,75935229,0.99,3.79
2024-08-24,Convex,Ethereum,4.64,USDC,157736910,14.84,0
2024-08-24,Convex,Ethereum,4.76,USDT,137621068,12.37,0
2024-08-24,Balancer,Ethereum,6.6,USDC,111603404,14.1,0
2024-08-24,Balancer,Ethereum,5.44,USDT,116561902,13.11,0
2024-08-24,Balancer,Ethereum,5.64,DAI,110567658,9.49,0
2024-08-24,Balancer,Arbitrum,8.75,USDC,112567866,1.79,4.41
2024-08-24,Balancer,Arbitrum,7.18,USDT,102102665,1.41,4.53
2024-08-24,Balancer,Arbitrum,6.92,DAI,106177537,1.58,6.09
2024-08-24,Balancer,Optimism,5.71,USDC,112365297,1.49,3.21
2024-08-24,Balancer,Optimism,6.63,USDT,109492785,1.59,3.41
2024-08-24,Balancer,Optimism,6.99,DAI,102997651,1.64,4.15
2024-08-24,Balancer,Polygon,7.62,USDC,109148058,0.63,1.94
2024-08-24,Balancer,Polygon,7.99,USDT,118165998,0.73,3.23
2024-08-24,Balancer,Base,5.94,USDC,110014192,0.92,4.18
2024-08-24,Balancer,Base,6.28,USDT,109659287,1.1,2.45
2024-08-24,Balancer,Base,5.86,DAI,117901017,1.13,3.28
2024-08-25,Aave,Ethereum,2.67,USDC,263042859,11.75,0
2024-08-25,Aave,Ethereum,2.4,USDT,245043069,9.64,0
2024-08-25,Aave,Arbitrum,2.64,USDC,256471847,2.04,4.64
2024-08-25,Aave,Arbitrum,3.2,USDT,251283088,1.34,4.57
2024-08-25,Aave,Arbitrum,3.09,DAI,260582273,1.59,2.46
2024-08-25,Aave,Optimism,3.21,USDC,264655880,1.17,3.31
2024-08-25,Aave,Optimism,3.03,DAI,235339822,1.09,5.31
2024-08-25,Aave,Polygon,3.22,USDC,242583731,0.65,3.21
2024-08-25,Aave,Polygon,2.84,USDT,258353369,0.66,2.9
2024-08-25,Aave,Polygon,3.17,DAI,247502173,0.56,2.88
2024-08-25,Aave,Base,3.13,USDC,263533029,1.02,4.18
2024-08-25,Aave,Base,2.74,USDT,251575646,1.05,4.7
2024-08-25,Aave,Base,2.97,DAI,252958692,0.91,3.38
2024-08-25,Compound,Ethereum,2.43,USDC,174332354,11.64,0
2024-08-25,Compound,Ethereum,2.4,USDT,175575440,12.62,0
2024-08-25,Compound,Ethereum,2.51,DAI,191545664,12.89,0
2024-08-25,Compound,Arbitrum,3.0,USDC,181530558,1.43,4.91
2024-08-25,Compound,Arbitrum,2.85,USDT,174261908,1.76,5.18
2024-08-25,Compound,Arbitrum,3.05,DAI,170577935,1.74,6.26
2024-08-25,Compound,Optimism,3.17,USDC,190234130,1.29,3.56
2024-08-25,Compound,Optimism,2.72,USDT,182325960,0.89,3.19
2024-08-25,Compound,Optimism,3.31,DAI,182964984,1.41,4.02
2024-08-25,Compound,Polygon,3.24,USDC,184708998,0.79,2.59
2024-08-25,Compound,Polygon,3.13,USDT,176957671,0.62,2.93
2024-08-25,Compound,Polygon,3.0,DAI,173076392,0.65,2.64
2024-08-25,Compound,Base,2.59,USDC,181048320,1.01,4.3
2024-08-25,Compound,Base,2.32,USDT,195512149,1.22,4.24
2024-08-25,Compound,Base,2.73,DAI,193411246,0.73,5.33
2024-08-25,Curve,Ethereum,5.34,USDC,330343605,10.95,0
2024-08-25,Curve,Ethereum,5.42,USDT,287474976,9.58,0
2024-08-25,Curve,Ethereum,4.11,DAI,307102997,13.28,0
2024-08-25,Curve,Arbitrum,6.1,USDC,324801977,1.81,5.28
2024-08-25,Curve,Arbitrum,6.15,USDT,302123038,1.91,5.5
2024-08-25,Curve,Optimism,7.73,USDT,350009045,0.74,5.44
2024-08-25,Curve,Optimism,7.24,DAI,328106523,1.11,3.98
2024-08-25,Curve,Polygon,6.55,USDC,337824306,0.76,3.16
2024-08-25,Curve,Polygon,6.84,USDT,340734153,0.65,2.74
2024-08-25,Curve,Polygon,6.45,DAI,319139091,0.61,3.21
2024-08-25,Curve,Base,5.07,USDC,322121919,0.71,3.12
2024-08-25,Curve,Base,5.7,USDT,341874082,1.01,3.47
2024-08-25,Curve,Base,7.89,DAI,278942512,0.91,3.98
2024-08-25,Uniswap V3,Ethereum,7.16,USDC,94989063,10.38,0
2024-08-25,Uniswap V3,Ethereum,6.79,USDT,105501337,15.88,0
2024-08-25,Uniswap V3,Ethereum,6.01,DAI,95012378,15.91,0
2024-08-25,Uniswap V3,Arbitrum,8.94,USDC,95828300,1.52,3.85
2024-08-25,Uniswap V3,Arbitrum,7.45,USDT,86478484,1.74,5.1
2024-08-25,Uniswap V3,Arbitrum,7.97,DAI,96978532,1.53,4.42
2024-08-25,Uniswap V3,Optimism,8.92,USDC,103194052,1.26,4.4
2024-08-25,Uniswap V3,Optimism,6.96,USDT,98166028,0.88,5.23
2024-08-25,Uniswap V3,Optimism,7.93,DAI,94651669,0.8,3.42
2024-08-25,Uniswap V3,Polygon,5.68,USDC,102681005,0.65,2.96
2024-08-25,Uniswap V3,Polygon,8.39,USDT,97520557,0.5,2.46
2024-08-25,Uniswap V3,Polygon,7.62,DAI,95407814,0.79,2.19
2024-08-25,Uniswap V3,Base,7.89,USDC,102078904,0.78,2.09
2024-08-25,Uniswap V3,Base,7.05,USDT,95221899,1.04,2.65
2024-08-25,Uniswap V3,Base,6.57,DAI,97745246,0.81,3.66
2024-08-25,Yearn,Ethereum,3.55,USDC,126009648,11.24,0
2024-08-25,Yearn,Ethereum,3.36,USDT,117566947,14.41,0
2024-08-25,Yearn,Ethereum,3.3,DAI,125575338,10.11,0
2024-08-25,Yearn,Arbitrum,3.81,USDC,137163923,1.68,5.99
2024-08-25,Yearn,Arbitrum,4.39,USDT,129183678,1.25,5.41
2024-08-25,Yearn,Arbitrum,4.13,DAI,124158964,2.07,4.62
2024-08-25,Yearn,Optimism,4.01,USDT,119540335,0.85,4.13
2024-08-25,Yearn,Optimism,4.08,DAI,126011889,0.97,3.87
2024-08-25,Yearn,Polygon,4.6,USDC,131951192,0.69,2.91
2024-08-25,Yearn,Polygon,4.4,USDT,121363226,0.58,2.51
2024-08-25,Yearn,Polygon,4.06,DAI,129819358,0.7,2.69
2024-08-25,Yearn,Base,3.74,USDC,128043530,0.99,4.54
2024-08-25,Yearn,Base,4.44,USDT,127120679,0.71,4.54
2024-08-25,Yearn,Base,3.59,DAI,117258798,0.71,4.28
2024-08-25,Pendle,Ethereum,7.64,USDT,80519942,13.76,0
2024-08-25,Pendle,Ethereum,8.79,DAI,78272558,11.29,0
2024-08-25,Pendle,Arbitrum,11.27,USDC,73346184,2.34,7.38
2024-08-25,Pendle,Arbitrum,6.84,USDT,73395682,1.91,3.86
2024-08-25,Pendle,Optimism,10.18,USDC,78094943,1.18,4.17
2024-08-25,Pendle,Optimism,8.6,USDT,77561626,1.08,3.52
2024-08-25,Pendle,Optimism,9.13,DAI,83269946,1.8,3.75
2024-08-25,Pendle,Base,9.34,USDC,76221805,0.76,4.69
2024-08-25,Pendle,Base,10.27,USDT,75731520,1.11,4.76
2024-08-25,Pendle,Base,7.67,DAI,77367419,0.87,3.8
2024-08-25,Convex,Ethereum,4.56,USDT,161623680,13.16,0
2024-08-25,Balancer,Ethereum,6.0,USDC,114726906,9.54,0
2024-08-25,Balancer,Ethereum,5.38,USDT,109147130,11.68,0
2024-08-25,Balancer,Arbitrum,7.8,USDT,115513050,1.67,4.76
2024-08-25,Balancer,Arbitrum,7.53,DAI,109112632,1.49,4.04
2024-08-25,Balancer,Optimism,6.37,USDC,106792569,1.21,4.36
2024-08-25,Balancer,Optimism,6.84,USDT,120826930,1.22,4.04
2024-08-25,Balancer,Optimism,6.31,DAI,112363566,1.23,4.94
2024-08-25,Balancer,Polygon,6.97,USDC,105474594,0.69,2.38
2024-08-25,Balancer,Polygon,8.43,USDT,109639963,0.71,2.48
2024-08-25,Balancer,Polygon,7.16,DAI,116473529,0.66,2.7
2024-08-25,Balancer,Base,5.73,USDC,114205170,0.88,3.46
2024-08-25,Balancer,Base,7.19,USDT,121919657,0.98,4.81
2024-08-25,Balancer,Base,7.64,DAI,125282802,0.88,3.13
2024-08-26,Aave,Ethereum,2.78,USDC,260738027,15.74,0
2024-08-26,Aave,Ethereum,2.45,USDT,265457624,20.3,0
2024-08-26,Aave,Ethereum,2.45,DAI,254484928,13.34,0
2024-08-26,Aave,Arbitrum,3.0,USDC,266584283,2.65,7.84
2024-08-26,Aave,Arbitrum,3.01,USDT,274649533,2.39,4.55
2024-08-26,Aave,Arbitrum,3.31,DAI,270105457,2.14,4.33
2024-08-26,Aave,Optimism,2.55,USDC,249829170,2.12,3.56
2024-08-26,Aave,Optimism,2.56,USDT,264276522,1.81,4.22
2024-08-26,Aave,Optimism,2.78,DAI,257149940,1.28,3.4
2024-08-26,Aave,Polygon,3.21,USDC,267440571,1.08,2.99
2024-08-26,Aave,Polygon,2.93,USDT,241913739,0.82,2.05
2024-08-26,Aave,Polygon,3.49,DAI,259030218,0.89,3.28
2024-08-26,Aave,Base,3.35,USDC,250432378,1.33,4.35
2024-08-26,Aave,Base,2.68,USDT,239566708,1.64,3.79
2024-08-26,Aave,Base,3.19,DAI,251139300,1.32,4.12
2024-08-26,Compound,Ethereum,2.34,USDC,178882628,21.21,0
2024-08-26,Compound,Ethereum,2.48,DAI,188436087,17.57,0
2024-08-26,Compound,Arbitrum,3.02,USDC,199810959,2.97,5.19
2024-08-26,Compound,Arbitrum,3.03,USDT,197321965,2.34,4.69
2024-08-26,Compound,Arbitrum,3.03,DAI,180532364,2.66,3.44
2024-08-26,Compound,Optimism,2.97,USDC,187551017,1.67,3.97
2024-08-26,Compound,Optimism,2.93,DAI,184136066,1.31,4.67
2024-08-26,Compound,Polygon,3.14,USDC,195430749,0.8,3.96
2024-08-26,Compound,Polygon,3.18,USDT,189966894,0.99,2.6
2024-08-26,Compound,Polygon,3.12,DAI,179207598,1.21,2.82
2024-08-26,Compound,Base,3.1,USDC,194602914,1.29,3.38
2024-08-26,Compound,Base,2.71,USDT,188292434,1.52,3.0
2024-08-26,Curve,Ethereum,5.92,USDC,343974648,20.96,0
2024-08-26,Curve,Ethereum,5.8,DAI,351094260,19.66,0
2024-08-26,Curve,Arbitrum,6.75,USDT,310820243,1.6,3.72
2024-08-26,Curve,Arbitrum,8.88,DAI,352290148,2.41,4.63
2024-08-26,Curve,Optimism,7.18,DAI,348965368,2.01,3.2
2024-08-26,Curve,Polygon,7.87,USDC,345651314,0.86,2.33
2024-08-26,Curve,Polygon,7.05,USDT,356921795,1.09,3.38
2024-08-26,Curve,Polygon,8.96,DAI,302118043,0.82,1.74
2024-08-26,Curve,Base,7.12,USDC,350379481,1.63,3.75
2024-08-26,Curve,Base,7.51,USDT,330984471,1.39,2.87
2024-08-26,Curve,Base,6.93,DAI,319170507,1.4,3.85
2024-08-26,Uniswap V3,Ethereum,6.47,USDC,93426944,18.59,0
2024-08-26,Uniswap V3,Ethereum,5.67,USDT,103593262,22.54,0
2024-08-26,Uniswap V3,Arbitrum,9.62,USDC,99651986,2.43,5.25
2024-08-26,Uniswap V3,Arbitrum,9.03,USDT,104176967,2.44,5.07
2024-08-26,Uniswap V3,Arbitrum,7.13,DAI,98335880,1.81,6.36
2024-08-26,Uniswap V3,Optimism,8.41,USDC,107056964,1.75,4.8
2024-08-26,Uniswap V3,Optimism,6.37,USDT,105249853,2.13,4.13
2024-08-26,Uniswap V3,Optimism,8.22,DAI,103005260,1.7,4.09
2024-08-26,Uniswap V3,Polygon,6.41,USDC,101000215,1.0,3.19
2024-08-26,Uniswap V3,Polygon,7.73,USDT,100649427,1.07,2.59
2024-08-26,Uniswap V3,Polygon,8.57,DAI,107057814,0.86,2.45
2024-08-26,Uniswap V3,Base,8.74,USDC,102486955,1.18,2.22
2024-08-26,Uniswap V3,Base,8.44,USDT,95546938,1.28,4.32
2024-08-26,Uniswap V3,Base,7.74,DAI,102599318,1.5,4.54
2024-08-26,Yearn,Ethereum,3.32,USDC,123489433,13.09,0
2024-08-26,Yearn,Ethereum,3.26,USDT,124052899,19.75,0
2024-08-26,Yearn,Ethereum,3.24,DAI,116555081,20.85,0
2024-08-26,Yearn,Arbitrum,4.03,USDC,120832616,2.29,6.32
2024-08-26,Yearn,Arbitrum,4.63,USDT,120056004,2.25,5.92
2024-08-26,Yearn,Arbitrum,3.94,DAI,116010365,2.41,5.09
2024-08-26,Yearn,Optimism,3.84,USDT,114769069,2.12,4.37
2024-08-26,Yearn,Optimism,4.57,DAI,123101070,0.95,3.81
2024-08-26,Yearn,Polygon,3.97,USDC,125743997,1.1,3.01
2024-08-26,Yearn,Polygon,3.79,USDT,118736262,1.2,3.61
2024-08-26,Yearn,Polygon,4.4,DAI,134419231,0.75,2.04
2024-08-26,Yearn,Base,3.87,USDC,120056914,1.05,4.25
2024-08-26,Yearn,Base,4.1,USDT,124509395,1.26,3.54
2024-08-26,Yearn,Base,4.01,DAI,133692127,1.1,3.7
2024-08-26,Pendle,Ethereum,9.98,USDC,75198634,19.24,0
2024-08-26,Pendle,Ethereum,8.1,USDT,83837910,18.78,0
2024-08-26,Pendle,Ethereum,6.72,DAI,70587123,17.95,0
2024-08-26,Pendle,Arbitrum,8.37,USDC,76269505,1.99,5.14
2024-08-26,Pendle,Arbitrum,7.65,USDT,80338903,2.62,5.44
2024-08-26,Pendle,Arbitrum,9.65,DAI,75430328,2.38,6.05
2024-08-26,Pendle,Optimism,11.48,USDC,81298285,1.6,4.42
2024-08-26,Pendle,Optimism,10.88,USDT,75966291,1.82,4.2
2024-08-26,Pendle,Optimism,9.21,DAI,85719782,1.51,4.52
2024-08-26,Pendle,Base,10.87,USDC,79645515,1.41,4.87
2024-08-26,Pendle,Base,10.47,USDT,77486846,1.31,3.88
2024-08-26,Pendle,Base,11.05,DAI,82793794,1.57,3.71
2024-08-26,Convex,Ethereum,4.71,USDC,163448577,13.03,0
2024-08-26,Convex,Ethereum,4.54,USDT,162124888,20.24,0
2024-08-26,Convex,Ethereum,4.48,DAI,153822476,19.05,0
2024-08-26,Balancer,Ethereum,5.97,USDC,114474717,11.92,0
2024-08-26,Balancer,Ethereum,5.74,USDT,122772684,12.6,0
2024-08-26,Balancer,Ethereum,5.73,DAI,106036569,18.94,0
2024-08-26,Balancer,Arbitrum,7.23,USDC,120952492,1.62,4.73
2024-08-26,Balancer,Arbitrum,8.13,USDT,106695227,2.48,4.14
2024-08-26,Balancer,Arbitrum,7.2,DAI,121923079,2.03,5.87
2024-08-26,Balancer,Optimism,8.4,USDC,117020686,2.38,3.81
2024-08-26,Balancer,Optimism,6.98,USDT,115913467,1.47,4.38
2024-08-26,Balancer,Optimism,6.8,DAI,120817066,1.8,2.22
2024-08-26,Balancer,Polygon,7.1,USDC,109386366,1.33,2.52
2024-08-26,Balancer,Polygon,7.55,USDT,126570938,0.89,4.35
2024-08-26,Balancer,Polygon,8.01,DAI,113129771,1.09,3.56
2024-08-26,Balancer,Base,7.15,USDT,113439409,1.27,4.32
2024-08-26,Balancer,Base,7.25,DAI,110387682,1.62,2.98
2024-08-27,Aave,Ethereum,2.49,USDT,251453368,17.03,0
2024-08-27,Aave,Ethereum,2.69,DAI,264250339,20.34,0
2024-08-27,Aave,Arbitrum,3.48,USDC,272018353,2.1,5.09
2024-08-27,Aave,Arbitrum,3.33,USDT,247522158,2.13,6.19
2024-08-27,Aave,Arbitrum,3.16,DAI,254926739,2.12,5.07
2024-08-27,Aave,Optimism,3.22,USDC,287187141,2.08,3.6
2024-08-27,Aave,Optimism,2.56,USDT,237014546,1.53,4.51
2024-08-27,Aave,Optimism,3.07,DAI,261784020,2.04,5.02
2024-08-27,Aave,Polygon,3.77,USDC,256613849,1.13,2.78
2024-08-27,Aave,Polygon,3.59,USDT,245454979,1.11,3.09
2024-08-27,Aave,Polygon,3.0,DAI,250613279,1.04,3.09
2024-08-27,Aave,Base,3.26,DAI,277486133,1.1,4.37
2024-08-27,Compound,Ethereum,2.41,USDC,184838995,18.4,0
2024-08-27,Compound,Ethereum,2.43,DAI,176229571,12.47,0
2024-08-27,Compound,Arbitrum,3.39,USDC,190480107,2.19,4.86
2024-08-27,Compound,Arbitrum,3.21,USDT,186893737,2.05,5.53
2024-08-27,Compound,Arbitrum,3.55,DAI,200520711,1.82,3.8
2024-08-27,Compound,Optimism,2.53,USDC,189865399,1.72,2.5
2024-08-27,Compound,Optimism,2.83,USDT,195817678,1.16,4.33
2024-08-27,Compound,Optimism,3.14,DAI,183373251,1.99,4.89
2024-08-27,Compound,Polygon,2.98,USDC,202208068,0.86,3.43
2024-08-27,Compound,Polygon,3.22,USDT,186612436,1.03,2.85
2024-08-27,Compound,Polygon,3.12,DAI,162959152,0.85,3.25
2024-08-27,Compound,Base,2.89,USDC,186990065,1.68,4.0
2024-08-27,Compound,Base,3.04,USDT,185593854,1.26,2.86
2024-08-27,Compound,Base,3.44,DAI,194788878,1.63,3.19
2024-08-27,Curve,Ethereum,5.93,USDC,352050718,18.33,0
2024-08-27,Curve,Ethereum,5.65,USDT,356697809,21.19,0
2024-08-27,Curve,Ethereum,4.3,DAI,323259862,15.04,0
2024-08-27,Curve,Arbitrum,7.14,USDC,330640490,2.01,6.83
2024-08-27,Curve,Arbitrum,7.15,USDT,363189599,1.59,6.1
2024-08-27,Curve,Arbitrum,5.86,DAI,345691744,2.55,7.05
2024-08-27,Curve,Optimism,6.61,USDC,342680842,1.85,4.59
2024-08-27,Curve,Optimism,6.67,USDT,303292202,1.84,4.66
2024-08-27,Curve,Optimism,7.72,DAI,351797839,1.8,4.54
2024-08-27,Curve,Polygon,7.66,USDC,346578081,0.92,3.08
2024-08-27,Curve,Polygon,8.49,USDT,343361326,0.86,2.99
2024-08-27,Curve,Polygon,6.2,DAI,316073896,0.73,2.47
2024-08-27,Curve,Base,7.13,USDC,345807140,1.71,4.47
2024-08-27,Curve,Base,7.68,USDT,346587256,1.37,3.46
2024-08-27,Curve,Base,6.47,DAI,321082754,1.75,4.09
2024-08-27,Uniswap V3,Ethereum,5.72,USDC,92409624,21.79,0
2024-08-27,Uniswap V3,Ethereum,6.67,USDT,103190638,22.24,0
2024-08-27,Uniswap V3,Ethereum,5.52,DAI,97743695,18.76,0
2024-08-27,Uniswap V3,Arbitrum,7.47,USDC,99798451,2.07,5.17
2024-08-27,Uniswap V3,Arbitrum,6.37,USDT,98436247,2.49,4.35
2024-08-27,Uniswap V3,Arbitrum,8.75,DAI,100322096,2.26,3.83
2024-08-27,Uniswap V3,Optimism,7.47,USDC,99142802,1.94,4.46
2024-08-27,Uniswap V3,Optimism,8.05,USDT,91388532,1.8,4.99
2024-08-27,Uniswap V3,Polygon,9.21,USDC,106616863,0.86,2.27
2024-08-27,Uniswap V3,Polygon,7.49,USDT,97824139,0.93,2.6
2024-08-27,Uniswap V3,Polygon,6.99,DAI,100178285,1.05,3.04
2024-08-27,Uniswap V3,Base,8.26,USDC,102821048,1.43,5.27
2024-08-27,Uniswap V3,Base,6.9,USDT,98848683,1.65,1.83
2024-08-27,Uniswap V3,Base,7.08,DAI,98241865,1.34,3.02
2024-08-27,Yearn,Ethereum,3.66,USDC,117497948,14.64,0
2024-08-27,Yearn,Ethereum,3.2,USDT,124782849,15.72,0
2024-08-27,Yearn,Ethereum,3.22,DAI,125331170,18.05,0
2024-08-27,Yearn,Arbitrum,4.65,USDC,124726370,1.83,4.74
2024-08-27,Yearn,Arbitrum,4.64,USDT,129406545,2.02,6.71
2024-08-27,Yearn,Arbitrum,4.49,DAI,132104730,2.15,5.49
2024-08-27,Yearn,Optimism,4.21,USDC,129476981,1.67,3.94
2024-08-27,Yearn,Optimism,3.77,DAI,127154376,1.43,4.19
2024-08-27,Yearn,Polygon,4.46,USDC,129147380,0.75,4.18
2024-08-27,Yearn,Polygon,3.52,USDT,128302690,1.08,2.99
2024-08-27,Yearn,Polygon,4.41,DAI,124626378,0.88,3.06
2024-08-27,Yearn,Base,4.04,USDC,124295548,1.38,3.84
2024-08-27,Yearn,Base,3.57,USDT,130327673,1.73,3.07
2024-08-27,Yearn,Base,3.92,DAI,127996560,1.16,2.98
2024-08-27,Pendle,Ethereum,8.1,USDC,79174251,18.74,0
2024-08-27,Pendle,Ethereum,6.8,USDT,81302485,21.03,0
2024-08-27,Pendle,Ethereum,6.68,DAI,74107130,17.28,0
2024-08-27,Pendle,Arbitrum,8.66,USDC,81183776,2.54,4.51
2024-08-27,Pendle,Arbitrum,10.74,USDT,82728501,2.43,6.14
2024-08-27,Pendle,Arbitrum,8.93,DAI,84659215,2.69,4.77
2024-08-27,Pendle,Optimism,9.44,USDC,79942512,1.83,3.12
2024-08-27,Pendle,Optimism,9.97,USDT,82917669,2.28,4.12
2024-08-27,Pendle,Base,9.53,USDC,80311290,1.13,4.8
2024-08-27,Pendle,Base,9.15,USDT,76912884,1.74,4.73
2024-08-27,Pendle,Base,9.67,DAI,80672192,1.23,4.41
2024-08-27,Convex,Ethereum,5.14,USDC,167653281,15.74,0
2024-08-27,Convex,Ethereum,4.94,USDT,153528279,15.96,0
2024-08-27,Convex,Ethereum,5.32,DAI,168061113,19.58,0
2024-08-27,Balancer,Ethereum,4.69,USDC,118330808,15.07,0
2024-08-27,Balancer,Ethereum,5.08,USDT,111389306,14.8,0
2024-08-27,Balancer,Ethereum,6.08,DAI,123264113,17.77,0
2024-08-27,Balancer,Arbitrum,6.21,USDC,116036195,2.11,6.07
2024-08-27,Balancer,Arbitrum,7.49,USDT,110736719,2.18,4.42
2024-08-27,Balancer,Optimism,6.91,USDC,117479391,1.53,3.1
2024-08-27,Balancer,Optimism,8.02,USDT,111114290,1.76,4.79
2024-08-27,Balancer,Optimism,6.85,DAI,114650074,1.71,4.79
2024-08-27,Balancer,Polygon,7.23,USDC,114348903,1.02,3.67
2024-08-27,Balancer,Base,8.11,USDC,109405924,1.56,3.83
2024-08-27,Balancer,Base,7.38,USDT,114927241,1.24,4.01
2024-08-27,Balancer,Base,6.88,DAI,119731797,1.52,4.93
2024-08-28,Aave,Ethereum,2.45,USDC,275947942,20.58,0
2024-08-28,Aave,Ethereum,2.84,DAI,267545776,19.03,0
2024-08-28,Aave,Arbitrum,3.51,USDC,268777174,2.74,5.19
2024-08-28,Aave,Arbitrum,3.38,USDT,278859108,2.24,6.08
2024-08-28,Aave,Arbitrum,3.4,DAI,276962274,2.36,4.3
2024-08-28,Aave,Optimism,3.08,USDC,262880874,1.78,2.88
2024-08-28,Aave,Optimism,3.25,USDT,276166354,1.61,2.79
2024-08-28,Aave,Optimism,2.84,DAI,268598001,1.95,4.31
2024-08-28,Aave,Polygon,3.4,USDC,256401685,0.86,3.26
2024-08-28,Aave,Polygon,3.33,USDT,279176509,1.03,3.37
2024-08-28,Aave,Polygon,3.2,DAI,272287466,1.03,2.63
2024-08-28,Aave,Base,2.88,USDC,279977545,1.39,5.56
2024-08-28,Aave,Base,3.16,DAI,256257379,0.92,4.57
2024-08-28,Compound,Ethereum,2.64,USDT,182636457,19.42,0
2024-08-28,Compound,Ethereum,2.27,DAI,189750714,17.53,0
2024-08-28,Compound,Arbitrum,2.91,USDC,194308843,2.93,5.57
2024-08-28,Compound,Arbitrum,2.9,USDT,182441101,2.76,3.91
2024-08-28,Compound,Arbitrum,2.93,DAI,179185391,2.49,5.62
2024-08-28,Compound,Optimism,2.84,USDT,181868894,1.73,2.84
2024-08-28,Compound,Optimism,3.03,DAI,188346852,1.83,5.18
2024-08-28,Compound,Polygon,3.37,USDC,182449205,0.95,3.05
2024-08-28,Compound,Polygon,3.05,USDT,207018726,1.08,3.24
2024-08-28,Compound,Polygon,3.19,DAI,209521991,0.76,1.0
2024-08-28,Compound,Base,3.3,USDT,188861519,1.25,3.87
2024-08-28,Compound,Base,3.01,DAI,195780594,1.43,4.14
2024-08-28,Curve,Ethereum,5.72,USDC,337486641,20.37,0
2024-08-28,Curve,Ethereum,6.05,USDT,345427819,18.52,0
2024-08-28,Curve,Ethereum,6.34,DAI,359220153,15.35,0
2024-08-28,Curve,Arbitrum,7.28,USDC,336551420,2.58,5.4
2024-08-28,Curve,Arbitrum,5.86,USDT,354844362,2.51,4.62
2024-08-28,Curve,Arbitrum,4.89,DAI,353159709,2.29,5.59
2024-08-28,Curve,Optimism,7.4,USDC,343699431,1.79,5.24
2024-08-28,Curve,Optimism,6.31,USDT,309182954,1.6,4.87
2024-08-28,Curve,Polygon,7.14,USDC,337191638,0.83,2.35
2024-08-28,Curve,Polygon,8.71,USDT,316873699,1.07,2.21
2024-08-28,Curve,Polygon,6.62,DAI,344198678,0.97,2.19
2024-08-28,Curve,Base,6.78,USDC,358332527,1.7,4.8
2024-08-28,Curve,Base,8.48,DAI,376065369,1.66,3.01
2024-08-28,Uniswap V3,Ethereum,6.79,USDC,110849752,17.94,0
2024-08-28,Uniswap V3,Ethereum,6.27,DAI,102118334,17.15,0
2024-08-28,Uniswap V3,Arbitrum,8.27,USDC,92771498,2.34,5.41
2024-08-28,Uniswap V3,Arbitrum,7.46,USDT,97155964,2.28,5.63
2024-08-28,Uniswap V3,Arbitrum,8.54,DAI,109142765,2.82,5.11
2024-08-28,Uniswap V3,Optimism,6.64,USDC,101808255,1.91,5.21
2024-08-28,Uniswap V3,Optimism,6.11,USDT,91972946,2.28,3.71
2024-08-28,Uniswap V3,Optimism,6.39,DAI,106334412,1.4,3.61
2024-08-28,Uniswap V3,Polygon,7.73,USDC,102112122,1.02,2.54
2024-08-28,Uniswap V3,Polygon,6.78,USDT,94997948,0.93,2.45
2024-08-28,Uniswap V3,Polygon,10.46,DAI,105836028,0.9,3.42
2024-08-28,Uniswap V3,Base,8.23,USDC,103128496,1.22,3.81
2024-08-28,Uniswap V3,Base,8.15,USDT,106192930,1.54,2.74
2024-08-28,Uniswap V3,Base,8.69,DAI,93013018,1.55,3.15
2024-08-28,Yearn,Ethereum,3.35,USDC,127591487,23.52,0
2024-08-28,Yearn,Ethereum,3.37,USDT,128070741,14.35,0
2024-08-28,Yearn,Ethereum,3.39,DAI,134361111,18.71,0
2024-08-28,Yearn,Arbitrum,3.79,USDC,118584413,2.71,5.3
2024-08-28,Yearn,Arbitrum,4.25,USDT,128032483,3.42,4.44
2024-08-28,Yearn,Arbitrum,4.29,DAI,136343818,2.28,3.59
2024-08-28,Yearn,Optimism,3.78,USDC,124720653,1.16,3.92
2024-08-28,Yearn,Optimism,4.05,USDT,134851900,1.72,4.11
2024-08-28,Yearn,Optimism,3.71,DAI,124561805,1.63,2.54
2024-08-28,Yearn,Polygon,4.24,USDC,126504080,0.88,3.17
2024-08-28,Yearn,Polygon,4.92,USDT,130539275,1.27,2.67
2024-08-28,Yearn,Polygon,4.89,DAI,122099503,0.75,3.29
2024-08-28,Yearn,Base,3.81,USDC,120539232,1.07,3.65
2024-08-28,Yearn,Base,3.97,USDT,127544447,1.51,4.35
2024-08-28,Yearn,Base,4.31,DAI,121192455,1.29,4.31
2024-08-28,Pendle,Ethereum,7.38,USDC,86005803,14.42,0
2024-08-28,Pendle,Ethereum,9.94,USDT,83832396,19.68,0
2024-08-28,Pendle,Ethereum,8.8,DAI,78794550,14.24,0
2024-08-28,Pendle,Arbitrum,10.48,USDC,74777057,1.95,5.1
2024-08-28,Pendle,Arbitrum,9.19,USDT,80957727,2.57,3.58
2024-08-28,Pendle,Optimism,10.69,USDC,78632941,1.36,3.88
2024-08-28,Pendle,Optimism,8.45,USDT,77920388,1.75,5.29
2024-08-28,Pendle,Optimism,8.56,DAI,76930509,2.13,2.84
2024-08-28,Pendle,Base,10.65,USDC,82199222,1.57,5.34
2024-08-28,Pendle,Base,8.19,USDT,78618780,1.61,4.48
2024-08-28,Pendle,Base,9.63,DAI,80150668,1.48,5.62
2024-08-28,Convex,Ethereum,4.74,USDC,160499954,15.09,0
2024-08-28,Convex,Ethereum,4.58,USDT,165366097,20.33,0
2024-08-28,Convex,Ethereum,5.25,DAI,163988388,15.32,0
2024-08-28,Balancer,Ethereum,6.58,USDC,124192057,18.18,0
2024-08-28,Balancer,Ethereum,5.02,USDT,120384831,14.38,0
2024-08-28,Balancer,Ethereum,5.98,DAI,122192696,15.96,0
2024-08-28,Balancer,Arbitrum,6.04,USDC,111618902,2.36,5.08
2024-08-28,Balancer,Arbitrum,5.75,USDT,114678914,2.71,3.82
2024-08-28,Balancer,Arbitrum,7.93,DAI,122785822,2.05,5.91
2024-08-28,Balancer,Optimism,7.79,USDC,114996151,1.61,3.43
2024-08-28,Balancer,Optimism,6.65,USDT,121862569,1.47,4.4
2024-08-28,Balancer,Optimism,6.77,DAI,107230789,1.86,3.15
2024-08-28,Balancer,Polygon,7.26,USDC,109058670,1.01,2.81
2024-08-28,Balancer,Polygon,6.23,USDT,119251261,1.09,3.17
2024-08-28,Balancer,Polygon,7.76,DAI,115545935,1.0,3.18
2024-08-28,Balancer,Base,7.36,USDC,114458338,1.12,4.14
2024-08-28,Balancer,Base,5.68,USDT,113795654,1.53,3.28
2024-08-28,Balancer,Base,5.99,DAI,111607438,1.38,3.69
2024-08-29,Aave,Ethereum,2.43,USDC,259566384,15.75,0
2024-08-29,Aave,Ethereum,2.28,USDT,270017988,22.97,0
2024-08-29,Aave,Ethereum,2.62,DAI,255597979,20.32,0
2024-08-29,Aave,Arbitrum,2.72,USDC,264999712,2.1,5.88
2024-08-29,Aave,Arbitrum,3.59,USDT,277049534,2.24,4.24
2024-08-29,Aave,Arbitrum,2.69,DAI,260517129,2.38,5.4
2024-08-29,Aave,Optimism,2.99,USDT,260234719,2.3,2.57
2024-08-29,Aave,Polygon,2.53,USDC,251467658,0.89,1.65
2024-08-29,Aave,Polygon,3.27,USDT,271338959,0.66,4.06
2024-08-29,Aave,Polygon,3.14,DAI,267297479,1.06,2.67
2024-08-29,Aave,Base,3.23,USDC,275455301,1.75,4.33
2024-08-29,Aave,Base,3.21,USDT,265070573,1.23,4.71
2024-08-29,Aave,Base,3.24,DAI,295970298,1.1,4.31
2024-08-29,Compound,Ethereum,2.51,USDC,193503662,18.47,0
2024-08-29,Compound,Ethereum,2.17,USDT,190118257,14.32,0
2024-08-29,Compound,Ethereum,2.31,DAI,196726668,20.07,0
2024-08-29,Compound,Arbitrum,2.94,USDC,216242630,2.4,5.96
2024-08-29,Compound,Arbitrum,3.15,USDT,190713554,2.46,4.19
2024-08-29,Compound,Arbitrum,3.0,DAI,190876590,2.07,4.39
2024-08-29,Compound,Optimism,2.81,USDC,186032040,1.87,4.2
2024-08-29,Compound,Optimism,3.03,USDT,191083531,1.64,5.47
2024-08-29,Compound,Optimism,2.87,DAI,195331591,2.04,5.15
2024-08-29,Compound,Polygon,3.24,USDC,202429906,0.96,2.93
2024-08-29,Compound,Base,3.03,USDC,193675330,1.66,3.06
2024-08-29,Compound,Base,2.65,USDT,181580113,1.38,4.87
2024-08-29,Compound,Base,2.42,DAI,195513709,1.22,2.81
2024-08-29,Curve,Ethereum,5.79,USDC,343062138,16.63,0
2024-08-29,Curve,Ethereum,5.32,USDT,356425910,16.5,0
2024-08-29,Curve,Ethereum,4.74,DAI,325086082,16.2,0
2024-08-29,Curve,Arbitrum,5.93,USDC,347458494,2.66,5.03
2024-08-29,Curve,Arbitrum,5.36,USDT,329183637,2.3,3.23
2024-08-29,Curve,Arbitrum,7.21,DAI,348658198,2.95,5.74
2024-08-29,Curve,Optimism,6.41,USDC,331989750,1.6,4.46
2024-08-29,Curve,Optimism,8.26,DAI,338227794,1.64,5.33
2024-08-29,Curve,Polygon,8.42,USDT,345351816,0.97,2.55
2024-08-29,Curve,Polygon,7.7,DAI,367478334,0.69,4.09
2024-08-29,Curve,Base,6.34,USDC,372826058,1.11,3.75
2024-08-29,Curve,Base,6.95,DAI,375531512,1.1,3.6
2024-08-29,Uniswap V3,Ethereum,6.46,USDC,105382214,18.69,0
2024-08-29,Uniswap V3,Ethereum,6.09,USDT,110245266,18.56,0
2024-08-29,Uniswap V3,Ethereum,5.37,DAI,104982690,19.98,0
2024-08-29,Uniswap V3,Arbitrum,6.0,USDC,105562035,1.8,6.57
2024-08-29,Uniswap V3,Arbitrum,8.07,USDT,103362073,2.44,7.02
2024-08-29,Uniswap V3,Optimism,7.52,USDC,102990720,2.33,2.74
2024-08-29,Uniswap V3,Optimism,6.58,USDT,105993932,1.46,4.44
2024-08-29,Uniswap V3,Optimism,6.09,DAI,110901005,1.46,3.98
2024-08-29,Uniswap V3,Polygon,8.32,USDC,108448774,1.07,3.31
2024-08-29,Uniswap V3,Polygon,9.14,USDT,111425496,0.8,2.33
2024-08-29,Uniswap V3,Polygon,9.08,DAI,93640711,0.99,2.48
2024-08-29,Uniswap V3,Base,7.7,USDC,98678229,1.62,4.27
2024-08-29,Uniswap V3,Base,5.54,USDT,105906431,1.2,5.01
2024-08-29,Uniswap V3,Base,7.85,DAI,97721171,1.41,4.16
2024-08-29,Yearn,Ethereum,3.15,USDC,133210915,16.16,0
2024-08-29,Yearn,Ethereum,3.42,USDT,139882840,14.59,0
2024-08-29,Yearn,Ethereum,3.21,DAI,132531956,14.13,0
2024-08-29,Yearn,Arbitrum,4.27,USDC,140242200,2.45,3.51
2024-08-29,Yearn,Arbitrum,3.8,USDT,139177954,2.57,3.28
2024-08-29,Yearn,Arbitrum,3.78,DAI,126137067,2.49,5.61
2024-08-29,Yearn,Optimism,4.24,USDC,131714686,1.58,4.59
2024-08-29,Yearn,Optimism,4.11,USDT,134623202,1.59,5.14
2024-08-29,Yearn,Optimism,4.12,DAI,130683849,1.73,3.87
2024-08-29,Yearn,Polygon,3.71,USDC,126720007,1.01,2.14
2024-08-29,Yearn,Polygon,4.23,DAI,134911795,0.77,2.1
2024-08-29,Yearn,Base,3.84,USDC,120829983,1.54,4.8
2024-08-29,Yearn,Base,4.32,USDT,144550912,1.11,2.97
2024-08-29,Yearn,Base,4.06,DAI,135955187,1.74,5.18
2024-08-29,Pendle,Ethereum,9.27,USDC,80976134,15.8,0
2024-08-29,Pendle,Ethereum,8.49,USDT,91119260,17.59,0
2024-08-29,Pendle,Ethereum,9.1,DAI,90080293,13.86,0
2024-08-29,Pendle,Arbitrum,8.56,USDC,84186590,1.8,4.94
2024-08-29,Pendle,Arbitrum,9.72,USDT,78028462,1.98,4.58
2024-08-29,Pendle,Arbitrum,9.27,DAI,79978340,2.65,3.4
2024-08-29,Pendle,Optimism,10.04,USDC,85397263,1.94,4.55
2024-08-29,Pendle,Optimism,10.17,USDT,78045107,2.2,2.64
2024-08-29,Pendle,Optimism,10.48,DAI,79625575,1.69,4.02
2024-08-29,Pendle,Base,10.24,USDC,84411574,1.69,3.52
2024-08-29,Pendle,Base,8.8,USDT,86280405,1.42,4.76
2024-08-29,Pendle,Base,10.84,DAI,79530155,1.33,4.81
2024-08-29,Convex,Ethereum,4.91,USDT,161714711,16.91,0
2024-08-29,Balancer,Ethereum,5.82,USDC,120289968,20.89,0
2024-08-29,Balancer,Ethereum,7.21,DAI,122755725,12.92,0
2024-08-29,Balancer,Arbitrum,6.86,USDC,124767135,1.9,6.83
2024-08-29,Balancer,Arbitrum,6.61,USDT,121148325,2.04,6.68
2024-08-29,Balancer,Arbitrum,6.99,DAI,126875226,2.31,4.58
2024-08-29,Balancer,Optimism,7.77,USDC,119086003,1.58,3.3
2024-08-29,Balancer,Optimism,6.73,USDT,109859431,1.11,3.41
2024-08-29,Balancer,Optimism,7.35,DAI,123883570,1.96,4.79
2024-08-29,Balancer,Polygon,6.04,USDC,121880949,1.32,3.57
2024-08-29,Balancer,Polygon,7.83,USDT,116316992,0.94,3.12
2024-08-29,Balancer,Polygon,7.1,DAI,127166784,0.88,2.45
2024-08-29,Balancer,Base,6.82,USDC,116387349,1.72,3.48
2024-08-29,Balancer,Base,7.32,USDT,119306596,1.57,4.28
2024-08-29,Balancer,Base,6.2,DAI,109989298,1.0,4.23
2024-08-30,Aave,Ethereum,2.28,USDC,280910471,19.76,0
2024-08-30,Aave,Ethereum,2.52,USDT,280667665,16.68,0
2024-08-30,Aave,Ethereum,2.58,DAI,285892566,15.44,0
2024-08-30,Aave,Arbitrum,3.08,USDC,292000018,2.06,5.17
2024-08-30,Aave,Arbitrum,2.69,USDT,274496033,2.6,6.82
2024-08-30,Aave,Arbitrum,2.91,DAI,272714896,2.23,3.93
2024-08-30,Aave,Optimism,3.11,USDC,279715442,1.63,2.98
2024-08-30,Aave,Optimism,2.78,USDT,282053837,1.62,3.49
2024-08-30,Aave,Optimism,2.73,DAI,257364066,1.77,4.23
2024-08-30,Aave,Polygon,2.94,USDC,296875106,0.72,2.68
2024-08-30,Aave,Polygon,3.13,DAI,292121367,1.12,2.73
2024-08-30,Aave,Base,2.91,USDC,283627260,1.07,4.55
2024-08-30,Aave,Base,3.12,DAI,268787980,1.65,4.6
2024-08-30,Compound,Ethereum,2.38,USDT,207583705,18.33,0
2024-08-30,Compound,Ethereum,2.25,DAI,200343549,17.66,0
2024-08-30,Compound,Arbitrum,3.17,USDC,212912079,2.34,5.62
2024-08-30,Compound,Arbitrum,2.6,USDT,203893627,3.22,6.05
2024-08-30,Compound,Arbitrum,3.18,DAI,185619449,2.02,6.38
2024-08-30,Compound,Optimism,2.63,USDC,210685941,2.02,4.04
2024-08-30,Compound,Optimism,2.87,USDT,201792979,1.2,3.27
2024-08-30,Compound,Optimism,2.66,DAI,196164925,1.43,5.06
2024-08-30,Compound,Polygon,3.1,USDC,209041773,0.99,3.48
2024-08-30,Compound,Polygon,3.16,USDT,203565310,1.06,2.83
2024-08-30,Compound,Polygon,2.79,DAI,202210367,1.07,3.39
2024-08-30,Compound,Base,2.47,USDT,203431131,1.1,3.68
2024-08-30,Compound,Base,2.77,DAI,202733224,1.31,3.2
2024-08-30,Curve,Ethereum,5.64,USDC,344460532,19.3,0
2024-08-30,Curve,Ethereum,5.61,USDT,381152194,16.89,0
2024-08-30,Curve,Ethereum,6.35,DAI,354980699,17.78,0
2024-08-30,Curve,Arbitrum,5.49,USDC,367907123,2.67,5.81
2024-08-30,Curve,Arbitrum,7.08,USDT,372861620,1.87,5.6
2024-08-30,Curve,Arbitrum,5.91,DAI,354202322,2.35,4.07
2024-08-30,Curve,Optimism,5.49,USDC,361900746,2.25,3.2
2024-08-30,Curve,Optimism,5.89,USDT,342808156,1.83,2.27
2024-08-30,Curve,Optimism,6.72,DAI,366186050,2.4,4.83
2024-08-30,Curve,Polygon,7.53,USDC,363852153,1.16,3.28
2024-08-30,Curve,Polygon,7.12,USDT,371536005,0.89,3.51
2024-08-30,Curve,Polygon,6.46,DAI,384440094,0.92,3.6
2024-08-30,Curve,Base,5.89,USDC,352389019,1.08,3.49
2024-08-30,Curve,Base,7.23,DAI,355863028,1.09,3.82
2024-08-30,Uniswap V3,Ethereum,7.13,USDC,102506244,22.03,0
2024-08-30,Uniswap V3,Ethereum,7.08,USDT,108127964,19.2,0
2024-08-30,Uniswap V3,Ethereum,5.69,DAI,101743347,18.03,0
2024-08-30,Uniswap V3,Arbitrum,7.04,USDT,106823974,2.35,4.93
2024-08-30,Uniswap V3,Arbitrum,7.46,DAI,102516635,2.18,6.18
2024-08-30,Uniswap V3,Optimism,7.45,USDC,117047701,1.8,4.1
2024-08-30,Uniswap V3,Optimism,8.43,USDT,112766962,1.77,3.62
2024-08-30,Uniswap V3,Optimism,4.96,DAI,108737456,2.08,4.78
2024-08-30,Uniswap V3,Polygon,8.4,USDC,98755902,0.96,3.01
2024-08-30,Uniswap V3,Polygon,8.38,USDT,111083964,0.87,3.8
2024-08-30,Uniswap V3,Polygon,8.21,DAI,111320743,1.01,3.39
2024-08-30,Uniswap V3,Base,6.25,USDT,106118261,1.58,4.55
2024-08-30,Uniswap V3,Base,5.64,DAI,100920873,1.34,4.09
2024-08-30,Yearn,Ethereum,3.06,USDC,130671871,17.72,0
2024-08-30,Yearn,Ethereum,2.88,USDT,138211166,19.67,0
2024-08-30,Yearn,Arbitrum,3.61,USDC,135056344,2.31,3.63
2024-08-30,Yearn,Arbitrum,4.09,USDT,139836634,2.3,5.49
2024-08-30,Yearn,Arbitrum,3.94,DAI,140467122,2.91,3.48
2024-08-30,Yearn,Optimism,3.65,USDC,129604294,1.46,5.22
2024-08-30,Yearn,Optimism,3.88,USDT,130113854,1.76,3.61
2024-08-30,Yearn,Optimism,4.05,DAI,125765213,2.08,4.6
2024-08-30,Yearn,Polygon,4.28,USDC,136309944,0.99,3.45
2024-08-30,Yearn,Polygon,3.75,USDT,138749585,1.13,2.1
2024-08-30,Yearn,Polygon,3.92,DAI,136352424,1.03,3.8
2024-08-30,Yearn,Base,4.21,USDC,125723302,1.86,4.48
2024-08-30,Yearn,Base,3.65,USDT,137638002,0.68,4.54
2024-08-30,Yearn,Base,4.17,DAI,125671695,1.49,4.56
2024-08-30,Pendle,Ethereum,8.83,USDC,78507595,15.48,0
2024-08-30,Pendle,Ethereum,8.61,USDT,81093406,22.21,0
2024-08-30,Pendle,Ethereum,9.71,DAI,85448107,19.69,0
2024-08-30,Pendle,Arbitrum,8.63,USDC,82440216,2.57,4.44
2024-08-30,Pendle,Arbitrum,9.39,DAI,73690596,2.0,4.78
2024-08-30,Pendle,Optimism,8.93,USDC,84526365,1.63,3.51
2024-08-30,Pendle,Optimism,13.29,USDT,90321755,1.87,4.9
2024-08-30,Pendle,Optimism,8.94,DAI,84593130,2.05,4.45
2024-08-30,Pendle,Base,9.23,USDC,84454408,1.32,3.53
2024-08-30,Pendle,Base,12.98,USDT,83696478,1.74,4.14
2024-08-30,Pendle,Base,8.31,DAI,79693088,1.3,5.36
2024-08-30,Convex,Ethereum,4.42,USDC,170346878,23.14,0
2024-08-30,Convex,Ethereum,4.18,USDT,176879273,18.72,0
2024-08-30,Convex,Ethereum,4.51,DAI,161217036,18.4,0
2024-08-30,Balancer,Ethereum,5.72,USDT,125180778,17.3,0
2024-08-30,Balancer,Ethereum,5.26,DAI,111685832,14.03,0
2024-08-30,Balancer,Arbitrum,7.43,USDC,116081526,1.74,4.27
2024-08-30,Balancer,Arbitrum,6.08,DAI,114977336,1.86,4.12
2024-08-30,Balancer,Optimism,7.58,USDC,117394727,2.19,3.6
2024-08-30,Balancer,Optimism,6.42,USDT,128102542,1.81,5.38
2024-08-30,Balancer,Optimism,7.13,DAI,120594477,1.52,4.1
2024-08-30,Balancer,Polygon,6.32,USDC,118295647,1.03,3.96
2024-08-30,Balancer,Polygon,8.07,USDT,125859600,0.98,3.3
2024-08-30,Balancer,Polygon,7.76,DAI,134156897,0.9,2.84
2024-08-30,Balancer,Base,7.39,USDC,116913628,1.28,3.72
2024-08-30,Balancer,Base,7.02,USDT,127768382,1.45,3.67
2024-08-30,Balancer,Base,8.23,DAI,121992253,1.36,4.23
2024-08-31,Aave,Ethereum,2.44,USDC,308247114,10.83,0
2024-08-31,Aave,Ethereum,2.18,USDT,301081489,16.66,0
2024-08-31,Aave,Ethereum,2.17,DAI,289592622,10.46,0
2024-08-31,Aave,Arbitrum,3.08,USDT,293914112,1.22,6.18
2024-08-31,Aave,Arbitrum,2.79,DAI,268991099,1.62,6.19
2024-08-31,Aave,Optimism,2.39,USDC,285048953,1.42,6.15
2024-08-31,Aave,Optimism,2.9,USDT,287405310,1.02,3.99
2024-08-31,Aave,Optimism,2.5,DAI,289110146,1.02,3.9
2024-08-31,Aave,Polygon,3.08,USDC,299668432,0.59,2.98
2024-08-31,Aave,Polygon,2.94,USDT,284202181,0.66,3.51
2024-08-31,Aave,Polygon,3.49,DAI,272866456,0.55,2.71
2024-08-31,Aave,Base,3.04,USDC,278331213,0.98,5.59
2024-08-31,Aave,Base,2.87,USDT,309208755,0.86,3.47
2024-08-31,Compound,Ethereum,2.24,USDC,212597280,10.86,0
2024-08-31,Compound,Ethereum,1.97,USDT,201235094,9.8,0
2024-08-31,Compound,Ethereum,2.25,DAI,204850993,13.34,0
2024-08-31,Compound,Arbitrum,2.7,USDC,196628014,2.15,4.29
2024-08-31,Compound,Arbitrum,2.95,USDT,207179739,1.54,5.03
2024-08-31,Compound,Arbitrum,2.58,DAI,188247577,1.34,5.6
2024-08-31,Compound,Optimism,2.64,USDC,211663396,1.12,2.23
2024-08-31,Compound,Optimism,2.25,USDT,207380473,1.23,4.57
2024-08-31,Compound,Optimism,2.55,DAI,196686520,1.33,3.66
2024-08-31,Compound,Polygon,2.99,USDC,204194759,0.69,1.83
2024-08-31,Compound,Polygon,3.02,USDT,195891423,0.55,2.43
2024-08-31,Compound,Polygon,3.01,DAI,206592096,0.79,2.71
2024-08-31,Compound,Base,2.78,USDC,201140521,1.03,4.21
2024-08-31,Compound,Base,2.61,DAI,187972499,0.97,4.06
2024-08-31,Curve,Ethereum,4.15,USDC,384335178,13.48,0
2024-08-31,Curve,Ethereum,4.01,USDT,347194602,13.48,0
2024-08-31,Curve,Ethereum,5.42,DAI,362813466,15.19,0
2024-08-31,Curve,Arbitrum,6.75,USDC,363664556,1.9,5.2
2024-08-31,Curve,Arbitrum,4.37,USDT,376656509,2.03,5.34
2024-08-31,Curve,Arbitrum,5.3,DAI,365686322,1.15,3.67
2024-08-31,Curve,Optimism,5.55,USDC,358671343,1.0,1.61
2024-08-31,Curve,Optimism,5.34,USDT,375125612,1.28,3.88
2024-08-31,Curve,Optimism,7.96,DAI,376306633,1.01,3.95
2024-08-31,Curve,Polygon,6.19,USDC,403662065,0.55,2.68
2024-08-31,Curve,Polygon,8.17,USDT,368536779,0.6,3.46
2024-08-31,Curve,Polygon,5.98,DAI,375958970,0.62,3.02
2024-08-31,Curve,Base,7.04,USDC,386304503,1.16,3.23
2024-08-31,Curve,Base,5.81,USDT,351421965,0.9,4.32
2024-08-31,Curve,Base,6.57,DAI,358753185,0.86,3.53
2024-08-31,Uniswap V3,Ethereum,7.02,USDC,110013024,10.73,0
2024-08-31,Uniswap V3,Ethereum,7.0,USDT,114718765,11.2,0
2024-08-31,Uniswap V3,Ethereum,5.68,DAI,109274946,11.35,0
2024-08-31,Uniswap V3,Arbitrum,7.59,USDC,97880640,1.38,4.96
2024-08-31,Uniswap V3,Arbitrum,7.69,USDT,114918965,1.35,6.01
2024-08-31,Uniswap V3,Arbitrum,6.53,DAI,103771902,1.33,4.48
2024-08-31,Uniswap V3,Optimism,5.91,USDC,106268969,1.2,3.78
2024-08-31,Uniswap V3,Optimism,8.07,USDT,102563805,0.98,3.87
2024-08-31,Uniswap V3,Optimism,5.36,DAI,107413919,0.99,2.63
2024-08-31,Uniswap V3,Polygon,7.48,USDC,112577349,0.59,3.16
2024-08-31,Uniswap V3,Polygon,6.7,USDT,107756039,0.77,2.7
2024-08-31,Uniswap V3,Polygon,6.67,DAI,105590111,0.57,4.38
2024-08-31,Uniswap V3,Base,8.3,USDC,111249030,1.07,5.17
2024-08-31,Uniswap V3,Base,6.73,USDT,111319716,0.96,4.29
2024-08-31,Uniswap V3,Base,9.41,DAI,111416296,0.76,4.34
2024-08-31,Yearn,Ethereum,3.39,USDC,135303269,12.81,0
2024-08-31,Yearn,Ethereum,2.96,USDT,137295470,13.47,0
2024-08-31,Yearn,Ethereum,3.26,DAI,138573296,14.3,0
2024-08-31,Yearn,Arbitrum,3.86,USDC,139433587,1.57,3.99
2024-08-31,Yearn,Arbitrum,3.63,USDT,142944205,1.51,5.98
2024-08-31,Yearn,Arbitrum,3.82,DAI,137059492,1.47,6.89
2024-08-31,Yearn,Optimism,3.79,USDC,139459023,1.38,4.35
2024-08-31,Yearn,Optimism,3.36,USDT,143263903,1.13,3.94
2024-08-31,Yearn,Optimism,3.96,DAI,136175736,1.21,4.74
2024-08-31,Yearn,Polygon,4.18,USDC,136054510,0.6,3.51
2024-08-31,Yearn,Polygon,4.2,DAI,142620953,0.73,3.29
2024-08-31,Yearn,Base,3.74,USDT,133106451,1.17,4.14
2024-08-31,Yearn,Base,4.04,DAI,135627960,0.71,3.77
2024-08-31,Pendle,Ethereum,7.83,USDT,89675610,11.9,0
2024-08-31,Pendle,Ethereum,7.74,DAI,89358922,15.48,0
2024-08-31,Pendle,Arbitrum,13.47,USDT,88448612,1.42,5.77
2024-08-31,Pendle,Arbitrum,9.5,DAI,87685016,1.69,3.3
2024-08-31,Pendle,Optimism,11.28,USDC,83219331,1.36,4.81
2024-08-31,Pendle,Optimism,10.24,USDT,82257410,1.41,3.51
2024-08-31,Pendle,Base,10.66,USDC,90911407,1.02,4.75
2024-08-31,Pendle,Base,9.78,DAI,84455187,1.11,3.7
2024-08-31,Convex,Ethereum,3.43,USDC,164886450,10.66,0
2024-08-31,Convex,Ethereum,4.27,USDT,182062835,13.35,0
2024-08-31,Convex,Ethereum,4.14,DAI,170141138,11.15,0
2024-08-31,Balancer,Ethereum,5.44,USDT,125590577,12.33,0
2024-08-31,Balancer,Ethereum,5.48,DAI,120832276,11.99,0
2024-08-31,Balancer,Arbitrum,6.36,USDC,131593653,1.25,7.33
2024-08-31,Balancer,Arbitrum,7.05,DAI,120942447,1.47,4.34
2024-08-31,Balancer,Optimism,6.98,USDC,131842489,1.07,4.24
2024-08-31,Balancer,Optimism,6.53,USDT,117827437,0.89,3.24
2024-08-31,Balancer,Optimism,6.41,DAI,118002642,1.33,3.78
2024-08-31,Balancer,Polygon,7.64,USDC,131515458,0.57,3.41
2024-08-31,Balancer,Polygon,7.95,USDT,121571273,0.52,3.64
2024-08-31,Balancer,Base,6.49,USDC,114150946,0.72,3.39
2024-08-31,Balancer,Base,7.12,USDT,133353458,0.96,3.9
2024-08-31,Balancer,Base,6.2,DAI,107728606,0.83,3.07
2024-09-01,Aave,Ethereum,2.52,USDC,271086382,11.58,0
2024-09-01,Aave,Ethereum,2.42,DAI,317006681,14.92,0
2024-09-01,Aave,Arbitrum,3.34,USDT,279883876,2.07,5.58
2024-09-01,Aave,Arbitrum,2.85,DAI,304721092,1.15,4.91
2024-09-01,Aave,Optimism,2.48,USDC,289500659,1.27,5.25
2024-09-01,Aave,Optimism,2.63,DAI,300330040,0.69,4.42
2024-09-01,Aave,Polygon,3.02,USDC,306098951,0.8,2.67
2024-09-01,Aave,Polygon,3.14,DAI,283358656,0.63,2.96
2024-09-01,Aave,Base,3.0,USDC,298705484,0.93,4.2
2024-09-01,Aave,Base,3.13,USDT,292108808,1.12,4.29
2024-09-01,Aave,Base,2.95,DAI,287544452,1.03,4.01
2024-09-01,Compound,Ethereum,2.32,USDC,223613232,14.55,0
2024-09-01,Compound,Ethereum,2.2,USDT,194420298,10.2,0
2024-09-01,Compound,Ethereum,2.34,DAI,212611702,9.26,0
2024-09-01,Compound,Arbitrum,2.29,USDC,213500892,1.67,2.86
2024-09-01,Compound,Arbitrum,2.62,USDT,207040619,1.6,6.45
2024-09-01,Compound,Arbitrum,2.74,DAI,208769295,1.54,4.62
2024-09-01,Compound,Optimism,2.85,USDC,189390376,1.33,2.76
2024-09-01,Compound,Optimism,2.54,USDT,215769628,1.27,4.12
2024-09-01,Compound,Optimism,2.98,DAI,216553139,1.29,4.65
2024-09-01,Compound,Polygon,2.61,USDC,202779830,0.58,3.5
2024-09-01,Compound,Polygon,3.18,USDT,223251364,0.8,2.64
2024-09-01,Compound,Polygon,2.85,DAI,206807260,0.79,2.53
2024-09-01,Compound,Base,2.59,USDC,212886883,1.01,4.84
2024-09-01,Compound,Base,2.63,USDT,214314604,1.12,5.18
2024-09-01,Compound,Base,2.64,DAI,219183454,1.07,3.65
2024-09-01,Curve,Ethereum,4.36,USDC,387270890,16.1,0
2024-09-01,Curve,Ethereum,5.68,USDT,353408243,9.84,0
2024-09-01,Curve,Ethereum,5.97,DAI,367933307,9.77,0
2024-09-01,Curve,Arbitrum,6.4,USDC,380452419,1.72,5.27
2024-09-01,Curve,Arbitrum,5.71,USDT,361457781,1.68,5.5
2024-09-01,Curve,Arbitrum,6.91,DAI,392503766,1.69,4.22
2024-09-01,Curve,Optimism,5.86,USDC,383132317,0.93,3.49
2024-09-01,Curve,Optimism,6.87,USDT,381806812,1.1,4.02
2024-09-01,Curve,Polygon,6.56,USDC,376838841,0.62,2.71
2024-09-01,Curve,Polygon,8.14,USDT,376410227,0.61,2.62
2024-09-01,Curve,Polygon,6.58,DAI,361520959,0.6,2.29
2024-09-01,Curve,Base,5.15,USDC,415709495,0.8,4.32
2024-09-01,Curve,Base,6.5,USDT,379792172,1.07,3.83
2024-09-01,Curve,Base,5.48,DAI,352288850,0.97,3.51
2024-09-01,Uniswap V3,Ethereum,5.91,USDC,116388114,13.4,0
2024-09-01,Uniswap V3,Ethereum,7.11,USDT,119006332,9.32,0
2024-09-01,Uniswap V3,Ethereum,5.77,DAI,102915544,10.4,0
2024-09-01,Uniswap V3,Arbitrum,6.45,USDC,107318705,1.67,5.34
2024-09-01,Uniswap V3,Arbitrum,7.19,USDT,115003962,1.61,5.79
2024-09-01,Uniswap V3,Arbitrum,7.64,DAI,104290056,1.4,5.45
2024-09-01,Uniswap V3,Optimism,7.32,USDC,104928627,1.19,3.59
2024-09-01,Uniswap V3,Optimism,7.3,USDT,109134679,1.32,3.27
2024-09-01,Uniswap V3,Optimism,6.42,DAI,106967388,0.92,4.24
2024-09-01,Uniswap V3,Polygon,7.81,USDC,101694565,0.65,2.2
2024-09-01,Uniswap V3,Polygon,6.93,USDT,107673708,0.63,3.6
2024-09-01,Uniswap V3,Polygon,7.39,DAI,103630546,0.61,3.09
2024-09-01,Uniswap V3,Base,8.29,USDC,112097356,0.88,4.21
2024-09-01,Uniswap V3,Base,8.06,USDT,114092842,1.07,4.21
2024-09-01,Uniswap V3,Base,6.94,DAI,112226925,0.79,5.3
2024-09-01,Yearn,Ethereum,2.88,USDC,148528253,9.78,0
2024-09-01,Yearn,Ethereum,3.24,USDT,143632546,13.71,0
2024-09-01,Yearn,Ethereum,3.24,DAI,125675344,12.58,0
2024-09-01,Yearn,Arbitrum,3.93,USDC,139864153,1.64,6.21
2024-09-01,Yearn,Arbitrum,3.97,USDT,137399704,1.46,5.28
2024-09-01,Yearn,Arbitrum,3.32,DAI,145221016,1.5,5.51
2024-09-01,Yearn,Optimism,3.68,USDC,145439285,0.86,4.53
2024-09-01,Yearn,Optimism,3.81,USDT,146503527,1.35,5.2
2024-09-01,Yearn,Optimism,4.22,DAI,146287206,1.2,4.16
2024-09-01,Yearn,Polygon,4.31,USDC,153542624,0.58,3.2
2024-09-01,Yearn,Polygon,4.2,USDT,145452485,0.46,2.14
2024-09-01,Yearn,Polygon,4.39,DAI,148131126,0.65,2.29
2024-09-01,Yearn,Base,3.65,USDC,149153079,0.84,4.8
2024-09-01,Yearn,Base,3.68,USDT,134295535,1.0,2.51
2024-09-01,Yearn,Base,4.34,DAI,144259639,0.9,3.93
2024-09-01,Pendle,Ethereum,7.3,USDC,83973370,12.4,0
2024-09-01,Pendle,Ethereum,8.2,USDT,79559789,12.38,0
2024-09-01,Pendle,Ethereum,8.47,DAI,87336796,9.46,0
2024-09-01,Pendle,Arbitrum,10.24,USDC,87896532,1.21,4.78
2024-09-01,Pendle,Arbitrum,8.23,USDT,88210833,1.13,4.18
2024-09-01,Pendle,Arbitrum,12.68,DAI,86778565,1.51,4.61
2024-09-01,Pendle,Optimism,9.82,USDC,90674513,1.22,4.67
2024-09-01,Pendle,Optimism,9.94,USDT,88195249,0.99,3.99
2024-09-01,Pendle,Optimism,6.21,DAI,87271625,1.08,4.26
2024-09-01,Pendle,Base,7.77,USDC,78949956,1.1,4.0
2024-09-01,Pendle,Base,9.34,USDT,85405608,0.98,3.22
2024-09-01,Convex,Ethereum,5.32,USDC,170930025,14.98,0
2024-09-01,Convex,Ethereum,4.84,USDT,173446453,12.65,0
2024-09-01,Convex,Ethereum,5.16,DAI,181026987,11.91,0
2024-09-01,Balancer,Ethereum,5.8,USDC,124437414,8.63,0
2024-09-01,Balancer,Ethereum,5.49,USDT,127561451,8.96,0
2024-09-01,Balancer,Ethereum,5.79,DAI,120247011,12.53,0
2024-09-01,Balancer,Arbitrum,6.29,USDC,132916518,2.0,4.7
2024-09-01,Balancer,Arbitrum,7.03,USDT,128337897,1.51,4.54
2024-09-01,Balancer,Arbitrum,7.44,DAI,118944324,1.46,4.72
2024-09-01,Balancer,Optimism,7.76,USDT,127086358,1.23,2.82
2024-09-01,Balancer,Optimism,6.02,DAI,126037128,1.12,4.71
2024-09-01,Balancer,Polygon,6.99,USDC,130840162,0.67,2.44
2024-09-01,Balancer,Polygon,7.79,USDT,140931623,0.77,3.67
2024-09-01,Balancer,Base,7.02,USDC,129402878,0.98,3.75
2024-09-01,Balancer,Base,6.55,USDT,132785993,0.71,4.31
2024-09-01,Balancer,Base,7.35,DAI,133304575,0.94,4.48
2024-09-02,Aave,Ethereum,2.36,USDT,278654192,20.37,0
2024-09-02,Aave,Ethereum,2.33,DAI,284604955,15.33,0
2024-09-02,Aave,Arbitrum,2.61,USDC,304821602,2.46,4.86
2024-09-02,Aave,Arbitrum,3.15,USDT,309183725,2.73,5.75
2024-09-02,Aave,Optimism,2.59,USDC,294147318,1.53,3.16
2024-09-02,Aave,Optimism,2.73,USDT,281044034,1.88,3.99
2024-09-02,Aave,Optimism,2.74,DAI,305821012,1.89,3.3
2024-09-02,Aave,Polygon,3.58,USDC,323629745,0.67,3.93
2024-09-02,Aave,Polygon,3.0,USDT,295904003,1.11,3.3
2024-09-02,Aave,Polygon,3.0,DAI,282491819,0.84,2.21
2024-09-02,Aave,Base,2.99,USDC,293449281,1.8,3.77
2024-09-02,Aave,Base,3.18,USDT,297037188,1.09,5.53
2024-09-02,Compound,Ethereum,2.47,USDT,224053686,21.16,0
2024-09-02,Compound,Ethereum,2.21,DAI,215635561,20.12,0
2024-09-02,Compound,Arbitrum,3.08,USDC,202469269,2.75,6.36
2024-09-02,Compound,Arbitrum,3.14,USDT,216942612,2.15,5.11
2024-09-02,Compound,Optimism,3.11,USDC,192180873,1.98,3.9
2024-09-02,Compound,Optimism,2.97,DAI,218382463,1.72,4.95
2024-09-02,Compound,Polygon,2.97,USDC,217960488,0.96,3.34
2024-09-02,Compound,Polygon,3.02,USDT,215720462,1.08,2.74
2024-09-02,Compound,Polygon,3.17,DAI,201444582,0.82,3.15
2024-09-02,Compound,Base,2.6,USDC,219540169,1.27,3.86
2024-09-02,Compound,Base,2.89,USDT,204386126,1.64,4.7
2024-09-02,Compound,Base,2.58,DAI,210072202,1.45,5.02
2024-09-02,Curve,Ethereum,5.67,USDC,381029483,15.77,0
2024-09-02,Curve,Ethereum,5.45,DAI,365543811,17.03,0
2024-09-02,Curve,Arbitrum,7.23,USDT,343756009,2.29,5.86
2024-09-02,Curve,Arbitrum,6.51,DAI,385316143,2.84,4.32
2024-09-02,Curve,Optimism,6.41,USDT,360080187,1.67,4.42
2024-09-02,Curve,Optimism,6.3,DAI,373338176,1.12,3.41
2024-09-02,Curve,Polygon,5.7,USDC,382251801,0.46,3.83
2024-09-02,Curve,Polygon,6.09,USDT,375758204,0.87,3.04
2024-09-02,Curve,Polygon,5.76,DAI,398334196,0.9,2.5
2024-09-02,Curve,Base,7.51,USDC,377744807,1.76,5.04
2024-09-02,Curve,Base,5.83,USDT,398540282,1.22,4.42
2024-09-02,Curve,Base,6.46,DAI,365243782,1.39,4.15
2024-09-02,Uniswap V3,Ethereum,5.37,USDC,116136921,18.72,0
2024-09-02,Uniswap V3,Ethereum,6.28,USDT,103902431,17.66,0
2024-09-02,Uniswap V3,Ethereum,6.27,DAI,117886314,20.19,0
2024-09-02,Uniswap V3,Arbitrum,8.12,USDC,123593626,2.76,5.9
2024-09-02,Uniswap V3,Arbitrum,7.17,DAI,109328538,2.77,4.55
2024-09-02,Uniswap V3,Optimism,7.58,USDC,116504868,1.83,4.51
2024-09-02,Uniswap V3,Optimism,5.68,USDT,104394537,1.27,4.25
2024-09-02,Uniswap V3,Polygon,6.75,USDC,111713319,1.06,3.31
2024-09-02,Uniswap V3,Polygon,8.21,DAI,107992346,0.98,3.63
2024-09-02,Uniswap V3,Base,7.22,USDT,118241816,1.82,3.13
2024-09-02,Uniswap V3,Base,5.77,DAI,112375258,1.75,4.5
2024-09-02,Yearn,Ethereum,2.82,USDC,144838924,17.34,0
2024-09-02,Yearn,Ethereum,3.26,USDT,133530640,23.41,0
2024-09-02,Yearn,Ethereum,3.56,DAI,145858463,21.09,0
2024-09-02,Yearn,Arbitrum,4.01,USDC,138072079,2.32,5.4
2024-09-02,Yearn,Arbitrum,3.88,USDT,148280478,2.69,2.95
2024-09-02,Yearn,Arbitrum,3.48,DAI,141174644,2.55,5.56
2024-09-02,Yearn,Optimism,4.26,USDC,136036243,2.53,5.21
2024-09-02,Yearn,Optimism,3.79,USDT,156535384,2.31,3.58
2024-09-02,Yearn,Optimism,3.61,DAI,147692685,2.01,2.8
2024-09-02,Yearn,Polygon,3.97,USDC,141467804,1.06,4.12
2024-09-02,Yearn,Polygon,4.02,USDT,148455141,0.89,3.05
2024-09-02,Yearn,Polygon,3.71,DAI,134805889,1.08,1.84
2024-09-02,Yearn,Base,3.74,USDC,146622425,1.61,3.37
2024-09-02,Yearn,Base,3.57,DAI,144354799,1.25,4.94
2024-09-02,Pendle,Ethereum,8.32,USDC,87913259,16.97,0
2024-09-02,Pendle,Ethereum,7.31,USDT,87923955,18.95,0
2024-09-02,Pendle,Ethereum,9.43,DAI,88909582,16.58,0
2024-09-02,Pendle,Arbitrum,10.04,USDC,89786402,2.41,4.98
2024-09-02,Pendle,Arbitrum,7.55,USDT,87645661,2.68,4.55
2024-09-02,Pendle,Arbitrum,10.41,DAI,91456706,1.82,5.47
2024-09-02,Pendle,Optimism,10.15,USDT,89578827,1.85,3.09
2024-09-02,Pendle,Optimism,10.27,DAI,88317958,1.61,4.21
2024-09-02,Pendle,Base,9.53,USDC,91560907,1.13,3.65
2024-09-02,Pendle,Base,10.21,USDT,90183392,1.06,3.86
2024-09-02,Pendle,Base,9.51,DAI,86767241,1.29,4.32
2024-09-02,Convex,Ethereum,5.09,USDC,167418147,15.9,0
2024-09-02,Convex,Ethereum,4.75,USDT,177468166,15.58,0
2024-09-02,Convex,Ethereum,3.9,DAI,176028883,20.39,0
2024-09-02,Balancer,Ethereum,5.56,USDC,136681617,15.34,0
2024-09-02,Balancer,Ethereum,5.56,USDT,126032528,17.84,0
2024-09-02,Balancer,Arbitrum,6.91,USDC,126213405,2.29,4.44
2024-09-02,Balancer,Arbitrum,8.11,USDT,140589931,2.9,4.41
2024-09-02,Balancer,Arbitrum,7.13,DAI,134161988,2.75,4.36
2024-09-02,Balancer,Optimism,6.2,USDC,140839250,1.78,4.72
2024-09-02,Balancer,Optimism,6.98,USDT,129513884,1.42,2.24
2024-09-02,Balancer,Optimism,7.81,DAI,131243471,1.98,4.99
2024-09-02,Balancer,Polygon,7.59,USDC,132862741,0.88,3.05
2024-09-02,Balancer,Polygon,6.47,USDT,128425874,0.87,2.81
2024-09-02,Balancer,Polygon,8.0,DAI,128071282,0.79,2.5
2024-09-02,Balancer,Base,6.76,USDC,131751020,1.49,3.12
2024-09-02,Balancer,Base,6.19,USDT,132927107,1.13,5.71
2024-09-02,Balancer,Base,7.78,DAI,131796544,1.11,3.59
2024-09-03,Aave,Ethereum,2.81,USDT,301861564,15.33,0
2024-09-03,Aave,Arbitrum,2.89,USDC,300266806,2.55,7.75
2024-09-03,Aave,Arbitrum,3.19,USDT,291535712,1.99,6.15
2024-09-03,Aave,Arbitrum,3.17,DAI,291606053,2.71,4.85
2024-09-03,Aave,Optimism,2.68,USDC,286365866,1.53,4.45
2024-09-03,Aave,Optimism,3.09,USDT,293744449,2.03,4.52
2024-09-03,Aave,Optimism,3.21,DAI,289115007,1.76,3.98
2024-09-03,Aave,Polygon,3.13,USDC,317225416,0.72,3.47
2024-09-03,Aave,Polygon,2.97,USDT,314960987,1.05,2.2
2024-09-03,Aave,Polygon,3.19,DAI,294512749,1.16,2.57
2024-09-03,Aave,Base,2.87,USDC,299743903,1.06,3.71
2024-09-03,Aave,Base,3.3,USDT,288901835,1.3,3.58
2024-09-03,Aave,Base,2.88,DAI,337356308,1.54,5.21
2024-09-03,Compound,Ethereum,2.62,USDC,209915504,27.31,0
2024-09-03,Compound,Ethereum,2.03,USDT,217362840,17.86,0
2024-09-03,Compound,Ethereum,2.32,DAI,230805968,12.8,0
2024-09-03,Compound,Arbitrum,2.93,USDC,229877588,2.6,5.03
2024-09-03,Compound,Arbitrum,2.94,USDT,209231533,2.67,4.7
2024-09-03,Compound,Arbitrum,2.75,DAI,212913090,2.29,4.71
2024-09-03,Compound,Optimism,2.6,USDC,217457444,1.13,3.74
2024-09-03,Compound,Optimism,2.67,USDT,219832665,2.05,4.54
2024-09-03,Compound,Optimism,2.6,DAI,226910040,2.08,2.95
2024-09-03,Compound,Polygon,3.14,USDC,227086958,1.08,2.02
2024-09-03,Compound,Polygon,3.02,USDT,220411991,0.82,3.6
2024-09-03,Compound,Polygon,3.0,DAI,222675576,0.99,2.34
2024-09-03,Compound,Base,3.14,USDC,222211872,0.99,3.95
2024-09-03,Compound,Base,2.81,USDT,211278501,1.37,3.21
2024-09-03,Compound,Base,2.47,DAI,210864730,1.84,5.74
2024-09-03,Curve,Ethereum,6.19,USDC,361992273,19.44,0
2024-09-03,Curve,Ethereum,4.65,USDT,386188254,16.9,0
2024-09-03,Curve,Ethereum,5.53,DAI,429697314,18.3,0
2024-09-03,Curve,Arbitrum,7.51,USDC,367391504,2.84,5.55
2024-09-03,Curve,Arbitrum,5.49,USDT,346836643,3.3,6.0
2024-09-03,Curve,Arbitrum,6.18,DAI,382800884,3.46,5.5
2024-09-03,Curve,Optimism,4.34,USDC,379055586,1.8,4.8
2024-09-03,Curve,Optimism,7.03,DAI,393317218,1.74,4.37
2024-09-03,Curve,Polygon,7.95,USDC,384970269,0.92,3.43
2024-09-03,Curve,Polygon,8.27,USDT,390435199,0.95,2.51
2024-09-03,Curve,Polygon,8.26,DAI,376302672,0.86,3.61
2024-09-03,Curve,Base,7.51,USDC,372633834,1.46,4.96
2024-09-03,Curve,Base,6.8,USDT,371084728,1.52,3.68
2024-09-03,Curve,Base,6.51,DAI,406687342,1.07,4.47
2024-09-03,Uniswap V3,Ethereum,7.05,USDC,118795771,17.43,0
2024-09-03,Uniswap V3,Ethereum,6.7,USDT,120106326,12.91,0
2024-09-03,Uniswap V3,Ethereum,5.3,DAI,113651766,18.47,0
2024-09-03,Uniswap V3,Arbitrum,7.45,USDC,112136519,2.58,4.91
2024-09-03,Uniswap V3,Arbitrum,8.02,DAI,111276403,2.46,6.2
2024-09-03,Uniswap V3,Optimism,6.42,USDC,128235303,1.57,3.58
2024-09-03,Uniswap V3,Optimism,8.17,USDT,124230179,2.14,3.67
2024-09-03,Uniswap V3,Optimism,6.93,DAI,117242483,1.72,5.3
2024-09-03,Uniswap V3,Polygon,7.35,USDT,118104387,0.99,3.72
2024-09-03,Uniswap V3,Polygon,7.19,DAI,110116774,0.99,3.11
2024-09-03,Uniswap V3,Base,5.77,USDC,110202443,1.29,4.6
2024-09-03,Uniswap V3,Base,7.81,USDT,112353417,1.34,5.48
2024-09-03,Uniswap V3,Base,7.36,DAI,112319350,1.28,3.49
2024-09-03,Yearn,Ethereum,3.46,USDC,160988982,14.53,0
2024-09-03,Yearn,Ethereum,3.72,USDT,133816823,21.47,0
2024-09-03,Yearn,Ethereum,3.6,DAI,144518866,22.19,0
2024-09-03,Yearn,Arbitrum,3.92,USDT,147176480,2.93,5.22
2024-09-03,Yearn,Arbitrum,4.13,DAI,151137708,2.18,5.69
2024-09-03,Yearn,Optimism,3.76,USDC,144505978,1.73,2.44
2024-09-03,Yearn,Optimism,3.61,USDT,150644549,1.56,4.35
2024-09-03,Yearn,Polygon,3.91,USDC,135756582,1.02,2.81
2024-09-03,Yearn,Polygon,4.19,USDT,131645632,1.12,3.52
2024-09-03,Yearn,Polygon,4.67,DAI,141347912,0.99,3.12
2024-09-03,Yearn,Base,4.5,USDC,147389401,1.34,4.48
2024-09-03,Pendle,Ethereum,8.19,USDC,88281611,24.44,0
2024-09-03,Pendle,Ethereum,7.29,USDT,91530302,12.28,0
2024-09-03,Pendle,Arbitrum,9.66,USDC,86477277,2.87,6.33
2024-09-03,Pendle,Arbitrum,7.39,USDT,89523176,2.09,4.77
2024-09-03,Pendle,Arbitrum,10.85,DAI,90412707,2.81,4.82
2024-09-03,Pendle,Optimism,9.98,USDC,86412057,2.02,4.06
2024-09-03,Pendle,Optimism,8.97,USDT,93177192,1.92,2.91
2024-09-03,Pendle,Base,9.6,USDC,96450087,1.64,3.5
2024-09-03,Pendle,Base,10.85,USDT,86045563,1.05,2.97
2024-09-03,Pendle,Base,10.21,DAI,92467019,1.26,3.92
2024-09-03,Convex,Ethereum,3.95,USDC,191515838,14.43,0
2024-09-03,Convex,Ethereum,3.94,DAI,177101970,19.96,0
2024-09-03,Balancer,Ethereum,6.36,USDC,134767072,20.07,0
2024-09-03,Balancer,Ethereum,4.68,USDT,137362835,16.85,0
2024-09-03,Balancer,Ethereum,5.39,DAI,136815459,17.81,0
2024-09-03,Balancer,Arbitrum,5.81,USDC,126720807,2.05,5.18
2024-09-03,Balancer,Arbitrum,7.45,USDT,132845426,2.51,3.98
2024-09-03,Balancer,Arbitrum,7.32,DAI,138371194,2.74,4.49
2024-09-03,Balancer,Optimism,7.09,USDC,130127561,1.63,4.44
2024-09-03,Balancer,Optimism,8.02,USDT,133182625,2.18,3.68
2024-09-03,Balancer,Optimism,7.31,DAI,134910763,1.68,4.72
2024-09-03,Balancer,Polygon,7.02,USDC,134914234,0.87,2.85
2024-09-03,Balancer,Polygon,6.92,USDT,125911982,0.76,2.24
2024-09-03,Balancer,Polygon,6.75,DAI,129346521,0.95,3.04
2024-09-03,Balancer,Base,6.72,USDC,127069228,1.11,4.35
2024-09-03,Balancer,Base,5.64,USDT,129660608,1.79,3.35
2024-09-03,Balancer,Base,6.16,DAI,124205036,1.58,5.4
2024-09-04,Aave,Ethereum,2.41,USDC,296946698,20.78,0
2024-09-04,Aave,Ethereum,2.61,DAI,298510619,14.06,0
2024-09-04,Aave,Arbitrum,3.17,USDC,301702452,2.62,5.19
2024-09-04,Aave,Arbitrum,3.06,USDT,308859764,2.51,4.43
2024-09-04,Aave,Arbitrum,3.15,DAI,309115773,1.75,5.59
2024-09-04,Aave,Optimism,2.89,USDC,278312563,1.5,2.88
2024-09-04,Aave,Optimism,3.28,USDT,296955262,1.98,3.77
2024-09-04,Aave,Optimism,2.51,DAI,291241722,2.22,3.63
2024-09-04,Aave,Polygon,3.51,USDC,317154029,1.04,3.43
2024-09-04,Aave,Polygon,2.72,USDT,287459453,0.84,3.39
2024-09-04,Aave,Polygon,2.97,DAI,305243472,1.09,2.17
2024-09-04,Aave,Base,2.91,USDC,298561583,1.55,5.39
2024-09-04,Aave,Base,2.73,USDT,285152443,1.5,3.34
2024-09-04,Aave,Base,3.08,DAI,287799546,1.19,4.81
2024-09-04,Compound,Ethereum,2.35,USDT,226674685,19.73,0
2024-09-04,Compound,Ethereum,2.47,DAI,219236906,15.52,0
2024-09-04,Compound,Arbitrum,2.86,USDC,223513102,1.58,6.71
2024-09-04,Compound,Arbitrum,2.63,USDT,215171400,2.87,5.66
2024-09-04,Compound,Arbitrum,2.73,DAI,217087466,2.25,3.41
2024-09-04,Compound,Optimism,3.07,USDC,240828770,1.92,4.91
2024-09-04,Compound,Optimism,2.62,USDT,210371539,1.62,4.63
2024-09-04,Compound,Optimism,2.53,DAI,213741475,1.8,4.24
2024-09-04,Compound,Polygon,3.16,USDC,214624487,0.82,3.18
2024-09-04,Compound,Polygon,2.91,USDT,214068479,1.14,2.39
2024-09-04,Compound,Polygon,3.08,DAI,225945743,0.82,3.65
2024-09-04,Compound,Base,2.99,USDC,219126425,1.39,4.68
2024-09-04,Compound,Base,2.99,DAI,219467468,1.27,3.79
2024-09-04,Curve,Ethereum,5.02,USDC,359914669,20.71,0
2024-09-04,Curve,Ethereum,5.07,USDT,382118005,18.99,0
2024-09-04,Curve,Ethereum,4.95,DAI,396833990,16.01,0
2024-09-04,Curve,Arbitrum,8.11,USDC,377208860,2.03,4.86
2024-09-04,Curve,Arbitrum,7.05,DAI,400075983,1.85,5.94
2024-09-04,Curve,Optimism,6.7,USDC,385175965,2.1,4.85
2024-09-04,Curve,Optimism,6.93,USDT,415929845,1.93,4.74
2024-09-04,Curve,Optimism,6.52,DAI,399461576,2.02,2.75
2024-09-04,Curve,Polygon,6.56,USDC,363920187,0.88,3.42
2024-09-04,Curve,Polygon,5.51,USDT,386529614,0.83,2.65
2024-09-04,Curve,Polygon,7.7,DAI,370956735,0.89,3.78
2024-09-04,Curve,Base,7.36,USDC,402477925,1.24,2.47
2024-09-04,Curve,Base,6.2,USDT,410114956,1.06,2.5
2024-09-04,Curve,Base,5.97,DAI,378085275,1.6,4.15
2024-09-04,Uniswap V3,Ethereum,6.61,USDC,109313481,16.95,0
2024-09-04,Uniswap V3,Ethereum,6.18,USDT,115680712,17.45,0
2024-09-04,Uniswap V3,Ethereum,6.04,DAI,114260898,20.22,0
2024-09-04,Uniswap V3,Arbitrum,7.11,USDC,118320401,2.39,5.34
2024-09-04,Uniswap V3,Arbitrum,6.84,USDT,110992287,1.85,4.09
2024-09-04,Uniswap V3,Optimism,5.85,USDC,111464649,1.6,4.66
2024-09-04,Uniswap V3,Optimism,6.74,USDT,112339901,1.66,4.96
2024-09-04,Uniswap V3,Optimism,7.73,DAI,106873448,1.78,3.08
2024-09-04,Uniswap V3,Polygon,6.37,USDC,104455510,0.62,4.19
2024-09-04,Uniswap V3,Polygon,6.92,USDT,121251771,0.97,3.18
2024-09-04,Uniswap V3,Polygon,10.09,DAI,114205656,1.07,3.08
2024-09-04,Uniswap V3,Base,7.6,USDC,110885450,1.49,3.78
2024-09-04,Uniswap V3,Base,6.83,USDT,122237234,1.38,3.06
2024-09-04,Yearn,Ethereum,3.21,USDC,143414071,20.39,0
2024-09-04,Yearn,Ethereum,3.57,USDT,158020630,23.32,0
2024-09-04,Yearn,Ethereum,3.44,DAI,143531225,18.14,0
2024-09-04,Yearn,Arbitrum,4.24,USDC,136548044,2.57,2.56
2024-09-04,Yearn,Arbitrum,3.67,USDT,152275422,2.4,5.89
2024-09-04,Yearn,Arbitrum,4.07,DAI,150972908,2.06,4.7
2024-09-04,Yearn,Optimism,3.64,USDC,151102084,2.12,4.11
2024-09-04,Yearn,Optimism,3.96,USDT,142928146,1.59,3.04
2024-09-04,Yearn,Optimism,3.96,DAI,145335208,1.52,3.04
2024-09-04,Yearn,Polygon,4.67,USDC,146574664,1.13,2.7
2024-09-04,Yearn,Polygon,4.05,USDT,144760418,0.95,3.43
2024-09-04,Yearn,Polygon,4.08,DAI,156024421,1.0,3.15
2024-09-04,Yearn,Base,3.97,USDC,136205290,1.2,4.31
2024-09-04,Yearn,Base,4.34,USDT,146921900,1.15,3.41
2024-09-04,Yearn,Base,3.48,DAI,151296586,1.34,4.41
2024-09-04,Pendle,Ethereum,8.28,USDC,89593457,17.69,0
2024-09-04,Pendle,Ethereum,8.87,USDT,81464071,16.92,0
2024-09-04,Pendle,Arbitrum,10.59,USDC,95630220,2.29,5.18
2024-09-04,Pendle,Arbitrum,11.36,USDT,89425463,2.38,5.32
2024-09-04,Pendle,Arbitrum,9.25,DAI,92103497,2.26,4.26
2024-09-04,Pendle,Optimism,9.4,USDT,86891401,1.49,4.31
2024-09-04,Pendle,Optimism,8.95,DAI,92802713,1.58,4.16
2024-09-04,Pendle,Base,10.26,USDC,91784758,1.23,5.85
2024-09-04,Pendle,Base,10.71,USDT,93001058,1.52,3.61
2024-09-04,Pendle,Base,11.63,DAI,89292503,1.36,4.91
2024-09-04,Convex,Ethereum,4.63,USDC,181920358,19.58,0
2024-09-04,Convex,Ethereum,5.5,DAI,183317983,17.12,0
2024-09-04,Balancer,Ethereum,6.18,USDC,131970370,14.27,0
2024-09-04,Balancer,Ethereum,5.88,USDT,130532627,15.1,0
2024-09-04,Balancer,Ethereum,4.99,DAI,142928945,19.32,0
2024-09-04,Balancer,Arbitrum,8.07,USDC,139852157,1.91,5.4
2024-09-04,Balancer,Arbitrum,7.59,USDT,134928412,2.01,5.16
2024-09-04,Balancer,Arbitrum,6.67,DAI,128349729,2.18,3.6
2024-09-04,Balancer,Optimism,6.82,USDC,133782543,1.85,4.39
2024-09-04,Balancer,Optimism,6.22,USDT,139107057,1.93,4.63
2024-09-04,Balancer,Optimism,6.43,DAI,127692966,1.95,4.34
2024-09-04,Balancer,Polygon,8.18,USDC,134995685,0.94,3.02
2024-09-04,Balancer,Polygon,8.85,USDT,130049967,1.17,1.0
2024-09-04,Balancer,Polygon,8.11,DAI,137676428,1.04,1.75
2024-09-04,Balancer,Base,6.37,USDC,131431373,1.54,4.13
2024-09-04,Balancer,Base,7.82,USDT,129290385,1.57,3.78
2024-09-04,Balancer,Base,5.68,DAI,137455375,1.45,5.53
2024-09-05,Aave,Ethereum,2.43,USDC,304180236,22.77,0
2024-09-05,Aave,Ethereum,2.75,USDT,304058998,16.6,0
2024-09-05,Aave,Ethereum,2.32,DAI,319034775,20.17,0
2024-09-05,Aave,Arbitrum,3.14,USDC,309639034,2.27,5.02
2024-09-05,Aave,Arbitrum,3.01,USDT,306644708,2.2,6.0
2024-09-05,Aave,Optimism,3.09,USDC,294440892,1.98,3.26
2024-09-05,Aave,Optimism,3.13,USDT,297952721,1.68,6.04
2024-09-05,Aave,Optimism,2.77,DAI,308657890,1.95,5.44
2024-09-05,Aave,Polygon,3.27,USDC,330579695,0.79,4.1
2024-09-05,Aave,Polygon,3.29,USDT,287136441,1.0,3.41
2024-09-05,Aave,Polygon,3.52,DAI,305145829,0.94,3.73
2024-09-05,Aave,Base,3.13,USDC,313165394,1.68,4.31
2024-09-05,Aave,Base,3.06,DAI,323512146,1.6,5.07
2024-09-05,Compound,Ethereum,2.29,USDC,230356711,18.39,0
2024-09-05,Compound,Ethereum,2.57,USDT,221848430,16.95,0
2024-09-05,Compound,Ethereum,2.25,DAI,214986559,17.94,0
2024-09-05,Compound,Arbitrum,3.05,USDC,207892732,2.19,3.05
2024-09-05,Compound,Arbitrum,2.92,USDT,218287311,2.19,3.98
2024-09-05,Compound,Arbitrum,3.27,DAI,229765681,2.65,4.06
2024-09-05,Compound,Optimism,2.3,USDC,210965850,1.93,4.38
2024-09-05,Compound,Optimism,2.34,USDT,235250724,1.57,4.28
2024-09-05,Compound,Optimism,2.78,DAI,217721700,2.14,4.12
2024-09-05,Compound,Polygon,3.15,USDC,222209065,0.99,3.68
2024-09-05,Compound,Polygon,2.8,USDT,230419093,0.94,3.44
2024-09-05,Compound,Polygon,2.84,DAI,224463112,0.69,2.85
2024-09-05,Compound,Base,2.51,USDT,229074193,1.16,5.54
2024-09-05,Curve,Ethereum,6.46,USDC,384431979,17.4,0
2024-09-05,Curve,Ethereum,4.39,USDT,408776556,16.97,0
2024-09-05,Curve,Ethereum,6.58,DAI,412474465,23.54,0
2024-09-05,Curve,Arbitrum,8.09,USDC,382565971,2.51,4.26
2024-09-05,Curve,Arbitrum,6.32,USDT,392734509,2.66,5.07
2024-09-05,Curve,Arbitrum,6.17,DAI,371975450,2.72,6.25
2024-09-05,Curve,Optimism,5.91,USDC,380886662,2.21,4.54
2024-09-05,Curve,Optimism,6.37,DAI,375479890,2.19,3.46
2024-09-05,Curve,Polygon,6.83,USDC,404795782,0.8,3.44
2024-09-05,Curve,Polygon,7.64,USDT,403976977,1.06,2.72
2024-09-05,Curve,Polygon,7.5,DAI,386648935,1.04,2.79
2024-09-05,Curve,Base,5.27,USDT,410034324,1.5,4.16
2024-09-05,Curve,Base,7.2,DAI,391592238,1.55,4.86
2024-09-05,Uniswap V3,Ethereum,5.76,USDT,117729438,15.96,0
2024-09-05,Uniswap V3,Ethereum,4.91,DAI,110160845,14.32,0
2024-09-05,Uniswap V3,Arbitrum,6.0,USDC,118678210,2.88,3.08
2024-09-05,Uniswap V3,Arbitrum,6.44,USDT,116717043,1.79,4.59
2024-09-05,Uniswap V3,Arbitrum,8.27,DAI,113032759,2.72,4.56
2024-09-05,Uniswap V3,Optimism,5.64,USDC,118211865,1.54,4.41
2024-09-05,Uniswap V3,Optimism,8.51,USDT,119340126,1.72,4.12
2024-09-05,Uniswap V3,Optimism,8.11,DAI,125336003,1.32,4.89
2024-09-05,Uniswap V3,Polygon,8.2,USDC,116965509,0.92,2.28
2024-09-05,Uniswap V3,Polygon,6.48,USDT,121983325,1.13,2.81
2024-09-05,Uniswap V3,Polygon,7.95,DAI,115826170,1.07,3.19
2024-09-05,Uniswap V3,Base,7.15,USDC,121431760,1.44,4.68
2024-09-05,Uniswap V3,Base,8.84,USDT,124695837,1.62,3.72
2024-09-05,Uniswap V3,Base,6.08,DAI,112643343,1.38,3.14
2024-09-05,Yearn,Ethereum,3.0,USDC,146248202,18.3,0
2024-09-05,Yearn,Ethereum,2.92,USDT,144357756,24.39,0
2024-09-05,Yearn,Ethereum,3.57,DAI,143878942,15.4,0
2024-09-05,Yearn,Arbitrum,4.48,USDC,150302984,2.21,5.27
2024-09-05,Yearn,Optimism,4.01,USDC,144859589,1.77,5.06
2024-09-05,Yearn,Optimism,4.16,USDT,144427659,1.92,4.73
2024-09-05,Yearn,Optimism,3.8,DAI,157729597,2.17,4.51
2024-09-05,Yearn,Polygon,4.39,USDC,143070155,1.08,2.01
2024-09-05,Yearn,Polygon,4.38,USDT,153180309,0.9,3.59
2024-09-05,Yearn,Polygon,4.45,DAI,144992962,1.14,2.68
2024-09-05,Yearn,Base,3.46,USDC,149272175,1.17,3.45
2024-09-05,Yearn,Base,3.82,DAI,148794569,1.8,2.66
2024-09-05,Pendle,Ethereum,8.31,USDC,89379733,15.76,0
2024-09-05,Pendle,Ethereum,8.04,USDT,84147600,16.58,0
2024-09-05,Pendle,Ethereum,7.29,DAI,94989882,20.9,0
2024-09-05,Pendle,Arbitrum,12.5,USDC,89250717,2.83,5.91
2024-09-05,Pendle,Arbitrum,9.02,USDT,89121805,2.82,5.44
2024-09-05,Pendle,Optimism,9.15,USDC,97756697,1.68,4.48
2024-09-05,Pendle,Optimism,10.23,USDT,93564568,1.74,5.14
2024-09-05,Pendle,Optimism,10.12,DAI,93652741,1.5,3.34
2024-09-05,Pendle,Base,9.74,USDC,92760229,1.32,3.85
2024-09-05,Pendle,Base,10.06,DAI,92807565,1.34,4.67
2024-09-05,Convex,Ethereum,4.79,USDT,181308979,21.18,0
2024-09-05,Convex,Ethereum,4.29,DAI,176535196,17.6,0
2024-09-05,Balancer,Ethereum,6.08,USDC,137415440,21.74,0
2024-09-05,Balancer,Ethereum,4.98,USDT,141743094,18.68,0
2024-09-05,Balancer,Ethereum,5.55,DAI,141084804,22.32,0
2024-09-05,Balancer,Arbitrum,5.28,USDT,148235426,2.71,4.58
2024-09-05,Balancer,Arbitrum,6.99,DAI,147931315,2.56,4.61
2024-09-05,Balancer,Optimism,6.35,USDC,132737920,2.14,3.13
2024-09-05,Balancer,Optimism,6.93,USDT,141558907,1.8,3.54
2024-09-05,Balancer,Optimism,6.12,DAI,130560200,1.62,4.57
2024-09-05,Balancer,Polygon,6.69,USDC,134103271,0.87,3.46
2024-09-05,Balancer,Polygon,7.06,USDT,140053286,0.82,2.88
2024-09-05,Balancer,Polygon,7.7,DAI,135499884,0.72,2.17
2024-09-05,Balancer,Base,6.85,USDC,127390125,1.32,3.25
2024-09-05,Balancer,Base,6.47,USDT,137399826,1.73,4.83
2024-09-05,Balancer,Base,6.16,DAI,138932353,1.48,3.84
2024-09-06,Aave,Ethereum,2.53,USDC,307806619,18.28,0
2024-09-06,Aave,Ethereum,2.49,USDT,291759108,13.85,0
2024-09-06,Aave,Ethereum,2.33,DAI,308969739,19.79,0
2024-09-06,Aave,Arbitrum,3.12,USDC,312183850,2.18,5.72
2024-09-06,Aave,Arbitrum,3.14,USDT,297859577,2.39,3.69
2024-09-06,Aave,Arbitrum,3.52,DAI,302746801,1.9,6.12
2024-09-06,Aave,Optimism,2.86,USDC,293097168,1.82,4.64
2024-09-06,Aave,Optimism,2.8,USDT,315198827,1.74,3.15
2024-09-06,Aave,Optimism,2.92,DAI,302500455,1.75,4.6
2024-09-06,Aave,Polygon,2.99,USDC,317852381,1.21,4.72
2024-09-06,Aave,Polygon,2.97,USDT,303521220,0.87,3.51
2024-09-06,Aave,Polygon,3.41,DAI,309602380,0.94,3.03
2024-09-06,Aave,Base,3.45,USDC,316363661,1.28,5.13
2024-09-06,Aave,Base,3.06,USDT,330065729,1.26,3.19
2024-09-06,Aave,Base,2.64,DAI,315921819,1.48,3.55
2024-09-06,Compound,Ethereum,2.03,USDC,223800970,16.72,0
2024-09-06,Compound,Ethereum,2.64,USDT,214706692,17.15,0
2024-09-06,Compound,Ethereum,2.57,DAI,206036284,16.7,0
2024-09-06,Compound,Arbitrum,2.81,USDC,228442776,1.93,6.08
2024-09-06,Compound,Arbitrum,2.68,USDT,226882745,2.08,4.47
2024-09-06,Compound,Optimism,2.2,USDC,207123313,1.55,3.42
2024-09-06,Compound,Optimism,2.52,USDT,209517359,1.73,3.37
2024-09-06,Compound,Optimism,2.63,DAI,215440311,1.91,4.11
2024-09-06,Compound,Polygon,3.16,USDC,224290573,1.14,2.65
2024-09-06,Compound,Polygon,2.93,USDT,232909110,0.73,2.79
2024-09-06,Compound,Base,2.55,USDT,228744502,1.17,4.15
2024-09-06,Compound,Base,2.74,DAI,224038254,1.94,3.05
2024-09-06,Curve,Ethereum,4.82,USDC,383435711,13.33,0
2024-09-06,Curve,Ethereum,5.15,USDT,389117674,13.76,0
2024-09-06,Curve,Ethereum,5.96,DAI,430633510,18.03,0
2024-09-06,Curve,Arbitrum,6.77,USDC,400189845,2.59,5.93
2024-09-06,Curve,Arbitrum,6.56,USDT,387828250,2.51,4.33
2024-09-06,Curve,Arbitrum,5.15,DAI,403645342,1.75,4.05
2024-09-06,Curve,Optimism,6.32,USDC,375189658,1.69,4.51
2024-09-06,Curve,Optimism,7.34,USDT,391554271,1.82,3.89
2024-09-06,Curve,Optimism,6.83,DAI,393306567,2.27,2.87
2024-09-06,Curve,Polygon,8.2,USDC,374373053,1.08,3.37
2024-09-06,Curve,Polygon,7.53,USDT,413192556,0.97,3.41
2024-09-06,Curve,Polygon,7.77,DAI,380513857,0.97,2.81
2024-09-06,Curve,Base,6.72,USDC,410410718,1.23,3.55
2024-09-06,Curve,Base,7.13,USDT,403954451,1.5,3.68
2024-09-06,Curve,Base,6.04,DAI,406151585,1.47,5.12
2024-09-06,Uniswap V3,Ethereum,6.12,USDC,121205218,18.06,0
2024-09-06,Uniswap V3,Ethereum,6.49,USDT,121393554,18.89,0
2024-09-06,Uniswap V3,Ethereum,6.12,DAI,114063602,16.53,0
2024-09-06,Uniswap V3,Arbitrum,7.76,USDC,107501768,2.72,5.88
2024-09-06,Uniswap V3,Arbitrum,6.62,USDT,114662746,2.53,5.42
2024-09-06,Uniswap V3,Arbitrum,6.36,DAI,108476903,1.95,5.63
2024-09-06,Uniswap V3,Optimism,6.02,USDC,123700354,1.74,1.92
2024-09-06,Uniswap V3,Optimism,8.61,USDT,121756267,1.71,4.65
2024-09-06,Uniswap V3,Optimism,7.77,DAI,115030311,1.61,4.87
2024-09-06,Uniswap V3,Polygon,6.44,USDC,118399940,1.04,2.75
2024-09-06,Uniswap V3,Polygon,6.81,USDT,119361668,1.13,2.91
2024-09-06,Uniswap V3,Polygon,6.45,DAI,119036011,1.11,2.24
2024-09-06,Uniswap V3,Base,8.65,USDC,119403547,1.81,3.59
2024-09-06,Uniswap V3,Base,8.03,USDT,111346977,1.49,3.53
2024-09-06,Uniswap V3,Base,6.96,DAI,113634850,1.35,4.78
2024-09-06,Yearn,Ethereum,3.26,USDC,144334211,16.6,0
2024-09-06,Yearn,Ethereum,3.07,USDT,141659938,19.01,0
2024-09-06,Yearn,Ethereum,2.91,DAI,142273771,20.67,0
2024-09-06,Yearn,Arbitrum,3.78,USDC,147075929,2.27,5.09
2024-09-06,Yearn,Arbitrum,4.19,USDT,150049983,2.24,4.17
2024-09-06,Yearn,Arbitrum,4.37,DAI,132694516,2.99,4.95
2024-09-06,Yearn,Optimism,3.61,USDC,159934767,1.92,4.18
2024-09-06,Yearn,Optimism,3.35,USDT,145204088,2.04,3.68
2024-09-06,Yearn,Polygon,4.26,USDC,150316598,0.8,3.71
2024-09-06,Yearn,Polygon,4.27,USDT,155011292,0.94,3.66
2024-09-06,Yearn,Polygon,4.52,DAI,138258110,0.88,2.25
2024-09-06,Yearn,Base,4.02,USDC,152835999,1.53,3.49
2024-09-06,Yearn,Base,3.23,USDT,142785894,1.4,5.55
2024-09-06,Yearn,Base,4.23,DAI,137622036,1.44,3.34
2024-09-06,Pendle,Ethereum,7.88,USDC,92986790,16.27,0
2024-09-06,Pendle,Ethereum,8.2,USDT,96014838,18.88,0
2024-09-06,Pendle,Ethereum,6.56,DAI,89929449,21.54,0
2024-09-06,Pendle,Arbitrum,8.44,USDC,96736468,2.3,3.4
2024-09-06,Pendle,Arbitrum,11.55,USDT,86066452,2.62,3.83
2024-09-06,Pendle,Arbitrum,11.05,DAI,88030283,1.77,3.44
2024-09-06,Pendle,Optimism,8.73,USDC,89778865,1.65,3.0
2024-09-06,Pendle,Optimism,9.29,USDT,96917546,1.87,4.53
2024-09-06,Pendle,Optimism,9.42,DAI,94495043,1.77,4.65
2024-09-06,Pendle,Base,10.53,USDC,93901563,1.45,4.31
2024-09-06,Pendle,Base,11.55,USDT,88506406,1.31,4.82
2024-09-06,Pendle,Base,8.96,DAI,90118040,1.34,5.07
2024-09-06,Convex,Ethereum,4.41,USDC,178514903,15.98,0
2024-09-06,Convex,Ethereum,5.07,USDT,184693059,20.6,0
2024-09-06,Convex,Ethereum,4.67,DAI,196166882,21.99,0
2024-09-06,Balancer,Ethereum,5.8,USDC,145900273,15.34,0
2024-09-06,Balancer,Ethereum,5.61,USDT,134185555,19.43,0
2024-09-06,Balancer,Ethereum,5.19,DAI,132810834,17.65,0
2024-09-06,Balancer,Arbitrum,5.89,USDC,137927260,2.07,4.66
2024-09-06,Balancer,Arbitrum,5.9,USDT,141985918,2.76,5.33
2024-09-06,Balancer,Arbitrum,8.32,DAI,148071923,1.94,2.78
2024-09-06,Balancer,Optimism,5.58,USDC,135355202,2.07,4.45
2024-09-06,Balancer,Optimism,7.77,USDT,137523305,1.55,4.1
2024-09-06,Balancer,Optimism,5.34,DAI,126673980,2.09,4.21
2024-09-06,Balancer,Polygon,7.46,USDC,134400655,0.88,2.16
2024-09-06,Balancer,Polygon,7.23,DAI,135502111,1.02,2.67
2024-09-06,Balancer,Base,6.96,USDC,125997556,1.61,3.86
2024-09-06,Balancer,Base,6.74,USDT,137697301,1.49,4.14
2024-09-06,Balancer,Base,6.35,DAI,140873240,0.85,4.04
2024-09-07,Aave,Ethereum,2.18,USDC,318419677,12.91,0
2024-09-07,Aave,Ethereum,2.23,USDT,301942608,14.59,0
2024-09-07,Aave,Ethereum,2.5,DAI,309470183,9.32,0
2024-09-07,Aave,Arbitrum,3.12,USDC,333532675,1.92,6.48
2024-09-07,Aave,Arbitrum,2.87,USDT,322409864,1.62,4.06
2024-09-07,Aave,Arbitrum,2.69,DAI,293192993,1.98,6.14
2024-09-07,Aave,Optimism,2.48,USDC,323431154,1.06,4.41
2024-09-07,Aave,Optimism,2.46,DAI,299442016,1.3,4.3
2024-09-07,Aave,Polygon,2.9,USDC,319611993,0.62,1.65
2024-09-07,Aave,Polygon,3.03,USDT,293903836,0.75,2.43
2024-09-07,Aave,Polygon,2.95,DAI,307065649,0.61,2.33
2024-09-07,Aave,Base,3.16,USDC,312744696,0.84,4.64
2024-09-07,Aave,Base,2.88,USDT,296427742,1.13,2.23
2024-09-07,Aave,Base,3.08,DAI,284409537,1.03,4.69
2024-09-07,Compound,Ethereum,2.04,USDC,207262607,16.36,0
2024-09-07,Compound,Ethereum,2.13,USDT,225107919,10.93,0
2024-09-07,Compound,Ethereum,2.52,DAI,216407121,9.21,0
2024-09-07,Compound,Arbitrum,2.54,USDC,225721751,1.8,4.84
2024-09-07,Compound,Arbitrum,2.77,USDT,225915138,1.55,4.04
2024-09-07,Compound,Arbitrum,2.54,DAI,213931780,1.64,4.49
2024-09-07,Compound,Optimism,2.43,USDC,226541878,1.27,4.2
2024-09-07,Compound,Optimism,2.42,USDT,224047730,1.32,4.05
2024-09-07,Compound,Polygon,2.8,USDC,223681237,0.69,2.92
2024-09-07,Compound,Polygon,2.67,USDT,206781205,0.39,2.79
2024-09-07,Compound,Polygon,2.47,DAI,233448662,0.8,3.2
2024-09-07,Compound,Base,2.82,USDC,215298787,1.03,3.76
2024-09-07,Compound,Base,2.39,USDT,235489888,1.01,3.79
2024-09-07,Compound,Base,2.9,DAI,215861931,0.89,4.28
2024-09-07,Curve,Ethereum,5.0,USDC,417073090,12.27,0
2024-09-07,Curve,Ethereum,4.68,USDT,411163016,13.57,0
2024-09-07,Curve,Ethereum,5.39,DAI,422622482,14.82,0
2024-09-07,Curve,Arbitrum,5.01,USDC,365047169,1.63,6.69
2024-09-07,Curve,Arbitrum,5.45,USDT,381193176,1.77,3.49
2024-09-07,Curve,Optimism,7.64,USDC,362993121,1.28,3.65
2024-09-07,Curve,Optimism,6.26,USDT,365488872,1.44,4.22
2024-09-07,Curve,Optimism,5.18,DAI,396098618,0.93,3.95
2024-09-07,Curve,Polygon,7.28,USDC,402813372,0.71,2.5
2024-09-07,Curve,Polygon,7.27,DAI,395293983,0.62,2.52
2024-09-07,Curve,Base,7.33,USDT,396525120,0.98,2.27
2024-09-07,Uniswap V3,Ethereum,7.16,USDC,112057223,10.82,0
2024-09-07,Uniswap V3,Ethereum,5.83,USDT,123717376,10.81,0
2024-09-07,Uniswap V3,Ethereum,6.43,DAI,115651997,10.86,0
2024-09-07,Uniswap V3,Arbitrum,6.25,USDC,128734147,1.6,4.78
2024-09-07,Uniswap V3,Arbitrum,8.26,USDT,112918220,1.88,6.24
2024-09-07,Uniswap V3,Arbitrum,8.3,DAI,119139499,1.87,5.6
2024-09-07,Uniswap V3,Optimism,7.11,USDC,115930712,1.33,2.17
2024-09-07,Uniswap V3,Optimism,7.53,USDT,124210683,1.35,4.38
2024-09-07,Uniswap V3,Polygon,8.15,USDC,116399689,0.54,3.42
2024-09-07,Uniswap V3,Polygon,7.21,USDT,125209025,0.5,3.91
2024-09-07,Uniswap V3,Polygon,9.2,DAI,117159486,0.55,2.94
2024-09-07,Uniswap V3,Base,6.08,USDC,112968275,0.96,4.49
2024-09-07,Uniswap V3,Base,7.36,USDT,113110966,0.9,4.85
2024-09-07,Uniswap V3,Base,7.38,DAI,113915822,0.89,5.23
2024-09-07,Yearn,Ethereum,2.71,USDC,152247326,13.14,0
2024-09-07,Yearn,Ethereum,3.24,USDT,148787345,12.81,0
2024-09-07,Yearn,Ethereum,2.95,DAI,153595625,13.45,0
2024-09-07,Yearn,Arbitrum,3.58,USDC,149182960,1.45,6.28
2024-09-07,Yearn,Arbitrum,3.66,USDT,152702691,1.36,5.82
2024-09-07,Yearn,Arbitrum,3.86,DAI,145568168,1.83,3.6
2024-09-07,Yearn,Optimism,3.82,USDC,149892287,1.08,3.36
2024-09-07,Yearn,Optimism,3.72,USDT,156052236,1.06,5.02
2024-09-07,Yearn,Polygon,3.51,USDC,133740263,0.5,3.27
2024-09-07,Yearn,Polygon,4.09,USDT,139167012,0.59,3.09
2024-09-07,Yearn,Polygon,4.02,DAI,153608594,0.68,2.91
2024-09-07,Yearn,Base,3.53,USDC,152491089,0.71,4.28
2024-09-07,Yearn,Base,3.81,USDT,152501890,1.05,4.2
2024-09-07,Yearn,Base,3.81,DAI,142613564,0.95,4.18
2024-09-07,Pendle,Ethereum,7.15,USDC,96637764,9.38,0
2024-09-07,Pendle,Ethereum,7.27,USDT,90580289,10.54,0
2024-09-07,Pendle,Ethereum,6.26,DAI,93517699,12.97,0
2024-09-07,Pendle,Arbitrum,9.31,USDC,97199094,1.71,5.17
2024-09-07,Pendle,Arbitrum,9.31,USDT,97481915,1.22,5.19
2024-09-07,Pendle,Optimism,10.11,USDT,100930564,1.25,3.73
2024-09-07,Pendle,Optimism,7.85,DAI,90259912,1.55,4.54
2024-09-07,Pendle,Base,9.8,USDC,95192697,1.14,4.14
2024-09-07,Pendle,Base,10.35,USDT,92719516,1.09,4.54
2024-09-07,Pendle,Base,10.29,DAI,88876114,0.77,4.55
2024-09-07,Convex,Ethereum,4.71,USDT,190166614,13.84,0
2024-09-07,Convex,Ethereum,5.44,DAI,193856648,16.15,0
2024-09-07,Balancer,Ethereum,5.6,USDT,122354567,11.81,0
2024-09-07,Balancer,Ethereum,5.4,DAI,144484593,14.99,0
2024-09-07,Balancer,Arbitrum,6.35,USDC,151894544,1.11,6.1
2024-09-07,Balancer,Arbitrum,7.38,USDT,130221484,1.54,5.73
2024-09-07,Balancer,Optimism,6.52,USDC,131531880,1.36,3.57
2024-09-07,Balancer,Optimism,7.34,USDT,140517214,1.04,3.65
2024-09-07,Balancer,Optimism,5.73,DAI,137683900,1.4,4.56
2024-09-07,Balancer,Polygon,7.61,USDC,131671723,0.53,2.68
2024-09-07,Balancer,Polygon,7.23,DAI,130756065,0.5,2.79
2024-09-07,Balancer,Base,7.19,USDC,145054439,1.08,4.39
2024-09-07,Balancer,Base,7.01,USDT,136068734,0.84,4.68
2024-09-07,Balancer,Base,7.61,DAI,133202795,1.16,4.05
2024-09-08,Aave,Arbitrum,2.73,USDC,327957980,1.67,5.58
2024-09-08,Aave,Arbitrum,3.1,USDT,307440808,1.62,3.93
2024-09-08,Aave,Arbitrum,2.97,DAI,307883680,1.64,6.88
2024-09-08,Aave,Optimism,2.88,USDC,297512565,1.37,3.72
2024-09-08,Aave,Optimism,2.81,USDT,311580536,0.95,3.73
2024-09-08,Aave,Optimism,2.62,DAI,311452518,1.4,4.26
2024-09-08,Aave,Polygon,2.21,USDC,284455768,0.77,4.21
2024-09-08,Aave,Polygon,2.64,USDT,300608352,0.55,2.44
2024-09-08,Aave,Polygon,3.17,DAI,312278939,0.73,2.77
2024-09-08,Aave,Base,3.08,DAI,325793643,1.21,3.46
2024-09-08,Compound,Ethereum,2.34,USDC,215305163,12.51,0
2024-09-08,Compound,Ethereum,2.22,USDT,226972066,10.83,0
2024-09-08,Compound,Ethereum,2.09,DAI,227690632,13.15,0
2024-09-08,Compound,Arbitrum,2.82,USDC,228142677,1.45,6.28
2024-09-08,Compound,Arbitrum,2.61,USDT,235781205,1.5,5.18
2024-09-08,Compound,Optimism,2.59,USDC,196294895,1.27,4.59
2024-09-08,Compound,Polygon,2.62,USDC,227794084,0.84,3.14
2024-09-08,Compound,Polygon,2.92,USDT,217271823,0.65,2.18
2024-09-08,Compound,Polygon,3.02,DAI,222989016,0.66,3.33
2024-09-08,Compound,Base,2.75,USDC,219234308,1.26,3.51
2024-09-08,Compound,Base,2.56,USDT,227515668,1.26,4.06
2024-09-08,Compound,Base,2.82,DAI,224755690,1.14,4.16
2024-09-08,Curve,Ethereum,6.21,USDC,397706040,12.18,0
2024-09-08,Curve,Ethereum,5.54,USDT,425636383,13.41,0
2024-09-08,Curve,Arbitrum,6.14,USDC,374095085,1.63,4.02
2024-09-08,Curve,Arbitrum,5.63,USDT,403083350,1.78,7.97
2024-09-08,Curve,Arbitrum,7.63,DAI,410467502,1.52,5.27
2024-09-08,Curve,Optimism,7.15,USDC,414597140,1.12,3.21
2024-09-08,Curve,Optimism,8.61,USDT,373219008,1.12,4.38
2024-09-08,Curve,Optimism,6.92,DAI,384587195,1.41,3.92
2024-09-08,Curve,Polygon,7.78,USDC,384455504,0.69,2.72
2024-09-08,Curve,Base,6.16,USDC,368043578,0.96,4.04
2024-09-08,Curve,Base,7.01,USDT,400711929,0.98,3.0
2024-09-08,Uniswap V3,Ethereum,6.0,USDC,119408936,9.91,0
2024-09-08,Uniswap V3,Ethereum,5.06,USDT,116623914,11.74,0
2024-09-08,Uniswap V3,Arbitrum,6.25,USDC,114934802,1.77,4.01
2024-09-08,Uniswap V3,Arbitrum,7.2,USDT,119711716,1.47,5.52
2024-09-08,Uniswap V3,Arbitrum,7.16,DAI,124566540,1.67,3.69
2024-09-08,Uniswap V3,Optimism,5.19,USDC,111013960,1.0,4.26
2024-09-08,Uniswap V3,Optimism,6.28,USDT,115885829,1.49,4.12
2024-09-08,Uniswap V3,Optimism,6.56,DAI,123519552,1.18,5.16
2024-09-08,Uniswap V3,Polygon,7.1,USDC,115222335,0.99,3.38
2024-09-08,Uniswap V3,Polygon,7.66,USDT,111254833,0.71,2.74
2024-09-08,Uniswap V3,Polygon,7.52,DAI,123770825,0.54,3.31
2024-09-08,Uniswap V3,Base,7.53,USDC,118434024,0.84,4.18
2024-09-08,Uniswap V3,Base,6.68,USDT,119921663,0.97,4.37
2024-09-08,Uniswap V3,Base,7.17,DAI,120344529,1.03,4.41
2024-09-08,Yearn,Ethereum,3.14,USDT,152789483,10.59,0
2024-09-08,Yearn,Arbitrum,4.01,USDC,145627152,1.6,4.67
2024-09-08,Yearn,Arbitrum,3.67,USDT,157158174,1.35,3.43
2024-09-08,Yearn,Arbitrum,3.81,DAI,138635036,1.77,3.44
2024-09-08,Yearn,Optimism,3.33,USDC,139461239,0.85,2.5
2024-09-08,Yearn,Optimism,3.6,DAI,149052576,1.16,6.0
2024-09-08,Yearn,Polygon,3.97,USDT,144062213,0.84,1.57
2024-09-08,Yearn,Polygon,4.33,DAI,145786063,0.64,2.5
2024-09-08,Yearn,Base,3.64,USDC,149154341,0.76,2.97
2024-09-08,Yearn,Base,3.79,USDT,158532157,0.88,4.14
2024-09-08,Yearn,Base,3.33,DAI,142848005,0.97,4.27
2024-09-08,Pendle,Ethereum,9.05,USDC,96849321,12.34,0
2024-09-08,Pendle,Ethereum,7.91,USDT,99793399,9.56,0
2024-09-08,Pendle,Arbitrum,9.06,USDC,84018254,1.82,4.23
2024-09-08,Pendle,Arbitrum,8.81,USDT,94985441,1.53,4.22
2024-09-08,Pendle,Arbitrum,11.75,DAI,98539091,1.72,5.95
2024-09-08,Pendle,Optimism,9.62,USDC,98578409,1.18,4.6
2024-09-08,Pendle,Optimism,10.73,USDT,88036285,0.91,4.35
2024-09-08,Pendle,Base,7.93,USDC,95925319,0.87,4.3
2024-09-08,Pendle,Base,8.25,USDT,88481177,1.03,3.75
2024-09-08,Pendle,Base,11.02,DAI,93070547,0.91,3.74
2024-09-08,Convex,Ethereum,5.59,USDT,183699877,12.45,0
2024-09-08,Convex,Ethereum,5.3,DAI,193892751,15.54,0
2024-09-08,Balancer,Ethereum,6.23,USDC,138302873,10.53,0
2024-09-08,Balancer,Arbitrum,6.91,DAI,139765352,1.38,4.57
2024-09-08,Balancer,Optimism,6.64,USDC,136772406,1.18,3.13
2024-09-08,Balancer,Optimism,7.21,USDT,141196755,1.25,3.89
2024-09-08,Balancer,Optimism,5.81,DAI,126777735,1.18,4.34
2024-09-08,Balancer,Polygon,7.49,USDC,139669451,0.6,3.33
2024-09-08,Balancer,Polygon,7.45,USDT,131513999,0.8,3.69
2024-09-08,Balancer,Polygon,6.44,DAI,136151775,0.74,3.1
2024-09-08,Balancer,Base,6.14,USDC,126423139,0.85,3.51
2024-09-08,Balancer,Base,7.01,USDT,134261871,0.93,4.61
2024-09-08,Balancer,Base,7.64,DAI,135485121,1.08,4.03
2024-09-09,Aave,Ethereum,2.14,USDC,306304563,18.83,0
2024-09-09,Aave,Ethereum,2.41,USDT,293609801,20.83,0
2024-09-09,Aave,Ethereum,2.56,DAI,293128902,15.48,0
2024-09-09,Aave,Arbitrum,2.8,USDC,290210214,2.73,5.07
2024-09-09,Aave,Arbitrum,2.64,USDT,311054489,2.81,4.14
2024-09-09,Aave,Optimism,3.45,USDC,301132424,1.97,4.53
2024-09-09,Aave,Optimism,2.57,USDT,305692396,1.91,3.48
2024-09-09,Aave,Optimism,2.82,DAI,305418858,1.99,4.7
2024-09-09,Aave,Polygon,2.8,USDC,294819445,0.99,3.31
2024-09-09,Aave,Polygon,3.84,USDT,290358820,0.84,2.39
2024-09-09,Aave,Polygon,3.27,DAI,313059733,0.86,2.76
2024-09-09,Aave,Base,3.23,USDC,299655148,1.56,4.67
2024-09-09,Aave,Base,3.06,USDT,308686253,1.67,3.48
2024-09-09,Aave,Base,2.78,DAI,307371076,1.38,2.8
2024-09-09,Compound,Ethereum,2.14,USDT,215130511,19.27,0
2024-09-09,Compound,Ethereum,2.34,DAI,243208450,11.99,0
2024-09-09,Compound,Arbitrum,2.38,USDC,221531064,2.51,6.66
2024-09-09,Compound,Arbitrum,2.84,USDT,210222773,2.46,5.44
2024-09-09,Compound,Arbitrum,2.5,DAI,230541634,2.34,5.3
2024-09-09,Compound,Optimism,2.64,USDC,234569815,1.76,1.5
2024-09-09,Compound,Optimism,2.72,USDT,223352455,1.53,3.15
2024-09-09,Compound,Optimism,2.88,DAI,211527442,1.68,4.16
2024-09-09,Compound,Polygon,3.11,USDC,237156634,1.07,2.73
2024-09-09,Compound,Polygon,3.12,USDT,215597004,1.0,3.25
2024-09-09,Compound,Polygon,2.93,DAI,223833748,1.16,4.0
2024-09-09,Compound,Base,2.68,USDT,226559204,1.42,2.58
2024-09-09,Compound,Base,2.62,DAI,233882909,1.42,2.64
2024-09-09,Curve,Ethereum,5.96,USDC,384901294,18.97,0
2024-09-09,Curve,Ethereum,5.86,USDT,393021278,21.53,0
2024-09-09,Curve,Ethereum,6.65,DAI,394463817,20.6,0
2024-09-09,Curve,Arbitrum,5.85,USDC,385072158,2.47,4.97
2024-09-09,Curve,Arbitrum,5.76,USDT,405279498,2.36,4.41
2024-09-09,Curve,Arbitrum,7.11,DAI,385177636,2.79,3.55
2024-09-09,Curve,Optimism,6.77,USDC,391475040,1.76,4.86
2024-09-09,Curve,Optimism,5.6,USDT,409264647,1.81,3.57
2024-09-09,Curve,Optimism,5.83,DAI,403726921,2.26,4.0
2024-09-09,Curve,Polygon,6.06,USDC,379666749,0.88,3.71
2024-09-09,Curve,Polygon,6.22,USDT,412645836,1.08,3.02
2024-09-09,Curve,Polygon,6.61,DAI,382767763,1.01,2.82
2024-09-09,Curve,Base,5.78,USDC,370348896,1.36,3.92
2024-09-09,Curve,Base,6.23,USDT,410474312,1.76,4.53
2024-09-09,Curve,Base,5.83,DAI,410314497,1.46,4.47
2024-09-09,Uniswap V3,Ethereum,5.77,USDC,114263385,18.55,0
2024-09-09,Uniswap V3,Ethereum,5.49,USDT,114470942,19.4,0
2024-09-09,Uniswap V3,Arbitrum,8.56,USDC,116530445,2.6,6.42
2024-09-09,Uniswap V3,Arbitrum,6.52,USDT,117889646,2.54,3.9
2024-09-09,Uniswap V3,Arbitrum,8.11,DAI,112475206,2.21,5.79
2024-09-09,Uniswap V3,Optimism,8.37,USDC,123475615,2.15,4.44
2024-09-09,Uniswap V3,Optimism,8.48,USDT,112689856,2.09,4.65
2024-09-09,Uniswap V3,Optimism,8.83,DAI,113823430,2.03,4.5
2024-09-09,Uniswap V3,Polygon,7.16,USDC,110701503,0.86,4.86
2024-09-09,Uniswap V3,Polygon,8.31,USDT,120450709,1.13,2.86
2024-09-09,Uniswap V3,Base,8.34,USDC,116613238,1.37,3.32
2024-09-09,Uniswap V3,Base,7.16,USDT,118753226,1.75,4.03
2024-09-09,Uniswap V3,Base,5.77,DAI,110210436,1.3,4.94
2024-09-09,Yearn,Ethereum,3.46,USDC,145896848,21.38,0
2024-09-09,Yearn,Ethereum,3.44,USDT,148677520,12.29,0
2024-09-09,Yearn,Ethereum,3.16,DAI,145648731,16.85,0
2024-09-09,Yearn,Arbitrum,3.88,USDC,149569907,2.48,3.94
2024-09-09,Yearn,Arbitrum,4.19,USDT,139972569,2.63,5.07
2024-09-09,Yearn,Arbitrum,3.86,DAI,142529447,1.88,5.53
2024-09-09,Yearn,Optimism,4.18,USDC,152190883,2.19,4.13
2024-09-09,Yearn,Optimism,3.87,USDT,147543165,2.11,4.5
2024-09-09,Yearn,Optimism,3.81,DAI,154445720,1.44,2.95
2024-09-09,Yearn,Polygon,4.0,USDC,149355619,1.17,2.3
2024-09-09,Yearn,Polygon,4.09,DAI,141955243,0.71,2.4
2024-09-09,Yearn,Base,4.39,USDC,140520803,1.73,5.09
2024-09-09,Yearn,Base,4.03,USDT,149747574,1.41,4.58
2024-09-09,Pendle,Ethereum,7.68,USDC,95312165,19.62,0
2024-09-09,Pendle,Ethereum,8.09,USDT,90105022,18.0,0
2024-09-09,Pendle,Ethereum,8.18,DAI,94288042,20.74,0
2024-09-09,Pendle,Arbitrum,10.88,USDC,96765338,2.52,6.06
2024-09-09,Pendle,Arbitrum,10.97,USDT,95430279,2.63,6.75
2024-09-09,Pendle,Arbitrum,10.81,DAI,87533512,2.11,5.64
2024-09-09,Pendle,Optimism,8.35,USDC,91263428,1.96,3.65
2024-09-09,Pendle,Optimism,10.26,USDT,88447435,1.98,4.3
2024-09-09,Pendle,Optimism,7.51,DAI,91611612,1.95,5.7
2024-09-09,Pendle,Base,9.66,USDC,94213916,1.38,3.8
2024-09-09,Pendle,Base,10.71,USDT,93823865,1.43,3.6
2024-09-09,Pendle,Base,10.88,DAI,91388652,1.8,4.13
2024-09-09,Convex,Ethereum,4.29,USDC,189176951,12.12,0
2024-09-09,Convex,Ethereum,5.14,USDT,185546921,21.51,0
2024-09-09,Convex,Ethereum,3.98,DAI,188749624,21.53,0
2024-09-09,Balancer,Ethereum,5.98,USDC,140065812,17.7,0
2024-09-09,Balancer,Ethereum,6.18,USDT,137289677,22.33,0
2024-09-09,Balancer,Ethereum,5.69,DAI,131317619,16.5,0
2024-09-09,Balancer,Arbitrum,8.44,USDC,138327306,2.82,4.75
2024-09-09,Balancer,Arbitrum,8.73,USDT,131921595,3.06,5.93
2024-09-09,Balancer,Arbitrum,7.01,DAI,139148672,2.73,5.4
2024-09-09,Balancer,Optimism,5.84,USDC,140500082,1.59,4.43
2024-09-09,Balancer,Optimism,6.49,USDT,141521699,2.17,4.18
2024-09-09,Balancer,Optimism,6.16,DAI,135804746,1.92,3.88
2024-09-09,Balancer,Polygon,7.54,USDC,144062582,0.99,3.69
2024-09-09,Balancer,Polygon,7.03,USDT,131342371,0.87,2.5
2024-09-09,Balancer,Polygon,5.81,DAI,135882507,0.83,2.67
2024-09-09,Balancer,Base,5.87,USDC,138007924,1.97,4.13
2024-09-09,Balancer,Base,6.94,USDT,139722959,1.27,2.57
2024-09-09,Balancer,Base,6.82,DAI,136786025,1.69,3.43
2024-09-10,Aave,Ethereum,2.66,USDC,328132457,16.25,0
2024-09-10,Aave,Ethereum,2.75,USDT,292918649,23.21,0
2024-09-10,Aave,Ethereum,2.46,DAI,308622225,15.62,0
2024-09-10,Aave,Arbitrum,3.12,USDC,299187929,2.76,4.61
2024-09-10,Aave,Arbitrum,3.19,USDT,306136300,2.07,6.03
2024-09-10,Aave,Arbitrum,3.4,DAI,327904686,2.42,5.33
2024-09-10,Aave,Optimism,3.07,USDC,297048920,1.94,4.61
2024-09-10,Aave,Optimism,3.12,USDT,311543243,1.77,4.73
2024-09-10,Aave,Optimism,2.41,DAI,323140493,1.42,3.63
2024-09-10,Aave,Polygon,3.37,USDC,322689328,1.01,3.15
2024-09-10,Aave,Polygon,3.62,USDT,326517129,0.93,3.7
2024-09-10,Aave,Polygon,3.18,DAI,295707881,0.61,2.24
2024-09-10,Aave,Base,2.84,USDC,307160528,1.67,4.15
2024-09-10,Aave,Base,3.33,USDT,311012258,1.25,4.25
2024-09-10,Compound,Ethereum,2.47,USDC,215677247,18.01,0
2024-09-10,Compound,Ethereum,2.29,USDT,226077635,17.0,0
2024-09-10,Compound,Ethereum,2.64,DAI,233069444,20.86,0
2024-09-10,Compound,Arbitrum,2.89,USDC,215994227,3.12,5.03
2024-09-10,Compound,Arbitrum,3.1,USDT,222980527,1.78,4.68
2024-09-10,Compound,Arbitrum,2.98,DAI,223248470,2.68,2.97
2024-09-10,Compound,Optimism,2.61,USDC,223842972,2.08,4.33
2024-09-10,Compound,Optimism,2.76,USDT,226515000,1.92,4.67
2024-09-10,Compound,Optimism,2.77,DAI,222084535,1.86,3.05
2024-09-10,Compound,Polygon,2.96,USDC,222593004,0.8,3.23
2024-09-10,Compound,Polygon,3.07,USDT,215629917,1.05,2.18
2024-09-10,Compound,Polygon,3.17,DAI,216310545,1.02,3.08
2024-09-10,Compound,Base,2.52,USDC,224426474,1.63,3.22
2024-09-10,Compound,Base,2.78,DAI,205467395,1.77,3.19
2024-09-10,Curve,Ethereum,4.73,USDC,354136593,21.62,0
2024-09-10,Curve,Ethereum,5.85,DAI,392116645,18.69,0
2024-09-10,Curve,Arbitrum,7.3,USDC,371317168,1.93,6.07
2024-09-10,Curve,Arbitrum,5.55,USDT,382732826,2.9,6.6
2024-09-10,Curve,Arbitrum,7.67,DAI,388472622,2.33,5.04
2024-09-10,Curve,Optimism,6.87,USDC,402832806,1.73,4.82
2024-09-10,Curve,Optimism,5.11,USDT,420678623,1.87,3.82
2024-09-10,Curve,Optimism,6.42,DAI,374973813,2.29,4.52
2024-09-10,Curve,Polygon,6.16,USDC,393863395,1.37,2.17
2024-09-10,Curve,Polygon,6.63,USDT,421743488,0.5,4.01
2024-09-10,Curve,Polygon,6.82,DAI,394027054,1.0,3.46
2024-09-10,Curve,Base,6.42,USDC,412016953,1.56,3.27
2024-09-10,Curve,Base,7.92,USDT,383419259,1.92,3.07
2024-09-10,Curve,Base,6.0,DAI,377595322,1.57,5.12
2024-09-10,Uniswap V3,Ethereum,6.62,USDC,118616286,20.84,0
2024-09-10,Uniswap V3,Ethereum,5.63,USDT,107408239,23.55,0
2024-09-10,Uniswap V3,Ethereum,6.27,DAI,116695230,14.46,0
2024-09-10,Uniswap V3,Arbitrum,7.7,USDC,121766399,2.08,6.7
2024-09-10,Uniswap V3,Arbitrum,8.34,USDT,125426649,1.95,4.46
2024-09-10,Uniswap V3,Arbitrum,7.97,DAI,116623533,2.83,6.27
2024-09-10,Uniswap V3,Optimism,6.78,USDC,116695071,1.75,3.52
2024-09-10,Uniswap V3,Optimism,5.91,USDT,120589563,1.85,4.14
2024-09-10,Uniswap V3,Optimism,9.04,DAI,113496688,1.78,3.19
2024-09-10,Uniswap V3,Polygon,7.48,USDC,117874558,1.13,2.87
2024-09-10,Uniswap V3,Polygon,8.93,USDT,119772526,0.97,2.67
2024-09-10,Uniswap V3,Polygon,7.22,DAI,120984652,0.74,2.81
2024-09-10,Uniswap V3,Base,5.67,USDC,113045171,1.12,4.24
2024-09-10,Uniswap V3,Base,6.83,USDT,119984693,1.5,3.25
2024-09-10,Uniswap V3,Base,6.72,DAI,115072464,1.14,4.76
2024-09-10,Yearn,Ethereum,3.05,USDC,134172615,18.3,0
2024-09-10,Yearn,Ethereum,3.33,USDT,151784655,14.94,0
2024-09-10,Yearn,Ethereum,3.43,DAI,145567667,16.7,0
2024-09-10,Yearn,Arbitrum,3.76,USDC,142015245,2.44,6.2
2024-09-10,Yearn,Arbitrum,4.4,USDT,150994855,2.47,3.34
2024-09-10,Yearn,Arbitrum,3.72,DAI,142895859,2.26,5.37
2024-09-10,Yearn,Optimism,3.86,USDC,143369423,1.83,4.45
2024-09-10,Yearn,Optimism,4.37,USDT,147379544,1.86,3.97
2024-09-10,Yearn,Optimism,3.88,DAI,143387875,2.07,3.87
2024-09-10,Yearn,Polygon,4.36,USDC,156342387,1.01,2.36
2024-09-10,Yearn,Polygon,4.22,USDT,131846861,0.99,3.21
2024-09-10,Yearn,Polygon,4.37,DAI,148100054,0.99,2.46
2024-09-10,Yearn,Base,3.87,USDC,144913406,1.09,3.46
2024-09-10,Yearn,Base,4.16,DAI,133947022,1.41,4.09
2024-09-10,Pendle,Ethereum,7.36,USDC,90571119,18.89,0
2024-09-10,Pendle,Ethereum,7.15,USDT,90221283,22.48,0
2024-09-10,Pendle,Ethereum,9.8,DAI,93617546,20.08,0
2024-09-10,Pendle,Arbitrum,13.08,USDC,85860521,2.52,5.73
2024-09-10,Pendle,Arbitrum,10.88,USDT,87845587,2.69,3.36
2024-09-10,Pendle,Arbitrum,8.36,DAI,86575009,2.8,4.83
2024-09-10,Pendle,Optimism,10.02,USDC,91506920,2.08,3.43
2024-09-10,Pendle,Optimism,7.88,USDT,92681143,1.84,3.28
2024-09-10,Pendle,Optimism,9.01,DAI,91757826,1.33,4.46
2024-09-10,Pendle,Base,10.21,USDC,100538941,1.54,5.47
2024-09-10,Pendle,Base,7.92,USDT,93550920,1.42,4.99
2024-09-10,Pendle,Base,9.46,DAI,90378853,1.31,5.98
2024-09-10,Convex,Ethereum,4.78,USDC,186748802,19.29,0
2024-09-10,Convex,Ethereum,4.41,USDT,175132247,20.89,0
2024-09-10,Balancer,Ethereum,5.44,USDC,130336286,18.85,0
2024-09-10,Balancer,Ethereum,4.94,USDT,141685745,26.73,0
2024-09-10,Balancer,Ethereum,5.52,DAI,133688601,19.88,0
2024-09-10,Balancer,Arbitrum,7.93,USDC,138103393,2.36,4.55
2024-09-10,Balancer,Arbitrum,6.55,USDT,140318000,2.96,5.18
2024-09-10,Balancer,Arbitrum,7.89,DAI,134666977,1.74,3.71
2024-09-10,Balancer,Optimism,7.21,USDC,133335364,2.12,4.12
2024-09-10,Balancer,Optimism,7.88,USDT,130093092,1.6,2.21
2024-09-10,Balancer,Polygon,7.41,USDC,131530243,0.79,3.08
2024-09-10,Balancer,Polygon,7.43,USDT,133086375,0.93,3.13
2024-09-10,Balancer,Polygon,7.79,DAI,123268131,0.86,4.26
2024-09-10,Balancer,Base,7.8,USDC,128653467,1.33,3.31
2024-09-10,Balancer,Base,7.15,DAI,140955753,1.31,3.71
2024-09-11,Aave,Ethereum,2.7,USDC,299087394,18.4,0
2024-09-11,Aave,Ethereum,2.62,DAI,305518489,17.06,0
2024-09-11,Aave,Arbitrum,2.57,USDC,283644667,2.58,4.42
2024-09-11,Aave,Arbitrum,2.73,USDT,296087006,1.57,3.22
2024-09-11,Aave,Arbitrum,3.1,DAI,282046827,2.22,4.61
2024-09-11,Aave,Optimism,2.5,USDC,305900476,1.83,2.14
2024-09-11,Aave,Optimism,2.87,USDT,290771701,1.94,4.35
2024-09-11,Aave,Optimism,3.38,DAI,311870020,1.89,4.72
2024-09-11,Aave,Polygon,3.26,USDC,294995684,0.84,2.53
2024-09-11,Aave,Polygon,3.37,DAI,296301903,1.04,2.68
2024-09-11,Aave,Base,3.2,USDT,317136082,1.46,4.64
2024-09-11,Aave,Base,3.29,DAI,289329744,0.88,5.02
2024-09-11,Compound,Ethereum,2.36,USDC,211333498,17.24,0
2024-09-11,Compound,Ethereum,2.39,USDT,225186208,16.79,0
2024-09-11,Compound,Ethereum,2.32,DAI,207031763,20.6,0
2024-09-11,Compound,Arbitrum,3.14,USDC,212070488,2.71,2.61
2024-09-11,Compound,Arbitrum,2.92,DAI,211467549,1.96,6.05
2024-09-11,Compound,Optimism,2.47,USDC,206768889,1.86,3.45
2024-09-11,Compound,Optimism,2.69,USDT,212827338,1.62,2.1
2024-09-11,Compound,Optimism,2.93,DAI,222833421,2.09,4.05
2024-09-11,Compound,Polygon,2.99,USDC,231456704,0.7,2.64
2024-09-11,Compound,Polygon,2.74,USDT,224160393,0.82,2.55
2024-09-11,Compound,Polygon,2.77,DAI,221829941,1.13,2.65
2024-09-11,Compound,Base,3.12,USDC,218247159,1.51,3.18
2024-09-11,Compound,Base,2.77,USDT,222478592,1.46,5.2
2024-09-11,Compound,Base,2.72,DAI,213610505,1.26,4.54
2024-09-11,Curve,Ethereum,6.18,USDC,389767336,19.3,0
2024-09-11,Curve,Ethereum,5.79,USDT,385157610,18.67,0
2024-09-11,Curve,Ethereum,6.25,DAI,378744198,20.1,0
2024-09-11,Curve,Arbitrum,5.08,USDC,372605710,2.24,6.55
2024-09-11,Curve,Arbitrum,6.98,DAI,365756263,1.69,5.16
2024-09-11,Curve,Optimism,6.81,USDC,361178649,1.84,5.59
2024-09-11,Curve,Optimism,6.75,USDT,370422198,1.5,2.87
2024-09-11,Curve,Optimism,7.57,DAI,394267132,1.45,3.25
2024-09-11,Curve,Polygon,7.99,USDC,394665512,0.95,2.28
2024-09-11,Curve,Polygon,6.78,USDT,402628225,1.02,2.95
2024-09-11,Curve,Polygon,6.22,DAI,414922511,0.87,3.55
2024-09-11,Curve,Base,5.13,USDC,376693163,1.06,3.43
2024-09-11,Curve,Base,6.1,USDT,384692407,1.46,3.57
2024-09-11,Curve,Base,5.81,DAI,368499381,1.32,3.84
2024-09-11,Uniswap V3,Ethereum,5.69,USDC,120442663,19.11,0
2024-09-11,Uniswap V3,Ethereum,6.56,DAI,112735021,17.04,0
2024-09-11,Uniswap V3,Arbitrum,6.43,USDC,108750620,2.14,4.96
2024-09-11,Uniswap V3,Arbitrum,6.91,USDT,113058635,2.57,3.17
2024-09-11,Uniswap V3,Arbitrum,8.72,DAI,107401455,2.24,6.13
2024-09-11,Uniswap V3,Optimism,8.47,USDC,113749554,1.86,3.09
2024-09-11,Uniswap V3,Optimism,7.65,USDT,107661834,1.37,4.55
2024-09-11,Uniswap V3,Optimism,5.95,DAI,119721600,1.98,5.86
2024-09-11,Uniswap V3,Polygon,8.52,USDC,111756304,0.9,1.73
2024-09-11,Uniswap V3,Polygon,7.81,USDT,107926859,1.1,2.67
2024-09-11,Uniswap V3,Polygon,9.07,DAI,116605612,0.98,3.49
2024-09-11,Uniswap V3,Base,8.61,USDC,117879442,1.51,3.47
2024-09-11,Uniswap V3,Base,6.52,USDT,118575052,1.33,3.68
2024-09-11,Uniswap V3,Base,6.86,DAI,105004052,1.6,3.66
2024-09-11,Yearn,Ethereum,3.29,USDC,149225634,18.92,0
2024-09-11,Yearn,Ethereum,3.2,USDT,150360635,15.45,0
2024-09-11,Yearn,Ethereum,3.48,DAI,139029127,13.42,0
2024-09-11,Yearn,Arbitrum,3.84,USDC,151184456,2.42,4.84
2024-09-11,Yearn,Arbitrum,3.44,USDT,141213899,1.91,7.34
2024-09-11,Yearn,Arbitrum,3.81,DAI,148669374,2.14,5.13
2024-09-11,Yearn,Optimism,3.84,USDT,147589279,1.92,3.84
2024-09-11,Yearn,Optimism,4.14,DAI,152346849,2.09,4.74
2024-09-11,Yearn,Polygon,4.61,USDC,141927391,0.99,3.1
2024-09-11,Yearn,Polygon,4.34,USDT,152666994,1.04,2.74
2024-09-11,Yearn,Base,4.29,USDC,143370935,1.88,4.31
2024-09-11,Yearn,Base,4.3,USDT,148749080,1.55,2.84
2024-09-11,Yearn,Base,4.12,DAI,140240115,1.29,4.51
2024-09-11,Pendle,Ethereum,8.82,USDC,92328032,19.1,0
2024-09-11,Pendle,Ethereum,6.96,USDT,91864101,12.72,0
2024-09-11,Pendle,Arbitrum,8.23,USDT,94195330,2.21,5.83
2024-09-11,Pendle,Optimism,8.55,USDC,90585941,1.91,3.97
2024-09-11,Pendle,Optimism,9.5,USDT,90744804,1.84,4.97
2024-09-11,Pendle,Optimism,8.9,DAI,84512527,2.17,4.93
2024-09-11,Pendle,Base,10.04,USDC,90469315,1.6,4.26
2024-09-11,Pendle,Base,8.98,USDT,94273281,1.74,4.54
2024-09-11,Pendle,Base,10.13,DAI,81108790,1.57,4.08
2024-09-11,Convex,Ethereum,4.08,USDC,184364621,14.02,0
2024-09-11,Convex,Ethereum,5.77,USDT,180110926,22.85,0
2024-09-11,Convex,Ethereum,5.52,DAI,164746614,17.22,0
2024-09-11,Balancer,Ethereum,4.93,USDC,133976397,13.04,0
2024-09-11,Balancer,Ethereum,6.06,USDT,136202217,19.62,0
2024-09-11,Balancer,Ethereum,5.74,DAI,131560479,16.5,0
2024-09-11,Balancer,Arbitrum,7.04,USDC,136378860,2.21,6.02
2024-09-11,Balancer,Arbitrum,6.4,DAI,130805601,2.17,5.64
2024-09-11,Balancer,Optimism,7.1,USDC,131069871,1.73,4.36
2024-09-11,Balancer,Optimism,7.14,USDT,136087195,2.41,4.45
2024-09-11,Balancer,Optimism,6.81,DAI,123737640,1.71,4.16
2024-09-11,Balancer,Polygon,8.14,USDC,130699202,0.91,3.47
2024-09-11,Balancer,Polygon,6.79,DAI,134038682,1.04,2.59
2024-09-11,Balancer,Base,5.98,USDC,139851066,1.39,3.77
2024-09-11,Balancer,Base,4.96,USDT,136304796,1.26,3.59
2024-09-12,Aave,Ethereum,2.47,USDC,319413850,18.91,0
2024-09-12,Aave,Ethereum,2.76,DAI,285918183,20.4,0
2024-09-12,Aave,Arbitrum,3.25,USDC,307406739,2.09,3.34
2024-09-12,Aave,Arbitrum,3.02,USDT,289721757,2.28,6.08
2024-09-12,Aave,Arbitrum,2.84,DAI,285485565,2.24,5.09
2024-09-12,Aave,Optimism,3.33,USDC,292684496,2.17,4.58
2024-09-12,Aave,Optimism,2.5,USDT,306525303,1.79,4.44
2024-09-12,Aave,Optimism,2.98,DAI,278853449,1.29,3.69
2024-09-12,Aave,Polygon,2.8,USDT,295688630,1.03,2.41
2024-09-12,Aave,Base,3.02,USDC,287821900,1.39,2.2
2024-09-12,Aave,Base,2.97,USDT,294171502,1.1,2.72
2024-09-12,Aave,Base,2.95,DAI,296009210,1.44,3.93
2024-09-12,Compound,Ethereum,2.49,USDC,213098908,16.46,0
2024-09-12,Compound,Ethereum,2.37,USDT,220357005,20.01,0
2024-09-12,Compound,Ethereum,2.44,DAI,211447284,18.78,0
2024-09-12,Compound,Arbitrum,2.62,USDC,218021343,2.45,5.47
2024-09-12,Compound,Arbitrum,2.94,USDT,212512092,2.75,6.61
2024-09-12,Compound,Arbitrum,3.25,DAI,224588024,2.71,5.46
2024-09-12,Compound,Optimism,2.76,USDC,219822975,2.39,3.7
2024-09-12,Compound,Optimism,3.08,USDT,211916314,2.04,3.86
2024-09-12,Compound,Optimism,2.84,DAI,199488644,1.74,4.22
2024-09-12,Compound,Polygon,3.18,USDC,218756669,1.16,2.59
2024-09-12,Compound,Polygon,3.0,USDT,216608935,1.23,2.11
2024-09-12,Compound,Polygon,3.35,DAI,201320030,1.08,2.48
2024-09-12,Compound,Base,2.83,USDC,214184641,1.37,5.03
2024-09-12,Compound,Base,2.93,USDT,229491382,1.34,4.47
2024-09-12,Compound,Base,2.81,DAI,220807280,1.05,3.88
2024-09-12,Curve,Ethereum,5.14,USDT,380397214,17.04,0
2024-09-12,Curve,Ethereum,6.54,DAI,379445696,14.35,0
2024-09-12,Curve,Arbitrum,7.17,USDC,383247149,2.42,5.2
2024-09-12,Curve,Arbitrum,6.42,USDT,388656660,2.38,3.9
2024-09-12,Curve,Arbitrum,6.1,DAI,384916345,1.89,4.0
2024-09-12,Curve,Optimism,6.99,USDC,362146428,1.77,4.52
2024-09-12,Curve,Optimism,8.17,USDT,353712150,1.52,4.95
2024-09-12,Curve,Optimism,6.31,DAI,363914750,1.75,1.94
2024-09-12,Curve,Polygon,8.63,USDC,385915205,0.61,2.73
2024-09-12,Curve,Polygon,6.72,USDT,352169699,1.01,3.01
2024-09-12,Curve,Polygon,5.49,DAI,390362460,1.07,2.63
2024-09-12,Curve,Base,6.15,USDC,402984782,1.55,3.86
2024-09-12,Curve,Base,7.67,USDT,386505444,1.31,4.68
2024-09-12,Curve,Base,6.61,DAI,383248946,1.57,3.61
2024-09-12,Uniswap V3,Ethereum,7.2,USDC,112115105,16.34,0
2024-09-12,Uniswap V3,Ethereum,6.19,USDT,120025237,17.49,0
2024-09-12,Uniswap V3,Ethereum,5.77,DAI,121578053,18.07,0
2024-09-12,Uniswap V3,Arbitrum,7.71,USDC,112685723,3.09,3.11
2024-09-12,Uniswap V3,Arbitrum,6.4,USDT,106677775,2.43,4.79
2024-09-12,Uniswap V3,Arbitrum,7.72,DAI,112228502,2.11,3.82
2024-09-12,Uniswap V3,Optimism,8.61,USDC,116791934,1.69,3.11
2024-09-12,Uniswap V3,Optimism,5.83,USDT,116225758,1.69,4.48
2024-09-12,Uniswap V3,Optimism,7.17,DAI,104282663,1.66,6.37
2024-09-12,Uniswap V3,Polygon,8.64,USDC,117487167,0.89,2.64
2024-09-12,Uniswap V3,Polygon,6.14,USDT,104167793,0.99,3.56
2024-09-12,Uniswap V3,Polygon,8.49,DAI,110953114,0.89,2.85
2024-09-12,Uniswap V3,Base,6.19,USDC,115317006,1.05,3.22
2024-09-12,Uniswap V3,Base,6.31,USDT,117132822,1.52,3.75
2024-09-12,Uniswap V3,Base,7.0,DAI,106306948,1.32,4.47
2024-09-12,Yearn,Ethereum,3.63,USDC,140276853,19.22,0
2024-09-12,Yearn,Ethereum,3.25,USDT,143587274,16.77,0
2024-09-12,Yearn,Ethereum,3.21,DAI,138458291,13.09,0
2024-09-12,Yearn,Arbitrum,4.31,USDT,149593292,2.94,4.86
2024-09-12,Yearn,Arbitrum,4.3,DAI,139577788,2.67,5.09
2024-09-12,Yearn,Optimism,3.78,USDC,139400937,2.05,4.05
2024-09-12,Yearn,Optimism,4.14,USDT,147184864,1.66,4.14
2024-09-12,Yearn,Optimism,4.32,DAI,144914872,1.93,3.58
2024-09-12,Yearn,Polygon,3.97,USDC,147446030,0.83,3.26
2024-09-12,Yearn,Polygon,3.84,USDT,148755026,1.05,2.86
2024-09-12,Yearn,Polygon,4.6,DAI,143965578,1.03,3.39
2024-09-12,Yearn,Base,4.02,USDC,146244935,1.08,2.72
2024-09-12,Yearn,Base,3.91,USDT,125560147,1.8,2.81
2024-09-12,Yearn,Base,4.11,DAI,148516230,1.44,4.15
2024-09-12,Pendle,Ethereum,7.72,USDC,88142506,16.44,0
2024-09-12,Pendle,Ethereum,8.04,USDT,87325420,16.52,0
2024-09-12,Pendle,Ethereum,8.19,DAI,94236561,13.84,0
2024-09-12,Pendle,Arbitrum,12.41,USDT,95957781,2.73,5.81
2024-09-12,Pendle,Arbitrum,9.91,DAI,95092112,2.43,3.99
2024-09-12,Pendle,Optimism,10.02,USDC,87427021,1.55,4.7
2024-09-12,Pendle,Optimism,8.89,USDT,88362655,1.77,3.78
2024-09-12,Pendle,Optimism,8.81,DAI,83588635,2.0,3.85
2024-09-12,Pendle,Base,10.17,USDC,90206712,1.33,4.64
2024-09-12,Pendle,Base,11.16,USDT,89014649,1.63,4.36
2024-09-12,Pendle,Base,8.26,DAI,91421787,1.64,3.67
2024-09-12,Convex,Ethereum,4.52,USDC,179217476,20.87,0
2024-09-12,Convex,Ethereum,4.08,USDT,174495543,18.22,0
2024-09-12,Convex,Ethereum,5.11,DAI,176672526,12.79,0
2024-09-12,Balancer,Ethereum,5.27,USDC,132308910,17.07,0
2024-09-12,Balancer,Ethereum,6.96,USDT,132014119,14.58,0
2024-09-12,Balancer,Arbitrum,7.05,USDC,130140942,2.06,5.23
2024-09-12,Balancer,Arbitrum,6.99,USDT,125198674,2.37,3.71
2024-09-12,Balancer,Arbitrum,8.15,DAI,132115980,2.41,4.81
2024-09-12,Balancer,Optimism,6.33,USDC,128261897,1.66,3.37
2024-09-12,Balancer,Optimism,5.7,USDT,124468302,2.24,4.02
2024-09-12,Balancer,Optimism,6.34,DAI,131589933,2.15,2.76
2024-09-12,Balancer,Polygon,7.49,USDC,140275669,0.55,3.24
2024-09-12,Balancer,Polygon,7.84,USDT,130325401,1.03,3.51
2024-09-12,Balancer,Polygon,8.07,DAI,125920606,1.08,3.01
2024-09-12,Balancer,Base,7.03,USDC,129465160,1.43,3.82
2024-09-12,Balancer,Base,6.13,DAI,128277405,1.35,3.95
2024-09-13,Aave,Ethereum,2.2,USDC,278784244,16.35,0
2024-09-13,Aave,Ethereum,2.31,USDT,280244245,22.52,0
2024-09-13,Aave,Ethereum,2.54,DAI,291893412,20.96,0
2024-09-13,Aave,Arbitrum,3.7,USDT,273459660,2.5,5.29
2024-09-13,Aave,Arbitrum,2.77,DAI,282711014,2.63,4.14
2024-09-13,Aave,Optimism,2.88,USDC,283078883,1.66,3.36
2024-09-13,Aave,Optimism,2.94,USDT,287626966,1.95,4.08
2024-09-13,Aave,Optimism,2.76,DAI,279342817,1.52,4.69
2024-09-13,Aave,Polygon,3.34,USDC,291008018,0.69,3.02
2024-09-13,Aave,Polygon,3.46,USDT,305080353,1.16,2.14
2024-09-13,Aave,Polygon,3.24,DAI,300870210,1.03,1.72
2024-09-13,Aave,Base,2.6,USDC,295575270,1.47,3.39
2024-09-13,Aave,Base,2.62,USDT,286823100,1.43,2.8
2024-09-13,Aave,Base,2.79,DAI,270431780,1.78,4.72
2024-09-13,Compound,Ethereum,2.45,USDC,211646620,17.28,0
2024-09-13,Compound,Ethereum,2.57,USDT,208983336,15.91,0
2024-09-13,Compound,Ethereum,2.05,DAI,205017510,13.75,0
2024-09-13,Compound,Arbitrum,2.71,USDC,204581612,1.99,4.64
2024-09-13,Compound,Arbitrum,2.6,USDT,214647957,2.96,4.71
2024-09-13,Compound,Arbitrum,2.77,DAI,214075984,1.7,4.75
2024-09-13,Compound,Optimism,2.88,USDC,195478144,2.24,4.86
2024-09-13,Compound,Optimism,2.61,USDT,207993678,1.61,4.42
2024-09-13,Compound,Optimism,2.53,DAI,221967699,2.23,3.59
2024-09-13,Compound,Polygon,2.61,USDC,206810671,1.02,2.95
2024-09-13,Compound,Polygon,3.0,USDT,210769898,1.08,2.8
2024-09-13,Compound,Polygon,2.6,DAI,214242271,1.11,4.22
2024-09-13,Compound,Base,2.51,USDC,211931328,1.64,3.3
2024-09-13,Compound,Base,3.07,USDT,214178006,0.91,3.54
2024-09-13,Compound,Base,3.01,DAI,202217021,1.61,3.66
2024-09-13,Curve,Ethereum,5.19,USDC,391739800,18.69,0
2024-09-13,Curve,Ethereum,5.72,USDT,367404325,13.45,0
2024-09-13,Curve,Ethereum,5.86,DAI,376321611,17.45,0
2024-09-13,Curve,Arbitrum,4.8,USDC,365812523,2.42,4.36
2024-09-13,Curve,Arbitrum,6.51,DAI,372320993,2.49,5.94
2024-09-13,Curve,Optimism,5.75,USDC,390192029,2.0,4.83
2024-09-13,Curve,Optimism,6.23,USDT,361017551,1.71,2.73
2024-09-13,Curve,Optimism,7.55,DAI,362593316,1.6,3.38
2024-09-13,Curve,Polygon,7.52,USDC,374020185,1.12,3.04
2024-09-13,Curve,Polygon,5.9,USDT,360860841,0.85,2.39
2024-09-13,Curve,Polygon,7.2,DAI,389777293,0.88,2.78
2024-09-13,Curve,Base,6.15,USDC,360082566,1.37,4.57
2024-09-13,Curve,Base,7.13,USDT,401780568,1.32,4.38
2024-09-13,Curve,Base,6.0,DAI,374894272,1.28,4.24
2024-09-13,Uniswap V3,Ethereum,6.51,USDC,116104215,13.58,0
2024-09-13,Uniswap V3,Ethereum,6.23,USDT,115399842,17.22,0
2024-09-13,Uniswap V3,Ethereum,6.42,DAI,112942346,17.39,0
2024-09-13,Uniswap V3,Arbitrum,5.1,USDC,115621159,2.51,5.03
2024-09-13,Uniswap V3,Arbitrum,7.08,USDT,107887031,2.46,5.08
2024-09-13,Uniswap V3,Arbitrum,8.74,DAI,100554925,2.55,5.4
2024-09-13,Uniswap V3,Optimism,7.26,USDC,106807734,1.38,4.11
2024-09-13,Uniswap V3,Optimism,7.66,DAI,113057173,2.19,4.26
2024-09-13,Uniswap V3,Polygon,8.76,USDC,103534732,0.91,2.81
2024-09-13,Uniswap V3,Polygon,6.65,USDT,118631419,0.8,2.38
2024-09-13,Uniswap V3,Polygon,6.55,DAI,117176051,0.77,2.96
2024-09-13,Uniswap V3,Base,8.9,USDC,111937316,1.18,3.77
2024-09-13,Uniswap V3,Base,7.84,USDT,100958786,1.39,4.9
2024-09-13,Uniswap V3,Base,6.75,DAI,109164393,1.16,4.62
2024-09-13,Yearn,Ethereum,3.27,USDC,137513446,18.66,0
2024-09-13,Yearn,Ethereum,2.76,USDT,137185794,20.74,0
2024-09-13,Yearn,Ethereum,3.37,DAI,154985108,13.88,0
2024-09-13,Yearn,Arbitrum,3.9,USDC,157205765,2.49,3.7
2024-09-13,Yearn,Arbitrum,3.37,USDT,138129568,2.48,4.86
2024-09-13,Yearn,Arbitrum,3.65,DAI,129307217,2.25,3.23
2024-09-13,Yearn,Optimism,4.15,USDC,134505495,1.52,4.07
2024-09-13,Yearn,Optimism,3.5,USDT,139682604,1.7,4.43
2024-09-13,Yearn,Optimism,3.7,DAI,134248888,1.94,3.98
2024-09-13,Yearn,Polygon,4.81,USDC,147507543,1.17,3.07
2024-09-13,Yearn,Polygon,4.25,USDT,145335243,1.13,2.19
2024-09-13,Yearn,Polygon,4.21,DAI,131248090,1.14,4.0
2024-09-13,Yearn,Base,3.31,USDC,135377412,1.42,4.06
2024-09-13,Yearn,Base,3.23,USDT,152889419,1.56,2.75
2024-09-13,Yearn,Base,4.48,DAI,133513889,1.82,3.62
2024-09-13,Pendle,Ethereum,7.45,USDC,87637548,18.35,0
2024-09-13,Pendle,Ethereum,9.32,USDT,89400277,22.05,0
2024-09-13,Pendle,Ethereum,6.31,DAI,94584826,20.9,0
2024-09-13,Pendle,Arbitrum,11.31,USDC,86335514,2.57,5.05
2024-09-13,Pendle,Arbitrum,7.36,USDT,84303710,2.54,4.43
2024-09-13,Pendle,Arbitrum,10.0,DAI,85491272,1.98,5.64
2024-09-13,Pendle,Optimism,8.96,USDC,89307393,2.14,3.35
2024-09-13,Pendle,Optimism,9.97,USDT,89824170,1.99,3.47
2024-09-13,Pendle,Optimism,10.13,DAI,94096869,1.78,5.4
2024-09-13,Pendle,Base,6.99,USDC,89422455,1.42,4.49
2024-09-13,Pendle,Base,12.26,USDT,85058070,1.28,4.28
2024-09-13,Pendle,Base,8.59,DAI,87399621,1.66,4.39
2024-09-13,Convex,Ethereum,4.9,USDC,174336402,14.64,0
2024-09-13,Convex,Ethereum,4.22,USDT,178751474,11.4,0
2024-09-13,Convex,Ethereum,4.07,DAI,172452101,20.32,0
2024-09-13,Balancer,Ethereum,4.96,USDC,126301310,13.56,0
2024-09-13,Balancer,Ethereum,5.27,USDT,116012679,14.72,0
2024-09-13,Balancer,Ethereum,6.91,DAI,129640324,20.66,0
2024-09-13,Balancer,Arbitrum,5.9,USDC,122537893,2.32,5.67
2024-09-13,Balancer,Arbitrum,6.77,USDT,126245753,2.18,3.9
2024-09-13,Balancer,Arbitrum,6.15,DAI,137613611,2.67,5.22
2024-09-13,Balancer,Optimism,6.7,USDC,129028137,1.65,3.86
2024-09-13,Balancer,Optimism,5.76,USDT,123477438,2.0,3.18
2024-09-13,Balancer,Optimism,6.15,DAI,132176074,2.25,4.48
2024-09-13,Balancer,Polygon,7.23,USDC,125398905,0.77,3.3
2024-09-13,Balancer,Polygon,6.55,USDT,128713848,1.04,4.16
2024-09-13,Balancer,Polygon,7.8,DAI,127217116,1.05,4.27
2024-09-13,Balancer,Base,7.01,USDC,126420575,1.67,3.72
2024-09-13,Balancer,Base,7.23,USDT,128670285,1.44,4.49
2024-09-13,Balancer,Base,6.19,DAI,125486578,1.49,3.77
2024-09-14,Aave,Ethereum,2.21,USDC,289349539,15.11,0
2024-09-14,Aave,Ethereum,2.29,USDT,280675444,12.56,0
2024-09-14,Aave,Ethereum,2.2,DAI,271668919,13.44,0
2024-09-14,Aave,Arbitrum,2.84,USDC,278040178,1.78,4.8
2024-09-14,Aave,Arbitrum,3.45,USDT,285989671,1.33,4.5
2024-09-14,Aave,Arbitrum,3.44,DAI,263205942,1.55,4.91
2024-09-14,Aave,Optimism,2.49,USDC,273140649,1.09,5.01
2024-09-14,Aave,Optimism,3.01,USDT,287217373,1.15,4.11
2024-09-14,Aave,Optimism,2.87,DAI,286315597,0.87,3.39
2024-09-14,Aave,Polygon,3.19,USDC,292649356,0.49,3.05
2024-09-14,Aave,Polygon,3.59,USDT,302767640,0.61,2.49
2024-09-14,Aave,Polygon,3.5,DAI,293165594,0.74,2.86
2024-09-14,Aave,Base,2.94,USDC,267193747,0.89,4.47
2024-09-14,Aave,Base,2.85,USDT,281418645,0.88,4.55
2024-09-14,Aave,Base,2.93,DAI,278871850,0.77,4.38
2024-09-14,Compound,Ethereum,2.0,USDC,192535693,14.05,0
2024-09-14,Compound,Ethereum,2.14,USDT,203596397,13.07,0
2024-09-14,Compound,Ethereum,2.17,DAI,206951671,13.89,0
2024-09-14,Compound,Arbitrum,3.09,USDC,203661757,1.05,2.96
2024-09-14,Compound,Arbitrum,2.87,USDT,201196691,1.45,3.64
2024-09-14,Compound,Arbitrum,2.76,DAI,217127856,1.35,4.61
2024-09-14,Compound,Optimism,2.57,USDC,217878755,1.56,3.62
2024-09-14,Compound,Optimism,2.88,USDT,211712202,1.37,3.4
2024-09-14,Compound,Optimism,2.7,DAI,208342465,1.21,2.91
2024-09-14,Compound,Polygon,2.83,USDT,214291718,0.76,2.81
2024-09-14,Compound,Polygon,3.21,DAI,211860860,0.61,3.67
2024-09-14,Compound,Base,2.58,USDT,203918149,1.11,4.33
2024-09-14,Compound,Base,2.36,DAI,227426818,0.81,3.08
2024-09-14,Curve,Ethereum,4.95,USDC,367812015,12.72,0
2024-09-14,Curve,Ethereum,5.1,USDT,371809254,11.3,0
2024-09-14,Curve,Ethereum,5.78,DAI,368834252,11.92,0
2024-09-14,Curve,Arbitrum,6.64,USDC,340489490,1.04,6.48
2024-09-14,Curve,Arbitrum,8.4,USDT,364813853,1.07,4.82
2024-09-14,Curve,Arbitrum,6.38,DAI,341184466,1.34,4.09
2024-09-14,Curve,Optimism,6.37,USDC,351555401,1.29,3.55
2024-09-14,Curve,Optimism,7.07,USDT,364662686,1.15,4.16
2024-09-14,Curve,Optimism,6.53,DAI,372640924,1.26,4.31
2024-09-14,Curve,Polygon,6.38,USDC,367266955,0.76,2.97
2024-09-14,Curve,Polygon,6.86,USDT,392540584,0.69,2.64
2024-09-14,Curve,Polygon,8.2,DAI,362793482,0.64,3.21
2024-09-14,Curve,Base,6.6,USDC,356764399,0.93,3.98
2024-09-14,Curve,Base,6.57,USDT,401246141,1.02,3.78
2024-09-14,Uniswap V3,Ethereum,6.93,USDC,106155496,10.38,0
2024-09-14,Uniswap V3,Ethereum,6.24,USDT,101073285,10.06,0
2024-09-14,Uniswap V3,Ethereum,6.06,DAI,111245688,13.44,0
2024-09-14,Uniswap V3,Arbitrum,7.32,USDC,105662193,1.65,3.9
2024-09-14,Uniswap V3,Arbitrum,6.73,USDT,107100933,1.9,3.64
2024-09-14,Uniswap V3,Arbitrum,8.1,DAI,110683797,1.56,4.01
2024-09-14,Uniswap V3,Optimism,7.48,USDC,102619800,1.13,2.28
2024-09-14,Uniswap V3,Optimism,5.33,USDT,117554383,1.41,4.14
2024-09-14,Uniswap V3,Optimism,8.45,DAI,113381495,1.17,3.86
2024-09-14,Uniswap V3,Polygon,7.38,USDC,105349661,0.73,3.04
2024-09-14,Uniswap V3,Polygon,7.74,USDT,99893280,0.57,2.68
2024-09-14,Uniswap V3,Polygon,8.17,DAI,107169220,0.79,3.83
2024-09-14,Uniswap V3,Base,7.08,USDC,107634427,1.14,3.83
2024-09-14,Uniswap V3,Base,5.71,USDT,98597652,1.13,3.77
2024-09-14,Uniswap V3,Base,4.51,DAI,111301989,1.04,4.21
2024-09-14,Yearn,Ethereum,3.37,USDC,145635233,12.5,0
2024-09-14,Yearn,Ethereum,3.06,USDT,139446135,10.11,0
2024-09-14,Yearn,Arbitrum,3.81,USDC,126360621,1.5,5.55
2024-09-14,Yearn,Arbitrum,4.01,USDT,147208966,2.02,5.93
2024-09-14,Yearn,Arbitrum,4.03,DAI,141445816,1.48,5.41
2024-09-14,Yearn,Optimism,4.01,USDC,137758203,1.03,2.29
2024-09-14,Yearn,Optimism,4.38,USDT,132494432,1.38,3.99
2024-09-14,Yearn,Optimism,3.77,DAI,136401235,1.14,4.35
2024-09-14,Yearn,Polygon,4.25,USDC,138541823,0.65,3.01
2024-09-14,Yearn,Polygon,4.25,USDT,126854844,0.79,2.84
2024-09-14,Yearn,Polygon,3.61,DAI,137413072,0.54,3.97
2024-09-14,Yearn,Base,3.99,USDT,125248355,1.0,3.17
2024-09-14,Yearn,Base,4.16,DAI,139742493,1.13,4.27
2024-09-14,Pendle,Ethereum,5.62,USDT,79500200,10.81,0
2024-09-14,Pendle,Ethereum,6.97,DAI,87414571,12.5,0
2024-09-14,Pendle,Arbitrum,9.64,USDC,82094795,1.66,6.22
2024-09-14,Pendle,Arbitrum,9.59,USDT,82343075,1.44,4.86
2024-09-14,Pendle,Arbitrum,9.04,DAI,88951775,1.57,4.52
2024-09-14,Pendle,Optimism,8.97,USDC,84928197,1.28,3.93
2024-09-14,Pendle,Optimism,7.9,USDT,88351742,1.31,3.18
2024-09-14,Pendle,Optimism,9.3,DAI,81475722,1.38,2.91
2024-09-14,Pendle,Base,12.25,USDT,85076049,0.96,4.32
2024-09-14,Convex,Ethereum,4.63,USDC,173860731,9.25,0
2024-09-14,Convex,Ethereum,3.5,USDT,158232472,10.07,0
2024-09-14,Convex,Ethereum,5.18,DAI,175101982,12.93,0
2024-09-14,Balancer,Ethereum,5.37,USDC,121961705,13.21,0
2024-09-14,Balancer,Ethereum,4.95,DAI,122203096,10.02,0
2024-09-14,Balancer,Arbitrum,5.87,USDC,129316972,1.52,4.64
2024-09-14,Balancer,Arbitrum,7.08,USDT,123935907,1.66,4.7
2024-09-14,Balancer,Arbitrum,7.6,DAI,129506177,1.41,2.85
2024-09-14,Balancer,Optimism,7.64,USDC,123319298,1.49,4.03
2024-09-14,Balancer,Optimism,6.52,USDT,127293930,1.09,4.45
2024-09-14,Balancer,Polygon,8.35,USDC,123787509,0.76,2.51
2024-09-14,Balancer,Polygon,7.18,USDT,125299610,0.69,3.53
2024-09-14,Balancer,Polygon,9.25,DAI,120803912,0.85,2.97
2024-09-14,Balancer,Base,7.27,USDC,124544223,1.04,4.12
2024-09-14,Balancer,Base,6.47,USDT,120153425,0.96,3.53
2024-09-14,Balancer,Base,6.86,DAI,123555257,0.9,3.37
2024-09-15,Aave,Ethereum,2.29,USDC,274865006,12.6,0
2024-09-15,Aave,Ethereum,2.47,USDT,288307373,12.62,0
2024-09-15,Aave,Ethereum,2.6,DAI,251442978,12.5,0
2024-09-15,Aave,Arbitrum,3.12,USDC,285813350,1.19,5.52
2024-09-15,Aave,Arbitrum,2.99,USDT,273587860,1.21,4.36
2024-09-15,Aave,Arbitrum,2.97,DAI,267265201,1.48,4.59
2024-09-15,Aave,Optimism,2.5,USDC,260326633,1.08,5.01
2024-09-15,Aave,Optimism,3.68,DAI,281836118,1.02,4.91
2024-09-15,Aave,Polygon,2.99,USDC,272458721,0.65,2.16
2024-09-15,Aave,Polygon,3.71,DAI,295767855,0.72,4.03
2024-09-15,Aave,Base,2.6,USDC,294674581,1.17,3.54
2024-09-15,Aave,Base,2.82,DAI,290705734,1.07,5.06
2024-09-15,Compound,Ethereum,2.43,USDC,204478934,13.26,0
2024-09-15,Compound,Ethereum,2.1,USDT,208192685,8.81,0
2024-09-15,Compound,Ethereum,2.29,DAI,204526470,8.3,0
2024-09-15,Compound,Arbitrum,3.0,USDC,210599200,1.7,4.36
2024-09-15,Compound,Arbitrum,2.49,USDT,208319992,1.7,5.14
2024-09-15,Compound,Optimism,2.86,USDC,200977766,1.28,3.68
2024-09-15,Compound,Optimism,2.81,USDT,189120447,1.37,4.35
2024-09-15,Compound,Optimism,2.63,DAI,205149578,1.24,5.64
2024-09-15,Compound,Polygon,3.06,USDC,185330505,0.51,2.64
2024-09-15,Compound,Polygon,3.05,USDT,203294379,0.66,3.62
2024-09-15,Compound,Polygon,3.09,DAI,205884412,0.92,3.14
2024-09-15,Compound,Base,2.72,USDC,211980364,1.07,4.92
2024-09-15,Compound,Base,2.66,USDT,204226931,1.03,4.38
2024-09-15,Compound,Base,2.88,DAI,212026490,0.77,4.18
2024-09-15,Curve,Ethereum,4.01,USDC,326189104,9.94,0
2024-09-15,Curve,Ethereum,3.88,USDT,363702614,11.87,0
2024-09-15,Curve,Ethereum,4.58,DAI,369998269,10.64,0
2024-09-15,Curve,Arbitrum,8.66,USDC,373028559,1.83,5.4
2024-09-15,Curve,Optimism,5.83,USDC,388276376,1.41,4.35
2024-09-15,Curve,Optimism,6.1,USDT,354655032,1.14,4.21
2024-09-15,Curve,Optimism,5.25,DAI,373138265,1.21,4.21
2024-09-15,Curve,Polygon,7.35,USDC,343484924,0.65,3.3
2024-09-15,Curve,Polygon,6.13,USDT,370084159,0.77,3.61
2024-09-15,Curve,Polygon,6.56,DAI,357003341,0.54,2.44
2024-09-15,Curve,Base,6.3,USDC,369724876,0.84,3.75
2024-09-15,Curve,Base,5.51,USDT,352295359,1.12,3.59
2024-09-15,Curve,Base,6.39,DAI,353012596,0.79,4.38
2024-09-15,Uniswap V3,Ethereum,6.34,USDC,108181651,10.77,0
2024-09-15,Uniswap V3,Ethereum,6.79,USDT,113318037,13.25,0
2024-09-15,Uniswap V3,Ethereum,6.3,DAI,106032368,15.98,0
2024-09-15,Uniswap V3,Arbitrum,5.83,USDC,106242886,1.8,5.41
2024-09-15,Uniswap V3,Arbitrum,9.43,USDT,115913025,1.11,5.9
2024-09-15,Uniswap V3,Arbitrum,5.9,DAI,115108658,1.7,5.73
2024-09-15,Uniswap V3,Optimism,7.9,USDC,103299623,1.56,3.84
2024-09-15,Uniswap V3,Optimism,8.63,USDT,103602749,1.12,3.64
2024-09-15,Uniswap V3,Optimism,6.13,DAI,103509116,1.26,2.81
2024-09-15,Uniswap V3,Polygon,6.87,USDC,106445352,0.61,2.44
2024-09-15,Uniswap V3,Polygon,7.53,USDT,113269134,0.62,1.44
2024-09-15,Uniswap V3,Polygon,6.43,DAI,107307782,0.58,3.84
2024-09-15,Uniswap V3,Base,7.03,USDC,113852082,0.75,3.38
2024-09-15,Uniswap V3,Base,6.53,DAI,91706118,0.92,3.4
2024-09-15,Yearn,Ethereum,3.4,USDC,141456667,12.85,0
2024-09-15,Yearn,Ethereum,2.82,DAI,141202444,12.62,0
2024-09-15,Yearn,Arbitrum,3.63,USDC,131986580,1.63,6.1
2024-09-15,Yearn,Arbitrum,3.86,USDT,128468176,1.7,5.86
2024-09-15,Yearn,Optimism,3.73,USDT,138509573,1.15,2.55
2024-09-15,Yearn,Optimism,3.88,DAI,139725021,1.09,3.62
2024-09-15,Yearn,Polygon,4.42,DAI,135612425,0.7,2.13
2024-09-15,Yearn,Base,3.87,USDC,133281086,1.02,3.39
2024-09-15,Yearn,Base,3.59,USDT,137840521,0.73,4.4
2024-09-15,Yearn,Base,4.25,DAI,138943920,0.68,3.23
2024-09-15,Pendle,Ethereum,8.72,USDC,82894913,13.36,0
2024-09-15,Pendle,Ethereum,7.19,USDT,83773153,10.86,0
2024-09-15,Pendle,Ethereum,7.41,DAI,80347095,10.78,0
2024-09-15,Pendle,Arbitrum,10.21,USDC,83176831,1.28,4.71
2024-09-15,Pendle,Arbitrum,11.41,USDT,88922581,1.9,3.73
2024-09-15,Pendle,Arbitrum,9.53,DAI,82229753,1.4,5.53
2024-09-15,Pendle,Optimism,7.64,USDC,84908357,0.88,4.48
2024-09-15,Pendle,Optimism,11.06,USDT,85834086,1.34,4.55
2024-09-15,Pendle,Optimism,11.35,DAI,86649950,0.9,3.75
2024-09-15,Pendle,Base,9.74,USDC,82883669,0.98,4.46
2024-09-15,Pendle,Base,9.68,USDT,89801740,1.02,2.54
2024-09-15,Pendle,Base,9.74,DAI,86466182,0.89,4.69
2024-09-15,Convex,Ethereum,5.08,USDC,161448382,7.77,0
2024-09-15,Convex,Ethereum,4.57,USDT,179390967,12.9,0
2024-09-15,Convex,Ethereum,4.93,DAI,172935819,11.82,0
2024-09-15,Balancer,Ethereum,5.29,USDC,126071689,11.52,0
2024-09-15,Balancer,Ethereum,5.13,USDT,126823205,14.12,0
2024-09-15,Balancer,Ethereum,6.56,DAI,120874029,12.29,0
2024-09-15,Balancer,Arbitrum,6.54,USDC,121487384,1.9,5.05
2024-09-15,Balancer,Optimism,6.5,USDC,122909776,0.87,3.48
2024-09-15,Balancer,Optimism,6.38,USDT,132462105,0.68,3.2
2024-09-15,Balancer,Optimism,5.94,DAI,125352918,1.46,5.13
2024-09-15,Balancer,Polygon,7.06,USDT,114361167,0.72,3.07
2024-09-15,Balancer,Polygon,8.31,DAI,112580597,0.59,2.66
2024-09-15,Balancer,Base,7.62,USDC,121118960,0.95,3.63
2024-09-15,Balancer,Base,6.34,USDT,128759364,0.84,4.5
2024-09-15,Balancer,Base,7.16,DAI,126384452,0.91,4.07
2024-09-16,Aave,Ethereum,2.51,USDC,293982689,12.78,0
2024-09-16,Aave,Ethereum,2.26,USDT,295901813,21.38,0
2024-09-16,Aave,Ethereum,2.73,DAI,286720726,17.88,0
2024-09-16,Aave,Arbitrum,2.89,USDC,309103579,1.88,3.57
2024-09-16,Aave,Arbitrum,3.32,USDT,274594232,2.82,5.97
2024-09-16,Aave,Arbitrum,3.4,DAI,271989138,2.26,4.43
2024-09-16,Aave,Optimism,2.65,USDC,281810562,1.07,2.48
2024-09-16,Aave,Optimism,3.12,DAI,272047595,2.15,3.19
2024-09-16,Aave,Polygon,3.12,USDC,256350701,0.76,3.16
2024-09-16,Aave,Polygon,2.97,USDT,280407562,0.91,2.51
2024-09-16,Aave,Polygon,3.48,DAI,286972151,0.97,3.47
2024-09-16,Aave,Base,3.14,USDC,276324161,1.45,3.67
2024-09-16,Aave,Base,3.02,USDT,270155782,1.86,4.52
2024-09-16,Aave,Base,3.06,DAI,300796354,1.2,4.77
2024-09-16,Compound,Ethereum,2.67,USDC,201872235,24.03,0
2024-09-16,Compound,Ethereum,2.44,USDT,190603404,15.45,0
2024-09-16,Compound,Ethereum,2.33,DAI,191108140,15.68,0
2024-09-16,Compound,Arbitrum,2.67,USDC,187313211,2.58,3.45
2024-09-16,Compound,Arbitrum,2.97,USDT,193666970,2.2,6.57
2024-09-16,Compound,Arbitrum,2.51,DAI,216383722,2.2,2.81
2024-09-16,Compound,Optimism,2.58,USDT,192195131,2.03,4.57
2024-09-16,Compound,Polygon,2.95,USDC,204841092,0.78,2.43
2024-09-16,Compound,Polygon,2.9,USDT,199553103,1.09,3.45
2024-09-16,Compound,Polygon,3.04,DAI,191248114,1.11,3.28
2024-09-16,Compound,Base,3.01,USDC,199495951,1.66,4.34
2024-09-16,Compound,Base,2.44,USDT,217079340,1.42,4.98
2024-09-16,Compound,Base,3.16,DAI,199600974,1.25,4.08
2024-09-16,Curve,Ethereum,5.29,USDC,378001801,16.79,0
2024-09-16,Curve,Ethereum,6.15,USDT,350648622,20.55,0
2024-09-16,Curve,Ethereum,4.85,DAI,364395560,19.32,0
2024-09-16,Curve,Arbitrum,7.81,USDC,346627548,1.49,4.02
2024-09-16,Curve,Arbitrum,5.42,USDT,359130965,1.9,6.67
2024-09-16,Curve,Optimism,6.16,USDC,356787349,1.84,5.1
2024-09-16,Curve,Optimism,7.84,USDT,353447034,1.54,4.56
2024-09-16,Curve,Optimism,5.08,DAI,366517538,2.2,4.17
2024-09-16,Curve,Polygon,6.65,USDT,344418402,0.9,3.54
2024-09-16,Curve,Polygon,7.78,DAI,338702206,0.94,3.74
2024-09-16,Curve,Base,7.54,USDC,357972343,1.67,5.24
2024-09-16,Curve,Base,7.5,USDT,351699734,1.3,2.63
2024-09-16,Curve,Base,6.53,DAI,354659031,1.64,2.61
2024-09-16,Uniswap V3,Ethereum,5.26,USDC,103781844,20.63,0
2024-09-16,Uniswap V3,Ethereum,6.82,USDT,109385200,18.28,0
2024-09-16,Uniswap V3,Ethereum,5.78,DAI,99426576,16.74,0
2024-09-16,Uniswap V3,Arbitrum,6.47,USDC,101557573,2.35,7.26
2024-09-16,Uniswap V3,Arbitrum,6.69,USDT,104122067,2.76,5.53
2024-09-16,Uniswap V3,Arbitrum,7.1,DAI,107205529,2.61,3.95
2024-09-16,Uniswap V3,Optimism,6.19,USDC,111960986,1.66,4.2
2024-09-16,Uniswap V3,Optimism,7.79,USDT,113628538,2.08,3.12
2024-09-16,Uniswap V3,Optimism,7.48,DAI,107810110,1.37,3.75
2024-09-16,Uniswap V3,Polygon,7.98,USDT,111500873,0.89,2.97
2024-09-16,Uniswap V3,Polygon,7.95,DAI,109275332,1.12,4.13
2024-09-16,Uniswap V3,Base,9.71,USDC,98714279,1.5,3.34
2024-09-16,Uniswap V3,Base,7.23,USDT,109014159,1.24,3.98
2024-09-16,Yearn,Ethereum,3.16,USDC,122187054,19.67,0
2024-09-16,Yearn,Ethereum,3.48,USDT,135289568,13.14,0
2024-09-16,Yearn,Ethereum,3.67,DAI,143010084,18.59,0
2024-09-16,Yearn,Arbitrum,4.18,USDC,134840447,2.78,5.35
2024-09-16,Yearn,Arbitrum,4.07,USDT,130469294,2.38,6.01
2024-09-16,Yearn,Arbitrum,4.26,DAI,131376690,2.24,3.71
2024-09-16,Yearn,Optimism,4.1,USDC,129468913,1.51,4.25
2024-09-16,Yearn,Optimism,3.69,USDT,130646318,1.62,4.74
2024-09-16,Yearn,Optimism,3.67,DAI,137523334,1.88,4.3
2024-09-16,Yearn,Polygon,4.25,USDC,125557656,1.06,3.61
2024-09-16,Yearn,Polygon,4.21,USDT,128964062,1.09,2.43
2024-09-16,Yearn,Polygon,4.59,DAI,136574062,1.2,2.25
2024-09-16,Yearn,Base,4.12,USDC,139237248,1.37,5.56
2024-09-16,Yearn,Base,3.9,USDT,136541417,1.06,4.4
2024-09-16,Yearn,Base,4.23,DAI,123893647,1.39,3.69
2024-09-16,Pendle,Ethereum,7.7,USDC,87194039,17.36,0
2024-09-16,Pendle,Ethereum,8.32,DAI,85009089,21.54,0
2024-09-16,Pendle,Arbitrum,9.73,USDT,84000879,2.3,4.13
2024-09-16,Pendle,Arbitrum,8.62,DAI,82469472,2.22,3.91
2024-09-16,Pendle,Optimism,9.04,USDC,86156957,1.78,4.78
2024-09-16,Pendle,Optimism,10.43,USDT,83741042,1.63,4.25
2024-09-16,Pendle,Base,10.41,USDC,80973186,1.43,4.74
2024-09-16,Pendle,Base,9.73,USDT,79348610,1.34,4.53
2024-09-16,Convex,Ethereum,4.21,USDC,163911863,12.8,0
2024-09-16,Convex,Ethereum,3.94,USDT,178882193,14.19,0
2024-09-16,Balancer,Ethereum,5.33,USDC,122908624,18.86,0
2024-09-16,Balancer,Ethereum,5.45,USDT,128945247,17.66,0
2024-09-16,Balancer,Ethereum,5.61,DAI,111739389,19.49,0
2024-09-16,Balancer,Arbitrum,7.95,USDC,125218267,2.61,5.23
2024-09-16,Balancer,Arbitrum,7.27,USDT,122728163,2.73,4.89
2024-09-16,Balancer,Arbitrum,7.75,DAI,117103589,2.51,3.76
2024-09-16,Balancer,Optimism,6.53,USDC,118885879,1.53,4.17
2024-09-16,Balancer,Optimism,5.87,USDT,131142806,1.92,4.57
2024-09-16,Balancer,Optimism,6.61,DAI,128762004,1.67,3.23
2024-09-16,Balancer,Polygon,8.05,USDC,131848550,0.91,3.09
2024-09-16,Balancer,Polygon,7.58,USDT,114964456,0.92,2.61
2024-09-16,Balancer,Polygon,7.94,DAI,128085575,1.15,3.32
2024-09-16,Balancer,Base,6.38,USDC,116626919,1.16,4.17
2024-09-16,Balancer,Base,5.47,DAI,124527202,1.13,4.47
2024-09-17,Aave,Ethereum,2.49,USDC,283064685,16.87,0
2024-09-17,Aave,Ethereum,2.36,USDT,266159812,19.16,0
2024-09-17,Aave,Ethereum,2.6,DAI,272175083,13.07,0
2024-09-17,Aave,Arbitrum,3.32,USDC,273148178,2.6,4.7
2024-09-17,Aave,Arbitrum,3.09,USDT,260819223,2.14,4.94
2024-09-17,Aave,Arbitrum,3.51,DAI,284032681,2.17,2.6
2024-09-17,Aave,Optimism,2.8,USDT,285803035,1.54,2.89
2024-09-17,Aave,Optimism,3.02,DAI,270550999,1.79,3.0
2024-09-17,Aave,Polygon,3.39,USDC,264921489,0.87,2.05
2024-09-17,Aave,Polygon,3.29,USDT,281420392,1.01,2.37
2024-09-17,Aave,Polygon,3.34,DAI,280526971,0.84,3.27
2024-09-17,Aave,Base,3.31,USDC,290443824,1.7,3.79
2024-09-17,Aave,Base,3.17,USDT,287314662,1.34,3.4
2024-09-17,Aave,Base,3.12,DAI,272548918,1.71,5.01
2024-09-17,Compound,Ethereum,2.46,USDC,203056668,21.03,0
2024-09-17,Compound,Ethereum,2.44,USDT,201215449,19.06,0
2024-09-17,Compound,Ethereum,2.5,DAI,199455706,16.8,0
2024-09-17,Compound,Arbitrum,3.42,USDC,205100926,2.36,6.07
2024-09-17,Compound,Arbitrum,3.16,USDT,194287287,2.34,5.63
2024-09-17,Compound,Arbitrum,3.08,DAI,202021374,2.42,5.01
2024-09-17,Compound,Optimism,2.76,USDC,194871081,1.89,3.62
2024-09-17,Compound,Optimism,2.61,USDT,192091388,1.16,2.59
2024-09-17,Compound,Optimism,3.06,DAI,204495087,1.77,4.45
2024-09-17,Compound,Polygon,3.29,USDC,180935314,0.87,3.64
2024-09-17,Compound,Polygon,3.16,USDT,214783010,1.0,2.78
2024-09-17,Compound,Polygon,3.11,DAI,197853986,0.68,2.4
2024-09-17,Compound,Base,3.08,USDC,200788596,2.08,3.11
2024-09-17,Compound,Base,3.07,DAI,200835520,1.38,4.45
2024-09-17,Curve,Ethereum,5.92,USDC,352646949,18.46,0
2024-09-17,Curve,Ethereum,6.01,USDT,364612063,15.32,0
2024-09-17,Curve,Arbitrum,7.74,USDC,333210020,2.38,4.74
2024-09-17,Curve,Arbitrum,7.82,USDT,350526724,2.12,5.45
2024-09-17,Curve,Arbitrum,4.5,DAI,340311692,2.88,4.83
2024-09-17,Curve,Optimism,5.73,USDC,369110938,1.9,3.29
2024-09-17,Curve,Optimism,6.21,USDT,363415878,1.72,4.58
2024-09-17,Curve,Optimism,7.85,DAI,343276071,2.06,4.44
2024-09-17,Curve,Polygon,8.11,USDC,353438653,0.95,3.56
2024-09-17,Curve,Polygon,5.4,USDT,336194334,0.75,2.83
2024-09-17,Curve,Polygon,6.83,DAI,345388266,0.89,2.75
2024-09-17,Curve,Base,7.39,USDC,314258019,1.98,5.05
2024-09-17,Curve,Base,6.65,USDT,341407646,1.31,4.15
2024-09-17,Curve,Base,6.99,DAI,348038554,1.74,4.47
2024-09-17,Uniswap V3,Ethereum,7.24,USDC,107545640,17.22,0
2024-09-17,Uniswap V3,Ethereum,5.72,USDT,108040466,18.08,0
2024-09-17,Uniswap V3,Ethereum,6.39,DAI,99441138,13.49,0
2024-09-17,Uniswap V3,Arbitrum,7.42,USDC,111665940,2.83,3.19
2024-09-17,Uniswap V3,Arbitrum,7.63,USDT,113033661,2.31,3.86
2024-09-17,Uniswap V3,Arbitrum,7.66,DAI,107647676,2.73,4.19
2024-09-17,Uniswap V3,Optimism,5.43,DAI,108416750,1.63,2.89
2024-09-17,Uniswap V3,Polygon,10.54,USDC,106073518,0.67,2.8
2024-09-17,Uniswap V3,Polygon,9.68,USDT,103513742,1.04,2.83
2024-09-17,Uniswap V3,Polygon,8.13,DAI,101148204,1.01,3.49
2024-09-17,Uniswap V3,Base,6.93,USDC,106198468,1.07,2.86
2024-09-17,Uniswap V3,Base,8.16,USDT,103695435,1.49,3.58
2024-09-17,Uniswap V3,Base,6.58,DAI,112581086,1.42,4.31
2024-09-17,Yearn,Ethereum,3.14,USDC,136807844,16.05,0
2024-09-17,Yearn,Ethereum,3.4,USDT,118661855,15.59,0
2024-09-17,Yearn,Ethereum,3.5,DAI,134562036,15.12,0
2024-09-17,Yearn,Arbitrum,3.63,USDC,128474041,2.35,2.82
2024-09-17,Yearn,Arbitrum,3.75,USDT,135127266,2.7,6.8
2024-09-17,Yearn,Arbitrum,4.14,DAI,142361993,2.64,6.04
2024-09-17,Yearn,Optimism,4.53,USDT,114768224,1.81,5.02
2024-09-17,Yearn,Optimism,4.25,DAI,126008222,2.16,5.0
2024-09-17,Yearn,Polygon,4.79,USDT,129235350,1.1,3.52
2024-09-17,Yearn,Polygon,4.52,DAI,136158005,0.77,2.55
2024-09-17,Yearn,Base,4.25,USDC,130337612,1.5,3.61
2024-09-17,Yearn,Base,4.67,USDT,128057808,1.44,3.54
2024-09-17,Yearn,Base,4.09,DAI,121781909,1.14,4.95
2024-09-17,Pendle,Ethereum,8.28,USDT,80821603,15.63,0
2024-09-17,Pendle,Arbitrum,9.5,USDC,83853876,2.58,5.35
2024-09-17,Pendle,Arbitrum,10.6,DAI,82682860,2.29,6.2
2024-09-17,Pendle,Optimism,8.66,USDC,83168887,1.86,5.83
2024-09-17,Pendle,Optimism,9.06,USDT,82715627,1.6,4.08
2024-09-17,Pendle,Optimism,12.71,DAI,78159714,2.09,5.02
2024-09-17,Pendle,Base,9.69,USDT,86340713,1.69,3.57
2024-09-17,Pendle,Base,8.5,DAI,80347364,1.02,3.4
2024-09-17,Convex,Ethereum,5.29,USDC,164689326,18.1,0
2024-09-17,Convex,Ethereum,5.45,USDT,165412597,15.24,0
2024-09-17,Convex,Ethereum,4.82,DAI,167865798,15.45,0
2024-09-17,Balancer,Ethereum,5.67,USDC,122168265,18.16,0
2024-09-17,Balancer,Ethereum,5.12,USDT,120653756,14.85,0
2024-09-17,Balancer,Ethereum,5.43,DAI,122599327,19.03,0
2024-09-17,Balancer,Arbitrum,7.27,USDC,123045109,2.55,5.09
2024-09-17,Balancer,Arbitrum,7.72,USDT,126635124,2.0,4.93
2024-09-17,Balancer,Arbitrum,6.79,DAI,117017594,2.12,5.32
2024-09-17,Balancer,Optimism,7.23,USDC,115393297,1.46,3.97
2024-09-17,Balancer,Optimism,7.01,USDT,115633496,1.91,4.95
2024-09-17,Balancer,Optimism,6.66,DAI,126506556,1.39,3.71
2024-09-17,Balancer,Polygon,8.27,USDC,121604668,1.05,3.24
2024-09-17,Balancer,Polygon,6.82,USDT,120534710,0.86,4.35
2024-09-17,Balancer,Polygon,6.52,DAI,131368035,0.71,3.64
2024-09-17,Balancer,Base,5.89,USDC,115859397,1.53,4.34
2024-09-17,Balancer,Base,7.13,USDT,122985557,1.29,5.74
2024-09-17,Balancer,Base,7.8,DAI,123076085,1.33,3.85
2024-09-18,Aave,Ethereum,2.34,USDC,277792340,17.23,0
2024-09-18,Aave,Ethereum,2.74,USDT,272713849,19.64,0
2024-09-18,Aave,Ethereum,2.4,DAI,278325461,17.6,0
2024-09-18,Aave,Arbitrum,3.58,USDC,261414116,2.56,4.47
2024-09-18,Aave,Arbitrum,3.3,USDT,247135022,2.64,5.82
2024-09-18,Aave,Arbitrum,3.52,DAI,284838263,2.17,5.23
2024-09-18,Aave,Optimism,3.47,USDC,262691494,1.37,3.46
2024-09-18,Aave,Optimism,3.04,USDT,272569292,1.67,3.66
2024-09-18,Aave,Polygon,3.13,USDT,287899960,0.88,2.57
2024-09-18,Aave,Polygon,3.45,DAI,273927492,0.97,2.51
2024-09-18,Aave,Base,3.37,USDC,271535764,1.4,3.21
2024-09-18,Aave,Base,2.85,DAI,236424702,1.34,4.09
2024-09-18,Compound,Ethereum,2.56,USDC,204145182,14.58,0
2024-09-18,Compound,Ethereum,2.52,USDT,195292995,16.35,0
2024-09-18,Compound,Ethereum,2.65,DAI,191865341,18.39,0
2024-09-18,Compound,Arbitrum,2.8,USDT,190093396,2.35,4.92
2024-09-18,Compound,Optimism,2.89,USDC,187491029,1.59,2.24
2024-09-18,Compound,Optimism,3.06,USDT,208802071,1.69,4.55
2024-09-18,Compound,Optimism,3.0,DAI,203984195,1.99,3.38
2024-09-18,Compound,Polygon,2.92,USDC,190811427,0.8,3.33
2024-09-18,Compound,Polygon,2.82,USDT,212695089,1.09,3.46
2024-09-18,Compound,Polygon,3.07,DAI,203333344,0.93,2.63
2024-09-18,Compound,Base,3.25,USDT,186757563,1.33,4.36
2024-09-18,Compound,Base,3.38,DAI,191450195,1.19,3.71
2024-09-18,Curve,Ethereum,6.54,USDT,344605162,16.28,0
2024-09-18,Curve,Ethereum,6.5,DAI,371140496,19.07,0
2024-09-18,Curve,Arbitrum,5.99,USDC,381438941,2.02,5.44
2024-09-18,Curve,Arbitrum,5.81,USDT,324815241,2.5,5.76
2024-09-18,Curve,Arbitrum,6.93,DAI,333094503,1.92,4.9
2024-09-18,Curve,Optimism,6.21,USDC,368016930,2.01,3.26
2024-09-18,Curve,Optimism,6.79,USDT,332815897,1.67,5.04
2024-09-18,Curve,Optimism,6.2,DAI,368565391,2.0,4.81
2024-09-18,Curve,Polygon,7.87,USDC,355208370,1.15,2.9
2024-09-18,Curve,Polygon,7.39,USDT,348890260,0.98,4.01
2024-09-18,Curve,Polygon,6.69,DAI,341855850,0.9,3.49
2024-09-18,Curve,Base,5.98,USDC,343094161,1.42,3.17
2024-09-18,Curve,Base,8.12,USDT,349295977,1.36,3.81
2024-09-18,Curve,Base,7.03,DAI,351764198,1.14,4.28
2024-09-18,Uniswap V3,Ethereum,7.65,USDC,96545697,21.29,0
2024-09-18,Uniswap V3,Ethereum,5.8,USDT,105485236,19.69,0
2024-09-18,Uniswap V3,Ethereum,5.98,DAI,105291510,17.36,0
2024-09-18,Uniswap V3,Arbitrum,6.46,USDC,115563074,2.36,3.91
2024-09-18,Uniswap V3,Arbitrum,8.25,USDT,100618244,2.66,4.48
2024-09-18,Uniswap V3,Optimism,7.07,USDC,104034832,1.54,4.07
2024-09-18,Uniswap V3,Optimism,7.46,USDT,102882502,1.61,5.55
2024-09-18,Uniswap V3,Optimism,6.58,DAI,103712892,2.32,4.61
2024-09-18,Uniswap V3,Polygon,8.38,USDC,102517470,1.0,3.12
2024-09-18,Uniswap V3,Polygon,8.02,USDT,105091514,0.89,3.07
2024-09-18,Uniswap V3,Polygon,7.95,DAI,98013889,0.72,3.39
2024-09-18,Uniswap V3,Base,8.29,USDC,110306750,1.48,3.3
2024-09-18,Uniswap V3,Base,7.91,USDT,104445673,1.2,4.43
2024-09-18,Yearn,Ethereum,3.2,USDC,129907335,20.2,0
2024-09-18,Yearn,Ethereum,3.65,USDT,132558568,18.93,0
2024-09-18,Yearn,Ethereum,3.67,DAI,135107108,15.68,0
2024-09-18,Yearn,Arbitrum,4.61,USDC,126955726,1.96,3.49
2024-09-18,Yearn,Arbitrum,4.46,USDT,128406694,2.94,7.72
2024-09-18,Yearn,Arbitrum,4.45,DAI,125823843,1.89,4.28
2024-09-18,Yearn,Optimism,4.61,USDT,132858376,1.62,3.57
2024-09-18,Yearn,Optimism,3.66,DAI,129484634,1.59,5.23
2024-09-18,Yearn,Polygon,4.45,USDT,132030339,1.13,2.75
2024-09-18,Yearn,Polygon,4.0,DAI,132253488,1.3,3.78
2024-09-18,Yearn,Base,4.21,USDT,116612050,1.57,4.83
2024-09-18,Yearn,Base,4.78,DAI,126488278,1.42,3.71
2024-09-18,Pendle,Ethereum,8.25,USDC,79358767,21.58,0
2024-09-18,Pendle,Ethereum,7.3,USDT,85094465,19.97,0
2024-09-18,Pendle,Ethereum,7.47,DAI,72736593,17.85,0
2024-09-18,Pendle,Arbitrum,10.61,USDC,81098070,2.37,5.52
2024-09-18,Pendle,Arbitrum,12.28,USDT,77786471,2.63,5.48
2024-09-18,Pendle,Optimism,11.51,USDC,79503895,1.96,3.51
2024-09-18,Pendle,Optimism,9.42,USDT,79587585,1.83,3.68
2024-09-18,Pendle,Optimism,10.54,DAI,81519000,1.91,4.79
2024-09-18,Pendle,Base,7.82,USDC,78001721,1.21,3.79
2024-09-18,Pendle,Base,10.31,DAI,91540516,1.22,3.84
2024-09-18,Convex,Ethereum,4.84,USDC,168041003,14.34,0
2024-09-18,Convex,Ethereum,5.08,USDT,169125997,20.79,0
2024-09-18,Convex,Ethereum,4.77,DAI,160030497,17.49,0
2024-09-18,Balancer,Ethereum,5.67,USDC,112007746,16.42,0
2024-09-18,Balancer,Ethereum,6.45,USDT,120918884,17.5,0
2024-09-18,Balancer,Arbitrum,6.32,USDC,118966869,1.93,5.98
2024-09-18,Balancer,Arbitrum,7.93,USDT,119523874,2.11,4.27
2024-09-18,Balancer,Arbitrum,6.79,DAI,121288291,2.7,5.04
2024-09-18,Balancer,Optimism,7.57,USDC,117727957,1.87,2.44
2024-09-18,Balancer,Optimism,7.64,USDT,121051113,2.21,4.24
2024-09-18,Balancer,Optimism,6.37,DAI,112108802,1.3,4.84
2024-09-18,Balancer,Polygon,6.92,USDC,125569122,1.11,3.06
2024-09-18,Balancer,Polygon,8.35,USDT,116786627,1.0,2.46
2024-09-18,Balancer,Base,6.53,USDT,131834797,1.07,3.6
2024-09-18,Balancer,Base,6.2,DAI,122249295,1.55,2.93
2024-09-19,Aave,Ethereum,2.55,USDC,267428688,16.26,0
2024-09-19,Aave,Ethereum,2.5,USDT,261485351,18.67,0
2024-09-19,Aave,Ethereum,2.48,DAI,248179695,17.69,0
2024-09-19,Aave,Arbitrum,3.22,USDC,257040085,2.37,3.93
2024-09-19,Aave,Arbitrum,2.91,USDT,274195309,2.39,5.68
2024-09-19,Aave,Arbitrum,2.88,DAI,274968593,2.39,5.53
2024-09-19,Aave,Optimism,3.23,USDC,280441166,1.32,4.87
2024-09-19,Aave,Optimism,2.97,USDT,262476288,1.85,5.09
2024-09-19,Aave,Optimism,2.59,DAI,264836444,1.77,3.74
2024-09-19,Aave,Polygon,3.07,USDC,264164785,1.04,2.8
2024-09-19,Aave,Polygon,3.64,USDT,273770366,1.13,2.35
2024-09-19,Aave,Polygon,3.7,DAI,235196655,0.85,2.43
2024-09-19,Aave,Base,3.02,USDC,250525989,1.25,3.34
2024-09-19,Compound,Ethereum,2.33,USDC,201408657,20.58,0
2024-09-19,Compound,Ethereum,2.38,USDT,178314596,14.18,0
2024-09-19,Compound,Arbitrum,3.46,USDC,185705677,2.68,5.54
2024-09-19,Compound,Arbitrum,2.96,USDT,207936282,2.34,5.31
2024-09-19,Compound,Arbitrum,3.03,DAI,204431604,2.65,6.07
2024-09-19,Compound,Optimism,2.85,USDC,188716488,1.87,3.63
2024-09-19,Compound,Optimism,2.71,USDT,193667762,1.8,4.32
2024-09-19,Compound,Optimism,3.03,DAI,212197012,1.66,4.63
2024-09-19,Compound,Polygon,3.29,USDT,184431229,1.03,2.03
2024-09-19,Compound,Polygon,3.73,DAI,190867238,1.12,3.98
2024-09-19,Compound,Base,3.05,USDC,192889497,1.37,4.04
2024-09-19,Compound,Base,3.16,USDT,191879622,1.46,2.87
2024-09-19,Compound,Base,2.94,DAI,200788261,1.34,2.9
2024-09-19,Curve,Ethereum,4.58,USDC,316352388,16.44,0
2024-09-19,Curve,Ethereum,6.31,USDT,342338520,14.61,0
2024-09-19,Curve,Ethereum,4.97,DAI,339737887,15.15,0
2024-09-19,Curve,Arbitrum,5.86,USDC,326288102,2.76,5.99
2024-09-19,Curve,Arbitrum,7.01,USDT,330580950,1.91,5.04
2024-09-19,Curve,Arbitrum,8.02,DAI,378077122,2.27,4.18
2024-09-19,Curve,Optimism,5.14,USDC,352615953,1.54,4.78
2024-09-19,Curve,Optimism,6.84,USDT,341290319,1.68,3.79
2024-09-19,Curve,Optimism,8.24,DAI,349875719,2.17,5.34
2024-09-19,Curve,Polygon,4.59,USDC,345345344,0.93,2.83
2024-09-19,Curve,Polygon,7.71,USDT,361044597,1.18,2.45
2024-09-19,Curve,Polygon,7.01,DAI,350952858,0.85,2.86
2024-09-19,Curve,Base,5.57,USDC,338806208,1.42,5.12
2024-09-19,Curve,Base,7.54,DAI,331141122,1.23,3.39
2024-09-19,Uniswap V3,Ethereum,7.47,USDC,98844749,23.77,0
2024-09-19,Uniswap V3,Ethereum,4.82,USDT,105575969,15.81,0
2024-09-19,Uniswap V3,Ethereum,6.09,DAI,98386487,20.75,0
2024-09-19,Uniswap V3,Arbitrum,5.57,USDC,99532896,1.98,5.51
2024-09-19,Uniswap V3,Arbitrum,9.01,USDT,103060255,1.57,5.16
2024-09-19,Uniswap V3,Arbitrum,7.63,DAI,98852428,2.81,5.71
2024-09-19,Uniswap V3,Optimism,9.0,USDC,99373960,2.15,3.4
2024-09-19,Uniswap V3,Optimism,7.01,USDT,103117629,1.42,4.16
2024-09-19,Uniswap V3,Optimism,6.11,DAI,104367872,2.08,3.76
2024-09-19,Uniswap V3,Polygon,8.53,USDC,99635473,1.09,2.79
2024-09-19,Uniswap V3,Polygon,7.24,USDT,105367321,1.12,4.61
2024-09-19,Uniswap V3,Polygon,7.18,DAI,94033605,0.83,3.01
2024-09-19,Uniswap V3,Base,6.6,USDC,98122757,1.27,3.62
2024-09-19,Uniswap V3,Base,6.04,USDT,103163483,1.53,4.05
2024-09-19,Yearn,Ethereum,3.25,USDC,125614831,11.26,0
2024-09-19,Yearn,Ethereum,4.07,DAI,139811231,17.96,0
2024-09-19,Yearn,Arbitrum,3.85,USDC,141614629,2.76,4.98
2024-09-19,Yearn,Arbitrum,4.14,USDT,116346788,2.89,2.88
2024-09-19,Yearn,Arbitrum,4.16,DAI,126138254,3.15,5.75
2024-09-19,Yearn,Optimism,3.82,USDC,141647761,1.72,4.24
2024-09-19,Yearn,Optimism,3.59,USDT,130277228,1.79,4.17
2024-09-19,Yearn,Optimism,4.09,DAI,131657551,1.54,4.48
2024-09-19,Yearn,Polygon,4.48,USDC,130600864,1.24,2.42
2024-09-19,Yearn,Polygon,4.44,USDT,131985945,0.96,3.41
2024-09-19,Yearn,Polygon,4.56,DAI,127149837,0.88,4.06
2024-09-19,Yearn,Base,4.46,USDC,133654561,1.22,4.64
2024-09-19,Yearn,Base,4.2,USDT,124773954,1.48,2.22
2024-09-19,Yearn,Base,4.75,DAI,126287690,1.39,4.21
2024-09-19,Pendle,Ethereum,6.66,USDC,83807598,14.21,0
2024-09-19,Pendle,Ethereum,8.11,USDT,81091594,15.24,0
2024-09-19,Pendle,Ethereum,8.45,DAI,79981124,16.55,0
2024-09-19,Pendle,Arbitrum,12.07,USDC,78859516,2.56,5.81
2024-09-19,Pendle,Arbitrum,9.52,USDT,79191238,1.84,4.21
2024-09-19,Pendle,Arbitrum,11.1,DAI,76847553,2.67,5.05
2024-09-19,Pendle,Optimism,8.76,USDC,82708077,1.86,2.43
2024-09-19,Pendle,Optimism,10.04,USDT,82588576,1.66,4.47
2024-09-19,Pendle,Optimism,10.39,DAI,79668585,1.73,2.84
2024-09-19,Pendle,Base,8.27,USDC,83313638,1.21,3.55
2024-09-19,Pendle,Base,8.18,USDT,83054093,1.46,4.41
2024-09-19,Pendle,Base,9.85,DAI,84229227,1.54,2.96
2024-09-19,Convex,Ethereum,4.57,USDC,158350002,18.27,0
2024-09-19,Convex,Ethereum,4.44,USDT,160011427,19.04,0
2024-09-19,Convex,Ethereum,5.35,DAI,170229197,16.59,0
2024-09-19,Balancer,Ethereum,5.88,USDC,117391061,18.25,0
2024-09-19,Balancer,Ethereum,4.12,USDT,128464355,23.26,0
2024-09-19,Balancer,Ethereum,5.18,DAI,125544655,18.05,0
2024-09-19,Balancer,Arbitrum,5.9,USDC,117334672,1.88,4.95
2024-09-19,Balancer,Arbitrum,6.3,USDT,119899548,3.05,3.02
2024-09-19,Balancer,Arbitrum,6.45,DAI,114138792,2.68,4.77
2024-09-19,Balancer,Optimism,7.32,USDC,118053260,1.73,3.58
2024-09-19,Balancer,Optimism,7.56,USDT,118490171,1.57,4.25
2024-09-19,Balancer,Polygon,8.72,USDC,120636582,1.14,3.65
2024-09-19,Balancer,Polygon,7.17,USDT,116153654,1.27,3.77
2024-09-19,Balancer,Polygon,6.09,DAI,121512618,0.85,1.96
2024-09-19,Balancer,Base,7.63,USDC,117709783,1.84,4.74
2024-09-19,Balancer,Base,5.71,DAI,115095907,1.14,3.42
2024-09-20,Aave,Ethereum,2.79,USDC,243168082,18.07,0
2024-09-20,Aave,Ethereum,2.51,DAI,251346591,21.02,0
2024-09-20,Aave,Arbitrum,2.99,USDC,290590205,2.2,3.48
2024-09-20,Aave,Arbitrum,3.42,USDT,273650732,2.58,6.21
2024-09-20,Aave,Arbitrum,3.07,DAI,266450802,2.62,2.76
2024-09-20,Aave,Optimism,3.13,USDC,259395505,1.61,3.67
2024-09-20,Aave,Optimism,3.27,USDT,264905001,1.68,4.58
2024-09-20,Aave,Optimism,3.19,DAI,280754473,1.71,6.05
2024-09-20,Aave,Polygon,2.99,USDC,275531628,0.96,3.79
2024-09-20,Aave,Polygon,3.56,USDT,274957798,0.89,2.2
2024-09-20,Aave,Polygon,3.13,DAI,265142808,0.84,2.97
2024-09-20,Aave,Base,3.01,USDT,247079124,1.13,3.87
2024-09-20,Aave,Base,3.18,DAI,271893187,1.71,3.79
2024-09-20,Compound,Ethereum,2.67,USDC,190359784,18.68,0
2024-09-20,Compound,Ethereum,2.66,DAI,177568234,20.27,0
2024-09-20,Compound,Arbitrum,3.13,USDC,182244143,2.04,3.63
2024-09-20,Compound,Arbitrum,2.91,USDT,174074840,2.38,3.9
2024-09-20,Compound,Arbitrum,3.12,DAI,189473645,2.83,6.49
2024-09-20,Compound,Optimism,2.81,USDC,203492271,2.32,3.75
2024-09-20,Compound,Optimism,2.91,USDT,191668172,2.17,3.33
2024-09-20,Compound,Optimism,2.89,DAI,199959689,2.03,3.93
2024-09-20,Compound,Polygon,3.35,USDC,180835259,1.0,3.11
2024-09-20,Compound,Polygon,3.28,USDT,183544254,1.05,2.45
2024-09-20,Compound,Polygon,2.94,DAI,200940632,0.83,3.2
2024-09-20,Compound,Base,2.71,USDC,200247136,1.13,4.8
2024-09-20,Compound,Base,2.72,USDT,172586646,0.99,4.54
2024-09-20,Compound,Base,2.74,DAI,198710621,1.43,3.95
2024-09-20,Curve,Ethereum,5.43,USDC,361843633,25.82,0
2024-09-20,Curve,Ethereum,5.33,USDT,327437178,16.09,0
2024-09-20,Curve,Ethereum,5.19,DAI,367704207,20.21,0
2024-09-20,Curve,Arbitrum,7.57,USDC,358771083,3.05,5.29
2024-09-20,Curve,Arbitrum,7.27,DAI,345923739,2.26,5.4
2024-09-20,Curve,Optimism,5.82,USDC,333307889,2.33,5.19
2024-09-20,Curve,Optimism,5.81,USDT,360968200,1.95,4.89
2024-09-20,Curve,Optimism,6.03,DAI,322093551,1.73,4.08
2024-09-20,Curve,Polygon,7.55,USDC,346347863,1.22,4.41
2024-09-20,Curve,Polygon,7.76,USDT,334470293,0.87,2.98
2024-09-20,Curve,Polygon,7.15,DAI,354882643,1.18,3.42
2024-09-20,Curve,Base,5.75,USDC,352249927,1.46,3.77
2024-09-20,Curve,Base,5.98,USDT,340434171,1.18,2.97
2024-09-20,Uniswap V3,Ethereum,6.74,USDC,100187085,17.54,0
2024-09-20,Uniswap V3,Ethereum,6.1,USDT,97715507,18.31,0
2024-09-20,Uniswap V3,Ethereum,6.56,DAI,107793999,20.22,0
2024-09-20,Uniswap V3,Arbitrum,6.53,USDC,97795522,2.16,5.3
2024-09-20,Uniswap V3,Arbitrum,7.97,USDT,97758351,2.25,6.21
2024-09-20,Uniswap V3,Arbitrum,7.5,DAI,99004625,2.24,2.82
2024-09-20,Uniswap V3,Optimism,7.64,USDT,100140306,1.78,4.19
2024-09-20,Uniswap V3,Optimism,8.13,DAI,112238123,1.08,3.84
2024-09-20,Uniswap V3,Polygon,8.01,USDC,102013297,0.88,3.12
2024-09-20,Uniswap V3,Polygon,8.4,USDT,107516275,0.71,3.02
2024-09-20,Uniswap V3,Polygon,7.81,DAI,103704406,1.23,2.81
2024-09-20,Uniswap V3,Base,7.7,USDT,107820573,1.66,4.3
2024-09-20,Uniswap V3,Base,7.42,DAI,100091433,1.44,5.82
2024-09-20,Yearn,Ethereum,3.76,USDC,128188196,20.85,0
2024-09-20,Yearn,Ethereum,3.4,USDT,126987151,19.42,0
2024-09-20,Yearn,Ethereum,3.28,DAI,119483745,20.41,0
2024-09-20,Yearn,Arbitrum,3.71,USDC,131835304,1.79,3.2
2024-09-20,Yearn,Arbitrum,3.89,USDT,137983621,2.74,4.45
2024-09-20,Yearn,Arbitrum,4.16,DAI,127717097,2.2,5.39
2024-09-20,Yearn,Optimism,3.53,USDC,126603550,1.81,4.2
2024-09-20,Yearn,Optimism,3.87,USDT,137213498,1.83,4.95
2024-09-20,Yearn,Optimism,4.19,DAI,126973814,2.05,3.86
2024-09-20,Yearn,Polygon,4.47,USDC,130860296,0.94,2.01
2024-09-20,Yearn,Polygon,4.31,USDT,131592407,0.91,2.72
2024-09-20,Yearn,Polygon,4.7,DAI,125489913,0.93,2.68
2024-09-20,Yearn,Base,3.66,USDC,129850071,1.39,2.88
2024-09-20,Yearn,Base,4.01,USDT,122038297,1.55,2.76
2024-09-20,Yearn,Base,4.91,DAI,131744072,1.74,3.22
2024-09-20,Pendle,Ethereum,8.27,USDC,77259057,19.15,0
2024-09-20,Pendle,Ethereum,7.96,USDT,79350293,16.89,0
2024-09-20,Pendle,Ethereum,9.78,DAI,75520069,20.5,0
2024-09-20,Pendle,Arbitrum,8.66,USDC,82560939,2.11,3.03
2024-09-20,Pendle,Arbitrum,10.64,USDT,79864646,2.2,5.01
2024-09-20,Pendle,Arbitrum,8.17,DAI,75380459,2.48,5.67
2024-09-20,Pendle,Optimism,9.89,USDC,80042236,1.76,3.8
2024-09-20,Pendle,Optimism,10.42,USDT,82661866,2.16,2.92
2024-09-20,Pendle,Optimism,10.52,DAI,80716049,1.63,3.17
2024-09-20,Pendle,Base,10.25,USDC,80791494,1.38,4.41
2024-09-20,Pendle,Base,12.05,USDT,79888899,1.43,2.84
2024-09-20,Pendle,Base,8.97,DAI,77921254,1.18,4.19
2024-09-20,Convex,Ethereum,5.37,USDC,154999796,19.75,0
2024-09-20,Convex,Ethereum,4.85,USDT,178961404,10.69,0
2024-09-20,Convex,Ethereum,5.0,DAI,143307925,16.16,0
2024-09-20,Balancer,Ethereum,6.57,USDC,111382392,16.7,0
2024-09-20,Balancer,Ethereum,5.4,USDT,109611594,13.72,0
2024-09-20,Balancer,Arbitrum,6.27,USDC,118413575,1.92,4.31
2024-09-20,Balancer,Arbitrum,8.27,USDT,110401443,2.39,5.02
2024-09-20,Balancer,Arbitrum,7.31,DAI,114447429,2.98,4.09
2024-09-20,Balancer,Optimism,7.86,USDC,117277659,1.7,3.89
2024-09-20,Balancer,Optimism,7.73,USDT,123097602,1.75,6.39
2024-09-20,Balancer,Optimism,7.64,DAI,118710411,1.86,3.74
2024-09-20,Balancer,Polygon,8.23,USDT,112412730,1.06,2.93
2024-09-20,Balancer,Polygon,7.26,DAI,113859479,0.85,3.75
2024-09-20,Balancer,Base,7.93,USDC,124648629,1.18,4.96
2024-09-20,Balancer,Base,7.51,USDT,105209514,1.25,3.04
2024-09-20,Balancer,Base,6.47,DAI,107326093,1.31,3.24
2024-09-21,Aave,Ethereum,2.63,DAI,245862823,11.26,0
2024-09-21,Aave,Arbitrum,2.62,USDC,266537128,1.82,5.15
2024-09-21,Aave,Arbitrum,3.19,USDT,248047716,1.9,5.95
2024-09-21,Aave,Arbitrum,3.07,DAI,296035689,1.43,5.04
2024-09-21,Aave,Optimism,3.31,USDC,279032834,1.2,3.25
2024-09-21,Aave,Optimism,3.03,USDT,266896717,1.17,4.0
2024-09-21,Aave,Optimism,3.27,DAI,281342741,1.4,4.79
2024-09-21,Aave,Polygon,2.81,USDC,259374940,0.43,2.38
2024-09-21,Aave,Polygon,3.04,USDT,260343474,0.57,2.6
2024-09-21,Aave,Polygon,3.36,DAI,270911365,0.72,2.72
2024-09-21,Aave,Base,3.25,USDT,272616984,0.77,4.31
2024-09-21,Aave,Base,3.06,DAI,271178446,1.03,4.72
2024-09-21,Compound,Ethereum,2.52,USDC,185301518,12.38,0
2024-09-21,Compound,Ethereum,2.26,USDT,191265915,12.82,0
2024-09-21,Compound,Ethereum,2.78,DAI,185997749,12.44,0
2024-09-21,Compound,Arbitrum,2.66,USDC,190977116,1.66,5.25
2024-09-21,Compound,Arbitrum,3.02,DAI,195720198,1.74,6.04
2024-09-21,Compound,Optimism,3.11,USDT,193830901,0.98,5.2
2024-09-21,Compound,Optimism,2.51,DAI,191223187,1.36,3.08
2024-09-21,Compound,Polygon,3.2,USDC,196365668,0.65,2.78
2024-09-21,Compound,Polygon,3.38,USDT,184449294,0.7,2.88
2024-09-21,Compound,Polygon,3.14,DAI,204496877,0.63,2.3
2024-09-21,Compound,Base,2.91,USDC,190062091,1.05,3.84
2024-09-21,Compound,Base,3.0,USDT,185946907,1.24,5.19
2024-09-21,Compound,Base,3.02,DAI,191165357,0.65,3.59
2024-09-21,Curve,Ethereum,5.35,USDC,328027267,12.33,0
2024-09-21,Curve,Ethereum,4.45,USDT,363820912,11.05,0
2024-09-21,Curve,Ethereum,5.86,DAI,333999202,10.96,0
2024-09-21,Curve,Arbitrum,8.14,USDC,338549057,1.16,4.83
2024-09-21,Curve,Arbitrum,6.88,USDT,337197463,1.68,4.92
2024-09-21,Curve,Arbitrum,5.85,DAI,323629827,1.34,4.6
2024-09-21,Curve,Optimism,6.2,USDC,351307014,1.29,4.28
2024-09-21,Curve,Optimism,6.75,USDT,351305640,1.3,4.46
2024-09-21,Curve,Optimism,7.08,DAI,344016214,1.33,4.31
2024-09-21,Curve,Polygon,7.06,USDC,347538895,0.77,2.36
2024-09-21,Curve,Polygon,7.89,USDT,351289135,0.72,3.7
2024-09-21,Curve,Polygon,6.77,DAI,326796860,0.73,3.65
2024-09-21,Curve,Base,7.1,USDC,345571710,0.93,3.27
2024-09-21,Curve,Base,5.71,USDT,345824134,0.88,5.02
2024-09-21,Uniswap V3,Ethereum,6.68,USDC,100646290,14.34,0
2024-09-21,Uniswap V3,Ethereum,6.25,USDT,103734134,11.61,0
2024-09-21,Uniswap V3,Ethereum,5.42,DAI,99365975,13.63,0
2024-09-21,Uniswap V3,Arbitrum,7.56,DAI,95034382,1.79,5.8
2024-09-21,Uniswap V3,Optimism,6.5,USDC,99807426,1.31,2.95
2024-09-21,Uniswap V3,Optimism,7.58,USDT,101894438,1.0,3.03
2024-09-21,Uniswap V3,Optimism,9.1,DAI,107868381,1.13,3.87
2024-09-21,Uniswap V3,Polygon,6.51,USDC,96657685,0.66,3.34
2024-09-21,Uniswap V3,Polygon,7.14,USDT,97153584,0.8,3.27
2024-09-21,Uniswap V3,Polygon,7.81,DAI,106216160,0.55,3.91
2024-09-21,Uniswap V3,Base,6.45,USDC,101788262,0.97,3.66
2024-09-21,Uniswap V3,Base,8.28,USDT,93238172,1.06,3.56
2024-09-21,Uniswap V3,Base,10.03,DAI,91028750,0.94,2.99
2024-09-21,Yearn,Ethereum,3.58,USDC,131535336,12.07,0
2024-09-21,Yearn,Ethereum,3.44,USDT,124661339,7.62,0
2024-09-21,Yearn,Arbitrum,4.34,USDC,135409982,1.53,3.23
2024-09-21,Yearn,Arbitrum,3.99,DAI,131527780,1.71,3.96
2024-09-21,Yearn,Optimism,3.93,USDC,134958616,1.21,5.31
2024-09-21,Yearn,Optimism,4.28,USDT,128029884,1.14,4.11
2024-09-21,Yearn,Polygon,4.5,USDC,122714812,0.68,3.82
2024-09-21,Yearn,Polygon,4.47,USDT,134126828,0.68,2.61
2024-09-21,Yearn,Polygon,4.59,DAI,133908453,0.63,2.0
2024-09-21,Yearn,Base,3.85,USDC,134306988,0.83,3.28
2024-09-21,Yearn,Base,3.83,DAI,133516850,1.03,3.72
2024-09-21,Pendle,Ethereum,9.02,USDC,83620388,10.06,0
2024-09-21,Pendle,Ethereum,9.77,USDT,76026489,14.19,0
2024-09-21,Pendle,Ethereum,8.28,DAI,82132298,7.23,0
2024-09-21,Pendle,Arbitrum,11.1,USDC,75673652,1.3,3.48
2024-09-21,Pendle,Arbitrum,8.27,USDT,79965831,1.78,5.79
2024-09-21,Pendle,Optimism,9.16,USDC,83448397,1.48,4.75
2024-09-21,Pendle,Optimism,8.79,USDT,80724145,1.38,4.52
2024-09-21,Pendle,Optimism,8.36,DAI,83015504,1.11,4.73
2024-09-21,Pendle,Base,12.03,USDC,81834548,0.96,5.22
2024-09-21,Pendle,Base,9.08,DAI,75190901,1.04,6.33
2024-09-21,Convex,Ethereum,5.0,USDC,153506181,10.56,0
2024-09-21,Convex,Ethereum,5.36,USDT,164251742,12.39,0
2024-09-21,Convex,Ethereum,5.1,DAI,166914282,10.4,0
2024-09-21,Balancer,Ethereum,4.7,USDC,112613781,13.12,0
2024-09-21,Balancer,Ethereum,5.17,USDT,118123565,9.62,0
2024-09-21,Balancer,Ethereum,6.1,DAI,109937738,9.96,0
2024-09-21,Balancer,Arbitrum,7.69,USDC,124535045,1.99,6.45
2024-09-21,Balancer,Arbitrum,5.61,USDT,116525568,1.77,3.92
2024-09-21,Balancer,Arbitrum,6.23,DAI,116560263,1.58,4.85
2024-09-21,Balancer,Optimism,6.82,USDC,107157053,1.16,4.27
2024-09-21,Balancer,Optimism,6.95,USDT,111307561,1.44,3.39
2024-09-21,Balancer,Optimism,6.75,DAI,118066670,1.3,3.0
2024-09-21,Balancer,Polygon,8.61,USDC,123869383,0.72,3.51
2024-09-21,Balancer,Polygon,8.69,USDT,119766096,0.57,3.35
2024-09-21,Balancer,Polygon,6.22,DAI,115617674,0.65,3.0
2024-09-21,Balancer,Base,6.27,USDC,118502860,1.05,4.04
2024-09-21,Balancer,Base,6.25,USDT,121427873,1.05,4.21
2024-09-21,Balancer,Base,6.98,DAI,111361429,1.04,3.47
2024-09-22,Aave,Ethereum,2.32,USDC,264000254,8.82,0
2024-09-22,Aave,Ethereum,2.58,USDT,272741414,13.3,0
2024-09-22,Aave,Ethereum,2.58,DAI,258574515,11.77,0
2024-09-22,Aave,Arbitrum,3.31,USDC,252109237,1.59,5.85
2024-09-22,Aave,Arbitrum,3.19,USDT,268314557,0.94,6.28
2024-09-22,Aave,Arbitrum,2.97,DAI,273817149,1.48,4.33
2024-09-22,Aave,Optimism,2.98,USDC,244688497,1.08,4.07
2024-09-22,Aave,Optimism,3.17,USDT,253215442,1.29,3.02
2024-09-22,Aave,Optimism,2.88,DAI,256193449,1.08,3.82
2024-09-22,Aave,Polygon,3.24,USDC,270008799,0.73,3.08
2024-09-22,Aave,Polygon,2.99,USDT,254723895,0.77,3.41
2024-09-22,Aave,Polygon,3.58,DAI,273634892,0.58,3.09
2024-09-22,Aave,Base,3.56,USDC,261525123,0.81,4.65
2024-09-22,Aave,Base,3.54,USDT,266018143,1.0,4.24
2024-09-22,Aave,Base,3.3,DAI,281139342,0.91,4.81
2024-09-22,Compound,Ethereum,2.3,USDC,197072951,11.1,0
2024-09-22,Compound,Ethereum,2.22,USDT,194460980,10.22,0
2024-09-22,Compound,Ethereum,2.47,DAI,195697341,11.64,0
2024-09-22,Compound,Arbitrum,3.21,USDC,187427222,1.39,4.91
2024-09-22,Compound,Arbitrum,3.17,USDT,197462879,1.6,4.62
2024-09-22,Compound,Arbitrum,2.87,DAI,189314636,1.38,4.84
2024-09-22,Compound,Optimism,2.9,USDC,203289538,0.77,2.86
2024-09-22,Compound,Optimism,2.79,USDT,190548226,1.2,3.75
2024-09-22,Compound,Polygon,3.29,USDC,191989790,0.51,3.67
2024-09-22,Compound,Polygon,2.83,USDT,179682155,0.49,2.4
2024-09-22,Compound,Polygon,2.88,DAI,185794142,0.58,3.06
2024-09-22,Compound,Base,2.81,USDC,185072146,0.9,6.03
2024-09-22,Compound,Base,3.31,USDT,197431427,0.74,4.87
2024-09-22,Compound,Base,2.96,DAI,190437884,1.08,4.66
2024-09-22,Curve,Ethereum,5.62,USDC,357383634,12.96,0
2024-09-22,Curve,Ethereum,5.23,USDT,317718584,13.56,0
2024-09-22,Curve,Arbitrum,5.98,USDC,338332094,1.72,4.07
2024-09-22,Curve,Arbitrum,6.7,USDT,338698300,1.78,4.39
2024-09-22,Curve,Arbitrum,7.12,DAI,329038121,1.53,5.79
2024-09-22,Curve,Optimism,7.09,USDC,335746858,1.37,4.54
2024-09-22,Curve,Optimism,6.29,USDT,333965286,0.89,4.44
2024-09-22,Curve,Optimism,5.78,DAI,324214469,1.13,3.45
2024-09-22,Curve,Polygon,7.48,USDC,321579404,0.67,2.43
2024-09-22,Curve,Polygon,7.25,USDT,346052914,0.67,3.82
2024-09-22,Curve,Polygon,7.93,DAI,335158464,0.65,3.2
2024-09-22,Curve,Base,6.93,USDC,331831353,0.96,3.33
2024-09-22,Curve,Base,5.75,USDT,348025850,0.85,3.3
2024-09-22,Curve,Base,7.92,DAI,339242465,1.16,4.66
2024-09-22,Uniswap V3,Ethereum,5.9,USDC,95069523,9.8,0
2024-09-22,Uniswap V3,Ethereum,6.55,USDT,103078646,12.4,0
2024-09-22,Uniswap V3,Arbitrum,8.44,USDC,97331496,1.59,5.57
2024-09-22,Uniswap V3,Arbitrum,8.05,USDT,95568022,1.37,6.2
2024-09-22,Uniswap V3,Arbitrum,8.58,DAI,101042450,1.47,5.84
2024-09-22,Uniswap V3,Optimism,5.27,USDC,98774475,1.05,3.83
2024-09-22,Uniswap V3,Optimism,8.32,USDT,96104046,1.13,4.07
2024-09-22,Uniswap V3,Optimism,8.83,DAI,100881644,1.13,4.06
2024-09-22,Uniswap V3,Polygon,10.01,USDC,92099304,0.63,3.94
2024-09-22,Uniswap V3,Polygon,6.43,USDT,103085034,0.67,3.19
2024-09-22,Uniswap V3,Polygon,8.03,DAI,104345577,0.62,3.11
2024-09-22,Uniswap V3,Base,7.24,USDT,99119361,0.77,4.19
2024-09-22,Uniswap V3,Base,6.86,DAI,105627027,1.07,2.88
2024-09-22,Yearn,Ethereum,2.91,USDC,123888771,14.12,0
2024-09-22,Yearn,Ethereum,3.94,USDT,129277820,11.04,0
2024-09-22,Yearn,Ethereum,3.35,DAI,133919631,13.46,0
2024-09-22,Yearn,Arbitrum,3.65,USDC,130437835,1.7,5.46
2024-09-22,Yearn,Arbitrum,4.21,USDT,128793953,1.96,5.04
2024-09-22,Yearn,Arbitrum,4.06,DAI,130238462,1.18,4.35
2024-09-22,Yearn,Optimism,4.21,USDC,124200888,1.36,3.52
2024-09-22,Yearn,Optimism,3.85,USDT,127521076,1.36,4.77
2024-09-22,Yearn,Optimism,3.62,DAI,117120999,1.43,3.23
2024-09-22,Yearn,Polygon,4.07,USDC,129804063,0.61,2.92
2024-09-22,Yearn,Polygon,4.11,USDT,124278705,0.52,3.11
2024-09-22,Yearn,Polygon,3.96,DAI,131065185,0.59,2.46
2024-09-22,Yearn,Base,3.99,USDC,134206979,0.75,3.22
2024-09-22,Yearn,Base,4.02,USDT,125302952,0.77,3.79
2024-09-22,Yearn,Base,3.98,DAI,119966892,1.11,4.41
2024-09-22,Pendle,Ethereum,8.05,USDC,75738316,12.08,0
2024-09-22,Pendle,Ethereum,9.08,USDT,78695061,11.58,0
2024-09-22,Pendle,Ethereum,10.63,DAI,77722337,13.37,0
2024-09-22,Pendle,Arbitrum,10.77,USDC,77435990,1.56,2.62
2024-09-22,Pendle,Arbitrum,10.63,USDT,80059724,1.15,6.48
2024-09-22,Pendle,Arbitrum,9.21,DAI,84100924,1.38,4.76
2024-09-22,Pendle,Optimism,12.86,USDC,81113700,1.35,2.9
2024-09-22,Pendle,Optimism,9.13,USDT,83200556,1.37,4.78
2024-09-22,Pendle,Optimism,8.87,DAI,81383605,1.67,3.59
2024-09-22,Pendle,Base,7.2,USDC,79135720,0.99,4.01
2024-09-22,Pendle,Base,10.32,DAI,77232498,0.91,4.91
2024-09-22,Convex,Ethereum,4.77,USDC,152379329,12.05,0
2024-09-22,Convex,Ethereum,4.77,USDT,146384576,11.62,0
2024-09-22,Convex,Ethereum,5.12,DAI,155652993,12.97,0
2024-09-22,Balancer,Ethereum,6.05,USDC,115153574,12.55,0
2024-09-22,Balancer,Ethereum,4.77,USDT,112691772,13.27,0
2024-09-22,Balancer,Ethereum,5.26,DAI,109506137,11.78,0
2024-09-22,Balancer,Arbitrum,7.43,USDC,115055310,1.75,6.37
2024-09-22,Balancer,Arbitrum,7.21,USDT,120873531,1.59,5.7
2024-09-22,Balancer,Arbitrum,7.9,DAI,111815186,1.93,4.75
2024-09-22,Balancer,Optimism,5.91,USDC,115195045,1.15,3.44
2024-09-22,Balancer,Optimism,7.77,USDT,112655969,1.06,3.98
2024-09-22,Balancer,Optimism,8.02,DAI,115767191,0.89,2.92
2024-09-22,Balancer,Polygon,7.86,USDC,126710462,0.87,3.15
2024-09-22,Balancer,Polygon,5.59,USDT,110659840,0.67,2.74
2024-09-22,Balancer,Base,7.56,DAI,111716464,0.85,5.07
2024-09-23,Aave,Ethereum,2.79,USDC,266551385,10.46,0
2024-09-23,Aave,Ethereum,2.8,USDT,248844419,24.64,0
2024-09-23,Aave,Arbitrum,3.42,USDC,280775587,2.4,7.14
2024-09-23,Aave,Arbitrum,3.56,USDT,262595736,2.1,5.55
2024-09-23,Aave,Arbitrum,3.16,DAI,267315417,2.49,3.7
2024-09-23,Aave,Optimism,3.23,USDC,273774788,1.88,4.8
2024-09-23,Aave,Optimism,2.91,USDT,246444633,1.88,3.68
2024-09-23,Aave,Optimism,2.96,DAI,243058522,1.51,3.65
2024-09-23,Aave,Polygon,3.39,USDC,278073039,1.05,4.13
2024-09-23,Aave,Polygon,3.59,USDT,265329144,0.92,1.96
2024-09-23,Aave,Polygon,3.44,DAI,281154362,0.98,2.84
2024-09-23,Aave,Base,3.33,USDC,251496674,1.3,4.27
2024-09-23,Aave,Base,3.93,USDT,280007295,1.56,3.84
2024-09-23,Aave,Base,3.4,DAI,261706007,0.94,3.49
2024-09-23,Compound,Ethereum,2.79,USDC,206433742,17.91,0
2024-09-23,Compound,Ethereum,2.39,USDT,193543167,15.66,0
2024-09-23,Compound,Ethereum,2.55,DAI,187252664,19.2,0
2024-09-23,Compound,Arbitrum,3.18,USDC,193611712,2.68,5.05
2024-09-23,Compound,Arbitrum,3.05,USDT,194326243,2.51,3.75
2024-09-23,Compound,Arbitrum,3.4,DAI,176642648,2.74,5.21
2024-09-23,Compound,Optimism,3.13,USDC,205307058,1.81,4.97
2024-09-23,Compound,Optimism,3.24,USDT,199316374,1.66,3.57
2024-09-23,Compound,Optimism,2.9,DAI,186852895,1.63,3.34
2024-09-23,Compound,Polygon,3.25,USDC,187070589,0.94,1.96
2024-09-23,Compound,Polygon,3.23,USDT,180521438,1.15,3.92
2024-09-23,Compound,Polygon,3.35,DAI,182954307,0.93,3.35
2024-09-23,Compound,Base,3.34,USDT,184895621,1.54,3.75
2024-09-23,Compound,Base,2.83,DAI,186979120,1.44,2.47
2024-09-23,Curve,Ethereum,5.11,USDT,368370577,13.6,0
2024-09-23,Curve,Ethereum,5.46,DAI,355011157,16.35,0
2024-09-23,Curve,Arbitrum,8.07,USDC,332236711,1.75,3.87
2024-09-23,Curve,Arbitrum,6.65,USDT,349753083,2.61,4.89
2024-09-23,Curve,Arbitrum,6.5,DAI,378263938,2.7,4.64
2024-09-23,Curve,Optimism,6.45,USDC,345289906,2.29,6.06
2024-09-23,Curve,Optimism,7.09,USDT,347954387,1.29,3.72
2024-09-23,Curve,Optimism,7.14,DAI,345465890,1.62,4.0
2024-09-23,Curve,Polygon,5.65,USDC,341220126,1.01,2.94
2024-09-23,Curve,Polygon,7.79,USDT,328280443,1.02,1.95
2024-09-23,Curve,Polygon,7.04,DAI,338240209,1.08,2.39
2024-09-23,Curve,Base,6.14,USDC,331087257,1.74,3.78
2024-09-23,Curve,Base,7.72,USDT,361595057,1.88,2.66
2024-09-23,Curve,Base,8.38,DAI,341806322,1.34,4.28
2024-09-23,Uniswap V3,Ethereum,7.37,USDC,97409891,15.18,0
2024-09-23,Uniswap V3,Arbitrum,7.89,USDT,106186849,2.21,4.31
2024-09-23,Uniswap V3,Arbitrum,7.66,DAI,112083735,2.21,6.23
2024-09-23,Uniswap V3,Optimism,9.08,USDC,99857845,1.73,2.29
2024-09-23,Uniswap V3,Optimism,6.82,DAI,103081550,1.36,4.36
2024-09-23,Uniswap V3,Polygon,9.42,USDT,96867885,1.05,3.67
2024-09-23,Uniswap V3,Polygon,8.05,DAI,102877648,0.8,2.72
2024-09-23,Uniswap V3,Base,7.71,USDC,111355016,1.26,4.4
2024-09-23,Uniswap V3,Base,8.59,USDT,100674446,1.31,3.17
2024-09-23,Uniswap V3,Base,7.4,DAI,103317282,1.39,4.18
2024-09-23,Yearn,Ethereum,3.79,USDC,126309761,15.76,0
2024-09-23,Yearn,Ethereum,3.75,USDT,126095366,20.21,0
2024-09-23,Yearn,Ethereum,3.53,DAI,125359601,18.91,0
2024-09-23,Yearn,Arbitrum,4.92,USDC,124670521,1.9,4.27
2024-09-23,Yearn,Arbitrum,4.89,USDT,134111591,2.33,4.21
2024-09-23,Yearn,Arbitrum,4.47,DAI,128284688,2.39,4.89
2024-09-23,Yearn,Optimism,3.71,USDC,119557651,1.63,3.69
2024-09-23,Yearn,Optimism,4.62,USDT,122079356,1.68,4.91
2024-09-23,Yearn,Optimism,4.35,DAI,121468202,1.79,5.37
2024-09-23,Yearn,Polygon,4.82,USDC,119941503,0.95,2.66
2024-09-23,Yearn,Polygon,5.03,USDT,122916326,1.26,3.11
2024-09-23,Yearn,Polygon,4.21,DAI,134173271,0.9,3.92
2024-09-23,Yearn,Base,3.8,USDC,122665878,1.16,4.93
2024-09-23,Yearn,Base,3.79,USDT,123809191,1.47,4.71
2024-09-23,Yearn,Base,4.1,DAI,127771731,1.44,3.47
2024-09-23,Pendle,Ethereum,7.49,USDC,76298612,20.58,0
2024-09-23,Pendle,Ethereum,10.15,USDT,76694642,21.48,0
2024-09-23,Pendle,Ethereum,7.64,DAI,74796363,16.78,0
2024-09-23,Pendle,Arbitrum,12.14,USDC,81419607,2.8,4.06
2024-09-23,Pendle,Arbitrum,10.68,USDT,81530327,1.19,4.36
2024-09-23,Pendle,Arbitrum,11.95,DAI,80777477,2.26,5.94
2024-09-23,Pendle,Optimism,12.33,USDC,78321817,1.79,4.56
2024-09-23,Pendle,Optimism,11.32,USDT,78990119,1.46,2.42
2024-09-23,Pendle,Optimism,8.16,DAI,78672750,2.0,4.14
2024-09-23,Pendle,Base,8.05,USDC,74102947,1.58,3.93
2024-09-23,Pendle,Base,11.54,USDT,76083335,1.4,4.44
2024-09-23,Pendle,Base,11.64,DAI,82094011,1.36,4.63
2024-09-23,Convex,Ethereum,4.5,USDC,159193155,18.73,0
2024-09-23,Convex,Ethereum,4.84,USDT,150005325,17.66,0
2024-09-23,Convex,Ethereum,5.07,DAI,157230914,19.85,0
2024-09-23,Balancer,Ethereum,5.7,USDC,120131656,19.73,0
2024-09-23,Balancer,Ethereum,6.09,DAI,117560568,18.07,0
2024-09-23,Balancer,Arbitrum,7.23,USDC,116635022,2.46,5.8
2024-09-23,Balancer,Arbitrum,7.48,USDT,121220037,2.19,3.46
2024-09-23,Balancer,Arbitrum,8.04,DAI,116832186,1.81,5.34
2024-09-23,Balancer,Optimism,6.91,USDC,115241767,2.23,3.46
2024-09-23,Balancer,Optimism,7.91,USDT,122079245,2.11,4.78
2024-09-23,Balancer,Polygon,7.07,USDC,125662717,1.17,2.91
2024-09-23,Balancer,Polygon,6.23,USDT,124028381,0.84,3.14
2024-09-23,Balancer,Polygon,7.05,DAI,112616371,0.97,3.17
2024-09-23,Balancer,Base,6.31,USDC,125167082,1.64,2.14
2024-09-23,Balancer,Base,7.47,USDT,110335599,1.55,4.53
2024-09-23,Balancer,Base,5.81,DAI,122738775,1.33,4.4
2024-09-24,Aave,Ethereum,2.61,USDC,278461785,19.38,0
2024-09-24,Aave,Ethereum,3.23,USDT,284503996,16.84,0
2024-09-24,Aave,Ethereum,2.73,DAI,264060026,16.32,0
2024-09-24,Aave,Arbitrum,3.38,USDC,273274806,2.21,4.54
2024-09-24,Aave,Arbitrum,3.57,DAI,255040807,2.5,4.26
2024-09-24,Aave,Optimism,2.69,USDC,275273384,1.74,4.03
2024-09-24,Aave,Optimism,3.26,USDT,264898114,1.94,2.65
2024-09-24,Aave,Optimism,2.76,DAI,273726421,1.79,3.38
2024-09-24,Aave,Polygon,3.49,USDC,261262483,0.79,2.57
2024-09-24,Aave,Polygon,3.3,USDT,283969403,0.96,1.86
2024-09-24,Aave,Polygon,3.39,DAI,270422614,0.92,2.35
2024-09-24,Aave,Base,3.67,USDC,271246888,1.48,3.22
2024-09-24,Aave,Base,3.53,USDT,247049900,1.66,3.94
2024-09-24,Aave,Base,3.34,DAI,270321861,1.41,3.8
2024-09-24,Compound,Ethereum,2.67,USDC,198552458,20.54,0
2024-09-24,Compound,Ethereum,2.33,USDT,188645126,16.97,0
2024-09-24,Compound,Ethereum,2.5,DAI,194523971,15.63,0
2024-09-24,Compound,Arbitrum,3.52,USDC,194994529,2.77,4.45
2024-09-24,Compound,Arbitrum,3.5,USDT,215906494,2.62,3.17
2024-09-24,Compound,Arbitrum,3.01,DAI,192374761,2.33,2.93
2024-09-24,Compound,Optimism,3.18,USDC,201069382,2.12,5.43
2024-09-24,Compound,Optimism,3.31,USDT,197211306,1.73,4.11
2024-09-24,Compound,Optimism,3.16,DAI,199343837,2.3,4.26
2024-09-24,Compound,Polygon,3.34,USDT,178799756,1.13,3.66
2024-09-24,Compound,Polygon,3.49,DAI,185890025,0.91,2.48
2024-09-24,Compound,Base,3.23,USDC,192850671,1.66,3.5
2024-09-24,Compound,Base,3.08,USDT,187673120,1.4,3.55
2024-09-24,Compound,Base,3.15,DAI,178874831,1.38,4.03
2024-09-24,Curve,Ethereum,4.7,USDT,380971105,17.96,0
2024-09-24,Curve,Ethereum,6.37,DAI,370582219,20.9,0
2024-09-24,Curve,Arbitrum,7.56,USDC,324680105,2.97,5.85
2024-09-24,Curve,Arbitrum,6.76,USDT,363576069,2.27,6.6
2024-09-24,Curve,Arbitrum,6.32,DAI,331960821,2.9,5.9
2024-09-24,Curve,Optimism,7.0,USDC,359236686,2.0,2.94
2024-09-24,Curve,Optimism,6.12,USDT,362885376,1.98,4.42
2024-09-24,Curve,Optimism,8.48,DAI,355065875,1.64,4.44
2024-09-24,Curve,Polygon,7.08,USDC,319948977,1.03,2.58
2024-09-24,Curve,Polygon,7.24,DAI,351504535,0.99,2.38
2024-09-24,Curve,Base,5.84,USDC,360878046,1.36,4.13
2024-09-24,Curve,Base,6.91,USDT,365292450,1.39,4.59
2024-09-24,Curve,Base,7.24,DAI,315621314,1.43,4.43
2024-09-24,Uniswap V3,Ethereum,7.57,USDC,94922508,20.65,0
2024-09-24,Uniswap V3,Ethereum,5.9,USDT,97826969,18.98,0
2024-09-24,Uniswap V3,Ethereum,6.28,DAI,94594751,18.53,0
2024-09-24,Uniswap V3,Arbitrum,7.06,USDC,93867451,2.65,3.57
2024-09-24,Uniswap V3,Arbitrum,7.42,USDT,102816741,2.49,5.1
2024-09-24,Uniswap V3,Arbitrum,7.52,DAI,95031615,1.93,4.93
2024-09-24,Uniswap V3,Optimism,8.05,USDT,99156143,1.89,3.92
2024-09-24,Uniswap V3,Optimism,6.98,DAI,100300587,2.05,3.57
2024-09-24,Uniswap V3,Polygon,6.68,USDC,107328932,0.83,3.16
2024-09-24,Uniswap V3,Polygon,8.78,DAI,110908570,1.1,3.27
2024-09-24,Uniswap V3,Base,8.08,USDC,105349338,0.67,4.96
2024-09-24,Uniswap V3,Base,8.53,USDT,91882179,1.28,3.41
2024-09-24,Uniswap V3,Base,5.18,DAI,109875307,1.54,2.82
2024-09-24,Yearn,Ethereum,3.65,USDC,125047618,21.63,0
2024-09-24,Yearn,Ethereum,3.2,USDT,115388083,17.21,0
2024-09-24,Yearn,Ethereum,3.69,DAI,121860799,19.56,0
2024-09-24,Yearn,Arbitrum,4.19,USDC,132765080,1.88,5.37
2024-09-24,Yearn,Optimism,4.07,USDC,123423943,1.83,2.63
2024-09-24,Yearn,Optimism,3.82,USDT,118634889,2.12,1.37
2024-09-24,Yearn,Optimism,4.3,DAI,124039566,1.48,4.63
2024-09-24,Yearn,Polygon,4.36,USDC,114583607,1.06,3.16
2024-09-24,Yearn,Polygon,4.41,USDT,132619342,0.87,1.87
2024-09-24,Yearn,Base,4.38,USDC,137883119,1.44,4.48
2024-09-24,Yearn,Base,4.56,USDT,128464814,1.41,3.96
2024-09-24,Yearn,Base,3.94,DAI,137811388,1.76,4.3
2024-09-24,Pendle,Ethereum,8.72,USDC,84367638,17.32,0
2024-09-24,Pendle,Ethereum,9.08,USDT,79608027,25.07,0
2024-09-24,Pendle,Ethereum,8.75,DAI,82021440,15.92,0
2024-09-24,Pendle,Arbitrum,11.59,USDC,80800133,2.34,3.18
2024-09-24,Pendle,Arbitrum,10.24,USDT,80466508,2.45,5.9
2024-09-24,Pendle,Arbitrum,8.36,DAI,81608777,2.2,4.13
2024-09-24,Pendle,Optimism,10.08,USDC,74291440,2.02,3.98
2024-09-24,Pendle,Optimism,11.43,USDT,81290856,1.26,3.61
2024-09-24,Pendle,Optimism,8.96,DAI,81205982,1.71,2.97
2024-09-24,Pendle,Base,11.23,USDT,75318147,1.29,3.8
2024-09-24,Pendle,Base,9.74,DAI,84128642,1.22,4.26
2024-09-24,Convex,Ethereum,5.9,USDC,171057088,17.46,0
2024-09-24,Convex,Ethereum,4.8,USDT,165854592,14.19,0
2024-09-24,Convex,Ethereum,4.15,DAI,166457393,16.39,0
2024-09-24,Balancer,Ethereum,5.6,USDC,118142207,16.8,0
2024-09-24,Balancer,Ethereum,6.17,USDT,110116218,19.88,0
2024-09-24,Balancer,Ethereum,5.91,DAI,113357072,12.1,0
2024-09-24,Balancer,Arbitrum,6.4,USDT,125450830,1.71,4.56
2024-09-24,Balancer,Arbitrum,6.95,DAI,128711457,2.18,3.95
2024-09-24,Balancer,Optimism,5.43,USDC,118332427,1.79,5.7
2024-09-24,Balancer,Optimism,7.53,USDT,116122196,1.66,3.36
2024-09-24,Balancer,Polygon,7.99,USDC,119874257,0.88,2.69
2024-09-24,Balancer,Polygon,6.83,USDT,123852902,0.58,4.13
2024-09-24,Balancer,Polygon,7.58,DAI,113867896,0.86,3.04
2024-09-24,Balancer,Base,7.51,USDC,118183237,1.42,4.36
2024-09-24,Balancer,Base,6.47,USDT,121539379,1.18,3.84
2024-09-24,Balancer,Base,7.3,DAI,112281912,1.66,3.97
2024-09-25,Aave,Ethereum,2.35,USDC,282763834,18.79,0
2024-09-25,Aave,Ethereum,2.62,USDT,284402364,17.23,0
2024-09-25,Aave,Ethereum,2.64,DAI,271168801,17.55,0
2024-09-25,Aave,Arbitrum,3.79,USDC,274375609,2.82,3.81
2024-09-25,Aave,Arbitrum,3.19,USDT,276391988,2.15,6.78
2024-09-25,Aave,Arbitrum,3.13,DAI,311162033,2.62,5.25
2024-09-25,Aave,Optimism,3.34,USDT,283441122,1.97,4.73
2024-09-25,Aave,Optimism,3.59,DAI,271159695,1.71,3.71
2024-09-25,Aave,Polygon,3.69,USDC,282129194,1.1,2.57
2024-09-25,Aave,Polygon,4.23,USDT,285402959,0.78,3.43
2024-09-25,Aave,Polygon,3.79,DAI,273888043,0.93,2.34
2024-09-25,Aave,Base,3.42,USDC,282507146,1.06,3.46
2024-09-25,Aave,Base,3.61,USDT,291053198,1.38,3.34
2024-09-25,Aave,Base,3.22,DAI,273093817,1.11,3.54
2024-09-25,Compound,Ethereum,2.54,USDC,200412034,17.33,0
2024-09-25,Compound,Ethereum,2.56,USDT,189974499,25.86,0
2024-09-25,Compound,Ethereum,2.74,DAI,190095294,18.8,0
2024-09-25,Compound,Arbitrum,3.1,USDC,205242646,2.86,4.6
2024-09-25,Compound,Arbitrum,3.58,USDT,201155372,2.54,4.79
2024-09-25,Compound,Arbitrum,3.29,DAI,183126593,2.31,5.69
2024-09-25,Compound,Optimism,3.08,USDC,194927548,1.82,2.98
2024-09-25,Compound,Optimism,3.15,USDT,191341800,1.64,4.02
2024-09-25,Compound,Optimism,3.29,DAI,202093202,1.59,3.39
2024-09-25,Compound,Polygon,3.34,USDC,182644219,0.9,2.84
2024-09-25,Compound,Polygon,3.24,USDT,214401558,1.03,2.75
2024-09-25,Compound,Polygon,3.6,DAI,203137246,0.88,2.88
2024-09-25,Compound,Base,3.29,USDC,174788344,1.09,3.27
2024-09-25,Compound,Base,3.48,USDT,214694822,1.31,3.75
2024-09-25,Compound,Base,3.22,DAI,198258818,1.27,3.79
2024-09-25,Curve,Ethereum,5.51,USDT,354136047,19.32,0
2024-09-25,Curve,Ethereum,5.5,DAI,323773873,20.71,0
2024-09-25,Curve,Arbitrum,7.51,USDC,333493398,2.75,6.4
2024-09-25,Curve,Arbitrum,6.5,USDT,346446219,2.68,5.06
2024-09-25,Curve,Arbitrum,7.39,DAI,365846490,1.92,5.23
2024-09-25,Curve,Optimism,6.11,USDC,366846169,1.77,2.99
2024-09-25,Curve,Optimism,6.95,USDT,385932779,1.36,4.06
2024-09-25,Curve,Optimism,7.95,DAI,321662591,1.79,3.78
2024-09-25,Curve,Polygon,8.06,USDC,315314744,1.03,3.97
2024-09-25,Curve,Polygon,6.97,USDT,378846778,0.94,3.05
2024-09-25,Curve,Polygon,7.56,DAI,336094511,0.92,3.31
2024-09-25,Curve,Base,7.73,USDC,351141552,1.37,4.8
2024-09-25,Curve,Base,6.16,USDT,331583784,1.11,4.3
2024-09-25,Curve,Base,5.57,DAI,359786726,1.46,3.45
2024-09-25,Uniswap V3,Ethereum,6.07,USDC,109954625,17.59,0
2024-09-25,Uniswap V3,Ethereum,6.03,USDT,98010056,15.89,0
2024-09-25,Uniswap V3,Ethereum,5.95,DAI,102530467,20.56,0
2024-09-25,Uniswap V3,Arbitrum,7.49,USDC,102058441,2.43,4.87
2024-09-25,Uniswap V3,Arbitrum,7.36,USDT,102220366,2.33,3.87
2024-09-25,Uniswap V3,Optimism,9.38,USDC,104771494,1.82,3.14
2024-09-25,Uniswap V3,Optimism,8.08,USDT,105080020,1.36,2.81
2024-09-25,Uniswap V3,Optimism,7.08,DAI,100564535,1.89,3.57
2024-09-25,Uniswap V3,Polygon,7.72,USDT,103523483,0.89,2.55
2024-09-25,Uniswap V3,Polygon,8.49,DAI,105941928,0.98,2.02
2024-09-25,Uniswap V3,Base,9.54,USDC,101533380,1.09,3.86
2024-09-25,Uniswap V3,Base,6.59,USDT,104817576,1.2,3.32
2024-09-25,Uniswap V3,Base,7.64,DAI,99157677,1.3,4.83
2024-09-25,Yearn,Ethereum,3.08,USDC,134887134,15.2,0
2024-09-25,Yearn,Ethereum,3.25,USDT,130430065,21.05,0
2024-09-25,Yearn,Ethereum,3.57,DAI,138483453,16.22,0
2024-09-25,Yearn,Arbitrum,4.26,USDC,140677694,2.07,6.04
2024-09-25,Yearn,Arbitrum,4.44,USDT,132035275,2.45,5.93
2024-09-25,Yearn,Arbitrum,4.52,DAI,125862678,2.27,4.07
2024-09-25,Yearn,Optimism,4.16,USDC,131638425,1.35,3.31
2024-09-25,Yearn,Optimism,4.55,DAI,138063661,1.96,4.53
2024-09-25,Yearn,Polygon,4.2,USDC,136994143,0.84,3.43
2024-09-25,Yearn,Base,4.14,USDC,120552177,1.35,2.98
2024-09-25,Yearn,Base,3.99,USDT,138890172,1.47,2.78
2024-09-25,Yearn,Base,4.23,DAI,123712487,1.12,4.61
2024-09-25,Pendle,Ethereum,9.12,USDC,82475514,20.33,0
2024-09-25,Pendle,Ethereum,7.75,DAI,84472405,18.7,0
2024-09-25,Pendle,Arbitrum,10.84,USDC,84966205,2.62,4.53
2024-09-25,Pendle,Arbitrum,11.88,DAI,82781204,2.07,5.6
2024-09-25,Pendle,Optimism,11.09,USDC,80676533,1.34,3.59
2024-09-25,Pendle,Optimism,8.95,USDT,81709807,1.98,3.02
2024-09-25,Pendle,Optimism,7.28,DAI,82566722,2.36,3.41
2024-09-25,Pendle,Base,10.18,USDC,79447714,1.55,3.63
2024-09-25,Pendle,Base,9.21,DAI,75842330,1.7,4.69
2024-09-25,Convex,Ethereum,5.08,USDC,156252289,24.48,0
2024-09-25,Convex,Ethereum,5.64,USDT,163957525,21.68,0
2024-09-25,Convex,Ethereum,4.99,DAI,156633729,16.07,0
2024-09-25,Balancer,Ethereum,6.38,USDC,125808074,17.5,0
2024-09-25,Balancer,Ethereum,6.83,USDT,119003479,17.09,0
2024-09-25,Balancer,Ethereum,6.76,DAI,118455210,19.9,0
2024-09-25,Balancer,Arbitrum,6.91,USDC,119962522,2.61,4.52
2024-09-25,Balancer,Arbitrum,8.16,USDT,116185069,2.84,6.34
2024-09-25,Balancer,Arbitrum,6.98,DAI,123662887,2.97,4.89
2024-09-25,Balancer,Optimism,6.11,USDC,112490390,2.19,4.19
2024-09-25,Balancer,Optimism,6.62,DAI,123341497,1.82,5.13
2024-09-25,Balancer,Polygon,8.6,USDC,120925344,0.87,2.89
2024-09-25,Balancer,Polygon,6.7,USDT,127991008,1.17,2.81
2024-09-25,Balancer,Polygon,8.67,DAI,128374870,0.96,2.43
2024-09-25,Balancer,Base,7.05,USDC,119720783,1.84,4.35
2024-09-25,Balancer,Base,7.77,USDT,122123577,1.61,4.07
2024-09-25,Balancer,Base,7.29,DAI,120466382,1.27,4.31
2024-09-26,Aave,Ethereum,3.13,USDC,296827138,13.72,0
2024-09-26,Aave,Ethereum,2.97,USDT,283500726,14.18,0
2024-09-26,Aave,Ethereum,2.69,DAI,276666052,22.04,0
2024-09-26,Aave,Arbitrum,3.86,USDC,295813067,3.04,5.95
2024-09-26,Aave,Arbitrum,3.31,USDT,292152586,1.9,4.53
2024-09-26,Aave,Optimism,3.28,USDT,264097556,1.19,4.04
2024-09-26,Aave,Optimism,3.34,DAI,280401363,1.68,4.07
2024-09-26,Aave,Polygon,3.71,USDC,241965825,1.07,3.22
2024-09-26,Aave,Polygon,3.31,USDT,266168728,1.06,3.67
2024-09-26,Aave,Polygon,3.73,DAI,291058492,1.1,3.46
2024-09-26,Aave,Base,2.99,USDC,289188835,1.46,3.82
2024-09-26,Aave,Base,3.72,USDT,281880380,1.5,4.04
2024-09-26,Aave,Base,3.64,DAI,284768493,1.81,3.4
2024-09-26,Compound,Ethereum,2.69,USDC,206997898,15.28,0
2024-09-26,Compound,Ethereum,2.49,USDT,210595725,16.19,0
2024-09-26,Compound,Ethereum,2.45,DAI,200539257,24.03,0
2024-09-26,Compound,Arbitrum,3.03,USDC,196998580,2.31,5.1
2024-09-26,Compound,Arbitrum,3.21,USDT,201804590,2.14,3.26
2024-09-26,Compound,Arbitrum,3.29,DAI,198455468,2.58,3.43
2024-09-26,Compound,Optimism,3.2,USDC,214282958,1.58,4.79
2024-09-26,Compound,Optimism,3.26,USDT,202074738,2.11,2.49
2024-09-26,Compound,Optimism,3.16,DAI,202271583,1.89,3.99
2024-09-26,Compound,Polygon,3.41,USDC,207177072,1.01,4.43
2024-09-26,Compound,Polygon,3.29,USDT,205161153,0.97,3.5
2024-09-26,Compound,Polygon,3.35,DAI,201576494,1.1,2.48
2024-09-26,Compound,Base,3.26,USDC,198817587,0.85,3.94
2024-09-26,Compound,Base,3.63,USDT,207091742,1.77,3.48
2024-09-26,Compound,Base,3.2,DAI,201666211,1.36,5.25
2024-09-26,Curve,Ethereum,6.62,USDC,367576747,21.22,0
2024-09-26,Curve,Ethereum,5.84,USDT,345423770,15.22,0
2024-09-26,Curve,Ethereum,6.98,DAI,346574325,17.53,0
2024-09-26,Curve,Arbitrum,6.85,USDC,351996936,1.99,3.04
2024-09-26,Curve,Arbitrum,6.68,USDT,370708274,1.96,5.7
2024-09-26,Curve,Arbitrum,7.9,DAI,387698947,2.22,2.96
2024-09-26,Curve,Optimism,6.71,USDT,368878530,2.06,4.68
2024-09-26,Curve,Optimism,5.7,DAI,392799535,2.17,4.62
2024-09-26,Curve,Polygon,7.07,USDC,326457136,0.76,2.3
2024-09-26,Curve,Polygon,6.97,USDT,357853207,0.93,3.04
2024-09-26,Curve,Polygon,6.89,DAI,342427026,1.08,3.25
2024-09-26,Curve,Base,5.88,USDT,368803583,1.17,2.51
2024-09-26,Curve,Base,8.97,DAI,338928607,1.1,4.0
2024-09-26,Uniswap V3,Ethereum,5.31,USDC,105207005,17.53,0
2024-09-26,Uniswap V3,Ethereum,7.31,USDT,103615988,18.42,0
2024-09-26,Uniswap V3,Ethereum,6.73,DAI,105559832,14.41,0
2024-09-26,Uniswap V3,Arbitrum,8.61,USDC,108724823,2.38,5.7
2024-09-26,Uniswap V3,Arbitrum,7.88,USDT,106279446,2.38,5.93
2024-09-26,Uniswap V3,Optimism,6.44,USDC,111763155,2.05,4.39
2024-09-26,Uniswap V3,Optimism,9.91,USDT,102854909,1.68,3.16
2024-09-26,Uniswap V3,Optimism,7.9,DAI,106051677,1.81,3.1
2024-09-26,Uniswap V3,Polygon,7.51,USDC,102556275,0.95,3.3
2024-09-26,Uniswap V3,Polygon,7.52,USDT,107354095,1.15,3.03
2024-09-26,Uniswap V3,Base,7.28,USDC,109102341,1.08,3.14
2024-09-26,Uniswap V3,Base,9.03,USDT,102758702,1.35,3.9
2024-09-26,Uniswap V3,Base,7.11,DAI,104189555,1.7,3.05
2024-09-26,Yearn,Ethereum,3.69,USDC,128950848,21.94,0
2024-09-26,Yearn,Ethereum,3.83,USDT,139788731,21.67,0
2024-09-26,Yearn,Ethereum,3.77,DAI,130125433,21.73,0
2024-09-26,Yearn,Arbitrum,4.5,USDC,130247577,2.99,4.8
2024-09-26,Yearn,Arbitrum,4.13,DAI,138910673,2.09,5.61
2024-09-26,Yearn,Optimism,4.04,USDC,120042386,1.74,3.51
2024-09-26,Yearn,Optimism,4.44,USDT,138414066,1.75,2.22
2024-09-26,Yearn,Optimism,3.72,DAI,132904454,1.91,3.86
2024-09-26,Yearn,Polygon,4.74,USDC,133002062,0.83,3.05
2024-09-26,Yearn,Polygon,4.71,USDT,123990155,0.92,2.76
2024-09-26,Yearn,Polygon,4.55,DAI,135374004,0.99,1.81
2024-09-26,Yearn,Base,4.42,USDC,144237379,1.51,4.11
2024-09-26,Yearn,Base,4.55,USDT,135812587,1.42,4.46
2024-09-26,Yearn,Base,4.56,DAI,138287790,1.47,5.93
2024-09-26,Pendle,Ethereum,8.73,USDC,86131582,14.77,0
2024-09-26,Pendle,Ethereum,9.69,USDT,85432668,14.85,0
2024-09-26,Pendle,Ethereum,10.1,DAI,82470913,15.47,0
2024-09-26,Pendle,Arbitrum,9.63,USDC,87452364,2.48,6.48
2024-09-26,Pendle,Arbitrum,11.47,USDT,75700617,2.02,5.11
2024-09-26,Pendle,Arbitrum,12.48,DAI,78265981,2.25,4.84
2024-09-26,Pendle,Optimism,9.59,USDT,80346494,1.62,2.25
2024-09-26,Pendle,Optimism,9.67,DAI,84598969,1.95,4.35
2024-09-26,Pendle,Base,8.93,USDT,88116934,1.43,3.96
2024-09-26,Pendle,Base,12.15,DAI,83112861,1.74,3.45
2024-09-26,Convex,Ethereum,5.27,USDC,158044574,14.46,0
2024-09-26,Convex,Ethereum,4.64,DAI,156140290,21.11,0
2024-09-26,Balancer,Ethereum,6.1,USDC,120696810,17.99,0
2024-09-26,Balancer,Ethereum,4.14,USDT,119756156,14.24,0
2024-09-26,Balancer,Ethereum,6.64,DAI,128945063,14.38,0
2024-09-26,Balancer,Arbitrum,7.53,USDC,120739631,2.17,5.19
2024-09-26,Balancer,Arbitrum,6.4,USDT,121812657,2.43,3.68
2024-09-26,Balancer,Arbitrum,8.95,DAI,117233339,2.61,5.36
2024-09-26,Balancer,Optimism,7.42,USDC,124000395,2.02,4.53
2024-09-26,Balancer,Optimism,7.31,USDT,131206797,1.77,3.93
2024-09-26,Balancer,Optimism,8.3,DAI,115931354,1.64,4.0
2024-09-26,Balancer,Polygon,7.32,USDT,134291432,0.84,3.16
2024-09-26,Balancer,Polygon,7.43,DAI,117643233,0.8,3.11
2024-09-26,Balancer,Base,7.61,USDC,125734352,1.4,3.77
2024-09-26,Balancer,Base,8.15,USDT,125618516,1.52,4.62
2024-09-27,Aave,Ethereum,2.57,USDC,295259272,13.57,0
2024-09-27,Aave,Ethereum,2.84,USDT,310031929,17.67,0
2024-09-27,Aave,Ethereum,2.52,DAI,277223018,21.84,0
2024-09-27,Aave,Arbitrum,3.91,USDC,286277410,2.09,4.25
2024-09-27,Aave,Arbitrum,3.23,USDT,287970843,2.81,3.61
2024-09-27,Aave,Arbitrum,3.39,DAI,276088286,2.01,5.5
2024-09-27,Aave,Optimism,3.1,USDC,262250710,1.99,5.18
2024-09-27,Aave,Optimism,3.29,DAI,261473670,2.58,3.99
2024-09-27,Aave,Polygon,3.49,USDC,274233812,1.16,1.57
2024-09-27,Aave,Polygon,3.88,USDT,272601089,0.98,3.36
2024-09-27,Aave,Polygon,4.07,DAI,279803002,1.04,3.51
2024-09-27,Aave,Base,3.15,USDC,265687326,1.72,2.45
2024-09-27,Aave,Base,3.52,USDT,279462647,1.83,3.67
2024-09-27,Aave,Base,3.33,DAI,283425503,1.78,4.14
2024-09-27,Compound,Ethereum,2.58,USDC,214240375,15.52,0
2024-09-27,Compound,Ethereum,2.57,USDT,218491797,16.77,0
2024-09-27,Compound,Ethereum,2.36,DAI,212922777,15.06,0
2024-09-27,Compound,Arbitrum,3.32,USDC,196590645,2.12,4.75
2024-09-27,Compound,Arbitrum,3.14,DAI,195574359,2.14,6.08
2024-09-27,Compound,Optimism,2.74,USDC,208537416,1.42,4.25
2024-09-27,Compound,Optimism,3.2,USDT,201864951,1.63,4.14
2024-09-27,Compound,Optimism,3.05,DAI,211810985,1.9,3.5
2024-09-27,Compound,Polygon,3.36,USDC,200719315,0.89,2.43
2024-09-27,Compound,Polygon,3.29,USDT,216837720,0.91,3.24
2024-09-27,Compound,Polygon,3.57,DAI,201454153,0.97,2.34
2024-09-27,Compound,Base,3.13,USDC,190401511,1.42,3.47
2024-09-27,Compound,Base,2.81,USDT,199482421,1.4,4.33
2024-09-27,Compound,Base,3.14,DAI,210138841,1.69,4.75
2024-09-27,Curve,Ethereum,6.33,USDC,380505945,17.7,0
2024-09-27,Curve,Ethereum,4.86,USDT,402582937,21.82,0
2024-09-27,Curve,Ethereum,6.31,DAI,397251973,17.89,0
2024-09-27,Curve,Arbitrum,7.71,USDC,378446916,2.8,4.84
2024-09-27,Curve,Arbitrum,7.17,USDT,362126030,2.59,4.53
2024-09-27,Curve,Arbitrum,4.54,DAI,363662435,2.57,3.44
2024-09-27,Curve,Optimism,6.68,USDC,370415311,2.12,3.76
2024-09-27,Curve,Optimism,7.05,USDT,363951444,1.82,3.9
2024-09-27,Curve,Optimism,6.4,DAI,340690363,1.53,4.57
2024-09-27,Curve,Polygon,7.26,USDC,357894397,1.03,2.5
2024-09-27,Curve,Polygon,6.79,USDT,367488037,1.07,2.5
2024-09-27,Curve,Polygon,6.5,DAI,381506383,1.08,3.08
2024-09-27,Curve,Base,6.19,USDC,379547727,1.18,4.42
2024-09-27,Curve,Base,6.37,USDT,342881275,1.71,5.28
2024-09-27,Curve,Base,7.74,DAI,353578095,1.4,4.38
2024-09-27,Uniswap V3,Ethereum,6.0,USDC,111922097,19.06,0
2024-09-27,Uniswap V3,Ethereum,6.53,USDT,115229904,18.61,0
2024-09-27,Uniswap V3,Ethereum,7.66,DAI,110035640,20.24,0
2024-09-27,Uniswap V3,Arbitrum,7.88,USDC,113443272,2.2,4.98
2024-09-27,Uniswap V3,Arbitrum,7.91,USDT,100834292,2.89,6.1
2024-09-27,Uniswap V3,Optimism,7.06,USDC,112411907,1.74,2.43
2024-09-27,Uniswap V3,Optimism,7.3,USDT,102578545,1.76,3.35
2024-09-27,Uniswap V3,Optimism,7.9,DAI,98436407,1.2,3.69
2024-09-27,Uniswap V3,Polygon,8.77,USDC,110483875,0.99,3.23
2024-09-27,Uniswap V3,Polygon,7.86,USDT,109190466,1.09,2.77
2024-09-27,Uniswap V3,Polygon,10.13,DAI,103392351,0.86,3.77
2024-09-27,Uniswap V3,Base,7.72,USDC,107798239,1.05,4.28
2024-09-27,Uniswap V3,Base,7.36,USDT,114750573,1.42,2.43
2024-09-27,Uniswap V3,Base,6.89,DAI,113859919,1.7,4.44
2024-09-27,Yearn,Ethereum,3.53,USDC,133912044,19.53,0
2024-09-27,Yearn,Ethereum,3.74,USDT,146867239,21.99,0
2024-09-27,Yearn,Ethereum,3.33,DAI,133035257,18.54,0
2024-09-27,Yearn,Arbitrum,4.42,USDC,147288296,2.43,4.88
2024-09-27,Yearn,Arbitrum,4.44,USDT,146266897,2.56,5.32
2024-09-27,Yearn,Arbitrum,4.24,DAI,131399442,2.26,6.12
2024-09-27,Yearn,Optimism,3.82,USDC,131006787,1.76,3.49
2024-09-27,Yearn,Optimism,4.1,USDT,135067724,1.62,4.08
2024-09-27,Yearn,Polygon,4.48,USDC,133440415,0.9,2.29
2024-09-27,Yearn,Polygon,4.84,USDT,141441607,0.88,2.17
2024-09-27,Yearn,Base,3.99,USDC,134590463,1.32,3.91
2024-09-27,Yearn,Base,4.42,USDT,138410752,1.45,3.61
2024-09-27,Yearn,Base,4.12,DAI,141444965,1.31,4.58
2024-09-27,Pendle,Ethereum,7.58,USDC,89541042,21.12,0
2024-09-27,Pendle,Ethereum,10.06,USDT,88760581,19.07,0
2024-09-27,Pendle,Ethereum,9.98,DAI,91575691,17.95,0
2024-09-27,Pendle,Arbitrum,9.8,USDC,86794148,2.47,4.67
2024-09-27,Pendle,Arbitrum,11.86,USDT,79529588,2.0,4.15
2024-09-27,Pendle,Arbitrum,11.38,DAI,81446669,2.76,5.26
2024-09-27,Pendle,Optimism,11.33,USDC,90371643,1.19,4.19
2024-09-27,Pendle,Optimism,11.15,USDT,79570593,1.99,4.13
2024-09-27,Pendle,Optimism,10.65,DAI,88138261,1.85,5.06
2024-09-27,Pendle,Base,9.36,USDC,83422216,1.64,3.86
2024-09-27,Pendle,Base,11.32,USDT,85269936,1.28,3.9
2024-09-27,Pendle,Base,12.33,DAI,82337286,1.72,2.68
2024-09-27,Convex,Ethereum,4.27,USDT,177896238,17.6,0
2024-09-27,Balancer,Ethereum,5.56,USDC,124588332,13.34,0
2024-09-27,Balancer,Ethereum,7.01,USDT,120946808,16.92,0
2024-09-27,Balancer,Ethereum,5.53,DAI,112610270,21.78,0
2024-09-27,Balancer,Arbitrum,7.92,USDC,123655980,2.05,4.13
2024-09-27,Balancer,Arbitrum,6.33,USDT,122253197,2.86,3.13
2024-09-27,Balancer,Arbitrum,7.99,DAI,125387934,2.69,4.12
2024-09-27,Balancer,Optimism,8.3,USDT,124846214,1.57,4.01
2024-09-27,Balancer,Optimism,6.41,DAI,133613318,1.39,3.76
2024-09-27,Balancer,Polygon,8.31,USDC,125102175,0.91,3.89
2024-09-27,Balancer,Polygon,6.66,USDT,125351351,0.87,2.54
2024-09-27,Balancer,Polygon,7.62,DAI,121242394,0.76,3.77
2024-09-27,Balancer,Base,6.91,USDC,116354819,1.21,3.54
2024-09-27,Balancer,Base,5.69,USDT,118350172,1.1,4.95
2024-09-27,Balancer,Base,6.09,DAI,123844719,1.7,4.84
2024-09-28,Aave,Ethereum,2.76,USDC,290707432,14.67,0
2024-09-28,Aave,Ethereum,2.56,USDT,292340543,14.16,0
2024-09-28,Aave,Ethereum,2.64,DAI,294077351,14.73,0
2024-09-28,Aave,Arbitrum,3.74,USDC,308738228,1.45,6.43
2024-09-28,Aave,Arbitrum,3.61,USDT,269121998,1.7,5.32
2024-09-28,Aave,Arbitrum,3.05,DAI,292450475,1.35,3.27
2024-09-28,Aave,Optimism,3.4,USDC,310584504,0.99,4.24
2024-09-28,Aave,Optimism,3.65,USDT,280888830,1.15,3.63
2024-09-28,Aave,Optimism,3.1,DAI,271957596,1.43,3.08
2024-09-28,Aave,Polygon,3.34,USDC,271912139,0.56,3.1
2024-09-28,Aave,Polygon,3.79,USDT,284715877,0.57,2.69
2024-09-28,Aave,Polygon,3.28,DAI,300552961,0.71,2.09
2024-09-28,Aave,Base,3.56,USDC,303360458,0.89,5.24
2024-09-28,Aave,Base,3.06,USDT,293130822,0.92,4.33
2024-09-28,Aave,Base,3.51,DAI,296829989,1.18,3.83
2024-09-28,Compound,Ethereum,2.69,USDC,206792423,14.43,0
2024-09-28,Compound,Ethereum,2.54,USDT,218286159,11.4,0
2024-09-28,Compound,Arbitrum,3.08,USDC,203024473,1.57,6.17
2024-09-28,Compound,Arbitrum,3.17,USDT,217291941,1.76,5.75
2024-09-28,Compound,Arbitrum,3.01,DAI,202346756,1.68,3.99
2024-09-28,Compound,Optimism,3.09,USDC,211237542,1.39,4.69
2024-09-28,Compound,Optimism,2.79,USDT,214283271,1.17,4.45
2024-09-28,Compound,Optimism,2.76,DAI,220129372,1.17,4.66
2024-09-28,Compound,Polygon,3.48,USDC,219202692,0.73,3.08
2024-09-28,Compound,Polygon,3.24,USDT,204052191,0.78,3.51
2024-09-28,Compound,Polygon,3.25,DAI,208977004,0.63,3.17
2024-09-28,Compound,Base,3.05,USDC,195524367,0.91,2.61
2024-09-28,Compound,Base,3.39,USDT,221614084,0.76,3.05
2024-09-28,Compound,Base,3.13,DAI,210870238,0.84,4.02
2024-09-28,Curve,Ethereum,5.06,USDC,381051967,9.76,0
2024-09-28,Curve,Ethereum,4.74,USDT,378760863,14.7,0
2024-09-28,Curve,Ethereum,6.91,DAI,364433590,9.76,0
2024-09-28,Curve,Arbitrum,6.45,USDC,371636324,1.87,4.35
2024-09-28,Curve,Arbitrum,6.77,USDT,386183804,1.59,4.01
2024-09-28,Curve,Arbitrum,8.8,DAI,369793351,1.14,4.66
2024-09-28,Curve,Optimism,7.63,USDC,372436644,1.13,3.25
2024-09-28,Curve,Optimism,6.15,USDT,388954576,0.98,4.57
2024-09-28,Curve,Optimism,7.16,DAI,383162668,1.21,3.35
2024-09-28,Curve,Polygon,7.19,USDC,393893916,0.6,2.92
2024-09-28,Curve,Polygon,6.73,USDT,397265494,0.61,3.6
2024-09-28,Curve,Polygon,6.91,DAI,413755356,0.64,2.8
2024-09-28,Curve,Base,6.21,USDC,366163435,0.66,3.84
2024-09-28,Curve,Base,6.31,USDT,369800838,0.88,4.1
2024-09-28,Curve,Base,6.66,DAI,376968014,0.65,4.82
2024-09-28,Uniswap V3,Ethereum,6.55,USDC,105751052,12.46,0
2024-09-28,Uniswap V3,Ethereum,6.24,USDT,114718134,12.31,0
2024-09-28,Uniswap V3,Ethereum,7.5,DAI,122458416,13.45,0
2024-09-28,Uniswap V3,Arbitrum,9.75,USDC,108502565,1.27,5.14
2024-09-28,Uniswap V3,Arbitrum,6.89,DAI,118258270,1.76,5.6
2024-09-28,Uniswap V3,Optimism,8.05,USDC,100842723,1.16,2.51
2024-09-28,Uniswap V3,Optimism,8.33,USDT,109180816,1.21,4.5
2024-09-28,Uniswap V3,Optimism,7.59,DAI,105411250,1.01,5.07
2024-09-28,Uniswap V3,Polygon,7.12,USDC,117655425,0.44,3.12
2024-09-28,Uniswap V3,Polygon,9.03,USDT,102228851,0.64,1.91
2024-09-28,Uniswap V3,Polygon,7.21,DAI,105605051,0.61,3.46
2024-09-28,Uniswap V3,Base,7.77,USDC,97647225,1.1,4.62
2024-09-28,Uniswap V3,Base,7.39,USDT,107208726,0.67,5.55
2024-09-28,Yearn,Ethereum,4.0,USDC,133461728,8.68,0
2024-09-28,Yearn,Ethereum,3.74,USDT,132973681,14.75,0
2024-09-28,Yearn,Ethereum,3.28,DAI,140377148,13.45,0
2024-09-28,Yearn,Arbitrum,4.92,USDC,133762356,1.7,5.29
2024-09-28,Yearn,Arbitrum,4.32,USDT,136462951,1.76,4.61
2024-09-28,Yearn,Arbitrum,3.88,DAI,137142531,1.48,4.76
2024-09-28,Yearn,Optimism,4.19,USDC,137781399,1.51,4.22
2024-09-28,Yearn,Optimism,3.9,USDT,138014484,1.35,3.51
2024-09-28,Yearn,Optimism,4.17,DAI,152688147,0.95,2.97
2024-09-28,Yearn,Polygon,4.45,USDT,153513287,0.71,3.6
2024-09-28,Yearn,Polygon,4.7,DAI,132375432,0.63,2.48
2024-09-28,Yearn,Base,4.16,DAI,138127900,1.06,3.8
2024-09-28,Pendle,Ethereum,7.88,USDC,92437821,7.96,0
2024-09-28,Pendle,Ethereum,8.04,USDT,84463990,11.0,0
2024-09-28,Pendle,Arbitrum,7.95,USDC,93969907,1.52,6.3
2024-09-28,Pendle,Arbitrum,11.46,USDT,88758542,1.8,4.99
2024-09-28,Pendle,Arbitrum,10.07,DAI,92914132,1.86,6.37
2024-09-28,Pendle,Optimism,9.94,USDC,88362968,1.16,4.04
2024-09-28,Pendle,Optimism,10.65,USDT,85454397,1.24,4.74
2024-09-28,Pendle,Optimism,7.72,DAI,84321486,1.13,4.03
2024-09-28,Pendle,Base,11.83,USDC,79042544,1.14,4.0
2024-09-28,Pendle,Base,11.44,USDT,84788983,0.85,3.78
2024-09-28,Pendle,Base,9.67,DAI,93514563,0.81,2.9
2024-09-28,Convex,Ethereum,5.41,USDT,183118591,11.0,0
2024-09-28,Convex,Ethereum,5.29,DAI,184608557,13.9,0
2024-09-28,Balancer,Ethereum,7.32,USDC,129479506,11.17,0
2024-09-28,Balancer,Ethereum,6.69,USDT,129654265,12.56,0
2024-09-28,Balancer,Ethereum,6.78,DAI,128272974,18.46,0
2024-09-28,Balancer,Arbitrum,7.23,USDC,136680362,2.47,4.18
2024-09-28,Balancer,Arbitrum,6.65,USDT,128378832,1.74,3.7
2024-09-28,Balancer,Arbitrum,8.57,DAI,127278807,1.88,5.61
2024-09-28,Balancer,Optimism,6.89,USDC,132557543,1.49,3.92
2024-09-28,Balancer,Optimism,7.25,DAI,138125160,1.49,4.11
2024-09-28,Balancer,Polygon,7.74,USDT,131936738,0.66,3.08
2024-09-28,Balancer,Polygon,8.4,DAI,130616809,0.57,2.54
2024-09-28,Balancer,Base,6.29,USDC,130305285,1.0,2.98
2024-09-28,Balancer,Base,7.97,USDT,135887153,0.91,2.66
2024-09-28,Balancer,Base,7.73,DAI,122126266,1.26,4.51
