date,protocol,chain,apy,stablecoin,tvl,gasCost,bridgeFee
2024-07-01,Aave,Ethereum,3.7,USDT,264648830,19.92,0
2024-07-01,Aave,Ethereum,3.56,DAI,267830035,22.83,0
2024-07-01,Aave,Arbitrum,4.12,USDT,274072516,2.39,6.46
2024-07-01,Aave,Arbitrum,4.09,DAI,246117308,2.11,5.56
2024-07-01,Aave,Optimism,4.6,USDC,240209235,1.74,2.01
2024-07-01,Aave,Optimism,4.49,USDT,244512469,1.39,2.73
2024-07-01,Aave,Optimism,3.99,DAI,239923035,1.58,4.07
2024-07-01,Aave,Polygon,3.48,USDC,233868152,0.98,3.07
2024-07-01,Aave,Polygon,5.0,USDT,240248689,0.9,2.91
2024-07-01,Aave,Polygon,4.14,DAI,240294808,0.87,3.1
2024-07-01,Aave,Base,4.63,USDC,266916470,1.27,4.42
2024-07-01,Aave,Base,4.06,USDT,284369798,1.55,5.84
2024-07-01,Aave,Base,4.58,DAI,255144489,1.54,4.4
2024-07-01,Compound,Ethereum,3.17,USDC,166358395,16.52,0
2024-07-01,Compound,Ethereum,3.29,USDT,193105112,17.04,0
2024-07-01,Compound,Ethereum,3.07,DAI,184809160,18.09,0
2024-07-01,Compound,Arbitrum,3.87,USDC,183344498,2.82,5.1
2024-07-01,Compound,Arbitrum,3.74,USDT,184512043,2.9,5.68
2024-07-01,Compound,Arbitrum,4.08,DAI,174842360,2.8,5.05
2024-07-01,Compound,Optimism,4.44,USDC,175324762,1.25,4.57
2024-07-01,Compound,Optimism,4.16,USDT,181589560,1.81,3.82
2024-07-01,Compound,Optimism,3.49,DAI,184688972,2.02,4.58
2024-07-01,Compound,Polygon,4.61,USDC,183582867,0.99,2.68
2024-07-01,Compound,Polygon,4.39,USDT,191191305,0.66,3.03
2024-07-01,Compound,Polygon,3.96,DAI,188028186,0.9,2.38
2024-07-01,Compound,Base,3.84,USDC,171288476,1.19,3.29
2024-07-01,Compound,Base,4.36,USDT,191563117,1.71,4.26
2024-07-01,Compound,Base,4.26,DAI,184854995,1.54,3.6
2024-07-01,Curve,Ethereum,5.42,USDT,323272707,15.4,0
2024-07-01,Curve,Ethereum,5.76,DAI,326903774,17.75,0
2024-07-01,Curve,Arbitrum,8.3,USDC,320026965,2.29,3.3
2024-07-01,Curve,Arbitrum,6.67,USDT,288977152,3.1,3.63
2024-07-01,Curve,Arbitrum,6.49,DAI,280755337,2.02,5.78
2024-07-01,Curve,Optimism,7.79,USDC,322099604,1.75,3.28
2024-07-01,Curve,Optimism,7.32,USDT,338811748,1.38,3.8
2024-07-01,Curve,Optimism,6.03,DAI,315880459,2.06,2.62
2024-07-01,Curve,Polygon,6.68,USDC,326888548,1.01,3.44
2024-07-01,Curve,Polygon,6.39,USDT,334718460,0.67,3.02
2024-07-01,Curve,Polygon,7.38,DAI,320349327,1.14,3.01
2024-07-01,Curve,Base,5.77,USDC,284022221,1.07,4.25
2024-07-01,Curve,Base,5.89,DAI,295414423,1.73,4.17
2024-07-01,Uniswap V3,Ethereum,5.24,USDC,98999402,16.76,0
2024-07-01,Uniswap V3,Ethereum,7.57,USDT,100340386,14.54,0
2024-07-01,Uniswap V3,Ethereum,5.9,DAI,84633874,16.22,0
2024-07-01,Uniswap V3,Arbitrum,8.33,USDC,99921647,2.03,5.54
2024-07-01,Uniswap V3,Arbitrum,8.66,USDT,107422576,2.55,5.11
2024-07-01,Uniswap V3,Optimism,7.86,USDC,98686242,2.03,4.39
2024-07-01,Uniswap V3,Optimism,8.4,USDT,99837010,1.9,4.9
2024-07-01,Uniswap V3,Optimism,6.77,DAI,88889557,2.01,3.97
2024-07-01,Uniswap V3,Polygon,9.55,USDC,101742778,0.96,2.79
2024-07-01,Uniswap V3,Polygon,7.44,USDT,89234227,0.99,3.9
2024-07-01,Uniswap V3,Polygon,7.13,DAI,93336417,1.13,2.44
2024-07-01,Uniswap V3,Base,5.68,USDC,91934324,1.62,4.32
2024-07-01,Uniswap V3,Base,9.51,USDT,97701396,1.53,3.71
2024-07-01,Uniswap V3,Base,8.74,DAI,92345600,1.13,2.03
2024-07-01,Yearn,Ethereum,5.03,USDC,118620690,20.15,0
2024-07-01,Yearn,Ethereum,4.72,USDT,117307191,14.19,0
2024-07-01,Yearn,Ethereum,5.07,DAI,117847254,19.84,0
2024-07-01,Yearn,Arbitrum,6.03,USDC,121218600,2.48,5.19
2024-07-01,Yearn,Arbitrum,5.49,USDT,127272140,2.23,5.77
2024-07-01,Yearn,Arbitrum,4.47,DAI,123478163,3.08,4.33
2024-07-01,Yearn,Optimism,5.26,USDC,121768830,1.85,2.62
2024-07-01,Yearn,Optimism,4.35,USDT,120520903,1.96,2.64
2024-07-01,Yearn,Optimism,5.23,DAI,120783582,2.25,3.92
2024-07-01,Yearn,Polygon,7.07,USDC,117829820,1.07,2.6
2024-07-01,Yearn,Polygon,5.03,DAI,127783145,0.86,3.77
2024-07-01,Yearn,Base,5.55,USDC,121344670,1.5,4.94
2024-07-01,Yearn,Base,5.27,USDT,115173399,1.48,4.69
2024-07-01,Yearn,Base,5.1,DAI,117798271,1.16,4.56
2024-07-01,Pendle,Ethereum,11.94,USDC,77561504,19.43,0
2024-07-01,Pendle,Ethereum,7.71,USDT,77326668,19.88,0
2024-07-01,Pendle,Ethereum,9.86,DAI,69377010,21.36,0
2024-07-01,Pendle,Arbitrum,10.43,USDC,73855683,2.24,4.52
2024-07-01,Pendle,Arbitrum,10.93,USDT,76090679,3.16,6.08
2024-07-01,Pendle,Arbitrum,11.64,DAI,72468071,2.4,4.3
2024-07-01,Pendle,Optimism,10.53,USDC,75082915,1.52,3.83
2024-07-01,Pendle,Optimism,9.03,USDT,74592142,1.79,4.37
2024-07-01,Pendle,Optimism,9.35,DAI,78173507,2.02,4.32
2024-07-01,Pendle,Base,10.81,USDT,73824649,1.4,4.28
2024-07-01,Pendle,Base,8.86,DAI,74987956,1.31,4.53
2024-07-01,Convex,Ethereum,5.81,USDC,143792126,18.72,0
2024-07-01,Convex,Ethereum,5.43,USDT,145277377,18.65,0
2024-07-01,Convex,Ethereum,5.23,DAI,150865274,19.11,0
2024-07-01,Balancer,Ethereum,6.88,USDC,105409130,15.66,0
2024-07-01,Balancer,Ethereum,7.67,USDT,108668121,16.34,0
2024-07-01,Balancer,Ethereum,7.12,DAI,103075551,16.78,0
2024-07-01,Balancer,Arbitrum,6.78,USDT,102085856,3.01,2.46
2024-07-01,Balancer,Arbitrum,8.19,DAI,99498497,2.72,4.82
2024-07-01,Balancer,Optimism,7.72,USDC,113267748,1.66,3.18
2024-07-01,Balancer,Optimism,6.66,USDT,108540812,1.59,3.62
2024-07-01,Balancer,Optimism,8.01,DAI,108349499,1.58,2.02
2024-07-01,Balancer,Polygon,7.33,USDC,114947337,1.0,2.97
2024-07-01,Balancer,Polygon,6.48,USDT,116721900,0.62,4.12
2024-07-01,Balancer,Polygon,6.71,DAI,111934038,0.63,4.11
2024-07-01,Balancer,Base,7.79,USDC,108994563,1.42,3.38
2024-07-01,Balancer,Base,7.09,USDT,106948002,1.32,3.57
2024-07-01,Balancer,Base,6.68,DAI,97880201,1.25,3.2
2024-07-02,Aave,Ethereum,3.59,USDC,238982914,17.92,0
2024-07-02,Aave,Ethereum,3.61,USDT,263288876,23.01,0
2024-07-02,Aave,Ethereum,3.73,DAI,255549726,24.01,0
2024-07-02,Aave,Arbitrum,4.06,USDC,266550245,2.23,5.15
2024-07-02,Aave,Optimism,4.99,USDC,256824063,2.47,3.6
2024-07-02,Aave,Optimism,4.43,USDT,259228505,2.01,3.55
2024-07-02,Aave,Optimism,3.76,DAI,277572839,1.49,4.13
2024-07-02,Aave,Polygon,4.79,USDC,255756465,1.06,3.75
2024-07-02,Aave,Polygon,4.29,USDT,271750126,0.77,3.27
2024-07-02,Aave,Base,4.85,USDC,283410694,1.34,4.7
2024-07-02,Aave,Base,4.23,USDT,240893262,1.44,4.22
2024-07-02,Aave,Base,3.92,DAI,273059928,1.01,5.54
2024-07-02,Compound,Ethereum,3.52,USDT,184859847,16.37,0
2024-07-02,Compound,Ethereum,3.52,DAI,182896872,18.25,0
2024-07-02,Compound,Arbitrum,4.25,USDC,183145511,2.14,5.73
2024-07-02,Compound,Arbitrum,4.31,USDT,181348267,2.16,4.4
2024-07-02,Compound,Arbitrum,4.29,DAI,176854135,1.96,6.06
2024-07-02,Compound,Optimism,4.39,USDC,189912307,2.02,3.33
2024-07-02,Compound,Optimism,3.93,USDT,194039121,1.56,3.55
2024-07-02,Compound,Optimism,3.93,DAI,195128012,2.03,3.4
2024-07-02,Compound,Polygon,4.91,USDC,179609627,1.08,3.25
2024-07-02,Compound,Polygon,4.5,USDT,178781825,1.09,2.52
2024-07-02,Compound,Polygon,4.65,DAI,186447404,0.72,3.1
2024-07-02,Compound,Base,3.9,USDC,194297838,1.37,5.29
2024-07-02,Compound,Base,4.32,USDT,177682199,1.29,4.37
2024-07-02,Compound,Base,3.59,DAI,183201172,1.23,3.17
2024-07-02,Curve,Ethereum,5.4,USDC,339932735,21.52,0
2024-07-02,Curve,Ethereum,5.53,USDT,319436285,19.57,0
2024-07-02,Curve,Ethereum,5.97,DAI,318595801,23.02,0
2024-07-02,Curve,Arbitrum,7.86,USDC,335292154,3.01,4.95
2024-07-02,Curve,Arbitrum,8.18,USDT,287138468,2.59,4.14
2024-07-02,Curve,Arbitrum,9.17,DAI,341789699,2.4,6.12
2024-07-02,Curve,Optimism,6.08,USDT,326575855,1.85,5.11
2024-07-02,Curve,Optimism,6.22,DAI,309706426,1.16,2.92
2024-07-02,Curve,Polygon,7.56,USDC,353662307,0.94,3.05
2024-07-02,Curve,Polygon,7.75,USDT,335908314,1.02,2.61
2024-07-02,Curve,Polygon,7.88,DAI,318315244,1.2,2.83
2024-07-02,Curve,Base,7.73,USDC,322797153,1.27,5.4
2024-07-02,Curve,Base,6.97,USDT,303062422,1.22,3.39
2024-07-02,Curve,Base,7.17,DAI,299506742,1.49,5.71
2024-07-02,Uniswap V3,Ethereum,6.49,USDC,84626593,14.74,0
2024-07-02,Uniswap V3,Ethereum,7.2,USDT,104273438,19.54,0
2024-07-02,Uniswap V3,Ethereum,7.9,DAI,91434467,14.51,0
2024-07-02,Uniswap V3,Arbitrum,7.81,USDC,94514676,2.12,2.8
2024-07-02,Uniswap V3,Arbitrum,6.72,USDT,101147604,2.43,3.8
2024-07-02,Uniswap V3,Arbitrum,7.95,DAI,95584981,2.07,7.24
2024-07-02,Uniswap V3,Optimism,6.69,USDC,92113768,1.65,3.56
2024-07-02,Uniswap V3,Optimism,7.81,DAI,97748026,2.13,5.66
2024-07-02,Uniswap V3,Polygon,10.31,USDC,94281234,1.2,2.2
2024-07-02,Uniswap V3,Polygon,8.38,USDT,102811189,1.1,3.55
2024-07-02,Uniswap V3,Polygon,8.8,DAI,95375645,0.97,3.46
2024-07-02,Uniswap V3,Base,6.54,USDC,90953458,1.06,4.58
2024-07-02,Uniswap V3,Base,7.15,USDT,101976082,1.38,4.33
2024-07-02,Uniswap V3,Base,8.86,DAI,99430102,1.43,3.41
2024-07-02,Yearn,Ethereum,4.8,USDC,124303369,17.53,0
2024-07-02,Yearn,Ethereum,4.74,USDT,127677996,18.74,0
2024-07-02,Yearn,Ethereum,5.17,DAI,129346613,17.39,0
2024-07-02,Yearn,Arbitrum,5.16,USDC,120885387,1.96,5.66
2024-07-02,Yearn,Arbitrum,5.9,USDT,127736920,2.77,4.86
2024-07-02,Yearn,Arbitrum,5.92,DAI,120908784,2.59,6.08
2024-07-02,Yearn,Optimism,5.72,USDC,123649393,1.88,3.31
2024-07-02,Yearn,Optimism,4.49,USDT,129141675,1.85,3.5
2024-07-02,Yearn,Optimism,5.68,DAI,130619801,1.89,4.44
2024-07-02,Yearn,Polygon,5.85,USDC,118235042,0.7,4.09
2024-07-02,Yearn,Polygon,4.94,USDT,121529392,0.86,2.73
2024-07-02,Yearn,Base,5.88,USDC,123903066,1.3,4.61
2024-07-02,Yearn,Base,5.69,USDT,113176100,1.5,2.37
2024-07-02,Yearn,Base,5.66,DAI,130769798,1.67,4.16
2024-07-02,Pendle,Ethereum,10.28,USDC,78218881,21.2,0
2024-07-02,Pendle,Ethereum,8.21,USDT,82090393,14.87,0
2024-07-02,Pendle,Ethereum,9.87,DAI,83400516,18.17,0
2024-07-02,Pendle,Arbitrum,10.7,USDC,75321532,2.59,7.78
2024-07-02,Pendle,Arbitrum,9.69,DAI,79120405,3.06,6.37
2024-07-02,Pendle,Optimism,11.73,USDC,75154577,2.15,3.8
2024-07-02,Pendle,Optimism,10.63,USDT,81739803,1.13,4.32
2024-07-02,Pendle,Optimism,11.78,DAI,77402860,1.49,3.34
2024-07-02,Pendle,Base,10.77,USDC,74157904,1.0,2.61
2024-07-02,Pendle,Base,11.36,USDT,74699065,1.2,5.18
2024-07-02,Pendle,Base,7.89,DAI,73058147,1.8,3.1
2024-07-02,Convex,Ethereum,5.41,USDC,150291928,16.49,0
2024-07-02,Convex,Ethereum,5.26,USDT,160036908,17.62,0
2024-07-02,Convex,Ethereum,4.51,DAI,166020601,16.79,0
2024-07-02,Balancer,Ethereum,4.7,USDC,115012527,19.36,0
2024-07-02,Balancer,Ethereum,5.68,USDT,113976504,19.82,0
2024-07-02,Balancer,Ethereum,5.93,DAI,107607373,19.6,0
2024-07-02,Balancer,Arbitrum,7.44,USDC,119014430,2.4,4.25
2024-07-02,Balancer,Arbitrum,7.98,USDT,106540965,1.96,5.79
2024-07-02,Balancer,Arbitrum,7.38,DAI,117311384,2.5,4.67
2024-07-02,Balancer,Optimism,6.65,USDC,102270514,1.65,3.11
2024-07-02,Balancer,Optimism,7.7,USDT,114712300,1.17,4.65
2024-07-02,Balancer,Optimism,5.7,DAI,108848056,1.47,4.59
2024-07-02,Balancer,Polygon,6.4,USDC,121551692,1.06,3.47
2024-07-02,Balancer,Polygon,8.98,USDT,109378470,1.03,3.64
2024-07-02,Balancer,Polygon,8.73,DAI,115599467,1.28,2.92
2024-07-02,Balancer,Base,8.24,USDC,103192717,1.43,1.95
2024-07-02,Balancer,Base,5.83,USDT,124600962,1.57,4.81
2024-07-02,Balancer,Base,7.3,DAI,104409272,1.53,3.99
2024-07-03,Aave,Ethereum,4.15,USDC,260665380,13.68,0
2024-07-03,Aave,Ethereum,3.36,USDT,275519954,19.1,0
2024-07-03,Aave,Ethereum,4.23,DAI,257841723,20.31,0
2024-07-03,Aave,Arbitrum,5.41,USDC,267002858,2.37,5.25
2024-07-03,Aave,Arbitrum,4.84,USDT,262228548,2.64,6.76
2024-07-03,Aave,Arbitrum,4.18,DAI,255004337,2.27,3.78
2024-07-03,Aave,Optimism,4.53,USDC,258820169,1.47,4.51
2024-07-03,Aave,Optimism,4.25,USDT,252253291,1.75,6.07
2024-07-03,Aave,Optimism,4.22,DAI,267473882,1.12,5.63
2024-07-03,Aave,Polygon,5.42,USDT,262966460,1.05,3.49
2024-07-03,Aave,Polygon,4.89,DAI,252286351,0.99,4.24
2024-07-03,Aave,Base,3.17,USDC,235629082,1.23,2.87
2024-07-03,Aave,Base,4.69,USDT,272110647,1.48,4.23
2024-07-03,Aave,Base,4.86,DAI,246448895,1.41,3.95
2024-07-03,Compound,Ethereum,3.34,USDC,191268021,15.48,0
2024-07-03,Compound,Ethereum,3.46,USDT,176532586,14.17,0
2024-07-03,Compound,Ethereum,3.68,DAI,171215910,17.37,0
2024-07-03,Compound,Arbitrum,4.35,USDC,192471293,3.6,5.27
2024-07-03,Compound,Arbitrum,4.58,USDT,193063792,2.76,3.84
2024-07-03,Compound,Arbitrum,4.83,DAI,195912578,2.52,4.31
2024-07-03,Compound,Optimism,4.48,USDC,186209041,1.95,5.13
2024-07-03,Compound,Optimism,4.19,USDT,173504399,1.52,2.96
2024-07-03,Compound,Optimism,3.91,DAI,207182800,1.91,4.17
2024-07-03,Compound,Polygon,4.6,USDC,187731176,1.27,2.84
2024-07-03,Compound,Polygon,4.66,USDT,183961880,1.05,3.29
2024-07-03,Compound,Polygon,4.57,DAI,199130526,0.97,3.64
2024-07-03,Compound,Base,4.18,USDC,176781796,1.37,3.25
2024-07-03,Compound,Base,4.7,USDT,187718741,1.24,3.35
2024-07-03,Compound,Base,4.3,DAI,193130088,1.25,4.08
2024-07-03,Curve,Ethereum,5.06,USDC,339565512,19.93,0
2024-07-03,Curve,Ethereum,7.68,USDT,313875835,17.81,0
2024-07-03,Curve,Ethereum,5.49,DAI,316379532,19.05,0
2024-07-03,Curve,Arbitrum,7.36,USDC,317053713,2.19,5.96
2024-07-03,Curve,Arbitrum,7.65,USDT,347118399,2.23,4.87
2024-07-03,Curve,Arbitrum,7.05,DAI,338259840,2.29,5.79
2024-07-03,Curve,Optimism,7.0,USDC,339212108,1.49,3.85
2024-07-03,Curve,Optimism,5.4,USDT,344394667,1.95,3.56
2024-07-03,Curve,Polygon,6.91,USDC,297908361,0.79,1.85
2024-07-03,Curve,Polygon,8.53,USDT,340457666,0.89,3.48
2024-07-03,Curve,Base,6.33,USDC,338589905,1.73,2.97
2024-07-03,Curve,Base,8.57,USDT,361372659,1.42,2.65
2024-07-03,Curve,Base,8.36,DAI,296171083,1.56,4.24
2024-07-03,Uniswap V3,Ethereum,5.04,USDC,101896537,15.88,0
2024-07-03,Uniswap V3,Ethereum,6.43,USDT,100817897,17.88,0
2024-07-03,Uniswap V3,Ethereum,7.3,DAI,101571367,15.21,0
2024-07-03,Uniswap V3,Arbitrum,8.49,USDC,96364413,2.28,5.97
2024-07-03,Uniswap V3,Arbitrum,7.81,USDT,93989225,2.66,4.75
2024-07-03,Uniswap V3,Arbitrum,10.38,DAI,99864220,1.79,4.5
2024-07-03,Uniswap V3,Optimism,8.11,USDC,96479228,1.94,2.75
2024-07-03,Uniswap V3,Optimism,6.66,USDT,92138917,1.86,4.45
2024-07-03,Uniswap V3,Polygon,8.37,USDC,90122025,0.89,2.7
2024-07-03,Uniswap V3,Polygon,8.35,DAI,102710248,0.9,2.45
2024-07-03,Uniswap V3,Base,7.91,USDC,103839409,1.13,5.21
2024-07-03,Uniswap V3,Base,7.53,USDT,105404112,1.46,3.36
2024-07-03,Uniswap V3,Base,8.36,DAI,100417623,1.65,4.12
2024-07-03,Yearn,Ethereum,5.4,USDC,130861682,13.93,0
2024-07-03,Yearn,Ethereum,4.56,USDT,128819781,15.03,0
2024-07-03,Yearn,Ethereum,4.79,DAI,127418967,22.14,0
2024-07-03,Yearn,Arbitrum,5.28,USDC,121494714,2.53,4.95
2024-07-03,Yearn,Arbitrum,5.46,USDT,134713770,2.47,6.17
2024-07-03,Yearn,Arbitrum,3.94,DAI,119853673,2.62,5.83
2024-07-03,Yearn,Optimism,4.93,USDC,125366949,1.45,3.97
2024-07-03,Yearn,Optimism,6.02,DAI,115325919,1.91,2.04
2024-07-03,Yearn,Polygon,5.51,USDC,127200602,0.81,2.7
2024-07-03,Yearn,Polygon,6.18,USDT,129135595,1.06,2.9
2024-07-03,Yearn,Polygon,6.46,DAI,125128466,0.99,4.34
2024-07-03,Yearn,Base,6.87,USDC,116318657,1.48,4.63
2024-07-03,Yearn,Base,5.33,USDT,125290323,1.37,3.29
2024-07-03,Yearn,Base,5.45,DAI,122077478,1.49,3.14
2024-07-03,Pendle,Ethereum,9.46,USDC,73815091,19.87,0
2024-07-03,Pendle,Ethereum,9.17,USDT,80994266,15.22,0
2024-07-03,Pendle,Ethereum,8.6,DAI,72107513,16.8,0
2024-07-03,Pendle,Arbitrum,10.24,USDC,77161819,2.67,5.49
2024-07-03,Pendle,Arbitrum,10.78,USDT,81171153,1.85,3.77
2024-07-03,Pendle,Optimism,10.91,USDC,78611625,1.66,3.91
2024-07-03,Pendle,Optimism,10.52,USDT,77254274,1.86,3.13
2024-07-03,Pendle,Base,9.8,USDT,83688038,1.47,4.48
2024-07-03,Pendle,Base,10.19,DAI,76204610,1.19,4.11
2024-07-03,Convex,Ethereum,4.75,USDC,155364468,16.15,0
2024-07-03,Convex,Ethereum,4.76,USDT,152614146,21.45,0
2024-07-03,Convex,Ethereum,5.66,DAI,146363474,13.67,0
2024-07-03,Balancer,Ethereum,6.23,DAI,109639908,21.59,0
2024-07-03,Balancer,Arbitrum,7.74,USDC,107987820,2.56,5.37
2024-07-03,Balancer,Arbitrum,7.2,USDT,121872266,2.07,5.14
2024-07-03,Balancer,Arbitrum,7.34,DAI,115176809,2.14,5.72
2024-07-03,Balancer,Optimism,7.8,USDC,111908607,2.02,4.05
2024-07-03,Balancer,Optimism,7.51,USDT,119615460,1.71,3.53
2024-07-03,Balancer,Optimism,7.31,DAI,116766723,1.94,3.56
2024-07-03,Balancer,Polygon,8.76,USDC,113941148,0.82,3.16
2024-07-03,Balancer,Polygon,6.31,USDT,118710165,0.94,3.06
2024-07-03,Balancer,Polygon,8.37,DAI,110718384,0.98,3.18
2024-07-03,Balancer,Base,6.94,USDC,117584671,1.32,4.48
2024-07-03,Balancer,Base,8.0,USDT,117948811,1.83,3.13
2024-07-04,Aave,Ethereum,3.7,USDC,275826042,21.04,0
2024-07-04,Aave,Ethereum,3.81,DAI,254194111,17.49,0
2024-07-04,Aave,Arbitrum,4.89,USDC,264509560,1.97,6.11
2024-07-04,Aave,Arbitrum,4.35,USDT,280423479,2.17,4.79
2024-07-04,Aave,Arbitrum,4.11,DAI,260691874,2.79,6.4
2024-07-04,Aave,Optimism,4.19,USDT,281973394,1.77,3.32
2024-07-04,Aave,Optimism,4.6,DAI,270269676,1.23,3.97
2024-07-04,Aave,Polygon,4.71,USDC,270657498,1.07,2.09
2024-07-04,Aave,Polygon,4.42,USDT,248426767,1.26,2.74
2024-07-04,Aave,Polygon,4.97,DAI,263637577,1.0,2.65
2024-07-04,Aave,Base,4.68,USDC,292915515,1.22,4.0
2024-07-04,Aave,Base,5.02,USDT,255348330,1.48,4.64
2024-07-04,Aave,Base,4.4,DAI,268141744,1.39,5.49
2024-07-04,Compound,Ethereum,3.82,USDC,197840655,16.96,0
2024-07-04,Compound,Ethereum,3.45,USDT,183726619,17.66,0
2024-07-04,Compound,Ethereum,3.99,DAI,187013416,22.71,0
2024-07-04,Compound,Arbitrum,4.13,USDT,195327512,2.47,3.84
2024-07-04,Compound,Arbitrum,4.8,DAI,194799620,2.72,3.62
2024-07-04,Compound,Optimism,3.84,USDC,188915265,1.89,3.78
2024-07-04,Compound,Optimism,3.73,USDT,198277173,1.85,1.46
2024-07-04,Compound,Optimism,3.83,DAI,201527169,2.08,4.59
2024-07-04,Compound,Polygon,4.97,USDC,183032048,1.09,2.57
2024-07-04,Compound,Polygon,5.07,USDT,205329416,1.06,3.29
2024-07-04,Compound,Polygon,4.76,DAI,181979039,0.81,3.51
2024-07-04,Compound,Base,4.25,USDC,190848777,1.7,3.19
2024-07-04,Compound,Base,4.5,DAI,175087617,1.55,3.39
2024-07-04,Curve,Ethereum,5.65,USDC,339213081,18.87,0
2024-07-04,Curve,Ethereum,6.69,USDT,350608139,19.64,0
2024-07-04,Curve,Ethereum,6.12,DAI,355310840,20.55,0
2024-07-04,Curve,Arbitrum,8.82,USDC,315619225,2.23,5.62
2024-07-04,Curve,Arbitrum,7.79,USDT,357914593,2.64,4.53
2024-07-04,Curve,Arbitrum,7.49,DAI,357688456,3.04,5.38
2024-07-04,Curve,Optimism,7.63,USDT,356259365,1.43,4.66
2024-07-04,Curve,Optimism,6.53,DAI,340333193,1.99,3.68
2024-07-04,Curve,Polygon,9.02,USDC,321559163,1.27,3.18
2024-07-04,Curve,Polygon,8.61,USDT,347792371,1.0,2.31
2024-07-04,Curve,Polygon,8.2,DAI,322005384,0.91,3.93
2024-07-04,Curve,Base,8.91,USDT,338701671,1.22,3.96
2024-07-04,Curve,Base,8.3,DAI,332911631,1.15,5.53
2024-07-04,Uniswap V3,Ethereum,6.95,USDC,100967012,18.8,0
2024-07-04,Uniswap V3,Ethereum,7.13,USDT,100561132,19.09,0
2024-07-04,Uniswap V3,Ethereum,5.91,DAI,97812273,15.42,0
2024-07-04,Uniswap V3,Arbitrum,8.37,USDC,96181712,2.24,5.33
2024-07-04,Uniswap V3,Arbitrum,8.14,USDT,102837808,2.64,4.95
2024-07-04,Uniswap V3,Arbitrum,7.55,DAI,100841390,2.18,4.1
2024-07-04,Uniswap V3,Optimism,8.91,USDC,89430427,1.85,3.09
2024-07-04,Uniswap V3,Optimism,9.82,USDT,98249061,1.89,3.5
2024-07-04,Uniswap V3,Optimism,6.29,DAI,116245826,1.52,3.56
2024-07-04,Uniswap V3,Polygon,7.85,USDC,104558444,1.05,3.31
2024-07-04,Uniswap V3,Polygon,8.76,DAI,109977167,1.14,3.34
2024-07-04,Uniswap V3,Base,7.31,USDT,100825061,1.67,4.37
2024-07-04,Uniswap V3,Base,7.7,DAI,96411876,1.36,3.94
2024-07-04,Yearn,Ethereum,5.4,USDC,129883419,21.18,0
2024-07-04,Yearn,Ethereum,5.12,USDT,121103713,15.97,0
2024-07-04,Yearn,Ethereum,5.68,DAI,132306549,17.22,0
2024-07-04,Yearn,Arbitrum,5.87,USDC,136522081,2.4,3.77
2024-07-04,Yearn,Arbitrum,6.13,USDT,120421896,2.42,3.34
2024-07-04,Yearn,Arbitrum,6.5,DAI,134584195,2.37,4.84
2024-07-04,Yearn,Optimism,5.03,USDC,110711670,1.79,3.89
2024-07-04,Yearn,Optimism,5.8,USDT,138674262,1.8,4.72
2024-07-04,Yearn,Optimism,6.15,DAI,127333074,2.28,2.84
2024-07-04,Yearn,Polygon,5.4,USDC,137453613,0.92,3.08
2024-07-04,Yearn,Polygon,5.22,USDT,127267854,1.0,3.56
2024-07-04,Yearn,Polygon,5.9,DAI,125382191,0.79,2.55
2024-07-04,Yearn,Base,5.27,USDC,129593658,1.79,3.15
2024-07-04,Yearn,Base,5.91,USDT,123254808,1.43,4.68
2024-07-04,Yearn,Base,4.79,DAI,124200606,1.52,4.75
2024-07-04,Pendle,Ethereum,9.93,USDC,84449363,15.87,0
2024-07-04,Pendle,Ethereum,6.95,USDT,82594087,14.13,0
2024-07-04,Pendle,Ethereum,8.61,DAI,83313213,15.72,0
2024-07-04,Pendle,Arbitrum,11.76,USDC,80585015,2.8,5.02
2024-07-04,Pendle,Arbitrum,10.52,USDT,77102829,2.16,3.25
2024-07-04,Pendle,Arbitrum,12.08,DAI,71137037,2.63,5.03
2024-07-04,Pendle,Optimism,10.26,USDC,75762596,1.69,5.1
2024-07-04,Pendle,Optimism,9.36,USDT,86988506,2.3,5.15
2024-07-04,Pendle,Optimism,10.04,DAI,79033595,1.72,4.87
2024-07-04,Pendle,Base,10.66,USDC,82484721,1.66,3.76
2024-07-04,Pendle,Base,13.24,USDT,76870545,1.31,3.64
2024-07-04,Pendle,Base,9.92,DAI,76374048,1.21,4.35
2024-07-04,Convex,Ethereum,5.36,USDC,160541359,18.25,0
2024-07-04,Convex,Ethereum,5.48,USDT,160418645,17.8,0
2024-07-04,Balancer,Ethereum,6.34,USDC,111221285,18.56,0
2024-07-04,Balancer,Ethereum,6.51,USDT,125770415,17.54,0
2024-07-04,Balancer,Ethereum,5.94,DAI,120979782,24.91,0
2024-07-04,Balancer,Arbitrum,7.56,USDC,119715383,2.13,3.92
2024-07-04,Balancer,Arbitrum,7.07,USDT,105526219,2.17,5.23
2024-07-04,Balancer,Arbitrum,7.85,DAI,112624771,2.36,6.25
2024-07-04,Balancer,Optimism,7.17,USDC,114803665,1.82,4.35
2024-07-04,Balancer,Optimism,6.83,USDT,117951386,1.22,5.57
2024-07-04,Balancer,Optimism,7.63,DAI,105540551,1.23,3.87
2024-07-04,Balancer,Polygon,8.43,USDC,113038664,0.92,2.7
2024-07-04,Balancer,Polygon,7.92,USDT,118081247,1.02,3.8
2024-07-04,Balancer,Polygon,8.33,DAI,118408019,0.96,3.17
2024-07-04,Balancer,Base,7.73,USDT,116008311,1.73,3.2
2024-07-04,Balancer,Base,7.21,DAI,121901930,1.25,6.28
2024-07-05,Aave,Ethereum,4.04,USDC,280839874,17.46,0
2024-07-05,Aave,Ethereum,3.71,USDT,271945381,19.84,0
2024-07-05,Aave,Ethereum,3.35,DAI,303264390,17.97,0
2024-07-05,Aave,Arbitrum,4.04,USDC,287840168,2.73,5.13
2024-07-05,Aave,Arbitrum,5.12,DAI,274083203,2.05,5.87
2024-07-05,Aave,Optimism,4.16,USDC,278925338,1.76,3.23
2024-07-05,Aave,Optimism,4.81,USDT,249597941,2.09,3.89
2024-07-05,Aave,Polygon,4.74,USDC,275767987,0.93,3.26
2024-07-05,Aave,Polygon,5.26,USDT,280108450,0.88,2.68
2024-07-05,Aave,Base,4.27,USDC,264841904,1.15,4.08
2024-07-05,Aave,Base,4.65,USDT,267123368,1.41,4.57
2024-07-05,Aave,Base,4.97,DAI,256471906,1.27,4.26
2024-07-05,Compound,Ethereum,3.33,USDC,187543004,24.75,0
2024-07-05,Compound,Ethereum,3.76,USDT,205172428,16.82,0
2024-07-05,Compound,Ethereum,2.94,DAI,199774911,20.66,0
2024-07-05,Compound,Arbitrum,4.46,USDC,196314439,2.83,5.13
2024-07-05,Compound,Arbitrum,4.38,USDT,198442659,2.08,3.76
2024-07-05,Compound,Arbitrum,4.08,DAI,190933299,2.2,5.56
2024-07-05,Compound,Optimism,4.05,USDC,209402682,1.74,4.41
2024-07-05,Compound,Optimism,5.22,USDT,176923597,1.81,2.87
2024-07-05,Compound,Optimism,5.06,DAI,180740040,1.86,5.35
2024-07-05,Compound,Polygon,4.65,USDC,210965019,0.8,1.9
2024-07-05,Compound,Polygon,3.61,USDT,209543461,1.08,3.01
2024-07-05,Compound,Polygon,3.82,DAI,198509620,1.0,2.58
2024-07-05,Compound,Base,4.49,USDC,195020359,1.55,4.26
2024-07-05,Compound,Base,4.59,USDT,203970185,1.48,4.21
2024-07-05,Compound,Base,4.15,DAI,193199682,1.6,4.12
2024-07-05,Curve,Ethereum,5.23,USDC,331156680,19.96,0
2024-07-05,Curve,Ethereum,6.34,USDT,344470333,12.97,0
2024-07-05,Curve,Ethereum,6.67,DAI,336784074,20.36,0
2024-07-05,Curve,Arbitrum,7.26,USDC,372464524,2.93,4.65
2024-07-05,Curve,Arbitrum,6.09,USDT,315504807,2.67,3.83
2024-07-05,Curve,Arbitrum,6.78,DAI,313763049,1.96,2.12
2024-07-05,Curve,Optimism,7.3,USDC,348537110,2.1,5.2
2024-07-05,Curve,Optimism,6.85,USDT,321034184,1.53,4.5
2024-07-05,Curve,Optimism,7.71,DAI,336215135,1.72,3.65
2024-07-05,Curve,Polygon,8.45,USDC,322822889,0.94,2.55
2024-07-05,Curve,Polygon,7.61,USDT,325997668,1.18,3.76
2024-07-05,Curve,Polygon,6.99,DAI,356943077,0.96,2.95
2024-07-05,Curve,Base,8.12,USDC,332959300,1.53,3.52
2024-07-05,Curve,Base,7.02,USDT,367916752,1.56,4.1
2024-07-05,Curve,Base,7.93,DAI,358572845,1.35,4.02
2024-07-05,Uniswap V3,Ethereum,6.42,USDC,99965905,15.02,0
2024-07-05,Uniswap V3,Ethereum,8.8,USDT,107948006,15.28,0
2024-07-05,Uniswap V3,Ethereum,5.95,DAI,99917635,16.27,0
2024-07-05,Uniswap V3,Arbitrum,8.27,USDC,97869659,2.72,4.96
2024-07-05,Uniswap V3,Arbitrum,7.39,USDT,94659325,1.84,6.07
2024-07-05,Uniswap V3,Arbitrum,7.91,DAI,99004706,1.62,5.83
2024-07-05,Uniswap V3,Optimism,6.87,USDC,107942736,1.92,4.02
2024-07-05,Uniswap V3,Optimism,7.81,USDT,105203837,1.85,4.63
2024-07-05,Uniswap V3,Optimism,8.37,DAI,107538721,2.06,5.08
2024-07-05,Uniswap V3,Polygon,5.99,USDC,101725762,0.81,2.38
2024-07-05,Uniswap V3,Polygon,10.24,USDT,96358333,0.89,3.37
2024-07-05,Uniswap V3,Polygon,9.31,DAI,101947017,0.84,2.63
2024-07-05,Uniswap V3,Base,7.39,USDC,106839671,1.78,3.26
2024-07-05,Uniswap V3,Base,8.32,USDT,104450482,1.21,3.67
2024-07-05,Uniswap V3,Base,7.85,DAI,95927506,1.72,4.88
2024-07-05,Yearn,Ethereum,5.31,USDC,139169989,11.64,0
2024-07-05,Yearn,Ethereum,5.02,USDT,137317451,20.56,0
2024-07-05,Yearn,Ethereum,3.96,DAI,129404874,16.04,0
2024-07-05,Yearn,Arbitrum,6.1,USDC,120815614,2.19,5.13
2024-07-05,Yearn,Arbitrum,5.92,USDT,135367331,2.27,4.38
2024-07-05,Yearn,Arbitrum,5.8,DAI,135828390,2.15,4.27
2024-07-05,Yearn,Optimism,6.16,USDC,124824292,1.45,3.58
2024-07-05,Yearn,Optimism,5.75,USDT,130996280,1.86,3.23
2024-07-05,Yearn,Optimism,4.87,DAI,122763407,1.82,3.23
2024-07-05,Yearn,Polygon,6.97,USDC,129232182,0.75,3.94
2024-07-05,Yearn,Polygon,6.09,USDT,130702382,0.97,2.31
2024-07-05,Yearn,Polygon,5.39,DAI,121407165,0.92,3.44
2024-07-05,Yearn,Base,5.55,USDC,122992604,1.37,3.98
2024-07-05,Yearn,Base,5.16,USDT,129864729,1.32,5.45
2024-07-05,Yearn,Base,5.96,DAI,130222168,1.51,4.43
2024-07-05,Pendle,Ethereum,9.53,DAI,86146853,19.52,0
2024-07-05,Pendle,Arbitrum,9.2,USDC,79458460,2.22,5.66
2024-07-05,Pendle,Arbitrum,10.77,USDT,78575261,2.91,5.22
2024-07-05,Pendle,Arbitrum,10.16,DAI,81205502,2.38,5.04
2024-07-05,Pendle,Optimism,10.07,USDC,78909237,1.39,4.26
2024-07-05,Pendle,Optimism,12.7,USDT,80534022,1.88,4.27
2024-07-05,Pendle,Optimism,11.96,DAI,80131836,2.1,3.57
2024-07-05,Pendle,Base,10.49,USDC,80133417,1.81,2.07
2024-07-05,Pendle,Base,10.75,USDT,78752734,1.55,4.1
2024-07-05,Convex,Ethereum,4.85,USDC,162665848,21.12,0
2024-07-05,Convex,Ethereum,5.0,USDT,167238918,13.78,0
2024-07-05,Convex,Ethereum,5.19,DAI,153390155,13.02,0
2024-07-05,Balancer,Ethereum,5.94,USDC,124594407,18.49,0
2024-07-05,Balancer,Ethereum,7.24,USDT,117755963,18.41,0
2024-07-05,Balancer,Ethereum,6.08,DAI,123670499,20.67,0
2024-07-05,Balancer,Arbitrum,9.13,USDC,125702125,2.88,5.87
2024-07-05,Balancer,Arbitrum,6.57,USDT,124148217,2.63,4.02
2024-07-05,Balancer,Arbitrum,8.32,DAI,118642905,2.69,5.48
2024-07-05,Balancer,Optimism,8.8,USDC,114497892,2.32,4.05
2024-07-05,Balancer,Optimism,6.86,USDT,122164294,2.12,3.26
2024-07-05,Balancer,Polygon,6.72,USDC,120294838,0.96,3.07
2024-07-05,Balancer,Polygon,6.84,USDT,120278912,0.99,3.18
2024-07-05,Balancer,Base,8.04,USDT,114932213,1.64,3.37
2024-07-05,Balancer,Base,7.69,DAI,112639760,1.55,2.13
2024-07-06,Aave,Ethereum,3.38,USDC,282964939,11.61,0
2024-07-06,Aave,Ethereum,3.83,USDT,273247785,14.57,0
2024-07-06,Aave,Arbitrum,4.14,USDC,260214072,1.44,5.03
2024-07-06,Aave,Arbitrum,4.96,DAI,269218091,1.3,5.69
2024-07-06,Aave,Optimism,4.03,USDC,269247671,1.43,5.22
2024-07-06,Aave,Optimism,4.51,DAI,314600806,1.18,4.89
2024-07-06,Aave,Polygon,4.43,USDC,264405403,0.58,2.8
2024-07-06,Aave,Polygon,4.94,USDT,267979081,0.72,1.68
2024-07-06,Aave,Polygon,4.95,DAI,280315149,0.66,2.48
2024-07-06,Aave,Base,4.56,USDT,280232371,0.93,3.61
2024-07-06,Compound,Ethereum,3.73,USDC,186034283,13.09,0
2024-07-06,Compound,Ethereum,3.27,USDT,192197819,12.48,0
2024-07-06,Compound,Ethereum,3.68,DAI,220942291,11.84,0
2024-07-06,Compound,Arbitrum,4.33,USDC,196326010,1.51,4.85
2024-07-06,Compound,Arbitrum,4.26,USDT,189026455,1.49,6.44
2024-07-06,Compound,Arbitrum,4.21,DAI,191866274,1.39,3.56
2024-07-06,Compound,Optimism,3.64,USDT,184825891,1.3,4.35
2024-07-06,Compound,Optimism,4.42,DAI,194324841,1.11,3.91
2024-07-06,Compound,Polygon,4.85,USDC,189674936,0.81,3.52
2024-07-06,Compound,Polygon,4.02,USDT,203841057,0.62,2.96
2024-07-06,Compound,Base,4.17,USDT,201217209,1.03,5.13
2024-07-06,Compound,Base,4.3,DAI,185126319,1.0,2.33
2024-07-06,Curve,Ethereum,5.53,USDC,355610512,9.73,0
2024-07-06,Curve,Ethereum,5.89,USDT,332467250,9.17,0
2024-07-06,Curve,Ethereum,6.53,DAI,357196587,13.06,0
2024-07-06,Curve,Arbitrum,6.48,USDC,333117137,1.65,5.61
2024-07-06,Curve,Arbitrum,6.35,USDT,364130337,1.58,6.09
2024-07-06,Curve,Arbitrum,7.72,DAI,333133039,1.68,6.05
2024-07-06,Curve,Optimism,5.66,USDC,335598725,0.9,4.03
2024-07-06,Curve,Optimism,6.53,USDT,372714196,1.46,4.74
2024-07-06,Curve,Polygon,7.85,USDC,372124948,0.67,3.85
2024-07-06,Curve,Polygon,7.31,USDT,358112494,0.71,2.31
2024-07-06,Curve,Polygon,7.37,DAI,371873386,0.57,2.54
2024-07-06,Curve,Base,6.41,USDC,355390140,0.74,4.33
2024-07-06,Curve,Base,7.47,USDT,363696189,0.9,3.97
2024-07-06,Uniswap V3,Ethereum,5.58,USDC,104446538,12.85,0
2024-07-06,Uniswap V3,Ethereum,4.63,USDT,111570071,13.35,0
2024-07-06,Uniswap V3,Ethereum,6.34,DAI,101711209,13.31,0
2024-07-06,Uniswap V3,Arbitrum,9.35,USDC,111590226,1.72,5.06
2024-07-06,Uniswap V3,Arbitrum,6.94,USDT,101227007,1.71,5.17
2024-07-06,Uniswap V3,Arbitrum,7.18,DAI,105588758,1.59,4.21
2024-07-06,Uniswap V3,Optimism,7.69,USDC,105970090,1.4,4.18
2024-07-06,Uniswap V3,Optimism,6.29,USDT,97937726,0.93,4.3
2024-07-06,Uniswap V3,Optimism,5.91,DAI,112242353,1.53,4.53
2024-07-06,Uniswap V3,Polygon,6.64,USDC,109568879,0.66,2.96
2024-07-06,Uniswap V3,Polygon,8.93,DAI,102355370,0.8,3.34
2024-07-06,Uniswap V3,Base,7.75,USDC,106234332,1.02,3.34
2024-07-06,Uniswap V3,Base,7.92,USDT,105593241,1.13,2.52
2024-07-06,Uniswap V3,Base,8.11,DAI,110886988,0.96,2.42
2024-07-06,Yearn,Ethereum,4.36,USDC,125457181,7.3,0
2024-07-06,Yearn,Ethereum,4.53,USDT,125340509,11.17,0
2024-07-06,Yearn,Arbitrum,5.3,USDC,130065546,1.69,5.06
2024-07-06,Yearn,Arbitrum,6.48,DAI,135777737,2.0,5.6
2024-07-06,Yearn,Optimism,6.02,USDC,122253916,1.0,4.3
2024-07-06,Yearn,Optimism,4.14,USDT,129334717,1.14,3.8
2024-07-06,Yearn,Optimism,5.7,DAI,132525392,1.38,4.36
2024-07-06,Yearn,Polygon,6.13,USDC,134614682,0.64,3.65
2024-07-06,Yearn,Polygon,4.76,DAI,134797481,0.61,3.68
2024-07-06,Yearn,Base,5.5,USDC,138616796,0.69,3.57
2024-07-06,Yearn,Base,4.9,USDT,129638035,1.06,3.65
2024-07-06,Yearn,Base,5.23,DAI,141270007,0.68,3.1
2024-07-06,Pendle,Ethereum,7.73,USDC,88193273,11.89,0
2024-07-06,Pendle,Ethereum,9.41,USDT,82343920,14.04,0
2024-07-06,Pendle,Ethereum,8.99,DAI,79628018,12.58,0
2024-07-06,Pendle,Arbitrum,11.22,USDC,86396257,1.94,5.11
2024-07-06,Pendle,Arbitrum,9.7,USDT,80014735,1.93,6.05
2024-07-06,Pendle,Arbitrum,9.52,DAI,84006708,1.58,5.84
2024-07-06,Pendle,Optimism,10.0,USDC,85977631,1.29,3.47
2024-07-06,Pendle,Optimism,10.69,USDT,80803487,1.21,2.95
2024-07-06,Pendle,Optimism,10.69,DAI,80680913,0.97,4.14
2024-07-06,Pendle,Base,13.49,USDC,80624015,1.16,4.83
2024-07-06,Pendle,Base,11.85,USDT,79434794,0.96,5.28
2024-07-06,Pendle,Base,10.4,DAI,84443547,0.92,4.51
2024-07-06,Convex,Ethereum,4.93,USDC,167922337,10.91,0
2024-07-06,Convex,Ethereum,5.63,USDT,165657997,9.52,0
2024-07-06,Convex,Ethereum,5.03,DAI,157760679,12.05,0
2024-07-06,Balancer,Ethereum,6.72,USDC,120897584,12.14,0
2024-07-06,Balancer,Ethereum,6.83,USDT,122026126,12.97,0
2024-07-06,Balancer,Ethereum,5.6,DAI,114835325,13.22,0
2024-07-06,Balancer,Arbitrum,9.02,USDC,125308346,2.09,4.64
2024-07-06,Balancer,Arbitrum,7.39,DAI,118061206,1.57,5.34
2024-07-06,Balancer,Optimism,8.54,USDC,113999021,1.23,3.57
2024-07-06,Balancer,Optimism,7.22,USDT,112499237,0.88,4.01
2024-07-06,Balancer,Optimism,7.3,DAI,113186006,1.25,5.32
2024-07-06,Balancer,Polygon,7.27,USDC,122088483,0.57,2.3
2024-07-06,Balancer,Polygon,8.74,USDT,108080213,0.61,2.33
2024-07-06,Balancer,Polygon,6.89,DAI,125867943,0.78,2.6
2024-07-06,Balancer,Base,6.31,USDC,120775799,1.03,5.12
2024-07-06,Balancer,Base,8.3,USDT,121685709,0.96,3.71
2024-07-06,Balancer,Base,7.86,DAI,115731834,0.77,3.46
2024-07-07,Aave,Ethereum,4.57,USDC,269724829,10.96,0
2024-07-07,Aave,Ethereum,3.95,USDT,292617549,10.55,0
2024-07-07,Aave,Ethereum,3.53,DAI,289075013,14.06,0
2024-07-07,Aave,Arbitrum,5.1,USDC,275790372,1.6,5.33
2024-07-07,Aave,Arbitrum,4.52,DAI,262510472,1.47,4.35
2024-07-07,Aave,Optimism,4.12,USDT,274643057,1.0,2.07
2024-07-07,Aave,Optimism,3.96,DAI,263055454,1.27,3.75
2024-07-07,Aave,Polygon,4.66,USDC,281787610,0.65,2.75
2024-07-07,Aave,Polygon,4.52,DAI,273674183,0.66,2.52
2024-07-07,Aave,Base,4.7,USDC,246247195,0.97,2.84
2024-07-07,Aave,Base,4.72,USDT,294689356,0.79,3.47
2024-07-07,Compound,Ethereum,3.27,USDC,216306843,11.77,0
2024-07-07,Compound,Ethereum,3.88,USDT,184112206,14.25,0
2024-07-07,Compound,Ethereum,3.69,DAI,209554626,12.71,0
2024-07-07,Compound,Arbitrum,4.7,USDT,196410278,1.72,5.1
2024-07-07,Compound,Arbitrum,4.47,DAI,197569072,1.58,4.89
2024-07-07,Compound,Optimism,4.47,USDC,197753919,1.5,5.6
2024-07-07,Compound,Optimism,4.02,USDT,214111425,1.19,3.87
2024-07-07,Compound,Optimism,4.53,DAI,192945957,1.24,5.37
2024-07-07,Compound,Polygon,4.92,USDC,217288882,0.88,2.41
2024-07-07,Compound,Polygon,5.54,USDT,200313582,0.59,3.3
2024-07-07,Compound,Polygon,4.24,DAI,204135288,0.58,3.48
2024-07-07,Compound,Base,4.59,USDT,209167669,0.95,3.66
2024-07-07,Compound,Base,3.74,DAI,213214641,0.98,3.86
2024-07-07,Curve,Ethereum,5.88,USDC,395077559,13.79,0
2024-07-07,Curve,Ethereum,5.63,USDT,350394531,14.39,0
2024-07-07,Curve,Ethereum,5.27,DAI,369895280,13.17,0
2024-07-07,Curve,Arbitrum,7.91,USDC,373771370,2.03,5.27
2024-07-07,Curve,Arbitrum,7.79,USDT,381038656,1.8,6.47
2024-07-07,Curve,Arbitrum,7.27,DAI,341108848,1.34,5.17
2024-07-07,Curve,Optimism,6.32,USDT,355539379,1.11,3.28
2024-07-07,Curve,Optimism,6.79,DAI,354997055,1.23,3.11
2024-07-07,Curve,Polygon,5.54,USDC,355201264,0.58,4.35
2024-07-07,Curve,Polygon,7.09,USDT,336774473,0.76,2.53
2024-07-07,Curve,Polygon,8.43,DAI,328137255,0.68,3.24
2024-07-07,Curve,Base,7.4,USDC,337264610,0.9,2.99
2024-07-07,Curve,Base,7.5,USDT,338036798,0.74,4.83
2024-07-07,Curve,Base,6.69,DAI,354674768,1.07,4.11
2024-07-07,Uniswap V3,Ethereum,6.59,USDC,102175265,11.68,0
2024-07-07,Uniswap V3,Ethereum,5.19,USDT,105262343,9.83,0
2024-07-07,Uniswap V3,Ethereum,5.23,DAI,99828331,13.27,0
2024-07-07,Uniswap V3,Arbitrum,8.55,USDC,105659724,1.29,7.18
2024-07-07,Uniswap V3,Arbitrum,7.19,USDT,107364346,1.71,5.46
2024-07-07,Uniswap V3,Arbitrum,6.59,DAI,113994414,1.29,4.69
2024-07-07,Uniswap V3,Optimism,7.01,USDC,99115432,1.32,3.71
2024-07-07,Uniswap V3,Optimism,6.21,USDT,109423860,1.49,4.56
2024-07-07,Uniswap V3,Optimism,6.79,DAI,101140522,0.93,4.68
2024-07-07,Uniswap V3,Polygon,9.11,USDC,106979533,0.67,3.07
2024-07-07,Uniswap V3,Polygon,9.1,USDT,109839435,0.6,2.8
2024-07-07,Uniswap V3,Polygon,5.78,DAI,100797771,0.54,2.65
2024-07-07,Uniswap V3,Base,7.95,USDT,106067250,1.09,5.02
2024-07-07,Uniswap V3,Base,7.8,DAI,105776107,1.03,3.38
2024-07-07,Yearn,Ethereum,4.88,USDC,129310721,12.63,0
2024-07-07,Yearn,Ethereum,3.86,DAI,127831777,11.84,0
2024-07-07,Yearn,Arbitrum,6.08,USDC,132971530,1.48,5.04
2024-07-07,Yearn,Arbitrum,5.76,USDT,129304871,1.61,5.0
2024-07-07,Yearn,Arbitrum,6.46,DAI,145473653,1.68,6.41
2024-07-07,Yearn,Optimism,6.0,USDC,131069083,1.13,3.47
2024-07-07,Yearn,Optimism,4.67,USDT,127445297,1.27,4.27
2024-07-07,Yearn,Optimism,5.3,DAI,130738376,0.99,4.6
2024-07-07,Yearn,Polygon,5.8,USDC,129251842,0.74,1.79
2024-07-07,Yearn,Polygon,6.48,USDT,134775441,0.61,3.91
2024-07-07,Yearn,Polygon,4.84,DAI,127713821,0.71,1.44
2024-07-07,Yearn,Base,5.27,USDC,138460206,1.14,3.73
2024-07-07,Yearn,Base,6.41,USDT,127053414,1.17,4.01
2024-07-07,Yearn,Base,5.77,DAI,130367155,1.26,4.57
2024-07-07,Pendle,Ethereum,6.97,USDC,75905944,10.99,0
2024-07-07,Pendle,Ethereum,8.55,USDT,82415450,11.88,0
2024-07-07,Pendle,Ethereum,9.38,DAI,84476755,13.9,0
2024-07-07,Pendle,Arbitrum,13.21,USDC,83386617,1.5,6.26
2024-07-07,Pendle,Arbitrum,9.64,USDT,82084334,1.99,4.73
2024-07-07,Pendle,Arbitrum,8.4,DAI,83048955,1.42,5.31
2024-07-07,Pendle,Optimism,10.0,USDC,84726931,0.93,3.44
2024-07-07,Pendle,Optimism,9.01,USDT,79741171,1.25,4.26
2024-07-07,Pendle,Optimism,11.61,DAI,81604555,0.65,3.61
2024-07-07,Pendle,Base,13.52,USDC,84385553,0.74,4.22
2024-07-07,Pendle,Base,10.92,DAI,86545548,0.76,2.19
2024-07-07,Convex,Ethereum,4.45,USDC,174659628,14.19,0
2024-07-07,Convex,Ethereum,4.85,USDT,158620269,14.54,0
2024-07-07,Convex,Ethereum,4.94,DAI,163566382,14.52,0
2024-07-07,Balancer,Ethereum,6.82,USDC,121435793,10.49,0
2024-07-07,Balancer,Ethereum,5.85,USDT,126431544,10.01,0
2024-07-07,Balancer,Ethereum,5.99,DAI,122157156,6.44,0
2024-07-07,Balancer,Arbitrum,6.31,USDC,125964168,1.75,5.37
2024-07-07,Balancer,Arbitrum,8.64,USDT,120992376,1.48,4.26
2024-07-07,Balancer,Arbitrum,9.09,DAI,125673929,1.54,4.83
2024-07-07,Balancer,Optimism,8.4,DAI,111950477,1.03,3.9
2024-07-07,Balancer,Polygon,7.25,USDC,128309101,0.81,2.77
2024-07-07,Balancer,Polygon,7.48,USDT,127650139,0.59,3.29
2024-07-07,Balancer,Polygon,8.15,DAI,116337869,0.76,3.23
2024-07-07,Balancer,Base,7.41,USDC,117245121,1.0,4.24
2024-07-07,Balancer,Base,7.66,USDT,121961267,0.96,3.02
2024-07-07,Balancer,Base,7.89,DAI,118239739,0.91,3.71
2024-07-08,Aave,Ethereum,3.54,USDC,294421149,21.42,0
2024-07-08,Aave,Ethereum,3.64,USDT,268581267,21.14,0
2024-07-08,Aave,Ethereum,4.21,DAI,276480420,18.93,0
2024-07-08,Aave,Arbitrum,3.9,USDC,257284657,2.44,4.34
2024-07-08,Aave,Arbitrum,5.19,USDT,287075235,2.09,5.14
2024-07-08,Aave,Arbitrum,4.81,DAI,302585707,2.22,6.19
2024-07-08,Aave,Optimism,3.96,USDC,272102776,2.08,4.05
2024-07-08,Aave,Optimism,4.96,USDT,277431882,1.85,4.47
2024-07-08,Aave,Polygon,4.88,USDC,291230590,0.82,3.02
2024-07-08,Aave,Polygon,5.57,USDT,270334274,0.96,2.88
2024-07-08,Aave,Base,4.33,USDC,267891935,1.45,3.85
2024-07-08,Aave,Base,5.21,USDT,271350399,1.32,4.18
2024-07-08,Aave,Base,4.35,DAI,269020781,1.74,4.66
2024-07-08,Compound,Ethereum,2.97,USDC,206670561,10.33,0
2024-07-08,Compound,Ethereum,3.73,USDT,199990922,20.31,0
2024-07-08,Compound,Ethereum,3.96,DAI,215223148,12.24,0
2024-07-08,Compound,Arbitrum,5.0,USDT,191218014,2.39,5.64
2024-07-08,Compound,Optimism,3.19,USDT,200107876,1.76,4.48
2024-07-08,Compound,Optimism,4.55,DAI,191442601,1.43,2.78
2024-07-08,Compound,Polygon,3.92,USDC,189137859,0.74,3.34
2024-07-08,Compound,Polygon,4.74,USDT,195951278,0.91,2.67
2024-07-08,Compound,Polygon,3.75,DAI,200429468,1.03,3.06
2024-07-08,Compound,Base,4.39,USDC,201329193,1.6,3.43
2024-07-08,Compound,Base,4.15,USDT,198700022,1.54,3.8
2024-07-08,Curve,Ethereum,6.64,USDC,360292875,13.85,0
2024-07-08,Curve,Ethereum,5.9,USDT,360934697,22.79,0
2024-07-08,Curve,Ethereum,5.72,DAI,354042244,20.21,0
2024-07-08,Curve,Arbitrum,6.89,USDC,375686582,2.2,5.01
2024-07-08,Curve,Arbitrum,6.36,USDT,396575559,2.41,4.32
2024-07-08,Curve,Arbitrum,7.34,DAI,400802678,2.53,4.83
2024-07-08,Curve,Optimism,6.31,USDC,364069766,1.72,5.2
2024-07-08,Curve,Optimism,8.54,USDT,336257960,2.44,4.76
2024-07-08,Curve,Polygon,8.17,USDC,364895852,1.11,3.37
2024-07-08,Curve,Polygon,8.04,USDT,379488856,0.91,3.37
2024-07-08,Curve,Polygon,6.99,DAI,341240260,0.99,3.4
2024-07-08,Curve,Base,7.2,USDC,359854961,1.43,3.97
2024-07-08,Curve,Base,6.83,USDT,345477090,1.76,4.37
2024-07-08,Curve,Base,7.79,DAI,365224483,1.39,3.83
2024-07-08,Uniswap V3,Ethereum,7.95,USDC,100434658,19.29,0
2024-07-08,Uniswap V3,Ethereum,7.23,USDT,104915592,16.25,0
2024-07-08,Uniswap V3,Ethereum,5.56,DAI,94880910,18.22,0
2024-07-08,Uniswap V3,Arbitrum,7.68,USDC,102672906,1.9,3.67
2024-07-08,Uniswap V3,Arbitrum,7.36,USDT,100397998,2.28,5.38
2024-07-08,Uniswap V3,Arbitrum,8.96,DAI,110217662,2.31,4.39
2024-07-08,Uniswap V3,Optimism,6.95,USDC,110397467,1.86,3.56
2024-07-08,Uniswap V3,Optimism,7.14,USDT,97123194,1.76,3.72
2024-07-08,Uniswap V3,Optimism,8.66,DAI,103737260,1.96,4.33
2024-07-08,Uniswap V3,Polygon,7.58,USDC,96707690,1.02,2.3
2024-07-08,Uniswap V3,Polygon,8.45,USDT,100702387,1.01,3.26
2024-07-08,Uniswap V3,Polygon,8.5,DAI,108542560,1.17,2.43
2024-07-08,Uniswap V3,Base,8.31,USDC,110233057,1.68,2.46
2024-07-08,Uniswap V3,Base,7.8,USDT,110372424,1.28,5.14
2024-07-08,Uniswap V3,Base,7.05,DAI,99172417,1.65,5.13
2024-07-08,Yearn,Ethereum,4.61,USDC,138159340,17.34,0
2024-07-08,Yearn,Ethereum,4.62,USDT,133833349,21.48,0
2024-07-08,Yearn,Ethereum,4.88,DAI,132133334,17.61,0
2024-07-08,Yearn,Arbitrum,6.09,USDC,129499550,3.19,4.79
2024-07-08,Yearn,Arbitrum,5.48,USDT,135286798,1.85,6.24
2024-07-08,Yearn,Arbitrum,5.87,DAI,138304937,2.14,4.87
2024-07-08,Yearn,Optimism,4.87,USDC,132804946,1.92,4.52
2024-07-08,Yearn,Optimism,4.5,USDT,130560974,1.71,4.73
2024-07-08,Yearn,Polygon,6.17,USDC,133672063,0.85,2.61
2024-07-08,Yearn,Polygon,6.24,USDT,137907584,0.97,3.04
2024-07-08,Yearn,Base,6.02,USDC,120865298,1.53,3.66
2024-07-08,Yearn,Base,5.85,USDT,133682714,1.19,4.06
2024-07-08,Pendle,Ethereum,9.86,USDC,83244194,15.49,0
2024-07-08,Pendle,Ethereum,9.76,USDT,79875365,15.86,0
2024-07-08,Pendle,Ethereum,7.11,DAI,88021614,17.73,0
2024-07-08,Pendle,Arbitrum,11.57,USDC,87329488,2.21,5.22
2024-07-08,Pendle,Arbitrum,9.89,DAI,77087337,2.35,4.83
2024-07-08,Pendle,Optimism,9.73,USDC,76995651,2.16,3.18
2024-07-08,Pendle,Optimism,10.48,USDT,80396374,1.57,4.91
2024-07-08,Pendle,Optimism,10.58,DAI,81974421,2.12,3.52
2024-07-08,Pendle,Base,10.99,USDC,92102976,1.16,4.12
2024-07-08,Pendle,Base,13.87,USDT,84325080,1.51,4.68
2024-07-08,Pendle,Base,11.44,DAI,81036605,1.61,3.4
2024-07-08,Convex,Ethereum,5.56,USDC,164133951,20.57,0
2024-07-08,Convex,Ethereum,5.3,USDT,166918145,21.14,0
2024-07-08,Convex,Ethereum,5.99,DAI,170370392,15.91,0
2024-07-08,Balancer,Ethereum,6.97,USDC,118483844,23.09,0
2024-07-08,Balancer,Ethereum,7.34,USDT,123277581,18.19,0
2024-07-08,Balancer,Ethereum,7.03,DAI,127297657,17.89,0
2024-07-08,Balancer,Arbitrum,7.52,USDC,118335171,2.14,4.32
2024-07-08,Balancer,Arbitrum,8.21,USDT,119514315,2.16,6.29
2024-07-08,Balancer,Arbitrum,8.51,DAI,118735613,2.78,5.86
2024-07-08,Balancer,Optimism,7.04,USDC,109566147,1.97,3.76
2024-07-08,Balancer,Optimism,6.84,USDT,118744707,1.71,2.91
2024-07-08,Balancer,Optimism,6.71,DAI,128888212,1.95,3.42
2024-07-08,Balancer,Polygon,9.86,USDC,127946521,0.93,2.98
2024-07-08,Balancer,Polygon,8.07,DAI,124611286,1.03,3.14
2024-07-08,Balancer,Base,8.91,USDC,116007520,1.28,3.57
2024-07-08,Balancer,Base,7.52,USDT,127238800,1.23,4.02
2024-07-08,Balancer,Base,7.67,DAI,122924024,1.56,4.95
2024-07-09,Aave,Ethereum,4.21,USDC,298304218,15.31,0
2024-07-09,Aave,Ethereum,3.9,USDT,285600781,23.77,0
2024-07-09,Aave,Ethereum,4.36,DAI,259869876,22.96,0
2024-07-09,Aave,Arbitrum,5.32,USDC,292888238,2.38,5.03
2024-07-09,Aave,Arbitrum,5.31,USDT,293829474,1.9,4.14
2024-07-09,Aave,Arbitrum,3.91,DAI,291587426,2.59,5.61
2024-07-09,Aave,Optimism,4.18,USDC,283451317,1.52,3.76
2024-07-09,Aave,Optimism,4.27,USDT,286605812,1.95,2.85
2024-07-09,Aave,Optimism,4.4,DAI,259369038,2.07,3.38
2024-07-09,Aave,Polygon,5.04,USDC,279696803,1.36,3.63
2024-07-09,Aave,Polygon,6.01,USDT,294464815,1.17,2.4
2024-07-09,Aave,Polygon,5.64,DAI,298879343,1.15,2.18
2024-07-09,Aave,Base,4.22,USDC,276211416,1.47,2.62
2024-07-09,Aave,Base,4.82,USDT,296350798,1.32,2.59
2024-07-09,Aave,Base,5.31,DAI,276175410,1.17,5.25
2024-07-09,Compound,Ethereum,3.51,USDC,206094948,19.57,0
2024-07-09,Compound,Ethereum,4.23,DAI,190970232,13.66,0
2024-07-09,Compound,Arbitrum,3.98,USDT,202547166,1.94,4.65
2024-07-09,Compound,Arbitrum,4.45,DAI,213015327,1.7,4.17
2024-07-09,Compound,Optimism,4.69,USDC,198360570,2.01,3.96
2024-07-09,Compound,Optimism,4.97,USDT,185751571,1.91,4.02
2024-07-09,Compound,Optimism,4.57,DAI,202082720,1.75,4.01
2024-07-09,Compound,Polygon,4.87,USDC,214879019,1.1,3.35
2024-07-09,Compound,Polygon,4.96,USDT,201493349,1.05,1.78
2024-07-09,Compound,Polygon,5.25,DAI,190292971,1.06,2.88
2024-07-09,Compound,Base,3.86,USDC,199476343,1.27,2.98
2024-07-09,Compound,Base,4.41,USDT,193197385,1.57,3.18
2024-07-09,Compound,Base,4.33,DAI,191613435,1.77,2.57
2024-07-09,Curve,Ethereum,6.64,USDC,382666614,18.65,0
2024-07-09,Curve,Ethereum,5.2,USDT,326302881,15.09,0
2024-07-09,Curve,Ethereum,6.71,DAI,377009620,18.53,0
2024-07-09,Curve,Arbitrum,7.61,USDC,358802051,2.4,4.22
2024-07-09,Curve,Arbitrum,6.95,USDT,384596453,2.39,4.17
2024-07-09,Curve,Arbitrum,7.96,DAI,359760761,2.19,4.09
2024-07-09,Curve,Optimism,7.89,USDC,360424496,2.12,2.53
2024-07-09,Curve,Optimism,5.96,DAI,369340030,1.77,4.45
2024-07-09,Curve,Polygon,6.82,USDC,363114197,1.06,2.92
2024-07-09,Curve,Polygon,6.61,USDT,354450387,0.95,2.48
2024-07-09,Curve,Polygon,7.31,DAI,354056990,1.09,4.06
2024-07-09,Curve,Base,7.41,USDC,363224539,1.06,2.94
2024-07-09,Curve,Base,7.63,USDT,369951797,1.53,3.96
2024-07-09,Curve,Base,7.63,DAI,367609835,1.69,4.4
2024-07-09,Uniswap V3,Ethereum,6.76,USDC,95926756,17.38,0
2024-07-09,Uniswap V3,Ethereum,6.39,USDT,106539848,18.74,0
2024-07-09,Uniswap V3,Arbitrum,6.87,USDC,110025901,1.24,3.93
2024-07-09,Uniswap V3,Arbitrum,9.44,USDT,112303124,2.16,4.86
2024-07-09,Uniswap V3,Arbitrum,7.56,DAI,106535914,2.48,5.29
2024-07-09,Uniswap V3,Optimism,9.12,USDC,105146761,1.63,4.77
2024-07-09,Uniswap V3,Optimism,7.62,USDT,107177018,1.94,4.67
2024-07-09,Uniswap V3,Optimism,7.53,DAI,98257399,1.38,3.82
2024-07-09,Uniswap V3,Polygon,8.95,USDC,96709576,1.18,3.7
2024-07-09,Uniswap V3,Polygon,8.91,DAI,104645460,0.63,2.66
2024-07-09,Uniswap V3,Base,6.56,USDC,105174565,1.83,3.24
2024-07-09,Uniswap V3,Base,7.58,USDT,100437160,1.02,3.87
2024-07-09,Yearn,Ethereum,4.54,USDC,127751349,12.59,0
2024-07-09,Yearn,Ethereum,4.52,USDT,132067256,21.92,0
2024-07-09,Yearn,Ethereum,4.28,DAI,141356733,23.39,0
2024-07-09,Yearn,Arbitrum,5.68,USDC,129023723,2.19,5.32
2024-07-09,Yearn,Arbitrum,5.36,USDT,130308223,3.06,5.14
2024-07-09,Yearn,Arbitrum,5.94,DAI,138878736,1.83,4.14
2024-07-09,Yearn,Optimism,7.45,USDC,127190991,1.39,4.27
2024-07-09,Yearn,Optimism,6.08,USDT,138864535,1.96,4.3
2024-07-09,Yearn,Optimism,5.03,DAI,135137155,1.96,3.99
2024-07-09,Yearn,Polygon,6.37,USDC,129467034,0.7,2.67
2024-07-09,Yearn,Polygon,5.36,USDT,127800353,1.0,2.66
2024-07-09,Yearn,Polygon,6.95,DAI,138666071,0.87,2.0
2024-07-09,Yearn,Base,6.2,USDC,130569641,0.98,4.65
2024-07-09,Yearn,Base,5.28,USDT,131655348,1.42,3.44
2024-07-09,Pendle,Ethereum,8.6,USDC,89632032,15.68,0
2024-07-09,Pendle,Ethereum,9.27,DAI,83113896,19.08,0
2024-07-09,Pendle,Arbitrum,11.49,USDC,79570648,2.06,7.84
2024-07-09,Pendle,Arbitrum,10.42,USDT,82246402,2.57,5.29
2024-07-09,Pendle,Arbitrum,9.86,DAI,81870389,2.32,6.76
2024-07-09,Pendle,Optimism,9.36,USDC,83288674,2.15,3.26
2024-07-09,Pendle,Optimism,10.95,USDT,83261714,1.83,4.17
2024-07-09,Pendle,Optimism,11.54,DAI,76807986,1.89,4.31
2024-07-09,Pendle,Base,9.91,USDC,76658341,1.64,3.76
2024-07-09,Pendle,Base,10.46,DAI,78975330,1.24,3.09
2024-07-09,Convex,Ethereum,5.86,USDC,175752456,24.3,0
2024-07-09,Convex,Ethereum,6.24,USDT,167979916,15.3,0
2024-07-09,Balancer,Ethereum,5.53,USDC,126850952,15.26,0
2024-07-09,Balancer,Ethereum,7.53,USDT,132871402,14.91,0
2024-07-09,Balancer,Ethereum,6.11,DAI,126262680,16.47,0
2024-07-09,Balancer,Arbitrum,8.55,USDC,125215533,2.89,6.73
2024-07-09,Balancer,Arbitrum,8.35,USDT,123395854,1.84,4.36
2024-07-09,Balancer,Arbitrum,7.58,DAI,114070726,2.04,5.95
2024-07-09,Balancer,Optimism,6.6,USDC,125462383,2.06,4.02
2024-07-09,Balancer,Optimism,6.5,DAI,122380424,1.72,4.12
2024-07-09,Balancer,Polygon,8.66,USDC,113026912,1.21,2.29
2024-07-09,Balancer,Polygon,6.92,USDT,121061642,0.94,2.49
2024-07-09,Balancer,Polygon,7.67,DAI,117290219,0.94,2.29
2024-07-09,Balancer,Base,7.22,USDC,136402002,1.74,3.88
2024-07-09,Balancer,Base,8.31,USDT,129494325,1.32,3.76
2024-07-09,Balancer,Base,7.56,DAI,128256247,1.48,5.07
2024-07-10,Aave,Ethereum,4.2,USDT,312822511,19.11,0
2024-07-10,Aave,Ethereum,2.62,DAI,269816033,21.15,0
2024-07-10,Aave,Arbitrum,5.34,USDC,279992435,3.04,3.74
2024-07-10,Aave,Arbitrum,4.48,USDT,275810335,1.97,6.83
2024-07-10,Aave,Arbitrum,4.81,DAI,289723805,2.64,4.41
2024-07-10,Aave,Optimism,4.13,USDC,291360066,2.11,4.26
2024-07-10,Aave,Optimism,4.89,USDT,257262942,1.77,4.25
2024-07-10,Aave,Optimism,4.44,DAI,281881225,1.89,5.19
2024-07-10,Aave,Polygon,4.61,USDC,276145868,0.93,3.31
2024-07-10,Aave,Polygon,4.52,USDT,269222409,0.88,2.86
2024-07-10,Aave,Polygon,5.04,DAI,270707192,0.8,2.51
2024-07-10,Aave,Base,5.09,USDC,303713433,1.64,4.77
2024-07-10,Aave,Base,4.31,USDT,260070833,1.49,4.02
2024-07-10,Aave,Base,4.3,DAI,262797310,1.44,4.03
2024-07-10,Compound,Ethereum,3.38,USDC,189930100,20.96,0
2024-07-10,Compound,Ethereum,3.37,USDT,208451510,21.17,0
2024-07-10,Compound,Ethereum,4.25,DAI,187423881,17.65,0
2024-07-10,Compound,Arbitrum,4.21,USDC,204748341,2.56,3.05
2024-07-10,Compound,Arbitrum,5.01,USDT,188523962,2.69,4.28
2024-07-10,Compound,Arbitrum,4.94,DAI,190792816,2.79,4.01
2024-07-10,Compound,Optimism,4.31,USDC,202122215,1.65,4.15
2024-07-10,Compound,Optimism,4.32,USDT,200813378,1.3,3.93
2024-07-10,Compound,Optimism,4.18,DAI,204884936,1.93,4.58
2024-07-10,Compound,Polygon,4.42,USDC,201898956,1.13,3.23
2024-07-10,Compound,Polygon,4.39,USDT,189630650,1.06,2.82
2024-07-10,Compound,Polygon,4.6,DAI,196227895,1.1,3.4
2024-07-10,Compound,Base,4.75,USDC,191744635,1.42,5.01
2024-07-10,Compound,Base,5.08,USDT,205756122,1.68,4.19
2024-07-10,Compound,Base,4.06,DAI,193119617,1.77,4.56
2024-07-10,Curve,Ethereum,6.67,USDC,378678372,15.2,0
2024-07-10,Curve,Ethereum,6.08,USDT,365059237,18.67,0
2024-07-10,Curve,Ethereum,5.58,DAI,365455592,20.34,0
2024-07-10,Curve,Arbitrum,7.43,USDT,360536022,2.3,4.84
2024-07-10,Curve,Arbitrum,5.86,DAI,347934366,2.34,5.78
2024-07-10,Curve,Optimism,7.15,USDT,354157843,1.25,3.51
2024-07-10,Curve,Optimism,6.47,DAI,336299392,2.28,4.1
2024-07-10,Curve,Polygon,6.91,USDC,328673330,0.98,3.66
2024-07-10,Curve,Polygon,6.91,USDT,358459774,1.09,3.2
2024-07-10,Curve,Polygon,8.84,DAI,361424624,1.16,2.05
2024-07-10,Curve,Base,8.5,USDC,349663562,1.4,4.77
2024-07-10,Curve,Base,5.91,USDT,376117460,1.42,5.13
2024-07-10,Curve,Base,7.48,DAI,366205427,1.76,3.69
2024-07-10,Uniswap V3,Ethereum,7.2,USDC,115287205,17.74,0
2024-07-10,Uniswap V3,Ethereum,6.2,USDT,114322990,17.05,0
2024-07-10,Uniswap V3,Ethereum,7.02,DAI,102607920,20.58,0
2024-07-10,Uniswap V3,Arbitrum,8.11,USDC,102034017,3.11,3.7
2024-07-10,Uniswap V3,Arbitrum,7.02,USDT,105967133,2.26,3.05
2024-07-10,Uniswap V3,Arbitrum,8.66,DAI,119106700,2.4,5.33
2024-07-10,Uniswap V3,Optimism,8.33,USDC,101075108,1.83,5.53
2024-07-10,Uniswap V3,Optimism,9.54,USDT,110973479,2.22,3.98
2024-07-10,Uniswap V3,Optimism,8.42,DAI,108206592,1.46,5.21
2024-07-10,Uniswap V3,Polygon,9.15,USDC,106282259,1.12,1.72
2024-07-10,Uniswap V3,Polygon,6.78,USDT,107404929,1.1,3.54
2024-07-10,Uniswap V3,Polygon,9.17,DAI,109580886,0.98,3.59
2024-07-10,Uniswap V3,Base,8.19,USDT,104609222,1.44,3.76
2024-07-10,Uniswap V3,Base,7.68,DAI,101705162,0.9,3.86
2024-07-10,Yearn,Ethereum,5.67,USDC,133762460,19.27,0
2024-07-10,Yearn,Ethereum,5.17,USDT,138730063,20.8,0
2024-07-10,Yearn,Ethereum,4.91,DAI,127356324,19.64,0
2024-07-10,Yearn,Arbitrum,6.32,USDC,136938780,2.15,2.71
2024-07-10,Yearn,Arbitrum,6.3,DAI,138777385,2.03,5.34
2024-07-10,Yearn,Optimism,5.91,USDC,138182420,1.23,4.45
2024-07-10,Yearn,Optimism,5.0,USDT,144316333,1.73,3.69
2024-07-10,Yearn,Optimism,5.38,DAI,129827594,1.68,4.11
2024-07-10,Yearn,Polygon,5.69,USDC,138403293,0.71,2.92
2024-07-10,Yearn,Polygon,6.97,USDT,140328673,1.0,3.66
2024-07-10,Yearn,Polygon,6.11,DAI,140633761,1.09,3.04
2024-07-10,Yearn,Base,4.9,USDC,131890086,1.44,5.32
2024-07-10,Yearn,Base,6.67,USDT,143724423,1.33,4.62
2024-07-10,Yearn,Base,6.07,DAI,128795145,1.56,4.77
2024-07-10,Pendle,Ethereum,9.22,USDC,82235040,21.1,0
2024-07-10,Pendle,Ethereum,7.98,USDT,83208651,20.85,0
2024-07-10,Pendle,Ethereum,9.82,DAI,80539984,22.62,0
2024-07-10,Pendle,Arbitrum,8.48,USDC,83242311,2.98,4.08
2024-07-10,Pendle,Arbitrum,12.6,USDT,82822484,2.25,6.13
2024-07-10,Pendle,Arbitrum,11.71,DAI,87694951,2.29,6.54
2024-07-10,Pendle,Optimism,10.7,USDC,83739648,1.78,4.28
2024-07-10,Pendle,Optimism,8.03,USDT,85662488,1.76,4.62
2024-07-10,Pendle,Optimism,10.53,DAI,88901627,1.89,3.16
2024-07-10,Pendle,Base,11.08,USDC,86671542,1.68,4.5
2024-07-10,Pendle,Base,10.22,USDT,82611039,1.46,3.07
2024-07-10,Pendle,Base,9.41,DAI,81721578,1.32,4.95
2024-07-10,Convex,Ethereum,5.37,USDC,171079287,21.34,0
2024-07-10,Convex,Ethereum,5.61,USDT,173302437,19.1,0
2024-07-10,Convex,Ethereum,5.77,DAI,158727146,20.92,0
2024-07-10,Balancer,Ethereum,7.06,USDC,122698691,15.62,0
2024-07-10,Balancer,Ethereum,6.44,USDT,121434221,17.17,0
2024-07-10,Balancer,Ethereum,7.57,DAI,121930942,24.22,0
2024-07-10,Balancer,Arbitrum,8.31,USDC,115034984,2.02,4.62
2024-07-10,Balancer,Arbitrum,8.67,USDT,128247766,2.45,4.99
2024-07-10,Balancer,Arbitrum,7.38,DAI,126891252,2.28,5.32
2024-07-10,Balancer,Optimism,8.6,USDC,129774610,2.23,4.33
2024-07-10,Balancer,Optimism,7.17,USDT,126365378,2.34,3.88
2024-07-10,Balancer,Optimism,8.27,DAI,114956702,2.05,3.98
2024-07-10,Balancer,Polygon,8.79,USDT,125689889,1.11,3.14
2024-07-10,Balancer,Polygon,7.18,DAI,117012996,0.98,3.99
2024-07-10,Balancer,Base,7.92,USDC,123572414,1.36,3.72
2024-07-10,Balancer,Base,7.22,USDT,125484961,1.58,3.67
2024-07-10,Balancer,Base,7.53,DAI,138612879,1.72,4.3
2024-07-11,Aave,Ethereum,3.78,USDC,269649984,20.45,0
2024-07-11,Aave,Ethereum,3.95,DAI,265543856,17.32,0
2024-07-11,Aave,Arbitrum,4.64,USDC,280448626,2.36,5.35
2024-07-11,Aave,Arbitrum,4.46,USDT,277630239,2.98,3.63
2024-07-11,Aave,Arbitrum,5.19,DAI,266274700,2.36,4.0
2024-07-11,Aave,Optimism,4.19,DAI,295396568,1.26,3.35
2024-07-11,Aave,Polygon,5.69,USDC,266732965,0.97,4.18
2024-07-11,Aave,Polygon,5.16,USDT,262876867,0.94,3.81
2024-07-11,Aave,Polygon,4.64,DAI,294112720,0.89,2.8
2024-07-11,Aave,Base,4.92,USDT,285706990,1.24,3.38
2024-07-11,Aave,Base,4.52,DAI,273650117,1.47,3.45
2024-07-11,Compound,Ethereum,3.58,USDC,195509700,17.68,0
2024-07-11,Compound,Ethereum,3.62,USDT,186787433,22.67,0
2024-07-11,Compound,Ethereum,3.31,DAI,189523850,19.64,0
2024-07-11,Compound,Arbitrum,4.8,USDC,195994244,2.1,3.8
2024-07-11,Compound,Arbitrum,5.33,USDT,204470140,2.39,6.25
2024-07-11,Compound,Arbitrum,4.68,DAI,196567415,1.97,6.9
2024-07-11,Compound,Optimism,4.23,USDC,185791190,1.61,3.48
2024-07-11,Compound,Optimism,4.79,USDT,195600229,1.79,3.92
2024-07-11,Compound,Optimism,4.61,DAI,194368534,2.04,3.24
2024-07-11,Compound,Polygon,5.09,USDC,200876629,1.05,4.18
2024-07-11,Compound,Polygon,5.3,USDT,196490876,0.73,4.07
2024-07-11,Compound,Polygon,4.85,DAI,194006853,0.68,2.74
2024-07-11,Compound,Base,4.58,USDT,209066757,1.36,5.24
2024-07-11,Compound,Base,4.28,DAI,212685189,1.36,4.53
2024-07-11,Curve,Ethereum,5.48,USDC,327873213,15.73,0
2024-07-11,Curve,Ethereum,7.05,DAI,369755731,18.53,0
2024-07-11,Curve,Arbitrum,7.67,USDC,325594405,2.49,2.9
2024-07-11,Curve,Arbitrum,6.52,USDT,328030290,2.36,6.34
2024-07-11,Curve,Arbitrum,9.58,DAI,364942864,2.66,6.26
2024-07-11,Curve,Optimism,6.44,USDT,369704188,1.34,4.45
2024-07-11,Curve,Optimism,6.39,DAI,350571088,1.94,2.63
2024-07-11,Curve,Polygon,8.03,USDC,359649848,0.99,3.76
2024-07-11,Curve,Polygon,8.78,USDT,361335337,0.87,2.16
2024-07-11,Curve,Polygon,6.99,DAI,334883523,0.9,2.93
2024-07-11,Curve,Base,6.53,USDC,344402770,1.44,3.93
2024-07-11,Curve,Base,6.46,USDT,348725228,1.44,5.02
2024-07-11,Curve,Base,8.99,DAI,371329578,1.27,4.06
2024-07-11,Uniswap V3,Ethereum,6.34,USDC,107324001,10.18,0
2024-07-11,Uniswap V3,Ethereum,7.96,USDT,106016733,21.27,0
2024-07-11,Uniswap V3,Ethereum,6.4,DAI,104508864,19.49,0
2024-07-11,Uniswap V3,Arbitrum,6.65,USDC,110835598,3.03,6.4
2024-07-11,Uniswap V3,Arbitrum,8.6,USDT,106833254,2.54,4.94
2024-07-11,Uniswap V3,Optimism,8.65,USDC,99797434,1.87,4.01
2024-07-11,Uniswap V3,Optimism,6.46,USDT,100776036,1.54,4.89
2024-07-11,Uniswap V3,Optimism,7.26,DAI,104132698,1.98,2.97
2024-07-11,Uniswap V3,Polygon,7.93,USDC,101863206,0.92,3.85
2024-07-11,Uniswap V3,Polygon,8.37,USDT,107158685,1.08,3.25
2024-07-11,Uniswap V3,Polygon,7.59,DAI,107945701,0.92,3.15
2024-07-11,Uniswap V3,Base,7.59,USDC,105645176,1.82,3.92
2024-07-11,Uniswap V3,Base,8.37,USDT,105459262,1.5,3.48
2024-07-11,Uniswap V3,Base,9.26,DAI,108254083,1.48,4.43
2024-07-11,Yearn,Ethereum,4.7,USDC,131832753,20.63,0
2024-07-11,Yearn,Ethereum,4.8,USDT,140394445,16.22,0
2024-07-11,Yearn,Ethereum,3.95,DAI,129768087,20.52,0
2024-07-11,Yearn,Arbitrum,6.14,USDC,140010423,3.1,5.14
2024-07-11,Yearn,Arbitrum,5.06,USDT,131129598,2.78,6.7
2024-07-11,Yearn,Arbitrum,5.25,DAI,132471175,1.8,6.16
2024-07-11,Yearn,Optimism,5.83,USDC,129147056,1.74,4.29
2024-07-11,Yearn,Optimism,6.42,USDT,126099071,1.83,4.64
2024-07-11,Yearn,Optimism,5.55,DAI,126269202,1.85,4.62
2024-07-11,Yearn,Polygon,6.39,USDC,129961625,1.05,2.65
2024-07-11,Yearn,Polygon,6.78,USDT,148712978,1.49,3.53
2024-07-11,Yearn,Polygon,6.77,DAI,132360437,0.88,2.55
2024-07-11,Yearn,Base,5.56,USDC,131933743,1.46,3.47
2024-07-11,Yearn,Base,6.16,USDT,132722654,1.5,3.98
2024-07-11,Yearn,Base,5.61,DAI,131995597,1.37,4.19
2024-07-11,Pendle,Ethereum,10.49,USDT,83632874,19.0,0
2024-07-11,Pendle,Ethereum,9.86,DAI,87536690,17.52,0
2024-07-11,Pendle,Arbitrum,10.1,USDC,89020397,2.13,4.83
2024-07-11,Pendle,Arbitrum,9.88,USDT,83473207,2.34,4.12
2024-07-11,Pendle,Arbitrum,10.67,DAI,82002414,2.83,4.89
2024-07-11,Pendle,Optimism,9.66,USDC,82651962,1.57,3.21
2024-07-11,Pendle,Optimism,9.04,USDT,79084387,2.37,4.78
2024-07-11,Pendle,Optimism,10.88,DAI,84086458,0.97,2.97
2024-07-11,Pendle,Base,10.19,USDC,86958970,1.46,4.12
2024-07-11,Pendle,Base,8.5,USDT,88101079,1.55,5.45
2024-07-11,Pendle,Base,11.74,DAI,88064300,1.06,4.1
2024-07-11,Convex,Ethereum,4.4,USDC,183370940,18.84,0
2024-07-11,Convex,Ethereum,5.63,USDT,155944644,20.57,0
2024-07-11,Convex,Ethereum,6.15,DAI,182850926,16.58,0
2024-07-11,Balancer,Ethereum,7.31,USDC,121391467,20.11,0
2024-07-11,Balancer,Ethereum,6.33,USDT,132310561,18.93,0
2024-07-11,Balancer,Ethereum,5.89,DAI,120288290,20.0,0
2024-07-11,Balancer,Arbitrum,7.45,USDC,119846666,1.98,4.8
2024-07-11,Balancer,Arbitrum,9.32,USDT,127784029,2.19,3.6
2024-07-11,Balancer,Arbitrum,8.05,DAI,127553657,2.85,5.97
2024-07-11,Balancer,Optimism,7.05,USDC,112843453,2.03,4.12
2024-07-11,Balancer,Optimism,8.26,DAI,124127930,1.92,3.67
2024-07-11,Balancer,Polygon,9.24,USDC,132293256,1.04,2.66
2024-07-11,Balancer,Polygon,7.34,USDT,119345047,0.96,3.04
2024-07-11,Balancer,Polygon,8.52,DAI,120598861,0.98,2.15
2024-07-11,Balancer,Base,8.43,USDC,131348483,0.98,4.39
2024-07-11,Balancer,Base,6.8,USDT,121979790,1.74,3.44
2024-07-11,Balancer,Base,8.16,DAI,121906378,1.62,3.44
2024-07-12,Aave,Ethereum,3.46,USDC,253070537,17.4,0
2024-07-12,Aave,Ethereum,4.18,USDT,265720056,18.37,0
2024-07-12,Aave,Ethereum,3.22,DAI,268444521,20.59,0
2024-07-12,Aave,Arbitrum,3.96,USDC,253351702,2.43,4.13
2024-07-12,Aave,Arbitrum,4.1,USDT,284361069,2.57,6.88
2024-07-12,Aave,Arbitrum,4.71,DAI,270184272,2.2,4.72
2024-07-12,Aave,Optimism,3.43,USDC,286565821,1.09,4.42
2024-07-12,Aave,Optimism,4.58,USDT,280813467,2.38,4.83
2024-07-12,Aave,Optimism,4.66,DAI,289231961,1.88,4.58
2024-07-12,Aave,Polygon,4.88,USDC,272421548,1.02,3.17
2024-07-12,Aave,Polygon,5.69,USDT,274402475,0.92,3.0
2024-07-12,Aave,Polygon,5.16,DAI,262663419,1.11,3.32
2024-07-12,Aave,Base,4.81,USDC,278343277,1.47,2.63
2024-07-12,Aave,Base,5.14,USDT,289619314,1.44,3.71
2024-07-12,Aave,Base,4.41,DAI,251943815,1.5,3.52
2024-07-12,Compound,Ethereum,3.8,USDC,197247247,26.48,0
2024-07-12,Compound,Ethereum,3.45,USDT,205871789,15.63,0
2024-07-12,Compound,Ethereum,3.81,DAI,192356310,14.58,0
2024-07-12,Compound,Arbitrum,4.79,USDC,170355437,2.81,6.62
2024-07-12,Compound,Arbitrum,4.81,USDT,181600671,2.45,5.26
2024-07-12,Compound,Arbitrum,4.81,DAI,183445855,2.85,6.75
2024-07-12,Compound,Optimism,4.11,USDC,193993989,2.13,4.53
2024-07-12,Compound,Optimism,4.18,USDT,196650574,1.55,4.92
2024-07-12,Compound,Optimism,4.71,DAI,190687234,1.73,4.09
2024-07-12,Compound,Polygon,4.49,USDC,211877726,0.98,2.12
2024-07-12,Compound,Polygon,4.82,USDT,198000587,0.94,2.78
2024-07-12,Compound,Polygon,5.15,DAI,195609128,1.02,2.05
2024-07-12,Compound,Base,4.29,USDC,196779764,0.81,4.16
2024-07-12,Compound,Base,4.59,USDT,199580597,1.3,3.22
2024-07-12,Compound,Base,4.78,DAI,208495250,1.39,4.93
2024-07-12,Curve,Ethereum,6.43,USDC,386872617,21.19,0
2024-07-12,Curve,Ethereum,4.83,USDT,324469601,16.25,0
2024-07-12,Curve,Ethereum,5.79,DAI,340041668,18.55,0
2024-07-12,Curve,Arbitrum,7.73,USDC,349239642,2.74,6.23
2024-07-12,Curve,Arbitrum,7.78,USDT,361310182,2.32,4.41
2024-07-12,Curve,Optimism,8.06,USDC,354436981,2.24,3.56
2024-07-12,Curve,Optimism,6.4,DAI,353311808,1.46,5.11
2024-07-12,Curve,Polygon,6.75,USDT,340499579,1.04,3.44
2024-07-12,Curve,Polygon,7.25,DAI,344225949,0.75,3.54
2024-07-12,Curve,Base,8.01,USDC,348660226,1.72,3.04
2024-07-12,Curve,Base,8.46,USDT,363857247,1.69,2.12
2024-07-12,Curve,Base,8.13,DAI,339384247,1.29,4.68
2024-07-12,Uniswap V3,Ethereum,6.96,USDT,109829740,19.78,0
2024-07-12,Uniswap V3,Ethereum,7.42,DAI,103560819,18.75,0
2024-07-12,Uniswap V3,Arbitrum,7.73,USDC,105155159,2.4,5.42
2024-07-12,Uniswap V3,Arbitrum,8.71,USDT,102754197,2.43,6.91
2024-07-12,Uniswap V3,Arbitrum,9.11,DAI,92653986,2.79,4.63
2024-07-12,Uniswap V3,Optimism,7.16,USDC,104402501,1.66,3.7
2024-07-12,Uniswap V3,Optimism,8.74,USDT,108063002,1.73,3.51
2024-07-12,Uniswap V3,Optimism,7.86,DAI,107190378,2.16,4.52
2024-07-12,Uniswap V3,Polygon,8.86,USDC,101972279,0.95,2.41
2024-07-12,Uniswap V3,Polygon,8.8,USDT,102907575,0.93,2.98
2024-07-12,Uniswap V3,Polygon,8.3,DAI,100687531,1.22,4.08
2024-07-12,Uniswap V3,Base,7.66,USDC,102596402,1.5,4.76
2024-07-12,Uniswap V3,Base,8.59,USDT,103257389,1.37,6.32
2024-07-12,Uniswap V3,Base,8.27,DAI,102450941,1.45,4.12
2024-07-12,Yearn,Ethereum,5.03,USDT,138099690,18.05,0
2024-07-12,Yearn,Ethereum,4.62,DAI,117637664,16.78,0
2024-07-12,Yearn,Arbitrum,6.89,USDC,115815506,1.73,4.53
2024-07-12,Yearn,Arbitrum,5.41,USDT,130442794,2.69,3.68
2024-07-12,Yearn,Arbitrum,6.53,DAI,129041348,2.46,4.0
2024-07-12,Yearn,Optimism,6.21,USDC,131520292,2.12,5.1
2024-07-12,Yearn,Optimism,5.27,USDT,132628617,2.45,3.78
2024-07-12,Yearn,Optimism,5.94,DAI,132003038,1.64,3.94
2024-07-12,Yearn,Polygon,7.66,USDC,141604668,1.13,3.17
2024-07-12,Yearn,Polygon,6.56,USDT,121573057,0.94,3.73
2024-07-12,Yearn,Polygon,6.72,DAI,139555848,0.94,3.11
2024-07-12,Yearn,Base,5.51,USDC,131523570,1.81,4.47
2024-07-12,Yearn,Base,4.93,DAI,125712460,1.47,4.13
2024-07-12,Pendle,Ethereum,10.6,USDC,84905406,17.21,0
2024-07-12,Pendle,Ethereum,6.47,USDT,81777643,16.01,0
2024-07-12,Pendle,Ethereum,8.59,DAI,82933947,18.56,0
2024-07-12,Pendle,Arbitrum,11.84,USDC,80115380,2.66,5.37
2024-07-12,Pendle,Arbitrum,10.6,USDT,77343438,2.54,5.46
2024-07-12,Pendle,Arbitrum,10.44,DAI,77303659,1.97,5.28
2024-07-12,Pendle,Optimism,10.83,USDC,81910087,1.8,3.07
2024-07-12,Pendle,Optimism,12.36,USDT,85480696,2.21,3.28
2024-07-12,Pendle,Optimism,9.83,DAI,83108509,1.81,5.21
2024-07-12,Pendle,Base,12.27,USDC,83372226,0.98,3.83
2024-07-12,Pendle,Base,12.57,USDT,85035566,0.98,3.57
2024-07-12,Pendle,Base,10.55,DAI,81882941,1.52,3.59
2024-07-12,Convex,Ethereum,5.54,USDC,167694600,18.27,0
2024-07-12,Convex,Ethereum,5.98,USDT,167919253,11.57,0
2024-07-12,Convex,Ethereum,6.36,DAI,150565597,18.18,0
2024-07-12,Balancer,Ethereum,6.14,USDC,120843801,23.61,0
2024-07-12,Balancer,Ethereum,6.68,USDT,119622802,19.39,0
2024-07-12,Balancer,Ethereum,6.07,DAI,116666268,18.95,0
2024-07-12,Balancer,Arbitrum,6.51,USDT,121508487,2.01,5.27
2024-07-12,Balancer,Optimism,8.16,USDC,119157468,1.31,4.41
2024-07-12,Balancer,Optimism,7.0,USDT,114559507,1.85,3.24
2024-07-12,Balancer,Optimism,5.84,DAI,122798024,1.88,3.77
2024-07-12,Balancer,Polygon,7.48,USDC,123130226,1.04,2.75
2024-07-12,Balancer,Polygon,7.94,USDT,119087591,0.78,2.91
2024-07-12,Balancer,Polygon,8.42,DAI,126182736,0.93,2.66
2024-07-12,Balancer,Base,7.02,USDC,125312049,1.33,3.76
2024-07-12,Balancer,Base,6.94,USDT,134123890,1.21,2.51
2024-07-12,Balancer,Base,7.83,DAI,124051988,1.5,4.33
2024-07-13,Aave,Ethereum,4.16,USDT,264215539,14.02,0
2024-07-13,Aave,Ethereum,3.54,DAI,260866340,10.86,0
2024-07-13,Aave,Arbitrum,5.24,USDC,279085907,1.48,4.14
2024-07-13,Aave,Arbitrum,4.94,USDT,279676079,1.86,5.12
2024-07-13,Aave,Optimism,4.34,USDC,273068674,1.14,2.92
2024-07-13,Aave,Optimism,5.03,USDT,264734484,1.04,4.41
2024-07-13,Aave,Optimism,4.73,DAI,298710970,1.1,4.0
2024-07-13,Aave,Polygon,4.57,USDT,266748032,0.68,3.31
2024-07-13,Aave,Base,5.59,USDC,267827531,0.96,5.03
2024-07-13,Aave,Base,4.82,USDT,244864628,0.85,5.37
2024-07-13,Aave,Base,5.56,DAI,277362554,1.1,3.77
2024-07-13,Compound,Ethereum,3.55,USDC,191894455,12.89,0
2024-07-13,Compound,Ethereum,3.36,USDT,206476243,13.68,0
2024-07-13,Compound,Ethereum,3.09,DAI,192870960,15.89,0
2024-07-13,Compound,Arbitrum,4.88,USDC,185233711,1.5,6.03
2024-07-13,Compound,Arbitrum,4.37,USDT,193335502,1.81,5.27
2024-07-13,Compound,Arbitrum,4.51,DAI,202941137,2.0,4.11
2024-07-13,Compound,Optimism,5.02,USDC,196541764,1.03,4.1
2024-07-13,Compound,Optimism,5.02,USDT,194293821,1.3,3.18
2024-07-13,Compound,Optimism,4.55,DAI,207831038,1.18,3.11
2024-07-13,Compound,Polygon,4.37,USDC,196854721,0.65,3.07
2024-07-13,Compound,Polygon,4.94,USDT,187861880,0.45,2.8
2024-07-13,Compound,Polygon,5.04,DAI,193632641,0.76,3.11
2024-07-13,Compound,Base,3.75,USDC,195404164,1.15,4.32
2024-07-13,Compound,Base,4.71,USDT,194560336,0.88,4.53
2024-07-13,Compound,Base,3.88,DAI,181821194,1.02,4.19
2024-07-13,Curve,Ethereum,5.92,DAI,338894239,9.22,0
2024-07-13,Curve,Arbitrum,5.9,USDC,352439205,1.7,4.39
2024-07-13,Curve,Arbitrum,8.22,USDT,357790490,1.6,4.58
2024-07-13,Curve,Arbitrum,7.15,DAI,351519329,1.17,4.08
2024-07-13,Curve,Optimism,8.51,USDC,349955180,1.37,4.96
2024-07-13,Curve,Optimism,6.9,DAI,298129230,0.97,3.64
2024-07-13,Curve,Polygon,8.14,USDC,351080418,0.67,4.27
2024-07-13,Curve,Polygon,8.77,USDT,336182103,0.59,2.8
2024-07-13,Curve,Polygon,8.71,DAI,355083778,0.82,2.77
2024-07-13,Curve,Base,6.67,USDC,345921999,0.71,4.6
2024-07-13,Curve,Base,7.19,USDT,364456880,1.21,4.64
2024-07-13,Curve,Base,7.44,DAI,344855720,0.97,3.75
2024-07-13,Uniswap V3,Ethereum,6.98,USDC,102448482,13.77,0
2024-07-13,Uniswap V3,Ethereum,6.08,USDT,111711055,12.81,0
2024-07-13,Uniswap V3,Ethereum,7.08,DAI,103094304,8.97,0
2024-07-13,Uniswap V3,Arbitrum,7.95,USDC,99892549,1.79,6.07
2024-07-13,Uniswap V3,Arbitrum,7.73,USDT,95143775,1.47,4.26
2024-07-13,Uniswap V3,Arbitrum,8.36,DAI,108917763,1.76,4.25
2024-07-13,Uniswap V3,Optimism,7.62,USDC,97249509,1.15,5.97
2024-07-13,Uniswap V3,Optimism,7.53,USDT,106246552,1.4,3.88
2024-07-13,Uniswap V3,Polygon,8.77,USDC,96919725,0.71,3.37
2024-07-13,Uniswap V3,Polygon,7.6,USDT,100908498,0.43,2.81
2024-07-13,Uniswap V3,Polygon,8.56,DAI,104831093,0.77,2.82
2024-07-13,Uniswap V3,Base,7.0,USDC,99447038,0.94,4.11
2024-07-13,Uniswap V3,Base,8.42,USDT,98839325,0.89,2.73
2024-07-13,Uniswap V3,Base,7.32,DAI,101326688,0.9,2.15
2024-07-13,Yearn,Ethereum,5.24,USDC,135307559,10.7,0
2024-07-13,Yearn,Ethereum,5.34,USDT,116645876,13.46,0
2024-07-13,Yearn,Ethereum,5.62,DAI,132922995,12.79,0
2024-07-13,Yearn,Arbitrum,5.41,USDC,136020595,1.48,6.26
2024-07-13,Yearn,Arbitrum,7.06,USDT,125975929,1.33,6.09
2024-07-13,Yearn,Arbitrum,6.15,DAI,120997211,2.14,4.55
2024-07-13,Yearn,Optimism,6.53,USDC,121221004,1.16,2.7
2024-07-13,Yearn,Optimism,5.22,USDT,119289758,1.18,3.15
2024-07-13,Yearn,Optimism,5.57,DAI,136007122,1.27,4.48
2024-07-13,Yearn,Polygon,6.86,USDC,141774034,0.68,3.27
2024-07-13,Yearn,Polygon,6.7,USDT,131904305,0.59,2.69
2024-07-13,Yearn,Polygon,5.94,DAI,127806726,0.46,2.25
2024-07-13,Yearn,Base,5.98,USDC,141746277,1.07,4.14
2024-07-13,Yearn,Base,5.24,USDT,145959209,0.94,4.73
2024-07-13,Yearn,Base,5.45,DAI,130393541,0.8,3.47
2024-07-13,Pendle,Ethereum,8.13,USDC,76245504,10.71,0
2024-07-13,Pendle,Arbitrum,10.23,USDC,82122338,2.3,4.0
2024-07-13,Pendle,Arbitrum,9.62,USDT,81295661,1.66,5.93
2024-07-13,Pendle,Arbitrum,12.68,DAI,82971067,1.86,4.66
2024-07-13,Pendle,Optimism,8.3,USDC,79029444,1.48,4.6
2024-07-13,Pendle,Optimism,9.72,USDT,83569913,1.25,5.63
2024-07-13,Pendle,Optimism,10.46,DAI,86124950,1.43,5.07
2024-07-13,Pendle,Base,9.78,USDT,82430953,1.06,3.27
2024-07-13,Pendle,Base,11.1,DAI,79816552,1.06,4.62
2024-07-13,Convex,Ethereum,5.12,USDC,166969860,13.35,0
2024-07-13,Convex,Ethereum,5.19,USDT,156910690,11.16,0
2024-07-13,Convex,Ethereum,5.37,DAI,172384659,12.74,0
2024-07-13,Balancer,Ethereum,5.87,USDC,109669124,12.75,0
2024-07-13,Balancer,Ethereum,6.66,USDT,125785428,10.47,0
2024-07-13,Balancer,Ethereum,7.33,DAI,120433242,9.08,0
2024-07-13,Balancer,Arbitrum,8.42,USDC,129439311,1.66,3.19
2024-07-13,Balancer,Arbitrum,7.18,USDT,116665064,1.59,4.26
2024-07-13,Balancer,Arbitrum,7.82,DAI,120998459,2.03,4.76
2024-07-13,Balancer,Optimism,7.22,USDC,108391367,1.35,4.32
2024-07-13,Balancer,Optimism,8.62,USDT,114511841,0.86,3.76
2024-07-13,Balancer,Optimism,6.46,DAI,107144017,1.0,5.58
2024-07-13,Balancer,Polygon,7.97,USDC,120004727,0.64,2.23
2024-07-13,Balancer,Polygon,7.84,USDT,120199693,0.6,3.27
2024-07-13,Balancer,Polygon,8.52,DAI,120333578,0.64,2.65
2024-07-13,Balancer,Base,7.64,USDC,116972616,0.97,4.07
2024-07-13,Balancer,Base,8.12,USDT,124861458,1.09,4.78
2024-07-13,Balancer,Base,6.7,DAI,128593663,0.99,4.01
2024-07-14,Aave,Ethereum,4.53,USDC,282755134,14.74,0
2024-07-14,Aave,Ethereum,3.64,USDT,268763418,12.06,0
2024-07-14,Aave,Ethereum,3.53,DAI,262414127,13.64,0
2024-07-14,Aave,Arbitrum,4.95,USDC,285552375,1.77,5.92
2024-07-14,Aave,Arbitrum,3.65,USDT,244189153,1.36,3.4
2024-07-14,Aave,Arbitrum,5.65,DAI,286730927,1.91,3.92
2024-07-14,Aave,Optimism,4.93,USDC,253052520,1.31,4.31
2024-07-14,Aave,Optimism,4.18,USDT,257077527,1.09,4.21
2024-07-14,Aave,Optimism,4.96,DAI,277887341,0.71,3.34
2024-07-14,Aave,Polygon,5.54,USDC,257102200,0.69,2.7
2024-07-14,Aave,Polygon,4.76,USDT,270120398,0.71,2.3
2024-07-14,Aave,Polygon,4.4,DAI,254998904,0.64,2.96
2024-07-14,Aave,Base,4.31,USDC,264389463,0.88,3.56
2024-07-14,Compound,Ethereum,3.14,USDC,190186909,11.01,0
2024-07-14,Compound,Ethereum,3.85,USDT,185319873,11.98,0
2024-07-14,Compound,Ethereum,3.83,DAI,191971224,9.37,0
2024-07-14,Compound,Arbitrum,4.17,USDC,184634860,1.53,6.16
2024-07-14,Compound,Arbitrum,5.03,USDT,188199384,1.86,4.83
2024-07-14,Compound,Arbitrum,4.55,DAI,188516419,1.29,5.39
2024-07-14,Compound,Optimism,4.38,USDC,191739936,1.17,4.11
2024-07-14,Compound,Optimism,4.45,USDT,196634858,1.1,3.2
2024-07-14,Compound,Optimism,3.94,DAI,190960923,0.98,2.9
2024-07-14,Compound,Polygon,4.35,USDC,190434258,0.78,2.64
2024-07-14,Compound,Polygon,4.98,DAI,211187227,0.66,3.05
2024-07-14,Compound,Base,4.45,USDT,186087393,0.88,4.19
2024-07-14,Compound,Base,4.39,DAI,193919827,0.88,4.13
2024-07-14,Curve,Ethereum,4.96,USDC,351734092,11.35,0
2024-07-14,Curve,Ethereum,5.43,USDT,345218336,9.66,0
2024-07-14,Curve,Ethereum,6.82,DAI,335805198,9.96,0
2024-07-14,Curve,Arbitrum,8.08,USDC,366288941,1.93,4.51
2024-07-14,Curve,Arbitrum,6.99,USDT,352322720,1.18,4.02
2024-07-14,Curve,Arbitrum,7.04,DAI,360659459,1.83,3.82
2024-07-14,Curve,Optimism,7.65,USDC,328175090,1.32,4.21
2024-07-14,Curve,Optimism,7.57,USDT,316693742,0.97,3.68
2024-07-14,Curve,Optimism,7.14,DAI,331174121,1.09,2.76
2024-07-14,Curve,Polygon,8.6,USDC,346634474,0.67,3.06
2024-07-14,Curve,Polygon,5.6,DAI,338234330,0.58,2.27
2024-07-14,Curve,Base,8.02,USDT,356676579,0.63,3.98
2024-07-14,Curve,Base,7.16,DAI,333555251,1.09,4.54
2024-07-14,Uniswap V3,Ethereum,6.47,USDC,99516201,14.02,0
2024-07-14,Uniswap V3,Ethereum,6.34,USDT,102035663,13.32,0
2024-07-14,Uniswap V3,Ethereum,7.3,DAI,106722911,13.42,0
2024-07-14,Uniswap V3,Arbitrum,7.2,USDC,108172502,1.61,4.58
2024-07-14,Uniswap V3,Arbitrum,7.44,USDT,105133757,1.59,4.31
2024-07-14,Uniswap V3,Arbitrum,7.96,DAI,99539467,1.53,3.87
2024-07-14,Uniswap V3,Optimism,8.24,USDC,108149986,1.6,3.87
2024-07-14,Uniswap V3,Optimism,8.75,USDT,96510459,1.1,4.4
2024-07-14,Uniswap V3,Optimism,8.47,DAI,95974699,1.0,3.8
2024-07-14,Uniswap V3,Polygon,8.03,USDC,106813466,0.7,4.21
2024-07-14,Uniswap V3,Polygon,10.57,USDT,109704695,0.68,3.85
2024-07-14,Uniswap V3,Base,6.67,USDC,96715505,0.94,4.39
2024-07-14,Uniswap V3,Base,8.01,USDT,98599068,0.87,3.24
2024-07-14,Uniswap V3,Base,8.82,DAI,104313240,1.04,4.79
2024-07-14,Yearn,Ethereum,5.34,USDC,116910880,11.23,0
2024-07-14,Yearn,Ethereum,4.62,USDT,130429511,14.21,0
2024-07-14,Yearn,Arbitrum,5.53,USDC,114131491,1.23,5.85
2024-07-14,Yearn,Arbitrum,6.21,USDT,132959769,1.67,4.28
2024-07-14,Yearn,Arbitrum,5.62,DAI,130458295,1.31,6.52
2024-07-14,Yearn,Optimism,6.1,USDC,124958838,1.44,4.65
2024-07-14,Yearn,Optimism,7.12,USDT,137386771,1.67,3.99
2024-07-14,Yearn,Polygon,5.77,USDC,136792053,0.8,2.59
2024-07-14,Yearn,Polygon,5.89,USDT,128001772,0.6,2.66
2024-07-14,Yearn,Polygon,7.12,DAI,131351787,0.65,3.55
2024-07-14,Yearn,Base,4.92,USDC,129629871,1.07,2.44
2024-07-14,Yearn,Base,5.15,USDT,123019828,0.9,5.61
2024-07-14,Yearn,Base,5.93,DAI,125951276,0.86,3.86
2024-07-14,Pendle,Ethereum,8.91,USDC,79643382,9.54,0
2024-07-14,Pendle,Ethereum,9.43,USDT,75506539,8.94,0
2024-07-14,Pendle,Ethereum,10.36,DAI,82608031,12.75,0
2024-07-14,Pendle,Arbitrum,11.11,USDC,78443085,1.7,3.74
2024-07-14,Pendle,Arbitrum,11.24,USDT,84943824,1.27,6.41
2024-07-14,Pendle,Arbitrum,9.63,DAI,77259919,1.91,4.58
2024-07-14,Pendle,Optimism,10.43,USDC,85065109,1.2,4.31
2024-07-14,Pendle,Optimism,11.56,DAI,80555723,1.39,4.7
2024-07-14,Pendle,Base,10.51,USDC,78791065,0.89,3.6
2024-07-14,Pendle,Base,12.28,USDT,78614368,0.72,3.3
2024-07-14,Pendle,Base,9.47,DAI,81490512,1.06,4.24
2024-07-14,Convex,Ethereum,5.76,USDT,164215140,14.91,0
2024-07-14,Convex,Ethereum,4.99,DAI,153363417,12.74,0
2024-07-14,Balancer,Ethereum,6.34,USDC,105517537,8.45,0
2024-07-14,Balancer,Ethereum,6.65,USDT,123286782,12.5,0
2024-07-14,Balancer,Arbitrum,7.73,USDC,114499205,2.06,5.14
2024-07-14,Balancer,Arbitrum,8.79,USDT,122716734,2.03,4.91
2024-07-14,Balancer,Arbitrum,7.08,DAI,112150814,1.22,4.17
2024-07-14,Balancer,Optimism,6.9,USDC,117146436,1.4,4.87
2024-07-14,Balancer,Optimism,6.3,USDT,120969094,1.01,4.81
2024-07-14,Balancer,Optimism,7.21,DAI,114150520,1.17,3.79
2024-07-14,Balancer,Polygon,8.37,USDC,113600978,0.56,3.4
2024-07-14,Balancer,Polygon,8.86,USDT,119458597,0.77,3.24
2024-07-14,Balancer,Polygon,8.53,DAI,122505043,0.58,2.13
2024-07-14,Balancer,Base,7.17,USDC,113381998,0.97,6.33
2024-07-14,Balancer,Base,5.8,USDT,123498992,0.78,4.0
2024-07-14,Balancer,Base,7.98,DAI,117790444,0.88,3.98
2024-07-15,Aave,Ethereum,4.69,USDT,274088017,14.88,0
2024-07-15,Aave,Ethereum,3.7,DAI,264042556,15.53,0
2024-07-15,Aave,Arbitrum,4.37,USDC,269922585,2.21,5.87
2024-07-15,Aave,Arbitrum,5.19,USDT,223504069,3.16,5.5
2024-07-15,Aave,Arbitrum,4.91,DAI,249889061,2.61,3.77
2024-07-15,Aave,Optimism,5.37,USDC,236714793,2.02,2.8
2024-07-15,Aave,Optimism,5.03,USDT,271602761,1.76,4.37
2024-07-15,Aave,Polygon,4.55,USDC,264894639,0.74,2.91
2024-07-15,Aave,Polygon,6.03,USDT,259525196,0.87,3.15
2024-07-15,Aave,Polygon,5.4,DAI,265189486,1.03,3.44
2024-07-15,Aave,Base,5.11,USDC,269568707,1.55,3.1
2024-07-15,Aave,Base,4.8,USDT,249561272,1.7,3.98
2024-07-15,Aave,Base,3.67,DAI,275221868,1.11,2.67
2024-07-15,Compound,Ethereum,4.2,USDC,173715472,12.03,0
2024-07-15,Compound,Ethereum,3.78,USDT,197367836,14.4,0
2024-07-15,Compound,Arbitrum,4.55,USDC,184302063,2.46,4.42
2024-07-15,Compound,Arbitrum,4.16,USDT,184420497,1.95,4.48
2024-07-15,Compound,Arbitrum,4.73,DAI,198307807,1.79,6.37
2024-07-15,Compound,Optimism,4.19,USDC,190415008,1.63,4.09
2024-07-15,Compound,Optimism,4.51,USDT,205511687,1.82,4.41
2024-07-15,Compound,Optimism,4.25,DAI,188712285,1.57,4.47
2024-07-15,Compound,Polygon,5.07,USDC,174390036,1.02,2.46
2024-07-15,Compound,Polygon,4.54,USDT,180226446,0.86,3.16
2024-07-15,Compound,Polygon,5.35,DAI,187414054,0.74,3.16
2024-07-15,Compound,Base,4.9,USDC,191425646,1.74,3.63
2024-07-15,Compound,Base,4.44,USDT,188365062,1.27,3.23
2024-07-15,Curve,Ethereum,6.08,USDC,353338718,13.81,0
2024-07-15,Curve,Ethereum,6.39,USDT,342389406,14.76,0
2024-07-15,Curve,Ethereum,7.2,DAI,332504607,12.7,0
2024-07-15,Curve,Arbitrum,5.63,USDC,345236906,2.54,6.09
2024-07-15,Curve,Arbitrum,8.25,USDT,303444724,2.64,4.63
2024-07-15,Curve,Arbitrum,6.37,DAI,361316191,2.05,2.58
2024-07-15,Curve,Optimism,7.94,USDC,348160351,2.19,3.22
2024-07-15,Curve,Optimism,7.79,USDT,350299237,1.36,3.29
2024-07-15,Curve,Optimism,8.62,DAI,311917498,2.15,4.89
2024-07-15,Curve,Polygon,7.9,USDT,332910521,0.7,2.14
2024-07-15,Curve,Base,8.16,USDC,330654811,1.42,3.85
2024-07-15,Curve,Base,6.46,USDT,303737540,1.6,3.64
2024-07-15,Uniswap V3,Ethereum,8.13,USDC,96548139,20.59,0
2024-07-15,Uniswap V3,Ethereum,7.5,USDT,99628551,22.67,0
2024-07-15,Uniswap V3,Ethereum,8.29,DAI,97226633,17.27,0
2024-07-15,Uniswap V3,Arbitrum,8.81,USDC,100332854,2.85,7.05
2024-07-15,Uniswap V3,Arbitrum,9.48,USDT,99968140,2.05,4.72
2024-07-15,Uniswap V3,Arbitrum,8.89,DAI,108552178,3.11,5.48
2024-07-15,Uniswap V3,Optimism,6.5,USDC,97837017,1.87,3.84
2024-07-15,Uniswap V3,Optimism,7.73,DAI,98295330,1.09,4.23
2024-07-15,Uniswap V3,Polygon,9.02,USDC,100085224,0.79,3.32
2024-07-15,Uniswap V3,Polygon,9.55,USDT,96545769,1.0,2.72
2024-07-15,Uniswap V3,Polygon,9.66,DAI,98210857,1.14,3.03
2024-07-15,Uniswap V3,Base,7.13,USDC,95787360,1.58,3.13
2024-07-15,Uniswap V3,Base,9.48,DAI,101325533,1.74,4.45
2024-07-15,Yearn,Ethereum,4.39,USDC,129560233,20.66,0
2024-07-15,Yearn,Ethereum,5.63,USDT,131292436,16.45,0
2024-07-15,Yearn,Ethereum,4.14,DAI,124274354,21.69,0
2024-07-15,Yearn,Arbitrum,6.71,USDC,125935520,1.64,4.18
2024-07-15,Yearn,Arbitrum,6.37,USDT,129832696,2.81,5.76
2024-07-15,Yearn,Optimism,5.9,USDC,116934057,1.81,4.04
2024-07-15,Yearn,Optimism,5.45,USDT,137303255,1.32,4.4
2024-07-15,Yearn,Optimism,5.48,DAI,124669203,1.88,3.45
2024-07-15,Yearn,Polygon,5.59,USDC,125079733,0.85,2.75
2024-07-15,Yearn,Polygon,7.18,USDT,128490111,1.11,3.47
2024-07-15,Yearn,Polygon,6.76,DAI,118374835,1.13,3.58
2024-07-15,Yearn,Base,6.26,USDC,123035385,1.18,4.28
2024-07-15,Yearn,Base,6.41,USDT,126790389,1.52,4.66
2024-07-15,Yearn,Base,6.14,DAI,138661454,1.42,3.42
2024-07-15,Pendle,Ethereum,8.5,USDC,77993827,19.83,0
2024-07-15,Pendle,Ethereum,8.86,USDT,75507170,14.39,0
2024-07-15,Pendle,Ethereum,6.85,DAI,73578544,17.9,0
2024-07-15,Pendle,Arbitrum,9.16,USDC,84818275,1.69,4.38
2024-07-15,Pendle,Arbitrum,9.98,USDT,75949381,2.31,4.23
2024-07-15,Pendle,Arbitrum,12.02,DAI,80878391,2.48,4.43
2024-07-15,Pendle,Optimism,11.24,USDC,78523882,2.14,3.99
2024-07-15,Pendle,Optimism,9.77,USDT,80785658,1.69,3.91
2024-07-15,Pendle,Optimism,11.16,DAI,76390647,1.92,5.43
2024-07-15,Pendle,Base,10.94,USDC,76992950,1.57,4.2
2024-07-15,Pendle,Base,9.41,USDT,82686690,1.72,5.08
2024-07-15,Pendle,Base,9.75,DAI,78589515,1.57,3.36
2024-07-15,Convex,Ethereum,5.73,USDC,161635354,16.67,0
2024-07-15,Convex,Ethereum,5.54,USDT,153817390,17.11,0
2024-07-15,Convex,Ethereum,5.7,DAI,164807599,21.47,0
2024-07-15,Balancer,Ethereum,6.73,USDC,116439253,16.45,0
2024-07-15,Balancer,Ethereum,5.84,DAI,120151682,13.65,0
2024-07-15,Balancer,Arbitrum,7.73,USDC,110596359,2.24,4.16
2024-07-15,Balancer,Arbitrum,7.46,USDT,116732259,2.33,3.94
2024-07-15,Balancer,Arbitrum,8.51,DAI,123510649,1.86,3.06
2024-07-15,Balancer,Optimism,7.06,USDC,125027781,1.29,5.18
2024-07-15,Balancer,Optimism,6.03,USDT,107914899,1.61,4.92
2024-07-15,Balancer,Polygon,8.31,USDC,119423231,0.78,2.67
2024-07-15,Balancer,Polygon,9.34,USDT,118736852,1.12,3.1
2024-07-15,Balancer,Base,6.32,USDC,102261756,1.33,3.37
2024-07-15,Balancer,Base,6.78,USDT,122305554,1.32,5.06
2024-07-15,Balancer,Base,8.25,DAI,112040996,1.35,3.21
2024-07-16,Aave,Ethereum,4.18,USDC,266328877,19.66,0
2024-07-16,Aave,Ethereum,3.73,USDT,263567235,11.66,0
2024-07-16,Aave,Ethereum,3.82,DAI,242931308,19.81,0
2024-07-16,Aave,Arbitrum,4.5,USDC,252235254,2.67,3.73
2024-07-16,Aave,Arbitrum,6.02,USDT,264794718,2.95,5.58
2024-07-16,Aave,Arbitrum,4.34,DAI,261381429,2.5,3.82
2024-07-16,Aave,Optimism,4.85,USDC,274655443,1.76,2.51
2024-07-16,Aave,Optimism,4.76,USDT,259843279,1.59,4.21
2024-07-16,Aave,Optimism,4.59,DAI,259766993,2.21,3.55
2024-07-16,Aave,Polygon,5.05,USDC,247444946,0.92,2.95
2024-07-16,Aave,Polygon,5.78,DAI,255298472,1.02,3.07
2024-07-16,Aave,Base,4.38,USDT,271596856,1.27,3.91
2024-07-16,Aave,Base,5.28,DAI,260360026,1.38,3.1
2024-07-16,Compound,Ethereum,3.71,USDC,172416936,14.98,0
2024-07-16,Compound,Ethereum,4.09,USDT,201769179,21.3,0
2024-07-16,Compound,Ethereum,4.38,DAI,189711324,16.06,0
2024-07-16,Compound,Arbitrum,5.05,USDT,180211704,2.89,3.67
2024-07-16,Compound,Arbitrum,5.12,DAI,186590642,2.84,5.15
2024-07-16,Compound,Optimism,4.62,USDC,181300038,1.68,3.22
2024-07-16,Compound,Optimism,4.27,USDT,185075552,2.42,5.0
2024-07-16,Compound,Polygon,5.9,USDC,188523173,0.87,3.65
2024-07-16,Compound,Polygon,5.36,USDT,171572853,1.13,2.77
2024-07-16,Compound,Polygon,4.37,DAI,179710135,1.03,2.49
2024-07-16,Compound,Base,4.78,USDT,196689955,1.7,4.33
2024-07-16,Compound,Base,5.06,DAI,198178147,1.52,2.86
2024-07-16,Curve,Ethereum,6.63,USDC,315893560,22.35,0
2024-07-16,Curve,Ethereum,7.1,DAI,325230711,16.46,0
2024-07-16,Curve,Arbitrum,8.0,USDT,329125452,2.08,4.18
2024-07-16,Curve,Arbitrum,7.94,DAI,344837138,2.74,3.57
2024-07-16,Curve,Optimism,6.92,USDC,334991710,2.47,4.18
2024-07-16,Curve,Optimism,6.29,USDT,316399974,1.79,4.67
2024-07-16,Curve,Polygon,7.57,USDC,343202743,0.84,3.43
2024-07-16,Curve,Polygon,6.71,USDT,322220272,1.09,2.64
2024-07-16,Curve,Polygon,7.87,DAI,298077899,0.89,2.99
2024-07-16,Curve,Base,9.09,USDC,315178071,1.3,3.99
2024-07-16,Curve,Base,7.84,USDT,344134853,1.5,3.01
2024-07-16,Curve,Base,7.87,DAI,341203169,1.42,2.99
2024-07-16,Uniswap V3,Ethereum,6.54,USDC,89433320,15.05,0
2024-07-16,Uniswap V3,Ethereum,7.06,USDT,98129450,18.35,0
2024-07-16,Uniswap V3,Ethereum,9.06,DAI,91703923,22.02,0
2024-07-16,Uniswap V3,Arbitrum,8.36,USDC,94493534,2.4,4.86
2024-07-16,Uniswap V3,Arbitrum,10.37,USDT,97814966,2.61,5.03
2024-07-16,Uniswap V3,Arbitrum,6.73,DAI,95974986,2.35,4.9
2024-07-16,Uniswap V3,Optimism,7.3,USDC,92709844,2.36,5.99
2024-07-16,Uniswap V3,Optimism,8.16,USDT,100231790,1.52,5.62
2024-07-16,Uniswap V3,Optimism,7.55,DAI,93893425,1.93,5.75
2024-07-16,Uniswap V3,Polygon,8.64,USDC,93476467,0.84,3.39
2024-07-16,Uniswap V3,Polygon,9.5,USDT,99009029,1.17,2.39
2024-07-16,Uniswap V3,Polygon,8.31,DAI,102665515,0.97,2.78
2024-07-16,Uniswap V3,Base,8.31,DAI,97105378,2.06,5.25
2024-07-16,Yearn,Ethereum,4.76,USDC,135300760,16.04,0
2024-07-16,Yearn,Ethereum,5.19,USDT,123278430,21.24,0
2024-07-16,Yearn,Ethereum,4.47,DAI,119498846,17.8,0
2024-07-16,Yearn,Arbitrum,5.64,USDC,127635633,3.24,5.32
2024-07-16,Yearn,Arbitrum,7.12,USDT,132621475,2.64,6.56
2024-07-16,Yearn,Arbitrum,5.66,DAI,116948750,2.5,4.11
2024-07-16,Yearn,Optimism,6.16,USDT,121827207,1.88,4.65
2024-07-16,Yearn,Optimism,5.05,DAI,120504158,1.39,4.55
2024-07-16,Yearn,Polygon,6.68,USDC,119450704,0.95,3.55
2024-07-16,Yearn,Polygon,6.2,USDT,124978414,1.22,2.72
2024-07-16,Yearn,Polygon,6.55,DAI,115695941,1.09,1.92
2024-07-16,Yearn,Base,6.6,USDC,129133170,1.63,3.63
2024-07-16,Yearn,Base,7.01,DAI,126604116,1.9,3.93
2024-07-16,Pendle,Ethereum,7.51,USDC,80602649,19.34,0
2024-07-16,Pendle,Ethereum,9.38,USDT,79288612,14.32,0
2024-07-16,Pendle,Ethereum,8.07,DAI,83274711,16.26,0
2024-07-16,Pendle,Arbitrum,9.81,USDC,77692115,2.82,4.38
2024-07-16,Pendle,Arbitrum,12.26,USDT,78875654,2.36,5.62
2024-07-16,Pendle,Arbitrum,8.5,DAI,74908062,2.36,3.05
2024-07-16,Pendle,Optimism,9.59,USDC,74393695,2.13,3.45
2024-07-16,Pendle,Optimism,9.08,USDT,80138223,1.5,4.13
2024-07-16,Pendle,Optimism,8.49,DAI,80216176,1.66,3.25
2024-07-16,Pendle,Base,9.56,USDC,76771731,1.35,3.68
2024-07-16,Pendle,Base,10.48,USDT,74443294,1.44,6.02
2024-07-16,Pendle,Base,11.92,DAI,71111882,1.63,4.04
2024-07-16,Convex,Ethereum,4.65,USDC,152479506,14.62,0
2024-07-16,Convex,Ethereum,6.19,USDT,160483467,22.26,0
2024-07-16,Convex,Ethereum,6.47,DAI,138752123,18.88,0
2024-07-16,Balancer,Ethereum,6.95,USDT,102943790,24.75,0
2024-07-16,Balancer,Ethereum,5.95,DAI,124274429,15.86,0
2024-07-16,Balancer,Arbitrum,7.54,USDC,106442887,2.86,4.66
2024-07-16,Balancer,Arbitrum,7.34,USDT,113790549,2.43,6.51
2024-07-16,Balancer,Arbitrum,7.36,DAI,108227863,2.34,4.82
2024-07-16,Balancer,Optimism,7.97,USDT,116996234,2.11,4.71
2024-07-16,Balancer,Optimism,7.15,DAI,110235393,1.6,4.5
2024-07-16,Balancer,Polygon,8.1,USDC,117264009,0.75,2.27
2024-07-16,Balancer,Polygon,8.2,USDT,110708910,1.07,2.59
2024-07-16,Balancer,Polygon,9.23,DAI,110702246,1.09,2.33
2024-07-16,Balancer,Base,8.82,USDC,114917355,1.29,4.64
2024-07-16,Balancer,Base,7.14,USDT,112568243,1.61,2.75
2024-07-16,Balancer,Base,7.48,DAI,126485503,1.41,3.28
2024-07-17,Aave,Ethereum,4.01,USDC,258546036,15.41,0
2024-07-17,Aave,Ethereum,4.52,USDT,255332968,20.09,0
2024-07-17,Aave,Ethereum,4.07,DAI,254463093,15.38,0
2024-07-17,Aave,Arbitrum,5.78,USDC,245960732,2.64,3.36
2024-07-17,Aave,Arbitrum,5.17,USDT,253654989,2.19,3.44
2024-07-17,Aave,Arbitrum,5.43,DAI,248970411,2.28,5.92
2024-07-17,Aave,Optimism,4.93,USDC,227267594,1.33,3.7
2024-07-17,Aave,Optimism,4.41,USDT,268617575,1.58,4.04
2024-07-17,Aave,Optimism,5.19,DAI,242900494,1.33,4.22
2024-07-17,Aave,Polygon,5.77,USDC,259341125,0.7,3.79
2024-07-17,Aave,Polygon,5.08,USDT,247771079,1.01,4.37
2024-07-17,Aave,Polygon,5.56,DAI,258240020,0.99,3.17
2024-07-17,Aave,Base,5.46,USDC,263922839,1.58,3.3
2024-07-17,Aave,Base,4.44,USDT,258011820,1.57,4.61
2024-07-17,Aave,Base,4.75,DAI,269404959,1.05,4.0
2024-07-17,Compound,Ethereum,4.55,USDC,170944736,21.86,0
2024-07-17,Compound,Ethereum,4.17,USDT,169267511,17.09,0
2024-07-17,Compound,Ethereum,3.79,DAI,178092341,17.31,0
2024-07-17,Compound,Arbitrum,4.68,USDC,176824120,2.34,3.71
2024-07-17,Compound,Arbitrum,5.2,USDT,191156663,2.27,5.47
2024-07-17,Compound,Arbitrum,4.49,DAI,200484034,2.4,3.12
2024-07-17,Compound,Optimism,4.73,USDT,172571681,2.28,3.7
2024-07-17,Compound,Optimism,4.35,DAI,196156518,1.95,3.48
2024-07-17,Compound,Polygon,4.84,USDC,184942785,0.86,3.15
2024-07-17,Compound,Polygon,4.99,USDT,184416457,0.84,3.21
2024-07-17,Compound,Polygon,5.2,DAI,188405389,0.93,2.53
2024-07-17,Compound,Base,4.28,USDC,169199481,1.6,3.84
2024-07-17,Compound,Base,4.73,USDT,192411537,1.36,3.67
2024-07-17,Compound,Base,5.18,DAI,195265315,1.89,3.59
2024-07-17,Curve,Ethereum,6.8,USDC,286222114,18.21,0
2024-07-17,Curve,Ethereum,5.85,USDT,341740484,17.54,0
2024-07-17,Curve,Ethereum,6.48,DAI,325450962,16.31,0
2024-07-17,Curve,Arbitrum,7.5,USDC,319907808,2.21,3.57
2024-07-17,Curve,Arbitrum,8.71,USDT,339512027,2.42,5.72
2024-07-17,Curve,Arbitrum,6.85,DAI,314081709,2.95,4.81
2024-07-17,Curve,Optimism,6.8,USDC,298902089,1.19,3.5
2024-07-17,Curve,Optimism,7.03,USDT,332017289,1.82,2.34
2024-07-17,Curve,Polygon,8.6,USDC,333632855,1.0,3.21
2024-07-17,Curve,Polygon,7.56,USDT,321043289,0.92,2.59
2024-07-17,Curve,Polygon,8.44,DAI,299035093,0.84,2.44
2024-07-17,Curve,Base,7.39,USDT,322630648,1.2,4.54
2024-07-17,Curve,Base,8.12,DAI,342995231,1.39,4.3
2024-07-17,Uniswap V3,Ethereum,5.51,USDC,95193851,20.47,0
2024-07-17,Uniswap V3,Ethereum,6.22,USDT,100157160,19.08,0
2024-07-17,Uniswap V3,Ethereum,6.28,DAI,102147596,17.06,0
2024-07-17,Uniswap V3,Arbitrum,9.62,USDC,86085306,2.34,4.71
2024-07-17,Uniswap V3,Arbitrum,9.69,USDT,92732768,1.98,5.46
2024-07-17,Uniswap V3,Arbitrum,9.17,DAI,95161204,2.72,5.41
2024-07-17,Uniswap V3,Optimism,7.15,USDC,92114505,1.98,4.36
2024-07-17,Uniswap V3,Optimism,7.82,USDT,84731528,1.66,3.7
2024-07-17,Uniswap V3,Optimism,7.94,DAI,106930224,2.19,3.44
2024-07-17,Uniswap V3,Polygon,9.22,USDC,94974436,0.9,3.16
2024-07-17,Uniswap V3,Polygon,9.7,USDT,90253541,0.88,2.55
2024-07-17,Uniswap V3,Polygon,7.91,DAI,90944839,0.73,3.66
2024-07-17,Uniswap V3,Base,7.54,USDC,100837488,1.41,5.23
2024-07-17,Uniswap V3,Base,9.13,DAI,97125992,1.47,3.09
2024-07-17,Yearn,Ethereum,5.21,USDC,117125802,15.8,0
2024-07-17,Yearn,Ethereum,5.09,USDT,124793914,15.43,0
2024-07-17,Yearn,Ethereum,5.09,DAI,120049549,15.48,0
2024-07-17,Yearn,Arbitrum,6.07,USDC,114169786,2.63,5.6
2024-07-17,Yearn,Arbitrum,7.35,USDT,117189805,2.62,5.04
2024-07-17,Yearn,Arbitrum,6.38,DAI,115174481,2.75,5.63
2024-07-17,Yearn,Optimism,6.04,USDC,117412725,1.93,4.43
2024-07-17,Yearn,Optimism,5.9,USDT,126054846,1.48,3.82
2024-07-17,Yearn,Optimism,6.69,DAI,127750856,1.89,5.22
2024-07-17,Yearn,Polygon,7.09,USDC,117889515,1.0,3.02
2024-07-17,Yearn,Polygon,7.01,USDT,120775188,0.89,3.25
2024-07-17,Yearn,Polygon,6.05,DAI,115144789,0.92,2.75
2024-07-17,Yearn,Base,6.5,DAI,124568356,1.81,3.83
2024-07-17,Pendle,Ethereum,8.79,USDC,63936976,18.7,0
2024-07-17,Pendle,Ethereum,10.1,USDT,75998228,19.8,0
2024-07-17,Pendle,Arbitrum,11.39,USDC,76019348,2.29,3.25
2024-07-17,Pendle,Arbitrum,11.25,USDT,87301790,2.34,5.53
2024-07-17,Pendle,Arbitrum,10.52,DAI,81135361,2.66,3.72
2024-07-17,Pendle,Optimism,11.52,USDC,79376695,2.02,4.49
2024-07-17,Pendle,Optimism,11.88,USDT,80019250,1.72,4.57
2024-07-17,Pendle,Optimism,11.36,DAI,70514756,1.89,3.65
2024-07-17,Pendle,Base,9.41,USDC,74044447,1.59,4.01
2024-07-17,Pendle,Base,10.71,DAI,73967840,1.59,5.22
2024-07-17,Convex,Ethereum,6.41,USDC,151667461,17.52,0
2024-07-17,Convex,Ethereum,6.1,USDT,168139880,22.28,0
2024-07-17,Convex,Ethereum,5.5,DAI,154859538,18.28,0
2024-07-17,Balancer,Ethereum,6.55,USDC,112727254,16.15,0
2024-07-17,Balancer,Ethereum,6.47,USDT,105568364,15.65,0
2024-07-17,Balancer,Ethereum,5.74,DAI,113323088,15.14,0
2024-07-17,Balancer,Arbitrum,8.83,USDC,103765591,1.92,5.96
2024-07-17,Balancer,Arbitrum,8.0,USDT,108302100,2.25,3.73
2024-07-17,Balancer,Arbitrum,8.34,DAI,108559116,2.53,4.07
2024-07-17,Balancer,Optimism,8.26,USDC,105869717,1.66,4.13
2024-07-17,Balancer,Optimism,8.29,USDT,113528110,2.11,3.56
2024-07-17,Balancer,Optimism,7.68,DAI,102695534,2.01,2.17
2024-07-17,Balancer,Polygon,8.02,USDC,113799224,0.84,2.75
2024-07-17,Balancer,Polygon,7.91,USDT,104348321,0.83,2.69
2024-07-17,Balancer,Polygon,9.06,DAI,107627874,0.95,2.92
2024-07-17,Balancer,Base,7.64,USDC,115124414,1.73,5.35
2024-07-17,Balancer,Base,8.52,USDT,110646487,1.4,5.01
2024-07-18,Aave,Ethereum,3.29,USDC,242044874,17.71,0
2024-07-18,Aave,Ethereum,3.79,USDT,239579036,16.06,0
2024-07-18,Aave,Ethereum,4.07,DAI,242004443,21.49,0
2024-07-18,Aave,Arbitrum,5.78,USDC,235641714,2.56,5.49
2024-07-18,Aave,Arbitrum,5.06,USDT,231072598,2.16,5.58
2024-07-18,Aave,Arbitrum,4.59,DAI,258728953,2.5,3.49
2024-07-18,Aave,Optimism,5.51,USDC,232055282,1.78,4.18
2024-07-18,Aave,Optimism,4.92,USDT,237477192,1.56,3.75
2024-07-18,Aave,Optimism,4.53,DAI,246061406,2.33,5.2
2024-07-18,Aave,Polygon,5.4,USDC,256191112,0.86,2.83
2024-07-18,Aave,Polygon,4.92,USDT,238695137,1.06,2.97
2024-07-18,Aave,Polygon,5.05,DAI,261060772,1.01,2.39
2024-07-18,Aave,Base,4.5,USDC,253564205,1.37,5.18
2024-07-18,Aave,Base,4.67,USDT,251707576,1.17,4.38
2024-07-18,Aave,Base,4.99,DAI,246799829,1.41,4.42
2024-07-18,Compound,Ethereum,3.5,USDC,172933764,17.22,0
2024-07-18,Compound,Ethereum,3.78,USDT,182034899,18.68,0
2024-07-18,Compound,Ethereum,3.23,DAI,184731342,16.65,0
2024-07-18,Compound,Arbitrum,5.01,USDC,159442980,2.11,3.71
2024-07-18,Compound,Arbitrum,5.03,USDT,168079027,1.88,5.97
2024-07-18,Compound,Arbitrum,4.59,DAI,161098630,2.69,4.89
2024-07-18,Compound,Optimism,5.13,USDC,170053406,1.87,2.45
2024-07-18,Compound,Optimism,4.52,USDT,150219873,2.06,4.32
2024-07-18,Compound,Optimism,4.46,DAI,189338782,2.13,5.78
2024-07-18,Compound,Polygon,5.22,USDT,186888338,0.75,2.55
2024-07-18,Compound,Polygon,5.05,DAI,181233491,0.92,2.51
2024-07-18,Compound,Base,4.62,USDC,181856744,1.17,4.04
2024-07-18,Compound,Base,4.39,USDT,176450872,1.28,4.09
2024-07-18,Compound,Base,4.12,DAI,192003079,1.63,3.35
2024-07-18,Curve,Ethereum,6.5,USDC,318810584,17.84,0
2024-07-18,Curve,Ethereum,6.29,USDT,321428931,19.67,0
2024-07-18,Curve,Ethereum,6.72,DAI,341442077,12.83,0
2024-07-18,Curve,Arbitrum,7.88,USDC,337560189,2.71,5.51
2024-07-18,Curve,Arbitrum,7.67,USDT,337230315,2.22,5.49
2024-07-18,Curve,Arbitrum,5.78,DAI,301530344,2.42,4.26
2024-07-18,Curve,Optimism,6.89,USDC,321142208,1.94,2.22
2024-07-18,Curve,Optimism,5.93,USDT,284991398,1.48,4.26
2024-07-18,Curve,Optimism,6.68,DAI,323885489,1.76,3.95
2024-07-18,Curve,Polygon,7.86,USDC,301940644,0.99,2.21
2024-07-18,Curve,Polygon,8.17,USDT,310173389,1.23,2.32
2024-07-18,Curve,Base,7.13,USDC,332103606,1.3,5.2
2024-07-18,Curve,Base,6.23,USDT,308166034,1.78,3.79
2024-07-18,Curve,Base,7.49,DAI,364113201,1.42,4.03
2024-07-18,Uniswap V3,Ethereum,7.27,USDC,81076579,16.54,0
2024-07-18,Uniswap V3,Ethereum,7.24,USDT,90067088,16.75,0
2024-07-18,Uniswap V3,Ethereum,7.72,DAI,93480705,14.66,0
2024-07-18,Uniswap V3,Arbitrum,8.08,USDC,95645003,2.86,5.72
2024-07-18,Uniswap V3,Arbitrum,8.23,DAI,91935515,2.62,4.46
2024-07-18,Uniswap V3,Optimism,8.02,USDT,96497292,1.87,5.33
2024-07-18,Uniswap V3,Optimism,8.39,DAI,94616566,1.52,4.06
2024-07-18,Uniswap V3,Polygon,8.1,USDC,98191567,0.94,1.85
2024-07-18,Uniswap V3,Polygon,8.59,DAI,95536932,0.88,3.2
2024-07-18,Uniswap V3,Base,10.69,USDC,91465630,1.83,3.6
2024-07-18,Uniswap V3,Base,8.01,USDT,91110462,1.52,4.47
2024-07-18,Uniswap V3,Base,8.89,DAI,95441115,1.8,3.72
2024-07-18,Yearn,Ethereum,5.7,USDC,107924840,18.76,0
2024-07-18,Yearn,Ethereum,5.33,USDT,133980546,18.47,0
2024-07-18,Yearn,Ethereum,5.09,DAI,117460473,19.92,0
2024-07-18,Yearn,Arbitrum,5.89,USDC,116354841,2.03,5.67
2024-07-18,Yearn,Arbitrum,6.54,USDT,111322634,2.54,4.76
2024-07-18,Yearn,Arbitrum,5.35,DAI,120944824,2.19,3.42
2024-07-18,Yearn,Optimism,5.55,USDC,112350935,2.02,3.68
2024-07-18,Yearn,Optimism,5.94,USDT,117688729,1.73,3.1
2024-07-18,Yearn,Optimism,5.48,DAI,126914750,1.76,3.81
2024-07-18,Yearn,Polygon,6.84,USDC,120997897,0.65,2.75
2024-07-18,Yearn,Polygon,7.13,USDT,120701663,0.9,3.88
2024-07-18,Yearn,Base,6.67,USDC,120592438,1.33,5.34
2024-07-18,Yearn,Base,5.47,USDT,118975957,1.38,3.86
2024-07-18,Yearn,Base,6.51,DAI,127733280,1.36,3.4
2024-07-18,Pendle,Ethereum,9.89,USDC,71750376,16.34,0
2024-07-18,Pendle,Ethereum,8.8,USDT,72678369,18.8,0
2024-07-18,Pendle,Ethereum,10.75,DAI,74485544,22.91,0
2024-07-18,Pendle,Arbitrum,10.71,USDT,78433256,2.26,5.68
2024-07-18,Pendle,Optimism,8.92,USDC,77247563,2.2,4.84
2024-07-18,Pendle,Optimism,14.6,USDT,79171003,1.81,3.22
2024-07-18,Pendle,Optimism,10.85,DAI,75601858,1.54,3.27
2024-07-18,Pendle,Base,8.81,USDC,77233025,1.03,4.15
2024-07-18,Pendle,Base,10.44,USDT,77388723,1.15,2.84
2024-07-18,Pendle,Base,11.2,DAI,67541210,1.14,4.21
2024-07-18,Convex,Ethereum,5.13,USDC,150944251,19.48,0
2024-07-18,Convex,Ethereum,5.72,USDT,148984310,18.0,0
2024-07-18,Convex,Ethereum,5.36,DAI,152022068,15.17,0
2024-07-18,Balancer,Ethereum,5.97,USDC,104185752,19.73,0
2024-07-18,Balancer,Ethereum,6.75,USDT,111495535,16.19,0
2024-07-18,Balancer,Ethereum,5.87,DAI,105260704,21.0,0
2024-07-18,Balancer,Arbitrum,7.97,USDC,105096011,2.49,5.87
2024-07-18,Balancer,Arbitrum,7.92,USDT,103345165,2.59,4.82
2024-07-18,Balancer,Arbitrum,7.08,DAI,108975064,1.96,3.46
2024-07-18,Balancer,Optimism,7.17,USDC,105187228,2.04,3.73
2024-07-18,Balancer,Optimism,7.45,USDT,120340941,1.67,3.0
2024-07-18,Balancer,Optimism,7.1,DAI,100271221,1.08,2.48
2024-07-18,Balancer,Polygon,9.0,USDC,104384103,1.05,3.56
2024-07-18,Balancer,Polygon,8.13,USDT,105456099,0.82,2.25
2024-07-18,Balancer,Polygon,9.66,DAI,108319320,1.09,2.39
2024-07-18,Balancer,Base,7.85,USDC,121817580,1.46,4.66
2024-07-18,Balancer,Base,8.45,USDT,118815286,1.8,4.71
2024-07-18,Balancer,Base,7.93,DAI,99565237,1.55,3.33
2024-07-19,Aave,Ethereum,3.78,USDC,264401347,24.38,0
2024-07-19,Aave,Ethereum,4.64,USDT,245417490,18.84,0
2024-07-19,Aave,Ethereum,3.97,DAI,256813502,19.09,0
2024-07-19,Aave,Arbitrum,3.95,USDT,231038462,2.3,5.05
2024-07-19,Aave,Arbitrum,4.87,DAI,245039238,2.71,5.52
2024-07-19,Aave,Optimism,4.92,USDC,231474002,1.61,4.61
2024-07-19,Aave,Optimism,4.27,USDT,248278370,1.69,3.21
2024-07-19,Aave,Optimism,4.83,DAI,257691851,1.98,3.8
2024-07-19,Aave,Polygon,5.54,USDC,238181897,1.08,2.48
2024-07-19,Aave,Polygon,5.44,USDT,244991071,1.03,3.29
2024-07-19,Aave,Polygon,4.67,DAI,237183737,0.93,3.55
2024-07-19,Aave,Base,4.25,USDC,237627390,1.36,4.74
2024-07-19,Aave,Base,4.83,USDT,240702832,1.37,3.67
2024-07-19,Aave,Base,4.8,DAI,255743511,1.43,4.04
2024-07-19,Compound,Ethereum,3.85,USDC,171227974,14.85,0
2024-07-19,Compound,Ethereum,4.11,DAI,177097068,15.34,0
2024-07-19,Compound,Arbitrum,3.8,USDC,187620260,2.42,4.54
2024-07-19,Compound,Arbitrum,4.86,USDT,176624488,2.9,2.69
2024-07-19,Compound,Arbitrum,4.12,DAI,164498385,1.95,4.01
2024-07-19,Compound,Optimism,3.34,USDC,164243794,1.71,4.09
2024-07-19,Compound,Optimism,4.74,USDT,180469622,1.89,3.97
2024-07-19,Compound,Optimism,4.31,DAI,180410852,1.55,5.17
2024-07-19,Compound,Polygon,5.05,USDC,175352580,0.86,2.27
2024-07-19,Compound,Polygon,4.97,USDT,169628980,0.85,2.98
2024-07-19,Compound,Polygon,5.18,DAI,169567654,0.78,2.53
2024-07-19,Compound,Base,3.96,USDC,175904509,1.56,3.76
2024-07-19,Compound,Base,3.59,DAI,179891337,1.19,4.62
2024-07-19,Curve,Ethereum,6.5,USDC,313995240,14.13,0
2024-07-19,Curve,Ethereum,7.08,USDT,345150439,17.16,0
2024-07-19,Curve,Ethereum,6.15,DAI,302954538,18.65,0
2024-07-19,Curve,Arbitrum,7.85,USDT,330107675,2.56,4.7
2024-07-19,Curve,Arbitrum,8.15,DAI,332738710,2.26,7.19
2024-07-19,Curve,Optimism,7.24,USDC,313068334,2.0,5.17
2024-07-19,Curve,Optimism,6.6,USDT,312600146,2.15,4.61
2024-07-19,Curve,Optimism,6.61,DAI,332099905,2.24,3.15
2024-07-19,Curve,Polygon,8.39,USDC,329727528,0.86,3.5
2024-07-19,Curve,Polygon,9.0,USDT,282216336,0.94,3.06
2024-07-19,Curve,Polygon,6.99,DAI,346457027,0.86,3.6
2024-07-19,Curve,Base,6.74,USDC,315889593,1.25,3.55
2024-07-19,Curve,Base,7.06,USDT,303563279,1.04,4.93
2024-07-19,Uniswap V3,Ethereum,5.17,USDT,93862389,22.15,0
2024-07-19,Uniswap V3,Ethereum,7.04,DAI,84220780,21.01,0
2024-07-19,Uniswap V3,Arbitrum,7.73,USDC,96615133,2.16,6.1
2024-07-19,Uniswap V3,Arbitrum,7.84,USDT,95562563,1.94,4.68
2024-07-19,Uniswap V3,Arbitrum,7.86,DAI,85956859,2.09,5.0
2024-07-19,Uniswap V3,Optimism,8.54,USDC,94054239,1.77,3.04
2024-07-19,Uniswap V3,Optimism,8.14,USDT,91490847,1.81,4.15
2024-07-19,Uniswap V3,Optimism,7.94,DAI,92382906,1.48,3.91
2024-07-19,Uniswap V3,Polygon,9.44,USDC,95669741,0.97,3.04
2024-07-19,Uniswap V3,Polygon,9.9,USDT,91514869,1.26,3.62
2024-07-19,Uniswap V3,Polygon,8.33,DAI,82415715,0.72,3.6
2024-07-19,Uniswap V3,Base,8.08,USDC,92152747,1.77,4.78
2024-07-19,Uniswap V3,Base,9.25,USDT,89866999,1.03,3.26
2024-07-19,Uniswap V3,Base,7.62,DAI,83866202,1.29,3.91
2024-07-19,Yearn,Ethereum,4.86,USDC,122227252,18.34,0
2024-07-19,Yearn,Ethereum,5.33,USDT,113538957,18.87,0
2024-07-19,Yearn,Ethereum,4.88,DAI,120031227,16.78,0
2024-07-19,Yearn,Arbitrum,5.18,USDT,113171565,2.41,5.05
2024-07-19,Yearn,Arbitrum,6.31,DAI,109019936,2.75,3.72
2024-07-19,Yearn,Polygon,6.08,USDC,114330083,0.9,2.54
2024-07-19,Yearn,Polygon,6.99,USDT,120845825,1.34,3.43
2024-07-19,Yearn,Polygon,6.07,DAI,109875838,0.81,2.7
2024-07-19,Yearn,Base,6.3,USDC,114237236,1.71,2.77
2024-07-19,Yearn,Base,5.87,USDT,119570344,1.27,3.74
2024-07-19,Yearn,Base,5.16,DAI,115227011,1.31,4.39
2024-07-19,Pendle,Ethereum,8.83,USDC,67250250,19.52,0
2024-07-19,Pendle,Ethereum,8.82,USDT,70974079,20.23,0
2024-07-19,Pendle,Ethereum,7.54,DAI,71900750,19.92,0
2024-07-19,Pendle,Arbitrum,10.22,USDC,74054744,1.96,5.28
2024-07-19,Pendle,Arbitrum,12.09,USDT,70841571,2.17,6.23
2024-07-19,Pendle,Arbitrum,10.88,DAI,76215669,2.94,3.63
2024-07-19,Pendle,Optimism,10.72,USDC,81840582,1.45,3.91
2024-07-19,Pendle,Optimism,10.53,USDT,70774375,1.42,3.89
2024-07-19,Pendle,Optimism,11.5,DAI,75658835,1.5,1.96
2024-07-19,Pendle,Base,10.74,USDC,74662657,1.65,3.02
2024-07-19,Pendle,Base,10.95,USDT,72912545,1.3,3.01
2024-07-19,Pendle,Base,10.58,DAI,76027746,1.22,3.84
2024-07-19,Convex,Ethereum,4.75,USDC,144147259,19.36,0
2024-07-19,Convex,Ethereum,6.45,USDT,151821078,13.91,0
2024-07-19,Convex,Ethereum,4.93,DAI,140972881,10.79,0
2024-07-19,Balancer,Ethereum,6.82,USDC,113605100,19.46,0
2024-07-19,Balancer,Ethereum,5.09,DAI,114313082,19.24,0
2024-07-19,Balancer,Arbitrum,8.04,USDC,103668427,2.42,4.3
2024-07-19,Balancer,Arbitrum,8.17,USDT,114240040,1.93,5.39
2024-07-19,Balancer,Arbitrum,6.69,DAI,99657982,2.67,6.23
2024-07-19,Balancer,Optimism,7.81,USDC,109924058,2.31,3.37
2024-07-19,Balancer,Optimism,8.0,USDT,97430199,1.73,5.48
2024-07-19,Balancer,Optimism,7.55,DAI,108546082,2.1,2.04
2024-07-19,Balancer,Polygon,8.04,USDC,102199921,1.13,2.57
2024-07-19,Balancer,Polygon,8.59,DAI,106807170,0.78,3.57
2024-07-19,Balancer,Base,8.3,USDC,112421998,1.72,4.71
2024-07-19,Balancer,Base,8.36,USDT,108409639,1.58,2.63
2024-07-19,Balancer,Base,8.53,DAI,105815803,1.58,3.57
2024-07-20,Aave,Ethereum,4.21,USDC,238347814,13.34,0
2024-07-20,Aave,Ethereum,3.36,USDT,250932605,12.34,0
2024-07-20,Aave,Ethereum,4.07,DAI,226054963,9.59,0
2024-07-20,Aave,Arbitrum,4.85,USDC,245247640,1.47,4.69
2024-07-20,Aave,Arbitrum,3.62,USDT,239842600,1.51,6.3
2024-07-20,Aave,Arbitrum,4.67,DAI,234292109,1.39,3.22
2024-07-20,Aave,Optimism,4.62,USDC,245309631,1.48,5.09
2024-07-20,Aave,Optimism,4.49,USDT,240113932,1.46,4.49
2024-07-20,Aave,Optimism,4.34,DAI,256909461,1.33,3.19
2024-07-20,Aave,Polygon,5.22,USDC,246357610,0.81,2.75
2024-07-20,Aave,Polygon,4.47,USDT,266543779,0.78,3.25
2024-07-20,Aave,Polygon,5.89,DAI,263879364,0.8,2.27
2024-07-20,Aave,Base,4.38,USDC,261492952,1.01,3.63
2024-07-20,Aave,Base,3.92,USDT,249769498,1.06,4.77
2024-07-20,Aave,Base,5.74,DAI,252038539,0.86,3.88
2024-07-20,Compound,Ethereum,3.87,USDC,186557772,11.17,0
2024-07-20,Compound,Ethereum,4.2,USDT,181259726,15.36,0
2024-07-20,Compound,Ethereum,3.93,DAI,179337716,9.0,0
2024-07-20,Compound,Arbitrum,5.49,USDC,169418109,1.15,6.61
2024-07-20,Compound,Optimism,4.29,USDC,177425865,1.24,3.0
2024-07-20,Compound,Optimism,4.83,USDT,173726258,0.96,4.41
2024-07-20,Compound,Optimism,4.46,DAI,166186257,1.36,3.2
2024-07-20,Compound,Polygon,5.06,USDC,174955809,0.67,1.94
2024-07-20,Compound,Polygon,4.52,USDT,167545069,0.75,3.99
2024-07-20,Compound,Polygon,4.99,DAI,158683971,0.59,2.27
2024-07-20,Compound,Base,4.48,USDC,179077196,1.18,3.98
2024-07-20,Compound,Base,4.45,USDT,164996665,1.05,3.16
2024-07-20,Compound,Base,4.31,DAI,176523604,0.88,4.55
2024-07-20,Curve,Ethereum,6.25,USDT,277490013,7.69,0
2024-07-20,Curve,Ethereum,5.72,DAI,312174861,14.2,0
2024-07-20,Curve,Arbitrum,8.5,USDC,326388879,1.7,5.63
2024-07-20,Curve,Arbitrum,7.22,USDT,290617470,1.42,7.65
2024-07-20,Curve,Arbitrum,7.87,DAI,314884279,1.87,3.98
2024-07-20,Curve,Optimism,6.57,USDC,309851349,1.03,3.74
2024-07-20,Curve,Optimism,8.2,USDT,294325430,1.34,4.18
2024-07-20,Curve,Optimism,7.73,DAI,321364029,1.08,5.43
2024-07-20,Curve,Polygon,7.63,USDT,327492531,0.61,2.97
2024-07-20,Curve,Polygon,7.9,DAI,341011344,0.65,3.14
2024-07-20,Curve,Base,7.68,USDC,336880244,1.06,4.51
2024-07-20,Curve,Base,6.2,DAI,300327272,0.85,3.42
2024-07-20,Uniswap V3,Ethereum,7.84,USDC,93362258,8.3,0
2024-07-20,Uniswap V3,Ethereum,6.36,USDT,87796469,13.29,0
2024-07-20,Uniswap V3,Ethereum,7.32,DAI,89890530,10.62,0
2024-07-20,Uniswap V3,Arbitrum,10.5,USDC,85663101,1.81,4.48
2024-07-20,Uniswap V3,Arbitrum,8.47,USDT,91542322,2.05,4.89
2024-07-20,Uniswap V3,Arbitrum,8.81,DAI,92529023,1.6,5.46
2024-07-20,Uniswap V3,Optimism,7.35,USDC,89924985,1.29,4.65
2024-07-20,Uniswap V3,Optimism,6.81,USDT,80133428,1.19,3.94
2024-07-20,Uniswap V3,Optimism,7.72,DAI,99033064,1.33,4.04
2024-07-20,Uniswap V3,Polygon,9.04,USDC,95184667,0.59,3.74
2024-07-20,Uniswap V3,Polygon,7.64,USDT,98927178,0.66,4.04
2024-07-20,Uniswap V3,Polygon,8.65,DAI,86541852,0.68,3.07
2024-07-20,Uniswap V3,Base,7.93,USDC,100413168,1.09,5.05
2024-07-20,Uniswap V3,Base,8.09,USDT,90365240,0.97,3.47
2024-07-20,Uniswap V3,Base,9.75,DAI,94114772,0.96,3.58
2024-07-20,Yearn,Ethereum,4.16,USDC,117516562,10.85,0
2024-07-20,Yearn,Ethereum,4.97,DAI,118742628,11.48,0
2024-07-20,Yearn,Arbitrum,7.98,USDC,122490144,1.94,4.79
2024-07-20,Yearn,Arbitrum,6.63,USDT,123049406,1.88,5.62
2024-07-20,Yearn,Arbitrum,6.42,DAI,111763369,1.5,4.73
2024-07-20,Yearn,Optimism,5.23,USDC,106244424,1.05,3.15
2024-07-20,Yearn,Optimism,5.69,USDT,107503701,0.76,5.36
2024-07-20,Yearn,Optimism,5.05,DAI,106949268,1.25,2.53
2024-07-20,Yearn,Polygon,6.69,USDC,120096387,0.74,2.89
2024-07-20,Yearn,Polygon,5.44,DAI,109996924,0.62,3.38
2024-07-20,Yearn,Base,6.29,USDC,108642757,0.93,4.51
2024-07-20,Yearn,Base,5.39,USDT,116670066,0.88,3.62
2024-07-20,Pendle,Ethereum,8.79,USDT,70764018,10.37,0
2024-07-20,Pendle,Ethereum,10.31,DAI,73360136,13.69,0
2024-07-20,Pendle,Arbitrum,10.19,USDC,75780504,1.48,4.72
2024-07-20,Pendle,Arbitrum,10.66,USDT,70558389,1.76,4.13
2024-07-20,Pendle,Arbitrum,11.12,DAI,75079846,1.66,4.51
2024-07-20,Pendle,Optimism,11.54,USDC,76279512,1.46,4.87
2024-07-20,Pendle,Optimism,10.06,USDT,67572649,1.36,4.09
2024-07-20,Pendle,Optimism,10.12,DAI,73693566,1.31,3.62
2024-07-20,Pendle,Base,11.22,USDC,78169671,0.85,2.85
2024-07-20,Pendle,Base,11.02,USDT,71654446,0.85,2.84
2024-07-20,Pendle,Base,10.5,DAI,71062225,1.16,2.19
2024-07-20,Convex,Ethereum,5.39,USDT,150736282,11.48,0
2024-07-20,Convex,Ethereum,4.95,DAI,144237919,11.63,0
2024-07-20,Balancer,Ethereum,6.15,USDC,104162121,14.7,0
2024-07-20,Balancer,Ethereum,5.89,USDT,110818896,11.94,0
2024-07-20,Balancer,Ethereum,6.03,DAI,106505273,11.05,0
2024-07-20,Balancer,Arbitrum,7.22,USDT,110325833,1.53,5.32
2024-07-20,Balancer,Optimism,7.43,USDC,103026856,1.29,3.84
2024-07-20,Balancer,Optimism,7.78,USDT,109149132,1.02,3.77
2024-07-20,Balancer,Optimism,7.56,DAI,108037166,1.13,3.72
2024-07-20,Balancer,Polygon,8.06,USDT,101183424,0.59,2.62
2024-07-20,Balancer,Base,8.38,USDC,111829341,0.84,3.63
2024-07-20,Balancer,Base,6.29,USDT,100968358,0.91,5.24
2024-07-20,Balancer,Base,7.06,DAI,92803165,0.88,4.09
2024-07-21,Aave,Ethereum,4.28,USDC,239513030,13.31,0
2024-07-21,Aave,Ethereum,4.03,USDT,228051020,10.36,0
2024-07-21,Aave,Arbitrum,5.14,USDC,214713006,1.79,5.69
2024-07-21,Aave,Arbitrum,4.07,USDT,238302452,1.31,5.79
2024-07-21,Aave,Arbitrum,4.26,DAI,245426506,1.41,3.07
2024-07-21,Aave,Optimism,3.81,USDC,246634012,0.95,3.75
2024-07-21,Aave,Optimism,4.22,USDT,264450562,1.55,3.57
2024-07-21,Aave,Polygon,5.12,USDC,225743374,0.64,2.92
2024-07-21,Aave,Polygon,4.53,USDT,240202936,0.64,4.27
2024-07-21,Aave,Polygon,5.53,DAI,225115558,0.75,2.65
2024-07-21,Aave,Base,3.49,USDC,221801564,0.83,3.54
2024-07-21,Aave,Base,5.22,USDT,231967462,1.14,4.98
2024-07-21,Aave,Base,5.12,DAI,230569670,0.77,4.05
2024-07-21,Compound,Ethereum,3.59,USDC,161032479,14.79,0
2024-07-21,Compound,Ethereum,3.69,USDT,178477003,9.49,0
2024-07-21,Compound,Ethereum,4.31,DAI,168536675,13.02,0
2024-07-21,Compound,Arbitrum,4.66,USDC,187162951,1.79,4.02
2024-07-21,Compound,Arbitrum,4.96,USDT,177488350,1.75,6.31
2024-07-21,Compound,Arbitrum,4.28,DAI,162750895,1.57,4.38
2024-07-21,Compound,Optimism,4.63,USDC,168018064,1.45,2.95
2024-07-21,Compound,Optimism,4.26,USDT,182905537,1.1,3.17
2024-07-21,Compound,Polygon,4.34,USDC,166926534,0.51,2.42
2024-07-21,Compound,Polygon,4.78,USDT,176068531,0.74,2.66
2024-07-21,Compound,Polygon,4.44,DAI,186784865,0.49,4.6
2024-07-21,Compound,Base,4.25,USDC,177484073,0.67,3.92
2024-07-21,Compound,Base,4.33,DAI,180761549,1.14,3.99
2024-07-21,Curve,Ethereum,5.91,USDC,284436674,7.34,0
2024-07-21,Curve,Ethereum,5.81,USDT,265709773,12.74,0
2024-07-21,Curve,Ethereum,6.89,DAI,304922600,8.19,0
2024-07-21,Curve,Arbitrum,9.29,USDC,297168815,1.61,5.38
2024-07-21,Curve,Arbitrum,7.97,USDT,285803271,1.34,3.92
2024-07-21,Curve,Optimism,8.66,USDC,300287121,1.0,5.35
2024-07-21,Curve,Optimism,7.55,USDT,308761597,1.11,3.15
2024-07-21,Curve,Optimism,6.58,DAI,300457802,0.84,3.69
2024-07-21,Curve,Polygon,7.39,USDC,282643193,0.84,3.79
2024-07-21,Curve,Polygon,9.47,USDT,310972575,0.5,2.95
2024-07-21,Curve,Polygon,8.65,DAI,298239140,0.51,2.5
2024-07-21,Curve,Base,8.0,USDC,289707207,1.12,4.62
2024-07-21,Curve,Base,7.36,USDT,306234187,1.26,4.36
2024-07-21,Curve,Base,9.32,DAI,337704581,0.85,5.17
2024-07-21,Uniswap V3,Ethereum,7.99,USDC,85643902,11.6,0
2024-07-21,Uniswap V3,Ethereum,6.74,USDT,89702633,12.15,0
2024-07-21,Uniswap V3,Ethereum,5.41,DAI,88556864,11.35,0
2024-07-21,Uniswap V3,Arbitrum,6.89,USDC,92618464,1.25,5.71
2024-07-21,Uniswap V3,Arbitrum,8.89,USDT,83364516,1.49,3.32
2024-07-21,Uniswap V3,Arbitrum,6.14,DAI,91700865,1.18,5.49
2024-07-21,Uniswap V3,Optimism,8.34,USDC,89730211,1.01,3.28
2024-07-21,Uniswap V3,Optimism,8.7,USDT,96010221,1.45,4.12
2024-07-21,Uniswap V3,Polygon,9.79,USDC,95994396,0.67,2.51
2024-07-21,Uniswap V3,Polygon,10.29,DAI,94152744,0.65,3.38
2024-07-21,Uniswap V3,Base,7.4,USDC,96166361,0.94,3.68
2024-07-21,Uniswap V3,Base,8.39,USDT,88986931,1.13,1.55
2024-07-21,Uniswap V3,Base,8.15,DAI,85343251,0.77,4.17
2024-07-21,Yearn,Ethereum,5.25,USDT,113186409,12.0,0
2024-07-21,Yearn,Ethereum,5.68,DAI,111938974,14.25,0
2024-07-21,Yearn,Arbitrum,5.9,USDC,116278463,0.82,6.26
2024-07-21,Yearn,Arbitrum,4.81,USDT,121081797,1.11,3.5
2024-07-21,Yearn,Arbitrum,6.8,DAI,117579520,1.32,4.29
2024-07-21,Yearn,Optimism,6.59,USDT,115259514,1.54,4.64
2024-07-21,Yearn,Optimism,6.4,DAI,103691282,1.29,3.89
2024-07-21,Yearn,Polygon,6.13,USDC,114050348,0.55,2.83
2024-07-21,Yearn,Polygon,6.43,USDT,121685333,0.53,3.18
2024-07-21,Yearn,Polygon,7.03,DAI,127896653,0.68,2.9
2024-07-21,Yearn,Base,6.45,USDC,110702624,0.92,4.9
2024-07-21,Yearn,Base,5.8,USDT,112459959,0.74,2.9
2024-07-21,Yearn,Base,5.46,DAI,112020357,1.04,4.35
2024-07-21,Pendle,Ethereum,11.01,USDC,70180678,11.99,0
2024-07-21,Pendle,Ethereum,9.22,USDT,69325963,11.25,0
2024-07-21,Pendle,Ethereum,12.31,DAI,67972342,14.81,0
2024-07-21,Pendle,Arbitrum,13.9,USDC,69995389,1.71,5.72
2024-07-21,Pendle,Arbitrum,12.06,USDT,72970625,1.4,4.14
2024-07-21,Pendle,Arbitrum,10.7,DAI,77046013,1.44,3.97
2024-07-21,Pendle,Optimism,11.81,USDC,75845369,1.03,4.57
2024-07-21,Pendle,Optimism,10.56,USDT,61979319,0.86,3.21
2024-07-21,Pendle,Optimism,9.64,DAI,74986431,1.41,4.26
2024-07-21,Pendle,Base,10.59,USDC,66051729,1.1,3.38
2024-07-21,Pendle,Base,10.81,USDT,74119266,1.02,4.35
2024-07-21,Pendle,Base,9.09,DAI,68519939,1.16,4.64
2024-07-21,Convex,Ethereum,6.07,USDT,138263419,13.76,0
2024-07-21,Convex,Ethereum,5.89,DAI,135402043,14.54,0
2024-07-21,Balancer,Ethereum,6.1,USDC,102885467,8.87,0
2024-07-21,Balancer,Ethereum,6.38,USDT,101325538,12.51,0
2024-07-21,Balancer,Ethereum,6.47,DAI,100137454,11.2,0
2024-07-21,Balancer,Arbitrum,7.96,USDC,104912766,1.58,6.45
2024-07-21,Balancer,Arbitrum,7.91,USDT,109361812,1.59,5.14
2024-07-21,Balancer,Arbitrum,7.69,DAI,109305515,1.79,5.67
2024-07-21,Balancer,Optimism,8.38,USDC,104215984,1.29,2.9
2024-07-21,Balancer,Optimism,7.75,USDT,102511939,1.56,2.79
2024-07-21,Balancer,Optimism,8.65,DAI,90147947,0.86,4.15
2024-07-21,Balancer,Polygon,9.06,USDC,102827189,0.63,3.38
2024-07-21,Balancer,Polygon,7.05,USDT,108753861,0.76,3.28
2024-07-21,Balancer,Polygon,7.64,DAI,103622004,0.59,1.94
2024-07-21,Balancer,Base,7.04,USDC,101124398,1.05,6.26
2024-07-21,Balancer,Base,8.92,USDT,92036389,0.88,5.43
2024-07-21,Balancer,Base,6.46,DAI,108179821,1.17,4.56
2024-07-22,Aave,Ethereum,4.4,USDC,242245589,20.7,0
2024-07-22,Aave,Ethereum,4.85,USDT,245099208,19.16,0
2024-07-22,Aave,Ethereum,4.59,DAI,242002140,13.93,0
2024-07-22,Aave,Arbitrum,4.57,USDC,248536082,2.59,4.82
2024-07-22,Aave,Arbitrum,5.31,USDT,238762846,2.58,5.09
2024-07-22,Aave,Arbitrum,4.49,DAI,244604668,1.85,4.18
2024-07-22,Aave,Optimism,4.42,USDT,239565801,1.75,5.29
2024-07-22,Aave,Optimism,4.89,DAI,241367224,1.95,3.47
2024-07-22,Aave,Polygon,4.81,USDC,231779234,0.98,2.97
2024-07-22,Aave,Polygon,5.72,USDT,243614945,0.96,3.39
2024-07-22,Aave,Polygon,5.19,DAI,255809751,0.82,2.57
2024-07-22,Aave,Base,4.97,USDC,225400044,1.68,4.25
2024-07-22,Aave,Base,4.74,USDT,221879106,1.32,4.48
2024-07-22,Aave,Base,4.19,DAI,227050671,1.33,4.23
2024-07-22,Compound,Ethereum,4.07,USDC,156328406,15.39,0
2024-07-22,Compound,Ethereum,3.8,USDT,180396680,10.69,0
2024-07-22,Compound,Ethereum,3.48,DAI,168264789,20.99,0
2024-07-22,Compound,Arbitrum,4.68,USDC,171456280,1.83,2.34
2024-07-22,Compound,Arbitrum,5.15,USDT,157978753,2.9,5.27
2024-07-22,Compound,Arbitrum,5.02,DAI,169044744,2.49,4.56
2024-07-22,Compound,Optimism,4.13,USDT,185154173,1.82,5.4
2024-07-22,Compound,Optimism,4.22,DAI,173583669,2.54,3.69
2024-07-22,Compound,Polygon,4.44,USDC,168048958,1.18,2.33
2024-07-22,Compound,Polygon,5.22,USDT,171160489,0.91,2.06
2024-07-22,Compound,Polygon,5.09,DAI,163981312,1.24,3.28
2024-07-22,Compound,Base,4.61,USDC,167970971,1.8,3.33
2024-07-22,Compound,Base,5.04,DAI,180732343,1.54,3.95
2024-07-22,Curve,Ethereum,5.91,USDC,289640430,19.81,0
2024-07-22,Curve,Ethereum,6.7,DAI,283392088,16.17,0
2024-07-22,Curve,Arbitrum,7.58,USDC,327575191,1.99,4.45
2024-07-22,Curve,Arbitrum,7.68,USDT,272909017,2.33,4.41
2024-07-22,Curve,Arbitrum,8.57,DAI,291487052,2.57,6.72
2024-07-22,Curve,Optimism,6.23,USDC,312199635,1.71,3.45
2024-07-22,Curve,Optimism,6.14,USDT,293076864,2.12,2.47
2024-07-22,Curve,Optimism,7.41,DAI,289026941,1.76,4.48
2024-07-22,Curve,Polygon,7.61,USDC,322644866,0.88,2.85
2024-07-22,Curve,Polygon,8.11,USDT,312007713,0.89,3.11
2024-07-22,Curve,Base,8.21,USDC,309616764,1.35,3.23
2024-07-22,Curve,Base,8.29,USDT,306982627,1.4,3.26
2024-07-22,Uniswap V3,Ethereum,5.0,USDC,90698715,22.98,0
2024-07-22,Uniswap V3,Ethereum,4.99,USDT,95286649,16.98,0
2024-07-22,Uniswap V3,Ethereum,7.39,DAI,97337710,15.96,0
2024-07-22,Uniswap V3,Arbitrum,9.1,USDC,92600505,2.59,5.44
2024-07-22,Uniswap V3,Arbitrum,8.65,USDT,90334225,3.26,5.63
2024-07-22,Uniswap V3,Arbitrum,7.38,DAI,95315735,2.53,5.24
2024-07-22,Uniswap V3,Optimism,8.45,USDC,81138044,1.62,2.7
2024-07-22,Uniswap V3,Optimism,7.46,USDT,88004061,1.32,2.99
2024-07-22,Uniswap V3,Optimism,7.83,DAI,81181593,2.07,4.08
2024-07-22,Uniswap V3,Polygon,10.7,USDC,102692337,0.99,3.39
2024-07-22,Uniswap V3,Polygon,9.49,USDT,87969317,0.85,2.91
2024-07-22,Uniswap V3,Polygon,9.73,DAI,87743116,0.94,2.92
2024-07-22,Uniswap V3,Base,10.25,USDC,97431347,1.3,3.2
2024-07-22,Uniswap V3,Base,9.48,USDT,91534769,1.54,3.4
2024-07-22,Uniswap V3,Base,8.19,DAI,82134158,1.37,4.38
2024-07-22,Yearn,Ethereum,5.0,USDC,101455839,22.11,0
2024-07-22,Yearn,Ethereum,5.24,USDT,116294111,15.09,0
2024-07-22,Yearn,Arbitrum,5.46,USDC,120486503,2.41,4.68
2024-07-22,Yearn,Arbitrum,5.12,USDT,112136092,3.06,3.69
2024-07-22,Yearn,Arbitrum,6.74,DAI,106301523,2.71,4.81
2024-07-22,Yearn,Optimism,5.15,USDC,109817796,1.62,4.49
2024-07-22,Yearn,Optimism,5.31,USDT,119234450,1.55,3.51
2024-07-22,Yearn,Optimism,5.4,DAI,110456466,2.02,3.76
2024-07-22,Yearn,Polygon,6.28,USDC,119278852,1.12,3.3
2024-07-22,Yearn,Polygon,5.5,USDT,113779181,1.17,3.17
2024-07-22,Yearn,Polygon,7.22,DAI,114977201,0.91,2.6
2024-07-22,Yearn,Base,5.68,USDC,113152179,1.77,4.0
2024-07-22,Yearn,Base,6.31,USDT,124664499,1.53,3.61
2024-07-22,Yearn,Base,5.61,DAI,112697957,1.38,3.58
2024-07-22,Pendle,Ethereum,8.7,USDC,67324609,16.89,0
2024-07-22,Pendle,Ethereum,10.5,USDT,69971855,19.59,0
2024-07-22,Pendle,Ethereum,7.38,DAI,75451978,21.21,0
2024-07-22,Pendle,Arbitrum,13.05,USDC,68501157,3.06,4.09
2024-07-22,Pendle,Arbitrum,11.37,USDT,61459103,1.94,5.48
2024-07-22,Pendle,Arbitrum,10.38,DAI,75668376,2.38,6.28
2024-07-22,Pendle,Optimism,10.92,USDC,70544831,1.85,3.65
2024-07-22,Pendle,Optimism,10.89,USDT,75534610,1.16,4.14
2024-07-22,Pendle,Optimism,11.69,DAI,70097268,1.34,3.4
2024-07-22,Pendle,Base,11.62,USDC,68740823,1.28,4.8
2024-07-22,Pendle,Base,10.27,DAI,72433945,1.46,3.69
2024-07-22,Convex,Ethereum,5.84,USDC,146191692,15.27,0
2024-07-22,Convex,Ethereum,5.48,USDT,141330693,18.74,0
2024-07-22,Convex,Ethereum,4.94,DAI,151300308,13.33,0
2024-07-22,Balancer,Ethereum,6.6,USDC,96343472,21.53,0
2024-07-22,Balancer,Ethereum,6.98,USDT,101997319,14.73,0
2024-07-22,Balancer,Ethereum,6.41,DAI,114364582,17.91,0
2024-07-22,Balancer,Arbitrum,7.3,USDT,95891224,3.04,6.04
2024-07-22,Balancer,Optimism,7.12,USDC,104567280,1.93,3.16
2024-07-22,Balancer,Optimism,6.88,DAI,97124853,2.01,4.06
2024-07-22,Balancer,Polygon,8.4,USDC,95944452,0.93,4.05
2024-07-22,Balancer,Polygon,8.45,USDT,105835614,0.86,3.51
2024-07-22,Balancer,Polygon,7.45,DAI,106505520,1.06,3.39
2024-07-22,Balancer,Base,8.27,USDC,100891481,1.28,4.2
2024-07-22,Balancer,Base,7.72,USDT,95133906,1.33,3.44
2024-07-22,Balancer,Base,8.88,DAI,98159642,1.58,2.12
2024-07-23,Aave,Ethereum,3.59,USDC,258355122,18.49,0
2024-07-23,Aave,Ethereum,4.18,USDT,212601546,19.63,0
2024-07-23,Aave,Ethereum,4.08,DAI,247510349,18.95,0
2024-07-23,Aave,Arbitrum,4.47,USDC,236133025,2.16,4.06
2024-07-23,Aave,Arbitrum,4.67,USDT,229274805,2.0,5.17
2024-07-23,Aave,Arbitrum,4.92,DAI,243318884,2.49,3.66
2024-07-23,Aave,Optimism,4.81,USDC,233716560,2.02,1.92
2024-07-23,Aave,Optimism,4.47,DAI,232470832,1.89,3.79
2024-07-23,Aave,Polygon,5.02,USDC,240651357,1.0,3.6
2024-07-23,Aave,Polygon,5.58,USDT,220272508,1.0,2.58
2024-07-23,Aave,Polygon,4.86,DAI,263438037,0.94,2.67
2024-07-23,Aave,Base,5.11,USDC,223993491,1.49,3.6
2024-07-23,Aave,Base,4.67,USDT,248649992,1.95,4.42
2024-07-23,Aave,Base,4.83,DAI,241525170,1.69,3.95
2024-07-23,Compound,Ethereum,3.89,USDC,155969779,13.54,0
2024-07-23,Compound,Ethereum,3.38,USDT,155632337,19.88,0
2024-07-23,Compound,Ethereum,4.06,DAI,163323003,17.54,0
2024-07-23,Compound,Arbitrum,5.49,USDC,160445202,2.01,6.02
2024-07-23,Compound,Arbitrum,3.71,USDT,161406843,1.93,5.98
2024-07-23,Compound,Arbitrum,4.74,DAI,169545369,2.19,5.38
2024-07-23,Compound,Optimism,5.41,USDC,178899503,2.08,3.77
2024-07-23,Compound,Optimism,4.59,DAI,158001228,1.79,3.12
2024-07-23,Compound,Polygon,4.34,USDC,180556548,1.0,1.83
2024-07-23,Compound,Polygon,5.36,USDT,169217262,1.01,2.77
2024-07-23,Compound,Polygon,5.49,DAI,178752582,1.01,2.83
2024-07-23,Compound,Base,4.43,USDC,157025357,1.65,4.15
2024-07-23,Compound,Base,4.37,DAI,166430604,1.44,4.04
2024-07-23,Curve,Ethereum,6.82,USDT,288213451,20.27,0
2024-07-23,Curve,Ethereum,5.71,DAI,317027543,19.67,0
2024-07-23,Curve,Arbitrum,6.91,USDC,315872476,2.81,3.53
2024-07-23,Curve,Arbitrum,6.45,USDT,285468268,2.81,3.74
2024-07-23,Curve,Arbitrum,6.37,DAI,323232131,2.8,4.69
2024-07-23,Curve,Optimism,7.56,USDC,308738959,1.68,3.77
2024-07-23,Curve,Optimism,7.28,USDT,314323319,2.03,2.04
2024-07-23,Curve,Optimism,7.58,DAI,304799419,1.93,4.28
2024-07-23,Curve,Polygon,7.85,USDC,318841324,0.75,2.54
2024-07-23,Curve,Polygon,7.84,USDT,305095116,1.07,2.22
2024-07-23,Curve,Polygon,7.94,DAI,283814476,0.71,2.79
2024-07-23,Curve,Base,8.93,USDC,279809791,1.27,5.15
2024-07-23,Curve,Base,7.75,USDT,272420398,1.15,3.89
2024-07-23,Curve,Base,6.95,DAI,283679726,1.44,4.12
2024-07-23,Uniswap V3,Ethereum,7.38,USDC,95929612,21.17,0
2024-07-23,Uniswap V3,Ethereum,7.24,USDT,90104733,15.05,0
2024-07-23,Uniswap V3,Ethereum,5.4,DAI,95272485,21.56,0
2024-07-23,Uniswap V3,Arbitrum,7.18,USDC,81157337,2.68,4.42
2024-07-23,Uniswap V3,Arbitrum,8.92,USDT,93940936,2.27,5.89
2024-07-23,Uniswap V3,Arbitrum,8.52,DAI,93379683,2.37,5.27
2024-07-23,Uniswap V3,Optimism,9.55,USDC,87611066,2.24,2.96
2024-07-23,Uniswap V3,Optimism,8.22,USDT,86167899,1.85,4.12
2024-07-23,Uniswap V3,Optimism,8.01,DAI,92897085,1.57,3.61
2024-07-23,Uniswap V3,Polygon,8.28,USDC,93316015,1.09,2.49
2024-07-23,Uniswap V3,Polygon,9.87,USDT,84572349,1.14,3.01
2024-07-23,Uniswap V3,Polygon,8.68,DAI,79019460,0.71,2.86
2024-07-23,Uniswap V3,Base,7.28,USDC,90832138,1.43,2.01
2024-07-23,Uniswap V3,Base,7.07,USDT,90016640,0.71,3.08
2024-07-23,Uniswap V3,Base,9.37,DAI,89993348,1.25,4.0
2024-07-23,Yearn,Ethereum,4.79,USDC,124078332,19.29,0
2024-07-23,Yearn,Ethereum,4.86,USDT,99173808,17.88,0
2024-07-23,Yearn,Arbitrum,6.06,USDC,122917809,2.6,4.9
2024-07-23,Yearn,Arbitrum,6.16,USDT,117104266,2.58,5.98
2024-07-23,Yearn,Arbitrum,6.21,DAI,116540756,2.33,4.77
2024-07-23,Yearn,Optimism,5.77,USDC,115690187,1.98,4.26
2024-07-23,Yearn,Optimism,7.1,USDT,114270257,1.86,4.62
2024-07-23,Yearn,Optimism,4.52,DAI,113028870,1.92,4.86
2024-07-23,Yearn,Polygon,6.69,USDC,118899145,0.78,2.59
2024-07-23,Yearn,Polygon,6.92,USDT,103229812,1.07,3.54
2024-07-23,Yearn,Polygon,6.0,DAI,121120847,1.0,2.67
2024-07-23,Yearn,Base,5.62,USDC,107380014,1.63,3.95
2024-07-23,Yearn,Base,6.28,USDT,115634795,1.34,4.43
2024-07-23,Pendle,Ethereum,9.86,USDC,71229705,21.59,0
2024-07-23,Pendle,Ethereum,9.5,USDT,71176482,24.51,0
2024-07-23,Pendle,Ethereum,10.43,DAI,71651154,16.33,0
2024-07-23,Pendle,Arbitrum,13.3,USDC,63317383,2.02,4.78
2024-07-23,Pendle,Arbitrum,8.01,USDT,67205223,1.97,4.22
2024-07-23,Pendle,Arbitrum,12.74,DAI,74460398,2.5,2.95
2024-07-23,Pendle,Optimism,10.31,USDT,64785774,1.24,4.35
2024-07-23,Pendle,Optimism,9.94,DAI,68349916,1.94,2.94
2024-07-23,Pendle,Base,9.58,USDC,69819469,1.37,6.01
2024-07-23,Pendle,Base,12.0,USDT,70929356,1.35,5.46
2024-07-23,Pendle,Base,9.22,DAI,67777332,1.51,4.07
2024-07-23,Convex,Ethereum,5.71,USDC,144290640,16.24,0
2024-07-23,Convex,Ethereum,5.8,USDT,149992274,18.16,0
2024-07-23,Convex,Ethereum,5.05,DAI,133651769,13.86,0
2024-07-23,Balancer,Ethereum,6.26,USDC,92615844,18.62,0
2024-07-23,Balancer,Ethereum,6.62,USDT,104378861,17.57,0
2024-07-23,Balancer,Ethereum,5.26,DAI,106521978,17.3,0
2024-07-23,Balancer,Arbitrum,7.46,USDC,110149849,2.11,5.83
2024-07-23,Balancer,Arbitrum,8.67,USDT,107463906,2.27,4.89
2024-07-23,Balancer,Arbitrum,8.43,DAI,106915491,2.73,5.79
2024-07-23,Balancer,Optimism,7.71,USDC,109869919,1.16,2.92
2024-07-23,Balancer,Optimism,7.25,USDT,99055910,1.8,3.02
2024-07-23,Balancer,Optimism,8.98,DAI,109445008,1.8,5.23
2024-07-23,Balancer,Polygon,9.49,USDC,99074814,0.93,3.02
2024-07-23,Balancer,Polygon,8.72,USDT,106727228,0.88,3.08
2024-07-23,Balancer,Polygon,9.37,DAI,100871134,0.77,3.06
2024-07-23,Balancer,Base,7.58,USDC,101769305,1.71,4.54
2024-07-23,Balancer,Base,7.8,USDT,98933886,1.27,3.61
2024-07-23,Balancer,Base,10.03,DAI,93214346,1.43,4.3
2024-07-24,Aave,Ethereum,4.54,USDC,232624326,15.83,0
2024-07-24,Aave,Ethereum,3.34,USDT,221373168,19.76,0
2024-07-24,Aave,Ethereum,3.56,DAI,250697603,13.79,0
2024-07-24,Aave,Arbitrum,5.29,USDC,231253610,2.06,5.24
2024-07-24,Aave,Arbitrum,5.73,USDT,236011270,2.51,2.78
2024-07-24,Aave,Arbitrum,4.49,DAI,265372635,2.39,5.0
2024-07-24,Aave,Optimism,4.92,USDC,245443881,2.13,4.09
2024-07-24,Aave,Optimism,5.14,USDT,227548338,1.83,2.84
2024-07-24,Aave,Optimism,4.09,DAI,242893102,2.0,3.19
2024-07-24,Aave,Polygon,5.69,USDC,243128988,0.77,2.65
2024-07-24,Aave,Polygon,5.93,USDT,239979695,1.06,3.12
2024-07-24,Aave,Polygon,5.92,DAI,230552926,1.03,2.5
2024-07-24,Aave,Base,4.3,USDC,227246303,1.8,4.82
2024-07-24,Aave,Base,5.37,USDT,233006259,1.87,4.82
2024-07-24,Aave,Base,4.52,DAI,236446812,1.33,3.63
2024-07-24,Compound,Ethereum,3.75,USDC,169046740,21.14,0
2024-07-24,Compound,Ethereum,4.08,USDT,176014277,15.08,0
2024-07-24,Compound,Ethereum,3.28,DAI,157190698,23.12,0
2024-07-24,Compound,Arbitrum,4.07,USDC,157044749,2.67,5.42
2024-07-24,Compound,Arbitrum,4.82,USDT,174162916,2.18,3.73
2024-07-24,Compound,Arbitrum,3.95,DAI,175335035,2.07,4.64
2024-07-24,Compound,Optimism,5.23,USDC,158537190,1.92,3.77
2024-07-24,Compound,Optimism,4.4,USDT,153389503,1.74,3.22
2024-07-24,Compound,Optimism,4.88,DAI,163327352,2.26,2.95
2024-07-24,Compound,Polygon,4.61,USDC,172500021,0.99,3.64
2024-07-24,Compound,Polygon,4.93,USDT,174714234,0.9,3.13
2024-07-24,Compound,Polygon,5.08,DAI,157466594,0.74,3.57
2024-07-24,Compound,Base,4.68,USDC,187964651,1.51,3.69
2024-07-24,Compound,Base,4.01,USDT,174791364,1.33,4.13
2024-07-24,Compound,Base,4.18,DAI,182431972,1.61,4.86
2024-07-24,Curve,Ethereum,4.82,USDC,304976524,20.77,0
2024-07-24,Curve,Ethereum,7.66,USDT,285162967,20.9,0
2024-07-24,Curve,Ethereum,6.46,DAI,288998739,16.14,0
2024-07-24,Curve,Arbitrum,8.39,USDC,325659569,2.26,3.86
2024-07-24,Curve,Arbitrum,6.65,USDT,332882760,1.56,6.8
2024-07-24,Curve,Arbitrum,7.29,DAI,290840347,2.93,4.93
2024-07-24,Curve,Optimism,6.91,USDT,304014997,1.26,3.18
2024-07-24,Curve,Optimism,7.91,DAI,301286979,1.63,4.85
2024-07-24,Curve,Polygon,7.39,USDC,288365815,0.96,2.49
2024-07-24,Curve,Polygon,7.38,USDT,326768908,0.92,2.57
2024-07-24,Curve,Polygon,7.92,DAI,297384808,0.83,1.74
2024-07-24,Curve,Base,7.85,USDC,294759197,1.52,4.45
2024-07-24,Curve,Base,7.75,USDT,320478351,1.98,4.3
2024-07-24,Curve,Base,7.56,DAI,279059545,1.92,5.18
2024-07-24,Uniswap V3,Ethereum,6.8,USDC,84551375,16.26,0
2024-07-24,Uniswap V3,Ethereum,7.26,USDT,92762516,19.42,0
2024-07-24,Uniswap V3,Arbitrum,7.67,USDC,91595364,1.86,5.81
2024-07-24,Uniswap V3,Arbitrum,9.22,USDT,87019559,2.22,6.5
2024-07-24,Uniswap V3,Arbitrum,8.62,DAI,86369889,2.59,3.58
2024-07-24,Uniswap V3,Optimism,8.3,USDC,86126718,2.0,4.12
2024-07-24,Uniswap V3,Optimism,7.63,USDT,97341511,1.77,2.78
2024-07-24,Uniswap V3,Optimism,7.4,DAI,87049510,1.87,3.81
2024-07-24,Uniswap V3,Polygon,10.05,USDC,89945115,1.04,2.44
2024-07-24,Uniswap V3,Polygon,8.71,USDT,87203194,0.84,2.56
2024-07-24,Uniswap V3,Polygon,9.07,DAI,99362557,1.03,2.94
2024-07-24,Uniswap V3,Base,7.49,USDC,93737435,1.52,4.38
2024-07-24,Uniswap V3,Base,9.77,USDT,85436448,1.45,3.57
2024-07-24,Uniswap V3,Base,7.11,DAI,88258006,1.77,2.68
2024-07-24,Yearn,Ethereum,4.93,USDC,128657360,17.97,0
2024-07-24,Yearn,Ethereum,5.12,USDT,110643382,17.63,0
2024-07-24,Yearn,Ethereum,4.93,DAI,120793957,21.94,0
2024-07-24,Yearn,Arbitrum,7.59,USDC,122286177,2.66,4.86
2024-07-24,Yearn,Arbitrum,6.31,DAI,120180224,1.5,4.44
2024-07-24,Yearn,Optimism,6.88,USDC,121364475,1.76,3.99
2024-07-24,Yearn,Optimism,5.96,USDT,106678187,2.11,3.76
2024-07-24,Yearn,Optimism,6.11,DAI,116581336,1.85,3.41
2024-07-24,Yearn,Polygon,5.77,USDC,112157231,1.1,2.0
2024-07-24,Yearn,Polygon,7.26,USDT,101771403,1.0,2.51
2024-07-24,Yearn,Base,8.02,USDC,117031937,1.41,2.32
2024-07-24,Yearn,Base,6.77,USDT,113519863,1.34,3.61
2024-07-24,Yearn,Base,6.62,DAI,121141142,1.29,4.09
2024-07-24,Pendle,Ethereum,8.6,USDC,73847160,21.9,0
2024-07-24,Pendle,Ethereum,9.06,USDT,66325319,18.42,0
2024-07-24,Pendle,Ethereum,9.31,DAI,78932245,21.98,0
2024-07-24,Pendle,Arbitrum,12.81,USDT,77545977,1.93,6.67
2024-07-24,Pendle,Arbitrum,12.37,DAI,76942163,2.85,5.29
2024-07-24,Pendle,Optimism,9.4,USDC,78013071,2.01,3.5
2024-07-24,Pendle,Optimism,10.39,USDT,67101056,1.74,4.61
2024-07-24,Pendle,Optimism,9.62,DAI,62089252,1.94,3.86
2024-07-24,Pendle,Base,12.79,USDC,75069638,1.32,5.08
2024-07-24,Pendle,Base,11.32,USDT,67284929,1.44,5.26
2024-07-24,Pendle,Base,11.91,DAI,64592470,1.59,3.44
2024-07-24,Convex,Ethereum,5.87,USDC,147567809,18.54,0
2024-07-24,Convex,Ethereum,6.19,USDT,152151579,17.71,0
2024-07-24,Convex,Ethereum,5.57,DAI,142550740,19.41,0
2024-07-24,Balancer,Ethereum,7.15,USDC,106762062,14.83,0
2024-07-24,Balancer,Ethereum,6.42,USDT,107193304,19.49,0
2024-07-24,Balancer,Ethereum,6.82,DAI,112265426,19.03,0
2024-07-24,Balancer,Arbitrum,8.96,USDC,110918279,2.81,3.72
2024-07-24,Balancer,Arbitrum,7.94,USDT,105356766,2.37,4.01
2024-07-24,Balancer,Arbitrum,8.06,DAI,92638116,2.31,5.46
2024-07-24,Balancer,Optimism,7.61,USDC,105257089,1.56,2.88
2024-07-24,Balancer,Optimism,7.31,USDT,100117546,1.57,4.02
2024-07-24,Balancer,Optimism,7.85,DAI,111310830,1.79,3.59
2024-07-24,Balancer,Polygon,9.94,USDC,100743187,1.08,3.25
2024-07-24,Balancer,Polygon,8.38,USDT,96135723,0.98,3.28
2024-07-24,Balancer,Polygon,8.56,DAI,102726668,0.94,2.39
2024-07-24,Balancer,Base,8.34,USDC,93109729,1.41,3.98
2024-07-24,Balancer,Base,6.52,USDT,106699026,1.4,2.36
2024-07-24,Balancer,Base,8.39,DAI,106034529,1.37,5.37
2024-07-25,Aave,Ethereum,4.02,USDC,240694772,13.85,0
2024-07-25,Aave,Ethereum,3.41,USDT,253231293,17.01,0
2024-07-25,Aave,Ethereum,4.16,DAI,226657828,15.91,0
2024-07-25,Aave,Arbitrum,5.4,USDC,232457651,2.58,4.72
2024-07-25,Aave,Arbitrum,5.52,USDT,233630485,3.34,4.99
2024-07-25,Aave,Arbitrum,4.73,DAI,249539241,1.58,4.32
2024-07-25,Aave,Optimism,3.89,USDC,245543870,1.72,4.63
2024-07-25,Aave,Optimism,5.27,USDT,213559550,1.99,4.77
2024-07-25,Aave,Optimism,4.71,DAI,242889235,1.97,4.66
2024-07-25,Aave,Polygon,5.2,USDC,240898092,0.71,3.42
2024-07-25,Aave,Polygon,4.72,USDT,255048170,0.87,2.59
2024-07-25,Aave,Polygon,5.08,DAI,253241836,0.84,3.56
2024-07-25,Aave,Base,5.32,USDC,246568167,1.83,5.04
2024-07-25,Aave,Base,4.86,USDT,237400048,1.16,2.88
2024-07-25,Aave,Base,4.52,DAI,237739681,1.7,3.99
2024-07-25,Compound,Ethereum,3.6,USDC,156763737,18.67,0
2024-07-25,Compound,Ethereum,4.02,USDT,181911033,17.43,0
2024-07-25,Compound,Ethereum,3.78,DAI,177979962,23.62,0
2024-07-25,Compound,Arbitrum,4.73,USDC,194280126,2.13,7.21
2024-07-25,Compound,Arbitrum,4.99,USDT,177292896,3.16,4.64
2024-07-25,Compound,Arbitrum,4.28,DAI,166479883,2.52,4.85
2024-07-25,Compound,Optimism,4.7,USDC,180841466,1.99,4.79
2024-07-25,Compound,Optimism,5.01,USDT,176942250,2.21,3.01
2024-07-25,Compound,Optimism,4.51,DAI,170009836,1.98,2.36
2024-07-25,Compound,Polygon,5.26,USDT,170442174,0.9,3.53
2024-07-25,Compound,Polygon,4.94,DAI,176759290,0.97,2.97
2024-07-25,Compound,Base,4.61,USDC,162163182,1.47,3.12
2024-07-25,Compound,Base,4.57,USDT,149152664,1.58,3.06
2024-07-25,Compound,Base,4.38,DAI,179997315,1.28,4.62
2024-07-25,Curve,Ethereum,5.19,USDC,308716817,19.55,0
2024-07-25,Curve,Ethereum,6.91,USDT,284502093,21.34,0
2024-07-25,Curve,Arbitrum,7.47,USDC,294430339,2.73,5.9
2024-07-25,Curve,Arbitrum,6.37,USDT,298613175,2.9,6.33
2024-07-25,Curve,Arbitrum,8.38,DAI,288695908,2.65,4.3
2024-07-25,Curve,Optimism,7.92,USDC,272981445,1.9,2.52
2024-07-25,Curve,Optimism,7.61,USDT,315019807,1.67,4.6
2024-07-25,Curve,Optimism,8.38,DAI,299084423,1.17,4.14
2024-07-25,Curve,Polygon,7.86,USDC,293922416,1.08,3.78
2024-07-25,Curve,Polygon,8.53,USDT,312737297,1.08,3.09
2024-07-25,Curve,Polygon,5.76,DAI,277721818,1.09,3.63
2024-07-25,Curve,Base,5.98,USDC,312280449,1.14,3.52
2024-07-25,Curve,Base,8.97,USDT,316989027,1.36,3.71
2024-07-25,Curve,Base,7.8,DAI,300102267,1.84,3.63
2024-07-25,Uniswap V3,Ethereum,6.72,USDC,92323126,16.57,0
2024-07-25,Uniswap V3,Ethereum,5.93,USDT,94463952,21.23,0
2024-07-25,Uniswap V3,Ethereum,7.64,DAI,93940635,23.73,0
2024-07-25,Uniswap V3,Arbitrum,6.91,USDC,91896572,2.89,6.24
2024-07-25,Uniswap V3,Arbitrum,7.98,USDT,83063050,2.5,5.42
2024-07-25,Uniswap V3,Arbitrum,7.23,DAI,92530062,2.13,5.33
2024-07-25,Uniswap V3,Optimism,8.59,USDC,86764432,1.65,3.7
2024-07-25,Uniswap V3,Optimism,7.12,USDT,90902899,2.43,4.12
2024-07-25,Uniswap V3,Polygon,9.99,USDC,94802524,0.92,2.46
2024-07-25,Uniswap V3,Polygon,9.64,DAI,98832360,1.05,2.71
2024-07-25,Uniswap V3,Base,8.32,USDC,85416298,1.34,4.7
2024-07-25,Uniswap V3,Base,7.71,USDT,95434631,1.61,3.99
2024-07-25,Uniswap V3,Base,10.38,DAI,98137688,1.32,3.47
2024-07-25,Yearn,Ethereum,5.19,USDC,117845410,12.23,0
2024-07-25,Yearn,Ethereum,4.59,USDT,115149498,18.75,0
2024-07-25,Yearn,Ethereum,4.42,DAI,110850118,12.72,0
2024-07-25,Yearn,Arbitrum,6.12,USDC,120112757,2.35,4.62
2024-07-25,Yearn,Arbitrum,5.69,USDT,116326797,2.27,4.62
2024-07-25,Yearn,Arbitrum,5.75,DAI,116680690,2.5,5.0
2024-07-25,Yearn,Optimism,6.59,USDC,113871867,1.8,4.43
2024-07-25,Yearn,Optimism,6.43,USDT,114817873,1.63,4.23
2024-07-25,Yearn,Optimism,5.87,DAI,112880768,2.01,4.54
2024-07-25,Yearn,Polygon,6.64,USDC,116367192,0.95,2.39
2024-07-25,Yearn,Polygon,4.57,USDT,121631199,1.06,3.04
2024-07-25,Yearn,Polygon,6.86,DAI,103090194,1.15,3.15
2024-07-25,Yearn,Base,6.79,USDC,113161805,1.72,4.61
2024-07-25,Yearn,Base,6.0,USDT,115761667,1.35,3.59
2024-07-25,Yearn,Base,6.99,DAI,109324348,1.45,4.48
2024-07-25,Pendle,Ethereum,9.61,USDC,67851136,16.83,0
2024-07-25,Pendle,Ethereum,9.02,USDT,71783381,17.81,0
2024-07-25,Pendle,Ethereum,9.19,DAI,74320212,15.0,0
2024-07-25,Pendle,Arbitrum,12.33,USDT,73177529,2.08,3.9
2024-07-25,Pendle,Arbitrum,12.53,DAI,78562990,2.73,5.27
2024-07-25,Pendle,Optimism,9.09,USDC,69898798,1.97,5.6
2024-07-25,Pendle,Optimism,11.62,USDT,70515922,1.88,3.05
2024-07-25,Pendle,Optimism,11.92,DAI,71469261,1.51,3.59
2024-07-25,Pendle,Base,12.53,USDC,72577027,1.72,4.1
2024-07-25,Pendle,Base,10.66,USDT,64904449,1.3,3.44
2024-07-25,Pendle,Base,9.63,DAI,71429010,1.55,4.11
2024-07-25,Convex,Ethereum,5.78,USDC,144153095,17.82,0
2024-07-25,Convex,Ethereum,6.07,USDT,139325527,19.34,0
2024-07-25,Convex,Ethereum,6.51,DAI,146017645,15.79,0
2024-07-25,Balancer,Ethereum,7.19,USDC,97795315,16.41,0
2024-07-25,Balancer,Ethereum,6.74,USDT,95745416,18.93,0
2024-07-25,Balancer,Ethereum,7.08,DAI,103594145,16.57,0
2024-07-25,Balancer,Arbitrum,7.4,USDT,102101531,2.82,4.7
2024-07-25,Balancer,Arbitrum,8.8,DAI,110828415,2.78,4.9
2024-07-25,Balancer,Optimism,7.22,USDC,109618874,2.08,2.85
2024-07-25,Balancer,Optimism,6.88,USDT,116133408,1.46,4.59
2024-07-25,Balancer,Polygon,8.33,USDC,107458929,0.93,3.61
2024-07-25,Balancer,Polygon,8.71,USDT,101234976,0.85,3.04
2024-07-25,Balancer,Polygon,8.59,DAI,106167106,0.86,3.43
2024-07-25,Balancer,Base,8.13,USDC,98067709,1.36,4.2
2024-07-25,Balancer,Base,7.04,USDT,102462880,1.56,5.27
2024-07-26,Aave,Ethereum,4.73,USDC,222843385,20.14,0
2024-07-26,Aave,Ethereum,3.86,USDT,251014407,14.24,0
2024-07-26,Aave,Ethereum,3.37,DAI,242277882,15.75,0
2024-07-26,Aave,Arbitrum,5.53,USDC,231051793,2.16,5.66
2024-07-26,Aave,Arbitrum,5.28,DAI,252360928,2.14,5.91
2024-07-26,Aave,Optimism,4.97,USDC,247188575,1.2,3.67
2024-07-26,Aave,Optimism,5.11,USDT,239807290,1.57,3.11
2024-07-26,Aave,Optimism,3.64,DAI,244684802,1.69,4.07
2024-07-26,Aave,Polygon,5.99,USDC,239722899,1.09,3.25
2024-07-26,Aave,Polygon,4.37,USDT,229055683,0.71,2.43
2024-07-26,Aave,Polygon,4.23,DAI,229128248,0.81,3.89
2024-07-26,Aave,Base,4.53,USDC,218153772,1.18,4.35
2024-07-26,Aave,Base,4.76,USDT,230550857,1.44,4.56
2024-07-26,Aave,Base,4.81,DAI,239515873,1.56,5.49
2024-07-26,Compound,Ethereum,4.03,USDC,177258184,17.08,0
2024-07-26,Compound,Ethereum,3.97,USDT,160999493,19.53,0
2024-07-26,Compound,Ethereum,3.3,DAI,181389874,17.98,0
2024-07-26,Compound,Arbitrum,4.63,USDT,183744805,2.13,4.0
2024-07-26,Compound,Arbitrum,4.73,DAI,170513798,2.38,5.97
2024-07-26,Compound,Optimism,5.01,USDC,161642030,1.91,3.32
2024-07-26,Compound,Optimism,4.8,USDT,178360989,1.75,3.22
2024-07-26,Compound,Optimism,4.26,DAI,181613369,1.64,4.38
2024-07-26,Compound,Polygon,4.92,USDC,149367377,0.85,2.76
2024-07-26,Compound,Polygon,5.11,USDT,170291472,0.82,2.46
2024-07-26,Compound,Polygon,4.82,DAI,184688835,1.01,3.45
2024-07-26,Compound,Base,5.31,USDC,168044085,1.4,4.49
2024-07-26,Compound,Base,4.55,DAI,165355001,1.49,4.06
2024-07-26,Curve,Ethereum,6.29,USDC,335119322,19.85,0
2024-07-26,Curve,Ethereum,5.95,USDT,291844785,17.34,0
2024-07-26,Curve,Ethereum,7.12,DAI,306572019,13.33,0
2024-07-26,Curve,Arbitrum,7.09,USDC,294194001,2.86,4.36
2024-07-26,Curve,Arbitrum,6.73,USDT,299569250,2.13,3.91
2024-07-26,Curve,Arbitrum,8.52,DAI,315204150,1.72,3.92
2024-07-26,Curve,Optimism,6.89,USDC,320209024,1.35,3.89
2024-07-26,Curve,Optimism,6.59,DAI,310389778,2.14,3.41
2024-07-26,Curve,Polygon,7.56,USDC,296543109,0.75,4.12
2024-07-26,Curve,Polygon,8.06,DAI,331221397,0.71,2.67
2024-07-26,Curve,Base,8.43,USDC,328548231,0.86,4.8
2024-07-26,Curve,Base,8.38,USDT,289632462,1.45,3.4
2024-07-26,Curve,Base,7.89,DAI,337405150,1.38,3.68
2024-07-26,Uniswap V3,Ethereum,5.73,USDC,89784031,12.62,0
2024-07-26,Uniswap V3,Ethereum,6.04,DAI,88176282,14.45,0
2024-07-26,Uniswap V3,Arbitrum,10.32,USDC,99734441,2.57,2.88
2024-07-26,Uniswap V3,Arbitrum,8.3,USDT,98296489,2.09,5.43
2024-07-26,Uniswap V3,Arbitrum,7.07,DAI,93432076,2.25,4.59
2024-07-26,Uniswap V3,Optimism,8.79,USDC,93894454,1.75,3.51
2024-07-26,Uniswap V3,Optimism,7.5,DAI,88705779,1.87,3.78
2024-07-26,Uniswap V3,Polygon,9.97,USDC,91482443,1.23,2.17
2024-07-26,Uniswap V3,Polygon,9.51,USDT,97974797,0.67,3.49
2024-07-26,Uniswap V3,Polygon,8.86,DAI,87777853,0.79,2.91
2024-07-26,Uniswap V3,Base,7.94,USDC,91145332,1.66,4.76
2024-07-26,Uniswap V3,Base,7.92,USDT,97133150,1.64,3.13
2024-07-26,Uniswap V3,Base,7.63,DAI,81465697,1.61,4.96
2024-07-26,Yearn,Ethereum,4.89,USDC,118793979,19.07,0
2024-07-26,Yearn,Ethereum,5.29,USDT,110887900,18.02,0
2024-07-26,Yearn,Ethereum,4.95,DAI,107494442,14.54,0
2024-07-26,Yearn,Arbitrum,5.63,USDC,119442185,1.7,5.66
2024-07-26,Yearn,Arbitrum,5.71,USDT,113913637,1.85,7.02
2024-07-26,Yearn,Arbitrum,5.75,DAI,120243164,2.74,5.41
2024-07-26,Yearn,Optimism,5.99,USDC,112783016,1.83,3.94
2024-07-26,Yearn,Optimism,6.23,USDT,112620674,2.09,4.97
2024-07-26,Yearn,Optimism,5.71,DAI,113813007,1.55,2.57
2024-07-26,Yearn,Polygon,6.61,USDC,118920455,0.94,3.13
2024-07-26,Yearn,Polygon,6.95,USDT,113509828,0.88,1.99
2024-07-26,Yearn,Base,5.8,USDT,120752671,1.57,4.92
2024-07-26,Yearn,Base,6.7,DAI,125137417,1.19,3.74
2024-07-26,Pendle,Ethereum,9.31,USDC,66654142,16.44,0
2024-07-26,Pendle,Ethereum,8.26,USDT,73896380,21.9,0
2024-07-26,Pendle,Ethereum,8.5,DAI,69642956,18.13,0
2024-07-26,Pendle,Arbitrum,10.44,USDC,73819883,1.89,4.91
2024-07-26,Pendle,Arbitrum,9.84,USDT,64813636,2.39,4.62
2024-07-26,Pendle,Arbitrum,11.31,DAI,68566609,2.94,4.33
2024-07-26,Pendle,Optimism,12.11,USDC,73318131,2.18,4.69
2024-07-26,Pendle,Optimism,9.44,USDT,69944691,1.65,3.35
2024-07-26,Pendle,Optimism,8.99,DAI,75758130,1.54,4.38
2024-07-26,Pendle,Base,10.46,USDC,68440897,1.46,3.4
2024-07-26,Pendle,Base,9.69,USDT,75715796,1.67,4.19
2024-07-26,Pendle,Base,12.05,DAI,80011428,1.52,4.43
2024-07-26,Convex,Ethereum,5.12,USDC,133207149,21.12,0
2024-07-26,Convex,Ethereum,5.28,USDT,134128080,14.99,0
2024-07-26,Convex,Ethereum,5.66,DAI,138812364,17.78,0
2024-07-26,Balancer,Ethereum,6.84,USDC,108083385,17.26,0
2024-07-26,Balancer,Ethereum,6.39,USDT,100744028,17.61,0
2024-07-26,Balancer,Arbitrum,7.96,USDC,118827681,2.63,4.44
2024-07-26,Balancer,Arbitrum,7.18,USDT,100852497,2.62,5.44
2024-07-26,Balancer,Arbitrum,7.99,DAI,101615044,2.5,6.48
2024-07-26,Balancer,Optimism,7.88,USDC,102226927,1.1,3.84
2024-07-26,Balancer,Optimism,7.46,USDT,104753131,1.68,5.28
2024-07-26,Balancer,Optimism,7.58,DAI,108422281,1.29,4.17
2024-07-26,Balancer,Polygon,8.06,USDC,114339828,0.83,4.26
2024-07-26,Balancer,Polygon,8.36,USDT,113841855,1.03,3.62
2024-07-26,Balancer,Polygon,7.59,DAI,104892832,0.98,3.2
2024-07-26,Balancer,Base,8.23,USDC,107998024,1.39,4.45
2024-07-26,Balancer,Base,8.28,USDT,101544080,1.3,4.28
2024-07-26,Balancer,Base,7.5,DAI,105477737,1.49,4.66
2024-07-27,Aave,Ethereum,4.09,USDC,265191358,10.37,0
2024-07-27,Aave,Ethereum,4.27,USDT,247759468,14.41,0
2024-07-27,Aave,Ethereum,3.8,DAI,233966067,11.11,0
2024-07-27,Aave,Arbitrum,4.48,USDC,242186687,1.67,4.62
2024-07-27,Aave,Arbitrum,5.31,USDT,230544794,1.36,2.79
2024-07-27,Aave,Arbitrum,4.31,DAI,248816147,1.5,5.02
2024-07-27,Aave,Optimism,4.61,USDC,225611586,1.18,4.49
2024-07-27,Aave,Optimism,4.07,DAI,254759792,1.15,4.92
2024-07-27,Aave,Polygon,5.28,USDC,236009514,0.81,3.86
2024-07-27,Aave,Polygon,5.15,USDT,239586508,0.5,2.98
2024-07-27,Aave,Polygon,5.41,DAI,248319559,0.55,2.61
2024-07-27,Aave,Base,5.7,USDC,243170437,1.03,1.72
2024-07-27,Aave,Base,4.44,USDT,239081969,0.88,4.14
2024-07-27,Aave,Base,4.77,DAI,239695726,0.88,3.93
2024-07-27,Compound,Ethereum,3.53,USDC,174215124,15.02,0
2024-07-27,Compound,Ethereum,3.9,USDT,163521483,13.19,0
2024-07-27,Compound,Ethereum,3.75,DAI,185718539,8.7,0
2024-07-27,Compound,Arbitrum,4.75,USDC,168374861,1.67,3.08
2024-07-27,Compound,Arbitrum,4.66,USDT,185241230,1.6,4.05
2024-07-27,Compound,Arbitrum,4.5,DAI,176958789,2.16,4.53
2024-07-27,Compound,Optimism,4.37,USDC,164618268,1.35,4.35
2024-07-27,Compound,Optimism,3.67,USDT,193100051,0.84,4.26
2024-07-27,Compound,Optimism,3.96,DAI,166698572,0.89,3.12
2024-07-27,Compound,Polygon,4.65,USDC,169304718,0.62,2.93
2024-07-27,Compound,Polygon,4.69,USDT,188517048,0.57,2.52
2024-07-27,Compound,Polygon,4.73,DAI,164584204,0.68,2.95
2024-07-27,Compound,Base,5.13,USDC,168133102,0.94,4.64
2024-07-27,Compound,Base,4.95,USDT,162826953,1.16,3.83
2024-07-27,Compound,Base,4.44,DAI,177154673,0.92,4.82
2024-07-27,Curve,Ethereum,5.06,USDC,331640729,8.45,0
2024-07-27,Curve,Ethereum,6.54,USDT,329294726,11.39,0
2024-07-27,Curve,Ethereum,6.78,DAI,352243391,9.08,0
2024-07-27,Curve,Arbitrum,7.38,USDT,321849624,1.44,5.86
2024-07-27,Curve,Arbitrum,6.57,DAI,313637993,1.55,6.05
2024-07-27,Curve,Optimism,8.08,USDC,301863360,1.26,4.0
2024-07-27,Curve,Optimism,8.23,USDT,314987263,1.33,4.81
2024-07-27,Curve,Optimism,7.1,DAI,309015321,1.14,2.85
2024-07-27,Curve,Polygon,6.59,USDC,308643829,0.61,3.01
2024-07-27,Curve,Polygon,7.06,USDT,318844486,0.59,3.43
2024-07-27,Curve,Polygon,7.19,DAI,327180745,0.6,4.02
2024-07-27,Curve,Base,6.61,USDC,294860886,0.92,4.07
2024-07-27,Curve,Base,7.18,USDT,319506333,0.87,3.75
2024-07-27,Uniswap V3,Ethereum,8.09,USDC,102134560,11.45,0
2024-07-27,Uniswap V3,Ethereum,8.46,USDT,93908162,13.68,0
2024-07-27,Uniswap V3,Ethereum,7.35,DAI,104961538,10.13,0
2024-07-27,Uniswap V3,Arbitrum,9.95,USDC,96451850,1.37,4.69
2024-07-27,Uniswap V3,Arbitrum,7.94,USDT,92807674,1.63,7.38
2024-07-27,Uniswap V3,Arbitrum,9.09,DAI,87752937,1.8,5.54
2024-07-27,Uniswap V3,Optimism,9.9,USDC,88507569,1.14,4.01
2024-07-27,Uniswap V3,Optimism,7.79,USDT,94027975,1.1,3.67
2024-07-27,Uniswap V3,Optimism,8.39,DAI,99190677,1.16,3.42
2024-07-27,Uniswap V3,Polygon,8.51,USDT,88929282,0.78,2.44
2024-07-27,Uniswap V3,Base,7.66,USDC,101686427,1.02,3.79
2024-07-27,Uniswap V3,Base,8.85,USDT,99191979,0.97,4.99
2024-07-27,Uniswap V3,Base,9.53,DAI,91348377,1.09,4.1
2024-07-27,Yearn,Ethereum,5.21,USDC,114127597,13.79,0
2024-07-27,Yearn,Ethereum,5.32,USDT,119156848,10.6,0
2024-07-27,Yearn,Ethereum,5.56,DAI,119293272,9.55,0
2024-07-27,Yearn,Arbitrum,7.91,USDC,116801363,1.53,4.27
2024-07-27,Yearn,Arbitrum,7.16,USDT,119432830,1.7,4.3
2024-07-27,Yearn,Arbitrum,5.77,DAI,117232684,1.87,6.24
2024-07-27,Yearn,Optimism,5.5,USDC,118707506,1.45,3.31
2024-07-27,Yearn,Optimism,5.5,USDT,114311904,1.23,3.31
2024-07-27,Yearn,Optimism,6.26,DAI,104773196,1.09,4.39
2024-07-27,Yearn,Polygon,7.07,USDC,119673809,0.84,2.79
2024-07-27,Yearn,Polygon,6.99,DAI,114182210,0.6,4.12
2024-07-27,Yearn,Base,6.47,USDC,127281692,1.08,5.21
2024-07-27,Yearn,Base,6.14,USDT,119479618,1.08,3.56
2024-07-27,Yearn,Base,5.88,DAI,114773347,0.78,3.27
2024-07-27,Pendle,Ethereum,8.29,USDC,72352147,12.92,0
2024-07-27,Pendle,Ethereum,6.22,USDT,69643320,12.79,0
2024-07-27,Pendle,Ethereum,7.06,DAI,73402488,10.45,0
2024-07-27,Pendle,Arbitrum,9.98,USDC,74550856,1.23,5.17
2024-07-27,Pendle,Arbitrum,11.59,USDT,77534153,1.39,3.79
2024-07-27,Pendle,Optimism,11.86,USDC,72159625,1.25,3.2
2024-07-27,Pendle,Optimism,10.59,USDT,76276996,0.67,4.46
2024-07-27,Pendle,Optimism,11.85,DAI,69152278,1.13,4.4
2024-07-27,Pendle,Base,10.18,USDC,69339011,0.62,3.97
2024-07-27,Pendle,Base,10.28,USDT,75281719,0.9,2.55
2024-07-27,Convex,Ethereum,5.92,USDC,136347603,10.56,0
2024-07-27,Convex,Ethereum,5.95,DAI,155735172,11.95,0
2024-07-27,Balancer,Ethereum,5.56,USDT,102805560,12.15,0
2024-07-27,Balancer,Ethereum,5.81,DAI,103929579,10.16,0
2024-07-27,Balancer,Arbitrum,7.49,USDC,111970344,0.96,4.65
2024-07-27,Balancer,Arbitrum,6.66,DAI,103639549,1.92,6.86
2024-07-27,Balancer,Optimism,8.39,USDC,117460212,1.22,4.36
2024-07-27,Balancer,Optimism,7.6,USDT,110019507,1.33,3.56
2024-07-27,Balancer,Polygon,7.62,USDC,95868966,0.51,4.57
2024-07-27,Balancer,Polygon,8.93,DAI,108245318,0.7,2.74
2024-07-27,Balancer,Base,7.81,USDC,110221094,1.13,3.26
2024-07-27,Balancer,Base,6.88,USDT,101258173,0.98,2.72
2024-07-27,Balancer,Base,6.68,DAI,102755317,1.08,3.76
2024-07-28,Aave,Ethereum,4.44,USDC,240503925,15.11,0
2024-07-28,Aave,Ethereum,3.92,DAI,229003692,11.62,0
2024-07-28,Aave,Arbitrum,5.47,USDC,243513608,1.51,6.62
2024-07-28,Aave,Arbitrum,4.6,USDT,251171628,2.01,6.07
2024-07-28,Aave,Arbitrum,5.78,DAI,239970997,1.48,4.65
2024-07-28,Aave,Optimism,3.96,USDC,256494326,1.09,3.15
2024-07-28,Aave,Optimism,4.55,USDT,256137635,1.08,2.93
2024-07-28,Aave,Optimism,4.95,DAI,239500943,0.9,4.79
2024-07-28,Aave,Polygon,4.93,USDC,240124364,0.73,3.03
2024-07-28,Aave,Polygon,4.84,USDT,253395083,0.64,2.58
2024-07-28,Aave,Polygon,4.43,DAI,274649888,0.63,2.17
2024-07-28,Aave,Base,4.59,USDC,222524715,0.81,4.76
2024-07-28,Aave,Base,4.84,USDT,258625289,0.83,2.85
2024-07-28,Aave,Base,4.78,DAI,254002471,0.8,4.66
2024-07-28,Compound,Ethereum,4.12,USDC,176160026,13.58,0
2024-07-28,Compound,Ethereum,4.43,USDT,165548101,10.52,0
2024-07-28,Compound,Ethereum,3.69,DAI,173934529,16.85,0
2024-07-28,Compound,Arbitrum,4.59,USDC,183359210,1.68,6.71
2024-07-28,Compound,Arbitrum,4.7,USDT,185185207,1.77,4.48
2024-07-28,Compound,Arbitrum,3.97,DAI,196062224,1.9,4.11
2024-07-28,Compound,Optimism,5.04,USDC,180160134,0.94,3.84
2024-07-28,Compound,Optimism,3.88,USDT,182989046,1.1,2.85
2024-07-28,Compound,Optimism,4.34,DAI,185013102,0.91,4.69
2024-07-28,Compound,Polygon,4.18,USDC,186792166,0.58,4.32
2024-07-28,Compound,Polygon,5.17,DAI,170787313,0.76,3.37
2024-07-28,Compound,Base,3.86,USDC,185638745,1.09,3.9
2024-07-28,Compound,Base,4.36,USDT,173329534,0.88,4.19
2024-07-28,Compound,Base,4.74,DAI,181463826,0.85,5.08
2024-07-28,Curve,Ethereum,5.88,USDC,335426640,9.34,0
2024-07-28,Curve,Ethereum,6.18,USDT,308033081,9.96,0
2024-07-28,Curve,Ethereum,6.24,DAI,314803357,12.4,0
2024-07-28,Curve,Arbitrum,8.76,USDC,339946537,1.56,6.72
2024-07-28,Curve,Arbitrum,7.35,USDT,335964487,1.5,3.79
2024-07-28,Curve,Arbitrum,6.53,DAI,309231922,1.7,5.87
2024-07-28,Curve,Optimism,7.04,USDC,320061504,1.25,3.75
2024-07-28,Curve,Optimism,8.75,USDT,336558502,1.07,3.92
2024-07-28,Curve,Optimism,6.36,DAI,338099129,1.23,3.24
2024-07-28,Curve,Polygon,6.94,USDC,330338439,0.7,3.35
2024-07-28,Curve,Polygon,7.97,USDT,304257360,0.89,2.57
2024-07-28,Curve,Polygon,8.41,DAI,319181160,0.6,3.4
2024-07-28,Curve,Base,7.67,USDC,290950286,0.89,4.35
2024-07-28,Curve,Base,7.62,DAI,322554399,0.95,3.82
2024-07-28,Uniswap V3,Ethereum,8.08,USDT,94687319,13.83,0
2024-07-28,Uniswap V3,Ethereum,6.54,DAI,91636201,15.3,0
2024-07-28,Uniswap V3,Arbitrum,10.1,USDC,89172088,1.66,6.12
2024-07-28,Uniswap V3,Arbitrum,8.93,USDT,89324854,1.95,5.56
2024-07-28,Uniswap V3,Arbitrum,6.67,DAI,95835581,1.54,7.52
2024-07-28,Uniswap V3,Optimism,7.75,USDC,92785417,1.26,3.48
2024-07-28,Uniswap V3,Optimism,9.24,USDT,90327985,1.19,4.62
2024-07-28,Uniswap V3,Polygon,8.3,USDC,92033492,0.71,2.15
2024-07-28,Uniswap V3,Polygon,10.18,USDT,99471824,0.61,2.96
2024-07-28,Uniswap V3,Polygon,9.03,DAI,87497171,0.81,3.69
2024-07-28,Uniswap V3,Base,7.15,USDC,96218961,0.84,4.44
2024-07-28,Uniswap V3,Base,8.43,USDT,94928493,1.01,2.96
2024-07-28,Uniswap V3,Base,7.94,DAI,94322185,1.04,3.04
2024-07-28,Yearn,Ethereum,5.0,USDT,122010903,12.42,0
2024-07-28,Yearn,Ethereum,4.32,DAI,127633948,18.0,0
2024-07-28,Yearn,Arbitrum,5.95,USDC,109995019,1.68,4.97
2024-07-28,Yearn,Arbitrum,5.7,USDT,122049410,1.5,4.75
2024-07-28,Yearn,Optimism,5.86,USDC,116836468,0.95,3.61
2024-07-28,Yearn,Optimism,5.74,USDT,113154529,1.27,4.47
2024-07-28,Yearn,Optimism,5.41,DAI,111550311,1.39,4.19
2024-07-28,Yearn,Polygon,5.38,USDC,124883732,0.57,3.1
2024-07-28,Yearn,Polygon,6.77,USDT,124222754,0.56,3.01
2024-07-28,Yearn,Base,5.41,USDC,112639835,0.9,5.22
2024-07-28,Yearn,Base,6.65,USDT,125183938,0.97,3.63
2024-07-28,Yearn,Base,5.32,DAI,124639337,0.76,3.39
2024-07-28,Pendle,Ethereum,6.39,USDC,72367502,8.8,0
2024-07-28,Pendle,Ethereum,7.66,USDT,72526935,13.61,0
2024-07-28,Pendle,Ethereum,8.99,DAI,70920180,10.77,0
2024-07-28,Pendle,Arbitrum,9.54,USDC,71309227,1.79,3.88
2024-07-28,Pendle,Arbitrum,10.63,USDT,77531678,1.49,3.11
2024-07-28,Pendle,Arbitrum,10.82,DAI,71597162,1.38,5.1
2024-07-28,Pendle,Optimism,9.13,USDC,70970329,0.92,4.86
2024-07-28,Pendle,Optimism,10.0,USDT,72742230,1.35,3.29
2024-07-28,Pendle,Optimism,12.07,DAI,69995457,1.34,4.17
2024-07-28,Pendle,Base,9.9,USDC,70287244,1.07,3.86
2024-07-28,Pendle,Base,12.15,USDT,71968450,1.0,2.97
2024-07-28,Convex,Ethereum,5.51,USDC,139901183,15.07,0
2024-07-28,Convex,Ethereum,6.41,USDT,169050156,11.78,0
2024-07-28,Convex,Ethereum,4.83,DAI,141027026,13.98,0
2024-07-28,Balancer,Ethereum,6.22,USDT,107290603,14.31,0
2024-07-28,Balancer,Arbitrum,7.72,USDC,117106603,1.83,5.59
2024-07-28,Balancer,Arbitrum,7.76,USDT,116060631,1.8,4.99
2024-07-28,Balancer,Arbitrum,7.71,DAI,114710580,1.72,4.9
2024-07-28,Balancer,Optimism,8.49,USDC,103971168,1.21,3.51
2024-07-28,Balancer,Optimism,6.43,USDT,96489674,1.51,3.38
2024-07-28,Balancer,Polygon,7.76,USDC,109098676,0.71,2.33
2024-07-28,Balancer,Polygon,7.59,DAI,115817227,0.63,2.37
2024-07-28,Balancer,Base,7.63,USDC,114915023,0.82,4.75
2024-07-28,Balancer,Base,8.5,USDT,116383996,0.99,4.5
2024-07-28,Balancer,Base,8.84,DAI,109209496,0.99,3.4
2024-07-29,Aave,Ethereum,4.34,USDC,231046232,18.34,0
2024-07-29,Aave,Ethereum,4.64,USDT,264670620,20.7,0
2024-07-29,Aave,Ethereum,4.34,DAI,256088543,19.61,0
2024-07-29,Aave,Arbitrum,4.18,USDC,251222341,2.7,5.37
2024-07-29,Aave,Arbitrum,4.29,USDT,250481244,2.15,5.61
2024-07-29,Aave,Arbitrum,5.39,DAI,243803475,2.58,4.74
2024-07-29,Aave,Optimism,4.74,USDC,244664565,1.75,4.91
2024-07-29,Aave,Optimism,4.12,DAI,269041692,1.88,3.5
2024-07-29,Aave,Polygon,5.28,USDC,268828512,0.93,3.96
2024-07-29,Aave,Polygon,4.91,USDT,229050677,0.96,4.13
2024-07-29,Aave,Polygon,5.82,DAI,250627156,0.84,3.2
2024-07-29,Aave,Base,4.69,USDC,255465823,1.37,5.05
2024-07-29,Aave,Base,4.72,USDT,275814764,1.57,4.59
2024-07-29,Aave,Base,5.73,DAI,252437296,1.37,3.59
2024-07-29,Compound,Ethereum,3.56,USDC,174783794,19.59,0
2024-07-29,Compound,Ethereum,3.71,USDT,174473500,19.39,0
2024-07-29,Compound,Ethereum,3.98,DAI,198317350,15.87,0
2024-07-29,Compound,Arbitrum,4.97,USDC,185090415,2.67,5.0
2024-07-29,Compound,Arbitrum,5.36,USDT,187710645,2.74,5.94
2024-07-29,Compound,Arbitrum,4.48,DAI,191841845,2.61,4.82
2024-07-29,Compound,Optimism,4.78,USDT,183201325,2.3,5.56
2024-07-29,Compound,Optimism,4.76,DAI,192918014,2.01,3.43
2024-07-29,Compound,Polygon,4.05,USDC,186300992,1.06,4.08
2024-07-29,Compound,Polygon,5.19,USDT,169810285,0.74,2.41
2024-07-29,Compound,Polygon,4.66,DAI,194150634,1.01,2.63
2024-07-29,Compound,Base,4.57,USDC,180237452,1.79,3.97
2024-07-29,Compound,Base,4.55,DAI,183442711,1.19,3.7
2024-07-29,Curve,Ethereum,6.07,USDT,319478497,16.64,0
2024-07-29,Curve,Ethereum,6.26,DAI,316338502,19.77,0
2024-07-29,Curve,Arbitrum,7.5,USDC,358391950,2.56,6.6
2024-07-29,Curve,Arbitrum,6.75,USDT,336987826,2.73,5.07
2024-07-29,Curve,Arbitrum,6.83,DAI,318940642,2.55,5.29
2024-07-29,Curve,Optimism,6.4,USDC,334994588,1.56,4.68
2024-07-29,Curve,Optimism,6.58,USDT,281461065,2.37,5.03
2024-07-29,Curve,Optimism,7.63,DAI,345301919,2.0,3.03
2024-07-29,Curve,Polygon,6.98,USDC,332041380,1.11,2.53
2024-07-29,Curve,Polygon,8.25,USDT,327311539,0.93,3.61
2024-07-29,Curve,Polygon,8.07,DAI,331362470,0.71,2.84
2024-07-29,Curve,Base,7.77,USDC,337395380,0.81,4.74
2024-07-29,Curve,Base,8.2,USDT,321483971,1.54,4.75
2024-07-29,Curve,Base,7.81,DAI,305544524,1.68,3.24
2024-07-29,Uniswap V3,Ethereum,6.05,USDC,90527865,15.12,0
2024-07-29,Uniswap V3,Ethereum,6.51,USDT,104635195,14.83,0
2024-07-29,Uniswap V3,Arbitrum,5.84,USDC,94942502,3.03,4.01
2024-07-29,Uniswap V3,Arbitrum,8.38,USDT,101017760,3.37,4.96
2024-07-29,Uniswap V3,Arbitrum,8.17,DAI,97073116,2.41,4.65
2024-07-29,Uniswap V3,Optimism,6.07,USDC,98567744,2.35,4.01
2024-07-29,Uniswap V3,Optimism,6.88,USDT,101049362,1.42,3.3
2024-07-29,Uniswap V3,Optimism,6.95,DAI,93925086,1.72,4.24
2024-07-29,Uniswap V3,Polygon,9.25,USDC,99550870,0.86,3.26
2024-07-29,Uniswap V3,Polygon,9.0,USDT,105867573,1.31,3.63
2024-07-29,Uniswap V3,Polygon,8.24,DAI,102456162,1.16,3.57
2024-07-29,Uniswap V3,Base,8.96,USDC,88108523,1.42,4.55
2024-07-29,Uniswap V3,Base,8.86,USDT,99605697,1.2,4.45
2024-07-29,Uniswap V3,Base,8.33,DAI,99816225,1.35,2.7
2024-07-29,Yearn,Ethereum,4.79,USDC,122590737,16.03,0
2024-07-29,Yearn,Ethereum,5.26,DAI,130219480,17.3,0
2024-07-29,Yearn,Arbitrum,6.15,USDC,128152129,2.84,4.41
2024-07-29,Yearn,Arbitrum,6.2,USDT,129481004,2.14,3.29
2024-07-29,Yearn,Arbitrum,6.77,DAI,113910189,2.19,4.84
2024-07-29,Yearn,Optimism,6.14,USDC,115993520,1.57,3.45
2024-07-29,Yearn,Optimism,6.4,USDT,125524911,1.76,4.73
2024-07-29,Yearn,Optimism,5.57,DAI,115598008,2.19,3.63
2024-07-29,Yearn,Polygon,5.76,USDC,129599650,1.06,3.72
2024-07-29,Yearn,Polygon,6.75,USDT,124361812,0.85,3.09
2024-07-29,Yearn,Polygon,7.05,DAI,111123904,0.85,2.68
2024-07-29,Yearn,Base,6.43,USDC,118827141,1.14,5.26
2024-07-29,Yearn,Base,6.39,USDT,124394346,1.15,4.46
2024-07-29,Pendle,Ethereum,9.89,USDC,81462055,21.38,0
2024-07-29,Pendle,Ethereum,9.36,USDT,70666498,13.76,0
2024-07-29,Pendle,Ethereum,7.22,DAI,76814381,22.65,0
2024-07-29,Pendle,Arbitrum,10.54,USDC,72542625,2.26,4.36
2024-07-29,Pendle,Arbitrum,8.82,USDT,75542135,2.22,5.02
2024-07-29,Pendle,Arbitrum,10.26,DAI,70811920,2.07,2.66
2024-07-29,Pendle,Optimism,10.89,USDC,78127388,1.8,4.46
2024-07-29,Pendle,Optimism,12.26,USDT,75303216,1.67,3.96
2024-07-29,Pendle,Optimism,10.06,DAI,75441979,1.92,3.78
2024-07-29,Pendle,Base,12.43,USDC,70587036,1.78,2.48
2024-07-29,Pendle,Base,10.01,USDT,79713173,1.52,4.93
2024-07-29,Convex,Ethereum,5.19,USDC,162376360,19.91,0
2024-07-29,Convex,Ethereum,6.64,DAI,157768290,15.69,0
2024-07-29,Balancer,Ethereum,6.27,USDC,110911914,16.44,0
2024-07-29,Balancer,Ethereum,6.34,USDT,110864756,17.15,0
2024-07-29,Balancer,Arbitrum,8.79,USDC,116990501,2.11,4.95
2024-07-29,Balancer,Arbitrum,8.13,USDT,111405827,2.29,6.31
2024-07-29,Balancer,Arbitrum,7.53,DAI,109650838,2.66,3.62
2024-07-29,Balancer,Optimism,7.32,USDC,110850539,1.39,2.77
2024-07-29,Balancer,Optimism,7.95,USDT,113069508,2.11,3.48
2024-07-29,Balancer,Optimism,8.79,DAI,122727136,1.76,5.08
2024-07-29,Balancer,Polygon,8.23,USDC,109829913,1.05,3.06
2024-07-29,Balancer,Polygon,8.9,USDT,111179948,0.87,3.46
2024-07-29,Balancer,Polygon,8.79,DAI,114239309,0.91,2.86
2024-07-29,Balancer,Base,7.72,USDT,116178714,1.23,3.87
2024-07-29,Balancer,Base,8.46,DAI,107618071,1.43,3.05
2024-07-30,Aave,Ethereum,3.72,USDC,260726333,19.02,0
2024-07-30,Aave,Ethereum,4.11,USDT,262155313,20.71,0
2024-07-30,Aave,Ethereum,3.54,DAI,239251123,17.87,0
2024-07-30,Aave,Arbitrum,4.72,USDC,268304699,2.49,5.28
2024-07-30,Aave,Arbitrum,4.98,USDT,240107129,3.09,5.78
2024-07-30,Aave,Arbitrum,4.97,DAI,266821584,3.11,6.3
2024-07-30,Aave,Optimism,4.67,USDC,251061838,1.75,3.58
2024-07-30,Aave,Optimism,4.59,DAI,263519580,1.95,5.01
2024-07-30,Aave,Polygon,4.77,USDC,238800250,1.08,1.23
2024-07-30,Aave,Polygon,5.49,USDT,255525011,1.07,2.93
2024-07-30,Aave,Polygon,4.68,DAI,229582636,0.8,2.27
2024-07-30,Aave,Base,4.56,USDC,276723239,1.37,3.14
2024-07-30,Aave,Base,4.43,USDT,269682571,1.3,5.53
2024-07-30,Aave,Base,6.05,DAI,265615070,1.28,4.48
2024-07-30,Compound,Ethereum,3.88,USDC,177970977,19.41,0
2024-07-30,Compound,Ethereum,3.78,USDT,183169339,19.86,0
2024-07-30,Compound,Ethereum,4.28,DAI,192451527,21.01,0
2024-07-30,Compound,Arbitrum,4.9,USDC,185217511,2.48,4.14
2024-07-30,Compound,Arbitrum,4.98,USDT,182297556,2.45,4.33
2024-07-30,Compound,Arbitrum,5.4,DAI,199437741,2.86,3.89
2024-07-30,Compound,Optimism,3.97,USDC,186083229,1.74,4.99
2024-07-30,Compound,Optimism,4.44,USDT,175456820,2.2,3.5
2024-07-30,Compound,Polygon,5.12,USDC,178907337,0.97,2.69
2024-07-30,Compound,Polygon,5.09,USDT,196212935,1.11,2.87
2024-07-30,Compound,Polygon,5.07,DAI,202178958,0.98,3.18
2024-07-30,Compound,Base,4.57,USDC,200239985,1.76,3.2
2024-07-30,Compound,Base,4.67,USDT,179434224,1.49,3.21
2024-07-30,Compound,Base,4.33,DAI,193193771,1.1,4.1
2024-07-30,Curve,Ethereum,7.0,USDC,318149736,16.41,0
2024-07-30,Curve,Ethereum,7.03,USDT,344464900,20.6,0
2024-07-30,Curve,Ethereum,5.01,DAI,322257130,20.84,0
2024-07-30,Curve,Arbitrum,8.01,USDC,305170225,2.73,5.08
2024-07-30,Curve,Arbitrum,5.72,USDT,325652626,1.86,3.84
2024-07-30,Curve,Arbitrum,8.4,DAI,360352482,2.97,5.14
2024-07-30,Curve,Optimism,6.83,USDC,327310390,2.0,3.23
2024-07-30,Curve,Optimism,7.03,USDT,337066467,1.85,2.12
2024-07-30,Curve,Optimism,6.22,DAI,328257840,1.43,2.92
2024-07-30,Curve,Polygon,7.82,USDC,344157539,1.03,2.61
2024-07-30,Curve,Polygon,8.92,USDT,359970949,0.71,2.28
2024-07-30,Curve,Polygon,7.25,DAI,319238461,0.95,4.09
2024-07-30,Curve,Base,6.48,USDC,326478343,1.34,2.87
2024-07-30,Curve,Base,7.02,USDT,338288173,1.18,5.63
2024-07-30,Curve,Base,7.1,DAI,335633358,1.08,4.67
2024-07-30,Uniswap V3,Ethereum,8.5,USDC,94221328,20.9,0
2024-07-30,Uniswap V3,Ethereum,5.07,USDT,91467188,16.66,0
2024-07-30,Uniswap V3,Ethereum,5.76,DAI,101652736,16.04,0
2024-07-30,Uniswap V3,Arbitrum,10.32,USDC,98303876,2.15,6.22
2024-07-30,Uniswap V3,Arbitrum,6.76,USDT,102842426,2.34,5.35
2024-07-30,Uniswap V3,Arbitrum,6.89,DAI,93005217,2.27,5.9
2024-07-30,Uniswap V3,Optimism,7.83,USDC,93824992,1.73,4.17
2024-07-30,Uniswap V3,Optimism,7.94,USDT,101640999,2.09,3.87
2024-07-30,Uniswap V3,Optimism,8.31,DAI,95109481,1.94,4.32
2024-07-30,Uniswap V3,Polygon,8.27,USDC,95813388,0.78,2.82
2024-07-30,Uniswap V3,Polygon,7.86,USDT,99692244,0.94,1.9
2024-07-30,Uniswap V3,Polygon,7.82,DAI,104903433,0.91,2.46
2024-07-30,Uniswap V3,Base,7.32,USDC,99942438,1.3,3.78
2024-07-30,Uniswap V3,Base,9.07,USDT,104640125,1.43,2.62
2024-07-30,Uniswap V3,Base,8.87,DAI,103015760,1.5,4.0
2024-07-30,Yearn,Ethereum,4.96,USDC,118865556,16.41,0
2024-07-30,Yearn,Ethereum,4.84,USDT,130982292,15.02,0
2024-07-30,Yearn,Ethereum,4.4,DAI,129531041,16.92,0
2024-07-30,Yearn,Arbitrum,5.74,USDC,119155579,1.63,4.96
2024-07-30,Yearn,Arbitrum,6.63,USDT,126362310,2.85,4.73
2024-07-30,Yearn,Arbitrum,6.16,DAI,127197622,2.55,3.31
2024-07-30,Yearn,Optimism,5.91,USDT,115617488,1.68,3.27
2024-07-30,Yearn,Optimism,5.49,DAI,110712080,2.2,2.49
2024-07-30,Yearn,Polygon,4.92,USDC,126584264,0.94,3.33
2024-07-30,Yearn,Polygon,4.99,DAI,130625381,1.05,2.67
2024-07-30,Yearn,Base,5.69,USDC,123590228,1.43,5.19
2024-07-30,Yearn,Base,5.88,USDT,114880174,1.06,5.98
2024-07-30,Yearn,Base,6.04,DAI,127932402,1.25,3.1
2024-07-30,Pendle,Ethereum,7.89,USDC,69382008,16.13,0
2024-07-30,Pendle,Ethereum,9.06,USDT,81760172,27.01,0
2024-07-30,Pendle,Arbitrum,12.35,USDC,76974877,2.4,6.26
2024-07-30,Pendle,Arbitrum,10.64,USDT,75757399,2.36,4.91
2024-07-30,Pendle,Optimism,13.18,USDC,73988916,1.53,3.68
2024-07-30,Pendle,Optimism,11.04,USDT,80042869,1.47,3.21
2024-07-30,Pendle,Optimism,9.22,DAI,81453771,1.76,3.9
2024-07-30,Pendle,Base,11.88,USDC,81356657,1.41,4.82
2024-07-30,Pendle,Base,12.26,DAI,78977830,1.53,3.94
2024-07-30,Convex,Ethereum,6.33,USDC,158010736,20.97,0
2024-07-30,Convex,Ethereum,6.26,USDT,147934645,14.9,0
2024-07-30,Convex,Ethereum,6.32,DAI,156475639,17.35,0
2024-07-30,Balancer,Ethereum,5.71,USDC,111367994,21.71,0
2024-07-30,Balancer,Ethereum,6.21,USDT,106931535,15.41,0
2024-07-30,Balancer,Ethereum,6.36,DAI,111651507,21.7,0
2024-07-30,Balancer,Arbitrum,7.18,USDC,105068300,3.06,4.47
2024-07-30,Balancer,Arbitrum,7.16,USDT,115369388,1.82,5.38
2024-07-30,Balancer,Arbitrum,8.38,DAI,111560742,1.87,5.1
2024-07-30,Balancer,Optimism,8.03,USDT,111054317,1.93,3.5
2024-07-30,Balancer,Polygon,8.38,USDC,119137656,0.98,3.89
2024-07-30,Balancer,Polygon,9.4,USDT,107861320,1.04,3.77
2024-07-30,Balancer,Polygon,6.43,DAI,112757743,0.81,3.62
2024-07-30,Balancer,Base,7.64,USDC,117580621,1.23,4.42
2024-07-30,Balancer,Base,9.83,USDT,114939230,1.79,3.53
2024-07-30,Balancer,Base,7.44,DAI,106527008,1.58,3.04
2024-07-31,Aave,Ethereum,4.44,USDC,288170054,18.35,0
2024-07-31,Aave,Ethereum,4.37,USDT,269314685,17.05,0
2024-07-31,Aave,Ethereum,3.49,DAI,276929664,14.8,0
2024-07-31,Aave,Arbitrum,5.17,USDT,244918065,1.87,3.3
2024-07-31,Aave,Arbitrum,3.79,DAI,264387825,2.31,6.17
2024-07-31,Aave,Optimism,4.08,USDC,273162092,1.81,4.08
2024-07-31,Aave,Polygon,5.59,USDC,269984716,1.13,2.9
2024-07-31,Aave,Polygon,4.97,DAI,285865507,1.04,3.12
2024-07-31,Aave,Base,4.81,USDC,268166075,1.46,4.95
2024-07-31,Aave,Base,5.58,USDT,275187937,1.28,4.13
2024-07-31,Compound,Ethereum,4.11,USDC,196624961,18.29,0
2024-07-31,Compound,Ethereum,4.01,USDT,178709007,15.95,0
2024-07-31,Compound,Ethereum,3.51,DAI,187796246,14.52,0
2024-07-31,Compound,Arbitrum,4.66,USDC,188892490,2.21,4.36
2024-07-31,Compound,Arbitrum,4.44,USDT,178464668,2.4,6.19
2024-07-31,Compound,Arbitrum,4.71,DAI,187951597,2.32,5.14
2024-07-31,Compound,Optimism,5.08,USDC,201658739,1.21,3.82
2024-07-31,Compound,Optimism,5.12,USDT,195745675,2.02,3.49
2024-07-31,Compound,Optimism,5.05,DAI,190510664,1.8,4.36
2024-07-31,Compound,Polygon,4.55,USDC,183097345,1.02,3.06
2024-07-31,Compound,Polygon,4.62,USDT,179295539,0.89,3.19
2024-07-31,Compound,Base,4.3,USDC,191174200,1.8,3.48
2024-07-31,Compound,Base,5.3,USDT,192406139,1.2,5.09
2024-07-31,Compound,Base,5.18,DAI,193393402,1.46,5.56
2024-07-31,Curve,Ethereum,5.79,USDC,349227437,20.97,0
2024-07-31,Curve,Ethereum,5.75,USDT,330779804,13.07,0
2024-07-31,Curve,Ethereum,5.74,DAI,326163676,21.24,0
2024-07-31,Curve,Arbitrum,8.13,USDC,320319926,2.66,4.82
2024-07-31,Curve,Arbitrum,8.32,USDT,337369959,2.29,4.35
2024-07-31,Curve,Arbitrum,7.71,DAI,347003589,2.38,5.84
2024-07-31,Curve,Optimism,6.61,USDC,322580627,2.39,3.19
2024-07-31,Curve,Optimism,7.08,USDT,353553178,1.77,3.06
2024-07-31,Curve,Optimism,7.77,DAI,357337908,1.68,5.0
2024-07-31,Curve,Polygon,8.31,USDC,359817275,1.02,3.05
2024-07-31,Curve,Polygon,7.83,USDT,320730122,0.98,2.71
2024-07-31,Curve,Polygon,8.69,DAI,392896445,1.29,2.79
2024-07-31,Curve,Base,6.57,USDC,339074106,1.55,4.06
2024-07-31,Curve,Base,7.87,USDT,332671313,1.29,3.15
2024-07-31,Curve,Base,7.38,DAI,354128173,1.3,3.56
2024-07-31,Uniswap V3,Ethereum,7.76,USDC,103761908,18.49,0
2024-07-31,Uniswap V3,Ethereum,7.65,USDT,98594715,18.49,0
2024-07-31,Uniswap V3,Ethereum,7.35,DAI,101140034,20.9,0
2024-07-31,Uniswap V3,Arbitrum,7.75,USDC,103055430,2.14,5.27
2024-07-31,Uniswap V3,Arbitrum,9.04,DAI,89987167,2.5,4.27
2024-07-31,Uniswap V3,Optimism,7.69,USDC,87419423,1.84,4.04
2024-07-31,Uniswap V3,Optimism,7.74,USDT,94609546,1.5,3.6
2024-07-31,Uniswap V3,Optimism,9.07,DAI,103161697,1.46,4.4
2024-07-31,Uniswap V3,Polygon,8.86,USDC,100627372,1.1,2.64
2024-07-31,Uniswap V3,Polygon,9.29,USDT,103969771,0.93,2.83
2024-07-31,Uniswap V3,Polygon,8.83,DAI,109215500,0.79,3.63
2024-07-31,Uniswap V3,Base,8.57,USDC,104409859,1.47,5.05
2024-07-31,Uniswap V3,Base,8.68,USDT,98577967,1.29,1.84
2024-07-31,Uniswap V3,Base,8.26,DAI,105637065,1.04,4.07
2024-07-31,Yearn,Ethereum,5.01,USDC,132214824,20.76,0
2024-07-31,Yearn,Ethereum,4.56,USDT,128933865,17.12,0
2024-07-31,Yearn,Ethereum,4.97,DAI,132004377,17.83,0
2024-07-31,Yearn,Arbitrum,5.71,USDC,136342346,2.79,3.66
2024-07-31,Yearn,Arbitrum,6.12,USDT,119790670,2.5,4.5
2024-07-31,Yearn,Arbitrum,6.59,DAI,128135828,2.41,6.35
2024-07-31,Yearn,Optimism,5.97,USDC,136591035,1.79,2.69
2024-07-31,Yearn,Optimism,5.18,DAI,126960915,1.33,3.86
2024-07-31,Yearn,Polygon,6.31,USDC,122412423,0.76,3.04
2024-07-31,Yearn,Polygon,6.79,USDT,124078018,0.87,3.89
2024-07-31,Yearn,Polygon,6.66,DAI,126028670,0.86,3.04
2024-07-31,Yearn,Base,6.98,USDC,118278487,1.36,5.43
2024-07-31,Yearn,Base,5.31,USDT,131602857,1.61,4.58
2024-07-31,Yearn,Base,7.02,DAI,128217372,0.89,3.3
2024-07-31,Pendle,Ethereum,8.78,USDC,77819959,15.54,0
2024-07-31,Pendle,Ethereum,8.94,USDT,74916417,18.72,0
2024-07-31,Pendle,Ethereum,9.39,DAI,89308692,14.95,0
2024-07-31,Pendle,Arbitrum,10.58,USDC,81653535,1.83,4.76
2024-07-31,Pendle,Arbitrum,10.3,USDT,80885275,2.02,5.38
2024-07-31,Pendle,Arbitrum,9.82,DAI,76821499,2.91,5.18
2024-07-31,Pendle,Optimism,12.91,USDC,79730271,1.67,4.83
2024-07-31,Pendle,Optimism,9.84,USDT,83078879,1.48,2.81
2024-07-31,Pendle,Optimism,11.58,DAI,75331039,1.49,3.67
2024-07-31,Pendle,Base,9.38,USDC,88141529,1.7,4.34
2024-07-31,Pendle,Base,10.49,USDT,78748005,1.54,5.96
2024-07-31,Pendle,Base,9.23,DAI,83045343,1.47,3.77
2024-07-31,Convex,Ethereum,5.88,USDC,150790402,19.37,0
2024-07-31,Convex,Ethereum,6.12,USDT,146075640,18.32,0
2024-07-31,Convex,Ethereum,6.52,DAI,144955062,17.78,0
2024-07-31,Balancer,Ethereum,7.86,USDT,119106037,21.75,0
2024-07-31,Balancer,Ethereum,6.57,DAI,123512787,18.78,0
2024-07-31,Balancer,Arbitrum,7.09,USDC,125549843,2.16,5.36
2024-07-31,Balancer,Optimism,8.07,USDC,104000070,1.33,4.42
2024-07-31,Balancer,Optimism,8.13,USDT,118551593,2.14,5.13
2024-07-31,Balancer,Optimism,7.81,DAI,118411502,2.06,4.45
2024-07-31,Balancer,Polygon,9.55,USDC,122281299,0.91,3.31
2024-07-31,Balancer,Polygon,6.49,USDT,106561634,0.96,4.1
2024-07-31,Balancer,Polygon,8.24,DAI,122987575,1.07,3.13
2024-07-31,Balancer,Base,7.75,USDC,115506954,1.34,5.33
2024-07-31,Balancer,Base,8.82,USDT,126019166,1.41,3.26
2024-07-31,Balancer,Base,7.11,DAI,122586146,1.54,3.51
2024-08-01,Aave,Ethereum,4.09,USDC,259213598,16.16,0
2024-08-01,Aave,Ethereum,4.59,USDT,243157964,21.12,0
2024-08-01,Aave,Ethereum,4.03,DAI,270500468,16.95,0
2024-08-01,Aave,Arbitrum,5.78,USDC,278438876,2.8,5.66
2024-08-01,Aave,Arbitrum,4.41,USDT,256589054,2.46,7.03
2024-08-01,Aave,Arbitrum,5.21,DAI,265644619,2.0,6.41
2024-08-01,Aave,Optimism,4.75,USDC,271845841,1.66,3.13
2024-08-01,Aave,Optimism,4.14,USDT,278464563,2.01,4.08
2024-08-01,Aave,Optimism,4.36,DAI,273773019,1.74,4.28
2024-08-01,Aave,Polygon,4.86,USDC,303063330,0.9,2.7
2024-08-01,Aave,Polygon,5.0,USDT,274032921,1.1,2.75
2024-08-01,Aave,Polygon,3.49,DAI,257126739,0.89,2.9
2024-08-01,Aave,Base,5.0,USDC,270317621,1.0,3.78
2024-08-01,Aave,Base,5.05,USDT,268935995,1.27,3.1
2024-08-01,Aave,Base,4.65,DAI,292209132,1.39,4.34
2024-08-01,Compound,Ethereum,3.53,USDC,211612822,17.66,0
2024-08-01,Compound,Ethereum,3.65,USDT,200824124,19.61,0
2024-08-01,Compound,Ethereum,3.75,DAI,205911403,23.12,0
2024-08-01,Compound,Arbitrum,4.93,USDC,191067677,1.9,4.01
2024-08-01,Compound,Arbitrum,4.91,USDT,195824589,2.16,3.72
2024-08-01,Compound,Arbitrum,4.6,DAI,186905385,2.17,3.95
2024-08-01,Compound,Optimism,4.67,USDC,195486770,1.56,3.92
2024-08-01,Compound,Optimism,4.98,DAI,207577946,1.74,5.27
2024-08-01,Compound,Polygon,4.92,USDC,189571990,0.97,2.21
2024-08-01,Compound,Polygon,5.12,USDT,188893004,0.88,2.49
2024-08-01,Compound,Polygon,4.8,DAI,216010859,0.92,2.34
2024-08-01,Compound,Base,4.34,USDC,197626759,1.44,3.05
2024-08-01,Compound,Base,4.7,USDT,196117638,1.16,4.78
2024-08-01,Compound,Base,4.78,DAI,197999234,1.89,3.53
2024-08-01,Curve,Ethereum,6.57,USDC,358351636,19.39,0
2024-08-01,Curve,Ethereum,7.55,USDT,367311797,18.98,0
2024-08-01,Curve,Ethereum,6.85,DAI,341198430,15.29,0
2024-08-01,Curve,Arbitrum,7.93,USDC,343013788,2.3,5.52
2024-08-01,Curve,Arbitrum,7.33,USDT,351935199,1.69,5.13
2024-08-01,Curve,Arbitrum,6.74,DAI,329580186,2.94,6.28
2024-08-01,Curve,Optimism,6.82,USDC,352851849,1.83,4.23
2024-08-01,Curve,Optimism,4.77,USDT,353778521,2.05,4.03
2024-08-01,Curve,Optimism,6.82,DAI,369285862,1.74,4.16
2024-08-01,Curve,Polygon,7.59,USDC,352704752,0.92,3.06
2024-08-01,Curve,Polygon,7.75,USDT,365237392,0.67,3.3
2024-08-01,Curve,Base,6.53,USDC,363656953,1.46,4.48
2024-08-01,Curve,Base,9.48,USDT,342487199,1.33,2.6
2024-08-01,Curve,Base,6.52,DAI,357325229,1.3,3.28
2024-08-01,Uniswap V3,Ethereum,6.46,USDC,106541888,15.35,0
2024-08-01,Uniswap V3,Ethereum,7.04,USDT,102409896,17.26,0
2024-08-01,Uniswap V3,Ethereum,5.06,DAI,110569188,20.76,0
2024-08-01,Uniswap V3,Arbitrum,6.99,USDC,103123722,2.36,5.49
2024-08-01,Uniswap V3,Arbitrum,8.01,USDT,104852142,2.35,6.52
2024-08-01,Uniswap V3,Optimism,6.51,USDC,102550507,1.38,4.78
2024-08-01,Uniswap V3,Optimism,7.65,USDT,106671757,1.8,5.1
2024-08-01,Uniswap V3,Optimism,8.6,DAI,102825250,1.93,4.24
2024-08-01,Uniswap V3,Polygon,7.71,USDC,96924807,0.96,3.51
2024-08-01,Uniswap V3,Base,9.59,USDC,103472986,1.55,3.82
2024-08-01,Uniswap V3,Base,7.19,USDT,116070908,1.62,5.57
2024-08-01,Uniswap V3,Base,8.51,DAI,102944437,1.3,3.97
2024-08-01,Yearn,Ethereum,5.36,USDC,131196206,20.58,0
2024-08-01,Yearn,Ethereum,5.29,USDT,128906152,18.66,0
2024-08-01,Yearn,Ethereum,5.09,DAI,144938212,18.2,0
2024-08-01,Yearn,Arbitrum,6.75,USDC,132190719,1.82,3.7
2024-08-01,Yearn,Arbitrum,6.63,USDT,131174601,2.54,6.78
2024-08-01,Yearn,Arbitrum,6.69,DAI,131610695,2.52,5.33
2024-08-01,Yearn,Optimism,5.87,USDC,131436679,2.36,2.63
2024-08-01,Yearn,Optimism,5.7,USDT,132629590,1.74,4.93
2024-08-01,Yearn,Optimism,6.07,DAI,122866691,1.93,3.36
2024-08-01,Yearn,Polygon,5.76,USDC,128220170,1.09,3.25
2024-08-01,Yearn,Polygon,6.54,DAI,127900854,0.68,2.82
2024-08-01,Yearn,Base,6.76,USDC,128622010,1.5,5.73
2024-08-01,Yearn,Base,6.0,DAI,136371523,1.48,4.05
2024-08-01,Pendle,Ethereum,7.97,USDC,83524108,16.79,0
2024-08-01,Pendle,Ethereum,7.77,DAI,80297047,19.97,0
2024-08-01,Pendle,Arbitrum,10.96,USDT,80382472,2.57,6.23
2024-08-01,Pendle,Arbitrum,11.06,DAI,84415890,2.6,3.15
2024-08-01,Pendle,Optimism,9.56,USDC,77629703,1.57,4.58
2024-08-01,Pendle,Optimism,11.71,USDT,80654748,1.76,4.44
2024-08-01,Pendle,Optimism,9.71,DAI,80773385,1.97,4.7
2024-08-01,Pendle,Base,7.91,USDC,80002035,1.42,2.93
2024-08-01,Pendle,Base,12.4,USDT,82047746,1.24,2.88
2024-08-01,Pendle,Base,11.58,DAI,83559730,1.75,4.7
2024-08-01,Convex,Ethereum,4.91,USDC,153301242,13.19,0
2024-08-01,Convex,Ethereum,5.99,USDT,160768287,17.91,0
2024-08-01,Convex,Ethereum,5.81,DAI,149519780,19.83,0
2024-08-01,Balancer,Ethereum,6.4,USDC,130927384,18.04,0
2024-08-01,Balancer,Ethereum,7.12,USDT,120633597,19.11,0
2024-08-01,Balancer,Arbitrum,8.12,USDC,111997888,2.19,3.45
2024-08-01,Balancer,Arbitrum,8.11,USDT,125432215,2.61,5.56
2024-08-01,Balancer,Arbitrum,7.94,DAI,115846965,3.14,2.91
2024-08-01,Balancer,Optimism,6.07,USDC,122380562,1.9,3.63
2024-08-01,Balancer,Optimism,8.23,USDT,122478339,1.52,4.7
2024-08-01,Balancer,Optimism,7.39,DAI,112672655,1.81,2.83
2024-08-01,Balancer,Polygon,8.83,USDC,118839087,0.89,3.23
2024-08-01,Balancer,Polygon,9.48,USDT,130323270,0.85,3.45
2024-08-01,Balancer,Polygon,8.48,DAI,123118635,1.34,2.26
2024-08-01,Balancer,Base,7.21,USDT,117419266,1.26,1.84
2024-08-02,Aave,Ethereum,3.31,USDC,286768892,21.07,0
2024-08-02,Aave,Ethereum,3.92,USDT,284766564,19.41,0
2024-08-02,Aave,Ethereum,4.12,DAI,290078980,14.11,0
2024-08-02,Aave,Arbitrum,4.3,USDT,285756166,2.22,4.56
2024-08-02,Aave,Optimism,4.47,USDT,280524453,1.86,3.73
2024-08-02,Aave,Optimism,4.87,DAI,272455257,2.08,4.1
2024-08-02,Aave,Polygon,5.35,USDT,289482592,0.75,2.35
2024-08-02,Aave,Polygon,6.27,DAI,291374798,0.96,2.33
2024-08-02,Aave,Base,5.34,USDC,296084300,1.04,3.65
2024-08-02,Aave,Base,4.74,USDT,280633909,1.64,3.62
2024-08-02,Aave,Base,4.8,DAI,271453387,1.69,5.36
2024-08-02,Compound,Ethereum,3.83,USDC,208344988,15.67,0
2024-08-02,Compound,Ethereum,3.69,USDT,202919836,16.67,0
2024-08-02,Compound,Arbitrum,4.46,USDC,194230282,2.21,6.31
2024-08-02,Compound,Arbitrum,5.59,USDT,206211747,2.5,5.48
2024-08-02,Compound,Arbitrum,4.7,DAI,208063588,2.87,5.13
2024-08-02,Compound,Optimism,4.34,USDC,203787869,1.94,3.13
2024-08-02,Compound,Optimism,4.71,USDT,203017788,1.96,3.69
2024-08-02,Compound,Optimism,4.3,DAI,193883407,1.66,4.03
2024-08-02,Compound,Polygon,3.89,USDC,206249697,1.1,3.58
2024-08-02,Compound,Polygon,4.39,USDT,224158839,1.14,3.26
2024-08-02,Compound,Polygon,4.86,DAI,203173242,0.95,3.11
2024-08-02,Compound,Base,4.23,USDC,208222040,1.5,4.33
2024-08-02,Compound,Base,4.39,USDT,187452281,1.81,5.07
2024-08-02,Compound,Base,4.5,DAI,206354290,1.33,5.36
2024-08-02,Curve,Ethereum,8.39,USDC,366480573,20.57,0
2024-08-02,Curve,Ethereum,7.33,USDT,340385133,18.3,0
2024-08-02,Curve,Arbitrum,7.51,USDC,365150564,2.15,3.92
2024-08-02,Curve,Arbitrum,7.56,USDT,367303510,1.99,4.65
2024-08-02,Curve,Arbitrum,6.5,DAI,335952431,2.5,5.33
2024-08-02,Curve,Optimism,7.77,USDC,363707231,2.12,3.76
2024-08-02,Curve,Optimism,6.64,USDT,345925885,1.43,3.16
2024-08-02,Curve,Optimism,7.87,DAI,340021649,2.11,4.21
2024-08-02,Curve,Polygon,6.98,USDC,380184633,0.74,2.7
2024-08-02,Curve,Polygon,5.83,DAI,356146764,1.21,4.0
2024-08-02,Curve,Base,6.23,USDC,350545247,1.28,3.46
2024-08-02,Curve,Base,7.17,USDT,335540815,1.44,2.86
2024-08-02,Curve,Base,7.17,DAI,362089847,0.96,4.39
2024-08-02,Uniswap V3,Ethereum,6.17,USDC,108505095,18.48,0
2024-08-02,Uniswap V3,Ethereum,6.93,USDT,109245114,21.33,0
2024-08-02,Uniswap V3,Ethereum,7.96,DAI,103276557,19.32,0
2024-08-02,Uniswap V3,Arbitrum,8.48,USDC,103195531,2.22,6.38
2024-08-02,Uniswap V3,Arbitrum,9.54,DAI,102707788,2.44,5.8
2024-08-02,Uniswap V3,Optimism,8.05,USDC,100591360,1.8,4.85
2024-08-02,Uniswap V3,Optimism,7.46,USDT,100429487,1.53,3.83
2024-08-02,Uniswap V3,Optimism,6.52,DAI,109143915,1.98,3.51
2024-08-02,Uniswap V3,Polygon,9.02,USDC,107502455,0.77,2.78
2024-08-02,Uniswap V3,Polygon,12.41,USDT,98898287,1.08,3.88
2024-08-02,Uniswap V3,Polygon,7.93,DAI,104774732,0.91,3.39
2024-08-02,Uniswap V3,Base,6.7,USDC,104150729,1.07,4.45
2024-08-02,Uniswap V3,Base,8.19,USDT,97633338,1.68,4.71
2024-08-02,Uniswap V3,Base,8.59,DAI,106186561,1.94,3.15
2024-08-02,Yearn,Ethereum,4.79,USDC,133723236,18.49,0
2024-08-02,Yearn,Ethereum,5.0,DAI,135174039,20.25,0
2024-08-02,Yearn,Arbitrum,5.63,USDT,139775015,1.81,4.87
2024-08-02,Yearn,Optimism,5.37,USDC,134567910,2.0,5.52
2024-08-02,Yearn,Optimism,5.71,USDT,128841078,1.89,2.39
2024-08-02,Yearn,Optimism,6.44,DAI,137819652,2.09,4.25
2024-08-02,Yearn,Polygon,6.33,USDC,130157097,0.77,3.29
2024-08-02,Yearn,Polygon,6.77,USDT,134923025,0.98,3.8
2024-08-02,Yearn,Polygon,5.03,DAI,139362057,0.98,3.06
2024-08-02,Yearn,Base,5.29,USDC,132513894,1.37,3.7
2024-08-02,Yearn,Base,6.86,USDT,125947983,1.56,4.3
2024-08-02,Pendle,Ethereum,9.24,USDC,88526583,17.26,0
2024-08-02,Pendle,Ethereum,7.53,USDT,83310681,18.57,0
2024-08-02,Pendle,Ethereum,7.63,DAI,86562262,17.58,0
2024-08-02,Pendle,Arbitrum,10.76,USDC,79767636,2.66,4.81
2024-08-02,Pendle,Arbitrum,11.69,USDT,86850546,2.55,7.63
2024-08-02,Pendle,Arbitrum,11.06,DAI,75732145,2.52,4.93
2024-08-02,Pendle,Optimism,11.64,USDC,85469230,1.74,3.04
2024-08-02,Pendle,Optimism,12.06,USDT,89807767,2.07,4.46
2024-08-02,Pendle,Optimism,8.92,DAI,86747250,2.04,3.74
2024-08-02,Pendle,Base,10.51,USDC,78768071,1.44,4.88
2024-08-02,Pendle,Base,11.94,USDT,82226260,1.3,4.05
2024-08-02,Pendle,Base,8.42,DAI,87865568,1.78,3.71
2024-08-02,Convex,Ethereum,5.35,USDC,164780207,13.95,0
2024-08-02,Convex,Ethereum,5.6,USDT,165866127,19.26,0
2024-08-02,Convex,Ethereum,5.51,DAI,161229290,14.62,0
2024-08-02,Balancer,Ethereum,6.14,USDC,125925963,13.7,0
2024-08-02,Balancer,Ethereum,6.03,DAI,114213867,18.2,0
2024-08-02,Balancer,Arbitrum,7.18,USDC,130707053,2.69,5.2
2024-08-02,Balancer,Arbitrum,7.84,USDT,114883843,2.45,5.38
2024-08-02,Balancer,Arbitrum,7.89,DAI,127364560,1.94,5.16
2024-08-02,Balancer,Optimism,7.07,USDC,124663515,1.91,2.65
2024-08-02,Balancer,Optimism,7.31,USDT,124841803,1.91,5.01
2024-08-02,Balancer,Optimism,7.34,DAI,121081364,2.23,4.62
2024-08-02,Balancer,Polygon,7.52,USDC,128967226,0.87,2.86
2024-08-02,Balancer,Polygon,8.45,USDT,121235726,1.13,2.45
2024-08-02,Balancer,Polygon,8.53,DAI,124363493,0.86,3.32
2024-08-02,Balancer,Base,8.28,USDT,126012719,1.32,4.86
2024-08-02,Balancer,Base,8.54,DAI,123259861,1.99,4.08
2024-08-03,Aave,Ethereum,4.04,USDC,268322500,13.98,0
2024-08-03,Aave,Ethereum,3.39,USDT,270451803,12.16,0
2024-08-03,Aave,Arbitrum,5.18,USDC,263713306,1.73,6.98
2024-08-03,Aave,Arbitrum,4.2,USDT,296506313,1.24,3.08
2024-08-03,Aave,Arbitrum,4.98,DAI,278718011,1.38,3.61
2024-08-03,Aave,Optimism,4.84,USDT,284969861,1.28,5.53
2024-08-03,Aave,Optimism,4.7,DAI,279714154,0.83,4.04
2024-08-03,Aave,Polygon,4.42,USDC,296800377,0.59,2.28
2024-08-03,Aave,Polygon,5.09,USDT,273514700,0.63,2.34
2024-08-03,Aave,Polygon,4.86,DAI,300610495,0.61,2.92
2024-08-03,Aave,Base,4.84,USDC,232517852,1.02,4.34
2024-08-03,Aave,Base,4.57,USDT,277890675,0.93,3.42
2024-08-03,Aave,Base,4.53,DAI,274240582,0.96,2.24
2024-08-03,Compound,Ethereum,4.0,USDC,215796709,12.75,0
2024-08-03,Compound,Ethereum,4.45,USDT,191454719,11.48,0
2024-08-03,Compound,Ethereum,3.67,DAI,218332215,10.85,0
2024-08-03,Compound,Arbitrum,4.18,USDC,191768468,1.51,4.98
2024-08-03,Compound,Arbitrum,4.48,USDT,198720927,1.38,4.28
2024-08-03,Compound,Arbitrum,4.56,DAI,203056460,1.85,4.37
2024-08-03,Compound,Optimism,4.27,USDC,213646933,1.2,4.94
2024-08-03,Compound,Optimism,4.59,USDT,204298696,1.34,3.59
2024-08-03,Compound,Optimism,3.93,DAI,198444122,1.27,3.61
2024-08-03,Compound,Polygon,4.6,USDT,193260747,0.46,3.15
2024-08-03,Compound,Polygon,4.64,DAI,207611532,0.68,3.1
2024-08-03,Compound,Base,4.17,USDC,207129704,1.06,5.24
2024-08-03,Compound,Base,4.81,USDT,211748333,1.05,4.28
2024-08-03,Compound,Base,4.3,DAI,201296590,0.99,2.03
2024-08-03,Curve,Ethereum,6.95,USDC,345629889,15.37,0
2024-08-03,Curve,Ethereum,5.16,USDT,328851546,10.57,0
2024-08-03,Curve,Ethereum,5.93,DAI,364943200,13.31,0
2024-08-03,Curve,Arbitrum,7.03,USDC,380064717,1.78,5.68
2024-08-03,Curve,Arbitrum,6.46,USDT,363140439,1.49,5.55
2024-08-03,Curve,Optimism,6.83,USDC,379849052,0.94,3.69
2024-08-03,Curve,Optimism,7.18,USDT,346913590,1.08,3.52
2024-08-03,Curve,Polygon,6.84,USDC,368575865,0.61,3.52
2024-08-03,Curve,Polygon,8.5,DAI,347530164,0.63,3.87
2024-08-03,Curve,Base,7.55,USDC,351789826,1.14,3.63
2024-08-03,Curve,Base,8.77,USDT,362337065,1.19,3.85
2024-08-03,Curve,Base,6.48,DAI,368068643,1.11,3.39
2024-08-03,Uniswap V3,Ethereum,7.45,USDC,102698645,6.92,0
2024-08-03,Uniswap V3,Ethereum,6.2,USDT,100190914,9.64,0
2024-08-03,Uniswap V3,Ethereum,6.09,DAI,111860030,12.36,0
2024-08-03,Uniswap V3,Arbitrum,6.69,USDC,104173795,1.65,4.03
2024-08-03,Uniswap V3,Arbitrum,8.91,USDT,110653392,1.71,4.91
2024-08-03,Uniswap V3,Arbitrum,7.0,DAI,109576153,1.6,5.29
2024-08-03,Uniswap V3,Optimism,6.17,USDC,102687803,1.24,4.08
2024-08-03,Uniswap V3,Optimism,8.68,USDT,107044491,0.87,5.18
2024-08-03,Uniswap V3,Optimism,7.54,DAI,103545177,0.9,2.61
2024-08-03,Uniswap V3,Polygon,7.03,USDT,101002722,0.76,2.84
2024-08-03,Uniswap V3,Polygon,8.13,DAI,108545951,0.54,3.41
2024-08-03,Uniswap V3,Base,9.71,USDC,100569354,1.17,4.59
2024-08-03,Uniswap V3,Base,8.43,USDT,99699105,1.03,3.88
2024-08-03,Uniswap V3,Base,9.27,DAI,113644806,1.12,3.35
2024-08-03,Yearn,Ethereum,5.16,USDC,131250060,9.88,0
2024-08-03,Yearn,Ethereum,4.98,USDT,133333693,11.05,0
2024-08-03,Yearn,Ethereum,4.52,DAI,135375741,14.87,0
2024-08-03,Yearn,Arbitrum,5.16,USDC,142198919,1.68,7.78
2024-08-03,Yearn,Arbitrum,6.12,USDT,136426055,1.56,5.97
2024-08-03,Yearn,Arbitrum,6.92,DAI,138407181,1.71,4.5
2024-08-03,Yearn,Optimism,6.02,USDC,137953950,1.04,3.46
2024-08-03,Yearn,Optimism,5.93,DAI,147709714,1.33,3.66
2024-08-03,Yearn,Polygon,6.71,USDC,132878920,0.76,2.8
2024-08-03,Yearn,Polygon,6.67,USDT,133174173,0.65,2.72
2024-08-03,Yearn,Polygon,6.99,DAI,128539634,0.68,2.98
2024-08-03,Yearn,Base,4.96,USDC,136637602,1.15,3.58
2024-08-03,Yearn,Base,5.9,USDT,129575076,0.94,3.67
2024-08-03,Yearn,Base,4.76,DAI,145756791,0.86,3.16
2024-08-03,Pendle,Ethereum,6.52,USDT,86925450,10.63,0
2024-08-03,Pendle,Ethereum,10.01,DAI,82112603,11.16,0
2024-08-03,Pendle,Arbitrum,10.29,USDC,85766345,1.54,5.03
2024-08-03,Pendle,Arbitrum,8.62,USDT,81185397,1.53,4.01
2024-08-03,Pendle,Arbitrum,8.57,DAI,78409226,1.51,4.22
2024-08-03,Pendle,Optimism,9.79,USDC,82593656,1.11,3.63
2024-08-03,Pendle,Optimism,9.18,DAI,81458158,1.18,2.28
2024-08-03,Pendle,Base,9.45,USDC,83847628,1.03,3.36
2024-08-03,Pendle,Base,9.14,USDT,92121554,0.83,3.99
2024-08-03,Pendle,Base,10.62,DAI,85836393,0.96,4.58
2024-08-03,Convex,Ethereum,5.81,USDC,163178506,9.88,0
2024-08-03,Convex,Ethereum,5.56,USDT,162518581,12.52,0
2024-08-03,Convex,Ethereum,5.39,DAI,152291547,11.64,0
2024-08-03,Balancer,Ethereum,6.73,USDC,127466596,13.06,0
2024-08-03,Balancer,Ethereum,6.47,DAI,131751222,11.81,0
2024-08-03,Balancer,Arbitrum,7.75,USDT,120314096,1.43,5.87
2024-08-03,Balancer,Arbitrum,7.18,DAI,123832122,1.71,6.75
2024-08-03,Balancer,Optimism,7.86,USDC,120027396,0.8,3.09
2024-08-03,Balancer,Optimism,7.3,USDT,123476085,1.09,3.55
2024-08-03,Balancer,Optimism,6.42,DAI,128649866,1.43,5.24
2024-08-03,Balancer,Polygon,7.37,USDC,120381548,0.59,3.63
2024-08-03,Balancer,Polygon,9.02,DAI,125357874,0.56,3.6
2024-08-03,Balancer,Base,6.65,USDC,124654880,0.89,6.09
2024-08-03,Balancer,Base,9.29,USDT,123939111,0.63,4.03
2024-08-03,Balancer,Base,7.5,DAI,123443294,1.09,4.27
2024-08-04,Aave,Ethereum,4.14,USDC,285545310,7.54,0
2024-08-04,Aave,Ethereum,4.05,USDT,285481337,8.51,0
2024-08-04,Aave,Ethereum,4.09,DAI,272976319,11.63,0
2024-08-04,Aave,Arbitrum,3.98,USDC,307967504,1.27,7.81
2024-08-04,Aave,Arbitrum,4.96,USDT,281807977,1.36,2.73
2024-08-04,Aave,Arbitrum,5.41,DAI,297268698,1.33,3.9
2024-08-04,Aave,Optimism,5.18,USDC,297043584,1.36,4.31
2024-08-04,Aave,Optimism,4.08,USDT,287204249,0.93,4.11
2024-08-04,Aave,Optimism,5.23,DAI,304208536,1.01,4.13
2024-08-04,Aave,Polygon,4.37,USDC,273405879,0.65,3.94
2024-08-04,Aave,Polygon,4.0,USDT,275368024,0.58,3.6
2024-08-04,Aave,Polygon,4.92,DAI,290225259,0.52,3.51
2024-08-04,Aave,Base,5.4,USDC,284216565,1.0,4.13
2024-08-04,Aave,Base,5.92,USDT,304131907,1.04,3.99
2024-08-04,Aave,Base,4.5,DAI,313511673,1.04,4.88
2024-08-04,Compound,Ethereum,4.11,USDC,195555328,13.68,0
2024-08-04,Compound,Ethereum,3.53,USDT,208762369,9.09,0
2024-08-04,Compound,Ethereum,3.45,DAI,198393652,11.69,0
2024-08-04,Compound,Arbitrum,4.43,USDC,218602757,1.4,4.82
2024-08-04,Compound,Arbitrum,4.29,USDT,215446437,1.12,6.48
2024-08-04,Compound,Arbitrum,4.3,DAI,213768700,1.56,4.89
2024-08-04,Compound,Optimism,5.65,USDT,214368575,1.18,4.67
2024-08-04,Compound,Optimism,4.04,DAI,209528877,0.99,4.54
2024-08-04,Compound,Polygon,4.93,USDC,201655778,0.58,2.62
2024-08-04,Compound,Polygon,4.08,USDT,211471622,0.74,3.84
2024-08-04,Compound,Base,4.44,USDC,210239337,0.98,3.63
2024-08-04,Compound,Base,3.87,USDT,214408704,0.94,3.22
2024-08-04,Compound,Base,3.92,DAI,201262813,0.93,3.79
2024-08-04,Curve,Ethereum,5.57,USDC,387997927,11.96,0
2024-08-04,Curve,Ethereum,5.39,USDT,377135790,9.39,0
2024-08-04,Curve,Ethereum,6.08,DAI,342280660,12.83,0
2024-08-04,Curve,Arbitrum,9.36,USDC,369841379,1.44,4.65
2024-08-04,Curve,Arbitrum,8.61,USDT,366267392,2.0,7.66
2024-08-04,Curve,Optimism,7.7,USDC,383794672,1.21,3.93
2024-08-04,Curve,Optimism,6.61,USDT,355518602,1.32,2.87
2024-08-04,Curve,Optimism,6.52,DAI,381421601,1.14,3.18
2024-08-04,Curve,Polygon,5.68,USDC,390809645,0.45,2.57
2024-08-04,Curve,Polygon,7.36,USDT,369479792,0.58,3.17
2024-08-04,Curve,Polygon,7.39,DAI,340763379,0.85,2.51
2024-08-04,Curve,Base,7.95,USDT,370490566,1.05,3.05
2024-08-04,Curve,Base,7.0,DAI,351279769,1.15,4.08
2024-08-04,Uniswap V3,Ethereum,6.73,USDC,112649049,11.13,0
2024-08-04,Uniswap V3,Ethereum,7.79,USDT,116102840,11.16,0
2024-08-04,Uniswap V3,Ethereum,7.95,DAI,110164812,8.25,0
2024-08-04,Uniswap V3,Arbitrum,7.39,USDC,113734462,1.54,5.06
2024-08-04,Uniswap V3,Arbitrum,6.71,USDT,117455929,1.98,7.09
2024-08-04,Uniswap V3,Arbitrum,7.74,DAI,113745574,1.54,3.39
2024-08-04,Uniswap V3,Optimism,8.08,USDC,109267680,1.26,3.05
2024-08-04,Uniswap V3,Optimism,8.38,USDT,110419552,1.11,3.83
2024-08-04,Uniswap V3,Optimism,7.74,DAI,114319305,1.19,2.88
2024-08-04,Uniswap V3,Polygon,10.19,USDC,111434355,0.6,3.78
2024-08-04,Uniswap V3,Polygon,7.71,DAI,119371759,0.62,1.83
2024-08-04,Uniswap V3,Base,8.16,USDC,106331750,1.1,3.4
2024-08-04,Uniswap V3,Base,8.32,USDT,109322994,1.11,3.01
2024-08-04,Uniswap V3,Base,8.02,DAI,102056759,1.02,4.93
2024-08-04,Yearn,Ethereum,3.99,USDC,134323103,14.39,0
2024-08-04,Yearn,Ethereum,4.89,DAI,137374477,14.48,0
2024-08-04,Yearn,Arbitrum,5.76,USDC,140524895,1.47,4.14
2024-08-04,Yearn,Arbitrum,5.78,USDT,134947477,1.7,5.43
2024-08-04,Yearn,Arbitrum,4.74,DAI,142248032,1.2,7.45
2024-08-04,Yearn,Optimism,5.37,USDC,125393750,1.19,3.11
2024-08-04,Yearn,Optimism,6.89,USDT,130558915,1.06,3.27
2024-08-04,Yearn,Optimism,5.55,DAI,135780274,1.29,4.32
2024-08-04,Yearn,Polygon,6.57,USDC,138006035,0.71,2.06
2024-08-04,Yearn,Polygon,6.19,USDT,134791053,0.61,3.49
2024-08-04,Yearn,Polygon,6.15,DAI,147703185,0.44,3.77
2024-08-04,Yearn,Base,5.78,USDT,145044018,0.91,2.97
2024-08-04,Yearn,Base,5.78,DAI,136744071,1.26,5.21
2024-08-04,Pendle,Ethereum,9.37,USDC,82944530,14.51,0
2024-08-04,Pendle,Ethereum,9.36,DAI,82067948,11.76,0
2024-08-04,Pendle,Arbitrum,12.0,USDC,84780575,1.48,4.03
2024-08-04,Pendle,Arbitrum,11.0,USDT,83177991,1.41,3.38
2024-08-04,Pendle,Arbitrum,10.15,DAI,89971811,1.52,5.56
2024-08-04,Pendle,Optimism,12.12,USDC,85755529,1.49,4.0
2024-08-04,Pendle,Optimism,9.92,USDT,82265727,1.05,4.62
2024-08-04,Pendle,Optimism,11.32,DAI,86906224,1.05,3.44
2024-08-04,Pendle,Base,10.06,USDC,75077502,0.99,2.93
2024-08-04,Pendle,Base,9.89,USDT,85979180,1.02,3.93
2024-08-04,Pendle,Base,10.22,DAI,84036892,1.05,2.73
2024-08-04,Convex,Ethereum,5.11,USDC,168835248,10.54,0
2024-08-04,Convex,Ethereum,5.02,USDT,175532164,12.29,0
2024-08-04,Balancer,Ethereum,7.09,USDC,117841049,9.93,0
2024-08-04,Balancer,Ethereum,5.82,USDT,123729516,12.17,0
2024-08-04,Balancer,Ethereum,6.11,DAI,125539121,11.55,0
2024-08-04,Balancer,Arbitrum,7.47,USDC,111492452,1.37,4.33
2024-08-04,Balancer,Arbitrum,8.29,USDT,124341176,1.33,6.24
2024-08-04,Balancer,Arbitrum,6.8,DAI,129364934,2.01,3.0
2024-08-04,Balancer,Optimism,7.69,USDC,133492604,1.7,3.13
2024-08-04,Balancer,Optimism,6.87,USDT,121970995,0.92,5.03
2024-08-04,Balancer,Optimism,7.68,DAI,120638882,1.28,5.52
2024-08-04,Balancer,Polygon,7.65,USDC,124963318,0.57,3.9
2024-08-04,Balancer,Polygon,7.24,USDT,128614636,0.65,3.39
2024-08-04,Balancer,Base,8.3,USDT,116221439,1.13,2.72
2024-08-04,Balancer,Base,7.77,DAI,130226588,1.08,3.19
2024-08-05,Aave,Ethereum,4.26,USDC,262560861,12.24,0
2024-08-05,Aave,Ethereum,4.26,USDT,302539984,19.47,0
2024-08-05,Aave,Ethereum,4.87,DAI,287273173,18.11,0
2024-08-05,Aave,Arbitrum,4.27,USDC,297888645,1.92,5.08
2024-08-05,Aave,Arbitrum,5.54,USDT,305562370,2.67,3.17
2024-08-05,Aave,Arbitrum,5.45,DAI,301236816,2.79,3.84
2024-08-05,Aave,Optimism,5.06,USDC,311529487,1.73,4.01
2024-08-05,Aave,Optimism,4.23,USDT,293106354,1.64,5.68
2024-08-05,Aave,Optimism,3.6,DAI,289033654,2.23,5.07
2024-08-05,Aave,Polygon,5.14,USDC,301534706,1.11,2.52
2024-08-05,Aave,Polygon,4.69,USDT,278516651,0.81,3.48
2024-08-05,Aave,Polygon,5.18,DAI,271391533,0.75,3.09
2024-08-05,Aave,Base,4.86,USDC,292325524,1.79,3.61
2024-08-05,Aave,Base,4.53,USDT,284600843,1.26,2.59
2024-08-05,Aave,Base,4.51,DAI,301633663,1.17,2.65
2024-08-05,Compound,Ethereum,3.89,USDC,218888237,18.98,0
2024-08-05,Compound,Ethereum,4.66,USDT,198308859,19.74,0
2024-08-05,Compound,Ethereum,4.05,DAI,220126382,17.12,0
2024-08-05,Compound,Arbitrum,4.44,USDC,187853544,2.12,5.7
2024-08-05,Compound,Arbitrum,3.98,USDT,219447201,1.91,2.7
2024-08-05,Compound,Arbitrum,4.64,DAI,206421740,2.75,4.76
2024-08-05,Compound,Optimism,4.16,USDC,207127210,1.97,4.71
2024-08-05,Compound,Optimism,4.85,USDT,216889382,2.15,4.48
2024-08-05,Compound,Optimism,4.69,DAI,205668933,1.72,3.41
2024-08-05,Compound,Polygon,4.64,USDC,208367969,0.76,3.85
2024-08-05,Compound,Polygon,4.9,USDT,183689941,1.04,1.36
2024-08-05,Compound,Polygon,4.52,DAI,207481438,1.17,3.43
2024-08-05,Compound,Base,4.99,USDC,214577448,1.3,3.26
2024-08-05,Compound,Base,4.96,USDT,201844607,1.58,4.64
2024-08-05,Compound,Base,4.21,DAI,212589147,1.35,3.17
2024-08-05,Curve,Ethereum,6.67,DAI,359622095,18.54,0
2024-08-05,Curve,Arbitrum,8.48,USDC,356154816,2.27,5.24
2024-08-05,Curve,Arbitrum,8.45,USDT,368535509,2.14,6.19
2024-08-05,Curve,Arbitrum,7.02,DAI,361966049,2.44,4.48
2024-08-05,Curve,Optimism,7.04,USDC,375489422,1.91,5.19
2024-08-05,Curve,Optimism,7.81,USDT,387110072,1.87,5.18
2024-08-05,Curve,Optimism,7.21,DAI,378844448,1.93,4.6
2024-08-05,Curve,Polygon,9.49,USDC,374753655,1.08,3.3
2024-08-05,Curve,Polygon,9.34,USDT,389610208,1.01,4.03
2024-08-05,Curve,Polygon,8.46,DAI,373058323,0.97,3.41
2024-08-05,Curve,Base,7.3,USDC,358259259,1.48,3.21
2024-08-05,Curve,Base,7.31,USDT,362610904,1.29,4.29
2024-08-05,Uniswap V3,Ethereum,5.72,USDC,112331473,15.64,0
2024-08-05,Uniswap V3,Ethereum,7.55,USDT,115345861,14.26,0
2024-08-05,Uniswap V3,Ethereum,6.99,DAI,116343303,20.92,0
2024-08-05,Uniswap V3,Arbitrum,9.02,USDC,111628141,2.4,5.29
2024-08-05,Uniswap V3,Arbitrum,6.71,USDT,112114425,2.48,5.08
2024-08-05,Uniswap V3,Arbitrum,8.24,DAI,107502890,2.85,5.78
2024-08-05,Uniswap V3,Optimism,7.34,USDC,110827974,0.91,3.94
2024-08-05,Uniswap V3,Optimism,7.7,USDT,110431535,1.58,4.32
2024-08-05,Uniswap V3,Optimism,8.43,DAI,112271807,1.3,3.18
2024-08-05,Uniswap V3,Polygon,9.98,USDC,113912189,0.89,2.74
2024-08-05,Uniswap V3,Polygon,10.16,USDT,113035891,0.98,2.84
2024-08-05,Uniswap V3,Polygon,8.13,DAI,113605911,0.92,3.96
2024-08-05,Uniswap V3,Base,6.61,USDC,101608758,1.59,4.03
2024-08-05,Uniswap V3,Base,7.18,USDT,113414065,1.53,3.04
2024-08-05,Uniswap V3,Base,8.05,DAI,106857244,1.53,4.85
2024-08-05,Yearn,Ethereum,5.84,USDC,151173172,15.48,0
2024-08-05,Yearn,Ethereum,5.65,USDT,135141902,18.16,0
2024-08-05,Yearn,Ethereum,5.3,DAI,150433136,18.34,0
2024-08-05,Yearn,Arbitrum,5.4,USDC,139691388,2.79,5.07
2024-08-05,Yearn,Arbitrum,5.68,USDT,138605993,2.04,6.03
2024-08-05,Yearn,Arbitrum,6.78,DAI,134761477,2.36,6.0
2024-08-05,Yearn,Optimism,5.35,USDC,141523079,1.68,4.5
2024-08-05,Yearn,Optimism,5.33,DAI,133980884,2.09,5.16
2024-08-05,Yearn,Polygon,5.93,USDC,129927619,0.9,3.92
2024-08-05,Yearn,Polygon,5.67,USDT,134541057,0.95,2.47
2024-08-05,Yearn,Polygon,6.6,DAI,128156979,1.03,3.45
2024-08-05,Yearn,Base,6.86,USDC,138597475,1.3,3.19
2024-08-05,Yearn,Base,5.74,USDT,133468088,1.85,4.79
2024-08-05,Yearn,Base,5.71,DAI,136429823,1.61,4.61
2024-08-05,Pendle,Ethereum,8.97,USDC,84724251,13.82,0
2024-08-05,Pendle,Ethereum,10.44,USDT,94074407,25.67,0
2024-08-05,Pendle,Ethereum,8.77,DAI,84237682,17.18,0
2024-08-05,Pendle,Arbitrum,7.75,USDC,85785182,2.83,4.02
2024-08-05,Pendle,Arbitrum,11.08,USDT,85882043,2.33,4.26
2024-08-05,Pendle,Arbitrum,8.29,DAI,83913707,2.25,5.52
2024-08-05,Pendle,Optimism,9.93,USDT,81385941,1.87,3.43
2024-08-05,Pendle,Optimism,10.43,DAI,89398950,2.22,5.83
2024-08-05,Pendle,Base,9.91,USDC,79902034,1.48,4.49
2024-08-05,Pendle,Base,10.91,USDT,92327745,1.54,4.12
2024-08-05,Pendle,Base,9.37,DAI,82509207,1.65,5.5
2024-08-05,Convex,Ethereum,5.88,USDC,168685465,9.73,0
2024-08-05,Convex,Ethereum,4.6,DAI,156579830,17.76,0
2024-08-05,Balancer,Ethereum,6.33,USDC,131535738,16.72,0
2024-08-05,Balancer,Ethereum,6.17,USDT,115487762,17.88,0
2024-08-05,Balancer,Ethereum,5.65,DAI,122007019,22.19,0
2024-08-05,Balancer,Arbitrum,8.39,USDC,121739235,2.02,4.86
2024-08-05,Balancer,Arbitrum,9.07,USDT,133458102,2.05,3.65
2024-08-05,Balancer,Arbitrum,8.16,DAI,133199629,2.67,5.52
2024-08-05,Balancer,Optimism,8.07,USDC,121870621,2.14,4.58
2024-08-05,Balancer,Optimism,7.9,USDT,128094895,2.2,3.7
2024-08-05,Balancer,Optimism,6.55,DAI,127995523,1.27,4.17
2024-08-05,Balancer,Polygon,7.81,USDC,126519439,1.04,2.59
2024-08-05,Balancer,Polygon,8.79,USDT,122601231,1.01,3.08
2024-08-05,Balancer,Polygon,9.27,DAI,129897593,1.01,3.22
2024-08-05,Balancer,Base,6.47,USDC,130214978,1.31,3.32
2024-08-05,Balancer,Base,8.16,DAI,127998845,1.87,3.75
2024-08-06,Aave,Ethereum,4.17,USDT,282488948,17.64,0
2024-08-06,Aave,Ethereum,3.78,DAI,283976932,18.37,0
2024-08-06,Aave,Arbitrum,4.73,USDC,299014460,2.75,5.6
2024-08-06,Aave,Arbitrum,4.97,USDT,296543020,2.85,9.28
2024-08-06,Aave,Arbitrum,4.41,DAI,297255638,1.74,5.35
2024-08-06,Aave,Optimism,4.63,USDC,298894338,1.68,3.27
2024-08-06,Aave,Optimism,4.62,USDT,296216403,1.55,4.3
2024-08-06,Aave,Polygon,5.53,USDC,284156548,1.03,3.16
2024-08-06,Aave,Polygon,4.66,USDT,299359892,0.89,2.09
2024-08-06,Aave,Base,4.37,USDC,269220630,1.52,2.91
2024-08-06,Aave,Base,4.05,USDT,286845240,1.56,3.99
2024-08-06,Aave,Base,4.12,DAI,311922732,1.81,4.15
2024-08-06,Compound,Ethereum,3.54,USDT,213593722,23.54,0
2024-08-06,Compound,Arbitrum,4.0,USDC,195025931,2.39,5.16
2024-08-06,Compound,Arbitrum,4.34,USDT,230061752,2.36,5.22
2024-08-06,Compound,Arbitrum,4.12,DAI,201753918,3.29,4.0
2024-08-06,Compound,Optimism,4.38,USDC,218201983,1.89,4.39
2024-08-06,Compound,Optimism,4.51,USDT,208814673,1.72,4.04
2024-08-06,Compound,Optimism,4.75,DAI,215908975,1.73,3.34
2024-08-06,Compound,Polygon,4.52,USDC,210087177,1.02,3.01
2024-08-06,Compound,Polygon,5.36,USDT,202318614,0.98,3.3
2024-08-06,Compound,Polygon,4.53,DAI,218788077,0.85,1.84
2024-08-06,Compound,Base,5.34,USDC,214523689,1.15,3.78
2024-08-06,Compound,Base,4.75,USDT,205242298,1.29,3.67
2024-08-06,Compound,Base,4.3,DAI,213630679,1.26,2.84
2024-08-06,Curve,Ethereum,6.38,USDC,348606308,16.61,0
2024-08-06,Curve,Ethereum,6.5,USDT,374581414,15.3,0
2024-08-06,Curve,Ethereum,7.23,DAI,403705448,13.94,0
2024-08-06,Curve,Arbitrum,6.69,USDC,377684778,2.09,5.94
2024-08-06,Curve,Arbitrum,7.06,DAI,372611286,2.22,4.41
2024-08-06,Curve,Optimism,7.31,USDC,358899109,2.3,3.27
2024-08-06,Curve,Optimism,6.55,USDT,376729995,2.06,3.48
2024-08-06,Curve,Optimism,7.47,DAI,362534627,2.16,3.48
2024-08-06,Curve,Polygon,8.86,USDC,363834287,0.94,3.28
2024-08-06,Curve,Polygon,7.99,USDT,375720426,1.0,3.09
2024-08-06,Curve,Polygon,7.06,DAI,386026948,0.85,3.57
2024-08-06,Curve,Base,6.29,USDC,374270372,1.69,4.95
2024-08-06,Curve,Base,7.64,USDT,337925322,1.3,4.62
2024-08-06,Uniswap V3,Ethereum,7.67,USDC,116733049,21.83,0
2024-08-06,Uniswap V3,Ethereum,6.44,USDT,107713403,16.68,0
2024-08-06,Uniswap V3,Ethereum,5.79,DAI,112107959,21.35,0
2024-08-06,Uniswap V3,Arbitrum,7.52,USDT,110653366,2.38,4.83
2024-08-06,Uniswap V3,Arbitrum,8.14,DAI,104216555,2.14,5.06
2024-08-06,Uniswap V3,Optimism,7.74,USDC,114896649,1.46,3.97
2024-08-06,Uniswap V3,Optimism,7.89,USDT,108091380,1.76,4.79
2024-08-06,Uniswap V3,Optimism,7.56,DAI,103501264,1.72,4.53
2024-08-06,Uniswap V3,Polygon,7.65,USDC,110383148,0.99,1.57
2024-08-06,Uniswap V3,Polygon,8.15,DAI,114494193,0.78,2.74
2024-08-06,Uniswap V3,Base,8.87,USDT,106664298,1.43,3.75
2024-08-06,Uniswap V3,Base,6.9,DAI,110883441,1.72,3.03
2024-08-06,Yearn,Ethereum,4.84,USDC,132904097,15.59,0
2024-08-06,Yearn,Ethereum,4.88,USDT,142447288,15.78,0
2024-08-06,Yearn,Ethereum,5.29,DAI,134872196,16.9,0
2024-08-06,Yearn,Arbitrum,5.27,USDC,134476877,2.36,3.82
2024-08-06,Yearn,Arbitrum,6.3,USDT,143184554,2.64,5.59
2024-08-06,Yearn,Arbitrum,6.85,DAI,140532542,2.16,5.44
2024-08-06,Yearn,Optimism,5.96,USDC,143461500,1.4,4.28
2024-08-06,Yearn,Optimism,4.88,USDT,143791560,1.56,6.28
2024-08-06,Yearn,Optimism,4.98,DAI,126117556,1.95,5.08
2024-08-06,Yearn,Polygon,6.49,USDC,140808357,1.06,2.21
2024-08-06,Yearn,Polygon,6.59,USDT,135390266,0.79,2.92
2024-08-06,Yearn,Polygon,6.36,DAI,137360537,1.06,3.13
2024-08-06,Yearn,Base,5.82,USDC,138157436,1.2,2.67
2024-08-06,Yearn,Base,6.06,USDT,138999564,1.2,4.16
2024-08-06,Yearn,Base,6.25,DAI,142676729,1.39,3.31
2024-08-06,Pendle,Ethereum,8.02,USDC,90676238,18.62,0
2024-08-06,Pendle,Ethereum,8.58,DAI,85836404,18.71,0
2024-08-06,Pendle,Arbitrum,11.7,USDC,87623921,2.92,4.4
2024-08-06,Pendle,Arbitrum,9.82,USDT,83829383,2.65,6.3
2024-08-06,Pendle,Arbitrum,11.31,DAI,85581494,2.32,3.88
2024-08-06,Pendle,Optimism,9.4,USDC,90101135,1.37,3.7
2024-08-06,Pendle,Optimism,11.31,USDT,84382260,1.58,3.48
2024-08-06,Pendle,Optimism,9.64,DAI,85656217,1.54,4.41
2024-08-06,Pendle,Base,10.94,USDC,81110612,1.53,3.65
2024-08-06,Pendle,Base,10.97,USDT,89505879,1.5,3.09
2024-08-06,Pendle,Base,9.78,DAI,86588092,1.32,4.53
2024-08-06,Convex,Ethereum,4.62,USDT,187502524,10.9,0
2024-08-06,Convex,Ethereum,5.8,DAI,168609132,16.59,0
2024-08-06,Balancer,Ethereum,6.58,USDC,121631338,20.69,0
2024-08-06,Balancer,Ethereum,5.3,USDT,135939021,22.59,0
2024-08-06,Balancer,Ethereum,6.01,DAI,130595577,14.85,0
2024-08-06,Balancer,Arbitrum,7.49,USDC,132140332,3.14,5.08
2024-08-06,Balancer,Arbitrum,7.74,USDT,126380124,1.98,7.48
2024-08-06,Balancer,Arbitrum,8.72,DAI,122274436,2.57,6.6
2024-08-06,Balancer,Optimism,7.64,USDC,132315980,1.91,3.55
2024-08-06,Balancer,Optimism,6.75,USDT,124997941,1.83,4.74
2024-08-06,Balancer,Optimism,7.06,DAI,135226409,2.44,4.11
2024-08-06,Balancer,Polygon,8.62,USDT,126199617,0.79,3.08
2024-08-06,Balancer,Polygon,8.14,DAI,128879142,1.03,2.47
2024-08-06,Balancer,Base,6.9,USDC,140418612,1.49,5.38
2024-08-06,Balancer,Base,8.3,DAI,123236870,1.28,4.17
2024-08-07,Aave,Ethereum,3.83,USDC,287217238,14.91,0
2024-08-07,Aave,Ethereum,4.82,USDT,279853345,20.05,0
2024-08-07,Aave,Ethereum,3.66,DAI,304268697,20.22,0
2024-08-07,Aave,Arbitrum,5.51,USDC,294407222,2.82,5.61
2024-08-07,Aave,Arbitrum,4.98,USDT,323548917,2.77,4.89
2024-08-07,Aave,Arbitrum,4.56,DAI,279466804,2.56,5.03
2024-08-07,Aave,Optimism,5.43,USDC,283779952,1.95,2.95
2024-08-07,Aave,Optimism,4.19,USDT,285173734,2.21,3.53
2024-08-07,Aave,Optimism,4.45,DAI,291876759,2.23,4.24
2024-08-07,Aave,Polygon,4.81,USDC,304560632,1.26,2.02
2024-08-07,Aave,Polygon,5.16,DAI,309506353,1.03,2.91
2024-08-07,Aave,Base,5.34,USDC,276325119,1.21,4.25
2024-08-07,Aave,Base,4.81,USDT,263020760,1.79,5.01
2024-08-07,Aave,Base,4.08,DAI,276884710,1.34,3.78
2024-08-07,Compound,Ethereum,3.4,USDC,215707621,17.01,0
2024-08-07,Compound,Ethereum,3.13,USDT,203081614,15.27,0
2024-08-07,Compound,Ethereum,4.19,DAI,199723176,19.62,0
2024-08-07,Compound,Arbitrum,5.17,USDC,224551284,1.98,3.36
2024-08-07,Compound,Arbitrum,5.28,USDT,198139138,2.02,3.27
2024-08-07,Compound,Arbitrum,5.23,DAI,209453387,2.54,4.54
2024-08-07,Compound,Optimism,4.71,USDC,217836525,1.47,5.5
2024-08-07,Compound,Optimism,4.28,USDT,215457512,1.71,5.1
2024-08-07,Compound,Optimism,4.47,DAI,214397561,1.15,3.35
2024-08-07,Compound,Polygon,4.86,USDC,224300730,0.81,2.26
2024-08-07,Compound,Polygon,4.85,USDT,213284357,1.25,3.13
2024-08-07,Compound,Base,5.05,USDC,199550929,1.39,3.76
2024-08-07,Compound,Base,4.6,USDT,212209897,1.14,3.97
2024-08-07,Curve,Ethereum,6.04,USDC,380220873,21.53,0
2024-08-07,Curve,Ethereum,5.6,USDT,367329055,16.77,0
2024-08-07,Curve,Ethereum,6.08,DAI,396380374,16.92,0
2024-08-07,Curve,Arbitrum,7.07,USDT,375883504,2.66,6.7
2024-08-07,Curve,Arbitrum,8.67,DAI,365443810,2.5,5.62
2024-08-07,Curve,Optimism,7.93,USDC,380437585,1.59,3.49
2024-08-07,Curve,Optimism,6.22,USDT,363639083,1.95,3.55
2024-08-07,Curve,Optimism,6.15,DAI,378912589,1.39,4.65
2024-08-07,Curve,Polygon,7.81,USDC,364324757,0.91,3.34
2024-08-07,Curve,Polygon,8.86,USDT,415183576,0.93,3.96
2024-08-07,Curve,Polygon,8.02,DAI,376416865,1.02,3.33
2024-08-07,Curve,Base,5.79,USDC,384556467,1.11,4.24
2024-08-07,Curve,Base,6.7,USDT,348733332,1.47,4.84
2024-08-07,Curve,Base,7.92,DAI,385234152,1.26,4.37
2024-08-07,Uniswap V3,Ethereum,7.61,USDC,110103173,19.31,0
2024-08-07,Uniswap V3,Ethereum,6.7,USDT,108755731,17.19,0
2024-08-07,Uniswap V3,Ethereum,6.25,DAI,116421399,17.5,0
2024-08-07,Uniswap V3,Arbitrum,9.05,USDC,107204825,2.44,3.2
2024-08-07,Uniswap V3,Arbitrum,7.64,USDT,113761387,2.7,5.75
2024-08-07,Uniswap V3,Arbitrum,8.37,DAI,107089147,2.17,6.93
2024-08-07,Uniswap V3,Optimism,7.17,USDC,105083632,2.19,4.52
2024-08-07,Uniswap V3,Optimism,7.97,USDT,108507534,1.84,3.85
2024-08-07,Uniswap V3,Optimism,9.3,DAI,114575100,2.06,5.7
2024-08-07,Uniswap V3,Polygon,9.03,USDC,107358402,1.1,2.69
2024-08-07,Uniswap V3,Polygon,9.13,USDT,106354405,0.99,3.65
2024-08-07,Uniswap V3,Polygon,8.88,DAI,112782811,0.87,2.81
2024-08-07,Uniswap V3,Base,7.82,USDC,117441044,1.58,4.04
2024-08-07,Uniswap V3,Base,7.44,USDT,106765708,1.4,3.07
2024-08-07,Uniswap V3,Base,9.25,DAI,106734457,1.46,3.41
2024-08-07,Yearn,Ethereum,5.25,USDC,143409540,20.55,0
2024-08-07,Yearn,Ethereum,5.02,USDT,137155473,15.37,0
2024-08-07,Yearn,Ethereum,5.22,DAI,134523558,14.41,0
2024-08-07,Yearn,Arbitrum,6.13,USDC,132781852,2.4,5.07
2024-08-07,Yearn,Arbitrum,7.02,USDT,140132566,1.8,5.5
2024-08-07,Yearn,Arbitrum,6.67,DAI,137864369,2.16,5.58
2024-08-07,Yearn,Optimism,5.73,USDC,143371417,2.33,3.76
2024-08-07,Yearn,Optimism,5.31,USDT,158828064,1.96,4.82
2024-08-07,Yearn,Optimism,6.14,DAI,140881856,1.86,5.23
2024-08-07,Yearn,Polygon,5.81,USDC,142351256,0.8,3.62
2024-08-07,Yearn,Polygon,7.06,USDT,148192144,0.87,2.21
2024-08-07,Yearn,Polygon,7.56,DAI,142145926,1.04,1.4
2024-08-07,Yearn,Base,5.78,USDC,139040721,1.29,2.78
2024-08-07,Yearn,Base,6.07,USDT,145348013,1.81,3.2
2024-08-07,Pendle,Ethereum,9.93,USDC,91091559,18.52,0
2024-08-07,Pendle,Ethereum,8.31,USDT,81020258,16.87,0
2024-08-07,Pendle,Ethereum,8.76,DAI,81436767,18.91,0
2024-08-07,Pendle,Arbitrum,10.32,USDC,89234614,2.71,3.52
2024-08-07,Pendle,Arbitrum,9.99,USDT,93186729,1.83,6.93
2024-08-07,Pendle,Arbitrum,10.92,DAI,90396203,2.27,4.99
2024-08-07,Pendle,Optimism,8.22,USDC,89385141,1.85,5.0
2024-08-07,Pendle,Optimism,10.25,USDT,88962802,2.04,5.61
2024-08-07,Pendle,Optimism,10.54,DAI,89906279,2.05,4.22
2024-08-07,Pendle,Base,9.38,USDC,89133141,1.25,4.01
2024-08-07,Pendle,Base,9.45,DAI,87907038,1.35,4.48
2024-08-07,Convex,Ethereum,5.91,USDC,181103607,14.16,0
2024-08-07,Convex,Ethereum,6.14,USDT,175357356,16.46,0
2024-08-07,Convex,Ethereum,4.6,DAI,179882440,15.98,0
2024-08-07,Balancer,Ethereum,6.78,USDC,126301360,18.35,0
2024-08-07,Balancer,Ethereum,8.05,USDT,134700772,15.17,0
2024-08-07,Balancer,Ethereum,6.22,DAI,133849184,19.22,0
2024-08-07,Balancer,Arbitrum,7.58,USDC,137252371,1.93,4.96
2024-08-07,Balancer,Arbitrum,7.73,USDT,131187787,2.3,4.06
2024-08-07,Balancer,Arbitrum,8.08,DAI,133005035,2.4,6.7
2024-08-07,Balancer,Optimism,7.23,USDC,121336205,0.73,3.21
2024-08-07,Balancer,Optimism,6.85,USDT,134070362,1.8,3.71
2024-08-07,Balancer,Optimism,8.2,DAI,129337049,2.0,4.11
2024-08-07,Balancer,Polygon,7.87,USDC,130129244,0.96,3.53
2024-08-07,Balancer,Polygon,10.41,DAI,131191838,0.92,2.47
2024-08-07,Balancer,Base,8.95,USDC,130405839,1.32,4.13
2024-08-07,Balancer,Base,7.39,USDT,130763169,1.74,4.41
2024-08-08,Aave,Ethereum,3.74,USDC,296298654,13.11,0
2024-08-08,Aave,Ethereum,3.9,USDT,310316629,15.68,0
2024-08-08,Aave,Ethereum,4.35,DAI,281633873,20.29,0
2024-08-08,Aave,Arbitrum,4.99,USDC,279496608,2.86,5.15
2024-08-08,Aave,Arbitrum,4.02,DAI,287586969,2.54,5.01
2024-08-08,Aave,Optimism,4.13,USDC,296509189,1.56,4.57
2024-08-08,Aave,Optimism,4.4,USDT,314238057,1.96,3.43
2024-08-08,Aave,Optimism,4.14,DAI,277293754,1.13,3.9
2024-08-08,Aave,Polygon,4.7,USDC,292379679,1.31,3.21
2024-08-08,Aave,Polygon,4.32,USDT,305290173,1.01,1.1
2024-08-08,Aave,Polygon,5.17,DAI,289355809,0.88,3.56
2024-08-08,Aave,Base,5.39,USDC,292173212,1.52,5.96
2024-08-08,Aave,Base,5.07,USDT,300573311,1.51,3.85
2024-08-08,Aave,Base,5.37,DAI,275661419,1.41,3.09
2024-08-08,Compound,Ethereum,3.62,USDT,202817989,17.97,0
2024-08-08,Compound,Ethereum,4.37,DAI,211436147,18.43,0
2024-08-08,Compound,Arbitrum,4.26,USDC,206093536,2.21,4.15
2024-08-08,Compound,Arbitrum,4.41,USDT,226210263,2.37,3.69
2024-08-08,Compound,Arbitrum,3.6,DAI,206886782,2.43,5.17
2024-08-08,Compound,Optimism,4.2,USDC,207636072,1.69,2.94
2024-08-08,Compound,Optimism,4.0,USDT,216116630,1.63,3.33
2024-08-08,Compound,Optimism,3.47,DAI,199721824,1.6,3.91
2024-08-08,Compound,Polygon,4.44,USDC,214083173,0.91,3.12
2024-08-08,Compound,Polygon,5.04,DAI,208606708,0.79,3.22
2024-08-08,Compound,Base,4.41,USDC,215093386,1.46,4.78
2024-08-08,Compound,Base,4.42,USDT,198840075,1.33,3.91
2024-08-08,Compound,Base,4.62,DAI,215591250,1.4,3.2
2024-08-08,Curve,Ethereum,6.87,USDT,345701094,17.96,0
2024-08-08,Curve,Arbitrum,7.75,USDC,379920031,2.49,4.75
2024-08-08,Curve,Arbitrum,8.36,USDT,351997057,2.07,4.89
2024-08-08,Curve,Arbitrum,7.29,DAI,387799543,2.11,4.3
2024-08-08,Curve,Optimism,6.33,USDC,392424291,2.36,5.75
2024-08-08,Curve,Optimism,7.58,USDT,352209343,1.71,4.56
2024-08-08,Curve,Optimism,7.93,DAI,398681699,2.08,3.1
2024-08-08,Curve,Polygon,7.05,USDC,373407125,0.88,3.1
2024-08-08,Curve,Polygon,8.2,USDT,373452376,1.07,1.63
2024-08-08,Curve,Polygon,6.38,DAI,379314785,0.79,2.22
2024-08-08,Curve,Base,8.91,USDC,367173943,1.18,3.55
2024-08-08,Curve,Base,7.56,USDT,368965386,1.65,3.54
2024-08-08,Curve,Base,7.86,DAI,383919876,1.59,6.0
2024-08-08,Uniswap V3,Ethereum,7.37,USDC,108259627,15.19,0
2024-08-08,Uniswap V3,Ethereum,6.94,USDT,119075425,17.57,0
2024-08-08,Uniswap V3,Ethereum,5.72,DAI,114016466,26.4,0
2024-08-08,Uniswap V3,Arbitrum,8.21,USDT,111643878,2.02,5.39
2024-08-08,Uniswap V3,Arbitrum,8.6,DAI,110712121,2.39,5.37
2024-08-08,Uniswap V3,Optimism,6.94,USDC,107750334,1.82,4.41
2024-08-08,Uniswap V3,Optimism,7.59,USDT,117677541,1.34,3.44
2024-08-08,Uniswap V3,Optimism,9.27,DAI,112638543,2.01,3.81
2024-08-08,Uniswap V3,Polygon,8.36,USDC,114768790,0.73,3.54
2024-08-08,Uniswap V3,Polygon,10.13,USDT,105572929,0.94,2.38
2024-08-08,Uniswap V3,Polygon,7.98,DAI,109519980,1.12,2.89
2024-08-08,Uniswap V3,Base,8.31,USDC,105638880,1.49,4.2
2024-08-08,Uniswap V3,Base,7.28,USDT,107957018,1.26,4.67
2024-08-08,Uniswap V3,Base,8.15,DAI,109180859,1.58,3.43
2024-08-08,Yearn,Ethereum,4.5,USDC,140519906,18.5,0
2024-08-08,Yearn,Ethereum,4.02,USDT,146734663,15.26,0
2024-08-08,Yearn,Ethereum,4.99,DAI,141225322,17.74,0
2024-08-08,Yearn,Arbitrum,6.54,USDC,155231981,1.79,7.0
2024-08-08,Yearn,Arbitrum,6.65,USDT,141839700,2.32,8.16
2024-08-08,Yearn,Arbitrum,5.27,DAI,138155525,1.48,4.12
2024-08-08,Yearn,Optimism,5.73,USDC,138513962,2.45,2.86
2024-08-08,Yearn,Optimism,5.31,USDT,136708465,1.55,4.04
2024-08-08,Yearn,Optimism,5.92,DAI,135226188,2.34,3.44
2024-08-08,Yearn,Polygon,6.1,USDC,143801023,1.03,2.39
2024-08-08,Yearn,Polygon,5.35,USDT,135189177,0.82,2.2
2024-08-08,Yearn,Polygon,6.19,DAI,144601702,1.1,2.32
2024-08-08,Yearn,Base,6.42,USDT,140174068,1.12,4.49
2024-08-08,Yearn,Base,5.12,DAI,141157471,1.51,3.95
2024-08-08,Pendle,Ethereum,11.2,USDC,93058909,15.37,0
2024-08-08,Pendle,Ethereum,8.46,USDT,83746609,19.51,0
2024-08-08,Pendle,Ethereum,8.44,DAI,80696875,18.22,0
2024-08-08,Pendle,Arbitrum,10.88,USDC,87320582,3.12,3.5
2024-08-08,Pendle,Arbitrum,12.07,USDT,91233376,2.05,3.56
2024-08-08,Pendle,Arbitrum,10.2,DAI,83643394,2.51,4.92
2024-08-08,Pendle,Optimism,9.81,USDC,91969301,1.43,3.35
2024-08-08,Pendle,Optimism,9.37,USDT,92210070,1.77,3.22
2024-08-08,Pendle,Optimism,9.94,DAI,87333888,1.68,4.43
2024-08-08,Pendle,Base,9.16,USDC,88137322,1.19,3.7
2024-08-08,Pendle,Base,10.07,USDT,84599544,1.14,4.73
2024-08-08,Pendle,Base,9.4,DAI,84559767,1.66,3.21
2024-08-08,Convex,Ethereum,5.7,USDC,172118221,17.06,0
2024-08-08,Convex,Ethereum,5.57,USDT,177787459,15.55,0
2024-08-08,Convex,Ethereum,4.67,DAI,179366597,21.07,0
2024-08-08,Balancer,Ethereum,7.27,USDC,128472687,14.42,0
2024-08-08,Balancer,Ethereum,6.37,USDT,130682012,20.68,0
2024-08-08,Balancer,Ethereum,6.64,DAI,136728314,20.67,0
2024-08-08,Balancer,Arbitrum,8.26,USDC,134083716,2.51,5.67
2024-08-08,Balancer,Arbitrum,7.69,USDT,135136403,2.36,5.45
2024-08-08,Balancer,Arbitrum,8.72,DAI,131837299,1.85,5.09
2024-08-08,Balancer,Optimism,7.29,USDC,129944153,2.0,3.54
2024-08-08,Balancer,Optimism,6.85,USDT,116502249,2.36,5.04
2024-08-08,Balancer,Polygon,7.78,USDC,136036588,1.06,3.24
2024-08-08,Balancer,Polygon,7.23,USDT,123044905,0.95,2.98
2024-08-08,Balancer,Polygon,8.94,DAI,132229791,1.19,1.86
2024-08-08,Balancer,Base,7.99,USDC,137352161,1.51,3.97
2024-08-08,Balancer,Base,6.64,USDT,125810350,1.37,4.19
2024-08-08,Balancer,Base,8.19,DAI,142119073,1.44,4.03
2024-08-09,Aave,Ethereum,4.31,USDC,306528322,16.47,0
2024-08-09,Aave,Ethereum,4.15,USDT,292425962,18.16,0
2024-08-09,Aave,Ethereum,3.94,DAI,307274025,19.03,0
2024-08-09,Aave,Arbitrum,4.19,USDC,301044079,2.4,4.05
2024-08-09,Aave,Arbitrum,4.64,USDT,322375598,1.76,6.57
2024-08-09,Aave,Arbitrum,3.73,DAI,293794777,3.07,5.68
2024-08-09,Aave,Optimism,5.05,USDC,282917538,1.86,3.04
2024-08-09,Aave,Optimism,4.55,USDT,303912803,1.33,3.9
2024-08-09,Aave,Optimism,4.06,DAI,304692120,1.47,4.83
2024-08-09,Aave,Polygon,5.39,USDC,273446089,0.84,1.16
2024-08-09,Aave,Polygon,4.53,USDT,303686946,0.86,3.89
2024-08-09,Aave,Polygon,4.86,DAI,281694974,1.13,2.62
2024-08-09,Aave,Base,4.02,USDC,290026513,1.64,3.81
2024-08-09,Aave,Base,4.6,USDT,287588730,1.16,4.48
2024-08-09,Compound,Ethereum,3.72,USDC,213636881,17.99,0
2024-08-09,Compound,Ethereum,3.47,USDT,203103949,17.19,0
2024-08-09,Compound,Ethereum,4.07,DAI,219692830,17.57,0
2024-08-09,Compound,Arbitrum,4.37,USDC,212689257,2.74,5.74
2024-08-09,Compound,Arbitrum,4.1,USDT,219815315,2.38,4.67
2024-08-09,Compound,Arbitrum,4.16,DAI,209312416,2.13,4.38
2024-08-09,Compound,Optimism,4.7,USDC,215130923,2.32,2.88
2024-08-09,Compound,Optimism,3.53,USDT,203505845,1.92,4.21
2024-08-09,Compound,Optimism,4.52,DAI,197532194,1.53,3.31
2024-08-09,Compound,Polygon,5.08,USDC,212383750,0.87,2.5
2024-08-09,Compound,Polygon,4.87,USDT,231512388,0.96,2.29
2024-08-09,Compound,Polygon,4.65,DAI,211866061,0.94,2.26
2024-08-09,Compound,Base,3.74,USDC,209898783,1.53,4.14
2024-08-09,Compound,Base,4.45,USDT,211787517,1.69,3.83
2024-08-09,Compound,Base,4.31,DAI,201704423,1.62,3.02
2024-08-09,Curve,Ethereum,6.98,USDC,378785662,13.75,0
2024-08-09,Curve,Ethereum,6.01,USDT,381429785,18.48,0
2024-08-09,Curve,Ethereum,5.4,DAI,356779019,9.21,0
2024-08-09,Curve,Arbitrum,7.33,USDC,359323969,1.77,6.9
2024-08-09,Curve,Arbitrum,7.36,USDT,351283462,2.82,5.44
2024-08-09,Curve,Arbitrum,6.87,DAI,378855107,2.5,3.74
2024-08-09,Curve,Optimism,7.88,USDC,346700382,2.08,4.42
2024-08-09,Curve,Optimism,6.78,USDT,388789115,1.83,3.43
2024-08-09,Curve,Optimism,7.67,DAI,370497035,1.69,3.51
2024-08-09,Curve,Polygon,8.86,USDC,392533114,0.79,2.3
2024-08-09,Curve,Polygon,6.44,USDT,368879664,1.14,2.43
2024-08-09,Curve,Polygon,7.14,DAI,407217541,1.17,4.1
2024-08-09,Curve,Base,7.27,USDC,377236334,1.1,3.17
2024-08-09,Curve,Base,7.14,USDT,387695497,1.55,4.39
2024-08-09,Curve,Base,6.32,DAI,387310182,1.6,3.68
2024-08-09,Uniswap V3,Ethereum,5.89,USDC,106266120,19.36,0
2024-08-09,Uniswap V3,Ethereum,5.28,USDT,115047573,13.47,0
2024-08-09,Uniswap V3,Ethereum,4.73,DAI,113775798,18.64,0
2024-08-09,Uniswap V3,Arbitrum,7.48,USDC,117217358,2.44,6.15
2024-08-09,Uniswap V3,Arbitrum,8.25,USDT,115762797,2.58,5.32
2024-08-09,Uniswap V3,Arbitrum,8.41,DAI,110877036,2.52,7.81
2024-08-09,Uniswap V3,Optimism,9.11,USDT,113936561,1.65,4.55
2024-08-09,Uniswap V3,Optimism,7.44,DAI,122196718,2.07,2.69
2024-08-09,Uniswap V3,Polygon,8.01,USDC,121932727,0.78,3.93
2024-08-09,Uniswap V3,Polygon,7.09,USDT,119190658,0.85,3.67
2024-08-09,Uniswap V3,Polygon,8.47,DAI,115074917,0.97,2.92
2024-08-09,Uniswap V3,Base,6.41,USDC,110543506,1.31,4.24
2024-08-09,Uniswap V3,Base,6.83,USDT,107617392,1.16,3.48
2024-08-09,Uniswap V3,Base,6.3,DAI,107704662,1.36,5.1
2024-08-09,Yearn,Ethereum,4.81,USDC,135941573,17.23,0
2024-08-09,Yearn,Ethereum,4.51,DAI,132189715,19.7,0
2024-08-09,Yearn,Arbitrum,6.13,USDC,144576439,2.64,4.02
2024-08-09,Yearn,Arbitrum,5.92,USDT,149785342,2.44,5.04
2024-08-09,Yearn,Arbitrum,5.75,DAI,140808002,2.19,6.34
2024-08-09,Yearn,Optimism,5.43,USDC,141832270,1.81,5.13
2024-08-09,Yearn,Optimism,6.52,USDT,128151557,1.45,3.5
2024-08-09,Yearn,Optimism,6.13,DAI,138896292,2.06,3.32
2024-08-09,Yearn,Polygon,5.57,USDC,141496248,0.96,3.37
2024-08-09,Yearn,Polygon,6.05,USDT,145624281,1.11,2.75
2024-08-09,Yearn,Polygon,6.61,DAI,136206366,1.01,2.9
2024-08-09,Yearn,Base,5.44,USDC,140944493,1.47,3.59
2024-08-09,Yearn,Base,5.2,USDT,138387866,1.64,4.78
2024-08-09,Yearn,Base,5.67,DAI,140969987,1.57,3.77
2024-08-09,Pendle,Ethereum,9.45,USDC,91328403,18.22,0
2024-08-09,Pendle,Ethereum,8.83,USDT,87501866,16.92,0
2024-08-09,Pendle,Ethereum,8.35,DAI,80106057,13.79,0
2024-08-09,Pendle,Arbitrum,10.48,USDC,79996795,2.24,3.35
2024-08-09,Pendle,Arbitrum,10.7,USDT,85024033,2.48,4.71
2024-08-09,Pendle,Arbitrum,9.65,DAI,85459810,2.77,3.75
2024-08-09,Pendle,Optimism,8.18,USDC,77519634,2.33,5.22
2024-08-09,Pendle,Optimism,10.21,USDT,88635235,1.43,3.73
2024-08-09,Pendle,Optimism,10.35,DAI,92660954,2.1,3.51
2024-08-09,Pendle,Base,9.36,USDC,89658094,1.83,2.33
2024-08-09,Pendle,Base,10.05,USDT,84920540,1.92,2.89
2024-08-09,Pendle,Base,10.11,DAI,87428670,1.48,3.85
2024-08-09,Convex,Ethereum,6.53,USDC,174053161,18.7,0
2024-08-09,Convex,Ethereum,4.86,USDT,166778229,19.14,0
2024-08-09,Convex,Ethereum,5.45,DAI,181570889,20.76,0
2024-08-09,Balancer,Ethereum,6.71,USDC,139340537,15.22,0
2024-08-09,Balancer,Ethereum,6.56,USDT,131785699,13.86,0
2024-08-09,Balancer,Ethereum,6.86,DAI,126995397,15.12,0
2024-08-09,Balancer,Arbitrum,7.5,USDC,125657901,1.98,3.19
2024-08-09,Balancer,Arbitrum,7.89,DAI,131535068,3.41,5.41
2024-08-09,Balancer,Optimism,6.52,USDC,123210458,2.31,3.64
2024-08-09,Balancer,Optimism,6.66,USDT,142625157,1.96,4.4
2024-08-09,Balancer,Optimism,6.21,DAI,126389626,1.8,5.81
2024-08-09,Balancer,Polygon,8.92,USDC,119760148,1.08,2.69
2024-08-09,Balancer,Polygon,7.89,USDT,123893880,0.85,3.07
2024-08-09,Balancer,Polygon,7.56,DAI,132296773,1.12,3.37
2024-08-09,Balancer,Base,7.22,USDC,126402550,1.08,4.81
2024-08-09,Balancer,Base,8.18,USDT,130965741,1.65,3.95
2024-08-09,Balancer,Base,8.08,DAI,133911797,1.59,3.59
2024-08-10,Aave,Ethereum,3.21,USDC,319708783,14.33,0
2024-08-10,Aave,Ethereum,4.03,USDT,302202760,8.35,0
2024-08-10,Aave,Ethereum,3.66,DAI,283637027,11.68,0
2024-08-10,Aave,Arbitrum,3.87,USDC,305350697,1.31,4.96
2024-08-10,Aave,Arbitrum,4.2,USDT,294347958,1.77,3.7
2024-08-10,Aave,Optimism,3.88,USDC,284410201,1.03,4.82
2024-08-10,Aave,Optimism,4.9,USDT,300114793,1.22,3.39
2024-08-10,Aave,Optimism,4.06,DAI,317303051,1.39,3.98
2024-08-10,Aave,Polygon,4.96,USDC,271872014,0.75,2.63
2024-08-10,Aave,Polygon,4.42,USDT,290102005,0.77,2.63
2024-08-10,Aave,Polygon,5.35,DAI,299590713,0.62,4.35
2024-08-10,Aave,Base,4.09,USDC,315016558,0.83,2.98
2024-08-10,Aave,Base,3.61,DAI,284823444,0.77,2.72
2024-08-10,Compound,Ethereum,3.3,USDC,203525787,8.52,0
2024-08-10,Compound,Ethereum,3.52,USDT,215031760,15.88,0
2024-08-10,Compound,Ethereum,3.47,DAI,219561504,10.76,0
2024-08-10,Compound,Arbitrum,4.41,USDC,213823804,1.37,4.33
2024-08-10,Compound,Arbitrum,4.19,USDT,210959274,1.51,5.93
2024-08-10,Compound,Arbitrum,4.11,DAI,210117253,1.77,4.44
2024-08-10,Compound,Optimism,4.17,USDC,206019727,1.29,3.99
2024-08-10,Compound,Optimism,4.46,USDT,206616970,1.15,2.7
2024-08-10,Compound,Optimism,4.3,DAI,197608928,1.05,4.49
2024-08-10,Compound,Polygon,5.13,USDC,212860027,0.57,4.16
2024-08-10,Compound,Polygon,4.14,USDT,224127259,0.68,1.33
2024-08-10,Compound,Polygon,3.37,DAI,213372246,0.71,2.68
2024-08-10,Compound,Base,3.72,USDC,195621574,0.93,3.38
2024-08-10,Compound,Base,4.07,USDT,201017695,1.04,3.73
2024-08-10,Curve,Ethereum,5.86,USDC,386278357,11.43,0
2024-08-10,Curve,Ethereum,6.09,USDT,392416713,10.22,0
2024-08-10,Curve,Ethereum,5.78,DAI,401440944,11.74,0
2024-08-10,Curve,Arbitrum,7.39,USDC,378487506,1.67,5.7
2024-08-10,Curve,Arbitrum,7.36,USDT,355353636,1.57,5.55
2024-08-10,Curve,Arbitrum,7.5,DAI,372390550,1.38,5.04
2024-08-10,Curve,Optimism,6.48,USDC,365073809,1.39,4.57
2024-08-10,Curve,Optimism,6.69,USDT,359401377,1.16,4.29
2024-08-10,Curve,Optimism,6.11,DAI,373439213,1.31,4.08
2024-08-10,Curve,Polygon,6.76,USDC,369376322,0.52,2.54
2024-08-10,Curve,Polygon,6.58,USDT,380411234,0.77,3.43
2024-08-10,Curve,Polygon,8.0,DAI,375736617,0.48,2.76
2024-08-10,Curve,Base,8.39,USDC,358433348,0.98,3.85
2024-08-10,Curve,Base,6.74,USDT,355812539,0.91,2.93
2024-08-10,Curve,Base,7.73,DAI,386750158,1.02,4.24
2024-08-10,Uniswap V3,Ethereum,7.95,USDC,114156156,11.47,0
2024-08-10,Uniswap V3,Ethereum,8.35,USDT,100762497,10.84,0
2024-08-10,Uniswap V3,Ethereum,7.26,DAI,114457234,8.58,0
2024-08-10,Uniswap V3,Arbitrum,7.81,USDT,113788298,1.91,2.96
2024-08-10,Uniswap V3,Arbitrum,7.12,DAI,117822666,1.69,5.01
2024-08-10,Uniswap V3,Optimism,8.89,USDT,107721837,1.42,4.02
2024-08-10,Uniswap V3,Optimism,8.62,DAI,109582520,0.95,3.29
2024-08-10,Uniswap V3,Polygon,7.47,USDC,113293703,0.58,3.84
2024-08-10,Uniswap V3,Base,7.59,USDC,112115915,0.95,4.43
2024-08-10,Uniswap V3,Base,8.72,USDT,120919802,1.07,3.74
2024-08-10,Uniswap V3,Base,7.81,DAI,107658626,0.87,2.3
2024-08-10,Yearn,Ethereum,4.44,USDC,140639975,12.14,0
2024-08-10,Yearn,Ethereum,4.5,USDT,144586480,11.16,0
2024-08-10,Yearn,Ethereum,5.01,DAI,137374445,12.54,0
2024-08-10,Yearn,Arbitrum,5.73,USDC,142273456,1.53,4.9
2024-08-10,Yearn,Arbitrum,5.65,DAI,141175654,1.66,6.19
2024-08-10,Yearn,Optimism,5.54,USDT,135543640,1.05,3.46
2024-08-10,Yearn,Polygon,6.62,USDC,142568443,0.43,2.46
2024-08-10,Yearn,Polygon,5.78,USDT,139982934,0.68,2.69
2024-08-10,Yearn,Polygon,5.76,DAI,135394853,0.6,2.03
2024-08-10,Yearn,Base,5.99,USDC,130471249,0.97,3.74
2024-08-10,Yearn,Base,5.29,USDT,130274172,0.6,4.24
2024-08-10,Yearn,Base,5.43,DAI,142548029,0.99,3.34
2024-08-10,Pendle,Ethereum,6.17,USDC,87432528,8.51,0
2024-08-10,Pendle,Ethereum,9.74,USDT,81017215,17.61,0
2024-08-10,Pendle,Ethereum,11.33,DAI,91106766,11.94,0
2024-08-10,Pendle,Arbitrum,12.29,USDC,88542374,1.12,4.68
2024-08-10,Pendle,Arbitrum,11.08,USDT,88222982,1.74,6.25
2024-08-10,Pendle,Arbitrum,9.23,DAI,90715990,1.44,7.84
2024-08-10,Pendle,Optimism,10.81,USDC,84215533,1.37,3.97
2024-08-10,Pendle,Optimism,8.29,DAI,94582407,1.37,5.43
2024-08-10,Pendle,Base,11.26,USDC,83280140,0.83,2.96
2024-08-10,Pendle,Base,6.91,USDT,96439052,1.19,3.1
2024-08-10,Convex,Ethereum,5.41,USDC,184233270,12.95,0
2024-08-10,Convex,Ethereum,5.09,USDT,171863784,7.76,0
2024-08-10,Convex,Ethereum,6.01,DAI,155407808,13.45,0
2024-08-10,Balancer,Ethereum,5.76,USDT,127397142,15.0,0
2024-08-10,Balancer,Ethereum,5.54,DAI,134113175,10.09,0
2024-08-10,Balancer,Arbitrum,5.59,USDC,123003638,1.67,5.07
2024-08-10,Balancer,Arbitrum,7.7,USDT,131882592,1.6,5.23
2024-08-10,Balancer,Arbitrum,10.21,DAI,121904029,1.49,3.57
2024-08-10,Balancer,Optimism,7.32,USDC,126722226,1.15,3.96
2024-08-10,Balancer,Optimism,7.23,USDT,125909914,1.28,4.12
2024-08-10,Balancer,Optimism,6.79,DAI,127819772,1.47,3.63
2024-08-10,Balancer,Polygon,7.74,USDC,132733388,0.8,2.57
2024-08-10,Balancer,Polygon,7.36,USDT,130712037,0.61,4.44
2024-08-10,Balancer,Polygon,7.89,DAI,129234938,0.77,2.42
2024-08-10,Balancer,Base,7.62,USDT,130550996,1.04,3.21
2024-08-11,Aave,Ethereum,3.65,USDC,301199160,15.93,0
2024-08-11,Aave,Ethereum,3.48,DAI,287978037,11.93,0
2024-08-11,Aave,Arbitrum,4.69,USDT,288064121,1.44,6.32
2024-08-11,Aave,Arbitrum,5.83,DAI,292401757,1.76,5.7
2024-08-11,Aave,Optimism,4.85,USDC,300932580,0.67,4.1
2024-08-11,Aave,Optimism,3.44,USDT,287587466,1.19,3.78
2024-08-11,Aave,Optimism,4.51,DAI,294152538,0.63,3.86
2024-08-11,Aave,Polygon,4.09,USDC,290202211,0.64,3.13
2024-08-11,Aave,Polygon,4.74,USDT,298835452,0.64,3.06
2024-08-11,Aave,Polygon,4.22,DAI,289326578,0.56,2.08
2024-08-11,Aave,Base,4.71,USDC,273056024,1.16,4.56
2024-08-11,Aave,Base,3.93,USDT,298633546,1.09,2.76
2024-08-11,Aave,Base,3.57,DAI,292881548,0.96,3.76
2024-08-11,Compound,Ethereum,3.12,USDC,211004717,11.38,0
2024-08-11,Compound,Ethereum,3.83,USDT,192725318,13.92,0
2024-08-11,Compound,Ethereum,3.45,DAI,207029058,9.06,0
2024-08-11,Compound,Arbitrum,3.66,USDC,211769803,1.63,5.75
2024-08-11,Compound,Arbitrum,4.34,USDT,216764852,1.73,4.53
2024-08-11,Compound,Arbitrum,3.91,DAI,219556970,1.19,5.68
2024-08-11,Compound,Optimism,4.3,USDC,192342691,1.48,4.19
2024-08-11,Compound,Optimism,4.0,USDT,206182847,1.27,5.96
2024-08-11,Compound,Optimism,4.0,DAI,198941441,1.28,5.14
2024-08-11,Compound,Polygon,4.38,USDC,201742942,0.57,4.0
2024-08-11,Compound,Base,4.11,USDC,204104675,0.99,3.24
2024-08-11,Compound,Base,4.03,USDT,205080741,1.03,4.87
2024-08-11,Compound,Base,3.9,DAI,211124816,1.19,1.79
2024-08-11,Curve,Ethereum,5.76,USDC,370640250,9.75,0
2024-08-11,Curve,Ethereum,5.78,USDT,357898342,10.96,0
2024-08-11,Curve,Ethereum,4.42,DAI,365706801,13.25,0
2024-08-11,Curve,Arbitrum,7.6,USDC,364689574,1.59,5.84
2024-08-11,Curve,Arbitrum,6.03,DAI,364329068,1.73,4.99
2024-08-11,Curve,Optimism,7.14,USDC,381518646,1.27,3.98
2024-08-11,Curve,Optimism,8.2,USDT,363801526,1.16,2.5
2024-08-11,Curve,Optimism,6.97,DAI,345566969,1.16,4.34
2024-08-11,Curve,Polygon,8.24,USDC,407154881,0.71,2.75
2024-08-11,Curve,Polygon,8.27,USDT,372768182,0.49,3.03
2024-08-11,Curve,Polygon,6.22,DAI,355639637,0.67,2.87
2024-08-11,Curve,Base,7.48,USDC,340132550,0.96,3.88
2024-08-11,Curve,Base,7.44,USDT,384751713,0.78,3.65
2024-08-11,Curve,Base,7.8,DAI,371286959,0.81,3.28
2024-08-11,Uniswap V3,Ethereum,5.82,USDC,107278993,10.75,0
2024-08-11,Uniswap V3,Ethereum,6.47,USDT,110845956,12.19,0
2024-08-11,Uniswap V3,Ethereum,6.91,DAI,106168309,10.77,0
2024-08-11,Uniswap V3,Arbitrum,6.21,USDT,112027231,1.64,3.61
2024-08-11,Uniswap V3,Arbitrum,7.48,DAI,113705147,1.61,5.1
2024-08-11,Uniswap V3,Optimism,9.76,USDT,109980437,1.3,2.91
2024-08-11,Uniswap V3,Optimism,8.31,DAI,106167522,1.34,2.26
2024-08-11,Uniswap V3,Polygon,11.37,USDC,113055446,0.61,3.45
2024-08-11,Uniswap V3,Polygon,8.64,USDT,108485737,0.66,3.71
2024-08-11,Uniswap V3,Polygon,8.34,DAI,117410187,0.68,3.62
2024-08-11,Uniswap V3,Base,8.18,USDC,113325650,0.86,5.13
2024-08-11,Uniswap V3,Base,5.34,USDT,102089860,1.04,3.75
2024-08-11,Uniswap V3,Base,8.35,DAI,113234944,1.06,3.19
2024-08-11,Yearn,Ethereum,4.32,USDC,140080267,7.01,0
2024-08-11,Yearn,Ethereum,5.27,USDT,134926798,14.71,0
2024-08-11,Yearn,Ethereum,4.16,DAI,144840700,9.09,0
2024-08-11,Yearn,Arbitrum,5.78,USDC,141033177,1.55,5.03
2024-08-11,Yearn,Arbitrum,5.7,USDT,141137858,1.4,4.43
2024-08-11,Yearn,Arbitrum,5.84,DAI,135300090,1.47,4.16
2024-08-11,Yearn,Optimism,5.17,USDC,144859548,1.01,3.91
2024-08-11,Yearn,Optimism,6.91,USDT,147361036,1.49,4.84
2024-08-11,Yearn,Optimism,5.45,DAI,145738775,1.3,5.53
2024-08-11,Yearn,Polygon,6.77,USDC,132331450,0.47,2.43
2024-08-11,Yearn,Polygon,5.59,DAI,137150549,0.56,2.64
2024-08-11,Yearn,Base,5.66,USDC,143622163,0.96,4.38
2024-08-11,Yearn,Base,5.45,USDT,133155244,1.23,4.06
2024-08-11,Yearn,Base,4.93,DAI,139404661,0.69,4.04
2024-08-11,Pendle,Ethereum,8.94,USDT,84006844,11.14,0
2024-08-11,Pendle,Ethereum,9.34,DAI,92504852,12.76,0
2024-08-11,Pendle,Arbitrum,10.78,USDC,85222918,1.83,6.43
2024-08-11,Pendle,Arbitrum,9.09,USDT,85059356,1.39,5.5
2024-08-11,Pendle,Optimism,9.73,USDC,83534935,0.92,3.01
2024-08-11,Pendle,Optimism,9.56,USDT,89541406,1.28,3.26
2024-08-11,Pendle,Optimism,7.75,DAI,90767051,1.37,5.16
2024-08-11,Pendle,Base,8.9,USDC,83817914,0.87,4.13
2024-08-11,Pendle,Base,11.16,USDT,86454237,0.83,4.69
2024-08-11,Pendle,Base,10.77,DAI,85798230,1.14,4.31
2024-08-11,Convex,Ethereum,4.46,USDC,186718912,12.45,0
2024-08-11,Convex,Ethereum,4.91,USDT,171798057,11.93,0
2024-08-11,Balancer,Ethereum,6.57,USDC,132178713,12.44,0
2024-08-11,Balancer,Ethereum,5.64,USDT,124728009,12.36,0
2024-08-11,Balancer,Ethereum,5.99,DAI,126961347,12.1,0
2024-08-11,Balancer,Arbitrum,6.97,USDT,132490738,1.63,4.0
2024-08-11,Balancer,Arbitrum,8.12,DAI,131744524,1.32,4.29
2024-08-11,Balancer,Optimism,6.34,USDC,129313475,0.97,3.79
2024-08-11,Balancer,Optimism,7.96,USDT,137185211,0.74,4.71
2024-08-11,Balancer,Optimism,7.12,DAI,121654273,1.6,4.74
2024-08-11,Balancer,Polygon,6.2,USDC,118961172,0.47,3.77
2024-08-11,Balancer,Polygon,8.62,USDT,125282370,0.7,2.23
2024-08-11,Balancer,Polygon,7.9,DAI,120481143,0.68,2.73
2024-08-11,Balancer,Base,7.41,USDC,129050120,0.85,4.47
2024-08-11,Balancer,Base,8.01,DAI,121784153,1.07,5.7
2024-08-12,Aave,Ethereum,3.12,USDC,293786457,14.51,0
2024-08-12,Aave,Ethereum,3.62,USDT,298722259,21.63,0
2024-08-12,Aave,Ethereum,3.68,DAI,299146023,19.48,0
2024-08-12,Aave,Arbitrum,4.05,USDC,282019664,1.99,6.25
2024-08-12,Aave,Arbitrum,4.77,USDT,269079670,1.99,5.56
2024-08-12,Aave,Arbitrum,4.95,DAI,276928281,2.19,4.48
2024-08-12,Aave,Optimism,4.1,USDC,253439473,1.48,5.37
2024-08-12,Aave,Optimism,3.89,USDT,280236508,1.77,4.33
2024-08-12,Aave,Polygon,4.41,USDC,261022939,1.15,2.95
2024-08-12,Aave,Polygon,5.1,USDT,293391634,0.8,1.97
2024-08-12,Aave,Polygon,4.75,DAI,275799863,1.11,2.12
2024-08-12,Aave,Base,4.88,USDC,282965257,1.13,4.37
2024-08-12,Aave,Base,4.62,USDT,284722878,1.4,4.59
2024-08-12,Aave,Base,4.09,DAI,285893229,1.23,3.74
2024-08-12,Compound,Ethereum,3.49,USDC,209982136,13.17,0
2024-08-12,Compound,Ethereum,3.2,DAI,194620458,21.59,0
2024-08-12,Compound,Arbitrum,3.87,USDC,206666177,2.45,4.08
2024-08-12,Compound,Arbitrum,4.73,USDT,199135560,2.86,4.36
2024-08-12,Compound,Arbitrum,4.93,DAI,217947074,2.15,6.28
2024-08-12,Compound,Optimism,4.62,USDT,206938821,1.66,3.99
2024-08-12,Compound,Optimism,4.03,DAI,206997979,1.57,3.34
2024-08-12,Compound,Polygon,4.87,USDC,193089187,0.79,3.42
2024-08-12,Compound,Polygon,5.31,USDT,199542164,0.99,3.72
2024-08-12,Compound,Polygon,3.95,DAI,190814138,0.82,3.57
2024-08-12,Compound,Base,3.81,USDC,201400841,1.62,4.75
2024-08-12,Compound,Base,4.25,USDT,208006502,1.64,2.86
2024-08-12,Compound,Base,4.5,DAI,210350720,1.6,4.95
2024-08-12,Curve,Ethereum,5.22,USDC,368741036,18.58,0
2024-08-12,Curve,Ethereum,5.91,USDT,358236233,21.47,0
2024-08-12,Curve,Arbitrum,7.34,USDC,376815637,2.21,5.36
2024-08-12,Curve,Arbitrum,7.18,USDT,372548477,2.16,4.15
2024-08-12,Curve,Arbitrum,7.07,DAI,390871239,2.21,5.07
2024-08-12,Curve,Optimism,7.6,USDC,375733986,1.84,3.61
2024-08-12,Curve,Optimism,6.86,USDT,377160177,1.39,4.7
2024-08-12,Curve,Optimism,7.27,DAI,361130948,1.85,3.75
2024-08-12,Curve,Polygon,8.4,USDC,374098394,1.07,3.19
2024-08-12,Curve,Polygon,8.0,USDT,379377292,1.07,2.76
2024-08-12,Curve,Polygon,8.4,DAI,363083227,0.89,3.88
2024-08-12,Curve,Base,7.34,USDT,363098850,1.56,2.28
2024-08-12,Curve,Base,7.82,DAI,348415958,1.25,4.79
2024-08-12,Uniswap V3,Ethereum,6.07,USDC,101929714,11.74,0
2024-08-12,Uniswap V3,Ethereum,5.9,USDT,103323923,15.22,0
2024-08-12,Uniswap V3,Ethereum,6.69,DAI,108334503,25.21,0
2024-08-12,Uniswap V3,Arbitrum,8.49,USDC,106899127,2.47,5.06
2024-08-12,Uniswap V3,Arbitrum,10.62,USDT,105478344,1.88,5.03
2024-08-12,Uniswap V3,Arbitrum,7.5,DAI,111702641,2.73,5.92
2024-08-12,Uniswap V3,Optimism,6.98,USDC,109419184,1.64,4.16
2024-08-12,Uniswap V3,Optimism,8.44,USDT,113486073,1.69,3.71
2024-08-12,Uniswap V3,Optimism,7.68,DAI,99500525,1.85,5.01
2024-08-12,Uniswap V3,Polygon,9.12,USDC,109864243,1.06,3.66
2024-08-12,Uniswap V3,Polygon,10.19,USDT,100814269,1.12,3.32
2024-08-12,Uniswap V3,Polygon,7.21,DAI,110286791,0.98,2.1
2024-08-12,Uniswap V3,Base,8.81,USDC,103798718,1.45,4.86
2024-08-12,Uniswap V3,Base,6.41,USDT,105357665,1.93,3.58
2024-08-12,Uniswap V3,Base,7.77,DAI,107000395,1.17,4.0
2024-08-12,Yearn,Ethereum,4.0,USDT,143376550,13.64,0
2024-08-12,Yearn,Ethereum,4.22,DAI,140815805,18.81,0
2024-08-12,Yearn,Arbitrum,5.81,USDT,131450011,2.0,6.1
2024-08-12,Yearn,Arbitrum,6.06,DAI,129672941,2.35,4.34
2024-08-12,Yearn,Optimism,4.63,USDC,129234479,1.94,3.69
2024-08-12,Yearn,Optimism,4.82,USDT,137928840,2.37,3.17
2024-08-12,Yearn,Optimism,5.26,DAI,131413404,1.57,5.08
2024-08-12,Yearn,Polygon,5.29,USDC,136710501,0.78,2.83
2024-08-12,Yearn,Polygon,5.21,USDT,122949278,0.64,3.18
2024-08-12,Yearn,Polygon,4.46,DAI,139384730,1.03,3.27
2024-08-12,Yearn,Base,6.37,USDC,137920466,1.3,3.37
2024-08-12,Yearn,Base,5.34,USDT,144809063,1.24,4.31
2024-08-12,Yearn,Base,5.68,DAI,135022713,1.34,4.72
2024-08-12,Pendle,Ethereum,7.86,USDC,82379312,24.73,0
2024-08-12,Pendle,Ethereum,7.7,USDT,89759943,20.95,0
2024-08-12,Pendle,Ethereum,8.14,DAI,84733298,15.88,0
2024-08-12,Pendle,Arbitrum,10.2,USDC,83553163,2.43,5.19
2024-08-12,Pendle,Arbitrum,11.99,USDT,90236367,1.78,6.56
2024-08-12,Pendle,Arbitrum,9.25,DAI,84892103,2.61,5.33
2024-08-12,Pendle,Optimism,10.03,USDC,85644505,1.49,2.59
2024-08-12,Pendle,Base,10.72,USDC,85816598,1.34,3.74
2024-08-12,Pendle,Base,10.01,USDT,82740383,1.55,4.56
2024-08-12,Convex,Ethereum,4.41,USDC,183844784,20.23,0
2024-08-12,Convex,Ethereum,4.35,USDT,173201508,14.55,0
2024-08-12,Balancer,Ethereum,6.21,USDC,121217193,19.55,0
2024-08-12,Balancer,Ethereum,6.27,USDT,120765907,18.94,0
2024-08-12,Balancer,Ethereum,6.83,DAI,125024292,14.55,0
2024-08-12,Balancer,Arbitrum,7.37,USDC,125682464,2.1,4.47
2024-08-12,Balancer,Arbitrum,7.32,USDT,126888316,1.86,4.86
2024-08-12,Balancer,Arbitrum,7.25,DAI,123499119,2.25,5.16
2024-08-12,Balancer,Optimism,6.26,USDC,131413753,1.87,3.84
2024-08-12,Balancer,Optimism,7.83,USDT,134649975,2.13,3.68
2024-08-12,Balancer,Optimism,6.29,DAI,124875932,1.56,4.19
2024-08-12,Balancer,Polygon,7.46,USDT,114449455,0.81,3.16
2024-08-12,Balancer,Polygon,7.79,DAI,118535355,1.0,2.25
2024-08-12,Balancer,Base,9.09,USDC,117712372,1.47,3.98
2024-08-12,Balancer,Base,9.13,USDT,125427186,1.37,3.23
2024-08-12,Balancer,Base,7.73,DAI,122818706,1.51,4.97
2024-08-13,Aave,Ethereum,3.16,USDC,285915036,17.02,0
2024-08-13,Aave,Ethereum,3.55,USDT,309117008,18.1,0
2024-08-13,Aave,Arbitrum,4.54,USDC,279740516,1.72,3.15
2024-08-13,Aave,Arbitrum,5.03,USDT,286659116,2.92,5.79
2024-08-13,Aave,Arbitrum,4.6,DAI,294572573,1.81,4.56
2024-08-13,Aave,Optimism,3.45,USDT,298148071,1.94,3.73
2024-08-13,Aave,Optimism,4.34,DAI,282432211,2.14,3.29
2024-08-13,Aave,Polygon,5.08,USDT,290316436,0.84,1.54
2024-08-13,Aave,Polygon,5.25,DAI,273591784,1.05,2.38
2024-08-13,Aave,Base,2.83,USDC,277023103,1.47,3.29
2024-08-13,Aave,Base,4.93,USDT,282517207,1.56,3.8
2024-08-13,Aave,Base,4.52,DAI,289419826,1.17,4.67
2024-08-13,Compound,Ethereum,3.43,USDT,200995354,18.65,0
2024-08-13,Compound,Ethereum,4.33,DAI,218572777,19.32,0
2024-08-13,Compound,Arbitrum,4.61,USDT,199734199,1.39,4.85
2024-08-13,Compound,Arbitrum,4.46,DAI,200149166,2.77,3.58
2024-08-13,Compound,Optimism,3.82,USDC,206127462,1.8,3.52
2024-08-13,Compound,Optimism,4.49,DAI,195308785,2.14,4.1
2024-08-13,Compound,Polygon,4.62,USDC,192576493,0.93,2.92
2024-08-13,Compound,Polygon,4.34,USDT,210667907,1.07,3.61
2024-08-13,Compound,Polygon,4.68,DAI,212828485,0.81,2.86
2024-08-13,Compound,Base,4.43,USDC,196283139,1.75,3.25
2024-08-13,Compound,Base,4.68,USDT,201396551,1.47,4.53
2024-08-13,Compound,Base,3.99,DAI,201130877,1.57,3.12
2024-08-13,Curve,Ethereum,6.77,USDC,396831385,18.0,0
2024-08-13,Curve,Ethereum,6.74,DAI,374057517,21.31,0
2024-08-13,Curve,Arbitrum,7.39,USDC,356693700,2.83,2.75
2024-08-13,Curve,Arbitrum,7.45,USDT,372192207,2.92,5.34
2024-08-13,Curve,Arbitrum,7.01,DAI,362101506,2.2,5.25
2024-08-13,Curve,Optimism,7.49,USDC,341269408,2.05,4.75
2024-08-13,Curve,Optimism,6.95,USDT,380556629,1.71,4.1
2024-08-13,Curve,Optimism,6.84,DAI,340720226,1.46,4.77
2024-08-13,Curve,Polygon,7.09,USDC,322616951,0.72,3.28
2024-08-13,Curve,Polygon,7.31,USDT,361597028,1.04,2.89
2024-08-13,Curve,Polygon,7.83,DAI,370614753,0.85,2.27
2024-08-13,Curve,Base,5.25,USDC,374618539,1.48,3.34
2024-08-13,Curve,Base,7.66,USDT,355318742,1.48,2.68
2024-08-13,Curve,Base,7.29,DAI,353669177,1.43,4.54
2024-08-13,Uniswap V3,Ethereum,6.06,USDC,111998265,20.4,0
2024-08-13,Uniswap V3,Ethereum,5.62,USDT,98342806,20.16,0
2024-08-13,Uniswap V3,Ethereum,6.25,DAI,108298794,21.3,0
2024-08-13,Uniswap V3,Arbitrum,7.52,USDC,108573910,2.31,5.14
2024-08-13,Uniswap V3,Arbitrum,7.43,USDT,107107859,2.06,4.6
2024-08-13,Uniswap V3,Arbitrum,9.0,DAI,111646798,2.63,3.47
2024-08-13,Uniswap V3,Optimism,7.83,USDC,99827083,1.94,4.2
2024-08-13,Uniswap V3,Optimism,9.74,USDT,100462617,1.93,3.99
2024-08-13,Uniswap V3,Optimism,7.81,DAI,100642347,1.85,3.26
2024-08-13,Uniswap V3,Polygon,8.63,USDC,101051727,0.82,4.03
2024-08-13,Uniswap V3,Polygon,10.68,USDT,108474922,1.1,2.08
2024-08-13,Uniswap V3,Polygon,6.63,DAI,104860376,1.07,2.57
2024-08-13,Uniswap V3,Base,8.28,USDC,103908893,1.25,5.53
2024-08-13,Uniswap V3,Base,8.89,USDT,107600246,1.71,3.41
2024-08-13,Uniswap V3,Base,9.43,DAI,104913489,1.46,3.92
2024-08-13,Yearn,Ethereum,4.95,USDC,133534779,18.88,0
2024-08-13,Yearn,Ethereum,5.22,USDT,131436329,14.72,0
2024-08-13,Yearn,Ethereum,5.04,DAI,142501826,13.69,0
2024-08-13,Yearn,Arbitrum,4.54,USDC,126487022,1.94,5.76
2024-08-13,Yearn,Arbitrum,6.08,USDT,139766007,2.1,4.22
2024-08-13,Yearn,Arbitrum,6.82,DAI,142883251,2.66,6.09
2024-08-13,Yearn,Optimism,6.37,USDC,135197384,2.01,3.85
2024-08-13,Yearn,Optimism,5.25,USDT,134556518,1.73,3.14
2024-08-13,Yearn,Optimism,5.68,DAI,125944967,2.3,4.14
2024-08-13,Yearn,Polygon,6.58,USDC,146914151,1.08,3.39
2024-08-13,Yearn,Polygon,5.99,USDT,136944160,0.82,2.99
2024-08-13,Yearn,Polygon,5.95,DAI,140913325,0.61,2.7
2024-08-13,Yearn,Base,5.48,USDC,131899959,1.26,3.95
2024-08-13,Yearn,Base,6.44,DAI,138134189,1.32,3.01
2024-08-13,Pendle,Ethereum,7.03,USDC,84343877,16.7,0
2024-08-13,Pendle,Ethereum,6.59,USDT,85805608,14.84,0
2024-08-13,Pendle,Ethereum,8.57,DAI,83109586,17.14,0
2024-08-13,Pendle,Arbitrum,10.52,USDC,86242986,2.33,6.52
2024-08-13,Pendle,Arbitrum,10.78,USDT,86941368,2.04,6.24
2024-08-13,Pendle,Arbitrum,10.38,DAI,89497099,2.35,2.98
2024-08-13,Pendle,Optimism,9.51,USDC,78874795,2.16,3.27
2024-08-13,Pendle,Optimism,11.52,USDT,82698410,1.73,3.15
2024-08-13,Pendle,Optimism,10.15,DAI,84589631,1.95,4.22
2024-08-13,Pendle,Base,9.73,USDC,86402347,1.71,2.83
2024-08-13,Pendle,Base,12.71,USDT,88622580,1.86,3.09
2024-08-13,Pendle,Base,12.59,DAI,92247884,1.32,4.47
2024-08-13,Convex,Ethereum,5.82,USDC,173498887,19.94,0
2024-08-13,Convex,Ethereum,5.24,USDT,166052903,14.73,0
2024-08-13,Convex,Ethereum,5.92,DAI,174665479,15.99,0
2024-08-13,Balancer,Ethereum,5.0,USDC,129488222,17.0,0
2024-08-13,Balancer,Ethereum,6.28,USDT,130921044,14.82,0
2024-08-13,Balancer,Ethereum,5.85,DAI,125808503,21.15,0
2024-08-13,Balancer,Arbitrum,6.8,USDC,119399297,2.93,5.76
2024-08-13,Balancer,Arbitrum,7.45,USDT,129732569,2.42,4.67
2024-08-13,Balancer,Arbitrum,7.24,DAI,124111099,2.05,3.87
2024-08-13,Balancer,Optimism,7.81,USDC,125360110,1.84,4.26
2024-08-13,Balancer,Optimism,6.87,USDT,126020932,1.77,3.22
2024-08-13,Balancer,Polygon,8.5,USDC,115481910,0.9,3.61
2024-08-13,Balancer,Polygon,8.56,USDT,127144280,1.07,2.55
2024-08-13,Balancer,Base,7.69,USDC,121492592,1.41,4.83
2024-08-13,Balancer,Base,8.58,USDT,129705513,1.31,3.67
2024-08-13,Balancer,Base,7.75,DAI,131941118,1.58,3.91
2024-08-14,Aave,Ethereum,4.0,USDC,279246649,20.04,0
2024-08-14,Aave,Ethereum,3.66,USDT,262610662,16.81,0
2024-08-14,Aave,Arbitrum,4.48,USDC,296445952,2.01,4.87
2024-08-14,Aave,Arbitrum,5.13,USDT,275839452,2.61,5.49
2024-08-14,Aave,Arbitrum,4.26,DAI,280917967,2.02,4.72
2024-08-14,Aave,Optimism,4.73,USDC,252033026,1.65,4.13
2024-08-14,Aave,Optimism,4.98,USDT,288793794,1.39,3.19
2024-08-14,Aave,Optimism,4.21,DAI,275496863,2.57,2.64
2024-08-14,Aave,Polygon,4.13,USDC,292851513,0.87,2.83
2024-08-14,Aave,Polygon,5.01,USDT,265850096,0.82,2.18
2024-08-14,Aave,Polygon,4.45,DAI,275700017,0.87,3.22
2024-08-14,Aave,Base,4.58,USDC,264003181,1.61,5.02
2024-08-14,Aave,Base,4.56,USDT,272318203,1.26,4.62
2024-08-14,Aave,Base,3.8,DAI,275637584,1.34,5.6
2024-08-14,Compound,Ethereum,4.03,USDC,207915274,20.23,0
2024-08-14,Compound,Ethereum,3.08,USDT,203910966,20.03,0
2024-08-14,Compound,Ethereum,3.81,DAI,215554983,17.01,0
2024-08-14,Compound,Arbitrum,4.82,USDC,184963438,2.36,4.74
2024-08-14,Compound,Arbitrum,4.43,USDT,196362438,1.66,5.62
2024-08-14,Compound,Arbitrum,4.81,DAI,190961757,2.14,6.63
2024-08-14,Compound,Optimism,3.58,USDT,193083361,1.51,4.54
2024-08-14,Compound,Optimism,4.4,DAI,178976297,1.7,3.93
2024-08-14,Compound,Polygon,4.54,USDT,192709860,0.96,2.6
2024-08-14,Compound,Polygon,4.53,DAI,203286889,0.88,2.42
2024-08-14,Compound,Base,4.17,USDC,204822396,1.07,4.9
2024-08-14,Compound,Base,4.86,USDT,208261007,1.17,4.96
2024-08-14,Compound,Base,4.23,DAI,181792569,1.66,3.45
2024-08-14,Curve,Ethereum,5.18,USDC,368230926,20.19,0
2024-08-14,Curve,Ethereum,5.86,USDT,364404765,18.78,0
2024-08-14,Curve,Ethereum,6.21,DAI,357194076,15.1,0
2024-08-14,Curve,Arbitrum,7.82,USDC,332629578,2.07,4.25
2024-08-14,Curve,Arbitrum,7.56,USDT,357778292,2.63,5.3
2024-08-14,Curve,Arbitrum,6.86,DAI,332740257,2.5,4.93
2024-08-14,Curve,Optimism,6.48,USDC,364040835,1.85,4.04
2024-08-14,Curve,Optimism,7.18,USDT,370522356,2.04,4.21
2024-08-14,Curve,Optimism,7.15,DAI,309905929,2.24,3.58
2024-08-14,Curve,Polygon,8.74,USDC,349188952,0.91,2.32
2024-08-14,Curve,Polygon,6.53,USDT,383916518,0.88,3.1
2024-08-14,Curve,Polygon,6.81,DAI,365802436,0.79,2.03
2024-08-14,Curve,Base,6.45,USDC,374232346,1.38,3.89
2024-08-14,Curve,Base,6.35,USDT,354216700,0.89,4.9
2024-08-14,Curve,Base,7.15,DAI,337333954,1.72,2.51
2024-08-14,Uniswap V3,Ethereum,6.38,USDC,100115587,16.24,0
2024-08-14,Uniswap V3,Ethereum,5.08,DAI,108170306,22.05,0
2024-08-14,Uniswap V3,Arbitrum,8.71,USDC,98551848,2.47,5.6
2024-08-14,Uniswap V3,Arbitrum,7.93,DAI,100061584,2.7,5.0
2024-08-14,Uniswap V3,Optimism,8.96,USDC,109613983,1.81,5.3
2024-08-14,Uniswap V3,Optimism,7.8,USDT,110311950,2.0,4.21
2024-08-14,Uniswap V3,Optimism,7.12,DAI,105889314,1.72,4.0
2024-08-14,Uniswap V3,Polygon,9.31,USDC,107395172,0.9,2.5
2024-08-14,Uniswap V3,Polygon,7.2,USDT,105382916,0.62,3.61
2024-08-14,Uniswap V3,Polygon,9.7,DAI,98677039,0.99,2.52
2024-08-14,Uniswap V3,Base,6.41,USDC,108023182,1.57,4.03
2024-08-14,Uniswap V3,Base,8.74,USDT,95903248,1.63,4.09
2024-08-14,Uniswap V3,Base,7.06,DAI,99513604,1.42,4.77
2024-08-14,Yearn,Ethereum,4.86,USDC,142196247,19.81,0
2024-08-14,Yearn,Ethereum,5.28,USDT,130718526,26.03,0
2024-08-14,Yearn,Ethereum,5.19,DAI,133042043,20.48,0
2024-08-14,Yearn,Arbitrum,6.1,USDC,133590597,2.55,4.15
2024-08-14,Yearn,Arbitrum,5.87,USDT,133112177,1.62,3.5
2024-08-14,Yearn,Arbitrum,6.85,DAI,143614141,2.75,4.48
2024-08-14,Yearn,Optimism,5.18,USDC,132361202,2.12,3.66
2024-08-14,Yearn,Optimism,5.54,USDT,134331170,1.9,3.68
2024-08-14,Yearn,Optimism,4.89,DAI,131722325,1.84,4.86
2024-08-14,Yearn,Polygon,5.66,USDC,128081231,1.23,2.31
2024-08-14,Yearn,Polygon,6.5,USDT,129281660,0.97,3.82
2024-08-14,Yearn,Polygon,6.36,DAI,149910278,0.95,3.17
2024-08-14,Yearn,Base,6.02,USDC,123672577,1.69,5.18
2024-08-14,Yearn,Base,5.21,USDT,140193587,1.4,4.2
2024-08-14,Yearn,Base,6.38,DAI,146250552,1.11,5.91
2024-08-14,Pendle,Ethereum,7.44,USDC,84867156,17.11,0
2024-08-14,Pendle,Ethereum,7.78,USDT,88787890,17.02,0
2024-08-14,Pendle,Ethereum,7.98,DAI,90702659,20.75,0
2024-08-14,Pendle,Arbitrum,10.27,USDC,85185862,2.52,7.09
2024-08-14,Pendle,Arbitrum,9.33,USDT,88196316,2.47,4.69
2024-08-14,Pendle,Arbitrum,10.82,DAI,78965195,2.74,4.87
2024-08-14,Pendle,Optimism,10.49,USDC,85445417,2.44,4.21
2024-08-14,Pendle,Optimism,11.91,USDT,80024080,1.21,2.11
2024-08-14,Pendle,Optimism,7.3,DAI,75852426,1.86,4.34
2024-08-14,Pendle,Base,10.76,USDC,86314529,1.04,5.21
2024-08-14,Pendle,Base,11.73,USDT,84563198,1.43,4.78
2024-08-14,Pendle,Base,11.26,DAI,82812456,1.21,3.46
2024-08-14,Convex,Ethereum,5.19,USDT,164990981,23.53,0
2024-08-14,Convex,Ethereum,4.08,DAI,171932294,16.59,0
2024-08-14,Balancer,Ethereum,6.56,USDC,124311554,18.46,0
2024-08-14,Balancer,Ethereum,5.27,USDT,125824729,19.62,0
2024-08-14,Balancer,Ethereum,5.98,DAI,123670708,22.49,0
2024-08-14,Balancer,Arbitrum,7.41,USDC,125057274,2.23,3.65
2024-08-14,Balancer,Arbitrum,7.71,USDT,123641364,2.22,4.26
2024-08-14,Balancer,Arbitrum,7.65,DAI,121954050,3.16,6.03
2024-08-14,Balancer,Optimism,6.56,USDC,132350959,1.77,4.49
2024-08-14,Balancer,Optimism,7.46,USDT,121065203,2.04,3.55
2024-08-14,Balancer,Optimism,6.11,DAI,120244252,1.61,4.15
2024-08-14,Balancer,Polygon,7.67,USDT,124328387,0.81,4.77
2024-08-14,Balancer,Base,7.92,USDC,122430289,1.84,3.85
2024-08-14,Balancer,Base,8.51,USDT,116378648,1.31,3.39
2024-08-14,Balancer,Base,7.74,DAI,116836201,1.72,3.97
2024-08-15,Aave,Ethereum,4.55,USDC,255200705,13.09,0
2024-08-15,Aave,Ethereum,3.66,USDT,289162854,18.51,0
2024-08-15,Aave,Ethereum,4.06,DAI,267657964,22.61,0
2024-08-15,Aave,Arbitrum,4.6,USDC,264802930,1.61,5.92
2024-08-15,Aave,Arbitrum,4.17,USDT,288480728,2.38,5.14
2024-08-15,Aave,Arbitrum,4.46,DAI,278234948,2.8,5.29
2024-08-15,Aave,Optimism,3.86,USDC,274340527,1.99,5.72
2024-08-15,Aave,Optimism,4.56,USDT,261499347,1.56,5.81
2024-08-15,Aave,Polygon,5.16,USDT,297183428,1.04,3.07
2024-08-15,Aave,Polygon,5.27,DAI,286112153,0.67,2.43
2024-08-15,Aave,Base,4.89,USDC,258590965,1.55,3.8
2024-08-15,Aave,Base,4.53,USDT,267105208,1.73,2.69
2024-08-15,Aave,Base,3.96,DAI,281159294,1.16,3.43
2024-08-15,Compound,Ethereum,3.46,USDC,195563371,18.84,0
2024-08-15,Compound,Ethereum,2.87,USDT,205030645,18.53,0
2024-08-15,Compound,Ethereum,3.07,DAI,192193735,22.1,0
2024-08-15,Compound,Arbitrum,3.98,USDC,206718175,1.97,5.31
2024-08-15,Compound,Arbitrum,3.74,USDT,188192795,2.11,4.41
2024-08-15,Compound,Arbitrum,4.27,DAI,206362558,2.42,5.66
2024-08-15,Compound,Optimism,4.13,USDC,197236972,1.77,5.01
2024-08-15,Compound,Optimism,4.07,USDT,203478396,1.79,4.44
2024-08-15,Compound,Optimism,3.66,DAI,199059406,1.67,2.89
2024-08-15,Compound,Polygon,4.33,USDC,197196536,0.94,3.31
2024-08-15,Compound,Polygon,4.42,USDT,193674812,1.05,2.74
2024-08-15,Compound,Polygon,3.93,DAI,185171982,1.1,3.79
2024-08-15,Compound,Base,4.11,USDC,210779081,1.9,3.8
2024-08-15,Compound,Base,4.36,USDT,205155798,1.44,4.33
2024-08-15,Compound,Base,3.94,DAI,204427394,1.45,3.33
2024-08-15,Curve,Ethereum,5.49,USDC,342995343,17.31,0
2024-08-15,Curve,Ethereum,5.53,USDT,355782776,16.01,0
2024-08-15,Curve,Ethereum,6.46,DAI,333136635,20.01,0
2024-08-15,Curve,Arbitrum,6.72,USDC,342147759,2.35,2.62
2024-08-15,Curve,Arbitrum,7.87,USDT,340224807,2.41,3.53
2024-08-15,Curve,Arbitrum,7.94,DAI,336826602,2.61,2.72
2024-08-15,Curve,Optimism,7.73,USDC,350919953,2.04,5.41
2024-08-15,Curve,Optimism,6.59,USDT,345707737,1.84,4.01
2024-08-15,Curve,Polygon,9.49,USDT,358383796,0.86,3.34
2024-08-15,Curve,Polygon,8.64,DAI,354089084,1.05,3.61
2024-08-15,Curve,Base,6.5,USDC,348056835,1.34,3.59
2024-08-15,Curve,Base,8.36,USDT,364986829,1.4,4.29
2024-08-15,Curve,Base,7.3,DAI,334388715,1.33,4.1
2024-08-15,Uniswap V3,Ethereum,7.24,USDC,108773695,19.26,0
2024-08-15,Uniswap V3,Ethereum,6.32,USDT,97282940,15.68,0
2024-08-15,Uniswap V3,Ethereum,8.21,DAI,108303788,19.96,0
2024-08-15,Uniswap V3,Arbitrum,8.48,USDC,101687713,2.2,4.29
2024-08-15,Uniswap V3,Arbitrum,7.81,USDT,104924368,2.43,4.44
2024-08-15,Uniswap V3,Arbitrum,8.23,DAI,102190481,2.38,5.83
2024-08-15,Uniswap V3,Optimism,7.46,USDC,107376486,1.86,4.46
2024-08-15,Uniswap V3,Optimism,7.66,DAI,109663870,1.64,5.01
2024-08-15,Uniswap V3,Polygon,6.86,USDC,106609143,1.07,3.6
2024-08-15,Uniswap V3,Polygon,6.94,USDT,95435019,0.95,3.46
2024-08-15,Uniswap V3,Polygon,8.4,DAI,102499878,1.04,2.62
2024-08-15,Uniswap V3,Base,6.78,USDC,110749797,1.36,4.88
2024-08-15,Uniswap V3,Base,6.99,USDT,105745800,1.54,4.01
2024-08-15,Yearn,Ethereum,4.47,USDC,129754616,18.62,0
2024-08-15,Yearn,Ethereum,4.15,USDT,137437256,17.17,0
2024-08-15,Yearn,Ethereum,4.55,DAI,130445452,18.55,0
2024-08-15,Yearn,Arbitrum,6.11,USDC,128799196,2.31,5.77
2024-08-15,Yearn,Arbitrum,6.19,USDT,129426802,2.64,4.73
2024-08-15,Yearn,Arbitrum,6.11,DAI,127047378,2.86,4.49
2024-08-15,Yearn,Optimism,5.49,USDC,128614681,1.71,2.62
2024-08-15,Yearn,Optimism,5.11,USDT,133893102,1.97,4.59
2024-08-15,Yearn,Optimism,5.54,DAI,135924642,2.06,3.97
2024-08-15,Yearn,Polygon,5.2,USDC,127823271,0.83,2.61
2024-08-15,Yearn,Polygon,7.37,USDT,126943487,1.16,3.29
2024-08-15,Yearn,Polygon,4.94,DAI,144918543,1.0,2.8
2024-08-15,Yearn,Base,6.65,USDC,126400133,1.09,4.47
2024-08-15,Yearn,Base,5.54,USDT,131507737,1.45,3.38
2024-08-15,Yearn,Base,5.61,DAI,145614920,1.36,3.85
2024-08-15,Pendle,Ethereum,7.3,USDC,79991098,17.09,0
2024-08-15,Pendle,Ethereum,6.48,USDT,82042867,18.2,0
2024-08-15,Pendle,Ethereum,9.36,DAI,71742239,21.28,0
2024-08-15,Pendle,Arbitrum,11.77,USDC,82153832,2.5,4.27
2024-08-15,Pendle,Arbitrum,10.32,USDT,81569581,3.04,7.17
2024-08-15,Pendle,Arbitrum,7.78,DAI,84540819,2.37,6.27
2024-08-15,Pendle,Optimism,12.24,USDC,84827609,2.29,5.15
2024-08-15,Pendle,Optimism,9.13,USDT,80399631,2.39,4.3
2024-08-15,Pendle,Optimism,7.99,DAI,80522881,2.29,3.6
2024-08-15,Pendle,Base,11.53,USDC,85269895,1.33,3.96
2024-08-15,Pendle,Base,9.23,USDT,75983681,1.4,3.47
2024-08-15,Pendle,Base,9.73,DAI,76598500,1.3,3.95
2024-08-15,Convex,Ethereum,5.4,USDC,161890939,15.01,0
2024-08-15,Convex,Ethereum,5.25,USDT,161649508,19.99,0
2024-08-15,Convex,Ethereum,6.58,DAI,168324333,22.6,0
2024-08-15,Balancer,Ethereum,6.3,USDC,120142301,17.94,0
2024-08-15,Balancer,Ethereum,6.39,USDT,115773368,15.6,0
2024-08-15,Balancer,Ethereum,6.27,DAI,123315348,18.21,0
2024-08-15,Balancer,Arbitrum,7.14,USDC,117538908,2.5,4.97
2024-08-15,Balancer,Arbitrum,8.02,USDT,114422646,2.41,3.53
2024-08-15,Balancer,Arbitrum,6.88,DAI,121898748,2.95,5.79
2024-08-15,Balancer,Optimism,8.26,USDC,129012816,2.23,3.64
2024-08-15,Balancer,Optimism,5.72,USDT,117749530,1.37,5.74
2024-08-15,Balancer,Optimism,6.56,DAI,116384120,2.08,4.28
2024-08-15,Balancer,Polygon,7.26,USDT,112370596,0.87,3.19
2024-08-15,Balancer,Polygon,7.12,DAI,125502010,0.82,3.77
2024-08-15,Balancer,Base,7.56,USDC,121885271,1.2,3.8
2024-08-15,Balancer,Base,7.09,USDT,130954024,1.45,5.05
2024-08-15,Balancer,Base,7.38,DAI,117540454,1.32,2.18
2024-08-16,Aave,Ethereum,2.41,USDC,263028523,16.8,0
2024-08-16,Aave,Ethereum,3.26,USDT,281877079,15.41,0
2024-08-16,Aave,Ethereum,3.72,DAI,293615084,17.02,0
2024-08-16,Aave,Arbitrum,5.43,USDC,258552286,3.12,6.33
2024-08-16,Aave,Arbitrum,3.78,USDT,265077613,2.4,6.94
2024-08-16,Aave,Optimism,4.43,USDC,286044480,1.63,3.79
2024-08-16,Aave,Optimism,4.21,USDT,264562762,1.99,3.91
2024-08-16,Aave,Optimism,3.75,DAI,268454786,1.38,5.35
2024-08-16,Aave,Polygon,4.99,USDC,255798237,1.09,3.07
2024-08-16,Aave,Polygon,4.67,USDT,278541846,0.91,3.31
2024-08-16,Aave,Polygon,4.61,DAI,270510782,0.85,3.17
2024-08-16,Aave,Base,4.15,USDC,283158082,1.04,4.56
2024-08-16,Aave,Base,4.38,USDT,285609782,1.6,4.78
2024-08-16,Aave,Base,3.73,DAI,257015411,1.22,4.54
2024-08-16,Compound,Ethereum,3.46,USDC,197291080,18.56,0
2024-08-16,Compound,Ethereum,3.47,USDT,207421282,23.28,0
2024-08-16,Compound,Ethereum,3.49,DAI,199935320,17.02,0
2024-08-16,Compound,Arbitrum,3.99,USDC,179457577,2.76,3.45
2024-08-16,Compound,Arbitrum,3.6,USDT,193172460,2.72,7.07
2024-08-16,Compound,Arbitrum,3.96,DAI,190021020,1.56,4.9
2024-08-16,Compound,Optimism,3.7,USDT,175430386,1.73,3.05
2024-08-16,Compound,Optimism,3.98,DAI,198322823,1.42,4.23
2024-08-16,Compound,Polygon,3.99,USDC,193881891,1.16,2.91
2024-08-16,Compound,Polygon,4.74,USDT,185495188,0.92,3.87
2024-08-16,Compound,Polygon,4.18,DAI,184885979,0.71,2.64
2024-08-16,Compound,Base,4.08,USDC,204837132,1.17,3.43
2024-08-16,Compound,Base,4.38,USDT,178723680,1.68,3.75
2024-08-16,Compound,Base,4.35,DAI,199283950,1.34,4.87
2024-08-16,Curve,Ethereum,4.93,USDC,334171312,18.65,0
2024-08-16,Curve,Ethereum,4.92,USDT,330365486,16.91,0
2024-08-16,Curve,Ethereum,7.17,DAI,344086843,15.99,0
2024-08-16,Curve,Arbitrum,7.71,USDC,366126999,2.3,6.44
2024-08-16,Curve,Arbitrum,6.67,USDT,341612900,1.85,5.27
2024-08-16,Curve,Arbitrum,7.47,DAI,356293447,2.36,4.59
2024-08-16,Curve,Optimism,7.54,USDC,342569772,1.86,5.17
2024-08-16,Curve,Optimism,5.73,USDT,343318266,2.24,3.83
2024-08-16,Curve,Optimism,6.72,DAI,372870172,1.58,3.86
2024-08-16,Curve,Polygon,8.21,USDC,362024725,0.99,3.23
2024-08-16,Curve,Polygon,7.02,USDT,327600816,1.16,2.95
2024-08-16,Curve,Polygon,7.09,DAI,344367108,0.78,2.83
2024-08-16,Curve,Base,8.18,USDC,351933920,1.1,4.49
2024-08-16,Curve,Base,5.5,USDT,367000057,1.17,4.07
2024-08-16,Curve,Base,7.09,DAI,331052340,1.41,3.16
2024-08-16,Uniswap V3,Ethereum,6.98,USDC,106831338,21.26,0
2024-08-16,Uniswap V3,Ethereum,7.05,USDT,107731479,15.37,0
2024-08-16,Uniswap V3,Ethereum,6.09,DAI,107458683,12.07,0
2024-08-16,Uniswap V3,Arbitrum,7.31,USDC,98704747,1.98,4.54
2024-08-16,Uniswap V3,Arbitrum,7.44,USDT,105148545,2.54,5.47
2024-08-16,Uniswap V3,Arbitrum,10.48,DAI,99815450,2.21,4.06
2024-08-16,Uniswap V3,Optimism,8.24,USDC,101839200,1.2,2.71
2024-08-16,Uniswap V3,Optimism,7.34,USDT,98566240,1.46,2.88
2024-08-16,Uniswap V3,Optimism,7.88,DAI,107772269,1.69,4.29
2024-08-16,Uniswap V3,Polygon,8.58,USDC,103645693,1.02,3.88
2024-08-16,Uniswap V3,Polygon,7.82,USDT,109765931,0.81,3.44
2024-08-16,Uniswap V3,Polygon,9.15,DAI,103429024,1.12,3.5
2024-08-16,Uniswap V3,Base,8.2,USDC,101266821,1.27,3.79
2024-08-16,Uniswap V3,Base,8.05,USDT,99037392,1.4,3.99
2024-08-16,Uniswap V3,Base,7.49,DAI,102145233,1.32,2.62
2024-08-16,Yearn,Ethereum,4.04,USDC,133150498,11.62,0
2024-08-16,Yearn,Ethereum,4.99,USDT,130877877,14.09,0
2024-08-16,Yearn,Ethereum,4.64,DAI,137431916,18.7,0
2024-08-16,Yearn,Arbitrum,5.44,USDC,128622485,2.26,5.66
2024-08-16,Yearn,Arbitrum,5.64,USDT,134399003,1.91,6.5
2024-08-16,Yearn,Arbitrum,5.79,DAI,123487197,3.09,7.69
2024-08-16,Yearn,Optimism,6.0,USDC,126333115,1.43,3.57
2024-08-16,Yearn,Optimism,5.38,USDT,132575070,2.31,3.66
2024-08-16,Yearn,Optimism,5.17,DAI,134610033,1.9,4.04
2024-08-16,Yearn,Polygon,5.6,USDC,131850816,1.15,2.78
2024-08-16,Yearn,Polygon,6.06,USDT,128070690,0.98,3.14
2024-08-16,Yearn,Polygon,4.87,DAI,121111285,0.82,2.68
2024-08-16,Yearn,Base,5.26,USDC,127035177,1.63,3.6
2024-08-16,Yearn,Base,6.24,USDT,130844073,1.82,2.28
2024-08-16,Yearn,Base,6.03,DAI,129101989,1.54,2.94
2024-08-16,Pendle,Ethereum,8.46,USDC,80343261,18.4,0
2024-08-16,Pendle,Ethereum,10.14,USDT,84326619,22.57,0
2024-08-16,Pendle,Ethereum,7.49,DAI,82455398,10.72,0
2024-08-16,Pendle,Arbitrum,12.03,USDC,78343868,2.37,4.8
2024-08-16,Pendle,Optimism,9.88,USDT,79907275,1.28,4.0
2024-08-16,Pendle,Optimism,8.75,DAI,73509627,2.0,5.07
2024-08-16,Pendle,Base,10.65,USDC,77496898,1.88,4.32
2024-08-16,Pendle,Base,10.97,USDT,74611369,1.53,3.38
2024-08-16,Pendle,Base,9.55,DAI,82630498,1.47,3.63
2024-08-16,Convex,Ethereum,4.78,USDC,172494471,18.83,0
2024-08-16,Convex,Ethereum,4.99,DAI,165581006,16.33,0
2024-08-16,Balancer,Ethereum,6.24,USDC,117451543,17.89,0
2024-08-16,Balancer,Ethereum,6.16,USDT,124248648,14.83,0
2024-08-16,Balancer,Ethereum,5.8,DAI,117189126,15.09,0
2024-08-16,Balancer,Arbitrum,6.7,USDC,121275197,2.25,5.95
2024-08-16,Balancer,Arbitrum,8.06,USDT,114166414,2.4,2.6
2024-08-16,Balancer,Arbitrum,7.47,DAI,116601613,2.3,4.75
2024-08-16,Balancer,Optimism,6.64,USDC,119318186,1.26,4.23
2024-08-16,Balancer,Optimism,7.31,USDT,113040438,2.15,2.91
2024-08-16,Balancer,Optimism,6.49,DAI,126045438,1.93,6.24
2024-08-16,Balancer,Polygon,7.63,USDC,119917377,0.86,2.46
2024-08-16,Balancer,Polygon,6.58,USDT,124322733,0.93,2.63
2024-08-16,Balancer,Polygon,7.17,DAI,109488192,0.85,2.61
2024-08-16,Balancer,Base,6.04,USDT,109547448,1.33,4.29
2024-08-17,Aave,Ethereum,3.52,USDC,240814749,11.4,0
2024-08-17,Aave,Ethereum,3.39,DAI,250948337,11.05,0
2024-08-17,Aave,Arbitrum,4.33,DAI,257259054,1.68,4.26
2024-08-17,Aave,Optimism,4.15,USDC,246134482,1.21,4.12
2024-08-17,Aave,Optimism,4.48,USDT,265926330,1.29,5.0
2024-08-17,Aave,Optimism,3.73,DAI,256803765,0.91,5.22
2024-08-17,Aave,Polygon,3.81,USDC,260896089,0.71,3.51
2024-08-17,Aave,Polygon,3.82,USDT,263370912,0.57,2.28
2024-08-17,Aave,Polygon,4.38,DAI,273770309,0.46,3.3
2024-08-17,Aave,Base,4.27,USDC,296607264,0.96,4.17
2024-08-17,Aave,Base,3.76,USDT,242053309,0.85,3.88
2024-08-17,Aave,Base,3.76,DAI,270570320,1.08,5.15
2024-08-17,Compound,Ethereum,3.31,USDC,202551210,12.93,0
2024-08-17,Compound,Ethereum,2.31,USDT,194319487,10.58,0
2024-08-17,Compound,Ethereum,3.23,DAI,195102090,12.24,0
2024-08-17,Compound,Arbitrum,3.49,USDC,202598547,1.58,4.56
2024-08-17,Compound,Arbitrum,4.72,USDT,199050318,1.61,4.92
2024-08-17,Compound,Arbitrum,4.34,DAI,205802303,1.44,3.87
2024-08-17,Compound,Optimism,3.46,USDC,192363568,1.29,4.48
2024-08-17,Compound,Optimism,3.92,USDT,198314210,1.19,4.01
2024-08-17,Compound,Optimism,4.07,DAI,181494335,1.3,4.61
2024-08-17,Compound,Polygon,4.57,USDC,183630774,0.61,3.44
2024-08-17,Compound,Polygon,4.91,USDT,203281137,0.65,3.81
2024-08-17,Compound,Polygon,4.2,DAI,188906698,0.8,2.83
2024-08-17,Compound,Base,3.61,USDC,192199052,0.98,4.29
2024-08-17,Compound,Base,4.36,DAI,198610685,1.0,3.54
2024-08-17,Curve,Ethereum,5.7,USDC,335801399,15.72,0
2024-08-17,Curve,Ethereum,6.28,USDT,327912526,9.23,0
2024-08-17,Curve,Ethereum,5.18,DAI,344345526,13.75,0
2024-08-17,Curve,Arbitrum,5.45,USDC,331016710,1.57,6.85
2024-08-17,Curve,Arbitrum,6.07,USDT,366990893,1.67,5.5
2024-08-17,Curve,Arbitrum,5.85,DAI,350595251,1.57,3.66
2024-08-17,Curve,Optimism,6.65,USDC,305293051,1.11,4.02
2024-08-17,Curve,Optimism,5.75,USDT,307352285,1.27,4.52
2024-08-17,Curve,Optimism,7.48,DAI,347383138,0.99,4.19
2024-08-17,Curve,Polygon,5.81,USDC,319888803,0.63,2.96
2024-08-17,Curve,Polygon,6.36,USDT,360135669,0.82,3.77
2024-08-17,Curve,Base,6.45,USDC,325808109,1.03,4.94
2024-08-17,Curve,Base,7.77,USDT,336238247,0.84,4.17
2024-08-17,Curve,Base,6.65,DAI,342947471,0.65,4.97
2024-08-17,Uniswap V3,Ethereum,6.11,USDC,95922387,8.58,0
2024-08-17,Uniswap V3,Ethereum,6.87,USDT,101404810,12.8,0
2024-08-17,Uniswap V3,Ethereum,7.4,DAI,109212243,13.22,0
2024-08-17,Uniswap V3,Arbitrum,6.88,USDC,97553839,1.83,3.84
2024-08-17,Uniswap V3,Arbitrum,7.62,USDT,95090006,1.84,5.63
2024-08-17,Uniswap V3,Arbitrum,8.28,DAI,106315299,1.96,3.62
2024-08-17,Uniswap V3,Optimism,6.75,USDC,95565680,1.3,3.8
2024-08-17,Uniswap V3,Optimism,7.3,DAI,101789255,0.94,4.68
2024-08-17,Uniswap V3,Polygon,7.6,USDC,96487536,0.66,2.56
2024-08-17,Uniswap V3,Polygon,7.23,DAI,107303428,0.57,2.24
2024-08-17,Uniswap V3,Base,7.73,USDC,98657742,0.72,3.71
2024-08-17,Yearn,Ethereum,3.71,USDC,127395209,12.74,0
2024-08-17,Yearn,Ethereum,4.09,USDT,123540073,11.95,0
2024-08-17,Yearn,Ethereum,4.37,DAI,130915635,10.3,0
2024-08-17,Yearn,Arbitrum,6.61,USDC,136103308,1.55,4.39
2024-08-17,Yearn,Arbitrum,5.92,USDT,117774491,1.97,6.46
2024-08-17,Yearn,Arbitrum,5.72,DAI,125004241,1.57,5.85
2024-08-17,Yearn,Optimism,5.1,USDC,128919486,0.93,3.46
2024-08-17,Yearn,Optimism,4.92,USDT,127535125,1.07,4.13
2024-08-17,Yearn,Optimism,5.85,DAI,120283302,1.4,2.59
2024-08-17,Yearn,Polygon,4.24,USDT,128592807,0.57,3.4
2024-08-17,Yearn,Polygon,4.82,DAI,125284229,0.52,3.73
2024-08-17,Yearn,Base,5.47,USDC,135283462,0.73,3.78
2024-08-17,Yearn,Base,5.59,USDT,124544679,0.76,4.55
2024-08-17,Yearn,Base,5.93,DAI,125651412,1.14,4.13
2024-08-17,Pendle,Ethereum,8.11,USDC,75859310,11.47,0
2024-08-17,Pendle,Ethereum,10.0,USDT,81717612,9.05,0
2024-08-17,Pendle,Ethereum,7.8,DAI,84278927,9.5,0
2024-08-17,Pendle,Arbitrum,10.93,USDC,77317192,1.77,5.32
2024-08-17,Pendle,Arbitrum,11.53,USDT,77444946,1.21,6.09
2024-08-17,Pendle,Arbitrum,9.42,DAI,82536507,1.78,3.81
2024-08-17,Pendle,Optimism,12.29,USDC,83178742,1.29,4.92
2024-08-17,Pendle,Base,9.07,USDC,82734567,0.84,3.72
2024-08-17,Pendle,Base,10.52,USDT,75153839,0.96,6.26
2024-08-17,Pendle,Base,12.09,DAI,84019593,0.98,4.47
2024-08-17,Convex,Ethereum,3.57,USDC,163632318,13.43,0
2024-08-17,Convex,Ethereum,4.92,USDT,161023605,10.23,0
2024-08-17,Convex,Ethereum,4.71,DAI,165023356,11.71,0
2024-08-17,Balancer,Ethereum,6.31,USDC,114180540,9.51,0
2024-08-17,Balancer,Ethereum,6.06,USDT,109219702,10.32,0
2024-08-17,Balancer,Ethereum,6.0,DAI,117049646,11.81,0
2024-08-17,Balancer,Arbitrum,6.78,USDC,112039627,1.7,5.86
2024-08-17,Balancer,Arbitrum,7.93,USDT,114165901,2.11,6.49
2024-08-17,Balancer,Optimism,7.39,USDC,114757800,1.05,2.78
2024-08-17,Balancer,Optimism,4.98,USDT,111372506,1.4,4.75
2024-08-17,Balancer,Optimism,6.89,DAI,123126338,1.41,3.33
2024-08-17,Balancer,Polygon,7.73,USDC,113258514,0.67,2.98
2024-08-17,Balancer,Polygon,7.31,USDT,125309462,0.5,3.39
2024-08-17,Balancer,Polygon,7.76,DAI,105947664,0.63,3.71
2024-08-17,Balancer,Base,6.92,USDC,123509991,1.07,4.0
2024-08-17,Balancer,Base,6.09,USDT,114201187,1.07,2.07
2024-08-17,Balancer,Base,7.63,DAI,114965812,0.88,3.9
2024-08-18,Aave,Ethereum,2.84,USDC,270966544,13.64,0
2024-08-18,Aave,Ethereum,3.67,USDT,252919003,11.16,0
2024-08-18,Aave,Arbitrum,4.08,USDC,265398292,1.23,4.43
2024-08-18,Aave,Arbitrum,4.47,USDT,260405035,2.12,5.6
2024-08-18,Aave,Arbitrum,4.04,DAI,254341436,1.17,5.94
2024-08-18,Aave,Optimism,4.32,USDT,256565007,1.01,3.84
2024-08-18,Aave,Polygon,4.06,USDC,260063542,0.42,3.35
2024-08-18,Aave,Polygon,3.91,USDT,239850796,0.63,2.89
2024-08-18,Aave,Polygon,3.9,DAI,270344180,0.56,2.52
2024-08-18,Aave,Base,3.96,USDC,259624050,1.04,3.34
2024-08-18,Aave,Base,4.55,USDT,248539388,0.84,5.4
2024-08-18,Aave,Base,2.64,DAI,263894710,0.78,4.99
2024-08-18,Compound,Ethereum,3.34,USDC,169934610,11.92,0
2024-08-18,Compound,Ethereum,3.42,USDT,197397636,15.42,0
2024-08-18,Compound,Ethereum,3.79,DAI,163949194,11.23,0
2024-08-18,Compound,Arbitrum,4.21,USDC,196747731,1.46,3.67
2024-08-18,Compound,Arbitrum,4.18,USDT,190256127,1.71,4.68
2024-08-18,Compound,Arbitrum,3.21,DAI,188529201,1.52,5.17
2024-08-18,Compound,Optimism,3.95,USDC,171316575,1.25,4.35
2024-08-18,Compound,Optimism,3.88,USDT,188245965,1.19,4.86
2024-08-18,Compound,Optimism,4.32,DAI,186513350,0.97,4.15
2024-08-18,Compound,Polygon,4.12,USDT,185347687,0.8,2.87
2024-08-18,Compound,Polygon,4.33,DAI,202051426,0.57,3.4
2024-08-18,Compound,Base,4.39,USDC,193210109,1.21,3.11
2024-08-18,Compound,Base,4.25,USDT,193427582,0.76,4.44
2024-08-18,Compound,Base,4.25,DAI,189557332,0.83,4.4
2024-08-18,Curve,Ethereum,5.18,USDC,326056406,12.52,0
2024-08-18,Curve,Ethereum,4.73,USDT,339065057,13.43,0
2024-08-18,Curve,Ethereum,6.72,DAI,346404310,13.61,0
2024-08-18,Curve,Arbitrum,6.97,USDC,340036407,1.56,5.65
2024-08-18,Curve,Arbitrum,6.88,USDT,340813672,1.48,4.6
2024-08-18,Curve,Arbitrum,7.61,DAI,339687709,1.69,6.75
2024-08-18,Curve,Optimism,6.64,USDC,327801308,0.96,4.02
2024-08-18,Curve,Optimism,7.33,USDT,329088893,1.32,2.94
2024-08-18,Curve,Polygon,6.92,USDC,323312434,0.61,3.66
2024-08-18,Curve,Polygon,7.39,USDT,369786317,0.67,2.74
2024-08-18,Curve,Polygon,7.51,DAI,306157470,0.55,3.15
2024-08-18,Curve,Base,7.59,USDC,333423875,1.03,4.95
2024-08-18,Curve,Base,6.44,DAI,346224490,1.08,4.47
2024-08-18,Uniswap V3,Ethereum,5.91,USDC,92860015,13.0,0
2024-08-18,Uniswap V3,Ethereum,6.36,USDT,99977755,11.56,0
2024-08-18,Uniswap V3,Ethereum,7.41,DAI,95409544,12.21,0
2024-08-18,Uniswap V3,Arbitrum,8.29,USDC,99078682,1.56,6.26
2024-08-18,Uniswap V3,Arbitrum,6.59,USDT,89363412,1.66,4.79
2024-08-18,Uniswap V3,Arbitrum,5.71,DAI,93017891,1.25,6.41
2024-08-18,Uniswap V3,Optimism,8.59,USDC,101245367,1.18,4.49
2024-08-18,Uniswap V3,Optimism,8.35,USDT,93422507,1.04,3.78
2024-08-18,Uniswap V3,Polygon,6.46,USDC,104401641,0.66,2.76
2024-08-18,Uniswap V3,Polygon,8.91,DAI,95205672,0.55,2.47
2024-08-18,Uniswap V3,Base,7.77,USDC,97988510,0.74,4.6
2024-08-18,Uniswap V3,Base,5.46,DAI,94726682,0.99,4.54
2024-08-18,Yearn,Ethereum,3.73,USDC,135367058,15.5,0
2024-08-18,Yearn,Ethereum,3.89,USDT,124969760,12.57,0
2024-08-18,Yearn,Ethereum,4.32,DAI,114720571,14.37,0
2024-08-18,Yearn,Arbitrum,5.18,USDC,124423030,1.44,4.78
2024-08-18,Yearn,Arbitrum,4.9,USDT,119800614,1.24,5.08
2024-08-18,Yearn,Arbitrum,4.79,DAI,120097762,1.66,2.31
2024-08-18,Yearn,Optimism,5.23,USDC,121123703,0.97,3.31
2024-08-18,Yearn,Optimism,5.88,USDT,122272425,1.07,3.75
2024-08-18,Yearn,Optimism,5.6,DAI,127347424,1.33,4.04
2024-08-18,Yearn,Polygon,5.58,USDC,134198723,0.7,2.76
2024-08-18,Yearn,Polygon,5.29,USDT,130895012,0.89,3.16
2024-08-18,Yearn,Polygon,6.18,DAI,119368844,0.63,2.71
2024-08-18,Yearn,Base,5.12,USDC,131093679,0.99,4.71
2024-08-18,Yearn,Base,5.77,USDT,115453854,0.82,3.95
2024-08-18,Yearn,Base,4.73,DAI,120533563,0.64,5.94
2024-08-18,Pendle,Ethereum,6.6,USDC,78462296,14.53,0
2024-08-18,Pendle,Ethereum,8.7,USDT,72601187,10.92,0
2024-08-18,Pendle,Ethereum,8.11,DAI,79377306,14.08,0
2024-08-18,Pendle,Arbitrum,8.67,USDC,76057504,1.71,6.26
2024-08-18,Pendle,Arbitrum,10.45,USDT,83800288,1.41,3.93
2024-08-18,Pendle,Arbitrum,9.0,DAI,75572964,1.55,6.01
2024-08-18,Pendle,Optimism,8.62,USDC,83457135,1.5,3.45
2024-08-18,Pendle,Optimism,12.32,USDT,85398171,1.25,3.36
2024-08-18,Pendle,Optimism,9.03,DAI,79183141,1.36,4.26
2024-08-18,Pendle,Base,10.0,USDT,76948623,1.05,4.11
2024-08-18,Pendle,Base,10.64,DAI,76036769,1.19,4.27
2024-08-18,Convex,Ethereum,4.53,USDC,161682317,13.29,0
2024-08-18,Convex,Ethereum,4.77,USDT,149912541,12.9,0
2024-08-18,Convex,Ethereum,5.7,DAI,142499939,11.68,0
2024-08-18,Balancer,Ethereum,5.98,USDC,113104391,12.57,0
2024-08-18,Balancer,Ethereum,5.78,USDT,118596335,11.7,0
2024-08-18,Balancer,Ethereum,4.84,DAI,111639485,13.17,0
2024-08-18,Balancer,Arbitrum,6.96,USDC,120839091,1.48,4.23
2024-08-18,Balancer,Arbitrum,7.05,USDT,105302041,1.32,3.92
2024-08-18,Balancer,Arbitrum,8.02,DAI,109619306,1.14,4.62
2024-08-18,Balancer,Optimism,6.53,USDC,115313586,1.52,3.86
2024-08-18,Balancer,Polygon,6.72,USDC,109794755,0.78,2.66
2024-08-18,Balancer,Polygon,7.32,DAI,112117537,0.57,1.66
2024-08-18,Balancer,Base,6.77,USDC,115122429,1.04,4.67
2024-08-18,Balancer,Base,6.27,USDT,110673014,1.18,3.78
2024-08-18,Balancer,Base,6.91,DAI,109321129,0.98,2.8
2024-08-19,Aave,Ethereum,3.23,USDC,253708531,25.23,0
2024-08-19,Aave,Ethereum,3.77,USDT,257557034,13.64,0
2024-08-19,Aave,Ethereum,3.89,DAI,264428511,18.17,0
2024-08-19,Aave,Arbitrum,4.32,USDC,284972154,2.72,4.54
2024-08-19,Aave,Arbitrum,4.11,USDT,259143399,2.67,5.04
2024-08-19,Aave,Arbitrum,4.03,DAI,252063195,1.84,3.95
2024-08-19,Aave,Optimism,3.67,USDC,266641000,1.38,4.02
2024-08-19,Aave,Optimism,3.86,USDT,251322688,1.94,4.28
2024-08-19,Aave,Optimism,4.07,DAI,254307085,1.27,3.23
2024-08-19,Aave,Polygon,3.67,USDC,258772307,0.82,3.14
2024-08-19,Aave,Polygon,4.61,USDT,263097427,1.11,2.82
2024-08-19,Aave,Polygon,4.88,DAI,253780766,1.02,1.7
2024-08-19,Aave,Base,3.92,USDT,261836256,1.48,2.34
2024-08-19,Aave,Base,4.2,DAI,243156520,1.7,3.21
2024-08-19,Compound,Ethereum,3.81,USDC,185020001,21.4,0
2024-08-19,Compound,Ethereum,3.53,USDT,189256035,14.74,0
2024-08-19,Compound,Ethereum,3.72,DAI,180888459,21.72,0
2024-08-19,Compound,Arbitrum,3.57,USDC,183806921,2.6,7.31
2024-08-19,Compound,Arbitrum,3.92,USDT,178425709,2.49,4.23
2024-08-19,Compound,Arbitrum,3.46,DAI,190025280,1.88,6.1
2024-08-19,Compound,Optimism,3.89,USDT,185190640,1.74,3.75
2024-08-19,Compound,Optimism,3.49,DAI,194568094,1.57,3.18
2024-08-19,Compound,Polygon,3.21,USDC,195203398,1.16,2.41
2024-08-19,Compound,Polygon,4.27,USDT,165930097,0.69,3.34
2024-08-19,Compound,Polygon,3.87,DAI,190791504,0.88,3.1
2024-08-19,Compound,Base,3.83,USDC,189305550,1.6,3.61
2024-08-19,Compound,Base,4.32,USDT,180578981,1.11,4.59
2024-08-19,Compound,Base,4.59,DAI,176257831,1.67,4.07
2024-08-19,Curve,Ethereum,5.9,USDC,340852921,20.37,0
2024-08-19,Curve,Ethereum,6.12,USDT,329416454,22.84,0
2024-08-19,Curve,Ethereum,3.95,DAI,321966877,17.62,0
2024-08-19,Curve,Arbitrum,5.52,USDT,352574177,1.63,4.54
2024-08-19,Curve,Arbitrum,6.96,DAI,350414596,2.38,5.46
2024-08-19,Curve,Optimism,7.45,USDC,345292278,1.45,2.29
2024-08-19,Curve,Optimism,6.14,DAI,303599379,1.85,4.88
2024-08-19,Curve,Polygon,7.88,USDT,311463269,1.04,1.97
2024-08-19,Curve,Polygon,8.24,DAI,319056819,0.78,3.6
2024-08-19,Curve,Base,6.68,USDC,334675242,1.57,4.06
2024-08-19,Curve,Base,6.43,USDT,347097970,1.23,2.99
2024-08-19,Curve,Base,7.43,DAI,320440377,1.35,4.33
2024-08-19,Uniswap V3,Ethereum,5.86,USDC,98312766,20.29,0
2024-08-19,Uniswap V3,Ethereum,6.41,DAI,101504066,15.88,0
2024-08-19,Uniswap V3,Arbitrum,7.57,USDC,93708032,2.13,5.84
2024-08-19,Uniswap V3,Arbitrum,8.64,DAI,96315488,1.56,6.46
2024-08-19,Uniswap V3,Optimism,6.81,USDC,93028627,1.57,1.91
2024-08-19,Uniswap V3,Optimism,8.33,DAI,95441038,1.85,3.79
2024-08-19,Uniswap V3,Polygon,10.02,USDC,102412452,1.22,2.77
2024-08-19,Uniswap V3,Polygon,8.04,USDT,99458113,1.02,3.65
2024-08-19,Uniswap V3,Polygon,5.75,DAI,101753225,0.99,2.8
2024-08-19,Uniswap V3,Base,8.71,USDC,91217759,1.5,4.22
2024-08-19,Uniswap V3,Base,9.21,USDT,91044117,1.24,3.63
2024-08-19,Uniswap V3,Base,7.92,DAI,96779284,1.54,3.88
2024-08-19,Yearn,Ethereum,4.83,USDC,110106373,17.34,0
2024-08-19,Yearn,Ethereum,5.22,USDT,124583504,15.45,0
2024-08-19,Yearn,Ethereum,4.56,DAI,124269230,17.04,0
2024-08-19,Yearn,Arbitrum,5.0,USDC,118217020,2.49,4.85
2024-08-19,Yearn,Arbitrum,4.78,USDT,116451218,2.73,5.48
2024-08-19,Yearn,Arbitrum,5.25,DAI,115883551,2.53,6.76
2024-08-19,Yearn,Optimism,5.75,USDC,117470432,1.65,3.71
2024-08-19,Yearn,Optimism,5.03,USDT,133339171,2.13,3.45
2024-08-19,Yearn,Optimism,4.87,DAI,118709375,1.66,4.69
2024-08-19,Yearn,Polygon,5.93,USDC,125206891,0.76,3.65
2024-08-19,Yearn,Polygon,5.52,USDT,116080612,0.95,3.09
2024-08-19,Yearn,Polygon,6.44,DAI,118452689,1.05,3.21
2024-08-19,Yearn,Base,6.21,USDC,123839998,0.96,4.09
2024-08-19,Yearn,Base,5.86,USDT,120943732,1.09,2.82
2024-08-19,Yearn,Base,4.88,DAI,117838625,1.52,3.24
2024-08-19,Pendle,Ethereum,10.47,USDC,75032718,19.84,0
2024-08-19,Pendle,Ethereum,7.5,USDT,81250117,19.51,0
2024-08-19,Pendle,Ethereum,8.17,DAI,73064415,16.88,0
2024-08-19,Pendle,Arbitrum,13.89,USDC,76712266,2.04,4.82
2024-08-19,Pendle,Arbitrum,10.53,USDT,66499627,3.11,4.36
2024-08-19,Pendle,Arbitrum,9.58,DAI,77572282,2.31,5.92
2024-08-19,Pendle,Optimism,8.33,USDC,79774772,1.28,3.0
2024-08-19,Pendle,Optimism,9.49,USDT,80006887,2.08,4.76
2024-08-19,Pendle,Optimism,7.88,DAI,74717540,2.0,4.19
2024-08-19,Pendle,Base,8.51,USDC,71652395,1.23,4.73
2024-08-19,Pendle,Base,11.56,USDT,75184162,1.4,3.22
2024-08-19,Pendle,Base,9.92,DAI,79000726,1.05,3.83
2024-08-19,Convex,Ethereum,5.1,USDC,145714867,22.57,0
2024-08-19,Convex,Ethereum,5.4,DAI,143149953,11.21,0
2024-08-19,Balancer,Ethereum,6.44,USDC,116081187,20.19,0
2024-08-19,Balancer,Ethereum,6.06,USDT,105790561,15.24,0
2024-08-19,Balancer,Ethereum,5.64,DAI,111488430,17.53,0
2024-08-19,Balancer,Arbitrum,7.26,USDC,108338738,2.04,4.76
2024-08-19,Balancer,Arbitrum,6.58,USDT,105935987,1.94,6.86
2024-08-19,Balancer,Optimism,7.52,USDT,110515868,1.91,3.81
2024-08-19,Balancer,Optimism,6.36,DAI,106094680,1.94,3.95
2024-08-19,Balancer,Polygon,8.22,USDC,102084128,0.93,2.64
2024-08-19,Balancer,Polygon,7.23,USDT,114398818,0.87,3.74
2024-08-19,Balancer,Polygon,7.7,DAI,112166064,0.8,2.76
2024-08-19,Balancer,Base,6.48,USDC,110963521,1.53,4.42
2024-08-19,Balancer,Base,6.87,USDT,114180135,1.47,3.86
2024-08-19,Balancer,Base,5.43,DAI,119563401,1.58,4.48
2024-08-20,Aave,Ethereum,3.17,USDC,254407411,23.08,0
2024-08-20,Aave,Ethereum,3.39,USDT,255747045,15.89,0
2024-08-20,Aave,Ethereum,3.37,DAI,254960879,12.62,0
2024-08-20,Aave,Arbitrum,4.73,USDC,244107800,1.92,3.98
2024-08-20,Aave,Arbitrum,4.4,USDT,243963500,2.49,5.61
2024-08-20,Aave,Arbitrum,5.17,DAI,235655521,2.49,4.95
2024-08-20,Aave,Optimism,3.78,USDC,245191467,1.99,4.26
2024-08-20,Aave,Optimism,4.19,USDT,277756616,1.8,3.25
2024-08-20,Aave,Optimism,3.14,DAI,230867207,2.0,2.83
2024-08-20,Aave,Polygon,3.92,USDC,258918748,1.25,3.17
2024-08-20,Aave,Polygon,4.53,USDT,262975549,0.98,2.98
2024-08-20,Aave,Polygon,4.61,DAI,254256846,1.01,2.8
2024-08-20,Aave,Base,5.04,USDC,272983992,1.5,4.27
2024-08-20,Aave,Base,3.22,USDT,262500782,1.68,3.14
2024-08-20,Aave,Base,4.62,DAI,231673617,1.81,4.46
2024-08-20,Compound,Ethereum,3.29,USDC,180601884,19.95,0
2024-08-20,Compound,Ethereum,3.77,USDT,199823862,17.58,0
2024-08-20,Compound,Arbitrum,4.26,USDC,183875425,2.5,5.07
2024-08-20,Compound,Arbitrum,3.99,USDT,169401539,2.47,5.82
2024-08-20,Compound,Arbitrum,4.19,DAI,181055251,2.51,5.92
2024-08-20,Compound,Optimism,3.48,USDC,182133574,1.84,4.4
2024-08-20,Compound,Optimism,3.24,USDT,196918643,1.87,4.04
2024-08-20,Compound,Optimism,3.93,DAI,181861729,1.89,3.27
2024-08-20,Compound,Polygon,4.58,USDC,179901885,1.17,3.67
2024-08-20,Compound,Polygon,4.3,USDT,187188809,0.86,2.35
2024-08-20,Compound,Polygon,4.02,DAI,161832010,1.11,2.11
2024-08-20,Compound,Base,3.86,USDC,180325328,1.38,3.49
2024-08-20,Compound,Base,4.36,USDT,187315758,1.65,3.88
2024-08-20,Compound,Base,3.65,DAI,178212709,1.44,3.76
2024-08-20,Curve,Ethereum,4.25,USDC,320342508,13.45,0
2024-08-20,Curve,Ethereum,5.86,USDT,335664849,23.12,0
2024-08-20,Curve,Ethereum,6.26,DAI,332129237,25.62,0
2024-08-20,Curve,Arbitrum,7.77,USDC,339193395,2.34,5.08
2024-08-20,Curve,Arbitrum,7.51,USDT,325354648,2.92,5.36
2024-08-20,Curve,Arbitrum,7.33,DAI,308702734,2.17,3.99
2024-08-20,Curve,Optimism,6.09,USDC,347843608,1.84,3.68
2024-08-20,Curve,Optimism,7.29,USDT,338892128,1.74,3.75
2024-08-20,Curve,Optimism,7.01,DAI,311043744,1.79,4.41
2024-08-20,Curve,Polygon,6.6,USDC,352293679,1.08,2.93
2024-08-20,Curve,Polygon,8.25,USDT,314560967,1.05,3.2
2024-08-20,Curve,Base,8.22,USDC,321461500,1.18,5.46
2024-08-20,Curve,Base,6.36,USDT,311967163,1.47,2.77
2024-08-20,Curve,Base,6.39,DAI,349234958,1.62,4.45
2024-08-20,Uniswap V3,Ethereum,6.9,USDC,104386354,17.62,0
2024-08-20,Uniswap V3,Ethereum,6.67,USDT,103235331,18.32,0
2024-08-20,Uniswap V3,Ethereum,6.78,DAI,94838797,22.55,0
2024-08-20,Uniswap V3,Arbitrum,6.95,USDC,97379116,2.7,6.06
2024-08-20,Uniswap V3,Arbitrum,7.81,DAI,95361348,2.23,4.89
2024-08-20,Uniswap V3,Optimism,8.84,USDC,106417997,2.14,4.4
2024-08-20,Uniswap V3,Optimism,7.59,USDT,97172097,1.95,2.9
2024-08-20,Uniswap V3,Optimism,7.2,DAI,96890639,1.73,3.71
2024-08-20,Uniswap V3,Polygon,7.59,USDC,98858346,0.96,2.99
2024-08-20,Uniswap V3,Polygon,9.16,USDT,94914319,0.83,3.33
2024-08-20,Uniswap V3,Polygon,7.97,DAI,99621579,0.88,2.89
2024-08-20,Uniswap V3,Base,8.29,USDC,98120129,1.34,4.94
2024-08-20,Uniswap V3,Base,9.89,USDT,88132436,1.63,3.9
2024-08-20,Uniswap V3,Base,8.16,DAI,97346112,1.2,4.68
2024-08-20,Yearn,Ethereum,3.51,USDC,126213652,15.24,0
2024-08-20,Yearn,Ethereum,4.38,USDT,127207005,21.35,0
2024-08-20,Yearn,Ethereum,4.07,DAI,116225796,16.61,0
2024-08-20,Yearn,Arbitrum,5.17,USDT,117727702,1.93,5.26
2024-08-20,Yearn,Arbitrum,5.94,DAI,132446782,2.54,5.22
2024-08-20,Yearn,Optimism,5.44,USDC,122937771,2.29,2.77
2024-08-20,Yearn,Optimism,5.13,DAI,123051349,1.91,3.89
2024-08-20,Yearn,Polygon,5.84,USDC,122101647,0.85,2.09
2024-08-20,Yearn,Polygon,5.3,USDT,124003525,1.04,3.05
2024-08-20,Yearn,Polygon,5.37,DAI,114205779,0.98,2.99
2024-08-20,Yearn,Base,5.88,USDC,120894627,1.3,4.73
2024-08-20,Yearn,Base,5.71,USDT,115054245,1.63,3.12
2024-08-20,Yearn,Base,5.67,DAI,111282433,1.64,4.74
2024-08-20,Pendle,Ethereum,8.32,USDC,81500201,18.58,0
2024-08-20,Pendle,Ethereum,6.78,USDT,78260307,15.94,0
2024-08-20,Pendle,Arbitrum,10.65,USDT,77938872,2.78,5.05
2024-08-20,Pendle,Arbitrum,11.7,DAI,75907087,3.02,3.08
2024-08-20,Pendle,Optimism,10.17,USDC,77551004,1.39,4.68
2024-08-20,Pendle,Optimism,10.52,USDT,84039648,1.62,3.19
2024-08-20,Pendle,Optimism,9.81,DAI,74385315,1.77,4.31
2024-08-20,Pendle,Base,9.99,USDC,78545684,1.32,4.59
2024-08-20,Pendle,Base,11.84,USDT,74386111,1.71,2.74
2024-08-20,Pendle,Base,10.37,DAI,75285065,1.06,4.33
2024-08-20,Convex,Ethereum,4.42,USDC,145416771,13.4,0
2024-08-20,Convex,Ethereum,5.85,USDT,163444535,15.66,0
2024-08-20,Balancer,Ethereum,5.88,USDC,109619714,16.94,0
2024-08-20,Balancer,Ethereum,5.0,USDT,110650664,19.57,0
2024-08-20,Balancer,Ethereum,6.76,DAI,112116429,20.35,0
2024-08-20,Balancer,Arbitrum,7.66,USDC,114815151,2.68,4.69
2024-08-20,Balancer,Arbitrum,8.21,USDT,115809325,2.52,3.68
2024-08-20,Balancer,Arbitrum,6.75,DAI,107713853,2.76,6.06
2024-08-20,Balancer,Optimism,7.55,USDC,105379477,2.55,4.39
2024-08-20,Balancer,Optimism,6.96,USDT,122728230,1.81,3.43
2024-08-20,Balancer,Optimism,6.46,DAI,114238732,1.98,4.42
2024-08-20,Balancer,Polygon,7.37,USDC,116166149,0.74,3.44
2024-08-20,Balancer,Polygon,7.87,USDT,113358796,0.82,2.67
2024-08-20,Balancer,Polygon,9.57,DAI,110832851,1.2,2.83
2024-08-20,Balancer,Base,7.12,USDC,111179332,1.5,4.93
2024-08-20,Balancer,Base,7.58,USDT,112037395,1.31,3.31
2024-08-20,Balancer,Base,7.53,DAI,113558700,1.67,5.93
2024-08-21,Aave,Ethereum,3.95,USDC,246412050,20.18,0
2024-08-21,Aave,Ethereum,3.31,USDT,234500536,19.26,0
2024-08-21,Aave,Ethereum,3.99,DAI,265456056,21.35,0
2024-08-21,Aave,Arbitrum,4.43,USDC,247577955,2.6,2.84
2024-08-21,Aave,Arbitrum,4.41,USDT,263360269,2.04,4.55
2024-08-21,Aave,Arbitrum,3.88,DAI,243680535,2.28,6.43
2024-08-21,Aave,Optimism,2.72,USDT,270892045,2.0,4.54
2024-08-21,Aave,Optimism,4.31,DAI,249437700,1.55,3.91
2024-08-21,Aave,Polygon,5.07,USDC,248554483,0.92,3.08
2024-08-21,Aave,Polygon,4.52,USDT,254893869,1.23,3.46
2024-08-21,Aave,Polygon,5.08,DAI,266358926,1.08,2.8
2024-08-21,Aave,Base,3.09,USDC,258901781,1.06,4.5
2024-08-21,Aave,Base,5.21,USDT,266769607,1.79,3.42
2024-08-21,Aave,Base,4.06,DAI,263866052,1.75,6.03
2024-08-21,Compound,Ethereum,3.07,USDC,193836441,16.08,0
2024-08-21,Compound,Ethereum,3.61,USDT,196597514,17.7,0
2024-08-21,Compound,Ethereum,3.53,DAI,182601047,17.43,0
2024-08-21,Compound,Arbitrum,4.13,USDC,182197677,2.25,4.34
2024-08-21,Compound,Arbitrum,4.6,USDT,169885100,2.82,5.61
2024-08-21,Compound,Arbitrum,4.14,DAI,188667658,2.37,5.23
2024-08-21,Compound,Optimism,3.63,USDC,186710603,2.05,3.45
2024-08-21,Compound,Optimism,4.33,USDT,184505718,1.45,4.06
2024-08-21,Compound,Optimism,3.46,DAI,186473764,2.29,3.78
2024-08-21,Compound,Polygon,4.98,USDT,200246301,0.82,3.17
2024-08-21,Compound,Polygon,4.34,DAI,191988217,1.03,2.91
2024-08-21,Compound,Base,3.71,USDC,189130293,1.47,3.66
2024-08-21,Compound,Base,4.08,USDT,169104958,0.95,4.05
2024-08-21,Compound,Base,3.8,DAI,191713741,1.85,4.9
2024-08-21,Curve,Ethereum,6.66,USDC,330924354,15.43,0
2024-08-21,Curve,Ethereum,5.7,USDT,322671054,16.89,0
2024-08-21,Curve,Ethereum,5.43,DAI,315336698,15.81,0
2024-08-21,Curve,Arbitrum,7.22,USDC,329287492,2.08,4.89
2024-08-21,Curve,Arbitrum,6.96,USDT,332088231,2.03,5.65
2024-08-21,Curve,Arbitrum,7.3,DAI,296057894,3.05,6.03
2024-08-21,Curve,Optimism,5.73,USDC,359173219,1.84,3.58
2024-08-21,Curve,Optimism,7.23,USDT,326604999,1.62,4.23
2024-08-21,Curve,Optimism,7.56,DAI,335399449,1.76,3.8
2024-08-21,Curve,Polygon,7.91,USDC,323369495,0.9,2.38
2024-08-21,Curve,Polygon,6.92,USDT,319885020,0.81,4.94
2024-08-21,Curve,Polygon,7.96,DAI,307371467,0.93,3.38
2024-08-21,Curve,Base,8.43,USDC,327532385,1.4,3.1
2024-08-21,Curve,Base,7.29,USDT,371375357,1.43,2.34
2024-08-21,Curve,Base,6.32,DAI,331993190,1.66,3.37
2024-08-21,Uniswap V3,Ethereum,6.34,DAI,92768614,15.96,0
2024-08-21,Uniswap V3,Arbitrum,7.49,USDC,90534563,2.68,3.69
2024-08-21,Uniswap V3,Arbitrum,6.94,USDT,98725070,2.64,4.41
2024-08-21,Uniswap V3,Arbitrum,8.36,DAI,98260837,2.82,5.0
2024-08-21,Uniswap V3,Optimism,7.12,USDC,103109373,1.73,3.28
2024-08-21,Uniswap V3,Optimism,6.63,USDT,94982970,1.82,4.24
2024-08-21,Uniswap V3,Optimism,8.06,DAI,89843134,1.21,3.51
2024-08-21,Uniswap V3,Polygon,8.34,USDC,95472985,1.15,2.43
2024-08-21,Uniswap V3,Polygon,8.64,USDT,99463730,0.94,3.65
2024-08-21,Uniswap V3,Polygon,8.05,DAI,99055684,0.77,2.74
2024-08-21,Uniswap V3,Base,6.51,USDC,97105159,1.62,5.51
2024-08-21,Uniswap V3,Base,6.81,USDT,99810468,1.55,5.38
2024-08-21,Uniswap V3,Base,6.72,DAI,100590101,1.13,4.11
2024-08-21,Yearn,Ethereum,4.45,USDC,127075773,23.05,0
2024-08-21,Yearn,Ethereum,4.7,USDT,111286167,17.33,0
2024-08-21,Yearn,Ethereum,4.24,DAI,109678851,17.12,0
2024-08-21,Yearn,Arbitrum,4.38,USDC,119816747,2.16,6.52
2024-08-21,Yearn,Arbitrum,6.07,USDT,124979860,2.98,5.55
2024-08-21,Yearn,Arbitrum,5.66,DAI,111916628,2.82,5.65
2024-08-21,Yearn,Optimism,4.14,USDC,113476132,2.12,3.42
2024-08-21,Yearn,Optimism,5.56,USDT,121314562,2.29,5.43
2024-08-21,Yearn,Optimism,4.65,DAI,117861527,1.95,4.88
2024-08-21,Yearn,Polygon,5.0,USDC,124490364,0.92,2.98
2024-08-21,Yearn,Base,6.29,USDC,108103806,1.24,5.21
2024-08-21,Yearn,Base,5.04,USDT,117864633,1.17,4.51
2024-08-21,Yearn,Base,6.71,DAI,119959132,1.5,2.96
2024-08-21,Pendle,Ethereum,8.39,USDC,78042216,18.24,0
2024-08-21,Pendle,Ethereum,9.9,USDT,77619587,17.61,0
2024-08-21,Pendle,Ethereum,8.03,DAI,73135045,17.57,0
2024-08-21,Pendle,Arbitrum,10.81,USDC,78957491,1.67,5.25
2024-08-21,Pendle,Arbitrum,9.79,USDT,80253043,1.45,4.12
2024-08-21,Pendle,Arbitrum,11.54,DAI,72446892,2.36,4.01
2024-08-21,Pendle,Optimism,10.3,USDC,74517392,1.38,3.54
2024-08-21,Pendle,Optimism,9.6,USDT,85768240,1.36,4.44
2024-08-21,Pendle,Optimism,9.19,DAI,83562932,2.17,3.6
2024-08-21,Pendle,Base,10.64,USDC,80934407,1.26,3.9
2024-08-21,Pendle,Base,10.68,USDT,77318506,1.42,3.45
2024-08-21,Pendle,Base,10.1,DAI,76129979,1.76,4.63
2024-08-21,Convex,Ethereum,5.14,USDC,142864667,16.38,0
2024-08-21,Convex,Ethereum,4.36,USDT,152523030,16.91,0
2024-08-21,Convex,Ethereum,5.12,DAI,148778633,21.56,0
2024-08-21,Balancer,Ethereum,5.8,USDC,112065233,20.41,0
2024-08-21,Balancer,Ethereum,6.48,USDT,114883808,18.42,0
2024-08-21,Balancer,Ethereum,6.76,DAI,110436798,18.58,0
2024-08-21,Balancer,Arbitrum,6.01,USDC,114387661,2.1,5.78
2024-08-21,Balancer,Arbitrum,8.34,DAI,108731816,1.99,5.4
2024-08-21,Balancer,Optimism,7.3,USDC,107806693,1.57,3.88
2024-08-21,Balancer,Optimism,7.59,USDT,108040052,1.41,4.02
2024-08-21,Balancer,Optimism,7.84,DAI,121555998,1.63,5.17
2024-08-21,Balancer,Polygon,7.75,USDC,101034977,0.98,2.59
2024-08-21,Balancer,Polygon,7.18,USDT,104316693,0.94,2.28
2024-08-21,Balancer,Polygon,7.42,DAI,107434366,1.07,2.43
2024-08-21,Balancer,Base,7.15,USDC,111130417,1.47,4.15
2024-08-21,Balancer,Base,7.33,USDT,106082296,1.21,3.25
2024-08-21,Balancer,Base,7.21,DAI,103203705,1.18,4.24
2024-08-22,Aave,Ethereum,3.61,USDC,250196360,19.32,0
2024-08-22,Aave,Ethereum,3.78,USDT,241843984,17.82,0
2024-08-22,Aave,Ethereum,2.84,DAI,248932289,19.28,0
2024-08-22,Aave,Arbitrum,4.55,USDC,255506304,2.6,5.35
2024-08-22,Aave,Arbitrum,3.39,USDT,239698497,2.44,4.27
2024-08-22,Aave,Arbitrum,4.61,DAI,264723178,2.99,3.95
2024-08-22,Aave,Optimism,2.82,USDC,240359813,2.27,3.75
2024-08-22,Aave,Optimism,4.39,USDT,257112189,1.9,4.11
2024-08-22,Aave,Optimism,3.25,DAI,269270477,1.39,2.74
2024-08-22,Aave,Polygon,4.44,USDC,277528720,0.82,3.08
2024-08-22,Aave,Polygon,4.64,USDT,238859008,0.93,2.72
2024-08-22,Aave,Polygon,4.73,DAI,234297977,0.99,2.33
2024-08-22,Aave,Base,4.71,USDC,254912797,1.32,4.87
2024-08-22,Aave,Base,4.91,USDT,259683169,1.15,3.88
2024-08-22,Aave,Base,3.96,DAI,259485781,1.45,2.34
2024-08-22,Compound,Ethereum,2.95,USDC,177642558,12.77,0
2024-08-22,Compound,Ethereum,3.11,DAI,190787659,14.51,0
2024-08-22,Compound,Arbitrum,3.51,USDC,197402341,1.83,5.13
2024-08-22,Compound,Arbitrum,4.14,USDT,178694987,2.42,6.1
2024-08-22,Compound,Arbitrum,3.88,DAI,189839651,2.22,5.5
2024-08-22,Compound,Optimism,3.29,USDC,181005549,1.36,4.35
2024-08-22,Compound,Optimism,3.93,DAI,175328630,1.78,3.32
2024-08-22,Compound,Polygon,4.29,USDC,176336692,1.03,2.51
2024-08-22,Compound,Polygon,4.55,DAI,186574905,0.78,3.35
2024-08-22,Compound,Base,4.39,USDC,185559666,1.95,4.32
2024-08-22,Compound,Base,4.44,USDT,180763892,1.54,4.28
2024-08-22,Compound,Base,4.12,DAI,183095913,1.72,3.17
2024-08-22,Curve,Ethereum,4.86,USDC,338490189,20.1,0
2024-08-22,Curve,Ethereum,6.18,USDT,293480675,18.41,0
2024-08-22,Curve,Ethereum,5.06,DAI,326973709,17.24,0
2024-08-22,Curve,Arbitrum,6.58,USDT,312074734,2.73,6.11
2024-08-22,Curve,Arbitrum,8.0,DAI,309699984,2.48,4.72
2024-08-22,Curve,Optimism,5.87,USDC,327903515,1.46,3.43
2024-08-22,Curve,Optimism,7.15,USDT,338393293,1.89,4.65
2024-08-22,Curve,Optimism,6.89,DAI,313739221,1.65,2.82
2024-08-22,Curve,Polygon,6.06,USDC,347752219,0.93,2.46
2024-08-22,Curve,Polygon,6.47,USDT,341705567,0.96,2.74
2024-08-22,Curve,Polygon,7.51,DAI,312886201,0.96,2.34
2024-08-22,Curve,Base,8.09,USDC,296244342,1.14,3.15
2024-08-22,Curve,Base,7.28,USDT,318125006,1.32,4.4
2024-08-22,Curve,Base,6.71,DAI,324929421,1.5,4.3
2024-08-22,Uniswap V3,Ethereum,7.43,USDC,94880184,14.45,0
2024-08-22,Uniswap V3,Ethereum,6.87,USDT,88304314,19.73,0
2024-08-22,Uniswap V3,Ethereum,4.85,DAI,88431927,14.01,0
2024-08-22,Uniswap V3,Arbitrum,7.39,USDC,92892237,2.17,5.3
2024-08-22,Uniswap V3,Arbitrum,7.36,DAI,95521081,1.99,3.71
2024-08-22,Uniswap V3,Optimism,7.58,USDC,92486507,1.66,3.8
2024-08-22,Uniswap V3,Optimism,9.68,USDT,88806669,2.09,3.01
2024-08-22,Uniswap V3,Optimism,6.17,DAI,94047393,2.2,4.39
2024-08-22,Uniswap V3,Polygon,8.74,USDC,98904270,1.05,3.55
2024-08-22,Uniswap V3,Polygon,8.89,USDT,99948574,0.93,2.0
2024-08-22,Uniswap V3,Polygon,9.18,DAI,96898479,0.98,3.23
2024-08-22,Uniswap V3,Base,6.74,USDC,87106737,1.35,1.91
2024-08-22,Uniswap V3,Base,6.92,DAI,102667690,1.37,2.48
2024-08-22,Yearn,Ethereum,5.25,USDC,128540915,16.72,0
2024-08-22,Yearn,Ethereum,4.12,USDT,121995646,17.06,0
2024-08-22,Yearn,Arbitrum,4.15,USDC,125743003,2.16,5.48
2024-08-22,Yearn,Arbitrum,5.19,USDT,125380744,2.19,5.32
2024-08-22,Yearn,Arbitrum,5.39,DAI,119051432,2.94,4.94
2024-08-22,Yearn,Optimism,6.45,USDC,130707399,1.38,4.19
2024-08-22,Yearn,Optimism,5.07,USDT,121834214,1.9,4.97
2024-08-22,Yearn,Optimism,5.51,DAI,111439156,1.83,3.74
2024-08-22,Yearn,Polygon,5.91,USDC,117230983,0.82,2.88
2024-08-22,Yearn,Polygon,4.97,USDT,128799206,0.82,2.0
2024-08-22,Yearn,Polygon,5.95,DAI,127382178,0.7,2.66
2024-08-22,Yearn,Base,6.0,USDC,124165181,1.51,4.2
2024-08-22,Yearn,Base,5.21,USDT,121526068,1.59,3.14
2024-08-22,Yearn,Base,5.0,DAI,123791892,1.19,3.65
2024-08-22,Pendle,Ethereum,7.91,USDC,77640883,22.78,0
2024-08-22,Pendle,Ethereum,7.58,USDT,75032622,18.77,0
2024-08-22,Pendle,Ethereum,8.63,DAI,71425016,18.8,0
2024-08-22,Pendle,Arbitrum,8.16,USDC,76677054,2.51,4.49
2024-08-22,Pendle,Arbitrum,9.99,DAI,78853139,2.37,7.02
2024-08-22,Pendle,Optimism,9.98,USDC,74082965,1.95,4.18
2024-08-22,Pendle,Optimism,7.49,USDT,82390426,1.66,4.79
2024-08-22,Pendle,Optimism,9.7,DAI,76849837,1.51,4.66
2024-08-22,Pendle,Base,8.52,USDC,76687723,1.66,4.8
2024-08-22,Pendle,Base,10.85,USDT,71283998,1.77,3.74
2024-08-22,Pendle,Base,10.6,DAI,76546114,1.24,4.56
2024-08-22,Convex,Ethereum,5.88,USDC,146971370,18.28,0
2024-08-22,Convex,Ethereum,5.0,USDT,143759376,10.49,0
2024-08-22,Convex,Ethereum,4.94,DAI,149803781,19.76,0
2024-08-22,Balancer,Ethereum,5.21,DAI,113347504,16.82,0
2024-08-22,Balancer,Arbitrum,6.76,USDC,117189017,3.04,5.65
2024-08-22,Balancer,Arbitrum,5.81,USDT,114608201,2.76,4.93
2024-08-22,Balancer,Arbitrum,6.35,DAI,115463309,1.96,6.59
2024-08-22,Balancer,Optimism,7.22,USDC,116268518,1.56,4.89
2024-08-22,Balancer,Optimism,7.54,USDT,107103733,1.87,4.91
2024-08-22,Balancer,Optimism,7.47,DAI,113861940,1.96,3.47
2024-08-22,Balancer,Polygon,8.24,USDC,114203762,0.99,1.84
2024-08-22,Balancer,Polygon,7.45,USDT,98002410,0.85,3.04
2024-08-22,Balancer,Polygon,7.43,DAI,99606038,0.86,3.33
2024-08-22,Balancer,Base,8.82,USDC,111379410,1.32,3.69
2024-08-22,Balancer,Base,7.75,USDT,98372539,1.19,5.07
2024-08-22,Balancer,Base,7.02,DAI,117389550,1.62,3.28
2024-08-23,Aave,Ethereum,3.93,USDT,225560513,16.92,0
2024-08-23,Aave,Ethereum,3.45,DAI,261640822,17.36,0
2024-08-23,Aave,Arbitrum,4.81,USDC,228106618,2.39,5.57
2024-08-23,Aave,Arbitrum,3.93,USDT,253054384,2.8,6.7
2024-08-23,Aave,Arbitrum,3.7,DAI,228113053,2.33,4.47
2024-08-23,Aave,Optimism,4.3,DAI,258838092,1.29,4.24
2024-08-23,Aave,Polygon,4.42,USDC,244589516,0.84,3.51
2024-08-23,Aave,Polygon,3.5,DAI,252752522,0.84,3.3
2024-08-23,Aave,Base,2.98,USDC,244136228,1.53,4.41
2024-08-23,Aave,Base,3.88,USDT,255153297,1.26,4.55
2024-08-23,Compound,Ethereum,3.41,USDC,195288144,16.24,0
2024-08-23,Compound,Ethereum,2.76,DAI,171681253,17.88,0
2024-08-23,Compound,Arbitrum,3.28,USDC,172159370,2.87,4.07
2024-08-23,Compound,Arbitrum,3.76,USDT,176520623,2.38,6.16
2024-08-23,Compound,Arbitrum,4.04,DAI,181229009,3.04,5.74
2024-08-23,Compound,Optimism,3.87,USDC,187584799,1.29,4.23
2024-08-23,Compound,Optimism,3.99,USDT,182124053,1.85,3.69
2024-08-23,Compound,Polygon,4.13,USDC,187209991,1.3,2.28
2024-08-23,Compound,Polygon,4.16,USDT,185141846,1.06,3.95
2024-08-23,Compound,Polygon,4.63,DAI,181416703,0.96,2.91
2024-08-23,Compound,Base,3.99,USDC,176707105,1.86,4.97
2024-08-23,Compound,Base,3.03,USDT,178951793,1.57,3.78
2024-08-23,Compound,Base,3.32,DAI,184340175,1.55,3.05
2024-08-23,Curve,Ethereum,6.87,USDC,298682630,20.93,0
2024-08-23,Curve,Ethereum,6.34,USDT,291171363,15.0,0
2024-08-23,Curve,Ethereum,5.87,DAI,329831924,17.01,0
2024-08-23,Curve,Arbitrum,6.93,USDC,322547691,2.38,6.23
2024-08-23,Curve,Arbitrum,7.23,USDT,303541161,2.64,3.53
2024-08-23,Curve,Arbitrum,8.52,DAI,306284832,2.44,3.2
2024-08-23,Curve,Optimism,7.05,USDC,344307829,1.88,5.13
2024-08-23,Curve,Optimism,5.29,USDT,305217565,1.58,4.58
2024-08-23,Curve,Optimism,7.44,DAI,314829342,1.92,4.24
2024-08-23,Curve,Polygon,9.28,USDC,315436647,0.73,3.33
2024-08-23,Curve,Polygon,6.26,USDT,349197790,0.95,3.24
2024-08-23,Curve,Polygon,6.46,DAI,356110545,0.97,3.41
2024-08-23,Curve,Base,6.0,USDC,309450909,1.35,4.02
2024-08-23,Curve,Base,6.45,USDT,327219794,1.54,2.14
2024-08-23,Curve,Base,7.87,DAI,343935457,1.67,2.84
2024-08-23,Uniswap V3,Ethereum,6.06,USDC,98717967,19.44,0
2024-08-23,Uniswap V3,Ethereum,5.41,USDT,94440536,19.05,0
2024-08-23,Uniswap V3,Ethereum,6.72,DAI,96011909,20.46,0
2024-08-23,Uniswap V3,Arbitrum,7.24,USDC,87689528,1.91,5.04
2024-08-23,Uniswap V3,Arbitrum,6.92,USDT,89337939,2.3,3.78
2024-08-23,Uniswap V3,Arbitrum,7.77,DAI,95447069,2.39,3.6
2024-08-23,Uniswap V3,Optimism,7.46,USDC,91334513,2.04,3.61
2024-08-23,Uniswap V3,Optimism,5.35,USDT,95844322,1.91,3.64
2024-08-23,Uniswap V3,Optimism,8.3,DAI,89402148,1.97,3.76
2024-08-23,Uniswap V3,Polygon,7.46,USDC,93103724,0.98,2.65
2024-08-23,Uniswap V3,Polygon,6.39,USDT,98610860,1.13,3.64
2024-08-23,Uniswap V3,Base,7.33,USDT,91330124,1.51,4.4
2024-08-23,Uniswap V3,Base,7.38,DAI,93584951,1.42,4.96
2024-08-23,Yearn,Ethereum,3.85,USDC,123153406,14.4,0
2024-08-23,Yearn,Ethereum,4.28,USDT,131064852,17.91,0
2024-08-23,Yearn,Ethereum,4.03,DAI,119639292,16.85,0
2024-08-23,Yearn,Arbitrum,5.05,DAI,114778960,1.71,4.62
2024-08-23,Yearn,Optimism,5.02,USDC,116381384,1.79,3.15
2024-08-23,Yearn,Optimism,4.98,USDT,120111866,1.63,3.76
2024-08-23,Yearn,Optimism,5.43,DAI,121713906,2.17,3.99
2024-08-23,Yearn,Polygon,6.42,USDC,121616195,0.89,3.37
2024-08-23,Yearn,Polygon,5.26,USDT,119878510,1.03,3.43
2024-08-23,Yearn,Polygon,5.82,DAI,120568756,0.81,2.95
2024-08-23,Yearn,Base,4.84,USDC,123451540,1.79,4.48
2024-08-23,Yearn,Base,4.53,USDT,125641238,1.32,3.58
2024-08-23,Yearn,Base,3.68,DAI,122618649,1.56,2.44
2024-08-23,Pendle,Ethereum,8.69,USDC,74701324,23.49,0
2024-08-23,Pendle,Ethereum,8.42,USDT,71994715,13.2,0
2024-08-23,Pendle,Ethereum,8.77,DAI,79988665,17.43,0
2024-08-23,Pendle,Arbitrum,9.5,USDC,77288744,2.32,2.25
2024-08-23,Pendle,Arbitrum,10.18,DAI,76719977,2.81,2.94
2024-08-23,Pendle,Optimism,7.74,USDC,80905180,1.38,4.08
2024-08-23,Pendle,Optimism,8.16,USDT,78722492,1.94,3.81
2024-08-23,Pendle,Optimism,8.6,DAI,78847696,1.93,4.98
2024-08-23,Pendle,Base,9.64,USDC,72552828,1.46,2.99
2024-08-23,Pendle,Base,9.59,USDT,79882387,1.17,3.23
2024-08-23,Pendle,Base,8.74,DAI,76021762,1.28,2.67
2024-08-23,Convex,Ethereum,5.04,USDC,157152304,15.31,0
2024-08-23,Convex,Ethereum,5.6,USDT,156233385,13.12,0
2024-08-23,Convex,Ethereum,4.35,DAI,156876839,19.26,0
2024-08-23,Balancer,Ethereum,5.93,USDC,103459106,15.9,0
2024-08-23,Balancer,Ethereum,5.83,USDT,118330706,20.18,0
2024-08-23,Balancer,Ethereum,5.73,DAI,109951445,19.81,0
2024-08-23,Balancer,Arbitrum,5.23,USDC,110860691,2.56,4.42
2024-08-23,Balancer,Arbitrum,7.42,USDT,106058295,1.9,5.29
2024-08-23,Balancer,Arbitrum,6.12,DAI,105867789,2.73,5.68
2024-08-23,Balancer,Optimism,5.9,USDC,120857191,1.82,4.24
2024-08-23,Balancer,Optimism,6.49,USDT,109460925,2.01,3.08
2024-08-23,Balancer,Polygon,7.59,USDC,110018926,1.22,2.13
2024-08-23,Balancer,Polygon,9.49,DAI,105417029,0.86,2.14
2024-08-23,Balancer,Base,7.16,USDC,105029189,1.05,5.66
2024-08-23,Balancer,Base,7.88,USDT,112711305,1.02,3.99
2024-08-23,Balancer,Base,6.71,DAI,102214578,1.41,3.11
2024-08-24,Aave,Ethereum,3.07,USDC,246420935,14.33,0
2024-08-24,Aave,Ethereum,3.08,USDT,244060949,8.72,0
2024-08-24,Aave,Ethereum,3.52,DAI,247921484,14.92,0
2024-08-24,Aave,Arbitrum,4.09,USDC,253715275,1.91,2.89
2024-08-24,Aave,Arbitrum,4.85,USDT,242546723,1.31,4.24
2024-08-24,Aave,Optimism,3.38,USDC,252119588,0.96,3.99
2024-08-24,Aave,Optimism,3.93,USDT,250846179,0.85,3.56
2024-08-24,Aave,Optimism,3.56,DAI,272364796,1.12,4.43
2024-08-24,Aave,Polygon,3.24,USDC,268229399,0.76,3.38
2024-08-24,Aave,Polygon,4.47,USDT,271687655,0.76,3.45
2024-08-24,Aave,Polygon,4.39,DAI,244952440,0.64,2.31
2024-08-24,Aave,Base,2.84,USDC,270451571,0.96,4.32
2024-08-24,Aave,Base,3.71,USDT,227912507,1.16,3.25
2024-08-24,Aave,Base,3.36,DAI,266820030,0.88,3.6
2024-08-24,Compound,Ethereum,3.62,USDC,167767057,10.98,0
2024-08-24,Compound,Ethereum,3.23,USDT,189362639,11.9,0
2024-08-24,Compound,Ethereum,3.3,DAI,200716517,12.0,0
2024-08-24,Compound,Arbitrum,4.14,USDC,196983106,1.64,5.39
2024-08-24,Compound,Arbitrum,3.39,USDT,188046356,1.51,4.52
2024-08-24,Compound,Arbitrum,3.4,DAI,198337682,1.58,5.33
2024-08-24,Compound,Optimism,4.27,USDC,178568596,0.97,3.82
2024-08-24,Compound,Optimism,3.66,USDT,195118768,1.29,3.41
2024-08-24,Compound,Optimism,3.72,DAI,172798644,1.32,3.11
2024-08-24,Compound,Polygon,4.37,USDC,181520305,0.62,3.48
2024-08-24,Compound,Polygon,4.4,USDT,182878164,0.73,2.44
2024-08-24,Compound,Polygon,3.8,DAI,164377407,0.72,4.49
2024-08-24,Compound,Base,3.78,USDC,181187027,1.06,3.05
2024-08-24,Compound,Base,4.05,USDT,175397325,0.86,2.64
2024-08-24,Compound,Base,3.73,DAI,175731398,0.91,4.27
2024-08-24,Curve,Ethereum,4.82,USDC,327427235,14.9,0
2024-08-24,Curve,Ethereum,5.82,USDT,321145518,13.78,0
2024-08-24,Curve,Ethereum,4.54,DAI,322233804,10.76,0
2024-08-24,Curve,Arbitrum,5.34,USDC,331990017,1.62,5.54
2024-08-24,Curve,Arbitrum,7.8,USDT,336064206,1.5,7.25
2024-08-24,Curve,Optimism,7.62,USDC,328800469,1.2,3.28
2024-08-24,Curve,Optimism,7.56,USDT,327418227,1.3,4.24
2024-08-24,Curve,Polygon,5.43,USDC,301813343,0.49,2.96
2024-08-24,Curve,Polygon,7.14,USDT,324560003,0.72,3.47
2024-08-24,Curve,Polygon,6.54,DAI,316126733,0.49,2.51
2024-08-24,Curve,Base,3.83,USDT,328128647,0.96,1.86
2024-08-24,Curve,Base,5.61,DAI,315564068,0.86,3.84
2024-08-24,Uniswap V3,Ethereum,6.12,USDT,96899784,13.56,0
2024-08-24,Uniswap V3,Ethereum,6.1,DAI,95728218,13.1,0
2024-08-24,Uniswap V3,Arbitrum,9.84,USDC,95379698,1.83,5.43
2024-08-24,Uniswap V3,Arbitrum,6.92,USDT,92157999,1.54,6.12
2024-08-24,Uniswap V3,Arbitrum,8.03,DAI,96834546,1.35,6.78
2024-08-24,Uniswap V3,Optimism,6.94,USDC,94982763,1.08,4.13
2024-08-24,Uniswap V3,Optimism,8.39,USDT,98746237,1.12,3.85
2024-08-24,Uniswap V3,Optimism,4.76,DAI,88188856,1.23,3.59
2024-08-24,Uniswap V3,Polygon,7.63,USDC,96286376,0.68,3.95
2024-08-24,Uniswap V3,Polygon,8.29,USDT,102208255,0.66,3.37
2024-08-24,Uniswap V3,Polygon,9.48,DAI,102329799,0.68,2.83
2024-08-24,Uniswap V3,Base,7.63,USDC,92370237,0.75,4.42
2024-08-24,Uniswap V3,Base,8.53,USDT,104819017,1.16,4.71
2024-08-24,Uniswap V3,Base,7.73,DAI,98318282,0.81,2.74
2024-08-24,Yearn,Ethereum,4.55,USDC,121348802,11.47,0
2024-08-24,Yearn,Ethereum,4.8,DAI,118333831,12.51,0
2024-08-24,Yearn,Arbitrum,4.82,USDC,124028700,1.58,4.82
2024-08-24,Yearn,Arbitrum,4.91,USDT,131221936,1.22,4.79
2024-08-24,Yearn,Arbitrum,5.04,DAI,118164521,1.42,5.85
2024-08-24,Yearn,Optimism,5.58,USDC,117008258,1.15,2.35
2024-08-24,Yearn,Optimism,5.54,USDT,122643253,1.15,3.47
2024-08-24,Yearn,Optimism,4.34,DAI,128272856,1.24,4.37
2024-08-24,Yearn,Polygon,5.32,USDC,127619108,0.77,2.22
2024-08-24,Yearn,Polygon,6.06,USDT,132105609,0.59,3.67
2024-08-24,Yearn,Polygon,4.99,DAI,125756336,0.53,2.65
2024-08-24,Yearn,Base,5.4,USDC,119734858,1.1,4.26
2024-08-24,Yearn,Base,4.06,USDT,116727674,1.15,2.81
2024-08-24,Yearn,Base,5.14,DAI,135067930,1.01,3.79
2024-08-24,Pendle,Ethereum,6.94,USDC,78296021,9.79,0
2024-08-24,Pendle,Ethereum,8.12,USDT,88194248,12.53,0
2024-08-24,Pendle,Arbitrum,8.88,USDT,79991634,1.78,4.88
2024-08-24,Pendle,Optimism,8.89,USDC,69663467,0.95,3.37
2024-08-24,Pendle,Optimism,8.52,USDT,78204936,1.24,4.46
2024-08-24,Pendle,Optimism,8.96,DAI,77880301,0.77,2.62
2024-08-24,Pendle,Base,7.45,USDC,73094512,0.95,4.07
2024-08-24,Pendle,Base,8.74,USDT,71218967,1.08,4.44
2024-08-24,Pendle,Base,10.96,DAI,78818232,1.09,3.46
2024-08-24,Convex,Ethereum,4.68,USDC,146574881,12.92,0
2024-08-24,Convex,Ethereum,5.21,USDT,152955776,10.08,0
2024-08-24,Convex,Ethereum,5.1,DAI,154606545,17.65,0
2024-08-24,Balancer,Ethereum,6.68,USDC,105099028,12.11,0
2024-08-24,Balancer,Ethereum,5.37,USDT,111056388,12.22,0
2024-08-24,Balancer,Ethereum,5.62,DAI,113940563,14.63,0
2024-08-24,Balancer,Arbitrum,8.06,USDC,110176139,1.62,6.78
2024-08-24,Balancer,Arbitrum,7.26,USDT,110982729,2.09,5.2
2024-08-24,Balancer,Arbitrum,7.0,DAI,109197475,2.11,6.53
2024-08-24,Balancer,Optimism,6.44,USDC,122433248,1.26,4.54
2024-08-24,Balancer,Optimism,7.55,USDT,109396676,1.11,3.72
2024-08-24,Balancer,Polygon,8.02,USDC,118647769,0.7,3.92
2024-08-24,Balancer,Polygon,8.08,USDT,111397151,0.66,3.29
2024-08-24,Balancer,Polygon,7.9,DAI,120296731,0.47,3.24
2024-08-24,Balancer,Base,7.99,USDC,113980487,0.79,5.08
2024-08-24,Balancer,Base,6.6,USDT,117884496,0.89,4.71
2024-08-24,Balancer,Base,6.31,DAI,110530664,1.01,3.03
2024-08-25,Aave,Ethereum,3.57,USDC,258573273,9.48,0
2024-08-25,Aave,Ethereum,3.32,DAI,259010387,11.36,0
2024-08-25,Aave,Arbitrum,3.15,USDC,272867000,1.4,4.67
2024-08-25,Aave,Arbitrum,3.67,USDT,251932404,1.17,6.42
2024-08-25,Aave,Arbitrum,4.26,DAI,255134660,1.53,4.35
2024-08-25,Aave,Optimism,4.01,USDC,258668944,1.0,3.39
2024-08-25,Aave,Optimism,4.46,USDT,246596361,0.93,4.51
2024-08-25,Aave,Optimism,3.8,DAI,260711384,1.21,3.5
2024-08-25,Aave,Polygon,4.1,USDC,262208021,0.73,2.9
2024-08-25,Aave,Polygon,4.78,USDT,258577121,0.45,3.82
2024-08-25,Aave,Polygon,3.61,DAI,264156460,0.68,2.89
2024-08-25,Aave,Base,4.29,USDC,258068718,0.76,3.03
2024-08-25,Aave,Base,4.36,USDT,252639451,0.7,3.05
2024-08-25,Aave,Base,3.99,DAI,266345903,0.98,4.24
2024-08-25,Compound,Ethereum,3.31,USDC,192708088,7.28,0
2024-08-25,Compound,Ethereum,3.08,USDT,204934320,12.22,0
2024-08-25,Compound,Ethereum,3.54,DAI,189203193,10.64,0
2024-08-25,Compound,Arbitrum,4.38,USDC,193358731,1.54,5.41
2024-08-25,Compound,Arbitrum,2.85,USDT,185076363,1.88,4.84
2024-08-25,Compound,Arbitrum,3.79,DAI,165118272,1.49,5.63
2024-08-25,Compound,Optimism,2.93,USDC,173791245,1.31,3.89
2024-08-25,Compound,Optimism,3.29,USDT,187474709,1.14,3.7
2024-08-25,Compound,Optimism,3.68,DAI,169505105,0.78,4.58
2024-08-25,Compound,Polygon,3.38,USDC,186622835,0.57,2.82
2024-08-25,Compound,Polygon,4.43,USDT,173141842,0.5,2.72
2024-08-25,Compound,Polygon,4.16,DAI,190273451,0.66,2.5
2024-08-25,Compound,Base,3.13,USDC,195766238,1.14,2.26
2024-08-25,Compound,Base,3.88,DAI,185598406,1.07,4.08
2024-08-25,Curve,Ethereum,4.51,USDC,324629026,13.33,0
2024-08-25,Curve,Ethereum,6.33,USDT,356033038,11.61,0
2024-08-25,Curve,Ethereum,5.1,DAI,313812998,13.55,0
2024-08-25,Curve,Arbitrum,6.03,USDT,337040205,1.9,6.28
2024-08-25,Curve,Arbitrum,8.98,DAI,311433006,1.34,3.33
2024-08-25,Curve,Optimism,6.51,USDC,322642159,1.05,4.3
2024-08-25,Curve,Optimism,6.24,USDT,341233532,1.13,5.47
2024-08-25,Curve,Optimism,6.38,DAI,305706169,1.25,4.8
2024-08-25,Curve,Polygon,7.15,USDC,339378981,0.63,3.87
2024-08-25,Curve,Polygon,6.81,USDT,331061186,0.58,4.24
2024-08-25,Curve,Polygon,6.92,DAI,321215172,0.64,2.94
2024-08-25,Curve,Base,7.27,USDC,315406543,1.1,3.0
2024-08-25,Curve,Base,6.75,USDT,362960375,1.04,4.47
2024-08-25,Curve,Base,6.19,DAI,340360134,1.05,6.19
2024-08-25,Uniswap V3,Ethereum,6.03,USDC,104164669,9.06,0
2024-08-25,Uniswap V3,Ethereum,6.74,USDT,98464998,12.82,0
2024-08-25,Uniswap V3,Ethereum,6.26,DAI,99520226,13.36,0
2024-08-25,Uniswap V3,Arbitrum,7.4,USDC,95696356,1.88,4.13
2024-08-25,Uniswap V3,Arbitrum,7.64,DAI,95203912,1.88,4.98
2024-08-25,Uniswap V3,Optimism,6.41,USDC,94859875,1.17,3.9
2024-08-25,Uniswap V3,Optimism,7.03,USDT,94439895,1.44,3.91
2024-08-25,Uniswap V3,Optimism,5.38,DAI,102801341,1.21,4.51
2024-08-25,Uniswap V3,Polygon,6.52,USDC,101848494,0.63,2.93
2024-08-25,Uniswap V3,Polygon,8.57,DAI,94957204,0.62,3.03
2024-08-25,Uniswap V3,Base,9.07,DAI,97732351,1.07,4.84
2024-08-25,Yearn,Ethereum,4.38,USDC,128267871,13.97,0
2024-08-25,Yearn,Arbitrum,5.3,USDC,125788050,1.48,4.94
2024-08-25,Yearn,Arbitrum,6.08,USDT,113964348,1.43,5.69
2024-08-25,Yearn,Arbitrum,5.48,DAI,123043185,1.48,4.54
2024-08-25,Yearn,Optimism,6.81,USDC,120984181,1.21,3.76
2024-08-25,Yearn,Optimism,4.76,DAI,119564144,0.66,4.16
2024-08-25,Yearn,Polygon,6.47,USDT,138142067,0.58,3.57
2024-08-25,Yearn,Polygon,5.46,DAI,121461989,0.71,3.03
2024-08-25,Yearn,Base,5.35,USDC,131250816,1.03,3.98
2024-08-25,Yearn,Base,4.63,USDT,129339824,1.48,3.12
2024-08-25,Pendle,Ethereum,8.11,USDC,81141178,14.14,0
2024-08-25,Pendle,Ethereum,9.02,USDT,75142385,12.52,0
2024-08-25,Pendle,Ethereum,5.73,DAI,79751308,11.88,0
2024-08-25,Pendle,Arbitrum,10.75,USDC,73076153,1.89,2.1
2024-08-25,Pendle,Arbitrum,9.97,USDT,76434354,1.92,5.04
2024-08-25,Pendle,Optimism,7.92,USDC,76586983,1.29,4.17
2024-08-25,Pendle,Optimism,10.7,USDT,73381546,1.07,2.56
2024-08-25,Pendle,Optimism,9.74,DAI,76868951,1.17,4.25
2024-08-25,Pendle,Base,9.83,USDC,80047339,0.82,5.13
2024-08-25,Pendle,Base,8.24,USDT,83408910,1.08,3.58
2024-08-25,Pendle,Base,9.21,DAI,82047043,0.82,3.56
2024-08-25,Convex,Ethereum,5.95,USDC,165372378,11.37,0
2024-08-25,Convex,Ethereum,5.43,USDT,143701297,11.1,0
2024-08-25,Convex,Ethereum,5.08,DAI,159094140,12.67,0
2024-08-25,Balancer,Ethereum,6.0,USDC,106263327,10.78,0
2024-08-25,Balancer,Ethereum,6.67,USDT,112567318,11.98,0
2024-08-25,Balancer,Ethereum,5.88,DAI,117540847,10.85,0
2024-08-25,Balancer,Arbitrum,7.4,USDC,111234036,1.88,5.32
2024-08-25,Balancer,Arbitrum,5.71,USDT,115959701,1.83,3.32
2024-08-25,Balancer,Arbitrum,6.88,DAI,106869881,1.87,5.47
2024-08-25,Balancer,Optimism,6.74,USDC,105242261,1.73,4.47
2024-08-25,Balancer,Optimism,7.83,USDT,106649880,1.11,3.77
2024-08-25,Balancer,Optimism,7.61,DAI,102993066,1.18,4.31
2024-08-25,Balancer,Polygon,7.45,USDC,111727028,0.69,3.57
2024-08-25,Balancer,Polygon,6.68,DAI,118651186,0.54,2.22
2024-08-25,Balancer,Base,7.67,USDC,116139462,0.87,2.55
2024-08-25,Balancer,Base,5.83,USDT,112851301,0.9,2.51
2024-08-25,Balancer,Base,6.81,DAI,109664760,1.21,3.92
2024-08-26,Aave,Ethereum,3.59,USDC,255688587,19.5,0
2024-08-26,Aave,Ethereum,3.52,USDT,267455284,13.93,0
2024-08-26,Aave,Ethereum,3.8,DAI,275480992,14.14,0
2024-08-26,Aave,Arbitrum,3.64,USDC,262228085,2.23,4.3
2024-08-26,Aave,Arbitrum,3.66,DAI,264876867,2.51,3.92
2024-08-26,Aave,Optimism,3.2,USDC,285303171,1.47,4.04
2024-08-26,Aave,Optimism,3.53,USDT,246821151,2.27,3.83
2024-08-26,Aave,Optimism,4.02,DAI,261787050,1.95,4.25
2024-08-26,Aave,Polygon,4.42,USDC,245272965,0.76,2.25
2024-08-26,Aave,Polygon,4.22,USDT,264187818,1.08,3.57
2024-08-26,Aave,Polygon,3.9,DAI,262451229,0.99,3.15
2024-08-26,Aave,Base,3.66,USDC,241452656,1.6,3.72
2024-08-26,Aave,Base,4.06,USDT,239169917,1.57,2.94
2024-08-26,Aave,Base,4.32,DAI,257786179,1.22,3.76
2024-08-26,Compound,Ethereum,3.56,USDC,182849124,17.6,0
2024-08-26,Compound,Ethereum,2.76,USDT,191566274,14.26,0
2024-08-26,Compound,Ethereum,2.86,DAI,180059054,16.77,0
2024-08-26,Compound,Arbitrum,3.79,USDC,179967502,1.64,2.67
2024-08-26,Compound,Arbitrum,3.79,USDT,194010208,2.22,4.38
2024-08-26,Compound,Optimism,4.2,USDT,176791268,1.0,5.04
2024-08-26,Compound,Optimism,2.99,DAI,174846986,2.02,3.77
2024-08-26,Compound,Polygon,4.17,USDC,190807259,0.95,3.24
2024-08-26,Compound,Polygon,4.03,USDT,176185630,1.1,3.7
2024-08-26,Compound,Polygon,3.41,DAI,174449783,0.95,2.28
2024-08-26,Compound,Base,3.26,USDC,179701261,1.36,4.79
2024-08-26,Compound,Base,3.81,USDT,180628043,1.35,4.28
2024-08-26,Compound,Base,4.1,DAI,185513049,1.45,2.91
2024-08-26,Curve,Ethereum,5.03,USDC,352964694,21.7,0
2024-08-26,Curve,Ethereum,5.16,USDT,344737973,16.55,0
2024-08-26,Curve,Ethereum,6.96,DAI,337752989,17.32,0
2024-08-26,Curve,Arbitrum,6.15,USDC,323529933,3.07,4.58
2024-08-26,Curve,Arbitrum,6.84,USDT,304018326,2.96,7.93
2024-08-26,Curve,Arbitrum,6.78,DAI,340408899,2.62,5.72
2024-08-26,Curve,Optimism,6.9,USDC,319438702,2.04,4.03
2024-08-26,Curve,Optimism,6.75,USDT,317344486,2.1,2.67
2024-08-26,Curve,Optimism,7.1,DAI,362798100,1.99,4.54
2024-08-26,Curve,Polygon,8.31,USDT,309406586,1.05,2.36
2024-08-26,Curve,Polygon,6.59,DAI,328987426,1.04,3.24
2024-08-26,Curve,Base,7.23,USDC,332029936,1.5,3.4
2024-08-26,Curve,Base,6.42,USDT,323167229,1.3,4.02
2024-08-26,Curve,Base,5.31,DAI,345664656,1.51,5.1
2024-08-26,Uniswap V3,Ethereum,6.56,USDC,94748378,15.52,0
2024-08-26,Uniswap V3,Ethereum,7.22,USDT,94155291,25.0,0
2024-08-26,Uniswap V3,Ethereum,6.58,DAI,102201846,20.59,0
2024-08-26,Uniswap V3,Arbitrum,7.75,USDC,90096271,2.08,5.72
2024-08-26,Uniswap V3,Arbitrum,5.63,USDT,95783110,2.62,5.8
2024-08-26,Uniswap V3,Arbitrum,7.58,DAI,96549497,2.48,3.97
2024-08-26,Uniswap V3,Optimism,7.63,USDC,99699994,1.66,3.69
2024-08-26,Uniswap V3,Optimism,5.83,DAI,97084682,2.04,4.35
2024-08-26,Uniswap V3,Polygon,7.53,USDC,97137430,1.1,2.9
2024-08-26,Uniswap V3,Polygon,6.66,USDT,89922381,0.91,3.74
2024-08-26,Uniswap V3,Polygon,8.59,DAI,106298933,1.05,3.17
2024-08-26,Uniswap V3,Base,6.9,USDC,97153340,1.66,4.65
2024-08-26,Uniswap V3,Base,8.07,USDT,96700801,1.52,2.95
2024-08-26,Uniswap V3,Base,6.79,DAI,98413019,1.52,4.69
2024-08-26,Yearn,Ethereum,4.55,USDC,124172083,15.14,0
2024-08-26,Yearn,Ethereum,4.53,USDT,123911719,18.68,0
2024-08-26,Yearn,Ethereum,4.53,DAI,134692605,16.94,0
2024-08-26,Yearn,Arbitrum,5.19,USDC,128348343,2.4,5.21
2024-08-26,Yearn,Arbitrum,5.94,USDT,119054170,2.34,5.76
2024-08-26,Yearn,Optimism,4.52,USDC,120914527,1.81,3.56
2024-08-26,Yearn,Optimism,5.31,USDT,120029939,1.27,4.74
2024-08-26,Yearn,Optimism,4.94,DAI,119626631,1.6,3.31
2024-08-26,Yearn,Polygon,5.04,USDC,125961959,1.04,3.12
2024-08-26,Yearn,Polygon,6.0,USDT,118928394,1.04,3.36
2024-08-26,Yearn,Polygon,5.81,DAI,124748835,1.18,3.73
2024-08-26,Yearn,Base,4.43,USDC,132009670,1.45,5.4
2024-08-26,Yearn,Base,4.95,DAI,117015340,2.01,4.08
2024-08-26,Pendle,Ethereum,9.73,USDC,81523182,17.97,0
2024-08-26,Pendle,Ethereum,9.44,USDT,67568071,16.6,0
2024-08-26,Pendle,Ethereum,8.13,DAI,82471969,18.64,0
2024-08-26,Pendle,Arbitrum,11.72,USDC,77218883,2.34,4.81
2024-08-26,Pendle,Arbitrum,9.8,DAI,76090894,2.3,7.09
2024-08-26,Pendle,Optimism,8.94,USDT,83890909,2.2,6.51
2024-08-26,Pendle,Optimism,11.04,DAI,76491268,1.55,3.76
2024-08-26,Pendle,Base,9.68,USDC,75318505,1.38,4.24
2024-08-26,Pendle,Base,9.26,USDT,76848522,1.39,4.1
2024-08-26,Pendle,Base,9.94,DAI,74793980,1.15,4.69
2024-08-26,Convex,Ethereum,4.39,USDT,158198800,21.15,0
2024-08-26,Convex,Ethereum,4.11,DAI,152668164,17.99,0
2024-08-26,Balancer,Ethereum,6.07,USDC,119488179,22.46,0
2024-08-26,Balancer,Ethereum,5.86,USDT,116894339,20.3,0
2024-08-26,Balancer,Ethereum,6.12,DAI,101874462,21.28,0
2024-08-26,Balancer,Arbitrum,7.63,USDC,114705892,2.97,4.55
2024-08-26,Balancer,Arbitrum,7.29,USDT,117921689,1.91,6.13
2024-08-26,Balancer,Arbitrum,7.49,DAI,126598537,2.33,4.51
2024-08-26,Balancer,Optimism,6.27,USDC,115170053,1.52,4.41
2024-08-26,Balancer,Optimism,6.33,USDT,118630029,1.58,4.94
2024-08-26,Balancer,Optimism,7.64,DAI,115839864,1.94,3.92
2024-08-26,Balancer,Polygon,6.44,USDT,114192078,1.1,3.0
2024-08-26,Balancer,Polygon,7.2,DAI,109614697,1.22,2.38
2024-08-26,Balancer,Base,7.12,USDC,113869423,1.28,4.05
2024-08-26,Balancer,Base,5.92,USDT,117249835,1.66,3.46
2024-08-26,Balancer,Base,6.46,DAI,119718599,1.63,4.69
2024-08-27,Aave,Ethereum,3.35,USDC,265184629,17.97,0
2024-08-27,Aave,Ethereum,3.65,USDT,253191818,17.02,0
2024-08-27,Aave,Ethereum,3.67,DAI,268340906,15.76,0
2024-08-27,Aave,Arbitrum,3.98,USDT,255041815,2.59,6.3
2024-08-27,Aave,Arbitrum,3.82,DAI,266647563,2.2,3.52
2024-08-27,Aave,Optimism,3.59,USDC,240753442,1.43,4.26
2024-08-27,Aave,Optimism,4.24,USDT,257154417,1.55,3.79
2024-08-27,Aave,Optimism,3.75,DAI,276153114,1.66,2.57
2024-08-27,Aave,Polygon,4.02,USDC,287377543,1.0,2.74
2024-08-27,Aave,Polygon,3.98,USDT,252789810,1.03,2.3
2024-08-27,Aave,Polygon,5.26,DAI,272463932,0.73,2.68
2024-08-27,Aave,Base,3.98,USDC,276306740,1.4,5.06
2024-08-27,Aave,Base,3.28,USDT,259987394,1.42,4.86
2024-08-27,Aave,Base,3.2,DAI,264723123,1.36,3.45
2024-08-27,Compound,Ethereum,3.06,USDC,188243578,14.06,0
2024-08-27,Compound,Ethereum,3.32,USDT,183186026,16.94,0
2024-08-27,Compound,Ethereum,3.36,DAI,185059681,17.88,0
2024-08-27,Compound,Arbitrum,3.89,USDC,197304008,1.98,5.03
2024-08-27,Compound,Arbitrum,4.11,USDT,186006932,2.55,5.74
2024-08-27,Compound,Arbitrum,3.49,DAI,199441800,2.66,4.49
2024-08-27,Compound,Optimism,4.12,USDC,188301532,1.35,3.71
2024-08-27,Compound,Optimism,4.07,DAI,206898675,1.85,4.7
2024-08-27,Compound,Polygon,4.22,USDC,197681260,1.04,2.68
2024-08-27,Compound,Polygon,3.74,USDT,180131856,1.06,1.5
2024-08-27,Compound,Polygon,4.15,DAI,179800642,0.97,3.62
2024-08-27,Compound,Base,3.06,USDC,198393725,1.26,4.99
2024-08-27,Compound,Base,3.55,USDT,189459860,1.18,3.1
2024-08-27,Compound,Base,3.48,DAI,188460840,1.62,3.27
2024-08-27,Curve,Ethereum,5.6,USDC,335665552,19.79,0
2024-08-27,Curve,Ethereum,5.63,USDT,335235741,14.74,0
2024-08-27,Curve,Arbitrum,6.17,USDT,347564871,2.37,4.62
2024-08-27,Curve,Arbitrum,6.73,DAI,339857836,2.23,4.93
2024-08-27,Curve,Optimism,7.42,USDC,351332412,2.02,2.77
2024-08-27,Curve,Optimism,7.92,USDT,342009201,1.83,5.02
2024-08-27,Curve,Optimism,7.24,DAI,324572326,1.83,5.11
2024-08-27,Curve,Polygon,6.45,USDC,325352754,1.0,2.71
2024-08-27,Curve,Polygon,7.04,USDT,358354638,0.98,3.14
2024-08-27,Curve,Polygon,5.25,DAI,340686308,0.93,2.98
2024-08-27,Curve,Base,5.69,USDC,322251169,1.35,3.49
2024-08-27,Curve,Base,7.03,USDT,322177954,1.52,3.88
2024-08-27,Uniswap V3,Ethereum,5.43,USDC,100209823,14.29,0
2024-08-27,Uniswap V3,Ethereum,5.42,USDT,113210314,24.5,0
2024-08-27,Uniswap V3,Ethereum,5.6,DAI,100028007,20.14,0
2024-08-27,Uniswap V3,Arbitrum,6.71,USDC,92423088,2.97,3.31
2024-08-27,Uniswap V3,Arbitrum,5.55,USDT,95525265,2.9,4.83
2024-08-27,Uniswap V3,Arbitrum,8.69,DAI,99479443,1.92,6.89
2024-08-27,Uniswap V3,Optimism,7.97,USDC,101214906,1.44,5.13
2024-08-27,Uniswap V3,Optimism,6.92,USDT,103159281,2.09,3.38
2024-08-27,Uniswap V3,Optimism,5.7,DAI,113645279,1.72,3.21
2024-08-27,Uniswap V3,Polygon,7.94,USDC,99720737,0.92,3.47
2024-08-27,Uniswap V3,Polygon,8.43,USDT,97934324,1.08,2.29
2024-08-27,Uniswap V3,Base,6.34,USDC,102582593,1.15,3.74
2024-08-27,Uniswap V3,Base,8.54,USDT,104354395,1.1,3.24
2024-08-27,Uniswap V3,Base,6.58,DAI,98238807,1.63,3.39
2024-08-27,Yearn,Ethereum,3.03,USDC,129613314,18.56,0
2024-08-27,Yearn,Ethereum,4.23,USDT,132396236,16.96,0
2024-08-27,Yearn,Ethereum,4.68,DAI,129386146,12.47,0
2024-08-27,Yearn,Arbitrum,5.98,USDC,124535558,2.19,5.4
2024-08-27,Yearn,Arbitrum,5.74,USDT,135820404,2.8,3.91
2024-08-27,Yearn,Arbitrum,4.44,DAI,120701592,2.21,5.61
2024-08-27,Yearn,Optimism,4.49,USDC,123925231,1.6,5.06
2024-08-27,Yearn,Optimism,5.03,USDT,143354819,1.62,3.69
2024-08-27,Yearn,Optimism,4.86,DAI,128855959,1.69,4.77
2024-08-27,Yearn,Polygon,6.53,USDC,132853563,1.01,2.47
2024-08-27,Yearn,Polygon,5.67,USDT,126077145,0.91,3.86
2024-08-27,Yearn,Polygon,5.56,DAI,137950456,0.68,2.32
2024-08-27,Yearn,Base,5.45,USDC,127896504,1.26,4.2
2024-08-27,Yearn,Base,4.59,USDT,119369998,1.32,3.95
2024-08-27,Yearn,Base,4.64,DAI,130329917,1.51,4.23
2024-08-27,Pendle,Ethereum,8.06,USDC,76634735,16.24,0
2024-08-27,Pendle,Ethereum,8.85,USDT,82453012,17.74,0
2024-08-27,Pendle,Ethereum,9.47,DAI,78749767,13.74,0
2024-08-27,Pendle,Arbitrum,10.02,USDC,80432744,2.2,5.1
2024-08-27,Pendle,Arbitrum,12.11,USDT,87292835,2.54,4.69
2024-08-27,Pendle,Arbitrum,12.77,DAI,79333259,2.24,3.95
2024-08-27,Pendle,Optimism,11.76,USDC,78027490,2.03,3.94
2024-08-27,Pendle,Optimism,11.46,USDT,78746342,1.69,4.95
2024-08-27,Pendle,Base,10.24,USDC,77949584,1.35,4.13
2024-08-27,Pendle,Base,10.82,USDT,81955977,1.33,4.58
2024-08-27,Pendle,Base,8.24,DAI,74906038,1.41,3.51
2024-08-27,Convex,Ethereum,5.42,USDC,160810767,19.28,0
2024-08-27,Convex,Ethereum,5.34,USDT,143473299,15.99,0
2024-08-27,Convex,Ethereum,5.32,DAI,158045560,14.87,0
2024-08-27,Balancer,Ethereum,6.86,USDC,110955129,14.96,0
2024-08-27,Balancer,Ethereum,6.89,USDT,115029541,14.61,0
2024-08-27,Balancer,Ethereum,5.27,DAI,120684746,19.96,0
2024-08-27,Balancer,Arbitrum,7.93,USDC,122565150,2.88,7.82
2024-08-27,Balancer,Arbitrum,7.14,USDT,112839380,2.6,5.15
2024-08-27,Balancer,Arbitrum,7.51,DAI,108921998,2.78,6.41
2024-08-27,Balancer,Optimism,7.43,USDC,125226192,2.31,3.94
2024-08-27,Balancer,Optimism,5.92,USDT,113694209,1.78,4.83
2024-08-27,Balancer,Optimism,7.33,DAI,124867818,1.9,4.26
2024-08-27,Balancer,Polygon,8.84,USDC,116975407,0.92,2.99
2024-08-27,Balancer,Polygon,8.22,USDT,112239467,0.99,2.73
2024-08-27,Balancer,Polygon,7.71,DAI,111347975,0.95,3.17
2024-08-27,Balancer,Base,8.04,USDC,125600631,1.34,4.91
2024-08-27,Balancer,Base,7.15,USDT,107039668,1.38,4.43
2024-08-27,Balancer,Base,7.06,DAI,110479509,1.79,2.63
2024-08-28,Aave,Ethereum,3.5,USDC,268360320,20.6,0
2024-08-28,Aave,Ethereum,3.45,USDT,279248609,18.66,0
2024-08-28,Aave,Ethereum,3.3,DAI,260065981,18.41,0
2024-08-28,Aave,Arbitrum,4.89,USDC,265500887,2.75,6.71
2024-08-28,Aave,Arbitrum,4.0,USDT,261163423,2.08,5.76
2024-08-28,Aave,Arbitrum,4.06,DAI,269696195,2.38,6.07
2024-08-28,Aave,Optimism,4.22,USDT,267509962,1.43,4.64
2024-08-28,Aave,Optimism,4.3,DAI,272431891,1.16,3.87
2024-08-28,Aave,Polygon,4.42,USDC,271928651,1.09,3.03
2024-08-28,Aave,Polygon,4.72,USDT,263206094,1.15,2.61
2024-08-28,Aave,Polygon,3.53,DAI,261180627,1.02,3.8
2024-08-28,Aave,Base,4.2,USDC,272403826,1.21,3.67
2024-08-28,Aave,Base,4.63,USDT,258552077,1.65,3.39
2024-08-28,Aave,Base,3.89,DAI,272818738,0.87,4.14
2024-08-28,Compound,Ethereum,3.34,USDC,195870707,21.99,0
2024-08-28,Compound,Ethereum,2.26,USDT,213380858,19.07,0
2024-08-28,Compound,Ethereum,3.02,DAI,196803230,18.11,0
2024-08-28,Compound,Arbitrum,3.91,USDT,197768671,2.33,3.37
2024-08-28,Compound,Arbitrum,3.31,DAI,199389003,1.93,3.78
2024-08-28,Compound,Optimism,3.36,USDC,197024253,1.71,3.21
2024-08-28,Compound,Optimism,3.94,USDT,187986793,1.33,4.12
2024-08-28,Compound,Optimism,2.84,DAI,197220390,1.64,4.62
2024-08-28,Compound,Polygon,3.89,USDC,183776883,1.22,2.53
2024-08-28,Compound,Polygon,3.58,USDT,186796954,0.94,3.22
2024-08-28,Compound,Polygon,4.43,DAI,194080237,1.18,2.56
2024-08-28,Compound,Base,3.9,USDC,189883839,1.17,1.78
2024-08-28,Compound,Base,4.17,USDT,192824440,1.57,3.69
2024-08-28,Compound,Base,3.36,DAI,187639701,1.39,3.99
2024-08-28,Curve,Ethereum,5.09,USDT,358718338,18.26,0
2024-08-28,Curve,Ethereum,5.63,DAI,350139508,22.05,0
2024-08-28,Curve,Arbitrum,6.35,USDC,350192685,2.75,5.15
2024-08-28,Curve,Arbitrum,6.67,USDT,362075218,2.8,3.38
2024-08-28,Curve,Arbitrum,7.77,DAI,337786882,2.51,4.24
2024-08-28,Curve,Optimism,6.35,USDC,341921439,1.87,4.2
2024-08-28,Curve,Optimism,8.01,USDT,317734234,1.73,4.86
2024-08-28,Curve,Optimism,7.04,DAI,357858267,2.14,4.42
2024-08-28,Curve,Polygon,6.8,USDC,332946454,0.81,2.63
2024-08-28,Curve,Polygon,6.87,USDT,357675452,1.01,4.9
2024-08-28,Curve,Polygon,5.77,DAI,352652660,0.76,3.93
2024-08-28,Curve,Base,6.79,USDC,343772076,1.52,3.59
2024-08-28,Curve,Base,7.01,DAI,332483987,1.8,4.87
2024-08-28,Uniswap V3,Ethereum,5.8,USDC,103446263,21.13,0
2024-08-28,Uniswap V3,Ethereum,6.08,USDT,108125817,14.03,0
2024-08-28,Uniswap V3,Ethereum,6.37,DAI,101184125,16.23,0
2024-08-28,Uniswap V3,Arbitrum,7.4,USDC,101629561,2.56,4.33
2024-08-28,Uniswap V3,Arbitrum,5.09,USDT,92863939,2.0,5.35
2024-08-28,Uniswap V3,Arbitrum,8.25,DAI,107701462,1.89,6.06
2024-08-28,Uniswap V3,Optimism,5.18,USDC,107135067,2.19,3.7
2024-08-28,Uniswap V3,Optimism,9.4,USDT,105245819,1.68,4.02
2024-08-28,Uniswap V3,Optimism,7.96,DAI,102063812,1.44,4.51
2024-08-28,Uniswap V3,Polygon,8.26,USDC,93049570,0.82,2.59
2024-08-28,Uniswap V3,Polygon,6.5,USDT,100352514,0.89,2.04
2024-08-28,Uniswap V3,Polygon,6.88,DAI,107484933,1.16,3.53
2024-08-28,Uniswap V3,Base,8.32,USDC,97005531,1.29,4.11
2024-08-28,Uniswap V3,Base,6.09,USDT,104699727,1.54,3.32
2024-08-28,Yearn,Ethereum,3.52,USDC,124983357,15.86,0
2024-08-28,Yearn,Ethereum,3.75,DAI,121488012,21.36,0
2024-08-28,Yearn,Arbitrum,5.83,USDC,119544046,1.92,5.47
2024-08-28,Yearn,Arbitrum,5.77,USDT,128246767,2.94,4.72
2024-08-28,Yearn,Arbitrum,5.21,DAI,128696415,2.32,4.77
2024-08-28,Yearn,Optimism,4.87,USDC,131155758,1.85,2.95
2024-08-28,Yearn,Optimism,5.11,USDT,121881976,1.73,2.97
2024-08-28,Yearn,Optimism,4.7,DAI,130983347,1.79,3.87
2024-08-28,Yearn,Polygon,5.11,USDC,137404357,1.21,2.19
2024-08-28,Yearn,Polygon,6.14,USDT,125787613,0.97,2.6
2024-08-28,Yearn,Polygon,5.44,DAI,133845440,1.11,3.72
2024-08-28,Yearn,Base,4.57,USDC,123780995,1.58,3.47
2024-08-28,Yearn,Base,5.9,DAI,133308086,1.4,4.21
2024-08-28,Pendle,Ethereum,6.24,USDC,83784540,15.66,0
2024-08-28,Pendle,Ethereum,7.42,USDT,85665956,16.7,0
2024-08-28,Pendle,Ethereum,7.35,DAI,80990890,21.2,0
2024-08-28,Pendle,Arbitrum,9.16,USDC,79966059,1.8,5.06
2024-08-28,Pendle,Arbitrum,11.08,USDT,78869705,2.65,5.14
2024-08-28,Pendle,Arbitrum,9.37,DAI,81088537,2.3,5.46
2024-08-28,Pendle,Optimism,9.87,USDC,83011293,1.52,4.7
2024-08-28,Pendle,Optimism,7.58,DAI,75128447,1.79,4.5
2024-08-28,Pendle,Base,11.62,USDC,78436626,1.24,5.08
2024-08-28,Pendle,Base,8.29,USDT,80028100,1.59,4.45
2024-08-28,Pendle,Base,10.28,DAI,78099718,1.69,5.18
2024-08-28,Convex,Ethereum,4.32,USDC,165320349,18.83,0
2024-08-28,Convex,Ethereum,5.49,USDT,154800027,17.16,0
2024-08-28,Convex,Ethereum,4.89,DAI,153980119,16.99,0
2024-08-28,Balancer,Ethereum,6.67,USDC,113897991,16.73,0
2024-08-28,Balancer,Ethereum,5.75,USDT,114890106,14.8,0
2024-08-28,Balancer,Ethereum,5.55,DAI,106474829,15.35,0
2024-08-28,Balancer,Arbitrum,7.65,USDC,125795113,2.43,4.02
2024-08-28,Balancer,Arbitrum,7.45,USDT,112509335,2.45,4.12
2024-08-28,Balancer,Arbitrum,6.22,DAI,120950897,1.92,5.33
2024-08-28,Balancer,Optimism,6.07,USDC,120334303,1.46,4.09
2024-08-28,Balancer,Optimism,7.93,USDT,116948357,1.77,4.04
2024-08-28,Balancer,Optimism,6.27,DAI,117536923,1.64,4.97
2024-08-28,Balancer,Polygon,7.82,USDC,112371261,1.05,3.51
2024-08-28,Balancer,Polygon,8.03,USDT,111357867,0.85,3.57
2024-08-28,Balancer,Polygon,7.48,DAI,121842767,0.87,1.69
2024-08-28,Balancer,Base,7.71,USDC,120736680,1.41,4.54
2024-08-28,Balancer,Base,7.32,USDT,117950916,1.61,3.61
2024-08-28,Balancer,Base,5.85,DAI,116615359,1.33,3.52
2024-08-29,Aave,Ethereum,3.06,USDC,265581873,20.3,0
2024-08-29,Aave,Ethereum,3.02,DAI,292212855,20.68,0
2024-08-29,Aave,Arbitrum,4.82,USDC,279617503,2.47,2.76
2024-08-29,Aave,Arbitrum,4.52,DAI,286947904,3.1,4.78
2024-08-29,Aave,Optimism,3.86,USDC,283121532,2.43,3.87
2024-08-29,Aave,Optimism,4.13,USDT,291520513,1.85,4.03
2024-08-29,Aave,Optimism,3.79,DAI,308493897,1.96,3.24
2024-08-29,Aave,Polygon,3.74,USDT,262570537,0.89,3.66
2024-08-29,Aave,Polygon,3.98,DAI,272979220,0.92,3.35
2024-08-29,Aave,Base,3.46,USDC,288643264,1.19,3.69
2024-08-29,Aave,Base,3.98,USDT,255456439,1.44,3.06
2024-08-29,Aave,Base,3.65,DAI,252739777,1.39,3.91
2024-08-29,Compound,Ethereum,3.22,USDC,179936090,16.11,0
2024-08-29,Compound,Ethereum,2.87,USDT,208476928,17.89,0
2024-08-29,Compound,Ethereum,3.16,DAI,181146012,17.13,0
2024-08-29,Compound,Arbitrum,3.98,USDC,192133245,2.31,5.05
2024-08-29,Compound,Arbitrum,3.83,USDT,199602839,2.44,5.32
2024-08-29,Compound,Optimism,3.3,USDC,177941533,2.41,3.99
2024-08-29,Compound,Optimism,4.31,USDT,194565863,1.73,4.21
2024-08-29,Compound,Polygon,3.83,USDC,199078429,0.92,3.43
2024-08-29,Compound,Polygon,3.53,USDT,187301141,0.98,2.91
2024-08-29,Compound,Polygon,3.88,DAI,206069505,0.92,3.29
2024-08-29,Compound,Base,3.66,USDC,190954203,1.53,4.69
2024-08-29,Compound,Base,3.49,USDT,192882751,1.39,3.87
2024-08-29,Compound,Base,3.38,DAI,179210596,1.42,3.02
2024-08-29,Curve,Ethereum,5.22,USDC,338479107,16.2,0
2024-08-29,Curve,Ethereum,6.42,USDT,340478612,17.13,0
2024-08-29,Curve,Ethereum,5.71,DAI,382954098,18.95,0
2024-08-29,Curve,Arbitrum,6.24,USDC,338200959,2.4,5.72
2024-08-29,Curve,Arbitrum,6.27,USDT,353884851,2.04,5.67
2024-08-29,Curve,Arbitrum,7.39,DAI,335632638,1.92,6.33
2024-08-29,Curve,Optimism,5.77,USDC,350422984,2.27,4.83
2024-08-29,Curve,Optimism,6.59,USDT,324192950,1.44,4.72
2024-08-29,Curve,Optimism,7.12,DAI,337476808,1.61,3.9
2024-08-29,Curve,Polygon,6.33,USDC,365971074,0.99,2.24
2024-08-29,Curve,Polygon,6.39,USDT,342831817,0.92,1.81
2024-08-29,Curve,Polygon,7.07,DAI,368746481,1.03,3.46
2024-08-29,Curve,Base,5.42,USDC,364987739,1.31,4.22
2024-08-29,Curve,Base,5.74,USDT,335150128,1.26,3.15
2024-08-29,Curve,Base,7.17,DAI,346741409,1.55,3.79
2024-08-29,Uniswap V3,Ethereum,6.06,USDT,100316141,21.91,0
2024-08-29,Uniswap V3,Ethereum,6.51,DAI,103475677,18.24,0
2024-08-29,Uniswap V3,Arbitrum,7.42,USDC,103952465,2.1,4.93
2024-08-29,Uniswap V3,Arbitrum,5.92,USDT,102855356,2.09,5.45
2024-08-29,Uniswap V3,Arbitrum,7.95,DAI,98080682,2.53,4.68
2024-08-29,Uniswap V3,Optimism,7.28,USDC,106062211,1.97,4.85
2024-08-29,Uniswap V3,Optimism,8.28,USDT,114225761,1.54,5.18
2024-08-29,Uniswap V3,Optimism,6.84,DAI,94415271,1.94,1.93
2024-08-29,Uniswap V3,Polygon,8.91,USDC,101976487,0.97,2.61
2024-08-29,Uniswap V3,Polygon,8.95,USDT,94729880,1.02,3.41
2024-08-29,Uniswap V3,Polygon,9.3,DAI,107627847,0.63,2.85
2024-08-29,Uniswap V3,Base,6.68,USDC,100797677,1.51,4.22
2024-08-29,Uniswap V3,Base,8.96,USDT,103698825,1.13,4.78
2024-08-29,Uniswap V3,Base,8.09,DAI,100428036,1.76,4.37
2024-08-29,Yearn,Ethereum,3.65,USDC,132600418,19.24,0
2024-08-29,Yearn,Ethereum,3.22,USDT,136777315,21.0,0
2024-08-29,Yearn,Arbitrum,5.27,USDC,126607735,2.14,4.84
2024-08-29,Yearn,Arbitrum,5.92,USDT,136772403,1.87,5.74
2024-08-29,Yearn,Arbitrum,6.1,DAI,131204370,2.1,4.48
2024-08-29,Yearn,Optimism,4.93,USDC,128409328,2.26,3.75
2024-08-29,Yearn,Optimism,4.91,USDT,131945377,1.29,2.07
2024-08-29,Yearn,Optimism,4.85,DAI,133035821,1.65,4.26
2024-08-29,Yearn,Polygon,5.03,USDC,127691835,1.23,4.8
2024-08-29,Yearn,Polygon,6.53,USDT,130345982,1.31,4.47
2024-08-29,Yearn,Polygon,5.7,DAI,118139106,1.08,2.86
2024-08-29,Yearn,Base,4.84,USDC,133478623,1.95,3.7
2024-08-29,Yearn,Base,4.18,USDT,139121175,1.4,4.49
2024-08-29,Yearn,Base,4.81,DAI,125203532,1.66,4.09
2024-08-29,Pendle,Ethereum,8.7,USDC,82998453,15.82,0
2024-08-29,Pendle,Ethereum,9.08,USDT,82116573,19.3,0
2024-08-29,Pendle,Ethereum,8.54,DAI,80258483,22.35,0
2024-08-29,Pendle,Arbitrum,8.99,USDC,82383824,2.86,5.65
2024-08-29,Pendle,Arbitrum,9.76,USDT,79449859,2.27,5.02
2024-08-29,Pendle,Arbitrum,10.11,DAI,82656141,1.92,4.6
2024-08-29,Pendle,Optimism,10.11,USDC,78325297,1.79,3.04
2024-08-29,Pendle,Optimism,9.4,USDT,80679836,1.55,4.83
2024-08-29,Pendle,Optimism,10.44,DAI,88351009,2.07,4.67
2024-08-29,Pendle,Base,8.54,USDT,77426371,1.01,5.69
2024-08-29,Pendle,Base,9.8,DAI,82974105,1.03,3.67
2024-08-29,Convex,Ethereum,5.13,USDT,180176551,18.8,0
2024-08-29,Convex,Ethereum,4.66,DAI,155170336,18.33,0
2024-08-29,Balancer,Ethereum,5.57,USDC,131061836,21.62,0
2024-08-29,Balancer,Ethereum,5.89,USDT,131227154,21.19,0
2024-08-29,Balancer,Ethereum,4.37,DAI,112249855,17.17,0
2024-08-29,Balancer,Arbitrum,8.27,USDC,117811083,2.83,3.98
2024-08-29,Balancer,Arbitrum,6.22,USDT,121893179,2.94,5.34
2024-08-29,Balancer,Arbitrum,6.39,DAI,120339182,2.61,3.98
2024-08-29,Balancer,Optimism,5.57,USDT,128973777,2.39,4.2
2024-08-29,Balancer,Optimism,6.12,DAI,120507769,1.64,4.01
2024-08-29,Balancer,Polygon,6.76,DAI,126908143,1.03,3.33
2024-08-29,Balancer,Base,6.66,USDT,135928297,1.66,3.05
2024-08-29,Balancer,Base,6.41,DAI,112370463,1.4,4.02
2024-08-30,Aave,Ethereum,3.63,USDC,282614724,20.93,0
2024-08-30,Aave,Ethereum,1.97,DAI,270390826,17.42,0
2024-08-30,Aave,Arbitrum,3.74,USDC,309722285,3.1,5.25
2024-08-30,Aave,Arbitrum,4.07,USDT,271074267,1.89,5.21
2024-08-30,Aave,Arbitrum,3.64,DAI,278051466,2.72,5.44
2024-08-30,Aave,Optimism,3.07,USDC,300847514,1.59,4.06
2024-08-30,Aave,Optimism,3.98,USDT,291909077,2.4,4.13
2024-08-30,Aave,Optimism,4.83,DAI,279584238,2.06,4.42
2024-08-30,Aave,Polygon,4.08,USDC,295244067,0.77,1.46
2024-08-30,Aave,Polygon,3.74,USDT,270197245,1.07,3.08
2024-08-30,Aave,Polygon,4.67,DAI,288168555,0.74,2.47
2024-08-30,Aave,Base,3.41,USDC,269620104,1.48,4.88
2024-08-30,Aave,Base,4.01,USDT,265364582,1.58,3.38
2024-08-30,Compound,Ethereum,3.25,USDC,196599858,19.74,0
2024-08-30,Compound,Ethereum,2.96,USDT,208949539,20.47,0
2024-08-30,Compound,Ethereum,3.03,DAI,208387797,14.15,0
2024-08-30,Compound,Arbitrum,4.79,USDC,206318895,3.14,4.68
2024-08-30,Compound,Arbitrum,3.04,USDT,203180370,2.43,4.54
2024-08-30,Compound,Arbitrum,3.49,DAI,191560924,1.5,5.32
2024-08-30,Compound,Optimism,3.32,USDC,197107732,2.04,4.2
2024-08-30,Compound,Optimism,3.76,USDT,199038363,1.59,4.18
2024-08-30,Compound,Optimism,3.6,DAI,203787784,0.93,4.37
2024-08-30,Compound,Polygon,4.0,USDC,196931410,0.98,2.73
2024-08-30,Compound,Polygon,4.18,DAI,194977621,0.71,2.72
2024-08-30,Compound,Base,3.45,USDC,201398935,1.39,3.09
2024-08-30,Compound,Base,3.81,USDT,187139490,1.28,4.95
2024-08-30,Compound,Base,3.46,DAI,209093466,1.54,2.66
2024-08-30,Curve,Ethereum,5.73,USDC,364318895,17.05,0
2024-08-30,Curve,Ethereum,4.7,USDT,365930254,19.37,0
2024-08-30,Curve,Ethereum,6.45,DAI,356924445,17.78,0
2024-08-30,Curve,Arbitrum,5.54,USDC,367762242,2.21,3.7
2024-08-30,Curve,Arbitrum,6.26,USDT,364917025,2.72,2.26
2024-08-30,Curve,Arbitrum,5.62,DAI,352136706,3.05,4.53
2024-08-30,Curve,Optimism,5.93,USDC,348631733,1.78,3.93
2024-08-30,Curve,Optimism,6.39,USDT,379728126,2.05,5.02
2024-08-30,Curve,Optimism,7.51,DAI,333157329,2.04,4.36
2024-08-30,Curve,Polygon,7.11,USDC,381622287,1.27,1.82
2024-08-30,Curve,Polygon,7.55,USDT,366538404,0.97,3.22
2024-08-30,Curve,Base,6.38,USDC,382778984,1.52,5.56
2024-08-30,Curve,Base,7.09,USDT,386562448,1.55,3.73
2024-08-30,Curve,Base,7.06,DAI,360485953,1.57,4.15
2024-08-30,Uniswap V3,Ethereum,6.31,USDC,122291865,15.87,0
2024-08-30,Uniswap V3,Ethereum,7.0,USDT,110857562,17.28,0
2024-08-30,Uniswap V3,Ethereum,5.35,DAI,96682105,15.7,0
2024-08-30,Uniswap V3,Arbitrum,9.93,USDT,104986307,2.23,5.38
2024-08-30,Uniswap V3,Arbitrum,7.07,DAI,100742493,2.39,7.23
2024-08-30,Uniswap V3,Optimism,6.34,USDC,104806791,1.17,5.77
2024-08-30,Uniswap V3,Optimism,6.75,USDT,111611380,1.95,4.21
2024-08-30,Uniswap V3,Optimism,7.47,DAI,108305741,1.62,3.09
2024-08-30,Uniswap V3,Polygon,8.66,USDC,107870360,0.79,3.82
2024-08-30,Uniswap V3,Polygon,7.8,USDT,114157016,0.73,2.38
2024-08-30,Uniswap V3,Polygon,7.84,DAI,105157569,0.91,2.8
2024-08-30,Uniswap V3,Base,7.64,USDC,112463008,1.49,4.55
2024-08-30,Uniswap V3,Base,8.56,USDT,105319990,1.36,4.91
2024-08-30,Uniswap V3,Base,7.58,DAI,107712092,1.48,4.71
2024-08-30,Yearn,Ethereum,4.46,USDC,142628223,18.47,0
2024-08-30,Yearn,Ethereum,4.54,USDT,137663923,21.45,0
2024-08-30,Yearn,Ethereum,3.47,DAI,146151160,17.93,0
2024-08-30,Yearn,Arbitrum,3.69,USDC,133508267,1.87,4.41
2024-08-30,Yearn,Arbitrum,4.25,USDT,130310517,2.65,5.05
2024-08-30,Yearn,Arbitrum,5.11,DAI,129928940,2.09,5.61
2024-08-30,Yearn,Optimism,5.05,USDC,131949292,1.79,4.03
2024-08-30,Yearn,Optimism,6.0,USDT,144272660,1.52,3.93
2024-08-30,Yearn,Optimism,5.38,DAI,127932765,1.57,4.59
2024-08-30,Yearn,Polygon,5.06,USDC,146848942,1.19,3.08
2024-08-30,Yearn,Base,5.08,USDT,121338955,1.08,3.51
2024-08-30,Yearn,Base,4.86,DAI,137788573,1.71,4.44
2024-08-30,Pendle,Ethereum,8.55,USDC,83540340,17.28,0
2024-08-30,Pendle,Ethereum,7.69,USDT,79116314,14.89,0
2024-08-30,Pendle,Ethereum,7.04,DAI,87798974,15.32,0
2024-08-30,Pendle,Arbitrum,10.39,USDC,87279684,2.14,4.82
2024-08-30,Pendle,Arbitrum,11.75,USDT,84621648,3.12,3.01
2024-08-30,Pendle,Arbitrum,10.27,DAI,84318047,2.02,4.95
2024-08-30,Pendle,Optimism,9.27,USDC,86329596,1.72,4.72
2024-08-30,Pendle,Optimism,7.59,USDT,81976255,1.71,3.36
2024-08-30,Pendle,Optimism,11.05,DAI,83728983,1.51,3.44
2024-08-30,Pendle,Base,11.69,USDC,77577620,0.97,4.97
2024-08-30,Pendle,Base,10.49,USDT,86749576,1.48,3.67
2024-08-30,Pendle,Base,8.37,DAI,83491548,1.35,3.83
2024-08-30,Convex,Ethereum,4.84,USDC,178652413,17.05,0
2024-08-30,Convex,Ethereum,5.38,USDT,168895979,21.13,0
2024-08-30,Convex,Ethereum,4.13,DAI,171063921,15.8,0
2024-08-30,Balancer,Ethereum,6.55,USDC,130583574,22.27,0
2024-08-30,Balancer,Ethereum,5.05,USDT,126566837,20.35,0
2024-08-30,Balancer,Ethereum,5.08,DAI,122743016,21.37,0
2024-08-30,Balancer,Arbitrum,6.33,USDC,128700694,3.02,6.56
2024-08-30,Balancer,Arbitrum,6.94,USDT,121439944,2.81,5.62
2024-08-30,Balancer,Arbitrum,5.97,DAI,122111458,2.45,5.83
2024-08-30,Balancer,Optimism,6.74,USDC,121612723,1.6,4.8
2024-08-30,Balancer,Polygon,6.49,USDC,124957533,1.11,2.35
2024-08-30,Balancer,Polygon,6.95,USDT,130996322,0.93,3.25
2024-08-30,Balancer,Polygon,7.89,DAI,111162740,1.0,3.18
2024-08-30,Balancer,Base,7.57,USDC,123987058,1.35,3.0
2024-08-30,Balancer,Base,6.92,USDT,118715214,1.62,4.64
2024-08-30,Balancer,Base,6.52,DAI,116590311,1.47,4.28
2024-08-31,Aave,Ethereum,3.24,USDC,276519311,11.11,0
2024-08-31,Aave,Ethereum,2.76,DAI,275201183,12.46,0
2024-08-31,Aave,Arbitrum,4.22,USDC,268016028,1.79,5.89
2024-08-31,Aave,Arbitrum,3.9,USDT,294979453,1.3,5.26
2024-08-31,Aave,Optimism,3.27,USDC,296470900,1.37,4.43
2024-08-31,Aave,Optimism,3.24,USDT,268341576,1.05,3.77
2024-08-31,Aave,Optimism,3.58,DAI,301629788,1.03,4.06
2024-08-31,Aave,Polygon,4.28,USDC,295264760,0.7,2.25
2024-08-31,Aave,Polygon,3.77,USDT,278813967,0.75,2.92
2024-08-31,Aave,Polygon,3.64,DAI,264699779,0.79,2.46
2024-08-31,Aave,Base,3.39,DAI,277530996,0.84,4.62
2024-08-31,Compound,Ethereum,2.89,USDC,196775410,8.5,0
2024-08-31,Compound,Ethereum,2.99,USDT,201839090,13.59,0
2024-08-31,Compound,Ethereum,3.28,DAI,195995946,14.31,0
2024-08-31,Compound,Arbitrum,3.03,USDC,197285815,1.86,6.39
2024-08-31,Compound,Arbitrum,3.45,USDT,212831592,1.57,6.21
2024-08-31,Compound,Arbitrum,3.76,DAI,206710338,1.23,5.64
2024-08-31,Compound,Optimism,3.76,USDC,215375491,1.7,2.53
2024-08-31,Compound,Optimism,3.51,USDT,205327487,1.2,5.56
2024-08-31,Compound,Optimism,3.95,DAI,192606255,1.27,3.74
2024-08-31,Compound,Polygon,3.94,USDC,209885661,0.75,3.34
2024-08-31,Compound,Polygon,3.93,USDT,211363692,0.66,2.09
2024-08-31,Compound,Polygon,4.12,DAI,211536823,0.58,4.07
2024-08-31,Compound,Base,3.45,USDC,199718594,0.85,5.34
2024-08-31,Compound,Base,3.94,USDT,203293196,1.01,4.43
2024-08-31,Compound,Base,3.7,DAI,208362966,1.03,4.25
2024-08-31,Curve,Ethereum,5.78,USDT,389756458,14.01,0
2024-08-31,Curve,Ethereum,4.56,DAI,358287010,9.57,0
2024-08-31,Curve,Arbitrum,7.12,USDC,359363298,1.73,6.84
2024-08-31,Curve,Arbitrum,5.59,USDT,357645099,1.44,5.83
2024-08-31,Curve,Arbitrum,6.07,DAI,380207598,2.02,5.31
2024-08-31,Curve,Optimism,6.54,USDC,358408671,1.36,5.04
2024-08-31,Curve,Optimism,7.34,USDT,366768269,1.1,3.41
2024-08-31,Curve,Optimism,6.5,DAI,327169265,1.39,4.57
2024-08-31,Curve,Polygon,6.82,USDC,386138705,0.62,4.01
2024-08-31,Curve,Polygon,5.46,USDT,364785656,0.87,3.73
2024-08-31,Curve,Polygon,6.84,DAI,374772712,0.64,4.06
2024-08-31,Curve,Base,6.24,USDC,333000983,1.08,4.38
2024-08-31,Curve,Base,6.08,DAI,377726616,1.03,4.56
2024-08-31,Uniswap V3,Ethereum,3.52,USDC,104265206,10.92,0
2024-08-31,Uniswap V3,Ethereum,6.9,USDT,104630828,10.7,0
2024-08-31,Uniswap V3,Ethereum,5.25,DAI,110385524,17.15,0
2024-08-31,Uniswap V3,Arbitrum,7.61,USDC,108963846,1.42,5.25
2024-08-31,Uniswap V3,Arbitrum,7.78,USDT,110047763,1.67,6.11
2024-08-31,Uniswap V3,Arbitrum,6.82,DAI,105478218,1.35,5.69
2024-08-31,Uniswap V3,Optimism,6.8,USDC,104093262,1.15,3.14
2024-08-31,Uniswap V3,Optimism,6.7,USDT,108687624,1.03,5.39
2024-08-31,Uniswap V3,Polygon,7.01,USDC,107532277,0.71,3.67
2024-08-31,Uniswap V3,Polygon,7.08,USDT,117098427,0.64,2.72
2024-08-31,Uniswap V3,Polygon,8.36,DAI,104582438,0.73,3.29
2024-08-31,Uniswap V3,Base,4.97,USDC,111012260,0.84,5.2
2024-08-31,Uniswap V3,Base,8.72,USDT,111121807,0.87,3.93
2024-08-31,Yearn,Ethereum,3.65,USDC,137207876,12.64,0
2024-08-31,Yearn,Ethereum,4.82,USDT,124271235,14.78,0
2024-08-31,Yearn,Ethereum,4.58,DAI,131830814,10.38,0
2024-08-31,Yearn,Arbitrum,5.46,USDC,129974043,1.46,2.82
2024-08-31,Yearn,Arbitrum,5.45,USDT,136186450,1.59,3.15
2024-08-31,Yearn,Arbitrum,5.29,DAI,139623237,1.72,5.57
2024-08-31,Yearn,Optimism,4.71,USDC,129386513,1.26,2.65
2024-08-31,Yearn,Optimism,4.41,USDT,148344629,1.24,3.39
2024-08-31,Yearn,Optimism,4.98,DAI,129269416,1.31,4.15
2024-08-31,Yearn,Polygon,6.38,USDC,119638498,0.5,2.01
2024-08-31,Yearn,Polygon,5.05,USDT,146106856,0.65,2.59
2024-08-31,Yearn,Polygon,5.03,DAI,128602421,0.66,1.99
2024-08-31,Yearn,Base,4.44,USDC,142861171,1.11,4.14
2024-08-31,Yearn,Base,3.71,USDT,140762952,1.02,2.71
2024-08-31,Yearn,Base,5.05,DAI,138886547,1.04,4.04
2024-08-31,Pendle,Ethereum,6.24,USDC,88471346,13.54,0
2024-08-31,Pendle,Ethereum,5.76,USDT,79713625,11.71,0
2024-08-31,Pendle,Ethereum,7.11,DAI,85881596,11.41,0
2024-08-31,Pendle,Arbitrum,9.08,USDC,85514589,1.75,3.49
2024-08-31,Pendle,Arbitrum,10.51,USDT,82008454,1.34,5.36
2024-08-31,Pendle,Arbitrum,11.42,DAI,82698375,1.77,3.95
2024-08-31,Pendle,Optimism,9.3,USDC,89093431,0.88,4.54
2024-08-31,Pendle,Optimism,10.99,USDT,90475664,1.35,3.83
2024-08-31,Pendle,Optimism,10.89,DAI,79914640,1.18,3.87
2024-08-31,Pendle,Base,9.89,USDC,89161280,0.58,3.83
2024-08-31,Pendle,Base,10.3,USDT,87058085,0.89,4.98
2024-08-31,Pendle,Base,9.82,DAI,83730262,1.01,3.57
2024-08-31,Convex,Ethereum,4.34,USDC,169352054,16.01,0
2024-08-31,Convex,Ethereum,4.35,USDT,175324570,14.13,0
2024-08-31,Convex,Ethereum,5.01,DAI,182555877,13.63,0
2024-08-31,Balancer,Ethereum,5.77,USDC,136283516,13.87,0
2024-08-31,Balancer,Ethereum,5.83,USDT,139150798,11.7,0
2024-08-31,Balancer,Arbitrum,6.25,USDC,122058986,1.68,6.14
2024-08-31,Balancer,Arbitrum,8.51,USDT,124961291,1.47,5.24
2024-08-31,Balancer,Arbitrum,4.7,DAI,118455508,1.68,4.76
2024-08-31,Balancer,Optimism,7.34,USDC,134136118,1.17,4.58
2024-08-31,Balancer,Optimism,6.17,DAI,132254020,0.88,3.01
2024-08-31,Balancer,Polygon,6.7,USDC,125784060,0.72,3.42
2024-08-31,Balancer,Polygon,7.73,USDT,132216570,0.76,2.97
2024-08-31,Balancer,Polygon,8.76,DAI,117484943,0.64,3.74
2024-08-31,Balancer,Base,7.93,USDC,121761126,0.97,3.93
2024-08-31,Balancer,Base,5.82,USDT,130756933,0.82,4.59
2024-08-31,Balancer,Base,5.13,DAI,116266530,1.08,4.49
2024-09-01,Aave,Ethereum,3.13,USDT,305752018,12.72,0
2024-09-01,Aave,Ethereum,3.35,DAI,290469101,15.5,0
2024-09-01,Aave,Arbitrum,3.7,USDC,275773580,1.31,4.94
2024-09-01,Aave,Arbitrum,3.62,USDT,299077468,1.14,4.94
2024-09-01,Aave,Arbitrum,3.73,DAI,291595764,1.75,3.78
2024-09-01,Aave,Optimism,3.36,USDC,287995306,1.57,3.99
2024-09-01,Aave,Optimism,4.54,DAI,287879491,1.16,5.08
2024-09-01,Aave,Polygon,4.41,USDC,290903441,0.77,3.22
2024-09-01,Aave,Polygon,3.42,USDT,290286765,0.81,2.38
2024-09-01,Aave,Base,3.99,USDC,270905128,0.74,3.64
2024-09-01,Aave,Base,3.87,USDT,285307373,0.95,4.03
2024-09-01,Aave,Base,2.94,DAI,306441162,1.11,4.43
2024-09-01,Compound,Ethereum,2.89,USDC,208916466,10.49,0
2024-09-01,Compound,Ethereum,2.85,USDT,227430966,11.52,0
2024-09-01,Compound,Ethereum,2.72,DAI,209223485,13.23,0
2024-09-01,Compound,Arbitrum,3.59,USDC,197884860,1.74,4.67
2024-09-01,Compound,Arbitrum,4.07,USDT,203349201,1.66,4.48
2024-09-01,Compound,Arbitrum,3.9,DAI,203786477,1.9,4.84
2024-09-01,Compound,Optimism,3.22,USDC,208105608,1.53,3.84
2024-09-01,Compound,Optimism,3.17,USDT,221482971,1.14,2.98
2024-09-01,Compound,Optimism,3.79,DAI,221329317,0.98,3.57
2024-09-01,Compound,Polygon,4.92,USDC,227314993,0.82,3.74
2024-09-01,Compound,Polygon,3.27,USDT,206886486,0.71,3.17
2024-09-01,Compound,Polygon,4.57,DAI,213535100,0.56,2.39
2024-09-01,Compound,Base,3.21,USDC,197623727,1.06,4.16
2024-09-01,Compound,Base,3.21,USDT,207502124,0.68,4.16
2024-09-01,Compound,Base,3.47,DAI,212277758,0.71,2.29
2024-09-01,Curve,Ethereum,4.31,USDC,357409314,13.61,0
2024-09-01,Curve,Ethereum,4.67,USDT,387062374,9.39,0
2024-09-01,Curve,Ethereum,5.72,DAI,351011073,11.57,0
2024-09-01,Curve,Arbitrum,6.57,USDC,353388242,1.65,5.5
2024-09-01,Curve,Arbitrum,6.12,USDT,362550315,1.66,4.72
2024-09-01,Curve,Optimism,6.51,USDC,353787970,1.11,3.52
2024-09-01,Curve,Optimism,6.78,DAI,378923759,0.84,3.46
2024-09-01,Curve,Polygon,7.21,USDC,367635643,0.68,2.65
2024-09-01,Curve,Polygon,7.85,USDT,355618637,0.85,2.74
2024-09-01,Curve,Base,6.08,USDC,369289126,0.9,4.75
2024-09-01,Curve,Base,6.81,USDT,401407131,0.87,3.42
2024-09-01,Curve,Base,5.72,DAI,368953529,0.81,3.17
2024-09-01,Uniswap V3,Ethereum,5.85,USDC,116270932,13.88,0
2024-09-01,Uniswap V3,Ethereum,5.46,USDT,117197822,10.21,0
2024-09-01,Uniswap V3,Ethereum,6.6,DAI,108009971,15.73,0
2024-09-01,Uniswap V3,Arbitrum,5.85,USDC,109641905,1.65,4.62
2024-09-01,Uniswap V3,Arbitrum,8.53,USDT,113365363,1.69,3.28
2024-09-01,Uniswap V3,Arbitrum,8.82,DAI,109519376,1.64,5.49
2024-09-01,Uniswap V3,Optimism,8.94,USDC,118232986,1.47,2.64
2024-09-01,Uniswap V3,Optimism,6.74,USDT,116162313,1.21,4.37
2024-09-01,Uniswap V3,Optimism,7.52,DAI,112380607,1.38,3.1
2024-09-01,Uniswap V3,Polygon,6.41,USDC,104912735,0.41,2.62
2024-09-01,Uniswap V3,Polygon,6.1,USDT,109307398,0.72,2.73
2024-09-01,Uniswap V3,Polygon,6.79,DAI,110249039,0.76,3.31
2024-09-01,Uniswap V3,Base,8.13,USDC,109328441,0.97,5.58
2024-09-01,Uniswap V3,Base,6.86,USDT,111919628,0.87,3.31
2024-09-01,Uniswap V3,Base,6.82,DAI,104684439,0.9,3.65
2024-09-01,Yearn,Ethereum,3.3,USDC,145007808,11.64,0
2024-09-01,Yearn,Ethereum,4.61,USDT,141709537,10.81,0
2024-09-01,Yearn,Ethereum,4.37,DAI,146775989,11.25,0
2024-09-01,Yearn,Arbitrum,5.38,USDT,152490329,1.02,3.76
2024-09-01,Yearn,Arbitrum,4.03,DAI,129870149,1.82,5.19
2024-09-01,Yearn,Optimism,4.52,USDC,135945438,1.34,3.33
2024-09-01,Yearn,Optimism,5.39,USDT,131797912,1.34,5.01
2024-09-01,Yearn,Optimism,5.36,DAI,136551706,1.42,3.91
2024-09-01,Yearn,Polygon,5.33,USDC,129182955,0.63,2.61
2024-09-01,Yearn,Polygon,4.99,USDT,136652285,0.66,3.68
2024-09-01,Yearn,Base,5.58,USDT,141167781,0.88,3.37
2024-09-01,Yearn,Base,4.95,DAI,136898398,0.66,3.38
2024-09-01,Pendle,Ethereum,7.36,USDC,79379236,9.69,0
2024-09-01,Pendle,Ethereum,8.49,USDT,84165208,15.18,0
2024-09-01,Pendle,Ethereum,7.61,DAI,90805423,8.99,0
2024-09-01,Pendle,Arbitrum,9.71,USDC,95421762,1.47,5.49
2024-09-01,Pendle,Arbitrum,10.59,USDT,92304689,2.1,6.36
2024-09-01,Pendle,Arbitrum,10.54,DAI,84106051,1.7,4.42
2024-09-01,Pendle,Optimism,9.19,USDC,83505838,1.11,3.81
2024-09-01,Pendle,Optimism,9.19,USDT,88882080,1.19,5.41
2024-09-01,Pendle,Optimism,8.28,DAI,90713877,1.14,4.11
2024-09-01,Pendle,Base,9.49,USDC,90017190,1.04,3.6
2024-09-01,Convex,Ethereum,3.5,USDC,163949718,14.25,0
2024-09-01,Convex,Ethereum,4.36,USDT,159635126,12.9,0
2024-09-01,Balancer,Ethereum,4.79,USDC,133745776,10.6,0
2024-09-01,Balancer,Ethereum,6.81,USDT,133103694,13.42,0
2024-09-01,Balancer,Ethereum,5.3,DAI,125845689,11.38,0
2024-09-01,Balancer,Arbitrum,7.1,USDC,134736556,1.75,5.48
2024-09-01,Balancer,Arbitrum,8.18,USDT,133444998,1.82,4.2
2024-09-01,Balancer,Optimism,6.46,USDC,128051144,1.3,5.56
2024-09-01,Balancer,Optimism,6.54,USDT,126242529,1.09,3.22
2024-09-01,Balancer,Optimism,7.38,DAI,114475734,1.03,4.17
2024-09-01,Balancer,Polygon,6.71,USDC,118069612,0.53,2.84
2024-09-01,Balancer,Polygon,8.01,DAI,132320622,0.71,1.47
2024-09-01,Balancer,Base,6.2,USDC,124888151,1.02,4.58
2024-09-01,Balancer,Base,6.55,USDT,130444450,1.02,4.12
2024-09-01,Balancer,Base,6.32,DAI,131558281,0.7,4.84
2024-09-02,Aave,Ethereum,3.35,USDC,285385061,18.74,0
2024-09-02,Aave,Ethereum,2.83,USDT,293333310,19.37,0
2024-09-02,Aave,Ethereum,2.63,DAI,301544251,16.01,0
2024-09-02,Aave,Arbitrum,3.9,USDC,299311156,2.66,5.43
2024-09-02,Aave,Arbitrum,4.18,USDT,296606691,2.09,6.75
2024-09-02,Aave,Arbitrum,4.03,DAI,299395503,2.64,3.45
2024-09-02,Aave,Optimism,3.95,USDC,294881079,1.45,3.69
2024-09-02,Aave,Optimism,3.79,USDT,299449423,1.96,3.13
2024-09-02,Aave,Optimism,3.25,DAI,297807030,1.45,4.17
2024-09-02,Aave,Polygon,4.09,USDC,305656678,0.99,3.72
2024-09-02,Aave,Polygon,3.31,DAI,311276606,1.25,2.09
2024-09-02,Aave,Base,3.5,USDC,309617426,1.57,3.47
2024-09-02,Aave,Base,3.01,USDT,286505451,1.61,4.64
2024-09-02,Aave,Base,4.18,DAI,292456493,1.55,2.6
2024-09-02,Compound,Ethereum,3.16,USDC,220145504,18.02,0
2024-09-02,Compound,Ethereum,3.04,USDT,230297727,16.67,0
2024-09-02,Compound,Ethereum,2.68,DAI,236624735,20.34,0
2024-09-02,Compound,Arbitrum,3.45,USDC,215869144,2.04,4.47
2024-09-02,Compound,Arbitrum,3.84,USDT,200093011,2.83,6.16
2024-09-02,Compound,Arbitrum,3.25,DAI,203284667,2.42,5.34
2024-09-02,Compound,Optimism,3.5,USDC,229772678,2.22,3.65
2024-09-02,Compound,Optimism,3.49,USDT,214229537,1.83,2.79
2024-09-02,Compound,Optimism,3.96,DAI,211703273,1.41,2.07
2024-09-02,Compound,Polygon,3.87,USDC,200948732,0.97,2.56
2024-09-02,Compound,Polygon,3.98,USDT,211734550,1.08,3.42
2024-09-02,Compound,Polygon,4.15,DAI,199592650,0.8,2.85
2024-09-02,Compound,Base,3.36,USDC,207123211,1.43,3.27
2024-09-02,Compound,Base,3.65,USDT,201938153,1.27,4.69
2024-09-02,Compound,Base,3.16,DAI,196393692,1.35,4.64
2024-09-02,Curve,Ethereum,5.38,USDC,393339591,13.81,0
2024-09-02,Curve,Ethereum,6.36,USDT,383948083,15.62,0
2024-09-02,Curve,Ethereum,5.44,DAI,396721777,14.08,0
2024-09-02,Curve,Arbitrum,6.81,USDT,389766759,2.59,3.04
2024-09-02,Curve,Arbitrum,8.17,DAI,367015613,2.2,3.73
2024-09-02,Curve,Optimism,6.36,USDC,401596191,1.64,3.69
2024-09-02,Curve,Optimism,6.87,USDT,374486993,1.93,4.63
2024-09-02,Curve,Optimism,6.16,DAI,351436299,1.48,4.69
2024-09-02,Curve,Polygon,5.97,USDT,365278208,1.13,3.27
2024-09-02,Curve,Polygon,6.59,DAI,356119397,0.99,2.75
2024-09-02,Curve,Base,6.57,USDC,355687079,1.48,3.6
2024-09-02,Curve,Base,6.3,USDT,348124189,1.34,3.88
2024-09-02,Curve,Base,7.44,DAI,383951423,1.41,5.04
2024-09-02,Uniswap V3,Ethereum,4.93,USDC,111884327,16.71,0
2024-09-02,Uniswap V3,Ethereum,5.59,USDT,114456800,20.47,0
2024-09-02,Uniswap V3,Ethereum,5.77,DAI,115601424,17.72,0
2024-09-02,Uniswap V3,Arbitrum,6.36,USDC,118120758,2.39,4.54
2024-09-02,Uniswap V3,Arbitrum,7.62,USDT,112091476,2.66,4.86
2024-09-02,Uniswap V3,Arbitrum,8.78,DAI,110719694,2.27,4.23
2024-09-02,Uniswap V3,Optimism,7.91,DAI,117761218,1.67,2.3
2024-09-02,Uniswap V3,Polygon,7.01,USDC,113365035,1.05,2.54
2024-09-02,Uniswap V3,Polygon,6.45,USDT,114090395,0.89,2.13
2024-09-02,Uniswap V3,Polygon,6.77,DAI,105541130,1.08,3.11
2024-09-02,Uniswap V3,Base,8.47,USDT,101862251,1.22,3.96
2024-09-02,Uniswap V3,Base,6.83,DAI,109764442,1.45,3.04
2024-09-02,Yearn,Ethereum,4.02,USDC,135371922,24.36,0
2024-09-02,Yearn,Ethereum,4.06,USDT,140945337,24.38,0
2024-09-02,Yearn,Ethereum,4.13,DAI,136205043,14.77,0
2024-09-02,Yearn,Arbitrum,5.22,USDC,144551630,2.22,4.41
2024-09-02,Yearn,Arbitrum,5.25,USDT,136326513,2.86,5.82
2024-09-02,Yearn,Arbitrum,3.58,DAI,131312925,2.9,3.87
2024-09-02,Yearn,Optimism,5.53,USDC,146070298,1.96,4.76
2024-09-02,Yearn,Optimism,4.65,USDT,149398752,2.04,5.02
2024-09-02,Yearn,Optimism,4.82,DAI,151508077,1.78,2.19
2024-09-02,Yearn,Polygon,6.5,USDC,144583175,0.73,2.37
2024-09-02,Yearn,Polygon,4.61,USDT,142758060,0.91,4.43
2024-09-02,Yearn,Polygon,5.45,DAI,140546849,0.92,2.88
2024-09-02,Yearn,Base,3.97,USDC,150877265,1.6,2.23
2024-09-02,Yearn,Base,5.01,USDT,144263580,1.61,4.86
2024-09-02,Yearn,Base,4.23,DAI,142046228,1.21,4.67
2024-09-02,Pendle,Ethereum,8.77,USDC,91274361,18.04,0
2024-09-02,Pendle,Ethereum,8.72,USDT,88811067,19.42,0
2024-09-02,Pendle,Ethereum,7.23,DAI,94708906,21.1,0
2024-09-02,Pendle,Arbitrum,9.36,USDC,91745524,1.56,4.24
2024-09-02,Pendle,Arbitrum,8.28,DAI,94386526,2.44,4.95
2024-09-02,Pendle,Optimism,8.71,USDC,89185160,1.6,5.22
2024-09-02,Pendle,Optimism,9.22,USDT,91232502,1.96,3.45
2024-09-02,Pendle,Optimism,8.22,DAI,89924746,1.44,4.23
2024-09-02,Pendle,Base,8.52,USDC,84920414,1.83,4.05
2024-09-02,Pendle,Base,8.61,USDT,87564257,1.51,4.18
2024-09-02,Pendle,Base,9.17,DAI,89086217,1.28,3.94
2024-09-02,Convex,Ethereum,4.17,USDC,189003505,18.23,0
2024-09-02,Convex,Ethereum,4.37,DAI,174994080,19.6,0
2024-09-02,Balancer,Ethereum,4.8,USDC,130187062,16.51,0
2024-09-02,Balancer,Ethereum,5.21,USDT,126036534,17.61,0
2024-09-02,Balancer,Ethereum,5.03,DAI,128800518,18.55,0
2024-09-02,Balancer,Arbitrum,6.1,USDT,123332192,2.14,6.01
2024-09-02,Balancer,Arbitrum,6.27,DAI,131095358,2.38,3.65
2024-09-02,Balancer,Optimism,7.07,USDC,126083789,1.94,3.34
2024-09-02,Balancer,Optimism,7.03,USDT,140721647,1.69,3.4
2024-09-02,Balancer,Optimism,5.65,DAI,136272461,1.87,4.02
2024-09-02,Balancer,Polygon,7.47,USDC,130824896,0.96,2.71
2024-09-02,Balancer,Polygon,7.07,USDT,130348232,1.17,3.32
2024-09-02,Balancer,Polygon,7.03,DAI,131739322,1.01,3.19
2024-09-02,Balancer,Base,7.38,USDC,130559928,1.29,4.29
2024-09-02,Balancer,Base,7.75,USDT,133461132,1.44,4.7
2024-09-02,Balancer,Base,7.08,DAI,126030632,1.56,4.1
2024-09-03,Aave,Ethereum,3.36,USDC,318300669,14.1,0
2024-09-03,Aave,Ethereum,3.02,USDT,293026406,16.75,0
2024-09-03,Aave,Ethereum,2.98,DAI,282621593,17.92,0
2024-09-03,Aave,Arbitrum,3.59,USDC,323165201,2.45,4.24
2024-09-03,Aave,Arbitrum,3.82,USDT,301812270,2.16,5.67
2024-09-03,Aave,Arbitrum,4.24,DAI,301790392,2.5,4.13
2024-09-03,Aave,Optimism,3.79,USDC,273148820,1.65,3.66
2024-09-03,Aave,Optimism,3.83,DAI,295552879,1.31,2.67
2024-09-03,Aave,Polygon,4.41,USDC,309459356,1.05,2.51
2024-09-03,Aave,Polygon,4.04,USDT,317264988,0.89,3.4
2024-09-03,Aave,Polygon,4.82,DAI,280553745,0.86,4.06
2024-09-03,Aave,Base,4.36,USDC,327682732,1.14,3.24
2024-09-03,Aave,Base,3.98,USDT,276490118,1.24,4.57
2024-09-03,Aave,Base,3.81,DAI,304941426,1.63,3.85
2024-09-03,Compound,Ethereum,3.24,USDC,211567010,15.46,0
2024-09-03,Compound,Ethereum,2.41,USDT,215263680,21.67,0
2024-09-03,Compound,Ethereum,3.12,DAI,213830536,17.62,0
2024-09-03,Compound,Arbitrum,3.59,USDC,218305762,2.72,6.62
2024-09-03,Compound,Arbitrum,3.49,USDT,232194188,2.92,7.1
2024-09-03,Compound,Optimism,3.61,USDC,208645223,1.84,5.44
2024-09-03,Compound,Optimism,2.81,USDT,224604690,1.88,4.25
2024-09-03,Compound,Optimism,3.93,DAI,202578018,1.97,4.37
2024-09-03,Compound,Polygon,3.68,USDC,225731595,1.1,1.81
2024-09-03,Compound,Polygon,3.48,USDT,218374337,1.15,2.25
2024-09-03,Compound,Polygon,4.42,DAI,225702652,0.87,2.94
2024-09-03,Compound,Base,3.87,USDC,221673225,1.2,4.81
2024-09-03,Compound,Base,3.5,USDT,210648090,1.72,3.29
2024-09-03,Compound,Base,3.22,DAI,213122569,1.21,3.63
2024-09-03,Curve,Ethereum,5.53,USDC,378234221,19.55,0
2024-09-03,Curve,Ethereum,5.21,USDT,401859389,14.45,0
2024-09-03,Curve,Ethereum,6.37,DAI,376967773,18.76,0
2024-09-03,Curve,Arbitrum,6.3,USDC,369994069,2.59,4.14
2024-09-03,Curve,Arbitrum,6.13,USDT,393585941,1.83,6.09
2024-09-03,Curve,Arbitrum,7.55,DAI,403383767,2.51,5.01
2024-09-03,Curve,Optimism,8.11,USDC,416585039,1.94,4.51
2024-09-03,Curve,Optimism,7.18,DAI,382743801,1.42,4.68
2024-09-03,Curve,Polygon,6.76,USDC,377661535,0.68,2.3
2024-09-03,Curve,Polygon,5.74,USDT,378162042,1.03,3.07
2024-09-03,Curve,Polygon,4.63,DAI,400137704,0.91,2.62
2024-09-03,Curve,Base,4.85,USDC,400523800,1.37,4.7
2024-09-03,Curve,Base,8.1,USDT,381909612,1.56,3.5
2024-09-03,Curve,Base,6.64,DAI,400892820,1.33,3.88
2024-09-03,Uniswap V3,Ethereum,5.38,USDC,110640689,18.89,0
2024-09-03,Uniswap V3,Ethereum,6.29,DAI,116877630,21.26,0
2024-09-03,Uniswap V3,Arbitrum,6.79,USDC,112535416,2.38,3.55
2024-09-03,Uniswap V3,Arbitrum,7.79,USDT,111497486,2.33,4.03
2024-09-03,Uniswap V3,Arbitrum,7.06,DAI,111475885,2.09,5.12
2024-09-03,Uniswap V3,Optimism,7.44,USDC,116934531,1.77,3.04
2024-09-03,Uniswap V3,Optimism,7.14,USDT,109911203,2.18,5.26
2024-09-03,Uniswap V3,Optimism,8.19,DAI,114619307,1.45,4.46
2024-09-03,Uniswap V3,Polygon,7.73,USDC,115814689,1.17,3.55
2024-09-03,Uniswap V3,Polygon,8.29,USDT,111269145,1.1,3.64
2024-09-03,Uniswap V3,Polygon,9.28,DAI,114584501,0.8,2.72
2024-09-03,Uniswap V3,Base,8.16,USDC,107469338,1.45,3.4
2024-09-03,Uniswap V3,Base,7.9,DAI,109104976,1.47,3.76
2024-09-03,Yearn,Ethereum,4.62,USDC,135533357,16.77,0
2024-09-03,Yearn,Ethereum,3.79,USDT,143517244,15.87,0
2024-09-03,Yearn,Ethereum,4.37,DAI,151481508,18.99,0
2024-09-03,Yearn,Arbitrum,4.26,USDC,146034312,2.13,5.26
2024-09-03,Yearn,Arbitrum,4.5,USDT,145850615,2.0,5.07
2024-09-03,Yearn,Arbitrum,5.77,DAI,142162547,2.47,4.48
2024-09-03,Yearn,Optimism,3.41,USDC,139964681,1.89,2.54
2024-09-03,Yearn,Optimism,5.77,USDT,136156280,1.78,5.06
2024-09-03,Yearn,Polygon,5.08,USDC,144227487,1.14,3.76
2024-09-03,Yearn,Polygon,3.89,USDT,143193813,0.97,2.79
2024-09-03,Yearn,Polygon,4.92,DAI,161303228,0.97,2.85
2024-09-03,Yearn,Base,4.37,USDC,141117678,1.44,5.08
2024-09-03,Yearn,Base,5.16,USDT,147376002,1.27,4.71
2024-09-03,Yearn,Base,5.68,DAI,150904350,1.47,3.47
2024-09-03,Pendle,Ethereum,6.51,USDC,93484824,16.53,0
2024-09-03,Pendle,Ethereum,8.77,USDT,93985442,15.12,0
2024-09-03,Pendle,Ethereum,9.63,DAI,84525208,22.41,0
2024-09-03,Pendle,Arbitrum,10.3,USDC,92303504,2.07,5.11
2024-09-03,Pendle,Arbitrum,8.38,DAI,84932263,2.94,5.3
2024-09-03,Pendle,Optimism,9.51,USDC,87093127,2.01,4.32
2024-09-03,Pendle,Optimism,10.17,USDT,81366368,1.37,4.38
2024-09-03,Pendle,Optimism,7.96,DAI,88514560,2.42,4.16
2024-09-03,Pendle,Base,9.04,USDC,88493452,1.64,3.89
2024-09-03,Pendle,Base,10.82,USDT,92303577,1.2,4.34
2024-09-03,Pendle,Base,9.59,DAI,91211702,1.59,2.91
2024-09-03,Convex,Ethereum,4.49,USDC,175370776,21.53,0
2024-09-03,Convex,Ethereum,4.76,USDT,192069759,22.77,0
2024-09-03,Balancer,Ethereum,5.53,USDC,135637334,18.03,0
2024-09-03,Balancer,Ethereum,5.39,USDT,135914542,21.62,0
2024-09-03,Balancer,Ethereum,6.64,DAI,133630086,20.12,0
2024-09-03,Balancer,Arbitrum,6.12,USDC,131846240,2.83,5.22
2024-09-03,Balancer,Arbitrum,7.2,DAI,130541817,2.28,3.23
2024-09-03,Balancer,Optimism,6.33,USDC,134005963,2.09,5.96
2024-09-03,Balancer,Optimism,4.57,USDT,131734780,1.6,5.02
2024-09-03,Balancer,Optimism,6.16,DAI,136116126,1.59,4.94
2024-09-03,Balancer,Polygon,6.98,USDC,126407723,1.11,2.54
2024-09-03,Balancer,Polygon,6.19,USDT,133318056,1.13,2.97
2024-09-03,Balancer,Polygon,8.07,DAI,128324718,1.03,3.29
2024-09-03,Balancer,Base,7.15,USDC,135558667,1.94,4.4
2024-09-03,Balancer,Base,6.53,USDT,132474628,1.48,4.87
2024-09-03,Balancer,Base,7.12,DAI,133139096,1.54,4.15
2024-09-04,Aave,Ethereum,2.87,USDC,317299194,16.45,0
2024-09-04,Aave,Ethereum,2.93,USDT,300775337,16.34,0
2024-09-04,Aave,Ethereum,2.94,DAI,267869690,19.4,0
2024-09-04,Aave,Arbitrum,4.95,USDC,327114971,1.73,4.31
2024-09-04,Aave,Arbitrum,3.93,USDT,304947532,2.49,4.8
2024-09-04,Aave,Arbitrum,3.6,DAI,303345783,1.93,5.28
2024-09-04,Aave,Optimism,3.61,USDC,315494496,1.8,4.34
2024-09-04,Aave,Optimism,3.97,USDT,299558000,1.84,6.15
2024-09-04,Aave,Optimism,3.95,DAI,316982799,1.97,3.6
2024-09-04,Aave,Polygon,4.37,USDC,307603201,0.84,3.03
2024-09-04,Aave,Polygon,4.67,USDT,309274493,0.95,3.13
2024-09-04,Aave,Base,3.63,USDC,295795185,1.36,4.15
2024-09-04,Aave,Base,3.47,USDT,312328538,1.47,3.88
2024-09-04,Compound,Ethereum,2.8,USDC,208916574,19.73,0
2024-09-04,Compound,Ethereum,3.17,DAI,222553359,18.33,0
2024-09-04,Compound,Arbitrum,3.19,USDC,225793867,2.05,6.57
2024-09-04,Compound,Arbitrum,3.21,USDT,230005874,3.08,4.16
2024-09-04,Compound,Arbitrum,2.83,DAI,225414656,2.37,4.34
2024-09-04,Compound,Optimism,3.26,USDC,239402860,1.67,4.02
2024-09-04,Compound,Optimism,3.96,USDT,221838884,1.71,2.81
2024-09-04,Compound,Optimism,3.6,DAI,200750450,2.04,2.58
2024-09-04,Compound,Polygon,4.18,USDC,219746308,0.98,3.06
2024-09-04,Compound,Polygon,4.0,USDT,216657279,0.95,3.46
2024-09-04,Compound,Polygon,3.81,DAI,219943330,0.95,2.32
2024-09-04,Compound,Base,3.39,USDC,215452348,1.32,4.25
2024-09-04,Compound,Base,3.64,USDT,210379937,1.76,4.54
2024-09-04,Compound,Base,3.04,DAI,210379893,1.57,4.6
2024-09-04,Curve,Ethereum,4.17,USDC,420448680,13.99,0
2024-09-04,Curve,Ethereum,5.34,USDT,402987350,16.63,0
2024-09-04,Curve,Ethereum,6.06,DAI,406741601,19.76,0
2024-09-04,Curve,Arbitrum,7.82,USDC,407432070,2.02,6.22
2024-09-04,Curve,Arbitrum,5.92,USDT,340304303,2.19,4.77
2024-09-04,Curve,Arbitrum,6.3,DAI,356749573,2.18,5.0
2024-09-04,Curve,Optimism,6.93,USDC,368283855,2.17,3.14
2024-09-04,Curve,Optimism,5.83,USDT,387557193,1.69,5.22
2024-09-04,Curve,Optimism,6.92,DAI,394329810,2.16,2.26
2024-09-04,Curve,Polygon,7.78,USDC,386233775,0.83,3.03
2024-09-04,Curve,Polygon,6.82,USDT,403166233,0.89,2.29
2024-09-04,Curve,Polygon,6.33,DAI,366457550,1.08,2.6
2024-09-04,Curve,Base,6.88,USDT,385268378,1.55,3.07
2024-09-04,Curve,Base,6.81,DAI,401950040,1.81,5.06
2024-09-04,Uniswap V3,Ethereum,5.9,USDC,119080466,18.3,0
2024-09-04,Uniswap V3,Ethereum,5.41,DAI,121763733,16.44,0
2024-09-04,Uniswap V3,Arbitrum,9.01,USDC,114268589,2.41,4.47
2024-09-04,Uniswap V3,Arbitrum,8.02,USDT,118944140,1.74,3.71
2024-09-04,Uniswap V3,Arbitrum,5.13,DAI,119297335,2.04,2.91
2024-09-04,Uniswap V3,Optimism,5.94,USDC,115213601,1.5,4.76
2024-09-04,Uniswap V3,Optimism,7.52,USDT,108656743,1.92,4.53
2024-09-04,Uniswap V3,Optimism,7.12,DAI,113406913,2.02,4.12
2024-09-04,Uniswap V3,Polygon,6.41,DAI,115431425,1.2,2.0
2024-09-04,Uniswap V3,Base,7.31,USDT,115652159,1.27,4.57
2024-09-04,Uniswap V3,Base,7.87,DAI,119221002,1.22,3.4
2024-09-04,Yearn,Ethereum,4.01,USDC,142587829,18.52,0
2024-09-04,Yearn,Ethereum,3.62,USDT,148356315,20.49,0
2024-09-04,Yearn,Ethereum,3.42,DAI,142713320,17.68,0
2024-09-04,Yearn,Arbitrum,5.86,USDC,151624508,2.55,5.42
2024-09-04,Yearn,Arbitrum,5.51,USDT,148884625,2.16,5.95
2024-09-04,Yearn,Arbitrum,6.07,DAI,138593650,2.46,4.63
2024-09-04,Yearn,Optimism,4.65,USDC,146745523,2.11,3.71
2024-09-04,Yearn,Optimism,4.6,USDT,146349688,1.72,3.42
2024-09-04,Yearn,Optimism,3.74,DAI,148927561,1.82,3.6
2024-09-04,Yearn,Polygon,4.72,USDC,136725772,0.91,3.48
2024-09-04,Yearn,Polygon,6.95,USDT,145682476,0.91,3.63
2024-09-04,Yearn,Polygon,5.65,DAI,149792271,0.9,3.23
2024-09-04,Yearn,Base,4.41,USDC,146325565,1.55,2.5
2024-09-04,Yearn,Base,5.07,USDT,145303857,1.51,4.3
2024-09-04,Yearn,Base,5.54,DAI,144195633,1.24,2.21
2024-09-04,Pendle,Ethereum,10.31,USDC,86293790,13.9,0
2024-09-04,Pendle,Ethereum,10.59,USDT,84312681,15.4,0
2024-09-04,Pendle,Ethereum,8.91,DAI,87788288,21.08,0
2024-09-04,Pendle,Arbitrum,9.12,USDC,100942889,2.46,5.99
2024-09-04,Pendle,Arbitrum,11.15,USDT,89101059,2.53,3.19
2024-09-04,Pendle,Arbitrum,9.77,DAI,93820512,3.08,4.76
2024-09-04,Pendle,Optimism,10.74,USDC,88671843,1.46,3.03
2024-09-04,Pendle,Optimism,9.02,USDT,87075226,2.14,4.73
2024-09-04,Pendle,Optimism,9.35,DAI,97130681,1.9,5.47
2024-09-04,Pendle,Base,10.4,USDC,95847556,1.42,4.45
2024-09-04,Pendle,Base,9.85,DAI,88589109,1.33,4.23
2024-09-04,Convex,Ethereum,4.86,USDC,172902924,13.11,0
2024-09-04,Convex,Ethereum,4.7,DAI,180449533,17.14,0
2024-09-04,Balancer,Ethereum,6.16,USDC,131045961,16.47,0
2024-09-04,Balancer,Ethereum,5.5,USDT,136596239,17.26,0
2024-09-04,Balancer,Ethereum,5.63,DAI,130875544,18.65,0
2024-09-04,Balancer,Arbitrum,6.33,USDT,145990336,1.92,5.35
2024-09-04,Balancer,Arbitrum,6.84,DAI,140896082,2.32,5.95
2024-09-04,Balancer,Optimism,7.66,USDC,126262239,2.16,4.92
2024-09-04,Balancer,Optimism,5.59,USDT,131848094,1.91,3.45
2024-09-04,Balancer,Optimism,7.65,DAI,133815523,1.62,4.33
2024-09-04,Balancer,Polygon,7.97,USDC,132167649,0.91,2.89
2024-09-04,Balancer,Polygon,7.67,USDT,128918670,0.71,3.18
2024-09-04,Balancer,Polygon,6.19,DAI,144473177,0.98,3.85
2024-09-04,Balancer,Base,6.64,DAI,135220555,1.63,3.65
2024-09-05,Aave,Ethereum,4.28,USDC,305047546,14.99,0
2024-09-05,Aave,Ethereum,3.02,USDT,305709811,19.66,0
2024-09-05,Aave,Ethereum,2.75,DAI,319461635,21.09,0
2024-09-05,Aave,Arbitrum,4.33,USDT,314503752,2.4,5.45
2024-09-05,Aave,Optimism,3.46,USDC,307046072,1.63,3.46
2024-09-05,Aave,Optimism,3.69,USDT,303632658,1.76,4.01
2024-09-05,Aave,Optimism,3.98,DAI,307050792,1.82,4.57
2024-09-05,Aave,Polygon,4.74,USDC,320414068,1.03,3.18
2024-09-05,Aave,Polygon,3.85,USDT,306683532,1.1,2.55
2024-09-05,Aave,Polygon,3.69,DAI,298345092,1.03,4.15
2024-09-05,Aave,Base,3.98,USDC,297315153,1.3,4.51
2024-09-05,Aave,Base,3.42,USDT,304157258,1.22,3.28
2024-09-05,Aave,Base,3.68,DAI,293639599,1.32,4.84
2024-09-05,Compound,Ethereum,2.87,USDC,231513173,18.72,0
2024-09-05,Compound,Ethereum,2.8,USDT,213434791,23.66,0
2024-09-05,Compound,Arbitrum,3.59,USDC,216645673,2.28,4.02
2024-09-05,Compound,Arbitrum,4.17,USDT,224161870,2.55,4.76
2024-09-05,Compound,Arbitrum,4.03,DAI,226609278,2.58,4.44
2024-09-05,Compound,Optimism,3.64,USDC,234962099,2.26,3.33
2024-09-05,Compound,Optimism,3.63,USDT,229017925,1.89,2.46
2024-09-05,Compound,Optimism,3.37,DAI,234366008,1.9,2.92
2024-09-05,Compound,Polygon,4.07,USDC,203713670,1.04,3.13
2024-09-05,Compound,Polygon,3.98,USDT,224255161,0.95,3.21
2024-09-05,Compound,Base,3.5,USDC,216715392,1.35,3.1
2024-09-05,Compound,Base,3.82,USDT,217072938,1.29,3.94
2024-09-05,Curve,Ethereum,5.5,USDC,398872215,19.6,0
2024-09-05,Curve,Ethereum,6.02,USDT,377245049,18.26,0
2024-09-05,Curve,Ethereum,6.63,DAI,394251429,17.97,0
2024-09-05,Curve,Arbitrum,6.26,USDC,390827840,1.92,3.52
2024-09-05,Curve,Arbitrum,7.21,USDT,385296449,1.97,4.07
2024-09-05,Curve,Arbitrum,5.71,DAI,392184644,1.82,4.98
2024-09-05,Curve,Optimism,6.28,USDC,407074765,1.68,4.28
2024-09-05,Curve,Optimism,5.98,USDT,415276489,1.99,3.62
2024-09-05,Curve,Optimism,6.58,DAI,404181549,1.89,3.98
2024-09-05,Curve,Polygon,6.93,USDC,398135095,1.02,2.94
2024-09-05,Curve,Polygon,7.62,USDT,379137049,1.16,3.83
2024-09-05,Curve,Polygon,8.26,DAI,370782674,1.21,2.89
2024-09-05,Curve,Base,7.91,USDC,400257963,1.46,3.19
2024-09-05,Curve,Base,6.2,USDT,376954113,1.56,4.61
2024-09-05,Uniswap V3,Ethereum,5.86,USDC,119457816,20.17,0
2024-09-05,Uniswap V3,Ethereum,5.46,USDT,113263264,15.97,0
2024-09-05,Uniswap V3,Ethereum,5.74,DAI,113262310,15.28,0
2024-09-05,Uniswap V3,Arbitrum,7.54,USDC,112378109,3.48,3.68
2024-09-05,Uniswap V3,Arbitrum,6.59,USDT,120502928,2.22,6.67
2024-09-05,Uniswap V3,Arbitrum,6.36,DAI,112340599,2.35,6.03
2024-09-05,Uniswap V3,Optimism,7.11,USDC,111925989,1.99,4.37
2024-09-05,Uniswap V3,Optimism,6.76,USDT,111940496,1.77,4.7
2024-09-05,Uniswap V3,Optimism,7.5,DAI,126347808,1.32,3.02
2024-09-05,Uniswap V3,Polygon,7.66,USDT,117714192,0.94,3.29
2024-09-05,Uniswap V3,Polygon,7.77,DAI,116415707,0.78,2.62
2024-09-05,Uniswap V3,Base,7.69,USDC,108017858,1.66,3.86
2024-09-05,Uniswap V3,Base,6.3,USDT,112073688,1.38,3.23
2024-09-05,Uniswap V3,Base,6.59,DAI,122046809,1.67,3.24
2024-09-05,Yearn,Ethereum,4.33,USDT,142908144,22.48,0
2024-09-05,Yearn,Ethereum,4.64,DAI,159301591,20.84,0
2024-09-05,Yearn,Arbitrum,4.54,USDC,145072300,2.6,4.96
2024-09-05,Yearn,Arbitrum,4.78,DAI,149527925,2.48,5.29
2024-09-05,Yearn,Optimism,5.68,USDC,145644230,2.2,2.92
2024-09-05,Yearn,Optimism,5.25,USDT,143551554,1.41,5.26
2024-09-05,Yearn,Optimism,5.55,DAI,141611778,1.67,4.02
2024-09-05,Yearn,Polygon,4.91,USDC,150621736,0.88,2.72
2024-09-05,Yearn,Polygon,6.18,USDT,142017136,0.87,3.32
2024-09-05,Yearn,Polygon,6.1,DAI,138082065,0.98,2.72
2024-09-05,Yearn,Base,4.58,USDC,140784269,1.4,4.14
2024-09-05,Yearn,Base,3.98,USDT,148438865,1.2,4.48
2024-09-05,Yearn,Base,5.06,DAI,148883130,1.36,4.68
2024-09-05,Pendle,Ethereum,8.48,USDC,95069950,18.94,0
2024-09-05,Pendle,Ethereum,6.85,USDT,89043191,20.85,0
2024-09-05,Pendle,Arbitrum,9.29,USDC,89956765,2.63,6.29
2024-09-05,Pendle,Arbitrum,10.06,USDT,94330221,3.12,3.97
2024-09-05,Pendle,Arbitrum,7.94,DAI,96286823,2.74,6.12
2024-09-05,Pendle,Optimism,10.94,USDC,94202207,2.22,2.85
2024-09-05,Pendle,Optimism,10.39,USDT,100580356,1.92,2.82
2024-09-05,Pendle,Optimism,10.46,DAI,94745231,1.63,4.77
2024-09-05,Pendle,Base,9.5,USDC,89923509,1.3,2.63
2024-09-05,Pendle,Base,9.26,USDT,95567711,1.72,3.66
2024-09-05,Pendle,Base,9.65,DAI,93398975,1.39,6.36
2024-09-05,Convex,Ethereum,4.61,USDC,177131808,14.65,0
2024-09-05,Convex,Ethereum,4.07,USDT,208936340,22.35,0
2024-09-05,Convex,Ethereum,4.27,DAI,183466508,19.17,0
2024-09-05,Balancer,Ethereum,5.98,USDC,123123841,12.94,0
2024-09-05,Balancer,Ethereum,5.71,USDT,141673030,19.71,0
2024-09-05,Balancer,Ethereum,5.88,DAI,130833852,18.33,0
2024-09-05,Balancer,Arbitrum,7.05,USDC,134000400,2.72,4.94
2024-09-05,Balancer,Arbitrum,6.67,DAI,128683101,3.08,5.44
2024-09-05,Balancer,Optimism,6.52,USDC,134436210,1.84,4.56
2024-09-05,Balancer,Optimism,6.23,USDT,134625962,1.77,4.15
2024-09-05,Balancer,Optimism,6.45,DAI,136462298,1.74,3.87
2024-09-05,Balancer,Polygon,6.9,USDC,133466042,1.05,3.19
2024-09-05,Balancer,Polygon,7.69,USDT,137295220,0.92,3.64
2024-09-05,Balancer,Polygon,7.37,DAI,139278665,0.95,2.61
2024-09-05,Balancer,Base,5.78,USDC,125127294,1.73,3.52
2024-09-05,Balancer,Base,6.74,USDT,142350415,1.52,4.61
2024-09-06,Aave,Ethereum,3.36,USDC,308201657,21.59,0
2024-09-06,Aave,Ethereum,2.91,USDT,310802387,19.84,0
2024-09-06,Aave,Ethereum,3.2,DAI,301533256,19.73,0
2024-09-06,Aave,Arbitrum,3.6,USDC,316503764,2.48,4.46
2024-09-06,Aave,Arbitrum,3.88,USDT,310780654,2.39,3.83
2024-09-06,Aave,Arbitrum,4.2,DAI,317680262,1.95,4.2
2024-09-06,Aave,Optimism,4.28,USDC,302377215,1.91,3.52
2024-09-06,Aave,Optimism,3.19,USDT,316290601,1.79,4.66
2024-09-06,Aave,Optimism,3.0,DAI,330944691,1.36,4.81
2024-09-06,Aave,Polygon,4.25,USDT,305527607,0.83,3.57
2024-09-06,Aave,Polygon,3.7,DAI,327084366,1.09,2.33
2024-09-06,Aave,Base,3.05,USDC,288527877,1.34,4.33
2024-09-06,Aave,Base,3.91,DAI,320638958,1.23,4.21
2024-09-06,Compound,Ethereum,2.82,USDC,239836812,18.06,0
2024-09-06,Compound,Ethereum,3.23,USDT,231471858,21.81,0
2024-09-06,Compound,Ethereum,2.9,DAI,243957118,18.01,0
2024-09-06,Compound,Arbitrum,4.25,USDC,237246270,2.44,5.07
2024-09-06,Compound,Arbitrum,3.83,USDT,212409837,2.01,3.86
2024-09-06,Compound,Arbitrum,3.31,DAI,229254210,2.31,4.82
2024-09-06,Compound,Optimism,3.06,USDC,225578287,2.16,3.84
2024-09-06,Compound,Optimism,3.57,USDT,204795182,1.27,4.7
2024-09-06,Compound,Polygon,4.14,USDC,214563636,1.15,3.08
2024-09-06,Compound,Polygon,3.61,USDT,236503327,1.11,2.59
2024-09-06,Compound,Polygon,3.88,DAI,226353767,0.98,3.39
2024-09-06,Compound,Base,3.92,USDT,229323624,1.61,3.94
2024-09-06,Compound,Base,3.07,DAI,226957963,1.35,4.53
2024-09-06,Curve,Ethereum,6.01,USDC,377030297,15.75,0
2024-09-06,Curve,Ethereum,4.94,USDT,382790028,14.88,0
2024-09-06,Curve,Ethereum,6.0,DAI,433699541,23.19,0
2024-09-06,Curve,Arbitrum,7.12,USDC,406194343,2.29,6.51
2024-09-06,Curve,Arbitrum,6.26,USDT,414450057,2.54,5.53
2024-09-06,Curve,Arbitrum,6.83,DAI,407942147,2.43,5.33
2024-09-06,Curve,Optimism,6.23,USDC,395700613,1.92,4.48
2024-09-06,Curve,Optimism,7.19,USDT,387195502,1.82,4.78
2024-09-06,Curve,Optimism,4.48,DAI,394366335,1.82,4.16
2024-09-06,Curve,Polygon,6.96,USDC,388701880,0.89,3.48
2024-09-06,Curve,Polygon,8.47,USDT,397390104,0.92,3.9
2024-09-06,Curve,Polygon,7.11,DAI,385138280,0.86,4.25
2024-09-06,Curve,Base,7.18,USDC,394509906,1.37,3.9
2024-09-06,Curve,Base,6.89,USDT,410755940,1.56,5.02
2024-09-06,Curve,Base,6.28,DAI,416904928,1.54,4.55
2024-09-06,Uniswap V3,Ethereum,6.62,USDC,117320175,16.81,0
2024-09-06,Uniswap V3,Ethereum,5.41,USDT,124137519,20.21,0
2024-09-06,Uniswap V3,Ethereum,6.17,DAI,112209642,16.05,0
2024-09-06,Uniswap V3,Arbitrum,7.89,USDC,120100717,2.03,5.7
2024-09-06,Uniswap V3,Arbitrum,7.59,USDT,115511096,2.55,4.61
2024-09-06,Uniswap V3,Arbitrum,6.23,DAI,118853308,2.62,3.56
2024-09-06,Uniswap V3,Optimism,7.08,USDC,126737712,1.82,2.99
2024-09-06,Uniswap V3,Optimism,7.75,USDT,112585180,1.45,4.79
2024-09-06,Uniswap V3,Optimism,7.99,DAI,123913941,1.58,3.85
2024-09-06,Uniswap V3,Polygon,6.16,USDC,116864368,0.9,2.56
2024-09-06,Uniswap V3,Polygon,5.54,USDT,116109019,0.98,3.1
2024-09-06,Uniswap V3,Polygon,7.07,DAI,115852211,1.1,2.49
2024-09-06,Uniswap V3,Base,7.4,USDC,117612678,1.09,4.28
2024-09-06,Uniswap V3,Base,8.2,USDT,118319888,1.24,4.18
2024-09-06,Yearn,Ethereum,3.58,USDC,151029511,14.87,0
2024-09-06,Yearn,Ethereum,4.42,USDT,158211481,23.25,0
2024-09-06,Yearn,Ethereum,4.8,DAI,150884232,18.07,0
2024-09-06,Yearn,Arbitrum,5.64,USDC,148633104,2.26,4.84
2024-09-06,Yearn,Arbitrum,3.97,USDT,150468330,2.6,3.57
2024-09-06,Yearn,Arbitrum,5.68,DAI,144791446,2.92,4.22
2024-09-06,Yearn,Optimism,4.04,USDC,148244347,2.01,4.18
2024-09-06,Yearn,Optimism,4.57,USDT,147651841,1.67,4.07
2024-09-06,Yearn,Optimism,5.46,DAI,153218125,1.83,4.23
2024-09-06,Yearn,Polygon,5.29,USDC,150187872,1.1,3.87
2024-09-06,Yearn,Polygon,5.48,USDT,151222776,0.91,2.63
2024-09-06,Yearn,Polygon,6.07,DAI,141645293,0.65,3.12
2024-09-06,Yearn,Base,4.84,USDT,145347169,1.61,2.79
2024-09-06,Yearn,Base,4.69,DAI,138076379,1.43,3.28
2024-09-06,Pendle,Ethereum,7.03,USDC,93162123,20.72,0
2024-09-06,Pendle,Ethereum,7.3,USDT,94839394,19.1,0
2024-09-06,Pendle,Ethereum,7.84,DAI,94391414,16.52,0
2024-09-06,Pendle,Arbitrum,7.77,USDT,88985031,2.41,6.6
2024-09-06,Pendle,Arbitrum,9.34,DAI,87816160,2.32,5.02
2024-09-06,Pendle,Optimism,11.3,USDC,95836738,2.39,3.82
2024-09-06,Pendle,Optimism,11.07,USDT,87809854,1.84,3.57
2024-09-06,Pendle,Optimism,9.28,DAI,89996845,1.91,3.72
2024-09-06,Pendle,Base,11.15,USDC,90502094,1.65,4.08
2024-09-06,Pendle,Base,11.78,USDT,94650438,1.64,3.64
2024-09-06,Pendle,Base,11.62,DAI,90749888,1.03,4.01
2024-09-06,Convex,Ethereum,4.39,USDC,178905806,17.7,0
2024-09-06,Convex,Ethereum,4.9,USDT,175911097,22.03,0
2024-09-06,Convex,Ethereum,4.16,DAI,184066986,21.85,0
2024-09-06,Balancer,Ethereum,6.41,USDC,132254572,20.37,0
2024-09-06,Balancer,Ethereum,5.29,DAI,133741323,14.74,0
2024-09-06,Balancer,Arbitrum,6.91,USDC,142911680,2.22,6.44
2024-09-06,Balancer,Arbitrum,6.75,USDT,141781123,1.91,4.88
2024-09-06,Balancer,Arbitrum,6.55,DAI,142042012,2.18,2.68
2024-09-06,Balancer,Optimism,7.78,USDC,138970852,1.85,3.62
2024-09-06,Balancer,Optimism,6.42,USDT,145883302,2.42,4.07
2024-09-06,Balancer,Optimism,6.12,DAI,140083446,1.72,4.45
2024-09-06,Balancer,Polygon,6.57,USDT,131068524,1.08,2.26
2024-09-06,Balancer,Polygon,6.03,DAI,139126294,0.91,3.61
2024-09-06,Balancer,Base,5.92,DAI,140130563,1.59,3.91
2024-09-07,Aave,Ethereum,3.32,USDC,309523170,7.84,0
2024-09-07,Aave,Ethereum,2.85,USDT,325364848,11.52,0
2024-09-07,Aave,Ethereum,2.72,DAI,319785374,13.11,0
2024-09-07,Aave,Arbitrum,3.24,USDC,317356004,1.62,4.76
2024-09-07,Aave,Arbitrum,4.0,USDT,299256139,1.22,2.44
2024-09-07,Aave,Arbitrum,4.3,DAI,301306016,1.84,5.89
2024-09-07,Aave,Optimism,2.97,USDC,326414980,1.47,4.38
2024-09-07,Aave,Optimism,3.22,DAI,288988678,1.22,3.91
2024-09-07,Aave,Polygon,3.65,USDC,284942957,0.69,3.12
2024-09-07,Aave,Polygon,3.71,USDT,323073953,0.41,1.64
2024-09-07,Aave,Polygon,3.89,DAI,312858528,0.68,3.5
2024-09-07,Aave,Base,3.53,USDC,301240091,0.87,4.49
2024-09-07,Aave,Base,4.22,USDT,307646562,1.09,5.57
2024-09-07,Compound,Ethereum,2.76,USDC,223183539,12.47,0
2024-09-07,Compound,Ethereum,2.5,USDT,216180963,11.64,0
2024-09-07,Compound,Ethereum,2.41,DAI,228069799,9.99,0
2024-09-07,Compound,Arbitrum,3.77,USDC,215263621,1.69,5.21
2024-09-07,Compound,Arbitrum,3.43,USDT,225623635,1.93,3.84
2024-09-07,Compound,Arbitrum,3.76,DAI,216807958,1.65,5.36
2024-09-07,Compound,Optimism,3.37,USDC,214172595,1.1,4.51
2024-09-07,Compound,Optimism,3.1,USDT,221032944,1.08,2.87
2024-09-07,Compound,Optimism,3.3,DAI,233393802,1.34,4.31
2024-09-07,Compound,Polygon,3.9,USDC,213972503,0.58,3.2
2024-09-07,Compound,Polygon,3.83,USDT,207556286,0.59,3.32
2024-09-07,Compound,Polygon,3.56,DAI,223826591,0.63,2.58
2024-09-07,Compound,Base,3.33,USDC,224807508,0.68,3.51
2024-09-07,Curve,Ethereum,5.59,USDC,381342880,16.87,0
2024-09-07,Curve,Ethereum,4.17,USDT,411890166,9.44,0
2024-09-07,Curve,Ethereum,5.56,DAI,391057193,12.02,0
2024-09-07,Curve,Arbitrum,6.58,USDC,359423969,1.56,3.41
2024-09-07,Curve,Arbitrum,6.4,USDT,392351760,1.49,5.58
2024-09-07,Curve,Arbitrum,7.69,DAI,390887181,1.71,4.63
2024-09-07,Curve,Optimism,5.59,USDC,425703442,1.28,2.77
2024-09-07,Curve,Optimism,5.3,USDT,383014696,1.38,4.71
2024-09-07,Curve,Optimism,5.95,DAI,420119039,1.38,2.84
2024-09-07,Curve,Polygon,8.42,USDC,396323519,0.6,3.92
2024-09-07,Curve,Polygon,6.61,USDT,376484063,0.68,2.48
2024-09-07,Curve,Polygon,5.92,DAI,376551992,0.68,3.6
2024-09-07,Curve,Base,5.57,USDC,391044604,0.88,5.23
2024-09-07,Curve,Base,7.31,USDT,417335123,0.86,3.95
2024-09-07,Curve,Base,6.22,DAI,373415929,1.11,4.38
2024-09-07,Uniswap V3,Ethereum,6.52,USDC,110967235,12.34,0
2024-09-07,Uniswap V3,Ethereum,5.91,USDT,119053724,10.84,0
2024-09-07,Uniswap V3,Ethereum,5.61,DAI,119241632,13.69,0
2024-09-07,Uniswap V3,Arbitrum,8.52,USDC,129119789,1.83,5.55
2024-09-07,Uniswap V3,Arbitrum,7.71,USDT,114009566,1.39,6.42
2024-09-07,Uniswap V3,Optimism,7.29,USDC,130641932,1.29,4.16
2024-09-07,Uniswap V3,Optimism,6.15,USDT,115298914,1.3,2.72
2024-09-07,Uniswap V3,Optimism,6.82,DAI,125022302,1.25,4.15
2024-09-07,Uniswap V3,Polygon,9.85,USDC,118412812,0.58,3.11
2024-09-07,Uniswap V3,Polygon,6.89,USDT,118506004,0.73,3.51
2024-09-07,Uniswap V3,Polygon,8.54,DAI,114922732,0.82,3.2
2024-09-07,Uniswap V3,Base,6.13,USDC,120191966,0.94,4.01
2024-09-07,Uniswap V3,Base,7.04,USDT,121562829,1.05,3.75
2024-09-07,Uniswap V3,Base,7.56,DAI,117851395,0.87,4.48
2024-09-07,Yearn,Ethereum,3.82,USDC,137606650,12.24,0
2024-09-07,Yearn,Ethereum,3.85,USDT,154052896,13.35,0
2024-09-07,Yearn,Ethereum,3.3,DAI,146095301,10.64,0
2024-09-07,Yearn,Arbitrum,5.17,USDC,141141463,1.82,5.75
2024-09-07,Yearn,Arbitrum,5.55,USDT,153139113,1.33,5.7
2024-09-07,Yearn,Arbitrum,5.23,DAI,143264843,1.45,6.03
2024-09-07,Yearn,Optimism,4.93,USDC,143421306,1.23,4.09
2024-09-07,Yearn,Optimism,4.56,USDT,149601094,1.02,4.05
2024-09-07,Yearn,Optimism,4.57,DAI,155807769,1.35,4.19
2024-09-07,Yearn,Polygon,5.52,USDT,152885138,0.58,3.28
2024-09-07,Yearn,Base,5.77,USDT,146867898,0.97,2.91
2024-09-07,Yearn,Base,5.24,DAI,140629689,1.06,5.08
2024-09-07,Pendle,Ethereum,7.06,USDT,92956699,11.77,0
2024-09-07,Pendle,Ethereum,7.79,DAI,91069682,12.82,0
2024-09-07,Pendle,Arbitrum,10.05,USDC,93041537,1.24,4.73
2024-09-07,Pendle,Arbitrum,11.16,USDT,96358624,2.0,4.0
2024-09-07,Pendle,Arbitrum,11.03,DAI,88519964,1.46,5.94
2024-09-07,Pendle,Optimism,11.35,USDC,85730382,1.37,4.26
2024-09-07,Pendle,Optimism,6.67,DAI,99751530,1.27,3.99
2024-09-07,Pendle,Base,10.51,USDC,96564467,1.02,5.23
2024-09-07,Pendle,Base,10.3,USDT,90429790,1.12,3.52
2024-09-07,Pendle,Base,7.54,DAI,88834738,0.89,3.47
2024-09-07,Convex,Ethereum,5.05,USDC,180413136,12.16,0
2024-09-07,Convex,Ethereum,4.3,USDT,191197026,12.15,0
2024-09-07,Convex,Ethereum,5.08,DAI,188329615,11.37,0
2024-09-07,Balancer,Ethereum,6.62,USDC,131717117,12.03,0
2024-09-07,Balancer,Ethereum,4.84,USDT,136299899,12.74,0
2024-09-07,Balancer,Ethereum,5.22,DAI,134027574,12.19,0
2024-09-07,Balancer,Arbitrum,7.45,USDC,137132030,1.31,5.41
2024-09-07,Balancer,Arbitrum,7.85,USDT,127063265,1.67,4.78
2024-09-07,Balancer,Arbitrum,6.07,DAI,138625245,1.52,3.87
2024-09-07,Balancer,Optimism,4.42,USDC,144175229,1.12,6.36
2024-09-07,Balancer,Optimism,5.59,USDT,135964397,1.21,2.81
2024-09-07,Balancer,Optimism,6.45,DAI,134089076,1.25,5.5
2024-09-07,Balancer,Polygon,7.14,USDC,124102931,0.46,2.7
2024-09-07,Balancer,Polygon,7.57,USDT,127350824,0.67,3.94
2024-09-07,Balancer,Polygon,7.62,DAI,127982524,0.76,1.95
2024-09-07,Balancer,Base,6.4,USDC,137357353,0.66,3.89
2024-09-07,Balancer,Base,7.93,USDT,128511037,0.96,4.76
2024-09-07,Balancer,Base,5.75,DAI,138140313,1.13,3.79
2024-09-08,Aave,Ethereum,3.2,USDC,306167748,14.94,0
2024-09-08,Aave,Ethereum,3.04,USDT,309361960,10.14,0
2024-09-08,Aave,Ethereum,3.07,DAI,302900673,10.97,0
2024-09-08,Aave,Arbitrum,3.27,USDC,329518921,1.68,4.49
2024-09-08,Aave,Arbitrum,4.11,DAI,315409464,1.7,4.66
2024-09-08,Aave,Optimism,3.19,USDT,294770840,1.46,6.17
2024-09-08,Aave,Optimism,4.18,DAI,287359184,1.03,3.4
2024-09-08,Aave,Polygon,4.12,USDC,305654582,0.67,2.22
2024-09-08,Aave,Polygon,3.9,USDT,298716795,0.52,2.42
2024-09-08,Aave,Polygon,4.39,DAI,305675434,0.69,3.32
2024-09-08,Aave,Base,3.75,USDC,296566059,0.77,4.89
2024-09-08,Aave,Base,2.78,USDT,316268764,0.85,3.73
2024-09-08,Aave,Base,3.3,DAI,320053907,1.09,4.21
2024-09-08,Compound,Ethereum,3.15,USDC,241488492,13.31,0
2024-09-08,Compound,Ethereum,4.09,USDT,237169791,15.01,0
2024-09-08,Compound,Ethereum,2.58,DAI,214887791,13.59,0
2024-09-08,Compound,Arbitrum,3.33,USDC,232418167,2.5,5.58
2024-09-08,Compound,Arbitrum,3.01,DAI,233443854,1.6,5.14
2024-09-08,Compound,Optimism,3.43,USDC,217651626,1.16,4.33
2024-09-08,Compound,Optimism,3.76,USDT,221804322,1.32,3.31
2024-09-08,Compound,Polygon,4.62,USDC,214508865,0.49,2.74
2024-09-08,Compound,Polygon,3.3,USDT,216847025,0.46,2.22
2024-09-08,Compound,Polygon,3.41,DAI,212862636,0.74,2.38
2024-09-08,Compound,Base,3.07,USDC,215904532,0.9,4.41
2024-09-08,Compound,Base,4.03,USDT,223690094,0.79,5.11
2024-09-08,Curve,Ethereum,6.44,USDC,373203477,16.09,0
2024-09-08,Curve,Ethereum,5.71,USDT,421353833,11.63,0
2024-09-08,Curve,Arbitrum,5.36,USDT,394282450,1.89,5.74
2024-09-08,Curve,Arbitrum,6.6,DAI,393190612,1.49,4.0
2024-09-08,Curve,Optimism,6.54,DAI,407309068,1.09,4.13
2024-09-08,Curve,Polygon,5.62,DAI,406233523,0.53,2.61
2024-09-08,Curve,Base,7.1,USDC,393640513,1.01,3.73
2024-09-08,Curve,Base,6.49,USDT,386118532,0.88,4.58
2024-09-08,Curve,Base,6.32,DAI,413788694,0.8,4.24
2024-09-08,Uniswap V3,Ethereum,5.34,USDC,118601101,12.51,0
2024-09-08,Uniswap V3,Ethereum,4.13,USDT,115216849,11.96,0
2024-09-08,Uniswap V3,Ethereum,3.84,DAI,121010858,12.6,0
2024-09-08,Uniswap V3,Arbitrum,9.11,USDC,123704834,2.1,4.49
2024-09-08,Uniswap V3,Arbitrum,5.69,USDT,114131490,1.42,5.85
2024-09-08,Uniswap V3,Arbitrum,7.45,DAI,124237777,2.18,6.08
2024-09-08,Uniswap V3,Optimism,7.91,USDC,115327558,1.59,5.14
2024-09-08,Uniswap V3,Optimism,6.41,USDT,122634687,1.31,3.79
2024-09-08,Uniswap V3,Optimism,7.19,DAI,115845666,1.13,4.16
2024-09-08,Uniswap V3,Polygon,7.31,USDT,113108641,0.77,3.14
2024-09-08,Uniswap V3,Polygon,7.64,DAI,122408020,0.64,3.55
2024-09-08,Uniswap V3,Base,7.52,USDC,116642560,0.87,3.56
2024-09-08,Uniswap V3,Base,6.96,USDT,114587394,1.16,3.66
2024-09-08,Uniswap V3,Base,7.49,DAI,118969233,0.95,3.86
2024-09-08,Yearn,Ethereum,4.41,USDC,150278734,12.44,0
2024-09-08,Yearn,Ethereum,3.01,USDT,144685780,11.86,0
2024-09-08,Yearn,Ethereum,4.57,DAI,146180801,12.04,0
2024-09-08,Yearn,Arbitrum,4.26,USDC,141576792,1.5,4.13
2024-09-08,Yearn,Arbitrum,5.61,USDT,161078211,1.68,6.44
2024-09-08,Yearn,Arbitrum,4.77,DAI,150571725,1.56,3.59
2024-09-08,Yearn,Optimism,5.73,USDC,151803609,1.09,5.04
2024-09-08,Yearn,Optimism,4.69,USDT,145404166,1.18,5.45
2024-09-08,Yearn,Optimism,3.82,DAI,149058759,1.26,3.84
2024-09-08,Yearn,Polygon,5.3,USDC,150299994,0.68,2.72
2024-09-08,Yearn,Polygon,4.9,DAI,150382862,0.82,2.31
2024-09-08,Yearn,Base,5.52,USDC,140217000,0.9,4.34
2024-09-08,Yearn,Base,5.12,USDT,144742613,0.85,4.25
2024-09-08,Yearn,Base,4.26,DAI,146770229,0.97,3.72
2024-09-08,Pendle,Ethereum,9.69,USDC,97930638,10.69,0
2024-09-08,Pendle,Ethereum,9.16,USDT,96110938,9.12,0
2024-09-08,Pendle,Arbitrum,10.46,USDT,95730049,1.65,4.65
2024-09-08,Pendle,Optimism,9.87,USDC,94337659,1.18,3.06
2024-09-08,Pendle,Optimism,9.82,DAI,87133633,1.22,3.23
2024-09-08,Pendle,Base,10.15,USDC,92248409,1.03,3.29
2024-09-08,Pendle,Base,10.63,USDT,91453850,1.11,4.51
2024-09-08,Convex,Ethereum,4.45,USDT,194822716,13.85,0
2024-09-08,Convex,Ethereum,3.98,DAI,200548987,13.31,0
2024-09-08,Balancer,Ethereum,6.12,USDC,134598104,12.99,0
2024-09-08,Balancer,Ethereum,5.98,USDT,139812192,12.55,0
2024-09-08,Balancer,Ethereum,6.14,DAI,139686239,10.04,0
2024-09-08,Balancer,Arbitrum,6.03,USDC,137645041,1.4,4.31
2024-09-08,Balancer,Arbitrum,7.21,USDT,138758915,1.59,4.91
2024-09-08,Balancer,Optimism,8.16,USDC,136724343,1.24,3.69
2024-09-08,Balancer,Optimism,6.67,USDT,133408330,0.76,5.15
2024-09-08,Balancer,Optimism,7.05,DAI,131807096,1.04,3.94
2024-09-08,Balancer,Polygon,5.56,USDC,146561825,0.81,2.35
2024-09-08,Balancer,Polygon,7.07,USDT,149513465,0.54,2.76
2024-09-08,Balancer,Base,5.18,USDC,137342303,1.27,4.47
2024-09-08,Balancer,Base,6.85,USDT,140923508,0.96,3.9
2024-09-08,Balancer,Base,7.37,DAI,134664111,1.06,5.02
2024-09-09,Aave,Ethereum,2.16,USDC,284514249,19.8,0
2024-09-09,Aave,Ethereum,3.22,USDT,332820467,18.07,0
2024-09-09,Aave,Arbitrum,3.57,USDC,316744481,2.54,3.84
2024-09-09,Aave,Arbitrum,3.4,USDT,320519900,1.83,5.15
2024-09-09,Aave,Arbitrum,3.01,DAI,309311847,2.5,4.1
2024-09-09,Aave,Optimism,3.55,USDC,300617799,1.6,3.97
2024-09-09,Aave,Optimism,3.47,USDT,292933835,1.67,3.44
2024-09-09,Aave,Polygon,4.51,USDC,311043544,1.14,2.4
2024-09-09,Aave,Polygon,5.19,USDT,320269421,0.99,2.58
2024-09-09,Aave,Polygon,4.13,DAI,292236432,0.93,2.37
2024-09-09,Aave,Base,4.18,USDC,296883211,1.55,3.91
2024-09-09,Aave,Base,3.68,DAI,293981719,1.15,3.86
2024-09-09,Compound,Ethereum,3.14,USDC,213133738,16.01,0
2024-09-09,Compound,Ethereum,3.27,USDT,234751728,17.03,0
2024-09-09,Compound,Ethereum,3.05,DAI,230174174,16.6,0
2024-09-09,Compound,Arbitrum,3.48,USDC,221761997,2.62,6.38
2024-09-09,Compound,Arbitrum,3.45,USDT,228706489,2.04,6.52
2024-09-09,Compound,Arbitrum,3.29,DAI,224361761,2.57,6.86
2024-09-09,Compound,Optimism,3.29,USDC,216073134,1.78,5.28
2024-09-09,Compound,Optimism,3.19,USDT,204513663,1.33,5.0
2024-09-09,Compound,Optimism,3.47,DAI,217591712,1.67,4.66
2024-09-09,Compound,Polygon,3.8,USDC,224689757,1.19,3.2
2024-09-09,Compound,Polygon,4.27,USDT,226111540,1.05,3.18
2024-09-09,Compound,Polygon,3.6,DAI,218604258,0.97,2.93
2024-09-09,Compound,Base,4.01,USDT,222744208,1.63,3.43
2024-09-09,Curve,Ethereum,5.86,USDC,413498777,14.25,0
2024-09-09,Curve,Ethereum,5.46,USDT,378563091,10.41,0
2024-09-09,Curve,Ethereum,5.11,DAI,384442952,15.83,0
2024-09-09,Curve,Arbitrum,7.22,USDC,385915896,2.38,4.47
2024-09-09,Curve,Arbitrum,7.32,USDT,370325923,2.35,6.05
2024-09-09,Curve,Arbitrum,6.04,DAI,407870324,2.46,5.42
2024-09-09,Curve,Optimism,5.2,USDC,397601462,2.03,4.79
2024-09-09,Curve,Optimism,5.48,DAI,390608122,1.7,5.2
2024-09-09,Curve,Polygon,5.42,USDC,382435073,1.03,3.15
2024-09-09,Curve,Polygon,6.1,USDT,373884903,0.95,2.45
2024-09-09,Curve,Polygon,5.5,DAI,383242828,1.01,4.02
2024-09-09,Curve,Base,5.65,USDC,392852941,1.42,2.91
2024-09-09,Curve,Base,6.81,USDT,381544663,1.21,3.96
2024-09-09,Curve,Base,6.1,DAI,422190898,1.34,3.68
2024-09-09,Uniswap V3,Ethereum,6.19,USDC,118309535,16.72,0
2024-09-09,Uniswap V3,Ethereum,7.18,USDT,120940372,19.32,0
2024-09-09,Uniswap V3,Ethereum,4.55,DAI,118195412,19.02,0
2024-09-09,Uniswap V3,Arbitrum,6.18,USDC,115811224,2.33,5.16
2024-09-09,Uniswap V3,Arbitrum,9.03,USDT,110288036,2.41,5.39
2024-09-09,Uniswap V3,Arbitrum,7.32,DAI,119478679,2.73,4.81
2024-09-09,Uniswap V3,Optimism,7.25,USDC,128268543,1.15,3.23
2024-09-09,Uniswap V3,Optimism,8.61,DAI,115786003,2.0,3.14
2024-09-09,Uniswap V3,Polygon,8.22,USDC,114568714,0.97,2.49
2024-09-09,Uniswap V3,Polygon,6.81,DAI,116133332,0.76,2.94
2024-09-09,Uniswap V3,Base,8.11,USDC,122691893,1.69,3.62
2024-09-09,Uniswap V3,Base,7.03,USDT,122117505,1.48,5.35
2024-09-09,Uniswap V3,Base,6.94,DAI,113935947,1.34,5.22
2024-09-09,Yearn,Ethereum,4.84,USDC,148423835,16.9,0
2024-09-09,Yearn,Ethereum,4.03,USDT,151306028,15.74,0
2024-09-09,Yearn,Ethereum,4.18,DAI,153043893,11.16,0
2024-09-09,Yearn,Arbitrum,4.96,USDC,142648945,1.81,5.99
2024-09-09,Yearn,Arbitrum,3.57,DAI,153875807,1.87,4.43
2024-09-09,Yearn,Optimism,5.14,USDT,141144263,1.82,3.96
2024-09-09,Yearn,Optimism,4.88,DAI,150105453,1.05,4.66
2024-09-09,Yearn,Polygon,5.46,USDC,149743361,1.23,2.43
2024-09-09,Yearn,Polygon,5.73,USDT,142861156,1.14,3.09
2024-09-09,Yearn,Base,4.29,USDT,147744387,2.11,4.78
2024-09-09,Yearn,Base,4.46,DAI,153718253,1.4,3.99
2024-09-09,Pendle,Ethereum,8.84,USDC,95007287,18.13,0
2024-09-09,Pendle,Ethereum,8.01,USDT,98143735,18.81,0
2024-09-09,Pendle,Ethereum,8.66,DAI,91005529,12.61,0
2024-09-09,Pendle,Arbitrum,8.61,USDT,92862463,2.58,5.97
2024-09-09,Pendle,Arbitrum,11.83,DAI,90457998,1.77,5.13
2024-09-09,Pendle,Optimism,9.58,USDC,91552500,2.04,3.76
2024-09-09,Pendle,Optimism,8.53,USDT,97125818,2.24,4.28
2024-09-09,Pendle,Optimism,7.64,DAI,84262437,2.11,4.62
2024-09-09,Pendle,Base,8.53,USDC,93499082,0.97,5.23
2024-09-09,Pendle,Base,11.26,USDT,90864946,1.19,4.09
2024-09-09,Pendle,Base,11.05,DAI,90454739,1.42,3.52
2024-09-09,Convex,Ethereum,5.52,USDT,185314416,18.43,0
2024-09-09,Convex,Ethereum,5.05,DAI,178287780,13.68,0
2024-09-09,Balancer,Ethereum,4.94,USDC,124801471,21.56,0
2024-09-09,Balancer,Ethereum,5.03,USDT,139969320,17.66,0
2024-09-09,Balancer,Ethereum,5.34,DAI,135619207,19.59,0
2024-09-09,Balancer,Arbitrum,6.73,USDC,131198808,2.07,2.92
2024-09-09,Balancer,Arbitrum,6.72,USDT,142756774,2.62,3.75
2024-09-09,Balancer,Arbitrum,6.98,DAI,134051735,2.73,5.33
2024-09-09,Balancer,Optimism,6.51,USDC,125093258,1.71,3.57
2024-09-09,Balancer,Optimism,6.75,DAI,122674860,1.69,3.47
2024-09-09,Balancer,Polygon,7.49,USDC,136381627,0.84,3.24
2024-09-09,Balancer,Polygon,7.22,USDT,136514669,0.66,2.99
2024-09-09,Balancer,Polygon,7.85,DAI,133289278,0.94,3.73
2024-09-09,Balancer,Base,7.3,USDC,130687883,1.46,3.58
2024-09-09,Balancer,Base,7.23,USDT,139014416,1.41,3.05
2024-09-09,Balancer,Base,7.29,DAI,145848407,1.03,3.51
2024-09-10,Aave,Ethereum,3.98,USDC,323485742,19.54,0
2024-09-10,Aave,Ethereum,2.82,USDT,307214612,20.47,0
2024-09-10,Aave,Ethereum,2.93,DAI,319974009,20.4,0
2024-09-10,Aave,Arbitrum,3.94,USDC,294316966,2.2,4.55
2024-09-10,Aave,Arbitrum,2.88,USDT,272174507,2.53,3.28
2024-09-10,Aave,Arbitrum,4.47,DAI,321466131,2.75,4.34
2024-09-10,Aave,Optimism,4.05,USDC,306236761,2.15,5.12
2024-09-10,Aave,Optimism,3.93,USDT,321049937,2.11,3.26
2024-09-10,Aave,Optimism,3.62,DAI,321383748,1.62,4.6
2024-09-10,Aave,Polygon,3.6,USDC,309597531,0.67,2.21
2024-09-10,Aave,Polygon,3.88,USDT,291264825,0.89,3.42
2024-09-10,Aave,Polygon,3.22,DAI,316489889,0.82,3.29
2024-09-10,Aave,Base,3.59,USDT,318790538,1.49,3.55
2024-09-10,Aave,Base,3.1,DAI,284597650,1.49,3.7
2024-09-10,Compound,Ethereum,2.63,USDC,219666011,19.6,0
2024-09-10,Compound,Ethereum,2.9,USDT,216144080,19.53,0
2024-09-10,Compound,Ethereum,3.1,DAI,210296355,17.34,0
2024-09-10,Compound,Arbitrum,3.67,USDC,207315962,2.03,4.14
2024-09-10,Compound,Arbitrum,3.49,USDT,209577016,2.4,3.91
2024-09-10,Compound,Arbitrum,3.15,DAI,226247257,2.27,4.65
2024-09-10,Compound,Optimism,4.2,USDT,222569428,1.94,4.53
2024-09-10,Compound,Optimism,3.25,DAI,206497849,1.29,4.94
2024-09-10,Compound,Polygon,3.98,USDC,218878434,0.95,2.51
2024-09-10,Compound,Polygon,4.47,USDT,210683327,1.07,3.13
2024-09-10,Compound,Base,3.63,USDC,210952169,1.68,5.57
2024-09-10,Compound,Base,3.54,USDT,224492940,1.3,4.94
2024-09-10,Curve,Ethereum,5.75,DAI,404512760,22.04,0
2024-09-10,Curve,Arbitrum,7.42,USDC,389294203,2.84,4.88
2024-09-10,Curve,Arbitrum,5.57,USDT,392386066,2.03,6.22
2024-09-10,Curve,Arbitrum,5.62,DAI,414481598,1.9,4.7
2024-09-10,Curve,Optimism,7.73,USDC,408168155,1.34,4.9
2024-09-10,Curve,Optimism,4.9,USDT,378809992,1.88,4.03
2024-09-10,Curve,Optimism,7.6,DAI,386124010,2.1,5.09
2024-09-10,Curve,Polygon,6.81,USDC,392265636,1.0,2.32
2024-09-10,Curve,Polygon,7.77,USDT,386698078,1.07,2.17
2024-09-10,Curve,Base,7.01,USDC,408516282,1.25,4.2
2024-09-10,Curve,Base,7.89,USDT,409199691,1.65,4.63
2024-09-10,Curve,Base,6.83,DAI,383649306,1.58,4.84
2024-09-10,Uniswap V3,Ethereum,4.77,USDC,111143389,18.92,0
2024-09-10,Uniswap V3,Ethereum,4.7,USDT,121978141,16.84,0
2024-09-10,Uniswap V3,Arbitrum,7.41,USDC,118852603,2.54,6.02
2024-09-10,Uniswap V3,Arbitrum,7.27,USDT,107226869,2.77,4.62
2024-09-10,Uniswap V3,Arbitrum,7.09,DAI,116216134,2.18,5.24
2024-09-10,Uniswap V3,Optimism,7.96,USDC,108527704,1.72,3.97
2024-09-10,Uniswap V3,Optimism,8.38,USDT,111694161,1.55,5.23
2024-09-10,Uniswap V3,Optimism,6.88,DAI,115302295,1.32,4.97
2024-09-10,Uniswap V3,Polygon,8.88,USDC,116708682,0.98,2.16
2024-09-10,Uniswap V3,Polygon,8.02,USDT,116348958,0.88,3.26
2024-09-10,Uniswap V3,Base,7.28,USDC,107591396,1.46,4.6
2024-09-10,Uniswap V3,Base,7.89,USDT,119214295,1.2,3.68
2024-09-10,Uniswap V3,Base,7.55,DAI,120824377,1.58,4.39
2024-09-10,Yearn,Ethereum,5.45,USDT,148456710,13.64,0
2024-09-10,Yearn,Arbitrum,5.73,USDT,153895441,2.48,4.58
2024-09-10,Yearn,Arbitrum,5.04,DAI,146779511,1.88,6.96
2024-09-10,Yearn,Optimism,5.16,USDC,141684459,1.15,5.4
2024-09-10,Yearn,Polygon,5.63,USDC,139266185,0.91,3.2
2024-09-10,Yearn,Polygon,6.85,USDT,147601507,0.97,1.92
2024-09-10,Yearn,Polygon,4.73,DAI,147178598,0.84,2.87
2024-09-10,Yearn,Base,4.75,USDC,147403635,1.76,4.57
2024-09-10,Yearn,Base,5.16,USDT,142966330,1.5,4.46
2024-09-10,Yearn,Base,4.71,DAI,155831634,1.23,4.39
2024-09-10,Pendle,Ethereum,7.61,USDC,89747874,19.88,0
2024-09-10,Pendle,Ethereum,9.58,USDT,85949434,15.9,0
2024-09-10,Pendle,Ethereum,7.34,DAI,98820505,16.28,0
2024-09-10,Pendle,Arbitrum,11.54,USDC,96226781,2.02,4.68
2024-09-10,Pendle,Arbitrum,9.69,USDT,93787476,2.06,5.08
2024-09-10,Pendle,Arbitrum,10.39,DAI,89898570,1.97,4.81
2024-09-10,Pendle,Optimism,9.34,USDC,95415298,2.27,3.98
2024-09-10,Pendle,Optimism,8.2,USDT,95608523,1.5,5.05
2024-09-10,Pendle,Optimism,10.13,DAI,90828095,1.66,3.37
2024-09-10,Pendle,Base,8.4,USDC,90221152,1.4,4.57
2024-09-10,Pendle,Base,10.77,DAI,95767799,1.24,3.97
2024-09-10,Convex,Ethereum,5.26,USDC,174812442,17.36,0
2024-09-10,Convex,Ethereum,4.63,USDT,179203892,16.96,0
2024-09-10,Balancer,Ethereum,5.84,USDC,131030844,16.73,0
2024-09-10,Balancer,Ethereum,5.62,USDT,128729281,18.59,0
2024-09-10,Balancer,Ethereum,6.28,DAI,129476025,20.06,0
2024-09-10,Balancer,Arbitrum,6.49,USDC,132226486,2.87,6.31
2024-09-10,Balancer,Arbitrum,6.95,USDT,142263115,2.96,6.36
2024-09-10,Balancer,Arbitrum,6.95,DAI,128981239,2.68,6.75
2024-09-10,Balancer,Optimism,6.97,USDC,133606467,1.72,4.89
2024-09-10,Balancer,Optimism,7.15,USDT,132930358,1.43,4.53
2024-09-10,Balancer,Optimism,6.83,DAI,137508232,1.91,3.92
2024-09-10,Balancer,Polygon,7.02,USDC,137373585,0.88,3.0
2024-09-10,Balancer,Polygon,7.64,USDT,129384666,0.98,2.64
2024-09-10,Balancer,Polygon,6.45,DAI,137644158,0.84,4.57
2024-09-10,Balancer,Base,7.08,USDC,139914064,1.39,3.75
2024-09-10,Balancer,Base,7.07,USDT,131891100,1.36,4.3
2024-09-10,Balancer,Base,6.81,DAI,143626148,1.75,4.31
2024-09-11,Aave,Ethereum,3.36,USDC,287836686,20.01,0
2024-09-11,Aave,Ethereum,2.75,USDT,294504988,21.42,0
2024-09-11,Aave,Ethereum,3.39,DAI,332539327,15.57,0
2024-09-11,Aave,Arbitrum,3.68,USDC,320903599,2.06,5.11
2024-09-11,Aave,Arbitrum,4.55,USDT,299064145,1.58,5.39
2024-09-11,Aave,Arbitrum,4.21,DAI,303403166,2.14,5.29
2024-09-11,Aave,Optimism,3.38,USDC,306886278,1.83,3.79
2024-09-11,Aave,Optimism,4.52,USDT,298415605,2.09,4.11
2024-09-11,Aave,Optimism,3.96,DAI,295448211,1.72,4.58
2024-09-11,Aave,Polygon,3.91,USDC,314208559,1.05,2.52
2024-09-11,Aave,Polygon,4.51,USDT,285348450,0.81,1.96
2024-09-11,Aave,Polygon,4.51,DAI,310946604,1.0,4.12
2024-09-11,Aave,Base,3.58,USDC,295601752,1.72,3.78
2024-09-11,Aave,Base,3.84,USDT,297095807,1.62,5.04
2024-09-11,Aave,Base,3.75,DAI,299608505,1.23,4.79
2024-09-11,Compound,Ethereum,2.95,USDT,214490172,20.56,0
2024-09-11,Compound,Ethereum,3.32,DAI,207025165,20.43,0
2024-09-11,Compound,Arbitrum,3.7,USDT,208932868,2.37,5.22
2024-09-11,Compound,Arbitrum,3.59,DAI,218442402,2.65,5.55
2024-09-11,Compound,Optimism,3.27,USDC,203950467,2.22,3.28
2024-09-11,Compound,Optimism,3.82,USDT,223202445,1.99,5.16
2024-09-11,Compound,Optimism,3.6,DAI,211034623,2.08,4.56
2024-09-11,Compound,Polygon,3.53,USDC,232652318,1.05,3.44
2024-09-11,Compound,Polygon,3.95,USDT,214808698,1.0,3.69
2024-09-11,Compound,Polygon,3.86,DAI,217306002,1.11,3.36
2024-09-11,Compound,Base,4.16,USDC,217984168,1.86,4.45
2024-09-11,Compound,Base,3.58,DAI,201572721,1.6,3.13
2024-09-11,Curve,Ethereum,6.15,USDC,363922319,16.16,0
2024-09-11,Curve,Ethereum,4.1,USDT,369495807,20.18,0
2024-09-11,Curve,Ethereum,5.24,DAI,382871093,17.11,0
2024-09-11,Curve,Arbitrum,5.94,USDC,395446517,2.0,4.27
2024-09-11,Curve,Arbitrum,7.18,USDT,387750636,2.06,4.66
2024-09-11,Curve,Arbitrum,5.9,DAI,384636904,2.13,4.35
2024-09-11,Curve,Optimism,6.92,USDC,389594580,2.12,3.7
2024-09-11,Curve,Optimism,6.09,USDT,406230532,1.65,3.55
2024-09-11,Curve,Optimism,6.91,DAI,403416859,1.79,4.25
2024-09-11,Curve,Polygon,7.79,USDC,401215508,0.79,2.94
2024-09-11,Curve,Polygon,4.93,USDT,385480869,0.74,2.65
2024-09-11,Curve,Polygon,6.39,DAI,388855142,0.81,3.55
2024-09-11,Curve,Base,6.12,USDC,373413104,1.34,4.71
2024-09-11,Curve,Base,6.75,USDT,368718949,1.41,3.76
2024-09-11,Curve,Base,7.46,DAI,377721221,1.6,4.0
2024-09-11,Uniswap V3,Ethereum,7.3,USDC,114137890,14.67,0
2024-09-11,Uniswap V3,Ethereum,5.94,USDT,116763351,21.91,0
2024-09-11,Uniswap V3,Ethereum,6.74,DAI,120524312,15.88,0
2024-09-11,Uniswap V3,Arbitrum,8.06,USDC,116924297,2.47,4.82
2024-09-11,Uniswap V3,Arbitrum,7.82,USDT,114444422,2.15,3.38
2024-09-11,Uniswap V3,Arbitrum,8.41,DAI,109998830,2.46,5.38
2024-09-11,Uniswap V3,Optimism,7.87,USDC,131424516,1.63,4.18
2024-09-11,Uniswap V3,Optimism,6.75,USDT,110179466,2.21,3.12
2024-09-11,Uniswap V3,Polygon,9.58,USDC,111712702,0.73,2.57
2024-09-11,Uniswap V3,Polygon,8.53,DAI,102553039,1.23,3.82
2024-09-11,Uniswap V3,Base,9.16,USDC,113814925,1.59,4.03
2024-09-11,Uniswap V3,Base,7.22,USDT,112152564,1.39,4.0
2024-09-11,Uniswap V3,Base,7.75,DAI,111791406,1.24,3.98
2024-09-11,Yearn,Ethereum,4.63,USDT,149778778,20.24,0
2024-09-11,Yearn,Ethereum,4.17,DAI,142564725,21.45,0
2024-09-11,Yearn,Arbitrum,5.83,USDC,138945775,2.46,4.77
2024-09-11,Yearn,Arbitrum,5.92,USDT,140641692,1.64,5.31
2024-09-11,Yearn,Arbitrum,5.2,DAI,143166027,2.21,5.47
2024-09-11,Yearn,Optimism,6.47,USDC,138627013,1.75,4.37
2024-09-11,Yearn,Optimism,5.39,USDT,145776934,1.95,3.49
2024-09-11,Yearn,Optimism,4.17,DAI,141554141,1.64,4.37
2024-09-11,Yearn,Polygon,6.11,USDT,150089554,1.18,3.06
2024-09-11,Yearn,Polygon,4.91,DAI,143899348,1.01,3.27
2024-09-11,Yearn,Base,5.9,USDC,136939775,1.3,3.27
2024-09-11,Yearn,Base,5.53,USDT,144985798,1.48,3.02
2024-09-11,Yearn,Base,5.67,DAI,137537567,1.17,3.71
2024-09-11,Pendle,Ethereum,8.85,USDC,89154370,21.55,0
2024-09-11,Pendle,Ethereum,8.27,USDT,90744904,22.93,0
2024-09-11,Pendle,Ethereum,8.7,DAI,89045657,13.31,0
2024-09-11,Pendle,Arbitrum,9.32,USDC,89119210,2.79,3.23
2024-09-11,Pendle,Arbitrum,10.19,USDT,86765055,2.1,3.27
2024-09-11,Pendle,Arbitrum,9.59,DAI,96631050,2.54,5.39
2024-09-11,Pendle,Optimism,8.84,USDC,93819008,2.54,4.49
2024-09-11,Pendle,Optimism,9.12,USDT,96641378,1.67,4.17
2024-09-11,Pendle,Optimism,11.64,DAI,95845052,1.61,5.66
2024-09-11,Pendle,Base,9.1,USDC,93227087,1.4,3.55
2024-09-11,Pendle,Base,9.51,USDT,90423128,1.49,4.63
2024-09-11,Pendle,Base,8.99,DAI,92746129,1.49,4.0
2024-09-11,Convex,Ethereum,5.14,USDC,181427312,18.66,0
2024-09-11,Convex,Ethereum,4.02,DAI,180457242,12.28,0
2024-09-11,Balancer,Ethereum,6.03,USDC,124687054,14.42,0
2024-09-11,Balancer,Ethereum,6.1,USDT,137854228,23.47,0
2024-09-11,Balancer,Ethereum,4.77,DAI,123917914,16.17,0
2024-09-11,Balancer,Arbitrum,6.28,USDC,128813744,1.85,4.92
2024-09-11,Balancer,Arbitrum,8.05,USDT,141414131,2.15,3.68
2024-09-11,Balancer,Arbitrum,5.49,DAI,123604394,1.99,4.62
2024-09-11,Balancer,Optimism,6.33,USDC,133783180,1.89,2.85
2024-09-11,Balancer,Optimism,7.42,USDT,129697393,1.79,3.09
2024-09-11,Balancer,Optimism,6.72,DAI,126890228,1.38,4.42
2024-09-11,Balancer,Polygon,7.95,USDT,127545073,0.97,2.89
2024-09-11,Balancer,Polygon,8.23,DAI,134169756,0.91,2.68
2024-09-11,Balancer,Base,6.97,USDT,139269630,1.7,4.59
2024-09-11,Balancer,Base,5.9,DAI,129790288,1.57,3.93
2024-09-12,Aave,Ethereum,3.14,USDT,301349049,15.92,0
2024-09-12,Aave,Ethereum,2.22,DAI,292695743,14.61,0
2024-09-12,Aave,Arbitrum,4.43,USDC,272121744,1.94,5.77
2024-09-12,Aave,Arbitrum,3.48,USDT,303701286,2.56,5.08
2024-09-12,Aave,Arbitrum,4.47,DAI,280897502,2.57,2.43
2024-09-12,Aave,Optimism,4.32,USDC,295273797,1.97,4.73
2024-09-12,Aave,Optimism,3.28,USDT,301132206,2.11,5.11
2024-09-12,Aave,Optimism,3.23,DAI,286015788,1.83,3.35
2024-09-12,Aave,Polygon,3.97,USDC,291395552,0.92,3.12
2024-09-12,Aave,Polygon,4.42,USDT,282380711,1.0,3.7
2024-09-12,Aave,Polygon,4.36,DAI,298129169,1.11,2.74
2024-09-12,Aave,Base,3.91,USDC,295660124,1.63,3.35
2024-09-12,Aave,Base,4.02,DAI,284009578,1.16,5.02
2024-09-12,Compound,Ethereum,3.14,USDC,221579248,15.6,0
2024-09-12,Compound,Ethereum,2.36,USDT,228445725,12.02,0
2024-09-12,Compound,Ethereum,3.15,DAI,216031500,19.53,0
2024-09-12,Compound,Arbitrum,3.86,USDC,217181596,2.06,4.03
2024-09-12,Compound,Arbitrum,3.54,USDT,195925196,1.82,3.63
2024-09-12,Compound,Optimism,3.05,USDC,217201609,1.86,3.35
2024-09-12,Compound,Optimism,3.71,USDT,212804591,1.71,2.99
2024-09-12,Compound,Optimism,3.35,DAI,206007145,1.92,3.08
2024-09-12,Compound,Polygon,4.24,USDC,206581594,0.91,1.49
2024-09-12,Compound,Polygon,3.45,DAI,221107967,0.78,3.18
2024-09-12,Compound,Base,3.06,USDC,207277785,1.01,4.43
2024-09-12,Compound,Base,3.96,USDT,217204152,1.39,3.48
2024-09-12,Curve,Ethereum,5.67,USDT,372711383,14.4,0
2024-09-12,Curve,Ethereum,5.43,DAI,363184822,17.25,0
2024-09-12,Curve,Arbitrum,7.48,USDT,391168022,2.86,4.45
2024-09-12,Curve,Arbitrum,6.26,DAI,396533202,2.88,3.99
2024-09-12,Curve,Optimism,6.1,USDC,354610407,1.09,5.45
2024-09-12,Curve,Optimism,5.73,USDT,376517459,1.5,3.12
2024-09-12,Curve,Optimism,6.49,DAI,361352423,2.31,4.52
2024-09-12,Curve,Polygon,8.32,USDC,389305177,0.97,2.14
2024-09-12,Curve,Polygon,6.83,USDT,406445238,1.18,2.39
2024-09-12,Curve,Polygon,6.95,DAI,371897344,0.76,3.9
2024-09-12,Curve,Base,7.01,USDC,374105048,1.65,4.41
2024-09-12,Curve,Base,6.02,USDT,354845282,1.66,4.1
2024-09-12,Curve,Base,4.88,DAI,386844406,1.93,6.18
2024-09-12,Uniswap V3,Ethereum,6.49,USDC,109844351,15.93,0
2024-09-12,Uniswap V3,Ethereum,6.49,USDT,116941064,15.98,0
2024-09-12,Uniswap V3,Ethereum,6.56,DAI,119081292,15.29,0
2024-09-12,Uniswap V3,Arbitrum,6.92,USDC,119839566,2.88,6.09
2024-09-12,Uniswap V3,Arbitrum,7.39,USDT,123842443,2.5,6.54
2024-09-12,Uniswap V3,Arbitrum,6.0,DAI,112678185,2.62,4.79
2024-09-12,Uniswap V3,Optimism,6.69,USDC,119051510,1.79,4.09
2024-09-12,Uniswap V3,Optimism,7.06,USDT,114136941,1.56,4.67
2024-09-12,Uniswap V3,Optimism,8.0,DAI,111816690,2.01,3.47
2024-09-12,Uniswap V3,Polygon,7.02,USDC,114503408,0.74,3.44
2024-09-12,Uniswap V3,Polygon,7.13,USDT,117653820,0.75,2.03
2024-09-12,Uniswap V3,Polygon,8.36,DAI,105023494,0.79,2.95
2024-09-12,Uniswap V3,Base,7.03,USDC,119949882,1.88,5.25
2024-09-12,Uniswap V3,Base,7.81,USDT,115841210,1.67,2.82
2024-09-12,Yearn,Ethereum,3.64,USDC,146378790,17.15,0
2024-09-12,Yearn,Ethereum,4.31,USDT,132828633,17.8,0
2024-09-12,Yearn,Arbitrum,5.52,USDC,133252268,2.55,4.08
2024-09-12,Yearn,Arbitrum,5.71,USDT,143714245,1.99,4.24
2024-09-12,Yearn,Arbitrum,4.78,DAI,150065031,2.44,4.0
2024-09-12,Yearn,Optimism,5.35,USDT,146086747,2.25,3.98
2024-09-12,Yearn,Optimism,5.17,DAI,144167311,1.91,4.04
2024-09-12,Yearn,Polygon,5.43,USDC,145447221,0.8,2.72
2024-09-12,Yearn,Polygon,5.78,USDT,142033320,0.72,2.6
2024-09-12,Yearn,Polygon,5.42,DAI,140525846,1.13,2.14
2024-09-12,Yearn,Base,5.39,USDC,144902740,1.43,3.27
2024-09-12,Yearn,Base,4.87,DAI,146120806,1.43,3.47
2024-09-12,Pendle,Ethereum,8.24,USDT,85556982,16.57,0
2024-09-12,Pendle,Ethereum,8.99,DAI,94352121,22.64,0
2024-09-12,Pendle,Arbitrum,7.28,USDC,87182788,2.65,5.61
2024-09-12,Pendle,Arbitrum,9.49,USDT,85313822,2.41,5.81
2024-09-12,Pendle,Optimism,11.61,USDC,90536789,1.26,3.32
2024-09-12,Pendle,Optimism,9.26,DAI,93934852,1.85,1.41
2024-09-12,Pendle,Base,9.21,USDC,82170289,1.49,3.82
2024-09-12,Pendle,Base,9.93,USDT,88897810,1.23,4.4
2024-09-12,Pendle,Base,9.39,DAI,84126716,1.68,4.04
2024-09-12,Convex,Ethereum,4.7,USDC,167888067,19.52,0
2024-09-12,Convex,Ethereum,3.73,USDT,175200132,20.82,0
2024-09-12,Convex,Ethereum,4.87,DAI,185938538,17.62,0
2024-09-12,Balancer,Ethereum,6.53,USDC,126410798,21.84,0
2024-09-12,Balancer,Ethereum,5.43,USDT,128156346,13.88,0
2024-09-12,Balancer,Ethereum,5.9,DAI,127045216,13.6,0
2024-09-12,Balancer,Arbitrum,7.25,USDC,127053931,2.07,3.98
2024-09-12,Balancer,Arbitrum,7.35,USDT,129516377,1.9,5.75
2024-09-12,Balancer,Arbitrum,5.7,DAI,135880549,2.63,5.14
2024-09-12,Balancer,Optimism,6.95,USDC,136571570,1.91,3.83
2024-09-12,Balancer,Optimism,6.5,USDT,121909491,2.16,4.66
2024-09-12,Balancer,Optimism,6.91,DAI,133098093,1.78,2.74
2024-09-12,Balancer,Polygon,7.3,USDC,128319663,0.48,3.17
2024-09-12,Balancer,Polygon,7.59,USDT,134716416,1.04,3.03
2024-09-12,Balancer,Polygon,7.14,DAI,120361919,0.88,2.35
2024-09-12,Balancer,Base,6.89,USDC,129325082,1.2,4.04
2024-09-12,Balancer,Base,6.32,USDT,128804375,1.07,3.57
2024-09-13,Aave,Ethereum,3.71,USDC,320169444,17.53,0
2024-09-13,Aave,Ethereum,3.49,USDT,296761815,12.02,0
2024-09-13,Aave,Ethereum,3.41,DAI,280250007,17.91,0
2024-09-13,Aave,Arbitrum,4.37,USDC,318100948,2.5,3.96
2024-09-13,Aave,Arbitrum,3.83,USDT,286783795,2.23,6.25
2024-09-13,Aave,Arbitrum,4.74,DAI,285144008,2.4,6.14
2024-09-13,Aave,Optimism,2.75,USDC,281864051,1.78,4.31
2024-09-13,Aave,Optimism,4.36,USDT,276417881,1.57,4.39
2024-09-13,Aave,Optimism,3.81,DAI,292190223,1.71,3.72
2024-09-13,Aave,Polygon,3.56,USDC,287565737,0.95,4.03
2024-09-13,Aave,Polygon,3.66,USDT,278257446,1.15,4.02
2024-09-13,Aave,Polygon,3.11,DAI,285980761,0.96,2.9
2024-09-13,Aave,Base,3.42,USDC,265349542,1.21,3.98
2024-09-13,Aave,Base,3.22,USDT,296119117,1.24,4.68
2024-09-13,Aave,Base,3.25,DAI,286505807,1.67,4.71
2024-09-13,Compound,Ethereum,2.92,USDC,214969524,16.11,0
2024-09-13,Compound,Ethereum,3.5,USDT,210583859,18.51,0
2024-09-13,Compound,Ethereum,2.83,DAI,204327389,19.03,0
2024-09-13,Compound,Arbitrum,3.19,USDC,208973986,2.21,4.79
2024-09-13,Compound,Arbitrum,3.89,USDT,213694194,1.78,5.05
2024-09-13,Compound,Arbitrum,4.05,DAI,226145436,2.01,5.25
2024-09-13,Compound,Optimism,2.89,USDC,222154238,1.97,2.94
2024-09-13,Compound,Optimism,4.51,USDT,217194442,1.74,4.3
2024-09-13,Compound,Polygon,3.21,USDC,203246312,1.13,3.36
2024-09-13,Compound,Polygon,4.75,USDT,203552951,1.05,3.61
2024-09-13,Compound,Base,3.75,USDC,206836265,1.92,4.52
2024-09-13,Compound,Base,3.56,USDT,196816322,1.67,5.2
2024-09-13,Compound,Base,2.79,DAI,211379269,1.04,4.79
2024-09-13,Curve,Ethereum,5.33,USDT,412799093,16.23,0
2024-09-13,Curve,Ethereum,4.03,DAI,390835642,20.65,0
2024-09-13,Curve,Arbitrum,7.0,USDC,368324238,2.94,4.64
2024-09-13,Curve,Arbitrum,6.01,DAI,379822578,2.56,4.54
2024-09-13,Curve,Optimism,6.25,USDC,365428172,1.7,3.46
2024-09-13,Curve,Optimism,6.17,USDT,379816647,1.45,3.92
2024-09-13,Curve,Optimism,6.96,DAI,389930106,1.5,4.17
2024-09-13,Curve,Polygon,5.93,USDC,373067404,1.06,3.28
2024-09-13,Curve,Polygon,7.43,USDT,368388410,1.1,2.95
2024-09-13,Curve,Polygon,6.87,DAI,325017898,0.76,3.34
2024-09-13,Curve,Base,6.46,USDT,376057936,0.97,4.12
2024-09-13,Curve,Base,6.26,DAI,379495175,1.61,3.07
2024-09-13,Uniswap V3,Ethereum,5.78,USDC,117410435,25.72,0
2024-09-13,Uniswap V3,Ethereum,5.63,USDT,110489295,21.97,0
2024-09-13,Uniswap V3,Ethereum,6.11,DAI,113613823,14.73,0
2024-09-13,Uniswap V3,Arbitrum,7.35,USDC,107246553,2.0,4.61
2024-09-13,Uniswap V3,Arbitrum,7.46,USDT,115399718,2.71,4.7
2024-09-13,Uniswap V3,Arbitrum,7.49,DAI,103287261,3.07,3.86
2024-09-13,Uniswap V3,Optimism,9.69,USDC,111540136,2.07,2.16
2024-09-13,Uniswap V3,Optimism,8.06,USDT,110103362,1.43,3.16
2024-09-13,Uniswap V3,Optimism,7.29,DAI,99917982,1.96,5.13
2024-09-13,Uniswap V3,Polygon,9.8,USDC,110020760,1.1,4.19
2024-09-13,Uniswap V3,Polygon,7.46,USDT,114671958,0.99,3.71
2024-09-13,Uniswap V3,Polygon,7.3,DAI,115810193,0.97,3.04
2024-09-13,Uniswap V3,Base,7.03,USDC,103275627,1.31,3.63
2024-09-13,Uniswap V3,Base,9.97,USDT,115066118,1.71,3.17
2024-09-13,Uniswap V3,Base,5.23,DAI,109583306,1.41,4.75
2024-09-13,Yearn,Ethereum,4.91,USDC,135801799,16.15,0
2024-09-13,Yearn,Ethereum,4.45,USDT,140361536,22.32,0
2024-09-13,Yearn,Ethereum,5.14,DAI,143227309,15.17,0
2024-09-13,Yearn,Arbitrum,4.31,USDC,140058374,2.7,6.3
2024-09-13,Yearn,Arbitrum,4.59,USDT,132484427,2.43,6.51
2024-09-13,Yearn,Arbitrum,5.0,DAI,137706686,2.88,4.75
2024-09-13,Yearn,Optimism,6.15,USDC,129767248,2.21,3.34
2024-09-13,Yearn,Optimism,4.66,USDT,140776093,1.93,3.87
2024-09-13,Yearn,Polygon,5.55,USDT,138097687,1.16,3.26
2024-09-13,Yearn,Polygon,4.85,DAI,147366781,1.36,1.6
2024-09-13,Yearn,Base,6.1,USDC,143935483,1.48,4.14
2024-09-13,Yearn,Base,4.52,USDT,140216269,1.52,4.63
2024-09-13,Yearn,Base,5.78,DAI,140502168,1.76,2.67
2024-09-13,Pendle,Ethereum,9.83,USDC,85843409,25.44,0
2024-09-13,Pendle,Ethereum,5.76,USDT,89432101,12.35,0
2024-09-13,Pendle,Ethereum,7.59,DAI,83816739,12.6,0
2024-09-13,Pendle,Arbitrum,9.19,USDC,86377297,2.7,3.61
2024-09-13,Pendle,Arbitrum,8.01,USDT,92342435,2.32,5.51
2024-09-13,Pendle,Arbitrum,9.3,DAI,90240730,2.84,6.39
2024-09-13,Pendle,Optimism,10.47,USDC,89322928,1.73,4.13
2024-09-13,Pendle,Optimism,8.82,USDT,78629157,1.48,4.5
2024-09-13,Pendle,Optimism,6.53,DAI,87535366,1.93,2.8
2024-09-13,Pendle,Base,9.8,USDC,92445780,1.6,3.79
2024-09-13,Pendle,Base,10.19,USDT,85505436,1.67,4.41
2024-09-13,Pendle,Base,10.5,DAI,89255646,1.37,3.36
2024-09-13,Convex,Ethereum,4.56,USDC,176629181,14.78,0
2024-09-13,Convex,Ethereum,5.06,USDT,172777499,16.03,0
2024-09-13,Convex,Ethereum,5.0,DAI,178211518,18.74,0
2024-09-13,Balancer,Ethereum,5.88,USDC,130705969,19.31,0
2024-09-13,Balancer,Ethereum,6.05,USDT,121486580,20.0,0
2024-09-13,Balancer,Arbitrum,7.41,USDT,129660594,2.16,4.82
2024-09-13,Balancer,Arbitrum,6.95,DAI,132796177,2.42,5.35
2024-09-13,Balancer,Optimism,7.68,USDT,131488979,1.62,3.86
2024-09-13,Balancer,Optimism,7.12,DAI,121934529,1.72,3.87
2024-09-13,Balancer,Polygon,6.08,USDC,122049505,0.78,2.17
2024-09-13,Balancer,Polygon,7.07,USDT,123583112,1.12,3.48
2024-09-13,Balancer,Polygon,6.58,DAI,125269978,0.78,2.66
2024-09-13,Balancer,Base,5.99,USDT,124502701,1.63,2.7
2024-09-13,Balancer,Base,6.93,DAI,133028675,1.27,3.5
2024-09-14,Aave,Ethereum,2.79,USDC,273602637,10.14,0
2024-09-14,Aave,Ethereum,3.08,USDT,287073658,12.97,0
2024-09-14,Aave,Ethereum,3.1,DAI,301467840,15.07,0
2024-09-14,Aave,Arbitrum,4.12,USDC,300427181,1.9,4.94
2024-09-14,Aave,Arbitrum,2.96,USDT,297786269,1.81,5.36
2024-09-14,Aave,Arbitrum,3.87,DAI,297831286,1.54,2.92
2024-09-14,Aave,Optimism,3.4,USDT,288245206,1.43,2.5
2024-09-14,Aave,Optimism,3.92,DAI,303379324,0.55,3.64
2024-09-14,Aave,Polygon,4.35,USDT,309083811,0.41,2.4
2024-09-14,Aave,Polygon,4.06,DAI,271710028,0.64,3.03
2024-09-14,Aave,Base,3.99,USDC,268613078,0.97,3.69
2024-09-14,Aave,Base,3.87,USDT,291252960,1.07,4.19
2024-09-14,Aave,Base,2.49,DAI,284963093,1.16,4.96
2024-09-14,Compound,Ethereum,2.83,USDC,206589658,11.33,0
2024-09-14,Compound,Ethereum,2.62,USDT,193409880,10.64,0
2024-09-14,Compound,Ethereum,2.95,DAI,204837668,13.62,0
2024-09-14,Compound,Arbitrum,3.39,USDT,203591187,1.99,4.97
2024-09-14,Compound,Arbitrum,3.07,DAI,188481877,1.46,4.98
2024-09-14,Compound,Optimism,4.32,USDC,191690728,0.74,3.95
2024-09-14,Compound,Optimism,4.01,USDT,199899502,1.54,4.22
2024-09-14,Compound,Optimism,3.64,DAI,203708880,1.61,4.0
2024-09-14,Compound,Polygon,3.73,USDC,203700987,0.68,2.4
2024-09-14,Compound,Polygon,4.88,USDT,199748602,0.65,2.65
2024-09-14,Compound,Polygon,4.38,DAI,205168237,0.65,2.52
2024-09-14,Compound,Base,3.89,USDC,215895554,0.94,5.14
2024-09-14,Compound,Base,3.87,USDT,190320602,0.87,4.16
2024-09-14,Compound,Base,3.24,DAI,199598096,0.79,3.48
2024-09-14,Curve,Ethereum,6.13,USDT,371617776,10.4,0
2024-09-14,Curve,Ethereum,4.51,DAI,367452228,11.4,0
2024-09-14,Curve,Arbitrum,5.3,USDC,369450844,1.86,5.42
2024-09-14,Curve,Arbitrum,5.62,USDT,388828406,1.98,5.81
2024-09-14,Curve,Arbitrum,6.48,DAI,366322665,1.28,6.12
2024-09-14,Curve,Optimism,5.22,USDC,389480249,1.71,4.17
2024-09-14,Curve,Optimism,5.59,USDT,351107939,1.31,2.73
2024-09-14,Curve,Optimism,6.79,DAI,385316580,1.32,2.95
2024-09-14,Curve,Polygon,7.61,USDC,372566337,0.72,2.65
2024-09-14,Curve,Polygon,6.22,USDT,349830645,0.57,2.93
2024-09-14,Curve,Polygon,6.42,DAI,362618830,0.73,2.63
2024-09-14,Curve,Base,6.11,USDC,383180414,0.95,4.29
2024-09-14,Curve,Base,6.06,DAI,361553372,0.76,2.78
2024-09-14,Uniswap V3,Ethereum,7.04,USDC,104285739,12.01,0
2024-09-14,Uniswap V3,Ethereum,6.49,USDT,112650522,13.72,0
2024-09-14,Uniswap V3,Ethereum,6.61,DAI,109827002,11.65,0
2024-09-14,Uniswap V3,Arbitrum,7.51,USDC,118685768,1.78,4.16
2024-09-14,Uniswap V3,Arbitrum,6.8,USDT,112800673,1.79,3.9
2024-09-14,Uniswap V3,Arbitrum,7.1,DAI,112591144,1.85,4.42
2024-09-14,Uniswap V3,Optimism,6.83,USDC,94932381,1.1,5.05
2024-09-14,Uniswap V3,Optimism,6.78,USDT,106100368,1.39,3.59
2024-09-14,Uniswap V3,Optimism,6.48,DAI,110397985,1.19,3.49
2024-09-14,Uniswap V3,Polygon,8.49,USDC,112102105,0.59,3.28
2024-09-14,Uniswap V3,Polygon,8.61,USDT,106334661,0.57,2.09
2024-09-14,Uniswap V3,Polygon,8.31,DAI,117052139,0.58,2.07
2024-09-14,Uniswap V3,Base,7.12,USDC,104252437,0.88,4.25
2024-09-14,Uniswap V3,Base,6.59,USDT,105747769,0.92,3.34
2024-09-14,Uniswap V3,Base,6.84,DAI,107980847,0.86,4.11
2024-09-14,Yearn,Ethereum,4.38,USDC,144520416,12.79,0
2024-09-14,Yearn,Ethereum,4.51,USDT,139465319,12.89,0
2024-09-14,Yearn,Ethereum,4.18,DAI,138258947,13.98,0
2024-09-14,Yearn,Arbitrum,3.81,USDC,135337882,1.76,6.55
2024-09-14,Yearn,Arbitrum,4.66,USDT,130953492,1.74,2.53
2024-09-14,Yearn,Arbitrum,4.34,DAI,132726697,1.71,5.83
2024-09-14,Yearn,Optimism,5.64,USDC,142065359,1.36,2.31
2024-09-14,Yearn,Optimism,5.61,USDT,135529103,1.15,4.49
2024-09-14,Yearn,Optimism,4.34,DAI,140725322,1.08,4.55
2024-09-14,Yearn,Polygon,5.69,USDC,145491375,0.88,2.77
2024-09-14,Yearn,Polygon,5.2,USDT,139470297,0.67,3.13
2024-09-14,Yearn,Polygon,5.19,DAI,138777821,0.65,3.25
2024-09-14,Yearn,Base,5.06,USDC,136030562,1.02,2.52
2024-09-14,Yearn,Base,3.88,USDT,128260878,0.89,3.77
2024-09-14,Yearn,Base,4.73,DAI,131648900,1.15,3.05
2024-09-14,Pendle,Ethereum,7.32,USDC,82732439,12.6,0
2024-09-14,Pendle,Ethereum,8.05,USDT,81252051,11.45,0
2024-09-14,Pendle,Ethereum,11.39,DAI,86913641,9.63,0
2024-09-14,Pendle,Arbitrum,10.76,USDT,85645309,1.79,6.14
2024-09-14,Pendle,Arbitrum,9.45,DAI,84293244,1.64,5.74
2024-09-14,Pendle,Optimism,9.05,USDC,89510063,1.13,3.24
2024-09-14,Pendle,Optimism,9.84,USDT,86334155,0.66,4.17
2024-09-14,Pendle,Base,10.38,USDC,84770210,1.02,4.14
2024-09-14,Pendle,Base,11.49,USDT,79643136,0.86,5.2
2024-09-14,Pendle,Base,8.2,DAI,91499851,0.97,3.19
2024-09-14,Convex,Ethereum,4.32,USDC,170390925,9.87,0
2024-09-14,Convex,Ethereum,3.64,USDT,159593491,11.19,0
2024-09-14,Convex,Ethereum,4.68,DAI,177107176,12.96,0
2024-09-14,Balancer,Ethereum,5.84,USDC,129937450,12.37,0
2024-09-14,Balancer,Ethereum,6.04,USDT,124663177,11.48,0
2024-09-14,Balancer,Ethereum,5.7,DAI,131186846,11.4,0
2024-09-14,Balancer,Arbitrum,6.62,USDC,126497272,1.67,5.74
2024-09-14,Balancer,Arbitrum,6.69,USDT,118962355,1.17,4.58
2024-09-14,Balancer,Optimism,6.62,USDC,117935214,0.95,4.05
2024-09-14,Balancer,Optimism,6.61,USDT,125511219,1.08,4.76
2024-09-14,Balancer,Polygon,5.15,USDC,131217239,0.59,2.5
2024-09-14,Balancer,Polygon,6.61,DAI,129646221,0.56,3.06
2024-09-14,Balancer,Base,7.34,USDC,121911381,0.82,4.47
2024-09-14,Balancer,Base,7.44,USDT,122839969,1.07,4.88
2024-09-14,Balancer,Base,6.1,DAI,127906685,0.83,4.24
2024-09-15,Aave,Ethereum,2.79,USDC,267498094,11.31,0
2024-09-15,Aave,Ethereum,2.53,USDT,263035324,10.96,0
2024-09-15,Aave,Ethereum,3.65,DAI,301998978,11.03,0
2024-09-15,Aave,Arbitrum,3.55,USDC,279820179,1.69,5.9
2024-09-15,Aave,Arbitrum,4.1,USDT,279455673,1.62,5.7
2024-09-15,Aave,Arbitrum,3.12,DAI,287494328,1.24,5.53
2024-09-15,Aave,Optimism,3.72,USDC,282491659,1.14,3.64
2024-09-15,Aave,Optimism,3.6,USDT,278532668,1.12,5.2
2024-09-15,Aave,Optimism,3.32,DAI,305148668,1.28,4.26
2024-09-15,Aave,Polygon,3.91,USDC,266428245,0.6,2.24
2024-09-15,Aave,Polygon,4.23,USDT,293931889,0.68,2.74
2024-09-15,Aave,Polygon,4.01,DAI,291585781,0.77,3.43
2024-09-15,Aave,Base,3.73,USDC,299062506,0.87,4.06
2024-09-15,Aave,Base,4.79,USDT,287010310,0.76,4.32
2024-09-15,Aave,Base,3.77,DAI,307141108,1.02,2.45
2024-09-15,Compound,Ethereum,2.75,USDC,195410135,11.03,0
2024-09-15,Compound,Ethereum,3.43,USDT,200697541,10.48,0
2024-09-15,Compound,Ethereum,3.22,DAI,203388214,8.25,0
2024-09-15,Compound,Arbitrum,3.43,USDC,212364282,1.25,3.78
2024-09-15,Compound,Arbitrum,3.52,USDT,211694533,1.63,4.2
2024-09-15,Compound,Arbitrum,4.17,DAI,202416061,1.62,5.27
2024-09-15,Compound,Optimism,4.16,USDC,200307439,0.83,2.8
2024-09-15,Compound,Optimism,3.61,USDT,202867913,1.11,5.11
2024-09-15,Compound,Optimism,3.27,DAI,223101902,1.33,3.72
2024-09-15,Compound,Polygon,3.31,USDC,197537253,0.51,2.55
2024-09-15,Compound,Polygon,4.12,USDT,189248297,0.49,2.58
2024-09-15,Compound,Polygon,3.36,DAI,192705989,0.78,3.09
2024-09-15,Compound,Base,2.79,USDC,212911681,1.02,4.16
2024-09-15,Compound,Base,3.34,USDT,205083776,0.93,3.8
2024-09-15,Compound,Base,4.17,DAI,213292768,0.82,3.96
2024-09-15,Curve,Ethereum,5.89,USDC,365370209,13.72,0
2024-09-15,Curve,Ethereum,6.35,USDT,324085874,11.65,0
2024-09-15,Curve,Ethereum,4.23,DAI,356442597,10.63,0
2024-09-15,Curve,Arbitrum,6.2,USDC,383833765,1.05,6.7
2024-09-15,Curve,Arbitrum,7.98,USDT,375150951,2.12,4.44
2024-09-15,Curve,Optimism,6.67,USDC,337302805,1.21,3.63
2024-09-15,Curve,Optimism,6.93,USDT,357826918,1.16,3.91
2024-09-15,Curve,Optimism,5.78,DAI,355499107,1.21,3.56
2024-09-15,Curve,Polygon,8.23,USDT,371283697,0.57,3.21
2024-09-15,Curve,Base,7.07,USDC,358515721,1.16,4.3
2024-09-15,Curve,Base,6.46,USDT,328673593,0.9,5.71
2024-09-15,Uniswap V3,Ethereum,5.59,USDT,106092081,11.32,0
2024-09-15,Uniswap V3,Ethereum,6.8,DAI,101328600,13.37,0
2024-09-15,Uniswap V3,Arbitrum,7.84,USDC,105957107,1.87,5.44
2024-09-15,Uniswap V3,Arbitrum,7.92,USDT,114718303,1.37,5.1
2024-09-15,Uniswap V3,Arbitrum,6.35,DAI,109916450,1.47,3.88
2024-09-15,Uniswap V3,Optimism,7.2,USDC,98118988,1.02,4.74
2024-09-15,Uniswap V3,Optimism,7.87,USDT,106734234,0.94,4.36
2024-09-15,Uniswap V3,Optimism,7.42,DAI,102614414,1.38,2.72
2024-09-15,Uniswap V3,Polygon,7.88,USDC,112655854,0.77,2.72
2024-09-15,Uniswap V3,Polygon,7.32,USDT,111705902,0.53,2.88
2024-09-15,Uniswap V3,Polygon,8.0,DAI,117895664,0.51,2.87
2024-09-15,Uniswap V3,Base,5.75,USDC,109452044,1.08,3.78
2024-09-15,Uniswap V3,Base,8.04,DAI,113187059,1.04,4.05
2024-09-15,Yearn,Ethereum,4.85,USDC,133636683,13.96,0
2024-09-15,Yearn,Ethereum,4.39,USDT,140325595,11.31,0
2024-09-15,Yearn,Ethereum,4.76,DAI,134899097,13.85,0
2024-09-15,Yearn,Arbitrum,5.97,USDC,133768507,1.06,3.94
2024-09-15,Yearn,Arbitrum,5.68,USDT,136707572,1.75,6.28
2024-09-15,Yearn,Arbitrum,4.83,DAI,119601378,1.47,4.99
2024-09-15,Yearn,Optimism,5.12,USDC,137464879,1.66,4.39
2024-09-15,Yearn,Optimism,4.82,USDT,139003950,1.2,3.83
2024-09-15,Yearn,Optimism,4.89,DAI,128960117,1.39,3.79
2024-09-15,Yearn,Polygon,5.42,USDC,137382118,0.65,3.67
2024-09-15,Yearn,Polygon,4.22,USDT,133354409,0.8,3.46
2024-09-15,Yearn,Polygon,6.12,DAI,132405449,0.57,2.87
2024-09-15,Yearn,Base,4.82,USDC,134457276,0.96,3.53
2024-09-15,Yearn,Base,5.2,USDT,126911814,1.14,4.02
2024-09-15,Pendle,Ethereum,8.73,USDC,75388536,11.84,0
2024-09-15,Pendle,Ethereum,6.79,USDT,85128462,10.59,0
2024-09-15,Pendle,Ethereum,8.26,DAI,86667811,12.17,0
2024-09-15,Pendle,Arbitrum,12.25,USDC,86127158,1.42,4.59
2024-09-15,Pendle,Arbitrum,10.83,USDT,88068920,1.9,4.82
2024-09-15,Pendle,Arbitrum,9.39,DAI,86261270,1.66,4.74
2024-09-15,Pendle,Optimism,11.42,USDC,80374739,1.52,4.89
2024-09-15,Pendle,Optimism,8.97,USDT,84574816,1.32,3.83
2024-09-15,Pendle,Optimism,11.51,DAI,90475503,0.96,3.04
2024-09-15,Pendle,Base,12.36,USDT,82487211,1.24,1.7
2024-09-15,Pendle,Base,9.93,DAI,87559681,0.97,4.71
2024-09-15,Convex,Ethereum,4.67,USDC,161540385,13.52,0
2024-09-15,Convex,Ethereum,3.91,USDT,172531550,10.84,0
2024-09-15,Convex,Ethereum,4.74,DAI,169130330,10.45,0
2024-09-15,Balancer,Ethereum,5.64,USDT,124299539,9.13,0
2024-09-15,Balancer,Ethereum,4.91,DAI,127812979,11.5,0
2024-09-15,Balancer,Arbitrum,7.65,USDT,113009019,1.14,3.74
2024-09-15,Balancer,Arbitrum,6.09,DAI,126253179,1.6,5.8
2024-09-15,Balancer,Optimism,5.34,USDC,119077038,1.13,3.5
2024-09-15,Balancer,Optimism,6.73,USDT,118838425,1.12,5.45
2024-09-15,Balancer,Optimism,6.2,DAI,125092744,1.24,2.57
2024-09-15,Balancer,Polygon,7.31,USDC,117609050,0.61,3.49
2024-09-15,Balancer,Polygon,7.8,USDT,120446738,0.6,2.81
2024-09-15,Balancer,Polygon,6.92,DAI,138763336,0.63,2.04
2024-09-15,Balancer,Base,5.84,USDC,130979780,0.96,5.17
2024-09-15,Balancer,Base,5.82,USDT,129330145,1.05,3.44
2024-09-15,Balancer,Base,6.52,DAI,118928650,0.77,2.98
2024-09-16,Aave,Ethereum,3.34,USDC,279341447,16.52,0
2024-09-16,Aave,Ethereum,3.56,USDT,283517615,17.52,0
2024-09-16,Aave,Ethereum,3.27,DAI,257247384,16.87,0
2024-09-16,Aave,Arbitrum,3.51,USDC,305435295,2.14,5.52
2024-09-16,Aave,Arbitrum,4.35,USDT,278941867,2.49,4.0
2024-09-16,Aave,Optimism,3.7,USDC,292174149,1.39,5.34
2024-09-16,Aave,Optimism,3.24,USDT,290455080,1.94,3.51
2024-09-16,Aave,Optimism,3.28,DAI,257699773,1.69,2.81
2024-09-16,Aave,Polygon,5.41,USDC,270851568,0.64,1.91
2024-09-16,Aave,Polygon,3.1,USDT,284181131,1.11,2.05
2024-09-16,Aave,Base,3.93,USDC,279309982,1.35,4.0
2024-09-16,Aave,Base,3.63,USDT,286296815,1.85,4.81
2024-09-16,Aave,Base,4.3,DAI,297813416,1.58,4.33
2024-09-16,Compound,Ethereum,3.51,USDC,207554089,19.82,0
2024-09-16,Compound,Ethereum,3.35,USDT,204234257,12.29,0
2024-09-16,Compound,Ethereum,2.67,DAI,182814709,20.47,0
2024-09-16,Compound,Arbitrum,4.06,USDC,200082515,2.45,5.61
2024-09-16,Compound,Arbitrum,3.0,USDT,188082807,1.99,6.52
2024-09-16,Compound,Arbitrum,3.59,DAI,205292368,2.28,5.17
2024-09-16,Compound,Optimism,4.26,USDC,207068358,1.43,4.07
2024-09-16,Compound,Optimism,3.63,USDT,188632720,1.16,2.54
2024-09-16,Compound,Optimism,3.23,DAI,217847282,1.43,4.25
2024-09-16,Compound,Polygon,4.64,USDC,205807288,0.81,2.14
2024-09-16,Compound,Polygon,3.7,USDT,212174719,1.07,2.25
2024-09-16,Compound,Polygon,3.51,DAI,193722829,0.84,2.63
2024-09-16,Compound,Base,4.07,USDC,203022465,1.43,5.04
2024-09-16,Compound,Base,3.36,USDT,196314231,1.38,3.25
2024-09-16,Compound,Base,3.0,DAI,209438124,1.18,2.8
2024-09-16,Curve,Ethereum,5.92,USDC,351685486,21.2,0
2024-09-16,Curve,Ethereum,4.63,USDT,370102223,20.19,0
2024-09-16,Curve,Ethereum,6.15,DAI,360231663,19.72,0
2024-09-16,Curve,Arbitrum,7.36,USDC,340677728,2.34,3.09
2024-09-16,Curve,Arbitrum,7.18,USDT,347666192,2.49,3.06
2024-09-16,Curve,Arbitrum,6.4,DAI,365895445,2.99,4.38
2024-09-16,Curve,Optimism,8.13,USDC,372879531,2.29,4.83
2024-09-16,Curve,Optimism,6.84,USDT,344269359,2.3,3.36
2024-09-16,Curve,Optimism,7.0,DAI,347266798,1.25,4.36
2024-09-16,Curve,Polygon,6.89,USDC,349040652,0.91,3.2
2024-09-16,Curve,Polygon,7.5,USDT,368107192,0.85,1.18
2024-09-16,Curve,Polygon,7.34,DAI,352357958,1.17,2.74
2024-09-16,Curve,Base,5.44,USDT,326749305,1.48,3.72
2024-09-16,Curve,Base,6.91,DAI,338315441,1.46,4.97
2024-09-16,Uniswap V3,Ethereum,6.31,USDC,112283094,18.13,0
2024-09-16,Uniswap V3,Ethereum,5.1,USDT,104285266,19.97,0
2024-09-16,Uniswap V3,Ethereum,5.07,DAI,100823917,22.18,0
2024-09-16,Uniswap V3,Arbitrum,8.3,USDC,103367418,2.39,3.87
2024-09-16,Uniswap V3,Arbitrum,8.08,USDT,99620492,2.72,3.79
2024-09-16,Uniswap V3,Optimism,6.54,USDC,107193749,1.54,4.73
2024-09-16,Uniswap V3,Optimism,6.73,USDT,100043165,1.82,3.76
2024-09-16,Uniswap V3,Optimism,7.13,DAI,108829055,1.32,4.21
2024-09-16,Uniswap V3,Polygon,7.8,USDC,102578362,1.02,3.31
2024-09-16,Uniswap V3,Polygon,9.18,USDT,106107094,0.96,3.45
2024-09-16,Uniswap V3,Polygon,7.91,DAI,112191146,1.0,3.56
2024-09-16,Uniswap V3,Base,8.07,USDC,98747698,1.2,4.08
2024-09-16,Uniswap V3,Base,7.48,USDT,115085156,1.66,3.18
2024-09-16,Uniswap V3,Base,7.99,DAI,105943606,1.3,3.19
2024-09-16,Yearn,Ethereum,4.02,USDC,134611908,18.53,0
2024-09-16,Yearn,Ethereum,3.53,USDT,138594033,15.76,0
2024-09-16,Yearn,Arbitrum,4.58,USDC,135795062,1.74,5.2
2024-09-16,Yearn,Arbitrum,4.29,USDT,135751493,2.92,7.24
2024-09-16,Yearn,Arbitrum,5.52,DAI,125399595,3.19,4.58
2024-09-16,Yearn,Optimism,5.27,USDC,142588446,2.1,3.12
2024-09-16,Yearn,Optimism,4.28,USDT,127549354,1.71,3.69
2024-09-16,Yearn,Optimism,4.49,DAI,131814936,1.76,3.16
2024-09-16,Yearn,Polygon,5.11,USDC,124136135,0.8,2.01
2024-09-16,Yearn,Base,4.71,USDC,129828019,1.41,4.59
2024-09-16,Yearn,Base,4.53,USDT,139809284,1.39,4.24
2024-09-16,Yearn,Base,4.18,DAI,126980464,1.34,4.21
2024-09-16,Pendle,Ethereum,7.66,USDC,92439823,16.15,0
2024-09-16,Pendle,Ethereum,7.89,USDT,81499739,21.76,0
2024-09-16,Pendle,Ethereum,4.17,DAI,84237678,19.23,0
2024-09-16,Pendle,Arbitrum,9.01,USDC,84902038,2.02,4.17
2024-09-16,Pendle,Arbitrum,11.3,USDT,84769839,2.85,4.32
2024-09-16,Pendle,Optimism,8.42,USDC,84870489,1.85,3.93
2024-09-16,Pendle,Optimism,9.03,USDT,81303922,2.12,3.26
2024-09-16,Pendle,Optimism,9.33,DAI,80203633,1.43,4.24
2024-09-16,Pendle,Base,10.31,USDC,88375845,1.52,4.3
2024-09-16,Pendle,Base,9.85,DAI,81738229,1.23,4.52
2024-09-16,Convex,Ethereum,4.34,USDC,166645370,15.07,0
2024-09-16,Convex,Ethereum,4.1,USDT,174370209,21.05,0
2024-09-16,Convex,Ethereum,4.0,DAI,156132470,17.15,0
2024-09-16,Balancer,Ethereum,6.23,USDC,124256895,19.55,0
2024-09-16,Balancer,Ethereum,4.75,USDT,122447562,21.65,0
2024-09-16,Balancer,Ethereum,6.27,DAI,124375781,16.35,0
2024-09-16,Balancer,Arbitrum,7.08,DAI,131210855,2.71,3.08
2024-09-16,Balancer,Optimism,6.74,USDC,108410248,1.46,3.27
2024-09-16,Balancer,Optimism,6.14,USDT,121445414,2.05,3.24
2024-09-16,Balancer,Optimism,7.33,DAI,121058673,1.88,4.93
2024-09-16,Balancer,Polygon,7.04,USDC,130042787,1.12,2.16
2024-09-16,Balancer,Polygon,8.65,USDT,119588915,1.1,3.09
2024-09-16,Balancer,Polygon,6.95,DAI,114228052,0.9,2.39
2024-09-16,Balancer,Base,6.77,USDC,120496798,1.07,5.3
2024-09-16,Balancer,Base,6.46,USDT,125070425,1.23,3.23
2024-09-16,Balancer,Base,6.2,DAI,121300156,1.42,3.67
2024-09-17,Aave,Ethereum,3.05,USDT,301805570,20.88,0
2024-09-17,Aave,Ethereum,3.22,DAI,290385243,21.38,0
2024-09-17,Aave,Arbitrum,4.03,USDC,272498892,2.33,7.05
2024-09-17,Aave,Arbitrum,5.49,USDT,274217028,3.01,2.78
2024-09-17,Aave,Arbitrum,3.69,DAI,288031316,2.69,4.02
2024-09-17,Aave,Optimism,3.24,USDC,283506332,1.68,4.85
2024-09-17,Aave,Optimism,3.66,USDT,278909541,1.79,3.83
2024-09-17,Aave,Optimism,3.78,DAI,267167620,1.84,2.64
2024-09-17,Aave,Polygon,4.58,USDC,280066737,0.98,3.14
2024-09-17,Aave,Polygon,3.83,USDT,245810008,1.0,2.88
2024-09-17,Aave,Polygon,4.07,DAI,287082972,1.08,3.19
2024-09-17,Aave,Base,3.5,USDC,273295826,1.44,3.33
2024-09-17,Aave,Base,3.75,USDT,280893100,1.0,4.06
2024-09-17,Aave,Base,3.43,DAI,291316053,1.5,4.73
2024-09-17,Compound,Ethereum,3.29,USDC,205499568,20.48,0
2024-09-17,Compound,Ethereum,2.98,USDT,204599031,18.6,0
2024-09-17,Compound,Ethereum,2.61,DAI,196234705,18.53,0
2024-09-17,Compound,Arbitrum,3.72,USDC,189947990,2.44,4.43
2024-09-17,Compound,Arbitrum,4.24,USDT,202104660,2.62,5.75
2024-09-17,Compound,Optimism,3.74,USDC,183648221,1.74,3.2
2024-09-17,Compound,Optimism,3.69,USDT,192257033,2.06,2.95
2024-09-17,Compound,Optimism,3.08,DAI,204562313,1.68,3.36
2024-09-17,Compound,Polygon,4.17,USDT,194869178,1.17,2.14
2024-09-17,Compound,Polygon,3.95,DAI,195689479,0.81,3.95
2024-09-17,Compound,Base,4.27,USDC,182609748,1.64,4.02
2024-09-17,Compound,Base,4.79,USDT,197231190,1.4,3.32
2024-09-17,Compound,Base,4.07,DAI,192274329,1.58,1.73
2024-09-17,Curve,Ethereum,5.04,USDC,352903675,19.43,0
2024-09-17,Curve,Ethereum,6.09,DAI,372655259,15.05,0
2024-09-17,Curve,Arbitrum,6.5,USDC,319050330,2.45,4.94
2024-09-17,Curve,Arbitrum,6.0,USDT,354781111,2.75,5.46
2024-09-17,Curve,Arbitrum,5.46,DAI,366056493,2.22,4.67
2024-09-17,Curve,Optimism,6.99,USDC,339226554,2.11,4.82
2024-09-17,Curve,Optimism,5.56,DAI,366964684,2.08,4.26
2024-09-17,Curve,Polygon,6.6,USDT,335178853,0.9,1.6
2024-09-17,Curve,Polygon,6.72,DAI,367826449,0.65,3.22
2024-09-17,Curve,Base,6.17,USDC,345895040,1.45,3.78
2024-09-17,Curve,Base,5.89,DAI,353676101,1.6,2.63
2024-09-17,Uniswap V3,Ethereum,5.77,USDC,102090022,16.25,0
2024-09-17,Uniswap V3,Ethereum,7.49,USDT,109015690,16.82,0
2024-09-17,Uniswap V3,Ethereum,6.04,DAI,110894226,17.61,0
2024-09-17,Uniswap V3,Arbitrum,7.6,USDC,103762870,2.23,4.33
2024-09-17,Uniswap V3,Arbitrum,8.75,USDT,100452289,2.11,5.59
2024-09-17,Uniswap V3,Arbitrum,7.46,DAI,103866703,2.67,5.6
2024-09-17,Uniswap V3,Optimism,5.52,USDC,110623510,1.73,3.79
2024-09-17,Uniswap V3,Optimism,7.26,USDT,97484321,2.0,2.36
2024-09-17,Uniswap V3,Optimism,6.94,DAI,106282930,1.54,5.57
2024-09-17,Uniswap V3,Polygon,9.57,USDC,104863869,0.88,2.14
2024-09-17,Uniswap V3,Polygon,8.7,USDT,109295786,1.04,2.77
2024-09-17,Uniswap V3,Polygon,7.38,DAI,101633110,0.86,3.32
2024-09-17,Uniswap V3,Base,6.5,USDC,97254479,1.8,3.75
2024-09-17,Uniswap V3,Base,7.45,USDT,112513465,1.44,4.97
2024-09-17,Uniswap V3,Base,7.19,DAI,102240800,1.8,3.4
2024-09-17,Yearn,Ethereum,4.5,USDC,121902062,22.07,0
2024-09-17,Yearn,Ethereum,4.22,USDT,149707143,14.35,0
2024-09-17,Yearn,Ethereum,4.4,DAI,130876978,17.16,0
2024-09-17,Yearn,Arbitrum,5.26,USDT,129883409,1.96,4.34
2024-09-17,Yearn,Arbitrum,5.17,DAI,145497126,2.21,6.16
2024-09-17,Yearn,Optimism,4.55,USDC,124194931,0.97,4.93
2024-09-17,Yearn,Optimism,4.95,USDT,130703015,2.02,4.53
2024-09-17,Yearn,Optimism,5.33,DAI,123078120,2.42,3.28
2024-09-17,Yearn,Polygon,4.67,USDC,131254557,1.06,3.74
2024-09-17,Yearn,Polygon,5.93,USDT,126959586,0.86,3.47
2024-09-17,Yearn,Polygon,6.22,DAI,129361155,1.09,2.39
2024-09-17,Yearn,Base,4.74,USDC,138245349,1.38,5.05
2024-09-17,Yearn,Base,6.1,USDT,128411414,1.42,2.81
2024-09-17,Yearn,Base,4.87,DAI,133978965,1.5,3.56
2024-09-17,Pendle,Ethereum,8.52,USDC,83064167,17.49,0
2024-09-17,Pendle,Ethereum,7.19,USDT,83497081,18.62,0
2024-09-17,Pendle,Ethereum,7.45,DAI,80973051,19.63,0
2024-09-17,Pendle,Arbitrum,10.55,USDC,79022105,2.31,4.08
2024-09-17,Pendle,Arbitrum,8.67,USDT,78817315,2.53,5.09
2024-09-17,Pendle,Arbitrum,8.54,DAI,86435664,2.78,4.83
2024-09-17,Pendle,Optimism,9.72,USDC,82717468,1.41,4.23
2024-09-17,Pendle,Optimism,9.4,USDT,81136746,1.9,4.47
2024-09-17,Pendle,Optimism,9.96,DAI,82328989,2.08,5.1
2024-09-17,Pendle,Base,9.13,USDC,83410279,1.17,4.46
2024-09-17,Pendle,Base,10.08,USDT,83006828,1.8,3.26
2024-09-17,Pendle,Base,7.98,DAI,85703376,1.63,4.37
2024-09-17,Convex,Ethereum,4.77,USDC,163531589,18.84,0
2024-09-17,Convex,Ethereum,5.2,USDT,163743779,23.28,0
2024-09-17,Convex,Ethereum,5.08,DAI,146006112,14.0,0
2024-09-17,Balancer,Ethereum,5.63,USDC,121343047,15.05,0
2024-09-17,Balancer,Ethereum,5.92,USDT,124318200,16.98,0
2024-09-17,Balancer,Ethereum,6.08,DAI,127822415,21.7,0
2024-09-17,Balancer,Arbitrum,6.83,USDC,115366835,2.03,5.53
2024-09-17,Balancer,Arbitrum,7.29,USDT,118370489,2.34,5.65
2024-09-17,Balancer,Arbitrum,7.16,DAI,121769361,2.36,4.35
2024-09-17,Balancer,Optimism,6.89,USDC,119367080,1.88,3.64
2024-09-17,Balancer,Optimism,7.97,USDT,122936286,1.86,3.27
2024-09-17,Balancer,Optimism,7.0,DAI,135742756,1.8,4.85
2024-09-17,Balancer,Polygon,7.77,USDC,115658225,0.92,3.32
2024-09-17,Balancer,Polygon,7.27,USDT,116960003,0.63,3.32
2024-09-17,Balancer,Polygon,7.67,DAI,118098214,0.95,4.25
2024-09-17,Balancer,Base,6.54,USDC,121111079,1.64,4.49
2024-09-17,Balancer,Base,6.85,USDT,116053251,1.54,4.86
2024-09-17,Balancer,Base,6.56,DAI,111082105,1.37,4.34
2024-09-18,Aave,Ethereum,4.11,USDT,277324642,16.88,0
2024-09-18,Aave,Ethereum,2.83,DAI,274560508,18.76,0
2024-09-18,Aave,Arbitrum,4.88,USDC,282670670,2.21,5.34
2024-09-18,Aave,Arbitrum,4.44,USDT,273488960,2.55,5.6
2024-09-18,Aave,Optimism,3.57,USDC,280422391,1.84,3.74
2024-09-18,Aave,Optimism,3.56,USDT,278564260,1.59,3.68
2024-09-18,Aave,Optimism,3.9,DAI,282467357,1.69,4.39
2024-09-18,Aave,Polygon,5.17,USDC,256931006,0.84,2.45
2024-09-18,Aave,Polygon,4.67,USDT,257447257,0.94,3.53
2024-09-18,Aave,Polygon,4.07,DAI,256562557,1.19,3.42
2024-09-18,Aave,Base,4.47,USDC,268950754,1.29,5.92
2024-09-18,Aave,Base,4.37,USDT,301945307,1.41,3.42
2024-09-18,Aave,Base,3.6,DAI,266832780,1.66,3.89
2024-09-18,Compound,Ethereum,3.18,USDC,172373653,13.86,0
2024-09-18,Compound,Ethereum,3.07,USDT,191907798,22.86,0
2024-09-18,Compound,Ethereum,2.91,DAI,203416137,19.17,0
2024-09-18,Compound,Arbitrum,4.45,USDC,198642400,2.48,4.54
2024-09-18,Compound,Arbitrum,3.34,USDT,195696852,2.82,5.47
2024-09-18,Compound,Arbitrum,3.89,DAI,196106935,2.12,6.52
2024-09-18,Compound,Optimism,4.16,USDC,190398628,1.94,3.81
2024-09-18,Compound,Optimism,4.03,USDT,186296666,1.71,3.5
2024-09-18,Compound,Optimism,3.41,DAI,184872150,1.59,1.89
2024-09-18,Compound,Polygon,4.8,USDT,183717031,1.19,3.02
2024-09-18,Compound,Polygon,3.87,DAI,186071071,0.95,3.6
2024-09-18,Compound,Base,3.94,USDC,187379550,1.51,3.99
2024-09-18,Compound,Base,3.18,USDT,204866339,1.26,4.35
2024-09-18,Compound,Base,4.37,DAI,196020922,1.33,3.89
2024-09-18,Curve,Ethereum,4.62,USDC,364805461,20.05,0
2024-09-18,Curve,Ethereum,5.54,USDT,352943726,19.46,0
2024-09-18,Curve,Ethereum,4.39,DAI,339929530,21.42,0
2024-09-18,Curve,Arbitrum,7.16,USDC,342834036,2.89,5.17
2024-09-18,Curve,Arbitrum,7.3,USDT,337528335,2.43,4.61
2024-09-18,Curve,Arbitrum,6.11,DAI,335121228,2.82,3.76
2024-09-18,Curve,Optimism,6.3,USDC,336208225,1.89,3.73
2024-09-18,Curve,Optimism,6.61,USDT,334834599,1.84,2.19
2024-09-18,Curve,Optimism,6.86,DAI,332163030,1.85,4.42
2024-09-18,Curve,Polygon,7.66,USDC,367335388,0.74,3.03
2024-09-18,Curve,Polygon,6.89,USDT,327470895,1.01,3.34
2024-09-18,Curve,Polygon,8.52,DAI,345858419,1.01,4.15
2024-09-18,Curve,Base,7.69,USDC,352025471,1.35,2.71
2024-09-18,Curve,Base,7.94,USDT,372760948,1.26,4.18
2024-09-18,Curve,Base,6.63,DAI,333941783,1.35,4.54
2024-09-18,Uniswap V3,Ethereum,6.91,USDC,111975983,22.51,0
2024-09-18,Uniswap V3,Ethereum,6.89,USDT,104065199,14.76,0
2024-09-18,Uniswap V3,Ethereum,5.54,DAI,105493710,13.46,0
2024-09-18,Uniswap V3,Arbitrum,7.68,USDC,99785086,2.63,6.92
2024-09-18,Uniswap V3,Arbitrum,8.44,USDT,99425964,2.46,6.15
2024-09-18,Uniswap V3,Arbitrum,7.88,DAI,96282891,2.01,4.58
2024-09-18,Uniswap V3,Optimism,7.01,USDC,102172353,1.31,3.48
2024-09-18,Uniswap V3,Optimism,6.58,USDT,101679867,1.64,3.76
2024-09-18,Uniswap V3,Optimism,6.59,DAI,95737503,1.71,3.38
2024-09-18,Uniswap V3,Polygon,8.08,USDC,99007399,0.85,3.71
2024-09-18,Uniswap V3,Polygon,8.84,USDT,104699179,0.91,3.04
2024-09-18,Uniswap V3,Base,6.68,USDC,103514141,1.41,2.52
2024-09-18,Uniswap V3,Base,8.16,USDT,103828182,1.49,5.53
2024-09-18,Uniswap V3,Base,6.82,DAI,112014874,1.3,3.69
2024-09-18,Yearn,Ethereum,4.35,USDC,130052965,18.22,0
2024-09-18,Yearn,Ethereum,4.54,USDT,131095480,18.57,0
2024-09-18,Yearn,Ethereum,4.13,DAI,128682816,20.37,0
2024-09-18,Yearn,Arbitrum,3.98,USDC,144614388,1.9,5.03
2024-09-18,Yearn,Arbitrum,6.43,USDT,140355406,2.71,4.67
2024-09-18,Yearn,Arbitrum,4.85,DAI,133228548,2.47,3.91
2024-09-18,Yearn,Optimism,4.55,USDC,126140480,1.74,4.37
2024-09-18,Yearn,Optimism,5.28,USDT,123641220,1.39,4.68
2024-09-18,Yearn,Optimism,4.98,DAI,133234638,1.47,2.42
2024-09-18,Yearn,Polygon,5.45,USDC,128714334,0.75,3.48
2024-09-18,Yearn,Polygon,6.23,USDT,132862486,0.94,1.97
2024-09-18,Yearn,Polygon,4.89,DAI,131272892,0.82,2.9
2024-09-18,Yearn,Base,5.67,USDC,123380496,1.89,4.42
2024-09-18,Yearn,Base,5.63,USDT,137880798,1.63,2.74
2024-09-18,Yearn,Base,6.13,DAI,129273700,1.9,2.96
2024-09-18,Pendle,Ethereum,7.93,USDC,77020617,20.23,0
2024-09-18,Pendle,Ethereum,7.9,USDT,82535653,18.79,0
2024-09-18,Pendle,Ethereum,7.99,DAI,77441924,16.88,0
2024-09-18,Pendle,Arbitrum,8.08,USDC,86169770,2.43,4.91
2024-09-18,Pendle,Arbitrum,9.1,USDT,81210925,2.4,6.77
2024-09-18,Pendle,Arbitrum,9.57,DAI,80030322,2.67,4.22
2024-09-18,Pendle,Optimism,9.63,USDC,82656981,1.91,4.61
2024-09-18,Pendle,Optimism,9.89,USDT,75747983,1.61,5.57
2024-09-18,Pendle,Optimism,11.23,DAI,81751563,1.82,4.71
2024-09-18,Pendle,Base,11.23,USDT,76394862,1.47,2.89
2024-09-18,Pendle,Base,8.56,DAI,84721071,1.12,4.27
2024-09-18,Convex,Ethereum,5.1,USDC,175740679,14.85,0
2024-09-18,Convex,Ethereum,4.03,USDT,163401086,24.15,0
2024-09-18,Balancer,Ethereum,5.95,USDC,109639301,18.49,0
2024-09-18,Balancer,Ethereum,4.56,USDT,118212709,18.95,0
2024-09-18,Balancer,Ethereum,5.74,DAI,121335129,13.07,0
2024-09-18,Balancer,Arbitrum,6.22,USDT,112107609,2.46,6.52
2024-09-18,Balancer,Arbitrum,7.84,DAI,118838248,2.39,4.04
2024-09-18,Balancer,Optimism,7.51,USDC,120900353,2.08,3.32
2024-09-18,Balancer,Optimism,6.77,USDT,114651985,1.88,4.3
2024-09-18,Balancer,Optimism,7.47,DAI,123289361,1.99,3.97
2024-09-18,Balancer,Polygon,7.36,USDC,116854909,0.78,2.77
2024-09-18,Balancer,Polygon,8.59,USDT,116841596,0.86,2.86
2024-09-18,Balancer,Polygon,8.78,DAI,124722838,0.87,3.69
2024-09-18,Balancer,Base,7.43,USDC,127744781,1.43,3.73
2024-09-18,Balancer,Base,7.38,USDT,119160010,1.74,4.46
2024-09-18,Balancer,Base,6.96,DAI,129635507,1.27,2.78
2024-09-19,Aave,Ethereum,2.61,USDC,270229388,14.05,0
2024-09-19,Aave,Ethereum,3.03,USDT,245500074,18.83,0
2024-09-19,Aave,Ethereum,3.84,DAI,274087194,19.65,0
2024-09-19,Aave,Arbitrum,4.61,USDC,282896879,2.08,5.27
2024-09-19,Aave,Arbitrum,4.78,USDT,283758687,2.46,4.95
2024-09-19,Aave,Optimism,2.85,USDC,262292485,1.7,2.69
2024-09-19,Aave,Optimism,4.45,USDT,270527863,1.9,4.0
2024-09-19,Aave,Optimism,4.18,DAI,273059619,1.95,3.6
2024-09-19,Aave,Polygon,4.84,USDC,244031128,1.13,2.36
2024-09-19,Aave,Polygon,4.37,USDT,258467825,0.84,3.06
2024-09-19,Aave,Polygon,5.05,DAI,262043865,1.31,1.81
2024-09-19,Aave,Base,4.21,USDC,250235995,1.59,4.09
2024-09-19,Aave,Base,4.81,USDT,281865796,1.28,5.57
2024-09-19,Aave,Base,3.56,DAI,277101318,1.61,4.3
2024-09-19,Compound,Ethereum,2.94,USDC,187382908,18.4,0
2024-09-19,Compound,Ethereum,3.36,USDT,192515090,15.33,0
2024-09-19,Compound,Ethereum,3.17,DAI,196801409,20.87,0
2024-09-19,Compound,Arbitrum,3.38,USDC,208433484,2.24,4.94
2024-09-19,Compound,Arbitrum,3.9,USDT,197621784,2.02,3.93
2024-09-19,Compound,Arbitrum,3.62,DAI,192077752,2.17,3.31
2024-09-19,Compound,Optimism,3.35,USDC,193390434,1.62,5.25
2024-09-19,Compound,Optimism,3.11,USDT,194273116,2.1,2.63
2024-09-19,Compound,Optimism,2.92,DAI,177758774,2.1,3.08
2024-09-19,Compound,Polygon,3.51,USDC,186999081,0.65,2.5
2024-09-19,Compound,Polygon,4.53,USDT,181818813,0.68,2.51
2024-09-19,Compound,Base,4.12,USDC,179772590,1.44,4.71
2024-09-19,Compound,Base,4.2,USDT,199058437,1.34,5.25
2024-09-19,Compound,Base,4.55,DAI,187595891,1.28,3.72
2024-09-19,Curve,Ethereum,5.78,USDC,347458930,22.63,0
2024-09-19,Curve,Ethereum,5.83,USDT,328066204,15.0,0
2024-09-19,Curve,Ethereum,5.67,DAI,346594824,21.76,0
2024-09-19,Curve,Arbitrum,6.91,USDC,331910762,1.77,5.98
2024-09-19,Curve,Arbitrum,6.79,USDT,332222079,1.94,5.09
2024-09-19,Curve,Arbitrum,6.86,DAI,327263635,1.73,4.72
2024-09-19,Curve,Optimism,5.33,USDC,355247248,1.71,5.05
2024-09-19,Curve,Optimism,6.35,USDT,334482886,2.04,4.81
2024-09-19,Curve,Polygon,7.55,USDC,375552320,0.87,2.12
2024-09-19,Curve,Polygon,6.94,USDT,335050487,0.9,2.43
2024-09-19,Curve,Polygon,5.72,DAI,350234642,0.78,2.12
2024-09-19,Curve,Base,7.07,USDC,321794563,1.41,5.29
2024-09-19,Curve,Base,8.03,USDT,341786346,1.16,4.4
2024-09-19,Curve,Base,6.95,DAI,329849708,1.88,4.06
2024-09-19,Uniswap V3,Ethereum,7.77,USDC,98544637,14.59,0
2024-09-19,Uniswap V3,Ethereum,6.76,USDT,92001072,22.89,0
2024-09-19,Uniswap V3,Ethereum,6.49,DAI,100657696,16.11,0
2024-09-19,Uniswap V3,Arbitrum,8.74,USDC,101291830,2.82,3.97
2024-09-19,Uniswap V3,Arbitrum,7.69,USDT,104684344,1.79,5.67
2024-09-19,Uniswap V3,Arbitrum,6.49,DAI,106587618,2.12,3.16
2024-09-19,Uniswap V3,Optimism,6.59,USDC,105827490,1.54,3.02
2024-09-19,Uniswap V3,Optimism,8.37,USDT,104466925,1.56,3.19
2024-09-19,Uniswap V3,Optimism,7.7,DAI,98946369,1.81,3.7
2024-09-19,Uniswap V3,Polygon,7.85,USDC,104002454,1.01,3.28
2024-09-19,Uniswap V3,Polygon,9.08,USDT,97748236,0.88,2.84
2024-09-19,Uniswap V3,Polygon,8.46,DAI,104983031,1.12,4.11
2024-09-19,Uniswap V3,Base,8.0,USDC,104178197,1.21,3.42
2024-09-19,Uniswap V3,Base,6.62,USDT,102497360,1.43,4.52
2024-09-19,Uniswap V3,Base,7.14,DAI,99505226,1.4,4.05
2024-09-19,Yearn,Ethereum,4.7,USDC,123793115,20.47,0
2024-09-19,Yearn,Ethereum,4.82,USDT,130802057,17.45,0
2024-09-19,Yearn,Arbitrum,4.76,USDC,126011628,2.88,3.74
2024-09-19,Yearn,Arbitrum,4.99,DAI,131683935,2.37,3.26
2024-09-19,Yearn,Optimism,4.44,USDC,137280312,1.65,2.86
2024-09-19,Yearn,Optimism,5.27,DAI,134151880,1.75,4.33
2024-09-19,Yearn,Polygon,5.65,USDC,132481932,1.13,4.29
2024-09-19,Yearn,Polygon,4.95,USDT,128973641,0.89,2.15
2024-09-19,Yearn,Polygon,5.69,DAI,131649830,1.01,3.22
2024-09-19,Yearn,Base,5.13,USDC,124521030,1.57,4.39
2024-09-19,Yearn,Base,5.73,USDT,125571937,1.2,4.69
2024-09-19,Yearn,Base,4.38,DAI,121972976,1.47,4.98
2024-09-19,Pendle,Ethereum,7.55,USDC,83173542,23.12,0
2024-09-19,Pendle,Ethereum,8.62,USDT,83681782,15.92,0
2024-09-19,Pendle,Ethereum,7.37,DAI,75389070,21.48,0
2024-09-19,Pendle,Arbitrum,11.48,USDC,81698377,1.84,4.29
2024-09-19,Pendle,Arbitrum,9.0,USDT,74788869,2.43,5.54
2024-09-19,Pendle,Arbitrum,9.01,DAI,81116294,2.36,5.11
2024-09-19,Pendle,Optimism,7.13,USDT,83587030,1.77,5.14
2024-09-19,Pendle,Optimism,10.53,DAI,78995209,1.0,2.94
2024-09-19,Pendle,Base,8.83,USDC,76703797,1.23,4.59
2024-09-19,Pendle,Base,10.43,USDT,74238996,0.96,3.15
2024-09-19,Pendle,Base,10.56,DAI,82153075,1.34,4.2
2024-09-19,Convex,Ethereum,5.59,USDC,153351964,16.65,0
2024-09-19,Convex,Ethereum,5.9,DAI,153760011,16.16,0
2024-09-19,Balancer,Ethereum,6.22,USDC,115806388,19.05,0
2024-09-19,Balancer,Ethereum,5.92,USDT,112649044,16.07,0
2024-09-19,Balancer,Ethereum,6.1,DAI,123989024,18.56,0
2024-09-19,Balancer,Arbitrum,6.1,USDC,115429255,2.74,5.29
2024-09-19,Balancer,Arbitrum,8.15,USDT,121506847,2.66,5.6
2024-09-19,Balancer,Arbitrum,4.62,DAI,118664230,2.23,6.82
2024-09-19,Balancer,Optimism,7.66,USDC,118644147,2.14,3.87
2024-09-19,Balancer,Optimism,7.79,USDT,122130719,1.75,4.85
2024-09-19,Balancer,Optimism,7.1,DAI,119582128,1.98,4.06
2024-09-19,Balancer,Polygon,6.87,USDC,119338247,0.96,2.9
2024-09-19,Balancer,Polygon,7.88,DAI,120503850,0.95,1.93
2024-09-19,Balancer,Base,7.4,USDC,116036090,0.98,4.85
2024-09-19,Balancer,Base,6.94,USDT,111597281,1.68,3.66
2024-09-19,Balancer,Base,5.67,DAI,118539706,0.94,4.36
2024-09-20,Aave,Ethereum,3.23,USDT,247285308,21.41,0
2024-09-20,Aave,Arbitrum,4.09,USDC,264429362,2.01,4.43
2024-09-20,Aave,Arbitrum,3.82,USDT,268617560,2.05,5.22
2024-09-20,Aave,Arbitrum,3.84,DAI,249066764,2.2,4.13
2024-09-20,Aave,Optimism,3.39,USDC,268126642,1.8,5.39
2024-09-20,Aave,Optimism,4.09,USDT,270378518,1.94,5.13
2024-09-20,Aave,Optimism,4.22,DAI,274285048,1.95,5.37
2024-09-20,Aave,Polygon,4.67,USDT,290803350,1.08,2.82
2024-09-20,Aave,Polygon,3.83,DAI,274518741,1.06,2.33
2024-09-20,Aave,Base,3.61,USDC,280366918,1.67,5.29
2024-09-20,Aave,Base,3.8,USDT,279014200,1.28,3.22
2024-09-20,Aave,Base,3.76,DAI,304000320,1.83,3.42
2024-09-20,Compound,Ethereum,3.6,USDC,193693077,20.57,0
2024-09-20,Compound,Arbitrum,3.39,USDC,202601568,2.42,5.49
2024-09-20,Compound,Arbitrum,3.45,USDT,192655096,2.51,5.54
2024-09-20,Compound,Arbitrum,4.04,DAI,196671844,2.1,5.21
2024-09-20,Compound,Optimism,3.46,USDC,198881114,2.09,3.59
2024-09-20,Compound,Optimism,3.79,USDT,189899835,2.36,1.96
2024-09-20,Compound,Optimism,3.3,DAI,208510940,1.95,2.35
2024-09-20,Compound,Polygon,3.68,USDC,186201218,1.14,2.84
2024-09-20,Compound,Polygon,3.82,USDT,184232316,1.16,3.37
2024-09-20,Compound,Polygon,3.85,DAI,201296104,1.12,2.59
2024-09-20,Compound,Base,3.51,USDC,179471116,1.46,4.8
2024-09-20,Compound,Base,3.74,USDT,191216078,1.17,3.21
2024-09-20,Compound,Base,3.45,DAI,200569387,1.63,3.59
2024-09-20,Curve,Ethereum,4.9,USDC,339475617,14.63,0
2024-09-20,Curve,Ethereum,4.5,USDT,354924415,17.95,0
2024-09-20,Curve,Arbitrum,6.24,USDC,341646110,2.43,4.62
2024-09-20,Curve,Arbitrum,7.85,DAI,334098972,2.31,4.82
2024-09-20,Curve,Optimism,5.3,USDT,341971135,1.89,4.98
2024-09-20,Curve,Optimism,4.66,DAI,360409664,1.38,4.84
2024-09-20,Curve,Polygon,6.19,USDC,341898007,0.78,3.63
2024-09-20,Curve,Polygon,6.32,DAI,321699803,1.09,3.5
2024-09-20,Curve,Base,7.38,USDC,328210613,1.52,4.39
2024-09-20,Curve,Base,6.49,USDT,333922784,1.11,3.17
2024-09-20,Curve,Base,6.03,DAI,338404377,1.8,4.72
2024-09-20,Uniswap V3,Ethereum,7.24,USDC,101153991,17.88,0
2024-09-20,Uniswap V3,Ethereum,6.5,USDT,108258593,17.22,0
2024-09-20,Uniswap V3,Ethereum,5.39,DAI,107352781,22.19,0
2024-09-20,Uniswap V3,Arbitrum,7.27,DAI,97388385,2.7,5.19
2024-09-20,Uniswap V3,Optimism,7.07,USDC,114145098,1.54,3.08
2024-09-20,Uniswap V3,Optimism,7.29,USDT,99575437,1.78,5.0
2024-09-20,Uniswap V3,Optimism,6.71,DAI,96455548,1.65,2.63
2024-09-20,Uniswap V3,Polygon,7.1,USDC,105839085,1.17,2.7
2024-09-20,Uniswap V3,Polygon,6.89,USDT,111147905,0.89,3.48
2024-09-20,Uniswap V3,Base,5.56,USDC,92422738,1.04,3.16
2024-09-20,Uniswap V3,Base,5.75,USDT,106507930,1.82,3.51
2024-09-20,Uniswap V3,Base,7.32,DAI,101798825,1.49,5.11
2024-09-20,Yearn,Ethereum,3.97,USDC,123651023,21.69,0
2024-09-20,Yearn,Ethereum,3.75,USDT,133002994,22.54,0
2024-09-20,Yearn,Ethereum,2.99,DAI,131887188,19.87,0
2024-09-20,Yearn,Arbitrum,5.93,USDC,131817908,2.53,4.69
2024-09-20,Yearn,Arbitrum,5.45,USDT,137633662,2.22,5.55
2024-09-20,Yearn,Arbitrum,4.88,DAI,121983662,3.04,4.31
2024-09-20,Yearn,Optimism,5.53,USDC,121948519,1.3,3.6
2024-09-20,Yearn,Optimism,5.59,USDT,144112061,1.74,5.09
2024-09-20,Yearn,Optimism,5.68,DAI,128334294,1.92,3.05
2024-09-20,Yearn,Polygon,5.68,USDC,124445754,0.95,3.95
2024-09-20,Yearn,Polygon,6.27,USDT,133307485,0.89,3.03
2024-09-20,Yearn,Polygon,4.85,DAI,113190612,1.04,2.74
2024-09-20,Yearn,Base,5.84,USDC,116963539,1.63,4.14
2024-09-20,Yearn,Base,5.69,USDT,123184221,1.45,5.04
2024-09-20,Yearn,Base,5.7,DAI,121732944,1.25,5.0
2024-09-20,Pendle,Ethereum,6.2,USDC,75200194,18.63,0
2024-09-20,Pendle,Ethereum,8.53,USDT,71177283,16.94,0
2024-09-20,Pendle,Ethereum,8.91,DAI,78459747,20.02,0
2024-09-20,Pendle,Arbitrum,10.12,USDC,82984074,2.21,4.76
2024-09-20,Pendle,Arbitrum,11.14,USDT,76631416,2.84,4.34
2024-09-20,Pendle,Arbitrum,11.27,DAI,83341080,2.94,4.19
2024-09-20,Pendle,Optimism,9.72,USDC,78166713,1.79,3.85
2024-09-20,Pendle,Optimism,8.44,USDT,79311364,1.72,3.95
2024-09-20,Pendle,Optimism,11.99,DAI,83729909,1.17,3.96
2024-09-20,Pendle,Base,10.51,USDC,82560751,1.33,4.04
2024-09-20,Convex,Ethereum,4.44,USDC,161796096,22.87,0
2024-09-20,Convex,Ethereum,4.18,USDT,159717554,18.65,0
2024-09-20,Convex,Ethereum,5.36,DAI,160725549,13.34,0
2024-09-20,Balancer,Ethereum,5.92,USDC,113709854,16.62,0
2024-09-20,Balancer,Ethereum,5.45,USDT,116617286,23.46,0
2024-09-20,Balancer,Ethereum,5.03,DAI,115850707,15.02,0
2024-09-20,Balancer,Arbitrum,6.89,USDT,118142824,1.93,4.54
2024-09-20,Balancer,Arbitrum,7.32,DAI,121991688,2.72,6.75
2024-09-20,Balancer,Optimism,7.71,USDC,116503706,1.83,2.89
2024-09-20,Balancer,Optimism,6.66,USDT,119088803,1.78,4.68
2024-09-20,Balancer,Optimism,7.61,DAI,119921350,1.8,2.28
2024-09-20,Balancer,Polygon,7.21,USDC,109968863,0.92,3.22
2024-09-20,Balancer,Polygon,7.47,USDT,125769429,0.9,2.27
2024-09-20,Balancer,Polygon,6.47,DAI,111224881,1.12,3.31
2024-09-20,Balancer,Base,8.02,USDC,121904383,1.49,4.33
2024-09-20,Balancer,Base,6.68,USDT,116876497,1.38,3.6
2024-09-20,Balancer,Base,7.28,DAI,117958816,1.55,3.45
2024-09-21,Aave,Ethereum,3.9,USDC,256042747,12.22,0
2024-09-21,Aave,Ethereum,2.75,USDT,267876234,11.4,0
2024-09-21,Aave,Ethereum,3.38,DAI,287909496,13.44,0
2024-09-21,Aave,Arbitrum,3.7,USDC,248573623,1.58,5.15
2024-09-21,Aave,Arbitrum,4.33,USDT,260552700,1.21,3.91
2024-09-21,Aave,Optimism,4.51,USDC,242782006,1.3,4.36
2024-09-21,Aave,Optimism,3.71,USDT,283520106,1.23,2.86
2024-09-21,Aave,Optimism,3.85,DAI,266273471,1.47,3.57
2024-09-21,Aave,Polygon,3.87,USDC,262818723,0.62,2.86
2024-09-21,Aave,Polygon,4.18,USDT,257271290,0.77,3.01
2024-09-21,Aave,Polygon,3.91,DAI,283918711,0.61,3.04
2024-09-21,Aave,Base,3.44,USDC,263958651,0.7,4.63
2024-09-21,Aave,Base,3.86,USDT,248109408,1.07,2.68
2024-09-21,Aave,Base,3.67,DAI,274231595,0.79,4.58
2024-09-21,Compound,Ethereum,2.36,USDC,181696821,11.48,0
2024-09-21,Compound,Ethereum,2.94,USDT,206188782,12.02,0
2024-09-21,Compound,Ethereum,3.68,DAI,210517048,10.16,0
2024-09-21,Compound,Arbitrum,4.26,USDC,186437691,1.16,5.25
2024-09-21,Compound,Arbitrum,3.67,USDT,201145676,1.75,5.59
2024-09-21,Compound,Arbitrum,3.8,DAI,187360810,2.09,4.51
2024-09-21,Compound,Optimism,3.53,USDC,189720330,1.0,4.11
2024-09-21,Compound,Polygon,3.58,USDC,196234034,0.7,3.0
2024-09-21,Compound,Polygon,4.35,USDT,186702913,0.54,2.9
2024-09-21,Compound,Polygon,4.09,DAI,197663010,0.53,3.08
2024-09-21,Compound,Base,3.6,USDC,166939979,0.82,4.26
2024-09-21,Compound,Base,3.73,USDT,182698461,0.81,3.59
2024-09-21,Compound,Base,4.45,DAI,188663619,0.94,3.88
2024-09-21,Curve,Ethereum,4.66,USDC,364522008,7.87,0
2024-09-21,Curve,Ethereum,5.7,DAI,338654054,9.92,0
2024-09-21,Curve,Arbitrum,6.21,USDC,324403042,1.5,4.05
2024-09-21,Curve,Arbitrum,7.86,USDT,347226848,1.52,5.88
2024-09-21,Curve,Arbitrum,6.25,DAI,330032151,2.06,4.42
2024-09-21,Curve,Optimism,7.49,USDC,353292930,1.18,4.05
2024-09-21,Curve,Optimism,5.28,USDT,334134584,1.26,4.9
2024-09-21,Curve,Optimism,5.57,DAI,331521764,0.99,4.65
2024-09-21,Curve,Polygon,7.11,USDC,324440766,0.72,3.96
2024-09-21,Curve,Polygon,8.41,USDT,375831152,0.6,2.89
2024-09-21,Curve,Polygon,7.58,DAI,364244958,0.49,3.15
2024-09-21,Curve,Base,7.1,USDC,336236329,1.06,4.23
2024-09-21,Curve,Base,6.35,USDT,341246960,1.03,2.82
2024-09-21,Curve,Base,5.23,DAI,357355541,1.23,3.62
2024-09-21,Uniswap V3,Ethereum,6.33,USDC,106539414,13.09,0
2024-09-21,Uniswap V3,Ethereum,6.2,USDT,104087678,13.97,0
2024-09-21,Uniswap V3,Ethereum,6.13,DAI,109737779,10.84,0
2024-09-21,Uniswap V3,Arbitrum,5.67,USDC,91823982,1.25,4.21
2024-09-21,Uniswap V3,Arbitrum,8.36,USDT,101912883,2.04,5.32
2024-09-21,Uniswap V3,Arbitrum,6.76,DAI,108613645,1.47,4.94
2024-09-21,Uniswap V3,Optimism,7.69,USDC,111447583,0.87,5.39
2024-09-21,Uniswap V3,Optimism,7.68,USDT,86000075,1.45,4.93
2024-09-21,Uniswap V3,Optimism,7.29,DAI,100372263,1.32,3.83
2024-09-21,Uniswap V3,Polygon,8.5,USDC,104737788,0.58,2.41
2024-09-21,Uniswap V3,Polygon,7.38,USDT,103861583,0.83,3.41
2024-09-21,Uniswap V3,Polygon,8.31,DAI,99010205,0.57,2.93
2024-09-21,Uniswap V3,Base,8.33,USDC,104873897,1.02,3.96
2024-09-21,Uniswap V3,Base,8.03,USDT,102771083,0.88,3.22
2024-09-21,Uniswap V3,Base,7.73,DAI,102997717,1.05,5.98
2024-09-21,Yearn,Ethereum,4.1,USDC,121698601,8.43,0
2024-09-21,Yearn,Ethereum,4.15,USDT,134046171,12.87,0
2024-09-21,Yearn,Ethereum,4.4,DAI,121785270,10.35,0
2024-09-21,Yearn,Arbitrum,4.98,USDC,132747207,1.65,5.65
2024-09-21,Yearn,Arbitrum,4.81,USDT,125696585,1.62,5.55
2024-09-21,Yearn,Arbitrum,5.35,DAI,123910693,0.97,5.58
2024-09-21,Yearn,Optimism,4.17,USDC,128894836,0.83,2.68
2024-09-21,Yearn,Optimism,4.51,USDT,126017403,1.35,4.27
2024-09-21,Yearn,Optimism,5.33,DAI,130483838,0.92,3.64
2024-09-21,Yearn,Polygon,5.99,USDC,127068610,0.73,3.16
2024-09-21,Yearn,Polygon,6.56,USDT,122947791,0.63,3.12
2024-09-21,Yearn,Polygon,5.85,DAI,132151125,0.58,4.1
2024-09-21,Yearn,Base,4.46,USDC,132497697,1.12,4.08
2024-09-21,Yearn,Base,4.72,USDT,131774444,0.95,5.18
2024-09-21,Yearn,Base,4.85,DAI,119294305,1.22,2.84
2024-09-21,Pendle,Ethereum,9.76,USDC,78073261,7.1,0
2024-09-21,Pendle,Ethereum,9.57,USDT,80541425,13.71,0
2024-09-21,Pendle,Ethereum,7.32,DAI,82878167,11.97,0
2024-09-21,Pendle,Arbitrum,10.0,USDT,77543449,1.83,4.0
2024-09-21,Pendle,Arbitrum,10.01,DAI,74762422,1.62,3.78
2024-09-21,Pendle,Optimism,9.16,USDC,76499311,1.34,2.83
2024-09-21,Pendle,Optimism,9.91,USDT,73845955,1.04,3.34
2024-09-21,Pendle,Optimism,7.64,DAI,78863951,1.42,4.01
2024-09-21,Pendle,Base,8.6,USDC,76247700,0.93,3.65
2024-09-21,Pendle,Base,10.13,USDT,75627862,1.04,2.49
2024-09-21,Pendle,Base,7.81,DAI,81650804,1.4,3.81
2024-09-21,Convex,Ethereum,5.31,USDC,159023699,12.39,0
2024-09-21,Convex,Ethereum,4.42,USDT,158247930,11.73,0
2024-09-21,Convex,Ethereum,5.23,DAI,160381812,9.95,0
2024-09-21,Balancer,Ethereum,4.87,USDT,112435928,12.44,0
2024-09-21,Balancer,Arbitrum,8.0,USDC,109746055,1.56,5.59
2024-09-21,Balancer,Arbitrum,6.34,USDT,116485193,1.45,5.03
2024-09-21,Balancer,Arbitrum,6.75,DAI,117241176,1.9,3.66
2024-09-21,Balancer,Optimism,6.89,USDC,116583265,0.92,4.75
2024-09-21,Balancer,Optimism,6.55,USDT,107325798,1.21,4.34
2024-09-21,Balancer,Optimism,5.69,DAI,123017157,0.74,4.45
2024-09-21,Balancer,Polygon,7.1,USDC,113441906,0.8,2.39
2024-09-21,Balancer,Polygon,6.56,USDT,119586596,0.73,2.79
2024-09-21,Balancer,Polygon,8.33,DAI,118417719,0.62,2.98
2024-09-21,Balancer,Base,8.84,USDC,118791217,1.07,3.28
2024-09-21,Balancer,Base,7.4,USDT,112572623,0.81,4.58
2024-09-21,Balancer,Base,7.85,DAI,107227022,1.15,4.65
2024-09-22,Aave,Ethereum,3.53,USDC,283066040,10.43,0
2024-09-22,Aave,Ethereum,3.01,USDT,276425992,9.15,0
2024-09-22,Aave,Ethereum,3.32,DAI,277295734,11.63,0
2024-09-22,Aave,Arbitrum,4.09,USDC,251093249,1.5,5.82
2024-09-22,Aave,Arbitrum,3.8,DAI,286284493,1.9,6.01
2024-09-22,Aave,Optimism,4.12,USDT,254210096,1.41,3.91
2024-09-22,Aave,Optimism,4.47,DAI,288571751,1.3,5.16
2024-09-22,Aave,Polygon,3.78,USDC,279595981,0.77,3.92
2024-09-22,Aave,Polygon,3.66,USDT,256735850,0.69,4.1
2024-09-22,Aave,Polygon,3.26,DAI,250830767,0.62,3.09
2024-09-22,Aave,Base,3.49,USDC,275424879,1.12,3.87
2024-09-22,Aave,Base,3.66,USDT,274663056,1.02,4.85
2024-09-22,Aave,Base,4.25,DAI,261627339,0.82,3.74
2024-09-22,Compound,Ethereum,2.69,USDC,184010963,13.05,0
2024-09-22,Compound,Ethereum,3.25,USDT,191256427,11.69,0
2024-09-22,Compound,Ethereum,2.84,DAI,183857226,14.07,0
2024-09-22,Compound,Arbitrum,4.36,USDC,187545658,1.59,4.42
2024-09-22,Compound,Arbitrum,3.86,USDT,195763896,1.84,4.27
2024-09-22,Compound,Arbitrum,3.65,DAI,190061691,1.69,5.54
2024-09-22,Compound,Optimism,3.51,USDC,184343696,1.37,4.38
2024-09-22,Compound,Optimism,4.08,USDT,191207690,1.0,4.47
2024-09-22,Compound,Polygon,4.37,USDC,182916565,0.63,2.25
2024-09-22,Compound,Polygon,4.37,USDT,198258407,0.66,3.82
2024-09-22,Compound,Polygon,4.06,DAI,184704768,0.64,2.93
2024-09-22,Compound,Base,3.09,USDC,185763602,0.84,4.43
2024-09-22,Compound,Base,3.87,USDT,194523977,1.17,4.35
2024-09-22,Compound,Base,4.16,DAI,208925126,0.97,4.56
2024-09-22,Curve,Ethereum,5.0,USDC,355280396,12.58,0
2024-09-22,Curve,Ethereum,5.14,USDT,357509890,15.05,0
2024-09-22,Curve,Ethereum,5.89,DAI,340672932,11.22,0
2024-09-22,Curve,Arbitrum,7.18,DAI,366160736,1.85,4.59
2024-09-22,Curve,Optimism,7.21,USDC,322687864,0.96,2.7
2024-09-22,Curve,Optimism,6.25,USDT,359138397,0.9,3.55
2024-09-22,Curve,Polygon,5.4,USDC,316766312,0.5,2.39
2024-09-22,Curve,Polygon,6.73,USDT,331380107,0.65,3.76
2024-09-22,Curve,Polygon,6.85,DAI,349819510,0.63,3.66
2024-09-22,Curve,Base,7.16,USDC,337707299,0.93,4.16
2024-09-22,Curve,Base,8.18,USDT,351041723,1.03,3.31
2024-09-22,Curve,Base,7.62,DAI,333679551,0.95,3.64
2024-09-22,Uniswap V3,Ethereum,5.68,USDC,104299606,13.56,0
2024-09-22,Uniswap V3,Ethereum,6.31,USDT,108769217,12.6,0
2024-09-22,Uniswap V3,Ethereum,6.98,DAI,103876396,9.25,0
2024-09-22,Uniswap V3,Arbitrum,7.58,USDC,96631049,1.46,3.83
2024-09-22,Uniswap V3,Arbitrum,8.8,USDT,103518602,1.63,3.19
2024-09-22,Uniswap V3,Arbitrum,8.22,DAI,98035154,1.44,5.92
2024-09-22,Uniswap V3,Optimism,6.14,USDC,99049495,1.31,4.6
2024-09-22,Uniswap V3,Optimism,6.67,USDT,103385068,1.0,5.18
2024-09-22,Uniswap V3,Optimism,8.88,DAI,98924324,1.56,2.68
2024-09-22,Uniswap V3,Polygon,9.04,USDC,97084204,0.74,3.01
2024-09-22,Uniswap V3,Polygon,6.95,USDT,104654026,0.52,3.56
2024-09-22,Uniswap V3,Base,9.15,USDC,100915942,1.02,4.0
2024-09-22,Uniswap V3,Base,7.89,USDT,98878841,1.06,4.79
2024-09-22,Uniswap V3,Base,7.37,DAI,106659754,0.85,3.06
2024-09-22,Yearn,Ethereum,4.44,USDC,128375538,11.92,0
2024-09-22,Yearn,Ethereum,3.71,USDT,121959055,11.68,0
2024-09-22,Yearn,Ethereum,4.53,DAI,126869855,11.88,0
2024-09-22,Yearn,Arbitrum,5.05,USDT,140195675,1.72,5.86
2024-09-22,Yearn,Arbitrum,5.3,DAI,141918592,1.6,4.91
2024-09-22,Yearn,Optimism,4.41,USDC,130888608,1.24,4.89
2024-09-22,Yearn,Optimism,5.39,USDT,140004138,1.13,3.26
2024-09-22,Yearn,Optimism,5.68,DAI,122901748,1.47,3.94
2024-09-22,Yearn,Polygon,5.23,USDT,127556910,0.83,2.65
2024-09-22,Yearn,Polygon,5.99,DAI,132152497,0.61,2.56
2024-09-22,Yearn,Base,5.16,DAI,125514805,0.89,4.13
2024-09-22,Pendle,Ethereum,7.76,USDT,80893142,9.94,0
2024-09-22,Pendle,Ethereum,6.52,DAI,81677824,12.23,0
2024-09-22,Pendle,Arbitrum,10.12,USDC,78402384,1.81,6.55
2024-09-22,Pendle,Arbitrum,11.18,USDT,84386127,1.54,5.6
2024-09-22,Pendle,Arbitrum,9.94,DAI,79738552,1.57,4.64
2024-09-22,Pendle,Optimism,8.65,USDT,79393936,1.3,3.54
2024-09-22,Pendle,Optimism,9.56,DAI,75134604,1.27,4.71
2024-09-22,Pendle,Base,9.52,USDT,80741756,0.88,2.14
2024-09-22,Pendle,Base,10.16,DAI,78149335,0.87,4.15
2024-09-22,Convex,Ethereum,5.8,USDC,162382376,12.4,0
2024-09-22,Convex,Ethereum,5.18,USDT,150390651,13.35,0
2024-09-22,Convex,Ethereum,5.39,DAI,148705846,12.69,0
2024-09-22,Balancer,Ethereum,4.93,USDC,124894934,14.24,0
2024-09-22,Balancer,Ethereum,5.11,USDT,114966946,9.58,0
2024-09-22,Balancer,Arbitrum,6.49,USDC,117080265,1.46,6.06
2024-09-22,Balancer,Arbitrum,7.43,DAI,134348379,1.79,5.31
2024-09-22,Balancer,Optimism,6.69,USDC,111984007,1.38,4.41
2024-09-22,Balancer,Optimism,7.58,USDT,122539910,1.38,3.61
2024-09-22,Balancer,Optimism,7.06,DAI,117746005,1.28,4.18
2024-09-22,Balancer,Polygon,7.2,USDC,119062287,0.77,1.37
2024-09-22,Balancer,Polygon,7.19,USDT,116442485,0.58,3.08
2024-09-22,Balancer,Polygon,8.44,DAI,121022739,0.7,2.45
2024-09-22,Balancer,Base,6.93,USDC,117325570,0.94,4.31
2024-09-22,Balancer,Base,7.89,USDT,111370506,0.91,4.02
2024-09-22,Balancer,Base,8.22,DAI,115317188,0.67,3.21
2024-09-23,Aave,Ethereum,3.75,USDT,251199206,13.9,0
2024-09-23,Aave,Ethereum,3.52,DAI,269222370,21.9,0
2024-09-23,Aave,Arbitrum,4.5,USDC,280548936,2.59,5.66
2024-09-23,Aave,Arbitrum,4.03,USDT,281298937,3.02,6.59
2024-09-23,Aave,Arbitrum,4.37,DAI,275548837,2.37,5.08
2024-09-23,Aave,Optimism,3.86,USDC,263079561,1.42,3.6
2024-09-23,Aave,Optimism,4.87,USDT,277518125,1.76,5.37
2024-09-23,Aave,Polygon,4.28,USDC,290768693,1.07,3.38
2024-09-23,Aave,Polygon,4.77,USDT,261655006,1.05,2.15
2024-09-23,Aave,Polygon,5.24,DAI,275485305,1.05,3.29
2024-09-23,Aave,Base,4.36,USDC,244237099,1.24,2.79
2024-09-23,Aave,Base,4.29,USDT,278421582,1.5,4.28
2024-09-23,Aave,Base,3.81,DAI,272738453,1.28,3.75
2024-09-23,Compound,Ethereum,3.14,USDC,184747223,20.12,0
2024-09-23,Compound,Ethereum,3.7,DAI,188186105,20.01,0
2024-09-23,Compound,Arbitrum,3.88,USDC,183103343,2.08,6.37
2024-09-23,Compound,Arbitrum,4.31,USDT,199617153,2.48,4.11
2024-09-23,Compound,Arbitrum,4.41,DAI,207865476,1.71,6.62
2024-09-23,Compound,Optimism,3.35,USDC,188875659,1.75,3.69
2024-09-23,Compound,Optimism,3.75,USDT,196243243,1.42,2.83
2024-09-23,Compound,Optimism,3.28,DAI,192991969,1.74,5.02
2024-09-23,Compound,Polygon,4.01,USDC,181460420,1.0,3.01
2024-09-23,Compound,Polygon,4.53,USDT,183393487,0.86,3.72
2024-09-23,Compound,Polygon,3.85,DAI,193482917,0.85,2.26
2024-09-23,Compound,Base,3.68,USDC,201744714,1.44,3.63
2024-09-23,Compound,Base,4.12,USDT,194128953,1.36,4.16
2024-09-23,Compound,Base,3.91,DAI,193628663,1.69,3.49
2024-09-23,Curve,Ethereum,5.04,USDC,337245462,11.5,0
2024-09-23,Curve,Ethereum,6.17,USDT,325377473,14.39,0
2024-09-23,Curve,Ethereum,6.28,DAI,364629080,14.32,0
2024-09-23,Curve,Arbitrum,8.01,USDC,361192765,2.74,6.05
2024-09-23,Curve,Arbitrum,6.7,USDT,330195499,2.33,4.59
2024-09-23,Curve,Arbitrum,6.84,DAI,317274651,2.55,5.69
2024-09-23,Curve,Optimism,6.56,USDT,358679881,1.41,4.68
2024-09-23,Curve,Optimism,6.81,DAI,339746952,1.33,3.94
2024-09-23,Curve,Polygon,7.06,USDC,358646588,0.92,3.14
2024-09-23,Curve,Polygon,7.79,USDT,316842961,1.05,3.77
2024-09-23,Curve,Base,6.48,USDC,347624177,1.38,3.82
2024-09-23,Curve,Base,6.15,USDT,318235750,1.23,4.26
2024-09-23,Curve,Base,6.39,DAI,383165134,1.36,4.26
2024-09-23,Uniswap V3,Ethereum,7.09,USDT,104467747,24.83,0
2024-09-23,Uniswap V3,Ethereum,4.91,DAI,104661971,17.78,0
2024-09-23,Uniswap V3,Arbitrum,7.55,USDC,112731273,2.5,6.8
2024-09-23,Uniswap V3,Arbitrum,5.34,DAI,102990003,2.03,5.17
2024-09-23,Uniswap V3,Optimism,8.18,USDC,96929649,1.86,5.35
2024-09-23,Uniswap V3,Optimism,8.21,USDT,94581515,1.49,3.91
2024-09-23,Uniswap V3,Optimism,7.67,DAI,97114830,2.23,5.37
2024-09-23,Uniswap V3,Polygon,9.38,USDC,100415057,1.12,4.04
2024-09-23,Uniswap V3,Polygon,8.71,USDT,104157177,0.88,3.54
2024-09-23,Uniswap V3,Polygon,8.33,DAI,98901122,1.14,3.13
2024-09-23,Uniswap V3,Base,7.61,USDT,105067435,1.28,3.96
2024-09-23,Uniswap V3,Base,7.02,DAI,100473169,1.65,3.89
2024-09-23,Yearn,Ethereum,4.42,USDC,134901866,14.51,0
2024-09-23,Yearn,Ethereum,4.32,USDT,135175506,13.08,0
2024-09-23,Yearn,Ethereum,5.07,DAI,121966461,16.95,0
2024-09-23,Yearn,Arbitrum,6.11,USDC,122738023,2.46,4.1
2024-09-23,Yearn,Arbitrum,4.96,USDT,135410677,2.33,6.64
2024-09-23,Yearn,Arbitrum,4.96,DAI,132213374,2.17,4.44
2024-09-23,Yearn,Optimism,4.09,USDC,130321614,1.91,4.54
2024-09-23,Yearn,Optimism,5.51,USDT,132677963,1.76,3.94
2024-09-23,Yearn,Optimism,4.55,DAI,132280220,1.98,4.06
2024-09-23,Yearn,Polygon,6.04,USDC,127307072,0.95,2.3
2024-09-23,Yearn,Polygon,5.69,USDT,130103915,1.14,2.52
2024-09-23,Yearn,Polygon,5.64,DAI,117878637,0.51,3.43
2024-09-23,Yearn,Base,4.21,USDC,128676191,1.5,1.77
2024-09-23,Yearn,Base,5.24,USDT,117927969,1.3,4.84
2024-09-23,Yearn,Base,4.83,DAI,122411819,0.82,3.89
2024-09-23,Pendle,Ethereum,9.46,USDC,79585448,16.0,0
2024-09-23,Pendle,Ethereum,7.74,USDT,74023653,22.08,0
2024-09-23,Pendle,Ethereum,10.22,DAI,84010557,22.41,0
2024-09-23,Pendle,Arbitrum,11.73,USDC,81796422,2.54,4.62
2024-09-23,Pendle,Arbitrum,11.18,DAI,77806881,2.15,4.48
2024-09-23,Pendle,Optimism,9.77,DAI,82186334,1.98,2.73
2024-09-23,Pendle,Base,9.27,USDT,77944664,1.26,4.02
2024-09-23,Pendle,Base,10.15,DAI,83510194,1.61,3.95
2024-09-23,Convex,Ethereum,5.87,USDC,166296896,18.37,0
2024-09-23,Convex,Ethereum,5.08,USDT,173953166,22.82,0
2024-09-23,Convex,Ethereum,3.84,DAI,162754386,16.45,0
2024-09-23,Balancer,Ethereum,6.63,USDC,121180340,14.02,0
2024-09-23,Balancer,Ethereum,6.02,USDT,119858942,16.74,0
2024-09-23,Balancer,Ethereum,5.4,DAI,117326704,17.2,0
2024-09-23,Balancer,Arbitrum,7.63,USDC,118941214,2.38,5.03
2024-09-23,Balancer,Arbitrum,6.55,USDT,113820825,2.32,5.32
2024-09-23,Balancer,Arbitrum,7.63,DAI,118833578,3.25,4.99
2024-09-23,Balancer,Optimism,6.35,USDT,125416804,1.81,4.61
2024-09-23,Balancer,Polygon,7.17,USDC,124423283,0.98,2.44
2024-09-23,Balancer,Polygon,7.43,USDT,112394496,1.2,2.42
2024-09-23,Balancer,Polygon,6.82,DAI,113343073,1.06,3.51
2024-09-23,Balancer,Base,5.62,USDC,129246095,1.64,5.17
2024-09-23,Balancer,Base,7.24,USDT,112155043,1.56,4.53
2024-09-24,Aave,Ethereum,4.01,USDC,266321911,19.9,0
2024-09-24,Aave,Ethereum,3.99,USDT,275848465,14.46,0
2024-09-24,Aave,Arbitrum,3.43,USDC,274423603,3.05,4.15
2024-09-24,Aave,Arbitrum,3.69,USDT,263647547,2.44,3.89
2024-09-24,Aave,Arbitrum,3.47,DAI,265334160,2.74,4.09
2024-09-24,Aave,Optimism,4.27,USDC,262840639,1.71,3.23
2024-09-24,Aave,Optimism,3.84,USDT,263707496,1.4,3.04
2024-09-24,Aave,Optimism,4.22,DAI,261083803,1.87,3.91
2024-09-24,Aave,Polygon,4.29,USDC,270075854,0.83,2.94
2024-09-24,Aave,Polygon,5.0,USDT,289904381,1.09,2.88
2024-09-24,Aave,Polygon,5.03,DAI,273280844,0.88,2.91
2024-09-24,Aave,Base,4.47,USDC,258955433,1.4,3.55
2024-09-24,Aave,Base,3.84,USDT,285211820,1.26,3.79
2024-09-24,Compound,Ethereum,3.75,USDC,197333562,15.8,0
2024-09-24,Compound,Ethereum,3.49,USDT,194967603,12.35,0
2024-09-24,Compound,Ethereum,3.23,DAI,196319177,15.64,0
2024-09-24,Compound,Arbitrum,4.47,USDC,190659434,3.0,4.64
2024-09-24,Compound,Arbitrum,3.78,USDT,196224362,2.56,7.1
2024-09-24,Compound,Arbitrum,3.53,DAI,187086064,2.36,4.02
2024-09-24,Compound,Optimism,3.59,USDC,192467621,1.99,3.4
2024-09-24,Compound,Optimism,3.6,USDT,200171455,1.7,4.11
2024-09-24,Compound,Optimism,4.3,DAI,190654267,1.87,3.74
2024-09-24,Compound,Polygon,3.57,USDC,196843113,0.69,3.12
2024-09-24,Compound,Polygon,5.07,USDT,198866237,0.91,3.25
2024-09-24,Compound,Polygon,4.57,DAI,201115864,0.89,2.51
2024-09-24,Compound,Base,4.58,USDC,192949232,1.5,3.61
2024-09-24,Compound,Base,3.67,USDT,201975544,1.79,4.94
2024-09-24,Compound,Base,3.69,DAI,191107710,1.71,3.79
2024-09-24,Curve,Ethereum,6.59,USDC,356590104,22.82,0
2024-09-24,Curve,Ethereum,4.59,USDT,333115765,17.91,0
2024-09-24,Curve,Ethereum,5.02,DAI,352492618,18.88,0
2024-09-24,Curve,Arbitrum,8.0,USDT,337453433,2.89,4.56
2024-09-24,Curve,Arbitrum,7.47,DAI,347298574,2.3,3.07
2024-09-24,Curve,Optimism,5.66,USDC,314214563,2.56,3.8
2024-09-24,Curve,Optimism,6.07,USDT,346308905,1.56,4.58
2024-09-24,Curve,Optimism,7.22,DAI,337731918,1.78,4.37
2024-09-24,Curve,Polygon,7.21,USDC,353105219,1.14,2.97
2024-09-24,Curve,Polygon,6.48,USDT,376665113,0.86,2.44
2024-09-24,Curve,Polygon,6.06,DAI,382220109,1.06,2.72
2024-09-24,Curve,Base,6.95,USDC,349709502,1.55,5.31
2024-09-24,Curve,Base,5.86,USDT,351980001,1.28,4.89
2024-09-24,Curve,Base,7.15,DAI,322224928,1.22,3.75
2024-09-24,Uniswap V3,Ethereum,6.8,USDC,97106329,17.56,0
2024-09-24,Uniswap V3,Ethereum,6.64,USDT,106124069,22.72,0
2024-09-24,Uniswap V3,Ethereum,6.35,DAI,102840665,19.09,0
2024-09-24,Uniswap V3,Arbitrum,5.41,USDT,101012265,3.03,5.13
2024-09-24,Uniswap V3,Arbitrum,7.28,DAI,98340250,2.65,3.03
2024-09-24,Uniswap V3,Optimism,7.79,USDC,110192805,1.63,1.89
2024-09-24,Uniswap V3,Optimism,9.7,USDT,98624919,1.59,4.18
2024-09-24,Uniswap V3,Optimism,8.75,DAI,104410009,1.52,5.3
2024-09-24,Uniswap V3,Polygon,8.58,USDC,102427642,0.89,3.1
2024-09-24,Uniswap V3,Polygon,6.64,USDT,105098539,1.03,2.92
2024-09-24,Uniswap V3,Polygon,7.02,DAI,98446567,1.01,1.37
2024-09-24,Uniswap V3,Base,7.9,USDC,97746417,1.39,4.2
2024-09-24,Uniswap V3,Base,7.29,USDT,95903510,1.22,3.39
2024-09-24,Uniswap V3,Base,6.26,DAI,101113557,1.33,4.44
2024-09-24,Yearn,Ethereum,4.59,USDC,132493458,17.05,0
2024-09-24,Yearn,Ethereum,4.2,USDT,125606168,19.66,0
2024-09-24,Yearn,Arbitrum,6.68,USDC,128279218,2.34,5.8
2024-09-24,Yearn,Arbitrum,6.69,USDT,121111689,2.73,3.87
2024-09-24,Yearn,Optimism,5.79,USDC,126871935,1.55,4.17
2024-09-24,Yearn,Optimism,5.63,USDT,131585770,1.82,3.42
2024-09-24,Yearn,Optimism,5.72,DAI,131177617,1.8,4.81
2024-09-24,Yearn,Polygon,7.05,USDC,121069277,0.93,2.75
2024-09-24,Yearn,Polygon,5.01,USDT,125344103,1.05,2.89
2024-09-24,Yearn,Polygon,4.97,DAI,126851692,1.12,3.63
2024-09-24,Yearn,Base,5.77,USDC,135551781,1.21,2.89
2024-09-24,Yearn,Base,4.97,USDT,140135497,1.64,3.83
2024-09-24,Pendle,Ethereum,6.88,USDT,84633628,22.49,0
2024-09-24,Pendle,Ethereum,9.49,DAI,85396825,20.93,0
2024-09-24,Pendle,Arbitrum,9.42,USDC,82638466,2.55,5.4
2024-09-24,Pendle,Arbitrum,11.28,USDT,77616921,2.12,3.72
2024-09-24,Pendle,Arbitrum,10.23,DAI,80653750,2.96,5.71
2024-09-24,Pendle,Optimism,10.55,USDC,85922928,2.05,4.66
2024-09-24,Pendle,Optimism,8.99,USDT,78574578,1.74,3.54
2024-09-24,Pendle,Optimism,8.83,DAI,83141947,1.65,3.84
2024-09-24,Pendle,Base,11.1,USDC,81078056,1.56,3.55
2024-09-24,Pendle,Base,11.25,DAI,77613754,1.3,4.39
2024-09-24,Convex,Ethereum,4.7,USDT,159467793,19.32,0
2024-09-24,Convex,Ethereum,6.09,DAI,162083696,19.97,0
2024-09-24,Balancer,Ethereum,5.56,USDC,121696225,18.83,0
2024-09-24,Balancer,Ethereum,5.8,USDT,114150267,14.34,0
2024-09-24,Balancer,Ethereum,6.11,DAI,128479526,14.98,0
2024-09-24,Balancer,Arbitrum,7.61,USDC,108734188,2.48,5.12
2024-09-24,Balancer,Arbitrum,8.45,USDT,120560370,2.71,3.83
2024-09-24,Balancer,Arbitrum,6.24,DAI,117511334,2.25,6.37
2024-09-24,Balancer,Optimism,6.47,USDT,118367161,2.18,3.07
2024-09-24,Balancer,Optimism,7.29,DAI,115496357,1.64,4.46
2024-09-24,Balancer,Polygon,10.45,USDC,123899751,0.95,3.14
2024-09-24,Balancer,Polygon,7.69,USDT,120562574,0.77,2.35
2024-09-24,Balancer,Polygon,7.2,DAI,118540392,0.91,2.95
2024-09-24,Balancer,Base,7.33,USDC,126912774,1.46,3.92
2024-09-24,Balancer,Base,7.92,USDT,115731147,1.43,3.53
2024-09-24,Balancer,Base,7.28,DAI,128115627,1.17,3.46
2024-09-25,Aave,Ethereum,3.43,USDC,272997405,25.15,0
2024-09-25,Aave,Ethereum,3.68,USDT,253633518,18.13,0
2024-09-25,Aave,Ethereum,3.52,DAI,280569246,17.22,0
2024-09-25,Aave,Arbitrum,4.51,DAI,279804434,2.26,6.1
2024-09-25,Aave,Optimism,4.29,USDC,286761833,1.65,3.62
2024-09-25,Aave,Optimism,3.59,USDT,303147559,1.7,5.29
2024-09-25,Aave,Polygon,4.91,USDC,255709638,1.25,1.86
2024-09-25,Aave,Polygon,4.13,USDT,285968245,1.02,3.2
2024-09-25,Aave,Polygon,5.02,DAI,301990670,0.95,2.51
2024-09-25,Aave,Base,4.35,USDC,267433707,1.64,4.09
2024-09-25,Aave,Base,4.02,DAI,270209754,1.41,3.13
2024-09-25,Compound,Ethereum,3.59,USDT,183288758,20.58,0
2024-09-25,Compound,Ethereum,3.05,DAI,186050080,17.75,0
2024-09-25,Compound,Arbitrum,4.68,USDC,194696563,2.1,5.21
2024-09-25,Compound,Arbitrum,4.22,USDT,205881604,2.26,4.42
2024-09-25,Compound,Arbitrum,4.17,DAI,200368631,2.29,5.32
2024-09-25,Compound,Optimism,3.87,USDC,215301501,1.59,3.64
2024-09-25,Compound,Optimism,3.94,USDT,223408270,1.58,3.68
2024-09-25,Compound,Optimism,4.01,DAI,192385566,2.07,3.76
2024-09-25,Compound,Polygon,4.18,USDC,200493713,0.92,2.92
2024-09-25,Compound,Polygon,3.88,USDT,189311298,1.31,3.61
2024-09-25,Compound,Polygon,4.06,DAI,196145421,1.12,2.47
2024-09-25,Compound,Base,3.87,USDC,210353044,1.43,3.43
2024-09-25,Compound,Base,4.28,USDT,193881679,1.34,5.12
2024-09-25,Compound,Base,4.81,DAI,200111738,1.46,3.83
2024-09-25,Curve,Ethereum,4.91,USDC,331849326,21.9,0
2024-09-25,Curve,Ethereum,5.91,USDT,354247066,19.05,0
2024-09-25,Curve,Ethereum,6.37,DAI,340624680,13.8,0
2024-09-25,Curve,Arbitrum,8.69,USDC,332354392,2.1,3.65
2024-09-25,Curve,Arbitrum,6.75,USDT,325236190,2.68,3.78
2024-09-25,Curve,Arbitrum,5.73,DAI,361942588,2.47,3.2
2024-09-25,Curve,Optimism,7.45,USDC,351777177,2.34,3.64
2024-09-25,Curve,Optimism,6.97,USDT,368835872,1.93,4.57
2024-09-25,Curve,Optimism,7.09,DAI,352013505,1.85,4.4
2024-09-25,Curve,Polygon,8.27,USDC,356579285,1.22,3.22
2024-09-25,Curve,Polygon,6.86,USDT,352662039,1.03,3.42
2024-09-25,Curve,Polygon,6.19,DAI,372477301,1.08,3.12
2024-09-25,Curve,Base,5.97,USDC,352513073,1.35,4.07
2024-09-25,Curve,Base,8.26,USDT,359670406,1.53,4.28
2024-09-25,Curve,Base,6.97,DAI,338518711,1.69,3.76
2024-09-25,Uniswap V3,Ethereum,7.06,USDC,110966212,21.06,0
2024-09-25,Uniswap V3,Ethereum,6.61,USDT,103696050,13.18,0
2024-09-25,Uniswap V3,Ethereum,5.17,DAI,102545484,12.22,0
2024-09-25,Uniswap V3,Arbitrum,7.31,USDC,98953538,2.42,6.67
2024-09-25,Uniswap V3,Arbitrum,8.21,USDT,105162724,2.78,6.23
2024-09-25,Uniswap V3,Arbitrum,7.34,DAI,103968924,2.92,5.27
2024-09-25,Uniswap V3,Optimism,8.5,USDC,104393286,1.95,3.72
2024-09-25,Uniswap V3,Optimism,7.33,USDT,108771690,1.42,4.12
2024-09-25,Uniswap V3,Optimism,6.93,DAI,98710186,1.02,4.41
2024-09-25,Uniswap V3,Polygon,7.32,USDT,97775862,0.91,2.49
2024-09-25,Uniswap V3,Polygon,7.77,DAI,108698406,0.8,3.64
2024-09-25,Uniswap V3,Base,6.58,USDC,96105229,1.69,4.35
2024-09-25,Uniswap V3,Base,6.41,USDT,97366225,1.34,5.15
2024-09-25,Uniswap V3,Base,7.76,DAI,102310901,1.4,3.92
2024-09-25,Yearn,Ethereum,4.3,USDT,141589125,21.45,0
2024-09-25,Yearn,Ethereum,4.93,DAI,135296361,14.45,0
2024-09-25,Yearn,Arbitrum,4.38,USDC,128405476,2.73,5.11
2024-09-25,Yearn,Arbitrum,5.78,USDT,134586082,2.06,4.88
2024-09-25,Yearn,Arbitrum,5.99,DAI,133160869,2.63,3.81
2024-09-25,Yearn,Optimism,4.72,USDC,123301759,2.13,2.81
2024-09-25,Yearn,Optimism,5.68,USDT,124924212,1.68,3.58
2024-09-25,Yearn,Optimism,5.53,DAI,130137001,1.75,5.03
2024-09-25,Yearn,Polygon,6.9,USDC,137786372,0.88,2.5
2024-09-25,Yearn,Polygon,6.27,USDT,126802337,0.7,3.13
2024-09-25,Yearn,Polygon,5.24,DAI,124097727,1.07,3.32
2024-09-25,Yearn,Base,4.65,USDC,129782087,1.24,4.19
2024-09-25,Yearn,Base,4.91,USDT,129182617,1.37,4.71
2024-09-25,Yearn,Base,5.75,DAI,127843433,1.27,4.99
2024-09-25,Pendle,Ethereum,7.37,USDC,76818527,16.61,0
2024-09-25,Pendle,Ethereum,9.85,USDT,83965779,19.99,0
2024-09-25,Pendle,Ethereum,10.28,DAI,80437519,18.41,0
2024-09-25,Pendle,Arbitrum,12.1,USDC,82660016,2.73,4.69
2024-09-25,Pendle,Arbitrum,8.43,DAI,86084179,2.69,5.17
2024-09-25,Pendle,Optimism,8.2,USDC,77316357,1.37,4.47
2024-09-25,Pendle,Optimism,10.02,USDT,83830480,1.78,3.2
2024-09-25,Pendle,Optimism,10.0,DAI,85756836,2.09,3.41
2024-09-25,Pendle,Base,7.97,USDC,86422774,1.35,3.84
2024-09-25,Pendle,Base,10.34,USDT,88751728,1.56,4.14
2024-09-25,Pendle,Base,9.92,DAI,78837347,1.3,5.09
2024-09-25,Convex,Ethereum,5.14,USDC,171355853,12.02,0
2024-09-25,Convex,Ethereum,5.68,USDT,159469434,14.83,0
2024-09-25,Convex,Ethereum,5.41,DAI,182537417,17.66,0
2024-09-25,Balancer,Ethereum,5.8,USDC,118091558,21.99,0
2024-09-25,Balancer,Ethereum,5.88,USDT,132506244,15.92,0
2024-09-25,Balancer,Ethereum,5.68,DAI,128148124,19.9,0
2024-09-25,Balancer,Arbitrum,7.46,USDC,114217219,2.38,4.47
2024-09-25,Balancer,Arbitrum,6.93,USDT,125343334,2.97,3.15
2024-09-25,Balancer,Arbitrum,6.5,DAI,126610871,2.3,6.6
2024-09-25,Balancer,Optimism,7.32,USDT,120804221,1.24,4.05
2024-09-25,Balancer,Polygon,7.83,USDC,118638488,1.0,2.5
2024-09-25,Balancer,Polygon,6.53,USDT,114779749,0.65,2.8
2024-09-25,Balancer,Polygon,7.44,DAI,124243175,0.9,2.19
2024-09-25,Balancer,Base,6.56,USDC,121397631,1.43,3.09
2024-09-25,Balancer,Base,7.97,USDT,127802697,1.42,4.5
2024-09-26,Aave,Ethereum,4.05,USDC,308813574,20.54,0
2024-09-26,Aave,Ethereum,3.1,USDT,278836465,19.59,0
2024-09-26,Aave,Ethereum,2.88,DAI,286369926,18.7,0
2024-09-26,Aave,Arbitrum,4.83,USDT,296856476,2.07,4.58
2024-09-26,Aave,Arbitrum,4.92,DAI,271532209,2.55,3.84
2024-09-26,Aave,Optimism,4.48,USDC,266605904,2.02,5.13
2024-09-26,Aave,Optimism,4.09,USDT,269781939,2.15,2.8
2024-09-26,Aave,Optimism,3.89,DAI,280714593,1.68,3.6
2024-09-26,Aave,Polygon,4.29,USDC,286758128,0.81,2.95
2024-09-26,Aave,Polygon,3.89,USDT,291687594,0.92,2.74
2024-09-26,Aave,Polygon,4.43,DAI,264418474,0.54,2.27
2024-09-26,Aave,Base,4.21,USDC,263548565,1.81,5.23
2024-09-26,Aave,Base,4.86,USDT,258482653,1.02,4.07
2024-09-26,Aave,Base,4.06,DAI,276331449,1.8,4.75
2024-09-26,Compound,Ethereum,3.17,USDC,209992672,20.5,0
2024-09-26,Compound,Ethereum,2.99,USDT,203769387,17.15,0
2024-09-26,Compound,Ethereum,3.29,DAI,221977283,18.95,0
2024-09-26,Compound,Arbitrum,4.46,USDC,207605489,2.36,5.94
2024-09-26,Compound,Arbitrum,3.99,USDT,188254986,2.08,5.48
2024-09-26,Compound,Arbitrum,4.26,DAI,215303125,2.59,5.06
2024-09-26,Compound,Optimism,3.32,USDC,192529845,2.07,4.08
2024-09-26,Compound,Optimism,4.18,USDT,209538606,1.85,4.69
2024-09-26,Compound,Optimism,4.21,DAI,207725964,1.53,2.99
2024-09-26,Compound,Polygon,4.07,USDC,196031245,0.86,2.96
2024-09-26,Compound,Polygon,3.94,USDT,204287366,0.74,3.68
2024-09-26,Compound,Polygon,3.7,DAI,195337541,0.76,3.47
2024-09-26,Compound,Base,4.27,USDC,205256497,1.31,2.02
2024-09-26,Compound,Base,3.94,DAI,196525806,1.06,2.24
2024-09-26,Curve,Ethereum,5.38,USDC,365105674,19.85,0
2024-09-26,Curve,Ethereum,6.14,USDT,365515079,19.64,0
2024-09-26,Curve,Ethereum,5.88,DAI,334494343,17.44,0
2024-09-26,Curve,Arbitrum,5.65,USDC,347953693,2.1,6.71
2024-09-26,Curve,Arbitrum,7.3,USDT,351914085,2.7,6.08
2024-09-26,Curve,Arbitrum,7.88,DAI,333890063,2.33,5.42
2024-09-26,Curve,Optimism,6.44,USDC,359531074,1.5,3.55
2024-09-26,Curve,Optimism,7.03,USDT,356749387,1.59,3.59
2024-09-26,Curve,Polygon,7.47,USDC,345827107,0.9,2.22
2024-09-26,Curve,Polygon,8.74,DAI,368140682,0.83,2.86
2024-09-26,Curve,Base,6.51,USDC,351784386,1.26,4.31
2024-09-26,Curve,Base,5.12,USDT,347030594,1.55,4.41
2024-09-26,Curve,Base,7.39,DAI,358973629,1.64,4.16
2024-09-26,Uniswap V3,Ethereum,6.52,USDC,111661401,16.46,0
2024-09-26,Uniswap V3,Ethereum,7.0,USDT,103736264,23.76,0
2024-09-26,Uniswap V3,Ethereum,6.01,DAI,100699821,19.29,0
2024-09-26,Uniswap V3,Arbitrum,8.3,USDC,115934329,2.7,5.21
2024-09-26,Uniswap V3,Arbitrum,8.11,USDT,104925212,2.0,5.79
2024-09-26,Uniswap V3,Arbitrum,6.7,DAI,100632952,2.32,3.42
2024-09-26,Uniswap V3,Optimism,8.84,USDC,100037644,2.34,4.74
2024-09-26,Uniswap V3,Optimism,7.77,USDT,106126310,1.92,5.29
2024-09-26,Uniswap V3,Optimism,7.97,DAI,109232853,1.56,4.59
2024-09-26,Uniswap V3,Polygon,7.47,USDC,99525147,1.2,3.62
2024-09-26,Uniswap V3,Polygon,9.04,USDT,106775360,1.04,2.49
2024-09-26,Uniswap V3,Polygon,8.86,DAI,112096248,1.06,3.08
2024-09-26,Uniswap V3,Base,7.17,USDT,100790721,1.58,3.87
2024-09-26,Uniswap V3,Base,10.4,DAI,110586398,1.66,3.63
2024-09-26,Yearn,Ethereum,4.64,USDC,126142118,18.25,0
2024-09-26,Yearn,Ethereum,4.51,USDT,133992715,21.37,0
2024-09-26,Yearn,Ethereum,4.68,DAI,139680948,17.66,0
2024-09-26,Yearn,Arbitrum,6.1,USDC,123650092,2.46,5.01
2024-09-26,Yearn,Arbitrum,5.91,USDT,119669620,2.78,3.49
2024-09-26,Yearn,Arbitrum,5.34,DAI,134059401,2.67,3.78
2024-09-26,Yearn,Optimism,4.94,USDC,133935395,1.76,4.58
2024-09-26,Yearn,Optimism,5.46,USDT,128096831,2.17,3.25
2024-09-26,Yearn,Optimism,5.43,DAI,132174185,2.24,5.21
2024-09-26,Yearn,Polygon,5.52,USDC,133601032,1.1,3.72
2024-09-26,Yearn,Polygon,6.77,USDT,136607708,0.83,3.36
2024-09-26,Yearn,Polygon,6.01,DAI,133650355,0.98,3.91
2024-09-26,Yearn,Base,5.78,USDT,142497722,1.34,4.8
2024-09-26,Yearn,Base,4.65,DAI,139164437,1.26,4.83
2024-09-26,Pendle,Ethereum,7.76,USDC,85540748,21.21,0
2024-09-26,Pendle,Ethereum,9.32,USDT,81840715,14.77,0
2024-09-26,Pendle,Ethereum,9.26,DAI,88221197,22.46,0
2024-09-26,Pendle,Arbitrum,8.35,USDC,85487918,1.11,3.84
2024-09-26,Pendle,Arbitrum,9.85,USDT,89726431,2.47,5.34
2024-09-26,Pendle,Arbitrum,9.47,DAI,79187251,2.12,5.7
2024-09-26,Pendle,Optimism,10.06,USDT,89360747,2.4,3.88
2024-09-26,Pendle,Optimism,9.37,DAI,77525444,2.1,4.72
2024-09-26,Pendle,Base,10.7,USDT,76848909,1.73,3.47
2024-09-26,Pendle,Base,8.62,DAI,83532908,1.6,3.43
2024-09-26,Convex,Ethereum,5.42,USDC,163174479,17.21,0
2024-09-26,Convex,Ethereum,6.05,USDT,175021851,18.63,0
2024-09-26,Convex,Ethereum,4.63,DAI,161839475,19.22,0
2024-09-26,Balancer,Ethereum,5.53,USDC,115576931,18.13,0
2024-09-26,Balancer,Ethereum,6.32,USDT,128224489,12.84,0
2024-09-26,Balancer,Ethereum,5.76,DAI,126038826,18.75,0
2024-09-26,Balancer,Arbitrum,8.31,USDC,122480838,2.31,4.9
2024-09-26,Balancer,Arbitrum,6.56,USDT,125625621,2.61,4.36
2024-09-26,Balancer,Arbitrum,8.27,DAI,119279441,2.5,4.31
2024-09-26,Balancer,Optimism,8.15,USDC,121595820,1.43,2.4
2024-09-26,Balancer,Optimism,7.18,USDT,118450055,1.72,3.71
2024-09-26,Balancer,Polygon,8.59,USDC,123065740,0.9,4.26
2024-09-26,Balancer,Polygon,9.1,DAI,121802156,1.11,2.29
2024-09-26,Balancer,Base,6.79,USDC,119041970,1.75,4.45
2024-09-26,Balancer,Base,6.05,USDT,122626470,1.41,4.37
2024-09-26,Balancer,Base,7.23,DAI,127965044,1.45,3.26
2024-09-27,Aave,Ethereum,3.9,USDC,271623005,18.3,0
2024-09-27,Aave,Ethereum,4.22,USDT,284259447,14.23,0
2024-09-27,Aave,Ethereum,3.89,DAI,292018725,15.55,0
2024-09-27,Aave,Arbitrum,4.09,USDC,286781339,2.36,6.05
2024-09-27,Aave,Arbitrum,4.09,USDT,290236367,2.07,6.27
2024-09-27,Aave,Arbitrum,4.37,DAI,308288754,2.68,4.8
2024-09-27,Aave,Optimism,3.32,USDC,287650483,1.62,3.95
2024-09-27,Aave,Optimism,3.85,USDT,297455840,2.17,4.56
2024-09-27,Aave,Optimism,3.44,DAI,306762505,1.19,5.16
2024-09-27,Aave,Polygon,5.4,USDC,272305948,1.03,2.61
2024-09-27,Aave,Polygon,3.85,USDT,298053306,0.98,3.17
2024-09-27,Aave,Polygon,5.08,DAI,268681700,0.87,2.81
2024-09-27,Aave,Base,4.92,USDC,270815902,1.65,3.55
2024-09-27,Aave,Base,3.72,USDT,260766206,1.36,4.37
2024-09-27,Aave,Base,5.12,DAI,288856984,1.63,4.44
2024-09-27,Compound,Ethereum,3.68,USDC,206287213,17.82,0
2024-09-27,Compound,Ethereum,3.89,USDT,209623337,14.78,0
2024-09-27,Compound,Ethereum,3.2,DAI,214111159,16.71,0
2024-09-27,Compound,Arbitrum,3.73,USDC,196636062,2.21,5.46
2024-09-27,Compound,Arbitrum,3.52,USDT,213770897,2.24,4.69
2024-09-27,Compound,Arbitrum,3.77,DAI,203641916,2.17,5.02
2024-09-27,Compound,Optimism,3.58,USDC,202631452,1.48,3.48
2024-09-27,Compound,Optimism,3.93,USDT,190335746,1.85,3.54
2024-09-27,Compound,Optimism,3.48,DAI,202337673,1.46,4.38
2024-09-27,Compound,Polygon,4.06,USDC,192685306,1.0,3.19
2024-09-27,Compound,Polygon,4.28,USDT,199967669,1.29,3.81
2024-09-27,Compound,Polygon,4.33,DAI,208533966,0.67,2.89
2024-09-27,Compound,Base,4.3,USDC,191533409,1.53,3.49
2024-09-27,Compound,Base,3.89,USDT,203932894,1.61,4.77
2024-09-27,Compound,Base,4.31,DAI,193785840,1.52,3.47
2024-09-27,Curve,Ethereum,6.3,USDC,373002996,18.15,0
2024-09-27,Curve,Ethereum,5.88,USDT,347376306,16.34,0
2024-09-27,Curve,Ethereum,5.08,DAI,353904454,12.94,0
2024-09-27,Curve,Arbitrum,6.62,USDC,349377717,2.62,4.18
2024-09-27,Curve,Arbitrum,6.8,USDT,346699421,2.61,4.8
2024-09-27,Curve,Arbitrum,7.19,DAI,351530378,2.57,4.64
2024-09-27,Curve,Optimism,6.78,USDC,376317564,1.94,3.35
2024-09-27,Curve,Optimism,6.41,USDT,367306655,1.82,1.34
2024-09-27,Curve,Polygon,6.27,USDC,324205880,0.86,2.87
2024-09-27,Curve,Polygon,8.28,USDT,353460551,1.07,1.61
2024-09-27,Curve,Polygon,7.64,DAI,375279115,1.18,3.9
2024-09-27,Curve,Base,6.77,USDC,353872119,1.76,5.29
2024-09-27,Curve,Base,7.82,USDT,368418517,1.31,4.33
2024-09-27,Curve,Base,6.09,DAI,377330140,1.26,4.11
2024-09-27,Uniswap V3,Ethereum,6.99,USDC,113975442,15.07,0
2024-09-27,Uniswap V3,Ethereum,6.39,USDT,113659688,14.59,0
2024-09-27,Uniswap V3,Ethereum,6.17,DAI,106399786,16.64,0
2024-09-27,Uniswap V3,Arbitrum,9.39,USDC,116599313,2.69,4.08
2024-09-27,Uniswap V3,Arbitrum,8.01,DAI,106255147,2.46,3.81
2024-09-27,Uniswap V3,Optimism,8.1,USDC,111939848,2.29,5.19
2024-09-27,Uniswap V3,Optimism,7.97,USDT,109789592,1.5,4.3
2024-09-27,Uniswap V3,Optimism,7.76,DAI,103884016,1.61,2.93
2024-09-27,Uniswap V3,Polygon,7.41,USDC,111245683,1.09,2.87
2024-09-27,Uniswap V3,Polygon,9.57,USDT,113022186,0.93,2.13
2024-09-27,Uniswap V3,Polygon,8.19,DAI,110498383,0.78,3.73
2024-09-27,Uniswap V3,Base,7.46,USDT,114511902,1.89,3.24
2024-09-27,Uniswap V3,Base,7.26,DAI,107629164,1.17,3.59
2024-09-27,Yearn,Ethereum,3.17,USDC,150827656,21.36,0
2024-09-27,Yearn,Ethereum,4.67,USDT,143000642,21.79,0
2024-09-27,Yearn,Arbitrum,5.84,USDC,135859885,1.96,4.63
2024-09-27,Yearn,Arbitrum,5.14,USDT,137200667,2.22,2.79
2024-09-27,Yearn,Arbitrum,4.07,DAI,146807598,1.93,5.17
2024-09-27,Yearn,Optimism,5.43,USDC,141641574,1.47,3.73
2024-09-27,Yearn,Optimism,4.8,USDT,128417309,1.75,3.16
2024-09-27,Yearn,Optimism,6.13,DAI,128475492,1.48,4.51
2024-09-27,Yearn,Polygon,5.98,USDC,134620796,0.99,3.57
2024-09-27,Yearn,Polygon,5.98,USDT,130183957,0.73,2.47
2024-09-27,Yearn,Polygon,5.84,DAI,138547536,1.27,2.54
2024-09-27,Yearn,Base,3.99,USDC,135716573,1.6,2.85
2024-09-27,Yearn,Base,4.99,USDT,134673715,1.52,4.0
2024-09-27,Yearn,Base,4.28,DAI,142596253,1.59,4.13
2024-09-27,Pendle,Ethereum,8.97,USDC,79992023,16.78,0
2024-09-27,Pendle,Ethereum,8.11,USDT,81756051,17.9,0
2024-09-27,Pendle,Ethereum,8.09,DAI,84643429,18.5,0
2024-09-27,Pendle,Arbitrum,12.15,USDC,85843609,2.04,5.27
2024-09-27,Pendle,Arbitrum,9.44,USDT,81349412,2.1,3.77
2024-09-27,Pendle,Arbitrum,11.2,DAI,82587114,2.31,5.81
2024-09-27,Pendle,Optimism,8.56,USDC,86884464,2.43,3.98
2024-09-27,Pendle,Optimism,9.82,USDT,80637022,1.74,4.61
2024-09-27,Pendle,Optimism,9.13,DAI,82082149,2.05,2.9
2024-09-27,Pendle,Base,9.86,USDC,83638614,2.18,3.99
2024-09-27,Pendle,Base,10.27,DAI,90405341,1.7,3.49
2024-09-27,Convex,Ethereum,4.86,USDC,164662549,20.35,0
2024-09-27,Convex,Ethereum,5.36,USDT,174070340,22.82,0
2024-09-27,Balancer,Ethereum,5.67,USDC,124124448,16.8,0
2024-09-27,Balancer,Ethereum,6.02,USDT,128248598,17.61,0
2024-09-27,Balancer,Arbitrum,7.97,USDC,124068419,2.96,7.49
2024-09-27,Balancer,Arbitrum,7.22,USDT,129741342,2.64,5.29
2024-09-27,Balancer,Arbitrum,6.83,DAI,121129957,2.52,6.2
2024-09-27,Balancer,Optimism,6.04,USDT,121503844,1.92,3.84
2024-09-27,Balancer,Optimism,7.39,DAI,141891065,1.92,3.8
2024-09-27,Balancer,Polygon,7.56,USDC,126919107,1.02,3.82
2024-09-27,Balancer,Polygon,9.64,USDT,123185399,0.84,3.41
2024-09-27,Balancer,Polygon,7.45,DAI,134230757,0.89,3.15
2024-09-27,Balancer,Base,7.02,USDC,128462615,1.27,2.52
2024-09-27,Balancer,Base,7.94,DAI,122278416,1.64,2.09
2024-09-28,Aave,Ethereum,2.85,USDC,292354413,12.14,0
2024-09-28,Aave,Ethereum,3.47,USDT,295843214,12.68,0
2024-09-28,Aave,Ethereum,3.03,DAI,290503040,10.57,0
2024-09-28,Aave,Arbitrum,3.75,USDC,284141504,1.62,5.0
2024-09-28,Aave,Arbitrum,5.32,USDT,301066088,1.54,5.87
2024-09-28,Aave,Arbitrum,4.29,DAI,294175799,1.53,5.9
2024-09-28,Aave,Optimism,4.79,USDC,300760695,1.5,3.67
2024-09-28,Aave,Optimism,4.84,USDT,288380120,1.25,4.79
2024-09-28,Aave,Optimism,4.06,DAI,296270012,1.48,4.22
2024-09-28,Aave,Polygon,4.33,USDC,309800292,0.56,2.91
2024-09-28,Aave,Polygon,4.24,USDT,297115393,0.73,2.35
2024-09-28,Aave,Polygon,5.13,DAI,301939062,0.72,3.0
2024-09-28,Aave,Base,4.43,USDT,287837828,1.19,4.86
2024-09-28,Aave,Base,4.09,DAI,286856166,1.12,4.1
2024-09-28,Compound,Ethereum,2.85,USDC,219644175,12.17,0
2024-09-28,Compound,Ethereum,3.15,USDT,214109076,9.58,0
2024-09-28,Compound,Ethereum,3.27,DAI,201692838,12.02,0
2024-09-28,Compound,Arbitrum,4.46,USDC,200812398,1.93,5.22
2024-09-28,Compound,Arbitrum,4.19,DAI,220053010,1.58,4.73
2024-09-28,Compound,Optimism,3.83,USDC,203971113,1.06,4.81
2024-09-28,Compound,Optimism,3.86,USDT,213455780,0.72,4.61
2024-09-28,Compound,Optimism,3.62,DAI,202515781,1.16,4.2
2024-09-28,Compound,Polygon,4.47,USDC,205657388,0.69,3.73
2024-09-28,Compound,Polygon,4.51,DAI,213523055,0.61,3.56
2024-09-28,Compound,Base,4.05,USDC,204624082,1.24,4.33
2024-09-28,Compound,Base,3.41,USDT,207210808,0.99,3.81
2024-09-28,Compound,Base,3.59,DAI,213184299,0.85,4.48
2024-09-28,Curve,Ethereum,4.69,USDC,347637010,11.95,0
2024-09-28,Curve,Ethereum,6.29,DAI,381186063,13.07,0
2024-09-28,Curve,Arbitrum,7.36,USDC,378446510,1.52,4.46
2024-09-28,Curve,Arbitrum,7.11,USDT,365756732,1.67,6.08
2024-09-28,Curve,Arbitrum,7.22,DAI,360460347,1.54,3.84
2024-09-28,Curve,Optimism,6.92,USDC,389214602,1.27,5.68
2024-09-28,Curve,Optimism,6.79,USDT,374591374,1.24,5.05
2024-09-28,Curve,Optimism,7.52,DAI,380036272,0.99,3.85
2024-09-28,Curve,Polygon,7.41,USDC,349193081,0.62,2.51
2024-09-28,Curve,Polygon,6.8,USDT,340400103,0.73,3.48
2024-09-28,Curve,Polygon,7.53,DAI,390742762,0.62,4.0
2024-09-28,Curve,Base,8.19,USDC,391960900,0.97,3.83
2024-09-28,Curve,Base,7.71,USDT,360956265,1.01,4.11
2024-09-28,Curve,Base,5.78,DAI,346201598,0.83,3.78
2024-09-28,Uniswap V3,Ethereum,7.46,USDC,109362441,10.09,0
2024-09-28,Uniswap V3,Ethereum,5.39,USDT,105803298,9.17,0
2024-09-28,Uniswap V3,Ethereum,5.11,DAI,114730322,14.79,0
2024-09-28,Uniswap V3,Arbitrum,7.87,USDC,109936306,1.72,4.47
2024-09-28,Uniswap V3,Arbitrum,7.12,USDT,114259741,1.7,5.57
2024-09-28,Uniswap V3,Arbitrum,8.06,DAI,112637235,1.48,7.68
2024-09-28,Uniswap V3,Optimism,5.98,USDC,106914664,1.32,4.1
2024-09-28,Uniswap V3,Optimism,9.13,USDT,112966581,0.94,2.22
2024-09-28,Uniswap V3,Optimism,5.84,DAI,110414542,1.74,3.8
2024-09-28,Uniswap V3,Polygon,7.58,USDC,108472240,0.6,2.58
2024-09-28,Uniswap V3,Polygon,6.95,USDT,106599003,0.52,3.02
2024-09-28,Uniswap V3,Polygon,7.82,DAI,106044977,0.72,2.72
2024-09-28,Uniswap V3,Base,8.08,USDC,113175472,0.96,5.06
2024-09-28,Uniswap V3,Base,6.49,USDT,108291168,0.84,4.48
2024-09-28,Uniswap V3,Base,8.05,DAI,107882183,0.9,3.51
2024-09-28,Yearn,Ethereum,4.46,USDC,146790467,11.66,0
2024-09-28,Yearn,Ethereum,4.13,USDT,134893534,14.83,0
2024-09-28,Yearn,Ethereum,4.23,DAI,144444226,8.16,0
2024-09-28,Yearn,Arbitrum,5.64,USDC,143696266,1.51,5.93
2024-09-28,Yearn,Arbitrum,5.82,USDT,138024558,1.92,4.42
2024-09-28,Yearn,Arbitrum,6.16,DAI,125306132,1.53,3.46
2024-09-28,Yearn,Optimism,4.65,USDC,144187348,0.87,5.18
2024-09-28,Yearn,Optimism,5.67,USDT,143767508,1.43,1.85
2024-09-28,Yearn,Optimism,5.06,DAI,138257008,1.08,4.06
2024-09-28,Yearn,Polygon,7.33,USDC,128580416,0.75,3.25
2024-09-28,Yearn,Polygon,5.43,DAI,134437506,0.61,1.31
2024-09-28,Yearn,Base,5.15,USDC,133639753,0.7,4.26
2024-09-28,Yearn,Base,5.79,USDT,136245900,1.03,4.63
2024-09-28,Yearn,Base,4.78,DAI,141328324,0.82,4.07
2024-09-28,Pendle,Ethereum,8.15,USDC,88189074,12.34,0
2024-09-28,Pendle,Ethereum,8.73,USDT,79921813,9.48,0
2024-09-28,Pendle,Ethereum,7.0,DAI,93657567,15.31,0
2024-09-28,Pendle,Arbitrum,6.37,USDC,89825916,1.58,5.3
2024-09-28,Pendle,Arbitrum,10.31,USDT,86943372,1.7,5.79
2024-09-28,Pendle,Arbitrum,9.25,DAI,80883831,1.6,6.85
2024-09-28,Pendle,Optimism,8.92,USDC,86601996,1.38,4.63
2024-09-28,Pendle,Optimism,9.55,USDT,89114411,1.21,3.86
2024-09-28,Pendle,Base,9.97,USDC,92348128,1.22,4.08
2024-09-28,Pendle,Base,8.69,USDT,91055965,0.97,3.31
2024-09-28,Pendle,Base,11.29,DAI,83827187,0.95,3.65
2024-09-28,Convex,Ethereum,4.7,USDC,165198795,14.12,0
2024-09-28,Convex,Ethereum,5.27,USDT,180848756,13.26,0
2024-09-28,Convex,Ethereum,5.29,DAI,182181116,10.01,0
2024-09-28,Balancer,Ethereum,6.01,USDC,120967949,12.72,0
2024-09-28,Balancer,Ethereum,6.17,USDT,127975175,13.71,0
2024-09-28,Balancer,Arbitrum,5.97,USDC,125073660,1.57,5.87
2024-09-28,Balancer,Arbitrum,7.74,USDT,122299582,1.69,4.4
2024-09-28,Balancer,Arbitrum,7.37,DAI,117875827,2.11,6.35
2024-09-28,Balancer,Optimism,6.42,USDT,127906707,1.21,3.44
2024-09-28,Balancer,Optimism,6.89,DAI,128649962,0.95,4.69
2024-09-28,Balancer,Polygon,7.77,USDT,133551996,0.73,1.89
2024-09-28,Balancer,Polygon,7.27,DAI,131637547,0.68,2.66
2024-09-28,Balancer,Base,6.57,USDC,131689267,0.97,2.64
2024-09-28,Balancer,Base,7.53,DAI,114238781,0.84,4.51
