date,protocol,chain,apy,stablecoin,tvl,gasCost,bridgeFee
2024-07-01,Aave,Ethereum,3.07,USDC,248267980,37.08,0
2024-07-01,Aave,Ethereum,3.21,USDT,269055412,52.39,0
2024-07-01,Aave,Ethereum,2.62,DAI,241862676,39.3,0
2024-07-01,Aave,Arbitrum,3.38,USDC,241638755,2.99,13.53
2024-07-01,Aave,Arbitrum,3.32,USDT,253081759,5.35,12.6
2024-07-01,Aave,Arbitrum,3.66,DAI,246984685,3.23,10.83
2024-07-01,Aave,Optimism,3.67,USDC,256805571,2.34,9.31
2024-07-01,Aave,Optimism,3.12,USDT,241261732,3.11,7.91
2024-07-01,Aave,Optimism,3.35,DAI,242327747,3.66,9.87
2024-07-01,Aave,Polygon,4.21,USDT,257521586,1.23,7.03
2024-07-01,Aave,Polygon,3.59,DAI,218680858,1.75,9.09
2024-07-01,Aave,Base,3.11,USDC,265388678,4.07,14.69
2024-07-01,Aave,Base,3.79,USDT,231619763,3.67,4.95
2024-07-01,Aave,Base,3.57,DAI,262683029,3.3,5.01
2024-07-01,Compound,Ethereum,2.68,USDC,198932322,45.27,0
2024-07-01,Compound,Ethereum,2.8,USDT,166948266,37.68,0
2024-07-01,Compound,Ethereum,2.63,DAI,173156070,39.45,0
2024-07-01,Compound,Arbitrum,3.15,USDC,188366045,2.52,9.72
2024-07-01,Compound,Arbitrum,2.91,USDT,174433486,4.29,13.55
2024-07-01,Compound,Arbitrum,3.67,DAI,184195219,3.18,8.7
2024-07-01,Compound,Optimism,3.13,USDC,184919803,4.05,12.79
2024-07-01,Compound,Optimism,2.93,USDT,182996969,2.8,8.07
2024-07-01,Compound,Optimism,3.24,DAI,158055245,3.43,11.81
2024-07-01,Compound,Polygon,3.9,USDC,167668026,1.46,8.12
2024-07-01,Compound,Polygon,3.51,USDT,171131271,1.29,5.29
2024-07-01,Compound,Polygon,3.43,DAI,177876560,1.16,7.32
2024-07-01,Compound,Base,3.13,USDT,164639743,3.03,11.61
2024-07-01,Compound,Base,3.35,DAI,182383439,3.55,8.4
2024-07-01,Curve,Ethereum,7.95,USDC,330749659,48.85,0
2024-07-01,Curve,Ethereum,7.99,USDT,305761234,47.36,0
2024-07-01,Curve,Ethereum,8.72,DAI,339279493,44.51,0
2024-07-01,Curve,Arbitrum,10.16,USDT,325869698,4.61,8.61
2024-07-01,Curve,Arbitrum,8.4,DAI,324355981,3.06,17.75
2024-07-01,Curve,Optimism,7.35,USDC,329449035,3.08,9.92
2024-07-01,Curve,Optimism,8.0,USDT,312559728,1.94,8.81
2024-07-01,Curve,Optimism,8.18,DAI,319865590,2.3,8.02
2024-07-01,Curve,Polygon,8.32,USDC,317930887,1.73,7.65
2024-07-01,Curve,Polygon,7.88,USDT,353128966,1.15,9.35
2024-07-01,Curve,Polygon,10.34,DAI,307072403,1.05,9.39
2024-07-01,Curve,Base,8.98,USDC,332583163,3.87,9.59
2024-07-01,Curve,Base,8.41,USDT,323770323,3.33,9.81
2024-07-01,Curve,Base,11.2,DAI,309453873,3.9,13.66
2024-07-01,Uniswap V3,Ethereum,6.75,USDC,86512473,43.13,0
2024-07-01,Uniswap V3,Ethereum,9.6,USDT,96604696,44.58,0
2024-07-01,Uniswap V3,Ethereum,10.36,DAI,98361347,41.22,0
2024-07-01,Uniswap V3,Arbitrum,7.5,USDC,91338825,3.85,10.71
2024-07-01,Uniswap V3,Arbitrum,12.28,USDT,98344342,3.48,14.18
2024-07-01,Uniswap V3,Arbitrum,10.88,DAI,96332157,3.78,6.88
2024-07-01,Uniswap V3,Optimism,9.26,USDC,99838678,3.28,8.58
2024-07-01,Uniswap V3,Optimism,10.31,USDT,95361938,3.22,9.96
2024-07-01,Uniswap V3,Optimism,11.31,DAI,94895259,3.56,11.04
2024-07-01,Uniswap V3,Polygon,12.65,USDC,102711312,1.62,9.5
2024-07-01,Uniswap V3,Polygon,10.89,USDT,98379437,1.68,5.84
2024-07-01,Uniswap V3,Polygon,10.01,DAI,92998950,1.38,7.67
2024-07-01,Uniswap V3,Base,10.16,USDC,93977324,3.69,15.11
2024-07-01,Uniswap V3,Base,11.87,USDT,93806816,3.24,12.37
2024-07-01,Uniswap V3,Base,8.57,DAI,101577275,3.12,11.0
2024-07-01,Yearn,Ethereum,3.8,USDC,126517290,40.03,0
2024-07-01,Yearn,Ethereum,3.83,USDT,120464944,36.3,0
2024-07-01,Yearn,Arbitrum,4.57,USDC,124294937,3.51,12.6
2024-07-01,Yearn,Arbitrum,4.41,USDT,134326857,3.49,13.76
2024-07-01,Yearn,Arbitrum,4.49,DAI,128736137,2.65,9.97
2024-07-01,Yearn,Optimism,4.19,USDC,120387219,2.98,9.73
2024-07-01,Yearn,Optimism,3.88,USDT,122807804,1.94,8.98
2024-07-01,Yearn,Polygon,4.33,USDC,111773734,1.5,7.0
2024-07-01,Yearn,Polygon,5.07,DAI,118974521,1.6,7.21
2024-07-01,Yearn,Base,4.53,USDC,122303561,2.65,8.9
2024-07-01,Yearn,Base,4.45,USDT,121177785,3.38,12.58
2024-07-01,Yearn,Base,4.58,DAI,119050102,3.32,8.95
2024-07-01,Pendle,Ethereum,12.27,USDC,79551120,46.57,0
2024-07-01,Pendle,Ethereum,10.36,USDT,71592379,38.96,0
2024-07-01,Pendle,Ethereum,13.52,DAI,75838966,41.23,0
2024-07-01,Pendle,Arbitrum,16.68,USDC,69066932,3.64,11.5
2024-07-01,Pendle,Arbitrum,15.84,USDT,75300873,2.38,10.84
2024-07-01,Pendle,Arbitrum,14.05,DAI,75094043,4.93,13.33
2024-07-01,Pendle,Optimism,15.49,USDC,84337010,2.38,4.91
2024-07-01,Pendle,Optimism,10.46,USDT,77512630,1.86,9.52
2024-07-01,Pendle,Optimism,14.37,DAI,78064241,3.24,6.97
2024-07-01,Pendle,Base,17.0,USDC,78996587,3.95,9.8
2024-07-01,Pendle,Base,10.27,USDT,74054965,3.9,9.91
2024-07-01,Pendle,Base,13.19,DAI,71541730,3.06,12.21
2024-07-01,Convex,Ethereum,5.05,USDC,153951736,45.89,0
2024-07-01,Convex,Ethereum,4.78,USDT,147407942,34.18,0
2024-07-01,Convex,Ethereum,5.15,DAI,150478704,44.4,0
2024-07-01,Balancer,Ethereum,8.65,USDC,123014974,31.82,0
2024-07-01,Balancer,Ethereum,7.24,USDT,105553493,33.31,0
2024-07-01,Balancer,Ethereum,8.36,DAI,107668328,45.44,0
2024-07-01,Balancer,Arbitrum,9.79,USDC,109139834,4.8,12.16
2024-07-01,Balancer,Arbitrum,10.1,USDT,106511412,3.22,10.12
2024-07-01,Balancer,Arbitrum,6.68,DAI,100852480,3.64,10.37
2024-07-01,Balancer,Optimism,8.49,USDT,111769220,2.96,12.83
2024-07-01,Balancer,Optimism,8.81,DAI,111275992,2.53,7.95
2024-07-01,Balancer,Polygon,10.12,USDC,105820558,1.39,5.69
2024-07-01,Balancer,Polygon,11.44,USDT,110994110,1.32,7.79
2024-07-01,Balancer,Polygon,10.1,DAI,112136172,1.18,9.29
2024-07-01,Balancer,Base,11.71,USDC,110520378,3.39,10.08
2024-07-01,Balancer,Base,10.08,USDT,116416093,3.13,11.7
2024-07-01,Balancer,Base,9.91,DAI,102952073,3.88,11.54
2024-07-02,Aave,Ethereum,3.01,USDC,266445125,36.43,0
2024-07-02,Aave,Ethereum,2.93,USDT,272362254,46.86,0
2024-07-02,Aave,Ethereum,2.88,DAI,251960259,44.73,0
2024-07-02,Aave,Arbitrum,3.78,USDC,258111784,4.12,12.63
2024-07-02,Aave,Arbitrum,3.35,USDT,231787005,3.42,10.39
2024-07-02,Aave,Optimism,3.27,USDC,254466191,2.86,11.74
2024-07-02,Aave,Optimism,3.06,USDT,282616998,3.27,10.05
2024-07-02,Aave,Optimism,3.36,DAI,239114502,2.77,9.42
2024-07-02,Aave,Polygon,3.74,USDC,265298103,1.68,8.22
2024-07-02,Aave,Polygon,3.97,USDT,245130429,0.99,5.69
2024-07-02,Aave,Polygon,3.63,DAI,240520504,1.61,9.92
2024-07-02,Aave,Base,3.87,USDC,267693907,3.73,9.14
2024-07-02,Aave,Base,2.98,USDT,255566926,3.22,11.1
2024-07-02,Aave,Base,3.67,DAI,231292446,2.78,4.61
2024-07-02,Compound,Ethereum,3.02,USDC,198598153,42.21,0
2024-07-02,Compound,Ethereum,2.77,DAI,184789795,34.71,0
2024-07-02,Compound,Arbitrum,3.19,USDC,180187561,3.05,9.61
2024-07-02,Compound,Arbitrum,3.75,USDT,183752454,2.58,14.7
2024-07-02,Compound,Arbitrum,3.71,DAI,184291913,3.26,13.45
2024-07-02,Compound,Optimism,3.08,USDC,183887821,3.85,6.88
2024-07-02,Compound,Optimism,3.17,USDT,187425321,2.52,10.77
2024-07-02,Compound,Optimism,3.63,DAI,173110172,2.52,13.21
2024-07-02,Compound,Polygon,3.77,USDC,193788603,1.25,9.62
2024-07-02,Compound,Polygon,3.59,USDT,170504643,1.61,6.42
2024-07-02,Compound,Polygon,3.57,DAI,182452238,1.42,7.11
2024-07-02,Compound,Base,3.44,USDC,205174173,2.93,7.92
2024-07-02,Compound,Base,3.41,USDT,172685025,3.07,9.79
2024-07-02,Compound,Base,3.44,DAI,178952960,3.65,11.07
2024-07-02,Curve,Ethereum,7.21,USDC,316094420,49.21,0
2024-07-02,Curve,Ethereum,8.34,USDT,334624212,29.49,0
2024-07-02,Curve,Ethereum,7.34,DAI,311016902,37.67,0
2024-07-02,Curve,Arbitrum,10.28,USDC,322744479,3.8,12.96
2024-07-02,Curve,Arbitrum,9.8,DAI,349194987,3.26,10.88
2024-07-02,Curve,Optimism,6.55,USDC,312097989,4.16,9.6
2024-07-02,Curve,Optimism,9.01,USDT,317802397,2.75,10.75
2024-07-02,Curve,Optimism,9.21,DAI,327302156,3.32,11.84
2024-07-02,Curve,Polygon,9.48,USDC,273089724,1.32,7.32
2024-07-02,Curve,Polygon,9.16,USDT,296399997,1.81,6.06
2024-07-02,Curve,Base,7.28,USDT,337111357,3.5,10.17
2024-07-02,Curve,Base,8.42,DAI,319893169,3.73,9.79
2024-07-02,Uniswap V3,Ethereum,8.16,USDC,94936440,42.71,0
2024-07-02,Uniswap V3,Ethereum,6.18,DAI,103891253,45.34,0
2024-07-02,Uniswap V3,Arbitrum,11.75,USDC,96920053,2.84,14.1
2024-07-02,Uniswap V3,Arbitrum,10.05,USDT,97723427,3.06,6.9
2024-07-02,Uniswap V3,Arbitrum,9.1,DAI,103788612,3.97,8.93
2024-07-02,Uniswap V3,Optimism,12.0,USDT,91496029,3.16,7.32
2024-07-02,Uniswap V3,Optimism,6.63,DAI,96933678,3.0,6.61
2024-07-02,Uniswap V3,Polygon,9.44,USDC,105157822,1.52,9.31
2024-07-02,Uniswap V3,Polygon,9.51,USDT,97299606,1.64,10.15
2024-07-02,Uniswap V3,Polygon,9.46,DAI,95843410,1.34,11.81
2024-07-02,Uniswap V3,Base,12.58,USDC,100450437,3.06,9.49
2024-07-02,Uniswap V3,Base,10.29,DAI,96403012,3.59,9.01
2024-07-02,Yearn,Ethereum,3.84,USDC,113664724,37.38,0
2024-07-02,Yearn,Ethereum,3.48,USDT,130085229,50.36,0
2024-07-02,Yearn,Arbitrum,4.63,USDC,115182097,5.05,8.92
2024-07-02,Yearn,Arbitrum,4.28,DAI,128641485,2.32,11.85
2024-07-02,Yearn,Optimism,4.62,USDC,126459629,2.08,8.4
2024-07-02,Yearn,Optimism,4.48,DAI,132072457,2.71,4.2
2024-07-02,Yearn,Polygon,5.07,USDT,124703089,1.16,9.43
2024-07-02,Yearn,Polygon,4.22,DAI,107321736,1.53,7.96
2024-07-02,Yearn,Base,4.9,USDC,121648578,3.66,9.14
2024-07-02,Yearn,Base,4.98,USDT,124012339,3.24,11.28
2024-07-02,Yearn,Base,4.46,DAI,111855559,3.68,8.36
2024-07-02,Pendle,Ethereum,13.68,USDC,74794123,46.96,0
2024-07-02,Pendle,Ethereum,11.77,USDT,75907862,37.87,0
2024-07-02,Pendle,Ethereum,10.62,DAI,72061373,39.17,0
2024-07-02,Pendle,Arbitrum,13.3,USDC,73197001,3.03,13.14
2024-07-02,Pendle,Arbitrum,11.6,USDT,82284278,4.48,5.07
2024-07-02,Pendle,Optimism,13.14,USDC,74952258,3.91,7.62
2024-07-02,Pendle,Optimism,14.79,USDT,71208615,4.37,8.63
2024-07-02,Pendle,Optimism,12.67,DAI,74092963,2.79,9.19
2024-07-02,Pendle,Base,15.62,USDC,77438441,1.96,10.67
2024-07-02,Pendle,Base,18.4,DAI,71624773,3.31,12.08
2024-07-02,Convex,Ethereum,6.04,USDC,154223479,32.55,0
2024-07-02,Convex,Ethereum,4.35,USDT,154534796,42.51,0
2024-07-02,Convex,Ethereum,5.21,DAI,141784710,41.6,0
2024-07-02,Balancer,Ethereum,7.88,USDT,114706558,32.18,0
2024-07-02,Balancer,Ethereum,7.31,DAI,113334849,43.87,0
2024-07-02,Balancer,Arbitrum,10.43,USDC,109924881,3.23,13.2
2024-07-02,Balancer,Arbitrum,9.19,USDT,110730797,2.69,14.28
2024-07-02,Balancer,Optimism,9.82,USDC,110878772,2.67,9.92
2024-07-02,Balancer,Optimism,9.66,USDT,114783730,3.03,12.54
2024-07-02,Balancer,Polygon,10.48,USDC,103444406,1.21,5.99
2024-07-02,Balancer,Polygon,9.15,USDT,117514044,1.8,7.97
2024-07-02,Balancer,Polygon,9.99,DAI,117460794,1.49,6.71
2024-07-02,Balancer,Base,8.36,USDC,110299525,3.13,10.42
2024-07-02,Balancer,Base,8.97,USDT,110028950,3.69,11.79
2024-07-02,Balancer,Base,8.32,DAI,116442874,2.68,10.7
2024-07-03,Aave,Ethereum,3.1,USDC,285612780,37.97,0
2024-07-03,Aave,Ethereum,3.08,USDT,248277836,40.8,0
2024-07-03,Aave,Ethereum,2.97,DAI,251126946,35.23,0
2024-07-03,Aave,Arbitrum,3.7,USDC,276548018,3.16,9.68
2024-07-03,Aave,Arbitrum,3.71,USDT,259118131,4.2,7.56
2024-07-03,Aave,Arbitrum,3.64,DAI,279336503,3.43,10.33
2024-07-03,Aave,Optimism,3.26,USDC,262540212,2.24,11.92
2024-07-03,Aave,Optimism,2.98,USDT,267979944,3.59,10.39
2024-07-03,Aave,Optimism,3.38,DAI,264828586,2.93,8.26
2024-07-03,Aave,Polygon,3.75,USDC,257098876,1.72,9.54
2024-07-03,Aave,Polygon,3.89,USDT,256450886,1.78,9.09
2024-07-03,Aave,Base,3.74,USDC,264110001,3.51,10.9
2024-07-03,Aave,Base,3.53,USDT,266871727,2.63,10.84
2024-07-03,Aave,Base,3.63,DAI,247166860,3.29,9.91
2024-07-03,Compound,Ethereum,2.86,USDC,187485173,38.82,0
2024-07-03,Compound,Ethereum,2.89,USDT,192435422,44.15,0
2024-07-03,Compound,Arbitrum,3.6,USDC,182180551,3.37,14.24
2024-07-03,Compound,Arbitrum,3.66,USDT,190788732,4.31,11.69
2024-07-03,Compound,Arbitrum,3.44,DAI,187421080,3.31,9.22
2024-07-03,Compound,Optimism,3.52,USDC,192095947,2.4,7.87
2024-07-03,Compound,Optimism,3.48,USDT,165580119,3.19,7.75
2024-07-03,Compound,Optimism,3.17,DAI,203539058,2.72,9.51
2024-07-03,Compound,Polygon,3.5,USDC,197399848,1.7,7.12
2024-07-03,Compound,Polygon,3.58,USDT,182796142,1.37,6.8
2024-07-03,Compound,Polygon,3.71,DAI,189313642,1.28,7.94
2024-07-03,Compound,Base,3.5,USDC,176253450,3.96,12.6
2024-07-03,Compound,Base,3.51,USDT,165751103,3.31,8.77
2024-07-03,Compound,Base,3.29,DAI,192117512,3.91,8.6
2024-07-03,Curve,Ethereum,7.28,USDC,351679027,44.68,0
2024-07-03,Curve,Ethereum,7.25,USDT,340917725,41.05,0
2024-07-03,Curve,Arbitrum,8.26,USDC,357725723,4.3,7.46
2024-07-03,Curve,Arbitrum,6.7,USDT,345657286,3.82,9.28
2024-07-03,Curve,Arbitrum,7.57,DAI,314210289,2.61,10.14
2024-07-03,Curve,Optimism,11.56,USDC,351479253,2.34,10.37
2024-07-03,Curve,Optimism,10.84,USDT,314280002,2.67,8.04
2024-07-03,Curve,Optimism,7.1,DAI,322813687,2.31,11.55
2024-07-03,Curve,Polygon,9.77,USDC,316092073,1.65,9.58
2024-07-03,Curve,Polygon,11.09,USDT,342245683,1.17,6.76
2024-07-03,Curve,Polygon,7.74,DAI,332571280,1.6,10.66
2024-07-03,Curve,Base,9.18,USDC,318477372,3.96,10.45
2024-07-03,Curve,Base,7.75,USDT,330027953,3.2,11.41
2024-07-03,Curve,Base,11.08,DAI,333100650,2.92,7.01
2024-07-03,Uniswap V3,Ethereum,10.8,USDC,103631332,36.98,0
2024-07-03,Uniswap V3,Ethereum,10.42,USDT,95195112,41.04,0
2024-07-03,Uniswap V3,Ethereum,10.33,DAI,97999746,45.13,0
2024-07-03,Uniswap V3,Arbitrum,9.97,USDC,102759978,3.18,16.47
2024-07-03,Uniswap V3,Arbitrum,10.53,USDT,103111089,3.97,9.88
2024-07-03,Uniswap V3,Arbitrum,8.14,DAI,104863266,3.71,11.34
2024-07-03,Uniswap V3,Optimism,9.21,USDC,99924989,3.47,9.07
2024-07-03,Uniswap V3,Optimism,10.1,USDT,99151646,2.78,8.14
2024-07-03,Uniswap V3,Optimism,9.59,DAI,103594346,2.88,5.75
2024-07-03,Uniswap V3,Polygon,10.89,USDC,99006141,1.47,8.73
2024-07-03,Uniswap V3,Polygon,11.26,USDT,104397427,1.87,8.5
2024-07-03,Uniswap V3,Polygon,10.64,DAI,100326617,1.25,8.2
2024-07-03,Uniswap V3,Base,8.87,USDC,96097708,3.98,10.72
2024-07-03,Uniswap V3,Base,10.72,USDT,98722240,3.99,10.84
2024-07-03,Uniswap V3,Base,11.53,DAI,94569958,2.78,11.14
2024-07-03,Yearn,Ethereum,4.31,USDC,130766596,48.99,0
2024-07-03,Yearn,Ethereum,3.82,DAI,125793359,37.42,0
2024-07-03,Yearn,Arbitrum,5.02,USDC,128810725,3.87,16.91
2024-07-03,Yearn,Arbitrum,4.54,USDT,112672658,2.84,13.84
2024-07-03,Yearn,Arbitrum,4.46,DAI,123774941,3.97,11.17
2024-07-03,Yearn,Optimism,4.12,USDC,127725741,3.14,6.02
2024-07-03,Yearn,Optimism,4.62,USDT,123186252,1.83,6.88
2024-07-03,Yearn,Optimism,4.48,DAI,116635633,2.27,5.15
2024-07-03,Yearn,Polygon,4.64,USDT,122510606,1.12,5.87
2024-07-03,Yearn,Polygon,5.34,DAI,130628069,1.25,7.72
2024-07-03,Yearn,Base,4.74,USDC,129215644,2.47,10.25
2024-07-03,Yearn,Base,5.22,USDT,131751918,4.07,9.86
2024-07-03,Yearn,Base,4.65,DAI,118477144,3.12,9.8
2024-07-03,Pendle,Ethereum,10.7,USDC,79159538,41.9,0
2024-07-03,Pendle,Ethereum,10.28,USDT,73686454,42.72,0
2024-07-03,Pendle,Ethereum,10.7,DAI,73338624,26.17,0
2024-07-03,Pendle,Arbitrum,11.79,USDC,76458000,4.48,12.18
2024-07-03,Pendle,Arbitrum,14.46,USDT,73716460,4.71,7.74
2024-07-03,Pendle,Arbitrum,15.87,DAI,77503812,4.07,8.53
2024-07-03,Pendle,Optimism,11.79,USDC,81329058,2.97,9.54
2024-07-03,Pendle,Optimism,13.31,DAI,71214267,2.79,7.19
2024-07-03,Pendle,Base,10.41,USDC,81963227,3.78,10.58
2024-07-03,Pendle,Base,13.48,DAI,89855333,3.85,9.88
2024-07-03,Convex,Ethereum,5.63,USDC,156809133,43.4,0
2024-07-03,Convex,Ethereum,5.08,USDT,145899966,34.34,0
2024-07-03,Convex,Ethereum,5.16,DAI,159223108,55.47,0
2024-07-03,Balancer,Ethereum,9.39,USDC,114237640,42.34,0
2024-07-03,Balancer,Ethereum,7.8,DAI,110301907,37.76,0
2024-07-03,Balancer,Arbitrum,9.8,USDC,117184807,3.82,9.75
2024-07-03,Balancer,Arbitrum,10.5,USDT,120186936,5.02,12.69
2024-07-03,Balancer,Arbitrum,12.72,DAI,115241517,3.66,8.05
2024-07-03,Balancer,Optimism,10.07,USDC,118116573,3.26,10.09
2024-07-03,Balancer,Optimism,9.39,USDT,112124996,3.66,8.71
2024-07-03,Balancer,Optimism,9.61,DAI,123221795,3.1,8.28
2024-07-03,Balancer,Polygon,10.11,USDC,117612228,1.08,11.41
2024-07-03,Balancer,Polygon,12.96,USDT,110996789,1.61,10.75
2024-07-03,Balancer,Polygon,10.69,DAI,110899769,1.53,7.26
2024-07-03,Balancer,Base,9.11,USDC,101532364,3.37,9.34
2024-07-03,Balancer,Base,10.32,USDT,109499300,2.63,10.48
2024-07-03,Balancer,Base,9.65,DAI,102462443,3.03,4.7
2024-07-04,Aave,Ethereum,3.18,USDT,271825943,43.03,0
2024-07-04,Aave,Ethereum,3.27,DAI,283805124,35.51,0
2024-07-04,Aave,Arbitrum,3.8,USDC,250494161,3.61,9.07
2024-07-04,Aave,Arbitrum,3.63,USDT,270584343,2.91,8.24
2024-07-04,Aave,Arbitrum,3.81,DAI,276963168,1.41,9.98
2024-07-04,Aave,Optimism,3.09,USDC,259977161,2.71,9.2
2024-07-04,Aave,Optimism,3.3,USDT,275353161,2.3,6.72
2024-07-04,Aave,Optimism,3.15,DAI,272711785,3.65,10.88
2024-07-04,Aave,Polygon,4.35,USDC,297164741,1.8,10.8
2024-07-04,Aave,Polygon,4.11,USDT,250275798,1.83,2.45
2024-07-04,Aave,Polygon,4.19,DAI,257727047,1.92,5.3
2024-07-04,Aave,Base,4.0,USDC,274617319,3.35,12.3
2024-07-04,Aave,Base,3.79,DAI,255730976,3.41,6.48
2024-07-04,Compound,Ethereum,2.77,USDC,180629522,52.31,0
2024-07-04,Compound,Ethereum,2.99,USDT,203907410,34.89,0
2024-07-04,Compound,Ethereum,2.64,DAI,193431634,49.59,0
2024-07-04,Compound,Arbitrum,3.56,USDC,206632608,3.66,6.92
2024-07-04,Compound,Arbitrum,3.49,USDT,239142196,2.26,9.71
2024-07-04,Compound,Arbitrum,3.83,DAI,192446255,3.21,9.01
2024-07-04,Compound,Optimism,3.51,USDC,203034868,2.94,7.39
2024-07-04,Compound,Optimism,3.24,USDT,184170366,3.52,10.31
2024-07-04,Compound,Optimism,3.3,DAI,191837516,2.84,11.48
2024-07-04,Compound,Polygon,3.99,USDC,184023329,1.64,8.49
2024-07-04,Compound,Polygon,3.62,USDT,185644400,1.53,6.88
2024-07-04,Compound,Base,3.41,USDC,189268918,3.66,9.9
2024-07-04,Compound,Base,3.52,USDT,191679454,3.07,10.78
2024-07-04,Compound,Base,3.54,DAI,189751260,2.96,11.42
2024-07-04,Curve,Ethereum,8.72,USDC,335729028,48.76,0
2024-07-04,Curve,Arbitrum,12.52,USDC,341947560,4.03,8.11
2024-07-04,Curve,Arbitrum,10.66,USDT,353224259,3.54,14.21
2024-07-04,Curve,Arbitrum,7.94,DAI,371100308,3.98,11.26
2024-07-04,Curve,Optimism,8.39,USDC,331966583,2.65,9.7
2024-07-04,Curve,Optimism,7.11,USDT,320379696,3.29,7.13
2024-07-04,Curve,Optimism,7.49,DAI,338101970,2.31,6.43
2024-07-04,Curve,Polygon,9.37,USDT,359302169,1.95,4.67
2024-07-04,Curve,Polygon,10.91,DAI,351589591,1.59,4.54
2024-07-04,Curve,Base,7.67,USDC,305045539,3.42,14.8
2024-07-04,Curve,Base,9.5,USDT,352866044,3.15,7.03
2024-07-04,Curve,Base,9.53,DAI,333903830,3.2,6.72
2024-07-04,Uniswap V3,Ethereum,9.75,USDC,95791978,42.56,0
2024-07-04,Uniswap V3,Ethereum,9.25,USDT,106067283,43.39,0
2024-07-04,Uniswap V3,Ethereum,9.05,DAI,108674915,53.51,0
2024-07-04,Uniswap V3,Arbitrum,10.42,USDC,93620257,3.28,13.5
2024-07-04,Uniswap V3,Arbitrum,9.37,USDT,104669856,3.74,11.7
2024-07-04,Uniswap V3,Arbitrum,9.04,DAI,110409684,3.35,9.0
2024-07-04,Uniswap V3,Optimism,9.34,USDC,93940405,3.99,8.27
2024-07-04,Uniswap V3,Optimism,10.94,USDT,93281483,3.97,10.65
2024-07-04,Uniswap V3,Optimism,10.86,DAI,99846263,3.63,7.5
2024-07-04,Uniswap V3,Polygon,9.15,USDC,96113862,1.51,10.79
2024-07-04,Uniswap V3,Polygon,12.59,USDT,110485808,1.61,6.84
2024-07-04,Uniswap V3,Polygon,13.08,DAI,98784125,1.36,9.53
2024-07-04,Uniswap V3,Base,11.26,USDC,96768844,3.63,9.6
2024-07-04,Uniswap V3,Base,11.86,USDT,97777776,3.0,11.35
2024-07-04,Uniswap V3,Base,10.89,DAI,98232302,3.52,10.42
2024-07-04,Yearn,Ethereum,3.96,USDC,119746738,57.89,0
2024-07-04,Yearn,Ethereum,3.59,USDT,127296862,51.31,0
2024-07-04,Yearn,Ethereum,3.74,DAI,115192281,33.84,0
2024-07-04,Yearn,Arbitrum,4.4,USDC,126628239,4.96,13.53
2024-07-04,Yearn,Arbitrum,4.19,DAI,138153779,4.3,14.15
2024-07-04,Yearn,Optimism,4.66,USDC,123550075,2.39,5.87
2024-07-04,Yearn,Optimism,4.1,USDT,123914650,2.92,7.2
2024-07-04,Yearn,Optimism,4.86,DAI,118603733,1.9,7.46
2024-07-04,Yearn,Polygon,5.0,USDC,119320937,1.74,7.8
2024-07-04,Yearn,Polygon,4.55,USDT,129473785,1.85,8.46
2024-07-04,Yearn,Polygon,5.12,DAI,123660757,1.64,8.53
2024-07-04,Yearn,Base,4.96,USDC,117510402,3.18,10.18
2024-07-04,Yearn,Base,4.59,USDT,125181361,3.6,8.67
2024-07-04,Yearn,Base,4.6,DAI,129840419,2.9,8.06
2024-07-04,Pendle,Ethereum,11.24,USDC,75369275,43.0,0
2024-07-04,Pendle,Ethereum,12.59,USDT,76070369,39.62,0
2024-07-04,Pendle,Ethereum,10.42,DAI,74344415,46.63,0
2024-07-04,Pendle,Arbitrum,13.4,USDC,76333242,2.87,10.25
2024-07-04,Pendle,Arbitrum,15.75,DAI,79946700,4.47,11.16
2024-07-04,Pendle,Optimism,14.24,USDC,83005748,3.76,8.77
2024-07-04,Pendle,Optimism,14.35,USDT,76776830,4.02,9.07
2024-07-04,Pendle,Optimism,13.23,DAI,77665499,2.62,10.7
2024-07-04,Pendle,Base,12.59,USDC,80192287,3.19,9.68
2024-07-04,Pendle,Base,14.98,USDT,79821281,3.92,8.31
2024-07-04,Pendle,Base,11.61,DAI,79864663,3.62,10.32
2024-07-04,Convex,Ethereum,5.13,USDC,170429229,45.61,0
2024-07-04,Convex,Ethereum,5.25,USDT,165082882,33.06,0
2024-07-04,Convex,Ethereum,5.06,DAI,159842524,45.05,0
2024-07-04,Balancer,Ethereum,8.01,USDC,124621861,43.17,0
2024-07-04,Balancer,Ethereum,7.81,DAI,110817407,41.29,0
2024-07-04,Balancer,Arbitrum,8.25,USDC,115751000,4.39,8.37
2024-07-04,Balancer,Arbitrum,9.6,USDT,113827991,3.24,7.96
2024-07-04,Balancer,Arbitrum,10.53,DAI,117733829,4.06,16.2
2024-07-04,Balancer,Optimism,8.67,USDC,113757689,1.68,9.1
2024-07-04,Balancer,Optimism,9.72,USDT,122474763,2.36,7.6
2024-07-04,Balancer,Polygon,9.82,USDC,113525828,1.78,8.71
2024-07-04,Balancer,Polygon,9.91,USDT,116593240,1.18,9.6
2024-07-04,Balancer,Polygon,9.91,DAI,114820135,1.13,8.04
2024-07-04,Balancer,Base,10.04,USDC,120691654,2.92,8.66
2024-07-04,Balancer,Base,10.67,USDT,115181761,3.25,10.09
2024-07-04,Balancer,Base,9.52,DAI,111584307,2.97,9.59
2024-07-05,Aave,Ethereum,2.73,USDC,281328287,30.14,0
2024-07-05,Aave,Ethereum,2.8,USDT,248049337,42.59,0
2024-07-05,Aave,Ethereum,2.98,DAI,271391146,43.83,0
2024-07-05,Aave,Arbitrum,3.47,USDC,255109130,3.03,10.32
2024-07-05,Aave,Arbitrum,3.8,USDT,244264838,3.36,12.74
2024-07-05,Aave,Optimism,3.46,USDC,270013173,1.68,8.71
2024-07-05,Aave,Optimism,3.16,USDT,259363552,2.64,12.34
2024-07-05,Aave,Optimism,3.6,DAI,279888553,4.13,11.22
2024-07-05,Aave,Polygon,3.69,USDT,270679273,1.84,9.26
2024-07-05,Aave,Polygon,3.78,DAI,261195610,1.34,7.49
2024-07-05,Aave,Base,3.77,USDC,260711183,2.83,9.28
2024-07-05,Aave,Base,3.81,USDT,265834174,3.72,10.56
2024-07-05,Aave,Base,3.66,DAI,270983510,3.96,12.7
2024-07-05,Compound,Ethereum,2.97,USDC,187588553,49.28,0
2024-07-05,Compound,Ethereum,2.87,DAI,200584138,42.3,0
2024-07-05,Compound,Arbitrum,3.35,USDT,195392193,3.36,9.47
2024-07-05,Compound,Arbitrum,3.33,DAI,193572079,4.01,13.73
2024-07-05,Compound,Optimism,2.92,USDT,211449379,3.32,10.27
2024-07-05,Compound,Optimism,3.13,DAI,178771134,2.71,6.33
2024-07-05,Compound,Polygon,3.88,USDC,187317430,1.5,7.67
2024-07-05,Compound,Polygon,3.48,USDT,212403871,1.45,8.36
2024-07-05,Compound,Polygon,3.83,DAI,209591896,1.53,7.08
2024-07-05,Compound,Base,3.26,USDT,195806852,2.92,11.18
2024-07-05,Compound,Base,3.47,DAI,193313174,3.62,8.01
2024-07-05,Curve,Ethereum,7.24,USDC,355886109,52.15,0
2024-07-05,Curve,Ethereum,7.44,USDT,348278399,45.63,0
2024-07-05,Curve,Ethereum,6.14,DAI,353393897,44.86,0
2024-07-05,Curve,Arbitrum,9.79,USDC,350432522,4.08,13.2
2024-07-05,Curve,Arbitrum,9.26,DAI,352142959,2.91,11.8
2024-07-05,Curve,Optimism,10.85,USDC,335442397,2.92,10.61
2024-07-05,Curve,Optimism,9.34,USDT,323335932,3.45,3.65
2024-07-05,Curve,Optimism,9.57,DAI,384703111,2.22,10.44
2024-07-05,Curve,Polygon,10.59,USDC,376182746,1.4,7.43
2024-07-05,Curve,Polygon,9.39,USDT,328657133,1.76,7.17
2024-07-05,Curve,Polygon,9.93,DAI,340568039,1.82,7.47
2024-07-05,Curve,Base,9.23,USDC,343895291,3.26,10.77
2024-07-05,Curve,Base,9.58,USDT,340926401,4.02,11.2
2024-07-05,Curve,Base,7.5,DAI,346737820,3.83,8.48
2024-07-05,Uniswap V3,Ethereum,6.1,USDT,100025462,49.84,0
2024-07-05,Uniswap V3,Ethereum,7.23,DAI,102984502,45.13,0
2024-07-05,Uniswap V3,Arbitrum,10.57,USDC,104083988,3.76,11.17
2024-07-05,Uniswap V3,Arbitrum,9.08,USDT,103108301,1.98,9.05
2024-07-05,Uniswap V3,Arbitrum,11.37,DAI,104688083,3.07,9.92
2024-07-05,Uniswap V3,Optimism,10.8,USDC,101982249,2.59,10.38
2024-07-05,Uniswap V3,Optimism,10.2,USDT,99080814,2.43,8.82
2024-07-05,Uniswap V3,Optimism,10.93,DAI,96085201,2.48,8.97
2024-07-05,Uniswap V3,Polygon,13.43,USDC,104976720,1.3,7.32
2024-07-05,Uniswap V3,Polygon,10.96,DAI,106441813,1.42,6.85
2024-07-05,Uniswap V3,Base,9.87,USDC,97020952,3.29,7.11
2024-07-05,Uniswap V3,Base,9.18,USDT,105156628,3.17,8.97
2024-07-05,Uniswap V3,Base,11.51,DAI,109953730,2.76,11.69
2024-07-05,Yearn,Ethereum,3.94,USDC,130772843,49.82,0
2024-07-05,Yearn,Ethereum,3.59,USDT,128562211,42.37,0
2024-07-05,Yearn,Arbitrum,4.48,USDC,137672273,2.56,9.94
2024-07-05,Yearn,Arbitrum,4.77,USDT,132509201,4.85,14.14
2024-07-05,Yearn,Arbitrum,5.13,DAI,120749589,4.19,14.04
2024-07-05,Yearn,Optimism,4.58,USDC,119279937,2.42,4.22
2024-07-05,Yearn,Optimism,4.64,USDT,128768856,1.86,9.21
2024-07-05,Yearn,Optimism,4.19,DAI,126522618,3.03,6.51
2024-07-05,Yearn,Polygon,4.3,USDC,126406740,1.69,8.44
2024-07-05,Yearn,Polygon,4.86,USDT,129637599,1.14,8.95
2024-07-05,Yearn,Polygon,4.82,DAI,128232530,1.95,9.24
2024-07-05,Yearn,Base,4.07,DAI,130120380,3.16,9.94
2024-07-05,Pendle,Ethereum,11.22,USDC,80491401,45.97,0
2024-07-05,Pendle,Ethereum,12.87,USDT,77710719,45.14,0
2024-07-05,Pendle,Arbitrum,14.34,USDC,87904713,2.41,13.26
2024-07-05,Pendle,Arbitrum,16.06,USDT,82881781,3.53,13.52
2024-07-05,Pendle,Arbitrum,13.03,DAI,78171399,4.34,12.16
2024-07-05,Pendle,Optimism,10.16,USDT,87465219,3.31,6.79
2024-07-05,Pendle,Optimism,12.65,DAI,87194458,3.61,13.38
2024-07-05,Pendle,Base,12.05,USDC,86067297,3.59,10.42
2024-07-05,Pendle,Base,12.94,USDT,77115791,3.58,11.86
2024-07-05,Pendle,Base,15.31,DAI,78531723,4.42,9.87
2024-07-05,Convex,Ethereum,5.81,USDT,173044890,31.2,0
2024-07-05,Convex,Ethereum,4.73,DAI,163686988,45.59,0
2024-07-05,Balancer,Ethereum,9.26,USDC,126193525,43.65,0
2024-07-05,Balancer,Ethereum,8.39,DAI,131776469,50.33,0
2024-07-05,Balancer,Arbitrum,8.61,USDC,111170226,3.56,8.65
2024-07-05,Balancer,Arbitrum,10.86,USDT,116548474,2.73,10.24
2024-07-05,Balancer,Arbitrum,9.43,DAI,120401904,3.94,11.26
2024-07-05,Balancer,Optimism,8.83,USDC,115852202,2.19,8.63
2024-07-05,Balancer,Optimism,9.76,DAI,127916549,3.38,8.43
2024-07-05,Balancer,Polygon,9.68,USDC,119986979,1.59,7.26
2024-07-05,Balancer,Polygon,9.39,DAI,118312836,1.82,9.49
2024-07-05,Balancer,Base,10.39,USDC,123092057,4.41,7.98
2024-07-05,Balancer,Base,9.43,USDT,114181860,3.71,7.74
2024-07-05,Balancer,Base,10.38,DAI,123428918,2.81,7.68
2024-07-06,Aave,Ethereum,2.95,USDC,291678112,25.66,0
2024-07-06,Aave,Ethereum,3.13,DAI,284801899,29.91,0
2024-07-06,Aave,Arbitrum,3.71,USDC,278657254,3.09,8.28
2024-07-06,Aave,Arbitrum,3.49,USDT,270500137,1.5,9.73
2024-07-06,Aave,Arbitrum,3.65,DAI,291683665,1.78,14.83
2024-07-06,Aave,Optimism,3.28,USDC,256399290,2.04,10.87
2024-07-06,Aave,Polygon,3.66,USDC,284572697,0.86,8.84
2024-07-06,Aave,Polygon,3.88,USDT,284663691,0.73,7.7
2024-07-06,Aave,Polygon,3.68,DAI,257517667,1.28,6.31
2024-07-06,Aave,Base,3.49,USDC,261378603,2.06,10.67
2024-07-06,Aave,Base,3.51,USDT,271477177,2.35,13.67
2024-07-06,Aave,Base,3.37,DAI,294491661,1.86,12.33
2024-07-06,Compound,Ethereum,2.75,USDC,191257465,27.5,0
2024-07-06,Compound,Ethereum,2.77,USDT,211350763,37.61,0
2024-07-06,Compound,Ethereum,2.89,DAI,215322655,25.71,0
2024-07-06,Compound,Arbitrum,3.54,USDC,205931261,2.19,14.01
2024-07-06,Compound,Arbitrum,3.32,USDT,198525653,2.93,10.95
2024-07-06,Compound,Arbitrum,3.2,DAI,205453923,3.64,13.82
2024-07-06,Compound,Optimism,3.31,USDC,197532288,2.67,6.92
2024-07-06,Compound,Optimism,3.26,USDT,194541609,1.73,9.76
2024-07-06,Compound,Optimism,3.09,DAI,183479375,2.65,10.38
2024-07-06,Compound,Polygon,3.46,USDC,194914402,1.07,8.73
2024-07-06,Compound,Polygon,3.48,USDT,187707680,0.98,7.63
2024-07-06,Compound,Polygon,3.49,DAI,195298339,1.15,9.3
2024-07-06,Compound,Base,3.24,USDC,216383372,2.21,12.02
2024-07-06,Compound,Base,3.51,USDT,203085733,2.24,10.85
2024-07-06,Compound,Base,3.81,DAI,200439313,1.81,7.14
2024-07-06,Curve,Ethereum,6.82,USDC,337044019,20.75,0
2024-07-06,Curve,Ethereum,7.94,USDT,377233354,24.75,0
2024-07-06,Curve,Ethereum,7.58,DAI,357982431,23.73,0
2024-07-06,Curve,Arbitrum,12.44,USDC,345365962,2.89,8.04
2024-07-06,Curve,Arbitrum,9.56,USDT,326606434,3.26,9.36
2024-07-06,Curve,Arbitrum,9.81,DAI,357471162,2.46,13.78
2024-07-06,Curve,Optimism,6.88,USDT,356007298,1.97,8.26
2024-07-06,Curve,Optimism,10.99,DAI,349381265,2.14,9.36
2024-07-06,Curve,Polygon,11.59,USDC,336477442,1.07,8.29
2024-07-06,Curve,Polygon,9.93,USDT,361253469,0.89,9.2
2024-07-06,Curve,Polygon,10.43,DAI,344024872,0.89,7.57
2024-07-06,Curve,Base,8.29,USDC,373360967,2.32,8.58
2024-07-06,Curve,Base,10.54,USDT,346917884,2.67,12.06
2024-07-06,Curve,Base,10.61,DAI,357697198,2.66,10.95
2024-07-06,Uniswap V3,Ethereum,9.7,USDC,109970259,32.24,0
2024-07-06,Uniswap V3,Ethereum,6.86,USDT,97790630,26.51,0
2024-07-06,Uniswap V3,Ethereum,10.29,DAI,101380177,34.98,0
2024-07-06,Uniswap V3,Arbitrum,8.92,USDC,99387086,3.0,11.27
2024-07-06,Uniswap V3,Arbitrum,12.65,USDT,112695729,1.69,10.67
2024-07-06,Uniswap V3,Optimism,8.92,USDC,94984589,2.61,9.39
2024-07-06,Uniswap V3,Optimism,8.21,USDT,103696885,2.0,9.51
2024-07-06,Uniswap V3,Optimism,10.29,DAI,100949718,1.83,10.26
2024-07-06,Uniswap V3,Polygon,11.14,USDC,99251002,0.85,8.74
2024-07-06,Uniswap V3,Polygon,9.99,USDT,110316626,0.84,7.87
2024-07-06,Uniswap V3,Polygon,9.92,DAI,100707255,1.15,7.04
2024-07-06,Uniswap V3,Base,8.6,USDC,102204047,2.5,9.3
2024-07-06,Uniswap V3,Base,9.42,DAI,110730365,2.03,7.86
2024-07-06,Yearn,Ethereum,3.82,USDC,125439201,26.83,0
2024-07-06,Yearn,Ethereum,3.81,USDT,129005531,25.66,0
2024-07-06,Yearn,Ethereum,3.54,DAI,123100082,32.96,0
2024-07-06,Yearn,Arbitrum,4.17,USDC,123755740,2.41,14.47
2024-07-06,Yearn,Arbitrum,5.16,USDT,125303426,3.76,11.71
2024-07-06,Yearn,Arbitrum,4.71,DAI,121893533,1.98,12.02
2024-07-06,Yearn,Optimism,4.34,USDC,128477704,2.13,8.08
2024-07-06,Yearn,Optimism,4.13,USDT,120998935,2.6,7.29
2024-07-06,Yearn,Polygon,5.09,USDC,118011341,1.17,5.69
2024-07-06,Yearn,Polygon,4.98,USDT,131979681,0.97,6.79
2024-07-06,Yearn,Polygon,4.34,DAI,145088166,0.89,10.21
2024-07-06,Yearn,Base,4.13,USDT,133002889,1.84,11.19
2024-07-06,Yearn,Base,4.5,DAI,136248433,2.03,9.5
2024-07-06,Pendle,Ethereum,9.9,USDC,88705456,26.58,0
2024-07-06,Pendle,Ethereum,14.49,USDT,81149739,29.88,0
2024-07-06,Pendle,Ethereum,12.46,DAI,83643260,29.46,0
2024-07-06,Pendle,Arbitrum,11.75,USDC,74739556,2.33,12.11
2024-07-06,Pendle,Arbitrum,12.77,USDT,84055452,3.19,7.78
2024-07-06,Pendle,Arbitrum,12.83,DAI,77353219,2.05,9.28
2024-07-06,Pendle,Optimism,14.82,USDT,77051809,2.28,8.45
2024-07-06,Pendle,Optimism,13.48,DAI,76832437,1.66,10.37
2024-07-06,Pendle,Base,10.99,USDC,85189698,1.89,8.45
2024-07-06,Pendle,Base,12.73,USDT,77657607,2.68,9.32
2024-07-06,Pendle,Base,11.5,DAI,85775084,2.23,10.89
2024-07-06,Convex,Ethereum,4.38,USDC,160708332,33.5,0
2024-07-06,Convex,Ethereum,3.93,USDT,166208232,28.64,0
2024-07-06,Convex,Ethereum,5.09,DAI,172261392,32.1,0
2024-07-06,Balancer,Ethereum,7.72,USDC,117284106,30.63,0
2024-07-06,Balancer,Ethereum,8.0,USDT,125833666,31.25,0
2024-07-06,Balancer,Ethereum,8.65,DAI,118665220,32.02,0
2024-07-06,Balancer,Arbitrum,10.7,USDC,117073767,2.87,12.53
2024-07-06,Balancer,Arbitrum,10.81,USDT,121636511,2.57,10.05
2024-07-06,Balancer,Arbitrum,12.15,DAI,132359328,2.64,9.38
2024-07-06,Balancer,Optimism,10.91,USDC,123392422,1.36,8.86
2024-07-06,Balancer,Optimism,9.46,USDT,124462480,2.08,7.97
2024-07-06,Balancer,Optimism,8.62,DAI,118292230,1.86,11.75
2024-07-06,Balancer,Polygon,9.87,USDC,122211123,0.86,7.64
2024-07-06,Balancer,Polygon,11.76,USDT,140099072,1.05,9.5
2024-07-06,Balancer,Polygon,7.91,DAI,115810077,0.74,5.85
2024-07-06,Balancer,Base,6.97,USDC,119004678,2.2,12.59
2024-07-06,Balancer,Base,8.78,USDT,118028057,2.43,11.34
2024-07-06,Balancer,Base,10.56,DAI,117774382,2.21,8.23
2024-07-07,Aave,Ethereum,2.86,USDC,265440170,32.37,0
2024-07-07,Aave,Ethereum,2.99,USDT,258684318,29.44,0
2024-07-07,Aave,Ethereum,2.79,DAI,284483303,38.16,0
2024-07-07,Aave,Arbitrum,3.91,USDC,290391563,1.65,9.24
2024-07-07,Aave,Arbitrum,3.76,USDT,283145215,2.96,12.89
2024-07-07,Aave,Arbitrum,3.73,DAI,254258493,2.79,13.33
2024-07-07,Aave,Optimism,3.19,USDC,257714055,1.83,8.93
2024-07-07,Aave,Optimism,3.44,USDT,277238859,1.54,6.41
2024-07-07,Aave,Optimism,3.85,DAI,251387468,1.4,11.46
2024-07-07,Aave,Polygon,3.68,USDC,274913821,0.79,11.51
2024-07-07,Aave,Polygon,3.47,USDT,287029919,0.84,7.36
2024-07-07,Aave,Base,3.7,USDC,295530781,2.48,15.83
2024-07-07,Aave,Base,3.71,USDT,302083498,2.06,13.25
2024-07-07,Aave,Base,3.52,DAI,278957390,1.83,9.16
2024-07-07,Compound,Ethereum,2.89,USDC,202212796,25.76,0
2024-07-07,Compound,Ethereum,2.82,USDT,191657543,28.42,0
2024-07-07,Compound,Ethereum,2.52,DAI,216445524,20.75,0
2024-07-07,Compound,Arbitrum,3.38,USDT,195993775,2.18,12.34
2024-07-07,Compound,Arbitrum,3.54,DAI,196366693,1.49,12.04
2024-07-07,Compound,Optimism,3.43,USDC,183242622,2.26,10.12
2024-07-07,Compound,Optimism,3.25,USDT,204141115,1.84,6.37
2024-07-07,Compound,Optimism,3.74,DAI,199555998,2.12,6.42
2024-07-07,Compound,Polygon,3.62,USDC,195752109,1.11,9.79
2024-07-07,Compound,Polygon,3.7,DAI,184386216,0.9,8.21
2024-07-07,Compound,Base,3.0,USDC,204687966,1.62,10.23
2024-07-07,Compound,Base,3.45,DAI,192846890,2.48,10.35
2024-07-07,Curve,Ethereum,10.2,USDC,348094604,28.78,0
2024-07-07,Curve,Ethereum,7.38,USDT,369757673,18.09,0
2024-07-07,Curve,Ethereum,8.37,DAI,373851574,24.7,0
2024-07-07,Curve,Arbitrum,8.22,USDC,369474905,1.79,13.14
2024-07-07,Curve,Arbitrum,6.98,USDT,349713786,2.98,12.48
2024-07-07,Curve,Arbitrum,9.72,DAI,345293607,2.54,10.91
2024-07-07,Curve,Optimism,10.12,USDC,317805955,2.12,9.4
2024-07-07,Curve,Optimism,9.2,USDT,352055768,1.71,10.44
2024-07-07,Curve,Optimism,8.19,DAI,363899981,2.68,10.32
2024-07-07,Curve,Polygon,9.52,USDC,339946500,1.18,7.78
2024-07-07,Curve,Polygon,11.67,USDT,340986668,1.1,9.13
2024-07-07,Curve,Polygon,9.45,DAI,373362711,0.63,8.84
2024-07-07,Curve,Base,11.54,USDC,334244205,3.03,8.22
2024-07-07,Curve,Base,9.82,USDT,335956701,2.2,11.92
2024-07-07,Curve,Base,8.49,DAI,336942113,2.24,10.41
2024-07-07,Uniswap V3,Ethereum,9.27,USDC,110835660,22.68,0
2024-07-07,Uniswap V3,Ethereum,9.95,USDT,106097871,29.2,0
2024-07-07,Uniswap V3,Ethereum,8.61,DAI,100025839,33.39,0
2024-07-07,Uniswap V3,Arbitrum,10.98,USDC,102311508,1.22,13.04
2024-07-07,Uniswap V3,Arbitrum,11.25,USDT,108485874,2.53,11.16
2024-07-07,Uniswap V3,Arbitrum,10.94,DAI,100448523,2.03,10.87
2024-07-07,Uniswap V3,Optimism,10.04,USDC,105701723,2.57,9.19
2024-07-07,Uniswap V3,Optimism,8.49,USDT,104298622,2.75,9.03
2024-07-07,Uniswap V3,Optimism,11.8,DAI,111169127,1.47,7.62
2024-07-07,Uniswap V3,Polygon,11.36,USDC,110290550,0.81,9.63
2024-07-07,Uniswap V3,Polygon,9.8,USDT,98353043,1.17,6.6
2024-07-07,Uniswap V3,Polygon,10.5,DAI,105253904,1.06,6.43
2024-07-07,Uniswap V3,Base,11.64,USDC,98546863,2.22,12.05
2024-07-07,Uniswap V3,Base,9.0,USDT,115292449,2.57,11.66
2024-07-07,Uniswap V3,Base,9.79,DAI,103554176,2.19,12.82
2024-07-07,Yearn,Ethereum,3.65,USDC,132695524,33.23,0
2024-07-07,Yearn,Ethereum,3.65,USDT,136179740,28.46,0
2024-07-07,Yearn,Ethereum,3.85,DAI,123882002,32.09,0
2024-07-07,Yearn,Arbitrum,5.18,USDC,132523732,1.8,16.31
2024-07-07,Yearn,Arbitrum,4.87,USDT,130425530,2.25,13.22
2024-07-07,Yearn,Arbitrum,4.72,DAI,132803265,3.65,15.19
2024-07-07,Yearn,Optimism,4.64,USDC,131063685,2.06,10.8
2024-07-07,Yearn,Optimism,3.91,USDT,137684573,2.35,8.54
2024-07-07,Yearn,Optimism,4.25,DAI,131146473,1.69,10.41
2024-07-07,Yearn,Polygon,4.98,USDC,141507225,1.05,5.15
2024-07-07,Yearn,Polygon,4.46,USDT,134196078,1.17,8.17
2024-07-07,Yearn,Polygon,4.86,DAI,135400123,0.92,5.59
2024-07-07,Yearn,Base,4.49,USDC,133414383,2.21,14.98
2024-07-07,Yearn,Base,4.75,USDT,135324038,2.96,10.0
2024-07-07,Yearn,Base,4.75,DAI,139853413,2.01,9.66
2024-07-07,Pendle,Ethereum,11.64,USDC,84208951,27.77,0
2024-07-07,Pendle,Ethereum,12.66,USDT,83805963,26.69,0
2024-07-07,Pendle,Ethereum,11.53,DAI,88198346,22.01,0
2024-07-07,Pendle,Arbitrum,13.63,USDC,79387934,1.74,12.04
2024-07-07,Pendle,Arbitrum,13.93,USDT,84177660,1.97,11.55
2024-07-07,Pendle,Arbitrum,13.42,DAI,80463039,1.86,11.15
2024-07-07,Pendle,Optimism,10.51,USDC,81031227,1.97,7.16
2024-07-07,Pendle,Optimism,12.02,USDT,81204110,2.28,9.41
2024-07-07,Pendle,Base,14.25,USDC,88331955,2.51,8.55
2024-07-07,Pendle,Base,16.22,USDT,86169776,1.81,16.09
2024-07-07,Pendle,Base,13.05,DAI,83026875,1.96,9.2
2024-07-07,Convex,Ethereum,6.51,USDC,163790933,25.9,0
2024-07-07,Convex,Ethereum,5.53,USDT,178591683,28.96,0
2024-07-07,Convex,Ethereum,5.19,DAI,166186135,23.61,0
2024-07-07,Balancer,Ethereum,8.02,USDC,124487986,25.32,0
2024-07-07,Balancer,Ethereum,6.52,USDT,122409264,28.81,0
2024-07-07,Balancer,Ethereum,8.53,DAI,117230830,25.51,0
2024-07-07,Balancer,Arbitrum,10.28,USDC,115844562,2.55,9.63
2024-07-07,Balancer,Arbitrum,9.69,USDT,132542464,2.06,13.63
2024-07-07,Balancer,Arbitrum,8.79,DAI,133130439,2.95,14.45
2024-07-07,Balancer,Optimism,10.42,USDC,119718503,2.16,6.22
2024-07-07,Balancer,Optimism,11.86,USDT,119137271,2.43,7.2
2024-07-07,Balancer,Optimism,7.09,DAI,125798468,1.63,7.45
2024-07-07,Balancer,Polygon,9.63,USDT,118891305,1.05,9.69
2024-07-07,Balancer,Polygon,9.2,DAI,114800630,0.84,6.58
2024-07-07,Balancer,Base,9.03,USDC,126184128,2.55,11.12
2024-07-07,Balancer,Base,8.22,USDT,119239916,2.36,10.98
2024-07-07,Balancer,Base,9.73,DAI,115382281,1.99,10.81
2024-07-08,Aave,Ethereum,3.08,USDC,274010955,39.54,0
2024-07-08,Aave,Ethereum,3.25,DAI,284002409,51.12,0
2024-07-08,Aave,Arbitrum,3.12,USDT,269007855,4.44,13.81
2024-07-08,Aave,Arbitrum,3.72,DAI,289029412,4.1,9.94
2024-07-08,Aave,Optimism,3.96,USDC,288278874,2.3,6.96
2024-07-08,Aave,Optimism,3.54,USDT,288336577,2.66,9.55
2024-07-08,Aave,Optimism,3.25,DAI,278654192,3.11,9.52
2024-07-08,Aave,Polygon,3.82,USDC,290180467,1.0,9.38
2024-07-08,Aave,Polygon,3.88,USDT,268860571,1.46,9.9
2024-07-08,Aave,Polygon,4.22,DAI,269775859,1.26,8.13
2024-07-08,Aave,Base,3.76,USDC,293766460,2.75,6.12
2024-07-08,Aave,Base,3.37,USDT,285325128,3.26,13.84
2024-07-08,Compound,Ethereum,2.77,USDC,192548052,34.82,0
2024-07-08,Compound,Ethereum,3.0,USDT,194446713,42.9,0
2024-07-08,Compound,Ethereum,2.83,DAI,206425241,50.12,0
2024-07-08,Compound,Arbitrum,3.36,USDT,198046088,3.22,14.86
2024-07-08,Compound,Arbitrum,3.26,DAI,198365549,3.44,14.12
2024-07-08,Compound,Optimism,3.52,USDC,196340934,2.96,13.31
2024-07-08,Compound,Optimism,3.33,USDT,189830062,2.89,7.11
2024-07-08,Compound,Optimism,3.41,DAI,186261142,2.13,7.92
2024-07-08,Compound,Polygon,3.52,USDC,198213113,1.22,9.68
2024-07-08,Compound,Polygon,3.64,USDT,218318341,1.55,9.53
2024-07-08,Compound,Polygon,3.81,DAI,202418260,1.13,8.79
2024-07-08,Compound,Base,3.83,USDC,208322607,3.65,10.91
2024-07-08,Compound,Base,3.88,USDT,193732491,3.04,13.06
2024-07-08,Compound,Base,3.7,DAI,201101834,3.18,7.72
2024-07-08,Curve,Ethereum,7.68,USDC,337946980,56.94,0
2024-07-08,Curve,Ethereum,7.22,USDT,368820228,43.25,0
2024-07-08,Curve,Ethereum,7.92,DAI,378366169,33.85,0
2024-07-08,Curve,Arbitrum,11.29,USDC,364806704,3.89,12.02
2024-07-08,Curve,Arbitrum,9.99,USDT,346517246,3.14,14.56
2024-07-08,Curve,Arbitrum,9.19,DAI,369479427,4.42,11.29
2024-07-08,Curve,Optimism,9.98,USDC,357646207,2.77,12.06
2024-07-08,Curve,Optimism,9.68,USDT,356418977,3.02,10.09
2024-07-08,Curve,Optimism,9.58,DAI,380655331,2.55,7.01
2024-07-08,Curve,Polygon,10.29,USDC,351417453,1.45,9.39
2024-07-08,Curve,Polygon,10.1,USDT,335903805,1.12,8.43
2024-07-08,Curve,Polygon,10.58,DAI,344067956,1.37,6.1
2024-07-08,Curve,Base,10.01,USDC,376966098,3.39,12.02
2024-07-08,Curve,Base,8.15,DAI,349521418,3.61,7.17
2024-07-08,Uniswap V3,Ethereum,7.84,USDC,110326891,29.7,0
2024-07-08,Uniswap V3,Ethereum,8.43,USDT,103792113,35.93,0
2024-07-08,Uniswap V3,Ethereum,8.34,DAI,110331999,44.62,0
2024-07-08,Uniswap V3,Arbitrum,10.88,USDC,107039608,4.27,11.03
2024-07-08,Uniswap V3,Arbitrum,12.57,USDT,105130453,3.46,13.47
2024-07-08,Uniswap V3,Arbitrum,11.4,DAI,101602775,5.23,12.71
2024-07-08,Uniswap V3,Optimism,11.26,USDC,108275285,3.11,10.96
2024-07-08,Uniswap V3,Optimism,11.62,USDT,90299005,2.87,10.95
2024-07-08,Uniswap V3,Polygon,10.3,USDT,101986051,1.25,10.83
2024-07-08,Uniswap V3,Polygon,13.05,DAI,113346332,1.71,10.72
2024-07-08,Uniswap V3,Base,12.76,USDC,100403453,3.49,4.87
2024-07-08,Uniswap V3,Base,14.29,USDT,105396545,3.54,12.94
2024-07-08,Uniswap V3,Base,13.58,DAI,103322964,3.79,9.45
2024-07-08,Yearn,Ethereum,3.54,USDC,137294145,48.25,0
2024-07-08,Yearn,Ethereum,3.97,USDT,137960205,38.54,0
2024-07-08,Yearn,Ethereum,4.23,DAI,133549078,41.87,0
2024-07-08,Yearn,Arbitrum,4.64,USDC,135951993,3.9,8.73
2024-07-08,Yearn,Arbitrum,5.43,USDT,125870824,2.9,10.23
2024-07-08,Yearn,Arbitrum,5.09,DAI,137864566,3.77,15.19
2024-07-08,Yearn,Optimism,4.68,USDC,132129234,2.83,7.87
2024-07-08,Yearn,Optimism,4.29,USDT,133546658,3.07,10.01
2024-07-08,Yearn,Optimism,4.19,DAI,130343142,1.63,9.0
2024-07-08,Yearn,Polygon,4.83,USDC,130449808,1.47,5.69
2024-07-08,Yearn,Polygon,4.85,USDT,136242127,1.55,7.65
2024-07-08,Yearn,Polygon,5.2,DAI,122404984,1.2,5.83
2024-07-08,Yearn,Base,4.32,USDC,131987037,3.12,10.48
2024-07-08,Yearn,Base,4.29,USDT,138242289,3.49,9.24
2024-07-08,Yearn,Base,4.59,DAI,145905677,3.64,11.78
2024-07-08,Pendle,Ethereum,9.83,USDC,76673437,35.14,0
2024-07-08,Pendle,Ethereum,12.41,DAI,80661690,49.62,0
2024-07-08,Pendle,Arbitrum,14.34,USDC,86797062,3.93,14.62
2024-07-08,Pendle,Arbitrum,13.89,USDT,87199932,4.29,10.35
2024-07-08,Pendle,Arbitrum,11.47,DAI,83558623,3.72,15.57
2024-07-08,Pendle,Optimism,15.38,USDC,84832583,2.79,11.34
2024-07-08,Pendle,Optimism,12.4,USDT,86177166,3.22,10.43
2024-07-08,Pendle,Optimism,11.54,DAI,82631242,2.9,9.74
2024-07-08,Pendle,Base,12.89,USDC,80595387,3.41,10.96
2024-07-08,Pendle,Base,11.78,USDT,87273060,3.52,10.44
2024-07-08,Pendle,Base,13.83,DAI,82367142,3.17,7.02
2024-07-08,Convex,Ethereum,5.63,USDC,170702455,20.49,0
2024-07-08,Convex,Ethereum,5.14,USDT,169560403,53.56,0
2024-07-08,Convex,Ethereum,4.68,DAI,171614625,43.88,0
2024-07-08,Balancer,Ethereum,8.11,USDC,122750816,43.07,0
2024-07-08,Balancer,Ethereum,9.44,USDT,121474948,46.61,0
2024-07-08,Balancer,Ethereum,8.58,DAI,134141775,46.17,0
2024-07-08,Balancer,Arbitrum,12.31,USDC,120316459,3.69,8.04
2024-07-08,Balancer,Arbitrum,9.95,USDT,119342102,3.01,9.63
2024-07-08,Balancer,Arbitrum,9.24,DAI,132841104,4.19,11.71
2024-07-08,Balancer,Optimism,11.16,USDC,119809769,2.22,10.08
2024-07-08,Balancer,Optimism,9.49,DAI,122643652,2.81,7.89
2024-07-08,Balancer,Polygon,10.53,USDC,120729933,1.33,6.9
2024-07-08,Balancer,Polygon,11.52,USDT,126745707,2.31,9.06
2024-07-08,Balancer,Polygon,9.09,DAI,113726981,1.7,7.61
2024-07-08,Balancer,Base,9.97,USDC,125033749,3.35,12.34
2024-07-08,Balancer,Base,8.58,USDT,130201941,3.37,13.82
2024-07-08,Balancer,Base,10.31,DAI,116022423,2.94,10.39
2024-07-09,Aave,Ethereum,3.28,USDC,269286339,46.98,0
2024-07-09,Aave,Ethereum,3.51,USDT,280340519,29.7,0
2024-07-09,Aave,Arbitrum,3.97,USDT,274471646,3.23,12.73
2024-07-09,Aave,Arbitrum,3.81,DAI,302931518,2.7,18.03
2024-07-09,Aave,Optimism,4.18,USDC,276343981,2.92,12.85
2024-07-09,Aave,Optimism,3.88,USDT,287962966,2.96,9.08
2024-07-09,Aave,Optimism,3.64,DAI,308656883,2.8,9.65
2024-07-09,Aave,Polygon,3.58,USDC,265623757,1.29,9.95
2024-07-09,Aave,Polygon,3.71,USDT,256274154,1.43,9.33
2024-07-09,Aave,Polygon,4.32,DAI,291265457,1.45,6.09
2024-07-09,Aave,Base,3.67,USDC,268500683,2.82,9.39
2024-07-09,Aave,Base,3.77,USDT,278984711,3.07,10.8
2024-07-09,Aave,Base,3.54,DAI,268856548,4.12,12.23
2024-07-09,Compound,Ethereum,3.04,DAI,197808774,44.09,0
2024-07-09,Compound,Arbitrum,3.66,USDC,200082409,3.99,10.41
2024-07-09,Compound,Arbitrum,3.85,USDT,204195731,3.43,13.27
2024-07-09,Compound,Optimism,3.41,USDC,208134264,3.5,7.8
2024-07-09,Compound,Optimism,3.25,USDT,207341384,3.08,8.3
2024-07-09,Compound,Optimism,3.72,DAI,209547224,2.89,9.33
2024-07-09,Compound,Polygon,3.73,USDC,198196788,1.61,7.13
2024-07-09,Compound,Polygon,3.88,DAI,189660771,1.35,8.16
2024-07-09,Compound,Base,3.83,USDC,192587446,2.97,10.58
2024-07-09,Compound,Base,3.52,USDT,202794299,3.41,6.0
2024-07-09,Compound,Base,3.74,DAI,202095235,3.89,10.95
2024-07-09,Curve,Ethereum,7.84,USDT,354580182,33.15,0
2024-07-09,Curve,Arbitrum,9.85,USDC,356831942,3.07,9.04
2024-07-09,Curve,Arbitrum,9.01,USDT,371132132,2.84,11.57
2024-07-09,Curve,Arbitrum,8.33,DAI,377018534,3.22,10.76
2024-07-09,Curve,Optimism,7.62,USDC,362085226,3.46,6.44
2024-07-09,Curve,Optimism,8.37,USDT,359352683,3.96,9.12
2024-07-09,Curve,Optimism,10.55,DAI,358456707,2.91,8.99
2024-07-09,Curve,Polygon,8.38,USDC,365767528,1.42,7.69
2024-07-09,Curve,Polygon,11.38,USDT,357836678,1.82,9.34
2024-07-09,Curve,Polygon,8.53,DAI,361753632,1.55,8.16
2024-07-09,Curve,Base,9.36,USDC,340982480,3.15,11.27
2024-07-09,Curve,Base,9.65,USDT,368892522,3.28,6.31
2024-07-09,Curve,Base,8.73,DAI,334883022,2.98,11.29
2024-07-09,Uniswap V3,Ethereum,8.35,USDC,112546892,34.47,0
2024-07-09,Uniswap V3,Ethereum,8.04,USDT,100965512,39.51,0
2024-07-09,Uniswap V3,Ethereum,10.36,DAI,116397271,42.94,0
2024-07-09,Uniswap V3,Arbitrum,10.14,USDC,104816171,4.48,7.11
2024-07-09,Uniswap V3,Arbitrum,10.57,USDT,107027838,3.26,15.42
2024-07-09,Uniswap V3,Arbitrum,13.73,DAI,102308123,2.18,11.2
2024-07-09,Uniswap V3,Optimism,9.57,USDC,108015514,2.84,7.54
2024-07-09,Uniswap V3,Optimism,10.48,USDT,104400584,3.12,11.43
2024-07-09,Uniswap V3,Optimism,8.98,DAI,106416126,2.58,8.39
2024-07-09,Uniswap V3,Polygon,12.19,USDC,102181192,0.85,6.87
2024-07-09,Uniswap V3,Polygon,10.75,USDT,109910116,0.99,5.82
2024-07-09,Uniswap V3,Polygon,13.07,DAI,110147408,1.49,8.14
2024-07-09,Uniswap V3,Base,9.48,USDT,108157904,3.52,10.59
2024-07-09,Uniswap V3,Base,9.63,DAI,98632707,3.74,9.68
2024-07-09,Yearn,Ethereum,4.12,USDC,134326164,41.22,0
2024-07-09,Yearn,Ethereum,4.31,USDT,134786184,43.01,0
2024-07-09,Yearn,Ethereum,4.29,DAI,135333768,36.51,0
2024-07-09,Yearn,Arbitrum,5.12,USDC,133395492,4.56,11.66
2024-07-09,Yearn,Arbitrum,4.93,USDT,127133785,3.89,13.87
2024-07-09,Yearn,Arbitrum,4.81,DAI,130083597,3.59,10.31
2024-07-09,Yearn,Optimism,4.29,DAI,130830129,3.3,5.84
2024-07-09,Yearn,Polygon,4.79,USDC,137976535,1.61,7.71
2024-07-09,Yearn,Polygon,4.93,USDT,137137118,1.0,8.24
2024-07-09,Yearn,Base,4.92,USDC,131309297,3.38,9.74
2024-07-09,Yearn,Base,5.13,USDT,142159283,3.36,8.95
2024-07-09,Yearn,Base,4.88,DAI,139703279,3.71,11.15
2024-07-09,Pendle,Ethereum,12.0,USDC,82139423,39.26,0
2024-07-09,Pendle,Ethereum,11.47,USDT,79635585,38.61,0
2024-07-09,Pendle,Ethereum,11.05,DAI,79399532,51.2,0
2024-07-09,Pendle,Arbitrum,13.11,USDC,87202966,2.74,13.45
2024-07-09,Pendle,Arbitrum,11.24,USDT,80175904,2.58,14.08
2024-07-09,Pendle,Optimism,13.32,USDC,82173650,2.76,12.47
2024-07-09,Pendle,Optimism,11.43,USDT,80190073,4.03,7.04
2024-07-09,Pendle,Base,13.98,USDC,86312714,3.28,10.41
2024-07-09,Pendle,Base,13.52,USDT,92248742,3.33,11.19
2024-07-09,Pendle,Base,15.37,DAI,85046204,3.44,11.12
2024-07-09,Convex,Ethereum,5.53,USDC,173638316,49.83,0
2024-07-09,Convex,Ethereum,5.39,USDT,158194806,43.32,0
2024-07-09,Convex,Ethereum,4.31,DAI,169599183,47.79,0
2024-07-09,Balancer,Ethereum,6.14,USDC,120951524,44.52,0
2024-07-09,Balancer,Ethereum,8.35,USDT,126882844,47.44,0
2024-07-09,Balancer,Ethereum,7.87,DAI,122367255,48.0,0
2024-07-09,Balancer,Arbitrum,11.05,USDC,122667383,4.52,10.3
2024-07-09,Balancer,Arbitrum,10.53,USDT,116510901,3.65,11.74
2024-07-09,Balancer,Arbitrum,9.74,DAI,118647501,4.49,12.61
2024-07-09,Balancer,Optimism,9.83,USDC,126257893,2.89,12.45
2024-07-09,Balancer,Optimism,9.01,USDT,121329313,4.75,8.28
2024-07-09,Balancer,Optimism,9.56,DAI,120529028,3.04,10.82
2024-07-09,Balancer,Polygon,8.98,USDC,114911074,1.92,9.56
2024-07-09,Balancer,Polygon,9.85,USDT,120689993,1.88,5.36
2024-07-09,Balancer,Polygon,10.91,DAI,118642626,1.57,7.19
2024-07-09,Balancer,Base,10.56,USDC,124817841,3.47,10.8
2024-07-10,Aave,Ethereum,3.19,USDC,287341131,45.77,0
2024-07-10,Aave,Ethereum,3.2,USDT,283851896,42.33,0
2024-07-10,Aave,Ethereum,3.27,DAI,294989311,52.67,0
2024-07-10,Aave,Arbitrum,3.95,USDC,303256589,4.7,9.97
2024-07-10,Aave,Arbitrum,3.67,USDT,280898007,4.92,11.18
2024-07-10,Aave,Arbitrum,3.94,DAI,283726425,4.33,9.62
2024-07-10,Aave,Optimism,3.33,USDC,265493567,3.71,6.59
2024-07-10,Aave,Optimism,3.69,USDT,273981548,2.72,8.42
2024-07-10,Aave,Optimism,3.43,DAI,263960335,4.09,8.43
2024-07-10,Aave,Polygon,3.56,USDC,278618667,1.56,9.07
2024-07-10,Aave,Polygon,4.63,USDT,282537664,1.46,9.78
2024-07-10,Aave,Polygon,3.82,DAI,274344186,1.7,9.14
2024-07-10,Aave,Base,4.15,USDC,259376736,3.58,9.56
2024-07-10,Aave,Base,3.89,USDT,284206014,3.76,11.59
2024-07-10,Aave,Base,3.73,DAI,275076135,3.44,9.06
2024-07-10,Compound,Ethereum,3.14,USDC,191004244,39.82,0
2024-07-10,Compound,Ethereum,3.16,DAI,195286986,45.3,0
2024-07-10,Compound,Arbitrum,3.73,USDC,200997659,3.16,14.13
2024-07-10,Compound,Arbitrum,3.78,USDT,211350249,4.21,10.61
2024-07-10,Compound,Arbitrum,3.95,DAI,193596832,3.33,10.61
2024-07-10,Compound,Optimism,3.56,USDC,201301486,2.81,10.51
2024-07-10,Compound,Optimism,3.21,DAI,206743633,2.88,9.23
2024-07-10,Compound,Polygon,3.83,USDC,199570559,1.57,12.43
2024-07-10,Compound,Polygon,4.37,USDT,200698218,1.46,10.27
2024-07-10,Compound,Polygon,4.27,DAI,196419664,1.87,5.93
2024-07-10,Compound,Base,3.5,USDC,202552705,3.3,10.67
2024-07-10,Compound,Base,3.8,USDT,209553691,3.28,6.81
2024-07-10,Curve,Ethereum,7.86,USDC,378202613,45.22,0
2024-07-10,Curve,Ethereum,6.97,USDT,348112276,32.21,0
2024-07-10,Curve,Ethereum,8.2,DAI,355828393,38.93,0
2024-07-10,Curve,Arbitrum,9.74,USDT,357967967,4.47,9.8
2024-07-10,Curve,Arbitrum,7.55,DAI,354156014,2.87,14.98
2024-07-10,Curve,Optimism,8.5,USDC,356408854,3.07,9.05
2024-07-10,Curve,Optimism,10.84,USDT,346279034,3.04,7.02
2024-07-10,Curve,Polygon,7.97,USDT,349077621,1.72,9.16
2024-07-10,Curve,Polygon,10.05,DAI,362677470,1.42,4.83
2024-07-10,Curve,Base,8.74,USDC,341600210,3.9,10.17
2024-07-10,Curve,Base,9.8,USDT,364036790,3.49,6.69
2024-07-10,Curve,Base,9.55,DAI,354914759,3.08,10.65
2024-07-10,Uniswap V3,Ethereum,9.4,USDT,109009496,27.95,0
2024-07-10,Uniswap V3,Ethereum,7.22,DAI,101852935,42.07,0
2024-07-10,Uniswap V3,Arbitrum,13.28,USDC,107254095,3.78,15.62
2024-07-10,Uniswap V3,Arbitrum,8.96,USDT,106795413,3.16,12.1
2024-07-10,Uniswap V3,Optimism,10.13,USDC,112168267,3.37,8.97
2024-07-10,Uniswap V3,Optimism,11.63,USDT,106317567,3.74,8.65
2024-07-10,Uniswap V3,Optimism,11.78,DAI,106385389,3.47,7.02
2024-07-10,Uniswap V3,Polygon,13.22,USDC,97776149,1.42,7.15
2024-07-10,Uniswap V3,Polygon,11.64,USDT,104369150,1.36,8.79
2024-07-10,Uniswap V3,Polygon,13.37,DAI,115406271,1.46,6.81
2024-07-10,Uniswap V3,Base,11.37,USDT,109763901,2.21,12.01
2024-07-10,Uniswap V3,Base,10.32,DAI,105515907,2.65,9.3
2024-07-10,Yearn,Ethereum,4.33,USDC,131802736,43.74,0
2024-07-10,Yearn,Ethereum,3.95,USDT,136324416,45.76,0
2024-07-10,Yearn,Arbitrum,5.27,USDC,128373607,2.55,11.46
2024-07-10,Yearn,Arbitrum,5.06,USDT,129622412,3.65,10.72
2024-07-10,Yearn,Arbitrum,5.3,DAI,124922299,5.16,16.58
2024-07-10,Yearn,Optimism,4.89,USDC,126087097,3.16,8.55
2024-07-10,Yearn,Optimism,4.61,USDT,122247635,2.85,9.08
2024-07-10,Yearn,Optimism,4.22,DAI,135246988,3.16,5.79
2024-07-10,Yearn,Polygon,5.08,USDC,131031252,1.62,4.99
2024-07-10,Yearn,Polygon,5.23,USDT,133928784,1.35,10.14
2024-07-10,Yearn,Polygon,5.18,DAI,135282288,0.97,10.97
2024-07-10,Yearn,Base,5.06,USDC,126235563,3.41,10.52
2024-07-10,Yearn,Base,5.4,USDT,133355933,3.91,9.45
2024-07-10,Yearn,Base,5.0,DAI,124885753,3.26,8.33
2024-07-10,Pendle,Ethereum,9.73,USDC,90213116,41.14,0
2024-07-10,Pendle,Ethereum,12.22,USDT,85388835,39.71,0
2024-07-10,Pendle,Ethereum,12.02,DAI,85870180,45.26,0
2024-07-10,Pendle,Arbitrum,15.36,USDC,88102753,3.16,15.43
2024-07-10,Pendle,Arbitrum,15.79,USDT,77154464,3.88,11.73
2024-07-10,Pendle,Arbitrum,14.33,DAI,82280891,4.23,11.57
2024-07-10,Pendle,Optimism,16.37,USDC,81081648,2.49,8.97
2024-07-10,Pendle,Optimism,11.35,USDT,84371935,3.13,7.58
2024-07-10,Pendle,Optimism,10.28,DAI,74187461,2.65,9.64
2024-07-10,Pendle,Base,14.46,USDC,84554999,2.6,14.22
2024-07-10,Pendle,Base,10.89,DAI,86706315,2.95,10.36
2024-07-10,Convex,Ethereum,6.55,USDC,173236721,32.43,0
2024-07-10,Convex,Ethereum,5.73,USDT,164842670,37.71,0
2024-07-10,Convex,Ethereum,5.61,DAI,161804301,49.23,0
2024-07-10,Balancer,Ethereum,9.72,USDC,122768530,36.96,0
2024-07-10,Balancer,Ethereum,10.23,USDT,116930331,31.42,0
2024-07-10,Balancer,Ethereum,8.38,DAI,122919797,31.08,0
2024-07-10,Balancer,Arbitrum,9.45,USDC,120753900,3.3,13.73
2024-07-10,Balancer,Arbitrum,10.05,USDT,127107748,4.57,13.71
2024-07-10,Balancer,Arbitrum,8.96,DAI,124223299,3.04,11.81
2024-07-10,Balancer,Optimism,7.93,USDC,116909010,2.83,8.12
2024-07-10,Balancer,Optimism,8.28,USDT,119184846,2.3,8.74
2024-07-10,Balancer,Optimism,8.57,DAI,121992071,2.45,5.34
2024-07-10,Balancer,Polygon,8.93,USDC,122927109,1.47,5.67
2024-07-10,Balancer,Polygon,10.23,USDT,121245532,1.36,9.13
2024-07-10,Balancer,Polygon,10.92,DAI,118479800,1.34,9.42
2024-07-10,Balancer,Base,12.55,USDT,132103837,3.59,11.0
2024-07-10,Balancer,Base,8.97,DAI,121146714,3.09,11.73
2024-07-11,Aave,Ethereum,3.2,USDC,292910603,46.54,0
2024-07-11,Aave,Ethereum,3.22,USDT,277487728,28.13,0
2024-07-11,Aave,Ethereum,3.29,DAI,284560199,53.35,0
2024-07-11,Aave,Arbitrum,4.0,USDT,284933842,2.61,13.61
2024-07-11,Aave,Arbitrum,4.06,DAI,249408256,3.35,12.79
2024-07-11,Aave,Optimism,3.71,USDC,278084247,3.77,7.64
2024-07-11,Aave,Optimism,3.87,USDT,270889942,2.48,7.66
2024-07-11,Aave,Optimism,3.86,DAI,274281580,2.93,10.27
2024-07-11,Aave,Polygon,4.05,USDC,272455423,1.46,7.51
2024-07-11,Aave,Polygon,3.82,USDT,301285655,1.2,10.07
2024-07-11,Aave,Polygon,4.62,DAI,276553150,1.49,6.06
2024-07-11,Aave,Base,4.02,USDC,254359432,3.69,10.97
2024-07-11,Aave,Base,3.62,USDT,286522275,3.66,7.42
2024-07-11,Aave,Base,3.57,DAI,278060634,3.36,9.22
2024-07-11,Compound,Ethereum,3.08,USDT,194554499,44.98,0
2024-07-11,Compound,Arbitrum,3.74,USDC,204086169,3.51,14.06
2024-07-11,Compound,Arbitrum,3.42,USDT,204450376,3.81,11.13
2024-07-11,Compound,Optimism,3.41,USDC,196481681,2.63,6.85
2024-07-11,Compound,Optimism,3.72,USDT,198363513,2.74,9.31
2024-07-11,Compound,Optimism,3.47,DAI,199129910,3.56,8.32
2024-07-11,Compound,Polygon,3.8,USDT,203325547,1.56,11.76
2024-07-11,Compound,Polygon,3.79,DAI,205930042,1.13,7.19
2024-07-11,Compound,Base,3.38,USDC,202074673,3.96,11.59
2024-07-11,Compound,Base,3.99,USDT,183881552,3.15,9.11
2024-07-11,Compound,Base,4.3,DAI,206732812,3.17,13.33
2024-07-11,Curve,Ethereum,7.52,USDC,367759766,42.12,0
2024-07-11,Curve,Ethereum,9.26,DAI,347137020,44.0,0
2024-07-11,Curve,Arbitrum,11.23,USDC,376793447,2.81,13.45
2024-07-11,Curve,Arbitrum,10.91,USDT,336472042,3.69,14.03
2024-07-11,Curve,Arbitrum,11.63,DAI,363616744,3.68,10.95
2024-07-11,Curve,Optimism,8.78,USDC,341808115,4.15,8.77
2024-07-11,Curve,Optimism,8.31,USDT,338547214,2.85,8.07
2024-07-11,Curve,Optimism,8.14,DAI,344729705,3.04,10.66
2024-07-11,Curve,Polygon,13.77,USDC,369337442,1.14,8.84
2024-07-11,Curve,Polygon,9.23,USDT,360120191,1.17,8.12
2024-07-11,Curve,Polygon,9.49,DAI,338478270,1.45,11.7
2024-07-11,Curve,Base,10.8,USDC,351746090,3.45,12.96
2024-07-11,Curve,Base,8.56,USDT,363256858,3.72,9.23
2024-07-11,Curve,Base,10.15,DAI,362836462,4.18,10.3
2024-07-11,Uniswap V3,Ethereum,10.51,USDC,108909576,51.21,0
2024-07-11,Uniswap V3,Ethereum,8.68,USDT,113620507,47.23,0
2024-07-11,Uniswap V3,Ethereum,7.52,DAI,112691613,35.32,0
2024-07-11,Uniswap V3,Arbitrum,8.36,USDC,101753444,3.79,14.87
2024-07-11,Uniswap V3,Arbitrum,9.58,USDT,108487781,3.79,11.4
2024-07-11,Uniswap V3,Arbitrum,14.66,DAI,106738505,4.0,14.97
2024-07-11,Uniswap V3,Optimism,9.0,USDC,105176524,1.91,9.81
2024-07-11,Uniswap V3,Optimism,11.62,USDT,109309005,4.26,8.02
2024-07-11,Uniswap V3,Optimism,10.29,DAI,111021603,2.45,10.83
2024-07-11,Uniswap V3,Polygon,10.88,USDC,101924423,1.79,5.62
2024-07-11,Uniswap V3,Polygon,11.63,USDT,96561747,1.23,7.26
2024-07-11,Uniswap V3,Polygon,12.65,DAI,101010579,1.12,8.23
2024-07-11,Uniswap V3,Base,9.46,USDC,102879885,3.55,13.53
2024-07-11,Uniswap V3,Base,10.9,DAI,105653724,2.96,7.88
2024-07-11,Yearn,Ethereum,4.09,USDC,128189381,35.48,0
2024-07-11,Yearn,Ethereum,4.17,USDT,122466488,44.86,0
2024-07-11,Yearn,Ethereum,4.05,DAI,124699057,42.94,0
2024-07-11,Yearn,Arbitrum,4.84,USDC,131978473,3.76,10.2
2024-07-11,Yearn,Arbitrum,4.39,DAI,140765650,1.75,11.34
2024-07-11,Yearn,Optimism,4.27,USDC,129056654,3.25,8.8
2024-07-11,Yearn,Optimism,5.24,USDT,128408036,2.38,8.79
2024-07-11,Yearn,Optimism,4.69,DAI,142680807,3.61,9.38
2024-07-11,Yearn,Polygon,4.94,USDC,129572533,1.63,5.98
2024-07-11,Yearn,Polygon,4.96,USDT,134243424,1.51,7.34
2024-07-11,Yearn,Base,4.58,USDC,137055791,2.74,10.67
2024-07-11,Yearn,Base,4.76,USDT,138775056,3.66,10.11
2024-07-11,Yearn,Base,4.09,DAI,133415537,3.28,11.42
2024-07-11,Pendle,Ethereum,11.69,USDC,87036334,45.82,0
2024-07-11,Pendle,Ethereum,12.36,USDT,81066098,45.1,0
2024-07-11,Pendle,Ethereum,9.92,DAI,79987784,41.13,0
2024-07-11,Pendle,Arbitrum,13.18,USDC,83366491,2.76,10.54
2024-07-11,Pendle,Arbitrum,14.73,USDT,88594903,2.18,16.17
2024-07-11,Pendle,Arbitrum,11.44,DAI,88528843,3.24,14.06
2024-07-11,Pendle,Optimism,10.56,USDC,82311123,2.49,7.32
2024-07-11,Pendle,Optimism,18.42,USDT,86521435,3.36,7.79
2024-07-11,Pendle,Optimism,15.61,DAI,82772375,3.02,5.45
2024-07-11,Pendle,Base,15.25,USDC,81639747,2.56,7.41
2024-07-11,Pendle,Base,17.04,USDT,83982797,3.44,8.89
2024-07-11,Convex,Ethereum,4.51,DAI,160923544,51.71,0
2024-07-11,Balancer,Ethereum,9.13,USDC,118712504,47.96,0
2024-07-11,Balancer,Ethereum,8.13,USDT,117544674,37.3,0
2024-07-11,Balancer,Ethereum,9.44,DAI,127069830,33.21,0
2024-07-11,Balancer,Arbitrum,11.05,USDC,121848833,3.62,10.72
2024-07-11,Balancer,Arbitrum,10.94,USDT,114345216,1.76,13.98
2024-07-11,Balancer,Arbitrum,10.39,DAI,117220438,3.92,12.32
2024-07-11,Balancer,Optimism,10.13,USDC,126235804,2.67,8.61
2024-07-11,Balancer,Optimism,11.25,USDT,124941444,3.27,9.18
2024-07-11,Balancer,Polygon,9.99,USDC,114859323,1.31,8.94
2024-07-11,Balancer,Polygon,10.55,USDT,107140514,1.69,10.71
2024-07-11,Balancer,Base,9.16,USDC,134180894,3.52,8.44
2024-07-11,Balancer,Base,9.96,USDT,123428497,3.58,9.95
2024-07-11,Balancer,Base,7.19,DAI,123462043,3.05,8.02
2024-07-12,Aave,Ethereum,2.94,USDC,266538707,52.94,0
2024-07-12,Aave,Ethereum,3.21,USDT,273614339,33.79,0
2024-07-12,Aave,Ethereum,3.16,DAI,286792877,32.54,0
2024-07-12,Aave,Arbitrum,4.03,USDC,281671403,3.46,11.05
2024-07-12,Aave,Arbitrum,3.71,USDT,266893723,3.91,12.92
2024-07-12,Aave,Arbitrum,3.8,DAI,262040138,2.99,10.48
2024-07-12,Aave,Optimism,3.87,USDC,278391508,2.71,13.14
2024-07-12,Aave,Optimism,3.76,USDT,259048049,3.04,10.89
2024-07-12,Aave,Optimism,3.68,DAI,303846408,2.55,10.47
2024-07-12,Aave,Polygon,4.03,USDT,270106743,1.79,8.68
2024-07-12,Aave,Polygon,4.29,DAI,301346752,1.26,8.41
2024-07-12,Aave,Base,4.11,USDC,269010649,3.04,8.7
2024-07-12,Aave,Base,3.43,USDT,270678225,3.45,8.02
2024-07-12,Aave,Base,3.92,DAI,285299418,3.98,12.62
2024-07-12,Compound,Ethereum,3.01,USDC,196551370,41.57,0
2024-07-12,Compound,Ethereum,3.0,USDT,194130669,33.21,0
2024-07-12,Compound,Ethereum,2.9,DAI,196827543,52.12,0
2024-07-12,Compound,Arbitrum,3.86,USDC,202681574,3.79,13.96
2024-07-12,Compound,Arbitrum,3.56,USDT,192146938,3.72,13.97
2024-07-12,Compound,Arbitrum,3.77,DAI,191724895,3.56,13.96
2024-07-12,Compound,Optimism,3.31,USDC,200095081,2.88,9.74
2024-07-12,Compound,Optimism,3.51,USDT,184964610,3.34,9.65
2024-07-12,Compound,Optimism,3.07,DAI,196232670,4.26,9.32
2024-07-12,Compound,Polygon,3.28,USDC,194986146,1.58,7.26
2024-07-12,Compound,Polygon,3.78,USDT,197110476,1.68,10.21
2024-07-12,Compound,Polygon,3.76,DAI,203640217,1.43,7.7
2024-07-12,Compound,Base,3.83,USDT,198677179,3.04,9.23
2024-07-12,Compound,Base,3.41,DAI,212005733,2.73,11.96
2024-07-12,Curve,Ethereum,9.38,USDC,348000388,47.58,0
2024-07-12,Curve,Ethereum,7.06,USDT,349698114,48.36,0
2024-07-12,Curve,Ethereum,8.25,DAI,340976154,24.39,0
2024-07-12,Curve,Arbitrum,10.79,USDC,340708177,4.22,12.46
2024-07-12,Curve,Arbitrum,10.82,USDT,387732373,2.77,13.57
2024-07-12,Curve,Arbitrum,8.17,DAI,384925110,3.09,11.43
2024-07-12,Curve,Optimism,10.47,USDC,330143201,2.97,7.38
2024-07-12,Curve,Optimism,7.88,USDT,350107811,3.3,5.86
2024-07-12,Curve,Optimism,8.81,DAI,363819458,2.3,8.28
2024-07-12,Curve,Polygon,10.38,USDC,366732680,0.98,9.01
2024-07-12,Curve,Polygon,9.11,USDT,329508313,1.84,9.18
2024-07-12,Curve,Polygon,10.94,DAI,368490099,1.53,8.29
2024-07-12,Curve,Base,8.74,USDC,344042212,3.37,11.78
2024-07-12,Curve,Base,11.02,USDT,329791222,3.8,10.95
2024-07-12,Curve,Base,8.43,DAI,341692811,3.02,10.3
2024-07-12,Uniswap V3,Ethereum,7.17,USDC,106900021,44.42,0
2024-07-12,Uniswap V3,Ethereum,7.21,DAI,102600242,50.71,0
2024-07-12,Uniswap V3,Arbitrum,11.06,USDT,102072602,3.82,13.57
2024-07-12,Uniswap V3,Arbitrum,12.63,DAI,106587879,3.91,12.98
2024-07-12,Uniswap V3,Optimism,10.34,USDC,101675408,3.68,11.78
2024-07-12,Uniswap V3,Optimism,10.12,DAI,106625023,3.41,7.1
2024-07-12,Uniswap V3,Polygon,11.4,USDC,109078308,1.33,9.16
2024-07-12,Uniswap V3,Polygon,13.03,USDT,104459556,1.56,7.78
2024-07-12,Uniswap V3,Polygon,10.13,DAI,104084590,0.91,8.5
2024-07-12,Uniswap V3,Base,11.18,USDC,96602092,3.55,8.44
2024-07-12,Uniswap V3,Base,12.43,USDT,96968026,4.02,9.77
2024-07-12,Uniswap V3,Base,11.15,DAI,105975790,3.17,8.25
2024-07-12,Yearn,Ethereum,3.69,USDC,122142082,54.67,0
2024-07-12,Yearn,Ethereum,4.3,USDT,133246805,30.5,0
2024-07-12,Yearn,Arbitrum,4.78,USDC,130438381,3.56,12.67
2024-07-12,Yearn,Arbitrum,4.79,USDT,132144998,4.11,9.25
2024-07-12,Yearn,Arbitrum,4.99,DAI,125624536,3.94,13.25
2024-07-12,Yearn,Optimism,4.04,USDC,140458672,3.09,7.17
2024-07-12,Yearn,Optimism,4.52,USDT,117761649,2.44,12.41
2024-07-12,Yearn,Polygon,4.32,USDT,127941638,1.43,7.15
2024-07-12,Yearn,Polygon,5.15,DAI,133280962,1.41,8.41
2024-07-12,Yearn,Base,4.08,USDC,127643623,2.97,10.34
2024-07-12,Yearn,Base,4.54,USDT,136608511,4.14,11.25
2024-07-12,Yearn,Base,4.55,DAI,134607608,2.81,8.84
2024-07-12,Pendle,Ethereum,13.1,USDC,80474573,49.37,0
2024-07-12,Pendle,Ethereum,11.65,USDT,85528679,45.12,0
2024-07-12,Pendle,Ethereum,9.34,DAI,84817957,34.81,0
2024-07-12,Pendle,Arbitrum,13.1,USDC,81308678,4.38,15.03
2024-07-12,Pendle,Arbitrum,12.98,USDT,77575265,2.93,14.28
2024-07-12,Pendle,Arbitrum,15.36,DAI,83709663,3.82,12.09
2024-07-12,Pendle,Optimism,14.25,USDC,85111773,3.17,8.17
2024-07-12,Pendle,Optimism,13.28,USDT,82132772,2.27,9.14
2024-07-12,Pendle,Optimism,14.82,DAI,76592654,2.96,9.35
2024-07-12,Pendle,Base,12.92,USDC,81185048,3.27,6.69
2024-07-12,Pendle,Base,16.89,USDT,88576958,2.83,9.67
2024-07-12,Pendle,Base,13.06,DAI,82953191,3.55,12.63
2024-07-12,Convex,Ethereum,5.56,USDT,173771011,38.22,0
2024-07-12,Convex,Ethereum,5.29,DAI,169389276,27.89,0
2024-07-12,Balancer,Ethereum,8.06,USDC,121145173,33.28,0
2024-07-12,Balancer,Ethereum,8.97,USDT,124419914,50.45,0
2024-07-12,Balancer,Ethereum,8.91,DAI,129000993,39.79,0
2024-07-12,Balancer,Arbitrum,9.66,USDC,117620774,4.26,16.37
2024-07-12,Balancer,Arbitrum,12.15,USDT,110589684,3.93,10.05
2024-07-12,Balancer,Arbitrum,10.29,DAI,110220632,3.71,17.28
2024-07-12,Balancer,Optimism,8.37,USDC,122417948,3.21,11.2
2024-07-12,Balancer,Optimism,8.8,USDT,114379545,2.38,8.45
2024-07-12,Balancer,Optimism,9.23,DAI,130011739,2.15,8.75
2024-07-12,Balancer,Polygon,11.11,USDC,124654342,1.25,6.1
2024-07-12,Balancer,Polygon,11.03,USDT,116762922,1.58,7.0
2024-07-12,Balancer,Polygon,10.74,DAI,126183434,1.56,10.48
2024-07-12,Balancer,Base,9.62,USDC,124328515,2.7,9.1
2024-07-12,Balancer,Base,9.75,USDT,124174389,3.45,8.03
2024-07-12,Balancer,Base,7.43,DAI,117981117,3.09,11.98
2024-07-13,Aave,Ethereum,3.14,USDC,260987687,26.99,0
2024-07-13,Aave,Ethereum,3.07,USDT,277154602,29.61,0
2024-07-13,Aave,Ethereum,3.39,DAI,293681196,29.3,0
2024-07-13,Aave,Arbitrum,3.5,USDC,269246822,2.31,12.43
2024-07-13,Aave,Arbitrum,3.83,USDT,289577317,1.75,6.85
2024-07-13,Aave,Arbitrum,3.77,DAI,262426199,2.07,15.28
2024-07-13,Aave,Optimism,3.96,USDC,257393315,1.94,8.3
2024-07-13,Aave,Optimism,3.45,USDT,310107949,2.29,7.92
2024-07-13,Aave,Optimism,3.62,DAI,260848183,2.53,12.21
2024-07-13,Aave,Polygon,4.06,USDC,260614874,0.76,7.19
2024-07-13,Aave,Polygon,3.96,USDT,273964224,0.69,9.83
2024-07-13,Aave,Base,3.78,USDC,264076631,1.76,13.15
2024-07-13,Aave,Base,3.34,USDT,268315842,2.5,9.73
2024-07-13,Aave,Base,3.9,DAI,254747382,2.25,8.33
2024-07-13,Compound,Ethereum,2.99,USDC,182892138,28.47,0
2024-07-13,Compound,Ethereum,2.89,USDT,191491587,31.19,0
2024-07-13,Compound,Ethereum,3.13,DAI,204951650,34.32,0
2024-07-13,Compound,Arbitrum,3.31,USDC,193956384,2.82,11.92
2024-07-13,Compound,Arbitrum,3.81,USDT,197056693,2.26,15.39
2024-07-13,Compound,Arbitrum,3.89,DAI,189553065,2.18,7.0
2024-07-13,Compound,Optimism,3.42,USDC,191333967,2.18,8.16
2024-07-13,Compound,Optimism,3.56,DAI,210954898,1.68,9.9
2024-07-13,Compound,Polygon,3.74,USDC,200380120,0.86,7.86
2024-07-13,Compound,Polygon,3.93,USDT,201590679,0.91,8.45
2024-07-13,Compound,Polygon,3.74,DAI,194327656,0.84,7.93
2024-07-13,Compound,Base,3.5,USDC,205533421,2.66,9.33
2024-07-13,Compound,Base,3.23,DAI,181106448,2.45,9.34
2024-07-13,Curve,Ethereum,8.72,USDT,349025197,25.16,0
2024-07-13,Curve,Ethereum,7.99,DAI,353992859,26.05,0
2024-07-13,Curve,Arbitrum,7.85,USDC,323393841,2.31,10.1
2024-07-13,Curve,Arbitrum,11.53,USDT,364916292,2.53,14.24
2024-07-13,Curve,Arbitrum,9.59,DAI,340889066,2.33,8.56
2024-07-13,Curve,Optimism,8.58,USDC,360016882,1.93,9.14
2024-07-13,Curve,Optimism,10.95,USDT,353054044,2.3,10.22
2024-07-13,Curve,Polygon,11.62,USDC,355489662,1.29,11.61
2024-07-13,Curve,Polygon,10.73,USDT,317863376,1.06,6.98
2024-07-13,Curve,Polygon,8.51,DAI,347302508,0.91,7.57
2024-07-13,Curve,Base,8.91,USDC,338132364,1.89,13.54
2024-07-13,Curve,Base,8.87,USDT,332317199,2.04,10.37
2024-07-13,Curve,Base,8.89,DAI,353634801,2.37,10.68
2024-07-13,Uniswap V3,Ethereum,11.67,USDC,106184577,33.7,0
2024-07-13,Uniswap V3,Ethereum,6.91,DAI,103797764,29.51,0
2024-07-13,Uniswap V3,Arbitrum,7.1,USDC,100500681,1.86,9.31
2024-07-13,Uniswap V3,Arbitrum,8.51,DAI,100243782,1.78,14.08
2024-07-13,Uniswap V3,Optimism,14.93,USDC,105646253,2.2,4.18
2024-07-13,Uniswap V3,Optimism,10.21,USDT,103797577,2.15,8.36
2024-07-13,Uniswap V3,Optimism,11.27,DAI,102889846,2.1,9.1
2024-07-13,Uniswap V3,Polygon,8.29,USDC,108017898,0.72,7.11
2024-07-13,Uniswap V3,Polygon,12.06,USDT,105928012,1.04,5.07
2024-07-13,Uniswap V3,Polygon,9.45,DAI,102004435,0.95,9.66
2024-07-13,Uniswap V3,Base,9.29,USDC,102656271,1.66,9.73
2024-07-13,Uniswap V3,Base,12.27,USDT,109505807,1.82,9.73
2024-07-13,Uniswap V3,Base,10.81,DAI,98602098,2.16,9.92
2024-07-13,Yearn,Ethereum,3.87,USDC,130249145,25.36,0
2024-07-13,Yearn,Ethereum,4.27,USDT,125924849,28.56,0
2024-07-13,Yearn,Ethereum,3.92,DAI,115293296,32.95,0
2024-07-13,Yearn,Arbitrum,4.36,USDC,135189034,1.96,15.4
2024-07-13,Yearn,Arbitrum,5.18,USDT,127705030,2.58,11.99
2024-07-13,Yearn,Arbitrum,4.64,DAI,130217747,2.74,10.04
2024-07-13,Yearn,Optimism,5.12,USDC,121150690,2.1,8.15
2024-07-13,Yearn,Optimism,4.56,USDT,133559265,1.85,6.85
2024-07-13,Yearn,Optimism,4.6,DAI,132615112,1.61,6.27
2024-07-13,Yearn,Polygon,4.79,USDT,124272064,1.03,8.5
2024-07-13,Yearn,Polygon,5.16,DAI,127939303,0.82,7.95
2024-07-13,Yearn,Base,5.14,USDC,128951365,2.55,7.26
2024-07-13,Yearn,Base,4.82,USDT,127962979,2.53,10.29
2024-07-13,Yearn,Base,4.54,DAI,126881776,2.2,9.94
2024-07-13,Pendle,Ethereum,9.47,USDT,84211668,29.31,0
2024-07-13,Pendle,Ethereum,11.91,DAI,86385798,30.8,0
2024-07-13,Pendle,Arbitrum,9.55,USDC,78030003,2.59,15.6
2024-07-13,Pendle,Arbitrum,11.55,USDT,88936375,2.06,6.6
2024-07-13,Pendle,Arbitrum,10.53,DAI,79536214,2.64,10.37
2024-07-13,Pendle,Optimism,13.45,USDC,88662390,1.91,9.54
2024-07-13,Pendle,Optimism,12.12,USDT,79162587,2.23,6.93
2024-07-13,Pendle,Optimism,13.43,DAI,83433528,1.9,6.84
2024-07-13,Pendle,Base,11.35,USDC,72831130,2.28,11.98
2024-07-13,Pendle,Base,15.39,USDT,80019146,2.54,9.03
2024-07-13,Pendle,Base,13.5,DAI,85032139,2.53,11.68
2024-07-13,Convex,Ethereum,5.38,USDC,171224900,32.52,0
2024-07-13,Convex,Ethereum,5.5,USDT,162726086,29.52,0
2024-07-13,Convex,Ethereum,4.78,DAI,173737896,29.28,0
2024-07-13,Balancer,Ethereum,7.56,USDC,125862148,41.6,0
2024-07-13,Balancer,Ethereum,9.99,USDT,117228936,22.64,0
2024-07-13,Balancer,Ethereum,8.45,DAI,126698599,26.9,0
2024-07-13,Balancer,Arbitrum,10.54,USDC,121632131,2.93,8.66
2024-07-13,Balancer,Arbitrum,11.54,USDT,124651481,1.89,12.03
2024-07-13,Balancer,Arbitrum,10.87,DAI,117618191,1.69,11.84
2024-07-13,Balancer,Optimism,9.35,USDC,119678513,1.53,12.34
2024-07-13,Balancer,Optimism,10.11,USDT,124734444,1.83,8.98
2024-07-13,Balancer,Optimism,9.47,DAI,120090606,2.54,8.34
2024-07-13,Balancer,Polygon,10.47,USDC,120381324,1.55,7.3
2024-07-13,Balancer,Polygon,11.47,USDT,115603937,1.04,8.38
2024-07-13,Balancer,Polygon,11.91,DAI,121224769,0.76,9.88
2024-07-13,Balancer,Base,10.24,USDC,125104615,2.37,8.63
2024-07-13,Balancer,Base,8.41,USDT,112539847,2.37,10.0
2024-07-13,Balancer,Base,9.32,DAI,117389620,1.69,9.8
2024-07-14,Aave,Ethereum,3.3,USDC,269412266,20.76,0
2024-07-14,Aave,Ethereum,3.44,USDT,270706692,32.3,0
2024-07-14,Aave,Ethereum,2.85,DAI,267281073,24.23,0
2024-07-14,Aave,Arbitrum,3.45,USDC,267587586,1.84,12.59
2024-07-14,Aave,Arbitrum,3.86,USDT,245368082,2.57,10.18
2024-07-14,Aave,Arbitrum,3.57,DAI,240330960,2.53,11.59
2024-07-14,Aave,Optimism,3.46,USDT,270213289,1.34,9.3
2024-07-14,Aave,Optimism,3.41,DAI,270508156,1.68,5.83
2024-07-14,Aave,Polygon,3.8,USDC,264820965,0.77,8.56
2024-07-14,Aave,Polygon,3.54,USDT,270230879,0.71,10.57
2024-07-14,Aave,Polygon,3.9,DAI,266340630,1.01,6.83
2024-07-14,Aave,Base,3.76,USDC,290263280,2.04,11.67
2024-07-14,Aave,Base,3.81,DAI,278460826,2.13,13.28
2024-07-14,Compound,Ethereum,3.02,USDC,216019648,27.82,0
2024-07-14,Compound,Ethereum,3.08,USDT,205074936,25.54,0
2024-07-14,Compound,Ethereum,2.9,DAI,200062321,25.51,0
2024-07-14,Compound,Arbitrum,4.0,USDC,185275652,1.92,11.96
2024-07-14,Compound,Arbitrum,3.76,USDT,193124239,2.06,5.65
2024-07-14,Compound,Arbitrum,3.72,DAI,187660993,2.58,12.24
2024-07-14,Compound,Optimism,3.4,USDC,172604351,1.46,12.2
2024-07-14,Compound,Optimism,3.65,USDT,200287037,2.23,7.24
2024-07-14,Compound,Optimism,3.35,DAI,186187893,2.19,8.21
2024-07-14,Compound,Polygon,3.42,USDC,188028752,0.86,6.28
2024-07-14,Compound,Polygon,3.82,USDT,206204912,0.92,10.04
2024-07-14,Compound,Polygon,3.98,DAI,174691875,1.11,7.41
2024-07-14,Compound,Base,3.48,USDC,192120294,2.23,10.69
2024-07-14,Compound,Base,3.58,DAI,187620821,2.53,11.42
2024-07-14,Curve,Ethereum,10.65,USDC,335672381,26.31,0
2024-07-14,Curve,Ethereum,8.64,USDT,330444387,34.49,0
2024-07-14,Curve,Ethereum,8.0,DAI,353188815,29.52,0
2024-07-14,Curve,Arbitrum,12.18,USDC,346212207,2.68,11.89
2024-07-14,Curve,Arbitrum,9.1,USDT,348750660,2.56,9.52
2024-07-14,Curve,Optimism,8.4,USDC,391557844,2.23,10.91
2024-07-14,Curve,Optimism,7.56,USDT,346057639,1.72,7.11
2024-07-14,Curve,Optimism,9.84,DAI,312203887,2.73,9.64
2024-07-14,Curve,Polygon,10.56,USDC,353657206,1.06,7.29
2024-07-14,Curve,Polygon,8.76,USDT,349131012,0.82,10.52
2024-07-14,Curve,Polygon,12.01,DAI,351314815,0.85,6.09
2024-07-14,Curve,Base,8.73,USDC,325089419,2.2,7.09
2024-07-14,Curve,Base,9.51,USDT,324115491,2.49,14.26
2024-07-14,Curve,Base,9.54,DAI,337296589,2.21,8.39
2024-07-14,Uniswap V3,Ethereum,10.13,USDC,90493974,22.55,0
2024-07-14,Uniswap V3,Ethereum,9.08,USDT,103545680,23.68,0
2024-07-14,Uniswap V3,Ethereum,9.69,DAI,100185489,25.62,0
2024-07-14,Uniswap V3,Arbitrum,11.35,USDC,105755264,2.14,12.72
2024-07-14,Uniswap V3,Arbitrum,10.18,USDT,108946560,2.33,13.54
2024-07-14,Uniswap V3,Arbitrum,12.5,DAI,101509587,1.74,8.84
2024-07-14,Uniswap V3,Optimism,10.68,USDC,103344991,1.5,9.25
2024-07-14,Uniswap V3,Optimism,9.24,USDT,112505084,2.25,8.11
2024-07-14,Uniswap V3,Optimism,10.96,DAI,102537494,1.72,9.66
2024-07-14,Uniswap V3,Polygon,11.39,USDT,103515149,1.2,8.68
2024-07-14,Uniswap V3,Polygon,10.3,DAI,112078659,0.9,8.62
2024-07-14,Uniswap V3,Base,11.36,USDC,96991828,2.2,14.46
2024-07-14,Uniswap V3,Base,11.33,USDT,104723057,2.21,10.59
2024-07-14,Uniswap V3,Base,13.05,DAI,98960107,2.32,10.23
2024-07-14,Yearn,Ethereum,4.44,USDT,123438823,28.71,0
2024-07-14,Yearn,Ethereum,3.61,DAI,128400309,28.13,0
2024-07-14,Yearn,Arbitrum,4.45,USDC,129525013,2.18,8.16
2024-07-14,Yearn,Arbitrum,5.08,USDT,128972547,1.83,10.67
2024-07-14,Yearn,Arbitrum,4.91,DAI,131131113,1.97,11.55
2024-07-14,Yearn,Optimism,5.17,USDC,128049977,1.34,6.99
2024-07-14,Yearn,Optimism,4.5,USDT,130806118,1.57,11.53
2024-07-14,Yearn,Optimism,4.77,DAI,123684614,1.36,8.03
2024-07-14,Yearn,Polygon,5.65,USDT,131176335,0.55,9.64
2024-07-14,Yearn,Polygon,4.91,DAI,132236571,0.95,9.24
2024-07-14,Yearn,Base,4.68,USDC,117081652,2.6,6.64
2024-07-14,Yearn,Base,4.79,USDT,126525579,2.59,10.24
2024-07-14,Yearn,Base,4.75,DAI,127934867,2.7,6.93
2024-07-14,Pendle,Ethereum,11.4,USDC,78594724,27.3,0
2024-07-14,Pendle,Ethereum,12.09,USDT,81723891,19.24,0
2024-07-14,Pendle,Ethereum,12.26,DAI,79583514,29.66,0
2024-07-14,Pendle,Arbitrum,14.12,USDC,84379923,1.66,12.42
2024-07-14,Pendle,Arbitrum,12.67,USDT,82041475,1.83,9.93
2024-07-14,Pendle,Arbitrum,15.7,DAI,77252027,2.14,7.59
2024-07-14,Pendle,Optimism,12.37,USDC,79361991,1.4,9.56
2024-07-14,Pendle,Optimism,13.02,USDT,80517718,1.54,7.85
2024-07-14,Pendle,Optimism,13.56,DAI,75764118,2.16,9.12
2024-07-14,Pendle,Base,15.12,USDC,84217912,1.81,7.39
2024-07-14,Pendle,Base,12.14,USDT,83126718,2.16,7.51
2024-07-14,Pendle,Base,14.79,DAI,80022227,2.28,10.31
2024-07-14,Convex,Ethereum,5.44,USDC,153498690,35.83,0
2024-07-14,Convex,Ethereum,5.33,USDT,150916908,33.05,0
2024-07-14,Convex,Ethereum,5.5,DAI,164664232,19.75,0
2024-07-14,Balancer,Ethereum,6.87,USDC,118846596,28.32,0
2024-07-14,Balancer,Ethereum,10.01,USDT,115569190,31.96,0
2024-07-14,Balancer,Ethereum,8.02,DAI,118925268,29.42,0
2024-07-14,Balancer,Arbitrum,10.97,USDC,113328395,2.16,12.02
2024-07-14,Balancer,Arbitrum,10.83,USDT,108970629,2.41,16.94
2024-07-14,Balancer,Arbitrum,8.82,DAI,123037082,2.96,12.48
2024-07-14,Balancer,Optimism,10.34,USDT,108889625,1.91,6.11
2024-07-14,Balancer,Optimism,11.59,DAI,117770871,1.42,9.05
2024-07-14,Balancer,Polygon,10.05,USDC,121053235,1.03,8.68
2024-07-14,Balancer,Polygon,12.93,USDT,110939788,1.1,7.23
2024-07-14,Balancer,Polygon,9.07,DAI,119368391,0.92,7.62
2024-07-14,Balancer,Base,9.51,USDC,122482361,2.64,9.37
2024-07-14,Balancer,Base,10.42,USDT,125410007,2.45,7.24
2024-07-14,Balancer,Base,12.16,DAI,112665621,1.75,9.72
2024-07-15,Aave,Ethereum,3.39,USDC,257889626,43.12,0
2024-07-15,Aave,Ethereum,3.4,USDT,271160413,44.52,0
2024-07-15,Aave,Ethereum,3.04,DAI,274229654,36.88,0
2024-07-15,Aave,Arbitrum,3.8,USDT,252272550,4.15,10.64
2024-07-15,Aave,Arbitrum,4.18,DAI,248304442,2.54,11.41
2024-07-15,Aave,Optimism,4.07,USDC,243040971,3.73,7.59
2024-07-15,Aave,Optimism,4.04,USDT,274156824,3.58,11.34
2024-07-15,Aave,Polygon,4.21,USDC,271258138,1.14,10.75
2024-07-15,Aave,Polygon,3.77,USDT,268711229,0.91,6.51
2024-07-15,Aave,Polygon,4.07,DAI,270928083,1.45,8.09
2024-07-15,Aave,Base,3.79,USDC,265032495,3.08,8.06
2024-07-15,Aave,Base,4.33,USDT,252320576,3.56,6.93
2024-07-15,Aave,Base,3.65,DAI,266531809,3.13,11.61
2024-07-15,Compound,Ethereum,3.03,USDC,190969706,44.75,0
2024-07-15,Compound,Ethereum,2.92,USDT,168836176,36.88,0
2024-07-15,Compound,Ethereum,2.72,DAI,197947776,44.08,0
2024-07-15,Compound,Arbitrum,3.62,USDC,180247427,4.67,11.79
2024-07-15,Compound,Arbitrum,3.58,USDT,183363881,4.59,13.42
2024-07-15,Compound,Arbitrum,4.16,DAI,175661142,3.88,10.71
2024-07-15,Compound,Optimism,3.69,USDC,188036353,1.88,10.51
2024-07-15,Compound,Optimism,3.68,USDT,169040426,3.43,12.54
2024-07-15,Compound,Optimism,3.61,DAI,197499515,3.57,6.61
2024-07-15,Compound,Polygon,3.96,USDC,171602661,1.35,7.3
2024-07-15,Compound,Polygon,4.0,USDT,178152268,1.3,8.47
2024-07-15,Compound,Polygon,3.67,DAI,179869486,1.47,7.62
2024-07-15,Compound,Base,3.68,USDC,196545820,2.98,10.33
2024-07-15,Compound,Base,3.65,USDT,177283123,3.77,8.77
2024-07-15,Compound,Base,3.59,DAI,173615397,3.12,11.11
2024-07-15,Curve,Ethereum,9.55,USDC,331021701,40.73,0
2024-07-15,Curve,Ethereum,8.21,USDT,341655393,49.17,0
2024-07-15,Curve,Ethereum,7.28,DAI,316959641,42.16,0
2024-07-15,Curve,Arbitrum,9.08,USDC,326800965,2.68,10.12
2024-07-15,Curve,Arbitrum,10.22,USDT,345003911,1.71,9.61
2024-07-15,Curve,Arbitrum,8.57,DAI,306634420,3.34,9.09
2024-07-15,Curve,Optimism,9.93,USDC,343642642,3.07,8.04
2024-07-15,Curve,Optimism,8.48,DAI,322533240,3.16,10.21
2024-07-15,Curve,Polygon,11.26,USDC,333198845,1.92,7.88
2024-07-15,Curve,Polygon,10.18,USDT,328795332,1.35,5.0
2024-07-15,Curve,Polygon,10.44,DAI,342702777,1.14,8.32
2024-07-15,Curve,Base,8.49,USDC,311130862,3.53,9.94
2024-07-15,Curve,Base,9.07,USDT,363682601,4.27,10.34
2024-07-15,Curve,Base,11.18,DAI,351572791,3.39,6.8
2024-07-15,Uniswap V3,Ethereum,9.52,USDC,96655983,43.99,0
2024-07-15,Uniswap V3,Ethereum,11.02,USDT,102427113,42.29,0
2024-07-15,Uniswap V3,Ethereum,8.96,DAI,103747774,44.4,0
2024-07-15,Uniswap V3,Arbitrum,11.13,USDC,103201489,3.26,9.97
2024-07-15,Uniswap V3,Arbitrum,11.36,USDT,92964015,2.92,12.28
2024-07-15,Uniswap V3,Arbitrum,11.21,DAI,99007758,3.66,17.63
2024-07-15,Uniswap V3,Optimism,9.52,USDC,88395866,3.27,7.86
2024-07-15,Uniswap V3,Optimism,9.1,USDT,92405404,2.4,12.95
2024-07-15,Uniswap V3,Optimism,10.32,DAI,100424520,2.86,5.15
2024-07-15,Uniswap V3,Polygon,12.08,USDC,93654932,1.04,5.95
2024-07-15,Uniswap V3,Polygon,11.42,USDT,109338622,1.39,10.07
2024-07-15,Uniswap V3,Polygon,12.32,DAI,86710153,1.35,7.24
2024-07-15,Uniswap V3,Base,10.67,USDC,96343200,3.54,10.4
2024-07-15,Uniswap V3,Base,10.7,USDT,98361534,3.71,8.76
2024-07-15,Uniswap V3,Base,9.22,DAI,98283163,3.36,8.05
2024-07-15,Yearn,Ethereum,4.05,USDC,118419987,41.4,0
2024-07-15,Yearn,Ethereum,3.9,USDT,120996261,48.56,0
2024-07-15,Yearn,Ethereum,4.28,DAI,120143172,51.63,0
2024-07-15,Yearn,Arbitrum,4.68,USDC,135409698,3.77,13.21
2024-07-15,Yearn,Arbitrum,5.07,DAI,123874464,1.99,13.04
2024-07-15,Yearn,Optimism,4.98,USDC,131187440,3.29,9.59
2024-07-15,Yearn,Optimism,4.47,USDT,133529316,3.36,8.36
2024-07-15,Yearn,Polygon,5.46,USDC,127519680,1.54,7.62
2024-07-15,Yearn,Polygon,4.83,DAI,129289153,1.45,8.74
2024-07-15,Yearn,Base,4.8,USDC,123876504,3.19,9.53
2024-07-15,Yearn,Base,5.27,USDT,126506532,3.38,11.62
2024-07-15,Yearn,Base,5.07,DAI,130203488,3.72,12.2
2024-07-15,Pendle,Ethereum,10.91,USDC,79688121,37.45,0
2024-07-15,Pendle,Ethereum,11.54,USDT,81275067,37.59,0
2024-07-15,Pendle,Arbitrum,12.8,USDC,78476931,4.61,10.71
2024-07-15,Pendle,Arbitrum,16.98,USDT,76787068,3.7,10.29
2024-07-15,Pendle,Arbitrum,14.33,DAI,68756345,3.17,15.19
2024-07-15,Pendle,Optimism,12.32,USDC,81026600,2.39,9.46
2024-07-15,Pendle,Optimism,13.61,USDT,83000580,2.3,7.42
2024-07-15,Pendle,Optimism,15.38,DAI,78057476,2.51,7.26
2024-07-15,Pendle,Base,10.43,USDC,74958534,3.67,10.4
2024-07-15,Pendle,Base,12.9,USDT,76671905,3.39,12.67
2024-07-15,Convex,Ethereum,5.39,USDC,159636438,44.17,0
2024-07-15,Convex,Ethereum,6.02,USDT,166654666,39.8,0
2024-07-15,Convex,Ethereum,6.48,DAI,165633738,40.53,0
2024-07-15,Balancer,Ethereum,7.84,USDC,114753103,52.72,0
2024-07-15,Balancer,Ethereum,8.49,USDT,113028641,36.21,0
2024-07-15,Balancer,Ethereum,7.64,DAI,105152292,36.12,0
2024-07-15,Balancer,Arbitrum,11.21,USDC,114854433,1.86,11.55
2024-07-15,Balancer,Arbitrum,10.31,USDT,114722065,3.6,15.33
2024-07-15,Balancer,Arbitrum,10.06,DAI,117359447,4.02,14.14
2024-07-15,Balancer,Optimism,9.23,USDC,115332423,2.47,9.96
2024-07-15,Balancer,Optimism,10.45,USDT,113913911,3.55,11.42
2024-07-15,Balancer,Polygon,10.68,USDC,112302076,0.94,9.11
2024-07-15,Balancer,Polygon,9.84,USDT,118903393,1.43,7.23
2024-07-15,Balancer,Base,9.7,USDC,110343964,3.35,9.31
2024-07-15,Balancer,Base,12.13,USDT,112160545,3.0,8.48
2024-07-15,Balancer,Base,8.9,DAI,105828531,3.23,10.03
2024-07-16,Aave,Ethereum,3.87,USDT,275117630,19.87,0
2024-07-16,Aave,Ethereum,3.33,DAI,258296104,24.98,0
2024-07-16,Aave,Arbitrum,4.15,USDC,263942379,3.79,10.82
2024-07-16,Aave,Arbitrum,4.16,USDT,249013739,4.29,16.58
2024-07-16,Aave,Arbitrum,4.42,DAI,250647344,4.7,8.63
2024-07-16,Aave,Optimism,3.74,USDC,267222773,2.55,6.98
2024-07-16,Aave,Optimism,4.1,USDT,254006703,3.9,9.77
2024-07-16,Aave,Optimism,4.11,DAI,254955143,3.2,9.83
2024-07-16,Aave,Polygon,4.47,USDC,235796808,1.3,8.16
2024-07-16,Aave,Polygon,3.91,USDT,257100616,0.79,6.79
2024-07-16,Aave,Polygon,4.27,DAI,269083807,1.2,6.85
2024-07-16,Aave,Base,4.07,USDC,268827635,3.56,6.89
2024-07-16,Aave,Base,4.28,USDT,249763165,3.45,13.15
2024-07-16,Aave,Base,3.7,DAI,258501079,3.24,9.74
2024-07-16,Compound,Ethereum,3.31,USDT,172391762,51.34,0
2024-07-16,Compound,Ethereum,3.19,DAI,167989286,36.91,0
2024-07-16,Compound,Arbitrum,4.04,USDC,185448229,3.21,11.31
2024-07-16,Compound,Arbitrum,3.81,USDT,197061610,3.22,14.1
2024-07-16,Compound,Optimism,3.56,USDC,182012347,2.02,8.51
2024-07-16,Compound,Optimism,3.84,USDT,193634431,2.03,8.03
2024-07-16,Compound,Optimism,3.41,DAI,185671558,3.31,13.06
2024-07-16,Compound,Polygon,3.97,USDC,199172123,1.1,8.85
2024-07-16,Compound,Polygon,4.04,USDT,186178418,1.5,7.27
2024-07-16,Compound,Polygon,3.93,DAI,182297290,1.89,8.12
2024-07-16,Compound,Base,3.81,USDC,179562291,2.77,7.51
2024-07-16,Compound,Base,4.08,USDT,181278111,3.59,11.09
2024-07-16,Compound,Base,4.11,DAI,186782187,2.98,6.4
2024-07-16,Curve,Ethereum,9.4,USDC,340295404,32.81,0
2024-07-16,Curve,Ethereum,6.11,USDT,335129289,51.99,0
2024-07-16,Curve,Ethereum,7.73,DAI,312039536,50.76,0
2024-07-16,Curve,Arbitrum,10.08,USDC,323891489,2.02,10.72
2024-07-16,Curve,Arbitrum,9.93,USDT,316428553,5.27,12.37
2024-07-16,Curve,Arbitrum,10.04,DAI,335355803,2.76,16.68
2024-07-16,Curve,Optimism,9.23,USDC,341549756,1.99,8.28
2024-07-16,Curve,Optimism,10.62,USDT,323722777,3.24,8.99
2024-07-16,Curve,Optimism,7.18,DAI,367137863,2.86,9.85
2024-07-16,Curve,Polygon,11.49,USDC,319315770,1.63,9.73
2024-07-16,Curve,Polygon,9.07,USDT,333461587,1.42,6.12
2024-07-16,Curve,Polygon,12.35,DAI,330871709,1.31,8.82
2024-07-16,Curve,Base,9.85,USDC,339998306,2.9,10.28
2024-07-16,Curve,Base,10.1,DAI,308067760,3.21,10.54
2024-07-16,Uniswap V3,Ethereum,8.43,USDC,95264780,35.47,0
2024-07-16,Uniswap V3,Ethereum,7.4,USDT,89802108,45.12,0
2024-07-16,Uniswap V3,Ethereum,10.04,DAI,92087898,33.38,0
2024-07-16,Uniswap V3,Arbitrum,11.73,USDC,100462924,3.01,8.72
2024-07-16,Uniswap V3,Arbitrum,9.72,USDT,102214527,3.71,13.2
2024-07-16,Uniswap V3,Arbitrum,9.16,DAI,102918674,2.83,13.08
2024-07-16,Uniswap V3,Optimism,9.39,USDC,104105809,2.53,9.09
2024-07-16,Uniswap V3,Optimism,9.58,USDT,92511392,3.45,7.81
2024-07-16,Uniswap V3,Optimism,9.39,DAI,104204730,2.56,6.7
2024-07-16,Uniswap V3,Polygon,12.48,USDC,95082575,1.54,7.65
2024-07-16,Uniswap V3,Polygon,12.04,USDT,87652267,1.31,9.79
2024-07-16,Uniswap V3,Polygon,10.01,DAI,94193596,1.86,9.14
2024-07-16,Uniswap V3,Base,10.52,USDC,98909451,3.11,9.39
2024-07-16,Uniswap V3,Base,11.08,USDT,93275485,3.39,12.99
2024-07-16,Uniswap V3,Base,9.88,DAI,96123179,2.71,12.6
2024-07-16,Yearn,Ethereum,4.54,USDC,134119420,41.09,0
2024-07-16,Yearn,Ethereum,4.38,USDT,129724384,47.99,0
2024-07-16,Yearn,Ethereum,4.05,DAI,124358573,43.79,0
2024-07-16,Yearn,Arbitrum,4.79,USDC,129033247,3.05,12.45
2024-07-16,Yearn,Arbitrum,4.93,USDT,122920727,4.38,11.3
2024-07-16,Yearn,Arbitrum,5.21,DAI,120876339,2.84,9.62
2024-07-16,Yearn,Optimism,4.88,USDC,129406617,2.83,8.15
2024-07-16,Yearn,Optimism,4.84,USDT,133905125,3.27,9.62
2024-07-16,Yearn,Optimism,4.83,DAI,131735676,2.73,7.42
2024-07-16,Yearn,Polygon,4.57,USDC,127019915,1.88,7.25
2024-07-16,Yearn,Polygon,5.37,USDT,123598903,1.72,6.65
2024-07-16,Yearn,Polygon,5.31,DAI,125143247,1.42,8.72
2024-07-16,Yearn,Base,4.75,USDC,123325977,3.52,12.27
2024-07-16,Yearn,Base,4.96,USDT,133934587,3.72,9.57
2024-07-16,Yearn,Base,4.56,DAI,121271580,2.54,9.62
2024-07-16,Pendle,Ethereum,8.78,USDC,80672779,27.86,0
2024-07-16,Pendle,Ethereum,9.8,USDT,71810241,34.45,0
2024-07-16,Pendle,Ethereum,11.63,DAI,78049879,56.25,0
2024-07-16,Pendle,Arbitrum,12.1,USDC,75092914,4.87,9.14
2024-07-16,Pendle,Arbitrum,12.84,USDT,68110567,2.6,6.94
2024-07-16,Pendle,Arbitrum,14.98,DAI,83135695,3.02,11.76
2024-07-16,Pendle,Optimism,15.03,USDC,77131178,2.95,12.1
2024-07-16,Pendle,Optimism,12.12,USDT,68503349,2.63,10.34
2024-07-16,Pendle,Optimism,14.5,DAI,75812812,2.55,9.49
2024-07-16,Pendle,Base,16.3,USDC,73049232,3.56,10.31
2024-07-16,Pendle,Base,14.18,DAI,78683400,3.32,13.19
2024-07-16,Convex,Ethereum,5.67,USDC,159337777,43.57,0
2024-07-16,Convex,Ethereum,5.15,USDT,147152124,43.67,0
2024-07-16,Convex,Ethereum,5.52,DAI,154021175,62.24,0
2024-07-16,Balancer,Ethereum,6.27,USDC,111693453,37.71,0
2024-07-16,Balancer,Ethereum,8.05,USDT,112617066,49.33,0
2024-07-16,Balancer,Ethereum,10.78,DAI,124048291,45.46,0
2024-07-16,Balancer,Arbitrum,9.13,USDC,113732403,4.21,11.2
2024-07-16,Balancer,Arbitrum,12.89,USDT,110510229,2.73,11.34
2024-07-16,Balancer,Arbitrum,10.15,DAI,117930671,2.64,13.23
2024-07-16,Balancer,Optimism,9.03,USDC,106159877,2.39,6.35
2024-07-16,Balancer,Optimism,9.25,USDT,130025948,2.49,8.87
2024-07-16,Balancer,Polygon,12.33,USDC,121731122,1.2,5.75
2024-07-16,Balancer,Polygon,10.57,USDT,116162071,0.91,7.46
2024-07-16,Balancer,Polygon,10.85,DAI,103281975,1.51,5.52
2024-07-16,Balancer,Base,9.67,USDC,98950199,2.81,10.84
2024-07-16,Balancer,Base,11.73,USDT,111283544,3.24,8.36
2024-07-16,Balancer,Base,11.11,DAI,101086167,3.29,7.36
2024-07-17,Aave,Ethereum,3.2,USDC,245117582,50.28,0
2024-07-17,Aave,Ethereum,3.42,USDT,248331925,33.4,0
2024-07-17,Aave,Ethereum,3.05,DAI,231807736,52.39,0
2024-07-17,Aave,Arbitrum,4.29,USDC,255953718,3.92,12.52
2024-07-17,Aave,Arbitrum,3.74,USDT,256643967,3.91,11.85
2024-07-17,Aave,Arbitrum,4.16,DAI,249055702,3.25,9.94
2024-07-17,Aave,Optimism,4.57,USDC,246837211,2.94,10.59
2024-07-17,Aave,Optimism,4.0,USDT,263922618,3.42,8.07
2024-07-17,Aave,Optimism,3.99,DAI,265856201,3.74,6.88
2024-07-17,Aave,Polygon,4.13,USDC,236791000,1.2,8.98
2024-07-17,Aave,Polygon,4.3,USDT,246459298,1.19,8.14
2024-07-17,Aave,Polygon,4.43,DAI,252405647,1.55,6.24
2024-07-17,Aave,Base,4.33,USDC,242812338,3.11,11.03
2024-07-17,Aave,Base,4.33,USDT,248718409,2.9,8.3
2024-07-17,Aave,Base,4.35,DAI,255027389,3.51,13.71
2024-07-17,Compound,Ethereum,3.63,USDC,175483300,36.69,0
2024-07-17,Compound,Ethereum,3.44,USDT,184490158,40.56,0
2024-07-17,Compound,Arbitrum,3.53,USDC,182548255,3.86,16.98
2024-07-17,Compound,Arbitrum,4.17,USDT,187623193,2.43,7.54
2024-07-17,Compound,Arbitrum,4.15,DAI,178607138,3.17,13.89
2024-07-17,Compound,Optimism,3.84,USDC,175856462,2.65,8.57
2024-07-17,Compound,Optimism,3.63,USDT,164654137,2.68,8.94
2024-07-17,Compound,Optimism,3.49,DAI,192752342,2.92,9.02
2024-07-17,Compound,Polygon,4.18,USDC,181316731,1.18,5.94
2024-07-17,Compound,Polygon,4.03,USDT,186808566,1.6,8.12
2024-07-17,Compound,Polygon,3.93,DAI,172861652,1.46,8.31
2024-07-17,Compound,Base,3.35,USDC,175242508,4.4,8.57
2024-07-17,Compound,Base,3.87,USDT,187641032,2.75,13.54
2024-07-17,Compound,Base,4.15,DAI,189603080,3.45,12.29
2024-07-17,Curve,Ethereum,8.82,USDC,328522737,37.57,0
2024-07-17,Curve,Ethereum,6.8,USDT,321830607,58.95,0
2024-07-17,Curve,Ethereum,7.41,DAI,336502078,52.7,0
2024-07-17,Curve,Arbitrum,9.64,USDC,350842005,3.22,10.96
2024-07-17,Curve,Arbitrum,9.9,USDT,324064543,3.9,15.61
2024-07-17,Curve,Arbitrum,7.37,DAI,328332485,2.67,13.34
2024-07-17,Curve,Optimism,11.28,USDC,326267618,3.52,9.28
2024-07-17,Curve,Optimism,10.64,USDT,310857112,3.04,8.26
2024-07-17,Curve,Optimism,7.32,DAI,335197664,3.07,6.06
2024-07-17,Curve,Polygon,9.75,USDC,321245529,1.87,9.38
2024-07-17,Curve,Polygon,10.17,USDT,348840005,2.1,11.14
2024-07-17,Curve,Polygon,9.77,DAI,317381018,1.34,5.65
2024-07-17,Curve,Base,11.5,USDC,326384546,2.31,8.97
2024-07-17,Curve,Base,10.25,USDT,307298222,3.63,7.97
2024-07-17,Curve,Base,10.23,DAI,326207141,3.88,13.48
2024-07-17,Uniswap V3,Ethereum,9.92,USDC,95418604,47.91,0
2024-07-17,Uniswap V3,Ethereum,8.1,USDT,98581744,40.94,0
2024-07-17,Uniswap V3,Arbitrum,10.49,USDC,95438867,3.99,8.94
2024-07-17,Uniswap V3,Arbitrum,12.42,USDT,94150002,5.4,11.67
2024-07-17,Uniswap V3,Arbitrum,12.15,DAI,94828675,3.85,14.45
2024-07-17,Uniswap V3,Optimism,10.54,USDC,96865507,2.64,8.23
2024-07-17,Uniswap V3,Optimism,12.49,USDT,97931550,2.08,6.55
2024-07-17,Uniswap V3,Optimism,10.37,DAI,95768780,2.86,6.31
2024-07-17,Uniswap V3,Polygon,8.8,USDC,98259940,1.43,7.68
2024-07-17,Uniswap V3,Polygon,12.18,USDT,97933735,1.49,7.14
2024-07-17,Uniswap V3,Polygon,10.02,DAI,97448923,2.24,8.61
2024-07-17,Uniswap V3,Base,9.19,USDC,91826587,3.63,10.42
2024-07-17,Uniswap V3,Base,7.47,USDT,93053549,3.7,9.44
2024-07-17,Uniswap V3,Base,9.77,DAI,94654517,3.69,11.19
2024-07-17,Yearn,Ethereum,3.85,USDC,129940347,47.83,0
2024-07-17,Yearn,Ethereum,4.11,USDT,125326140,46.86,0
2024-07-17,Yearn,Arbitrum,5.22,USDC,117675179,3.18,14.52
2024-07-17,Yearn,Arbitrum,4.67,USDT,127581113,3.51,9.97
2024-07-17,Yearn,Arbitrum,5.34,DAI,118698427,2.57,15.56
2024-07-17,Yearn,Optimism,4.95,USDC,135251496,3.03,10.12
2024-07-17,Yearn,Optimism,5.01,USDT,109912947,3.29,5.79
2024-07-17,Yearn,Optimism,4.83,DAI,113214739,3.14,10.46
2024-07-17,Yearn,Polygon,5.43,DAI,121186520,1.88,9.25
2024-07-17,Yearn,Base,5.03,USDC,119117869,3.28,10.08
2024-07-17,Yearn,Base,5.18,USDT,123243015,2.94,10.75
2024-07-17,Yearn,Base,4.32,DAI,116591702,3.14,8.71
2024-07-17,Pendle,Ethereum,9.65,USDC,80206574,35.68,0
2024-07-17,Pendle,Ethereum,12.65,USDT,69240267,43.22,0
2024-07-17,Pendle,Arbitrum,17.04,USDC,78309353,4.43,11.07
2024-07-17,Pendle,Arbitrum,11.68,USDT,80142456,3.21,14.29
2024-07-17,Pendle,Optimism,10.11,USDC,76530133,2.23,9.07
2024-07-17,Pendle,Optimism,14.56,USDT,82153781,3.48,9.45
2024-07-17,Pendle,Optimism,12.39,DAI,76554517,2.36,9.84
2024-07-17,Pendle,Base,16.4,USDC,73886837,3.04,11.03
2024-07-17,Pendle,Base,13.5,USDT,73705570,3.21,13.5
2024-07-17,Pendle,Base,12.89,DAI,81440369,3.12,8.21
2024-07-17,Convex,Ethereum,4.93,USDC,159815287,34.97,0
2024-07-17,Convex,Ethereum,5.71,USDT,156019140,48.18,0
2024-07-17,Convex,Ethereum,5.18,DAI,153866420,48.22,0
2024-07-17,Balancer,Ethereum,9.36,USDC,110765073,43.94,0
2024-07-17,Balancer,Ethereum,7.44,USDT,102040942,45.76,0
2024-07-17,Balancer,Ethereum,9.26,DAI,119497593,38.25,0
2024-07-17,Balancer,Arbitrum,10.53,USDC,115346345,3.17,10.11
2024-07-17,Balancer,Arbitrum,11.57,DAI,116455255,3.73,13.92
2024-07-17,Balancer,Optimism,9.64,USDC,105998411,2.38,8.93
2024-07-17,Balancer,Optimism,11.65,USDT,110835021,2.61,7.77
2024-07-17,Balancer,Optimism,9.95,DAI,110001116,2.8,9.15
2024-07-17,Balancer,Polygon,9.12,USDC,111570272,1.62,5.94
2024-07-17,Balancer,Polygon,10.79,USDT,103644073,1.33,6.97
2024-07-17,Balancer,Polygon,10.98,DAI,107341855,1.36,6.59
2024-07-17,Balancer,Base,11.8,USDC,104774697,3.19,6.8
2024-07-18,Aave,Ethereum,3.06,USDC,224075740,47.33,0
2024-07-18,Aave,Ethereum,3.64,USDT,245075719,55.06,0
2024-07-18,Aave,Ethereum,3.66,DAI,248263069,41.92,0
2024-07-18,Aave,Arbitrum,4.13,USDC,236269832,2.83,13.16
2024-07-18,Aave,Arbitrum,3.63,USDT,253279908,4.28,12.94
2024-07-18,Aave,Arbitrum,4.05,DAI,242553097,5.07,13.47
2024-07-18,Aave,Optimism,3.81,USDC,254571031,2.53,7.72
2024-07-18,Aave,Optimism,4.0,USDT,240215620,2.02,12.09
2024-07-18,Aave,Optimism,3.81,DAI,258155209,3.53,10.13
2024-07-18,Aave,Polygon,4.03,USDC,226200748,1.28,6.55
2024-07-18,Aave,Polygon,4.59,USDT,257266034,1.67,6.43
2024-07-18,Aave,Polygon,4.29,DAI,265873889,1.46,8.66
2024-07-18,Aave,Base,3.71,USDC,269903069,3.26,6.2
2024-07-18,Aave,Base,3.36,USDT,262371546,3.28,11.56
2024-07-18,Aave,Base,4.02,DAI,260968361,3.93,12.26
2024-07-18,Compound,Ethereum,3.01,USDC,180170015,45.67,0
2024-07-18,Compound,Ethereum,2.97,DAI,184733716,31.3,0
2024-07-18,Compound,Arbitrum,3.84,USDC,186031382,2.34,16.0
2024-07-18,Compound,Arbitrum,3.97,USDT,184345906,3.85,14.96
2024-07-18,Compound,Arbitrum,4.37,DAI,188041204,3.37,14.37
2024-07-18,Compound,Optimism,3.57,USDC,154386742,2.88,7.85
2024-07-18,Compound,Optimism,3.79,USDT,186348902,2.96,10.8
2024-07-18,Compound,Optimism,3.67,DAI,186769871,3.23,5.02
2024-07-18,Compound,Polygon,4.3,USDC,184736358,1.61,5.89
2024-07-18,Compound,Polygon,4.18,USDT,175600071,2.07,8.39
2024-07-18,Compound,Polygon,3.74,DAI,176908257,1.45,8.06
2024-07-18,Compound,Base,3.68,USDT,179710197,3.89,7.0
2024-07-18,Compound,Base,3.7,DAI,179381304,3.51,9.77
2024-07-18,Curve,Ethereum,8.88,USDC,319014559,34.46,0
2024-07-18,Curve,Ethereum,7.97,USDT,330809261,37.73,0
2024-07-18,Curve,Arbitrum,8.72,USDT,323460588,4.78,10.89
2024-07-18,Curve,Arbitrum,10.57,DAI,299466471,4.68,10.99
2024-07-18,Curve,Optimism,6.94,USDC,320550077,3.72,8.15
2024-07-18,Curve,Optimism,9.29,USDT,307812878,2.18,12.04
2024-07-18,Curve,Optimism,8.46,DAI,306241121,3.26,12.44
2024-07-18,Curve,Polygon,9.46,USDC,316040692,0.96,8.39
2024-07-18,Curve,Polygon,12.04,USDT,305553047,1.39,6.23
2024-07-18,Curve,Base,8.47,USDC,362701115,3.61,12.88
2024-07-18,Curve,Base,8.98,USDT,337832117,3.01,9.99
2024-07-18,Curve,Base,9.32,DAI,311114990,3.32,8.66
2024-07-18,Uniswap V3,Ethereum,9.23,USDT,93229665,38.15,0
2024-07-18,Uniswap V3,Ethereum,6.43,DAI,105650377,44.07,0
2024-07-18,Uniswap V3,Arbitrum,13.89,USDC,89165664,4.95,12.65
2024-07-18,Uniswap V3,Arbitrum,11.6,DAI,94456327,2.38,11.84
2024-07-18,Uniswap V3,Optimism,10.08,USDC,94693091,3.21,8.43
2024-07-18,Uniswap V3,Optimism,10.2,USDT,95683071,3.12,9.03
2024-07-18,Uniswap V3,Optimism,11.35,DAI,90608251,3.54,8.69
2024-07-18,Uniswap V3,Polygon,11.57,USDT,98327310,1.49,10.53
2024-07-18,Uniswap V3,Base,11.13,USDC,97784028,2.93,8.58
2024-07-18,Uniswap V3,Base,11.84,USDT,93118586,2.91,11.76
2024-07-18,Uniswap V3,Base,9.35,DAI,99208608,3.98,10.63
2024-07-18,Yearn,Ethereum,3.85,USDC,113246106,38.82,0
2024-07-18,Yearn,Ethereum,4.22,USDT,120153352,47.08,0
2024-07-18,Yearn,Ethereum,3.99,DAI,125761500,44.76,0
2024-07-18,Yearn,Arbitrum,4.74,USDC,112833422,4.92,8.28
2024-07-18,Yearn,Arbitrum,5.2,USDT,114256999,4.45,18.04
2024-07-18,Yearn,Arbitrum,5.42,DAI,111882316,4.11,11.67
2024-07-18,Yearn,Optimism,5.05,USDC,121579562,3.47,9.23
2024-07-18,Yearn,Optimism,4.73,USDT,133324295,3.55,5.78
2024-07-18,Yearn,Optimism,4.4,DAI,122174264,3.45,6.87
2024-07-18,Yearn,Polygon,5.32,USDC,113925777,1.76,7.74
2024-07-18,Yearn,Polygon,4.78,USDT,127627665,1.52,8.03
2024-07-18,Yearn,Polygon,5.54,DAI,121274164,1.09,7.64
2024-07-18,Yearn,Base,4.53,USDC,129690042,3.65,10.06
2024-07-18,Yearn,Base,4.75,USDT,133096239,3.12,13.26
2024-07-18,Yearn,Base,5.03,DAI,112593833,3.42,9.94
2024-07-18,Pendle,Ethereum,10.94,USDC,74615456,33.04,0
2024-07-18,Pendle,Ethereum,10.69,DAI,72922492,47.22,0
2024-07-18,Pendle,Arbitrum,18.8,USDC,76375717,3.05,14.17
2024-07-18,Pendle,Arbitrum,10.32,USDT,78693016,3.54,11.05
2024-07-18,Pendle,Arbitrum,12.02,DAI,78380676,3.28,8.58
2024-07-18,Pendle,Optimism,14.48,USDC,79031365,3.07,8.12
2024-07-18,Pendle,Optimism,10.86,USDT,69915859,3.01,9.33
2024-07-18,Pendle,Optimism,13.13,DAI,74111830,3.09,7.86
2024-07-18,Pendle,Base,13.98,USDC,73856334,3.2,10.1
2024-07-18,Pendle,Base,14.21,USDT,76811006,2.95,11.69
2024-07-18,Pendle,Base,12.19,DAI,76694505,2.74,9.55
2024-07-18,Convex,Ethereum,5.33,USDC,148593831,56.08,0
2024-07-18,Convex,Ethereum,6.21,USDT,158469029,32.26,0
2024-07-18,Convex,Ethereum,6.47,DAI,155895571,33.4,0
2024-07-18,Balancer,Ethereum,8.01,USDT,106759726,32.38,0
2024-07-18,Balancer,Ethereum,7.21,DAI,107600842,36.3,0
2024-07-18,Balancer,Arbitrum,9.12,USDC,117306963,2.77,10.3
2024-07-18,Balancer,Arbitrum,11.02,USDT,117990293,2.65,7.57
2024-07-18,Balancer,Arbitrum,10.36,DAI,106147789,3.6,11.06
2024-07-18,Balancer,Optimism,11.21,USDC,113585678,2.5,7.9
2024-07-18,Balancer,Optimism,9.96,USDT,114770042,3.6,10.87
2024-07-18,Balancer,Optimism,9.5,DAI,111442298,3.25,11.96
2024-07-18,Balancer,Polygon,10.59,USDC,114797729,1.58,9.88
2024-07-18,Balancer,Polygon,11.67,USDT,107370429,1.76,6.03
2024-07-18,Balancer,Base,8.59,USDT,99703474,3.89,11.32
2024-07-18,Balancer,Base,9.85,DAI,103368097,3.27,8.14
2024-07-19,Aave,Ethereum,3.46,USDC,234563734,43.17,0
2024-07-19,Aave,Ethereum,3.58,USDT,220655110,50.19,0
2024-07-19,Aave,Ethereum,3.25,DAI,236153528,39.95,0
2024-07-19,Aave,Arbitrum,3.76,USDT,234699199,3.78,7.0
2024-07-19,Aave,Arbitrum,3.92,DAI,222911851,3.08,13.1
2024-07-19,Aave,Optimism,4.03,USDC,275167146,3.42,7.6
2024-07-19,Aave,Optimism,4.0,USDT,255387958,2.29,10.57
2024-07-19,Aave,Optimism,4.06,DAI,256211646,2.6,12.89
2024-07-19,Aave,Polygon,3.99,USDC,244763656,1.38,10.38
2024-07-19,Aave,Polygon,4.23,USDT,246630584,1.54,6.43
2024-07-19,Aave,Polygon,4.02,DAI,250699455,1.07,8.09
2024-07-19,Aave,Base,4.01,USDC,247807739,3.76,10.56
2024-07-19,Aave,Base,4.11,USDT,246679357,3.06,10.53
2024-07-19,Compound,Ethereum,3.26,USDT,163066390,31.06,0
2024-07-19,Compound,Ethereum,2.96,DAI,148534973,31.19,0
2024-07-19,Compound,Arbitrum,3.66,USDC,182144736,3.77,15.29
2024-07-19,Compound,Arbitrum,3.76,USDT,173997745,3.13,13.97
2024-07-19,Compound,Arbitrum,3.86,DAI,174891581,2.54,8.76
2024-07-19,Compound,Optimism,3.58,USDC,196037723,4.09,9.47
2024-07-19,Compound,Optimism,3.79,USDT,178100272,3.59,10.39
2024-07-19,Compound,Optimism,3.97,DAI,173556454,2.11,10.96
2024-07-19,Compound,Polygon,3.83,USDC,178217357,1.46,10.23
2024-07-19,Compound,Polygon,4.2,USDT,175911660,1.49,6.09
2024-07-19,Compound,Polygon,4.24,DAI,172251938,1.7,8.48
2024-07-19,Compound,Base,3.59,USDC,162883374,3.81,8.33
2024-07-19,Compound,Base,3.48,USDT,181041986,2.48,9.39
2024-07-19,Compound,Base,3.86,DAI,166004461,3.63,5.2
2024-07-19,Curve,Ethereum,8.63,USDC,309230206,50.27,0
2024-07-19,Curve,Ethereum,8.25,USDT,299575907,35.74,0
2024-07-19,Curve,Ethereum,8.37,DAI,273473323,30.35,0
2024-07-19,Curve,Arbitrum,10.33,USDC,325310366,3.65,10.79
2024-07-19,Curve,Arbitrum,7.45,USDT,321923093,3.56,13.44
2024-07-19,Curve,Arbitrum,10.06,DAI,327628667,2.87,12.89
2024-07-19,Curve,Optimism,9.99,USDC,285530561,3.11,11.27
2024-07-19,Curve,Optimism,9.1,USDT,302619832,3.4,7.38
2024-07-19,Curve,Optimism,11.24,DAI,310973126,2.35,10.37
2024-07-19,Curve,Polygon,10.26,USDC,312703267,1.44,8.81
2024-07-19,Curve,Polygon,12.37,USDT,334684408,1.7,8.12
2024-07-19,Curve,Polygon,9.25,DAI,308712569,1.64,7.15
2024-07-19,Curve,Base,10.33,USDC,332006749,3.53,9.97
2024-07-19,Curve,Base,11.48,USDT,311089249,2.42,10.2
2024-07-19,Uniswap V3,Ethereum,9.42,USDC,88725064,41.19,0
2024-07-19,Uniswap V3,Ethereum,7.06,USDT,89382912,36.93,0
2024-07-19,Uniswap V3,Ethereum,10.92,DAI,90275538,50.2,0
2024-07-19,Uniswap V3,Arbitrum,10.25,USDC,90233500,4.14,13.23
2024-07-19,Uniswap V3,Arbitrum,14.19,USDT,96154168,3.04,15.36
2024-07-19,Uniswap V3,Arbitrum,10.29,DAI,96703635,3.63,15.52
2024-07-19,Uniswap V3,Optimism,10.48,USDC,92308734,3.36,14.38
2024-07-19,Uniswap V3,Optimism,10.78,DAI,91034529,2.98,9.57
2024-07-19,Uniswap V3,Polygon,11.83,USDC,90428837,1.62,7.1
2024-07-19,Uniswap V3,Polygon,13.46,USDT,99516135,1.05,5.18
2024-07-19,Uniswap V3,Polygon,11.4,DAI,97206981,1.75,10.99
2024-07-19,Uniswap V3,Base,13.09,USDC,95679940,2.95,9.47
2024-07-19,Uniswap V3,Base,8.39,USDT,90970180,3.89,7.66
2024-07-19,Uniswap V3,Base,11.58,DAI,93322664,4.13,11.06
2024-07-19,Yearn,Ethereum,4.15,USDC,119045798,47.71,0
2024-07-19,Yearn,Ethereum,3.84,USDT,126346841,55.75,0
2024-07-19,Yearn,Arbitrum,4.59,USDC,118078373,4.1,10.78
2024-07-19,Yearn,Arbitrum,5.66,USDT,121075018,3.88,13.11
2024-07-19,Yearn,Arbitrum,4.86,DAI,118948720,4.01,11.92
2024-07-19,Yearn,Optimism,4.86,USDC,123158177,3.13,7.83
2024-07-19,Yearn,Optimism,4.64,USDT,124147125,3.1,9.61
2024-07-19,Yearn,Optimism,4.23,DAI,123455037,2.86,6.14
2024-07-19,Yearn,Polygon,5.3,USDC,116385005,1.73,9.27
2024-07-19,Yearn,Polygon,5.25,USDT,115250725,1.75,7.2
2024-07-19,Yearn,Polygon,5.16,DAI,114144151,1.44,9.6
2024-07-19,Yearn,Base,4.86,USDC,115282920,3.27,9.16
2024-07-19,Yearn,Base,5.12,USDT,109440951,3.35,8.17
2024-07-19,Yearn,Base,5.4,DAI,124520200,3.6,9.17
2024-07-19,Pendle,Ethereum,9.67,USDC,73044823,49.36,0
2024-07-19,Pendle,Ethereum,11.43,USDT,76106694,35.18,0
2024-07-19,Pendle,Ethereum,11.13,DAI,74762384,37.06,0
2024-07-19,Pendle,Arbitrum,14.16,USDC,69992136,4.01,11.81
2024-07-19,Pendle,Arbitrum,13.06,USDT,73215993,4.29,11.35
2024-07-19,Pendle,Arbitrum,16.31,DAI,77240592,4.06,10.37
2024-07-19,Pendle,Optimism,11.3,USDC,73312628,2.62,11.3
2024-07-19,Pendle,Optimism,9.89,USDT,74145311,2.84,8.72
2024-07-19,Pendle,Optimism,14.05,DAI,74071428,3.47,7.73
2024-07-19,Pendle,Base,13.49,USDT,66316577,3.4,9.5
2024-07-19,Pendle,Base,13.95,DAI,68629607,3.17,5.76
2024-07-19,Convex,Ethereum,5.77,USDC,149980027,54.97,0
2024-07-19,Convex,Ethereum,5.79,USDT,151690271,41.91,0
2024-07-19,Convex,Ethereum,5.77,DAI,134912775,50.18,0
2024-07-19,Balancer,Ethereum,8.56,USDC,101029389,35.13,0
2024-07-19,Balancer,Ethereum,8.09,USDT,110724104,42.2,0
2024-07-19,Balancer,Ethereum,9.39,DAI,101318953,44.71,0
2024-07-19,Balancer,Arbitrum,8.17,USDC,118729059,3.62,10.96
2024-07-19,Balancer,Arbitrum,9.57,USDT,109347840,3.4,11.21
2024-07-19,Balancer,Arbitrum,9.84,DAI,113022633,3.46,7.04
2024-07-19,Balancer,Optimism,9.57,USDC,107251412,2.38,7.73
2024-07-19,Balancer,Optimism,11.14,USDT,102256258,2.42,6.31
2024-07-19,Balancer,Optimism,10.14,DAI,100633718,3.49,9.7
2024-07-19,Balancer,Polygon,12.39,USDT,106082897,0.93,5.66
2024-07-19,Balancer,Polygon,11.62,DAI,109307509,1.03,9.72
2024-07-19,Balancer,Base,9.08,USDC,102139655,3.13,9.21
2024-07-19,Balancer,Base,9.92,USDT,109850959,3.8,10.8
2024-07-19,Balancer,Base,9.72,DAI,109708193,3.12,12.0
2024-07-20,Aave,Ethereum,3.29,USDC,247267461,19.47,0
2024-07-20,Aave,Ethereum,3.4,USDT,255743458,26.53,0
2024-07-20,Aave,Ethereum,2.86,DAI,232415500,25.25,0
2024-07-20,Aave,Arbitrum,3.56,USDC,253423223,2.84,13.16
2024-07-20,Aave,Arbitrum,4.47,USDT,249073902,2.6,13.03
2024-07-20,Aave,Arbitrum,3.83,DAI,236377937,3.18,10.15
2024-07-20,Aave,Optimism,3.77,USDC,243050083,2.43,11.42
2024-07-20,Aave,Optimism,3.35,USDT,245857339,1.4,6.41
2024-07-20,Aave,Optimism,3.82,DAI,234611300,1.57,10.22
2024-07-20,Aave,Polygon,4.43,USDC,235102893,0.97,5.55
2024-07-20,Aave,Polygon,4.05,USDT,219640784,1.1,6.02
2024-07-20,Aave,Polygon,4.01,DAI,250141684,0.85,5.27
2024-07-20,Aave,Base,4.07,USDC,238621979,2.36,10.45
2024-07-20,Aave,Base,3.62,USDT,241666804,1.85,10.76
2024-07-20,Aave,Base,3.66,DAI,239178984,1.81,14.86
2024-07-20,Compound,Ethereum,3.03,USDC,184746957,35.7,0
2024-07-20,Compound,Ethereum,2.92,USDT,178882659,23.11,0
2024-07-20,Compound,Arbitrum,3.48,USDC,159576793,1.92,11.31
2024-07-20,Compound,Arbitrum,3.86,USDT,186996947,2.46,17.87
2024-07-20,Compound,Arbitrum,3.79,DAI,163793790,1.72,10.9
2024-07-20,Compound,Optimism,3.09,USDC,171621010,2.31,14.1
2024-07-20,Compound,Optimism,3.69,USDT,174500931,2.24,9.61
2024-07-20,Compound,Optimism,3.54,DAI,187686429,1.88,7.08
2024-07-20,Compound,Polygon,4.06,USDC,168190641,1.13,10.03
2024-07-20,Compound,Polygon,3.99,USDT,163075994,1.16,6.29
2024-07-20,Compound,Polygon,3.93,DAI,167852441,1.47,8.58
2024-07-20,Compound,Base,3.54,USDC,182388451,2.63,8.24
2024-07-20,Compound,Base,3.72,USDT,174769743,1.67,10.17
2024-07-20,Compound,Base,3.72,DAI,165553025,1.82,8.6
2024-07-20,Curve,Ethereum,9.88,USDC,281168710,23.67,0
2024-07-20,Curve,Ethereum,8.68,USDT,297257329,33.22,0
2024-07-20,Curve,Ethereum,7.97,DAI,320186093,24.25,0
2024-07-20,Curve,Arbitrum,9.64,USDT,305547003,2.9,14.12
2024-07-20,Curve,Arbitrum,10.27,DAI,288553671,2.5,14.78
2024-07-20,Curve,Optimism,8.88,USDC,313266169,1.46,8.18
2024-07-20,Curve,Optimism,11.98,USDT,304265244,1.94,9.84
2024-07-20,Curve,Optimism,8.41,DAI,329952425,1.52,7.76
2024-07-20,Curve,Polygon,8.6,USDC,333140286,0.59,5.44
2024-07-20,Curve,Polygon,6.67,USDT,333263970,1.11,8.52
2024-07-20,Curve,Polygon,9.96,DAI,315618192,0.94,9.87
2024-07-20,Curve,Base,8.73,USDC,297024729,2.82,9.95
2024-07-20,Curve,Base,9.91,DAI,269711946,1.61,11.94
2024-07-20,Uniswap V3,Ethereum,10.44,USDC,89555659,28.68,0
2024-07-20,Uniswap V3,Ethereum,9.2,USDT,88533135,30.62,0
2024-07-20,Uniswap V3,Arbitrum,9.97,USDC,88487923,2.33,10.38
2024-07-20,Uniswap V3,Arbitrum,9.92,USDT,86073118,2.09,14.54
2024-07-20,Uniswap V3,Arbitrum,10.65,DAI,98781318,1.54,11.48
2024-07-20,Uniswap V3,Optimism,7.74,USDC,92035351,2.01,7.62
2024-07-20,Uniswap V3,Optimism,10.23,USDT,84668962,1.87,11.34
2024-07-20,Uniswap V3,Polygon,12.26,USDC,87080399,0.92,3.54
2024-07-20,Uniswap V3,Polygon,11.15,USDT,93288009,1.22,7.53
2024-07-20,Uniswap V3,Polygon,10.98,DAI,88144672,1.21,9.5
2024-07-20,Uniswap V3,Base,9.87,USDC,94116246,2.36,10.51
2024-07-20,Uniswap V3,Base,10.92,USDT,86842054,2.25,10.03
2024-07-20,Uniswap V3,Base,12.74,DAI,97411695,1.54,12.33
2024-07-20,Yearn,Ethereum,4.19,USDC,114908649,31.63,0
2024-07-20,Yearn,Ethereum,3.76,USDT,116112444,20.23,0
2024-07-20,Yearn,Ethereum,4.57,DAI,130128319,27.98,0
2024-07-20,Yearn,Arbitrum,4.87,USDC,108952645,2.41,15.95
2024-07-20,Yearn,Arbitrum,4.96,USDT,129818539,1.59,10.18
2024-07-20,Yearn,Arbitrum,5.07,DAI,112885844,2.61,11.47
2024-07-20,Yearn,Optimism,4.59,USDC,104538283,2.82,14.55
2024-07-20,Yearn,Optimism,4.49,USDT,111552586,2.1,10.19
2024-07-20,Yearn,Optimism,5.0,DAI,107684772,1.63,11.03
2024-07-20,Yearn,Polygon,4.84,USDC,112729956,1.0,8.41
2024-07-20,Yearn,Polygon,5.62,USDT,119995005,0.99,9.07
2024-07-20,Yearn,Polygon,5.26,DAI,122072726,1.1,7.43
2024-07-20,Yearn,Base,4.75,USDC,115809441,2.04,8.64
2024-07-20,Yearn,Base,4.87,USDT,109643104,1.97,9.59
2024-07-20,Yearn,Base,5.1,DAI,118666036,2.24,8.02
2024-07-20,Pendle,Ethereum,12.25,USDC,67854367,28.33,0
2024-07-20,Pendle,Ethereum,9.36,USDT,65646017,26.01,0
2024-07-20,Pendle,Ethereum,12.16,DAI,75049044,19.84,0
2024-07-20,Pendle,Arbitrum,12.07,USDC,69467017,2.03,15.06
2024-07-20,Pendle,Arbitrum,15.51,USDT,72762753,1.79,10.54
2024-07-20,Pendle,Arbitrum,14.3,DAI,70117593,2.8,8.12
2024-07-20,Pendle,Optimism,12.39,USDC,76894182,2.52,9.01
2024-07-20,Pendle,Optimism,17.51,USDT,77264003,2.39,6.59
2024-07-20,Pendle,Optimism,12.58,DAI,69639770,1.47,6.58
2024-07-20,Pendle,Base,14.17,USDC,73093729,2.11,10.56
2024-07-20,Pendle,Base,14.5,USDT,75386225,2.76,11.13
2024-07-20,Pendle,Base,12.76,DAI,75080121,2.15,7.3
2024-07-20,Convex,Ethereum,5.95,USDT,150940080,29.62,0
2024-07-20,Convex,Ethereum,4.88,DAI,135616775,26.15,0
2024-07-20,Balancer,Ethereum,7.21,USDC,101029164,29.62,0
2024-07-20,Balancer,Ethereum,8.63,USDT,102550787,31.39,0
2024-07-20,Balancer,Ethereum,7.45,DAI,97694395,9.49,0
2024-07-20,Balancer,Arbitrum,8.93,USDC,108975477,2.22,10.44
2024-07-20,Balancer,Arbitrum,12.25,USDT,109180926,2.43,15.81
2024-07-20,Balancer,Arbitrum,9.49,DAI,100001295,1.94,8.62
2024-07-20,Balancer,Optimism,8.43,USDC,108982976,2.05,9.92
2024-07-20,Balancer,Optimism,10.59,DAI,98271939,1.68,9.43
2024-07-20,Balancer,Polygon,10.6,USDC,105511453,1.16,10.83
2024-07-20,Balancer,Polygon,11.09,USDT,113141415,0.77,9.46
2024-07-20,Balancer,Polygon,9.01,DAI,111648954,1.08,10.0
2024-07-20,Balancer,Base,9.42,USDC,101770324,1.75,13.04
2024-07-20,Balancer,Base,10.93,USDT,97988268,2.32,10.25
2024-07-20,Balancer,Base,9.54,DAI,103420880,2.01,11.78
2024-07-21,Aave,Ethereum,3.04,USDT,237921707,23.99,0
2024-07-21,Aave,Ethereum,3.61,DAI,249481437,28.03,0
2024-07-21,Aave,Arbitrum,3.7,USDC,226003604,3.54,15.0
2024-07-21,Aave,Arbitrum,3.71,DAI,243727233,2.83,8.55
2024-07-21,Aave,Optimism,3.57,USDC,254829867,2.17,8.14
2024-07-21,Aave,Optimism,3.72,USDT,202503236,2.63,8.58
2024-07-21,Aave,Polygon,4.32,USDC,231524333,0.97,8.64
2024-07-21,Aave,Polygon,4.27,USDT,262729180,1.09,6.84
2024-07-21,Aave,Polygon,4.21,DAI,240572846,0.98,5.45
2024-07-21,Aave,Base,3.68,USDC,243630452,2.55,10.31
2024-07-21,Aave,Base,3.8,USDT,246953840,1.91,8.03
2024-07-21,Aave,Base,3.94,DAI,232262550,2.44,7.61
2024-07-21,Compound,Ethereum,3.23,USDC,177860117,34.66,0
2024-07-21,Compound,Ethereum,3.24,USDT,161722902,20.13,0
2024-07-21,Compound,Ethereum,3.25,DAI,167553718,37.61,0
2024-07-21,Compound,Arbitrum,3.96,USDC,170355317,2.69,14.38
2024-07-21,Compound,Arbitrum,3.91,USDT,176474638,1.82,14.45
2024-07-21,Compound,Arbitrum,3.69,DAI,175505413,3.1,12.28
2024-07-21,Compound,Optimism,3.46,USDC,172786582,2.16,10.03
2024-07-21,Compound,Optimism,4.04,USDT,177162757,1.92,4.96
2024-07-21,Compound,Optimism,3.83,DAI,189115987,2.31,12.69
2024-07-21,Compound,Polygon,3.87,USDC,171431782,1.09,5.19
2024-07-21,Compound,Polygon,4.01,DAI,165678530,1.14,8.59
2024-07-21,Compound,Base,3.69,USDC,169059569,2.45,8.07
2024-07-21,Compound,Base,4.27,USDT,156062529,1.95,6.34
2024-07-21,Compound,Base,3.9,DAI,169541431,2.8,10.82
2024-07-21,Curve,Ethereum,8.43,USDC,306587293,21.01,0
2024-07-21,Curve,Ethereum,7.96,USDT,296210127,20.16,0
2024-07-21,Curve,Ethereum,5.95,DAI,338797620,15.53,0
2024-07-21,Curve,Arbitrum,9.52,USDC,318478688,1.55,10.55
2024-07-21,Curve,Arbitrum,9.65,USDT,311984957,3.09,8.55
2024-07-21,Curve,Arbitrum,11.3,DAI,309908145,1.46,12.85
2024-07-21,Curve,Optimism,10.14,USDC,325954899,2.23,9.06
2024-07-21,Curve,Optimism,10.37,USDT,316177022,1.91,7.65
2024-07-21,Curve,Optimism,10.16,DAI,305640804,2.16,6.66
2024-07-21,Curve,Polygon,10.84,USDC,333560314,0.88,7.31
2024-07-21,Curve,Polygon,11.18,USDT,311493317,1.31,6.05
2024-07-21,Curve,Base,8.58,USDT,288681656,2.23,9.88
2024-07-21,Curve,Base,9.97,DAI,336714981,2.61,12.38
2024-07-21,Uniswap V3,Ethereum,9.65,USDC,85169898,27.61,0
2024-07-21,Uniswap V3,Ethereum,8.27,DAI,88454096,31.75,0
2024-07-21,Uniswap V3,Arbitrum,11.39,USDT,99463116,2.2,14.87
2024-07-21,Uniswap V3,Arbitrum,13.82,DAI,85920982,2.13,13.17
2024-07-21,Uniswap V3,Optimism,8.72,USDC,87196411,2.0,9.97
2024-07-21,Uniswap V3,Optimism,10.91,USDT,99339517,2.17,9.21
2024-07-21,Uniswap V3,Optimism,10.71,DAI,82141269,1.45,9.82
2024-07-21,Uniswap V3,Polygon,13.18,USDC,89963556,1.36,6.78
2024-07-21,Uniswap V3,Polygon,7.43,USDT,91819436,1.2,7.28
2024-07-21,Uniswap V3,Polygon,10.59,DAI,90226605,1.27,8.17
2024-07-21,Uniswap V3,Base,10.06,USDC,92913669,2.0,9.4
2024-07-21,Uniswap V3,Base,9.96,USDT,95393725,2.5,14.06
2024-07-21,Uniswap V3,Base,9.89,DAI,86231331,1.94,9.87
2024-07-21,Yearn,Ethereum,4.17,USDC,113627637,35.8,0
2024-07-21,Yearn,Ethereum,3.8,USDT,121265521,29.31,0
2024-07-21,Yearn,Ethereum,4.22,DAI,123222900,29.22,0
2024-07-21,Yearn,Arbitrum,5.67,USDT,109141062,2.69,6.78
2024-07-21,Yearn,Arbitrum,5.36,DAI,106765494,2.21,11.64
2024-07-21,Yearn,Optimism,4.71,USDC,110950705,2.15,6.56
2024-07-21,Yearn,Optimism,4.94,USDT,113605870,1.9,8.68
2024-07-21,Yearn,Polygon,4.5,USDC,106561640,1.36,8.11
2024-07-21,Yearn,Polygon,5.27,USDT,116498142,0.7,8.06
2024-07-21,Yearn,Polygon,5.3,DAI,117270574,1.07,10.19
2024-07-21,Yearn,Base,5.42,USDC,123540758,2.23,9.89
2024-07-21,Yearn,Base,4.8,USDT,110633702,2.26,8.99
2024-07-21,Pendle,Ethereum,10.69,USDC,66928274,31.83,0
2024-07-21,Pendle,Ethereum,10.41,USDT,72410888,29.55,0
2024-07-21,Pendle,Ethereum,12.53,DAI,68972424,29.0,0
2024-07-21,Pendle,Arbitrum,10.65,USDC,68856852,2.27,8.3
2024-07-21,Pendle,Arbitrum,13.1,USDT,62777009,1.55,14.8
2024-07-21,Pendle,Arbitrum,13.49,DAI,70554449,2.15,10.36
2024-07-21,Pendle,Optimism,17.25,USDC,70273413,2.66,9.76
2024-07-21,Pendle,Optimism,14.53,DAI,76057889,2.22,9.73
2024-07-21,Pendle,Base,14.4,USDT,71060244,2.22,11.74
2024-07-21,Pendle,Base,12.41,DAI,68030609,2.12,12.31
2024-07-21,Convex,Ethereum,6.16,USDC,157319957,32.85,0
2024-07-21,Convex,Ethereum,5.62,USDT,154089161,33.0,0
2024-07-21,Convex,Ethereum,5.06,DAI,130463221,33.62,0
2024-07-21,Balancer,Ethereum,8.19,USDC,107485160,23.69,0
2024-07-21,Balancer,Ethereum,8.38,USDT,102552143,31.68,0
2024-07-21,Balancer,Ethereum,9.62,DAI,109149753,31.2,0
2024-07-21,Balancer,Arbitrum,10.84,USDC,97290086,2.53,13.84
2024-07-21,Balancer,Arbitrum,10.04,USDT,109985533,2.42,12.5
2024-07-21,Balancer,Arbitrum,8.92,DAI,106818247,2.98,11.81
2024-07-21,Balancer,Optimism,9.67,USDC,101069896,2.14,9.04
2024-07-21,Balancer,Optimism,8.07,USDT,108293867,1.96,9.49
2024-07-21,Balancer,Optimism,9.76,DAI,105424508,2.15,11.29
2024-07-21,Balancer,Polygon,11.41,USDC,105448968,0.73,9.21
2024-07-21,Balancer,Polygon,10.58,USDT,110906347,1.05,6.22
2024-07-21,Balancer,Polygon,11.32,DAI,110022917,0.98,7.09
2024-07-21,Balancer,Base,9.06,USDC,106528146,2.26,7.29
2024-07-21,Balancer,Base,9.51,USDT,106779356,2.08,10.25
2024-07-21,Balancer,Base,9.95,DAI,113781950,2.19,8.36
2024-07-22,Aave,Ethereum,3.06,USDC,225957139,40.26,0
2024-07-22,Aave,Ethereum,3.11,USDT,232700829,48.69,0
2024-07-22,Aave,Ethereum,3.49,DAI,253347363,30.01,0
2024-07-22,Aave,Arbitrum,4.44,USDC,231492770,4.32,10.3
2024-07-22,Aave,Arbitrum,4.24,USDT,222719796,4.23,11.94
2024-07-22,Aave,Optimism,3.77,USDC,265489266,3.36,7.09
2024-07-22,Aave,Optimism,4.01,USDT,238269413,3.25,7.82
2024-07-22,Aave,Optimism,3.97,DAI,240608609,3.6,6.75
2024-07-22,Aave,Polygon,4.39,USDC,240011988,1.5,8.3
2024-07-22,Aave,Polygon,4.37,USDT,256468362,1.0,6.56
2024-07-22,Aave,Polygon,4.55,DAI,270515529,1.44,8.77
2024-07-22,Aave,Base,4.43,USDC,242220215,2.78,10.06
2024-07-22,Aave,Base,4.6,USDT,243127066,2.67,10.74
2024-07-22,Aave,Base,3.91,DAI,253540252,3.4,9.22
2024-07-22,Compound,Ethereum,2.98,USDC,169526471,49.66,0
2024-07-22,Compound,Ethereum,3.18,USDT,172964134,41.15,0
2024-07-22,Compound,Ethereum,3.15,DAI,170016729,36.23,0
2024-07-22,Compound,Arbitrum,3.87,USDC,174740162,4.26,16.34
2024-07-22,Compound,Arbitrum,3.78,USDT,176033859,3.51,9.36
2024-07-22,Compound,Arbitrum,3.66,DAI,167682401,4.04,11.04
2024-07-22,Compound,Optimism,3.92,USDC,177437454,2.93,6.12
2024-07-22,Compound,Optimism,3.48,USDT,169677615,3.24,11.12
2024-07-22,Compound,Optimism,3.77,DAI,156184597,3.8,8.14
2024-07-22,Compound,Polygon,3.76,USDC,176889031,1.92,6.64
2024-07-22,Compound,Polygon,4.11,DAI,176848887,1.83,8.69
2024-07-22,Compound,Base,3.67,USDC,171937960,3.04,9.74
2024-07-22,Compound,Base,3.99,USDT,184937201,3.11,12.35
2024-07-22,Compound,Base,4.08,DAI,168260150,3.02,13.13
2024-07-22,Curve,Ethereum,8.03,USDC,320910547,39.35,0
2024-07-22,Curve,Ethereum,6.85,USDT,295249201,47.54,0
2024-07-22,Curve,Ethereum,8.87,DAI,307607653,35.25,0
2024-07-22,Curve,Arbitrum,9.47,USDC,302115681,4.06,11.46
2024-07-22,Curve,Arbitrum,10.01,USDT,310835473,3.55,13.43
2024-07-22,Curve,Arbitrum,9.9,DAI,327528875,4.36,13.72
2024-07-22,Curve,Optimism,8.62,USDC,290388768,3.26,11.64
2024-07-22,Curve,Optimism,8.07,USDT,299476666,1.84,11.42
2024-07-22,Curve,Optimism,11.15,DAI,289377512,3.7,8.58
2024-07-22,Curve,Polygon,9.79,USDC,316359709,1.61,10.17
2024-07-22,Curve,Polygon,8.76,USDT,290634320,1.59,7.22
2024-07-22,Curve,Polygon,10.01,DAI,307068889,1.59,5.87
2024-07-22,Curve,Base,9.44,USDC,303286181,2.7,7.4
2024-07-22,Curve,Base,8.54,USDT,277664171,3.92,8.69
2024-07-22,Curve,Base,10.29,DAI,295639017,3.7,11.0
2024-07-22,Uniswap V3,Ethereum,10.37,USDC,96137277,36.32,0
2024-07-22,Uniswap V3,Ethereum,9.71,USDT,85189353,29.19,0
2024-07-22,Uniswap V3,Ethereum,9.2,DAI,78543743,46.24,0
2024-07-22,Uniswap V3,Arbitrum,13.37,USDC,89646807,3.73,12.78
2024-07-22,Uniswap V3,Arbitrum,12.33,USDT,90926406,2.98,14.3
2024-07-22,Uniswap V3,Arbitrum,11.04,DAI,87255284,3.17,11.63
2024-07-22,Uniswap V3,Optimism,11.92,USDC,92003983,3.52,9.99
2024-07-22,Uniswap V3,Optimism,8.56,USDT,93172925,3.75,8.55
2024-07-22,Uniswap V3,Optimism,10.29,DAI,95930032,2.67,8.33
2024-07-22,Uniswap V3,Polygon,12.22,USDC,95870864,1.51,6.28
2024-07-22,Uniswap V3,Polygon,8.09,USDT,98309812,1.29,9.31
2024-07-22,Uniswap V3,Polygon,8.63,DAI,88393926,1.71,7.51
2024-07-22,Uniswap V3,Base,9.94,USDC,88007716,3.16,11.83
2024-07-22,Uniswap V3,Base,11.56,USDT,86662397,3.46,5.57
2024-07-22,Uniswap V3,Base,8.76,DAI,84964030,3.95,8.76
2024-07-22,Yearn,Ethereum,3.99,USDC,108049454,43.51,0
2024-07-22,Yearn,Ethereum,4.12,USDT,111444586,45.72,0
2024-07-22,Yearn,Ethereum,3.78,DAI,127328977,44.45,0
2024-07-22,Yearn,Arbitrum,4.33,USDC,118832213,2.84,13.22
2024-07-22,Yearn,Arbitrum,4.42,USDT,109200604,4.18,14.32
2024-07-22,Yearn,Arbitrum,5.58,DAI,104713160,4.45,14.66
2024-07-22,Yearn,Optimism,4.51,USDC,109780585,2.64,9.68
2024-07-22,Yearn,Optimism,4.65,USDT,113754118,2.62,9.76
2024-07-22,Yearn,Optimism,4.74,DAI,110790402,3.16,11.84
2024-07-22,Yearn,Polygon,5.53,USDT,114103233,0.85,5.38
2024-07-22,Yearn,Base,4.82,USDC,106392973,3.2,10.98
2024-07-22,Yearn,Base,5.08,USDT,112306437,3.09,10.12
2024-07-22,Yearn,Base,5.34,DAI,116934841,3.49,11.54
2024-07-22,Pendle,Ethereum,10.34,USDT,71426780,33.21,0
2024-07-22,Pendle,Ethereum,9.16,DAI,67937456,53.93,0
2024-07-22,Pendle,Arbitrum,14.25,USDC,72267911,3.85,10.29
2024-07-22,Pendle,Arbitrum,13.16,USDT,65856396,3.6,10.08
2024-07-22,Pendle,Arbitrum,11.54,DAI,68407908,2.09,12.72
2024-07-22,Pendle,Optimism,12.17,USDC,72076304,3.33,8.87
2024-07-22,Pendle,Optimism,13.73,USDT,73657531,3.36,9.09
2024-07-22,Pendle,Optimism,10.26,DAI,66005878,2.8,5.12
2024-07-22,Pendle,Base,15.39,USDC,68832660,3.62,12.51
2024-07-22,Pendle,Base,14.64,USDT,76069701,3.72,10.83
2024-07-22,Pendle,Base,12.06,DAI,70739726,3.45,11.5
2024-07-22,Convex,Ethereum,5.82,USDC,132553273,48.49,0
2024-07-22,Convex,Ethereum,4.91,USDT,132265585,45.24,0
2024-07-22,Convex,Ethereum,5.44,DAI,144643262,52.85,0
2024-07-22,Balancer,Ethereum,9.5,USDC,100121134,56.43,0
2024-07-22,Balancer,Ethereum,8.96,USDT,115447338,33.16,0
2024-07-22,Balancer,Ethereum,7.6,DAI,100877334,46.98,0
2024-07-22,Balancer,Arbitrum,9.84,USDC,108704098,3.42,9.22
2024-07-22,Balancer,Arbitrum,9.24,USDT,110742797,3.8,10.64
2024-07-22,Balancer,Arbitrum,9.54,DAI,110629241,3.72,15.32
2024-07-22,Balancer,Optimism,10.43,USDT,98262741,3.77,10.07
2024-07-22,Balancer,Optimism,8.85,DAI,102490462,3.4,7.24
2024-07-22,Balancer,Polygon,9.53,USDC,102396764,0.94,9.32
2024-07-22,Balancer,Polygon,11.68,USDT,109394903,1.34,6.68
2024-07-22,Balancer,Polygon,8.35,DAI,103273825,1.4,9.7
2024-07-22,Balancer,Base,9.14,USDC,99179754,3.41,9.61
2024-07-22,Balancer,Base,12.7,USDT,109467450,4.1,12.13
2024-07-22,Balancer,Base,11.78,DAI,105724306,3.22,9.57
2024-07-23,Aave,Ethereum,3.35,USDC,226282360,45.65,0
2024-07-23,Aave,Ethereum,3.64,USDT,235981781,40.3,0
2024-07-23,Aave,Ethereum,3.5,DAI,239577992,38.89,0
2024-07-23,Aave,Arbitrum,4.14,USDC,240816190,3.53,12.03
2024-07-23,Aave,Arbitrum,3.94,DAI,228807698,3.5,11.29
2024-07-23,Aave,Optimism,4.01,USDC,217343971,2.62,8.54
2024-07-23,Aave,Optimism,3.86,USDT,246908726,3.08,7.91
2024-07-23,Aave,Optimism,3.4,DAI,224013527,2.71,7.68
2024-07-23,Aave,Polygon,4.32,USDC,229662964,1.79,7.58
2024-07-23,Aave,Polygon,4.35,USDT,249787985,1.3,8.53
2024-07-23,Aave,Polygon,4.4,DAI,230866737,1.51,8.54
2024-07-23,Aave,Base,4.34,USDC,221307400,3.53,4.96
2024-07-23,Aave,Base,4.12,USDT,246832806,3.22,7.35
2024-07-23,Aave,Base,3.94,DAI,238507572,4.23,7.14
2024-07-23,Compound,Ethereum,3.32,USDC,160853120,59.92,0
2024-07-23,Compound,Ethereum,3.39,DAI,169168879,45.44,0
2024-07-23,Compound,Arbitrum,4.17,USDT,170145582,3.82,13.33
2024-07-23,Compound,Arbitrum,3.66,DAI,166334203,5.21,15.21
2024-07-23,Compound,Optimism,3.96,USDC,168617694,2.64,10.48
2024-07-23,Compound,Optimism,3.65,USDT,171379947,3.5,11.74
2024-07-23,Compound,Optimism,3.79,DAI,171843458,3.06,8.8
2024-07-23,Compound,Polygon,4.26,USDC,182440381,1.68,4.15
2024-07-23,Compound,Polygon,4.17,USDT,185104315,1.22,10.01
2024-07-23,Compound,Polygon,4.37,DAI,183465810,1.1,7.81
2024-07-23,Compound,Base,3.74,USDC,174336607,2.68,6.53
2024-07-23,Compound,Base,3.62,USDT,189157524,2.95,12.65
2024-07-23,Compound,Base,3.97,DAI,168372527,4.0,9.52
2024-07-23,Curve,Ethereum,7.32,USDC,290254134,48.81,0
2024-07-23,Curve,Ethereum,7.85,USDT,279018977,37.01,0
2024-07-23,Curve,Ethereum,8.26,DAI,285394612,40.31,0
2024-07-23,Curve,Arbitrum,10.1,USDC,300577062,3.71,16.34
2024-07-23,Curve,Arbitrum,10.14,DAI,270398016,3.57,11.77
2024-07-23,Curve,Optimism,10.63,USDC,292598620,3.74,9.45
2024-07-23,Curve,Optimism,10.66,USDT,298440795,2.83,9.27
2024-07-23,Curve,Polygon,9.89,USDC,298781860,1.39,9.49
2024-07-23,Curve,Polygon,11.78,DAI,301360078,1.79,8.08
2024-07-23,Curve,Base,8.57,USDC,324662076,3.98,8.83
2024-07-23,Curve,Base,10.05,USDT,287165053,3.46,9.04
2024-07-23,Curve,Base,9.82,DAI,314713821,3.81,13.65
2024-07-23,Uniswap V3,Ethereum,8.51,USDT,91817509,34.36,0
2024-07-23,Uniswap V3,Ethereum,10.38,DAI,97333830,37.37,0
2024-07-23,Uniswap V3,Arbitrum,10.14,USDC,92330130,3.11,13.28
2024-07-23,Uniswap V3,Arbitrum,12.53,USDT,86290429,3.62,10.33
2024-07-23,Uniswap V3,Arbitrum,9.82,DAI,86822388,5.13,12.53
2024-07-23,Uniswap V3,Optimism,8.97,USDC,89140069,2.45,8.75
2024-07-23,Uniswap V3,Optimism,10.18,USDT,90709620,3.63,7.52
2024-07-23,Uniswap V3,Optimism,9.6,DAI,99735387,2.19,8.5
2024-07-23,Uniswap V3,Polygon,13.2,USDC,88076435,1.49,6.16
2024-07-23,Uniswap V3,Polygon,13.03,USDT,87648011,1.6,9.33
2024-07-23,Uniswap V3,Polygon,13.58,DAI,95811994,1.24,5.84
2024-07-23,Uniswap V3,Base,12.21,USDC,86760292,3.56,10.04
2024-07-23,Uniswap V3,Base,13.38,USDT,91003796,3.13,10.65
2024-07-23,Yearn,Ethereum,4.33,USDC,117590640,39.23,0
2024-07-23,Yearn,Ethereum,4.5,USDT,115382886,39.13,0
2024-07-23,Yearn,Ethereum,4.21,DAI,106304460,44.89,0
2024-07-23,Yearn,Arbitrum,5.33,USDC,106024496,3.18,17.87
2024-07-23,Yearn,Arbitrum,5.6,USDT,110246290,3.56,15.29
2024-07-23,Yearn,Arbitrum,5.04,DAI,111115391,3.43,8.12
2024-07-23,Yearn,Optimism,4.87,USDC,107717398,1.72,9.81
2024-07-23,Yearn,Optimism,4.61,USDT,107755141,2.82,9.36
2024-07-23,Yearn,Optimism,4.49,DAI,108940525,3.41,8.74
2024-07-23,Yearn,Polygon,5.42,USDC,111678836,1.44,5.19
2024-07-23,Yearn,Polygon,4.65,USDT,115792943,1.65,8.52
2024-07-23,Yearn,Polygon,5.48,DAI,112814685,1.91,7.77
2024-07-23,Yearn,Base,5.28,USDC,107926607,3.81,7.03
2024-07-23,Yearn,Base,5.32,USDT,115211010,3.92,9.93
2024-07-23,Yearn,Base,4.78,DAI,110842509,2.91,9.97
2024-07-23,Pendle,Ethereum,7.57,USDC,77995783,44.97,0
2024-07-23,Pendle,Ethereum,11.58,USDT,68192207,41.41,0
2024-07-23,Pendle,Ethereum,11.08,DAI,69009923,44.24,0
2024-07-23,Pendle,Arbitrum,11.5,DAI,71274018,4.38,12.46
2024-07-23,Pendle,Optimism,15.73,USDC,75900959,3.42,6.82
2024-07-23,Pendle,Optimism,8.91,USDT,66888203,2.41,10.03
2024-07-23,Pendle,Optimism,14.78,DAI,75256945,2.7,7.86
2024-07-23,Pendle,Base,11.29,USDC,69575985,3.14,9.06
2024-07-23,Pendle,Base,11.84,USDT,70728196,4.05,9.52
2024-07-23,Pendle,Base,16.76,DAI,68880401,3.38,8.57
2024-07-23,Convex,Ethereum,6.29,USDC,146421271,56.62,0
2024-07-23,Convex,Ethereum,6.88,USDT,140707533,37.5,0
2024-07-23,Convex,Ethereum,5.47,DAI,148401040,38.37,0
2024-07-23,Balancer,Ethereum,9.77,USDC,104768453,36.11,0
2024-07-23,Balancer,Ethereum,7.47,USDT,101291057,41.88,0
2024-07-23,Balancer,Ethereum,7.91,DAI,97456611,46.62,0
2024-07-23,Balancer,Arbitrum,9.97,USDC,107089938,3.88,11.74
2024-07-23,Balancer,Arbitrum,9.75,USDT,97836849,2.61,13.88
2024-07-23,Balancer,Arbitrum,10.14,DAI,108846325,2.91,16.68
2024-07-23,Balancer,Optimism,11.86,USDC,110316852,1.49,10.56
2024-07-23,Balancer,Optimism,9.6,USDT,107289402,1.29,9.89
2024-07-23,Balancer,Optimism,9.79,DAI,102704418,2.18,7.56
2024-07-23,Balancer,Polygon,11.3,USDC,103172623,1.28,10.11
2024-07-23,Balancer,Polygon,10.19,USDT,115938785,1.22,6.49
2024-07-23,Balancer,Polygon,10.32,DAI,96754254,1.1,4.25
2024-07-23,Balancer,Base,12.76,USDC,96522827,3.17,7.24
2024-07-23,Balancer,Base,9.97,USDT,102426255,2.81,14.06
2024-07-24,Aave,Ethereum,3.49,USDC,260959753,48.82,0
2024-07-24,Aave,Ethereum,3.65,USDT,242990029,39.7,0
2024-07-24,Aave,Ethereum,2.96,DAI,242398642,35.8,0
2024-07-24,Aave,Arbitrum,3.83,USDC,218939030,3.8,11.1
2024-07-24,Aave,Arbitrum,4.13,USDT,231417507,3.51,8.45
2024-07-24,Aave,Arbitrum,4.12,DAI,259020567,4.51,14.81
2024-07-24,Aave,Optimism,3.84,USDC,239853263,3.07,9.77
2024-07-24,Aave,Optimism,4.06,USDT,260699024,2.98,8.14
2024-07-24,Aave,Optimism,3.83,DAI,228208455,3.66,7.99
2024-07-24,Aave,Polygon,4.3,USDC,216156732,1.14,8.11
2024-07-24,Aave,Polygon,4.73,USDT,212423476,1.66,7.36
2024-07-24,Aave,Base,4.13,USDC,236612824,3.45,9.84
2024-07-24,Aave,Base,4.2,USDT,236560229,3.69,12.72
2024-07-24,Aave,Base,4.17,DAI,243006889,3.08,12.85
2024-07-24,Compound,Ethereum,3.44,USDC,161578027,40.09,0
2024-07-24,Compound,Ethereum,3.58,USDT,158878869,45.3,0
2024-07-24,Compound,Arbitrum,3.62,USDC,165727854,3.87,11.7
2024-07-24,Compound,Arbitrum,3.86,DAI,172860174,4.38,10.88
2024-07-24,Compound,Optimism,3.62,USDC,161640277,2.02,9.43
2024-07-24,Compound,Optimism,3.99,USDT,195593173,3.25,10.97
2024-07-24,Compound,Optimism,3.93,DAI,180130765,2.8,8.56
2024-07-24,Compound,Polygon,3.87,USDC,167584003,1.63,6.83
2024-07-24,Compound,Polygon,4.2,USDT,200762832,1.5,7.78
2024-07-24,Compound,Base,3.98,USDC,182739764,3.43,11.13
2024-07-24,Compound,Base,3.9,DAI,173133282,3.62,6.56
2024-07-24,Curve,Ethereum,7.82,USDC,310644017,47.93,0
2024-07-24,Curve,Ethereum,5.63,USDT,305074928,43.53,0
2024-07-24,Curve,Ethereum,7.86,DAI,341154610,38.98,0
2024-07-24,Curve,Arbitrum,11.09,USDT,311443658,3.56,16.23
2024-07-24,Curve,Arbitrum,10.07,DAI,298976487,4.08,13.09
2024-07-24,Curve,Optimism,9.7,USDT,316475753,2.84,8.19
2024-07-24,Curve,Optimism,9.58,DAI,310933173,2.73,9.68
2024-07-24,Curve,Polygon,9.07,USDC,306000073,1.5,7.82
2024-07-24,Curve,Polygon,9.86,USDT,318586285,1.51,3.7
2024-07-24,Curve,Polygon,10.06,DAI,284588468,1.38,9.5
2024-07-24,Curve,Base,7.41,USDC,305920261,3.28,10.63
2024-07-24,Curve,Base,9.86,USDT,319871541,3.46,8.65
2024-07-24,Curve,Base,11.42,DAI,290304107,3.86,9.68
2024-07-24,Uniswap V3,Ethereum,8.93,USDC,82501857,51.64,0
2024-07-24,Uniswap V3,Ethereum,9.76,USDT,89864202,54.1,0
2024-07-24,Uniswap V3,Ethereum,7.27,DAI,95236022,53.78,0
2024-07-24,Uniswap V3,Arbitrum,8.08,USDC,100012015,3.66,10.38
2024-07-24,Uniswap V3,Arbitrum,10.62,USDT,86687814,4.27,7.69
2024-07-24,Uniswap V3,Arbitrum,9.76,DAI,88156017,3.73,17.91
2024-07-24,Uniswap V3,Optimism,10.13,USDC,91323784,4.0,7.41
2024-07-24,Uniswap V3,Optimism,11.92,USDT,87969671,2.98,7.87
2024-07-24,Uniswap V3,Polygon,12.74,USDC,82001854,1.5,9.44
2024-07-24,Uniswap V3,Polygon,11.99,USDT,93732834,1.44,9.37
2024-07-24,Uniswap V3,Polygon,13.83,DAI,94262020,1.64,8.15
2024-07-24,Uniswap V3,Base,9.25,USDC,91402364,4.37,6.97
2024-07-24,Uniswap V3,Base,12.15,USDT,87144373,2.64,6.32
2024-07-24,Uniswap V3,Base,10.3,DAI,97820044,3.15,6.15
2024-07-24,Yearn,Ethereum,4.1,USDC,117644269,37.29,0
2024-07-24,Yearn,Ethereum,4.32,USDT,119206693,37.58,0
2024-07-24,Yearn,Ethereum,4.61,DAI,111621093,41.0,0
2024-07-24,Yearn,Arbitrum,5.17,USDC,110043354,3.49,11.99
2024-07-24,Yearn,Arbitrum,5.26,USDT,118795121,2.69,10.46
2024-07-24,Yearn,Arbitrum,5.34,DAI,114580858,3.28,12.53
2024-07-24,Yearn,Optimism,4.95,USDC,104727151,4.36,12.82
2024-07-24,Yearn,Optimism,5.02,USDT,110120091,2.82,12.62
2024-07-24,Yearn,Optimism,4.76,DAI,117047228,3.46,8.06
2024-07-24,Yearn,Polygon,5.67,USDC,108436382,1.54,9.48
2024-07-24,Yearn,Polygon,5.67,USDT,109323770,0.98,9.54
2024-07-24,Yearn,Polygon,5.1,DAI,123492266,1.8,6.38
2024-07-24,Yearn,Base,4.05,USDC,124398973,2.8,11.51
2024-07-24,Yearn,Base,5.29,USDT,117698096,3.3,10.41
2024-07-24,Yearn,Base,5.2,DAI,113689948,3.36,9.55
2024-07-24,Pendle,Ethereum,10.98,USDC,75353700,44.84,0
2024-07-24,Pendle,Ethereum,11.39,USDT,68404070,55.34,0
2024-07-24,Pendle,Ethereum,11.69,DAI,68203721,40.33,0
2024-07-24,Pendle,Arbitrum,14.34,USDC,76307892,2.54,12.2
2024-07-24,Pendle,Arbitrum,17.68,USDT,74749063,2.84,11.08
2024-07-24,Pendle,Arbitrum,14.85,DAI,70789711,3.95,7.87
2024-07-24,Pendle,Optimism,11.64,USDC,66446027,3.29,7.4
2024-07-24,Pendle,Optimism,14.5,USDT,68393250,2.57,8.21
2024-07-24,Pendle,Optimism,15.04,DAI,69505819,2.72,6.77
2024-07-24,Pendle,Base,15.21,USDC,73483890,2.87,9.47
2024-07-24,Pendle,Base,14.53,DAI,71329398,4.13,11.04
2024-07-24,Convex,Ethereum,5.8,USDC,142638580,33.94,0
2024-07-24,Convex,Ethereum,5.85,USDT,149252926,33.33,0
2024-07-24,Balancer,Ethereum,8.23,USDC,110479080,36.98,0
2024-07-24,Balancer,Ethereum,9.52,DAI,110450029,47.24,0
2024-07-24,Balancer,Arbitrum,9.93,USDC,110054545,4.05,12.34
2024-07-24,Balancer,Arbitrum,8.71,USDT,99563500,2.99,13.79
2024-07-24,Balancer,Arbitrum,9.33,DAI,101457860,3.0,20.45
2024-07-24,Balancer,Optimism,8.65,USDC,99902397,2.84,6.79
2024-07-24,Balancer,Optimism,10.24,DAI,108208185,2.68,10.57
2024-07-24,Balancer,Polygon,9.87,USDC,102905585,1.41,7.97
2024-07-24,Balancer,Polygon,11.34,USDT,107148695,1.48,8.63
2024-07-24,Balancer,Polygon,8.26,DAI,100593302,1.36,7.68
2024-07-24,Balancer,Base,11.8,USDC,105979910,3.56,11.39
2024-07-24,Balancer,Base,10.76,USDT,99349376,3.38,11.09
2024-07-24,Balancer,Base,11.01,DAI,115100335,3.7,11.45
2024-07-25,Aave,Ethereum,3.53,USDC,211901931,48.64,0
2024-07-25,Aave,Ethereum,3.4,USDT,231839641,41.4,0
2024-07-25,Aave,Ethereum,3.26,DAI,232163421,43.8,0
2024-07-25,Aave,Arbitrum,4.27,USDC,228248903,3.6,13.48
2024-07-25,Aave,Arbitrum,3.9,USDT,245750889,3.63,11.35
2024-07-25,Aave,Arbitrum,3.91,DAI,246839874,3.79,12.66
2024-07-25,Aave,Optimism,3.84,USDC,241413797,3.97,10.76
2024-07-25,Aave,Optimism,4.03,USDT,248995338,2.49,11.39
2024-07-25,Aave,Optimism,3.9,DAI,224851803,3.05,9.39
2024-07-25,Aave,Polygon,4.3,USDC,227728943,1.64,8.71
2024-07-25,Aave,Polygon,4.34,USDT,227077233,1.98,7.76
2024-07-25,Aave,Polygon,4.57,DAI,245357822,1.63,6.41
2024-07-25,Aave,Base,4.35,USDC,219490927,3.01,8.23
2024-07-25,Aave,Base,4.19,USDT,235471293,3.24,12.46
2024-07-25,Compound,Ethereum,3.04,USDC,169322980,45.19,0
2024-07-25,Compound,Ethereum,3.27,USDT,162123067,36.34,0
2024-07-25,Compound,Ethereum,3.26,DAI,166885343,55.82,0
2024-07-25,Compound,Arbitrum,4.16,USDC,183545139,2.57,8.32
2024-07-25,Compound,Arbitrum,4.33,USDT,170248922,3.03,11.51
2024-07-25,Compound,Arbitrum,3.98,DAI,167852317,4.81,9.64
2024-07-25,Compound,Optimism,3.82,USDC,182380831,3.42,6.61
2024-07-25,Compound,Optimism,3.75,USDT,183564462,2.95,9.51
2024-07-25,Compound,Optimism,3.99,DAI,177331139,4.37,9.26
2024-07-25,Compound,Polygon,4.09,USDC,173962548,1.46,7.61
2024-07-25,Compound,Polygon,4.34,USDT,166229972,1.43,7.36
2024-07-25,Compound,Polygon,4.2,DAI,187568824,1.76,5.32
2024-07-25,Compound,Base,4.0,USDC,165169186,3.74,11.7
2024-07-25,Compound,Base,3.99,USDT,172802385,3.05,8.34
2024-07-25,Compound,Base,3.44,DAI,172155182,3.63,9.54
2024-07-25,Curve,Ethereum,7.38,USDC,293386137,40.76,0
2024-07-25,Curve,Ethereum,6.71,USDT,306946873,42.58,0
2024-07-25,Curve,Ethereum,8.71,DAI,314565771,49.06,0
2024-07-25,Curve,Arbitrum,10.3,USDC,334601000,4.12,15.99
2024-07-25,Curve,Arbitrum,10.98,USDT,285416869,2.94,9.86
2024-07-25,Curve,Arbitrum,10.18,DAI,301954127,2.73,12.28
2024-07-25,Curve,Optimism,10.27,USDC,272550755,2.66,8.94
2024-07-25,Curve,Optimism,8.22,USDT,289544290,3.19,7.08
2024-07-25,Curve,Optimism,9.21,DAI,291840416,2.55,9.42
2024-07-25,Curve,Polygon,8.7,USDT,303197661,1.39,5.8
2024-07-25,Curve,Polygon,11.22,DAI,298647146,1.21,8.12
2024-07-25,Curve,Base,10.42,USDC,315860716,2.77,10.97
2024-07-25,Curve,Base,10.13,USDT,311814063,3.91,12.89
2024-07-25,Curve,Base,8.19,DAI,331245236,3.83,10.95
2024-07-25,Uniswap V3,Ethereum,9.2,USDC,87427936,49.59,0
2024-07-25,Uniswap V3,Ethereum,8.08,USDT,87165285,55.79,0
2024-07-25,Uniswap V3,Ethereum,8.71,DAI,104187465,38.25,0
2024-07-25,Uniswap V3,Arbitrum,11.5,USDC,91147678,2.99,15.51
2024-07-25,Uniswap V3,Arbitrum,11.08,USDT,97643155,2.9,9.76
2024-07-25,Uniswap V3,Arbitrum,10.21,DAI,93532911,3.76,14.31
2024-07-25,Uniswap V3,Optimism,12.72,USDC,88966665,2.23,7.9
2024-07-25,Uniswap V3,Optimism,10.34,USDT,90720287,3.67,10.12
2024-07-25,Uniswap V3,Optimism,10.75,DAI,96379905,4.06,9.38
2024-07-25,Uniswap V3,Polygon,9.89,USDC,86664601,1.15,11.34
2024-07-25,Uniswap V3,Polygon,9.62,USDT,88676712,1.47,8.3
2024-07-25,Uniswap V3,Polygon,9.77,DAI,90070645,2.24,9.08
2024-07-25,Uniswap V3,Base,10.74,USDC,99177554,3.14,14.07
2024-07-25,Uniswap V3,Base,9.0,USDT,94850602,3.38,7.1
2024-07-25,Uniswap V3,Base,10.39,DAI,86446009,3.22,11.35
2024-07-25,Yearn,Ethereum,4.15,USDC,122605117,52.42,0
2024-07-25,Yearn,Ethereum,3.88,USDT,111909599,52.12,0
2024-07-25,Yearn,Ethereum,4.4,DAI,131181524,37.97,0
2024-07-25,Yearn,Arbitrum,4.96,USDC,115684771,2.37,8.48
2024-07-25,Yearn,Arbitrum,5.4,USDT,111410063,3.16,11.87
2024-07-25,Yearn,Arbitrum,5.31,DAI,121392809,3.15,13.3
2024-07-25,Yearn,Optimism,4.75,USDC,114079568,2.19,6.49
2024-07-25,Yearn,Optimism,4.79,USDT,121976133,2.64,8.29
2024-07-25,Yearn,Optimism,5.02,DAI,119727379,3.42,3.78
2024-07-25,Yearn,Polygon,5.29,USDC,104712268,0.96,10.69
2024-07-25,Yearn,Polygon,5.69,USDT,116906049,0.95,10.21
2024-07-25,Yearn,Polygon,4.77,DAI,105488510,1.98,5.92
2024-07-25,Yearn,Base,4.98,USDT,120270151,3.72,7.74
2024-07-25,Yearn,Base,5.13,DAI,116392235,2.9,13.83
2024-07-25,Pendle,Ethereum,10.76,USDC,69902142,42.52,0
2024-07-25,Pendle,Ethereum,10.41,DAI,74190466,46.69,0
2024-07-25,Pendle,Optimism,12.09,USDC,69491598,2.76,8.17
2024-07-25,Pendle,Optimism,14.61,USDT,67895435,2.34,8.09
2024-07-25,Pendle,Optimism,14.75,DAI,75645101,2.81,9.42
2024-07-25,Pendle,Base,16.54,USDC,67699461,3.68,10.05
2024-07-25,Pendle,Base,15.12,USDT,65596219,3.97,10.71
2024-07-25,Pendle,Base,15.6,DAI,72630297,3.44,12.27
2024-07-25,Convex,Ethereum,5.76,USDC,135923237,54.28,0
2024-07-25,Convex,Ethereum,5.79,USDT,144924352,56.82,0
2024-07-25,Convex,Ethereum,5.9,DAI,135236313,40.6,0
2024-07-25,Balancer,Ethereum,9.23,USDC,101635176,34.24,0
2024-07-25,Balancer,Ethereum,8.92,USDT,105069072,48.92,0
2024-07-25,Balancer,Ethereum,8.76,DAI,95955989,37.58,0
2024-07-25,Balancer,Arbitrum,10.47,USDC,110198777,2.36,13.23
2024-07-25,Balancer,Arbitrum,10.86,USDT,111855284,2.81,16.6
2024-07-25,Balancer,Arbitrum,10.25,DAI,93348608,4.59,11.6
2024-07-25,Balancer,Optimism,9.87,USDC,92894839,4.32,9.32
2024-07-25,Balancer,Optimism,9.56,USDT,95945412,2.82,10.89
2024-07-25,Balancer,Optimism,9.51,DAI,108854878,2.67,7.5
2024-07-25,Balancer,Polygon,10.94,USDC,95723879,1.41,5.64
2024-07-25,Balancer,Polygon,12.83,USDT,114596308,1.15,10.54
2024-07-25,Balancer,Polygon,8.38,DAI,105823177,1.6,8.33
2024-07-25,Balancer,Base,10.87,USDC,104802989,3.42,11.77
2024-07-25,Balancer,Base,10.3,USDT,93188591,3.47,13.29
2024-07-25,Balancer,Base,10.21,DAI,100350676,3.58,11.26
2024-07-26,Aave,Ethereum,3.16,USDC,231377616,38.99,0
2024-07-26,Aave,Ethereum,3.14,USDT,243212211,54.38,0
2024-07-26,Aave,Arbitrum,3.78,USDC,273513476,3.74,13.98
2024-07-26,Aave,Arbitrum,3.71,USDT,257484105,3.74,8.73
2024-07-26,Aave,Arbitrum,4.06,DAI,256776808,3.44,11.17
2024-07-26,Aave,Optimism,3.81,USDC,234906497,2.76,8.25
2024-07-26,Aave,Optimism,3.54,DAI,235714470,3.39,8.28
2024-07-26,Aave,Polygon,3.71,USDC,257079740,1.74,7.82
2024-07-26,Aave,Polygon,4.06,USDT,247270246,1.53,7.25
2024-07-26,Aave,Polygon,3.86,DAI,227869014,1.28,10.47
2024-07-26,Aave,Base,4.04,USDC,258928234,3.63,11.46
2024-07-26,Aave,Base,3.51,USDT,207618712,3.67,9.15
2024-07-26,Aave,Base,3.56,DAI,239125310,4.0,7.26
2024-07-26,Compound,Ethereum,3.03,USDC,156360985,33.08,0
2024-07-26,Compound,Ethereum,3.05,USDT,175838257,43.7,0
2024-07-26,Compound,Ethereum,2.99,DAI,165329366,28.42,0
2024-07-26,Compound,Arbitrum,3.79,USDC,158834189,3.94,11.8
2024-07-26,Compound,Arbitrum,3.75,USDT,168023823,3.22,9.3
2024-07-26,Compound,Arbitrum,3.57,DAI,164498589,3.2,11.97
2024-07-26,Compound,Optimism,3.8,USDC,181790920,3.8,10.07
2024-07-26,Compound,Optimism,3.93,USDT,170579744,3.38,7.48
2024-07-26,Compound,Optimism,3.49,DAI,167848321,2.46,10.4
2024-07-26,Compound,Polygon,4.07,USDC,179223621,1.37,9.96
2024-07-26,Compound,Polygon,4.18,USDT,184179010,1.59,7.59
2024-07-26,Compound,Polygon,3.98,DAI,160655903,1.35,7.72
2024-07-26,Compound,Base,3.93,USDC,162792453,4.65,9.89
2024-07-26,Compound,Base,3.62,USDT,163793186,3.34,11.91
2024-07-26,Compound,Base,3.78,DAI,171995334,3.5,9.49
2024-07-26,Curve,Ethereum,9.73,USDT,292802233,42.73,0
2024-07-26,Curve,Ethereum,8.0,DAI,289272321,53.48,0
2024-07-26,Curve,Arbitrum,10.1,USDT,298490795,3.47,10.02
2024-07-26,Curve,Arbitrum,8.01,DAI,290708229,3.4,9.41
2024-07-26,Curve,Optimism,8.79,USDC,344109248,2.43,8.35
2024-07-26,Curve,Optimism,10.64,USDT,307810204,3.09,8.21
2024-07-26,Curve,Optimism,7.11,DAI,299726767,3.6,8.8
2024-07-26,Curve,Polygon,8.63,USDC,306525090,1.42,10.31
2024-07-26,Curve,Polygon,10.57,USDT,312102013,1.34,7.04
2024-07-26,Curve,Polygon,9.25,DAI,306792678,1.77,8.0
2024-07-26,Curve,Base,10.42,USDC,317936295,3.3,12.74
2024-07-26,Curve,Base,9.56,USDT,311071975,3.97,6.75
2024-07-26,Curve,Base,10.34,DAI,326068075,3.39,12.39
2024-07-26,Uniswap V3,Ethereum,8.49,USDC,100726668,40.87,0
2024-07-26,Uniswap V3,Ethereum,10.14,USDT,97869525,50.62,0
2024-07-26,Uniswap V3,Ethereum,10.21,DAI,88426898,41.98,0
2024-07-26,Uniswap V3,Arbitrum,9.36,USDC,94036168,3.93,13.23
2024-07-26,Uniswap V3,Arbitrum,11.0,USDT,93003729,3.36,17.57
2024-07-26,Uniswap V3,Arbitrum,7.43,DAI,88284651,2.23,14.98
2024-07-26,Uniswap V3,Optimism,10.33,USDC,89131765,2.9,11.9
2024-07-26,Uniswap V3,Optimism,9.06,USDT,89935173,3.62,10.4
2024-07-26,Uniswap V3,Optimism,11.6,DAI,88957940,2.76,11.12
2024-07-26,Uniswap V3,Polygon,12.4,USDC,94444968,1.41,5.94
2024-07-26,Uniswap V3,Polygon,12.01,DAI,88291218,1.37,8.13
2024-07-26,Uniswap V3,Base,12.49,USDC,96905899,3.56,6.69
2024-07-26,Uniswap V3,Base,9.73,USDT,90831415,3.44,12.48
2024-07-26,Uniswap V3,Base,9.3,DAI,96332633,4.42,8.18
2024-07-26,Yearn,Ethereum,4.25,USDC,124109239,48.61,0
2024-07-26,Yearn,Ethereum,3.94,USDT,111455458,44.2,0
2024-07-26,Yearn,Ethereum,4.4,DAI,110623750,43.74,0
2024-07-26,Yearn,Arbitrum,5.16,USDT,116284900,3.38,9.67
2024-07-26,Yearn,Arbitrum,5.14,DAI,129749660,3.28,10.05
2024-07-26,Yearn,Optimism,4.64,USDT,113246916,3.21,9.58
2024-07-26,Yearn,Optimism,4.63,DAI,115799490,3.74,6.57
2024-07-26,Yearn,Polygon,4.76,USDC,121600802,1.17,6.46
2024-07-26,Yearn,Polygon,5.42,DAI,121472128,1.14,7.49
2024-07-26,Yearn,Base,5.28,USDC,121073861,4.11,7.27
2024-07-26,Yearn,Base,5.03,USDT,112974711,3.39,9.56
2024-07-26,Yearn,Base,5.12,DAI,116527087,3.87,13.19
2024-07-26,Pendle,Ethereum,10.26,USDC,72979384,38.08,0
2024-07-26,Pendle,Ethereum,9.48,USDT,73597548,52.43,0
2024-07-26,Pendle,Ethereum,11.84,DAI,74245996,45.32,0
2024-07-26,Pendle,Arbitrum,12.82,USDC,64795698,3.29,9.05
2024-07-26,Pendle,Arbitrum,15.75,DAI,74976110,4.7,11.42
2024-07-26,Pendle,Optimism,13.8,USDC,65515900,3.06,9.22
2024-07-26,Pendle,Optimism,15.48,USDT,69120431,2.97,9.66
2024-07-26,Pendle,Optimism,16.01,DAI,77513449,3.44,10.32
2024-07-26,Pendle,Base,14.05,USDC,75988889,3.51,11.61
2024-07-26,Pendle,Base,11.58,USDT,76465129,2.97,10.27
2024-07-26,Convex,Ethereum,6.36,USDC,149082542,49.13,0
2024-07-26,Convex,Ethereum,5.25,USDT,153176768,47.64,0
2024-07-26,Convex,Ethereum,6.28,DAI,141192962,34.67,0
2024-07-26,Balancer,Ethereum,7.99,USDC,105999430,32.15,0
2024-07-26,Balancer,Ethereum,8.06,USDT,105725801,35.19,0
2024-07-26,Balancer,Ethereum,7.87,DAI,101885789,44.71,0
2024-07-26,Balancer,Arbitrum,10.0,USDC,112812098,3.43,9.68
2024-07-26,Balancer,Arbitrum,7.81,USDT,103131950,3.12,10.31
2024-07-26,Balancer,Arbitrum,9.13,DAI,104604619,3.25,5.97
2024-07-26,Balancer,Optimism,7.55,USDC,113503173,2.63,8.43
2024-07-26,Balancer,Optimism,8.6,USDT,108231485,3.26,11.4
2024-07-26,Balancer,Optimism,9.14,DAI,108746940,3.25,8.21
2024-07-26,Balancer,Polygon,11.49,USDC,93167376,1.45,2.32
2024-07-26,Balancer,Polygon,10.26,USDT,99359758,1.95,9.04
2024-07-26,Balancer,Polygon,11.03,DAI,111582522,1.06,9.53
2024-07-26,Balancer,Base,11.25,USDT,99315751,2.18,9.42
2024-07-26,Balancer,Base,11.0,DAI,111172461,3.14,11.13
2024-07-27,Aave,Ethereum,3.04,USDC,241314793,29.75,0
2024-07-27,Aave,Ethereum,3.37,USDT,262361044,23.7,0
2024-07-27,Aave,Ethereum,3.07,DAI,240819145,35.04,0
2024-07-27,Aave,Arbitrum,4.1,USDC,262152747,2.87,16.47
2024-07-27,Aave,Arbitrum,4.08,USDT,259146409,2.77,9.65
2024-07-27,Aave,Arbitrum,3.81,DAI,244051131,3.29,8.6
2024-07-27,Aave,Optimism,4.04,USDC,245810862,2.37,6.54
2024-07-27,Aave,Optimism,3.55,USDT,269461715,2.19,10.87
2024-07-27,Aave,Optimism,3.83,DAI,255751895,1.08,7.36
2024-07-27,Aave,Polygon,4.06,USDC,268023474,1.08,6.66
2024-07-27,Aave,Polygon,4.53,USDT,232926146,0.68,6.15
2024-07-27,Aave,Polygon,4.57,DAI,232540783,0.89,5.31
2024-07-27,Aave,Base,4.0,USDC,236421029,1.71,10.8
2024-07-27,Aave,Base,3.45,USDT,230544498,1.97,13.26
2024-07-27,Aave,Base,4.15,DAI,245212099,2.56,12.18
2024-07-27,Compound,Ethereum,3.04,USDC,169861640,40.09,0
2024-07-27,Compound,Ethereum,3.34,USDT,182750383,32.23,0
2024-07-27,Compound,Arbitrum,3.6,USDC,155749229,1.87,11.83
2024-07-27,Compound,Arbitrum,3.5,USDT,189595268,2.49,10.37
2024-07-27,Compound,Arbitrum,3.42,DAI,175984814,2.87,14.36
2024-07-27,Compound,Optimism,3.47,USDC,174451502,1.32,5.87
2024-07-27,Compound,Optimism,3.58,DAI,163325536,2.78,10.33
2024-07-27,Compound,Polygon,3.89,USDC,178244785,1.0,9.43
2024-07-27,Compound,Polygon,4.15,USDT,171485688,1.03,8.39
2024-07-27,Compound,Polygon,3.7,DAI,189954452,1.4,8.47
2024-07-27,Compound,Base,3.59,USDC,180087449,2.34,12.8
2024-07-27,Compound,Base,3.52,USDT,172609748,2.13,7.73
2024-07-27,Compound,Base,3.44,DAI,173390632,1.92,11.49
2024-07-27,Curve,Ethereum,7.16,USDC,311685383,32.85,0
2024-07-27,Curve,Ethereum,8.11,USDT,324950304,28.19,0
2024-07-27,Curve,Ethereum,6.16,DAI,346765266,19.7,0
2024-07-27,Curve,Arbitrum,8.49,USDC,322386381,2.71,12.76
2024-07-27,Curve,Arbitrum,8.19,USDT,322533548,2.62,10.8
2024-07-27,Curve,Arbitrum,7.22,DAI,314503124,2.08,11.99
2024-07-27,Curve,Optimism,9.55,USDC,299298328,1.7,9.24
2024-07-27,Curve,Optimism,8.99,USDT,302927338,1.8,9.58
2024-07-27,Curve,Optimism,9.44,DAI,317418152,1.8,9.75
2024-07-27,Curve,Polygon,8.95,USDC,314948550,1.4,8.1
2024-07-27,Curve,Polygon,10.84,USDT,314157625,1.04,5.64
2024-07-27,Curve,Polygon,9.17,DAI,339113454,0.9,8.59
2024-07-27,Curve,Base,9.66,USDC,297757570,1.77,11.74
2024-07-27,Curve,Base,10.43,USDT,310186381,2.47,13.05
2024-07-27,Curve,Base,10.33,DAI,295542602,1.96,8.81
2024-07-27,Uniswap V3,Ethereum,8.12,USDC,80011513,26.1,0
2024-07-27,Uniswap V3,Arbitrum,8.85,USDC,87972083,2.18,14.54
2024-07-27,Uniswap V3,Arbitrum,9.09,USDT,90997187,2.06,11.59
2024-07-27,Uniswap V3,Arbitrum,10.53,DAI,97928394,2.58,8.92
2024-07-27,Uniswap V3,Optimism,8.33,USDC,92894120,1.71,9.27
2024-07-27,Uniswap V3,Optimism,11.71,USDT,88074027,2.0,11.88
2024-07-27,Uniswap V3,Optimism,11.52,DAI,91620610,1.97,11.27
2024-07-27,Uniswap V3,Polygon,12.69,USDC,96082572,1.1,9.07
2024-07-27,Uniswap V3,Polygon,10.75,DAI,95135392,0.79,9.49
2024-07-27,Uniswap V3,Base,12.25,USDC,91038214,1.89,5.82
2024-07-27,Uniswap V3,Base,10.26,USDT,95939541,1.98,8.13
2024-07-27,Uniswap V3,Base,11.21,DAI,91877354,2.17,9.46
2024-07-27,Yearn,Ethereum,4.04,USDC,111153157,24.87,0
2024-07-27,Yearn,Ethereum,4.1,DAI,115859354,23.35,0
2024-07-27,Yearn,Arbitrum,4.83,USDC,112128745,3.25,9.46
2024-07-27,Yearn,Arbitrum,4.64,USDT,109028963,2.72,11.66
2024-07-27,Yearn,Arbitrum,4.92,DAI,130190329,3.0,12.85
2024-07-27,Yearn,Optimism,5.07,USDC,113398205,2.26,8.98
2024-07-27,Yearn,Optimism,4.22,DAI,117688435,1.74,9.66
2024-07-27,Yearn,Polygon,4.89,USDC,117604259,1.13,7.55
2024-07-27,Yearn,Polygon,5.01,USDT,122467513,1.31,7.46
2024-07-27,Yearn,Polygon,5.33,DAI,114027159,0.88,8.91
2024-07-27,Yearn,Base,4.77,USDC,120146943,2.43,5.49
2024-07-27,Yearn,Base,5.19,USDT,116391987,1.87,10.89
2024-07-27,Pendle,Ethereum,9.41,USDC,75314124,29.65,0
2024-07-27,Pendle,Ethereum,10.67,USDT,74953256,22.74,0
2024-07-27,Pendle,Ethereum,12.87,DAI,76026619,20.29,0
2024-07-27,Pendle,Arbitrum,16.53,USDT,75704164,2.52,10.02
2024-07-27,Pendle,Arbitrum,12.89,DAI,72373744,1.96,11.94
2024-07-27,Pendle,Optimism,12.35,USDC,74657510,1.87,8.35
2024-07-27,Pendle,Base,10.85,USDC,76505184,2.27,10.52
2024-07-27,Pendle,Base,11.88,USDT,76310106,2.0,12.52
2024-07-27,Pendle,Base,17.14,DAI,73164763,2.27,9.23
2024-07-27,Convex,Ethereum,5.01,USDT,143149103,28.51,0
2024-07-27,Convex,Ethereum,5.49,DAI,154107998,20.39,0
2024-07-27,Balancer,Ethereum,8.4,USDC,103523708,18.44,0
2024-07-27,Balancer,Ethereum,8.46,USDT,114942273,28.7,0
2024-07-27,Balancer,Ethereum,8.8,DAI,113281670,18.02,0
2024-07-27,Balancer,Arbitrum,9.93,USDC,110100205,2.6,17.01
2024-07-27,Balancer,Arbitrum,10.02,USDT,105103816,3.34,10.96
2024-07-27,Balancer,Arbitrum,10.24,DAI,111839739,2.35,10.38
2024-07-27,Balancer,Optimism,10.02,USDT,107829865,2.35,12.06
2024-07-27,Balancer,Polygon,12.37,USDC,104402797,0.97,7.69
2024-07-27,Balancer,Polygon,8.5,USDT,102209361,1.33,7.51
2024-07-27,Balancer,Polygon,9.42,DAI,110305682,0.89,7.8
2024-07-27,Balancer,Base,10.87,USDC,110826738,2.85,8.93
2024-07-27,Balancer,Base,10.94,USDT,107717643,2.17,11.99
2024-07-27,Balancer,Base,9.06,DAI,112460984,2.66,12.42
2024-07-28,Aave,Ethereum,3.57,USDC,269022991,26.77,0
2024-07-28,Aave,Ethereum,3.17,USDT,261108738,23.72,0
2024-07-28,Aave,Ethereum,3.61,DAI,274971484,29.56,0
2024-07-28,Aave,Arbitrum,4.08,USDC,253087947,2.91,13.45
2024-07-28,Aave,Arbitrum,3.85,USDT,264980489,1.81,9.36
2024-07-28,Aave,Arbitrum,4.11,DAI,239252857,2.59,12.5
2024-07-28,Aave,Optimism,3.91,USDC,270956439,2.06,8.63
2024-07-28,Aave,Optimism,3.6,USDT,257018590,3.36,7.37
2024-07-28,Aave,Optimism,3.46,DAI,233293804,1.88,8.57
2024-07-28,Aave,Polygon,4.31,USDC,215893258,0.59,5.95
2024-07-28,Aave,Polygon,4.33,USDT,249700343,1.21,9.24
2024-07-28,Aave,Polygon,4.53,DAI,230866301,0.96,7.49
2024-07-28,Aave,Base,3.93,USDC,250708811,1.8,9.85
2024-07-28,Aave,Base,3.89,USDT,251233830,2.29,7.84
2024-07-28,Aave,Base,3.8,DAI,250883627,1.47,9.45
2024-07-28,Compound,Ethereum,3.1,USDC,168735271,23.15,0
2024-07-28,Compound,Ethereum,2.9,USDT,196383930,34.54,0
2024-07-28,Compound,Ethereum,3.13,DAI,168372500,27.19,0
2024-07-28,Compound,Arbitrum,3.83,USDC,185786946,2.04,16.6
2024-07-28,Compound,Arbitrum,3.98,USDT,175328288,1.86,14.01
2024-07-28,Compound,Arbitrum,3.81,DAI,168531834,2.29,8.26
2024-07-28,Compound,Optimism,3.75,USDC,172813426,1.92,6.9
2024-07-28,Compound,Optimism,3.72,DAI,187596187,2.07,9.86
2024-07-28,Compound,Polygon,4.38,USDC,184341611,0.95,6.22
2024-07-28,Compound,Polygon,3.98,USDT,184445299,1.09,7.28
2024-07-28,Compound,Polygon,4.08,DAI,162739376,1.12,9.67
2024-07-28,Compound,Base,3.73,USDC,178058813,2.34,6.92
2024-07-28,Compound,Base,4.04,USDT,177799541,2.27,9.5
2024-07-28,Compound,Base,3.75,DAI,171662110,2.66,10.64
2024-07-28,Curve,Ethereum,6.4,USDC,318363991,28.0,0
2024-07-28,Curve,Ethereum,9.16,USDT,340993086,25.43,0
2024-07-28,Curve,Ethereum,8.24,DAI,330933571,23.01,0
2024-07-28,Curve,Arbitrum,6.54,USDC,332278491,2.07,10.55
2024-07-28,Curve,Arbitrum,9.96,USDT,350446097,2.71,9.2
2024-07-28,Curve,Arbitrum,10.14,DAI,291138429,2.92,10.41
2024-07-28,Curve,Optimism,11.09,USDC,313384356,2.26,4.73
2024-07-28,Curve,Optimism,10.47,USDT,313563202,1.96,11.43
2024-07-28,Curve,Polygon,7.35,USDC,345994180,0.94,4.74
2024-07-28,Curve,Polygon,8.54,USDT,336540757,1.29,5.87
2024-07-28,Curve,Polygon,10.5,DAI,337327623,0.49,6.59
2024-07-28,Curve,Base,11.23,USDC,304313806,1.97,6.71
2024-07-28,Curve,Base,9.26,USDT,338311529,2.28,8.95
2024-07-28,Curve,Base,12.04,DAI,307150370,2.48,10.25
2024-07-28,Uniswap V3,Ethereum,8.84,USDC,93258534,25.58,0
2024-07-28,Uniswap V3,Ethereum,7.35,USDT,98071292,26.52,0
2024-07-28,Uniswap V3,Ethereum,8.76,DAI,90904107,26.64,0
2024-07-28,Uniswap V3,Arbitrum,11.67,USDC,91450562,2.02,7.04
2024-07-28,Uniswap V3,Arbitrum,9.74,USDT,99110600,2.37,12.85
2024-07-28,Uniswap V3,Arbitrum,9.02,DAI,92122128,3.25,13.22
2024-07-28,Uniswap V3,Optimism,8.08,USDC,103143782,1.83,10.66
2024-07-28,Uniswap V3,Optimism,10.72,USDT,100500710,1.79,9.21
2024-07-28,Uniswap V3,Optimism,11.44,DAI,91089859,1.86,12.09
2024-07-28,Uniswap V3,Polygon,12.5,USDC,90530830,0.92,8.68
2024-07-28,Uniswap V3,Polygon,12.9,USDT,97698997,0.9,9.79
2024-07-28,Uniswap V3,Polygon,13.56,DAI,96528116,1.0,7.32
2024-07-28,Uniswap V3,Base,10.82,USDC,89279971,2.49,9.76
2024-07-28,Uniswap V3,Base,10.5,USDT,91854469,2.23,8.2
2024-07-28,Uniswap V3,Base,10.4,DAI,87466328,1.95,10.06
2024-07-28,Yearn,Ethereum,3.57,USDT,113053115,25.54,0
2024-07-28,Yearn,Ethereum,4.1,DAI,123449251,25.55,0
2024-07-28,Yearn,Arbitrum,4.79,USDC,119142921,3.08,11.78
2024-07-28,Yearn,Arbitrum,5.04,USDT,124500339,2.63,8.63
2024-07-28,Yearn,Arbitrum,5.31,DAI,115344353,2.53,11.22
2024-07-28,Yearn,Optimism,4.83,USDC,128679690,2.13,9.43
2024-07-28,Yearn,Optimism,4.87,USDT,118170541,1.56,8.21
2024-07-28,Yearn,Optimism,4.54,DAI,123867701,2.07,7.58
2024-07-28,Yearn,Polygon,4.89,USDC,116713902,1.33,10.22
2024-07-28,Yearn,Polygon,5.1,USDT,123450251,1.12,6.83
2024-07-28,Yearn,Polygon,5.34,DAI,122213548,0.69,4.12
2024-07-28,Yearn,Base,4.88,USDC,133861439,2.43,10.79
2024-07-28,Yearn,Base,5.24,USDT,128058564,1.78,10.98
2024-07-28,Yearn,Base,4.94,DAI,117819094,2.48,7.45
2024-07-28,Pendle,Ethereum,9.83,DAI,77301170,26.21,0
2024-07-28,Pendle,Arbitrum,15.6,USDC,72511985,1.67,14.34
2024-07-28,Pendle,Arbitrum,14.85,USDT,71568313,2.45,15.86
2024-07-28,Pendle,Arbitrum,13.5,DAI,84894044,2.9,10.68
2024-07-28,Pendle,Optimism,10.55,USDC,70144525,2.03,8.38
2024-07-28,Pendle,Optimism,12.57,USDT,77731049,2.31,8.91
2024-07-28,Pendle,Optimism,13.03,DAI,68156072,1.86,11.13
2024-07-28,Pendle,Base,13.65,USDC,67966025,2.17,13.56
2024-07-28,Pendle,Base,15.21,USDT,77767336,2.51,14.97
2024-07-28,Pendle,Base,11.61,DAI,81850358,1.94,9.06
2024-07-28,Convex,Ethereum,6.18,USDC,146669881,28.78,0
2024-07-28,Convex,Ethereum,5.96,USDT,140908463,28.36,0
2024-07-28,Convex,Ethereum,6.31,DAI,143079801,26.65,0
2024-07-28,Balancer,Ethereum,9.12,USDT,100920749,20.43,0
2024-07-28,Balancer,Ethereum,7.64,DAI,117191079,29.58,0
2024-07-28,Balancer,Arbitrum,9.94,USDC,117390594,2.26,14.61
2024-07-28,Balancer,Arbitrum,11.97,USDT,115456064,2.16,15.42
2024-07-28,Balancer,Arbitrum,9.62,DAI,111088908,2.54,13.37
2024-07-28,Balancer,Optimism,9.74,USDC,116422388,1.62,7.58
2024-07-28,Balancer,Optimism,9.57,USDT,101416488,1.81,8.89
2024-07-28,Balancer,Optimism,9.82,DAI,107993553,2.38,8.99
2024-07-28,Balancer,Polygon,11.72,USDC,104522932,0.96,9.2
2024-07-28,Balancer,Polygon,10.93,USDT,108328363,0.84,6.2
2024-07-28,Balancer,Polygon,10.39,DAI,112215445,0.57,7.53
2024-07-28,Balancer,Base,10.21,USDC,105878949,2.02,13.42
2024-07-28,Balancer,Base,10.46,USDT,103669712,2.26,15.24
2024-07-28,Balancer,Base,9.47,DAI,109811998,2.4,9.86
2024-07-29,Aave,Ethereum,3.1,USDC,263780933,44.54,0
2024-07-29,Aave,Ethereum,3.27,USDT,256739515,32.35,0
2024-07-29,Aave,Ethereum,3.13,DAI,255282434,54.32,0
2024-07-29,Aave,Arbitrum,4.36,USDC,266293605,4.34,13.71
2024-07-29,Aave,Arbitrum,3.96,USDT,253568301,2.07,11.41
2024-07-29,Aave,Arbitrum,4.12,DAI,266631862,4.22,11.53
2024-07-29,Aave,Optimism,3.56,USDC,249890510,2.64,7.5
2024-07-29,Aave,Optimism,4.06,USDT,245222590,2.63,8.63
2024-07-29,Aave,Optimism,4.27,DAI,262760407,2.72,8.37
2024-07-29,Aave,Polygon,4.04,USDC,257957072,1.16,8.56
2024-07-29,Aave,Polygon,3.91,USDT,262608140,1.87,6.83
2024-07-29,Aave,Polygon,4.47,DAI,235689230,1.5,10.43
2024-07-29,Aave,Base,4.07,USDC,248065962,3.54,13.76
2024-07-29,Aave,Base,4.19,USDT,245905828,2.8,10.42
2024-07-29,Aave,Base,4.04,DAI,239580969,2.89,11.43
2024-07-29,Compound,Ethereum,3.3,USDC,187089274,49.26,0
2024-07-29,Compound,Ethereum,3.13,USDT,175663539,44.88,0
2024-07-29,Compound,Ethereum,3.35,DAI,194060588,36.76,0
2024-07-29,Compound,Arbitrum,3.9,USDC,181750945,3.33,13.31
2024-07-29,Compound,Arbitrum,3.71,DAI,174730362,4.03,14.06
2024-07-29,Compound,Optimism,3.51,USDC,195447571,3.4,5.59
2024-07-29,Compound,Optimism,3.93,USDT,194358395,2.94,5.86
2024-07-29,Compound,Optimism,3.42,DAI,189004304,3.01,9.96
2024-07-29,Compound,Polygon,3.92,USDC,190437697,1.61,8.51
2024-07-29,Compound,Polygon,4.09,USDT,176859856,1.18,9.88
2024-07-29,Compound,Polygon,4.24,DAI,188659313,1.42,9.8
2024-07-29,Compound,Base,3.82,USDC,175344850,3.48,8.95
2024-07-29,Compound,Base,3.94,USDT,188789930,2.97,11.55
2024-07-29,Compound,Base,4.02,DAI,175276024,2.8,9.54
2024-07-29,Curve,Ethereum,7.89,USDC,321807374,37.48,0
2024-07-29,Curve,Ethereum,7.32,USDT,304064694,45.5,0
2024-07-29,Curve,Ethereum,7.76,DAI,332961367,41.32,0
2024-07-29,Curve,Arbitrum,9.79,USDC,325276549,3.99,12.07
2024-07-29,Curve,Arbitrum,9.68,USDT,329619670,2.15,14.53
2024-07-29,Curve,Arbitrum,9.69,DAI,340836555,4.82,10.86
2024-07-29,Curve,Optimism,11.23,USDC,327290564,3.59,8.12
2024-07-29,Curve,Optimism,10.49,USDT,307451929,2.4,9.96
2024-07-29,Curve,Optimism,9.29,DAI,349837552,2.85,8.72
2024-07-29,Curve,Polygon,10.8,USDT,324830452,1.6,9.9
2024-07-29,Curve,Polygon,11.88,DAI,339793808,1.39,10.55
2024-07-29,Curve,Base,10.23,USDC,329151323,3.93,13.88
2024-07-29,Curve,Base,11.24,USDT,334301544,2.65,10.91
2024-07-29,Curve,Base,10.91,DAI,301202415,2.99,9.26
2024-07-29,Uniswap V3,Ethereum,9.72,USDC,105592775,56.79,0
2024-07-29,Uniswap V3,Ethereum,7.46,USDT,92372256,43.05,0
2024-07-29,Uniswap V3,Ethereum,9.51,DAI,106785136,47.23,0
2024-07-29,Uniswap V3,Arbitrum,9.36,USDC,104994779,4.33,13.15
2024-07-29,Uniswap V3,Arbitrum,6.79,USDT,96948201,3.23,13.39
2024-07-29,Uniswap V3,Arbitrum,12.7,DAI,89213458,4.54,10.34
2024-07-29,Uniswap V3,Optimism,9.3,USDC,103381401,3.17,10.4
2024-07-29,Uniswap V3,Optimism,8.37,USDT,98576156,3.69,8.32
2024-07-29,Uniswap V3,Optimism,8.99,DAI,92839491,3.66,9.42
2024-07-29,Uniswap V3,Polygon,13.15,USDC,90460853,1.27,5.39
2024-07-29,Uniswap V3,Polygon,12.75,DAI,90807220,1.08,6.6
2024-07-29,Uniswap V3,Base,11.03,USDC,100380461,3.31,9.42
2024-07-29,Uniswap V3,Base,9.13,USDT,95078653,3.79,10.65
2024-07-29,Uniswap V3,Base,8.96,DAI,109436300,3.6,8.61
2024-07-29,Yearn,Ethereum,4.16,USDC,119108574,54.17,0
2024-07-29,Yearn,Ethereum,4.75,USDT,124846711,49.9,0
2024-07-29,Yearn,Ethereum,4.55,DAI,127793078,40.34,0
2024-07-29,Yearn,Arbitrum,4.89,USDC,109224526,3.05,12.8
2024-07-29,Yearn,Arbitrum,5.23,USDT,114978256,1.85,14.15
2024-07-29,Yearn,Arbitrum,4.4,DAI,131707489,3.48,13.94
2024-07-29,Yearn,Optimism,4.92,USDC,123779601,3.25,7.05
2024-07-29,Yearn,Optimism,4.92,USDT,124717147,3.4,5.72
2024-07-29,Yearn,Optimism,4.98,DAI,121241617,3.4,6.28
2024-07-29,Yearn,Polygon,5.17,USDC,108806834,1.25,5.42
2024-07-29,Yearn,Polygon,5.1,USDT,117908353,1.13,13.88
2024-07-29,Yearn,Polygon,5.63,DAI,122709264,1.33,9.39
2024-07-29,Yearn,Base,5.51,USDC,122627942,2.98,5.6
2024-07-29,Yearn,Base,4.7,USDT,115273023,3.23,13.12
2024-07-29,Pendle,Ethereum,12.26,USDC,82759243,35.89,0
2024-07-29,Pendle,Ethereum,10.09,USDT,74778626,42.83,0
2024-07-29,Pendle,Arbitrum,15.59,USDC,81140458,3.45,8.79
2024-07-29,Pendle,Arbitrum,13.57,USDT,73211614,3.65,8.95
2024-07-29,Pendle,Arbitrum,13.24,DAI,68764650,3.04,14.97
2024-07-29,Pendle,Optimism,10.64,USDC,78438190,4.27,7.06
2024-07-29,Pendle,Optimism,15.25,USDT,82170013,3.65,10.61
2024-07-29,Pendle,Optimism,11.1,DAI,75934913,3.09,6.86
2024-07-29,Pendle,Base,14.54,USDC,75083675,4.02,8.89
2024-07-29,Pendle,Base,14.09,DAI,79802134,3.17,13.19
2024-07-29,Convex,Ethereum,5.25,USDT,158910836,46.02,0
2024-07-29,Convex,Ethereum,4.84,DAI,148373840,36.82,0
2024-07-29,Balancer,Ethereum,6.66,USDC,108433722,37.54,0
2024-07-29,Balancer,Ethereum,8.85,USDT,116410227,45.28,0
2024-07-29,Balancer,Ethereum,8.18,DAI,111529878,26.09,0
2024-07-29,Balancer,Arbitrum,8.65,USDC,114152568,3.5,13.3
2024-07-29,Balancer,Arbitrum,9.11,USDT,112172807,2.85,12.76
2024-07-29,Balancer,Arbitrum,10.27,DAI,119802097,4.19,10.4
2024-07-29,Balancer,Optimism,7.96,USDC,106205675,3.28,7.11
2024-07-29,Balancer,Optimism,8.86,USDT,110301229,3.64,7.57
2024-07-29,Balancer,Optimism,9.21,DAI,106314530,3.34,7.42
2024-07-29,Balancer,Polygon,11.73,USDC,116661605,1.26,7.42
2024-07-29,Balancer,Polygon,10.29,USDT,120084721,1.49,3.65
2024-07-29,Balancer,Polygon,9.86,DAI,118913177,1.32,6.56
2024-07-29,Balancer,Base,11.49,USDC,112470132,4.24,9.94
2024-07-29,Balancer,Base,9.31,USDT,107432309,3.59,12.46
2024-07-29,Balancer,Base,9.91,DAI,111161041,3.43,11.69
2024-07-30,Aave,Ethereum,3.35,USDC,267377526,31.78,0
2024-07-30,Aave,Ethereum,3.51,USDT,275389838,36.57,0
2024-07-30,Aave,Ethereum,3.7,DAI,235866030,31.2,0
2024-07-30,Aave,Arbitrum,4.0,USDT,231229363,3.57,12.75
2024-07-30,Aave,Arbitrum,3.83,DAI,243709744,4.35,11.64
2024-07-30,Aave,Optimism,3.95,USDT,257183099,3.37,5.92
2024-07-30,Aave,Optimism,4.05,DAI,265726744,2.8,7.66
2024-07-30,Aave,Polygon,4.4,USDC,274629389,1.21,9.25
2024-07-30,Aave,Polygon,4.14,USDT,256823474,0.57,9.79
2024-07-30,Aave,Polygon,4.55,DAI,248862272,1.63,6.6
2024-07-30,Aave,Base,4.26,USDC,245197135,2.68,5.16
2024-07-30,Aave,Base,4.32,USDT,253032093,3.66,8.78
2024-07-30,Aave,Base,3.95,DAI,259960933,3.52,8.85
2024-07-30,Compound,Ethereum,3.28,USDC,197189426,60.93,0
2024-07-30,Compound,Ethereum,3.18,DAI,188145551,51.35,0
2024-07-30,Compound,Arbitrum,3.85,USDC,174312406,4.0,12.02
2024-07-30,Compound,Arbitrum,4.01,USDT,170960140,3.11,13.9
2024-07-30,Compound,Arbitrum,3.71,DAI,171643865,3.46,9.31
2024-07-30,Compound,Optimism,3.58,USDC,196617293,3.01,11.9
2024-07-30,Compound,Optimism,3.99,USDT,197237168,3.23,7.82
2024-07-30,Compound,Polygon,4.12,USDC,194603646,1.81,6.52
2024-07-30,Compound,Polygon,4.03,USDT,181166182,1.79,6.88
2024-07-30,Compound,Polygon,4.05,DAI,195399939,1.59,9.61
2024-07-30,Compound,Base,3.79,USDC,173967908,3.55,9.95
2024-07-30,Compound,Base,3.86,USDT,176842319,3.54,8.22
2024-07-30,Compound,Base,3.88,DAI,195414843,2.98,11.36
2024-07-30,Curve,Ethereum,8.12,USDC,324646555,52.07,0
2024-07-30,Curve,Ethereum,7.97,USDT,335977650,37.2,0
2024-07-30,Curve,Ethereum,8.73,DAI,355185500,42.61,0
2024-07-30,Curve,Arbitrum,9.74,USDT,329241536,3.5,13.37
2024-07-30,Curve,Arbitrum,10.07,DAI,358017818,3.52,16.04
2024-07-30,Curve,Optimism,11.53,USDC,321757384,3.61,8.68
2024-07-30,Curve,Optimism,9.99,USDT,332070266,3.78,8.29
2024-07-30,Curve,Polygon,9.82,USDC,316003447,1.5,11.43
2024-07-30,Curve,Polygon,11.76,USDT,309053555,1.46,7.38
2024-07-30,Curve,Base,11.2,USDC,326791425,3.12,8.9
2024-07-30,Curve,Base,9.72,DAI,338941208,3.33,10.27
2024-07-30,Uniswap V3,Ethereum,9.77,USDC,96576688,44.97,0
2024-07-30,Uniswap V3,Ethereum,9.41,USDT,100304831,42.12,0
2024-07-30,Uniswap V3,Ethereum,8.4,DAI,102107902,47.73,0
2024-07-30,Uniswap V3,Arbitrum,9.4,USDC,96023420,3.67,11.63
2024-07-30,Uniswap V3,Arbitrum,10.28,USDT,94808398,3.24,11.65
2024-07-30,Uniswap V3,Arbitrum,11.09,DAI,94121185,3.97,10.17
2024-07-30,Uniswap V3,Optimism,9.29,USDC,102996715,3.38,6.53
2024-07-30,Uniswap V3,Optimism,11.7,USDT,97927796,3.78,9.12
2024-07-30,Uniswap V3,Optimism,11.04,DAI,94014753,2.5,9.67
2024-07-30,Uniswap V3,Polygon,11.3,USDC,84964647,1.36,5.55
2024-07-30,Uniswap V3,Polygon,12.86,USDT,94764110,1.5,9.31
2024-07-30,Uniswap V3,Polygon,10.16,DAI,103035621,1.58,7.37
2024-07-30,Uniswap V3,Base,10.35,USDC,96744465,3.21,10.59
2024-07-30,Uniswap V3,Base,12.63,USDT,98143803,3.33,11.16
2024-07-30,Uniswap V3,Base,10.64,DAI,96176132,2.97,10.4
2024-07-30,Yearn,Ethereum,4.26,USDT,134233423,36.86,0
2024-07-30,Yearn,Ethereum,4.46,DAI,130546149,44.11,0
2024-07-30,Yearn,Arbitrum,5.36,USDC,121825408,3.6,13.53
2024-07-30,Yearn,Arbitrum,4.87,USDT,133095762,3.78,12.38
2024-07-30,Yearn,Arbitrum,4.27,DAI,119136731,1.27,4.55
2024-07-30,Yearn,Optimism,5.05,USDC,121961847,2.56,9.94
2024-07-30,Yearn,Optimism,5.25,USDT,131745976,2.63,12.71
2024-07-30,Yearn,Optimism,4.79,DAI,127146638,2.69,9.26
2024-07-30,Yearn,Polygon,5.4,USDC,132343214,1.84,8.42
2024-07-30,Yearn,Polygon,4.98,USDT,115437567,1.21,7.31
2024-07-30,Yearn,Polygon,5.4,DAI,126985863,1.63,10.4
2024-07-30,Yearn,Base,5.27,USDT,135636461,3.59,6.23
2024-07-30,Yearn,Base,5.35,DAI,125258586,3.46,10.7
2024-07-30,Pendle,Ethereum,11.36,USDC,82070042,39.97,0
2024-07-30,Pendle,Ethereum,9.47,USDT,76831971,45.83,0
2024-07-30,Pendle,Ethereum,9.72,DAI,81646225,37.29,0
2024-07-30,Pendle,Arbitrum,14.86,USDC,72673487,3.59,14.46
2024-07-30,Pendle,Arbitrum,20.53,USDT,83175272,3.93,9.34
2024-07-30,Pendle,Arbitrum,16.81,DAI,74389956,3.53,18.74
2024-07-30,Pendle,Optimism,12.89,USDC,77066547,3.95,8.37
2024-07-30,Pendle,Optimism,14.84,USDT,77410215,3.14,10.45
2024-07-30,Pendle,Optimism,13.9,DAI,79888232,2.59,6.81
2024-07-30,Pendle,Base,15.49,DAI,79635678,3.23,12.07
2024-07-30,Convex,Ethereum,5.19,USDC,161652423,24.04,0
2024-07-30,Convex,Ethereum,5.43,DAI,167025802,36.04,0
2024-07-30,Balancer,Ethereum,9.13,USDC,113262470,39.51,0
2024-07-30,Balancer,Ethereum,8.26,DAI,111784627,48.91,0
2024-07-30,Balancer,Arbitrum,10.39,USDC,112806034,4.3,7.05
2024-07-30,Balancer,Arbitrum,10.84,USDT,108637873,2.61,9.37
2024-07-30,Balancer,Arbitrum,9.02,DAI,119037309,4.2,10.12
2024-07-30,Balancer,Optimism,10.1,USDC,117812548,3.02,10.98
2024-07-30,Balancer,Optimism,8.46,USDT,110303306,3.36,5.53
2024-07-30,Balancer,Optimism,10.02,DAI,119506421,2.86,6.89
2024-07-30,Balancer,Polygon,9.43,USDC,119379539,1.83,6.68
2024-07-30,Balancer,Polygon,11.79,USDT,115859903,1.3,6.9
2024-07-30,Balancer,Polygon,11.4,DAI,115859904,1.13,6.39
2024-07-30,Balancer,Base,10.9,USDC,113086283,3.0,10.0
2024-07-30,Balancer,Base,8.76,USDT,110977771,3.27,14.64
2024-07-30,Balancer,Base,8.77,DAI,112547622,2.77,10.0
2024-07-31,Aave,Ethereum,3.28,USDC,230417382,47.06,0
2024-07-31,Aave,Ethereum,3.25,USDT,280589082,57.47,0
2024-07-31,Aave,Ethereum,2.66,DAI,246519516,27.77,0
2024-07-31,Aave,Arbitrum,3.97,USDC,268787174,4.79,15.93
2024-07-31,Aave,Arbitrum,4.61,USDT,268257451,4.61,10.68
2024-07-31,Aave,Arbitrum,3.9,DAI,266958875,3.08,14.8
2024-07-31,Aave,Optimism,3.69,USDC,288935903,2.34,11.2
2024-07-31,Aave,Optimism,3.93,USDT,259059799,3.83,7.56
2024-07-31,Aave,Optimism,3.58,DAI,263027994,3.32,7.88
2024-07-31,Aave,Polygon,4.54,USDC,278066442,1.69,8.55
2024-07-31,Aave,Polygon,4.35,USDT,264124123,1.14,8.58
2024-07-31,Aave,Polygon,4.32,DAI,284282314,0.99,9.91
2024-07-31,Aave,Base,4.35,USDC,274404620,3.62,14.68
2024-07-31,Aave,Base,3.54,USDT,268063019,2.16,14.84
2024-07-31,Aave,Base,3.85,DAI,266749152,3.18,11.87
2024-07-31,Compound,Ethereum,3.01,USDC,180717735,36.35,0
2024-07-31,Compound,Ethereum,3.41,USDT,183451628,40.4,0
2024-07-31,Compound,Ethereum,3.21,DAI,190472029,33.74,0
2024-07-31,Compound,Arbitrum,3.62,USDC,199129548,2.91,8.97
2024-07-31,Compound,Arbitrum,4.0,USDT,179268841,3.24,14.3
2024-07-31,Compound,Arbitrum,3.95,DAI,189754370,4.72,15.67
2024-07-31,Compound,Optimism,4.05,USDC,182832454,2.75,8.73
2024-07-31,Compound,Optimism,3.61,USDT,188270013,2.68,12.59
2024-07-31,Compound,Optimism,3.92,DAI,199308069,3.29,9.35
2024-07-31,Compound,Polygon,4.04,USDC,189185295,1.37,6.87
2024-07-31,Compound,Polygon,3.73,USDT,190548317,1.21,7.21
2024-07-31,Compound,Polygon,3.98,DAI,181824155,1.71,7.81
2024-07-31,Compound,Base,3.66,USDC,200052858,3.58,11.59
2024-07-31,Compound,Base,3.76,USDT,198156626,2.68,13.9
2024-07-31,Compound,Base,3.86,DAI,196307838,3.52,9.31
2024-07-31,Curve,Ethereum,7.44,USDC,335251397,49.34,0
2024-07-31,Curve,Ethereum,5.97,USDT,358055451,31.94,0
2024-07-31,Curve,Ethereum,9.86,DAI,351121586,48.23,0
2024-07-31,Curve,Arbitrum,10.38,USDT,288652192,3.8,10.49
2024-07-31,Curve,Arbitrum,10.96,DAI,344080082,2.94,12.43
2024-07-31,Curve,Optimism,8.01,USDC,324688939,2.55,8.92
2024-07-31,Curve,Optimism,8.61,USDT,327206048,2.89,10.54
2024-07-31,Curve,Polygon,10.52,USDC,360019311,1.16,6.72
2024-07-31,Curve,Polygon,11.21,USDT,346123453,1.54,7.24
2024-07-31,Curve,Polygon,12.95,DAI,312860190,1.14,6.95
2024-07-31,Curve,Base,10.38,DAI,334924173,3.89,9.9
2024-07-31,Uniswap V3,Ethereum,7.4,USDC,96784212,37.19,0
2024-07-31,Uniswap V3,Ethereum,7.34,USDT,95377473,38.81,0
2024-07-31,Uniswap V3,Ethereum,8.02,DAI,101611879,36.97,0
2024-07-31,Uniswap V3,Arbitrum,11.78,USDC,94200173,3.66,12.1
2024-07-31,Uniswap V3,Arbitrum,10.83,USDT,94513040,3.98,10.18
2024-07-31,Uniswap V3,Arbitrum,9.36,DAI,99795787,3.49,14.09
2024-07-31,Uniswap V3,Optimism,11.36,USDC,105643526,3.89,9.58
2024-07-31,Uniswap V3,Optimism,10.7,DAI,100802185,3.58,9.76
2024-07-31,Uniswap V3,Polygon,13.37,USDT,110838440,1.77,7.15
2024-07-31,Uniswap V3,Polygon,11.27,DAI,100342657,1.13,4.9
2024-07-31,Uniswap V3,Base,8.68,USDC,105551699,4.04,11.97
2024-07-31,Uniswap V3,Base,13.66,USDT,99514051,2.6,8.58
2024-07-31,Uniswap V3,Base,10.26,DAI,102395685,2.94,9.49
2024-07-31,Yearn,Ethereum,4.57,USDC,133946767,31.92,0
2024-07-31,Yearn,Ethereum,4.21,USDT,131394673,39.72,0
2024-07-31,Yearn,Ethereum,4.41,DAI,121289607,43.52,0
2024-07-31,Yearn,Arbitrum,5.1,USDC,125237624,3.49,9.95
2024-07-31,Yearn,Arbitrum,5.2,USDT,114439091,4.69,10.18
2024-07-31,Yearn,Optimism,4.79,USDC,126072257,3.05,8.02
2024-07-31,Yearn,Optimism,4.65,USDT,138155865,3.8,10.12
2024-07-31,Yearn,Optimism,4.71,DAI,129546744,2.01,8.99
2024-07-31,Yearn,Polygon,5.35,USDC,132383714,1.38,3.81
2024-07-31,Yearn,Polygon,4.81,USDT,127231324,1.79,8.9
2024-07-31,Yearn,Base,4.89,USDC,136851991,3.43,10.77
2024-07-31,Yearn,Base,4.77,USDT,134688927,3.44,13.44
2024-07-31,Yearn,Base,4.95,DAI,121474904,2.88,11.38
2024-07-31,Pendle,Ethereum,9.28,USDC,79405737,36.96,0
2024-07-31,Pendle,Ethereum,11.84,USDT,77763364,38.41,0
2024-07-31,Pendle,Ethereum,14.64,DAI,81817122,37.31,0
2024-07-31,Pendle,Arbitrum,15.42,USDT,80732146,3.59,18.94
2024-07-31,Pendle,Arbitrum,16.92,DAI,76575815,4.72,11.85
2024-07-31,Pendle,Optimism,13.52,USDC,85677737,2.51,10.06
2024-07-31,Pendle,Optimism,16.77,USDT,75326885,3.59,10.09
2024-07-31,Pendle,Optimism,12.84,DAI,78968340,2.61,10.21
2024-07-31,Pendle,Base,13.9,USDC,84323410,3.31,7.23
2024-07-31,Pendle,Base,15.93,USDT,83995507,3.24,9.81
2024-07-31,Pendle,Base,13.92,DAI,77522050,2.75,9.87
2024-07-31,Convex,Ethereum,5.69,USDC,162800199,45.62,0
2024-07-31,Convex,Ethereum,4.74,USDT,165522795,37.58,0
2024-07-31,Balancer,Ethereum,9.96,USDC,111633783,48.47,0
2024-07-31,Balancer,Ethereum,8.29,USDT,109264775,40.24,0
2024-07-31,Balancer,Ethereum,8.61,DAI,117892750,51.87,0
2024-07-31,Balancer,Arbitrum,9.58,USDT,118013549,4.33,15.13
2024-07-31,Balancer,Arbitrum,10.19,DAI,115670716,3.57,13.49
2024-07-31,Balancer,Optimism,8.84,USDC,119055567,3.01,10.56
2024-07-31,Balancer,Optimism,10.02,USDT,119690027,2.41,9.35
2024-07-31,Balancer,Optimism,7.41,DAI,121838641,2.99,9.33
2024-07-31,Balancer,Polygon,12.49,USDC,122543174,1.39,7.18
2024-07-31,Balancer,Polygon,11.23,USDT,113322647,1.41,6.24
2024-07-31,Balancer,Polygon,10.92,DAI,119195901,1.7,8.27
2024-07-31,Balancer,Base,11.06,USDC,122956978,3.7,6.45
2024-07-31,Balancer,Base,10.4,DAI,110148675,2.78,3.85
2024-08-01,Aave,Ethereum,3.25,USDC,283366848,37.25,0
2024-08-01,Aave,Ethereum,3.51,USDT,254841687,53.6,0
2024-08-01,Aave,Ethereum,3.31,DAI,275706811,31.49,0
2024-08-01,Aave,Arbitrum,4.64,USDC,254366135,4.35,8.64
2024-08-01,Aave,Arbitrum,4.16,USDT,255213691,3.3,13.87
2024-08-01,Aave,Optimism,3.56,USDC,283418395,2.8,8.81
2024-08-01,Aave,Optimism,3.96,DAI,260564267,2.19,8.06
2024-08-01,Aave,Polygon,4.02,USDC,293150125,1.53,8.61
2024-08-01,Aave,Polygon,4.07,USDT,276514749,1.22,7.72
2024-08-01,Aave,Polygon,4.1,DAI,282762601,1.59,7.55
2024-08-01,Aave,Base,3.9,USDC,285032367,3.39,10.48
2024-08-01,Aave,Base,3.66,USDT,249251971,3.44,10.55
2024-08-01,Aave,Base,4.02,DAI,264779574,3.52,12.52
2024-08-01,Compound,Ethereum,3.06,USDC,192285934,47.03,0
2024-08-01,Compound,Ethereum,3.16,USDT,197913262,48.75,0
2024-08-01,Compound,Ethereum,3.24,DAI,175930694,46.97,0
2024-08-01,Compound,Arbitrum,3.84,USDC,202347055,5.27,11.32
2024-08-01,Compound,Arbitrum,3.68,USDT,213481509,3.68,6.97
2024-08-01,Compound,Arbitrum,4.25,DAI,190203956,3.82,13.09
2024-08-01,Compound,Optimism,3.53,USDC,200765238,3.16,8.72
2024-08-01,Compound,Optimism,4.02,USDT,196552167,3.01,8.21
2024-08-01,Compound,Polygon,3.9,USDC,186870958,1.56,9.37
2024-08-01,Compound,Polygon,4.18,USDT,200299700,1.78,6.82
2024-08-01,Compound,Polygon,3.73,DAI,198782102,1.7,12.07
2024-08-01,Compound,Base,3.7,USDC,201552915,3.35,9.54
2024-08-01,Compound,Base,3.95,USDT,195477367,3.12,10.03
2024-08-01,Compound,Base,3.8,DAI,199384949,3.67,11.52
2024-08-01,Curve,Ethereum,6.65,USDC,328909015,29.57,0
2024-08-01,Curve,Ethereum,9.73,USDT,368705805,36.54,0
2024-08-01,Curve,Ethereum,6.96,DAI,363902214,38.98,0
2024-08-01,Curve,Arbitrum,10.28,USDC,335662117,3.46,14.74
2024-08-01,Curve,Arbitrum,8.08,USDT,341162580,4.35,13.79
2024-08-01,Curve,Arbitrum,9.44,DAI,356463170,3.28,12.02
2024-08-01,Curve,Optimism,7.03,USDC,326501482,1.91,7.35
2024-08-01,Curve,Optimism,9.2,USDT,368180080,2.47,9.07
2024-08-01,Curve,Optimism,9.31,DAI,347080886,3.61,7.28
2024-08-01,Curve,Polygon,9.89,USDC,345467099,1.51,7.04
2024-08-01,Curve,Polygon,7.68,USDT,340645345,1.19,8.51
2024-08-01,Curve,Polygon,7.36,DAI,325017654,1.78,8.86
2024-08-01,Curve,Base,8.98,USDC,381037168,3.54,11.16
2024-08-01,Curve,Base,8.99,USDT,354505849,3.72,14.39
2024-08-01,Curve,Base,10.16,DAI,337925160,2.75,9.81
2024-08-01,Uniswap V3,Ethereum,7.16,USDT,101827556,37.55,0
2024-08-01,Uniswap V3,Arbitrum,10.33,USDC,107785733,2.33,9.62
2024-08-01,Uniswap V3,Arbitrum,11.68,USDT,99497121,3.15,15.55
2024-08-01,Uniswap V3,Arbitrum,9.82,DAI,100735854,4.08,12.05
2024-08-01,Uniswap V3,Optimism,10.53,USDT,102173728,3.04,10.58
2024-08-01,Uniswap V3,Optimism,9.41,DAI,100979434,2.8,10.84
2024-08-01,Uniswap V3,Polygon,11.28,USDT,101475745,1.25,6.97
2024-08-01,Uniswap V3,Polygon,12.2,DAI,106068512,1.51,3.18
2024-08-01,Uniswap V3,Base,11.28,USDC,100961487,2.53,11.71
2024-08-01,Uniswap V3,Base,8.47,USDT,107732594,3.36,10.28
2024-08-01,Uniswap V3,Base,14.19,DAI,101181930,3.31,7.84
2024-08-01,Yearn,Ethereum,3.94,USDC,135507491,42.92,0
2024-08-01,Yearn,Ethereum,3.97,USDT,120464924,46.16,0
2024-08-01,Yearn,Arbitrum,5.1,USDC,123997849,2.79,11.78
2024-08-01,Yearn,Arbitrum,5.0,USDT,126966000,4.51,11.69
2024-08-01,Yearn,Arbitrum,5.0,DAI,140770783,3.94,11.48
2024-08-01,Yearn,Optimism,4.44,USDT,128727363,2.94,8.57
2024-08-01,Yearn,Optimism,5.04,DAI,127973562,3.0,9.05
2024-08-01,Yearn,Polygon,4.99,USDC,135778241,0.91,6.45
2024-08-01,Yearn,Polygon,4.89,USDT,129172513,1.09,8.65
2024-08-01,Yearn,Polygon,5.57,DAI,119284393,1.39,5.26
2024-08-01,Yearn,Base,4.91,USDC,131965911,3.0,7.37
2024-08-01,Yearn,Base,4.99,USDT,134356105,3.96,10.88
2024-08-01,Yearn,Base,5.1,DAI,134392327,3.25,10.19
2024-08-01,Pendle,Ethereum,14.36,USDC,83056992,36.71,0
2024-08-01,Pendle,Ethereum,12.41,DAI,81059788,41.07,0
2024-08-01,Pendle,Arbitrum,11.87,USDC,77008633,3.3,14.42
2024-08-01,Pendle,Arbitrum,12.03,USDT,83113249,3.31,10.22
2024-08-01,Pendle,Arbitrum,16.26,DAI,75082212,3.99,8.81
2024-08-01,Pendle,Optimism,11.87,USDT,86273812,2.57,10.54
2024-08-01,Pendle,Optimism,12.09,DAI,83045001,3.13,4.49
2024-08-01,Pendle,Base,14.89,USDC,75238569,3.47,7.17
2024-08-01,Pendle,Base,8.74,USDT,82035379,2.76,10.67
2024-08-01,Pendle,Base,14.93,DAI,83621309,3.65,8.25
2024-08-01,Convex,Ethereum,4.87,USDC,158116339,48.63,0
2024-08-01,Convex,Ethereum,5.97,USDT,154519463,44.11,0
2024-08-01,Convex,Ethereum,5.81,DAI,171185427,50.52,0
2024-08-01,Balancer,Ethereum,9.43,USDC,116554647,44.65,0
2024-08-01,Balancer,Ethereum,7.12,USDT,125931221,41.23,0
2024-08-01,Balancer,Ethereum,8.46,DAI,124458624,22.1,0
2024-08-01,Balancer,Arbitrum,11.34,USDT,129315850,2.69,14.39
2024-08-01,Balancer,Arbitrum,11.68,DAI,126122008,2.99,10.37
2024-08-01,Balancer,Optimism,10.89,USDC,127656703,2.95,9.88
2024-08-01,Balancer,Optimism,8.23,USDT,128864466,2.44,7.03
2024-08-01,Balancer,Polygon,10.25,USDC,114073152,0.92,7.32
2024-08-01,Balancer,Polygon,10.2,USDT,122717065,1.65,10.98
2024-08-01,Balancer,Polygon,10.5,DAI,123513802,1.4,10.31
2024-08-01,Balancer,Base,8.49,USDC,127951596,3.19,13.31
2024-08-01,Balancer,Base,10.29,USDT,117865563,3.16,9.17
2024-08-01,Balancer,Base,9.79,DAI,126416947,3.36,10.91
2024-08-02,Aave,Ethereum,3.18,USDC,275220325,51.81,0
2024-08-02,Aave,Ethereum,3.02,USDT,280805939,49.27,0
2024-08-02,Aave,Ethereum,3.12,DAI,289638901,42.87,0
2024-08-02,Aave,Arbitrum,3.95,USDC,258099538,3.5,13.28
2024-08-02,Aave,Optimism,4.02,USDC,257594747,2.15,11.82
2024-08-02,Aave,Optimism,3.47,USDT,278998324,2.64,7.09
2024-08-02,Aave,Optimism,3.55,DAI,281820275,1.86,6.62
2024-08-02,Aave,Polygon,4.38,USDC,260014038,1.85,6.07
2024-08-02,Aave,Polygon,4.33,USDT,296125263,1.47,11.28
2024-08-02,Aave,Polygon,3.96,DAI,270678790,2.16,4.83
2024-08-02,Aave,Base,3.78,USDC,277769544,3.48,9.03
2024-08-02,Compound,Ethereum,3.13,USDC,181355428,43.98,0
2024-08-02,Compound,Ethereum,3.23,USDT,195355667,40.1,0
2024-08-02,Compound,Ethereum,3.24,DAI,206376897,44.66,0
2024-08-02,Compound,Arbitrum,3.8,USDC,195906224,3.96,12.07
2024-08-02,Compound,Arbitrum,3.45,USDT,210216271,4.62,14.75
2024-08-02,Compound,Arbitrum,3.8,DAI,192440662,3.64,8.16
2024-08-02,Compound,Optimism,3.57,USDC,200937248,3.04,10.49
2024-08-02,Compound,Optimism,3.58,USDT,195063315,2.6,9.39
2024-08-02,Compound,Optimism,3.71,DAI,210795909,2.7,10.61
2024-08-02,Compound,Polygon,4.02,USDC,198086262,1.58,7.41
2024-08-02,Compound,Polygon,4.03,USDT,204649827,1.7,9.8
2024-08-02,Compound,Polygon,3.49,DAI,183817550,1.42,10.94
2024-08-02,Compound,Base,3.6,USDT,201833361,4.06,9.17
2024-08-02,Compound,Base,3.58,DAI,201456723,3.36,9.96
2024-08-02,Curve,Ethereum,6.02,USDC,344068467,44.1,0
2024-08-02,Curve,Ethereum,7.39,USDT,353796231,38.45,0
2024-08-02,Curve,Ethereum,7.18,DAI,361578772,31.18,0
2024-08-02,Curve,Arbitrum,10.21,USDC,375894121,3.01,8.59
2024-08-02,Curve,Arbitrum,9.06,USDT,357819811,3.24,12.74
2024-08-02,Curve,Arbitrum,9.73,DAI,358102081,4.88,9.43
2024-08-02,Curve,Optimism,8.33,USDC,357833290,3.93,9.56
2024-08-02,Curve,Optimism,8.05,USDT,327047476,3.87,12.32
2024-08-02,Curve,Optimism,9.19,DAI,347559471,2.71,8.39
2024-08-02,Curve,Polygon,12.35,USDC,346874109,0.89,8.5
2024-08-02,Curve,Polygon,9.42,USDT,349957803,1.27,9.07
2024-08-02,Curve,Polygon,9.76,DAI,374579462,1.56,7.09
2024-08-02,Curve,Base,10.8,USDC,362285420,3.7,12.59
2024-08-02,Curve,Base,9.47,DAI,360130459,2.73,8.44
2024-08-02,Uniswap V3,Ethereum,7.22,USDC,110687561,43.31,0
2024-08-02,Uniswap V3,Ethereum,8.28,USDT,112600057,31.82,0
2024-08-02,Uniswap V3,Ethereum,9.72,DAI,109423801,52.26,0
2024-08-02,Uniswap V3,Arbitrum,11.44,USDC,105127839,3.91,11.33
2024-08-02,Uniswap V3,Arbitrum,12.92,USDT,100577360,2.75,10.33
2024-08-02,Uniswap V3,Arbitrum,11.47,DAI,95372872,3.41,14.34
2024-08-02,Uniswap V3,Optimism,11.66,USDC,106476036,2.58,10.81
2024-08-02,Uniswap V3,Optimism,10.73,USDT,107981652,3.33,10.63
2024-08-02,Uniswap V3,Optimism,13.83,DAI,104462117,2.65,7.33
2024-08-02,Uniswap V3,Polygon,9.66,USDC,106203506,1.5,6.83
2024-08-02,Uniswap V3,Polygon,10.04,USDT,101158360,1.52,7.04
2024-08-02,Uniswap V3,Polygon,11.71,DAI,107667724,1.22,8.49
2024-08-02,Uniswap V3,Base,10.49,USDC,103370082,3.87,12.34
2024-08-02,Uniswap V3,Base,10.7,USDT,103505368,2.7,10.93
2024-08-02,Uniswap V3,Base,12.68,DAI,100057816,4.12,11.94
2024-08-02,Yearn,Ethereum,4.35,USDC,130194543,39.52,0
2024-08-02,Yearn,Ethereum,3.78,USDT,138824889,34.65,0
2024-08-02,Yearn,Ethereum,3.88,DAI,133327029,32.28,0
2024-08-02,Yearn,Arbitrum,4.76,USDC,119240617,3.28,10.09
2024-08-02,Yearn,Arbitrum,4.13,USDT,132212698,2.93,10.09
2024-08-02,Yearn,Arbitrum,4.85,DAI,122596360,4.37,9.74
2024-08-02,Yearn,Optimism,4.65,USDC,131407089,3.2,12.48
2024-08-02,Yearn,Optimism,4.63,USDT,131328282,3.53,7.96
2024-08-02,Yearn,Optimism,4.65,DAI,137964833,2.8,10.18
2024-08-02,Yearn,Polygon,5.33,USDC,135775145,1.51,11.82
2024-08-02,Yearn,Polygon,5.91,USDT,135698332,1.23,8.94
2024-08-02,Yearn,Polygon,5.35,DAI,148350102,1.2,9.76
2024-08-02,Yearn,Base,5.23,USDC,122194562,3.73,10.35
2024-08-02,Yearn,Base,4.56,USDT,131464154,3.68,10.98
2024-08-02,Yearn,Base,5.33,DAI,141546332,3.69,11.38
2024-08-02,Pendle,Ethereum,13.41,USDC,85402234,45.29,0
2024-08-02,Pendle,Ethereum,11.27,USDT,80258212,40.63,0
2024-08-02,Pendle,Ethereum,10.52,DAI,83909381,36.08,0
2024-08-02,Pendle,Arbitrum,15.39,USDT,78777080,5.49,12.46
2024-08-02,Pendle,Arbitrum,13.38,DAI,83536444,2.57,8.83
2024-08-02,Pendle,Optimism,12.47,USDC,78980577,2.99,8.93
2024-08-02,Pendle,Optimism,12.4,DAI,84713967,4.01,8.48
2024-08-02,Pendle,Base,9.59,USDC,83265768,3.58,11.44
2024-08-02,Pendle,Base,10.6,USDT,87012814,2.59,10.04
2024-08-02,Pendle,Base,14.16,DAI,80726327,2.81,14.36
2024-08-02,Convex,Ethereum,5.92,USDC,154569530,37.18,0
2024-08-02,Convex,Ethereum,5.2,USDT,164308298,43.82,0
2024-08-02,Convex,Ethereum,5.15,DAI,177168243,43.02,0
2024-08-02,Balancer,Ethereum,7.75,USDC,127380103,34.02,0
2024-08-02,Balancer,Ethereum,6.99,USDT,119814346,43.55,0
2024-08-02,Balancer,Ethereum,8.24,DAI,120766332,56.13,0
2024-08-02,Balancer,Arbitrum,9.9,USDC,111350636,2.6,14.28
2024-08-02,Balancer,Arbitrum,9.86,USDT,116548102,3.19,11.49
2024-08-02,Balancer,Arbitrum,10.93,DAI,121926742,3.29,11.55
2024-08-02,Balancer,Optimism,10.67,USDC,116880783,2.79,10.44
2024-08-02,Balancer,Optimism,8.87,USDT,114253450,3.12,6.55
2024-08-02,Balancer,Optimism,8.14,DAI,123820543,3.27,5.54
2024-08-02,Balancer,Polygon,10.31,USDC,122469280,1.5,9.13
2024-08-02,Balancer,Polygon,9.84,USDT,120627134,1.18,4.82
2024-08-02,Balancer,Polygon,12.08,DAI,116203638,0.96,8.88
2024-08-02,Balancer,Base,11.61,USDC,116381987,2.9,8.86
2024-08-02,Balancer,Base,9.43,USDT,112390613,3.41,8.07
2024-08-03,Aave,Ethereum,2.97,USDC,293241093,29.68,0
2024-08-03,Aave,Ethereum,3.27,USDT,273436947,21.64,0
2024-08-03,Aave,Ethereum,3.47,DAI,280053461,34.77,0
2024-08-03,Aave,Arbitrum,3.65,USDC,298369134,2.41,15.77
2024-08-03,Aave,Arbitrum,3.33,USDT,279418335,1.95,10.26
2024-08-03,Aave,Arbitrum,3.84,DAI,273709558,3.04,11.73
2024-08-03,Aave,Optimism,3.52,USDC,265501599,1.93,9.14
2024-08-03,Aave,Optimism,3.43,USDT,290428334,2.07,12.14
2024-08-03,Aave,Optimism,3.6,DAI,288330043,2.41,7.35
2024-08-03,Aave,Polygon,4.1,USDT,277776178,0.96,5.43
2024-08-03,Aave,Polygon,4.0,DAI,271346218,1.04,9.51
2024-08-03,Aave,Base,3.84,USDC,271668763,2.25,8.83
2024-08-03,Aave,Base,3.82,USDT,277334532,2.34,12.31
2024-08-03,Aave,Base,4.03,DAI,283675186,2.24,6.67
2024-08-03,Compound,Ethereum,2.81,USDC,190283259,30.77,0
2024-08-03,Compound,Ethereum,3.12,USDT,211339935,24.91,0
2024-08-03,Compound,Ethereum,3.02,DAI,205755525,27.03,0
2024-08-03,Compound,Arbitrum,3.64,USDC,208417142,2.4,12.8
2024-08-03,Compound,Arbitrum,3.6,USDT,208713190,2.11,9.74
2024-08-03,Compound,Arbitrum,3.5,DAI,199830077,2.27,15.3
2024-08-03,Compound,Optimism,3.6,USDC,199857150,2.44,12.17
2024-08-03,Compound,Optimism,3.94,USDT,218677827,1.72,11.05
2024-08-03,Compound,Polygon,3.66,USDC,186882249,0.69,7.63
2024-08-03,Compound,Polygon,3.8,USDT,199932334,0.88,7.55
2024-08-03,Compound,Polygon,4.32,DAI,209823336,1.0,6.33
2024-08-03,Compound,Base,3.55,USDC,187548350,2.42,11.55
2024-08-03,Compound,Base,3.53,USDT,209579046,2.02,8.92
2024-08-03,Compound,Base,3.52,DAI,187593950,2.11,10.09
2024-08-03,Curve,Ethereum,8.08,USDC,368930140,23.35,0
2024-08-03,Curve,Ethereum,6.17,USDT,358741760,24.21,0
2024-08-03,Curve,Ethereum,8.64,DAI,331370277,32.77,0
2024-08-03,Curve,Arbitrum,7.89,USDC,333743076,2.01,15.06
2024-08-03,Curve,Arbitrum,8.84,USDT,361901569,2.14,13.67
2024-08-03,Curve,Arbitrum,11.45,DAI,372350525,1.57,9.01
2024-08-03,Curve,Optimism,11.29,DAI,396169898,2.43,8.58
2024-08-03,Curve,Polygon,10.74,USDC,355453495,1.1,8.97
2024-08-03,Curve,Polygon,10.14,DAI,344643385,0.93,7.89
2024-08-03,Curve,Base,9.11,USDC,362846514,2.25,7.14
2024-08-03,Curve,Base,10.85,USDT,341296159,2.23,10.49
2024-08-03,Uniswap V3,Ethereum,6.77,USDC,107222120,20.16,0
2024-08-03,Uniswap V3,Ethereum,8.5,DAI,104890129,27.96,0
2024-08-03,Uniswap V3,Arbitrum,10.41,USDC,105388759,2.81,10.22
2024-08-03,Uniswap V3,Arbitrum,9.37,USDT,104184619,2.66,10.62
2024-08-03,Uniswap V3,Arbitrum,10.34,DAI,103357785,2.77,16.14
2024-08-03,Uniswap V3,Optimism,9.33,USDT,108703879,1.55,9.46
2024-08-03,Uniswap V3,Optimism,7.77,DAI,110650356,1.52,6.07
2024-08-03,Uniswap V3,Polygon,10.11,USDC,107074066,0.95,8.85
2024-08-03,Uniswap V3,Polygon,10.01,USDT,106780190,0.87,8.13
2024-08-03,Uniswap V3,Polygon,9.03,DAI,114882801,1.13,6.42
2024-08-03,Uniswap V3,Base,12.51,USDC,99886219,2.52,8.99
2024-08-03,Uniswap V3,Base,10.76,DAI,102941432,2.4,8.63
2024-08-03,Yearn,Ethereum,3.99,USDC,134588009,28.8,0
2024-08-03,Yearn,Ethereum,3.84,USDT,133791623,31.14,0
2024-08-03,Yearn,Ethereum,3.46,DAI,138338852,24.98,0
2024-08-03,Yearn,Arbitrum,4.27,USDC,137207746,2.02,9.92
2024-08-03,Yearn,Arbitrum,4.76,DAI,128523414,2.53,15.52
2024-08-03,Yearn,Optimism,4.58,USDC,130785395,1.99,8.29
2024-08-03,Yearn,Optimism,4.79,USDT,135500581,2.15,9.81
2024-08-03,Yearn,Optimism,4.55,DAI,131429697,1.61,6.5
2024-08-03,Yearn,Polygon,5.08,USDC,144276327,1.01,8.98
2024-08-03,Yearn,Polygon,5.01,USDT,140399946,1.14,8.74
2024-08-03,Yearn,Polygon,4.56,DAI,138672278,0.92,6.73
2024-08-03,Yearn,Base,4.96,USDC,130848083,2.24,8.14
2024-08-03,Yearn,Base,4.44,USDT,141709131,2.08,10.58
2024-08-03,Yearn,Base,4.99,DAI,136888413,1.48,12.89
2024-08-03,Pendle,Ethereum,12.73,USDC,82526307,20.33,0
2024-08-03,Pendle,Ethereum,13.73,USDT,80810725,33.3,0
2024-08-03,Pendle,Ethereum,13.13,DAI,80572079,20.41,0
2024-08-03,Pendle,Arbitrum,14.28,USDC,85293554,1.5,10.61
2024-08-03,Pendle,Arbitrum,16.98,USDT,78111345,1.71,13.79
2024-08-03,Pendle,Arbitrum,11.86,DAI,89901375,2.79,12.95
2024-08-03,Pendle,Optimism,15.6,USDC,83550428,1.8,7.22
2024-08-03,Pendle,Optimism,14.17,DAI,85399985,1.84,9.21
2024-08-03,Pendle,Base,11.89,USDC,84835797,2.57,7.24
2024-08-03,Pendle,Base,14.43,USDT,82893940,2.37,10.07
2024-08-03,Pendle,Base,16.03,DAI,80006636,2.18,10.27
2024-08-03,Convex,Ethereum,6.24,USDC,169918739,27.03,0
2024-08-03,Convex,Ethereum,4.47,USDT,169354461,29.18,0
2024-08-03,Convex,Ethereum,5.23,DAI,157687246,28.95,0
2024-08-03,Balancer,Ethereum,6.26,USDC,135960324,39.36,0
2024-08-03,Balancer,Ethereum,6.41,USDT,119682589,32.45,0
2024-08-03,Balancer,Ethereum,7.22,DAI,117749986,28.92,0
2024-08-03,Balancer,Arbitrum,9.79,USDC,128365572,1.34,9.66
2024-08-03,Balancer,Arbitrum,10.96,USDT,125566870,2.42,6.86
2024-08-03,Balancer,Arbitrum,11.54,DAI,121264502,1.97,13.94
2024-08-03,Balancer,Optimism,11.37,USDC,124425385,1.74,6.3
2024-08-03,Balancer,Optimism,11.6,USDT,122969809,2.15,8.68
2024-08-03,Balancer,Optimism,10.37,DAI,131992057,2.1,7.62
2024-08-03,Balancer,Polygon,10.99,USDT,122987741,0.83,5.14
2024-08-03,Balancer,Polygon,10.03,DAI,125115491,0.64,6.98
2024-08-03,Balancer,Base,11.07,USDC,125055152,2.63,10.44
2024-08-03,Balancer,Base,10.06,USDT,120906792,1.98,9.64
2024-08-04,Aave,Ethereum,2.5,USDC,278604544,27.57,0
2024-08-04,Aave,Ethereum,3.53,USDT,301048679,23.18,0
2024-08-04,Aave,Ethereum,3.02,DAI,314060494,25.0,0
2024-08-04,Aave,Arbitrum,3.72,USDC,268384126,2.36,12.35
2024-08-04,Aave,Arbitrum,4.05,USDT,285189176,2.86,13.41
2024-08-04,Aave,Arbitrum,3.55,DAI,272945000,2.42,13.46
2024-08-04,Aave,Optimism,3.76,USDC,293042516,2.14,7.88
2024-08-04,Aave,Optimism,4.07,USDT,302528406,2.71,9.18
2024-08-04,Aave,Optimism,3.4,DAI,295257567,2.01,7.24
2024-08-04,Aave,Polygon,3.88,USDC,282624036,0.94,4.05
2024-08-04,Aave,Polygon,4.41,USDT,262512269,0.9,8.51
2024-08-04,Aave,Polygon,3.9,DAI,284922786,1.0,7.98
2024-08-04,Aave,Base,3.68,USDT,303560093,2.43,8.45
2024-08-04,Aave,Base,3.71,DAI,269495757,2.69,9.82
2024-08-04,Compound,Ethereum,2.89,USDC,201035883,30.35,0
2024-08-04,Compound,Ethereum,3.11,USDT,225850501,28.57,0
2024-08-04,Compound,Arbitrum,3.61,USDC,201020591,2.74,6.96
2024-08-04,Compound,Arbitrum,3.6,USDT,219565885,3.0,14.37
2024-08-04,Compound,Arbitrum,3.33,DAI,215679574,1.9,11.49
2024-08-04,Compound,Optimism,3.47,USDC,203144832,1.75,13.03
2024-08-04,Compound,Optimism,3.33,USDT,199055537,1.23,10.6
2024-08-04,Compound,Optimism,3.58,DAI,205517893,1.92,8.2
2024-08-04,Compound,Polygon,3.67,USDC,218668218,1.11,8.41
2024-08-04,Compound,Polygon,3.81,DAI,201397242,0.97,8.32
2024-08-04,Compound,Base,3.82,USDT,217178617,2.83,8.65
2024-08-04,Compound,Base,3.7,DAI,214680695,2.79,10.15
2024-08-04,Curve,Ethereum,8.86,USDC,357916004,25.66,0
2024-08-04,Curve,Ethereum,9.88,USDT,340640452,32.67,0
2024-08-04,Curve,Ethereum,9.52,DAI,364640176,25.82,0
2024-08-04,Curve,Arbitrum,9.73,USDC,343159074,2.17,12.05
2024-08-04,Curve,Arbitrum,10.88,USDT,373911562,2.84,14.33
2024-08-04,Curve,Arbitrum,10.89,DAI,346291555,2.42,9.32
2024-08-04,Curve,Optimism,9.55,USDC,347229458,2.0,9.9
2024-08-04,Curve,Optimism,9.86,USDT,363365764,1.4,5.44
2024-08-04,Curve,Optimism,8.77,DAI,386343724,2.24,8.24
2024-08-04,Curve,Polygon,9.24,USDC,390050274,1.03,7.76
2024-08-04,Curve,Polygon,11.19,USDT,365633483,1.14,7.6
2024-08-04,Curve,Polygon,9.53,DAI,340871019,0.92,7.12
2024-08-04,Curve,Base,7.2,USDC,393278671,2.4,10.85
2024-08-04,Curve,Base,9.7,USDT,367089564,2.35,8.36
2024-08-04,Curve,Base,11.4,DAI,380219191,2.15,9.26
2024-08-04,Uniswap V3,Ethereum,8.54,USDC,113267417,24.94,0
2024-08-04,Uniswap V3,Ethereum,8.93,USDT,103206443,24.27,0
2024-08-04,Uniswap V3,Ethereum,6.04,DAI,109247394,23.38,0
2024-08-04,Uniswap V3,Arbitrum,10.33,USDC,109022580,2.77,9.67
2024-08-04,Uniswap V3,Arbitrum,11.63,USDT,108090768,3.26,12.17
2024-08-04,Uniswap V3,Arbitrum,10.67,DAI,105537217,2.61,14.7
2024-08-04,Uniswap V3,Optimism,9.74,USDC,109640354,1.49,10.46
2024-08-04,Uniswap V3,Optimism,11.34,DAI,103390122,1.92,10.96
2024-08-04,Uniswap V3,Polygon,10.01,USDC,114516070,0.83,7.29
2024-08-04,Uniswap V3,Polygon,13.6,USDT,103583915,1.05,6.46
2024-08-04,Uniswap V3,Polygon,7.71,DAI,109213907,0.82,9.71
2024-08-04,Uniswap V3,Base,10.94,USDC,111347659,1.91,8.98
2024-08-04,Uniswap V3,Base,11.83,USDT,113277457,2.59,11.33
2024-08-04,Uniswap V3,Base,11.21,DAI,117444074,2.51,10.25
2024-08-04,Yearn,Ethereum,3.78,USDC,143003019,21.88,0
2024-08-04,Yearn,Ethereum,3.95,USDT,150016079,32.26,0
2024-08-04,Yearn,Ethereum,3.6,DAI,129663891,18.17,0
2024-08-04,Yearn,Arbitrum,4.59,USDC,140825848,2.67,9.43
2024-08-04,Yearn,Arbitrum,4.54,USDT,139375869,3.05,11.5
2024-08-04,Yearn,Arbitrum,5.17,DAI,135938064,2.16,11.41
2024-08-04,Yearn,Optimism,4.65,USDC,156430117,2.05,8.89
2024-08-04,Yearn,Optimism,4.8,USDT,144917544,2.44,9.42
2024-08-04,Yearn,Optimism,3.97,DAI,130373839,2.22,8.76
2024-08-04,Yearn,Polygon,4.71,USDC,143710702,0.84,7.82
2024-08-04,Yearn,Polygon,4.64,USDT,133466849,1.03,7.13
2024-08-04,Yearn,Polygon,5.33,DAI,131485377,1.1,9.2
2024-08-04,Yearn,Base,4.61,USDC,139783673,1.58,12.76
2024-08-04,Yearn,Base,5.19,USDT,139513804,2.33,8.9
2024-08-04,Yearn,Base,4.59,DAI,138798917,2.3,9.23
2024-08-04,Pendle,Ethereum,11.24,USDC,91956778,29.0,0
2024-08-04,Pendle,Ethereum,14.07,USDT,87809265,31.87,0
2024-08-04,Pendle,Arbitrum,15.69,USDT,79897548,1.56,14.69
2024-08-04,Pendle,Arbitrum,13.13,DAI,84584347,2.41,10.66
2024-08-04,Pendle,Optimism,12.73,USDT,86255277,1.71,11.33
2024-08-04,Pendle,Optimism,9.45,DAI,88866054,1.81,10.28
2024-08-04,Pendle,Base,13.19,USDC,85846115,2.54,10.8
2024-08-04,Pendle,Base,13.76,DAI,87636443,2.28,10.03
2024-08-04,Convex,Ethereum,5.2,USDT,172354810,28.78,0
2024-08-04,Convex,Ethereum,5.31,DAI,176540788,26.14,0
2024-08-04,Balancer,Ethereum,7.9,USDC,124666851,17.83,0
2024-08-04,Balancer,Ethereum,8.47,USDT,121871418,27.39,0
2024-08-04,Balancer,Ethereum,10.42,DAI,119648496,28.1,0
2024-08-04,Balancer,Arbitrum,10.1,USDC,128721967,2.21,6.0
2024-08-04,Balancer,Arbitrum,8.88,DAI,130541690,2.0,12.55
2024-08-04,Balancer,Optimism,10.01,USDC,132844009,1.58,11.21
2024-08-04,Balancer,Optimism,9.53,DAI,127924123,2.09,9.05
2024-08-04,Balancer,Polygon,11.44,USDC,121438474,1.09,7.02
2024-08-04,Balancer,Polygon,8.83,USDT,125987330,0.53,6.23
2024-08-04,Balancer,Polygon,9.79,DAI,123895292,1.02,6.59
2024-08-04,Balancer,Base,10.47,USDC,123253766,2.35,10.59
2024-08-04,Balancer,Base,10.95,USDT,117790900,2.26,11.65
2024-08-04,Balancer,Base,9.73,DAI,127322056,2.14,10.21
2024-08-05,Aave,Ethereum,3.18,USDT,297442810,27.31,0
2024-08-05,Aave,Ethereum,3.41,DAI,292873544,28.07,0
2024-08-05,Aave,Arbitrum,3.78,USDT,268772461,2.62,13.25
2024-08-05,Aave,Arbitrum,3.91,DAI,294342492,3.42,8.38
2024-08-05,Aave,Optimism,3.56,USDC,283527978,3.65,9.38
2024-08-05,Aave,Optimism,4.31,USDT,265868759,2.97,10.36
2024-08-05,Aave,Polygon,3.58,USDC,309604437,1.43,8.92
2024-08-05,Aave,Polygon,3.84,USDT,280015253,2.0,8.99
2024-08-05,Aave,Polygon,4.13,DAI,320408505,1.36,7.39
2024-08-05,Aave,Base,4.03,USDC,313791249,3.62,11.15
2024-08-05,Aave,Base,3.85,USDT,282243522,3.36,13.52
2024-08-05,Aave,Base,3.49,DAI,272393074,3.81,9.07
2024-08-05,Compound,Ethereum,2.96,USDC,235556548,46.93,0
2024-08-05,Compound,Ethereum,2.88,USDT,208627900,36.1,0
2024-08-05,Compound,Ethereum,2.85,DAI,188830345,46.49,0
2024-08-05,Compound,Arbitrum,3.83,USDC,209726133,4.26,11.51
2024-08-05,Compound,Arbitrum,3.62,USDT,185795874,4.81,11.95
2024-08-05,Compound,Arbitrum,3.86,DAI,200118280,3.78,12.58
2024-08-05,Compound,Optimism,3.76,USDC,214585418,2.87,10.3
2024-08-05,Compound,Optimism,3.28,USDT,205439536,2.83,4.28
2024-08-05,Compound,Optimism,3.53,DAI,205902197,2.83,11.76
2024-08-05,Compound,Polygon,3.64,USDT,206718525,2.06,7.14
2024-08-05,Compound,Base,3.61,USDC,195088337,3.69,11.86
2024-08-05,Compound,Base,3.77,USDT,217429251,3.13,11.54
2024-08-05,Compound,Base,3.5,DAI,204195853,3.77,12.73
2024-08-05,Curve,Ethereum,9.02,USDC,331626986,43.98,0
2024-08-05,Curve,Ethereum,7.21,USDT,354531756,37.43,0
2024-08-05,Curve,Ethereum,8.84,DAI,382799204,37.69,0
2024-08-05,Curve,Arbitrum,10.65,USDC,373629048,4.69,8.53
2024-08-05,Curve,Arbitrum,9.94,USDT,400733449,3.7,9.52
2024-08-05,Curve,Arbitrum,8.43,DAI,379021916,3.23,11.8
2024-08-05,Curve,Optimism,9.43,USDC,361506757,3.41,8.87
2024-08-05,Curve,Optimism,8.05,USDT,369639168,3.57,5.83
2024-08-05,Curve,Polygon,9.47,USDC,352022459,1.38,9.62
2024-08-05,Curve,Polygon,9.25,USDT,387701035,0.71,10.18
2024-08-05,Curve,Polygon,10.21,DAI,374122771,1.33,11.22
2024-08-05,Curve,Base,10.37,USDC,382247755,3.51,12.54
2024-08-05,Curve,Base,9.33,USDT,375385023,2.88,9.81
2024-08-05,Curve,Base,8.45,DAI,381841179,3.08,11.49
2024-08-05,Uniswap V3,Ethereum,9.83,USDC,100747432,54.25,0
2024-08-05,Uniswap V3,Ethereum,8.95,USDT,106384573,32.43,0
2024-08-05,Uniswap V3,Ethereum,8.5,DAI,101204775,35.77,0
2024-08-05,Uniswap V3,Arbitrum,9.31,USDC,109472420,4.85,9.71
2024-08-05,Uniswap V3,Arbitrum,9.47,USDT,117146619,3.53,14.79
2024-08-05,Uniswap V3,Arbitrum,9.79,DAI,111682344,3.18,12.21
2024-08-05,Uniswap V3,Optimism,12.59,USDC,109306036,2.66,11.22
2024-08-05,Uniswap V3,Optimism,11.11,USDT,120288271,2.2,10.38
2024-08-05,Uniswap V3,Polygon,12.89,USDC,112285795,1.31,7.54
2024-08-05,Uniswap V3,Polygon,7.97,USDT,102698862,1.58,7.48
2024-08-05,Uniswap V3,Base,9.24,USDC,106710058,3.35,9.53
2024-08-05,Uniswap V3,Base,13.1,USDT,106196971,3.71,13.44
2024-08-05,Uniswap V3,Base,8.92,DAI,112401976,3.05,10.64
2024-08-05,Yearn,Ethereum,4.02,USDC,135839832,41.66,0
2024-08-05,Yearn,Ethereum,3.79,USDT,137887869,47.43,0
2024-08-05,Yearn,Ethereum,3.8,DAI,139608782,42.56,0
2024-08-05,Yearn,Arbitrum,4.79,USDC,143023189,4.64,12.21
2024-08-05,Yearn,Arbitrum,4.67,USDT,135504454,2.86,11.77
2024-08-05,Yearn,Arbitrum,5.08,DAI,144986721,2.76,15.18
2024-08-05,Yearn,Optimism,4.36,USDC,141315625,3.09,6.45
2024-08-05,Yearn,Optimism,4.47,USDT,137722648,2.23,6.43
2024-08-05,Yearn,Optimism,4.76,DAI,140433312,2.83,8.65
2024-08-05,Yearn,Polygon,4.96,USDC,139553820,1.45,9.69
2024-08-05,Yearn,Polygon,5.48,USDT,135117360,1.35,6.69
2024-08-05,Yearn,Polygon,5.09,DAI,139242812,1.52,9.83
2024-08-05,Yearn,Base,4.36,USDC,134656778,3.59,13.5
2024-08-05,Yearn,Base,4.69,USDT,135945183,2.63,10.92
2024-08-05,Yearn,Base,4.66,DAI,136942153,3.67,9.2
2024-08-05,Pendle,Ethereum,11.34,USDC,91401820,43.11,0
2024-08-05,Pendle,Ethereum,12.94,USDT,89617465,38.56,0
2024-08-05,Pendle,Arbitrum,11.05,USDC,89743135,4.49,14.69
2024-08-05,Pendle,Arbitrum,13.61,USDT,94729083,4.02,12.58
2024-08-05,Pendle,Arbitrum,14.86,DAI,91191482,3.53,12.26
2024-08-05,Pendle,Optimism,13.5,USDC,87380238,2.64,4.2
2024-08-05,Pendle,Optimism,15.37,USDT,85532245,3.65,12.0
2024-08-05,Pendle,Optimism,15.79,DAI,85842554,3.13,8.6
2024-08-05,Pendle,Base,13.55,USDC,86012999,4.18,7.99
2024-08-05,Pendle,Base,15.89,DAI,84908223,3.87,10.21
2024-08-05,Convex,Ethereum,5.1,USDC,171285715,41.64,0
2024-08-05,Convex,Ethereum,5.69,USDT,170670736,41.25,0
2024-08-05,Balancer,Ethereum,9.78,USDC,127305010,24.59,0
2024-08-05,Balancer,Ethereum,7.98,DAI,123965018,52.65,0
2024-08-05,Balancer,Arbitrum,10.45,USDC,128009822,4.62,15.7
2024-08-05,Balancer,Arbitrum,10.79,USDT,127233391,2.8,13.15
2024-08-05,Balancer,Arbitrum,8.32,DAI,129039950,4.22,13.03
2024-08-05,Balancer,Optimism,9.1,USDC,122870050,2.38,11.11
2024-08-05,Balancer,Optimism,10.11,USDT,120676811,2.45,10.55
2024-08-05,Balancer,Optimism,8.67,DAI,123603434,2.9,8.7
2024-08-05,Balancer,Polygon,11.21,USDC,106927369,1.57,11.15
2024-08-05,Balancer,Base,8.08,USDC,124042637,3.2,9.78
2024-08-05,Balancer,Base,11.31,USDT,129178860,4.27,10.98
2024-08-05,Balancer,Base,9.21,DAI,125829099,3.49,12.47
2024-08-06,Aave,Ethereum,3.35,USDT,272645434,43.45,0
2024-08-06,Aave,Arbitrum,3.81,USDC,296807360,3.7,15.05
2024-08-06,Aave,Arbitrum,3.96,USDT,278221458,3.33,11.58
2024-08-06,Aave,Optimism,4.14,USDC,298557960,2.9,7.67
2024-08-06,Aave,Optimism,3.94,USDT,296082617,3.75,8.52
2024-08-06,Aave,Optimism,3.65,DAI,289492560,3.34,6.69
2024-08-06,Aave,Polygon,4.17,USDC,296489390,1.96,8.46
2024-08-06,Aave,Polygon,4.27,USDT,277946130,1.49,7.88
2024-08-06,Aave,Polygon,4.06,DAI,278149198,1.61,6.65
2024-08-06,Aave,Base,4.03,USDC,272151343,2.84,6.68
2024-08-06,Aave,Base,4.22,USDT,304053352,3.12,9.59
2024-08-06,Aave,Base,4.09,DAI,329492741,2.95,6.14
2024-08-06,Compound,Ethereum,3.04,USDC,214105749,48.3,0
2024-08-06,Compound,Ethereum,3.02,USDT,205760690,44.46,0
2024-08-06,Compound,Ethereum,3.16,DAI,213195651,38.79,0
2024-08-06,Compound,Arbitrum,3.38,USDC,206856182,3.41,9.7
2024-08-06,Compound,Arbitrum,3.68,USDT,215981161,4.33,12.82
2024-08-06,Compound,Arbitrum,3.76,DAI,213857366,4.55,15.03
2024-08-06,Compound,Optimism,3.47,USDC,222207108,2.72,9.97
2024-08-06,Compound,Optimism,3.81,USDT,213382302,3.15,8.02
2024-08-06,Compound,Optimism,3.77,DAI,222777118,3.32,5.99
2024-08-06,Compound,Polygon,3.94,USDC,197915520,1.58,8.83
2024-08-06,Compound,Polygon,3.96,USDT,206924161,1.35,8.88
2024-08-06,Compound,Polygon,4.01,DAI,216455757,1.44,7.51
2024-08-06,Compound,Base,3.97,USDC,214245723,3.49,12.8
2024-08-06,Compound,Base,3.59,USDT,206749077,2.94,9.48
2024-08-06,Compound,Base,3.76,DAI,213773393,2.67,13.05
2024-08-06,Curve,Ethereum,7.51,USDC,396161257,36.93,0
2024-08-06,Curve,Ethereum,8.3,USDT,375595330,45.03,0
2024-08-06,Curve,Ethereum,7.57,DAI,403641259,43.61,0
2024-08-06,Curve,Arbitrum,10.28,USDC,377183990,2.98,11.08
2024-08-06,Curve,Arbitrum,8.26,USDT,370183446,3.84,10.26
2024-08-06,Curve,Arbitrum,10.55,DAI,344057945,3.73,7.27
2024-08-06,Curve,Optimism,11.6,USDC,397959236,3.55,10.12
2024-08-06,Curve,Optimism,9.87,USDT,358171729,2.87,10.79
2024-08-06,Curve,Optimism,8.13,DAI,380888391,3.11,9.38
2024-08-06,Curve,Polygon,10.32,USDC,388073940,1.47,10.01
2024-08-06,Curve,Polygon,10.69,USDT,388695233,1.18,11.39
2024-08-06,Curve,Polygon,11.63,DAI,363746198,1.48,7.2
2024-08-06,Curve,Base,8.31,USDC,369372620,3.31,11.24
2024-08-06,Curve,Base,10.51,USDT,368950843,4.06,9.74
2024-08-06,Curve,Base,9.68,DAI,364419115,3.19,9.84
2024-08-06,Uniswap V3,Ethereum,7.34,USDT,119994802,51.88,0
2024-08-06,Uniswap V3,Ethereum,8.98,DAI,114314294,54.54,0
2024-08-06,Uniswap V3,Arbitrum,10.62,USDT,100788840,2.57,9.5
2024-08-06,Uniswap V3,Arbitrum,12.58,DAI,114913261,3.71,13.85
2024-08-06,Uniswap V3,Optimism,9.75,USDC,114852850,3.53,10.4
2024-08-06,Uniswap V3,Optimism,10.76,USDT,110274708,2.18,9.77
2024-08-06,Uniswap V3,Optimism,10.26,DAI,107981638,2.87,9.37
2024-08-06,Uniswap V3,Polygon,10.38,USDC,113771712,1.71,8.04
2024-08-06,Uniswap V3,Polygon,13.25,USDT,110789269,0.91,7.33
2024-08-06,Uniswap V3,Polygon,9.97,DAI,120112212,1.77,11.46
2024-08-06,Uniswap V3,Base,11.77,USDT,110262394,3.52,8.42
2024-08-06,Uniswap V3,Base,9.58,DAI,115855003,4.07,8.39
2024-08-06,Yearn,Ethereum,4.12,USDC,130129216,42.7,0
2024-08-06,Yearn,Ethereum,4.32,USDT,148023863,39.88,0
2024-08-06,Yearn,Ethereum,3.92,DAI,139415803,42.08,0
2024-08-06,Yearn,Arbitrum,5.23,USDC,134899210,2.63,11.76
2024-08-06,Yearn,Arbitrum,5.3,DAI,136270946,3.75,13.32
2024-08-06,Yearn,Optimism,4.61,USDC,145417084,1.73,7.71
2024-08-06,Yearn,Optimism,4.48,USDT,144407338,2.9,10.5
2024-08-06,Yearn,Optimism,5.31,DAI,135492274,3.68,10.53
2024-08-06,Yearn,Polygon,5.27,USDC,136592654,1.21,8.78
2024-08-06,Yearn,Polygon,5.3,USDT,139280814,1.48,6.07
2024-08-06,Yearn,Polygon,5.18,DAI,141041636,1.17,8.62
2024-08-06,Yearn,Base,4.87,USDC,148373198,3.05,12.61
2024-08-06,Yearn,Base,4.86,USDT,137282589,3.83,9.12
2024-08-06,Pendle,Ethereum,13.52,USDC,89559859,41.34,0
2024-08-06,Pendle,Arbitrum,15.45,USDC,87491599,3.4,12.35
2024-08-06,Pendle,Arbitrum,13.97,USDT,90489805,3.58,16.92
2024-08-06,Pendle,Arbitrum,11.69,DAI,92324001,2.16,11.95
2024-08-06,Pendle,Optimism,11.8,USDT,87141143,2.36,8.38
2024-08-06,Pendle,Optimism,15.81,DAI,89286239,3.16,9.16
2024-08-06,Pendle,Base,12.96,USDC,93940621,3.32,7.09
2024-08-06,Pendle,Base,14.82,USDT,90114704,4.21,8.31
2024-08-06,Pendle,Base,13.51,DAI,88772319,4.2,10.88
2024-08-06,Convex,Ethereum,5.17,USDC,179550310,44.39,0
2024-08-06,Convex,Ethereum,5.7,USDT,155594054,43.19,0
2024-08-06,Convex,Ethereum,5.4,DAI,182253420,39.81,0
2024-08-06,Balancer,Ethereum,8.15,USDC,133927874,48.35,0
2024-08-06,Balancer,Ethereum,8.22,USDT,136867174,36.43,0
2024-08-06,Balancer,Ethereum,8.26,DAI,134145669,32.53,0
2024-08-06,Balancer,Arbitrum,9.0,USDC,130669147,3.87,15.53
2024-08-06,Balancer,Arbitrum,10.39,USDT,129467586,3.26,13.28
2024-08-06,Balancer,Arbitrum,9.56,DAI,117196526,3.25,15.77
2024-08-06,Balancer,Optimism,10.35,USDC,139966829,2.64,8.45
2024-08-06,Balancer,Optimism,8.45,USDT,132958129,3.08,9.16
2024-08-06,Balancer,Optimism,10.07,DAI,137380646,3.15,13.12
2024-08-06,Balancer,Polygon,12.37,USDC,121201240,1.18,10.03
2024-08-06,Balancer,Polygon,12.71,USDT,135661028,1.67,7.02
2024-08-06,Balancer,Polygon,11.13,DAI,127999781,2.08,8.33
2024-08-06,Balancer,Base,10.3,USDT,137125179,2.87,9.12
2024-08-06,Balancer,Base,10.36,DAI,130339330,3.61,12.91
2024-08-07,Aave,Ethereum,3.16,USDC,288456584,35.66,0
2024-08-07,Aave,Ethereum,3.04,USDT,263420186,52.48,0
2024-08-07,Aave,Ethereum,2.94,DAI,274028659,50.55,0
2024-08-07,Aave,Arbitrum,4.05,USDC,278274942,2.97,6.24
2024-08-07,Aave,Arbitrum,3.67,USDT,281066870,3.36,14.52
2024-08-07,Aave,Arbitrum,3.4,DAI,290798014,3.61,8.2
2024-08-07,Aave,Optimism,4.03,USDT,309323477,2.75,9.55
2024-08-07,Aave,Optimism,4.1,DAI,265171461,2.54,3.56
2024-08-07,Aave,Polygon,4.36,USDC,309152362,1.73,7.42
2024-08-07,Aave,Polygon,3.7,DAI,290430850,1.7,6.84
2024-08-07,Aave,Base,3.81,USDC,301498616,2.83,10.13
2024-08-07,Aave,Base,3.98,USDT,325915256,3.38,14.69
2024-08-07,Aave,Base,3.92,DAI,298876183,2.93,9.09
2024-08-07,Compound,Ethereum,3.1,USDC,217155573,41.7,0
2024-08-07,Compound,Ethereum,2.96,USDT,209170730,45.24,0
2024-08-07,Compound,Ethereum,2.74,DAI,202599493,47.15,0
2024-08-07,Compound,Arbitrum,3.71,USDT,213617179,3.46,14.5
2024-08-07,Compound,Arbitrum,3.9,DAI,209176283,4.72,10.64
2024-08-07,Compound,Optimism,3.48,USDC,192612764,3.99,7.29
2024-08-07,Compound,Optimism,4.03,USDT,206207237,3.54,6.84
2024-08-07,Compound,Polygon,3.74,USDC,206490862,1.21,6.68
2024-08-07,Compound,Polygon,3.99,USDT,202071670,1.3,5.17
2024-08-07,Compound,Polygon,4.08,DAI,213567354,1.29,8.95
2024-08-07,Compound,Base,3.51,USDC,209592411,3.29,10.07
2024-08-07,Compound,Base,3.78,USDT,183434671,2.86,7.97
2024-08-07,Compound,Base,3.6,DAI,217412701,3.45,9.34
2024-08-07,Curve,Ethereum,7.77,USDT,368510829,38.76,0
2024-08-07,Curve,Ethereum,7.15,DAI,386055523,42.52,0
2024-08-07,Curve,Arbitrum,7.92,USDC,383441258,3.71,10.64
2024-08-07,Curve,Arbitrum,9.19,USDT,356278289,3.9,15.62
2024-08-07,Curve,Arbitrum,8.41,DAI,397993719,3.78,12.96
2024-08-07,Curve,Optimism,9.97,USDC,365002620,3.42,8.4
2024-08-07,Curve,Optimism,8.62,USDT,355303231,2.81,12.62
2024-08-07,Curve,Optimism,10.58,DAI,377207679,3.37,7.34
2024-08-07,Curve,Polygon,9.64,USDC,350840784,1.05,8.57
2024-08-07,Curve,Polygon,10.0,USDT,371543594,1.57,8.92
2024-08-07,Curve,Polygon,10.77,DAI,389887373,0.84,8.53
2024-08-07,Curve,Base,9.12,USDT,347914317,3.29,8.98
2024-08-07,Curve,Base,9.66,DAI,375163127,2.95,10.47
2024-08-07,Uniswap V3,Ethereum,9.04,USDC,112980340,36.14,0
2024-08-07,Uniswap V3,Ethereum,7.85,USDT,111289064,45.61,0
2024-08-07,Uniswap V3,Ethereum,6.86,DAI,105885366,44.15,0
2024-08-07,Uniswap V3,Arbitrum,9.89,USDC,112023435,2.52,14.36
2024-08-07,Uniswap V3,Arbitrum,10.24,USDT,119960805,3.69,18.02
2024-08-07,Uniswap V3,Arbitrum,10.21,DAI,112621666,4.59,13.35
2024-08-07,Uniswap V3,Optimism,10.84,USDC,111654442,3.74,7.54
2024-08-07,Uniswap V3,Optimism,9.66,USDT,109519067,3.55,8.37
2024-08-07,Uniswap V3,Optimism,12.42,DAI,111791125,2.81,8.93
2024-08-07,Uniswap V3,Polygon,10.81,USDC,118154559,1.19,3.81
2024-08-07,Uniswap V3,Polygon,10.67,USDT,113989637,1.52,6.83
2024-08-07,Uniswap V3,Polygon,14.43,DAI,108498446,2.11,10.41
2024-08-07,Uniswap V3,Base,11.18,USDC,111166421,2.9,9.4
2024-08-07,Uniswap V3,Base,12.43,USDT,108356063,3.29,13.42
2024-08-07,Uniswap V3,Base,10.02,DAI,109428163,3.62,8.92
2024-08-07,Yearn,Ethereum,3.89,USDC,145413022,37.09,0
2024-08-07,Yearn,Ethereum,3.83,USDT,144342637,37.09,0
2024-08-07,Yearn,Ethereum,3.5,DAI,134123480,43.49,0
2024-08-07,Yearn,Arbitrum,4.53,USDC,143704647,3.51,12.16
2024-08-07,Yearn,Arbitrum,5.16,USDT,142401386,4.79,12.32
2024-08-07,Yearn,Arbitrum,4.83,DAI,145976755,3.02,15.31
2024-08-07,Yearn,Optimism,4.77,USDC,153507942,2.89,8.96
2024-08-07,Yearn,Optimism,4.63,USDT,130465840,3.81,8.19
2024-08-07,Yearn,Polygon,4.76,USDC,133543121,1.56,8.54
2024-08-07,Yearn,Polygon,5.14,USDT,145352534,1.47,10.16
2024-08-07,Yearn,Polygon,5.41,DAI,143696915,1.16,7.37
2024-08-07,Yearn,Base,5.4,USDC,137986123,3.25,11.42
2024-08-07,Yearn,Base,4.88,DAI,135211114,2.95,11.43
2024-08-07,Pendle,Ethereum,11.74,USDC,90060257,38.11,0
2024-08-07,Pendle,Ethereum,11.96,USDT,90843118,38.28,0
2024-08-07,Pendle,Ethereum,12.5,DAI,87418849,44.09,0
2024-08-07,Pendle,Arbitrum,15.59,USDC,92343438,2.67,9.32
2024-08-07,Pendle,Arbitrum,13.4,USDT,83340122,4.39,19.96
2024-08-07,Pendle,Arbitrum,15.42,DAI,87933706,3.31,15.3
2024-08-07,Pendle,Optimism,13.95,USDC,90567906,2.2,8.85
2024-08-07,Pendle,Optimism,12.96,USDT,84580727,3.28,6.57
2024-08-07,Pendle,Base,15.05,USDC,88280567,3.29,11.3
2024-08-07,Pendle,Base,8.29,USDT,89053384,2.25,11.29
2024-08-07,Pendle,Base,12.61,DAI,87571624,3.29,8.62
2024-08-07,Convex,Ethereum,6.01,USDC,164659649,44.69,0
2024-08-07,Convex,Ethereum,5.37,USDT,185832520,46.5,0
2024-08-07,Convex,Ethereum,6.14,DAI,172562111,49.05,0
2024-08-07,Balancer,Ethereum,8.18,USDC,134152069,46.71,0
2024-08-07,Balancer,Ethereum,7.62,USDT,129633819,44.74,0
2024-08-07,Balancer,Ethereum,8.56,DAI,135264267,43.25,0
2024-08-07,Balancer,Arbitrum,11.34,USDC,131498073,3.57,13.48
2024-08-07,Balancer,Arbitrum,11.35,USDT,121880060,4.32,13.82
2024-08-07,Balancer,Arbitrum,10.98,DAI,134639991,4.54,9.32
2024-08-07,Balancer,Optimism,10.52,USDC,126213432,4.01,6.06
2024-08-07,Balancer,Optimism,9.59,USDT,131222966,3.04,11.78
2024-08-07,Balancer,Optimism,9.22,DAI,133616915,1.95,10.23
2024-08-07,Balancer,Polygon,11.91,USDT,136386817,1.29,5.66
2024-08-07,Balancer,Polygon,12.04,DAI,143656371,1.75,6.65
2024-08-07,Balancer,Base,8.55,USDC,124364257,4.35,7.79
2024-08-07,Balancer,Base,9.0,USDT,128595420,3.03,9.39
2024-08-08,Aave,Ethereum,3.42,USDC,299776645,50.99,0
2024-08-08,Aave,Ethereum,2.88,USDT,306191634,37.14,0
2024-08-08,Aave,Ethereum,3.32,DAI,282677772,44.97,0
2024-08-08,Aave,Arbitrum,3.48,USDC,278525863,2.92,11.4
2024-08-08,Aave,Arbitrum,4.06,USDT,291613611,3.95,16.56
2024-08-08,Aave,Arbitrum,3.77,DAI,301348187,3.52,10.64
2024-08-08,Aave,Optimism,3.72,USDT,297155477,2.13,7.29
2024-08-08,Aave,Optimism,3.94,DAI,288680991,3.85,11.64
2024-08-08,Aave,Polygon,4.34,USDC,273737506,1.62,8.18
2024-08-08,Aave,Polygon,4.51,USDT,287552051,1.12,8.23
2024-08-08,Aave,Polygon,3.98,DAI,296057564,1.09,8.74
2024-08-08,Aave,Base,3.97,USDC,301991314,3.54,13.06
2024-08-08,Aave,Base,3.7,USDT,316177176,3.62,10.22
2024-08-08,Aave,Base,4.0,DAI,329492820,4.02,10.26
2024-08-08,Compound,Ethereum,2.91,USDC,217292895,39.57,0
2024-08-08,Compound,Ethereum,2.95,USDT,212523868,44.96,0
2024-08-08,Compound,Ethereum,2.92,DAI,211440128,35.6,0
2024-08-08,Compound,Arbitrum,3.86,USDC,230269470,4.54,12.99
2024-08-08,Compound,Arbitrum,3.55,USDT,223622003,3.85,10.19
2024-08-08,Compound,Arbitrum,3.69,DAI,206944145,3.67,14.28
2024-08-08,Compound,Optimism,3.4,USDC,220115164,2.45,10.88
2024-08-08,Compound,Optimism,3.38,USDT,234888597,2.54,9.87
2024-08-08,Compound,Optimism,3.57,DAI,215836866,4.02,8.23
2024-08-08,Compound,Polygon,3.82,USDC,202818245,1.38,11.15
2024-08-08,Compound,Polygon,4.01,USDT,217049505,1.65,6.97
2024-08-08,Compound,Polygon,3.78,DAI,212133753,1.45,6.85
2024-08-08,Compound,Base,3.31,USDC,216276355,3.18,6.58
2024-08-08,Compound,Base,3.91,USDT,218693229,3.59,9.57
2024-08-08,Compound,Base,3.63,DAI,209319598,3.34,11.59
2024-08-08,Curve,Ethereum,7.35,USDC,362954633,29.07,0
2024-08-08,Curve,Ethereum,7.97,USDT,383529222,32.92,0
2024-08-08,Curve,Ethereum,9.88,DAI,392504167,41.04,0
2024-08-08,Curve,Arbitrum,8.37,USDT,380547058,4.68,9.19
2024-08-08,Curve,Arbitrum,10.48,DAI,347491849,4.16,14.22
2024-08-08,Curve,Optimism,9.03,USDC,388186814,2.95,11.98
2024-08-08,Curve,Optimism,8.18,USDT,388668858,2.35,9.76
2024-08-08,Curve,Optimism,8.21,DAI,395798700,3.13,7.44
2024-08-08,Curve,Polygon,10.31,USDC,380461703,1.23,10.97
2024-08-08,Curve,Polygon,11.08,DAI,346192893,1.91,7.36
2024-08-08,Curve,Base,11.8,USDC,392858674,2.51,10.76
2024-08-08,Curve,Base,11.74,USDT,383188173,2.86,8.61
2024-08-08,Curve,Base,7.68,DAI,345686816,3.72,8.47
2024-08-08,Uniswap V3,Ethereum,7.78,USDC,108392511,38.22,0
2024-08-08,Uniswap V3,Ethereum,9.66,USDT,116977893,41.45,0
2024-08-08,Uniswap V3,Ethereum,9.07,DAI,111488179,47.29,0
2024-08-08,Uniswap V3,Arbitrum,10.45,USDC,113689825,3.51,13.88
2024-08-08,Uniswap V3,Arbitrum,9.57,USDT,106284924,2.81,12.04
2024-08-08,Uniswap V3,Arbitrum,11.79,DAI,115934542,3.11,9.38
2024-08-08,Uniswap V3,Optimism,11.32,USDC,100204039,3.34,9.99
2024-08-08,Uniswap V3,Optimism,10.57,USDT,111816003,3.48,11.14
2024-08-08,Uniswap V3,Optimism,9.43,DAI,122984963,2.0,7.65
2024-08-08,Uniswap V3,Polygon,9.86,USDC,116692803,1.71,7.89
2024-08-08,Uniswap V3,Polygon,12.43,USDT,103603919,1.32,10.86
2024-08-08,Uniswap V3,Polygon,7.82,DAI,116564692,0.8,10.63
2024-08-08,Uniswap V3,Base,11.41,USDC,109358266,3.71,9.45
2024-08-08,Uniswap V3,Base,9.44,USDT,126729564,4.23,9.71
2024-08-08,Uniswap V3,Base,8.74,DAI,116765302,3.93,11.07
2024-08-08,Yearn,Ethereum,4.3,USDC,143504375,49.74,0
2024-08-08,Yearn,Ethereum,3.91,USDT,143123442,29.12,0
2024-08-08,Yearn,Ethereum,3.69,DAI,151541215,43.16,0
2024-08-08,Yearn,Arbitrum,4.93,USDC,134316647,3.78,8.67
2024-08-08,Yearn,Arbitrum,4.47,USDT,135110354,3.44,8.73
2024-08-08,Yearn,Arbitrum,4.62,DAI,138540136,4.7,11.33
2024-08-08,Yearn,Optimism,4.73,USDT,147557892,2.84,9.89
2024-08-08,Yearn,Optimism,4.65,DAI,135891852,2.27,9.55
2024-08-08,Yearn,Polygon,4.68,USDC,145347593,1.02,6.87
2024-08-08,Yearn,Polygon,6.12,USDT,137452523,1.66,7.85
2024-08-08,Yearn,Polygon,5.24,DAI,139737140,1.3,7.55
2024-08-08,Yearn,Base,4.82,USDC,139806392,3.39,11.86
2024-08-08,Yearn,Base,4.53,USDT,143650441,2.94,11.38
2024-08-08,Yearn,Base,5.12,DAI,143921612,4.02,11.2
2024-08-08,Pendle,Ethereum,7.37,USDC,89462860,35.36,0
2024-08-08,Pendle,Ethereum,12.72,USDT,84780143,39.77,0
2024-08-08,Pendle,Ethereum,14.04,DAI,88002712,52.35,0
2024-08-08,Pendle,Arbitrum,11.41,USDC,86659657,4.91,13.04
2024-08-08,Pendle,Arbitrum,13.06,USDT,92807794,3.94,16.52
2024-08-08,Pendle,Arbitrum,15.67,DAI,84036535,4.2,7.13
2024-08-08,Pendle,Optimism,10.6,USDC,91345474,2.73,7.9
2024-08-08,Pendle,Optimism,8.43,DAI,87818295,4.13,8.29
2024-08-08,Pendle,Base,12.41,USDC,86907140,4.33,10.88
2024-08-08,Pendle,Base,13.5,USDT,81309547,2.73,11.94
2024-08-08,Pendle,Base,12.95,DAI,89678040,4.03,11.25
2024-08-08,Convex,Ethereum,5.28,USDC,187219201,35.09,0
2024-08-08,Convex,Ethereum,6.06,USDT,165037151,30.02,0
2024-08-08,Convex,Ethereum,5.3,DAI,185540479,34.98,0
2024-08-08,Balancer,Ethereum,8.08,USDC,129016043,30.62,0
2024-08-08,Balancer,Ethereum,7.5,USDT,130083031,51.12,0
2024-08-08,Balancer,Ethereum,8.39,DAI,125488455,42.05,0
2024-08-08,Balancer,Arbitrum,11.56,USDC,133046760,2.81,10.41
2024-08-08,Balancer,Arbitrum,11.77,USDT,122339346,4.02,8.18
2024-08-08,Balancer,Arbitrum,10.57,DAI,132628700,4.25,11.57
2024-08-08,Balancer,Optimism,10.28,USDC,126813087,2.52,8.64
2024-08-08,Balancer,Optimism,9.23,DAI,132304734,2.66,9.83
2024-08-08,Balancer,Polygon,10.47,USDC,124832940,1.59,7.93
2024-08-08,Balancer,Polygon,8.65,USDT,129254226,1.26,9.01
2024-08-08,Balancer,Polygon,11.88,DAI,131234502,1.88,6.48
2024-08-08,Balancer,Base,9.54,USDC,132591982,3.9,9.51
2024-08-08,Balancer,Base,9.95,DAI,123526194,3.13,12.81
2024-08-09,Aave,Ethereum,2.94,USDC,302967220,49.98,0
2024-08-09,Aave,Ethereum,3.2,USDT,279686937,35.8,0
2024-08-09,Aave,Ethereum,3.07,DAI,283978102,47.25,0
2024-08-09,Aave,Arbitrum,3.33,USDT,307495353,2.37,13.39
2024-08-09,Aave,Optimism,3.61,USDC,260385640,3.01,9.88
2024-08-09,Aave,Optimism,3.26,USDT,275530389,2.48,7.57
2024-08-09,Aave,Optimism,3.36,DAI,309564831,2.75,7.75
2024-08-09,Aave,Polygon,3.52,USDC,293619418,1.29,8.09
2024-08-09,Aave,Polygon,3.77,USDT,300640551,1.72,6.39
2024-08-09,Aave,Polygon,3.87,DAI,282339417,1.47,8.46
2024-08-09,Aave,Base,3.41,USDC,289028613,2.65,13.49
2024-08-09,Aave,Base,3.33,USDT,305812386,3.05,8.23
2024-08-09,Aave,Base,3.35,DAI,280970364,2.52,11.05
2024-08-09,Compound,Ethereum,2.75,USDC,210869761,41.5,0
2024-08-09,Compound,Ethereum,2.76,USDT,214452304,36.67,0
2024-08-09,Compound,Ethereum,2.88,DAI,203451243,37.18,0
2024-08-09,Compound,Arbitrum,3.58,USDC,208499762,3.98,14.66
2024-08-09,Compound,Arbitrum,3.12,USDT,225182749,2.97,11.12
2024-08-09,Compound,Optimism,3.46,USDC,209073237,3.11,8.23
2024-08-09,Compound,Optimism,3.57,USDT,211292347,3.14,10.25
2024-08-09,Compound,Optimism,3.36,DAI,203236322,3.71,9.51
2024-08-09,Compound,Polygon,3.69,USDC,210940452,1.15,8.34
2024-08-09,Compound,Polygon,3.61,USDT,210092536,1.03,8.31
2024-08-09,Compound,Polygon,3.73,DAI,217868882,1.67,9.05
2024-08-09,Compound,Base,3.6,USDC,205582681,2.71,8.86
2024-08-09,Compound,Base,3.19,USDT,225029074,3.34,10.56
2024-08-09,Compound,Base,3.51,DAI,206605449,2.98,10.7
2024-08-09,Curve,Ethereum,6.03,USDC,377983849,47.43,0
2024-08-09,Curve,Ethereum,6.08,USDT,363424609,47.4,0
2024-08-09,Curve,Ethereum,8.33,DAI,398255280,37.72,0
2024-08-09,Curve,Arbitrum,10.11,USDC,402214746,2.85,12.8
2024-08-09,Curve,Arbitrum,9.65,USDT,367033340,4.13,8.94
2024-08-09,Curve,Arbitrum,10.58,DAI,388672057,4.32,10.51
2024-08-09,Curve,Optimism,9.15,USDT,387580337,3.68,9.87
2024-08-09,Curve,Optimism,9.92,DAI,362040911,2.78,7.32
2024-08-09,Curve,Polygon,8.96,USDC,358178955,1.67,10.07
2024-08-09,Curve,Polygon,9.65,USDT,357387137,1.72,11.46
2024-08-09,Curve,Polygon,9.72,DAI,350788253,1.46,9.36
2024-08-09,Curve,Base,10.25,USDC,354066386,3.1,9.9
2024-08-09,Curve,Base,7.86,USDT,393495668,3.14,9.37
2024-08-09,Uniswap V3,Ethereum,7.75,USDC,100939198,38.4,0
2024-08-09,Uniswap V3,Ethereum,6.12,USDT,103582368,47.87,0
2024-08-09,Uniswap V3,Ethereum,8.28,DAI,109113466,38.18,0
2024-08-09,Uniswap V3,Arbitrum,10.1,USDC,112268611,3.41,11.45
2024-08-09,Uniswap V3,Arbitrum,7.59,USDT,108812356,2.82,16.35
2024-08-09,Uniswap V3,Arbitrum,11.04,DAI,99085627,3.46,16.37
2024-08-09,Uniswap V3,Optimism,10.07,USDC,119253612,2.91,10.37
2024-08-09,Uniswap V3,Optimism,10.7,USDT,115468957,2.79,9.14
2024-08-09,Uniswap V3,Optimism,10.82,DAI,107848151,2.86,7.46
2024-08-09,Uniswap V3,Polygon,10.25,USDC,108485027,1.65,12.1
2024-08-09,Uniswap V3,Polygon,12.01,USDT,109605673,1.22,9.24
2024-08-09,Uniswap V3,Polygon,8.5,DAI,113161822,0.81,6.86
2024-08-09,Uniswap V3,Base,12.39,USDC,116398407,3.51,8.79
2024-08-09,Uniswap V3,Base,6.76,USDT,110006254,3.26,5.02
2024-08-09,Uniswap V3,Base,10.34,DAI,115335672,2.06,7.99
2024-08-09,Yearn,Ethereum,3.67,USDC,135541320,41.17,0
2024-08-09,Yearn,Ethereum,3.63,USDT,152224061,39.71,0
2024-08-09,Yearn,Ethereum,3.86,DAI,138616039,38.94,0
2024-08-09,Yearn,Arbitrum,4.42,USDC,152947842,4.56,10.76
2024-08-09,Yearn,Arbitrum,4.88,USDT,135321623,5.13,10.06
2024-08-09,Yearn,Optimism,4.11,USDC,137870822,3.8,7.79
2024-08-09,Yearn,Optimism,4.69,USDT,138400102,2.43,9.37
2024-08-09,Yearn,Optimism,4.62,DAI,131096290,3.09,11.39
2024-08-09,Yearn,Polygon,5.55,USDT,137116093,1.38,8.11
2024-08-09,Yearn,Polygon,5.18,DAI,141407647,1.39,5.97
2024-08-09,Yearn,Base,4.46,USDC,141955192,2.76,10.31
2024-08-09,Yearn,Base,4.62,USDT,131895193,3.97,9.15
2024-08-09,Yearn,Base,4.61,DAI,145182896,3.41,11.15
2024-08-09,Pendle,Ethereum,12.15,USDC,89524379,36.59,0
2024-08-09,Pendle,Ethereum,11.65,USDT,88668236,53.19,0
2024-08-09,Pendle,Ethereum,13.45,DAI,89753935,42.22,0
2024-08-09,Pendle,Arbitrum,16.07,USDC,86336230,4.26,14.97
2024-08-09,Pendle,Arbitrum,14.78,USDT,94306611,3.6,10.93
2024-08-09,Pendle,Arbitrum,13.41,DAI,91243415,2.77,10.76
2024-08-09,Pendle,Optimism,16.03,USDC,91530546,3.54,10.65
2024-08-09,Pendle,Optimism,15.72,USDT,82475484,1.95,9.56
2024-08-09,Pendle,Optimism,12.92,DAI,88217504,2.88,10.51
2024-08-09,Pendle,Base,11.79,USDC,81154647,3.05,10.66
2024-08-09,Pendle,Base,13.21,USDT,91571447,3.25,14.21
2024-08-09,Pendle,Base,13.39,DAI,95109824,3.77,11.18
2024-08-09,Convex,Ethereum,5.75,USDC,166307452,49.32,0
2024-08-09,Convex,Ethereum,6.42,USDT,181375438,41.76,0
2024-08-09,Convex,Ethereum,5.56,DAI,171545805,44.64,0
2024-08-09,Balancer,Ethereum,9.26,USDC,138518802,34.42,0
2024-08-09,Balancer,Ethereum,8.06,USDT,131603240,34.7,0
2024-08-09,Balancer,Ethereum,6.87,DAI,123210559,36.65,0
2024-08-09,Balancer,Arbitrum,8.71,USDC,126229586,3.84,10.96
2024-08-09,Balancer,Arbitrum,9.83,USDT,130137329,5.0,12.97
2024-08-09,Balancer,Arbitrum,9.53,DAI,126517232,3.96,11.17
2024-08-09,Balancer,Optimism,10.05,USDC,124433708,3.57,10.51
2024-08-09,Balancer,Optimism,9.05,USDT,133034002,2.92,10.27
2024-08-09,Balancer,Optimism,7.0,DAI,133668903,3.15,6.7
2024-08-09,Balancer,Polygon,9.88,USDT,128202396,1.38,11.29
2024-08-09,Balancer,Polygon,9.03,DAI,130343628,1.4,6.14
2024-08-09,Balancer,Base,9.93,USDC,124280373,3.79,4.59
2024-08-09,Balancer,Base,8.61,USDT,134160871,3.55,11.45
2024-08-09,Balancer,Base,7.94,DAI,123620411,3.09,10.52
2024-08-10,Aave,Ethereum,2.93,USDC,307186840,34.81,0
2024-08-10,Aave,Ethereum,2.83,USDT,284756222,33.0,0
2024-08-10,Aave,Ethereum,2.62,DAI,292195055,28.1,0
2024-08-10,Aave,Arbitrum,3.32,USDC,296110618,2.13,14.43
2024-08-10,Aave,Arbitrum,3.36,USDT,297280839,2.47,9.92
2024-08-10,Aave,Arbitrum,3.5,DAI,283778774,2.3,15.3
2024-08-10,Aave,Optimism,3.49,USDC,290216146,2.7,10.47
2024-08-10,Aave,Optimism,3.31,USDT,298967880,2.42,7.12
2024-08-10,Aave,Optimism,3.23,DAI,311317236,2.36,8.82
2024-08-10,Aave,Polygon,4.28,USDC,268921070,0.92,8.79
2024-08-10,Aave,Polygon,3.94,USDT,268554483,0.95,8.86
2024-08-10,Aave,Polygon,3.59,DAI,283872091,1.04,7.58
2024-08-10,Aave,Base,3.79,USDC,289850831,1.98,10.36
2024-08-10,Aave,Base,3.67,USDT,311841703,2.11,13.18
2024-08-10,Aave,Base,3.38,DAI,293447065,2.56,11.41
2024-08-10,Compound,Ethereum,2.7,USDC,209281717,34.28,0
2024-08-10,Compound,Ethereum,2.89,USDT,209417794,29.2,0
2024-08-10,Compound,Ethereum,2.91,DAI,218385430,27.28,0
2024-08-10,Compound,Arbitrum,3.45,USDC,207415020,2.41,9.7
2024-08-10,Compound,Arbitrum,3.16,USDT,203229437,2.39,10.17
2024-08-10,Compound,Arbitrum,3.9,DAI,208062337,2.95,11.87
2024-08-10,Compound,Optimism,3.1,USDC,212505330,2.32,11.39
2024-08-10,Compound,Optimism,3.34,USDT,209923425,2.17,9.32
2024-08-10,Compound,Polygon,3.66,USDC,209558919,1.08,5.92
2024-08-10,Compound,Polygon,3.78,USDT,220624376,1.07,10.76
2024-08-10,Compound,Polygon,3.62,DAI,206985769,0.86,6.74
2024-08-10,Compound,Base,3.5,USDC,210848852,2.46,8.81
2024-08-10,Compound,Base,3.42,USDT,193126976,2.85,7.38
2024-08-10,Curve,Ethereum,8.87,USDC,364703484,32.41,0
2024-08-10,Curve,Ethereum,8.36,USDT,403004851,26.81,0
2024-08-10,Curve,Ethereum,7.74,DAI,338961632,29.56,0
2024-08-10,Curve,Arbitrum,8.93,USDC,346924954,3.88,11.29
2024-08-10,Curve,Arbitrum,8.82,USDT,374706119,1.85,14.52
2024-08-10,Curve,Optimism,10.48,USDC,397379774,2.5,6.95
2024-08-10,Curve,Optimism,9.81,USDT,389972941,2.14,8.98
2024-08-10,Curve,Optimism,8.32,DAI,359353980,2.29,9.67
2024-08-10,Curve,Polygon,9.18,DAI,361376437,0.93,7.31
2024-08-10,Curve,Base,5.88,USDC,368637665,2.15,8.05
2024-08-10,Curve,Base,10.23,USDT,374833567,2.11,11.11
2024-08-10,Curve,Base,9.48,DAI,384853638,2.23,13.19
2024-08-10,Uniswap V3,Ethereum,6.51,USDC,115076951,27.12,0
2024-08-10,Uniswap V3,Ethereum,8.64,USDT,108214438,21.08,0
2024-08-10,Uniswap V3,Ethereum,8.61,DAI,100822219,24.19,0
2024-08-10,Uniswap V3,Arbitrum,8.69,USDC,116097844,1.96,9.95
2024-08-10,Uniswap V3,Arbitrum,11.09,USDT,105882705,2.79,12.57
2024-08-10,Uniswap V3,Arbitrum,8.76,DAI,123466035,2.19,14.52
2024-08-10,Uniswap V3,Optimism,11.69,USDT,113930375,2.7,1.9
2024-08-10,Uniswap V3,Optimism,12.35,DAI,116036764,1.97,10.42
2024-08-10,Uniswap V3,Polygon,9.37,USDC,107797857,1.2,6.83
2024-08-10,Uniswap V3,Polygon,11.1,USDT,108365454,0.77,7.54
2024-08-10,Uniswap V3,Polygon,10.91,DAI,112660502,0.51,6.29
2024-08-10,Uniswap V3,Base,9.36,USDC,108751249,2.7,9.49
2024-08-10,Uniswap V3,Base,11.48,USDT,106324417,2.66,11.3
2024-08-10,Uniswap V3,Base,10.27,DAI,119735396,2.3,5.87
2024-08-10,Yearn,Ethereum,4.02,USDC,148155045,33.78,0
2024-08-10,Yearn,Ethereum,4.09,USDT,140144798,26.37,0
2024-08-10,Yearn,Ethereum,3.69,DAI,137846175,29.92,0
2024-08-10,Yearn,Arbitrum,4.89,USDC,154005387,2.53,16.71
2024-08-10,Yearn,Arbitrum,4.44,USDT,143949459,1.77,6.46
2024-08-10,Yearn,Arbitrum,4.35,DAI,151274225,3.01,13.94
2024-08-10,Yearn,Optimism,4.46,USDC,134117715,2.49,7.46
2024-08-10,Yearn,Optimism,4.06,USDT,141484836,1.75,9.91
2024-08-10,Yearn,Optimism,4.49,DAI,127495492,2.08,7.81
2024-08-10,Yearn,Polygon,4.9,USDC,137617245,1.01,5.66
2024-08-10,Yearn,Polygon,5.32,USDT,135033399,0.95,9.17
2024-08-10,Yearn,Polygon,5.02,DAI,131953274,0.85,9.14
2024-08-10,Yearn,Base,4.06,USDC,140784871,1.77,8.51
2024-08-10,Yearn,Base,4.41,USDT,138850227,2.4,9.05
2024-08-10,Yearn,Base,4.5,DAI,152808773,2.32,9.31
2024-08-10,Pendle,Ethereum,12.17,USDC,84670806,31.37,0
2024-08-10,Pendle,Ethereum,10.43,USDT,82925604,25.99,0
2024-08-10,Pendle,Ethereum,9.92,DAI,83426962,36.16,0
2024-08-10,Pendle,Arbitrum,14.61,USDC,87916738,2.42,15.46
2024-08-10,Pendle,Arbitrum,16.01,USDT,91719976,2.47,13.76
2024-08-10,Pendle,Arbitrum,15.24,DAI,87775931,2.67,14.62
2024-08-10,Pendle,Optimism,13.85,USDC,91221567,2.53,9.51
2024-08-10,Pendle,Optimism,13.75,DAI,88903164,1.65,8.06
2024-08-10,Pendle,Base,15.05,USDC,89248662,2.15,14.69
2024-08-10,Pendle,Base,14.94,USDT,86920112,2.22,7.8
2024-08-10,Pendle,Base,13.56,DAI,87023807,2.66,11.54
2024-08-10,Convex,Ethereum,5.2,USDC,190830290,26.03,0
2024-08-10,Convex,Ethereum,5.13,USDT,174041827,28.71,0
2024-08-10,Convex,Ethereum,4.07,DAI,168131335,28.24,0
2024-08-10,Balancer,Ethereum,6.93,USDT,120662273,25.56,0
2024-08-10,Balancer,Ethereum,8.62,DAI,137277379,24.55,0
2024-08-10,Balancer,Arbitrum,11.66,USDC,126359665,3.04,13.21
2024-08-10,Balancer,Arbitrum,11.17,USDT,135877145,3.03,11.11
2024-08-10,Balancer,Arbitrum,8.8,DAI,126027242,1.89,10.39
2024-08-10,Balancer,Optimism,9.39,USDC,136561574,2.26,9.49
2024-08-10,Balancer,Optimism,8.71,USDT,135154014,2.12,8.44
2024-08-10,Balancer,Optimism,7.97,DAI,124226366,2.63,6.33
2024-08-10,Balancer,Polygon,9.08,USDC,135312401,0.73,6.8
2024-08-10,Balancer,Polygon,10.98,USDT,137198314,1.18,7.27
2024-08-10,Balancer,Polygon,10.43,DAI,135306636,0.9,8.96
2024-08-10,Balancer,Base,8.08,USDC,121773868,1.93,13.47
2024-08-10,Balancer,Base,10.82,USDT,133960605,2.49,6.8
2024-08-10,Balancer,Base,9.6,DAI,129038271,2.53,11.74
2024-08-11,Aave,Ethereum,2.77,USDC,293845014,20.73,0
2024-08-11,Aave,Ethereum,2.62,USDT,271740651,27.39,0
2024-08-11,Aave,Ethereum,3.08,DAI,296079452,23.49,0
2024-08-11,Aave,Arbitrum,3.6,USDC,266983218,2.72,10.13
2024-08-11,Aave,Arbitrum,3.51,USDT,313281775,2.4,7.69
2024-08-11,Aave,Arbitrum,3.96,DAI,296326405,2.61,8.83
2024-08-11,Aave,Optimism,3.53,USDC,279067575,1.93,9.53
2024-08-11,Aave,Optimism,3.42,USDT,274511776,2.61,12.03
2024-08-11,Aave,Optimism,3.17,DAI,306943174,1.6,10.38
2024-08-11,Aave,Polygon,3.83,USDT,308008692,1.0,10.2
2024-08-11,Aave,Polygon,4.25,DAI,292772932,1.07,7.25
2024-08-11,Aave,Base,3.95,USDC,289731135,2.66,9.51
2024-08-11,Aave,Base,3.46,USDT,305998331,1.96,7.05
2024-08-11,Aave,Base,3.9,DAI,284991184,2.69,12.02
2024-08-11,Compound,Ethereum,2.92,USDC,210506410,37.61,0
2024-08-11,Compound,Ethereum,2.98,USDT,210519868,25.03,0
2024-08-11,Compound,Ethereum,2.8,DAI,196474186,26.51,0
2024-08-11,Compound,Arbitrum,3.52,USDC,205454469,1.65,9.95
2024-08-11,Compound,Arbitrum,2.97,USDT,216202674,1.7,8.36
2024-08-11,Compound,Arbitrum,3.38,DAI,215185569,2.61,10.6
2024-08-11,Compound,Optimism,3.36,USDC,200357536,2.25,10.51
2024-08-11,Compound,Optimism,3.4,USDT,206367303,1.69,8.19
2024-08-11,Compound,Optimism,3.55,DAI,224795049,2.08,10.48
2024-08-11,Compound,Polygon,3.4,USDC,210437294,1.02,9.59
2024-08-11,Compound,Polygon,3.6,USDT,220229858,0.96,7.04
2024-08-11,Compound,Polygon,3.57,DAI,209898578,0.9,9.66
2024-08-11,Compound,Base,3.55,USDC,205571852,2.31,9.45
2024-08-11,Compound,Base,2.96,USDT,194640646,2.33,9.85
2024-08-11,Compound,Base,3.17,DAI,213116021,2.32,8.74
2024-08-11,Curve,Ethereum,7.57,USDC,364096920,29.12,0
2024-08-11,Curve,Ethereum,7.24,DAI,340819518,29.41,0
2024-08-11,Curve,Arbitrum,9.92,USDC,333028353,2.25,7.92
2024-08-11,Curve,Optimism,9.19,USDC,372268038,1.78,9.22
2024-08-11,Curve,Optimism,10.75,USDT,355849869,2.0,9.79
2024-08-11,Curve,Optimism,9.75,DAI,367615049,1.98,9.41
2024-08-11,Curve,Polygon,7.49,USDC,371601758,1.02,6.52
2024-08-11,Curve,Polygon,8.46,USDT,357584039,0.89,5.45
2024-08-11,Curve,Polygon,9.64,DAI,352197859,0.94,10.75
2024-08-11,Curve,Base,8.83,USDC,391315711,2.06,11.84
2024-08-11,Curve,Base,8.44,USDT,369589886,1.91,9.49
2024-08-11,Curve,Base,12.08,DAI,352889462,1.85,8.68
2024-08-11,Uniswap V3,Ethereum,8.99,USDC,105909598,27.8,0
2024-08-11,Uniswap V3,Ethereum,9.71,USDT,105926466,36.9,0
2024-08-11,Uniswap V3,Ethereum,10.73,DAI,106798424,25.49,0
2024-08-11,Uniswap V3,Arbitrum,11.4,USDC,108601700,1.98,16.61
2024-08-11,Uniswap V3,Arbitrum,14.87,USDT,119134879,2.53,12.56
2024-08-11,Uniswap V3,Arbitrum,10.13,DAI,106552732,1.39,4.85
2024-08-11,Uniswap V3,Optimism,11.82,USDC,105088649,1.8,7.17
2024-08-11,Uniswap V3,Optimism,10.5,USDT,108582276,2.41,9.08
2024-08-11,Uniswap V3,Optimism,9.1,DAI,107914566,2.56,13.8
2024-08-11,Uniswap V3,Polygon,8.4,USDC,112676872,0.8,7.44
2024-08-11,Uniswap V3,Polygon,13.3,USDT,94996885,0.96,7.72
2024-08-11,Uniswap V3,Polygon,7.56,DAI,109921790,1.25,9.29
2024-08-11,Uniswap V3,Base,12.55,USDC,108331821,1.87,9.5
2024-08-11,Uniswap V3,Base,10.29,DAI,108511345,2.65,8.07
2024-08-11,Yearn,Ethereum,3.56,USDC,143136701,36.31,0
2024-08-11,Yearn,Ethereum,3.62,USDT,138313249,24.25,0
2024-08-11,Yearn,Ethereum,3.96,DAI,132382964,35.55,0
2024-08-11,Yearn,Arbitrum,4.56,USDC,156438720,2.18,11.19
2024-08-11,Yearn,Arbitrum,4.76,USDT,141746058,1.82,11.84
2024-08-11,Yearn,Arbitrum,4.02,DAI,135691686,2.98,12.26
2024-08-11,Yearn,Optimism,3.83,USDC,149585047,2.0,7.61
2024-08-11,Yearn,Optimism,4.63,USDT,132065279,2.05,7.82
2024-08-11,Yearn,Optimism,3.75,DAI,143710607,2.1,7.95
2024-08-11,Yearn,Polygon,4.3,USDC,135829941,0.87,9.6
2024-08-11,Yearn,Polygon,4.74,USDT,147280528,1.12,6.34
2024-08-11,Yearn,Polygon,5.01,DAI,132090496,0.97,7.82
2024-08-11,Yearn,Base,4.68,USDC,138212522,2.18,10.52
2024-08-11,Yearn,Base,4.41,USDT,133996744,1.95,11.15
2024-08-11,Yearn,Base,4.72,DAI,131163427,2.3,10.76
2024-08-11,Pendle,Ethereum,10.08,USDC,89902185,28.16,0
2024-08-11,Pendle,Ethereum,12.74,USDT,89128611,29.76,0
2024-08-11,Pendle,Ethereum,9.93,DAI,80364408,27.64,0
2024-08-11,Pendle,Arbitrum,14.7,USDC,85310842,2.16,8.88
2024-08-11,Pendle,Arbitrum,13.01,USDT,87725840,2.12,11.5
2024-08-11,Pendle,Optimism,13.42,USDC,88708442,2.86,11.34
2024-08-11,Pendle,Optimism,14.74,DAI,84354366,1.86,9.72
2024-08-11,Pendle,Base,12.43,USDC,88503935,2.0,9.51
2024-08-11,Pendle,Base,13.57,USDT,89683847,2.37,14.79
2024-08-11,Pendle,Base,11.36,DAI,85263119,2.17,10.02
2024-08-11,Convex,Ethereum,5.92,USDC,172032737,21.71,0
2024-08-11,Convex,Ethereum,5.11,USDT,187285613,27.31,0
2024-08-11,Convex,Ethereum,4.27,DAI,167743040,16.99,0
2024-08-11,Balancer,Ethereum,7.8,USDC,132862128,32.57,0
2024-08-11,Balancer,Ethereum,7.58,USDT,126146789,27.13,0
2024-08-11,Balancer,Ethereum,7.42,DAI,126584158,20.05,0
2024-08-11,Balancer,Arbitrum,9.97,USDC,117478085,2.35,8.3
2024-08-11,Balancer,Arbitrum,10.46,USDT,127658089,1.91,12.13
2024-08-11,Balancer,Arbitrum,9.11,DAI,129144567,2.56,9.44
2024-08-11,Balancer,Optimism,10.53,USDC,123029966,2.0,7.34
2024-08-11,Balancer,Optimism,8.75,USDT,122774194,1.99,9.59
2024-08-11,Balancer,Optimism,10.14,DAI,126548025,2.54,12.93
2024-08-11,Balancer,Polygon,9.01,USDC,120319138,0.94,5.91
2024-08-11,Balancer,Polygon,10.74,USDT,126871480,1.08,6.79
2024-08-11,Balancer,Polygon,11.8,DAI,127301772,0.8,6.09
2024-08-11,Balancer,Base,7.58,USDT,121342807,2.35,5.67
2024-08-11,Balancer,Base,9.12,DAI,124331962,2.29,8.51
2024-08-12,Aave,Ethereum,2.81,USDC,284463524,45.9,0
2024-08-12,Aave,Ethereum,2.95,USDT,269077112,48.23,0
2024-08-12,Aave,Ethereum,2.72,DAI,277779164,41.01,0
2024-08-12,Aave,Arbitrum,3.47,USDC,305329591,4.23,10.92
2024-08-12,Aave,Arbitrum,3.43,DAI,269124500,3.34,10.29
2024-08-12,Aave,Optimism,3.61,USDC,255187058,2.68,10.52
2024-08-12,Aave,Optimism,3.78,USDT,294002909,3.32,12.14
2024-08-12,Aave,Optimism,3.61,DAI,303675663,2.66,7.41
2024-08-12,Aave,Polygon,4.05,USDC,290823744,1.62,7.25
2024-08-12,Aave,Polygon,3.77,USDT,297618365,1.85,8.28
2024-08-12,Aave,Polygon,3.75,DAI,278467301,1.38,9.98
2024-08-12,Aave,Base,3.22,USDC,265140785,3.07,9.89
2024-08-12,Aave,Base,3.8,USDT,297077276,3.25,10.51
2024-08-12,Aave,Base,3.78,DAI,260724082,3.07,5.12
2024-08-12,Compound,Ethereum,2.88,USDC,195862035,32.91,0
2024-08-12,Compound,Ethereum,2.72,USDT,188263298,30.17,0
2024-08-12,Compound,Ethereum,2.7,DAI,217738838,53.09,0
2024-08-12,Compound,Arbitrum,3.54,USDC,207398435,3.35,12.84
2024-08-12,Compound,Arbitrum,3.67,USDT,211763035,3.61,10.41
2024-08-12,Compound,Arbitrum,3.35,DAI,194148125,3.56,14.24
2024-08-12,Compound,Optimism,3.14,USDC,206331939,3.76,8.65
2024-08-12,Compound,Optimism,3.24,DAI,200958712,3.47,7.55
2024-08-12,Compound,Polygon,3.47,USDC,207973440,1.86,8.89
2024-08-12,Compound,Polygon,3.4,USDT,189248139,1.28,8.64
2024-08-12,Compound,Polygon,3.67,DAI,209359396,1.8,5.62
2024-08-12,Compound,Base,3.16,USDC,201749593,3.59,6.13
2024-08-12,Compound,Base,3.05,USDT,208058530,3.87,10.65
2024-08-12,Compound,Base,3.53,DAI,201381251,3.49,4.19
2024-08-12,Curve,Ethereum,8.17,USDC,356782501,49.99,0
2024-08-12,Curve,Ethereum,8.94,DAI,369268183,45.77,0
2024-08-12,Curve,Arbitrum,6.88,USDC,385142314,4.57,12.87
2024-08-12,Curve,Arbitrum,7.58,USDT,364689733,4.1,15.92
2024-08-12,Curve,Arbitrum,9.4,DAI,357083263,3.22,15.33
2024-08-12,Curve,Optimism,8.75,USDC,351455617,3.51,8.77
2024-08-12,Curve,Optimism,7.72,USDT,369390674,2.35,8.19
2024-08-12,Curve,Optimism,9.21,DAI,389521557,3.28,9.14
2024-08-12,Curve,Polygon,8.32,USDC,386515370,1.19,5.9
2024-08-12,Curve,Polygon,9.54,DAI,374480565,1.2,7.31
2024-08-12,Curve,Base,9.33,USDC,332319792,3.54,7.75
2024-08-12,Curve,Base,7.98,USDT,367608350,2.74,8.36
2024-08-12,Curve,Base,9.89,DAI,340038450,3.08,6.71
2024-08-12,Uniswap V3,Ethereum,9.28,USDC,105657838,26.76,0
2024-08-12,Uniswap V3,Ethereum,8.43,USDT,104467001,42.05,0
2024-08-12,Uniswap V3,Ethereum,8.64,DAI,109242121,51.71,0
2024-08-12,Uniswap V3,Arbitrum,10.43,USDC,108505883,4.71,11.66
2024-08-12,Uniswap V3,Arbitrum,10.9,USDT,101505933,2.76,9.22
2024-08-12,Uniswap V3,Arbitrum,12.14,DAI,110312503,2.64,12.61
2024-08-12,Uniswap V3,Optimism,12.74,DAI,104455413,2.56,8.81
2024-08-12,Uniswap V3,Polygon,12.99,USDC,108454119,1.56,6.88
2024-08-12,Uniswap V3,Polygon,11.34,USDT,99636960,1.28,9.61
2024-08-12,Uniswap V3,Polygon,12.02,DAI,114094570,1.01,8.53
2024-08-12,Uniswap V3,Base,10.89,USDC,103691995,3.31,7.63
2024-08-12,Uniswap V3,Base,11.42,DAI,106044100,2.77,11.42
2024-08-12,Yearn,Ethereum,3.52,USDC,148420569,42.75,0
2024-08-12,Yearn,Ethereum,3.77,USDT,140957013,29.68,0
2024-08-12,Yearn,Ethereum,4.06,DAI,138638188,50.03,0
2024-08-12,Yearn,Arbitrum,4.47,USDC,138259068,3.68,15.96
2024-08-12,Yearn,Arbitrum,4.9,USDT,131105555,3.07,12.93
2024-08-12,Yearn,Arbitrum,4.73,DAI,132764162,6.58,9.91
2024-08-12,Yearn,Optimism,4.42,USDC,133644541,3.64,11.26
2024-08-12,Yearn,Optimism,4.37,USDT,130306168,2.09,10.05
2024-08-12,Yearn,Polygon,4.81,USDC,132014311,1.51,7.28
2024-08-12,Yearn,Polygon,4.72,DAI,137664121,1.37,7.14
2024-08-12,Yearn,Base,4.55,USDC,130959850,4.19,9.21
2024-08-12,Yearn,Base,4.45,USDT,139483597,3.63,13.88
2024-08-12,Yearn,Base,4.14,DAI,125618666,3.41,7.44
2024-08-12,Pendle,Ethereum,10.98,USDC,78803680,50.19,0
2024-08-12,Pendle,Ethereum,13.92,USDT,81392888,41.3,0
2024-08-12,Pendle,Ethereum,9.99,DAI,81768318,49.37,0
2024-08-12,Pendle,Arbitrum,16.03,USDC,84510847,3.43,11.27
2024-08-12,Pendle,Arbitrum,13.09,USDT,83757040,3.44,12.31
2024-08-12,Pendle,Arbitrum,11.67,DAI,83056876,3.97,12.93
2024-08-12,Pendle,Optimism,12.36,USDC,79317560,3.34,8.79
2024-08-12,Pendle,Optimism,15.16,USDT,83231998,2.76,11.71
2024-08-12,Pendle,Optimism,10.25,DAI,90360457,2.73,9.82
2024-08-12,Pendle,Base,13.52,USDT,88988909,3.85,8.67
2024-08-12,Convex,Ethereum,5.7,USDC,164374109,40.67,0
2024-08-12,Convex,Ethereum,5.72,USDT,166634325,25.0,0
2024-08-12,Convex,Ethereum,5.56,DAI,174321734,37.26,0
2024-08-12,Balancer,Ethereum,7.69,USDC,123756359,53.1,0
2024-08-12,Balancer,Ethereum,7.8,USDT,120912653,28.18,0
2024-08-12,Balancer,Ethereum,8.84,DAI,125350093,54.16,0
2024-08-12,Balancer,Arbitrum,11.79,USDC,125440885,3.88,9.87
2024-08-12,Balancer,Arbitrum,8.45,USDT,125347640,3.29,7.68
2024-08-12,Balancer,Arbitrum,9.25,DAI,144005406,3.76,11.22
2024-08-12,Balancer,Optimism,9.41,USDC,124398800,2.53,7.49
2024-08-12,Balancer,Optimism,7.52,USDT,117809083,3.61,8.17
2024-08-12,Balancer,Optimism,10.97,DAI,126878787,2.73,10.01
2024-08-12,Balancer,Polygon,11.97,USDC,126424544,1.62,7.69
2024-08-12,Balancer,Polygon,10.85,USDT,123301354,1.48,8.18
2024-08-12,Balancer,Polygon,10.39,DAI,122350657,1.12,7.98
2024-08-12,Balancer,Base,10.5,USDC,122955182,2.94,9.29
2024-08-12,Balancer,Base,10.33,USDT,128720297,4.02,10.08
2024-08-13,Aave,Ethereum,3.15,USDC,273174584,39.72,0
2024-08-13,Aave,Ethereum,2.84,USDT,277312971,44.91,0
2024-08-13,Aave,Ethereum,3.32,DAI,259937285,37.8,0
2024-08-13,Aave,Arbitrum,3.79,USDC,272103656,4.25,13.39
2024-08-13,Aave,Arbitrum,3.73,USDT,281958630,2.44,13.28
2024-08-13,Aave,Arbitrum,3.95,DAI,268552022,2.7,12.6
2024-08-13,Aave,Optimism,3.24,USDC,267537762,2.97,11.03
2024-08-13,Aave,Optimism,3.3,USDT,291678743,2.58,7.62
2024-08-13,Aave,Optimism,3.63,DAI,286380614,3.08,8.87
2024-08-13,Aave,Polygon,4.14,USDC,266813827,1.46,7.49
2024-08-13,Aave,Polygon,4.03,USDT,272400125,1.75,6.82
2024-08-13,Aave,Base,3.33,USDC,278552934,2.78,9.16
2024-08-13,Aave,Base,3.83,USDT,249423460,2.76,12.41
2024-08-13,Aave,Base,3.56,DAI,272262060,3.29,12.1
2024-08-13,Compound,Ethereum,2.84,USDT,206416618,46.19,0
2024-08-13,Compound,Ethereum,2.89,DAI,215054600,51.75,0
2024-08-13,Compound,Arbitrum,3.55,USDC,198376002,4.39,15.02
2024-08-13,Compound,Arbitrum,3.71,USDT,204853188,4.37,12.56
2024-08-13,Compound,Arbitrum,3.69,DAI,199740268,2.94,16.9
2024-08-13,Compound,Optimism,3.2,USDC,196514746,1.9,10.88
2024-08-13,Compound,Optimism,3.49,USDT,193876166,2.67,9.07
2024-08-13,Compound,Optimism,3.13,DAI,209941210,3.26,8.19
2024-08-13,Compound,Polygon,3.72,USDT,188491147,0.92,8.92
2024-08-13,Compound,Base,3.54,USDC,202492469,2.75,10.16
2024-08-13,Compound,Base,3.33,USDT,196369082,3.13,9.01
2024-08-13,Compound,Base,3.5,DAI,191667304,3.33,12.2
2024-08-13,Curve,Ethereum,8.29,USDC,339625488,53.29,0
2024-08-13,Curve,Ethereum,7.6,USDT,369791003,36.52,0
2024-08-13,Curve,Ethereum,9.12,DAI,391475414,41.96,0
2024-08-13,Curve,Arbitrum,8.63,USDC,376126172,3.73,10.13
2024-08-13,Curve,Arbitrum,10.8,USDT,369577475,3.61,9.37
2024-08-13,Curve,Arbitrum,8.47,DAI,361200741,4.66,9.84
2024-08-13,Curve,Optimism,8.97,USDC,365051654,3.58,8.71
2024-08-13,Curve,Optimism,10.15,USDT,349739622,3.87,10.73
2024-08-13,Curve,Optimism,8.8,DAI,348786151,2.26,11.58
2024-08-13,Curve,Polygon,9.75,USDC,379170375,1.57,7.4
2024-08-13,Curve,Polygon,9.27,USDT,361391013,1.55,10.42
2024-08-13,Curve,Base,7.88,USDC,325531185,3.13,12.76
2024-08-13,Curve,Base,8.06,USDT,359799155,3.51,11.1
2024-08-13,Curve,Base,8.86,DAI,400772069,3.21,11.24
2024-08-13,Uniswap V3,Ethereum,8.35,USDC,115158756,46.71,0
2024-08-13,Uniswap V3,Ethereum,9.16,USDT,111453130,34.58,0
2024-08-13,Uniswap V3,Ethereum,8.38,DAI,114085312,40.11,0
2024-08-13,Uniswap V3,Arbitrum,10.63,USDC,105820480,4.37,10.62
2024-08-13,Uniswap V3,Arbitrum,10.97,USDT,106746986,3.25,12.83
2024-08-13,Uniswap V3,Arbitrum,12.33,DAI,121247869,3.56,13.39
2024-08-13,Uniswap V3,Optimism,9.23,USDC,110360011,3.21,4.76
2024-08-13,Uniswap V3,Optimism,10.59,USDT,100812290,2.71,10.32
2024-08-13,Uniswap V3,Optimism,10.32,DAI,107509493,2.19,9.37
2024-08-13,Uniswap V3,Polygon,11.14,USDT,107108919,1.2,8.6
2024-08-13,Uniswap V3,Polygon,11.57,DAI,109965346,1.4,6.7
2024-08-13,Uniswap V3,Base,12.49,USDC,109803880,2.43,10.38
2024-08-13,Uniswap V3,Base,9.53,DAI,99941684,3.81,13.21
2024-08-13,Yearn,Ethereum,3.9,USDC,132762688,41.25,0
2024-08-13,Yearn,Ethereum,3.98,USDT,139857999,43.81,0
2024-08-13,Yearn,Ethereum,4.11,DAI,138053020,52.53,0
2024-08-13,Yearn,Arbitrum,5.62,USDC,142857875,2.48,13.67
2024-08-13,Yearn,Arbitrum,4.88,USDT,136014444,5.26,13.52
2024-08-13,Yearn,Arbitrum,4.61,DAI,140779100,3.4,16.66
2024-08-13,Yearn,Optimism,4.32,USDC,138216039,3.12,10.64
2024-08-13,Yearn,Optimism,4.37,USDT,141580763,3.01,8.7
2024-08-13,Yearn,Optimism,4.78,DAI,126011007,3.44,7.55
2024-08-13,Yearn,Polygon,5.36,USDC,139837750,1.86,6.74
2024-08-13,Yearn,Polygon,5.09,USDT,129746484,1.81,9.97
2024-08-13,Yearn,Polygon,5.21,DAI,143211723,1.79,5.41
2024-08-13,Yearn,Base,4.96,USDC,136027367,2.38,9.77
2024-08-13,Yearn,Base,5.02,USDT,134534978,3.35,11.08
2024-08-13,Yearn,Base,4.67,DAI,134594788,2.99,8.66
2024-08-13,Pendle,Ethereum,8.86,USDC,88047031,36.26,0
2024-08-13,Pendle,Ethereum,11.14,USDT,83412518,34.32,0
2024-08-13,Pendle,Ethereum,10.95,DAI,81443856,44.49,0
2024-08-13,Pendle,Arbitrum,15.79,USDC,82654330,3.82,13.59
2024-08-13,Pendle,Arbitrum,13.88,USDT,83077002,2.3,11.24
2024-08-13,Pendle,Arbitrum,10.54,DAI,81219000,4.35,12.08
2024-08-13,Pendle,Optimism,11.8,USDT,90090328,3.14,8.96
2024-08-13,Pendle,Optimism,12.87,DAI,78163595,3.78,9.76
2024-08-13,Pendle,Base,13.17,USDC,90980535,3.16,8.64
2024-08-13,Pendle,Base,11.81,DAI,84867011,3.15,12.46
2024-08-13,Convex,Ethereum,5.41,USDC,162903544,38.07,0
2024-08-13,Convex,Ethereum,5.82,USDT,162460381,42.89,0
2024-08-13,Convex,Ethereum,5.97,DAI,173381518,28.56,0
2024-08-13,Balancer,Ethereum,8.72,USDC,117940724,32.63,0
2024-08-13,Balancer,Ethereum,9.62,USDT,116621333,54.68,0
2024-08-13,Balancer,Arbitrum,9.25,USDC,117829074,3.38,12.77
2024-08-13,Balancer,Arbitrum,9.8,USDT,121765593,3.26,10.73
2024-08-13,Balancer,Arbitrum,9.51,DAI,125861764,3.56,9.67
2024-08-13,Balancer,Optimism,8.8,USDC,125823587,2.11,10.92
2024-08-13,Balancer,Optimism,7.63,USDT,131280117,1.78,7.8
2024-08-13,Balancer,Optimism,9.35,DAI,120482626,2.46,7.39
2024-08-13,Balancer,Polygon,10.46,USDC,124852665,1.5,9.17
2024-08-13,Balancer,Polygon,11.01,USDT,121179321,1.51,6.98
2024-08-13,Balancer,Polygon,9.16,DAI,123388300,1.85,7.51
2024-08-13,Balancer,Base,10.05,USDC,120829925,3.16,9.02
2024-08-13,Balancer,Base,7.98,USDT,117316571,2.83,7.48
2024-08-13,Balancer,Base,10.49,DAI,120457606,3.1,9.22
2024-08-14,Aave,Ethereum,3.11,USDT,281759993,33.49,0
2024-08-14,Aave,Ethereum,3.09,DAI,270540392,42.51,0
2024-08-14,Aave,Arbitrum,3.55,USDT,305332802,5.03,15.0
2024-08-14,Aave,Arbitrum,3.33,DAI,261400259,3.88,13.86
2024-08-14,Aave,Optimism,3.59,USDC,256515498,3.09,10.89
2024-08-14,Aave,Optimism,3.51,USDT,282467891,2.86,11.51
2024-08-14,Aave,Optimism,3.32,DAI,255574099,3.5,10.74
2024-08-14,Aave,Polygon,3.98,USDC,281888317,1.5,4.04
2024-08-14,Aave,Polygon,4.3,USDT,264148878,1.76,8.35
2024-08-14,Aave,Polygon,4.12,DAI,290791059,1.42,11.13
2024-08-14,Aave,Base,3.52,USDC,306084334,3.77,11.18
2024-08-14,Aave,Base,3.35,USDT,268011036,2.59,13.7
2024-08-14,Aave,Base,3.8,DAI,278400799,3.51,9.12
2024-08-14,Compound,Ethereum,2.87,USDC,215642476,34.41,0
2024-08-14,Compound,Ethereum,3.03,USDT,196009875,39.85,0
2024-08-14,Compound,Ethereum,3.07,DAI,194903579,29.99,0
2024-08-14,Compound,Arbitrum,3.17,USDC,208370445,3.38,9.72
2024-08-14,Compound,Arbitrum,3.33,USDT,205023841,2.96,9.14
2024-08-14,Compound,Arbitrum,3.48,DAI,207748007,2.35,12.53
2024-08-14,Compound,Optimism,3.19,USDC,191782912,3.42,12.86
2024-08-14,Compound,Optimism,3.51,USDT,188869308,2.8,6.93
2024-08-14,Compound,Optimism,3.41,DAI,196881587,4.02,8.12
2024-08-14,Compound,Polygon,3.72,USDC,204545286,1.54,7.64
2024-08-14,Compound,Polygon,3.67,USDT,220078586,1.14,10.94
2024-08-14,Compound,Polygon,3.67,DAI,200241950,1.45,9.24
2024-08-14,Compound,Base,3.36,USDC,180158211,4.26,10.21
2024-08-14,Compound,Base,3.49,USDT,190175323,2.33,9.23
2024-08-14,Curve,Ethereum,7.1,USDT,374717462,38.49,0
2024-08-14,Curve,Arbitrum,9.23,USDT,362691140,3.5,16.65
2024-08-14,Curve,Arbitrum,9.96,DAI,342816476,4.56,15.06
2024-08-14,Curve,Optimism,11.33,USDC,348314458,2.97,8.97
2024-08-14,Curve,Optimism,10.51,USDT,349680822,2.87,10.61
2024-08-14,Curve,Optimism,8.91,DAI,337549725,2.99,9.96
2024-08-14,Curve,Polygon,9.43,USDC,364061355,1.23,9.94
2024-08-14,Curve,Polygon,7.96,USDT,349333630,1.45,5.9
2024-08-14,Curve,Polygon,8.65,DAI,348251068,1.58,9.63
2024-08-14,Curve,Base,11.52,USDC,328974821,3.77,9.81
2024-08-14,Curve,Base,11.88,DAI,330784246,2.78,10.74
2024-08-14,Uniswap V3,Ethereum,10.16,USDC,114314571,45.22,0
2024-08-14,Uniswap V3,Ethereum,6.45,USDT,102659843,51.53,0
2024-08-14,Uniswap V3,Ethereum,6.75,DAI,106348809,45.29,0
2024-08-14,Uniswap V3,Arbitrum,8.95,USDC,104951979,2.61,10.55
2024-08-14,Uniswap V3,Arbitrum,9.08,USDT,90820359,2.96,12.84
2024-08-14,Uniswap V3,Optimism,9.01,USDC,105522504,2.9,9.61
2024-08-14,Uniswap V3,Optimism,11.23,USDT,97725726,2.45,9.28
2024-08-14,Uniswap V3,Polygon,9.61,USDC,104414919,1.78,9.99
2024-08-14,Uniswap V3,Polygon,9.87,USDT,103508867,1.28,8.43
2024-08-14,Uniswap V3,Polygon,10.86,DAI,112602878,1.65,7.34
2024-08-14,Uniswap V3,Base,8.72,USDC,105158448,2.66,11.53
2024-08-14,Uniswap V3,Base,13.01,USDT,108719865,3.15,9.06
2024-08-14,Uniswap V3,Base,9.0,DAI,105688710,3.38,8.77
2024-08-14,Yearn,Ethereum,3.85,DAI,125245190,34.57,0
2024-08-14,Yearn,Arbitrum,5.41,USDC,132435771,3.61,7.15
2024-08-14,Yearn,Arbitrum,4.3,USDT,124605509,4.6,8.75
2024-08-14,Yearn,Arbitrum,4.12,DAI,130486868,4.42,13.99
2024-08-14,Yearn,Optimism,4.0,USDC,137634884,2.53,6.8
2024-08-14,Yearn,Optimism,4.57,USDT,124113381,2.57,5.72
2024-08-14,Yearn,Optimism,4.72,DAI,130724138,2.85,6.92
2024-08-14,Yearn,Polygon,4.99,USDC,128875849,1.35,7.26
2024-08-14,Yearn,Polygon,4.96,USDT,123772408,1.47,12.08
2024-08-14,Yearn,Polygon,4.94,DAI,126523239,1.72,9.73
2024-08-14,Yearn,Base,4.49,USDC,139055111,3.46,12.02
2024-08-14,Yearn,Base,4.6,USDT,136396697,3.61,5.17
2024-08-14,Yearn,Base,4.59,DAI,131671780,2.64,9.61
2024-08-14,Pendle,Ethereum,11.22,USDC,80555202,39.56,0
2024-08-14,Pendle,Ethereum,12.22,USDT,84886647,31.9,0
2024-08-14,Pendle,Arbitrum,14.11,USDC,82955280,3.62,13.75
2024-08-14,Pendle,Arbitrum,11.38,USDT,79746655,2.69,13.16
2024-08-14,Pendle,Arbitrum,15.13,DAI,78894038,2.71,9.98
2024-08-14,Pendle,Optimism,11.01,USDC,84521040,3.94,9.0
2024-08-14,Pendle,Optimism,14.13,DAI,84340186,4.0,12.02
2024-08-14,Pendle,Base,12.98,USDC,84798835,3.47,5.38
2024-08-14,Pendle,Base,10.83,USDT,85043793,3.58,13.8
2024-08-14,Pendle,Base,17.42,DAI,84857348,2.65,7.68
2024-08-14,Convex,Ethereum,5.19,USDC,173377936,46.81,0
2024-08-14,Convex,Ethereum,5.44,USDT,176025430,36.58,0
2024-08-14,Convex,Ethereum,4.82,DAI,163416204,42.9,0
2024-08-14,Balancer,Ethereum,8.73,USDT,119472468,40.58,0
2024-08-14,Balancer,Ethereum,9.67,DAI,114676015,39.32,0
2024-08-14,Balancer,Arbitrum,11.46,USDC,124926152,2.51,11.27
2024-08-14,Balancer,Arbitrum,10.95,USDT,131664240,3.98,12.2
2024-08-14,Balancer,Arbitrum,8.98,DAI,125142762,3.54,12.49
2024-08-14,Balancer,Optimism,9.01,USDC,118953421,1.65,9.12
2024-08-14,Balancer,Optimism,11.02,USDT,119714816,2.69,9.67
2024-08-14,Balancer,Optimism,8.58,DAI,113792979,2.49,10.02
2024-08-14,Balancer,Polygon,8.96,USDC,116780683,1.41,8.32
2024-08-14,Balancer,Polygon,8.22,USDT,121091212,1.33,9.76
2024-08-14,Balancer,Polygon,10.64,DAI,124225228,1.31,6.15
2024-08-14,Balancer,Base,10.45,USDC,122007796,3.78,5.28
2024-08-14,Balancer,Base,12.07,USDT,122787323,3.4,11.03
2024-08-14,Balancer,Base,10.34,DAI,123091136,4.13,12.09
2024-08-15,Aave,Ethereum,2.47,USDC,263343744,33.82,0
2024-08-15,Aave,Ethereum,2.77,USDT,296474974,41.18,0
2024-08-15,Aave,Ethereum,3.03,DAI,271382106,52.1,0
2024-08-15,Aave,Arbitrum,3.54,USDT,275476673,2.63,12.15
2024-08-15,Aave,Arbitrum,3.66,DAI,292924565,3.85,11.07
2024-08-15,Aave,Optimism,3.54,USDC,271878146,2.59,7.33
2024-08-15,Aave,Optimism,3.08,USDT,273837501,2.44,7.87
2024-08-15,Aave,Optimism,3.35,DAI,258033240,2.84,9.53
2024-08-15,Aave,Polygon,3.61,USDC,281039663,1.28,7.74
2024-08-15,Aave,Polygon,3.89,USDT,259564747,1.61,7.66
2024-08-15,Aave,Polygon,3.7,DAI,261417131,1.28,8.78
2024-08-15,Aave,Base,3.81,USDC,292681035,3.95,8.14
2024-08-15,Aave,Base,3.6,USDT,268046901,3.22,9.45
2024-08-15,Aave,Base,3.36,DAI,282625483,4.12,13.23
2024-08-15,Compound,Ethereum,2.75,USDC,196586673,52.88,0
2024-08-15,Compound,Ethereum,2.78,USDT,210044345,35.84,0
2024-08-15,Compound,Ethereum,2.94,DAI,196288541,45.7,0
2024-08-15,Compound,Arbitrum,3.55,USDC,197998419,3.59,11.09
2024-08-15,Compound,Arbitrum,3.61,USDT,187697042,4.21,16.65
2024-08-15,Compound,Arbitrum,3.31,DAI,197057494,4.51,9.8
2024-08-15,Compound,Optimism,2.93,USDC,184410523,2.36,6.5
2024-08-15,Compound,Optimism,3.21,USDT,204428435,3.21,10.65
2024-08-15,Compound,Optimism,3.28,DAI,188761675,3.36,11.93
2024-08-15,Compound,Polygon,3.35,USDC,207555664,1.81,5.93
2024-08-15,Compound,Polygon,3.68,USDT,190594429,1.58,7.76
2024-08-15,Compound,Polygon,3.61,DAI,200007607,1.51,8.18
2024-08-15,Compound,Base,3.49,USDC,208728110,3.82,10.52
2024-08-15,Compound,Base,3.59,USDT,188212819,2.88,8.66
2024-08-15,Compound,Base,3.76,DAI,187364708,2.63,8.54
2024-08-15,Curve,Ethereum,7.59,USDC,358554806,43.16,0
2024-08-15,Curve,Ethereum,6.65,USDT,342667404,40.48,0
2024-08-15,Curve,Ethereum,7.29,DAI,372805390,40.28,0
2024-08-15,Curve,Arbitrum,8.89,USDC,338536976,3.51,11.01
2024-08-15,Curve,Arbitrum,6.48,DAI,336136916,2.32,11.69
2024-08-15,Curve,Optimism,9.75,USDT,359292369,2.65,9.53
2024-08-15,Curve,Optimism,8.56,DAI,359796841,3.37,7.68
2024-08-15,Curve,Polygon,9.79,USDC,366158476,1.46,6.09
2024-08-15,Curve,Base,8.62,USDC,350689329,3.58,9.55
2024-08-15,Curve,Base,7.56,USDT,361858283,2.96,4.76
2024-08-15,Curve,Base,10.73,DAI,321926477,3.27,8.59
2024-08-15,Uniswap V3,Ethereum,7.1,USDC,97376216,40.47,0
2024-08-15,Uniswap V3,Ethereum,8.19,USDT,106896864,48.92,0
2024-08-15,Uniswap V3,Ethereum,7.46,DAI,102641550,43.03,0
2024-08-15,Uniswap V3,Arbitrum,9.29,USDC,104357675,3.55,11.1
2024-08-15,Uniswap V3,Arbitrum,9.84,USDT,103148103,5.16,11.48
2024-08-15,Uniswap V3,Arbitrum,13.5,DAI,100097705,4.64,14.47
2024-08-15,Uniswap V3,Optimism,10.41,USDC,96230903,3.6,7.65
2024-08-15,Uniswap V3,Optimism,9.99,DAI,110068967,3.25,9.12
2024-08-15,Uniswap V3,Polygon,9.22,USDC,98805418,0.92,8.84
2024-08-15,Uniswap V3,Polygon,9.46,USDT,94976468,1.53,7.49
2024-08-15,Uniswap V3,Polygon,9.37,DAI,98658567,1.58,8.11
2024-08-15,Uniswap V3,Base,8.57,USDC,105743431,2.91,8.51
2024-08-15,Uniswap V3,Base,9.15,USDT,102990349,3.49,9.92
2024-08-15,Uniswap V3,Base,10.53,DAI,99768070,2.78,11.78
2024-08-15,Yearn,Ethereum,3.4,USDC,125221493,42.54,0
2024-08-15,Yearn,Ethereum,3.63,USDT,127462410,38.98,0
2024-08-15,Yearn,Ethereum,4.13,DAI,135070871,34.86,0
2024-08-15,Yearn,Arbitrum,4.3,USDC,131598335,3.77,9.3
2024-08-15,Yearn,Arbitrum,4.5,USDT,129210153,3.59,13.79
2024-08-15,Yearn,Arbitrum,4.88,DAI,136133778,4.72,14.43
2024-08-15,Yearn,Optimism,4.21,USDC,137016557,3.18,7.42
2024-08-15,Yearn,Optimism,4.37,USDT,131328696,1.76,11.23
2024-08-15,Yearn,Optimism,4.55,DAI,125320361,2.91,10.04
2024-08-15,Yearn,Polygon,4.38,USDT,125735650,1.28,8.07
2024-08-15,Yearn,Base,4.25,USDC,131432851,4.68,6.12
2024-08-15,Yearn,Base,4.17,USDT,133233176,3.99,11.75
2024-08-15,Yearn,Base,3.99,DAI,123825401,3.61,10.8
2024-08-15,Pendle,Ethereum,11.52,USDC,84348710,41.89,0
2024-08-15,Pendle,Ethereum,12.26,USDT,86324501,40.32,0
2024-08-15,Pendle,Ethereum,10.79,DAI,80216651,35.98,0
2024-08-15,Pendle,Arbitrum,12.7,USDC,77709767,3.9,11.57
2024-08-15,Pendle,Arbitrum,10.55,USDT,76571604,3.78,12.53
2024-08-15,Pendle,Arbitrum,13.22,DAI,77805355,4.35,13.54
2024-08-15,Pendle,Optimism,9.0,USDC,85714673,2.81,7.43
2024-08-15,Pendle,Optimism,10.54,USDT,78023924,2.91,10.11
2024-08-15,Pendle,Optimism,13.43,DAI,82658199,2.75,10.05
2024-08-15,Pendle,Base,10.94,DAI,85077913,2.89,10.83
2024-08-15,Convex,Ethereum,4.72,USDC,151527692,43.74,0
2024-08-15,Convex,Ethereum,4.94,USDT,160229138,44.54,0
2024-08-15,Convex,Ethereum,5.1,DAI,160112916,34.99,0
2024-08-15,Balancer,Ethereum,7.6,USDC,116636860,41.33,0
2024-08-15,Balancer,Ethereum,9.24,DAI,119909082,38.9,0
2024-08-15,Balancer,Arbitrum,11.33,USDC,124202246,3.66,11.95
2024-08-15,Balancer,Arbitrum,9.79,USDT,122801767,2.87,11.12
2024-08-15,Balancer,Arbitrum,8.94,DAI,117835125,3.86,14.83
2024-08-15,Balancer,Optimism,9.21,USDC,114252752,4.18,10.0
2024-08-15,Balancer,Optimism,7.88,USDT,129451260,2.63,7.45
2024-08-15,Balancer,Polygon,9.66,USDC,124279602,1.63,6.81
2024-08-15,Balancer,Polygon,10.26,USDT,113125270,1.27,6.17
2024-08-15,Balancer,Polygon,10.62,DAI,128578735,1.93,8.53
2024-08-15,Balancer,Base,10.11,USDC,122761577,3.67,10.21
2024-08-15,Balancer,Base,8.34,USDT,110423194,2.99,9.28
2024-08-15,Balancer,Base,9.68,DAI,120418748,3.56,12.51
2024-08-16,Aave,Ethereum,3.08,USDC,288608159,39.12,0
2024-08-16,Aave,Ethereum,3.0,USDT,261493110,37.63,0
2024-08-16,Aave,Ethereum,2.72,DAI,266199734,41.17,0
2024-08-16,Aave,Arbitrum,3.41,USDC,252879556,3.09,12.31
2024-08-16,Aave,Arbitrum,3.51,DAI,261380295,4.42,15.88
2024-08-16,Aave,Optimism,3.49,USDC,276616477,3.44,7.37
2024-08-16,Aave,Optimism,2.91,USDT,275797864,2.39,9.95
2024-08-16,Aave,Optimism,3.65,DAI,284747392,3.4,6.84
2024-08-16,Aave,Polygon,2.96,USDC,275230982,1.51,7.37
2024-08-16,Aave,Polygon,3.25,USDT,276443680,1.41,10.42
2024-08-16,Aave,Polygon,3.76,DAI,257592468,1.58,8.53
2024-08-16,Aave,Base,3.24,USDC,269337627,3.68,9.76
2024-08-16,Aave,Base,4.16,USDT,263396865,3.8,10.28
2024-08-16,Aave,Base,3.16,DAI,262609297,3.78,8.13
2024-08-16,Compound,Ethereum,2.33,USDC,198479571,53.11,0
2024-08-16,Compound,Ethereum,2.43,USDT,191272404,44.98,0
2024-08-16,Compound,Ethereum,2.85,DAI,167750499,43.44,0
2024-08-16,Compound,Arbitrum,3.33,USDC,192997478,3.83,16.11
2024-08-16,Compound,Arbitrum,3.26,USDT,181049233,2.62,14.87
2024-08-16,Compound,Arbitrum,3.49,DAI,184153250,3.75,9.25
2024-08-16,Compound,Optimism,3.28,USDT,191114367,3.34,8.76
2024-08-16,Compound,Optimism,2.97,DAI,186003366,3.63,11.27
2024-08-16,Compound,Polygon,3.59,USDC,211456053,2.03,5.45
2024-08-16,Compound,Polygon,3.0,USDT,187204659,1.2,7.7
2024-08-16,Compound,Polygon,3.42,DAI,183428236,0.85,7.33
2024-08-16,Compound,Base,3.1,USDT,210144529,4.34,9.36
2024-08-16,Compound,Base,3.26,DAI,196068138,2.81,11.96
2024-08-16,Curve,Ethereum,7.22,USDC,362043250,37.84,0
2024-08-16,Curve,Ethereum,6.82,USDT,373149553,42.41,0
2024-08-16,Curve,Ethereum,6.65,DAI,331261174,45.11,0
2024-08-16,Curve,Arbitrum,7.29,USDT,323633512,2.63,7.24
2024-08-16,Curve,Arbitrum,8.47,DAI,364879242,2.49,9.94
2024-08-16,Curve,Optimism,7.89,USDC,358580702,2.49,9.06
2024-08-16,Curve,Optimism,6.61,USDT,346787749,3.0,6.86
2024-08-16,Curve,Optimism,8.89,DAI,317059020,2.15,5.41
2024-08-16,Curve,Polygon,9.41,USDT,355204051,1.76,6.08
2024-08-16,Curve,Polygon,8.71,DAI,339449690,1.8,10.64
2024-08-16,Curve,Base,10.24,USDC,331985644,3.18,10.03
2024-08-16,Curve,Base,7.96,USDT,321348990,3.19,8.58
2024-08-16,Curve,Base,8.38,DAI,340780210,3.4,8.46
2024-08-16,Uniswap V3,Ethereum,7.25,USDC,91256096,50.04,0
2024-08-16,Uniswap V3,Ethereum,7.87,USDT,95541854,48.48,0
2024-08-16,Uniswap V3,Ethereum,7.54,DAI,96720371,58.79,0
2024-08-16,Uniswap V3,Arbitrum,9.88,USDC,104938671,4.23,13.23
2024-08-16,Uniswap V3,Arbitrum,11.51,USDT,100509203,2.42,6.5
2024-08-16,Uniswap V3,Optimism,10.6,USDC,101250058,2.5,6.58
2024-08-16,Uniswap V3,Optimism,11.0,USDT,101862133,2.91,11.05
2024-08-16,Uniswap V3,Optimism,9.25,DAI,91596106,2.99,10.58
2024-08-16,Uniswap V3,Polygon,12.47,USDC,96253695,1.63,9.31
2024-08-16,Uniswap V3,Polygon,12.53,USDT,98046876,1.71,7.15
2024-08-16,Uniswap V3,Polygon,8.63,DAI,107230231,1.03,8.92
2024-08-16,Uniswap V3,Base,8.8,USDC,98998336,4.15,8.79
2024-08-16,Uniswap V3,Base,11.03,USDT,103809866,3.6,12.05
2024-08-16,Uniswap V3,Base,8.48,DAI,94388950,2.88,8.03
2024-08-16,Yearn,Ethereum,3.67,USDC,129966145,36.36,0
2024-08-16,Yearn,Ethereum,3.61,USDT,134523192,49.0,0
2024-08-16,Yearn,Ethereum,3.42,DAI,129783028,33.36,0
2024-08-16,Yearn,Arbitrum,4.19,USDC,128615601,4.4,9.23
2024-08-16,Yearn,Arbitrum,4.99,USDT,132982520,3.86,14.36
2024-08-16,Yearn,Arbitrum,4.76,DAI,125213230,3.18,9.07
2024-08-16,Yearn,Optimism,4.41,USDC,137302425,2.91,11.33
2024-08-16,Yearn,Optimism,4.31,USDT,132785095,2.53,8.64
2024-08-16,Yearn,Optimism,4.02,DAI,132746897,2.49,6.63
2024-08-16,Yearn,Polygon,4.67,USDC,132055441,1.19,9.62
2024-08-16,Yearn,Polygon,5.0,USDT,130177355,1.05,8.08
2024-08-16,Yearn,Polygon,4.63,DAI,129119372,1.55,8.27
2024-08-16,Yearn,Base,4.2,USDT,131042989,3.08,8.71
2024-08-16,Yearn,Base,4.71,DAI,121864068,3.18,12.51
2024-08-16,Pendle,Ethereum,11.37,USDC,75283129,39.03,0
2024-08-16,Pendle,Ethereum,9.88,USDT,77582765,53.02,0
2024-08-16,Pendle,Ethereum,9.82,DAI,81280961,36.62,0
2024-08-16,Pendle,Arbitrum,14.54,USDT,85298363,4.58,6.04
2024-08-16,Pendle,Arbitrum,14.18,DAI,81004362,3.35,14.63
2024-08-16,Pendle,Optimism,10.22,USDC,73325218,2.93,8.12
2024-08-16,Pendle,Optimism,10.25,USDT,76216420,3.58,5.62
2024-08-16,Pendle,Optimism,11.05,DAI,75206529,2.11,9.45
2024-08-16,Pendle,Base,15.18,USDC,77721738,2.47,10.12
2024-08-16,Pendle,Base,14.18,USDT,87050770,3.15,10.25
2024-08-16,Pendle,Base,13.56,DAI,86616281,2.84,9.52
2024-08-16,Convex,Ethereum,5.0,USDC,166767994,49.34,0
2024-08-16,Convex,Ethereum,5.23,USDT,164996751,38.29,0
2024-08-16,Convex,Ethereum,4.59,DAI,167750094,33.82,0
2024-08-16,Balancer,Ethereum,9.0,USDT,120575574,36.07,0
2024-08-16,Balancer,Ethereum,7.03,DAI,110234058,36.95,0
2024-08-16,Balancer,Arbitrum,11.0,USDC,119728393,5.46,14.68
2024-08-16,Balancer,Arbitrum,8.16,USDT,119642329,2.32,13.09
2024-08-16,Balancer,Arbitrum,8.47,DAI,121002067,4.1,11.8
2024-08-16,Balancer,Optimism,7.66,USDC,116923816,3.35,6.49
2024-08-16,Balancer,Optimism,9.46,USDT,120022147,2.02,9.19
2024-08-16,Balancer,Optimism,7.85,DAI,114328192,2.89,12.66
2024-08-16,Balancer,Polygon,8.73,USDC,112493282,1.23,6.15
2024-08-16,Balancer,Polygon,12.32,USDT,122295069,2.07,8.61
2024-08-16,Balancer,Polygon,10.34,DAI,124143208,0.95,10.23
2024-08-16,Balancer,Base,9.28,USDC,119354882,3.17,12.93
2024-08-16,Balancer,Base,10.22,USDT,113709159,3.51,7.78
2024-08-16,Balancer,Base,10.17,DAI,123751333,3.9,9.02
2024-08-17,Aave,Ethereum,2.75,USDC,260544180,28.08,0
2024-08-17,Aave,Ethereum,2.37,USDT,277096961,30.06,0
2024-08-17,Aave,Ethereum,2.55,DAI,241612015,31.64,0
2024-08-17,Aave,Arbitrum,3.63,USDC,255736673,2.31,13.79
2024-08-17,Aave,Arbitrum,3.4,USDT,252617074,2.49,11.39
2024-08-17,Aave,Arbitrum,3.56,DAI,258397778,2.54,9.94
2024-08-17,Aave,Optimism,3.02,USDT,256267734,2.18,8.9
2024-08-17,Aave,Optimism,3.38,DAI,241610388,2.45,6.87
2024-08-17,Aave,Polygon,3.24,USDC,264000041,0.77,9.94
2024-08-17,Aave,Polygon,3.28,USDT,276724807,0.95,6.08
2024-08-17,Aave,Polygon,3.52,DAI,235097726,0.82,8.45
2024-08-17,Aave,Base,3.07,USDC,245918758,1.68,8.01
2024-08-17,Aave,Base,3.09,USDT,292245457,1.98,11.79
2024-08-17,Aave,Base,3.04,DAI,262723399,1.96,10.46
2024-08-17,Compound,Ethereum,2.72,USDC,181341769,25.04,0
2024-08-17,Compound,Ethereum,2.36,USDT,187430202,37.42,0
2024-08-17,Compound,Ethereum,2.73,DAI,180673453,31.6,0
2024-08-17,Compound,Arbitrum,3.04,USDT,204227003,1.94,13.07
2024-08-17,Compound,Arbitrum,3.02,DAI,197329975,1.8,11.95
2024-08-17,Compound,Optimism,3.07,USDC,193956123,1.56,9.51
2024-08-17,Compound,Optimism,3.13,USDT,206027115,1.9,9.42
2024-08-17,Compound,Optimism,3.04,DAI,179363343,1.24,9.73
2024-08-17,Compound,Polygon,3.27,USDC,199978547,0.8,7.41
2024-08-17,Compound,Polygon,2.98,USDT,189440614,1.15,9.29
2024-08-17,Compound,Polygon,3.14,DAI,188851647,0.6,4.09
2024-08-17,Compound,Base,3.33,USDC,190018113,2.21,8.36
2024-08-17,Compound,Base,3.03,USDT,175450631,2.3,9.65
2024-08-17,Curve,Ethereum,5.3,USDT,324866563,25.32,0
2024-08-17,Curve,Ethereum,9.85,DAI,325625615,29.02,0
2024-08-17,Curve,Arbitrum,9.09,USDC,344204006,1.92,15.85
2024-08-17,Curve,Arbitrum,9.26,USDT,351411516,1.56,9.59
2024-08-17,Curve,Arbitrum,7.47,DAI,371559016,2.36,11.06
2024-08-17,Curve,Optimism,9.14,USDC,346958783,1.98,7.55
2024-08-17,Curve,Optimism,7.87,DAI,363701069,2.24,9.02
2024-08-17,Curve,Polygon,9.55,USDC,337726851,0.88,5.88
2024-08-17,Curve,Polygon,10.01,DAI,345814973,0.87,8.85
2024-08-17,Curve,Base,8.57,USDC,339277617,1.88,10.37
2024-08-17,Curve,Base,10.45,DAI,308395071,1.75,11.47
2024-08-17,Uniswap V3,Ethereum,7.53,USDC,101014772,23.03,0
2024-08-17,Uniswap V3,Ethereum,7.54,USDT,100545989,28.28,0
2024-08-17,Uniswap V3,Ethereum,8.67,DAI,101765325,29.67,0
2024-08-17,Uniswap V3,Arbitrum,8.1,USDC,89691474,2.49,9.85
2024-08-17,Uniswap V3,Arbitrum,11.42,USDT,100295964,2.24,10.94
2024-08-17,Uniswap V3,Arbitrum,11.43,DAI,100868781,2.86,12.49
2024-08-17,Uniswap V3,Optimism,9.68,USDC,90225875,2.8,10.45
2024-08-17,Uniswap V3,Optimism,9.23,USDT,109250152,1.49,8.85
2024-08-17,Uniswap V3,Optimism,8.32,DAI,101339572,2.19,8.23
2024-08-17,Uniswap V3,Polygon,9.69,USDC,103418798,1.05,8.21
2024-08-17,Uniswap V3,Polygon,10.43,USDT,100703010,0.88,7.22
2024-08-17,Uniswap V3,Polygon,8.03,DAI,97942577,0.77,8.67
2024-08-17,Uniswap V3,Base,10.75,USDC,93971477,2.01,10.26
2024-08-17,Uniswap V3,Base,10.95,USDT,100761078,2.11,7.8
2024-08-17,Uniswap V3,Base,9.19,DAI,103623057,2.55,7.69
2024-08-17,Yearn,Ethereum,3.75,USDC,119805958,25.66,0
2024-08-17,Yearn,Ethereum,3.23,USDT,123916509,35.0,0
2024-08-17,Yearn,Ethereum,3.31,DAI,123157971,31.73,0
2024-08-17,Yearn,Arbitrum,4.44,USDC,139616298,2.49,15.25
2024-08-17,Yearn,Arbitrum,4.36,USDT,125325758,1.73,9.42
2024-08-17,Yearn,Arbitrum,4.15,DAI,116226248,1.64,12.69
2024-08-17,Yearn,Optimism,4.09,USDC,129700634,2.33,7.33
2024-08-17,Yearn,Optimism,3.9,USDT,122287486,1.65,9.47
2024-08-17,Yearn,Optimism,4.02,DAI,123660761,1.97,8.89
2024-08-17,Yearn,Polygon,4.4,USDC,133597296,1.17,7.52
2024-08-17,Yearn,Polygon,4.58,USDT,122589566,1.09,11.38
2024-08-17,Yearn,Base,4.26,USDC,131990987,2.23,10.56
2024-08-17,Yearn,Base,4.18,USDT,126594233,2.28,7.37
2024-08-17,Yearn,Base,4.43,DAI,127268969,2.26,7.17
2024-08-17,Pendle,Ethereum,10.55,USDC,83202802,20.81,0
2024-08-17,Pendle,Ethereum,10.17,USDT,83963648,30.13,0
2024-08-17,Pendle,Ethereum,10.81,DAI,72598163,35.26,0
2024-08-17,Pendle,Arbitrum,11.59,USDC,83392831,2.31,14.66
2024-08-17,Pendle,Arbitrum,12.24,USDT,78945487,2.81,15.58
2024-08-17,Pendle,Optimism,11.65,USDC,79038725,1.79,8.14
2024-08-17,Pendle,Optimism,14.26,USDT,79487686,1.67,10.32
2024-08-17,Pendle,Optimism,9.04,DAI,79543443,1.11,9.82
2024-08-17,Pendle,Base,12.43,USDC,82498839,2.22,10.96
2024-08-17,Pendle,Base,14.08,DAI,80931431,2.41,10.87
2024-08-17,Convex,Ethereum,4.7,USDC,154523967,23.16,0
2024-08-17,Convex,Ethereum,4.81,DAI,152833384,26.93,0
2024-08-17,Balancer,Ethereum,6.59,USDC,105459467,19.87,0
2024-08-17,Balancer,Ethereum,8.17,DAI,116594118,32.38,0
2024-08-17,Balancer,Arbitrum,9.96,USDC,119162031,2.55,16.35
2024-08-17,Balancer,Arbitrum,9.7,USDT,115603679,2.57,11.96
2024-08-17,Balancer,Arbitrum,11.2,DAI,124068936,3.43,19.21
2024-08-17,Balancer,Optimism,9.81,USDC,100515965,2.12,7.52
2024-08-17,Balancer,Optimism,8.81,USDT,111865416,1.58,10.15
2024-08-17,Balancer,Optimism,10.57,DAI,114765892,2.29,9.29
2024-08-17,Balancer,Polygon,10.43,USDC,120454038,0.97,7.35
2024-08-17,Balancer,Polygon,11.19,USDT,113315703,0.83,2.77
2024-08-17,Balancer,Polygon,9.06,DAI,122842941,0.63,8.47
2024-08-17,Balancer,Base,9.18,USDC,109012268,2.57,7.77
2024-08-17,Balancer,Base,8.41,USDT,101759405,2.07,10.61
2024-08-17,Balancer,Base,7.16,DAI,119858218,1.74,13.01
2024-08-18,Aave,Ethereum,2.86,USDC,248380065,34.65,0
2024-08-18,Aave,Ethereum,2.75,USDT,251675030,22.94,0
2024-08-18,Aave,Ethereum,2.69,DAI,270088135,19.27,0
2024-08-18,Aave,Arbitrum,3.43,USDT,245048876,1.66,13.01
2024-08-18,Aave,Arbitrum,3.3,DAI,282750186,2.37,13.39
2024-08-18,Aave,Optimism,3.28,USDC,275879656,1.38,7.75
2024-08-18,Aave,Optimism,3.48,DAI,260660050,1.82,8.05
2024-08-18,Aave,Polygon,3.63,USDC,254609286,0.84,8.14
2024-08-18,Aave,Polygon,3.27,USDT,267898866,1.34,7.64
2024-08-18,Aave,Polygon,3.45,DAI,251362085,1.27,6.32
2024-08-18,Aave,Base,2.76,USDC,264343412,2.25,6.66
2024-08-18,Aave,Base,2.78,DAI,275344235,3.05,12.91
2024-08-18,Compound,Ethereum,2.69,USDC,184690080,27.09,0
2024-08-18,Compound,Ethereum,2.54,USDT,183472479,21.47,0
2024-08-18,Compound,Arbitrum,2.87,USDC,193185728,2.12,10.06
2024-08-18,Compound,Arbitrum,2.97,USDT,188808443,2.93,13.33
2024-08-18,Compound,Arbitrum,3.12,DAI,169017670,2.47,11.63
2024-08-18,Compound,Optimism,2.91,USDC,179427163,1.97,10.77
2024-08-18,Compound,Optimism,3.08,USDT,182440057,2.45,9.88
2024-08-18,Compound,Optimism,3.12,DAI,189092229,1.87,8.12
2024-08-18,Compound,Polygon,3.32,USDC,193213033,0.68,7.33
2024-08-18,Compound,Polygon,3.26,USDT,179593294,0.92,8.76
2024-08-18,Compound,Polygon,3.48,DAI,191887790,0.97,7.59
2024-08-18,Compound,Base,3.42,USDC,197850378,1.74,9.15
2024-08-18,Compound,Base,3.07,USDT,194527703,1.39,11.65
2024-08-18,Compound,Base,2.74,DAI,189026042,2.38,14.25
2024-08-18,Curve,Ethereum,7.57,USDC,335602610,32.31,0
2024-08-18,Curve,Ethereum,7.55,USDT,306901531,29.49,0
2024-08-18,Curve,Ethereum,7.4,DAI,342225841,27.81,0
2024-08-18,Curve,Arbitrum,10.05,USDC,335460162,2.36,10.33
2024-08-18,Curve,Arbitrum,10.3,USDT,342083865,1.17,17.07
2024-08-18,Curve,Arbitrum,7.09,DAI,339232759,2.75,12.46
2024-08-18,Curve,Optimism,8.73,USDC,349651120,2.28,8.05
2024-08-18,Curve,Optimism,8.63,USDT,346993526,1.59,11.37
2024-08-18,Curve,Optimism,9.85,DAI,340609800,2.05,10.45
2024-08-18,Curve,Polygon,8.65,USDC,364721149,0.92,7.36
2024-08-18,Curve,Polygon,9.91,USDT,326165542,0.79,8.89
2024-08-18,Curve,Polygon,9.0,DAI,314410116,1.08,9.02
2024-08-18,Curve,Base,10.11,USDC,324137727,1.92,9.61
2024-08-18,Curve,Base,6.93,USDT,371247837,2.24,11.69
2024-08-18,Curve,Base,7.34,DAI,316773025,1.94,9.88
2024-08-18,Uniswap V3,Ethereum,8.15,USDT,94922592,26.52,0
2024-08-18,Uniswap V3,Ethereum,7.46,DAI,90249277,27.6,0
2024-08-18,Uniswap V3,Arbitrum,8.91,USDC,103785514,2.68,14.56
2024-08-18,Uniswap V3,Arbitrum,11.11,USDT,98945692,2.54,15.02
2024-08-18,Uniswap V3,Arbitrum,9.75,DAI,96892480,1.51,11.38
2024-08-18,Uniswap V3,Optimism,9.78,USDC,99189097,2.23,11.09
2024-08-18,Uniswap V3,Optimism,9.1,USDT,104805101,2.24,10.08
2024-08-18,Uniswap V3,Optimism,9.32,DAI,104653046,2.16,10.57
2024-08-18,Uniswap V3,Polygon,9.25,USDC,96845739,0.51,8.34
2024-08-18,Uniswap V3,Polygon,9.28,USDT,102842894,0.96,7.33
2024-08-18,Uniswap V3,Polygon,9.95,DAI,94413674,1.29,10.29
2024-08-18,Uniswap V3,Base,10.91,USDT,104156706,2.31,11.83
2024-08-18,Uniswap V3,Base,9.46,DAI,91988650,2.16,8.18
2024-08-18,Yearn,Ethereum,3.89,USDC,130753964,23.63,0
2024-08-18,Yearn,Ethereum,3.75,USDT,123519197,27.0,0
2024-08-18,Yearn,Ethereum,3.36,DAI,123412618,20.48,0
2024-08-18,Yearn,Arbitrum,4.25,USDC,125994746,2.0,10.42
2024-08-18,Yearn,Arbitrum,3.97,USDT,117479068,2.46,14.47
2024-08-18,Yearn,Arbitrum,4.18,DAI,132264943,2.1,10.51
2024-08-18,Yearn,Optimism,3.91,USDC,116287123,2.72,9.27
2024-08-18,Yearn,Optimism,3.86,USDT,123735269,2.38,6.39
2024-08-18,Yearn,Optimism,3.95,DAI,119777799,1.72,9.17
2024-08-18,Yearn,Polygon,4.42,USDC,125048365,1.24,7.03
2024-08-18,Yearn,Polygon,4.53,USDT,131337747,1.06,7.61
2024-08-18,Yearn,Polygon,4.45,DAI,130851815,0.9,9.44
2024-08-18,Yearn,Base,4.38,USDC,125174285,2.44,7.9
2024-08-18,Yearn,Base,3.82,USDT,131250158,1.99,10.58
2024-08-18,Pendle,Ethereum,9.99,USDC,83533462,24.62,0
2024-08-18,Pendle,Ethereum,7.78,USDT,77801874,31.26,0
2024-08-18,Pendle,Ethereum,11.35,DAI,79654596,23.62,0
2024-08-18,Pendle,Arbitrum,11.42,USDC,72139410,2.14,13.19
2024-08-18,Pendle,Arbitrum,13.12,USDT,78634795,1.82,13.83
2024-08-18,Pendle,Arbitrum,11.49,DAI,77173245,2.54,12.13
2024-08-18,Pendle,Optimism,13.15,USDC,84765696,2.37,9.99
2024-08-18,Pendle,Optimism,14.13,USDT,85253277,2.0,10.67
2024-08-18,Pendle,Base,13.42,USDC,78854957,2.18,8.23
2024-08-18,Pendle,Base,12.64,USDT,76274975,2.32,8.57
2024-08-18,Pendle,Base,12.63,DAI,73284616,2.25,11.74
2024-08-18,Convex,Ethereum,5.25,USDC,151506951,20.47,0
2024-08-18,Convex,Ethereum,5.56,DAI,152978253,34.39,0
2024-08-18,Balancer,Ethereum,7.3,USDC,106518398,23.62,0
2024-08-18,Balancer,Ethereum,7.82,USDT,114992575,28.35,0
2024-08-18,Balancer,Ethereum,6.29,DAI,116159717,29.29,0
2024-08-18,Balancer,Arbitrum,10.71,USDC,110959970,2.19,12.69
2024-08-18,Balancer,Arbitrum,11.34,USDT,113797427,2.2,10.7
2024-08-18,Balancer,Arbitrum,8.9,DAI,120928245,2.62,13.29
2024-08-18,Balancer,Optimism,8.23,USDC,108238150,1.73,8.01
2024-08-18,Balancer,Optimism,11.75,USDT,125501382,1.8,7.1
2024-08-18,Balancer,Optimism,11.52,DAI,117617575,1.69,9.59
2024-08-18,Balancer,Polygon,9.75,USDC,115091762,1.03,7.08
2024-08-18,Balancer,Polygon,8.23,USDT,112877761,0.74,9.02
2024-08-18,Balancer,Polygon,11.49,DAI,120533304,0.85,9.97
2024-08-18,Balancer,Base,11.42,USDC,113987563,2.64,10.03
2024-08-18,Balancer,Base,7.8,USDT,113600876,2.43,8.46
2024-08-18,Balancer,Base,8.44,DAI,124968494,1.47,7.98
2024-08-19,Aave,Ethereum,2.93,USDC,224762298,47.59,0
2024-08-19,Aave,Ethereum,3.16,USDT,232633262,48.36,0
2024-08-19,Aave,Ethereum,2.89,DAI,263754691,34.45,0
2024-08-19,Aave,Arbitrum,3.34,USDC,264003795,2.78,10.5
2024-08-19,Aave,Arbitrum,3.25,USDT,256677691,3.67,9.12
2024-08-19,Aave,Arbitrum,2.88,DAI,241508022,3.7,13.03
2024-08-19,Aave,Optimism,3.08,USDC,262052116,2.85,7.91
2024-08-19,Aave,Optimism,3.49,USDT,263488352,3.36,10.43
2024-08-19,Aave,Optimism,3.43,DAI,248845365,1.58,10.64
2024-08-19,Aave,Polygon,3.51,USDC,250213165,1.89,7.44
2024-08-19,Aave,Polygon,3.73,USDT,263616812,1.99,6.75
2024-08-19,Aave,Polygon,3.66,DAI,270481307,1.61,9.08
2024-08-19,Aave,Base,3.43,USDC,270635300,3.4,8.48
2024-08-19,Aave,Base,3.41,USDT,267557470,3.4,10.82
2024-08-19,Compound,Ethereum,2.57,USDC,183834654,40.28,0
2024-08-19,Compound,Ethereum,2.93,DAI,179029787,32.05,0
2024-08-19,Compound,Arbitrum,3.42,USDC,180231850,3.06,8.16
2024-08-19,Compound,Arbitrum,3.46,USDT,197244251,3.92,12.28
2024-08-19,Compound,Arbitrum,3.41,DAI,190267197,3.64,7.58
2024-08-19,Compound,Optimism,3.2,USDC,177452304,2.24,9.71
2024-08-19,Compound,Optimism,3.33,USDT,185679658,3.17,7.71
2024-08-19,Compound,Optimism,3.29,DAI,191606361,3.16,8.0
2024-08-19,Compound,Polygon,3.53,USDC,179111385,1.17,3.18
2024-08-19,Compound,Polygon,3.28,USDT,189358364,1.84,9.95
2024-08-19,Compound,Polygon,3.23,DAI,184112598,1.29,7.19
2024-08-19,Compound,Base,3.24,USDC,193057792,2.54,9.04
2024-08-19,Compound,Base,3.01,USDT,179702772,3.07,7.98
2024-08-19,Compound,Base,3.22,DAI,190381236,3.58,8.19
2024-08-19,Curve,Ethereum,6.32,USDC,314850570,32.58,0
2024-08-19,Curve,Ethereum,8.63,USDT,319219965,51.21,0
2024-08-19,Curve,Ethereum,7.48,DAI,319590010,46.04,0
2024-08-19,Curve,Arbitrum,11.47,USDC,321469833,3.38,10.27
2024-08-19,Curve,Arbitrum,10.84,DAI,330492696,2.67,12.18
2024-08-19,Curve,Optimism,9.63,USDT,363982683,2.98,7.15
2024-08-19,Curve,Optimism,8.14,DAI,315885542,2.43,6.06
2024-08-19,Curve,Polygon,10.13,USDC,348932747,1.77,9.25
2024-08-19,Curve,Polygon,9.79,USDT,316813529,1.76,7.16
2024-08-19,Curve,Polygon,9.75,DAI,315382294,1.39,10.69
2024-08-19,Curve,Base,9.69,USDC,313783043,4.01,8.49
2024-08-19,Curve,Base,8.64,USDT,336391837,3.34,10.8
2024-08-19,Curve,Base,7.81,DAI,355493328,3.43,14.32
2024-08-19,Uniswap V3,Ethereum,8.8,USDC,106392924,42.14,0
2024-08-19,Uniswap V3,Ethereum,7.34,USDT,96507310,52.31,0
2024-08-19,Uniswap V3,Ethereum,7.86,DAI,97890674,35.17,0
2024-08-19,Uniswap V3,Arbitrum,8.86,USDC,94799322,4.03,8.88
2024-08-19,Uniswap V3,Arbitrum,10.01,USDT,100991442,3.79,9.06
2024-08-19,Uniswap V3,Arbitrum,9.33,DAI,94388396,3.43,14.15
2024-08-19,Uniswap V3,Optimism,9.19,USDC,91879619,2.19,8.26
2024-08-19,Uniswap V3,Optimism,8.25,USDT,99987469,2.66,10.17
2024-08-19,Uniswap V3,Optimism,9.64,DAI,95118194,2.87,10.32
2024-08-19,Uniswap V3,Polygon,11.12,USDC,89749210,1.65,5.61
2024-08-19,Uniswap V3,Polygon,11.86,USDT,93046413,0.9,7.2
2024-08-19,Uniswap V3,Polygon,8.73,DAI,99404183,1.36,8.52
2024-08-19,Uniswap V3,Base,10.08,USDC,99870447,3.28,8.93
2024-08-19,Uniswap V3,Base,8.19,USDT,97887710,3.44,11.42
2024-08-19,Uniswap V3,Base,8.42,DAI,100950402,3.54,8.52
2024-08-19,Yearn,Ethereum,3.14,USDC,120500134,47.91,0
2024-08-19,Yearn,Ethereum,3.18,USDT,118314872,31.87,0
2024-08-19,Yearn,Optimism,4.64,USDC,127055231,3.62,8.35
2024-08-19,Yearn,Optimism,4.39,USDT,121224079,3.16,6.79
2024-08-19,Yearn,Optimism,4.74,DAI,117122764,2.75,7.99
2024-08-19,Yearn,Polygon,4.26,USDT,122448806,1.45,12.25
2024-08-19,Yearn,Polygon,4.12,DAI,118007393,1.25,9.02
2024-08-19,Yearn,Base,4.55,USDC,127144490,3.16,11.14
2024-08-19,Yearn,Base,4.04,USDT,120193831,3.83,12.51
2024-08-19,Yearn,Base,4.41,DAI,123320746,2.96,7.05
2024-08-19,Pendle,Ethereum,11.73,USDC,70993684,49.36,0
2024-08-19,Pendle,Ethereum,10.61,USDT,79522482,31.84,0
2024-08-19,Pendle,Ethereum,12.92,DAI,78073498,31.8,0
2024-08-19,Pendle,Arbitrum,13.86,USDC,78732629,2.53,13.21
2024-08-19,Pendle,Arbitrum,11.62,DAI,78467037,4.08,13.51
2024-08-19,Pendle,Optimism,12.91,USDC,78873953,3.13,6.35
2024-08-19,Pendle,Optimism,12.96,USDT,78635257,2.53,7.08
2024-08-19,Pendle,Optimism,15.94,DAI,72358067,2.98,11.46
2024-08-19,Pendle,Base,10.83,USDC,75649305,3.07,7.66
2024-08-19,Pendle,Base,16.87,USDT,78744380,3.87,11.46
2024-08-19,Pendle,Base,16.84,DAI,78472801,3.06,10.8
2024-08-19,Convex,Ethereum,4.51,USDC,165587902,28.82,0
2024-08-19,Convex,Ethereum,5.26,USDT,153675514,34.67,0
2024-08-19,Convex,Ethereum,6.15,DAI,154939514,42.12,0
2024-08-19,Balancer,Ethereum,8.96,USDC,107025420,39.45,0
2024-08-19,Balancer,Ethereum,7.23,USDT,113992250,31.51,0
2024-08-19,Balancer,Ethereum,8.39,DAI,113711592,52.28,0
2024-08-19,Balancer,Arbitrum,10.08,USDC,110796156,2.76,9.2
2024-08-19,Balancer,Arbitrum,10.92,USDT,102894351,3.17,10.27
2024-08-19,Balancer,Arbitrum,9.36,DAI,108604173,4.57,13.89
2024-08-19,Balancer,Optimism,8.71,USDC,110974843,3.49,7.67
2024-08-19,Balancer,Optimism,8.49,USDT,111584697,2.9,8.26
2024-08-19,Balancer,Optimism,9.91,DAI,107001347,3.57,7.02
2024-08-19,Balancer,Polygon,10.58,USDC,104201953,1.59,6.3
2024-08-19,Balancer,Polygon,10.68,USDT,114178500,1.38,5.65
2024-08-19,Balancer,Polygon,10.68,DAI,112114261,1.67,9.68
2024-08-19,Balancer,Base,10.14,USDC,115449972,3.24,10.65
2024-08-19,Balancer,Base,9.84,USDT,102693196,2.91,10.71
2024-08-19,Balancer,Base,7.87,DAI,114383417,3.21,8.25
2024-08-20,Aave,Ethereum,2.95,USDC,270000790,32.78,0
2024-08-20,Aave,Ethereum,2.71,USDT,240686286,42.34,0
2024-08-20,Aave,Ethereum,2.59,DAI,262853154,30.81,0
2024-08-20,Aave,Arbitrum,3.28,USDC,249200653,1.1,8.92
2024-08-20,Aave,Arbitrum,3.42,USDT,256180236,2.96,11.65
2024-08-20,Aave,Arbitrum,3.26,DAI,267020927,3.51,13.72
2024-08-20,Aave,Optimism,3.68,USDC,255904373,3.76,11.4
2024-08-20,Aave,Optimism,3.14,USDT,245065394,2.82,8.64
2024-08-20,Aave,Optimism,3.04,DAI,239506006,3.12,7.87
2024-08-20,Aave,Polygon,3.58,USDT,258480262,1.44,10.19
2024-08-20,Aave,Base,3.52,USDC,234659463,3.16,11.14
2024-08-20,Aave,Base,3.81,USDT,267128025,3.51,13.45
2024-08-20,Aave,Base,3.29,DAI,275507112,3.3,8.26
2024-08-20,Compound,Ethereum,2.8,USDC,186256566,53.11,0
2024-08-20,Compound,Ethereum,2.79,USDT,197323572,45.39,0
2024-08-20,Compound,Ethereum,2.59,DAI,170658261,33.36,0
2024-08-20,Compound,Arbitrum,3.2,USDT,175079773,3.62,8.9
2024-08-20,Compound,Arbitrum,3.02,DAI,184217281,4.33,9.91
2024-08-20,Compound,Optimism,2.8,USDC,186782836,3.25,8.5
2024-08-20,Compound,Optimism,3.1,USDT,195487789,2.49,10.25
2024-08-20,Compound,Optimism,3.36,DAI,181716886,2.42,11.29
2024-08-20,Compound,Polygon,3.46,USDC,180942947,1.63,7.69
2024-08-20,Compound,Polygon,3.45,USDT,188021512,1.3,7.51
2024-08-20,Compound,Polygon,3.53,DAI,188873424,1.33,6.77
2024-08-20,Compound,Base,3.3,USDC,174242481,3.46,8.15
2024-08-20,Compound,Base,2.97,USDT,176896981,3.72,13.59
2024-08-20,Compound,Base,2.85,DAI,183600617,3.69,10.17
2024-08-20,Curve,Ethereum,5.99,USDC,311230275,40.43,0
2024-08-20,Curve,Ethereum,7.24,USDT,325116576,44.21,0
2024-08-20,Curve,Ethereum,7.4,DAI,325273038,56.72,0
2024-08-20,Curve,Arbitrum,9.74,USDC,327465140,3.55,6.83
2024-08-20,Curve,Arbitrum,9.6,USDT,327646171,4.72,12.44
2024-08-20,Curve,Arbitrum,7.19,DAI,302642734,2.13,9.18
2024-08-20,Curve,Optimism,8.84,USDC,357628347,2.72,11.14
2024-08-20,Curve,Optimism,10.55,USDT,335569194,3.11,4.98
2024-08-20,Curve,Optimism,6.36,DAI,322936614,3.27,13.9
2024-08-20,Curve,Polygon,11.25,USDC,328823213,0.8,8.98
2024-08-20,Curve,Polygon,9.21,USDT,340270465,1.53,4.78
2024-08-20,Curve,Polygon,6.63,DAI,297798127,1.91,7.98
2024-08-20,Curve,Base,9.67,USDC,309906678,3.47,6.74
2024-08-20,Curve,Base,10.37,USDT,330694782,2.99,10.76
2024-08-20,Uniswap V3,Ethereum,8.28,USDC,89970223,52.27,0
2024-08-20,Uniswap V3,Ethereum,9.52,USDT,92381225,44.21,0
2024-08-20,Uniswap V3,Ethereum,9.05,DAI,97973839,42.84,0
2024-08-20,Uniswap V3,Arbitrum,9.57,USDC,94251194,3.46,13.81
2024-08-20,Uniswap V3,Arbitrum,8.84,USDT,91064982,2.5,14.94
2024-08-20,Uniswap V3,Arbitrum,11.38,DAI,94845121,2.81,6.57
2024-08-20,Uniswap V3,Optimism,8.19,USDC,92821235,3.92,8.87
2024-08-20,Uniswap V3,Optimism,9.88,USDT,105338482,3.12,10.04
2024-08-20,Uniswap V3,Optimism,10.04,DAI,90075352,3.03,12.25
2024-08-20,Uniswap V3,Polygon,10.07,USDC,100684203,1.86,7.61
2024-08-20,Uniswap V3,Polygon,9.83,USDT,99907450,1.61,3.08
2024-08-20,Uniswap V3,Polygon,11.79,DAI,85050146,1.51,6.93
2024-08-20,Uniswap V3,Base,9.81,USDC,94161315,3.38,8.45
2024-08-20,Uniswap V3,Base,7.26,USDT,99067224,3.86,9.3
2024-08-20,Uniswap V3,Base,7.29,DAI,99231701,3.05,11.57
2024-08-20,Yearn,Ethereum,3.51,USDC,123019783,50.92,0
2024-08-20,Yearn,Ethereum,3.28,USDT,123988692,30.49,0
2024-08-20,Yearn,Ethereum,3.33,DAI,118705101,35.88,0
2024-08-20,Yearn,Arbitrum,4.51,USDT,128739440,2.12,10.39
2024-08-20,Yearn,Arbitrum,3.99,DAI,102712940,3.26,9.13
2024-08-20,Yearn,Optimism,4.14,USDC,121253167,3.53,8.05
2024-08-20,Yearn,Optimism,3.73,USDT,124835199,4.08,11.01
2024-08-20,Yearn,Optimism,4.31,DAI,123317204,1.77,9.76
2024-08-20,Yearn,Polygon,4.76,USDC,120648270,1.72,6.23
2024-08-20,Yearn,Polygon,3.86,USDT,125794892,1.21,6.63
2024-08-20,Yearn,Polygon,5.36,DAI,117333075,1.56,6.19
2024-08-20,Yearn,Base,4.37,USDC,112970675,2.85,6.59
2024-08-20,Yearn,Base,4.21,USDT,124858303,3.31,12.29
2024-08-20,Yearn,Base,4.41,DAI,112404123,3.4,9.94
2024-08-20,Pendle,Ethereum,8.76,USDC,74644141,56.03,0
2024-08-20,Pendle,Ethereum,9.55,USDT,78150878,41.99,0
2024-08-20,Pendle,Ethereum,8.54,DAI,73002782,33.37,0
2024-08-20,Pendle,Arbitrum,11.48,USDC,78781488,3.52,11.81
2024-08-20,Pendle,Arbitrum,13.02,USDT,76252674,3.82,9.9
2024-08-20,Pendle,Arbitrum,12.41,DAI,74691982,3.77,11.7
2024-08-20,Pendle,Optimism,12.88,USDC,79087629,2.27,9.71
2024-08-20,Pendle,Optimism,14.27,USDT,71947005,2.49,6.54
2024-08-20,Pendle,Optimism,10.87,DAI,77155743,3.86,10.87
2024-08-20,Pendle,Base,10.27,USDC,72831257,3.11,12.17
2024-08-20,Pendle,Base,16.53,DAI,78872542,3.18,11.46
2024-08-20,Convex,Ethereum,4.75,USDC,158334570,47.47,0
2024-08-20,Convex,Ethereum,5.53,USDT,150358994,39.7,0
2024-08-20,Convex,Ethereum,5.01,DAI,152684067,55.03,0
2024-08-20,Balancer,Ethereum,7.81,USDC,116497896,44.64,0
2024-08-20,Balancer,Ethereum,7.22,USDT,114057891,44.6,0
2024-08-20,Balancer,Ethereum,8.33,DAI,106643730,49.6,0
2024-08-20,Balancer,Arbitrum,9.45,USDC,113428019,3.46,11.95
2024-08-20,Balancer,Arbitrum,10.1,USDT,113600582,2.95,9.2
2024-08-20,Balancer,Arbitrum,9.49,DAI,114417068,3.48,10.97
2024-08-20,Balancer,Optimism,9.46,USDC,114242558,3.3,10.15
2024-08-20,Balancer,Optimism,8.94,USDT,116573892,3.19,5.7
2024-08-20,Balancer,Optimism,9.8,DAI,115018483,3.45,7.06
2024-08-20,Balancer,Polygon,9.07,USDC,101764033,1.71,12.44
2024-08-20,Balancer,Polygon,10.35,USDT,104950012,1.42,9.0
2024-08-20,Balancer,Polygon,10.14,DAI,108128754,1.59,8.99
2024-08-20,Balancer,Base,9.26,USDC,107241038,3.08,10.68
2024-08-20,Balancer,Base,9.07,USDT,114126695,3.26,7.96
2024-08-20,Balancer,Base,9.64,DAI,109611362,3.85,10.82
2024-08-21,Aave,Ethereum,2.71,USDC,250969071,43.05,0
2024-08-21,Aave,Ethereum,2.95,USDT,253003618,39.57,0
2024-08-21,Aave,Arbitrum,3.35,USDC,239519912,3.95,12.09
2024-08-21,Aave,Arbitrum,3.55,USDT,247651129,3.17,11.68
2024-08-21,Aave,Arbitrum,3.78,DAI,254340512,3.14,12.48
2024-08-21,Aave,Optimism,3.4,USDC,241582368,3.84,9.17
2024-08-21,Aave,Optimism,3.44,USDT,262302905,3.38,8.25
2024-08-21,Aave,Optimism,3.46,DAI,255606429,3.89,10.31
2024-08-21,Aave,Polygon,3.87,USDC,259776778,1.77,7.8
2024-08-21,Aave,Polygon,3.75,USDT,272167752,1.33,6.01
2024-08-21,Aave,Polygon,3.16,DAI,230748880,1.25,8.13
2024-08-21,Aave,Base,3.29,USDC,251872941,3.36,8.71
2024-08-21,Aave,Base,3.13,USDT,275496327,2.71,8.14
2024-08-21,Aave,Base,3.15,DAI,236268870,2.28,6.64
2024-08-21,Compound,Ethereum,3.01,USDC,180926895,34.14,0
2024-08-21,Compound,Ethereum,2.67,DAI,173350826,40.3,0
2024-08-21,Compound,Arbitrum,3.56,USDC,182967055,2.61,12.54
2024-08-21,Compound,Arbitrum,3.25,USDT,194478909,4.22,10.72
2024-08-21,Compound,Arbitrum,3.2,DAI,179467450,3.51,14.6
2024-08-21,Compound,Optimism,2.9,USDC,181862510,3.2,9.5
2024-08-21,Compound,Optimism,3.11,USDT,168475122,3.39,8.01
2024-08-21,Compound,Optimism,3.05,DAI,184104115,2.95,9.14
2024-08-21,Compound,Polygon,3.56,USDC,179357977,1.56,7.4
2024-08-21,Compound,Polygon,3.46,USDT,169243193,1.89,11.0
2024-08-21,Compound,Polygon,3.56,DAI,191277132,1.27,9.49
2024-08-21,Compound,Base,3.3,USDC,192388491,3.33,9.37
2024-08-21,Compound,Base,3.12,DAI,177842755,3.65,12.1
2024-08-21,Curve,Ethereum,7.82,USDC,308063453,49.3,0
2024-08-21,Curve,Ethereum,5.91,USDT,305335819,41.0,0
2024-08-21,Curve,Ethereum,6.66,DAI,343924594,42.84,0
2024-08-21,Curve,Arbitrum,9.7,USDC,330695699,3.12,11.92
2024-08-21,Curve,Arbitrum,9.12,USDT,295783870,4.24,11.82
2024-08-21,Curve,Arbitrum,7.23,DAI,314125286,4.29,13.65
2024-08-21,Curve,Optimism,9.76,USDC,325965656,3.25,9.71
2024-08-21,Curve,Optimism,9.11,USDT,296084026,2.73,9.54
2024-08-21,Curve,Optimism,10.11,DAI,349550742,2.25,8.15
2024-08-21,Curve,Polygon,7.56,USDC,319222947,1.45,8.84
2024-08-21,Curve,Polygon,7.56,USDT,309080230,1.01,9.63
2024-08-21,Curve,Polygon,11.23,DAI,304657847,1.28,7.55
2024-08-21,Curve,Base,9.1,USDC,318846916,3.3,8.67
2024-08-21,Curve,Base,8.16,USDT,328993411,3.33,8.48
2024-08-21,Curve,Base,8.81,DAI,333596150,3.0,12.72
2024-08-21,Uniswap V3,Ethereum,7.46,USDC,96487893,39.04,0
2024-08-21,Uniswap V3,Ethereum,7.07,USDT,93399293,14.84,0
2024-08-21,Uniswap V3,Ethereum,7.43,DAI,91800774,35.19,0
2024-08-21,Uniswap V3,Arbitrum,9.86,USDC,92360774,4.44,11.22
2024-08-21,Uniswap V3,Arbitrum,9.66,USDT,101997243,4.96,12.51
2024-08-21,Uniswap V3,Optimism,8.95,USDC,95952497,2.6,10.97
2024-08-21,Uniswap V3,Optimism,10.05,DAI,92485236,3.29,7.19
2024-08-21,Uniswap V3,Polygon,12.69,USDC,88898987,1.32,9.57
2024-08-21,Uniswap V3,Polygon,11.93,USDT,90904669,1.22,7.8
2024-08-21,Uniswap V3,Polygon,9.81,DAI,100786864,1.27,9.07
2024-08-21,Uniswap V3,Base,8.46,USDC,94627610,2.97,10.01
2024-08-21,Uniswap V3,Base,9.66,USDT,92321404,3.56,7.54
2024-08-21,Uniswap V3,Base,6.68,DAI,95089394,3.5,8.58
2024-08-21,Yearn,Ethereum,3.6,USDC,126440653,35.52,0
2024-08-21,Yearn,Ethereum,3.75,USDT,119669426,35.87,0
2024-08-21,Yearn,Ethereum,3.51,DAI,119234636,44.22,0
2024-08-21,Yearn,Arbitrum,4.29,USDT,108531238,5.19,13.22
2024-08-21,Yearn,Arbitrum,4.75,DAI,119133166,3.4,14.32
2024-08-21,Yearn,Optimism,3.77,USDC,127511772,1.66,8.29
2024-08-21,Yearn,Optimism,4.29,USDT,128210683,2.89,7.4
2024-08-21,Yearn,Optimism,4.01,DAI,118952778,2.67,5.55
2024-08-21,Yearn,Polygon,4.65,USDC,114932282,1.57,8.24
2024-08-21,Yearn,Polygon,4.29,USDT,117324998,1.39,9.24
2024-08-21,Yearn,Polygon,4.85,DAI,126053983,1.54,9.55
2024-08-21,Yearn,Base,4.04,USDC,125899207,2.77,10.73
2024-08-21,Yearn,Base,4.88,USDT,117965356,3.65,9.5
2024-08-21,Yearn,Base,4.21,DAI,122405147,2.65,9.66
2024-08-21,Pendle,Ethereum,9.88,USDC,74171561,34.63,0
2024-08-21,Pendle,Ethereum,13.76,USDT,78182254,41.67,0
2024-08-21,Pendle,Ethereum,8.65,DAI,76641358,39.61,0
2024-08-21,Pendle,Arbitrum,14.42,USDC,79683238,3.78,10.07
2024-08-21,Pendle,Arbitrum,14.03,USDT,76219174,3.42,9.26
2024-08-21,Pendle,Arbitrum,10.53,DAI,81860517,3.56,10.84
2024-08-21,Pendle,Optimism,10.78,USDC,74118152,4.23,9.04
2024-08-21,Pendle,Optimism,15.24,USDT,81060977,3.3,10.48
2024-08-21,Pendle,Optimism,9.76,DAI,72174045,2.34,11.38
2024-08-21,Pendle,Base,13.3,USDT,70835683,2.7,11.8
2024-08-21,Pendle,Base,15.06,DAI,75294532,3.55,14.94
2024-08-21,Convex,Ethereum,5.22,USDC,154324847,50.71,0
2024-08-21,Convex,Ethereum,5.25,USDT,149160556,43.21,0
2024-08-21,Balancer,Ethereum,8.13,USDC,114110691,41.59,0
2024-08-21,Balancer,Ethereum,9.85,USDT,110453237,42.25,0
2024-08-21,Balancer,Ethereum,7.41,DAI,113920488,48.91,0
2024-08-21,Balancer,Arbitrum,10.44,USDC,122765796,4.38,13.32
2024-08-21,Balancer,Arbitrum,10.2,USDT,112580965,2.78,13.96
2024-08-21,Balancer,Optimism,10.74,USDC,119615138,3.14,8.23
2024-08-21,Balancer,Optimism,7.19,USDT,107064289,3.76,10.47
2024-08-21,Balancer,Polygon,9.3,USDC,102583830,1.79,9.5
2024-08-21,Balancer,Polygon,10.75,USDT,115357241,1.54,7.42
2024-08-21,Balancer,Polygon,9.79,DAI,109427457,1.52,9.77
2024-08-21,Balancer,Base,7.95,USDC,109974275,3.71,10.66
2024-08-21,Balancer,Base,9.37,DAI,118240927,3.42,8.46
2024-08-22,Aave,Ethereum,2.49,USDC,247089207,49.61,0
2024-08-22,Aave,Ethereum,2.25,USDT,277527456,40.25,0
2024-08-22,Aave,Arbitrum,2.9,USDC,247020804,4.23,7.75
2024-08-22,Aave,Arbitrum,2.99,USDT,265219437,3.56,9.16
2024-08-22,Aave,Arbitrum,3.19,DAI,257630429,3.75,12.26
2024-08-22,Aave,Optimism,3.0,USDC,257580850,4.18,7.59
2024-08-22,Aave,Optimism,3.14,USDT,237591314,2.64,13.3
2024-08-22,Aave,Optimism,3.36,DAI,237856058,3.48,8.02
2024-08-22,Aave,Polygon,3.61,USDC,253361741,1.54,6.71
2024-08-22,Aave,Polygon,3.83,USDT,233662453,1.18,9.83
2024-08-22,Aave,Polygon,3.79,DAI,254087792,1.49,8.62
2024-08-22,Aave,Base,2.95,USDC,242456676,3.33,7.8
2024-08-22,Aave,Base,3.51,USDT,242884351,3.0,7.55
2024-08-22,Compound,Ethereum,2.46,USDC,180642187,32.56,0
2024-08-22,Compound,Ethereum,2.78,USDT,186548689,23.92,0
2024-08-22,Compound,Ethereum,2.25,DAI,179181841,35.21,0
2024-08-22,Compound,Arbitrum,2.95,USDC,182234210,3.99,13.58
2024-08-22,Compound,Arbitrum,3.24,DAI,168576704,3.18,8.35
2024-08-22,Compound,Optimism,3.29,USDC,187278531,2.91,10.98
2024-08-22,Compound,Optimism,3.37,USDT,179212407,3.56,9.98
2024-08-22,Compound,Optimism,2.87,DAI,194643935,2.55,8.85
2024-08-22,Compound,Polygon,3.51,USDC,163367102,1.68,9.31
2024-08-22,Compound,Polygon,3.73,USDT,177739748,1.09,8.62
2024-08-22,Compound,Polygon,3.08,DAI,179931586,1.34,6.03
2024-08-22,Compound,Base,3.38,USDC,190476556,3.47,10.74
2024-08-22,Compound,Base,3.09,USDT,165915640,3.12,8.63
2024-08-22,Compound,Base,3.14,DAI,190859275,3.64,9.83
2024-08-22,Curve,Ethereum,7.38,USDC,306960400,22.22,0
2024-08-22,Curve,Ethereum,9.26,USDT,312169634,33.34,0
2024-08-22,Curve,Ethereum,8.25,DAI,331054338,35.75,0
2024-08-22,Curve,Arbitrum,8.28,USDC,312963124,3.57,13.24
2024-08-22,Curve,Arbitrum,9.02,USDT,319450209,3.58,9.58
2024-08-22,Curve,Arbitrum,10.13,DAI,323264466,4.37,11.34
2024-08-22,Curve,Optimism,8.88,USDC,330663332,3.94,12.1
2024-08-22,Curve,Optimism,9.46,USDT,323539325,2.78,11.54
2024-08-22,Curve,Optimism,8.45,DAI,303257219,1.88,7.3
2024-08-22,Curve,Polygon,10.74,USDC,306383242,1.16,8.39
2024-08-22,Curve,Polygon,11.25,DAI,331365394,1.15,8.9
2024-08-22,Curve,Base,8.56,USDC,328467403,3.04,6.54
2024-08-22,Curve,Base,5.57,USDT,320399634,2.83,8.21
2024-08-22,Curve,Base,6.46,DAI,340152294,3.16,11.24
2024-08-22,Uniswap V3,Ethereum,7.37,USDC,93255584,34.22,0
2024-08-22,Uniswap V3,Ethereum,7.83,USDT,98170255,37.76,0
2024-08-22,Uniswap V3,Arbitrum,7.73,USDC,93074283,2.75,10.32
2024-08-22,Uniswap V3,Arbitrum,10.49,USDT,102695211,3.99,12.12
2024-08-22,Uniswap V3,Arbitrum,9.59,DAI,87244082,3.81,10.61
2024-08-22,Uniswap V3,Optimism,10.3,USDC,103222049,3.3,6.65
2024-08-22,Uniswap V3,Optimism,10.39,USDT,106010443,2.54,9.51
2024-08-22,Uniswap V3,Optimism,10.03,DAI,83389499,4.02,7.83
2024-08-22,Uniswap V3,Polygon,9.39,USDC,90658154,0.94,7.67
2024-08-22,Uniswap V3,Polygon,10.93,USDT,98239435,1.6,7.66
2024-08-22,Uniswap V3,Polygon,10.09,DAI,100365868,1.43,8.32
2024-08-22,Uniswap V3,Base,12.23,USDC,102972759,3.89,9.69
2024-08-22,Uniswap V3,Base,11.92,USDT,92199287,3.62,10.79
2024-08-22,Uniswap V3,Base,9.33,DAI,95616342,3.52,7.6
2024-08-22,Yearn,Ethereum,3.94,USDC,119404455,46.09,0
2024-08-22,Yearn,Ethereum,3.75,USDT,122084022,35.69,0
2024-08-22,Yearn,Ethereum,2.68,DAI,126787560,38.9,0
2024-08-22,Yearn,Arbitrum,4.02,USDC,110052098,3.27,11.46
2024-08-22,Yearn,Arbitrum,4.55,USDT,111553126,3.18,10.95
2024-08-22,Yearn,Arbitrum,4.51,DAI,108921126,4.91,9.27
2024-08-22,Yearn,Optimism,3.37,USDC,116248832,3.03,10.84
2024-08-22,Yearn,Optimism,4.46,USDT,115356427,3.09,9.06
2024-08-22,Yearn,Optimism,3.92,DAI,119474425,1.98,10.02
2024-08-22,Yearn,Polygon,4.0,USDC,122775051,2.0,9.56
2024-08-22,Yearn,Polygon,4.31,USDT,115914773,1.6,6.34
2024-08-22,Yearn,Polygon,4.52,DAI,121333311,1.89,7.0
2024-08-22,Yearn,Base,4.41,USDT,113888771,3.71,10.86
2024-08-22,Yearn,Base,4.29,DAI,112269565,3.78,10.97
2024-08-22,Pendle,Ethereum,10.5,USDC,78395730,29.67,0
2024-08-22,Pendle,Ethereum,11.12,USDT,76891438,44.92,0
2024-08-22,Pendle,Ethereum,9.13,DAI,77247083,47.45,0
2024-08-22,Pendle,Arbitrum,8.67,USDC,74027758,2.99,11.33
2024-08-22,Pendle,Arbitrum,11.97,DAI,79246539,2.9,14.06
2024-08-22,Pendle,Optimism,13.53,USDT,72436480,1.98,5.2
2024-08-22,Pendle,Optimism,13.12,DAI,75754687,2.75,9.89
2024-08-22,Pendle,Base,10.17,USDC,75203139,3.17,12.13
2024-08-22,Pendle,Base,10.95,USDT,70555383,2.96,11.73
2024-08-22,Pendle,Base,11.44,DAI,80308543,3.61,11.66
2024-08-22,Convex,Ethereum,5.35,USDC,154787717,33.93,0
2024-08-22,Convex,Ethereum,5.05,USDT,149465520,32.56,0
2024-08-22,Convex,Ethereum,4.96,DAI,143300140,41.4,0
2024-08-22,Balancer,Ethereum,8.45,USDC,113546672,22.39,0
2024-08-22,Balancer,Ethereum,7.94,USDT,109595499,38.67,0
2024-08-22,Balancer,Ethereum,8.33,DAI,113638258,32.26,0
2024-08-22,Balancer,Arbitrum,6.27,USDC,118052010,4.55,12.88
2024-08-22,Balancer,Arbitrum,8.1,USDT,101666564,3.6,15.36
2024-08-22,Balancer,Arbitrum,9.14,DAI,107660641,2.9,15.09
2024-08-22,Balancer,Optimism,9.45,USDC,109873179,2.99,8.31
2024-08-22,Balancer,Optimism,8.57,USDT,112822140,2.43,10.25
2024-08-22,Balancer,Optimism,8.79,DAI,114161516,2.67,12.24
2024-08-22,Balancer,Polygon,10.57,USDC,111474855,1.38,8.16
2024-08-22,Balancer,Polygon,11.27,USDT,112080371,1.51,9.25
2024-08-22,Balancer,Polygon,9.26,DAI,104749022,1.8,6.72
2024-08-22,Balancer,Base,8.38,USDC,115782610,4.09,12.63
2024-08-22,Balancer,Base,9.67,USDT,113722923,2.85,10.59
2024-08-22,Balancer,Base,9.54,DAI,103611837,3.89,10.48
2024-08-23,Aave,Ethereum,2.58,USDC,254472854,41.8,0
2024-08-23,Aave,Ethereum,2.62,USDT,244635358,40.66,0
2024-08-23,Aave,Ethereum,2.87,DAI,250317211,16.28,0
2024-08-23,Aave,Arbitrum,3.45,USDC,249632066,2.59,16.59
2024-08-23,Aave,Arbitrum,3.26,USDT,262351684,4.55,11.95
2024-08-23,Aave,Arbitrum,3.61,DAI,245230324,3.6,8.62
2024-08-23,Aave,Optimism,3.28,USDC,237125770,2.99,11.18
2024-08-23,Aave,Optimism,3.05,USDT,243678561,3.13,9.62
2024-08-23,Aave,Optimism,3.29,DAI,239715027,3.53,6.61
2024-08-23,Aave,Polygon,3.5,USDC,240834193,1.31,5.28
2024-08-23,Aave,Polygon,3.22,USDT,277492655,1.84,8.39
2024-08-23,Aave,Polygon,2.89,DAI,262473145,1.45,8.33
2024-08-23,Aave,Base,3.34,USDC,240934791,3.2,12.26
2024-08-23,Aave,Base,3.35,USDT,233542612,3.44,10.96
2024-08-23,Aave,Base,3.28,DAI,260601097,3.83,12.83
2024-08-23,Compound,Ethereum,2.46,USDC,194383801,40.55,0
2024-08-23,Compound,Arbitrum,2.88,USDC,188327605,3.49,11.93
2024-08-23,Compound,Arbitrum,3.14,USDT,182574265,3.54,8.86
2024-08-23,Compound,Arbitrum,2.93,DAI,183349955,2.81,9.42
2024-08-23,Compound,Optimism,2.46,USDC,187059717,2.76,9.23
2024-08-23,Compound,Optimism,2.66,USDT,185899570,2.7,8.63
2024-08-23,Compound,Optimism,3.02,DAI,173899145,2.85,9.53
2024-08-23,Compound,Polygon,3.48,USDC,177687182,1.72,9.78
2024-08-23,Compound,Polygon,2.95,USDT,182861570,1.24,9.23
2024-08-23,Compound,Polygon,3.13,DAI,193228229,1.32,7.14
2024-08-23,Compound,Base,2.63,USDC,183085027,3.56,10.22
2024-08-23,Compound,Base,3.13,USDT,184951859,3.74,10.93
2024-08-23,Compound,Base,3.11,DAI,190705790,3.54,10.42
2024-08-23,Curve,Ethereum,7.41,USDC,334240041,49.78,0
2024-08-23,Curve,Ethereum,7.53,USDT,359829358,49.27,0
2024-08-23,Curve,Ethereum,5.48,DAI,340906418,34.96,0
2024-08-23,Curve,Arbitrum,9.19,USDT,365624660,3.12,14.49
2024-08-23,Curve,Arbitrum,9.53,DAI,317376569,3.08,10.16
2024-08-23,Curve,Optimism,8.96,USDC,301677524,2.79,9.54
2024-08-23,Curve,Optimism,4.92,USDT,319099467,2.27,9.83
2024-08-23,Curve,Optimism,9.38,DAI,338869514,3.15,9.16
2024-08-23,Curve,Polygon,9.62,USDC,300289558,1.47,10.59
2024-08-23,Curve,Polygon,10.18,USDT,339635814,1.69,8.47
2024-08-23,Curve,Polygon,10.39,DAI,312527843,1.7,10.66
2024-08-23,Curve,Base,11.96,USDC,308452363,2.87,9.03
2024-08-23,Curve,Base,9.03,DAI,319387358,3.53,8.86
2024-08-23,Uniswap V3,Ethereum,8.28,USDT,98777161,49.03,0
2024-08-23,Uniswap V3,Ethereum,9.12,DAI,93883089,39.31,0
2024-08-23,Uniswap V3,Arbitrum,9.07,USDC,92769143,3.64,10.8
2024-08-23,Uniswap V3,Arbitrum,11.17,DAI,96127151,3.32,9.32
2024-08-23,Uniswap V3,Optimism,11.45,USDC,97789871,2.74,8.86
2024-08-23,Uniswap V3,Optimism,10.48,USDT,96737251,2.23,4.55
2024-08-23,Uniswap V3,Optimism,9.76,DAI,99837690,2.67,10.14
2024-08-23,Uniswap V3,Polygon,13.34,USDC,87115685,1.09,6.68
2024-08-23,Uniswap V3,Polygon,10.05,USDT,98421532,1.62,6.93
2024-08-23,Uniswap V3,Polygon,10.93,DAI,97575191,1.46,7.48
2024-08-23,Uniswap V3,Base,10.9,USDC,93018314,3.11,12.57
2024-08-23,Uniswap V3,Base,8.84,USDT,95158012,2.76,7.63
2024-08-23,Uniswap V3,Base,10.61,DAI,102049666,3.77,12.31
2024-08-23,Yearn,Ethereum,3.37,USDC,122010039,33.12,0
2024-08-23,Yearn,Ethereum,3.4,USDT,116665700,31.08,0
2024-08-23,Yearn,Ethereum,3.19,DAI,115132447,43.12,0
2024-08-23,Yearn,Arbitrum,3.8,USDC,115322987,3.72,12.26
2024-08-23,Yearn,Arbitrum,4.29,USDT,118854940,2.54,13.83
2024-08-23,Yearn,Arbitrum,4.29,DAI,125083798,3.9,12.63
2024-08-23,Yearn,Optimism,3.8,USDC,110831320,3.1,8.37
2024-08-23,Yearn,Optimism,4.1,USDT,120859940,3.51,5.86
2024-08-23,Yearn,Optimism,3.8,DAI,124455912,2.5,9.2
2024-08-23,Yearn,Polygon,3.98,USDC,110988098,1.48,9.48
2024-08-23,Yearn,Polygon,4.35,USDT,115762584,1.12,7.44
2024-08-23,Yearn,Polygon,4.96,DAI,124993588,1.64,10.22
2024-08-23,Yearn,Base,3.91,USDC,123370672,3.23,11.28
2024-08-23,Yearn,Base,4.48,USDT,113485865,3.46,10.94
2024-08-23,Pendle,Ethereum,9.91,USDC,77596764,46.84,0
2024-08-23,Pendle,Ethereum,11.58,USDT,81713957,35.97,0
2024-08-23,Pendle,Ethereum,12.2,DAI,78174016,22.34,0
2024-08-23,Pendle,Arbitrum,13.87,USDT,75092787,3.52,9.68
2024-08-23,Pendle,Optimism,11.9,USDC,78675620,2.66,8.72
2024-08-23,Pendle,Optimism,13.27,USDT,73053526,2.59,10.19
2024-08-23,Pendle,Optimism,11.97,DAI,76159993,3.92,8.89
2024-08-23,Pendle,Base,16.43,USDC,67871846,3.73,9.7
2024-08-23,Pendle,Base,15.84,DAI,78234249,2.76,7.83
2024-08-23,Convex,Ethereum,5.26,USDC,155946095,48.57,0
2024-08-23,Convex,Ethereum,4.97,USDT,146135952,28.36,0
2024-08-23,Convex,Ethereum,5.73,DAI,143136302,40.86,0
2024-08-23,Balancer,Ethereum,6.31,USDC,114026819,48.75,0
2024-08-23,Balancer,Ethereum,8.22,DAI,107377191,44.99,0
2024-08-23,Balancer,Arbitrum,9.88,USDC,114089738,5.1,8.01
2024-08-23,Balancer,Arbitrum,7.68,USDT,112236650,3.36,14.37
2024-08-23,Balancer,Arbitrum,8.87,DAI,107633043,4.86,7.63
2024-08-23,Balancer,Optimism,9.31,USDC,107781510,3.71,8.66
2024-08-23,Balancer,Optimism,9.04,USDT,111542115,3.05,8.57
2024-08-23,Balancer,Optimism,8.88,DAI,120019894,2.53,12.65
2024-08-23,Balancer,Polygon,10.28,USDC,110872674,1.62,7.34
2024-08-23,Balancer,Polygon,8.91,USDT,104460343,0.78,8.39
2024-08-23,Balancer,Polygon,9.81,DAI,108458525,1.53,9.12
2024-08-23,Balancer,Base,8.95,USDC,107155871,3.48,11.28
2024-08-23,Balancer,Base,8.23,USDT,122374156,3.49,8.52
2024-08-23,Balancer,Base,9.71,DAI,115490350,3.18,11.18
2024-08-24,Aave,Ethereum,2.43,USDC,239287508,26.23,0
2024-08-24,Aave,Ethereum,2.45,USDT,260654461,20.84,0
2024-08-24,Aave,Ethereum,2.52,DAI,280986141,25.61,0
2024-08-24,Aave,Arbitrum,2.53,USDT,253221917,1.93,12.43
2024-08-24,Aave,Optimism,3.11,USDC,231258367,1.94,10.72
2024-08-24,Aave,Optimism,3.03,USDT,259227418,2.2,6.52
2024-08-24,Aave,Optimism,2.98,DAI,242097038,2.04,5.26
2024-08-24,Aave,Polygon,2.9,USDC,266074801,1.0,10.94
2024-08-24,Aave,Polygon,3.28,USDT,244006556,1.1,3.77
2024-08-24,Aave,Base,2.83,USDC,245614738,1.68,8.13
2024-08-24,Aave,Base,3.45,USDT,254847934,2.45,12.86
2024-08-24,Aave,Base,3.7,DAI,263727430,1.9,6.88
2024-08-24,Compound,Ethereum,2.39,DAI,178429063,16.04,0
2024-08-24,Compound,Arbitrum,2.68,USDC,182615253,2.66,11.58
2024-08-24,Compound,Arbitrum,3.31,DAI,171240581,2.45,9.43
2024-08-24,Compound,Optimism,2.97,USDC,177177390,1.76,8.85
2024-08-24,Compound,Optimism,2.9,USDT,173714887,1.69,10.46
2024-08-24,Compound,Optimism,2.58,DAI,171894863,2.37,8.52
2024-08-24,Compound,Polygon,2.87,USDC,184458568,1.01,8.95
2024-08-24,Compound,Polygon,3.12,USDT,181997641,1.11,10.53
2024-08-24,Compound,Polygon,2.56,DAI,187063815,1.0,10.86
2024-08-24,Compound,Base,2.51,USDC,178538806,1.98,7.17
2024-08-24,Compound,Base,3.06,USDT,179219981,2.44,11.11
2024-08-24,Compound,Base,3.1,DAI,183767881,2.43,11.24
2024-08-24,Curve,Ethereum,6.75,USDC,343732763,26.88,0
2024-08-24,Curve,Ethereum,8.86,USDT,332361539,22.01,0
2024-08-24,Curve,Ethereum,8.06,DAI,319582438,27.12,0
2024-08-24,Curve,Arbitrum,8.61,USDC,317441216,2.9,14.22
2024-08-24,Curve,Arbitrum,8.75,USDT,320325034,2.76,8.05
2024-08-24,Curve,Arbitrum,8.47,DAI,327933408,3.16,8.97
2024-08-24,Curve,Optimism,9.78,USDC,314421788,1.8,10.53
2024-08-24,Curve,Optimism,9.86,USDT,317039710,2.17,7.61
2024-08-24,Curve,Optimism,7.04,DAI,356804694,2.22,10.63
2024-08-24,Curve,Polygon,7.92,USDC,305286219,0.89,8.45
2024-08-24,Curve,Polygon,8.6,DAI,344181373,0.88,10.48
2024-08-24,Curve,Base,7.4,USDC,319578282,2.37,10.53
2024-08-24,Curve,Base,7.41,USDT,305876778,2.09,12.33
2024-08-24,Uniswap V3,Ethereum,7.86,USDC,88083393,16.55,0
2024-08-24,Uniswap V3,Ethereum,8.94,USDT,86896995,25.4,0
2024-08-24,Uniswap V3,Ethereum,8.62,DAI,94663985,29.83,0
2024-08-24,Uniswap V3,Arbitrum,8.86,USDC,99011666,2.0,8.55
2024-08-24,Uniswap V3,Arbitrum,9.57,DAI,90564127,2.89,8.72
2024-08-24,Uniswap V3,Optimism,11.02,USDT,97738417,1.81,9.35
2024-08-24,Uniswap V3,Optimism,8.79,DAI,98760264,2.19,10.23
2024-08-24,Uniswap V3,Polygon,11.77,USDC,89910340,1.38,8.5
2024-08-24,Uniswap V3,Polygon,9.95,USDT,96130447,1.36,8.7
2024-08-24,Uniswap V3,Base,10.08,USDC,101307962,2.3,12.81
2024-08-24,Uniswap V3,Base,13.36,USDT,93699402,2.49,13.84
2024-08-24,Uniswap V3,Base,11.51,DAI,102973791,2.31,11.01
2024-08-24,Yearn,Ethereum,3.42,USDT,109854006,24.11,0
2024-08-24,Yearn,Ethereum,3.04,DAI,122716492,23.9,0
2024-08-24,Yearn,Arbitrum,4.05,USDC,132170274,3.26,11.35
2024-08-24,Yearn,Arbitrum,4.52,USDT,123831008,2.54,17.18
2024-08-24,Yearn,Arbitrum,3.45,DAI,120024750,2.38,13.11
2024-08-24,Yearn,Optimism,3.69,USDC,126210164,2.36,7.1
2024-08-24,Yearn,Optimism,3.74,USDT,126984041,2.4,5.61
2024-08-24,Yearn,Optimism,4.14,DAI,127969882,2.32,9.4
2024-08-24,Yearn,Polygon,3.82,USDC,117343393,0.98,5.21
2024-08-24,Yearn,Polygon,4.74,USDT,121610233,1.13,14.1
2024-08-24,Yearn,Polygon,4.27,DAI,112699091,0.77,5.7
2024-08-24,Yearn,Base,4.02,USDT,119994382,2.65,7.45
2024-08-24,Yearn,Base,3.7,DAI,125117990,2.23,12.35
2024-08-24,Pendle,Ethereum,6.82,USDC,71626196,26.75,0
2024-08-24,Pendle,Ethereum,13.12,USDT,76264738,28.21,0
2024-08-24,Pendle,Ethereum,10.5,DAI,72462918,24.83,0
2024-08-24,Pendle,Arbitrum,13.6,USDC,85689841,2.58,15.73
2024-08-24,Pendle,Arbitrum,10.66,USDT,74051835,1.66,12.45
2024-08-24,Pendle,Optimism,9.73,USDC,75577128,1.38,8.5
2024-08-24,Pendle,Optimism,11.11,USDT,80466272,2.36,10.56
2024-08-24,Pendle,Optimism,10.86,DAI,75504856,2.06,10.86
2024-08-24,Pendle,Base,13.35,USDC,71894445,2.4,10.35
2024-08-24,Pendle,Base,11.2,USDT,81460963,1.89,8.33
2024-08-24,Pendle,Base,13.25,DAI,74409835,2.49,9.47
2024-08-24,Convex,Ethereum,4.46,DAI,160750615,22.64,0
2024-08-24,Balancer,Ethereum,7.33,USDC,123517080,34.04,0
2024-08-24,Balancer,Ethereum,6.81,USDT,114610617,29.51,0
2024-08-24,Balancer,Ethereum,9.89,DAI,106970742,34.01,0
2024-08-24,Balancer,Arbitrum,9.14,USDC,101084727,2.63,13.02
2024-08-24,Balancer,Arbitrum,9.8,USDT,110404810,2.18,13.81
2024-08-24,Balancer,Arbitrum,10.21,DAI,109324105,2.55,13.27
2024-08-24,Balancer,Optimism,9.98,USDC,108076345,2.37,10.9
2024-08-24,Balancer,Optimism,9.5,USDT,121591107,1.76,5.74
2024-08-24,Balancer,Optimism,7.68,DAI,105527476,1.57,5.69
2024-08-24,Balancer,Polygon,9.22,USDC,103536869,0.97,8.48
2024-08-24,Balancer,Polygon,9.39,USDT,118851183,1.0,8.62
2024-08-24,Balancer,Polygon,11.64,DAI,114896638,1.11,6.38
2024-08-24,Balancer,Base,11.32,USDC,114407806,2.35,9.92
2024-08-24,Balancer,Base,9.98,USDT,106043094,2.6,7.49
2024-08-24,Balancer,Base,8.87,DAI,123423806,1.87,8.43
2024-08-25,Aave,Ethereum,1.88,USDC,243726829,26.37,0
2024-08-25,Aave,Ethereum,2.68,USDT,256773458,28.29,0
2024-08-25,Aave,Ethereum,2.72,DAI,266361735,31.03,0
2024-08-25,Aave,Arbitrum,3.64,USDC,268301038,2.46,10.56
2024-08-25,Aave,Arbitrum,2.87,USDT,250713153,2.08,12.4
2024-08-25,Aave,Arbitrum,3.25,DAI,270700952,2.74,11.45
2024-08-25,Aave,Optimism,3.32,USDC,271202442,1.99,7.11
2024-08-25,Aave,Optimism,2.95,USDT,259934384,1.54,11.25
2024-08-25,Aave,Optimism,3.45,DAI,260689030,2.06,7.7
2024-08-25,Aave,Polygon,3.18,USDC,251153541,0.96,4.46
2024-08-25,Aave,Polygon,3.33,USDT,255960911,0.98,10.05
2024-08-25,Aave,Polygon,3.21,DAI,267622630,0.86,5.67
2024-08-25,Aave,Base,2.86,USDT,243421820,2.72,11.46
2024-08-25,Aave,Base,2.96,DAI,246164701,2.36,8.65
2024-08-25,Compound,Ethereum,2.3,USDC,182933814,37.11,0
2024-08-25,Compound,Ethereum,2.32,USDT,176827772,26.44,0
2024-08-25,Compound,Ethereum,2.51,DAI,181160956,31.95,0
2024-08-25,Compound,Arbitrum,2.71,USDC,184109909,2.42,14.89
2024-08-25,Compound,Arbitrum,2.73,USDT,188859942,2.01,9.53
2024-08-25,Compound,Arbitrum,3.06,DAI,156688380,2.39,15.0
2024-08-25,Compound,Optimism,2.65,USDC,189751736,2.04,8.91
2024-08-25,Compound,Optimism,2.66,USDT,175325059,2.8,9.53
2024-08-25,Compound,Polygon,2.95,USDC,183516775,1.04,8.86
2024-08-25,Compound,Polygon,3.05,DAI,190406742,0.99,6.44
2024-08-25,Compound,Base,2.92,USDC,181398695,2.73,12.35
2024-08-25,Compound,Base,2.35,USDT,188387107,2.79,9.06
2024-08-25,Curve,Ethereum,7.17,USDC,326634460,27.3,0
2024-08-25,Curve,Ethereum,5.77,USDT,320530801,25.8,0
2024-08-25,Curve,Ethereum,7.1,DAI,322588706,29.06,0
2024-08-25,Curve,Arbitrum,9.13,USDC,326384836,2.5,11.31
2024-08-25,Curve,Arbitrum,7.2,DAI,335931280,1.9,12.26
2024-08-25,Curve,Optimism,8.8,USDC,304379683,2.19,10.45
2024-08-25,Curve,Optimism,7.68,USDT,299078643,1.65,10.39
2024-08-25,Curve,Optimism,9.83,DAI,340487068,2.01,5.89
2024-08-25,Curve,Polygon,10.25,USDC,309867243,0.86,9.33
2024-08-25,Curve,Polygon,11.72,USDT,323102813,0.57,8.81
2024-08-25,Curve,Base,8.34,USDC,329716849,2.2,8.38
2024-08-25,Curve,Base,9.0,USDT,326685096,2.48,10.67
2024-08-25,Curve,Base,6.98,DAI,340372010,2.39,10.04
2024-08-25,Uniswap V3,Ethereum,9.04,USDC,105976686,25.28,0
2024-08-25,Uniswap V3,Ethereum,5.64,USDT,103022949,22.49,0
2024-08-25,Uniswap V3,Ethereum,6.96,DAI,92029956,26.6,0
2024-08-25,Uniswap V3,Arbitrum,8.96,USDC,95604085,2.2,5.76
2024-08-25,Uniswap V3,Arbitrum,8.87,USDT,97517319,3.31,9.01
2024-08-25,Uniswap V3,Arbitrum,9.08,DAI,104534893,1.6,10.49
2024-08-25,Uniswap V3,Optimism,10.88,USDC,100934826,2.07,11.49
2024-08-25,Uniswap V3,Optimism,12.41,USDT,88834243,1.66,8.5
2024-08-25,Uniswap V3,Optimism,9.26,DAI,99732541,1.74,9.34
2024-08-25,Uniswap V3,Polygon,8.96,USDC,98498796,1.06,6.88
2024-08-25,Uniswap V3,Polygon,9.46,DAI,105880989,0.8,6.79
2024-08-25,Uniswap V3,Base,6.8,USDC,100694303,2.13,10.24
2024-08-25,Uniswap V3,Base,9.52,USDT,91386670,2.18,15.31
2024-08-25,Uniswap V3,Base,9.48,DAI,94829394,2.68,8.61
2024-08-25,Yearn,Ethereum,3.23,USDC,130205933,30.8,0
2024-08-25,Yearn,Ethereum,3.58,USDT,122345574,23.82,0
2024-08-25,Yearn,Ethereum,3.16,DAI,121043156,24.07,0
2024-08-25,Yearn,Arbitrum,4.05,USDT,133506125,1.97,12.92
2024-08-25,Yearn,Arbitrum,4.49,DAI,117220228,2.23,8.94
2024-08-25,Yearn,Optimism,4.3,USDC,118958023,1.72,7.77
2024-08-25,Yearn,Optimism,3.84,USDT,122270854,2.71,8.33
2024-08-25,Yearn,Polygon,4.32,USDC,122479140,0.64,9.24
2024-08-25,Yearn,Polygon,4.33,USDT,117766938,1.13,9.15
2024-08-25,Yearn,Polygon,4.36,DAI,125555102,0.88,10.05
2024-08-25,Yearn,Base,3.76,USDC,127149468,2.58,11.11
2024-08-25,Yearn,Base,3.71,USDT,127822889,2.16,9.23
2024-08-25,Yearn,Base,4.14,DAI,124708619,2.05,9.17
2024-08-25,Pendle,Ethereum,12.14,USDT,75921334,27.73,0
2024-08-25,Pendle,Ethereum,10.19,DAI,75044625,22.7,0
2024-08-25,Pendle,Arbitrum,14.17,USDC,75883519,2.77,7.19
2024-08-25,Pendle,Arbitrum,15.6,USDT,77864537,2.33,11.34
2024-08-25,Pendle,Arbitrum,15.1,DAI,79820075,2.81,12.54
2024-08-25,Pendle,Optimism,15.5,USDC,80137160,1.99,11.18
2024-08-25,Pendle,Optimism,12.01,USDT,77143791,2.18,6.97
2024-08-25,Pendle,Optimism,15.36,DAI,71259900,2.47,9.03
2024-08-25,Pendle,Base,10.91,USDC,76349644,1.74,10.71
2024-08-25,Pendle,Base,9.85,USDT,74447012,2.24,9.22
2024-08-25,Pendle,Base,11.1,DAI,69185124,1.95,9.34
2024-08-25,Convex,Ethereum,4.12,USDC,145979959,27.1,0
2024-08-25,Convex,Ethereum,4.89,USDT,155272418,34.61,0
2024-08-25,Convex,Ethereum,4.08,DAI,160665258,27.08,0
2024-08-25,Balancer,Ethereum,7.0,USDC,111540816,29.47,0
2024-08-25,Balancer,Ethereum,7.98,USDT,101136161,26.28,0
2024-08-25,Balancer,Arbitrum,7.96,USDC,106971794,0.78,11.38
2024-08-25,Balancer,Arbitrum,9.42,USDT,107361497,1.78,13.84
2024-08-25,Balancer,Arbitrum,9.69,DAI,115478871,2.2,10.55
2024-08-25,Balancer,Optimism,8.98,USDC,111158111,2.28,10.81
2024-08-25,Balancer,Optimism,8.44,USDT,117436443,1.59,6.94
2024-08-25,Balancer,Optimism,9.85,DAI,118496162,2.08,6.8
2024-08-25,Balancer,Polygon,10.24,USDC,126187782,1.0,4.36
2024-08-25,Balancer,Polygon,9.06,USDT,111499317,0.97,7.86
2024-08-25,Balancer,Polygon,11.0,DAI,111267243,1.39,7.28
2024-08-25,Balancer,Base,8.52,USDC,110660917,2.27,10.45
2024-08-25,Balancer,Base,8.7,USDT,113920478,2.01,11.59
2024-08-25,Balancer,Base,10.3,DAI,113648133,2.2,10.74
2024-08-26,Aave,Ethereum,2.52,USDC,271401663,52.82,0
2024-08-26,Aave,Ethereum,2.59,USDT,276239014,36.74,0
2024-08-26,Aave,Ethereum,2.43,DAI,244541760,41.34,0
2024-08-26,Aave,Arbitrum,2.68,USDC,262816207,4.43,13.4
2024-08-26,Aave,Arbitrum,3.43,USDT,259137226,3.82,12.89
2024-08-26,Aave,Arbitrum,3.13,DAI,254519648,3.42,16.53
2024-08-26,Aave,Optimism,3.16,USDC,284217268,2.61,10.89
2024-08-26,Aave,Optimism,2.81,USDT,258576304,2.01,8.46
2024-08-26,Aave,Optimism,3.35,DAI,268420496,2.16,8.93
2024-08-26,Aave,Polygon,3.55,USDT,261138562,1.17,8.13
2024-08-26,Aave,Polygon,3.33,DAI,278026435,1.61,7.24
2024-08-26,Aave,Base,2.94,USDC,250208988,3.06,9.48
2024-08-26,Aave,Base,3.19,USDT,267865168,3.37,7.98
2024-08-26,Aave,Base,3.1,DAI,245288456,3.28,11.07
2024-08-26,Compound,Ethereum,2.63,USDC,200634379,37.75,0
2024-08-26,Compound,Ethereum,2.38,USDT,175676434,54.75,0
2024-08-26,Compound,Arbitrum,2.68,USDC,180678499,3.87,9.49
2024-08-26,Compound,Arbitrum,2.62,USDT,170596705,4.16,8.73
2024-08-26,Compound,Arbitrum,2.93,DAI,183187354,3.98,15.34
2024-08-26,Compound,Optimism,2.55,USDC,201258376,3.42,12.19
2024-08-26,Compound,Optimism,3.02,USDT,187385147,3.78,6.36
2024-08-26,Compound,Polygon,3.41,USDC,201165723,0.74,10.15
2024-08-26,Compound,Polygon,2.96,USDT,180927337,1.19,7.25
2024-08-26,Compound,Polygon,3.31,DAI,187181172,1.42,6.35
2024-08-26,Compound,Base,2.92,USDC,175449356,3.25,12.34
2024-08-26,Compound,Base,2.77,USDT,187387310,4.1,9.36
2024-08-26,Compound,Base,3.03,DAI,191797825,4.22,6.98
2024-08-26,Curve,Ethereum,8.14,USDC,326936548,58.11,0
2024-08-26,Curve,Ethereum,7.33,USDT,342630586,55.52,0
2024-08-26,Curve,Ethereum,8.24,DAI,306059232,38.9,0
2024-08-26,Curve,Arbitrum,10.36,USDC,325549653,2.77,10.34
2024-08-26,Curve,Arbitrum,10.31,USDT,347691964,3.66,15.26
2024-08-26,Curve,Optimism,8.56,USDC,332824231,3.28,10.67
2024-08-26,Curve,Optimism,7.84,USDT,347467352,3.85,9.74
2024-08-26,Curve,Optimism,7.36,DAI,341632063,2.5,6.36
2024-08-26,Curve,Polygon,7.65,USDT,327945270,1.54,8.61
2024-08-26,Curve,Polygon,8.04,DAI,341496675,1.85,8.97
2024-08-26,Curve,Base,11.32,USDC,339682682,3.46,7.65
2024-08-26,Curve,Base,7.94,USDT,317902999,3.33,9.13
2024-08-26,Curve,Base,9.6,DAI,310256391,2.3,8.37
2024-08-26,Uniswap V3,Ethereum,5.76,USDC,99440612,50.6,0
2024-08-26,Uniswap V3,Ethereum,8.96,USDT,93463735,39.28,0
2024-08-26,Uniswap V3,Ethereum,8.97,DAI,97690580,50.75,0
2024-08-26,Uniswap V3,Arbitrum,9.91,USDC,93946412,4.26,10.94
2024-08-26,Uniswap V3,Arbitrum,11.24,USDT,102313706,4.0,10.76
2024-08-26,Uniswap V3,Arbitrum,9.67,DAI,96270464,3.68,8.93
2024-08-26,Uniswap V3,Optimism,9.75,USDC,96654572,2.67,9.47
2024-08-26,Uniswap V3,Optimism,9.8,USDT,99581416,3.57,8.93
2024-08-26,Uniswap V3,Optimism,8.54,DAI,99451753,2.94,9.69
2024-08-26,Uniswap V3,Polygon,9.72,USDC,93615710,1.38,10.21
2024-08-26,Uniswap V3,Polygon,9.86,USDT,94334870,1.39,7.27
2024-08-26,Uniswap V3,Polygon,10.88,DAI,92314185,1.13,6.91
2024-08-26,Uniswap V3,Base,11.66,USDC,100150804,3.13,11.62
2024-08-26,Uniswap V3,Base,9.0,USDT,95266723,3.85,13.05
2024-08-26,Uniswap V3,Base,9.73,DAI,91174336,3.67,8.92
2024-08-26,Yearn,Ethereum,2.94,USDC,128332501,31.42,0
2024-08-26,Yearn,Ethereum,3.59,USDT,134870998,43.12,0
2024-08-26,Yearn,Ethereum,3.52,DAI,128061697,42.73,0
2024-08-26,Yearn,Arbitrum,3.93,USDC,121893298,2.58,9.44
2024-08-26,Yearn,Arbitrum,3.72,USDT,126806725,2.29,13.97
2024-08-26,Yearn,Arbitrum,3.61,DAI,131047936,4.23,8.03
2024-08-26,Yearn,Optimism,4.44,USDC,122248050,3.61,8.54
2024-08-26,Yearn,Optimism,4.15,USDT,112243367,3.29,8.72
2024-08-26,Yearn,Optimism,4.55,DAI,112388416,1.87,9.6
2024-08-26,Yearn,Polygon,4.16,USDC,122309158,0.84,5.27
2024-08-26,Yearn,Polygon,4.04,USDT,130085344,1.89,6.89
2024-08-26,Yearn,Polygon,4.16,DAI,131858279,1.69,9.33
2024-08-26,Yearn,Base,3.53,USDC,129233783,3.87,10.75
2024-08-26,Yearn,Base,4.24,USDT,121767136,3.46,9.74
2024-08-26,Yearn,Base,4.01,DAI,130941441,3.57,13.17
2024-08-26,Pendle,Ethereum,11.98,USDC,80343092,44.52,0
2024-08-26,Pendle,Ethereum,11.57,USDT,73327645,37.66,0
2024-08-26,Pendle,Ethereum,7.8,DAI,76572439,57.53,0
2024-08-26,Pendle,Arbitrum,12.15,USDC,85458665,2.84,13.42
2024-08-26,Pendle,Arbitrum,14.05,USDT,81797318,2.79,17.65
2024-08-26,Pendle,Arbitrum,9.76,DAI,78479451,2.5,13.56
2024-08-26,Pendle,Optimism,10.99,USDC,79097900,3.61,9.21
2024-08-26,Pendle,Optimism,11.38,USDT,80478980,3.69,10.15
2024-08-26,Pendle,Optimism,11.7,DAI,77618738,3.42,12.87
2024-08-26,Pendle,Base,12.79,USDC,80081283,3.04,9.07
2024-08-26,Pendle,Base,11.74,USDT,74951659,3.58,13.19
2024-08-26,Pendle,Base,12.2,DAI,73412495,3.46,12.94
2024-08-26,Convex,Ethereum,4.45,USDT,152600034,38.89,0
2024-08-26,Convex,Ethereum,5.51,DAI,159543895,51.64,0
2024-08-26,Balancer,Ethereum,8.4,USDC,111400881,47.67,0
2024-08-26,Balancer,Ethereum,7.44,USDT,112693256,37.08,0
2024-08-26,Balancer,Ethereum,7.64,DAI,110820694,41.83,0
2024-08-26,Balancer,Arbitrum,8.42,DAI,123031185,3.8,11.9
2024-08-26,Balancer,Optimism,6.37,USDC,115563255,3.14,8.94
2024-08-26,Balancer,Optimism,10.94,USDT,104707667,2.56,10.31
2024-08-26,Balancer,Optimism,7.46,DAI,116468229,4.0,12.39
2024-08-26,Balancer,Polygon,10.68,USDC,119729252,1.57,7.15
2024-08-26,Balancer,Polygon,9.82,DAI,106320738,1.47,6.85
2024-08-26,Balancer,Base,8.89,USDC,107670483,1.98,7.16
2024-08-26,Balancer,Base,8.5,USDT,112655019,3.37,10.16
2024-08-26,Balancer,Base,10.26,DAI,114241294,2.74,12.23
2024-08-27,Aave,Ethereum,2.66,USDC,267188433,25.01,0
2024-08-27,Aave,Ethereum,2.54,USDT,234938928,46.85,0
2024-08-27,Aave,Ethereum,2.42,DAI,265152932,38.18,0
2024-08-27,Aave,Arbitrum,3.0,USDC,258940552,3.47,16.14
2024-08-27,Aave,Arbitrum,3.36,USDT,236638813,2.57,12.69
2024-08-27,Aave,Arbitrum,3.28,DAI,267136401,3.46,6.45
2024-08-27,Aave,Optimism,2.99,USDC,269326228,3.49,11.08
2024-08-27,Aave,Optimism,3.15,USDT,269375050,2.94,10.52
2024-08-27,Aave,Optimism,3.17,DAI,243439436,3.8,8.85
2024-08-27,Aave,Polygon,3.3,USDC,254092424,1.64,6.59
2024-08-27,Aave,Polygon,3.45,DAI,243772450,1.01,6.04
2024-08-27,Aave,Base,3.08,USDC,254925442,3.69,9.54
2024-08-27,Aave,Base,3.05,USDT,264678953,3.21,9.36
2024-08-27,Aave,Base,3.2,DAI,263144742,3.41,6.75
2024-08-27,Compound,Ethereum,2.59,USDC,194554323,39.6,0
2024-08-27,Compound,Ethereum,2.25,USDT,196269745,37.49,0
2024-08-27,Compound,Ethereum,2.43,DAI,196715989,56.27,0
2024-08-27,Compound,Arbitrum,2.66,USDC,173803036,3.04,9.84
2024-08-27,Compound,Arbitrum,2.74,USDT,213032390,3.88,10.78
2024-08-27,Compound,Arbitrum,3.1,DAI,198317219,2.75,17.73
2024-08-27,Compound,Optimism,2.77,USDC,190162027,2.43,9.36
2024-08-27,Compound,Optimism,2.91,USDT,175196555,3.21,9.73
2024-08-27,Compound,Optimism,2.74,DAI,192159628,1.95,8.89
2024-08-27,Compound,Polygon,2.92,USDC,198643977,0.97,9.21
2024-08-27,Compound,Polygon,3.42,USDT,193727143,1.53,8.59
2024-08-27,Compound,Polygon,3.21,DAI,189732470,1.5,7.87
2024-08-27,Compound,Base,2.97,USDC,181706726,3.47,10.82
2024-08-27,Compound,Base,3.18,USDT,182441035,2.1,9.25
2024-08-27,Curve,Ethereum,5.58,USDC,331325911,36.05,0
2024-08-27,Curve,Ethereum,8.09,USDT,344740100,28.4,0
2024-08-27,Curve,Ethereum,7.88,DAI,334053092,39.64,0
2024-08-27,Curve,Arbitrum,8.62,USDC,358059434,4.0,9.34
2024-08-27,Curve,Arbitrum,7.93,USDT,344724405,4.94,9.11
2024-08-27,Curve,Arbitrum,9.38,DAI,314356839,3.16,12.03
2024-08-27,Curve,Optimism,10.0,USDC,361542994,3.06,11.36
2024-08-27,Curve,Optimism,10.91,USDT,311745563,2.67,9.58
2024-08-27,Curve,Optimism,9.39,DAI,322028210,2.74,8.53
2024-08-27,Curve,Polygon,8.97,USDT,331458369,1.6,6.43
2024-08-27,Curve,Base,8.97,USDC,337528613,3.79,11.4
2024-08-27,Curve,Base,7.48,USDT,358612630,4.31,9.08
2024-08-27,Curve,Base,8.28,DAI,336184682,2.85,11.68
2024-08-27,Uniswap V3,Ethereum,8.0,USDT,95746303,30.45,0
2024-08-27,Uniswap V3,Ethereum,7.8,DAI,94413076,43.56,0
2024-08-27,Uniswap V3,Arbitrum,8.95,USDT,100876583,3.65,11.75
2024-08-27,Uniswap V3,Arbitrum,7.22,DAI,107025233,3.04,12.78
2024-08-27,Uniswap V3,Optimism,10.07,USDC,100761166,2.28,11.24
2024-08-27,Uniswap V3,Optimism,11.4,USDT,93359470,3.81,7.69
2024-08-27,Uniswap V3,Optimism,8.97,DAI,95512115,2.28,8.19
2024-08-27,Uniswap V3,Polygon,9.0,USDT,94824218,0.93,11.13
2024-08-27,Uniswap V3,Polygon,11.19,DAI,95208392,1.62,8.59
2024-08-27,Uniswap V3,Base,10.31,USDC,86925028,3.53,7.85
2024-08-27,Uniswap V3,Base,10.63,USDT,101177119,3.38,6.24
2024-08-27,Uniswap V3,Base,10.4,DAI,99949785,3.39,13.56
2024-08-27,Yearn,Ethereum,3.4,USDC,130332452,31.29,0
2024-08-27,Yearn,Ethereum,3.42,USDT,120518054,48.95,0
2024-08-27,Yearn,Ethereum,3.6,DAI,123031278,46.66,0
2024-08-27,Yearn,Arbitrum,4.18,USDT,131454536,1.88,10.25
2024-08-27,Yearn,Arbitrum,4.57,DAI,121967803,3.77,8.51
2024-08-27,Yearn,Optimism,4.07,USDC,116284986,2.9,7.35
2024-08-27,Yearn,Optimism,3.84,USDT,125498498,3.28,10.33
2024-08-27,Yearn,Optimism,3.88,DAI,126232450,2.61,8.61
2024-08-27,Yearn,Polygon,4.32,USDC,126039666,1.54,8.53
2024-08-27,Yearn,Polygon,4.3,DAI,125875306,1.48,9.78
2024-08-27,Yearn,Base,4.21,USDC,124307388,3.13,8.04
2024-08-27,Yearn,Base,4.22,USDT,124443001,3.93,9.23
2024-08-27,Yearn,Base,3.82,DAI,127944597,2.65,10.08
2024-08-27,Pendle,Ethereum,10.86,USDC,77034258,29.95,0
2024-08-27,Pendle,Ethereum,12.06,USDT,78682439,40.51,0
2024-08-27,Pendle,Ethereum,9.33,DAI,83752862,42.38,0
2024-08-27,Pendle,Arbitrum,13.32,USDT,79740392,2.81,11.81
2024-08-27,Pendle,Arbitrum,11.85,DAI,79375209,3.24,15.4
2024-08-27,Pendle,Optimism,10.97,USDC,82432718,2.69,9.7
2024-08-27,Pendle,Optimism,13.27,USDT,79169207,1.75,12.7
2024-08-27,Pendle,Optimism,12.33,DAI,76352853,4.35,8.73
2024-08-27,Pendle,Base,12.88,USDC,78933042,3.46,9.04
2024-08-27,Pendle,Base,9.78,USDT,75242973,2.74,8.86
2024-08-27,Pendle,Base,15.33,DAI,83031320,3.14,12.96
2024-08-27,Convex,Ethereum,5.61,USDC,163041109,40.07,0
2024-08-27,Convex,Ethereum,5.11,USDT,153601506,45.57,0
2024-08-27,Convex,Ethereum,5.08,DAI,153951548,42.32,0
2024-08-27,Balancer,Ethereum,7.94,USDC,120504055,41.37,0
2024-08-27,Balancer,Ethereum,7.72,USDT,117278468,47.47,0
2024-08-27,Balancer,Ethereum,8.69,DAI,114075711,39.73,0
2024-08-27,Balancer,Arbitrum,7.6,USDC,124634243,4.34,9.29
2024-08-27,Balancer,Arbitrum,9.22,USDT,117066092,3.26,11.82
2024-08-27,Balancer,Arbitrum,8.37,DAI,118178209,4.7,11.86
2024-08-27,Balancer,Optimism,10.35,USDC,117342468,3.07,11.26
2024-08-27,Balancer,Optimism,7.55,USDT,124525727,2.97,8.14
2024-08-27,Balancer,Optimism,10.75,DAI,112871869,3.16,5.59
2024-08-27,Balancer,Polygon,7.06,USDC,115988759,1.8,9.58
2024-08-27,Balancer,Polygon,9.56,USDT,115571029,1.31,7.59
2024-08-27,Balancer,Polygon,11.96,DAI,115290819,1.5,7.67
2024-08-27,Balancer,Base,8.22,USDC,120997023,3.29,12.05
2024-08-27,Balancer,Base,9.37,USDT,118844153,3.23,7.86
2024-08-27,Balancer,Base,7.15,DAI,113559301,2.99,13.19
2024-08-28,Aave,Ethereum,2.41,USDC,257986075,45.35,0
2024-08-28,Aave,Ethereum,2.67,DAI,255843673,30.12,0
2024-08-28,Aave,Arbitrum,3.39,USDT,280173476,4.0,14.37
2024-08-28,Aave,Optimism,2.88,USDC,275669484,4.06,8.17
2024-08-28,Aave,Optimism,3.15,USDT,261006928,2.84,9.2
2024-08-28,Aave,Optimism,3.05,DAI,265007834,3.87,8.98
2024-08-28,Aave,Polygon,3.05,USDC,262036701,1.69,9.18
2024-08-28,Aave,Polygon,2.91,USDT,281104442,1.31,6.66
2024-08-28,Aave,Polygon,3.35,DAI,261927913,1.28,6.98
2024-08-28,Aave,Base,2.78,USDC,270227065,3.6,10.32
2024-08-28,Aave,Base,2.88,USDT,284806150,3.62,10.27
2024-08-28,Aave,Base,3.22,DAI,264297762,3.43,11.35
2024-08-28,Compound,Ethereum,2.62,USDC,190876616,48.04,0
2024-08-28,Compound,Ethereum,2.28,USDT,184793103,35.89,0
2024-08-28,Compound,Ethereum,2.42,DAI,181082000,45.81,0
2024-08-28,Compound,Arbitrum,2.83,USDC,185032863,3.79,12.19
2024-08-28,Compound,Arbitrum,3.03,USDT,203397370,3.78,14.22
2024-08-28,Compound,Optimism,2.75,USDC,209693653,2.82,8.92
2024-08-28,Compound,Optimism,2.78,USDT,189132585,2.49,9.34
2024-08-28,Compound,Optimism,2.91,DAI,198285873,2.57,9.37
2024-08-28,Compound,Polygon,2.88,USDC,200198890,1.5,8.02
2024-08-28,Compound,Polygon,3.37,USDT,181955040,1.45,5.52
2024-08-28,Compound,Polygon,3.04,DAI,192483150,1.57,8.77
2024-08-28,Compound,Base,2.96,USDC,173036750,3.94,10.85
2024-08-28,Compound,Base,2.9,USDT,212136305,2.1,10.64
2024-08-28,Compound,Base,3.19,DAI,183249930,2.32,16.03
2024-08-28,Curve,Ethereum,6.51,USDC,316061953,51.58,0
2024-08-28,Curve,Ethereum,8.06,USDT,332593896,38.92,0
2024-08-28,Curve,Ethereum,7.91,DAI,323745538,44.73,0
2024-08-28,Curve,Arbitrum,7.86,USDC,340234999,3.1,10.27
2024-08-28,Curve,Arbitrum,9.12,USDT,342352311,3.97,10.91
2024-08-28,Curve,Arbitrum,9.84,DAI,363706315,3.45,13.32
2024-08-28,Curve,Optimism,11.13,USDC,376842215,3.54,10.21
2024-08-28,Curve,Optimism,7.98,USDT,335713519,1.64,9.04
2024-08-28,Curve,Optimism,6.71,DAI,344701246,2.4,10.47
2024-08-28,Curve,Polygon,9.39,USDC,353433062,1.3,9.34
2024-08-28,Curve,Polygon,9.85,USDT,339117028,1.63,6.99
2024-08-28,Curve,Polygon,9.0,DAI,342050413,1.63,7.49
2024-08-28,Curve,Base,8.75,USDC,364811507,3.13,10.87
2024-08-28,Curve,Base,8.95,USDT,370137764,3.61,9.31
2024-08-28,Curve,Base,6.94,DAI,350214883,3.41,10.72
2024-08-28,Uniswap V3,Ethereum,8.34,USDC,96346718,38.33,0
2024-08-28,Uniswap V3,Ethereum,9.0,USDT,103567861,56.6,0
2024-08-28,Uniswap V3,Ethereum,8.72,DAI,102090147,50.42,0
2024-08-28,Uniswap V3,Arbitrum,8.58,USDC,100730367,3.81,17.01
2024-08-28,Uniswap V3,Arbitrum,9.43,USDT,89941130,3.78,13.92
2024-08-28,Uniswap V3,Arbitrum,11.62,DAI,100326738,4.45,13.36
2024-08-28,Uniswap V3,Optimism,10.24,USDC,100717986,3.72,10.26
2024-08-28,Uniswap V3,Optimism,7.39,USDT,111615806,3.18,6.81
2024-08-28,Uniswap V3,Optimism,7.59,DAI,103576677,2.9,7.19
2024-08-28,Uniswap V3,Polygon,11.15,USDC,108080075,1.14,6.1
2024-08-28,Uniswap V3,Polygon,7.97,DAI,86556169,1.66,9.47
2024-08-28,Uniswap V3,Base,10.31,USDC,107038002,3.21,14.49
2024-08-28,Uniswap V3,Base,9.96,USDT,98787510,3.45,9.27
2024-08-28,Uniswap V3,Base,9.71,DAI,102191416,3.23,9.76
2024-08-28,Yearn,Ethereum,3.53,USDC,128219352,45.86,0
2024-08-28,Yearn,Ethereum,2.99,USDT,121405908,47.08,0
2024-08-28,Yearn,Ethereum,3.51,DAI,135896459,32.13,0
2024-08-28,Yearn,Arbitrum,4.71,DAI,125877872,4.16,8.65
2024-08-28,Yearn,Optimism,3.81,USDC,136143531,3.02,7.66
2024-08-28,Yearn,Optimism,3.77,USDT,127398163,2.54,5.9
2024-08-28,Yearn,Optimism,4.06,DAI,138305830,2.6,13.56
2024-08-28,Yearn,Polygon,4.23,USDC,129841532,1.81,8.13
2024-08-28,Yearn,Polygon,4.81,USDT,131984286,1.45,8.07
2024-08-28,Yearn,Polygon,4.37,DAI,129237566,0.99,5.77
2024-08-28,Yearn,Base,4.74,USDC,118448674,3.92,10.07
2024-08-28,Yearn,Base,4.07,USDT,126736800,3.75,10.29
2024-08-28,Yearn,Base,4.08,DAI,118565597,4.22,8.99
2024-08-28,Pendle,Ethereum,9.7,USDC,75820171,46.9,0
2024-08-28,Pendle,Ethereum,14.03,DAI,83288368,48.54,0
2024-08-28,Pendle,Arbitrum,13.79,USDT,82713932,3.73,13.36
2024-08-28,Pendle,Arbitrum,13.73,DAI,79163279,3.49,15.24
2024-08-28,Pendle,Optimism,13.3,USDC,84785715,3.27,9.34
2024-08-28,Pendle,Optimism,14.49,USDT,81747764,3.16,12.6
2024-08-28,Pendle,Optimism,13.34,DAI,78361708,2.92,10.46
2024-08-28,Pendle,Base,14.56,USDC,83822806,3.42,8.91
2024-08-28,Pendle,Base,11.06,USDT,87610198,3.38,12.06
2024-08-28,Pendle,Base,14.12,DAI,81810406,4.24,8.1
2024-08-28,Convex,Ethereum,4.89,USDC,167424200,45.69,0
2024-08-28,Convex,Ethereum,5.36,USDT,174177622,23.33,0
2024-08-28,Convex,Ethereum,5.24,DAI,151995199,41.81,0
2024-08-28,Balancer,Ethereum,7.98,USDC,117546114,36.97,0
2024-08-28,Balancer,Ethereum,7.43,USDT,124096737,46.49,0
2024-08-28,Balancer,Ethereum,6.76,DAI,123621691,36.87,0
2024-08-28,Balancer,Arbitrum,10.48,USDC,129582538,3.68,14.52
2024-08-28,Balancer,Optimism,9.38,USDC,123252400,3.31,8.52
2024-08-28,Balancer,Optimism,9.14,USDT,119244849,2.26,8.07
2024-08-28,Balancer,Optimism,8.57,DAI,114297193,3.2,6.65
2024-08-28,Balancer,Polygon,8.39,USDC,112055329,1.3,7.22
2024-08-28,Balancer,Polygon,8.97,USDT,120431017,1.68,9.42
2024-08-28,Balancer,Polygon,9.59,DAI,119444694,1.41,7.0
2024-08-28,Balancer,Base,9.59,USDC,111561381,4.17,9.42
2024-08-28,Balancer,Base,9.66,USDT,128054982,4.66,8.24
2024-08-28,Balancer,Base,11.78,DAI,113214234,2.19,7.1
2024-08-29,Aave,Ethereum,2.63,USDC,266068742,43.76,0
2024-08-29,Aave,Ethereum,2.54,USDT,274218861,50.76,0
2024-08-29,Aave,Ethereum,2.36,DAI,263581023,41.37,0
2024-08-29,Aave,Arbitrum,2.87,USDC,290826863,3.65,8.97
2024-08-29,Aave,Arbitrum,3.33,USDT,291359536,4.26,13.42
2024-08-29,Aave,Arbitrum,3.03,DAI,282333681,3.62,9.44
2024-08-29,Aave,Optimism,3.22,USDC,274700608,2.67,11.33
2024-08-29,Aave,Optimism,2.91,USDT,278694999,2.08,9.53
2024-08-29,Aave,Polygon,3.38,USDC,284728207,1.85,9.22
2024-08-29,Aave,Polygon,3.41,USDT,256513459,1.41,4.57
2024-08-29,Aave,Polygon,3.08,DAI,257741120,2.03,8.86
2024-08-29,Aave,Base,2.7,USDC,272677734,3.56,9.53
2024-08-29,Aave,Base,3.0,USDT,280493350,3.44,11.01
2024-08-29,Aave,Base,3.01,DAI,249670059,3.57,11.76
2024-08-29,Compound,Ethereum,2.39,USDC,196650870,42.71,0
2024-08-29,Compound,Ethereum,2.17,USDT,192228086,47.87,0
2024-08-29,Compound,Ethereum,2.23,DAI,191049289,44.01,0
2024-08-29,Compound,Arbitrum,2.95,USDC,199968399,3.88,9.07
2024-08-29,Compound,Optimism,2.9,USDC,192333978,3.36,11.32
2024-08-29,Compound,Optimism,2.64,USDT,198075292,2.96,10.0
2024-08-29,Compound,Optimism,2.77,DAI,206689120,2.83,7.61
2024-08-29,Compound,Polygon,3.28,USDC,210484545,1.08,7.01
2024-08-29,Compound,Polygon,2.7,USDT,221050920,1.03,6.72
2024-08-29,Compound,Polygon,3.14,DAI,206269747,1.57,8.64
2024-08-29,Compound,Base,3.03,USDC,195610217,3.95,14.29
2024-08-29,Compound,Base,2.86,USDT,161360921,3.59,9.33
2024-08-29,Compound,Base,2.99,DAI,203562933,2.92,9.23
2024-08-29,Curve,Ethereum,7.17,USDC,377052990,36.55,0
2024-08-29,Curve,Ethereum,6.27,USDT,361265232,53.39,0
2024-08-29,Curve,Ethereum,6.75,DAI,363160634,46.85,0
2024-08-29,Curve,Arbitrum,8.18,USDC,357209423,4.18,12.25
2024-08-29,Curve,Arbitrum,7.63,USDT,354266993,4.32,11.61
2024-08-29,Curve,Arbitrum,8.86,DAI,354868639,3.66,14.34
2024-08-29,Curve,Optimism,7.14,USDC,343634295,2.6,8.83
2024-08-29,Curve,Optimism,8.13,USDT,334112104,3.11,11.87
2024-08-29,Curve,Optimism,8.13,DAI,388282067,3.09,9.08
2024-08-29,Curve,Polygon,9.12,USDC,362187710,1.66,6.9
2024-08-29,Curve,Polygon,9.65,USDT,340544007,1.52,5.83
2024-08-29,Curve,Polygon,7.08,DAI,341253820,1.26,7.03
2024-08-29,Curve,Base,7.05,USDC,358833321,3.37,6.95
2024-08-29,Curve,Base,8.22,USDT,363775048,3.63,7.97
2024-08-29,Curve,Base,7.26,DAI,367097859,3.56,7.7
2024-08-29,Uniswap V3,Ethereum,8.76,USDC,95895964,38.72,0
2024-08-29,Uniswap V3,Ethereum,7.97,DAI,107373874,33.13,0
2024-08-29,Uniswap V3,Arbitrum,8.52,USDC,97166680,2.18,8.55
2024-08-29,Uniswap V3,Optimism,11.26,USDC,102219998,2.51,9.6
2024-08-29,Uniswap V3,Optimism,7.45,DAI,102024986,3.07,8.71
2024-08-29,Uniswap V3,Polygon,10.14,USDC,102669964,1.64,7.79
2024-08-29,Uniswap V3,Polygon,9.16,USDT,95703397,1.2,9.95
2024-08-29,Uniswap V3,Polygon,10.36,DAI,97176452,1.71,8.54
2024-08-29,Uniswap V3,Base,8.28,USDC,108756485,3.43,8.75
2024-08-29,Uniswap V3,Base,11.67,USDT,109750601,3.7,9.87
2024-08-29,Uniswap V3,Base,10.0,DAI,105101209,3.43,8.44
2024-08-29,Yearn,Ethereum,3.12,USDC,126943575,38.76,0
2024-08-29,Yearn,Ethereum,3.6,USDT,121463633,23.78,0
2024-08-29,Yearn,Arbitrum,4.35,USDC,135133615,4.08,13.06
2024-08-29,Yearn,Arbitrum,4.22,USDT,126664475,4.47,14.64
2024-08-29,Yearn,Arbitrum,4.31,DAI,123660986,3.92,14.86
2024-08-29,Yearn,Optimism,3.77,USDC,139013712,2.28,7.98
2024-08-29,Yearn,Optimism,4.05,USDT,122691238,3.72,6.13
2024-08-29,Yearn,Optimism,3.4,DAI,136129185,3.1,5.28
2024-08-29,Yearn,Polygon,4.1,USDC,128619943,1.68,6.51
2024-08-29,Yearn,Base,3.76,USDC,141896309,3.46,12.31
2024-08-29,Yearn,Base,4.15,USDT,131424896,3.17,10.17
2024-08-29,Yearn,Base,3.25,DAI,145279538,3.23,9.87
2024-08-29,Pendle,Ethereum,8.75,USDC,83835573,39.89,0
2024-08-29,Pendle,Ethereum,9.74,USDT,75920711,64.94,0
2024-08-29,Pendle,Ethereum,10.15,DAI,85465005,42.95,0
2024-08-29,Pendle,Arbitrum,13.31,USDC,82049907,3.77,14.55
2024-08-29,Pendle,Arbitrum,15.06,USDT,81499328,3.92,14.66
2024-08-29,Pendle,Arbitrum,14.44,DAI,78189069,2.88,11.11
2024-08-29,Pendle,Optimism,16.28,USDC,80873077,2.07,7.19
2024-08-29,Pendle,Optimism,9.27,USDT,79854929,2.5,10.18
2024-08-29,Pendle,Optimism,12.67,DAI,90446493,2.33,7.83
2024-08-29,Pendle,Base,12.06,USDC,75488337,2.96,9.02
2024-08-29,Pendle,Base,9.95,USDT,87986541,3.39,9.79
2024-08-29,Pendle,Base,12.9,DAI,81858460,2.49,8.73
2024-08-29,Convex,Ethereum,4.61,USDC,172306655,44.83,0
2024-08-29,Convex,Ethereum,3.8,USDT,153026691,52.11,0
2024-08-29,Convex,Ethereum,4.95,DAI,165774790,43.59,0
2024-08-29,Balancer,Ethereum,7.36,USDC,119210171,30.99,0
2024-08-29,Balancer,Ethereum,7.43,DAI,124763632,37.65,0
2024-08-29,Balancer,Arbitrum,8.49,USDT,110616144,3.52,8.55
2024-08-29,Balancer,Arbitrum,8.29,DAI,114092085,3.53,13.37
2024-08-29,Balancer,Optimism,9.12,USDC,123681214,3.03,9.2
2024-08-29,Balancer,Optimism,8.79,USDT,121932403,3.06,7.26
2024-08-29,Balancer,Optimism,10.48,DAI,117792535,3.19,7.55
2024-08-29,Balancer,Polygon,7.42,USDC,122627236,1.68,6.14
2024-08-29,Balancer,Polygon,11.06,USDT,125990656,1.77,9.12
2024-08-29,Balancer,Polygon,9.4,DAI,110725801,1.76,8.83
2024-08-29,Balancer,Base,8.76,USDT,114405816,2.9,10.58
2024-08-29,Balancer,Base,8.51,DAI,123817398,4.0,12.84
2024-08-30,Aave,Ethereum,2.2,USDT,295695494,54.64,0
2024-08-30,Aave,Ethereum,2.65,DAI,290326435,47.32,0
2024-08-30,Aave,Arbitrum,3.29,USDC,294653234,3.85,13.96
2024-08-30,Aave,Arbitrum,3.15,USDT,300295244,3.85,13.23
2024-08-30,Aave,Arbitrum,2.57,DAI,289115569,3.25,15.14
2024-08-30,Aave,Optimism,2.95,USDC,270194939,2.56,11.38
2024-08-30,Aave,Optimism,2.74,USDT,286050706,3.63,9.0
2024-08-30,Aave,Polygon,3.46,USDC,280655377,1.61,7.94
2024-08-30,Aave,Polygon,2.92,USDT,282194982,1.54,6.47
2024-08-30,Aave,Base,3.09,USDC,267294403,3.32,10.01
2024-08-30,Aave,Base,2.62,USDT,265972652,3.07,9.98
2024-08-30,Aave,Base,2.88,DAI,258293161,3.46,5.91
2024-08-30,Compound,Ethereum,2.49,USDC,190268902,37.7,0
2024-08-30,Compound,Ethereum,2.3,USDT,208358288,36.92,0
2024-08-30,Compound,Ethereum,2.13,DAI,200267388,36.96,0
2024-08-30,Compound,Arbitrum,2.63,USDC,202180100,4.38,11.88
2024-08-30,Compound,Arbitrum,3.05,USDT,204531489,4.0,8.28
2024-08-30,Compound,Arbitrum,2.94,DAI,206617374,4.13,13.79
2024-08-30,Compound,Optimism,2.62,USDC,191133559,2.68,7.95
2024-08-30,Compound,Optimism,2.75,USDT,209907204,2.56,7.28
2024-08-30,Compound,Optimism,2.67,DAI,199439273,3.29,6.56
2024-08-30,Compound,Polygon,2.63,USDC,220510095,1.32,5.58
2024-08-30,Compound,Polygon,2.51,DAI,214807900,0.95,8.61
2024-08-30,Compound,Base,2.87,USDT,200297979,3.23,10.11
2024-08-30,Compound,Base,2.37,DAI,195580843,2.94,7.51
2024-08-30,Curve,Ethereum,7.75,USDC,367974341,59.16,0
2024-08-30,Curve,Ethereum,7.09,USDT,387496402,45.35,0
2024-08-30,Curve,Ethereum,8.3,DAI,381807294,39.8,0
2024-08-30,Curve,Arbitrum,10.6,USDC,373867358,3.23,12.28
2024-08-30,Curve,Arbitrum,6.9,USDT,333541038,4.04,16.58
2024-08-30,Curve,Arbitrum,7.16,DAI,347119756,3.84,14.17
2024-08-30,Curve,Optimism,9.31,USDC,345649533,3.42,9.28
2024-08-30,Curve,Optimism,7.75,USDT,359254791,2.84,10.67
2024-08-30,Curve,Optimism,9.77,DAI,369699728,2.58,8.74
2024-08-30,Curve,Polygon,10.51,USDT,369542391,1.33,5.29
2024-08-30,Curve,Polygon,9.95,DAI,363441235,0.94,6.64
2024-08-30,Curve,Base,9.04,USDC,335554754,2.91,10.46
2024-08-30,Uniswap V3,Ethereum,8.04,USDC,103267657,42.36,0
2024-08-30,Uniswap V3,Ethereum,6.85,USDT,114007180,39.05,0
2024-08-30,Uniswap V3,Arbitrum,8.27,USDC,104122932,2.8,7.08
2024-08-30,Uniswap V3,Arbitrum,9.85,USDT,106426110,3.73,10.59
2024-08-30,Uniswap V3,Optimism,9.66,USDT,106395923,2.68,9.2
2024-08-30,Uniswap V3,Optimism,9.11,DAI,113988103,3.39,7.66
2024-08-30,Uniswap V3,Polygon,12.58,USDC,112132325,1.17,6.52
2024-08-30,Uniswap V3,Polygon,11.33,USDT,105959875,1.34,6.69
2024-08-30,Uniswap V3,Polygon,8.69,DAI,114507049,1.17,9.73
2024-08-30,Uniswap V3,Base,10.54,USDC,112656974,3.08,9.36
2024-08-30,Uniswap V3,Base,8.05,USDT,102356606,3.21,8.42
2024-08-30,Uniswap V3,Base,9.93,DAI,105291816,2.58,9.34
2024-08-30,Yearn,Ethereum,3.11,USDC,130067071,50.14,0
2024-08-30,Yearn,Ethereum,3.27,USDT,143509352,42.78,0
2024-08-30,Yearn,Ethereum,3.13,DAI,143377094,46.77,0
2024-08-30,Yearn,Arbitrum,4.19,USDC,130731509,3.15,11.22
2024-08-30,Yearn,Arbitrum,3.96,USDT,134998705,3.37,15.1
2024-08-30,Yearn,Arbitrum,4.01,DAI,135792159,3.18,16.49
2024-08-30,Yearn,Optimism,3.77,USDC,128139998,3.19,5.2
2024-08-30,Yearn,Optimism,3.59,DAI,141673220,3.42,11.02
2024-08-30,Yearn,Polygon,4.67,USDC,141846536,1.65,5.08
2024-08-30,Yearn,Polygon,3.77,USDT,132221199,1.3,9.45
2024-08-30,Yearn,Polygon,4.48,DAI,130490969,1.69,7.5
2024-08-30,Yearn,Base,4.36,USDC,124474410,3.26,10.83
2024-08-30,Yearn,Base,3.06,USDT,136111360,3.09,8.54
2024-08-30,Yearn,Base,3.84,DAI,137009386,3.2,7.82
2024-08-30,Pendle,Ethereum,10.32,USDC,81698145,42.84,0
2024-08-30,Pendle,Ethereum,7.58,USDT,86167827,41.06,0
2024-08-30,Pendle,Ethereum,7.13,DAI,79323459,55.06,0
2024-08-30,Pendle,Arbitrum,9.96,USDC,83618107,3.67,13.46
2024-08-30,Pendle,Arbitrum,13.2,USDT,82771072,2.71,10.66
2024-08-30,Pendle,Arbitrum,12.85,DAI,81912759,3.6,13.25
2024-08-30,Pendle,Optimism,15.07,USDC,81852523,2.51,10.2
2024-08-30,Pendle,Optimism,12.01,USDT,85964334,3.28,10.41
2024-08-30,Pendle,Optimism,10.72,DAI,91156999,2.98,10.12
2024-08-30,Pendle,Base,10.94,USDT,83299456,3.28,9.79
2024-08-30,Pendle,Base,15.09,DAI,85522287,3.24,11.71
2024-08-30,Convex,Ethereum,4.37,USDC,153923222,45.74,0
2024-08-30,Convex,Ethereum,5.3,USDT,161631921,37.72,0
2024-08-30,Convex,Ethereum,4.34,DAI,171679673,28.66,0
2024-08-30,Balancer,Ethereum,8.14,USDC,116080073,40.32,0
2024-08-30,Balancer,Ethereum,7.68,USDT,134682376,25.5,0
2024-08-30,Balancer,Ethereum,7.53,DAI,127736522,45.68,0
2024-08-30,Balancer,Arbitrum,8.93,USDC,122804230,4.93,11.73
2024-08-30,Balancer,Arbitrum,10.67,USDT,120297901,3.19,9.1
2024-08-30,Balancer,Arbitrum,8.56,DAI,118545920,3.87,10.89
2024-08-30,Balancer,Optimism,9.49,USDC,113589069,2.55,7.51
2024-08-30,Balancer,Optimism,9.63,USDT,128617802,2.72,7.3
2024-08-30,Balancer,Polygon,8.93,USDC,122673662,1.45,5.69
2024-08-30,Balancer,Polygon,8.47,USDT,121329056,1.1,7.05
2024-08-30,Balancer,Polygon,7.16,DAI,109485477,1.21,6.98
2024-08-30,Balancer,Base,9.22,USDC,125986532,3.57,7.84
2024-08-31,Aave,Ethereum,2.08,USDT,282887479,18.28,0
2024-08-31,Aave,Ethereum,2.43,DAI,261577295,28.39,0
2024-08-31,Aave,Arbitrum,3.23,USDC,281789741,2.63,12.0
2024-08-31,Aave,Arbitrum,2.46,USDT,301446008,2.42,7.03
2024-08-31,Aave,Arbitrum,3.2,DAI,284048936,2.95,7.82
2024-08-31,Aave,Optimism,2.89,USDC,284169710,2.01,8.04
2024-08-31,Aave,Optimism,2.72,USDT,285548450,2.69,12.94
2024-08-31,Aave,Optimism,2.73,DAI,280842193,2.4,8.08
2024-08-31,Aave,Polygon,3.01,USDC,283220628,1.01,9.89
2024-08-31,Aave,Polygon,2.89,USDT,280468348,0.78,5.93
2024-08-31,Aave,Polygon,2.69,DAI,301859940,0.81,8.35
2024-08-31,Aave,Base,2.92,USDC,287167485,2.32,12.71
2024-08-31,Aave,Base,2.51,USDT,288245499,2.26,8.87
2024-08-31,Aave,Base,3.13,DAI,273059907,2.5,8.96
2024-08-31,Compound,Ethereum,2.01,USDC,199753337,27.29,0
2024-08-31,Compound,Ethereum,2.26,DAI,219720623,28.29,0
2024-08-31,Compound,Arbitrum,2.53,USDC,204317003,3.07,15.2
2024-08-31,Compound,Arbitrum,2.81,USDT,204957319,1.87,13.68
2024-08-31,Compound,Arbitrum,2.77,DAI,210270444,2.5,15.08
2024-08-31,Compound,Optimism,2.73,USDC,207129278,1.67,9.65
2024-08-31,Compound,Optimism,2.55,USDT,205787354,2.4,9.97
2024-08-31,Compound,Optimism,2.56,DAI,207743881,1.79,9.77
2024-08-31,Compound,Polygon,2.92,USDC,202183458,1.36,8.92
2024-08-31,Compound,Polygon,2.91,USDT,197434094,1.05,7.92
2024-08-31,Compound,Polygon,2.9,DAI,216169206,0.81,9.52
2024-08-31,Compound,Base,2.66,USDC,194751521,2.48,10.56
2024-08-31,Compound,Base,2.66,USDT,208357433,1.79,6.9
2024-08-31,Compound,Base,2.96,DAI,209382826,2.49,13.58
2024-08-31,Curve,Ethereum,6.89,USDC,340680746,25.64,0
2024-08-31,Curve,Ethereum,8.29,USDT,372855441,34.35,0
2024-08-31,Curve,Ethereum,7.29,DAI,396178373,26.64,0
2024-08-31,Curve,Arbitrum,9.66,USDC,368547976,2.71,11.56
2024-08-31,Curve,Arbitrum,7.95,USDT,341240269,2.45,13.0
2024-08-31,Curve,Arbitrum,10.41,DAI,380321084,2.04,9.87
2024-08-31,Curve,Optimism,10.52,USDC,355695890,2.21,10.49
2024-08-31,Curve,Optimism,7.79,USDT,348254281,2.05,9.46
2024-08-31,Curve,Optimism,7.91,DAI,384172312,1.9,11.1
2024-08-31,Curve,Polygon,9.18,USDC,326118418,0.99,6.55
2024-08-31,Curve,Base,7.79,USDC,366747209,2.5,5.77
2024-08-31,Curve,Base,10.22,USDT,339763858,1.52,6.65
2024-08-31,Curve,Base,4.96,DAI,350639891,2.29,12.44
2024-08-31,Uniswap V3,Ethereum,11.47,USDC,103492355,24.1,0
2024-08-31,Uniswap V3,Ethereum,7.75,USDT,118275817,19.97,0
2024-08-31,Uniswap V3,Ethereum,8.59,DAI,107396649,31.34,0
2024-08-31,Uniswap V3,Arbitrum,9.56,USDC,112515207,2.87,11.48
2024-08-31,Uniswap V3,Arbitrum,8.12,USDT,108732953,2.35,15.54
2024-08-31,Uniswap V3,Arbitrum,9.84,DAI,116570408,2.22,10.68
2024-08-31,Uniswap V3,Optimism,7.15,USDC,105748719,2.5,9.6
2024-08-31,Uniswap V3,Optimism,9.06,USDT,112189822,2.0,8.47
2024-08-31,Uniswap V3,Optimism,10.63,DAI,104114095,1.28,11.57
2024-08-31,Uniswap V3,Polygon,10.99,USDC,114235320,0.5,9.39
2024-08-31,Uniswap V3,Polygon,11.48,USDT,106154330,0.69,2.87
2024-08-31,Uniswap V3,Polygon,11.03,DAI,114542928,1.16,6.49
2024-08-31,Uniswap V3,Base,9.72,USDC,106698311,1.67,13.15
2024-08-31,Uniswap V3,Base,7.25,USDT,104897072,2.5,7.28
2024-08-31,Uniswap V3,Base,7.79,DAI,108151962,2.13,14.68
2024-08-31,Yearn,Ethereum,3.33,USDC,133464246,35.88,0
2024-08-31,Yearn,Ethereum,2.99,USDT,137247535,19.37,0
2024-08-31,Yearn,Ethereum,3.14,DAI,132205805,35.31,0
2024-08-31,Yearn,Arbitrum,4.17,USDC,136465112,2.14,13.68
2024-08-31,Yearn,Arbitrum,4.28,USDT,136203394,2.64,14.01
2024-08-31,Yearn,Arbitrum,4.17,DAI,131078693,2.32,11.21
2024-08-31,Yearn,Optimism,3.78,USDC,129211023,1.73,9.45
2024-08-31,Yearn,Optimism,3.8,USDT,127936945,2.6,9.13
2024-08-31,Yearn,Optimism,3.74,DAI,143977650,2.29,7.23
2024-08-31,Yearn,Polygon,4.41,USDC,135144610,0.83,7.28
2024-08-31,Yearn,Polygon,4.06,DAI,128916355,0.77,4.42
2024-08-31,Yearn,Base,3.97,USDC,133070371,2.84,8.37
2024-08-31,Yearn,Base,4.12,USDT,133014704,2.41,13.28
2024-08-31,Yearn,Base,3.55,DAI,145191678,2.08,11.0
2024-08-31,Pendle,Ethereum,8.96,USDC,86292771,25.65,0
2024-08-31,Pendle,Ethereum,10.17,DAI,91134242,25.65,0
2024-08-31,Pendle,Arbitrum,12.26,USDT,94124803,1.96,14.33
2024-08-31,Pendle,Arbitrum,12.94,DAI,85655339,2.53,12.98
2024-08-31,Pendle,Optimism,10.42,USDC,89432457,2.58,5.58
2024-08-31,Pendle,Optimism,12.22,USDT,89948470,3.15,7.85
2024-08-31,Pendle,Optimism,11.77,DAI,87268030,2.01,10.08
2024-08-31,Pendle,Base,8.91,USDC,84300187,2.56,9.39
2024-08-31,Pendle,Base,15.04,USDT,79804027,2.64,14.2
2024-08-31,Pendle,Base,13.55,DAI,85659782,2.17,9.53
2024-08-31,Convex,Ethereum,5.02,USDC,189533993,29.17,0
2024-08-31,Convex,Ethereum,4.57,USDT,169536124,39.77,0
2024-08-31,Convex,Ethereum,4.73,DAI,180538440,23.98,0
2024-08-31,Balancer,Ethereum,7.34,USDC,125231516,27.67,0
2024-08-31,Balancer,Ethereum,7.02,USDT,130643029,14.55,0
2024-08-31,Balancer,Ethereum,7.47,DAI,117281005,35.79,0
2024-08-31,Balancer,Arbitrum,10.54,USDC,123179786,2.7,11.71
2024-08-31,Balancer,Arbitrum,9.43,USDT,116067834,1.62,9.16
2024-08-31,Balancer,Arbitrum,9.11,DAI,118508357,3.05,10.91
2024-08-31,Balancer,Optimism,8.71,USDT,123524483,2.64,12.88
2024-08-31,Balancer,Optimism,9.15,DAI,125360257,2.4,9.18
2024-08-31,Balancer,Polygon,9.19,USDC,133297900,1.1,8.7
2024-08-31,Balancer,Polygon,10.3,USDT,133796898,1.18,7.37
2024-08-31,Balancer,Polygon,11.45,DAI,124240707,0.9,6.95
2024-08-31,Balancer,Base,6.58,USDC,118386093,2.49,9.18
2024-08-31,Balancer,Base,9.25,USDT,123805211,2.48,9.3
2024-08-31,Balancer,Base,9.82,DAI,120164390,2.75,9.5
2024-09-01,Aave,Ethereum,2.86,USDC,286264530,28.14,0
2024-09-01,Aave,Ethereum,2.84,DAI,300001388,26.89,0
2024-09-01,Aave,Arbitrum,3.06,USDC,286443323,3.0,11.1
2024-09-01,Aave,Arbitrum,3.2,USDT,287238764,2.28,13.01
2024-09-01,Aave,Arbitrum,3.23,DAI,304202583,1.8,11.36
2024-09-01,Aave,Optimism,2.75,USDC,292691035,2.28,7.3
2024-09-01,Aave,Optimism,2.83,USDT,292175130,2.5,11.05
2024-09-01,Aave,Optimism,2.38,DAI,300058058,1.55,9.35
2024-09-01,Aave,Polygon,3.31,USDC,287354943,1.01,7.35
2024-09-01,Aave,Polygon,3.11,USDT,279526686,1.08,8.75
2024-09-01,Aave,Polygon,3.06,DAI,261033221,0.87,6.22
2024-09-01,Aave,Base,3.22,USDC,303713237,2.5,10.05
2024-09-01,Aave,Base,2.93,USDT,294839700,2.45,9.0
2024-09-01,Aave,Base,2.61,DAI,292555836,2.81,11.84
2024-09-01,Compound,Ethereum,2.23,USDC,208685705,31.36,0
2024-09-01,Compound,Ethereum,2.22,USDT,224178965,31.93,0
2024-09-01,Compound,Ethereum,2.29,DAI,215929103,34.65,0
2024-09-01,Compound,Arbitrum,2.75,USDC,201573136,2.64,11.51
2024-09-01,Compound,Arbitrum,2.01,USDT,203301868,2.38,10.77
2024-09-01,Compound,Arbitrum,2.32,DAI,224306216,1.91,12.16
2024-09-01,Compound,Optimism,2.47,USDC,218115457,2.29,7.49
2024-09-01,Compound,Optimism,2.78,USDT,219325772,2.35,9.91
2024-09-01,Compound,Optimism,2.73,DAI,205500999,1.51,10.17
2024-09-01,Compound,Polygon,2.88,USDC,213141046,0.97,7.37
2024-09-01,Compound,Polygon,3.16,USDT,218112535,1.23,9.1
2024-09-01,Compound,Polygon,2.92,DAI,213243707,1.14,10.45
2024-09-01,Compound,Base,3.0,USDC,214037873,2.08,7.92
2024-09-01,Compound,Base,2.58,USDT,197135081,2.37,9.45
2024-09-01,Compound,Base,2.96,DAI,201932069,2.44,9.49
2024-09-01,Curve,Ethereum,6.82,USDC,384394211,19.18,0
2024-09-01,Curve,Ethereum,8.14,USDT,358872499,31.87,0
2024-09-01,Curve,Ethereum,6.61,DAI,390233362,29.65,0
2024-09-01,Curve,Arbitrum,10.15,USDC,336411766,2.89,9.18
2024-09-01,Curve,Arbitrum,9.89,USDT,377389800,1.99,14.14
2024-09-01,Curve,Optimism,7.15,USDC,349488039,2.16,8.29
2024-09-01,Curve,Optimism,9.2,USDT,395176952,1.77,8.17
2024-09-01,Curve,Optimism,9.35,DAI,387255717,2.12,11.49
2024-09-01,Curve,Polygon,8.48,USDC,386084306,1.05,9.16
2024-09-01,Curve,Polygon,8.54,USDT,385550518,0.97,5.78
2024-09-01,Curve,Polygon,9.56,DAI,377739827,0.81,6.88
2024-09-01,Curve,Base,8.33,USDC,378361475,2.12,10.48
2024-09-01,Curve,Base,9.19,USDT,376783660,2.42,9.8
2024-09-01,Curve,Base,11.55,DAI,344923948,2.52,14.23
2024-09-01,Uniswap V3,Ethereum,8.08,USDC,110161190,27.87,0
2024-09-01,Uniswap V3,Ethereum,8.96,USDT,115131023,31.05,0
2024-09-01,Uniswap V3,Ethereum,8.09,DAI,108167019,28.71,0
2024-09-01,Uniswap V3,Arbitrum,11.82,USDC,119131636,2.05,13.08
2024-09-01,Uniswap V3,Arbitrum,12.01,USDT,110368161,2.63,6.81
2024-09-01,Uniswap V3,Arbitrum,9.75,DAI,117669439,2.48,11.27
2024-09-01,Uniswap V3,Optimism,10.43,USDC,110304750,1.38,8.06
2024-09-01,Uniswap V3,Optimism,8.24,USDT,99685588,1.87,8.67
2024-09-01,Uniswap V3,Optimism,8.87,DAI,108817311,2.4,10.06
2024-09-01,Uniswap V3,Polygon,11.42,USDC,111651447,0.88,8.51
2024-09-01,Uniswap V3,Polygon,8.44,USDT,104035188,0.73,10.5
2024-09-01,Uniswap V3,Polygon,10.51,DAI,99772923,0.96,8.54
2024-09-01,Uniswap V3,Base,9.54,USDC,104114432,2.08,8.31
2024-09-01,Uniswap V3,Base,9.02,USDT,108954526,2.06,12.14
2024-09-01,Uniswap V3,Base,10.29,DAI,112610377,2.79,9.27
2024-09-01,Yearn,Ethereum,3.21,USDC,127346786,23.28,0
2024-09-01,Yearn,Ethereum,3.29,USDT,143292732,31.22,0
2024-09-01,Yearn,Ethereum,3.36,DAI,144067571,29.03,0
2024-09-01,Yearn,Arbitrum,4.05,USDC,144295523,1.95,10.15
2024-09-01,Yearn,Arbitrum,3.97,USDT,140307731,3.23,6.04
2024-09-01,Yearn,Arbitrum,3.81,DAI,131394254,2.38,10.87
2024-09-01,Yearn,Optimism,3.68,USDC,143529215,1.7,8.67
2024-09-01,Yearn,Optimism,3.58,USDT,149676699,1.55,9.42
2024-09-01,Yearn,Optimism,3.37,DAI,140694160,1.48,9.57
2024-09-01,Yearn,Polygon,4.13,USDC,139301672,0.92,7.79
2024-09-01,Yearn,Polygon,4.16,USDT,132651254,0.99,6.38
2024-09-01,Yearn,Polygon,4.09,DAI,142883885,0.78,9.71
2024-09-01,Yearn,Base,3.85,USDC,146022829,2.04,8.61
2024-09-01,Yearn,Base,4.05,USDT,145200779,2.49,8.87
2024-09-01,Yearn,Base,3.6,DAI,144710525,2.05,13.49
2024-09-01,Pendle,Ethereum,9.97,USDC,85126355,23.82,0
2024-09-01,Pendle,Ethereum,10.65,USDT,86448586,30.86,0
2024-09-01,Pendle,Ethereum,11.29,DAI,85221027,27.13,0
2024-09-01,Pendle,Arbitrum,14.18,USDC,94227679,2.79,11.29
2024-09-01,Pendle,Arbitrum,12.38,USDT,90666755,1.81,13.24
2024-09-01,Pendle,Optimism,12.7,USDC,93259436,1.45,7.35
2024-09-01,Pendle,Optimism,11.31,USDT,90532942,2.0,9.97
2024-09-01,Pendle,Optimism,13.46,DAI,82006629,2.51,9.32
2024-09-01,Pendle,Base,11.99,USDC,81612242,2.44,9.14
2024-09-01,Pendle,Base,13.11,USDT,89887692,2.57,10.17
2024-09-01,Pendle,Base,11.95,DAI,81275057,2.43,10.37
2024-09-01,Convex,Ethereum,5.26,USDC,167027542,20.87,0
2024-09-01,Convex,Ethereum,4.29,USDT,175052479,29.11,0
2024-09-01,Convex,Ethereum,4.97,DAI,180350927,22.84,0
2024-09-01,Balancer,Ethereum,7.85,USDC,120327518,31.22,0
2024-09-01,Balancer,Ethereum,7.05,USDT,121459096,23.56,0
2024-09-01,Balancer,Ethereum,6.4,DAI,127365196,24.27,0
2024-09-01,Balancer,Arbitrum,9.15,USDC,134813082,2.51,11.17
2024-09-01,Balancer,Arbitrum,9.48,USDT,131384839,2.22,9.61
2024-09-01,Balancer,Arbitrum,7.01,DAI,131074471,2.45,12.93
2024-09-01,Balancer,Optimism,8.9,USDC,135997236,1.76,8.69
2024-09-01,Balancer,Optimism,7.9,USDT,129014401,2.06,7.28
2024-09-01,Balancer,Optimism,7.24,DAI,130691637,2.07,9.21
2024-09-01,Balancer,Polygon,9.54,USDC,134942546,1.12,6.2
2024-09-01,Balancer,Polygon,9.83,USDT,128529685,0.91,8.36
2024-09-01,Balancer,Polygon,10.19,DAI,133194804,0.89,8.43
2024-09-01,Balancer,Base,8.16,USDC,128690754,2.51,10.8
2024-09-01,Balancer,Base,10.31,USDT,124779674,1.66,10.12
2024-09-01,Balancer,Base,10.08,DAI,116679957,2.45,10.55
2024-09-02,Aave,Ethereum,2.32,USDC,283177366,43.53,0
2024-09-02,Aave,Ethereum,2.38,USDT,319750377,43.71,0
2024-09-02,Aave,Ethereum,2.19,DAI,298781606,31.94,0
2024-09-02,Aave,Arbitrum,3.05,USDC,287904860,1.56,12.52
2024-09-02,Aave,Arbitrum,3.32,USDT,316901197,3.41,11.53
2024-09-02,Aave,Arbitrum,3.26,DAI,300730139,4.37,14.56
2024-09-02,Aave,Optimism,2.75,USDC,287299217,2.04,9.75
2024-09-02,Aave,Optimism,3.1,USDT,294864081,2.67,7.4
2024-09-02,Aave,Optimism,2.8,DAI,264137268,3.04,8.44
2024-09-02,Aave,Polygon,3.4,USDC,301424252,2.11,7.68
2024-09-02,Aave,Polygon,2.88,USDT,302579468,1.73,4.74
2024-09-02,Aave,Polygon,3.46,DAI,273091180,1.76,4.97
2024-09-02,Aave,Base,3.09,USDC,296982462,3.03,9.79
2024-09-02,Aave,Base,2.82,USDT,316140673,3.47,5.81
2024-09-02,Aave,Base,3.02,DAI,259313688,3.53,12.29
2024-09-02,Compound,Ethereum,2.23,USDT,217373847,29.09,0
2024-09-02,Compound,Ethereum,2.31,DAI,201252101,36.04,0
2024-09-02,Compound,Arbitrum,2.91,USDC,211061208,4.75,14.11
2024-09-02,Compound,Arbitrum,2.5,USDT,212226323,2.86,9.33
2024-09-02,Compound,Arbitrum,2.83,DAI,215123323,3.88,10.34
2024-09-02,Compound,Optimism,2.63,USDC,226311373,2.3,8.19
2024-09-02,Compound,Optimism,2.63,USDT,203539823,3.28,8.87
2024-09-02,Compound,Optimism,2.39,DAI,205122274,1.83,10.43
2024-09-02,Compound,Polygon,3.23,USDC,213359619,1.07,10.22
2024-09-02,Compound,Polygon,2.97,USDT,206288261,1.83,8.38
2024-09-02,Compound,Polygon,3.08,DAI,209925005,1.45,11.57
2024-09-02,Compound,Base,2.88,USDC,210244156,3.71,10.23
2024-09-02,Compound,Base,3.04,USDT,209589175,3.09,10.03
2024-09-02,Compound,Base,2.58,DAI,221984108,3.33,8.35
2024-09-02,Curve,Ethereum,6.97,USDC,356923123,42.3,0
2024-09-02,Curve,Ethereum,7.35,USDT,378599908,47.66,0
2024-09-02,Curve,Ethereum,7.99,DAI,390047128,45.5,0
2024-09-02,Curve,Arbitrum,9.04,USDC,367473206,2.54,15.73
2024-09-02,Curve,Arbitrum,6.3,USDT,390138446,4.41,10.39
2024-09-02,Curve,Arbitrum,9.6,DAI,380639909,3.41,8.22
2024-09-02,Curve,Optimism,8.31,USDC,366135519,2.42,8.23
2024-09-02,Curve,Optimism,7.87,USDT,397123636,1.72,7.75
2024-09-02,Curve,Optimism,8.18,DAI,396677144,2.62,7.83
2024-09-02,Curve,Polygon,9.81,USDT,373590390,1.17,9.09
2024-09-02,Curve,Polygon,10.92,DAI,350364491,1.48,8.45
2024-09-02,Curve,Base,9.48,USDT,385001875,3.72,9.56
2024-09-02,Curve,Base,7.92,DAI,403320270,3.26,10.16
2024-09-02,Uniswap V3,Ethereum,7.45,USDC,111836771,41.94,0
2024-09-02,Uniswap V3,Ethereum,7.85,USDT,108303030,52.54,0
2024-09-02,Uniswap V3,Ethereum,10.11,DAI,112142340,37.01,0
2024-09-02,Uniswap V3,Arbitrum,10.48,USDC,109935281,4.2,12.37
2024-09-02,Uniswap V3,Arbitrum,9.97,USDT,115067700,2.96,10.61
2024-09-02,Uniswap V3,Arbitrum,10.98,DAI,109799261,5.08,12.72
2024-09-02,Uniswap V3,Optimism,8.45,USDC,117242004,2.3,9.02
2024-09-02,Uniswap V3,Optimism,10.4,USDT,116974602,2.41,7.35
2024-09-02,Uniswap V3,Optimism,8.85,DAI,111506656,2.43,10.68
2024-09-02,Uniswap V3,Polygon,9.08,USDC,109792549,1.78,8.53
2024-09-02,Uniswap V3,Polygon,12.22,USDT,112824963,1.27,8.46
2024-09-02,Uniswap V3,Polygon,11.8,DAI,110823793,1.75,8.22
2024-09-02,Uniswap V3,Base,10.52,USDC,110795742,2.77,8.73
2024-09-02,Uniswap V3,Base,9.2,USDT,110904617,2.92,10.87
2024-09-02,Uniswap V3,Base,10.49,DAI,110014196,3.38,9.5
2024-09-02,Yearn,Ethereum,3.09,USDC,138792743,44.24,0
2024-09-02,Yearn,Ethereum,3.22,USDT,143598159,38.91,0
2024-09-02,Yearn,Ethereum,3.23,DAI,138976788,38.6,0
2024-09-02,Yearn,Arbitrum,3.81,USDT,132363337,4.26,8.62
2024-09-02,Yearn,Arbitrum,3.82,DAI,132413672,4.21,10.3
2024-09-02,Yearn,Optimism,3.9,USDC,148935933,2.57,9.05
2024-09-02,Yearn,Optimism,3.78,USDT,151701872,3.22,11.64
2024-09-02,Yearn,Optimism,3.94,DAI,139082516,2.73,5.9
2024-09-02,Yearn,Polygon,4.31,USDC,130777818,1.35,7.11
2024-09-02,Yearn,Polygon,4.45,USDT,141323557,1.48,4.69
2024-09-02,Yearn,Polygon,4.1,DAI,152203111,1.3,9.25
2024-09-02,Yearn,Base,3.79,USDC,144821883,3.12,14.54
2024-09-02,Yearn,Base,3.37,USDT,141222872,3.24,10.41
2024-09-02,Yearn,Base,3.44,DAI,129761425,3.18,10.56
2024-09-02,Pendle,Ethereum,10.71,USDC,86725084,38.62,0
2024-09-02,Pendle,Ethereum,10.82,USDT,91499551,36.89,0
2024-09-02,Pendle,Ethereum,8.82,DAI,91277703,52.58,0
2024-09-02,Pendle,Arbitrum,13.37,USDC,91362639,4.1,15.6
2024-09-02,Pendle,Arbitrum,13.88,USDT,89685048,3.83,13.29
2024-09-02,Pendle,Arbitrum,14.25,DAI,97581837,3.75,13.0
2024-09-02,Pendle,Optimism,15.58,USDC,87509373,2.63,8.08
2024-09-02,Pendle,Optimism,11.64,USDT,83345887,3.25,8.96
2024-09-02,Pendle,Optimism,11.32,DAI,80374314,2.43,11.14
2024-09-02,Pendle,Base,14.79,USDC,91881016,2.69,10.49
2024-09-02,Pendle,Base,12.82,USDT,84633820,2.73,10.33
2024-09-02,Pendle,Base,13.9,DAI,84417079,3.97,8.5
2024-09-02,Convex,Ethereum,4.3,USDC,180801365,42.4,0
2024-09-02,Convex,Ethereum,5.79,USDT,180982290,50.94,0
2024-09-02,Balancer,Ethereum,6.53,USDC,128793488,44.62,0
2024-09-02,Balancer,Ethereum,7.9,USDT,125261948,57.52,0
2024-09-02,Balancer,Ethereum,7.53,DAI,131971048,39.89,0
2024-09-02,Balancer,Arbitrum,9.59,USDC,129135131,2.98,13.34
2024-09-02,Balancer,Arbitrum,9.43,USDT,130731196,3.43,12.8
2024-09-02,Balancer,Arbitrum,9.97,DAI,121817131,4.4,6.93
2024-09-02,Balancer,Optimism,7.87,USDC,127711815,2.72,12.76
2024-09-02,Balancer,Optimism,8.89,USDT,121918292,2.89,10.16
2024-09-02,Balancer,Optimism,9.7,DAI,127061110,3.01,10.17
2024-09-02,Balancer,Polygon,10.73,USDC,122234770,1.54,7.96
2024-09-02,Balancer,Polygon,9.64,USDT,125365855,1.61,5.61
2024-09-02,Balancer,Polygon,9.04,DAI,134657452,1.41,9.32
2024-09-02,Balancer,Base,8.79,USDC,136042052,2.81,12.29
2024-09-02,Balancer,Base,9.18,USDT,140002358,3.87,8.74
2024-09-02,Balancer,Base,9.95,DAI,128260709,4.22,7.61
2024-09-03,Aave,Ethereum,2.28,USDC,284827845,46.35,0
2024-09-03,Aave,Ethereum,2.56,USDT,288793943,34.85,0
2024-09-03,Aave,Ethereum,2.62,DAI,302510598,40.27,0
2024-09-03,Aave,Arbitrum,2.6,USDC,308195326,3.72,12.19
2024-09-03,Aave,Arbitrum,3.16,USDT,294305053,2.65,11.13
2024-09-03,Aave,Arbitrum,3.02,DAI,312209852,2.82,12.38
2024-09-03,Aave,Optimism,2.98,USDC,314395309,2.91,7.11
2024-09-03,Aave,Optimism,2.65,DAI,294220292,2.81,5.2
2024-09-03,Aave,Polygon,2.91,USDC,271436184,1.72,8.13
2024-09-03,Aave,Polygon,3.17,USDT,294225315,1.8,6.8
2024-09-03,Aave,Polygon,3.21,DAI,302926504,1.07,8.63
2024-09-03,Compound,Ethereum,2.27,USDC,198159931,33.7,0
2024-09-03,Compound,Ethereum,2.21,DAI,214098909,38.79,0
2024-09-03,Compound,Arbitrum,2.89,USDC,225459750,3.03,8.3
2024-09-03,Compound,Arbitrum,3.07,USDT,227727329,4.28,10.17
2024-09-03,Compound,Arbitrum,2.44,DAI,229292437,2.96,11.47
2024-09-03,Compound,Optimism,2.52,USDC,232700051,2.97,7.49
2024-09-03,Compound,Optimism,3.05,USDT,206712414,3.24,6.98
2024-09-03,Compound,Polygon,2.99,USDC,219872644,1.2,8.8
2024-09-03,Compound,Polygon,2.85,USDT,212180437,1.16,7.76
2024-09-03,Compound,Polygon,2.93,DAI,213758612,1.92,6.65
2024-09-03,Compound,Base,2.6,USDT,211509039,3.18,11.2
2024-09-03,Compound,Base,2.75,DAI,214648939,3.63,7.85
2024-09-03,Curve,Ethereum,8.05,USDT,396610116,49.69,0
2024-09-03,Curve,Ethereum,8.33,DAI,361759536,40.06,0
2024-09-03,Curve,Arbitrum,10.24,USDC,385014457,3.3,9.78
2024-09-03,Curve,Arbitrum,10.2,USDT,369051454,2.83,11.56
2024-09-03,Curve,Arbitrum,9.32,DAI,381736247,4.07,11.44
2024-09-03,Curve,Optimism,9.3,USDC,406372882,3.22,9.07
2024-09-03,Curve,Optimism,8.2,USDT,415863208,2.39,10.27
2024-09-03,Curve,Optimism,8.13,DAI,385168301,2.08,8.23
2024-09-03,Curve,Polygon,9.85,USDC,379856157,1.89,8.03
2024-09-03,Curve,Polygon,10.65,USDT,376693365,1.37,6.72
2024-09-03,Curve,Polygon,8.54,DAI,390489878,1.54,8.31
2024-09-03,Curve,Base,8.49,USDC,383227155,2.8,9.64
2024-09-03,Curve,Base,6.86,USDT,384284009,3.95,7.03
2024-09-03,Curve,Base,8.35,DAI,380619092,3.34,13.04
2024-09-03,Uniswap V3,Ethereum,8.47,USDC,121935757,35.7,0
2024-09-03,Uniswap V3,Ethereum,8.44,USDT,111291630,57.45,0
2024-09-03,Uniswap V3,Ethereum,9.01,DAI,113334305,45.85,0
2024-09-03,Uniswap V3,Arbitrum,9.69,USDC,121796928,2.78,11.1
2024-09-03,Uniswap V3,Arbitrum,8.59,USDT,108880978,3.61,15.51
2024-09-03,Uniswap V3,Arbitrum,9.92,DAI,115464711,1.37,12.16
2024-09-03,Uniswap V3,Optimism,9.54,USDT,108424863,3.35,9.5
2024-09-03,Uniswap V3,Optimism,9.59,DAI,112181858,3.06,8.16
2024-09-03,Uniswap V3,Polygon,6.91,USDC,104066903,1.26,8.42
2024-09-03,Uniswap V3,Polygon,12.42,USDT,106069602,1.53,7.9
2024-09-03,Uniswap V3,Polygon,7.63,DAI,115955979,2.1,7.08
2024-09-03,Uniswap V3,Base,9.99,USDC,110091924,2.71,9.0
2024-09-03,Uniswap V3,Base,9.78,DAI,116084796,3.31,10.63
2024-09-03,Yearn,Ethereum,2.96,USDC,139100264,40.09,0
2024-09-03,Yearn,Ethereum,3.21,USDT,157308461,32.91,0
2024-09-03,Yearn,Ethereum,3.14,DAI,132601536,33.52,0
2024-09-03,Yearn,Arbitrum,4.34,USDC,139969857,3.29,14.16
2024-09-03,Yearn,Arbitrum,3.99,USDT,135206120,3.87,9.58
2024-09-03,Yearn,Arbitrum,4.18,DAI,141436600,2.83,11.74
2024-09-03,Yearn,Optimism,4.02,USDC,145086186,3.5,6.37
2024-09-03,Yearn,Optimism,3.96,USDT,137119237,3.03,8.68
2024-09-03,Yearn,Optimism,3.61,DAI,152372791,3.25,7.26
2024-09-03,Yearn,Polygon,4.15,USDC,144661812,1.18,7.78
2024-09-03,Yearn,Polygon,4.65,USDT,145033413,2.24,6.26
2024-09-03,Yearn,Polygon,4.22,DAI,139156899,1.66,6.17
2024-09-03,Yearn,Base,4.1,USDC,148402664,3.1,9.35
2024-09-03,Yearn,Base,4.45,USDT,134827464,2.83,10.88
2024-09-03,Yearn,Base,3.86,DAI,154430204,3.32,5.73
2024-09-03,Pendle,Ethereum,11.88,USDT,91331120,43.14,0
2024-09-03,Pendle,Ethereum,8.61,DAI,89392256,44.42,0
2024-09-03,Pendle,Arbitrum,16.1,USDC,87134538,3.74,12.76
2024-09-03,Pendle,Arbitrum,12.03,USDT,87179113,4.52,15.5
2024-09-03,Pendle,Optimism,13.01,USDC,89127226,2.04,8.31
2024-09-03,Pendle,Optimism,16.1,USDT,94180777,3.46,12.31
2024-09-03,Pendle,Optimism,10.65,DAI,90169141,3.04,8.75
2024-09-03,Pendle,Base,13.29,USDC,90329453,3.69,12.19
2024-09-03,Pendle,Base,13.15,USDT,93055049,2.59,10.68
2024-09-03,Pendle,Base,13.07,DAI,94385863,3.29,7.63
2024-09-03,Convex,Ethereum,4.46,USDC,180386277,45.86,0
2024-09-03,Convex,Ethereum,3.64,USDT,169522659,32.15,0
2024-09-03,Convex,Ethereum,4.45,DAI,181424922,23.11,0
2024-09-03,Balancer,Ethereum,7.26,USDT,141482767,39.1,0
2024-09-03,Balancer,Ethereum,8.25,DAI,132153374,46.54,0
2024-09-03,Balancer,Arbitrum,7.74,USDC,131635332,4.52,11.93
2024-09-03,Balancer,Arbitrum,9.98,USDT,130620331,2.84,15.7
2024-09-03,Balancer,Arbitrum,9.39,DAI,126149395,3.91,12.69
2024-09-03,Balancer,Optimism,9.48,USDC,128393065,1.41,6.77
2024-09-03,Balancer,Optimism,10.15,USDT,135643856,3.53,13.06
2024-09-03,Balancer,Optimism,8.11,DAI,132034900,3.38,10.59
2024-09-03,Balancer,Polygon,7.11,USDC,138916320,1.17,6.93
2024-09-03,Balancer,Base,9.06,USDC,128821107,3.13,10.25
2024-09-03,Balancer,Base,8.14,USDT,133308091,3.36,5.63
2024-09-03,Balancer,Base,9.22,DAI,120604536,3.13,9.43
2024-09-04,Aave,Ethereum,2.31,USDC,295000505,47.26,0
2024-09-04,Aave,Ethereum,2.69,USDT,319926872,42.24,0
2024-09-04,Aave,Ethereum,2.37,DAI,286435959,30.89,0
2024-09-04,Aave,Arbitrum,2.74,USDC,300701856,2.74,11.8
2024-09-04,Aave,Arbitrum,2.98,USDT,286458527,3.88,13.97
2024-09-04,Aave,Arbitrum,3.4,DAI,320355730,3.4,8.23
2024-09-04,Aave,Optimism,2.47,USDC,309913830,3.28,9.85
2024-09-04,Aave,Optimism,2.84,USDT,326274024,3.02,9.03
2024-09-04,Aave,Optimism,2.86,DAI,270465945,2.68,9.52
2024-09-04,Aave,Polygon,2.76,USDC,288110319,0.99,7.18
2024-09-04,Aave,Polygon,2.84,USDT,315385466,1.21,5.42
2024-09-04,Aave,Polygon,3.48,DAI,311183236,1.5,11.45
2024-09-04,Aave,Base,3.12,USDC,308099604,3.74,11.94
2024-09-04,Aave,Base,3.22,DAI,312449971,3.82,7.0
2024-09-04,Compound,Ethereum,2.36,USDT,214682940,37.35,0
2024-09-04,Compound,Ethereum,2.39,DAI,212919644,43.75,0
2024-09-04,Compound,Arbitrum,2.81,USDC,223378875,4.97,15.55
2024-09-04,Compound,Arbitrum,2.71,USDT,212428790,4.17,9.2
2024-09-04,Compound,Arbitrum,3.0,DAI,212571145,4.83,11.94
2024-09-04,Compound,Optimism,2.83,USDC,229536680,3.81,8.13
2024-09-04,Compound,Optimism,3.02,USDT,215904493,2.9,9.7
2024-09-04,Compound,Optimism,2.56,DAI,219537137,2.19,10.46
2024-09-04,Compound,Polygon,3.1,USDT,212583260,1.79,11.38
2024-09-04,Compound,Polygon,3.01,DAI,216389772,1.99,9.36
2024-09-04,Compound,Base,2.78,USDC,219793701,4.0,11.51
2024-09-04,Compound,Base,2.76,USDT,212806298,3.55,9.56
2024-09-04,Compound,Base,2.45,DAI,231303796,3.48,6.43
2024-09-04,Curve,Ethereum,6.95,USDC,388798417,37.99,0
2024-09-04,Curve,Ethereum,5.57,USDT,398394528,50.81,0
2024-09-04,Curve,Ethereum,8.15,DAI,399274605,43.56,0
2024-09-04,Curve,Arbitrum,11.72,USDC,394427744,2.8,9.04
2024-09-04,Curve,Arbitrum,6.83,USDT,384003466,2.8,13.59
2024-09-04,Curve,Arbitrum,10.29,DAI,418440697,4.57,12.66
2024-09-04,Curve,Optimism,10.09,USDC,408298762,3.36,6.74
2024-09-04,Curve,Optimism,10.33,USDT,384421341,3.55,9.35
2024-09-04,Curve,Optimism,7.13,DAI,393908817,2.32,7.3
2024-09-04,Curve,Polygon,10.23,USDC,419195960,1.36,6.43
2024-09-04,Curve,Polygon,8.01,USDT,361790154,1.81,6.62
2024-09-04,Curve,Polygon,7.35,DAI,364727167,1.48,7.34
2024-09-04,Curve,Base,8.36,USDC,397494593,3.24,6.9
2024-09-04,Curve,Base,8.7,USDT,386212795,3.35,8.35
2024-09-04,Curve,Base,10.01,DAI,362968142,3.44,9.59
2024-09-04,Uniswap V3,Ethereum,7.36,USDT,114261211,58.65,0
2024-09-04,Uniswap V3,Ethereum,7.88,DAI,120287766,38.45,0
2024-09-04,Uniswap V3,Arbitrum,11.96,USDC,119078544,3.67,8.13
2024-09-04,Uniswap V3,Arbitrum,9.66,DAI,112388167,4.38,14.23
2024-09-04,Uniswap V3,Optimism,7.91,USDC,115389015,2.19,10.63
2024-09-04,Uniswap V3,Optimism,6.96,USDT,124842161,2.77,7.41
2024-09-04,Uniswap V3,Optimism,10.11,DAI,115671504,2.29,12.66
2024-09-04,Uniswap V3,Polygon,10.46,USDC,127732566,1.0,8.53
2024-09-04,Uniswap V3,Polygon,6.56,USDT,109743109,1.63,9.45
2024-09-04,Uniswap V3,Polygon,11.15,DAI,112104137,1.64,8.17
2024-09-04,Uniswap V3,Base,10.1,USDC,122640223,3.57,12.81
2024-09-04,Uniswap V3,Base,11.58,USDT,114507639,3.7,10.96
2024-09-04,Uniswap V3,Base,10.01,DAI,114604892,3.07,10.68
2024-09-04,Yearn,Ethereum,3.28,USDC,152376756,40.78,0
2024-09-04,Yearn,Ethereum,2.81,USDT,137317892,45.32,0
2024-09-04,Yearn,Arbitrum,3.95,USDC,158974544,4.87,4.35
2024-09-04,Yearn,Arbitrum,4.45,DAI,148238350,2.97,13.3
2024-09-04,Yearn,Optimism,4.31,USDC,148910972,2.89,8.72
2024-09-04,Yearn,Optimism,3.8,USDT,150285701,3.74,10.8
2024-09-04,Yearn,Optimism,3.96,DAI,146138070,2.45,9.29
2024-09-04,Yearn,Polygon,4.44,USDC,146110801,1.44,7.9
2024-09-04,Yearn,Polygon,3.76,USDT,144208007,1.55,8.63
2024-09-04,Yearn,Polygon,4.5,DAI,145841849,1.73,2.93
2024-09-04,Yearn,Base,4.15,USDC,149441687,3.58,12.12
2024-09-04,Yearn,Base,4.68,USDT,142176893,3.4,9.34
2024-09-04,Yearn,Base,3.58,DAI,155273413,3.33,9.52
2024-09-04,Pendle,Ethereum,10.63,USDC,89826867,38.5,0
2024-09-04,Pendle,Ethereum,7.77,USDT,99322131,42.56,0
2024-09-04,Pendle,Ethereum,11.87,DAI,94446838,49.79,0
2024-09-04,Pendle,Arbitrum,15.34,USDC,96354788,4.47,13.62
2024-09-04,Pendle,Arbitrum,13.24,USDT,91000327,3.79,13.39
2024-09-04,Pendle,Arbitrum,12.24,DAI,89092164,2.69,10.38
2024-09-04,Pendle,Optimism,11.46,USDC,98325020,2.22,9.62
2024-09-04,Pendle,Optimism,12.9,USDT,91857764,2.15,12.59
2024-09-04,Pendle,Optimism,12.35,DAI,96894936,3.07,6.74
2024-09-04,Pendle,Base,16.14,USDC,97125372,3.33,5.83
2024-09-04,Pendle,Base,13.1,USDT,91077607,3.25,9.47
2024-09-04,Pendle,Base,11.6,DAI,89034359,3.21,10.11
2024-09-04,Convex,Ethereum,4.85,USDC,181095640,34.2,0
2024-09-04,Convex,Ethereum,5.46,USDT,189169882,39.49,0
2024-09-04,Convex,Ethereum,3.56,DAI,179851825,41.99,0
2024-09-04,Balancer,Ethereum,10.21,USDC,141930200,35.58,0
2024-09-04,Balancer,Ethereum,7.79,USDT,133573855,52.78,0
2024-09-04,Balancer,Ethereum,6.04,DAI,133999594,31.73,0
2024-09-04,Balancer,Arbitrum,7.57,USDC,134074835,4.94,16.25
2024-09-04,Balancer,Arbitrum,9.49,USDT,135135479,3.37,17.9
2024-09-04,Balancer,Arbitrum,9.09,DAI,135796249,4.52,18.44
2024-09-04,Balancer,Optimism,7.54,USDC,128026766,3.95,8.93
2024-09-04,Balancer,Optimism,8.92,USDT,138538663,3.74,10.44
2024-09-04,Balancer,Optimism,9.47,DAI,144087810,3.17,9.16
2024-09-04,Balancer,Polygon,8.54,USDC,134827621,1.0,9.5
2024-09-04,Balancer,Polygon,10.07,USDT,129148516,1.6,8.49
2024-09-04,Balancer,Base,7.43,USDC,128256842,3.46,10.08
2024-09-04,Balancer,Base,11.37,USDT,135193342,3.4,7.07
2024-09-04,Balancer,Base,9.31,DAI,127624027,3.81,6.92
2024-09-05,Aave,Ethereum,2.34,USDC,333240666,51.5,0
2024-09-05,Aave,Ethereum,2.63,USDT,313271952,35.54,0
2024-09-05,Aave,Ethereum,2.58,DAI,301021840,44.74,0
2024-09-05,Aave,Arbitrum,2.72,USDC,305692738,4.61,16.74
2024-09-05,Aave,Arbitrum,3.23,USDT,313940407,4.02,9.76
2024-09-05,Aave,Arbitrum,3.24,DAI,315638392,2.76,11.19
2024-09-05,Aave,Optimism,2.86,USDT,298962568,2.89,8.41
2024-09-05,Aave,Optimism,2.72,DAI,315973601,2.32,9.69
2024-09-05,Aave,Polygon,3.74,USDC,292488175,1.04,5.75
2024-09-05,Aave,Polygon,3.49,USDT,308522239,1.39,7.77
2024-09-05,Aave,Polygon,3.36,DAI,316963130,1.45,7.29
2024-09-05,Aave,Base,2.97,DAI,316775587,3.12,7.96
2024-09-05,Compound,Ethereum,2.03,USDC,219381947,36.24,0
2024-09-05,Compound,Ethereum,2.19,USDT,214784689,42.04,0
2024-09-05,Compound,Ethereum,2.38,DAI,217933872,37.06,0
2024-09-05,Compound,Arbitrum,2.84,USDC,216356735,3.32,10.89
2024-09-05,Compound,Arbitrum,2.88,USDT,217918570,3.43,12.87
2024-09-05,Compound,Arbitrum,2.95,DAI,220316754,3.59,10.34
2024-09-05,Compound,Optimism,2.57,USDC,221784886,4.13,7.6
2024-09-05,Compound,Optimism,2.66,USDT,237732466,3.31,9.65
2024-09-05,Compound,Polygon,2.89,USDC,211436363,1.68,6.47
2024-09-05,Compound,Polygon,3.2,USDT,234841072,1.63,7.14
2024-09-05,Compound,Polygon,2.72,DAI,194916105,1.28,6.67
2024-09-05,Compound,Base,2.48,USDC,224235635,3.77,9.68
2024-09-05,Compound,Base,2.34,USDT,236113125,3.0,12.37
2024-09-05,Compound,Base,2.74,DAI,230340571,3.42,8.84
2024-09-05,Curve,Ethereum,7.55,USDC,397056192,46.31,0
2024-09-05,Curve,Ethereum,6.68,USDT,374093162,43.58,0
2024-09-05,Curve,Ethereum,8.96,DAI,394627004,44.66,0
2024-09-05,Curve,Arbitrum,6.99,USDC,372757992,4.47,15.14
2024-09-05,Curve,Arbitrum,9.47,USDT,382695161,3.05,9.85
2024-09-05,Curve,Arbitrum,9.75,DAI,402597228,2.54,12.21
2024-09-05,Curve,Optimism,9.16,USDC,397236882,2.96,11.31
2024-09-05,Curve,Optimism,7.79,USDT,399705357,3.06,7.06
2024-09-05,Curve,Optimism,8.05,DAI,385326665,3.31,9.84
2024-09-05,Curve,Polygon,10.98,USDC,387185251,1.4,7.58
2024-09-05,Curve,Polygon,9.17,USDT,398410192,1.5,7.99
2024-09-05,Curve,Polygon,8.73,DAI,429238228,0.81,7.22
2024-09-05,Curve,Base,10.05,USDC,375802575,2.73,10.22
2024-09-05,Curve,Base,8.07,USDT,390104398,3.57,9.66
2024-09-05,Curve,Base,10.3,DAI,379057926,4.38,10.38
2024-09-05,Uniswap V3,Ethereum,7.4,USDC,119058624,43.35,0
2024-09-05,Uniswap V3,Ethereum,6.27,USDT,113349747,23.26,0
2024-09-05,Uniswap V3,Ethereum,7.44,DAI,115801287,41.77,0
2024-09-05,Uniswap V3,Arbitrum,10.55,USDC,114655102,5.24,10.77
2024-09-05,Uniswap V3,Arbitrum,8.47,USDT,126095350,4.85,12.16
2024-09-05,Uniswap V3,Optimism,10.59,USDC,115504936,3.52,12.2
2024-09-05,Uniswap V3,Optimism,8.6,DAI,117897012,2.48,13.72
2024-09-05,Uniswap V3,Polygon,7.77,USDC,126870439,1.73,5.45
2024-09-05,Uniswap V3,Polygon,12.5,USDT,119642649,1.65,6.2
2024-09-05,Uniswap V3,Polygon,11.82,DAI,114828692,1.47,7.16
2024-09-05,Uniswap V3,Base,10.66,USDT,120039802,3.17,6.4
2024-09-05,Uniswap V3,Base,10.67,DAI,120379397,3.56,9.85
2024-09-05,Yearn,Ethereum,3.26,USDC,150275255,51.53,0
2024-09-05,Yearn,Ethereum,3.36,USDT,150896427,36.33,0
2024-09-05,Yearn,Ethereum,3.45,DAI,147921234,43.74,0
2024-09-05,Yearn,Arbitrum,3.85,USDC,144020053,4.0,12.88
2024-09-05,Yearn,Arbitrum,3.98,USDT,153971614,3.63,10.99
2024-09-05,Yearn,Arbitrum,4.03,DAI,149818206,3.59,11.91
2024-09-05,Yearn,Optimism,3.69,USDC,146182188,2.79,9.37
2024-09-05,Yearn,Optimism,3.61,USDT,158373514,2.67,10.13
2024-09-05,Yearn,Optimism,3.39,DAI,139017520,3.33,5.87
2024-09-05,Yearn,Polygon,4.62,USDC,141367756,1.52,8.84
2024-09-05,Yearn,Polygon,4.52,USDT,155098907,1.17,8.86
2024-09-05,Yearn,Polygon,3.81,DAI,141407029,1.19,8.48
2024-09-05,Yearn,Base,3.47,USDC,149879678,3.17,9.67
2024-09-05,Yearn,Base,3.66,USDT,147293348,3.28,9.87
2024-09-05,Yearn,Base,4.26,DAI,147058596,2.57,7.21
2024-09-05,Pendle,Ethereum,10.52,USDC,93457526,34.77,0
2024-09-05,Pendle,Ethereum,8.63,DAI,93290397,52.39,0
2024-09-05,Pendle,Arbitrum,13.39,USDC,92663316,2.8,10.22
2024-09-05,Pendle,Arbitrum,17.07,USDT,94197941,3.68,15.97
2024-09-05,Pendle,Arbitrum,10.23,DAI,87649226,3.8,10.87
2024-09-05,Pendle,Optimism,10.47,USDC,94151768,2.84,12.45
2024-09-05,Pendle,Optimism,11.36,USDT,87461213,3.39,8.68
2024-09-05,Pendle,Optimism,14.05,DAI,86861360,3.7,12.3
2024-09-05,Pendle,Base,13.91,USDC,89022272,3.38,12.27
2024-09-05,Pendle,Base,16.98,USDT,96378350,3.57,6.25
2024-09-05,Pendle,Base,12.87,DAI,92319788,3.66,10.36
2024-09-05,Convex,Ethereum,5.46,USDC,190726426,43.7,0
2024-09-05,Convex,Ethereum,4.88,USDT,188236617,44.31,0
2024-09-05,Convex,Ethereum,4.76,DAI,187093286,39.55,0
2024-09-05,Balancer,Ethereum,6.97,USDC,127852051,43.11,0
2024-09-05,Balancer,Ethereum,8.32,DAI,133335991,41.43,0
2024-09-05,Balancer,Arbitrum,9.26,USDC,131824197,2.87,12.88
2024-09-05,Balancer,Arbitrum,10.12,USDT,135981008,4.26,13.04
2024-09-05,Balancer,Arbitrum,9.51,DAI,141997789,3.97,10.2
2024-09-05,Balancer,Optimism,8.72,USDT,134566552,2.71,8.58
2024-09-05,Balancer,Optimism,10.14,DAI,136544047,2.7,9.99
2024-09-05,Balancer,Polygon,10.21,USDC,121567887,1.34,8.11
2024-09-05,Balancer,Polygon,8.76,DAI,133699069,1.2,6.35
2024-09-05,Balancer,Base,8.4,USDC,136177773,3.05,6.57
2024-09-05,Balancer,Base,8.3,USDT,141888666,2.94,10.82
2024-09-05,Balancer,Base,9.85,DAI,129623211,2.51,8.14
2024-09-06,Aave,Ethereum,2.59,USDC,303150290,44.72,0
2024-09-06,Aave,Ethereum,2.36,USDT,311694040,44.22,0
2024-09-06,Aave,Ethereum,2.64,DAI,312429501,41.79,0
2024-09-06,Aave,Arbitrum,3.17,USDC,300247684,2.95,12.67
2024-09-06,Aave,Arbitrum,2.68,USDT,311309715,3.15,11.02
2024-09-06,Aave,Arbitrum,3.18,DAI,293801092,3.6,11.0
2024-09-06,Aave,Optimism,2.62,USDC,322955722,1.89,12.24
2024-09-06,Aave,Optimism,2.71,USDT,299128906,2.04,8.02
2024-09-06,Aave,Optimism,3.12,DAI,286040352,4.08,9.57
2024-09-06,Aave,Polygon,2.91,USDC,316235483,1.35,7.75
2024-09-06,Aave,Polygon,2.83,USDT,306273556,1.33,7.38
2024-09-06,Aave,Polygon,3.27,DAI,318309420,0.91,7.5
2024-09-06,Aave,Base,3.32,USDC,305432944,2.66,9.75
2024-09-06,Aave,Base,2.92,USDT,288851411,4.22,13.98
2024-09-06,Aave,Base,2.8,DAI,300126317,2.88,12.26
2024-09-06,Compound,Ethereum,2.35,USDC,202410678,28.95,0
2024-09-06,Compound,Ethereum,2.25,USDT,217777875,50.01,0
2024-09-06,Compound,Ethereum,2.07,DAI,229906530,34.49,0
2024-09-06,Compound,Arbitrum,2.83,USDC,218462450,2.89,13.08
2024-09-06,Compound,Arbitrum,2.86,USDT,226799562,4.09,12.62
2024-09-06,Compound,Arbitrum,2.46,DAI,226305677,3.7,5.2
2024-09-06,Compound,Optimism,2.51,USDC,213532023,2.18,11.67
2024-09-06,Compound,Optimism,2.38,DAI,215769768,3.8,10.92
2024-09-06,Compound,Polygon,3.1,USDC,222988667,1.51,7.32
2024-09-06,Compound,Polygon,2.79,USDT,233668424,1.1,8.6
2024-09-06,Compound,Base,2.53,USDT,241197029,3.49,9.87
2024-09-06,Compound,Base,3.04,DAI,239059845,3.22,15.41
2024-09-06,Curve,Ethereum,6.73,USDC,382803525,52.71,0
2024-09-06,Curve,Ethereum,5.76,USDT,385322341,46.76,0
2024-09-06,Curve,Ethereum,6.25,DAI,387330806,39.08,0
2024-09-06,Curve,Arbitrum,9.49,USDC,408317599,4.11,12.91
2024-09-06,Curve,Arbitrum,9.01,USDT,400550787,3.28,11.21
2024-09-06,Curve,Arbitrum,6.79,DAI,409053858,4.28,8.8
2024-09-06,Curve,Optimism,9.35,USDT,395124412,2.79,7.7
2024-09-06,Curve,Optimism,9.0,DAI,383167108,3.97,7.56
2024-09-06,Curve,Polygon,7.64,USDC,400103240,1.75,6.69
2024-09-06,Curve,Polygon,9.84,USDT,405737715,1.2,7.8
2024-09-06,Curve,Base,7.5,USDC,384676124,3.63,10.66
2024-09-06,Curve,Base,8.34,USDT,402110115,3.93,8.05
2024-09-06,Curve,Base,6.79,DAI,381785836,3.98,7.9
2024-09-06,Uniswap V3,Ethereum,9.36,USDC,121753601,42.51,0
2024-09-06,Uniswap V3,Ethereum,8.22,USDT,114753406,48.91,0
2024-09-06,Uniswap V3,Ethereum,8.66,DAI,118295133,39.66,0
2024-09-06,Uniswap V3,Arbitrum,9.98,USDC,117153532,4.08,12.29
2024-09-06,Uniswap V3,Arbitrum,9.3,USDT,122738411,3.35,9.81
2024-09-06,Uniswap V3,Arbitrum,8.74,DAI,119529483,3.95,16.85
2024-09-06,Uniswap V3,Optimism,7.78,USDC,114058838,2.07,8.63
2024-09-06,Uniswap V3,Optimism,9.81,USDT,118217354,2.62,11.95
2024-09-06,Uniswap V3,Optimism,6.52,DAI,129354985,2.46,9.97
2024-09-06,Uniswap V3,Polygon,9.64,USDC,120269603,1.79,7.67
2024-09-06,Uniswap V3,Polygon,10.13,USDT,117524036,1.01,9.69
2024-09-06,Uniswap V3,Polygon,10.1,DAI,112081294,1.21,7.58
2024-09-06,Uniswap V3,Base,9.26,USDC,122625142,2.94,11.77
2024-09-06,Uniswap V3,Base,7.63,USDT,112247258,3.66,6.94
2024-09-06,Uniswap V3,Base,10.03,DAI,114751606,2.97,10.09
2024-09-06,Yearn,Ethereum,2.79,USDT,152555496,41.74,0
2024-09-06,Yearn,Ethereum,3.35,DAI,141215507,34.44,0
2024-09-06,Yearn,Arbitrum,3.6,USDC,146107846,3.64,15.18
2024-09-06,Yearn,Arbitrum,3.72,USDT,154606652,2.53,12.42
2024-09-06,Yearn,Arbitrum,3.9,DAI,148324339,3.51,11.03
2024-09-06,Yearn,Optimism,3.91,USDC,144927720,3.69,9.41
2024-09-06,Yearn,Optimism,3.74,USDT,161945381,3.47,8.14
2024-09-06,Yearn,Optimism,4.13,DAI,156982013,2.77,6.67
2024-09-06,Yearn,Polygon,3.35,USDC,142965445,1.51,8.79
2024-09-06,Yearn,Polygon,4.34,USDT,150400983,1.37,5.44
2024-09-06,Yearn,Polygon,3.85,DAI,155488880,1.35,9.12
2024-09-06,Yearn,Base,4.17,USDC,141157800,2.34,10.16
2024-09-06,Yearn,Base,4.34,USDT,152998472,3.43,7.31
2024-09-06,Pendle,Ethereum,14.07,USDC,89711817,38.35,0
2024-09-06,Pendle,Ethereum,9.17,USDT,95870573,43.02,0
2024-09-06,Pendle,Ethereum,10.43,DAI,89119298,47.92,0
2024-09-06,Pendle,Arbitrum,15.1,USDC,89420137,3.33,15.07
2024-09-06,Pendle,Arbitrum,15.47,USDT,96948556,3.37,9.34
2024-09-06,Pendle,Arbitrum,12.87,DAI,94641111,3.56,16.76
2024-09-06,Pendle,Optimism,10.99,USDC,97462759,2.46,7.67
2024-09-06,Pendle,Optimism,14.07,USDT,90393919,2.87,9.86
2024-09-06,Pendle,Optimism,13.83,DAI,94655436,2.69,7.96
2024-09-06,Pendle,Base,8.81,USDC,86484958,2.83,10.36
2024-09-06,Pendle,Base,13.71,USDT,92711690,3.28,8.59
2024-09-06,Pendle,Base,11.62,DAI,93597464,3.89,10.55
2024-09-06,Convex,Ethereum,5.31,USDC,181184452,45.68,0
2024-09-06,Convex,Ethereum,4.72,DAI,182133846,48.79,0
2024-09-06,Balancer,Ethereum,7.59,USDT,130167424,48.95,0
2024-09-06,Balancer,Ethereum,6.72,DAI,138942726,28.97,0
2024-09-06,Balancer,Arbitrum,10.87,USDC,135262742,4.66,15.46
2024-09-06,Balancer,Arbitrum,8.29,USDT,132508656,5.12,12.86
2024-09-06,Balancer,Optimism,7.01,USDC,144790378,2.38,11.25
2024-09-06,Balancer,Optimism,9.93,USDT,139376705,2.94,9.17
2024-09-06,Balancer,Optimism,8.28,DAI,143877170,3.82,11.55
2024-09-06,Balancer,Polygon,8.0,USDC,141024333,1.64,5.98
2024-09-06,Balancer,Polygon,10.46,USDT,139181892,1.52,5.97
2024-09-06,Balancer,Polygon,9.42,DAI,142744561,1.33,5.77
2024-09-06,Balancer,Base,9.17,USDC,125688140,3.59,7.53
2024-09-06,Balancer,Base,9.58,USDT,134225553,2.87,7.15
2024-09-06,Balancer,Base,10.28,DAI,133008438,2.97,10.53
2024-09-07,Aave,Ethereum,2.74,USDC,297499819,26.59,0
2024-09-07,Aave,Ethereum,2.18,DAI,321466300,21.36,0
2024-09-07,Aave,Arbitrum,2.43,USDC,287712576,1.38,14.84
2024-09-07,Aave,Arbitrum,3.15,USDT,296647004,2.32,15.15
2024-09-07,Aave,Arbitrum,3.18,DAI,285503969,2.01,8.67
2024-09-07,Aave,Optimism,2.54,USDT,317377427,1.61,7.29
2024-09-07,Aave,Optimism,2.74,DAI,301666664,2.29,8.41
2024-09-07,Aave,Polygon,3.19,USDC,295666011,1.27,9.68
2024-09-07,Aave,Polygon,3.07,USDT,316630796,0.91,6.7
2024-09-07,Aave,Polygon,2.73,DAI,355094602,0.72,10.15
2024-09-07,Aave,Base,3.23,USDC,298358406,2.34,7.4
2024-09-07,Aave,Base,2.95,USDT,304772502,2.5,9.5
2024-09-07,Aave,Base,2.68,DAI,294490165,2.24,7.9
2024-09-07,Compound,Ethereum,2.29,USDC,234869344,36.15,0
2024-09-07,Compound,Ethereum,2.25,USDT,213628748,26.69,0
2024-09-07,Compound,Ethereum,2.27,DAI,229038146,24.67,0
2024-09-07,Compound,Arbitrum,2.36,USDC,213695677,1.9,13.7
2024-09-07,Compound,Arbitrum,2.56,USDT,225092671,2.31,13.33
2024-09-07,Compound,Arbitrum,2.63,DAI,205082703,3.25,11.9
2024-09-07,Compound,Optimism,2.49,DAI,219699321,2.06,9.19
2024-09-07,Compound,Polygon,2.73,USDC,227920245,1.32,8.94
2024-09-07,Compound,Polygon,2.84,USDT,228560481,0.99,5.85
2024-09-07,Compound,Polygon,2.89,DAI,228587967,0.85,6.9
2024-09-07,Compound,Base,2.3,USDC,208199984,1.89,9.61
2024-09-07,Compound,Base,2.83,USDT,215249080,2.39,10.03
2024-09-07,Compound,Base,2.77,DAI,217913770,2.6,8.4
2024-09-07,Curve,Ethereum,4.95,USDC,411405081,33.61,0
2024-09-07,Curve,Ethereum,5.59,USDT,390461249,22.38,0
2024-09-07,Curve,Ethereum,6.4,DAI,380756310,21.58,0
2024-09-07,Curve,Arbitrum,9.11,USDC,419330847,3.19,10.46
2024-09-07,Curve,Arbitrum,10.27,USDT,379537358,2.24,14.27
2024-09-07,Curve,Optimism,8.92,USDC,408054334,2.59,7.24
2024-09-07,Curve,Optimism,9.39,USDT,368736027,1.76,9.42
2024-09-07,Curve,Optimism,6.21,DAI,385123430,1.86,11.09
2024-09-07,Curve,Polygon,9.62,USDT,392953430,1.03,9.49
2024-09-07,Curve,Polygon,9.28,DAI,425434884,0.74,8.03
2024-09-07,Curve,Base,7.58,USDC,382448466,2.13,11.52
2024-09-07,Curve,Base,8.03,USDT,409852879,2.29,10.66
2024-09-07,Curve,Base,8.66,DAI,403864582,2.06,4.84
2024-09-07,Uniswap V3,Ethereum,7.66,USDC,114686997,27.12,0
2024-09-07,Uniswap V3,Ethereum,5.27,USDT,122703333,29.99,0
2024-09-07,Uniswap V3,Arbitrum,8.32,USDC,115011936,1.82,12.4
2024-09-07,Uniswap V3,Arbitrum,11.1,USDT,117778444,2.08,7.61
2024-09-07,Uniswap V3,Arbitrum,8.52,DAI,122010101,1.83,10.76
2024-09-07,Uniswap V3,Optimism,8.05,USDC,114093681,2.04,9.97
2024-09-07,Uniswap V3,Optimism,11.21,USDT,118606901,2.09,7.82
2024-09-07,Uniswap V3,Optimism,9.49,DAI,112874491,1.24,8.82
2024-09-07,Uniswap V3,Polygon,10.37,USDC,117524796,0.53,8.33
2024-09-07,Uniswap V3,Polygon,12.9,USDT,121011693,0.75,8.42
2024-09-07,Uniswap V3,Polygon,9.07,DAI,117941267,1.25,9.97
2024-09-07,Uniswap V3,Base,8.28,USDC,117794375,2.56,11.75
2024-09-07,Uniswap V3,Base,9.0,USDT,122351664,2.3,10.52
2024-09-07,Uniswap V3,Base,10.72,DAI,115744632,2.01,9.7
2024-09-07,Yearn,Ethereum,3.25,USDC,143123034,32.57,0
2024-09-07,Yearn,Ethereum,3.33,USDT,150626296,25.27,0
2024-09-07,Yearn,Ethereum,3.27,DAI,147661606,28.1,0
2024-09-07,Yearn,Arbitrum,3.45,USDC,161114784,2.79,15.05
2024-09-07,Yearn,Arbitrum,4.03,USDT,146770012,1.54,17.86
2024-09-07,Yearn,Arbitrum,3.88,DAI,136768872,2.19,12.31
2024-09-07,Yearn,Optimism,3.65,USDC,149234290,2.1,6.41
2024-09-07,Yearn,Optimism,3.47,USDT,136547094,1.86,11.66
2024-09-07,Yearn,Optimism,3.44,DAI,143603241,2.02,9.57
2024-09-07,Yearn,Polygon,3.83,USDC,147644754,0.98,8.03
2024-09-07,Yearn,Polygon,4.3,USDT,149147602,0.64,10.16
2024-09-07,Yearn,Polygon,4.75,DAI,149689907,0.77,7.07
2024-09-07,Yearn,Base,3.42,USDC,150148100,2.43,12.25
2024-09-07,Yearn,Base,4.04,USDT,149935696,2.1,8.96
2024-09-07,Yearn,Base,3.39,DAI,149202933,2.18,8.37
2024-09-07,Pendle,Ethereum,11.17,USDC,91101122,23.6,0
2024-09-07,Pendle,Ethereum,11.22,USDT,87890873,26.65,0
2024-09-07,Pendle,Ethereum,8.18,DAI,88426216,33.22,0
2024-09-07,Pendle,Arbitrum,9.46,USDC,92864030,2.93,10.29
2024-09-07,Pendle,Arbitrum,11.54,USDT,87974858,1.75,13.29
2024-09-07,Pendle,Arbitrum,12.41,DAI,95711112,2.13,10.33
2024-09-07,Pendle,Optimism,10.54,USDC,93478779,2.92,9.37
2024-09-07,Pendle,Optimism,11.8,USDT,84342515,1.7,8.22
2024-09-07,Pendle,Optimism,10.01,DAI,87392846,1.93,7.65
2024-09-07,Pendle,Base,12.09,USDC,92676646,2.24,9.78
2024-09-07,Pendle,Base,16.24,USDT,91414121,1.91,9.68
2024-09-07,Pendle,Base,13.26,DAI,94232685,2.08,10.05
2024-09-07,Convex,Ethereum,4.03,USDC,177306978,25.67,0
2024-09-07,Convex,Ethereum,5.52,USDT,184096777,22.34,0
2024-09-07,Convex,Ethereum,4.32,DAI,203333084,21.8,0
2024-09-07,Balancer,Ethereum,7.93,USDC,140766133,24.69,0
2024-09-07,Balancer,Ethereum,8.83,USDT,132360331,31.4,0
2024-09-07,Balancer,Ethereum,6.84,DAI,127788947,25.71,0
2024-09-07,Balancer,Arbitrum,9.63,USDC,127081060,1.84,8.74
2024-09-07,Balancer,Arbitrum,7.92,USDT,129829565,2.91,8.97
2024-09-07,Balancer,Arbitrum,9.65,DAI,138487876,2.85,12.35
2024-09-07,Balancer,Optimism,7.36,USDC,137273350,2.1,7.3
2024-09-07,Balancer,Optimism,7.31,USDT,139380335,2.11,6.24
2024-09-07,Balancer,Optimism,9.24,DAI,136543929,1.84,8.49
2024-09-07,Balancer,Polygon,8.46,USDC,138256472,0.91,6.31
2024-09-07,Balancer,Polygon,9.4,USDT,133060886,0.89,10.99
2024-09-07,Balancer,Polygon,8.67,DAI,127155844,0.99,8.91
2024-09-07,Balancer,Base,8.98,USDC,133269857,2.37,12.45
2024-09-07,Balancer,Base,8.28,USDT,133223539,2.42,9.25
2024-09-07,Balancer,Base,9.51,DAI,133630193,1.76,13.06
2024-09-08,Aave,Ethereum,2.05,USDC,303834744,32.16,0
2024-09-08,Aave,Ethereum,2.24,USDT,294557050,28.07,0
2024-09-08,Aave,Ethereum,2.71,DAI,316160083,24.7,0
2024-09-08,Aave,Arbitrum,3.2,USDC,302053731,2.67,14.58
2024-09-08,Aave,Arbitrum,2.82,DAI,302669901,2.83,13.79
2024-09-08,Aave,Optimism,2.59,USDC,317690163,1.98,5.98
2024-09-08,Aave,Optimism,2.59,USDT,297880446,1.68,10.21
2024-09-08,Aave,Optimism,3.21,DAI,305582824,2.06,9.78
2024-09-08,Aave,Polygon,3.4,USDC,323389653,0.69,8.08
2024-09-08,Aave,Polygon,3.31,USDT,293326526,1.02,7.8
2024-09-08,Aave,Polygon,3.2,DAI,291138159,1.25,6.51
2024-09-08,Aave,Base,2.83,USDC,292442826,2.61,9.14
2024-09-08,Aave,Base,2.89,USDT,317104760,2.01,11.53
2024-09-08,Aave,Base,3.33,DAI,321921237,1.97,8.26
2024-09-08,Compound,Ethereum,2.09,USDC,223619863,26.98,0
2024-09-08,Compound,Ethereum,2.05,USDT,222185724,29.76,0
2024-09-08,Compound,Ethereum,2.27,DAI,242932373,29.73,0
2024-09-08,Compound,Arbitrum,2.81,USDC,217325430,1.77,8.7
2024-09-08,Compound,Arbitrum,2.85,USDT,217603948,2.73,13.64
2024-09-08,Compound,Optimism,2.89,USDC,220751280,1.61,5.03
2024-09-08,Compound,Optimism,2.29,USDT,217221349,1.96,6.71
2024-09-08,Compound,Optimism,2.54,DAI,232495086,1.34,7.95
2024-09-08,Compound,Polygon,3.05,USDC,216792536,1.08,8.85
2024-09-08,Compound,Polygon,2.78,USDT,220374039,0.82,8.07
2024-09-08,Compound,Polygon,2.92,DAI,220828114,1.04,9.84
2024-09-08,Compound,Base,2.7,USDC,215134702,2.29,9.65
2024-09-08,Compound,Base,2.77,USDT,223623161,2.47,8.99
2024-09-08,Compound,Base,2.56,DAI,229624652,2.51,8.26
2024-09-08,Curve,Ethereum,7.3,USDC,413738920,29.78,0
2024-09-08,Curve,Ethereum,6.78,USDT,382277483,38.58,0
2024-09-08,Curve,Ethereum,7.81,DAI,395769485,33.16,0
2024-09-08,Curve,Arbitrum,8.32,USDC,379400253,1.98,11.05
2024-09-08,Curve,Arbitrum,7.42,USDT,403930176,2.44,9.04
2024-09-08,Curve,Arbitrum,10.77,DAI,381569860,1.9,15.38
2024-09-08,Curve,Optimism,7.86,USDC,392421431,1.28,7.25
2024-09-08,Curve,Optimism,9.73,USDT,380338899,1.98,12.11
2024-09-08,Curve,Optimism,8.13,DAI,399150004,3.1,5.69
2024-09-08,Curve,Polygon,7.4,USDC,391557575,0.65,6.1
2024-09-08,Curve,Polygon,8.46,USDT,416902918,0.74,9.69
2024-09-08,Curve,Polygon,10.8,DAI,381255790,0.79,10.71
2024-09-08,Curve,Base,7.39,USDC,394154613,2.15,9.0
2024-09-08,Curve,Base,9.81,USDT,434507111,1.92,11.2
2024-09-08,Curve,Base,8.47,DAI,389001346,1.96,14.56
2024-09-08,Uniswap V3,Ethereum,12.13,USDC,110181709,29.12,0
2024-09-08,Uniswap V3,Ethereum,8.22,DAI,115532617,27.35,0
2024-09-08,Uniswap V3,Arbitrum,12.3,USDC,111655602,2.65,8.8
2024-09-08,Uniswap V3,Arbitrum,7.94,DAI,116636289,2.97,9.59
2024-09-08,Uniswap V3,Optimism,8.31,USDC,122883502,1.7,13.8
2024-09-08,Uniswap V3,Optimism,10.83,USDT,123082660,1.88,10.57
2024-09-08,Uniswap V3,Polygon,6.65,USDT,115976120,0.72,7.36
2024-09-08,Uniswap V3,Polygon,10.97,DAI,119353635,1.02,9.69
2024-09-08,Uniswap V3,Base,8.76,USDC,120880469,2.12,13.1
2024-09-08,Uniswap V3,Base,8.59,USDT,114204581,2.24,8.98
2024-09-08,Uniswap V3,Base,11.75,DAI,123848432,1.84,9.05
2024-09-08,Yearn,Ethereum,3.39,USDC,148637758,24.71,0
2024-09-08,Yearn,Ethereum,3.19,USDT,154557878,27.96,0
2024-09-08,Yearn,Ethereum,3.25,DAI,143248429,29.9,0
2024-09-08,Yearn,Arbitrum,3.66,USDC,141034669,2.68,10.38
2024-09-08,Yearn,Arbitrum,3.61,USDT,156034309,1.49,10.68
2024-09-08,Yearn,Arbitrum,3.7,DAI,138924329,2.19,13.49
2024-09-08,Yearn,Optimism,3.42,USDC,147578615,1.72,8.56
2024-09-08,Yearn,Optimism,3.47,USDT,145929370,1.97,8.04
2024-09-08,Yearn,Optimism,3.46,DAI,142276305,2.11,12.12
2024-09-08,Yearn,Polygon,4.43,USDC,156180846,0.98,7.22
2024-09-08,Yearn,Polygon,4.12,USDT,147732802,1.08,6.43
2024-09-08,Yearn,Polygon,4.12,DAI,145100378,1.12,5.34
2024-09-08,Yearn,Base,3.64,USDC,142335903,2.29,10.09
2024-09-08,Yearn,Base,3.87,USDT,147051895,2.24,10.14
2024-09-08,Yearn,Base,4.08,DAI,141930525,2.53,12.41
2024-09-08,Pendle,Ethereum,11.01,USDC,94361229,31.83,0
2024-09-08,Pendle,Ethereum,12.43,USDT,88654827,25.86,0
2024-09-08,Pendle,Ethereum,10.79,DAI,92615125,20.69,0
2024-09-08,Pendle,Arbitrum,10.62,USDC,87320822,2.89,15.14
2024-09-08,Pendle,Arbitrum,17.43,USDT,95139339,2.71,13.82
2024-09-08,Pendle,Arbitrum,15.85,DAI,91411681,2.83,9.74
2024-09-08,Pendle,Optimism,8.23,USDC,99427509,2.3,8.49
2024-09-08,Pendle,Optimism,12.02,USDT,87241410,2.14,11.36
2024-09-08,Pendle,Optimism,11.94,DAI,90156100,2.34,6.93
2024-09-08,Pendle,Base,12.37,USDC,92165920,1.9,7.96
2024-09-08,Pendle,Base,9.15,USDT,97098642,2.28,7.04
2024-09-08,Pendle,Base,15.16,DAI,91952615,2.85,10.98
2024-09-08,Convex,Ethereum,4.68,USDC,187039453,29.54,0
2024-09-08,Convex,Ethereum,5.11,USDT,190964108,26.94,0
2024-09-08,Convex,Ethereum,4.87,DAI,192337157,24.88,0
2024-09-08,Balancer,Ethereum,6.26,USDC,142041355,20.26,0
2024-09-08,Balancer,Ethereum,7.84,USDT,138755146,23.67,0
2024-09-08,Balancer,Ethereum,7.63,DAI,130583739,23.97,0
2024-09-08,Balancer,Arbitrum,9.07,USDC,131847161,2.41,16.49
2024-09-08,Balancer,Arbitrum,10.41,USDT,135989701,3.01,11.63
2024-09-08,Balancer,Arbitrum,10.18,DAI,129775195,2.23,15.3
2024-09-08,Balancer,Optimism,9.04,USDC,134865885,1.87,6.96
2024-09-08,Balancer,Optimism,6.87,USDT,134062950,2.19,8.54
2024-09-08,Balancer,Optimism,7.56,DAI,144862563,1.76,11.15
2024-09-08,Balancer,Polygon,10.68,USDC,127492414,0.72,10.1
2024-09-08,Balancer,Polygon,10.53,USDT,138006232,1.08,9.17
2024-09-08,Balancer,Polygon,10.87,DAI,142739151,0.97,6.99
2024-09-08,Balancer,Base,8.27,USDT,144059107,1.91,10.8
2024-09-09,Aave,Ethereum,2.56,USDC,322015481,50.62,0
2024-09-09,Aave,Ethereum,2.49,USDT,298995995,33.72,0
2024-09-09,Aave,Ethereum,2.41,DAI,290145694,41.4,0
2024-09-09,Aave,Arbitrum,3.39,USDC,297749524,3.61,9.2
2024-09-09,Aave,Arbitrum,2.74,USDT,294682238,2.47,13.32
2024-09-09,Aave,Optimism,2.77,USDC,302202314,3.48,8.45
2024-09-09,Aave,Optimism,3.03,USDT,327751098,3.36,9.01
2024-09-09,Aave,Optimism,2.93,DAI,316367540,4.11,8.37
2024-09-09,Aave,Polygon,3.03,USDC,316506682,1.64,7.85
2024-09-09,Aave,Polygon,3.14,USDT,328076183,1.26,8.35
2024-09-09,Aave,Polygon,3.62,DAI,285374714,1.86,7.96
2024-09-09,Aave,Base,2.64,USDC,292078276,3.87,7.72
2024-09-09,Aave,Base,2.68,USDT,321859961,2.81,11.36
2024-09-09,Aave,Base,2.95,DAI,294578307,2.8,7.15
2024-09-09,Compound,Ethereum,2.51,USDC,235436490,48.34,0
2024-09-09,Compound,Ethereum,2.09,USDT,224702772,40.08,0
2024-09-09,Compound,Ethereum,2.21,DAI,226122548,47.41,0
2024-09-09,Compound,Arbitrum,2.71,USDC,220286846,2.01,11.78
2024-09-09,Compound,Arbitrum,3.03,USDT,215906044,4.86,16.29
2024-09-09,Compound,Optimism,2.44,USDC,232396210,2.95,12.45
2024-09-09,Compound,Optimism,2.67,USDT,211077320,2.54,10.14
2024-09-09,Compound,Optimism,2.67,DAI,211331487,3.37,5.56
2024-09-09,Compound,Polygon,2.88,USDC,213061889,1.29,7.87
2024-09-09,Compound,Polygon,3.2,USDT,221026190,1.33,7.35
2024-09-09,Compound,Polygon,2.89,DAI,215683574,0.58,8.63
2024-09-09,Compound,Base,2.47,USDC,222995622,3.0,7.34
2024-09-09,Compound,Base,2.23,USDT,223701821,3.11,8.97
2024-09-09,Compound,Base,2.58,DAI,216007326,3.29,5.7
2024-09-09,Curve,Ethereum,8.37,USDC,375279379,43.68,0
2024-09-09,Curve,Ethereum,7.81,DAI,417424323,22.66,0
2024-09-09,Curve,Arbitrum,8.25,USDT,412862390,3.85,11.34
2024-09-09,Curve,Arbitrum,9.28,DAI,388124417,2.92,10.08
2024-09-09,Curve,Optimism,6.62,USDC,385006263,3.37,11.12
2024-09-09,Curve,Optimism,6.92,USDT,381655321,2.7,8.22
2024-09-09,Curve,Optimism,10.38,DAI,409585996,2.47,7.92
2024-09-09,Curve,Polygon,9.81,USDT,411929815,1.47,9.0
2024-09-09,Curve,Polygon,8.15,DAI,391663352,1.5,8.61
2024-09-09,Curve,Base,8.14,USDC,391628962,3.59,10.83
2024-09-09,Curve,Base,9.09,USDT,423050577,3.02,13.22
2024-09-09,Curve,Base,7.85,DAI,417366536,3.75,9.97
2024-09-09,Uniswap V3,Ethereum,6.13,USDC,111772637,39.96,0
2024-09-09,Uniswap V3,Ethereum,9.19,USDT,115218081,29.05,0
2024-09-09,Uniswap V3,Ethereum,7.58,DAI,115856604,30.82,0
2024-09-09,Uniswap V3,Arbitrum,10.48,USDC,118025859,2.75,15.33
2024-09-09,Uniswap V3,Arbitrum,7.68,USDT,108495993,2.28,10.69
2024-09-09,Uniswap V3,Optimism,6.33,USDC,112951496,2.28,11.22
2024-09-09,Uniswap V3,Optimism,9.89,USDT,114569849,3.47,8.66
2024-09-09,Uniswap V3,Polygon,11.76,USDC,115668346,1.41,7.94
2024-09-09,Uniswap V3,Polygon,8.21,USDT,127622450,0.87,8.28
2024-09-09,Uniswap V3,Polygon,9.62,DAI,121491416,1.8,6.5
2024-09-09,Uniswap V3,Base,11.02,USDC,116137849,3.38,6.04
2024-09-09,Uniswap V3,Base,5.49,USDT,109566900,2.37,7.72
2024-09-09,Yearn,Ethereum,3.01,USDC,147096640,52.16,0
2024-09-09,Yearn,Ethereum,3.0,USDT,147372287,44.1,0
2024-09-09,Yearn,Ethereum,3.09,DAI,146263692,31.26,0
2024-09-09,Yearn,Arbitrum,4.4,USDC,136822300,4.3,11.72
2024-09-09,Yearn,Arbitrum,3.95,USDT,142182418,5.09,12.99
2024-09-09,Yearn,Arbitrum,3.83,DAI,147752546,4.39,10.1
2024-09-09,Yearn,Optimism,3.71,USDC,142770542,2.83,8.71
2024-09-09,Yearn,Optimism,4.14,USDT,140619552,2.67,8.03
2024-09-09,Yearn,Optimism,4.05,DAI,156890105,2.65,10.4
2024-09-09,Yearn,Polygon,4.03,USDC,132503993,1.48,7.44
2024-09-09,Yearn,Polygon,4.47,USDT,144221707,1.28,7.3
2024-09-09,Yearn,Polygon,3.95,DAI,136046442,1.39,5.22
2024-09-09,Yearn,Base,3.53,USDC,142380038,3.64,9.15
2024-09-09,Yearn,Base,3.61,USDT,150220062,3.23,10.34
2024-09-09,Yearn,Base,3.74,DAI,148427884,3.33,8.2
2024-09-09,Pendle,Ethereum,11.62,USDC,85687403,32.31,0
2024-09-09,Pendle,Ethereum,10.56,USDT,89448765,52.62,0
2024-09-09,Pendle,Ethereum,9.69,DAI,89814526,39.13,0
2024-09-09,Pendle,Arbitrum,11.45,USDC,87450576,4.3,11.63
2024-09-09,Pendle,Arbitrum,9.47,USDT,85331527,3.59,12.35
2024-09-09,Pendle,Arbitrum,13.75,DAI,93799160,3.29,15.54
2024-09-09,Pendle,Optimism,9.19,USDC,90681929,2.71,10.92
2024-09-09,Pendle,Optimism,13.55,USDT,84181058,3.44,9.78
2024-09-09,Pendle,Optimism,10.45,DAI,88252884,2.97,8.83
2024-09-09,Pendle,Base,14.77,USDC,90393066,3.45,7.48
2024-09-09,Pendle,Base,18.88,USDT,92783728,2.94,8.9
2024-09-09,Pendle,Base,12.92,DAI,91418471,3.55,7.93
2024-09-09,Convex,Ethereum,5.2,USDC,178491045,42.98,0
2024-09-09,Convex,Ethereum,3.98,USDT,180851103,36.32,0
2024-09-09,Balancer,Ethereum,6.73,USDC,140937874,48.79,0
2024-09-09,Balancer,Ethereum,7.84,USDT,132348452,41.52,0
2024-09-09,Balancer,Ethereum,8.05,DAI,138099836,46.88,0
2024-09-09,Balancer,Arbitrum,9.99,USDC,134160381,2.63,11.41
2024-09-09,Balancer,Arbitrum,10.29,USDT,129827745,4.33,16.82
2024-09-09,Balancer,Arbitrum,9.4,DAI,137135934,3.18,14.36
2024-09-09,Balancer,Optimism,7.59,USDC,137334961,1.97,9.12
2024-09-09,Balancer,Optimism,9.12,USDT,142032726,3.17,7.64
2024-09-09,Balancer,Optimism,9.45,DAI,135280688,3.5,9.88
2024-09-09,Balancer,Polygon,7.49,USDC,142316399,0.88,8.12
2024-09-09,Balancer,Polygon,11.03,USDT,136166096,1.72,6.49
2024-09-09,Balancer,Polygon,9.31,DAI,133694204,1.14,4.85
2024-09-09,Balancer,Base,8.64,USDC,134120624,3.48,10.28
2024-09-09,Balancer,Base,9.56,USDT,139203001,3.29,9.87
2024-09-09,Balancer,Base,9.21,DAI,137684654,3.3,8.71
2024-09-10,Aave,Ethereum,2.45,USDC,295999594,28.03,0
2024-09-10,Aave,Ethereum,2.46,USDT,279729454,33.68,0
2024-09-10,Aave,Ethereum,2.71,DAI,311991163,37.54,0
2024-09-10,Aave,Arbitrum,2.97,USDC,298991999,2.3,10.97
2024-09-10,Aave,Arbitrum,2.9,DAI,315932314,4.78,13.21
2024-09-10,Aave,Optimism,3.06,USDC,301400604,3.11,9.88
2024-09-10,Aave,Optimism,3.02,USDT,290507620,3.49,4.92
2024-09-10,Aave,Optimism,2.8,DAI,294266107,2.64,8.44
2024-09-10,Aave,Polygon,2.61,USDC,303386145,1.35,8.91
2024-09-10,Aave,Polygon,3.24,USDT,298097351,1.53,6.91
2024-09-10,Aave,Base,2.85,USDC,327278939,2.82,4.72
2024-09-10,Aave,Base,3.59,USDT,298056924,3.69,7.8
2024-09-10,Aave,Base,3.17,DAI,319714139,2.65,13.32
2024-09-10,Compound,Ethereum,2.37,USDC,220031651,50.59,0
2024-09-10,Compound,Ethereum,2.48,USDT,239433336,38.53,0
2024-09-10,Compound,Ethereum,2.59,DAI,224381416,34.74,0
2024-09-10,Compound,Arbitrum,3.13,USDT,217258511,3.17,9.31
2024-09-10,Compound,Arbitrum,2.54,DAI,211960666,4.24,14.47
2024-09-10,Compound,Optimism,2.9,USDC,217693897,4.07,10.87
2024-09-10,Compound,Optimism,2.68,USDT,210827682,1.67,7.26
2024-09-10,Compound,Optimism,2.88,DAI,217254347,2.64,9.96
2024-09-10,Compound,Polygon,2.97,USDC,210739939,1.41,10.07
2024-09-10,Compound,Polygon,3.13,USDT,220082348,1.71,8.77
2024-09-10,Compound,Polygon,3.15,DAI,212414004,1.84,7.95
2024-09-10,Compound,Base,2.74,USDC,225272842,2.84,10.13
2024-09-10,Compound,Base,2.39,USDT,212437000,3.62,7.97
2024-09-10,Compound,Base,2.41,DAI,233430067,3.01,6.29
2024-09-10,Curve,Ethereum,6.03,USDC,386310753,42.2,0
2024-09-10,Curve,Ethereum,8.57,USDT,391426507,46.91,0
2024-09-10,Curve,Ethereum,8.53,DAI,398384020,38.37,0
2024-09-10,Curve,Arbitrum,9.32,USDC,372759865,3.62,12.65
2024-09-10,Curve,Arbitrum,8.64,USDT,390128317,3.71,11.7
2024-09-10,Curve,Arbitrum,10.05,DAI,382525528,3.45,6.22
2024-09-10,Curve,Optimism,6.77,USDC,402300673,2.46,9.08
2024-09-10,Curve,Optimism,8.98,USDT,404212681,3.05,9.22
2024-09-10,Curve,Optimism,8.36,DAI,370052794,3.14,8.17
2024-09-10,Curve,Polygon,7.92,USDC,390367719,1.57,9.89
2024-09-10,Curve,Polygon,8.35,USDT,392331285,0.96,9.08
2024-09-10,Curve,Polygon,11.23,DAI,413935881,1.37,6.66
2024-09-10,Curve,Base,7.87,USDC,391706404,3.22,6.67
2024-09-10,Curve,Base,8.4,USDT,368862321,2.99,5.29
2024-09-10,Curve,Base,11.18,DAI,376178410,3.1,11.83
2024-09-10,Uniswap V3,Ethereum,6.58,USDC,114210818,33.46,0
2024-09-10,Uniswap V3,Ethereum,7.42,USDT,110667815,43.05,0
2024-09-10,Uniswap V3,Ethereum,8.9,DAI,111832464,42.12,0
2024-09-10,Uniswap V3,Arbitrum,10.2,USDC,119836889,3.73,12.46
2024-09-10,Uniswap V3,Arbitrum,9.42,USDT,106587053,2.38,11.1
2024-09-10,Uniswap V3,Optimism,11.03,USDC,117709083,2.81,7.41
2024-09-10,Uniswap V3,Optimism,7.68,USDT,117190103,3.18,5.23
2024-09-10,Uniswap V3,Optimism,9.41,DAI,113356172,3.25,7.56
2024-09-10,Uniswap V3,Polygon,9.52,USDC,116405542,1.56,9.57
2024-09-10,Uniswap V3,Polygon,12.08,USDT,119250372,1.57,9.43
2024-09-10,Uniswap V3,Polygon,8.52,DAI,121600421,1.71,9.21
2024-09-10,Uniswap V3,Base,9.43,USDC,115492742,3.7,6.21
2024-09-10,Uniswap V3,Base,5.8,USDT,117274730,3.55,14.71
2024-09-10,Uniswap V3,Base,9.34,DAI,110436779,3.82,5.35
2024-09-10,Yearn,Ethereum,3.57,USDC,142322923,46.69,0
2024-09-10,Yearn,Ethereum,3.28,USDT,143918111,42.57,0
2024-09-10,Yearn,Ethereum,3.18,DAI,145928688,53.6,0
2024-09-10,Yearn,Arbitrum,4.23,USDC,144018792,4.65,15.09
2024-09-10,Yearn,Arbitrum,3.89,USDT,151322212,4.06,6.0
2024-09-10,Yearn,Arbitrum,3.77,DAI,147017334,4.14,10.59
2024-09-10,Yearn,Optimism,4.17,USDC,135930360,2.5,8.06
2024-09-10,Yearn,Optimism,3.43,USDT,149613176,3.45,5.44
2024-09-10,Yearn,Optimism,4.2,DAI,149497053,3.55,7.76
2024-09-10,Yearn,Polygon,4.0,USDC,143846881,1.05,5.83
2024-09-10,Yearn,Polygon,4.57,USDT,143220283,1.69,6.6
2024-09-10,Yearn,Polygon,4.19,DAI,144507263,1.33,8.38
2024-09-10,Yearn,Base,4.42,USDC,136776651,3.35,9.57
2024-09-10,Yearn,Base,4.15,USDT,154419366,3.55,11.22
2024-09-10,Yearn,Base,4.43,DAI,148344774,3.79,11.24
2024-09-10,Pendle,Ethereum,10.29,USDC,92917463,40.9,0
2024-09-10,Pendle,Ethereum,7.69,USDT,93554589,37.75,0
2024-09-10,Pendle,Ethereum,11.69,DAI,92492636,47.7,0
2024-09-10,Pendle,Arbitrum,17.6,USDC,87863525,2.72,11.06
2024-09-10,Pendle,Arbitrum,10.03,DAI,91281939,3.97,9.11
2024-09-10,Pendle,Optimism,11.97,USDC,90605309,3.59,10.81
2024-09-10,Pendle,Optimism,14.12,USDT,91124994,3.21,10.44
2024-09-10,Pendle,Optimism,12.07,DAI,89922955,3.03,7.2
2024-09-10,Pendle,Base,10.97,USDC,85634238,3.38,10.88
2024-09-10,Pendle,Base,11.52,USDT,83752198,2.98,10.07
2024-09-10,Pendle,Base,13.07,DAI,88435400,3.61,11.54
2024-09-10,Convex,Ethereum,5.59,USDC,185774323,42.93,0
2024-09-10,Convex,Ethereum,4.38,USDT,178950247,35.93,0
2024-09-10,Convex,Ethereum,4.65,DAI,173107094,45.56,0
2024-09-10,Balancer,Ethereum,7.61,USDC,130485665,44.85,0
2024-09-10,Balancer,Ethereum,8.14,USDT,139600690,48.22,0
2024-09-10,Balancer,Ethereum,5.93,DAI,128394014,50.99,0
2024-09-10,Balancer,Arbitrum,9.01,USDC,134790970,3.83,13.13
2024-09-10,Balancer,Arbitrum,9.12,USDT,144623605,3.02,12.82
2024-09-10,Balancer,Arbitrum,7.98,DAI,133084275,2.31,14.25
2024-09-10,Balancer,Optimism,8.48,USDC,137918193,3.38,9.52
2024-09-10,Balancer,Optimism,8.47,DAI,128518881,2.61,7.6
2024-09-10,Balancer,Polygon,8.89,USDC,127420631,1.49,6.96
2024-09-10,Balancer,Polygon,10.3,USDT,138388877,1.55,9.73
2024-09-10,Balancer,Polygon,11.87,DAI,132246095,1.12,8.53
2024-09-10,Balancer,Base,8.97,USDT,143484166,3.06,10.11
2024-09-10,Balancer,Base,8.74,DAI,136828479,3.59,7.53
2024-09-11,Aave,Ethereum,2.5,USDC,315327904,38.41,0
2024-09-11,Aave,Ethereum,2.45,USDT,305879450,49.64,0
2024-09-11,Aave,Ethereum,2.56,DAI,297417745,44.92,0
2024-09-11,Aave,Arbitrum,3.25,USDC,306877323,3.75,14.36
2024-09-11,Aave,Arbitrum,3.15,USDT,300325209,3.9,11.86
2024-09-11,Aave,Arbitrum,3.26,DAI,311653084,4.15,12.56
2024-09-11,Aave,Optimism,2.71,USDC,291014977,3.64,6.61
2024-09-11,Aave,Optimism,3.06,USDT,302051062,2.64,8.36
2024-09-11,Aave,Optimism,3.1,DAI,269724128,2.97,10.3
2024-09-11,Aave,Polygon,3.4,USDC,298580048,1.64,7.45
2024-09-11,Aave,Polygon,3.52,DAI,308453923,1.5,6.21
2024-09-11,Aave,Base,3.12,USDC,301282706,3.01,9.98
2024-09-11,Aave,Base,2.82,USDT,299643693,2.83,9.5
2024-09-11,Aave,Base,2.65,DAI,313752660,4.28,12.5
2024-09-11,Compound,Ethereum,2.54,USDC,210892643,49.38,0
2024-09-11,Compound,Ethereum,2.49,USDT,208472751,26.91,0
2024-09-11,Compound,Arbitrum,3.14,USDC,212335035,2.91,11.89
2024-09-11,Compound,Arbitrum,3.09,USDT,212663586,3.42,9.98
2024-09-11,Compound,Arbitrum,2.93,DAI,220008880,3.68,12.05
2024-09-11,Compound,Optimism,3.03,USDC,205875474,3.93,10.2
2024-09-11,Compound,Optimism,2.92,USDT,216472860,3.24,10.05
2024-09-11,Compound,Optimism,3.04,DAI,217906172,2.62,9.84
2024-09-11,Compound,Polygon,2.93,USDC,192344757,1.82,8.3
2024-09-11,Compound,Polygon,3.54,USDT,218622091,1.47,9.33
2024-09-11,Compound,Polygon,3.37,DAI,219141704,1.19,7.14
2024-09-11,Compound,Base,2.94,USDC,229171941,2.76,7.2
2024-09-11,Compound,Base,2.89,USDT,229116005,2.93,10.92
2024-09-11,Compound,Base,3.15,DAI,203853354,4.15,11.82
2024-09-11,Curve,Ethereum,7.4,USDC,382173969,37.18,0
2024-09-11,Curve,Ethereum,7.67,USDT,381035105,45.08,0
2024-09-11,Curve,Arbitrum,10.41,USDC,374247466,3.97,10.51
2024-09-11,Curve,Arbitrum,9.92,USDT,385087166,4.42,8.29
2024-09-11,Curve,Arbitrum,7.3,DAI,363953478,4.0,12.45
2024-09-11,Curve,Optimism,8.88,USDC,390273529,2.44,12.57
2024-09-11,Curve,Optimism,10.14,USDT,361266808,2.79,10.03
2024-09-11,Curve,Optimism,8.57,DAI,397843397,2.75,7.96
2024-09-11,Curve,Polygon,9.09,USDC,362656979,1.21,7.89
2024-09-11,Curve,Polygon,11.28,USDT,402937694,1.04,7.14
2024-09-11,Curve,Polygon,9.29,DAI,369647698,2.2,8.57
2024-09-11,Curve,Base,8.68,USDC,384902471,3.2,12.44
2024-09-11,Curve,Base,9.86,USDT,379157177,3.43,10.97
2024-09-11,Curve,Base,9.37,DAI,360930801,3.38,12.75
2024-09-11,Uniswap V3,Ethereum,8.21,USDC,109373486,37.83,0
2024-09-11,Uniswap V3,Ethereum,7.83,USDT,117291297,33.92,0
2024-09-11,Uniswap V3,Ethereum,6.64,DAI,112356049,50.75,0
2024-09-11,Uniswap V3,Arbitrum,9.94,USDC,104012366,3.74,14.01
2024-09-11,Uniswap V3,Arbitrum,9.63,USDT,111034917,3.38,11.15
2024-09-11,Uniswap V3,Arbitrum,10.47,DAI,107388738,2.66,11.4
2024-09-11,Uniswap V3,Optimism,8.0,USDT,121761070,2.78,6.87
2024-09-11,Uniswap V3,Optimism,9.91,DAI,108951902,3.53,8.94
2024-09-11,Uniswap V3,Polygon,10.01,USDC,110090502,1.29,5.9
2024-09-11,Uniswap V3,Polygon,11.77,USDT,111738017,1.27,8.74
2024-09-11,Uniswap V3,Polygon,10.73,DAI,112753105,1.55,7.41
2024-09-11,Uniswap V3,Base,9.09,USDC,114538548,3.35,16.29
2024-09-11,Uniswap V3,Base,6.63,USDT,109156786,3.44,7.1
2024-09-11,Uniswap V3,Base,7.96,DAI,114323675,3.39,11.32
2024-09-11,Yearn,Ethereum,3.59,USDC,139125785,37.41,0
2024-09-11,Yearn,Ethereum,3.32,USDT,148806391,37.97,0
2024-09-11,Yearn,Ethereum,3.22,DAI,142058876,24.8,0
2024-09-11,Yearn,Arbitrum,4.45,USDC,149504271,2.63,11.86
2024-09-11,Yearn,Arbitrum,4.16,USDT,140788472,3.42,9.41
2024-09-11,Yearn,Arbitrum,3.89,DAI,144241424,4.07,12.11
2024-09-11,Yearn,Optimism,3.74,USDC,156912604,3.37,9.35
2024-09-11,Yearn,Optimism,4.35,USDT,139588838,2.88,9.54
2024-09-11,Yearn,Optimism,3.59,DAI,138948529,3.54,7.96
2024-09-11,Yearn,Polygon,4.21,USDC,138360388,2.0,10.9
2024-09-11,Yearn,Polygon,4.2,USDT,147202993,1.47,5.23
2024-09-11,Yearn,Polygon,4.46,DAI,142211571,1.05,8.4
2024-09-11,Yearn,Base,3.74,USDC,146490459,3.34,9.26
2024-09-11,Yearn,Base,3.82,DAI,146509894,3.69,11.74
2024-09-11,Pendle,Ethereum,11.57,USDC,91031552,43.37,0
2024-09-11,Pendle,Ethereum,8.69,USDT,92600557,39.03,0
2024-09-11,Pendle,Ethereum,10.47,DAI,87824376,27.91,0
2024-09-11,Pendle,Arbitrum,11.56,USDC,91654023,2.98,7.62
2024-09-11,Pendle,Arbitrum,13.58,USDT,95965960,4.8,14.9
2024-09-11,Pendle,Arbitrum,15.17,DAI,89816994,3.96,10.84
2024-09-11,Pendle,Optimism,12.3,USDC,95231821,2.57,8.09
2024-09-11,Pendle,Optimism,16.37,DAI,91163795,2.64,10.04
2024-09-11,Pendle,Base,14.83,USDC,96208426,2.74,11.51
2024-09-11,Pendle,Base,11.59,USDT,98306041,3.12,7.37
2024-09-11,Pendle,Base,11.95,DAI,93899189,3.31,9.69
2024-09-11,Convex,Ethereum,4.68,USDC,181018655,41.11,0
2024-09-11,Convex,Ethereum,4.61,USDT,174644903,44.45,0
2024-09-11,Balancer,Ethereum,8.67,USDC,129867655,34.42,0
2024-09-11,Balancer,Ethereum,8.13,DAI,126062415,44.77,0
2024-09-11,Balancer,Arbitrum,7.58,USDC,131454726,4.79,14.98
2024-09-11,Balancer,Arbitrum,10.43,USDT,132233033,4.31,13.61
2024-09-11,Balancer,Arbitrum,10.63,DAI,140205635,3.27,9.1
2024-09-11,Balancer,Optimism,7.97,USDT,135517243,2.6,9.37
2024-09-11,Balancer,Optimism,11.08,DAI,126574911,2.55,9.08
2024-09-11,Balancer,Polygon,8.52,USDC,132818747,1.9,7.07
2024-09-11,Balancer,Polygon,10.31,DAI,128699128,1.11,6.33
2024-09-11,Balancer,Base,11.45,USDC,138187475,2.66,7.08
2024-09-11,Balancer,Base,8.51,USDT,134358644,2.89,8.87
2024-09-11,Balancer,Base,7.79,DAI,147115597,3.44,10.73
2024-09-12,Aave,Ethereum,2.33,USDC,273783331,34.96,0
2024-09-12,Aave,Ethereum,2.45,USDT,333056772,34.63,0
2024-09-12,Aave,Ethereum,2.5,DAI,290994274,33.89,0
2024-09-12,Aave,Arbitrum,2.44,USDC,338310677,3.47,16.02
2024-09-12,Aave,Arbitrum,2.82,USDT,289178837,4.92,13.01
2024-09-12,Aave,Arbitrum,2.94,DAI,280519681,3.94,11.68
2024-09-12,Aave,Optimism,2.63,USDC,285969724,3.71,5.52
2024-09-12,Aave,Optimism,2.87,USDT,281735831,2.44,8.13
2024-09-12,Aave,Optimism,2.87,DAI,290574091,3.5,11.13
2024-09-12,Aave,Polygon,2.55,USDT,321261296,1.17,10.12
2024-09-12,Aave,Polygon,3.04,DAI,284606710,1.56,6.65
2024-09-12,Aave,Base,2.92,USDC,287512017,3.89,11.24
2024-09-12,Aave,Base,3.11,USDT,284775022,3.41,9.56
2024-09-12,Aave,Base,2.99,DAI,309614679,2.95,8.12
2024-09-12,Compound,Ethereum,2.28,USDC,214346177,49.73,0
2024-09-12,Compound,Ethereum,2.39,USDT,220757445,42.59,0
2024-09-12,Compound,Ethereum,2.41,DAI,210352462,50.1,0
2024-09-12,Compound,Arbitrum,2.99,USDC,223103177,2.9,15.25
2024-09-12,Compound,Arbitrum,2.75,USDT,205507512,2.8,9.78
2024-09-12,Compound,Arbitrum,2.66,DAI,208282011,3.67,10.44
2024-09-12,Compound,Optimism,2.89,USDT,215354749,2.9,9.1
2024-09-12,Compound,Optimism,2.79,DAI,222227142,3.53,6.55
2024-09-12,Compound,Polygon,2.94,USDC,209520012,1.58,8.35
2024-09-12,Compound,Polygon,2.93,USDT,220955611,1.63,8.11
2024-09-12,Compound,Polygon,2.75,DAI,226927812,1.63,9.82
2024-09-12,Compound,Base,2.66,USDC,202149477,3.46,6.28
2024-09-12,Compound,Base,2.52,USDT,218249025,3.35,12.48
2024-09-12,Compound,Base,2.97,DAI,224391456,3.21,14.44
2024-09-12,Curve,Ethereum,8.87,USDC,411094903,53.29,0
2024-09-12,Curve,Ethereum,7.89,USDT,389873770,40.25,0
2024-09-12,Curve,Ethereum,7.01,DAI,365887332,53.92,0
2024-09-12,Curve,Arbitrum,5.73,USDC,373744862,3.16,17.7
2024-09-12,Curve,Arbitrum,9.27,USDT,351478340,4.46,12.71
2024-09-12,Curve,Arbitrum,9.86,DAI,360063002,3.72,10.57
2024-09-12,Curve,Optimism,7.78,USDC,351783089,3.42,8.89
2024-09-12,Curve,Optimism,6.24,USDT,368943665,2.73,8.84
2024-09-12,Curve,Optimism,6.99,DAI,357888056,2.79,9.65
2024-09-12,Curve,Polygon,10.84,USDC,362019575,1.25,9.29
2024-09-12,Curve,Polygon,11.29,USDT,373641908,1.69,7.01
2024-09-12,Curve,Polygon,10.56,DAI,390404284,1.43,8.79
2024-09-12,Curve,Base,7.62,USDC,395648910,3.41,10.63
2024-09-12,Curve,Base,9.28,DAI,356453732,4.16,8.1
2024-09-12,Uniswap V3,Ethereum,9.56,USDC,106765624,53.74,0
2024-09-12,Uniswap V3,Ethereum,8.22,DAI,116369920,40.14,0
2024-09-12,Uniswap V3,Arbitrum,10.75,USDC,113305763,5.1,13.29
2024-09-12,Uniswap V3,Arbitrum,9.7,DAI,119920636,2.63,11.5
2024-09-12,Uniswap V3,Optimism,10.75,USDC,108744155,3.56,9.26
2024-09-12,Uniswap V3,Optimism,8.11,DAI,107404920,3.28,9.17
2024-09-12,Uniswap V3,Polygon,14.68,USDC,105241444,1.2,8.34
2024-09-12,Uniswap V3,Polygon,11.19,USDT,107204344,1.52,8.71
2024-09-12,Uniswap V3,Polygon,9.59,DAI,113704386,1.98,9.8
2024-09-12,Uniswap V3,Base,11.34,USDC,121858876,4.08,9.86
2024-09-12,Uniswap V3,Base,9.06,USDT,115892733,3.12,9.51
2024-09-12,Uniswap V3,Base,9.21,DAI,116913055,2.91,11.24
2024-09-12,Yearn,Ethereum,3.17,USDC,130385293,48.97,0
2024-09-12,Yearn,Ethereum,2.91,USDT,148855049,39.24,0
2024-09-12,Yearn,Ethereum,3.63,DAI,138749241,42.05,0
2024-09-12,Yearn,Arbitrum,3.88,USDC,133029753,2.83,8.94
2024-09-12,Yearn,Arbitrum,3.82,USDT,141172993,3.3,13.37
2024-09-12,Yearn,Arbitrum,3.96,DAI,145332775,3.32,11.38
2024-09-12,Yearn,Optimism,4.19,USDC,151299646,2.76,8.65
2024-09-12,Yearn,Optimism,3.67,USDT,137236309,3.16,8.52
2024-09-12,Yearn,Optimism,3.63,DAI,146525921,3.18,6.03
2024-09-12,Yearn,Polygon,3.75,USDC,150678937,1.53,10.06
2024-09-12,Yearn,Polygon,4.18,USDT,144800838,0.75,5.29
2024-09-12,Yearn,Polygon,4.09,DAI,143595762,2.24,3.69
2024-09-12,Yearn,Base,4.4,USDC,140224059,3.02,10.43
2024-09-12,Yearn,Base,4.25,USDT,140852310,3.72,8.1
2024-09-12,Yearn,Base,4.33,DAI,143943490,3.87,8.91
2024-09-12,Pendle,Ethereum,13.25,USDT,93298237,42.09,0
2024-09-12,Pendle,Ethereum,12.05,DAI,90954962,31.44,0
2024-09-12,Pendle,Arbitrum,11.79,USDC,89272291,3.45,14.44
2024-09-12,Pendle,Arbitrum,14.15,USDT,81656193,2.38,10.31
2024-09-12,Pendle,Arbitrum,14.4,DAI,86424337,3.72,10.24
2024-09-12,Pendle,Optimism,17.4,USDC,88113636,2.76,12.23
2024-09-12,Pendle,Optimism,10.3,USDT,86845762,3.16,9.68
2024-09-12,Pendle,Optimism,10.44,DAI,82125884,2.11,8.49
2024-09-12,Pendle,Base,11.87,USDC,88416627,4.02,13.48
2024-09-12,Pendle,Base,13.57,DAI,82051230,3.88,13.68
2024-09-12,Convex,Ethereum,4.37,USDC,189496038,54.69,0
2024-09-12,Convex,Ethereum,4.34,USDT,181408128,42.75,0
2024-09-12,Convex,Ethereum,4.94,DAI,174081139,39.8,0
2024-09-12,Balancer,Ethereum,7.17,USDC,126332557,37.03,0
2024-09-12,Balancer,Ethereum,8.48,USDT,125243571,50.42,0
2024-09-12,Balancer,Ethereum,6.95,DAI,134066827,42.24,0
2024-09-12,Balancer,Arbitrum,10.49,USDC,127226862,3.25,15.05
2024-09-12,Balancer,Arbitrum,7.54,USDT,135253373,3.47,10.05
2024-09-12,Balancer,Optimism,8.53,USDC,143295893,3.2,8.95
2024-09-12,Balancer,Optimism,8.59,USDT,114090914,3.3,11.63
2024-09-12,Balancer,Optimism,8.81,DAI,132816477,2.79,10.61
2024-09-12,Balancer,Polygon,9.45,USDC,126177867,1.56,7.05
2024-09-12,Balancer,Polygon,10.69,DAI,131982808,1.22,7.4
2024-09-12,Balancer,Base,8.45,USDC,143084107,3.78,11.55
2024-09-12,Balancer,Base,8.24,USDT,132797455,3.48,7.59
2024-09-12,Balancer,Base,8.7,DAI,127713901,3.31,10.62
2024-09-13,Aave,Ethereum,2.23,USDC,280065330,35.63,0
2024-09-13,Aave,Ethereum,2.35,USDT,295088240,48.32,0
2024-09-13,Aave,Ethereum,2.2,DAI,293058360,32.54,0
2024-09-13,Aave,Arbitrum,2.96,USDC,287910512,3.68,12.31
2024-09-13,Aave,Arbitrum,2.65,USDT,274609602,3.93,11.34
2024-09-13,Aave,Arbitrum,3.1,DAI,279695637,3.88,11.78
2024-09-13,Aave,Optimism,2.78,USDC,279598996,2.54,9.23
2024-09-13,Aave,Optimism,2.73,USDT,285848854,2.11,7.56
2024-09-13,Aave,Optimism,3.03,DAI,264501520,3.06,5.06
2024-09-13,Aave,Polygon,3.73,USDC,308170120,1.26,7.75
2024-09-13,Aave,Polygon,3.02,DAI,281412671,1.28,10.99
2024-09-13,Aave,Base,2.96,USDC,262953128,3.36,11.11
2024-09-13,Aave,Base,3.14,USDT,294742552,3.03,9.84
2024-09-13,Aave,Base,2.6,DAI,307231233,3.06,10.38
2024-09-13,Compound,Ethereum,2.16,USDC,216389498,55.14,0
2024-09-13,Compound,Ethereum,2.47,USDT,228694067,37.39,0
2024-09-13,Compound,Ethereum,2.21,DAI,208179779,34.0,0
2024-09-13,Compound,Arbitrum,2.96,USDC,214591899,3.21,16.59
2024-09-13,Compound,Optimism,2.74,USDC,208557038,2.99,10.98
2024-09-13,Compound,Optimism,2.67,USDT,212944928,4.13,8.53
2024-09-13,Compound,Optimism,2.93,DAI,201222824,2.66,12.2
2024-09-13,Compound,Polygon,2.98,USDC,212139779,1.46,9.71
2024-09-13,Compound,Polygon,3.03,USDT,211960549,1.18,9.1
2024-09-13,Compound,Polygon,2.87,DAI,210703866,1.26,9.45
2024-09-13,Compound,Base,2.71,USDC,198965824,3.24,11.18
2024-09-13,Compound,Base,3.05,USDT,206465290,3.38,10.59
2024-09-13,Compound,Base,2.81,DAI,203238173,3.8,9.97
2024-09-13,Curve,Ethereum,6.77,USDC,378972942,44.69,0
2024-09-13,Curve,Ethereum,9.91,USDT,352755312,46.39,0
2024-09-13,Curve,Ethereum,9.61,DAI,361081812,42.74,0
2024-09-13,Curve,Arbitrum,8.67,USDT,365618434,3.53,15.9
2024-09-13,Curve,Arbitrum,7.78,DAI,365803497,4.44,11.2
2024-09-13,Curve,Optimism,7.27,USDC,364733236,3.02,8.9
2024-09-13,Curve,Optimism,7.83,USDT,376982584,3.28,9.53
2024-09-13,Curve,Optimism,9.72,DAI,375921497,3.26,8.13
2024-09-13,Curve,Polygon,10.91,USDC,387204924,1.52,7.98
2024-09-13,Curve,Polygon,7.51,USDT,391142984,1.14,8.01
2024-09-13,Curve,Polygon,8.72,DAI,368390705,2.04,9.11
2024-09-13,Curve,Base,10.51,USDC,361561213,2.94,11.32
2024-09-13,Curve,Base,9.46,USDT,354042109,3.6,7.84
2024-09-13,Curve,Base,8.85,DAI,372480929,2.99,10.52
2024-09-13,Uniswap V3,Ethereum,5.87,USDC,105110126,36.72,0
2024-09-13,Uniswap V3,Ethereum,6.59,USDT,111252825,39.04,0
2024-09-13,Uniswap V3,Ethereum,5.88,DAI,113322637,43.57,0
2024-09-13,Uniswap V3,Arbitrum,9.95,USDC,109789276,4.45,14.52
2024-09-13,Uniswap V3,Arbitrum,9.58,USDT,116320311,4.52,13.42
2024-09-13,Uniswap V3,Arbitrum,9.43,DAI,109756620,5.06,17.76
2024-09-13,Uniswap V3,Optimism,10.17,USDC,122395842,2.55,7.17
2024-09-13,Uniswap V3,Optimism,10.8,USDT,119539133,2.28,9.26
2024-09-13,Uniswap V3,Optimism,8.92,DAI,107179527,3.89,11.46
2024-09-13,Uniswap V3,Polygon,7.96,USDC,114746731,1.56,9.18
2024-09-13,Uniswap V3,Polygon,10.82,USDT,114365942,1.17,10.44
2024-09-13,Uniswap V3,Polygon,10.83,DAI,113525440,1.28,7.93
2024-09-13,Uniswap V3,Base,12.61,USDC,103908196,3.17,11.49
2024-09-13,Uniswap V3,Base,10.84,USDT,118368825,3.44,8.75
2024-09-13,Yearn,Ethereum,3.08,USDC,142255054,40.12,0
2024-09-13,Yearn,Ethereum,3.15,USDT,149649093,39.13,0
2024-09-13,Yearn,Arbitrum,3.88,USDC,142670155,3.49,13.13
2024-09-13,Yearn,Arbitrum,3.86,USDT,137127220,4.61,12.8
2024-09-13,Yearn,Arbitrum,4.06,DAI,143998965,4.18,10.48
2024-09-13,Yearn,Optimism,4.04,USDC,140637030,3.06,10.81
2024-09-13,Yearn,Optimism,3.3,USDT,141888836,3.1,8.25
2024-09-13,Yearn,Optimism,4.12,DAI,149429523,2.66,11.57
2024-09-13,Yearn,Polygon,3.48,USDC,146112955,1.27,7.27
2024-09-13,Yearn,Polygon,3.86,USDT,135123518,1.38,10.0
2024-09-13,Yearn,Polygon,4.22,DAI,139045670,0.91,5.17
2024-09-13,Yearn,Base,4.22,USDC,129965113,3.57,11.19
2024-09-13,Yearn,Base,4.14,USDT,129988772,3.73,10.9
2024-09-13,Pendle,Ethereum,11.37,USDT,82566952,52.18,0
2024-09-13,Pendle,Ethereum,11.05,DAI,89234127,42.36,0
2024-09-13,Pendle,Arbitrum,12.86,USDC,91271946,3.07,6.22
2024-09-13,Pendle,Arbitrum,14.64,USDT,87585297,4.42,13.1
2024-09-13,Pendle,Arbitrum,13.87,DAI,89647012,3.38,11.26
2024-09-13,Pendle,Optimism,12.51,USDC,88887862,2.43,7.26
2024-09-13,Pendle,Optimism,14.65,USDT,81131345,3.59,11.01
2024-09-13,Pendle,Optimism,9.29,DAI,86636746,3.31,9.78
2024-09-13,Pendle,Base,12.74,USDC,92243314,3.04,10.14
2024-09-13,Pendle,Base,14.57,USDT,84977401,3.65,10.82
2024-09-13,Convex,Ethereum,4.83,USDC,169118823,46.88,0
2024-09-13,Convex,Ethereum,4.98,USDT,176510539,48.86,0
2024-09-13,Convex,Ethereum,4.49,DAI,175943762,43.44,0
2024-09-13,Balancer,Ethereum,8.62,USDC,134465922,43.24,0
2024-09-13,Balancer,Ethereum,7.26,USDT,136915197,42.32,0
2024-09-13,Balancer,Ethereum,9.72,DAI,126214560,49.62,0
2024-09-13,Balancer,Arbitrum,7.08,USDC,133605490,3.42,13.16
2024-09-13,Balancer,Arbitrum,9.64,USDT,131426445,3.72,11.87
2024-09-13,Balancer,Optimism,9.18,USDC,126136371,3.51,4.51
2024-09-13,Balancer,Optimism,8.82,USDT,132320942,2.66,9.18
2024-09-13,Balancer,Optimism,9.51,DAI,120829082,2.9,9.18
2024-09-13,Balancer,Polygon,9.98,USDC,129900757,2.28,8.36
2024-09-13,Balancer,Polygon,10.19,USDT,130544708,1.51,8.52
2024-09-13,Balancer,Polygon,7.65,DAI,123696426,1.54,6.1
2024-09-13,Balancer,Base,8.94,USDC,128559771,3.59,8.48
2024-09-13,Balancer,Base,8.36,USDT,131166566,3.27,9.09
2024-09-13,Balancer,Base,8.65,DAI,119367622,3.6,10.03
2024-09-14,Aave,Ethereum,2.59,USDC,265002145,25.62,0
2024-09-14,Aave,Ethereum,2.28,USDT,269455785,23.56,0
2024-09-14,Aave,Ethereum,1.96,DAI,289927972,38.46,0
2024-09-14,Aave,Arbitrum,2.84,USDC,276876505,3.04,13.33
2024-09-14,Aave,Arbitrum,3.26,DAI,275827862,1.34,13.72
2024-09-14,Aave,Optimism,3.06,USDC,269700642,2.21,8.51
2024-09-14,Aave,Optimism,2.94,USDT,283372549,2.04,9.07
2024-09-14,Aave,Optimism,3.35,DAI,280725058,1.34,9.39
2024-09-14,Aave,Polygon,3.16,USDC,297505640,0.56,8.88
2024-09-14,Aave,Polygon,2.76,USDT,278849247,1.32,10.2
2024-09-14,Aave,Polygon,3.15,DAI,281300670,0.89,9.39
2024-09-14,Aave,Base,3.13,USDC,289962178,2.3,9.01
2024-09-14,Aave,Base,2.9,USDT,266096544,2.22,9.43
2024-09-14,Aave,Base,2.57,DAI,285102592,2.25,8.93
2024-09-14,Compound,Ethereum,2.05,USDC,215368166,33.46,0
2024-09-14,Compound,Ethereum,2.49,USDT,216792469,24.85,0
2024-09-14,Compound,Ethereum,2.28,DAI,218023804,28.66,0
2024-09-14,Compound,Arbitrum,2.68,USDC,209108343,2.37,16.01
2024-09-14,Compound,Arbitrum,2.4,USDT,219038693,2.33,14.07
2024-09-14,Compound,Arbitrum,2.68,DAI,206420382,2.72,11.41
2024-09-14,Compound,Optimism,2.64,USDC,210919605,2.36,7.7
2024-09-14,Compound,Optimism,3.17,DAI,196615118,2.05,9.34
2024-09-14,Compound,Polygon,2.91,USDC,207302708,0.84,11.79
2024-09-14,Compound,Polygon,2.68,USDT,209175103,0.91,7.5
2024-09-14,Compound,Polygon,2.88,DAI,200387950,1.21,6.96
2024-09-14,Compound,Base,2.79,USDC,218739553,2.68,11.58
2024-09-14,Compound,Base,2.39,USDT,205261442,1.71,12.41
2024-09-14,Compound,Base,3.02,DAI,204392530,2.58,11.27
2024-09-14,Curve,Ethereum,6.68,USDC,377577864,25.99,0
2024-09-14,Curve,Ethereum,7.5,USDT,368974883,26.74,0
2024-09-14,Curve,Ethereum,7.25,DAI,356645122,27.14,0
2024-09-14,Curve,Arbitrum,9.32,USDC,402851708,2.71,12.99
2024-09-14,Curve,Arbitrum,8.58,USDT,360090372,3.05,9.75
2024-09-14,Curve,Arbitrum,8.47,DAI,345771069,2.62,12.21
2024-09-14,Curve,Optimism,10.34,USDC,393666588,2.38,10.08
2024-09-14,Curve,Optimism,8.98,USDT,381139376,2.41,12.48
2024-09-14,Curve,Polygon,10.4,USDT,380468632,1.28,6.21
2024-09-14,Curve,Polygon,10.8,DAI,352284848,0.99,6.94
2024-09-14,Curve,Base,8.29,USDC,379146383,2.33,11.71
2024-09-14,Curve,Base,8.39,DAI,387592021,2.14,10.88
2024-09-14,Uniswap V3,Ethereum,9.05,USDC,106564077,33.51,0
2024-09-14,Uniswap V3,Ethereum,9.29,USDT,114395077,35.49,0
2024-09-14,Uniswap V3,Ethereum,7.86,DAI,101642136,27.42,0
2024-09-14,Uniswap V3,Arbitrum,8.44,USDC,102752351,1.81,11.67
2024-09-14,Uniswap V3,Arbitrum,11.81,USDT,110284408,1.37,13.2
2024-09-14,Uniswap V3,Arbitrum,9.57,DAI,105869273,2.31,9.61
2024-09-14,Uniswap V3,Optimism,8.48,USDT,107469199,2.54,5.18
2024-09-14,Uniswap V3,Optimism,10.02,DAI,110163249,2.29,8.13
2024-09-14,Uniswap V3,Polygon,7.71,USDC,110803891,0.78,7.7
2024-09-14,Uniswap V3,Polygon,10.87,DAI,111551524,0.97,10.02
2024-09-14,Uniswap V3,Base,10.8,USDC,104882882,2.38,7.18
2024-09-14,Uniswap V3,Base,11.07,USDT,98527649,2.67,11.07
2024-09-14,Uniswap V3,Base,12.72,DAI,101207087,2.22,9.08
2024-09-14,Yearn,Ethereum,3.58,USDT,132820523,19.82,0
2024-09-14,Yearn,Ethereum,3.13,DAI,140472540,31.18,0
2024-09-14,Yearn,Arbitrum,3.61,USDC,126896685,2.6,12.5
2024-09-14,Yearn,Arbitrum,3.93,USDT,139789219,2.36,12.29
2024-09-14,Yearn,Arbitrum,3.91,DAI,137587984,3.26,7.22
2024-09-14,Yearn,Optimism,3.71,USDC,126615159,2.2,8.3
2024-09-14,Yearn,Optimism,3.8,USDT,127335691,2.25,6.3
2024-09-14,Yearn,Optimism,3.79,DAI,138931925,2.65,4.87
2024-09-14,Yearn,Polygon,4.36,USDC,149730994,0.81,7.17
2024-09-14,Yearn,Polygon,3.96,USDT,138570959,0.87,5.82
2024-09-14,Yearn,Polygon,4.39,DAI,133148389,0.79,7.54
2024-09-14,Yearn,Base,3.96,USDC,141814681,1.95,10.58
2024-09-14,Yearn,Base,3.87,USDT,146138581,2.31,8.9
2024-09-14,Yearn,Base,3.64,DAI,131494677,2.31,11.24
2024-09-14,Pendle,Ethereum,10.19,USDT,89229687,29.41,0
2024-09-14,Pendle,Ethereum,10.45,DAI,78433256,25.92,0
2024-09-14,Pendle,Arbitrum,13.57,USDC,84726017,1.64,11.6
2024-09-14,Pendle,Arbitrum,13.74,USDT,83677688,1.77,9.45
2024-09-14,Pendle,Arbitrum,15.97,DAI,86221144,2.31,12.73
2024-09-14,Pendle,Optimism,10.84,USDT,87105460,2.68,8.93
2024-09-14,Pendle,Optimism,11.88,DAI,86029321,1.85,8.2
2024-09-14,Pendle,Base,14.57,USDC,92944724,1.95,8.0
2024-09-14,Pendle,Base,10.1,USDT,86004204,2.37,9.75
2024-09-14,Pendle,Base,16.55,DAI,88085008,2.09,10.06
2024-09-14,Convex,Ethereum,4.54,USDC,186079060,32.26,0
2024-09-14,Convex,Ethereum,4.48,USDT,179494636,30.74,0
2024-09-14,Convex,Ethereum,5.19,DAI,163270616,23.65,0
2024-09-14,Balancer,Ethereum,7.39,USDC,126457039,25.79,0
2024-09-14,Balancer,Ethereum,9.2,USDT,125115861,29.88,0
2024-09-14,Balancer,Ethereum,6.4,DAI,118697510,26.92,0
2024-09-14,Balancer,Arbitrum,8.88,USDC,131175156,1.72,14.64
2024-09-14,Balancer,Arbitrum,10.01,USDT,123902273,1.32,11.56
2024-09-14,Balancer,Arbitrum,7.95,DAI,133249606,2.18,11.99
2024-09-14,Balancer,Optimism,10.31,USDC,128117544,2.78,9.78
2024-09-14,Balancer,Optimism,8.01,USDT,113173135,2.22,8.62
2024-09-14,Balancer,Optimism,10.87,DAI,130750850,2.35,11.78
2024-09-14,Balancer,Polygon,10.2,USDC,119033130,1.07,8.45
2024-09-14,Balancer,Polygon,10.55,USDT,122748295,0.92,5.37
2024-09-14,Balancer,Polygon,9.89,DAI,127016708,1.4,7.86
2024-09-14,Balancer,Base,9.21,USDC,127236892,2.32,12.45
2024-09-14,Balancer,Base,11.01,USDT,119301793,1.52,10.27
2024-09-14,Balancer,Base,9.73,DAI,126074505,1.97,9.51
2024-09-15,Aave,Ethereum,2.8,USDC,281017099,30.79,0
2024-09-15,Aave,Ethereum,2.35,USDT,285590155,28.92,0
2024-09-15,Aave,Ethereum,2.41,DAI,291692833,29.78,0
2024-09-15,Aave,Arbitrum,3.45,USDC,269597668,2.34,9.88
2024-09-15,Aave,Arbitrum,2.86,USDT,276686102,2.11,10.61
2024-09-15,Aave,Arbitrum,2.81,DAI,289487668,2.66,11.64
2024-09-15,Aave,Optimism,3.1,USDC,265190436,1.83,10.52
2024-09-15,Aave,Optimism,2.82,USDT,288325497,1.89,7.77
2024-09-15,Aave,Optimism,2.67,DAI,291155675,1.77,11.68
2024-09-15,Aave,Polygon,3.22,USDC,294871127,1.09,8.46
2024-09-15,Aave,Polygon,2.78,USDT,298831378,1.17,6.64
2024-09-15,Aave,Polygon,3.05,DAI,269262581,1.05,5.65
2024-09-15,Aave,Base,3.07,USDC,284166650,2.35,7.85
2024-09-15,Aave,Base,2.81,USDT,283530635,2.39,10.06
2024-09-15,Aave,Base,2.82,DAI,258302436,2.03,10.05
2024-09-15,Compound,Ethereum,2.44,USDC,213165300,25.8,0
2024-09-15,Compound,Ethereum,2.54,USDT,217135653,27.27,0
2024-09-15,Compound,Ethereum,2.3,DAI,213118302,26.74,0
2024-09-15,Compound,Arbitrum,2.72,USDC,186358999,3.3,13.69
2024-09-15,Compound,Arbitrum,2.73,USDT,199747966,3.19,14.27
2024-09-15,Compound,Arbitrum,2.9,DAI,215572430,2.35,8.66
2024-09-15,Compound,Optimism,2.9,USDC,194466511,1.89,10.59
2024-09-15,Compound,Optimism,2.73,USDT,205649137,1.54,9.76
2024-09-15,Compound,Optimism,2.88,DAI,172762654,2.99,9.96
2024-09-15,Compound,Polygon,2.72,USDC,198361627,0.84,6.34
2024-09-15,Compound,Polygon,3.08,USDT,207076660,1.02,5.8
2024-09-15,Compound,Polygon,3.29,DAI,187996115,0.72,8.65
2024-09-15,Compound,Base,2.81,USDC,200010776,2.84,8.93
2024-09-15,Compound,Base,2.78,USDT,183632742,2.29,14.38
2024-09-15,Curve,Ethereum,6.24,USDC,364922714,19.9,0
2024-09-15,Curve,Ethereum,6.19,USDT,346705563,25.75,0
2024-09-15,Curve,Ethereum,7.58,DAI,366323117,29.25,0
2024-09-15,Curve,Arbitrum,10.85,USDC,371464956,2.7,13.99
2024-09-15,Curve,Arbitrum,10.02,USDT,390615748,1.53,11.95
2024-09-15,Curve,Arbitrum,10.9,DAI,352100560,2.74,13.93
2024-09-15,Curve,Optimism,6.64,USDC,339308462,1.77,10.04
2024-09-15,Curve,Optimism,8.45,USDT,362792818,1.98,9.34
2024-09-15,Curve,Polygon,10.09,USDC,344112653,0.77,6.56
2024-09-15,Curve,Polygon,10.38,USDT,352729513,0.72,8.82
2024-09-15,Curve,Polygon,8.19,DAI,335970273,0.73,9.56
2024-09-15,Curve,Base,10.35,USDT,357722211,2.39,8.5
2024-09-15,Uniswap V3,Ethereum,11.41,USDT,103183788,28.99,0
2024-09-15,Uniswap V3,Ethereum,7.73,DAI,107882046,32.75,0
2024-09-15,Uniswap V3,Arbitrum,11.61,USDC,115364154,2.29,10.04
2024-09-15,Uniswap V3,Arbitrum,10.36,DAI,111886145,2.24,14.82
2024-09-15,Uniswap V3,Optimism,8.1,USDC,109069429,1.66,8.24
2024-09-15,Uniswap V3,Optimism,11.81,USDT,107230401,2.14,10.3
2024-09-15,Uniswap V3,Optimism,11.58,DAI,107765096,2.28,12.2
2024-09-15,Uniswap V3,Polygon,13.59,USDC,99813441,0.98,9.39
2024-09-15,Uniswap V3,Polygon,12.0,USDT,101695925,0.82,8.05
2024-09-15,Uniswap V3,Polygon,9.13,DAI,97151368,0.96,8.99
2024-09-15,Uniswap V3,Base,9.83,USDC,110346874,2.17,9.75
2024-09-15,Uniswap V3,Base,8.04,USDT,107777296,2.55,8.96
2024-09-15,Uniswap V3,Base,10.63,DAI,111924136,2.04,12.48
2024-09-15,Yearn,Ethereum,3.03,USDC,121690532,25.68,0
2024-09-15,Yearn,Ethereum,2.61,USDT,138936969,29.84,0
2024-09-15,Yearn,Ethereum,3.18,DAI,132120030,34.08,0
2024-09-15,Yearn,Arbitrum,4.23,USDC,137888150,2.08,12.31
2024-09-15,Yearn,Arbitrum,3.59,USDT,129400555,2.9,13.25
2024-09-15,Yearn,Arbitrum,4.05,DAI,137510110,2.51,10.04
2024-09-15,Yearn,Optimism,3.84,USDC,130747207,1.68,9.4
2024-09-15,Yearn,Optimism,3.71,USDT,125074339,1.96,9.28
2024-09-15,Yearn,Optimism,3.62,DAI,136903659,2.5,7.37
2024-09-15,Yearn,Polygon,4.48,USDC,134494131,1.17,5.91
2024-09-15,Yearn,Polygon,4.09,USDT,126434018,1.21,5.04
2024-09-15,Yearn,Base,3.78,USDC,129404591,1.99,11.32
2024-09-15,Yearn,Base,3.78,USDT,132947632,2.52,9.02
2024-09-15,Yearn,Base,3.62,DAI,135635555,2.82,10.84
2024-09-15,Pendle,Ethereum,11.67,USDC,85155972,35.92,0
2024-09-15,Pendle,Ethereum,7.72,USDT,84272492,34.25,0
2024-09-15,Pendle,Ethereum,9.09,DAI,88709113,27.74,0
2024-09-15,Pendle,Arbitrum,9.34,USDC,86492261,2.88,10.42
2024-09-15,Pendle,Arbitrum,13.63,USDT,85216762,2.11,11.17
2024-09-15,Pendle,Arbitrum,14.23,DAI,90805653,2.39,11.91
2024-09-15,Pendle,Optimism,8.79,USDC,87833201,1.94,9.84
2024-09-15,Pendle,Optimism,15.1,USDT,87198089,1.54,7.74
2024-09-15,Pendle,Optimism,14.97,DAI,85673668,1.73,9.97
2024-09-15,Pendle,Base,12.35,USDC,78937614,2.13,10.15
2024-09-15,Pendle,Base,14.73,USDT,85347329,2.33,11.3
2024-09-15,Pendle,Base,11.54,DAI,80869178,2.22,9.28
2024-09-15,Convex,Ethereum,5.16,DAI,169245135,30.72,0
2024-09-15,Balancer,Ethereum,8.58,USDC,128251916,29.45,0
2024-09-15,Balancer,Ethereum,7.26,USDT,132142490,24.11,0
2024-09-15,Balancer,Arbitrum,8.67,USDC,127690771,2.79,14.84
2024-09-15,Balancer,Arbitrum,10.39,USDT,118548108,1.48,13.53
2024-09-15,Balancer,Arbitrum,9.78,DAI,117730251,1.72,9.55
2024-09-15,Balancer,Optimism,9.86,USDC,120127304,1.93,12.34
2024-09-15,Balancer,Optimism,8.78,USDT,123393905,1.96,11.62
2024-09-15,Balancer,Optimism,9.18,DAI,119405197,2.44,11.51
2024-09-15,Balancer,Polygon,9.65,USDC,114166630,0.74,7.84
2024-09-15,Balancer,Polygon,9.9,USDT,129716423,0.95,5.93
2024-09-15,Balancer,Polygon,8.65,DAI,118646743,0.84,6.31
2024-09-15,Balancer,Base,10.83,USDC,135928028,2.23,10.05
2024-09-15,Balancer,Base,9.71,USDT,114995649,2.12,11.56
2024-09-15,Balancer,Base,9.94,DAI,124761430,1.9,10.67
2024-09-16,Aave,Ethereum,2.42,USDC,299185561,36.32,0
2024-09-16,Aave,Ethereum,2.63,USDT,275760812,38.1,0
2024-09-16,Aave,Arbitrum,3.1,USDC,288183206,3.28,10.64
2024-09-16,Aave,Arbitrum,2.94,USDT,288392126,3.6,13.04
2024-09-16,Aave,Arbitrum,3.26,DAI,284545004,4.96,12.96
2024-09-16,Aave,Optimism,3.49,USDC,246439516,2.5,7.17
2024-09-16,Aave,Optimism,3.15,USDT,274098249,2.01,9.1
2024-09-16,Aave,Optimism,3.2,DAI,268053387,3.08,10.52
2024-09-16,Aave,Polygon,3.52,USDC,291793633,1.75,7.17
2024-09-16,Aave,Base,2.91,USDC,299010039,3.24,10.03
2024-09-16,Aave,Base,2.97,USDT,283937195,4.03,10.53
2024-09-16,Aave,Base,2.73,DAI,275557646,3.33,11.82
2024-09-16,Compound,Ethereum,2.59,USDC,206384958,50.86,0
2024-09-16,Compound,Ethereum,2.52,USDT,211754798,55.82,0
2024-09-16,Compound,Ethereum,2.63,DAI,214603969,36.03,0
2024-09-16,Compound,Arbitrum,2.96,USDC,190797031,3.28,7.44
2024-09-16,Compound,Arbitrum,2.7,USDT,198797981,3.8,6.92
2024-09-16,Compound,Arbitrum,3.09,DAI,190760762,3.55,12.54
2024-09-16,Compound,Optimism,2.88,USDC,207220478,2.79,9.39
2024-09-16,Compound,Optimism,2.81,USDT,205023681,2.86,8.36
2024-09-16,Compound,Optimism,2.84,DAI,200468283,2.01,7.76
2024-09-16,Compound,Polygon,3.06,USDT,199115273,1.79,8.14
2024-09-16,Compound,Polygon,3.06,DAI,199602246,1.38,10.12
2024-09-16,Compound,Base,2.82,USDC,187275502,2.17,9.3
2024-09-16,Compound,Base,2.8,USDT,194504005,3.07,10.65
2024-09-16,Compound,Base,2.98,DAI,199662931,3.25,9.74
2024-09-16,Curve,Ethereum,6.22,USDC,354721586,50.77,0
2024-09-16,Curve,Ethereum,7.81,DAI,362311535,48.46,0
2024-09-16,Curve,Arbitrum,8.7,USDC,364635856,2.93,9.96
2024-09-16,Curve,Arbitrum,7.94,DAI,372386878,3.02,11.99
2024-09-16,Curve,Optimism,7.97,USDC,335404724,3.63,8.67
2024-09-16,Curve,Optimism,8.35,USDT,365168617,3.28,7.37
2024-09-16,Curve,Polygon,9.98,USDC,338230666,1.05,7.16
2024-09-16,Curve,Polygon,11.55,USDT,341539164,0.99,8.85
2024-09-16,Curve,Polygon,9.81,DAI,359440665,1.28,2.86
2024-09-16,Curve,Base,8.25,USDC,347575974,3.66,10.04
2024-09-16,Curve,Base,7.98,USDT,383433167,2.87,9.69
2024-09-16,Curve,Base,8.39,DAI,347017684,3.23,7.18
2024-09-16,Uniswap V3,Ethereum,8.45,USDC,108661447,43.33,0
2024-09-16,Uniswap V3,Ethereum,8.84,DAI,100914321,39.18,0
2024-09-16,Uniswap V3,Arbitrum,10.43,USDC,108915518,4.61,15.04
2024-09-16,Uniswap V3,Arbitrum,5.92,USDT,104942911,3.12,6.12
2024-09-16,Uniswap V3,Arbitrum,8.83,DAI,109308454,3.76,11.15
2024-09-16,Uniswap V3,Optimism,9.05,USDC,107051382,2.2,10.26
2024-09-16,Uniswap V3,Optimism,9.94,DAI,111566936,2.99,5.92
2024-09-16,Uniswap V3,Polygon,10.64,USDC,100630362,0.82,5.23
2024-09-16,Uniswap V3,Polygon,9.68,USDT,108577868,1.83,9.36
2024-09-16,Uniswap V3,Polygon,12.47,DAI,104859035,1.27,4.9
2024-09-16,Uniswap V3,Base,11.77,USDC,102127719,3.81,10.94
2024-09-16,Uniswap V3,Base,6.87,USDT,111406705,3.08,10.45
2024-09-16,Uniswap V3,Base,8.05,DAI,108235598,3.65,9.79
2024-09-16,Yearn,Ethereum,2.94,USDT,129429976,51.05,0
2024-09-16,Yearn,Ethereum,3.76,DAI,132164278,49.03,0
2024-09-16,Yearn,Arbitrum,4.06,USDC,130483396,4.49,10.22
2024-09-16,Yearn,Arbitrum,3.68,USDT,137727501,5.53,7.75
2024-09-16,Yearn,Optimism,3.62,USDC,128619952,3.08,8.1
2024-09-16,Yearn,Optimism,3.51,USDT,130988397,3.29,8.8
2024-09-16,Yearn,Optimism,3.99,DAI,142636343,2.65,8.63
2024-09-16,Yearn,Polygon,4.49,USDT,139657732,2.0,7.08
2024-09-16,Yearn,Polygon,4.04,DAI,121869421,1.54,9.09
2024-09-16,Yearn,Base,4.03,USDC,138732568,3.67,8.69
2024-09-16,Yearn,Base,4.12,USDT,134865543,3.4,6.73
2024-09-16,Yearn,Base,3.96,DAI,133787409,2.66,7.66
2024-09-16,Pendle,Ethereum,9.97,USDC,75913977,37.48,0
2024-09-16,Pendle,Ethereum,10.54,USDT,83108937,32.55,0
2024-09-16,Pendle,Ethereum,10.13,DAI,85688753,45.78,0
2024-09-16,Pendle,Arbitrum,11.96,USDC,80662916,4.02,17.9
2024-09-16,Pendle,Arbitrum,12.91,DAI,78233438,3.2,9.44
2024-09-16,Pendle,Optimism,8.93,USDC,82216463,2.36,9.97
2024-09-16,Pendle,Optimism,12.28,USDT,85934660,2.22,10.03
2024-09-16,Pendle,Optimism,8.9,DAI,83554257,2.41,9.14
2024-09-16,Pendle,Base,12.93,USDC,77480829,2.84,7.17
2024-09-16,Pendle,Base,14.46,USDT,84564508,3.62,12.1
2024-09-16,Pendle,Base,14.44,DAI,81028989,2.91,9.83
2024-09-16,Convex,Ethereum,5.4,USDC,170702625,32.19,0
2024-09-16,Convex,Ethereum,5.57,USDT,179200805,51.18,0
2024-09-16,Convex,Ethereum,5.48,DAI,157556448,25.44,0
2024-09-16,Balancer,Ethereum,7.37,USDC,123851931,40.13,0
2024-09-16,Balancer,Ethereum,9.79,USDT,127773791,43.26,0
2024-09-16,Balancer,Ethereum,7.11,DAI,129569164,37.99,0
2024-09-16,Balancer,Arbitrum,9.79,USDC,122433015,3.06,9.74
2024-09-16,Balancer,Arbitrum,8.03,USDT,127925663,3.67,14.93
2024-09-16,Balancer,Optimism,8.64,USDC,130028769,3.8,10.34
2024-09-16,Balancer,Optimism,8.43,USDT,120742034,2.43,9.98
2024-09-16,Balancer,Optimism,10.27,DAI,114002837,4.03,8.01
2024-09-16,Balancer,Polygon,8.19,USDC,126942952,1.32,7.06
2024-09-16,Balancer,Polygon,8.92,USDT,133287691,1.29,10.55
2024-09-16,Balancer,Polygon,8.59,DAI,122876981,1.5,8.5
2024-09-16,Balancer,Base,10.11,USDC,128784637,2.46,10.87
2024-09-16,Balancer,Base,9.33,USDT,127102318,2.65,12.2
2024-09-16,Balancer,Base,6.73,DAI,114540296,3.28,10.66
2024-09-17,Aave,Ethereum,2.65,USDC,278461840,35.05,0
2024-09-17,Aave,Ethereum,2.28,USDT,261090008,31.0,0
2024-09-17,Aave,Ethereum,2.56,DAI,246781035,42.16,0
2024-09-17,Aave,Arbitrum,3.31,USDC,287353975,3.51,15.78
2024-09-17,Aave,Arbitrum,3.05,USDT,272144081,3.69,15.16
2024-09-17,Aave,Arbitrum,3.6,DAI,256147935,4.48,9.63
2024-09-17,Aave,Optimism,3.51,USDC,272298469,3.05,7.24
2024-09-17,Aave,Optimism,3.2,USDT,272825913,4.07,4.46
2024-09-17,Aave,Optimism,2.99,DAI,293251653,3.45,11.27
2024-09-17,Aave,Polygon,3.71,USDC,260692327,1.59,9.95
2024-09-17,Aave,Polygon,3.97,USDT,263828550,1.71,6.93
2024-09-17,Aave,Polygon,2.85,DAI,278636080,1.49,8.54
2024-09-17,Aave,Base,3.57,USDC,278053558,3.6,9.73
2024-09-17,Aave,Base,3.21,USDT,277374617,3.04,12.02
2024-09-17,Aave,Base,3.04,DAI,279234252,3.69,8.26
2024-09-17,Compound,Ethereum,2.29,USDC,197542297,46.55,0
2024-09-17,Compound,Ethereum,2.33,USDT,186846963,33.0,0
2024-09-17,Compound,Ethereum,2.39,DAI,191926789,44.46,0
2024-09-17,Compound,Arbitrum,3.04,USDC,205024696,3.31,14.8
2024-09-17,Compound,Arbitrum,3.03,USDT,196650345,3.59,13.61
2024-09-17,Compound,Arbitrum,3.22,DAI,195775042,3.01,7.97
2024-09-17,Compound,Optimism,2.92,USDC,203241162,3.3,4.97
2024-09-17,Compound,Optimism,2.9,USDT,206095402,3.37,11.41
2024-09-17,Compound,Optimism,2.67,DAI,211390687,2.91,11.14
2024-09-17,Compound,Polygon,3.06,USDC,189033545,1.42,8.18
2024-09-17,Compound,Polygon,3.19,USDT,179006591,0.96,7.18
2024-09-17,Compound,Polygon,3.05,DAI,209711537,1.11,9.57
2024-09-17,Compound,Base,2.81,USDC,205802890,3.0,12.39
2024-09-17,Compound,Base,2.74,USDT,199813573,4.15,9.01
2024-09-17,Compound,Base,2.87,DAI,204698674,3.35,7.54
2024-09-17,Curve,Ethereum,6.97,USDC,339990649,43.93,0
2024-09-17,Curve,Ethereum,6.07,DAI,359269406,45.75,0
2024-09-17,Curve,Arbitrum,10.28,USDC,331824334,4.79,13.81
2024-09-17,Curve,Arbitrum,10.34,USDT,346596463,4.35,14.27
2024-09-17,Curve,Arbitrum,9.23,DAI,324508276,2.67,12.78
2024-09-17,Curve,Optimism,8.96,USDC,349281360,2.94,9.7
2024-09-17,Curve,Optimism,9.36,USDT,378445361,3.32,7.69
2024-09-17,Curve,Optimism,7.8,DAI,368284356,3.37,8.85
2024-09-17,Curve,Polygon,9.94,USDC,341478529,1.72,10.53
2024-09-17,Curve,Polygon,8.31,USDT,345053880,1.16,6.5
2024-09-17,Curve,Base,8.09,USDC,363970755,2.89,11.26
2024-09-17,Curve,Base,7.4,USDT,365423239,3.02,12.12
2024-09-17,Curve,Base,10.37,DAI,352593096,2.71,11.8
2024-09-17,Uniswap V3,Ethereum,8.21,USDC,108061956,34.32,0
2024-09-17,Uniswap V3,Ethereum,10.44,USDT,100565873,48.53,0
2024-09-17,Uniswap V3,Ethereum,9.02,DAI,101071937,38.46,0
2024-09-17,Uniswap V3,Arbitrum,10.65,USDC,98845618,4.04,10.54
2024-09-17,Uniswap V3,Arbitrum,8.66,USDT,99311120,2.69,9.84
2024-09-17,Uniswap V3,Arbitrum,8.81,DAI,104261117,2.98,8.17
2024-09-17,Uniswap V3,Optimism,12.51,USDC,107419958,2.74,9.98
2024-09-17,Uniswap V3,Optimism,7.87,USDT,104291278,3.81,8.83
2024-09-17,Uniswap V3,Optimism,11.18,DAI,109665516,3.03,8.83
2024-09-17,Uniswap V3,Polygon,14.27,USDC,103354671,1.28,7.69
2024-09-17,Uniswap V3,Polygon,10.82,USDT,109006625,1.27,6.66
2024-09-17,Uniswap V3,Polygon,10.27,DAI,112473696,1.73,7.51
2024-09-17,Uniswap V3,Base,7.96,USDC,101900520,2.99,7.92
2024-09-17,Uniswap V3,Base,10.43,USDT,109629156,4.04,11.45
2024-09-17,Uniswap V3,Base,6.87,DAI,113762617,3.07,10.78
2024-09-17,Yearn,Ethereum,3.44,USDC,124556126,45.38,0
2024-09-17,Yearn,Ethereum,3.76,USDT,130300716,45.01,0
2024-09-17,Yearn,Ethereum,3.71,DAI,132125113,31.56,0
2024-09-17,Yearn,Arbitrum,4.42,USDC,139565759,4.16,14.03
2024-09-17,Yearn,Arbitrum,4.04,USDT,135449674,3.26,12.6
2024-09-17,Yearn,Arbitrum,4.07,DAI,126309232,5.25,16.49
2024-09-17,Yearn,Optimism,3.83,USDC,132740684,2.65,6.94
2024-09-17,Yearn,Optimism,4.06,USDT,120748572,2.78,9.84
2024-09-17,Yearn,Optimism,4.07,DAI,127670706,2.87,7.22
2024-09-17,Yearn,Polygon,4.17,USDC,129705779,0.97,6.36
2024-09-17,Yearn,Polygon,4.6,DAI,139447836,1.69,9.2
2024-09-17,Yearn,Base,4.28,USDC,137762834,2.56,11.52
2024-09-17,Yearn,Base,3.94,USDT,125893039,3.31,9.99
2024-09-17,Yearn,Base,4.25,DAI,123691835,3.44,8.06
2024-09-17,Pendle,Ethereum,11.31,USDC,84375721,51.82,0
2024-09-17,Pendle,Ethereum,8.55,USDT,82241615,43.82,0
2024-09-17,Pendle,Ethereum,10.89,DAI,77010296,44.46,0
2024-09-17,Pendle,Arbitrum,12.98,DAI,79033543,3.86,9.38
2024-09-17,Pendle,Optimism,13.48,USDC,77778595,2.91,7.02
2024-09-17,Pendle,Optimism,14.13,USDT,79731966,3.31,9.53
2024-09-17,Pendle,Optimism,14.1,DAI,82949136,3.34,10.59
2024-09-17,Pendle,Base,13.07,USDC,83863750,3.58,7.68
2024-09-17,Pendle,Base,9.68,USDT,84974404,3.34,7.55
2024-09-17,Pendle,Base,14.28,DAI,81910074,4.11,11.2
2024-09-17,Convex,Ethereum,3.92,USDC,168367963,44.14,0
2024-09-17,Convex,Ethereum,5.84,DAI,163191411,52.86,0
2024-09-17,Balancer,Ethereum,8.74,USDC,110866696,37.71,0
2024-09-17,Balancer,Ethereum,7.12,USDT,116165994,47.77,0
2024-09-17,Balancer,Ethereum,6.01,DAI,123405212,37.31,0
2024-09-17,Balancer,Arbitrum,9.56,USDC,114855106,2.35,13.15
2024-09-17,Balancer,Arbitrum,9.68,USDT,120893222,4.2,11.98
2024-09-17,Balancer,Arbitrum,9.28,DAI,122032830,4.78,17.94
2024-09-17,Balancer,Optimism,6.2,USDC,122537291,2.91,10.01
2024-09-17,Balancer,Optimism,10.53,USDT,123732371,3.31,10.31
2024-09-17,Balancer,Optimism,7.63,DAI,134626369,2.86,10.6
2024-09-17,Balancer,Polygon,9.78,USDC,124497759,1.39,7.99
2024-09-17,Balancer,Polygon,8.97,USDT,116474164,1.54,6.11
2024-09-17,Balancer,Polygon,8.41,DAI,113311562,1.58,8.13
2024-09-17,Balancer,Base,10.12,USDC,118251359,3.44,10.88
2024-09-17,Balancer,Base,8.62,DAI,125309613,3.59,10.07
2024-09-18,Aave,Ethereum,2.4,USDC,260494928,40.24,0
2024-09-18,Aave,Ethereum,2.64,USDT,264680788,36.3,0
2024-09-18,Aave,Ethereum,2.94,DAI,290744723,37.66,0
2024-09-18,Aave,Arbitrum,3.01,USDT,278635850,3.24,16.3
2024-09-18,Aave,Arbitrum,2.97,DAI,260116900,3.86,11.62
2024-09-18,Aave,Optimism,3.14,USDC,245933220,2.51,10.37
2024-09-18,Aave,Optimism,3.08,USDT,268435014,2.5,10.59
2024-09-18,Aave,Optimism,3.03,DAI,257558447,2.85,8.33
2024-09-18,Aave,Polygon,3.57,USDC,267655275,1.46,13.54
2024-09-18,Aave,Polygon,3.76,DAI,264636953,1.78,5.28
2024-09-18,Aave,Base,2.98,USDC,280414405,3.49,8.6
2024-09-18,Aave,Base,3.21,USDT,274182292,3.29,11.22
2024-09-18,Aave,Base,2.94,DAI,264649067,2.96,10.77
2024-09-18,Compound,Ethereum,2.57,USDC,224834590,38.08,0
2024-09-18,Compound,Ethereum,2.41,USDT,181621535,45.36,0
2024-09-18,Compound,Ethereum,2.51,DAI,195177222,40.53,0
2024-09-18,Compound,Arbitrum,3.12,USDC,188262294,4.51,8.64
2024-09-18,Compound,Arbitrum,3.29,USDT,197024627,4.68,9.04
2024-09-18,Compound,Arbitrum,3.33,DAI,207101076,3.15,12.67
2024-09-18,Compound,Optimism,2.72,USDC,183937543,3.39,11.07
2024-09-18,Compound,Optimism,2.63,USDT,193613964,2.62,7.69
2024-09-18,Compound,Optimism,2.86,DAI,191811903,2.99,11.8
2024-09-18,Compound,Polygon,3.12,USDC,189377504,1.54,9.49
2024-09-18,Compound,Polygon,2.72,DAI,195758503,1.26,7.2
2024-09-18,Compound,Base,3.18,USDC,200757862,3.04,9.0
2024-09-18,Compound,Base,2.93,USDT,200342408,3.31,11.57
2024-09-18,Compound,Base,2.69,DAI,178195229,3.09,8.82
2024-09-18,Curve,Ethereum,4.73,USDC,362408773,44.89,0
2024-09-18,Curve,Ethereum,7.87,USDT,333341703,45.5,0
2024-09-18,Curve,Ethereum,7.54,DAI,330652379,43.58,0
2024-09-18,Curve,Arbitrum,9.79,USDC,347426116,3.66,12.36
2024-09-18,Curve,Arbitrum,10.72,USDT,346995688,3.86,12.22
2024-09-18,Curve,Arbitrum,9.09,DAI,344154037,2.77,8.59
2024-09-18,Curve,Optimism,8.21,USDC,306227233,3.68,9.88
2024-09-18,Curve,Optimism,8.16,DAI,332776389,2.33,8.44
2024-09-18,Curve,Polygon,9.35,USDC,333825036,1.38,8.19
2024-09-18,Curve,Polygon,8.26,USDT,322704912,1.28,7.74
2024-09-18,Curve,Polygon,7.49,DAI,347564515,1.59,8.05
2024-09-18,Curve,Base,7.75,USDC,352762202,3.15,7.07
2024-09-18,Curve,Base,7.36,USDT,346353126,3.52,9.87
2024-09-18,Curve,Base,8.8,DAI,348777384,3.23,10.3
2024-09-18,Uniswap V3,Ethereum,8.08,USDC,104402769,48.6,0
2024-09-18,Uniswap V3,Ethereum,7.03,USDT,102993774,31.29,0
2024-09-18,Uniswap V3,Ethereum,8.94,DAI,98343129,34.71,0
2024-09-18,Uniswap V3,Arbitrum,8.76,USDC,104491189,3.49,17.14
2024-09-18,Uniswap V3,Arbitrum,11.71,USDT,103101774,3.96,8.7
2024-09-18,Uniswap V3,Arbitrum,8.8,DAI,99973426,3.45,8.57
2024-09-18,Uniswap V3,Optimism,10.14,USDC,110932122,3.58,8.45
2024-09-18,Uniswap V3,Optimism,8.22,USDT,104186592,3.08,7.67
2024-09-18,Uniswap V3,Optimism,11.02,DAI,98858338,2.91,8.22
2024-09-18,Uniswap V3,Polygon,12.29,DAI,101699046,1.48,7.9
2024-09-18,Uniswap V3,Base,12.16,USDT,98411368,3.17,10.82
2024-09-18,Uniswap V3,Base,12.76,DAI,102867900,3.67,10.23
2024-09-18,Yearn,Ethereum,3.75,USDC,130791670,34.52,0
2024-09-18,Yearn,Ethereum,3.16,USDT,131474947,43.93,0
2024-09-18,Yearn,Ethereum,3.78,DAI,121260413,33.68,0
2024-09-18,Yearn,Arbitrum,4.06,USDC,124620820,4.3,10.7
2024-09-18,Yearn,Arbitrum,4.39,USDT,135106357,5.24,14.79
2024-09-18,Yearn,Arbitrum,4.09,DAI,135477360,4.27,14.0
2024-09-18,Yearn,Optimism,4.32,USDT,131341049,3.15,5.97
2024-09-18,Yearn,Optimism,4.22,DAI,132797367,3.68,7.25
2024-09-18,Yearn,Polygon,4.82,USDC,125022590,1.53,8.97
2024-09-18,Yearn,Polygon,5.33,USDT,118589868,1.5,6.62
2024-09-18,Yearn,Polygon,4.45,DAI,124345428,1.45,7.29
2024-09-18,Yearn,Base,3.9,USDC,128833982,3.41,13.15
2024-09-18,Yearn,Base,4.05,USDT,138033767,3.66,8.77
2024-09-18,Yearn,Base,4.21,DAI,131227856,3.19,9.96
2024-09-18,Pendle,Ethereum,10.53,USDC,78037921,37.92,0
2024-09-18,Pendle,Ethereum,11.57,USDT,85751752,46.74,0
2024-09-18,Pendle,Ethereum,12.43,DAI,88156323,41.72,0
2024-09-18,Pendle,Arbitrum,13.78,USDC,79895270,3.6,10.58
2024-09-18,Pendle,Arbitrum,13.29,USDT,77714613,3.06,14.25
2024-09-18,Pendle,Arbitrum,14.66,DAI,86129781,3.01,13.01
2024-09-18,Pendle,Optimism,13.52,USDC,84244124,2.06,9.61
2024-09-18,Pendle,Optimism,12.28,USDT,75856486,2.76,8.85
2024-09-18,Pendle,Optimism,12.76,DAI,83193765,3.1,6.82
2024-09-18,Pendle,Base,12.72,USDC,85606734,3.56,5.75
2024-09-18,Pendle,Base,11.78,USDT,81149197,3.92,8.6
2024-09-18,Pendle,Base,11.12,DAI,79181026,3.35,11.97
2024-09-18,Convex,Ethereum,4.15,USDC,152665321,43.06,0
2024-09-18,Balancer,Ethereum,6.13,USDC,112313223,41.16,0
2024-09-18,Balancer,Ethereum,9.87,USDT,123875455,46.74,0
2024-09-18,Balancer,Ethereum,7.29,DAI,119523024,45.93,0
2024-09-18,Balancer,Arbitrum,8.88,USDC,118927111,4.11,13.97
2024-09-18,Balancer,Arbitrum,8.28,USDT,117062101,3.4,16.37
2024-09-18,Balancer,Arbitrum,12.03,DAI,116988118,3.63,9.21
2024-09-18,Balancer,Optimism,8.49,USDC,123643305,3.9,9.38
2024-09-18,Balancer,Optimism,10.57,USDT,121375690,3.3,9.96
2024-09-18,Balancer,Optimism,8.28,DAI,112137059,2.44,8.3
2024-09-18,Balancer,Polygon,11.61,USDC,114119010,1.81,8.32
2024-09-18,Balancer,Polygon,9.77,USDT,106518323,1.25,8.7
2024-09-18,Balancer,Polygon,10.81,DAI,118946113,1.57,7.64
2024-09-18,Balancer,Base,10.14,USDC,125386907,3.87,8.97
2024-09-18,Balancer,Base,8.8,USDT,109735496,3.29,6.26
2024-09-19,Aave,Ethereum,2.96,USDC,263345143,33.52,0
2024-09-19,Aave,Ethereum,2.51,USDT,276362448,37.38,0
2024-09-19,Aave,Ethereum,2.64,DAI,259990246,35.88,0
2024-09-19,Aave,Arbitrum,2.43,USDC,250026904,3.51,15.1
2024-09-19,Aave,Arbitrum,3.4,USDT,260718899,4.64,12.03
2024-09-19,Aave,Arbitrum,3.25,DAI,287088969,4.23,13.22
2024-09-19,Aave,Optimism,2.7,USDC,277413201,3.57,10.36
2024-09-19,Aave,Optimism,3.04,USDT,262876852,3.49,11.03
2024-09-19,Aave,Optimism,2.93,DAI,300474839,3.19,7.89
2024-09-19,Aave,Polygon,3.25,USDC,269563122,0.92,9.1
2024-09-19,Aave,Polygon,2.99,USDT,286893490,2.03,6.69
2024-09-19,Aave,Polygon,3.48,DAI,279006967,1.42,6.95
2024-09-19,Aave,Base,2.99,USDC,276406756,3.21,8.07
2024-09-19,Aave,Base,3.58,USDT,281022645,3.14,7.37
2024-09-19,Compound,Ethereum,2.29,USDC,185870817,40.97,0
2024-09-19,Compound,Ethereum,2.53,USDT,180624391,49.6,0
2024-09-19,Compound,Ethereum,2.41,DAI,174356638,55.82,0
2024-09-19,Compound,Arbitrum,2.62,USDC,195383048,3.72,11.87
2024-09-19,Compound,Arbitrum,3.16,USDT,190300311,2.72,12.08
2024-09-19,Compound,Arbitrum,2.9,DAI,191045998,2.92,11.01
2024-09-19,Compound,Optimism,2.54,USDC,196559218,3.4,7.49
2024-09-19,Compound,Optimism,3.18,USDT,184207210,3.03,6.11
2024-09-19,Compound,Optimism,2.8,DAI,190213371,2.09,9.27
2024-09-19,Compound,Polygon,3.36,USDT,210685458,1.79,7.8
2024-09-19,Compound,Polygon,2.96,DAI,203587507,1.75,7.36
2024-09-19,Compound,Base,2.79,USDC,193673026,3.65,11.09
2024-09-19,Compound,Base,3.23,USDT,193948578,3.19,11.16
2024-09-19,Compound,Base,2.92,DAI,199619224,3.83,5.44
2024-09-19,Curve,Ethereum,6.91,USDC,347857483,43.69,0
2024-09-19,Curve,Ethereum,5.92,USDT,339376010,30.03,0
2024-09-19,Curve,Ethereum,6.74,DAI,354147570,40.67,0
2024-09-19,Curve,Arbitrum,10.01,USDC,321953901,5.2,9.15
2024-09-19,Curve,Arbitrum,9.23,USDT,348712065,2.92,9.93
2024-09-19,Curve,Arbitrum,8.19,DAI,358432837,4.39,10.93
2024-09-19,Curve,Optimism,8.36,USDC,333817453,2.88,9.99
2024-09-19,Curve,Optimism,9.02,USDT,349950795,2.98,8.33
2024-09-19,Curve,Optimism,9.48,DAI,334344206,2.49,6.95
2024-09-19,Curve,Polygon,8.35,USDC,317126875,1.22,11.2
2024-09-19,Curve,Polygon,9.53,USDT,356936598,1.6,5.56
2024-09-19,Curve,Polygon,8.17,DAI,324162974,1.62,5.98
2024-09-19,Curve,Base,8.92,USDC,353369538,3.87,11.08
2024-09-19,Curve,Base,9.13,USDT,352579527,4.39,9.41
2024-09-19,Curve,Base,8.6,DAI,316598152,3.96,7.68
2024-09-19,Uniswap V3,Ethereum,6.45,USDC,101223843,40.79,0
2024-09-19,Uniswap V3,Ethereum,7.96,USDT,103762932,33.54,0
2024-09-19,Uniswap V3,Ethereum,9.62,DAI,105876983,42.8,0
2024-09-19,Uniswap V3,Arbitrum,10.88,USDC,107886965,3.04,11.14
2024-09-19,Uniswap V3,Arbitrum,10.44,USDT,102618518,3.22,9.45
2024-09-19,Uniswap V3,Arbitrum,9.34,DAI,98694020,2.45,8.78
2024-09-19,Uniswap V3,Optimism,10.02,USDC,105230375,2.13,9.97
2024-09-19,Uniswap V3,Optimism,12.46,USDT,98863352,2.72,9.65
2024-09-19,Uniswap V3,Optimism,10.15,DAI,107783218,3.29,7.94
2024-09-19,Uniswap V3,Polygon,7.4,USDC,99147257,1.35,7.45
2024-09-19,Uniswap V3,Polygon,12.29,USDT,103644250,1.25,6.01
2024-09-19,Uniswap V3,Polygon,10.45,DAI,100791790,0.94,10.98
2024-09-19,Uniswap V3,Base,10.03,USDT,107209228,3.87,11.25
2024-09-19,Uniswap V3,Base,9.77,DAI,107625301,2.84,6.91
2024-09-19,Yearn,Ethereum,3.29,USDC,122879456,34.94,0
2024-09-19,Yearn,Ethereum,3.36,DAI,131916879,39.42,0
2024-09-19,Yearn,Arbitrum,4.0,USDC,134189246,3.18,12.28
2024-09-19,Yearn,Arbitrum,3.98,USDT,123447553,3.04,7.48
2024-09-19,Yearn,Arbitrum,4.44,DAI,136510003,4.28,7.39
2024-09-19,Yearn,Optimism,4.04,USDC,131797450,2.11,8.55
2024-09-19,Yearn,Optimism,4.42,USDT,132348922,2.84,5.5
2024-09-19,Yearn,Optimism,4.36,DAI,130484471,2.81,8.22
2024-09-19,Yearn,Polygon,4.5,USDC,124840292,1.23,9.1
2024-09-19,Yearn,Polygon,4.24,USDT,142247925,0.66,7.48
2024-09-19,Yearn,Polygon,4.12,DAI,130220485,1.09,5.07
2024-09-19,Yearn,Base,3.98,USDC,135925801,3.64,7.42
2024-09-19,Yearn,Base,4.26,USDT,122011734,2.79,9.33
2024-09-19,Yearn,Base,4.12,DAI,118236293,3.38,9.95
2024-09-19,Pendle,Ethereum,10.1,USDC,87925665,43.21,0
2024-09-19,Pendle,Ethereum,7.9,USDT,81570422,60.28,0
2024-09-19,Pendle,Ethereum,13.96,DAI,77897162,36.55,0
2024-09-19,Pendle,Arbitrum,15.17,USDC,78357049,2.97,10.92
2024-09-19,Pendle,Arbitrum,17.38,USDT,75710953,4.75,10.18
2024-09-19,Pendle,Arbitrum,12.03,DAI,81971571,4.54,14.99
2024-09-19,Pendle,Optimism,13.61,USDC,83005055,2.64,8.52
2024-09-19,Pendle,Optimism,12.54,USDT,81350525,2.82,10.45
2024-09-19,Pendle,Optimism,13.41,DAI,82135174,3.42,7.6
2024-09-19,Pendle,Base,11.7,USDC,84471586,3.59,8.8
2024-09-19,Pendle,Base,7.19,USDT,78746437,2.74,7.64
2024-09-19,Pendle,Base,11.34,DAI,81141168,4.0,6.8
2024-09-19,Convex,Ethereum,4.73,USDC,153701505,48.78,0
2024-09-19,Convex,Ethereum,5.95,USDT,168687602,36.58,0
2024-09-19,Convex,Ethereum,4.98,DAI,164900783,51.34,0
2024-09-19,Balancer,Ethereum,6.4,USDC,126291506,58.17,0
2024-09-19,Balancer,Ethereum,7.19,USDT,119342633,56.28,0
2024-09-19,Balancer,Ethereum,7.01,DAI,121437542,35.23,0
2024-09-19,Balancer,Arbitrum,8.52,USDC,122030503,3.88,10.94
2024-09-19,Balancer,Arbitrum,10.28,USDT,107726662,4.14,9.41
2024-09-19,Balancer,Arbitrum,9.4,DAI,113998452,2.21,16.25
2024-09-19,Balancer,Optimism,9.36,USDC,121825232,3.24,6.39
2024-09-19,Balancer,Optimism,8.95,USDT,113709620,3.87,9.63
2024-09-19,Balancer,Optimism,9.05,DAI,111200445,3.56,10.34
2024-09-19,Balancer,Polygon,8.39,USDC,116437417,1.25,7.56
2024-09-19,Balancer,Polygon,11.72,USDT,128424436,1.55,8.47
2024-09-19,Balancer,Polygon,8.02,DAI,121591673,1.06,7.49
2024-09-19,Balancer,Base,7.8,USDC,115851213,2.9,10.21
2024-09-19,Balancer,Base,8.11,USDT,119287884,3.23,8.97
2024-09-19,Balancer,Base,8.96,DAI,116566404,3.75,11.62
2024-09-20,Aave,Ethereum,2.63,USDC,258406645,37.19,0
2024-09-20,Aave,Ethereum,2.6,USDT,254453465,31.42,0
2024-09-20,Aave,Ethereum,2.31,DAI,250720722,34.17,0
2024-09-20,Aave,Arbitrum,3.08,USDC,270724477,3.68,10.85
2024-09-20,Aave,Arbitrum,3.05,DAI,260185605,2.74,10.65
2024-09-20,Aave,Optimism,3.07,USDC,261329438,3.45,7.77
2024-09-20,Aave,Optimism,3.18,USDT,274075248,2.55,7.46
2024-09-20,Aave,Optimism,2.86,DAI,261436948,3.26,11.65
2024-09-20,Aave,Polygon,3.38,USDC,254133046,1.42,8.66
2024-09-20,Aave,Polygon,3.55,USDT,278461546,1.51,7.38
2024-09-20,Aave,Polygon,3.06,DAI,276462784,1.37,7.81
2024-09-20,Aave,Base,3.15,USDC,252805348,2.91,10.15
2024-09-20,Aave,Base,3.47,USDT,256158126,3.17,9.81
2024-09-20,Aave,Base,3.01,DAI,289728906,3.94,9.95
2024-09-20,Compound,Ethereum,2.61,USDC,180578395,49.17,0
2024-09-20,Compound,Ethereum,2.53,USDT,198946205,53.3,0
2024-09-20,Compound,Ethereum,2.42,DAI,182109941,42.41,0
2024-09-20,Compound,Arbitrum,2.9,USDC,197665747,3.75,10.71
2024-09-20,Compound,Arbitrum,2.9,USDT,191985785,2.61,13.31
2024-09-20,Compound,Arbitrum,3.2,DAI,199144027,3.93,7.71
2024-09-20,Compound,Optimism,2.98,USDC,196264088,2.62,5.8
2024-09-20,Compound,Optimism,2.55,USDT,194563465,3.3,7.23
2024-09-20,Compound,Optimism,2.74,DAI,185077244,3.95,6.39
2024-09-20,Compound,Polygon,3.35,USDC,196718939,1.62,8.73
2024-09-20,Compound,Polygon,3.16,USDT,205596541,1.25,7.42
2024-09-20,Compound,Polygon,3.19,DAI,194479209,1.7,9.7
2024-09-20,Compound,Base,2.96,USDC,179344434,3.95,9.41
2024-09-20,Compound,Base,3.38,USDT,191194651,2.92,9.66
2024-09-20,Compound,Base,3.05,DAI,194726454,3.09,11.41
2024-09-20,Curve,Ethereum,7.34,USDC,357853155,43.46,0
2024-09-20,Curve,Ethereum,6.99,USDT,327498669,44.26,0
2024-09-20,Curve,Ethereum,8.86,DAI,362888516,42.18,0
2024-09-20,Curve,Arbitrum,8.81,USDC,361693093,1.95,17.78
2024-09-20,Curve,Arbitrum,8.9,USDT,334351557,4.58,9.81
2024-09-20,Curve,Arbitrum,10.3,DAI,335230973,3.07,14.18
2024-09-20,Curve,Optimism,7.42,USDT,320454097,3.07,9.36
2024-09-20,Curve,Optimism,7.05,DAI,319265247,3.14,10.27
2024-09-20,Curve,Polygon,8.7,USDC,338219892,1.57,7.54
2024-09-20,Curve,Polygon,7.26,USDT,344992650,1.42,8.27
2024-09-20,Curve,Polygon,6.96,DAI,327174555,1.21,7.37
2024-09-20,Curve,Base,7.95,USDC,343250660,3.09,9.88
2024-09-20,Curve,Base,6.43,USDT,336919055,2.93,12.45
2024-09-20,Curve,Base,7.45,DAI,330825554,3.42,11.65
2024-09-20,Uniswap V3,Ethereum,5.17,USDC,108280576,44.46,0
2024-09-20,Uniswap V3,Ethereum,7.45,USDT,101312114,50.07,0
2024-09-20,Uniswap V3,Ethereum,7.31,DAI,102786025,46.65,0
2024-09-20,Uniswap V3,Arbitrum,9.65,USDC,102457067,4.25,12.41
2024-09-20,Uniswap V3,Arbitrum,8.34,DAI,105055905,3.37,8.07
2024-09-20,Uniswap V3,Optimism,10.4,USDC,101711932,2.36,11.27
2024-09-20,Uniswap V3,Optimism,10.22,USDT,101244732,2.43,9.21
2024-09-20,Uniswap V3,Optimism,8.8,DAI,96043286,2.93,10.66
2024-09-20,Uniswap V3,Polygon,9.21,USDC,110512944,0.94,7.48
2024-09-20,Uniswap V3,Polygon,12.81,USDT,102650058,1.04,6.61
2024-09-20,Uniswap V3,Base,8.33,USDT,100930679,2.9,11.49
2024-09-20,Uniswap V3,Base,8.58,DAI,101217084,2.87,10.49
2024-09-20,Yearn,Ethereum,3.29,USDT,132128358,48.89,0
2024-09-20,Yearn,Arbitrum,4.21,USDC,125968659,4.2,11.8
2024-09-20,Yearn,Arbitrum,4.23,USDT,124615750,3.0,9.87
2024-09-20,Yearn,Arbitrum,4.62,DAI,134069797,3.95,15.65
2024-09-20,Yearn,Optimism,3.82,USDC,128265399,2.46,9.25
2024-09-20,Yearn,Optimism,3.76,USDT,130515763,2.27,10.52
2024-09-20,Yearn,Optimism,4.05,DAI,130105040,2.45,12.18
2024-09-20,Yearn,Polygon,4.48,USDC,127445136,1.67,6.95
2024-09-20,Yearn,Polygon,4.71,USDT,130922505,1.21,8.01
2024-09-20,Yearn,Polygon,4.79,DAI,127744583,1.05,10.51
2024-09-20,Yearn,Base,4.42,USDC,126545314,3.42,9.29
2024-09-20,Yearn,Base,4.05,USDT,124364058,3.43,11.74
2024-09-20,Yearn,Base,4.16,DAI,126092844,4.14,11.44
2024-09-20,Pendle,Ethereum,11.57,USDC,73970272,53.3,0
2024-09-20,Pendle,Ethereum,10.33,USDT,85815351,40.16,0
2024-09-20,Pendle,Ethereum,12.98,DAI,83014465,38.01,0
2024-09-20,Pendle,Arbitrum,12.59,USDC,85373506,3.59,11.31
2024-09-20,Pendle,Arbitrum,11.67,USDT,77937866,2.85,10.7
2024-09-20,Pendle,Optimism,11.98,USDC,81565070,3.14,8.27
2024-09-20,Pendle,Optimism,13.6,USDT,84241327,2.6,14.49
2024-09-20,Pendle,Optimism,14.35,DAI,80626345,2.96,7.72
2024-09-20,Pendle,Base,17.01,USDC,78723938,3.21,13.82
2024-09-20,Pendle,Base,12.48,USDT,84627950,3.8,5.9
2024-09-20,Pendle,Base,12.34,DAI,79909631,3.37,10.69
2024-09-20,Convex,Ethereum,4.95,USDC,176469926,46.17,0
2024-09-20,Convex,Ethereum,6.19,USDT,151116058,43.56,0
2024-09-20,Convex,Ethereum,5.15,DAI,157177537,42.39,0
2024-09-20,Balancer,Ethereum,9.04,USDC,113058746,34.88,0
2024-09-20,Balancer,Ethereum,6.07,USDT,108539595,53.69,0
2024-09-20,Balancer,Ethereum,8.51,DAI,121639161,47.44,0
2024-09-20,Balancer,Arbitrum,9.67,USDC,118500194,3.79,12.25
2024-09-20,Balancer,Arbitrum,9.15,USDT,117662689,3.32,7.77
2024-09-20,Balancer,Arbitrum,9.28,DAI,119120631,4.01,16.08
2024-09-20,Balancer,Optimism,8.8,USDC,116382619,3.9,11.02
2024-09-20,Balancer,Optimism,9.17,DAI,126800510,2.39,8.53
2024-09-20,Balancer,Polygon,10.76,USDC,125594986,1.39,8.41
2024-09-20,Balancer,Polygon,9.55,USDT,112823758,1.37,8.41
2024-09-20,Balancer,Polygon,8.59,DAI,117635197,1.41,7.28
2024-09-20,Balancer,Base,8.45,USDT,116224428,3.5,9.4
2024-09-20,Balancer,Base,9.39,DAI,120669224,4.21,8.07
2024-09-21,Aave,Ethereum,2.46,USDC,229641367,31.57,0
2024-09-21,Aave,Ethereum,2.66,USDT,277278715,25.23,0
2024-09-21,Aave,Ethereum,2.08,DAI,279614571,33.97,0
2024-09-21,Aave,Arbitrum,3.04,USDC,268859548,2.68,11.6
2024-09-21,Aave,Arbitrum,3.27,USDT,268332828,2.71,12.08
2024-09-21,Aave,Arbitrum,3.43,DAI,287969929,2.22,13.31
2024-09-21,Aave,Optimism,3.13,USDC,272692197,2.07,11.04
2024-09-21,Aave,Optimism,3.32,USDT,275234288,1.12,9.94
2024-09-21,Aave,Optimism,2.89,DAI,278020921,2.04,8.98
2024-09-21,Aave,Polygon,3.03,USDC,269156831,0.69,4.41
2024-09-21,Aave,Polygon,2.52,USDT,255080100,0.75,7.28
2024-09-21,Aave,Polygon,2.77,DAI,263918145,1.02,6.82
2024-09-21,Aave,Base,2.92,USDC,278318625,1.76,8.22
2024-09-21,Aave,Base,3.23,USDT,272007421,2.2,8.51
2024-09-21,Aave,Base,2.75,DAI,272311261,2.06,7.34
2024-09-21,Compound,Ethereum,2.56,USDT,195675488,26.32,0
2024-09-21,Compound,Ethereum,2.84,DAI,183040356,24.03,0
2024-09-21,Compound,Arbitrum,3.03,USDC,190907221,3.07,15.25
2024-09-21,Compound,Arbitrum,3.06,USDT,194007284,2.53,14.74
2024-09-21,Compound,Arbitrum,3.12,DAI,190468150,3.17,14.07
2024-09-21,Compound,Optimism,2.64,USDC,176212011,2.4,5.94
2024-09-21,Compound,Optimism,3.04,USDT,196862548,1.98,8.97
2024-09-21,Compound,Optimism,3.1,DAI,189992947,1.98,7.23
2024-09-21,Compound,Polygon,3.15,USDC,196066654,0.75,8.83
2024-09-21,Compound,Polygon,3.12,USDT,189703199,1.15,9.19
2024-09-21,Compound,Base,2.95,USDC,196790199,1.99,3.88
2024-09-21,Curve,Ethereum,7.29,USDC,350615011,31.82,0
2024-09-21,Curve,Ethereum,8.48,USDT,330731743,31.55,0
2024-09-21,Curve,Arbitrum,8.87,USDC,383249131,2.02,11.96
2024-09-21,Curve,Arbitrum,8.81,USDT,341109888,1.82,13.01
2024-09-21,Curve,Arbitrum,4.24,DAI,334199159,3.06,9.38
2024-09-21,Curve,Optimism,6.88,USDC,335658525,1.86,8.75
2024-09-21,Curve,Optimism,8.5,USDT,351724846,1.81,6.12
2024-09-21,Curve,Optimism,9.03,DAI,344192572,2.19,10.65
2024-09-21,Curve,Polygon,10.63,USDC,338690839,0.82,10.06
2024-09-21,Curve,Polygon,9.57,USDT,334223969,1.23,10.43
2024-09-21,Curve,Polygon,10.8,DAI,323807074,1.09,9.68
2024-09-21,Curve,Base,7.36,USDC,344525524,2.21,7.3
2024-09-21,Curve,Base,10.1,USDT,352495472,2.15,9.74
2024-09-21,Uniswap V3,Ethereum,7.95,USDC,98779892,34.06,0
2024-09-21,Uniswap V3,Ethereum,4.77,DAI,99297502,27.96,0
2024-09-21,Uniswap V3,Arbitrum,9.02,USDC,106187732,1.61,11.86
2024-09-21,Uniswap V3,Arbitrum,9.59,USDT,99620983,2.56,9.45
2024-09-21,Uniswap V3,Arbitrum,12.03,DAI,103578912,1.68,7.18
2024-09-21,Uniswap V3,Optimism,9.99,USDC,99657056,2.58,10.41
2024-09-21,Uniswap V3,Optimism,9.05,USDT,102046594,1.96,11.46
2024-09-21,Uniswap V3,Optimism,8.44,DAI,102790708,2.79,10.37
2024-09-21,Uniswap V3,Polygon,12.08,USDC,92181881,0.98,7.34
2024-09-21,Uniswap V3,Polygon,12.25,USDT,94227794,0.8,6.47
2024-09-21,Uniswap V3,Polygon,8.28,DAI,103061943,0.81,6.82
2024-09-21,Uniswap V3,Base,8.39,USDC,104509156,2.48,10.57
2024-09-21,Uniswap V3,Base,8.45,USDT,102621384,2.31,10.85
2024-09-21,Uniswap V3,Base,8.39,DAI,103091249,2.07,10.43
2024-09-21,Yearn,Ethereum,3.68,USDC,128935661,30.71,0
2024-09-21,Yearn,Ethereum,3.72,USDT,133262609,27.02,0
2024-09-21,Yearn,Ethereum,3.6,DAI,126614003,34.69,0
2024-09-21,Yearn,Arbitrum,3.71,USDC,137070345,2.11,8.92
2024-09-21,Yearn,Arbitrum,4.56,USDT,125032245,2.31,12.93
2024-09-21,Yearn,Arbitrum,4.45,DAI,134992313,3.64,15.31
2024-09-21,Yearn,Optimism,3.74,USDC,125422891,1.49,10.47
2024-09-21,Yearn,Optimism,4.02,USDT,127900527,2.08,10.99
2024-09-21,Yearn,Polygon,3.99,USDC,134707477,1.29,8.66
2024-09-21,Yearn,Polygon,4.54,DAI,123497118,0.75,9.2
2024-09-21,Yearn,Base,4.11,USDC,130265882,2.62,6.65
2024-09-21,Yearn,Base,4.17,USDT,128720912,1.96,8.74
2024-09-21,Yearn,Base,3.94,DAI,130927544,2.31,10.41
2024-09-21,Pendle,Ethereum,10.74,USDC,72201902,22.64,0
2024-09-21,Pendle,Ethereum,9.94,USDT,74326537,34.22,0
2024-09-21,Pendle,Ethereum,10.2,DAI,81814992,31.14,0
2024-09-21,Pendle,Arbitrum,12.65,USDC,74685714,2.51,7.98
2024-09-21,Pendle,Arbitrum,15.93,USDT,83537820,2.84,14.86
2024-09-21,Pendle,Arbitrum,11.56,DAI,78722703,2.56,12.9
2024-09-21,Pendle,Optimism,14.46,USDC,77850248,1.94,9.3
2024-09-21,Pendle,Optimism,11.92,USDT,78872489,2.23,7.58
2024-09-21,Pendle,Optimism,13.01,DAI,79613989,1.78,9.53
2024-09-21,Pendle,Base,11.09,USDT,80103389,1.91,7.29
2024-09-21,Pendle,Base,13.58,DAI,79321477,1.87,10.81
2024-09-21,Convex,Ethereum,5.26,USDT,158877739,28.83,0
2024-09-21,Convex,Ethereum,5.19,DAI,149022859,29.39,0
2024-09-21,Balancer,Ethereum,6.31,USDC,107891223,29.45,0
2024-09-21,Balancer,Ethereum,7.16,USDT,112819023,28.14,0
2024-09-21,Balancer,Ethereum,7.49,DAI,125174222,29.93,0
2024-09-21,Balancer,Arbitrum,8.47,USDC,115665885,2.88,10.33
2024-09-21,Balancer,Arbitrum,10.13,USDT,113666953,2.06,15.46
2024-09-21,Balancer,Arbitrum,9.71,DAI,121660589,2.48,10.08
2024-09-21,Balancer,Optimism,10.03,USDC,108859381,2.48,10.29
2024-09-21,Balancer,Optimism,7.63,USDT,108992379,2.23,8.08
2024-09-21,Balancer,Optimism,8.23,DAI,117966828,2.26,10.75
2024-09-21,Balancer,Polygon,10.16,USDC,120089918,0.95,8.43
2024-09-21,Balancer,Polygon,8.19,USDT,123347363,1.0,5.87
2024-09-21,Balancer,Polygon,9.93,DAI,117704693,0.35,8.04
2024-09-21,Balancer,Base,8.34,USDC,106656107,2.5,11.81
2024-09-21,Balancer,Base,9.05,USDT,119710452,2.03,11.05
2024-09-21,Balancer,Base,9.1,DAI,114844032,2.58,13.91
2024-09-22,Aave,Ethereum,2.75,USDC,267069483,27.77,0
2024-09-22,Aave,Ethereum,2.54,USDT,268026700,29.88,0
2024-09-22,Aave,Ethereum,2.94,DAI,284449373,29.19,0
2024-09-22,Aave,Arbitrum,3.2,USDC,266097369,1.7,11.36
2024-09-22,Aave,Arbitrum,3.41,DAI,258050489,2.51,10.59
2024-09-22,Aave,Optimism,2.59,USDC,264208616,1.83,7.79
2024-09-22,Aave,Optimism,2.92,USDT,267410895,1.98,4.44
2024-09-22,Aave,Optimism,3.12,DAI,268739026,1.67,9.77
2024-09-22,Aave,Polygon,3.17,USDC,257192516,0.71,9.02
2024-09-22,Aave,Polygon,3.1,USDT,267753792,1.18,6.8
2024-09-22,Aave,Polygon,3.15,DAI,253555302,0.88,7.7
2024-09-22,Aave,Base,3.0,USDC,266686076,2.46,8.06
2024-09-22,Aave,Base,2.61,USDT,267726673,1.87,10.84
2024-09-22,Aave,Base,3.21,DAI,267580256,2.27,8.37
2024-09-22,Compound,Ethereum,2.56,USDC,205413862,13.79,0
2024-09-22,Compound,Ethereum,2.59,USDT,188084659,28.58,0
2024-09-22,Compound,Ethereum,2.41,DAI,189708374,32.91,0
2024-09-22,Compound,Arbitrum,3.03,USDC,184767141,2.5,14.56
2024-09-22,Compound,Arbitrum,2.89,USDT,189391782,2.2,9.38
2024-09-22,Compound,Arbitrum,2.91,DAI,171027170,1.59,7.98
2024-09-22,Compound,Optimism,2.9,USDC,198865227,1.12,6.13
2024-09-22,Compound,Optimism,2.87,USDT,186429700,1.91,10.25
2024-09-22,Compound,Optimism,2.83,DAI,204409671,1.63,7.15
2024-09-22,Compound,Polygon,3.1,USDC,181859929,1.06,7.42
2024-09-22,Compound,Polygon,3.17,USDT,194546701,0.97,8.8
2024-09-22,Compound,Polygon,2.74,DAI,177916753,0.61,7.21
2024-09-22,Compound,Base,2.49,USDC,172907964,2.15,14.51
2024-09-22,Compound,Base,2.82,USDT,190091802,2.69,9.87
2024-09-22,Compound,Base,3.06,DAI,192227913,2.1,6.23
2024-09-22,Curve,Ethereum,7.89,USDC,345051093,31.85,0
2024-09-22,Curve,Ethereum,7.87,USDT,306103199,24.09,0
2024-09-22,Curve,Ethereum,8.23,DAI,371946849,19.39,0
2024-09-22,Curve,Arbitrum,8.36,USDC,351148970,2.39,13.24
2024-09-22,Curve,Arbitrum,11.22,USDT,321877484,2.29,14.46
2024-09-22,Curve,Arbitrum,9.57,DAI,355302874,2.26,12.43
2024-09-22,Curve,Optimism,11.27,USDC,346385030,1.85,6.96
2024-09-22,Curve,Optimism,7.74,DAI,306833720,1.98,9.8
2024-09-22,Curve,Polygon,10.65,USDT,331529127,1.16,8.9
2024-09-22,Curve,Polygon,8.37,DAI,335909677,0.94,8.36
2024-09-22,Curve,Base,10.48,USDT,335310248,1.49,13.83
2024-09-22,Curve,Base,6.56,DAI,307735493,1.99,11.89
2024-09-22,Uniswap V3,Ethereum,7.35,DAI,115262721,26.02,0
2024-09-22,Uniswap V3,Arbitrum,8.62,USDC,98333660,2.5,12.24
2024-09-22,Uniswap V3,Arbitrum,10.27,USDT,101131051,2.41,11.09
2024-09-22,Uniswap V3,Arbitrum,9.89,DAI,100237891,2.02,8.87
2024-09-22,Uniswap V3,Optimism,10.03,USDC,104362808,1.32,10.5
2024-09-22,Uniswap V3,Optimism,9.37,USDT,103650415,2.64,10.49
2024-09-22,Uniswap V3,Optimism,8.42,DAI,95333082,1.7,7.09
2024-09-22,Uniswap V3,Polygon,10.42,USDC,102656586,0.78,7.58
2024-09-22,Uniswap V3,Polygon,10.75,DAI,101352450,0.95,7.0
2024-09-22,Uniswap V3,Base,8.52,USDC,104158347,2.36,11.61
2024-09-22,Uniswap V3,Base,12.31,USDT,97738084,2.31,9.98
2024-09-22,Uniswap V3,Base,10.36,DAI,114139382,2.03,12.07
2024-09-22,Yearn,Ethereum,3.0,USDC,118031244,31.66,0
2024-09-22,Yearn,Ethereum,3.31,USDT,125913275,39.75,0
2024-09-22,Yearn,Ethereum,3.76,DAI,142473294,27.04,0
2024-09-22,Yearn,Arbitrum,4.18,USDC,120013651,1.71,13.24
2024-09-22,Yearn,Arbitrum,4.18,DAI,119315856,2.22,8.73
2024-09-22,Yearn,Optimism,3.92,USDC,129571305,2.06,10.35
2024-09-22,Yearn,Optimism,3.93,USDT,127830130,1.72,11.59
2024-09-22,Yearn,Optimism,4.18,DAI,140542640,1.31,8.25
2024-09-22,Yearn,Polygon,4.7,USDC,121901475,0.96,7.89
2024-09-22,Yearn,Polygon,4.31,USDT,116868394,1.03,8.62
2024-09-22,Yearn,Polygon,4.11,DAI,130407275,0.78,8.53
2024-09-22,Yearn,Base,4.43,USDC,132701257,2.84,12.93
2024-09-22,Yearn,Base,4.02,USDT,127568461,2.21,10.37
2024-09-22,Yearn,Base,4.21,DAI,130667413,2.87,9.8
2024-09-22,Pendle,Ethereum,11.67,USDC,81734844,27.29,0
2024-09-22,Pendle,Ethereum,11.16,USDT,80271262,34.44,0
2024-09-22,Pendle,Ethereum,11.45,DAI,82727063,27.89,0
2024-09-22,Pendle,Arbitrum,12.22,USDC,77532604,3.07,12.73
2024-09-22,Pendle,Arbitrum,10.86,DAI,82307126,2.7,8.81
2024-09-22,Pendle,Optimism,10.02,USDC,85318642,2.32,8.95
2024-09-22,Pendle,Optimism,13.45,USDT,79504754,2.01,8.26
2024-09-22,Pendle,Optimism,10.71,DAI,80579644,2.07,7.56
2024-09-22,Pendle,Base,13.85,USDC,79690769,2.51,10.14
2024-09-22,Pendle,Base,10.78,USDT,71149953,2.32,7.97
2024-09-22,Pendle,Base,11.34,DAI,84736022,1.85,7.68
2024-09-22,Convex,Ethereum,4.81,USDC,154273442,32.25,0
2024-09-22,Convex,Ethereum,5.92,DAI,164151347,32.28,0
2024-09-22,Balancer,Ethereum,7.79,USDC,128031077,38.07,0
2024-09-22,Balancer,Ethereum,8.01,USDT,110357637,15.4,0
2024-09-22,Balancer,Ethereum,8.47,DAI,122270646,29.57,0
2024-09-22,Balancer,Arbitrum,10.14,USDC,117031909,2.0,10.01
2024-09-22,Balancer,Arbitrum,9.1,USDT,113849708,2.67,16.1
2024-09-22,Balancer,Arbitrum,10.6,DAI,114572055,2.4,16.25
2024-09-22,Balancer,Optimism,7.86,USDC,113561014,2.42,7.78
2024-09-22,Balancer,Optimism,9.19,DAI,111175171,1.61,7.28
2024-09-22,Balancer,Polygon,8.66,USDC,119995278,0.85,7.07
2024-09-22,Balancer,Polygon,10.57,USDT,116214229,0.82,11.62
2024-09-22,Balancer,Polygon,12.43,DAI,104644147,0.52,7.93
2024-09-22,Balancer,Base,7.89,USDC,111330024,2.15,12.28
2024-09-22,Balancer,Base,10.29,DAI,117149237,1.8,8.77
2024-09-23,Aave,Ethereum,2.5,USDC,263357380,27.2,0
2024-09-23,Aave,Ethereum,2.67,USDT,250751395,39.55,0
2024-09-23,Aave,Ethereum,2.86,DAI,272183568,34.87,0
2024-09-23,Aave,Arbitrum,3.55,USDC,252724183,3.08,12.49
2024-09-23,Aave,Arbitrum,3.41,USDT,264520652,2.6,9.64
2024-09-23,Aave,Arbitrum,3.31,DAI,270976136,2.77,8.72
2024-09-23,Aave,Optimism,3.26,USDC,266961703,2.91,5.7
2024-09-23,Aave,Optimism,3.1,USDT,249469289,3.29,8.2
2024-09-23,Aave,Optimism,3.09,DAI,274586916,3.35,4.93
2024-09-23,Aave,Polygon,3.28,USDT,268566739,1.85,7.68
2024-09-23,Aave,Polygon,3.48,DAI,260482345,1.57,8.78
2024-09-23,Aave,Base,3.06,DAI,282783561,3.46,10.16
2024-09-23,Compound,Ethereum,2.69,USDC,214653541,33.23,0
2024-09-23,Compound,Ethereum,2.3,USDT,196688042,39.72,0
2024-09-23,Compound,Ethereum,2.67,DAI,193880292,43.76,0
2024-09-23,Compound,Arbitrum,3.26,USDC,193208476,4.45,12.98
2024-09-23,Compound,Arbitrum,3.11,DAI,182344238,4.35,14.19
2024-09-23,Compound,Optimism,2.9,USDC,183403591,3.82,5.89
2024-09-23,Compound,Optimism,2.98,USDT,170978262,3.86,8.95
2024-09-23,Compound,Optimism,2.89,DAI,183791182,3.16,8.16
2024-09-23,Compound,Polygon,3.28,USDT,196633773,1.56,10.42
2024-09-23,Compound,Polygon,3.28,DAI,187496327,1.57,4.91
2024-09-23,Compound,Base,3.17,USDC,191801269,3.65,10.31
2024-09-23,Compound,Base,3.19,USDT,197963452,3.88,8.24
2024-09-23,Compound,Base,3.37,DAI,195240543,2.74,10.97
2024-09-23,Curve,Ethereum,7.16,USDC,348687463,42.92,0
2024-09-23,Curve,Ethereum,6.55,USDT,344091092,48.19,0
2024-09-23,Curve,Ethereum,6.69,DAI,329387605,45.24,0
2024-09-23,Curve,Arbitrum,8.34,USDC,356015385,2.51,9.98
2024-09-23,Curve,Optimism,9.7,USDC,371177525,3.0,11.12
2024-09-23,Curve,Optimism,9.2,DAI,330562416,2.41,8.25
2024-09-23,Curve,Polygon,7.71,USDC,360943121,1.27,10.18
2024-09-23,Curve,Polygon,9.12,USDT,353079403,1.6,7.5
2024-09-23,Curve,Polygon,10.28,DAI,348996166,1.48,7.96
2024-09-23,Curve,Base,8.06,USDT,374011467,2.66,9.51
2024-09-23,Curve,Base,9.61,DAI,375664936,4.33,10.9
2024-09-23,Uniswap V3,Ethereum,8.01,USDC,96877847,40.84,0
2024-09-23,Uniswap V3,Ethereum,10.66,USDT,94197133,40.83,0
2024-09-23,Uniswap V3,Arbitrum,12.23,USDT,102160982,2.9,11.47
2024-09-23,Uniswap V3,Arbitrum,10.25,DAI,100701550,3.3,11.83
2024-09-23,Uniswap V3,Optimism,10.0,USDC,103228861,3.28,10.87
2024-09-23,Uniswap V3,Optimism,8.72,USDT,105265616,2.93,10.93
2024-09-23,Uniswap V3,Optimism,8.31,DAI,102877575,3.28,7.85
2024-09-23,Uniswap V3,Polygon,12.12,USDC,105691429,1.58,6.23
2024-09-23,Uniswap V3,Polygon,11.2,USDT,107513963,1.36,9.43
2024-09-23,Uniswap V3,Polygon,12.44,DAI,101023027,1.5,6.14
2024-09-23,Uniswap V3,Base,9.82,USDC,100045252,3.49,10.56
2024-09-23,Uniswap V3,Base,8.31,USDT,114394449,4.0,8.83
2024-09-23,Uniswap V3,Base,10.13,DAI,104711516,2.85,9.9
2024-09-23,Yearn,Ethereum,3.52,USDC,129627743,36.91,0
2024-09-23,Yearn,Ethereum,3.41,DAI,128394731,41.03,0
2024-09-23,Yearn,Arbitrum,4.19,USDC,135588345,2.96,13.01
2024-09-23,Yearn,Arbitrum,4.5,USDT,131415470,3.65,11.57
2024-09-23,Yearn,Arbitrum,4.21,DAI,133655263,4.41,15.05
2024-09-23,Yearn,Optimism,4.26,USDC,131142696,1.94,8.85
2024-09-23,Yearn,Optimism,4.08,USDT,126343241,2.95,12.88
2024-09-23,Yearn,Optimism,3.99,DAI,131543583,2.85,11.3
2024-09-23,Yearn,Polygon,4.53,USDC,126214081,1.17,8.45
2024-09-23,Yearn,Polygon,5.06,USDT,128491732,1.56,6.66
2024-09-23,Yearn,Polygon,4.46,DAI,134388250,1.49,8.89
2024-09-23,Yearn,Base,3.99,USDT,124920262,3.58,9.95
2024-09-23,Yearn,Base,3.92,DAI,128038614,3.11,12.59
2024-09-23,Pendle,Ethereum,13.4,USDC,84283462,34.01,0
2024-09-23,Pendle,Ethereum,10.47,USDT,78034616,45.89,0
2024-09-23,Pendle,Ethereum,11.15,DAI,76589869,46.59,0
2024-09-23,Pendle,Arbitrum,14.82,USDC,83737867,3.5,11.61
2024-09-23,Pendle,Arbitrum,13.8,USDT,77515223,3.88,13.36
2024-09-23,Pendle,Arbitrum,14.21,DAI,82701869,4.23,9.63
2024-09-23,Pendle,Optimism,15.77,USDC,75951426,2.23,11.64
2024-09-23,Pendle,Optimism,9.91,USDT,78079337,3.13,6.5
2024-09-23,Pendle,Optimism,12.08,DAI,74911514,2.66,7.49
2024-09-23,Pendle,Base,15.08,USDC,79054029,3.2,10.18
2024-09-23,Pendle,Base,12.02,USDT,80650747,3.21,14.35
2024-09-23,Pendle,Base,13.02,DAI,82247136,3.88,9.59
2024-09-23,Convex,Ethereum,4.74,USDC,161235561,40.73,0
2024-09-23,Convex,Ethereum,5.7,USDT,158087298,30.75,0
2024-09-23,Convex,Ethereum,5.43,DAI,162482113,40.43,0
2024-09-23,Balancer,Ethereum,7.85,USDT,118062899,40.91,0
2024-09-23,Balancer,Ethereum,8.02,DAI,118355183,40.89,0
2024-09-23,Balancer,Arbitrum,9.88,USDC,108747566,3.69,11.01
2024-09-23,Balancer,Arbitrum,8.44,USDT,116534794,3.65,14.12
2024-09-23,Balancer,Optimism,9.69,USDC,122186842,3.89,8.31
2024-09-23,Balancer,Optimism,9.04,USDT,114369869,2.22,12.37
2024-09-23,Balancer,Optimism,10.09,DAI,116529205,2.94,7.84
2024-09-23,Balancer,Polygon,10.09,USDC,108894831,1.5,6.27
2024-09-23,Balancer,Polygon,10.32,USDT,118946119,1.42,8.25
2024-09-23,Balancer,Polygon,11.78,DAI,118818892,1.11,6.47
2024-09-23,Balancer,Base,10.52,USDC,128751899,4.09,11.32
2024-09-23,Balancer,Base,6.75,USDT,122294808,3.4,11.52
2024-09-23,Balancer,Base,9.47,DAI,125842953,2.98,5.33
2024-09-24,Aave,Ethereum,2.82,USDC,258597029,42.0,0
2024-09-24,Aave,Ethereum,2.72,USDT,287466677,49.82,0
2024-09-24,Aave,Ethereum,2.8,DAI,270940782,44.7,0
2024-09-24,Aave,Arbitrum,3.2,USDC,288229459,3.47,12.82
2024-09-24,Aave,Arbitrum,3.22,USDT,264251660,3.62,9.35
2024-09-24,Aave,Arbitrum,3.19,DAI,272785695,2.18,12.27
2024-09-24,Aave,Optimism,3.29,USDC,282283281,3.18,5.18
2024-09-24,Aave,Optimism,2.61,USDT,265881504,2.51,10.48
2024-09-24,Aave,Optimism,3.06,DAI,284018081,3.89,8.78
2024-09-24,Aave,Polygon,3.71,USDC,254153188,1.47,10.7
2024-09-24,Aave,Polygon,3.23,USDT,297230192,1.54,8.36
2024-09-24,Aave,Polygon,3.45,DAI,255996246,1.37,9.94
2024-09-24,Aave,Base,3.52,USDC,260401742,3.6,8.26
2024-09-24,Aave,Base,3.15,USDT,276218023,2.82,9.93
2024-09-24,Aave,Base,3.22,DAI,263649996,4.0,11.65
2024-09-24,Compound,Ethereum,2.71,USDC,198988204,46.16,0
2024-09-24,Compound,Ethereum,2.67,USDT,205379212,26.64,0
2024-09-24,Compound,Ethereum,2.75,DAI,187850965,54.0,0
2024-09-24,Compound,Arbitrum,3.21,USDC,190317587,3.29,11.23
2024-09-24,Compound,Arbitrum,3.4,USDT,196196252,3.0,8.54
2024-09-24,Compound,Arbitrum,3.34,DAI,204552710,3.01,12.16
2024-09-24,Compound,Optimism,3.27,USDC,205054391,2.65,9.35
2024-09-24,Compound,Optimism,2.65,USDT,200395430,2.19,9.91
2024-09-24,Compound,Optimism,3.18,DAI,190455346,3.37,10.15
2024-09-24,Compound,Polygon,3.32,USDT,193927617,1.81,6.66
2024-09-24,Compound,Polygon,3.23,DAI,177732668,1.35,6.82
2024-09-24,Compound,Base,3.02,USDC,198051849,3.21,7.87
2024-09-24,Compound,Base,3.31,USDT,197243257,2.98,11.57
2024-09-24,Compound,Base,3.18,DAI,171356457,3.02,8.87
2024-09-24,Curve,Ethereum,7.25,USDC,337478835,43.9,0
2024-09-24,Curve,Ethereum,7.54,USDT,347822883,32.13,0
2024-09-24,Curve,Arbitrum,10.08,USDC,345605472,3.31,13.39
2024-09-24,Curve,Arbitrum,9.78,DAI,324218358,3.37,16.99
2024-09-24,Curve,Optimism,9.02,USDC,330035356,2.7,11.71
2024-09-24,Curve,Optimism,7.52,USDT,357205028,2.8,7.85
2024-09-24,Curve,Optimism,8.14,DAI,337996536,2.78,10.5
2024-09-24,Curve,Polygon,10.2,USDC,349965463,1.29,6.48
2024-09-24,Curve,Polygon,11.6,USDT,339327762,1.76,10.21
2024-09-24,Curve,Polygon,10.75,DAI,357234377,1.21,6.62
2024-09-24,Curve,Base,9.89,USDC,326965094,3.39,9.5
2024-09-24,Curve,Base,7.23,USDT,364137892,3.83,10.77
2024-09-24,Curve,Base,8.82,DAI,323538660,3.39,9.69
2024-09-24,Uniswap V3,Ethereum,8.68,USDC,105852569,41.29,0
2024-09-24,Uniswap V3,Ethereum,9.9,USDT,103875149,38.78,0
2024-09-24,Uniswap V3,Ethereum,9.97,DAI,103677589,49.4,0
2024-09-24,Uniswap V3,Arbitrum,11.63,USDC,102626781,4.53,8.63
2024-09-24,Uniswap V3,Arbitrum,8.88,USDT,107512200,4.43,12.78
2024-09-24,Uniswap V3,Arbitrum,8.32,DAI,101038783,3.41,11.35
2024-09-24,Uniswap V3,Optimism,9.45,USDC,95203916,2.93,12.34
2024-09-24,Uniswap V3,Optimism,11.01,USDT,94594098,4.0,9.46
2024-09-24,Uniswap V3,Optimism,9.62,DAI,101827431,2.78,5.38
2024-09-24,Uniswap V3,Polygon,11.2,USDC,105639730,1.56,5.98
2024-09-24,Uniswap V3,Polygon,11.12,USDT,102844125,1.54,10.17
2024-09-24,Uniswap V3,Base,9.83,USDC,106290650,3.4,6.47
2024-09-24,Uniswap V3,Base,10.34,USDT,103367008,2.98,9.5
2024-09-24,Uniswap V3,Base,7.26,DAI,98064388,3.46,11.87
2024-09-24,Yearn,Ethereum,3.47,USDC,135800897,39.63,0
2024-09-24,Yearn,Ethereum,3.42,USDT,139494137,32.84,0
2024-09-24,Yearn,Ethereum,3.88,DAI,112638496,24.75,0
2024-09-24,Yearn,Arbitrum,3.8,USDC,139107860,3.2,12.04
2024-09-24,Yearn,Arbitrum,4.43,USDT,132018004,4.34,10.92
2024-09-24,Yearn,Arbitrum,4.78,DAI,119175025,2.49,10.59
2024-09-24,Yearn,Optimism,3.91,USDC,128993690,3.32,10.38
2024-09-24,Yearn,Optimism,4.22,USDT,125170891,3.35,6.03
2024-09-24,Yearn,Optimism,4.65,DAI,128512157,3.44,5.51
2024-09-24,Yearn,Polygon,4.47,USDC,124289295,1.36,9.12
2024-09-24,Yearn,Polygon,4.48,USDT,134010952,1.45,5.89
2024-09-24,Yearn,Polygon,4.51,DAI,138650783,1.5,5.05
2024-09-24,Yearn,Base,4.03,USDT,134501833,3.19,11.73
2024-09-24,Yearn,Base,4.14,DAI,132765744,3.93,10.1
2024-09-24,Pendle,Ethereum,10.89,USDC,79061452,32.11,0
2024-09-24,Pendle,Ethereum,13.29,USDT,76599561,36.52,0
2024-09-24,Pendle,Ethereum,11.13,DAI,72772713,33.99,0
2024-09-24,Pendle,Arbitrum,12.78,USDC,78254249,3.16,12.74
2024-09-24,Pendle,Arbitrum,15.82,USDT,72885094,4.07,14.05
2024-09-24,Pendle,Arbitrum,14.79,DAI,81259526,4.63,11.35
2024-09-24,Pendle,Optimism,14.35,USDC,86567376,3.57,9.1
2024-09-24,Pendle,Optimism,9.45,USDT,74005769,3.34,8.29
2024-09-24,Pendle,Optimism,7.34,DAI,81522010,3.66,9.88
2024-09-24,Pendle,Base,16.64,USDC,78690451,3.36,10.07
2024-09-24,Pendle,Base,10.99,USDT,81760259,2.93,9.37
2024-09-24,Pendle,Base,13.07,DAI,81942706,2.77,12.3
2024-09-24,Convex,Ethereum,5.59,USDC,166070235,34.07,0
2024-09-24,Convex,Ethereum,5.07,USDT,168551378,51.78,0
2024-09-24,Convex,Ethereum,4.67,DAI,162730030,36.08,0
2024-09-24,Balancer,Ethereum,9.37,USDC,119512846,33.06,0
2024-09-24,Balancer,Ethereum,8.22,USDT,122654573,42.62,0
2024-09-24,Balancer,Ethereum,8.54,DAI,118835149,47.62,0
2024-09-24,Balancer,Arbitrum,9.27,USDC,121778483,3.97,11.62
2024-09-24,Balancer,Arbitrum,10.26,USDT,120376724,3.67,12.73
2024-09-24,Balancer,Arbitrum,9.1,DAI,111525143,2.14,12.34
2024-09-24,Balancer,Optimism,9.16,DAI,118253887,2.88,10.25
2024-09-24,Balancer,Polygon,9.72,USDC,120548920,1.19,5.96
2024-09-24,Balancer,Polygon,11.15,USDT,122069991,1.93,9.94
2024-09-24,Balancer,Polygon,10.49,DAI,123574981,1.51,8.21
2024-09-24,Balancer,Base,10.11,USDC,115089016,3.73,10.62
2024-09-24,Balancer,Base,7.13,USDT,129569563,3.63,5.9
2024-09-24,Balancer,Base,8.66,DAI,121341223,3.83,4.49
2024-09-25,Aave,Ethereum,2.88,DAI,274159468,52.81,0
2024-09-25,Aave,Arbitrum,3.22,USDC,281770654,3.19,14.69
2024-09-25,Aave,Arbitrum,3.35,USDT,259760151,4.02,15.52
2024-09-25,Aave,Arbitrum,3.52,DAI,268128540,4.33,11.6
2024-09-25,Aave,Optimism,3.66,USDT,278416882,2.18,6.61
2024-09-25,Aave,Optimism,3.81,DAI,252268217,2.79,9.09
2024-09-25,Aave,Polygon,3.58,USDC,273864190,2.03,8.01
2024-09-25,Aave,Polygon,3.52,USDT,275968082,1.63,6.71
2024-09-25,Aave,Base,3.33,USDC,264119535,2.82,11.92
2024-09-25,Aave,Base,3.2,USDT,274036748,4.64,7.71
2024-09-25,Aave,Base,3.34,DAI,277354631,2.31,9.61
2024-09-25,Compound,Ethereum,2.5,USDC,198473189,41.75,0
2024-09-25,Compound,Ethereum,2.89,USDT,191956468,44.39,0
2024-09-25,Compound,Ethereum,2.83,DAI,193060884,42.97,0
2024-09-25,Compound,Arbitrum,3.67,USDC,210927050,4.86,13.0
2024-09-25,Compound,Arbitrum,3.4,USDT,193802349,3.83,10.79
2024-09-25,Compound,Arbitrum,3.59,DAI,202004765,3.7,10.31
2024-09-25,Compound,Optimism,3.16,USDC,197150639,2.63,8.24
2024-09-25,Compound,Optimism,3.11,DAI,196596515,2.55,6.25
2024-09-25,Compound,Polygon,3.24,USDC,191956036,1.6,6.9
2024-09-25,Compound,Polygon,3.78,USDT,185134421,1.02,8.73
2024-09-25,Compound,Polygon,3.36,DAI,197382796,1.45,9.04
2024-09-25,Compound,Base,3.08,USDC,204469024,3.79,10.88
2024-09-25,Compound,Base,3.18,USDT,200125510,3.78,8.62
2024-09-25,Compound,Base,3.22,DAI,201389443,2.86,6.14
2024-09-25,Curve,Ethereum,8.97,USDC,340211103,49.68,0
2024-09-25,Curve,Ethereum,8.43,DAI,357958738,47.02,0
2024-09-25,Curve,Arbitrum,7.86,USDC,354543832,3.9,9.78
2024-09-25,Curve,Arbitrum,9.86,DAI,353578676,3.02,14.69
2024-09-25,Curve,Optimism,8.43,USDC,352957672,2.75,10.21
2024-09-25,Curve,Optimism,8.42,USDT,360955074,2.52,10.28
2024-09-25,Curve,Optimism,9.69,DAI,358280966,4.36,6.4
2024-09-25,Curve,Polygon,7.81,USDC,366883545,1.91,10.13
2024-09-25,Curve,Polygon,9.45,USDT,358671453,1.57,6.53
2024-09-25,Curve,Polygon,10.75,DAI,356388447,1.3,3.67
2024-09-25,Curve,Base,8.25,USDC,378572315,3.26,9.75
2024-09-25,Curve,Base,8.84,USDT,319031727,2.93,8.61
2024-09-25,Curve,Base,8.49,DAI,387219644,3.47,9.51
2024-09-25,Uniswap V3,Ethereum,8.63,USDC,102535793,35.07,0
2024-09-25,Uniswap V3,Ethereum,9.35,USDT,96138186,31.0,0
2024-09-25,Uniswap V3,Ethereum,7.43,DAI,101041465,44.12,0
2024-09-25,Uniswap V3,Arbitrum,12.61,USDT,108407340,4.14,12.87
2024-09-25,Uniswap V3,Arbitrum,10.62,DAI,98783917,2.74,10.16
2024-09-25,Uniswap V3,Optimism,9.23,USDC,99449103,4.1,8.76
2024-09-25,Uniswap V3,Optimism,9.72,USDT,104087073,3.06,9.17
2024-09-25,Uniswap V3,Optimism,10.63,DAI,105175271,2.69,6.49
2024-09-25,Uniswap V3,Polygon,11.28,USDC,103736309,1.4,6.98
2024-09-25,Uniswap V3,Polygon,11.81,USDT,106185827,1.32,7.78
2024-09-25,Uniswap V3,Polygon,11.53,DAI,110029670,1.46,8.7
2024-09-25,Uniswap V3,Base,7.18,USDC,104223660,2.62,8.49
2024-09-25,Uniswap V3,Base,7.99,USDT,107450309,3.81,8.24
2024-09-25,Uniswap V3,Base,10.06,DAI,104033052,3.33,10.48
2024-09-25,Yearn,Ethereum,3.42,USDC,143841933,47.35,0
2024-09-25,Yearn,Ethereum,3.75,USDT,122870255,43.88,0
2024-09-25,Yearn,Ethereum,3.78,DAI,124610596,50.21,0
2024-09-25,Yearn,Arbitrum,4.7,USDC,134260460,3.93,15.2
2024-09-25,Yearn,Arbitrum,4.11,USDT,134068787,3.83,10.36
2024-09-25,Yearn,Arbitrum,4.54,DAI,138312236,3.97,15.04
2024-09-25,Yearn,Optimism,4.35,USDC,127553344,2.96,10.5
2024-09-25,Yearn,Optimism,4.5,USDT,129831031,4.18,7.35
2024-09-25,Yearn,Optimism,4.23,DAI,127299356,3.0,8.23
2024-09-25,Yearn,Polygon,4.53,DAI,131209349,1.63,5.57
2024-09-25,Yearn,Base,4.39,USDC,135207751,4.14,10.23
2024-09-25,Yearn,Base,4.15,USDT,132417293,3.32,11.93
2024-09-25,Yearn,Base,4.53,DAI,129554372,3.38,10.35
2024-09-25,Pendle,Ethereum,11.42,USDC,75838894,35.6,0
2024-09-25,Pendle,Ethereum,12.16,USDT,79473024,36.47,0
2024-09-25,Pendle,Ethereum,7.99,DAI,90628998,53.97,0
2024-09-25,Pendle,Arbitrum,15.64,USDC,82687931,5.06,13.34
2024-09-25,Pendle,Arbitrum,15.0,USDT,78181471,4.08,11.96
2024-09-25,Pendle,Arbitrum,14.91,DAI,82743560,3.68,16.01
2024-09-25,Pendle,Optimism,9.94,USDC,88760938,2.73,9.98
2024-09-25,Pendle,Optimism,13.36,USDT,82937305,1.78,11.6
2024-09-25,Pendle,Optimism,10.59,DAI,80730845,2.7,6.38
2024-09-25,Pendle,Base,11.72,USDC,94960048,3.24,14.06
2024-09-25,Pendle,Base,13.03,USDT,78189986,3.59,8.14
2024-09-25,Pendle,Base,12.39,DAI,79187715,3.6,9.83
2024-09-25,Convex,Ethereum,5.33,USDC,176964880,30.13,0
2024-09-25,Convex,Ethereum,5.27,USDT,153545947,38.39,0
2024-09-25,Convex,Ethereum,4.71,DAI,153791252,40.57,0
2024-09-25,Balancer,Ethereum,7.91,USDC,122917054,50.77,0
2024-09-25,Balancer,Ethereum,7.76,USDT,125442503,41.24,0
2024-09-25,Balancer,Ethereum,8.44,DAI,117151355,37.7,0
2024-09-25,Balancer,Arbitrum,8.09,USDC,119015284,3.69,9.98
2024-09-25,Balancer,Arbitrum,10.05,USDT,127243981,3.32,17.76
2024-09-25,Balancer,Arbitrum,10.29,DAI,124424791,4.15,15.14
2024-09-25,Balancer,Optimism,6.99,USDC,123887145,2.82,9.03
2024-09-25,Balancer,Optimism,8.46,USDT,126650330,3.79,9.07
2024-09-25,Balancer,Optimism,9.6,DAI,118716533,2.83,9.01
2024-09-25,Balancer,Polygon,8.88,USDC,125506497,1.46,8.65
2024-09-25,Balancer,Polygon,10.35,USDT,122451795,1.3,6.56
2024-09-25,Balancer,Polygon,8.42,DAI,115471751,1.41,8.92
2024-09-25,Balancer,Base,11.25,USDC,118174731,3.62,12.42
2024-09-26,Aave,Ethereum,2.85,USDC,286865650,31.71,0
2024-09-26,Aave,Ethereum,2.79,USDT,288731062,46.77,0
2024-09-26,Aave,Ethereum,2.78,DAI,289958950,46.86,0
2024-09-26,Aave,Arbitrum,3.36,USDC,276839337,3.91,13.44
2024-09-26,Aave,Arbitrum,3.48,USDT,271144393,3.75,9.49
2024-09-26,Aave,Arbitrum,3.63,DAI,281951625,3.77,13.0
2024-09-26,Aave,Optimism,3.13,USDC,267383582,3.19,9.31
2024-09-26,Aave,Optimism,3.57,USDT,274557541,2.69,9.69
2024-09-26,Aave,Optimism,2.95,DAI,294763066,4.01,8.5
2024-09-26,Aave,Polygon,3.69,USDC,253739803,1.36,9.28
2024-09-26,Aave,Polygon,3.82,USDT,299954275,1.09,7.49
2024-09-26,Aave,Polygon,3.38,DAI,271459887,1.11,6.21
2024-09-26,Aave,Base,3.15,USDC,288739241,3.71,8.9
2024-09-26,Aave,Base,3.18,USDT,284907238,3.01,10.17
2024-09-26,Aave,Base,3.42,DAI,268837765,3.75,10.01
2024-09-26,Compound,Ethereum,2.54,USDC,207033953,48.68,0
2024-09-26,Compound,Ethereum,2.76,USDT,203404036,48.25,0
2024-09-26,Compound,Ethereum,2.54,DAI,197311144,42.25,0
2024-09-26,Compound,Arbitrum,3.34,USDC,192541863,3.92,11.4
2024-09-26,Compound,Arbitrum,3.4,USDT,216126277,4.71,6.75
2024-09-26,Compound,Arbitrum,3.67,DAI,196120849,3.32,9.41
2024-09-26,Compound,Optimism,3.29,USDC,190732916,2.62,9.43
2024-09-26,Compound,Optimism,3.15,USDT,206440378,3.74,8.89
2024-09-26,Compound,Optimism,3.0,DAI,227907380,2.64,4.62
2024-09-26,Compound,Polygon,3.5,USDT,186153351,1.32,9.09
2024-09-26,Compound,Polygon,3.81,DAI,212332709,1.61,7.35
2024-09-26,Compound,Base,3.28,USDC,199217590,3.44,10.19
2024-09-26,Compound,Base,3.19,USDT,193617848,3.5,8.75
2024-09-26,Compound,Base,3.17,DAI,212694615,3.52,7.97
2024-09-26,Curve,Ethereum,7.16,USDC,372489573,32.24,0
2024-09-26,Curve,Ethereum,6.11,DAI,369302530,40.98,0
2024-09-26,Curve,Arbitrum,10.19,USDC,350758635,4.15,11.41
2024-09-26,Curve,Arbitrum,11.59,USDT,376083824,4.3,11.03
2024-09-26,Curve,Arbitrum,9.47,DAI,327749035,3.89,16.39
2024-09-26,Curve,Optimism,9.12,USDC,375300012,2.36,9.29
2024-09-26,Curve,Optimism,6.83,USDT,353895491,2.97,10.88
2024-09-26,Curve,Optimism,9.11,DAI,365265268,3.28,9.44
2024-09-26,Curve,Polygon,8.31,USDT,338316323,1.38,5.5
2024-09-26,Curve,Polygon,10.95,DAI,373613347,1.34,8.66
2024-09-26,Curve,Base,9.03,USDC,356135826,2.63,8.52
2024-09-26,Curve,Base,8.6,USDT,381475885,3.68,8.45
2024-09-26,Curve,Base,8.75,DAI,367072869,3.17,9.29
2024-09-26,Uniswap V3,Ethereum,7.56,USDC,112924041,52.77,0
2024-09-26,Uniswap V3,Ethereum,8.41,USDT,99415443,42.47,0
2024-09-26,Uniswap V3,Ethereum,8.65,DAI,103248169,46.55,0
2024-09-26,Uniswap V3,Arbitrum,12.7,USDC,114064775,4.17,13.87
2024-09-26,Uniswap V3,Arbitrum,9.59,DAI,107872893,2.97,13.04
2024-09-26,Uniswap V3,Optimism,10.62,USDC,100587279,3.49,11.9
2024-09-26,Uniswap V3,Optimism,9.88,USDT,101195995,3.54,8.63
2024-09-26,Uniswap V3,Optimism,11.6,DAI,109881573,2.77,8.36
2024-09-26,Uniswap V3,Polygon,12.19,USDC,106784558,1.4,9.03
2024-09-26,Uniswap V3,Polygon,8.0,USDT,107990980,1.27,10.05
2024-09-26,Uniswap V3,Base,8.56,USDT,101199624,3.36,9.61
2024-09-26,Yearn,Ethereum,3.75,USDC,119699752,36.01,0
2024-09-26,Yearn,Ethereum,3.41,USDT,127052844,44.05,0
2024-09-26,Yearn,Ethereum,3.86,DAI,142601167,28.83,0
2024-09-26,Yearn,Arbitrum,4.02,USDC,129460699,3.43,14.65
2024-09-26,Yearn,Arbitrum,4.44,USDT,133956777,5.12,10.11
2024-09-26,Yearn,Arbitrum,3.99,DAI,133774458,3.54,14.77
2024-09-26,Yearn,Optimism,3.93,USDC,141641469,3.54,6.48
2024-09-26,Yearn,Optimism,4.48,USDT,128742429,4.62,5.19
2024-09-26,Yearn,Optimism,4.15,DAI,139995410,3.48,10.47
2024-09-26,Yearn,Polygon,4.17,USDC,142159799,0.91,8.19
2024-09-26,Yearn,Polygon,4.78,USDT,133206598,0.96,8.82
2024-09-26,Yearn,Polygon,5.25,DAI,142688364,1.47,8.22
2024-09-26,Yearn,Base,4.12,USDC,127028208,3.72,8.87
2024-09-26,Yearn,Base,4.9,DAI,139030882,3.05,11.78
2024-09-26,Pendle,Ethereum,13.18,USDC,75587359,50.66,0
2024-09-26,Pendle,Ethereum,10.76,USDT,81645541,41.46,0
2024-09-26,Pendle,Ethereum,10.06,DAI,84058956,46.78,0
2024-09-26,Pendle,Arbitrum,12.28,USDC,89328488,4.31,12.6
2024-09-26,Pendle,Arbitrum,11.15,USDT,88145784,3.88,12.88
2024-09-26,Pendle,Arbitrum,14.31,DAI,84656383,3.02,9.29
2024-09-26,Pendle,Optimism,11.35,USDC,85916232,2.75,10.31
2024-09-26,Pendle,Optimism,13.17,USDT,82810014,3.5,10.08
2024-09-26,Pendle,Optimism,11.34,DAI,82163148,3.31,6.49
2024-09-26,Pendle,Base,11.13,USDC,82800533,3.21,10.05
2024-09-26,Pendle,Base,15.58,USDT,85595365,3.12,7.09
2024-09-26,Pendle,Base,10.18,DAI,85766168,3.21,12.71
2024-09-26,Convex,Ethereum,4.57,USDC,173485311,39.19,0
2024-09-26,Convex,Ethereum,5.08,USDT,176892561,35.27,0
2024-09-26,Convex,Ethereum,5.25,DAI,159247532,33.12,0
2024-09-26,Balancer,Ethereum,7.71,USDC,123153790,37.16,0
2024-09-26,Balancer,Ethereum,7.44,USDT,122361519,46.34,0
2024-09-26,Balancer,Ethereum,7.2,DAI,125110279,46.41,0
2024-09-26,Balancer,Arbitrum,10.33,USDC,120089167,3.37,8.59
2024-09-26,Balancer,Arbitrum,8.58,USDT,134746413,4.49,14.71
2024-09-26,Balancer,Arbitrum,10.49,DAI,136823373,2.73,10.83
2024-09-26,Balancer,Optimism,10.14,USDC,124375676,3.18,8.18
2024-09-26,Balancer,Optimism,8.13,USDT,126663769,2.86,10.38
2024-09-26,Balancer,Optimism,9.48,DAI,128658583,2.4,8.53
2024-09-26,Balancer,Polygon,9.34,USDC,126346925,1.47,9.09
2024-09-26,Balancer,Polygon,8.31,USDT,125311990,1.41,10.41
2024-09-26,Balancer,Polygon,9.98,DAI,120488681,1.93,6.18
2024-09-26,Balancer,Base,9.68,USDC,129318323,2.93,10.41
2024-09-26,Balancer,Base,8.24,USDT,123477780,2.79,7.79
2024-09-26,Balancer,Base,7.78,DAI,128971544,3.72,13.13
2024-09-27,Aave,Ethereum,2.54,USDC,284501115,43.5,0
2024-09-27,Aave,Ethereum,2.9,USDT,285981131,44.99,0
2024-09-27,Aave,Ethereum,2.97,DAI,274675929,32.58,0
2024-09-27,Aave,Arbitrum,3.73,USDC,307941679,4.27,10.97
2024-09-27,Aave,Arbitrum,3.61,USDT,287197332,3.24,10.62
2024-09-27,Aave,Arbitrum,3.24,DAI,281064954,4.29,12.44
2024-09-27,Aave,Optimism,3.73,USDC,272574040,3.15,6.25
2024-09-27,Aave,Optimism,3.34,USDT,292019336,2.4,9.63
2024-09-27,Aave,Optimism,3.39,DAI,266047691,3.17,7.22
2024-09-27,Aave,Polygon,3.57,USDC,292752431,1.11,5.42
2024-09-27,Aave,Polygon,3.13,USDT,291445003,1.41,8.03
2024-09-27,Aave,Base,3.14,USDC,313103037,4.15,12.06
2024-09-27,Aave,Base,3.01,USDT,289294570,3.78,9.27
2024-09-27,Aave,Base,3.32,DAI,289538126,3.64,8.25
2024-09-27,Compound,Ethereum,2.72,USDC,197533893,51.61,0
2024-09-27,Compound,Ethereum,2.59,USDT,204977867,23.36,0
2024-09-27,Compound,Ethereum,2.71,DAI,201614836,39.04,0
2024-09-27,Compound,Arbitrum,3.02,USDC,204864359,4.15,10.27
2024-09-27,Compound,Arbitrum,3.12,USDT,211371386,4.1,10.81
2024-09-27,Compound,Arbitrum,3.57,DAI,188590474,2.7,11.22
2024-09-27,Compound,Optimism,2.89,USDC,211368406,3.24,11.29
2024-09-27,Compound,Optimism,3.09,USDT,187436869,2.99,6.63
2024-09-27,Compound,Optimism,3.3,DAI,195275256,2.85,10.99
2024-09-27,Compound,Polygon,3.64,USDC,193827419,1.54,7.48
2024-09-27,Compound,Polygon,3.98,USDT,204789800,1.78,6.71
2024-09-27,Compound,Polygon,3.34,DAI,194067562,1.17,7.99
2024-09-27,Compound,Base,3.41,USDC,206185339,3.44,8.52
2024-09-27,Compound,Base,3.24,USDT,200614498,3.91,8.92
2024-09-27,Compound,Base,2.91,DAI,197941857,3.66,9.18
2024-09-27,Curve,Ethereum,6.37,USDC,382357009,30.06,0
2024-09-27,Curve,Ethereum,8.13,USDT,333248765,32.84,0
2024-09-27,Curve,Ethereum,7.38,DAI,346900774,42.16,0
2024-09-27,Curve,Arbitrum,8.51,USDC,345448688,4.44,6.16
2024-09-27,Curve,Arbitrum,9.18,USDT,370135983,3.77,6.11
2024-09-27,Curve,Arbitrum,8.92,DAI,351540965,4.61,12.76
2024-09-27,Curve,Optimism,7.39,USDC,369915492,2.87,9.51
2024-09-27,Curve,Optimism,7.5,USDT,355731413,1.55,7.27
2024-09-27,Curve,Optimism,10.23,DAI,350115395,2.65,14.57
2024-09-27,Curve,Polygon,10.23,USDC,369992538,1.37,7.51
2024-09-27,Curve,Polygon,9.39,USDT,337555924,1.58,7.77
2024-09-27,Curve,Polygon,10.04,DAI,364682095,1.54,9.74
2024-09-27,Curve,Base,6.75,USDC,345840969,3.36,10.72
2024-09-27,Curve,Base,7.57,USDT,377719415,2.81,11.58
2024-09-27,Curve,Base,11.38,DAI,343612601,3.67,6.75
2024-09-27,Uniswap V3,Ethereum,7.65,USDT,108869485,37.86,0
2024-09-27,Uniswap V3,Ethereum,6.6,DAI,102244025,32.74,0
2024-09-27,Uniswap V3,Arbitrum,12.57,USDC,113175588,4.3,16.05
2024-09-27,Uniswap V3,Arbitrum,10.65,USDT,103604156,4.0,10.77
2024-09-27,Uniswap V3,Arbitrum,6.76,DAI,100878382,3.23,11.95
2024-09-27,Uniswap V3,Optimism,10.8,USDC,116104943,2.77,9.34
2024-09-27,Uniswap V3,Optimism,10.04,USDT,118823222,3.26,12.02
2024-09-27,Uniswap V3,Optimism,10.2,DAI,104948914,2.97,7.75
2024-09-27,Uniswap V3,Polygon,11.48,USDT,113861299,1.65,7.56
2024-09-27,Uniswap V3,Polygon,12.64,DAI,98171060,1.76,7.5
2024-09-27,Uniswap V3,Base,12.09,USDC,108590472,2.98,11.0
2024-09-27,Uniswap V3,Base,9.43,USDT,103729626,3.26,10.95
2024-09-27,Uniswap V3,Base,10.6,DAI,104115185,3.42,13.4
2024-09-27,Yearn,Ethereum,3.5,USDC,137412137,45.51,0
2024-09-27,Yearn,Ethereum,3.12,DAI,126888122,41.85,0
2024-09-27,Yearn,Arbitrum,4.62,USDC,140438047,4.31,16.69
2024-09-27,Yearn,Arbitrum,4.48,USDT,136667220,3.67,5.41
2024-09-27,Yearn,Arbitrum,4.9,DAI,137374373,3.79,13.96
2024-09-27,Yearn,Optimism,4.3,USDC,137318527,3.33,8.04
2024-09-27,Yearn,Optimism,4.21,USDT,138487553,3.4,10.26
2024-09-27,Yearn,Optimism,4.4,DAI,144509093,3.13,8.94
2024-09-27,Yearn,Polygon,4.97,USDC,139322235,1.44,9.13
2024-09-27,Yearn,Polygon,4.51,USDT,137313977,1.41,6.88
2024-09-27,Yearn,Polygon,4.67,DAI,140170389,1.43,8.43
2024-09-27,Yearn,Base,4.51,USDC,133791733,3.37,6.53
2024-09-27,Yearn,Base,4.73,USDT,145578545,3.26,8.82
2024-09-27,Yearn,Base,4.42,DAI,132279055,2.77,9.98
2024-09-27,Pendle,Ethereum,12.98,USDC,81104091,48.26,0
2024-09-27,Pendle,Ethereum,10.78,USDT,76618237,39.3,0
2024-09-27,Pendle,Ethereum,9.21,DAI,84802668,33.59,0
2024-09-27,Pendle,Arbitrum,14.09,USDC,84125108,3.91,11.37
2024-09-27,Pendle,Arbitrum,16.69,USDT,92768161,3.04,11.97
2024-09-27,Pendle,Arbitrum,11.44,DAI,86441383,5.13,9.67
2024-09-27,Pendle,Optimism,14.32,USDC,89416986,2.84,10.59
2024-09-27,Pendle,Optimism,13.67,USDT,91068143,3.43,8.18
2024-09-27,Pendle,Optimism,11.45,DAI,87262533,3.26,12.86
2024-09-27,Pendle,Base,16.53,USDT,83161223,3.66,10.26
2024-09-27,Pendle,Base,13.6,DAI,83571262,3.22,12.52
2024-09-27,Convex,Ethereum,4.82,USDC,160388697,36.93,0
2024-09-27,Convex,Ethereum,5.11,USDT,188479479,26.82,0
2024-09-27,Convex,Ethereum,3.91,DAI,152660729,39.42,0
2024-09-27,Balancer,Ethereum,7.7,USDC,128251947,36.71,0
2024-09-27,Balancer,Ethereum,7.36,USDT,117936350,43.67,0
2024-09-27,Balancer,Ethereum,8.1,DAI,116645470,37.04,0
2024-09-27,Balancer,Arbitrum,9.93,USDC,116573933,2.98,12.11
2024-09-27,Balancer,Arbitrum,10.86,USDT,129195767,3.81,7.76
2024-09-27,Balancer,Arbitrum,9.7,DAI,132737058,4.58,13.02
2024-09-27,Balancer,Optimism,6.71,USDC,127776729,3.76,9.08
2024-09-27,Balancer,Optimism,8.47,USDT,122106475,3.51,6.67
2024-09-27,Balancer,Polygon,9.45,USDC,123148880,0.91,8.5
2024-09-27,Balancer,Polygon,8.81,USDT,133798316,1.46,8.32
2024-09-27,Balancer,Polygon,10.92,DAI,130463289,1.38,5.66
2024-09-27,Balancer,Base,9.56,USDC,122426022,3.49,10.51
2024-09-27,Balancer,Base,9.83,USDT,120110333,3.35,10.12
2024-09-27,Balancer,Base,9.85,DAI,122342273,3.2,10.98
2024-09-28,Aave,Ethereum,2.68,USDC,316817778,22.11,0
2024-09-28,Aave,Ethereum,2.97,USDT,310389917,34.55,0
2024-09-28,Aave,Ethereum,2.5,DAI,269718467,30.2,0
2024-09-28,Aave,Arbitrum,3.44,USDC,287290243,1.83,11.21
2024-09-28,Aave,Arbitrum,3.09,USDT,287829744,2.45,12.58
2024-09-28,Aave,Arbitrum,3.61,DAI,283997141,2.93,11.12
2024-09-28,Aave,Optimism,3.0,USDC,271282219,1.78,8.99
2024-09-28,Aave,Optimism,3.44,USDT,290750248,2.12,12.45
2024-09-28,Aave,Optimism,2.8,DAI,299941428,1.76,9.4
2024-09-28,Aave,Polygon,3.72,USDC,300318758,1.23,8.06
2024-09-28,Aave,Polygon,3.24,USDT,279623020,0.78,8.73
2024-09-28,Aave,Base,3.08,USDC,309236481,2.13,7.4
2024-09-28,Aave,Base,3.31,USDT,280360625,2.35,10.81
2024-09-28,Compound,Ethereum,2.82,USDC,199038777,27.7,0
2024-09-28,Compound,Ethereum,2.69,USDT,211694214,32.66,0
2024-09-28,Compound,Ethereum,2.43,DAI,193120455,32.34,0
2024-09-28,Compound,Arbitrum,3.51,USDC,210184545,2.03,14.36
2024-09-28,Compound,Arbitrum,3.54,USDT,216472142,2.55,11.51
2024-09-28,Compound,Arbitrum,3.2,DAI,203305277,2.81,16.04
2024-09-28,Compound,Optimism,3.09,USDC,208805836,2.24,10.12
2024-09-28,Compound,Optimism,3.34,USDT,201205171,2.21,10.21
2024-09-28,Compound,Optimism,3.2,DAI,200031821,2.11,9.86
2024-09-28,Compound,Polygon,3.43,USDC,228701582,0.92,6.79
2024-09-28,Compound,Polygon,3.6,USDT,222058798,0.8,7.6
2024-09-28,Compound,Base,2.85,USDT,213637903,2.05,11.38
2024-09-28,Compound,Base,3.03,DAI,220652903,2.46,7.64
2024-09-28,Curve,Ethereum,6.97,USDC,368641703,23.04,0
2024-09-28,Curve,Ethereum,7.61,USDT,347044213,35.0,0
2024-09-28,Curve,Ethereum,7.99,DAI,393576036,26.03,0
2024-09-28,Curve,Arbitrum,8.37,USDC,364890096,3.89,13.6
2024-09-28,Curve,Arbitrum,9.39,USDT,383973649,2.81,10.19
2024-09-28,Curve,Optimism,9.75,USDC,351260937,2.12,4.71
2024-09-28,Curve,Optimism,8.84,USDT,339504873,1.96,10.86
2024-09-28,Curve,Optimism,8.71,DAI,377931232,1.61,10.08
2024-09-28,Curve,Polygon,9.89,USDC,361908080,1.13,10.54
2024-09-28,Curve,Polygon,10.71,USDT,375508193,0.57,5.88
2024-09-28,Curve,Polygon,11.83,DAI,387852732,1.19,5.04
2024-09-28,Curve,Base,9.4,USDC,358865964,2.45,10.03
2024-09-28,Curve,Base,10.04,USDT,343586797,1.72,8.33
2024-09-28,Curve,Base,9.35,DAI,346041714,2.1,10.63
2024-09-28,Uniswap V3,Ethereum,9.75,USDC,111877137,29.86,0
2024-09-28,Uniswap V3,Ethereum,8.83,USDT,112578454,31.04,0
2024-09-28,Uniswap V3,Arbitrum,7.9,USDC,105716093,2.09,12.81
2024-09-28,Uniswap V3,Arbitrum,9.57,USDT,114722121,1.47,10.05
2024-09-28,Uniswap V3,Arbitrum,11.29,DAI,101093231,1.92,11.47
2024-09-28,Uniswap V3,Optimism,9.92,USDC,104321994,1.81,9.45
2024-09-28,Uniswap V3,Optimism,9.12,USDT,110475448,1.89,8.55
2024-09-28,Uniswap V3,Polygon,8.84,USDC,102315304,0.77,10.72
2024-09-28,Uniswap V3,Base,11.48,USDC,108771509,1.81,9.45
2024-09-28,Uniswap V3,Base,9.81,USDT,114523165,1.96,9.22
2024-09-28,Uniswap V3,Base,10.89,DAI,113724499,2.24,9.81
2024-09-28,Yearn,Ethereum,3.31,USDC,132891693,22.82,0
2024-09-28,Yearn,Ethereum,3.26,USDT,133830364,19.1,0
2024-09-28,Yearn,Ethereum,3.98,DAI,127503065,30.19,0
2024-09-28,Yearn,Arbitrum,4.99,USDC,128445890,2.2,11.89
2024-09-28,Yearn,Arbitrum,4.36,USDT,138668563,1.85,9.73
2024-09-28,Yearn,Optimism,4.4,USDC,137069179,2.63,6.94
2024-09-28,Yearn,Optimism,4.64,DAI,132830477,2.42,9.63
2024-09-28,Yearn,Polygon,4.14,USDC,141896529,0.93,7.84
2024-09-28,Yearn,Polygon,4.47,USDT,131637872,0.91,7.22
2024-09-28,Yearn,Polygon,4.18,DAI,142610676,1.35,6.06
2024-09-28,Yearn,Base,5.0,USDC,143196854,2.75,13.22
2024-09-28,Yearn,Base,4.27,USDT,126507023,1.78,6.76
2024-09-28,Yearn,Base,4.49,DAI,138855004,2.41,14.85
2024-09-28,Pendle,Ethereum,10.35,USDC,90821805,29.96,0
2024-09-28,Pendle,Ethereum,10.09,USDT,90621618,33.66,0
2024-09-28,Pendle,Arbitrum,15.3,USDC,78051463,2.58,11.18
2024-09-28,Pendle,Arbitrum,13.69,USDT,88029873,2.35,12.05
2024-09-28,Pendle,Arbitrum,11.42,DAI,91765891,3.3,13.27
2024-09-28,Pendle,Optimism,13.87,USDC,92948038,2.32,6.67
2024-09-28,Pendle,Optimism,11.39,USDT,87085265,2.0,8.96
2024-09-28,Pendle,Optimism,12.21,DAI,88563951,2.2,5.01
2024-09-28,Pendle,Base,15.09,USDC,84753398,2.02,9.39
2024-09-28,Pendle,Base,11.78,USDT,84462109,2.23,6.46
2024-09-28,Pendle,Base,10.51,DAI,87707495,2.2,11.67
2024-09-28,Convex,Ethereum,6.1,USDC,179828467,25.62,0
2024-09-28,Convex,Ethereum,5.81,USDT,175604244,22.28,0
2024-09-28,Convex,Ethereum,5.22,DAI,160691862,23.12,0
2024-09-28,Balancer,Ethereum,7.65,USDC,129734138,28.77,0
2024-09-28,Balancer,Ethereum,7.99,DAI,128119463,31.67,0
2024-09-28,Balancer,Arbitrum,10.48,USDC,126500160,2.47,11.36
2024-09-28,Balancer,Arbitrum,11.25,USDT,125029852,2.37,16.88
2024-09-28,Balancer,Arbitrum,9.29,DAI,130471451,1.48,15.8
2024-09-28,Balancer,Optimism,8.83,USDC,130166594,1.62,6.78
2024-09-28,Balancer,Optimism,7.66,DAI,116222871,2.39,12.78
2024-09-28,Balancer,Polygon,8.98,USDC,120479569,1.19,7.55
2024-09-28,Balancer,Polygon,11.61,USDT,116693957,0.98,11.01
2024-09-28,Balancer,Polygon,8.37,DAI,130777132,1.2,9.14
2024-09-28,Balancer,Base,9.77,USDC,130807959,2.33,7.09
2024-09-28,Balancer,Base,10.69,USDT,123612013,2.05,10.71
2024-09-28,Balancer,Base,10.61,DAI,135720357,1.97,11.69
