date,protocol,chain,apy,stablecoin,tvl,gasCost,bridgeFee
2024-07-01,Aave,Ethereum,2.62,USDC,246908617,48.15,0
2024-07-01,Aave,Ethereum,2.82,DAI,240883541,39.19,0
2024-07-01,Aave,Arbitrum,3.8,USDC,252879781,5.16,14.37
2024-07-01,Aave,Arbitrum,3.65,USDT,260398122,4.67,9.48
2024-07-01,Aave,Arbitrum,3.32,DAI,250804923,2.42,6.03
2024-07-01,Aave,Optimism,3.22,USDC,245558642,2.8,9.37
2024-07-01,Aave,Optimism,3.34,USDT,268946192,2.88,10.99
2024-07-01,Aave,Polygon,3.45,USDT,237683852,1.59,9.52
2024-07-01,Aave,Base,3.46,DAI,248806035,3.39,8.42
2024-07-01,Compound,Ethereum,2.8,USDC,203578034,61.53,0
2024-07-01,Compound,Ethereum,2.68,USDT,178096964,41.01,0
2024-07-01,Compound,Arbitrum,3.59,USDC,186182987,4.16,12.64
2024-07-01,Compound,Arbitrum,3.3,DAI,180901263,3.61,13.27
2024-07-01,Compound,Optimism,3.39,USDC,196673452,2.32,10.93
2024-07-01,Compound,Optimism,3.19,USDT,173223769,3.0,10.25
2024-07-01,Compound,Optimism,3.37,DAI,161367504,3.55,9.69
2024-07-01,Compound,Polygon,3.39,USDC,183200955,1.01,8.01
2024-07-01,Compound,Polygon,3.44,USDT,188510031,1.45,7.09
2024-07-01,Compound,Polygon,3.16,DAI,183487699,1.67,7.44
2024-07-01,Compound,Base,2.79,USDC,170867965,3.76,6.51
2024-07-01,Compound,Base,3.3,USDT,168975398,3.45,10.24
2024-07-01,Compound,Base,3.42,DAI,175509101,3.32,9.78
2024-07-01,Curve,Ethereum,8.15,USDC,316689030,30.82,0
2024-07-01,Curve,Ethereum,7.07,USDT,308002702,42.33,0
2024-07-01,Curve,Ethereum,9.58,DAI,313971839,40.94,0
2024-07-01,Curve,Arbitrum,9.63,USDC,320048010,4.33,11.54
2024-07-01,Curve,Arbitrum,6.91,USDT,313801479,2.4,11.82
2024-07-01,Curve,Arbitrum,7.26,DAI,326189833,3.37,15.58
2024-07-01,Curve,Optimism,9.82,USDC,335934913,2.96,8.77
2024-07-01,Curve,Optimism,7.31,USDT,339204436,2.57,11.85
2024-07-01,Curve,Optimism,8.54,DAI,308546711,3.3,8.92
2024-07-01,Curve,Polygon,9.55,USDC,298738200,1.67,7.57
2024-07-01,Curve,Polygon,12.19,USDT,333564581,1.44,9.8
2024-07-01,Curve,Polygon,10.55,DAI,326924213,1.57,4.94
2024-07-01,Curve,Base,7.37,USDC,355936768,3.32,8.3
2024-07-01,Curve,Base,9.24,USDT,329566334,4.42,8.5
2024-07-01,Curve,Base,9.84,DAI,307954175,3.5,11.42
2024-07-01,Uniswap V3,Ethereum,8.07,USDC,102227480,51.28,0
2024-07-01,Uniswap V3,Ethereum,10.02,USDT,95126188,42.84,0
2024-07-01,Uniswap V3,Ethereum,8.24,DAI,96640042,30.07,0
2024-07-01,Uniswap V3,Arbitrum,10.9,USDC,89715920,4.29,13.54
2024-07-01,Uniswap V3,Arbitrum,9.44,USDT,94576743,3.63,11.64
2024-07-01,Uniswap V3,Arbitrum,9.68,DAI,94876881,3.69,9.52
2024-07-01,Uniswap V3,Optimism,11.95,USDC,90622898,2.75,10.98
2024-07-01,Uniswap V3,Optimism,10.74,USDT,94559616,2.77,7.17
2024-07-01,Uniswap V3,Optimism,9.58,DAI,100428638,3.07,7.46
2024-07-01,Uniswap V3,Polygon,11.53,USDC,102711480,1.21,11.11
2024-07-01,Uniswap V3,Polygon,12.28,DAI,98038074,1.23,8.05
2024-07-01,Uniswap V3,Base,9.55,USDC,92946549,3.5,9.45
2024-07-01,Uniswap V3,Base,9.61,USDT,96140316,3.17,10.01
2024-07-01,Uniswap V3,Base,12.72,DAI,93145594,3.44,9.59
2024-07-01,Yearn,Ethereum,3.68,USDC,123287070,35.87,0
2024-07-01,Yearn,Ethereum,3.97,USDT,118467747,30.86,0
2024-07-01,Yearn,Ethereum,4.27,DAI,115617364,41.8,0
2024-07-01,Yearn,Arbitrum,5.31,DAI,127813419,4.27,9.34
2024-07-01,Yearn,Optimism,4.09,USDC,119862348,2.83,8.25
2024-07-01,Yearn,Optimism,4.43,USDT,124049076,3.23,6.01
2024-07-01,Yearn,Optimism,4.45,DAI,128471951,2.66,8.08
2024-07-01,Yearn,Polygon,4.64,USDC,121879634,0.55,8.88
2024-07-01,Yearn,Polygon,4.56,USDT,118458618,1.79,5.86
2024-07-01,Yearn,Polygon,4.89,DAI,112188730,1.99,7.07
2024-07-01,Yearn,Base,4.27,USDC,124727170,3.32,12.65
2024-07-01,Yearn,Base,4.51,USDT,122975781,3.78,13.24
2024-07-01,Yearn,Base,4.22,DAI,118465370,3.45,8.72
2024-07-01,Pendle,Ethereum,12.06,USDC,78660689,48.84,0
2024-07-01,Pendle,Ethereum,11.58,USDT,79473758,40.6,0
2024-07-01,Pendle,Ethereum,9.58,DAI,76085056,46.13,0
2024-07-01,Pendle,Arbitrum,13.4,USDT,74608562,3.75,12.84
2024-07-01,Pendle,Arbitrum,12.58,DAI,69400516,2.77,8.82
2024-07-01,Pendle,Optimism,14.2,USDC,80019216,3.51,8.6
2024-07-01,Pendle,Optimism,16.11,USDT,68694929,2.92,10.81
2024-07-01,Pendle,Optimism,12.96,DAI,74743596,3.58,10.32
2024-07-01,Pendle,Base,13.59,USDC,76328992,3.01,9.66
2024-07-01,Pendle,Base,13.73,USDT,74224714,3.3,8.31
2024-07-01,Pendle,Base,10.57,DAI,73723720,3.44,9.22
2024-07-01,Convex,Ethereum,5.14,USDC,158287251,46.4,0
2024-07-01,Convex,Ethereum,5.15,USDT,155989269,36.51,0
2024-07-01,Convex,Ethereum,5.11,DAI,146764932,50.46,0
2024-07-01,Balancer,Ethereum,7.31,USDC,114429892,35.6,0
2024-07-01,Balancer,Ethereum,8.65,USDT,105590054,56.51,0
2024-07-01,Balancer,Ethereum,7.67,DAI,116368038,32.48,0
2024-07-01,Balancer,Arbitrum,9.34,USDT,114740255,4.37,13.02
2024-07-01,Balancer,Arbitrum,9.36,DAI,118735826,3.35,8.56
2024-07-01,Balancer,Optimism,8.88,USDC,107204304,3.41,9.56
2024-07-01,Balancer,Optimism,8.25,DAI,104504741,2.97,5.14
2024-07-01,Balancer,Polygon,12.03,USDC,105179587,1.15,7.08
2024-07-01,Balancer,Polygon,9.73,USDT,110525077,1.49,5.22
2024-07-01,Balancer,Polygon,9.45,DAI,98674483,1.43,6.32
2024-07-01,Balancer,Base,9.12,USDC,122362275,3.95,8.97
2024-07-01,Balancer,Base,7.59,USDT,115329293,3.89,9.89
2024-07-01,Balancer,Base,9.76,DAI,111227463,2.79,13.45
2024-07-02,Aave,Ethereum,2.87,USDC,278268838,44.24,0
2024-07-02,Aave,Ethereum,2.7,USDT,251947280,48.54,0
2024-07-02,Aave,Ethereum,2.99,DAI,235168566,47.67,0
2024-07-02,Aave,Arbitrum,3.46,USDC,257356820,3.91,12.66
2024-07-02,Aave,Arbitrum,3.77,USDT,273095143,3.04,14.09
2024-07-02,Aave,Arbitrum,3.49,DAI,262629504,3.12,8.36
2024-07-02,Aave,Optimism,3.25,USDC,240801795,3.03,7.02
2024-07-02,Aave,Optimism,3.62,USDT,245219673,2.45,9.84
2024-07-02,Aave,Optimism,3.63,DAI,275973617,3.08,12.34
2024-07-02,Aave,Polygon,3.29,USDC,247296154,1.57,8.63
2024-07-02,Aave,Polygon,3.64,USDT,262886917,1.32,7.53
2024-07-02,Aave,Polygon,3.91,DAI,251560435,1.52,6.15
2024-07-02,Aave,Base,3.59,USDC,248095560,2.66,9.26
2024-07-02,Aave,Base,3.59,USDT,252676900,3.51,11.94
2024-07-02,Aave,Base,3.72,DAI,246838733,3.14,9.76
2024-07-02,Compound,Ethereum,3.07,USDC,192872231,38.57,0
2024-07-02,Compound,Ethereum,2.66,USDT,182096011,69.46,0
2024-07-02,Compound,Ethereum,3.09,DAI,174806629,37.06,0
2024-07-02,Compound,Arbitrum,3.67,USDC,195081130,3.27,12.8
2024-07-02,Compound,Arbitrum,3.65,USDT,179845432,3.64,11.55
2024-07-02,Compound,Arbitrum,3.43,DAI,184166898,4.17,11.47
2024-07-02,Compound,Optimism,3.24,USDT,183363341,2.96,5.46
2024-07-02,Compound,Polygon,3.46,USDC,170344986,1.72,8.84
2024-07-02,Compound,Polygon,3.8,USDT,177544169,1.63,8.9
2024-07-02,Compound,Polygon,3.96,DAI,178650105,1.84,5.81
2024-07-02,Compound,Base,3.54,USDC,170899533,3.61,6.48
2024-07-02,Compound,Base,3.3,USDT,196992787,3.89,12.6
2024-07-02,Compound,Base,3.2,DAI,172204941,2.45,9.78
2024-07-02,Curve,Ethereum,8.47,USDC,342355324,55.03,0
2024-07-02,Curve,Ethereum,6.1,USDT,321523870,44.12,0
2024-07-02,Curve,Ethereum,8.13,DAI,311551045,34.32,0
2024-07-02,Curve,Arbitrum,8.7,USDC,316437772,3.69,11.56
2024-07-02,Curve,Arbitrum,9.37,USDT,325025735,4.06,11.64
2024-07-02,Curve,Arbitrum,9.66,DAI,335093431,3.18,9.44
2024-07-02,Curve,Optimism,7.42,USDC,321122678,2.82,11.28
2024-07-02,Curve,Optimism,8.06,DAI,299130717,3.01,10.66
2024-07-02,Curve,Polygon,10.94,USDC,313348990,1.93,4.77
2024-07-02,Curve,Polygon,8.23,DAI,318707503,0.88,7.09
2024-07-02,Curve,Base,7.37,USDC,329534793,3.08,15.38
2024-07-02,Curve,Base,9.08,USDT,344306306,3.33,12.19
2024-07-02,Curve,Base,8.94,DAI,337769043,3.89,11.34
2024-07-02,Uniswap V3,Ethereum,9.66,USDC,99010339,40.63,0
2024-07-02,Uniswap V3,Ethereum,8.37,USDT,100793429,38.27,0
2024-07-02,Uniswap V3,Ethereum,7.37,DAI,93880473,29.12,0
2024-07-02,Uniswap V3,Arbitrum,11.37,USDC,96915313,3.7,13.12
2024-07-02,Uniswap V3,Arbitrum,10.0,USDT,101706126,3.83,9.89
2024-07-02,Uniswap V3,Arbitrum,10.98,DAI,96166010,2.87,12.54
2024-07-02,Uniswap V3,Optimism,9.15,USDC,104500282,3.64,6.61
2024-07-02,Uniswap V3,Optimism,10.08,USDT,89518543,2.68,7.39
2024-07-02,Uniswap V3,Optimism,7.28,DAI,94693714,3.05,12.11
2024-07-02,Uniswap V3,Polygon,12.29,USDC,97796838,1.5,9.05
2024-07-02,Uniswap V3,Polygon,9.56,USDT,91400044,1.96,9.11
2024-07-02,Uniswap V3,Polygon,10.68,DAI,93667853,1.82,7.12
2024-07-02,Uniswap V3,Base,11.2,USDC,105086059,2.8,9.94
2024-07-02,Uniswap V3,Base,12.29,USDT,98444656,3.66,11.6
2024-07-02,Uniswap V3,Base,9.72,DAI,107919881,3.46,12.64
2024-07-02,Yearn,Ethereum,3.53,USDC,123752045,30.47,0
2024-07-02,Yearn,Ethereum,3.26,USDT,118278216,29.48,0
2024-07-02,Yearn,Ethereum,3.26,DAI,123910655,45.95,0
2024-07-02,Yearn,Arbitrum,4.39,USDT,109051472,3.97,14.93
2024-07-02,Yearn,Arbitrum,4.35,DAI,115478255,3.65,10.03
2024-07-02,Yearn,Optimism,4.32,USDC,122775586,3.19,9.99
2024-07-02,Yearn,Optimism,4.27,USDT,131784802,3.07,12.01
2024-07-02,Yearn,Optimism,4.69,DAI,124289605,3.41,8.66
2024-07-02,Yearn,Polygon,4.61,USDC,120641084,1.49,5.31
2024-07-02,Yearn,Polygon,4.49,USDT,117344574,1.65,8.66
2024-07-02,Yearn,Polygon,4.61,DAI,119891200,1.38,6.1
2024-07-02,Yearn,Base,4.72,USDC,125856671,3.55,12.91
2024-07-02,Yearn,Base,4.56,USDT,127768243,3.85,11.9
2024-07-02,Yearn,Base,4.35,DAI,132408904,1.86,10.61
2024-07-02,Pendle,Ethereum,8.31,USDC,79870927,48.44,0
2024-07-02,Pendle,Ethereum,10.92,USDT,76571198,44.04,0
2024-07-02,Pendle,Ethereum,10.4,DAI,77849224,57.5,0
2024-07-02,Pendle,Arbitrum,12.69,USDC,87748104,3.06,16.07
2024-07-02,Pendle,Arbitrum,12.54,USDT,77681893,3.77,13.23
2024-07-02,Pendle,Arbitrum,13.35,DAI,77267278,4.11,16.93
2024-07-02,Pendle,Optimism,14.96,USDC,76888271,3.46,8.27
2024-07-02,Pendle,Optimism,10.86,USDT,75356729,2.47,9.64
2024-07-02,Pendle,Optimism,12.4,DAI,70789746,2.18,7.94
2024-07-02,Pendle,Base,17.4,USDC,78258829,2.84,8.84
2024-07-02,Pendle,Base,9.4,USDT,81871178,2.51,12.82
2024-07-02,Pendle,Base,13.06,DAI,75462978,3.56,8.58
2024-07-02,Convex,Ethereum,6.25,USDC,164664344,28.63,0
2024-07-02,Convex,Ethereum,5.7,DAI,161276382,48.1,0
2024-07-02,Balancer,Ethereum,8.46,USDC,107658649,49.81,0
2024-07-02,Balancer,Ethereum,8.39,USDT,111140960,44.61,0
2024-07-02,Balancer,Ethereum,9.44,DAI,104415634,38.22,0
2024-07-02,Balancer,Arbitrum,8.73,USDC,113111516,3.41,10.71
2024-07-02,Balancer,Arbitrum,9.3,USDT,96422473,2.99,10.86
2024-07-02,Balancer,Arbitrum,9.99,DAI,112971654,4.62,16.34
2024-07-02,Balancer,Optimism,10.25,USDC,110594795,2.33,10.59
2024-07-02,Balancer,Optimism,8.92,DAI,124336754,3.4,8.11
2024-07-02,Balancer,Polygon,8.0,USDC,105181389,1.59,7.97
2024-07-02,Balancer,Polygon,11.76,USDT,116907836,1.34,7.16
2024-07-02,Balancer,Polygon,10.4,DAI,112239388,1.65,6.86
2024-07-02,Balancer,Base,9.49,USDC,112993660,4.56,7.31
2024-07-02,Balancer,Base,7.59,USDT,114741505,3.31,11.12
2024-07-02,Balancer,Base,10.85,DAI,116677670,3.45,7.34
2024-07-03,Aave,Ethereum,2.9,USDC,265290578,30.32,0
2024-07-03,Aave,Ethereum,2.82,USDT,267143016,38.34,0
2024-07-03,Aave,Ethereum,3.02,DAI,276642345,40.43,0
2024-07-03,Aave,Arbitrum,3.76,USDC,279670726,3.96,10.59
2024-07-03,Aave,Arbitrum,3.51,USDT,253502316,4.13,10.41
2024-07-03,Aave,Arbitrum,3.99,DAI,274230469,3.25,12.76
2024-07-03,Aave,Optimism,3.61,USDC,259846904,2.95,9.02
2024-07-03,Aave,Optimism,3.52,DAI,267968188,2.53,6.66
2024-07-03,Aave,Polygon,3.63,USDC,252978561,1.12,7.33
2024-07-03,Aave,Polygon,3.57,USDT,252828800,1.12,6.55
2024-07-03,Aave,Base,3.37,USDC,250774731,3.51,9.52
2024-07-03,Aave,Base,3.58,USDT,247162824,2.42,9.7
2024-07-03,Aave,Base,3.94,DAI,261499354,3.66,7.39
2024-07-03,Compound,Ethereum,3.0,USDC,198029999,29.7,0
2024-07-03,Compound,Ethereum,2.66,USDT,195308349,54.18,0
2024-07-03,Compound,Ethereum,2.97,DAI,202565166,35.82,0
2024-07-03,Compound,Arbitrum,3.69,USDC,190357889,3.07,14.49
2024-07-03,Compound,Arbitrum,3.07,USDT,208122812,2.37,13.48
2024-07-03,Compound,Arbitrum,3.55,DAI,196558800,4.63,11.01
2024-07-03,Compound,Optimism,3.3,USDC,188517101,3.56,5.03
2024-07-03,Compound,Optimism,3.29,USDT,201419813,2.71,8.05
2024-07-03,Compound,Optimism,3.29,DAI,171162362,2.74,8.55
2024-07-03,Compound,Polygon,3.77,USDC,183151833,1.46,8.73
2024-07-03,Compound,Polygon,3.83,USDT,187319688,1.49,8.79
2024-07-03,Compound,Polygon,4.02,DAI,185492588,1.39,7.86
2024-07-03,Compound,Base,3.5,USDT,188334564,2.35,10.41
2024-07-03,Compound,Base,3.56,DAI,181274601,3.22,7.88
2024-07-03,Curve,Ethereum,7.45,USDC,354766865,44.07,0
2024-07-03,Curve,Ethereum,6.73,USDT,310876567,39.85,0
2024-07-03,Curve,Ethereum,8.08,DAI,319323551,36.61,0
2024-07-03,Curve,Arbitrum,8.47,USDC,356124006,2.88,13.93
2024-07-03,Curve,Arbitrum,10.33,USDT,322480023,3.37,11.63
2024-07-03,Curve,Arbitrum,10.04,DAI,327725772,2.52,12.76
2024-07-03,Curve,Optimism,9.83,USDC,344655937,2.47,10.26
2024-07-03,Curve,Optimism,8.55,DAI,354697356,3.97,11.72
2024-07-03,Curve,Polygon,10.1,USDC,321860555,1.51,9.14
2024-07-03,Curve,Polygon,11.57,USDT,349114901,1.89,8.37
2024-07-03,Curve,Polygon,10.19,DAI,373515971,1.38,11.08
2024-07-03,Curve,Base,9.82,USDC,333299174,4.05,14.07
2024-07-03,Curve,Base,8.14,USDT,325388753,3.03,8.4
2024-07-03,Curve,Base,13.6,DAI,349210981,4.01,7.37
2024-07-03,Uniswap V3,Ethereum,9.71,USDC,100917673,50.1,0
2024-07-03,Uniswap V3,Ethereum,7.47,USDT,100911904,44.22,0
2024-07-03,Uniswap V3,Arbitrum,12.52,USDC,88819122,3.29,14.96
2024-07-03,Uniswap V3,Arbitrum,8.64,USDT,103288359,3.19,10.25
2024-07-03,Uniswap V3,Arbitrum,11.14,DAI,97372737,3.5,12.01
2024-07-03,Uniswap V3,Optimism,9.72,USDC,94079368,2.74,7.81
2024-07-03,Uniswap V3,Optimism,11.95,DAI,95389622,3.37,9.37
2024-07-03,Uniswap V3,Polygon,11.18,USDC,103824334,1.56,9.46
2024-07-03,Uniswap V3,Polygon,13.16,USDT,98181884,0.9,4.03
2024-07-03,Uniswap V3,Polygon,11.1,DAI,104702153,1.57,8.31
2024-07-03,Uniswap V3,Base,10.45,USDC,103280597,3.43,12.6
2024-07-03,Uniswap V3,Base,9.0,USDT,100184862,3.39,12.72
2024-07-03,Uniswap V3,Base,9.5,DAI,88266604,3.12,6.33
2024-07-03,Yearn,Ethereum,3.61,USDC,129131091,37.89,0
2024-07-03,Yearn,Ethereum,4.01,USDT,123536455,36.24,0
2024-07-03,Yearn,Ethereum,3.6,DAI,122043548,32.96,0
2024-07-03,Yearn,Arbitrum,4.47,USDC,127873030,4.22,15.31
2024-07-03,Yearn,Arbitrum,4.35,USDT,138162529,2.19,12.6
2024-07-03,Yearn,Optimism,4.68,USDC,127134437,2.59,10.73
2024-07-03,Yearn,Optimism,4.5,USDT,114275523,3.19,9.17
2024-07-03,Yearn,Optimism,4.51,DAI,116314668,2.85,9.12
2024-07-03,Yearn,Polygon,4.57,USDC,122934156,1.72,6.66
2024-07-03,Yearn,Polygon,4.68,USDT,139701008,0.81,6.73
2024-07-03,Yearn,Polygon,4.82,DAI,116833811,1.42,7.13
2024-07-03,Yearn,Base,4.92,USDC,118823202,3.14,11.86
2024-07-03,Yearn,Base,4.21,USDT,120588859,3.06,11.44
2024-07-03,Yearn,Base,4.13,DAI,127744285,3.98,6.98
2024-07-03,Pendle,Ethereum,11.6,USDC,79154726,38.87,0
2024-07-03,Pendle,Ethereum,11.15,USDT,78456297,43.14,0
2024-07-03,Pendle,Ethereum,13.55,DAI,81673112,50.21,0
2024-07-03,Pendle,Arbitrum,15.37,USDC,76596492,3.26,11.34
2024-07-03,Pendle,Arbitrum,12.08,USDT,81366504,4.47,7.96
2024-07-03,Pendle,Arbitrum,15.69,DAI,72737267,3.03,13.44
2024-07-03,Pendle,Optimism,8.66,USDC,78771671,2.84,8.33
2024-07-03,Pendle,Optimism,13.13,USDT,68992878,3.73,9.96
2024-07-03,Pendle,Optimism,13.93,DAI,74859588,3.76,10.82
2024-07-03,Pendle,Base,16.5,USDT,76755928,3.03,8.06
2024-07-03,Convex,Ethereum,5.93,USDC,156075876,39.7,0
2024-07-03,Convex,Ethereum,5.48,DAI,156516840,43.93,0
2024-07-03,Balancer,Ethereum,7.79,USDC,109147271,58.16,0
2024-07-03,Balancer,Arbitrum,11.11,USDC,102975183,2.97,13.74
2024-07-03,Balancer,Arbitrum,9.3,USDT,117247356,5.42,9.59
2024-07-03,Balancer,Arbitrum,11.13,DAI,122053433,3.26,13.3
2024-07-03,Balancer,Optimism,8.17,USDC,130835153,4.02,9.38
2024-07-03,Balancer,Optimism,7.7,USDT,120861024,3.5,6.34
2024-07-03,Balancer,Optimism,10.17,DAI,118351900,2.65,12.61
2024-07-03,Balancer,Polygon,8.6,USDC,113306162,1.5,7.2
2024-07-03,Balancer,Polygon,9.44,USDT,117219195,1.29,6.87
2024-07-03,Balancer,Polygon,10.99,DAI,110943877,1.38,6.42
2024-07-03,Balancer,Base,7.63,USDC,113931384,3.0,13.08
2024-07-03,Balancer,Base,9.23,USDT,109892197,3.98,12.57
2024-07-03,Balancer,Base,8.1,DAI,116121128,3.06,9.47
2024-07-04,Aave,Ethereum,2.83,USDC,296514831,35.26,0
2024-07-04,Aave,Ethereum,2.88,USDT,278151072,28.28,0
2024-07-04,Aave,Ethereum,3.18,DAI,280689519,39.2,0
2024-07-04,Aave,Arbitrum,3.32,USDC,274799659,3.28,10.14
2024-07-04,Aave,Arbitrum,4.14,USDT,277999565,3.13,14.84
2024-07-04,Aave,Arbitrum,3.82,DAI,234927372,2.89,10.55
2024-07-04,Aave,Optimism,3.57,USDC,288803693,3.25,10.9
2024-07-04,Aave,Optimism,3.62,USDT,262902167,3.31,7.75
2024-07-04,Aave,Polygon,3.89,USDC,273621051,1.21,7.25
2024-07-04,Aave,Polygon,3.77,USDT,279836765,1.19,10.72
2024-07-04,Aave,Polygon,3.94,DAI,268171666,1.62,6.29
2024-07-04,Aave,Base,3.53,USDC,247654736,2.76,9.78
2024-07-04,Aave,Base,3.42,USDT,266787363,3.94,13.75
2024-07-04,Aave,Base,3.64,DAI,274280600,3.02,13.64
2024-07-04,Compound,Ethereum,2.81,USDC,176922237,39.99,0
2024-07-04,Compound,Ethereum,2.79,USDT,209215541,24.68,0
2024-07-04,Compound,Ethereum,3.0,DAI,188362095,43.8,0
2024-07-04,Compound,Arbitrum,3.51,USDC,176739840,3.66,9.15
2024-07-04,Compound,Arbitrum,3.42,DAI,205234899,4.88,12.22
2024-07-04,Compound,Optimism,3.5,USDC,192289109,2.99,11.19
2024-07-04,Compound,Optimism,3.59,USDT,211844277,2.14,6.27
2024-07-04,Compound,Optimism,3.2,DAI,170961651,3.18,10.27
2024-07-04,Compound,Polygon,3.79,USDC,197345687,1.29,5.46
2024-07-04,Compound,Polygon,3.82,DAI,191359279,1.44,7.41
2024-07-04,Compound,Base,3.64,USDC,194853097,3.14,10.94
2024-07-04,Compound,Base,3.43,USDT,197589192,3.6,13.44
2024-07-04,Compound,Base,3.47,DAI,213750749,3.22,10.59
2024-07-04,Curve,Ethereum,6.07,USDC,335289573,45.16,0
2024-07-04,Curve,Ethereum,9.34,USDT,330247445,43.17,0
2024-07-04,Curve,Arbitrum,10.68,USDC,332457479,2.1,14.28
2024-07-04,Curve,Arbitrum,9.84,USDT,350480616,3.58,12.07
2024-07-04,Curve,Arbitrum,9.37,DAI,320797063,2.79,12.72
2024-07-04,Curve,Optimism,11.34,USDC,327919138,3.64,6.7
2024-07-04,Curve,Optimism,8.49,USDT,340300109,3.03,7.87
2024-07-04,Curve,Optimism,9.18,DAI,332930114,3.37,7.63
2024-07-04,Curve,Polygon,9.85,USDC,337200263,1.32,8.82
2024-07-04,Curve,Polygon,9.09,USDT,331650148,1.03,9.2
2024-07-04,Curve,Polygon,10.52,DAI,339690595,1.42,7.68
2024-07-04,Curve,Base,8.05,USDC,354873348,4.04,8.84
2024-07-04,Curve,Base,7.9,USDT,344188032,2.74,8.15
2024-07-04,Curve,Base,5.64,DAI,360703951,3.98,7.33
2024-07-04,Uniswap V3,Ethereum,10.61,USDC,101678809,33.2,0
2024-07-04,Uniswap V3,Ethereum,8.99,USDT,94148676,42.96,0
2024-07-04,Uniswap V3,Ethereum,9.29,DAI,102179509,35.44,0
2024-07-04,Uniswap V3,Arbitrum,13.63,USDC,99212006,4.47,11.12
2024-07-04,Uniswap V3,Optimism,11.12,USDT,104068942,3.74,6.98
2024-07-04,Uniswap V3,Optimism,9.76,DAI,101370212,3.49,5.65
2024-07-04,Uniswap V3,Polygon,10.07,USDC,100040992,1.25,10.27
2024-07-04,Uniswap V3,Polygon,9.03,USDT,97243100,1.11,7.87
2024-07-04,Uniswap V3,Polygon,10.29,DAI,111353328,1.54,6.32
2024-07-04,Uniswap V3,Base,12.27,USDC,101929134,2.8,8.67
2024-07-04,Uniswap V3,Base,7.55,USDT,110203600,3.71,8.27
2024-07-04,Uniswap V3,Base,10.88,DAI,106633838,3.2,8.23
2024-07-04,Yearn,Ethereum,3.33,USDC,119489181,37.5,0
2024-07-04,Yearn,Ethereum,3.64,USDT,120758802,46.57,0
2024-07-04,Yearn,Ethereum,3.5,DAI,133491183,19.77,0
2024-07-04,Yearn,Arbitrum,4.97,USDC,119447394,3.37,11.87
2024-07-04,Yearn,Arbitrum,4.88,USDT,137802992,3.84,8.82
2024-07-04,Yearn,Arbitrum,4.8,DAI,129499758,3.23,10.11
2024-07-04,Yearn,Optimism,4.3,USDC,117296292,2.72,9.76
2024-07-04,Yearn,Optimism,4.28,USDT,136200496,2.13,6.38
2024-07-04,Yearn,Optimism,4.66,DAI,145634669,2.59,11.51
2024-07-04,Yearn,Polygon,4.69,USDC,132014519,1.6,6.16
2024-07-04,Yearn,Polygon,4.96,USDT,129259444,2.02,8.58
2024-07-04,Yearn,Polygon,4.66,DAI,128017842,1.87,8.65
2024-07-04,Yearn,Base,4.77,USDC,131047103,3.08,8.87
2024-07-04,Yearn,Base,5.01,DAI,138953004,3.2,10.14
2024-07-04,Pendle,Ethereum,12.29,USDC,83201575,38.23,0
2024-07-04,Pendle,Ethereum,12.34,USDT,82804169,42.94,0
2024-07-04,Pendle,Ethereum,11.5,DAI,69856684,39.66,0
2024-07-04,Pendle,Arbitrum,15.93,USDC,75165864,3.88,19.43
2024-07-04,Pendle,Arbitrum,15.34,USDT,81825662,2.87,9.83
2024-07-04,Pendle,Arbitrum,12.29,DAI,81365339,2.17,11.61
2024-07-04,Pendle,Optimism,16.64,USDC,81094688,2.67,9.17
2024-07-04,Pendle,Optimism,15.51,USDT,78523215,2.35,9.05
2024-07-04,Pendle,Optimism,13.36,DAI,81262568,2.89,10.75
2024-07-04,Pendle,Base,12.72,USDC,80601420,3.26,7.4
2024-07-04,Pendle,Base,13.75,USDT,84324153,3.29,10.1
2024-07-04,Pendle,Base,13.52,DAI,76572792,3.71,8.6
2024-07-04,Convex,Ethereum,5.07,USDC,159370795,28.94,0
2024-07-04,Convex,Ethereum,4.69,USDT,172563763,51.73,0
2024-07-04,Convex,Ethereum,5.2,DAI,164499348,35.27,0
2024-07-04,Balancer,Ethereum,8.66,USDC,114136089,45.51,0
2024-07-04,Balancer,Ethereum,8.49,USDT,121676369,46.19,0
2024-07-04,Balancer,Ethereum,8.38,DAI,114848150,46.32,0
2024-07-04,Balancer,Arbitrum,7.86,USDC,118176003,4.55,8.77
2024-07-04,Balancer,Arbitrum,9.53,USDT,110893325,3.05,12.05
2024-07-04,Balancer,Arbitrum,11.01,DAI,107748586,2.1,12.95
2024-07-04,Balancer,Optimism,9.34,USDC,128698284,3.16,5.97
2024-07-04,Balancer,Optimism,7.26,USDT,123340357,2.82,9.73
2024-07-04,Balancer,Optimism,9.45,DAI,119852024,3.45,9.83
2024-07-04,Balancer,Polygon,9.44,USDC,120618173,1.36,5.48
2024-07-04,Balancer,Polygon,10.79,USDT,113532940,1.06,11.16
2024-07-04,Balancer,Polygon,12.53,DAI,121900251,1.33,8.09
2024-07-04,Balancer,Base,7.76,USDC,116463612,3.71,11.91
2024-07-04,Balancer,Base,9.38,USDT,107040706,2.29,11.81
2024-07-05,Aave,Ethereum,2.69,USDC,266998598,42.34,0
2024-07-05,Aave,Ethereum,2.99,USDT,254269824,45.44,0
2024-07-05,Aave,Ethereum,2.65,DAI,256954779,43.51,0
2024-07-05,Aave,Arbitrum,3.73,USDC,260684476,3.06,10.57
2024-07-05,Aave,Optimism,3.71,USDC,280032658,3.66,10.94
2024-07-05,Aave,Optimism,3.77,USDT,261753937,2.4,12.55
2024-07-05,Aave,Optimism,3.7,DAI,237714422,3.42,9.57
2024-07-05,Aave,Polygon,4.02,USDC,291338216,1.37,5.48
2024-07-05,Aave,Polygon,3.76,USDT,266430896,1.49,10.15
2024-07-05,Aave,Polygon,4.05,DAI,288571485,1.33,7.45
2024-07-05,Aave,Base,3.59,USDC,276876454,3.45,9.69
2024-07-05,Aave,Base,3.42,USDT,281235899,3.32,11.81
2024-07-05,Aave,Base,3.41,DAI,263850057,2.72,13.15
2024-07-05,Compound,Ethereum,2.73,USDC,188168132,39.82,0
2024-07-05,Compound,Ethereum,2.82,USDT,195091738,49.15,0
2024-07-05,Compound,Ethereum,2.8,DAI,192659518,58.66,0
2024-07-05,Compound,Arbitrum,3.1,USDC,201246543,3.88,10.81
2024-07-05,Compound,Arbitrum,3.44,USDT,197044760,3.02,8.8
2024-07-05,Compound,Arbitrum,3.56,DAI,198936712,3.3,9.6
2024-07-05,Compound,Optimism,3.38,USDC,187424095,3.65,7.8
2024-07-05,Compound,Optimism,3.47,USDT,203745448,2.76,9.04
2024-07-05,Compound,Optimism,3.08,DAI,190439985,1.91,9.17
2024-07-05,Compound,Polygon,3.65,USDC,186804663,2.08,9.18
2024-07-05,Compound,Polygon,3.42,USDT,183895531,1.17,7.62
2024-07-05,Compound,Polygon,3.93,DAI,182516809,1.63,7.85
2024-07-05,Compound,Base,3.47,USDC,197064329,3.52,8.54
2024-07-05,Compound,Base,3.51,DAI,201751615,4.34,11.2
2024-07-05,Curve,Ethereum,8.08,USDC,336101070,44.17,0
2024-07-05,Curve,Ethereum,7.51,DAI,330688597,48.43,0
2024-07-05,Curve,Arbitrum,7.17,USDC,378189201,3.57,13.71
2024-07-05,Curve,Arbitrum,8.5,USDT,372571205,3.47,13.86
2024-07-05,Curve,Arbitrum,12.34,DAI,343127000,2.89,11.2
2024-07-05,Curve,Optimism,6.87,USDC,372450851,3.33,10.01
2024-07-05,Curve,Optimism,7.84,USDT,354351005,2.39,11.42
2024-07-05,Curve,Optimism,10.33,DAI,323320449,2.88,8.61
2024-07-05,Curve,Polygon,11.45,USDC,342368849,1.54,7.66
2024-07-05,Curve,Polygon,9.22,USDT,364941141,1.5,8.58
2024-07-05,Curve,Polygon,10.62,DAI,341800143,1.1,8.71
2024-07-05,Curve,Base,9.24,USDC,343571366,3.67,13.22
2024-07-05,Curve,Base,9.01,USDT,349887504,2.9,7.91
2024-07-05,Curve,Base,10.49,DAI,345704084,2.94,10.41
2024-07-05,Uniswap V3,Ethereum,10.3,USDC,102743785,32.66,0
2024-07-05,Uniswap V3,Ethereum,8.79,USDT,90560535,39.83,0
2024-07-05,Uniswap V3,Ethereum,7.95,DAI,99183586,37.01,0
2024-07-05,Uniswap V3,Arbitrum,10.31,USDC,101677258,3.98,7.15
2024-07-05,Uniswap V3,Arbitrum,12.21,USDT,107468153,3.9,16.74
2024-07-05,Uniswap V3,Arbitrum,12.33,DAI,107915879,3.54,12.39
2024-07-05,Uniswap V3,Optimism,7.34,USDC,101951135,2.99,9.38
2024-07-05,Uniswap V3,Optimism,8.38,USDT,106514950,2.65,11.22
2024-07-05,Uniswap V3,Polygon,12.41,USDC,96944257,1.59,8.51
2024-07-05,Uniswap V3,Polygon,9.36,USDT,111283624,0.9,8.48
2024-07-05,Uniswap V3,Polygon,11.13,DAI,101047903,1.45,7.78
2024-07-05,Uniswap V3,Base,7.57,USDT,111305455,3.99,8.13
2024-07-05,Uniswap V3,Base,9.66,DAI,101671699,2.57,13.24
2024-07-05,Yearn,Ethereum,3.81,USDC,128392981,37.53,0
2024-07-05,Yearn,Ethereum,3.9,USDT,130274745,45.13,0
2024-07-05,Yearn,Ethereum,4.05,DAI,135612150,33.43,0
2024-07-05,Yearn,Arbitrum,4.69,USDC,128525605,3.18,13.48
2024-07-05,Yearn,Arbitrum,4.78,USDT,131940645,2.8,12.93
2024-07-05,Yearn,Arbitrum,5.0,DAI,135991817,3.23,12.79
2024-07-05,Yearn,Optimism,4.37,USDC,139099570,3.48,6.49
2024-07-05,Yearn,Optimism,4.35,USDT,130229118,3.75,8.48
2024-07-05,Yearn,Optimism,4.39,DAI,141049096,2.95,9.35
2024-07-05,Yearn,Polygon,4.89,USDC,127516938,1.12,6.94
2024-07-05,Yearn,Polygon,4.78,USDT,124216501,1.33,6.66
2024-07-05,Yearn,Polygon,5.56,DAI,128567802,1.01,7.78
2024-07-05,Yearn,Base,4.9,USDC,126777314,3.79,9.39
2024-07-05,Yearn,Base,4.47,USDT,124703280,3.39,8.91
2024-07-05,Yearn,Base,4.45,DAI,137450851,3.44,6.68
2024-07-05,Pendle,Ethereum,12.12,USDC,77090690,47.27,0
2024-07-05,Pendle,Ethereum,12.67,USDT,84286841,46.93,0
2024-07-05,Pendle,Ethereum,13.54,DAI,73904856,53.99,0
2024-07-05,Pendle,Arbitrum,12.43,USDC,81841530,4.01,12.94
2024-07-05,Pendle,Arbitrum,11.84,USDT,79103451,2.41,7.31
2024-07-05,Pendle,Optimism,13.27,USDC,81399729,2.44,7.6
2024-07-05,Pendle,Optimism,12.96,USDT,76394214,3.43,11.18
2024-07-05,Pendle,Optimism,14.65,DAI,83798779,2.17,9.14
2024-07-05,Pendle,Base,14.56,USDC,78824134,3.39,12.62
2024-07-05,Pendle,Base,13.62,USDT,81351302,4.05,11.5
2024-07-05,Pendle,Base,11.55,DAI,88757380,3.2,10.47
2024-07-05,Convex,Ethereum,5.87,USDC,161514397,44.1,0
2024-07-05,Convex,Ethereum,5.13,USDT,156930892,39.53,0
2024-07-05,Convex,Ethereum,5.69,DAI,160226578,36.31,0
2024-07-05,Balancer,Ethereum,8.56,USDC,124651104,35.21,0
2024-07-05,Balancer,Ethereum,8.14,USDT,124237884,40.58,0
2024-07-05,Balancer,Ethereum,8.8,DAI,120458195,49.7,0
2024-07-05,Balancer,Arbitrum,9.22,USDC,118627118,3.72,11.67
2024-07-05,Balancer,Arbitrum,11.07,USDT,123729860,4.16,11.23
2024-07-05,Balancer,Arbitrum,10.24,DAI,130272990,3.44,12.66
2024-07-05,Balancer,Optimism,8.96,USDC,119223126,2.91,9.99
2024-07-05,Balancer,Optimism,9.81,USDT,125270827,3.09,8.53
2024-07-05,Balancer,Optimism,8.98,DAI,114759886,2.96,7.28
2024-07-05,Balancer,Polygon,9.88,USDC,119217005,1.73,7.75
2024-07-05,Balancer,Polygon,9.92,USDT,110640961,1.28,9.76
2024-07-05,Balancer,Base,8.54,USDC,118736244,2.58,8.32
2024-07-05,Balancer,Base,8.08,USDT,123643662,3.73,9.57
2024-07-05,Balancer,Base,10.13,DAI,112857176,3.67,9.82
2024-07-06,Aave,Ethereum,2.67,USDC,261253747,30.48,0
2024-07-06,Aave,Ethereum,3.06,USDT,259737602,26.83,0
2024-07-06,Aave,Ethereum,2.84,DAI,291525516,31.15,0
2024-07-06,Aave,Arbitrum,3.74,USDC,291921013,2.72,8.49
2024-07-06,Aave,Arbitrum,4.28,USDT,281131737,3.4,12.47
2024-07-06,Aave,Arbitrum,3.97,DAI,253538960,2.78,14.29
2024-07-06,Aave,Optimism,3.49,USDC,276809056,2.25,9.16
2024-07-06,Aave,Optimism,3.64,USDT,273553929,2.04,9.37
2024-07-06,Aave,Optimism,3.6,DAI,281911189,1.94,4.93
2024-07-06,Aave,Polygon,3.45,USDC,288552118,0.79,6.75
2024-07-06,Aave,Polygon,3.76,USDT,287286899,1.27,7.37
2024-07-06,Aave,Polygon,3.68,DAI,268685508,0.93,9.06
2024-07-06,Aave,Base,3.32,USDC,293079130,2.06,9.04
2024-07-06,Aave,Base,2.88,USDT,274769707,1.93,9.53
2024-07-06,Aave,Base,3.52,DAI,278379070,2.41,11.51
2024-07-06,Compound,Ethereum,2.93,USDC,194497469,24.13,0
2024-07-06,Compound,Ethereum,2.99,USDT,202842309,26.64,0
2024-07-06,Compound,Ethereum,3.07,DAI,197853137,24.22,0
2024-07-06,Compound,Arbitrum,3.04,USDC,200956326,1.73,14.2
2024-07-06,Compound,Arbitrum,3.59,USDT,207768984,2.77,15.55
2024-07-06,Compound,Arbitrum,3.39,DAI,194313621,2.11,12.48
2024-07-06,Compound,Optimism,3.01,USDC,203496974,1.55,9.86
2024-07-06,Compound,Optimism,3.55,USDT,192890140,1.77,7.17
2024-07-06,Compound,Optimism,3.21,DAI,194601664,2.16,7.78
2024-07-06,Compound,Polygon,3.91,USDC,215559741,0.9,8.9
2024-07-06,Compound,Polygon,3.81,USDT,193648368,1.08,7.58
2024-07-06,Compound,Base,3.63,USDC,210285645,2.49,8.22
2024-07-06,Compound,Base,3.47,USDT,196117635,2.63,10.28
2024-07-06,Compound,Base,3.5,DAI,187833687,1.64,11.99
2024-07-06,Curve,Ethereum,7.65,USDC,339433280,28.34,0
2024-07-06,Curve,Ethereum,8.35,USDT,333333413,24.14,0
2024-07-06,Curve,Ethereum,7.33,DAI,345808667,27.04,0
2024-07-06,Curve,Arbitrum,9.14,USDC,356351086,2.86,13.5
2024-07-06,Curve,Arbitrum,8.97,USDT,358502932,2.24,7.14
2024-07-06,Curve,Arbitrum,8.34,DAI,331262288,1.95,14.47
2024-07-06,Curve,Optimism,9.44,USDT,338745046,1.87,10.97
2024-07-06,Curve,Optimism,7.19,DAI,355485628,1.95,6.55
2024-07-06,Curve,Polygon,9.43,USDT,328702701,0.56,11.67
2024-07-06,Curve,Polygon,8.81,DAI,355688914,0.84,7.3
2024-07-06,Curve,Base,9.86,USDC,351641724,2.33,12.72
2024-07-06,Curve,Base,8.39,USDT,318763171,2.7,9.76
2024-07-06,Curve,Base,8.69,DAI,366519067,2.08,6.45
2024-07-06,Uniswap V3,Ethereum,9.16,USDC,100035760,28.65,0
2024-07-06,Uniswap V3,Ethereum,8.84,USDT,107342487,34.96,0
2024-07-06,Uniswap V3,Ethereum,7.28,DAI,95958426,25.74,0
2024-07-06,Uniswap V3,Arbitrum,10.79,USDC,106313843,3.33,14.55
2024-07-06,Uniswap V3,Arbitrum,9.48,USDT,95073122,2.13,11.44
2024-07-06,Uniswap V3,Arbitrum,7.95,DAI,100759004,2.17,9.05
2024-07-06,Uniswap V3,Optimism,10.02,USDC,101119654,2.25,8.73
2024-07-06,Uniswap V3,Optimism,11.23,USDT,104627222,2.09,10.71
2024-07-06,Uniswap V3,Optimism,9.71,DAI,97904173,2.11,12.24
2024-07-06,Uniswap V3,Polygon,12.53,USDT,106082572,0.88,5.95
2024-07-06,Uniswap V3,Polygon,11.17,DAI,104922994,0.93,7.62
2024-07-06,Uniswap V3,Base,11.83,USDC,104168586,1.97,9.33
2024-07-06,Uniswap V3,Base,10.83,USDT,104427694,2.7,8.08
2024-07-06,Uniswap V3,Base,12.11,DAI,106602174,2.23,8.96
2024-07-06,Yearn,Ethereum,3.81,USDC,138023261,30.1,0
2024-07-06,Yearn,Ethereum,3.74,DAI,130512698,25.67,0
2024-07-06,Yearn,Arbitrum,4.71,USDC,127297676,2.17,12.38
2024-07-06,Yearn,Arbitrum,4.33,USDT,125622756,1.99,7.81
2024-07-06,Yearn,Arbitrum,4.61,DAI,136275116,1.56,12.96
2024-07-06,Yearn,Optimism,4.2,USDC,133051530,1.83,10.52
2024-07-06,Yearn,Optimism,4.21,USDT,128054488,1.93,10.21
2024-07-06,Yearn,Optimism,4.28,DAI,140246984,1.59,10.12
2024-07-06,Yearn,Polygon,4.55,USDC,123220170,1.05,6.46
2024-07-06,Yearn,Polygon,4.95,USDT,123501646,1.01,7.15
2024-07-06,Yearn,Polygon,4.99,DAI,131148263,0.78,8.48
2024-07-06,Yearn,Base,4.7,USDC,129379436,2.26,10.6
2024-07-06,Yearn,Base,4.15,USDT,124705206,1.94,9.78
2024-07-06,Pendle,Ethereum,9.79,USDC,79227134,28.34,0
2024-07-06,Pendle,Ethereum,12.01,USDT,83410683,32.0,0
2024-07-06,Pendle,Ethereum,11.73,DAI,79287963,27.21,0
2024-07-06,Pendle,Arbitrum,15.05,USDT,79940507,2.19,8.12
2024-07-06,Pendle,Arbitrum,14.62,DAI,78927612,2.1,10.84
2024-07-06,Pendle,Optimism,12.13,USDC,79806715,1.94,8.85
2024-07-06,Pendle,Optimism,13.74,USDT,85947561,2.08,8.7
2024-07-06,Pendle,Optimism,12.44,DAI,75966165,2.21,9.86
2024-07-06,Pendle,Base,15.49,USDC,78461510,2.69,8.77
2024-07-06,Pendle,Base,9.57,USDT,85543019,2.33,10.87
2024-07-06,Pendle,Base,14.35,DAI,76992625,2.21,7.9
2024-07-06,Convex,Ethereum,5.09,USDC,161620172,24.84,0
2024-07-06,Convex,Ethereum,5.12,USDT,159291855,26.55,0
2024-07-06,Convex,Ethereum,6.24,DAI,176428394,27.5,0
2024-07-06,Balancer,Ethereum,8.5,USDC,123777903,23.47,0
2024-07-06,Balancer,Ethereum,9.1,USDT,118025785,31.3,0
2024-07-06,Balancer,Ethereum,9.49,DAI,132089862,29.87,0
2024-07-06,Balancer,Arbitrum,9.12,USDC,121630506,1.83,12.61
2024-07-06,Balancer,Arbitrum,10.4,USDT,119590983,2.1,11.45
2024-07-06,Balancer,Arbitrum,9.6,DAI,108072736,2.4,10.33
2024-07-06,Balancer,Optimism,11.05,USDC,114912492,1.95,10.78
2024-07-06,Balancer,Optimism,9.11,USDT,109332266,1.81,8.21
2024-07-06,Balancer,Optimism,8.87,DAI,119146810,1.92,8.52
2024-07-06,Balancer,Polygon,11.27,USDC,126463311,0.75,8.61
2024-07-06,Balancer,Polygon,10.17,USDT,134314591,0.97,8.4
2024-07-06,Balancer,Polygon,6.1,DAI,116272289,1.16,7.64
2024-07-06,Balancer,Base,8.66,USDC,119547571,2.16,12.02
2024-07-06,Balancer,Base,10.65,USDT,120003932,2.33,11.09
2024-07-06,Balancer,Base,11.45,DAI,128481774,2.02,8.94
2024-07-07,Aave,Ethereum,2.77,USDC,297750048,19.48,0
2024-07-07,Aave,Ethereum,3.11,USDT,281363604,29.92,0
2024-07-07,Aave,Ethereum,3.13,DAI,258960167,26.77,0
2024-07-07,Aave,Arbitrum,3.9,USDC,260827879,2.09,14.64
2024-07-07,Aave,Arbitrum,3.39,USDT,274737256,2.86,15.62
2024-07-07,Aave,Arbitrum,3.21,DAI,277208837,2.85,12.63
2024-07-07,Aave,Optimism,3.37,USDC,271559203,1.68,6.56
2024-07-07,Aave,Optimism,3.49,USDT,259584064,2.69,8.05
2024-07-07,Aave,Optimism,3.58,DAI,263762453,1.66,10.32
2024-07-07,Aave,Polygon,3.89,USDC,277376622,1.13,9.0
2024-07-07,Aave,Polygon,3.98,USDT,258412153,1.08,6.54
2024-07-07,Aave,Polygon,3.89,DAI,298848236,0.98,8.5
2024-07-07,Aave,Base,3.47,USDT,271255846,2.24,12.45
2024-07-07,Aave,Base,3.46,DAI,247208758,2.11,11.91
2024-07-07,Compound,Ethereum,2.72,USDC,210035721,24.77,0
2024-07-07,Compound,Ethereum,3.13,DAI,201652214,28.17,0
2024-07-07,Compound,Arbitrum,3.92,USDC,191350573,1.58,15.29
2024-07-07,Compound,Arbitrum,3.46,USDT,199446937,2.11,7.98
2024-07-07,Compound,Arbitrum,3.49,DAI,190566666,2.23,16.61
2024-07-07,Compound,Optimism,3.04,USDC,201168361,2.42,9.97
2024-07-07,Compound,Optimism,3.31,USDT,198688520,1.75,5.63
2024-07-07,Compound,Optimism,3.24,DAI,187062119,1.72,6.24
2024-07-07,Compound,Polygon,3.64,USDC,188569090,1.3,7.93
2024-07-07,Compound,Polygon,3.34,USDT,194523823,1.14,9.58
2024-07-07,Compound,Polygon,3.44,DAI,194930621,0.82,8.08
2024-07-07,Compound,Base,3.47,USDC,189615749,2.32,11.7
2024-07-07,Compound,Base,3.76,DAI,212284091,2.2,6.39
2024-07-07,Curve,Ethereum,7.38,USDC,346599544,24.66,0
2024-07-07,Curve,Ethereum,7.37,USDT,379110967,27.55,0
2024-07-07,Curve,Ethereum,7.17,DAI,345412066,35.59,0
2024-07-07,Curve,Arbitrum,7.02,USDC,342256364,2.66,13.4
2024-07-07,Curve,Arbitrum,8.84,USDT,333831603,2.16,16.72
2024-07-07,Curve,Arbitrum,7.94,DAI,370698780,2.62,15.36
2024-07-07,Curve,Optimism,7.93,USDC,370119552,2.1,8.73
2024-07-07,Curve,Optimism,8.59,USDT,358364643,2.38,13.27
2024-07-07,Curve,Optimism,9.02,DAI,334891259,2.16,10.52
2024-07-07,Curve,Polygon,10.91,USDC,387533468,0.91,10.02
2024-07-07,Curve,Polygon,8.53,USDT,359402446,1.01,7.45
2024-07-07,Curve,Polygon,11.31,DAI,340200792,0.62,8.15
2024-07-07,Curve,Base,10.94,USDC,323751621,2.75,8.39
2024-07-07,Curve,Base,8.05,USDT,341414065,1.73,10.28
2024-07-07,Curve,Base,8.43,DAI,409993639,1.97,14.0
2024-07-07,Uniswap V3,Ethereum,8.01,USDT,98034041,30.82,0
2024-07-07,Uniswap V3,Ethereum,7.89,DAI,98154833,27.96,0
2024-07-07,Uniswap V3,Arbitrum,11.59,USDC,104253770,1.75,13.56
2024-07-07,Uniswap V3,Arbitrum,6.49,USDT,103971022,2.51,15.06
2024-07-07,Uniswap V3,Optimism,9.66,USDC,102988186,1.58,9.09
2024-07-07,Uniswap V3,Optimism,9.11,USDT,104212713,2.26,8.25
2024-07-07,Uniswap V3,Optimism,7.07,DAI,107102784,1.21,6.65
2024-07-07,Uniswap V3,Polygon,12.4,USDC,109898328,1.02,9.59
2024-07-07,Uniswap V3,Polygon,11.25,USDT,109884620,1.1,9.66
2024-07-07,Uniswap V3,Polygon,11.13,DAI,90764979,0.9,9.54
2024-07-07,Uniswap V3,Base,9.77,USDC,102796882,1.89,9.22
2024-07-07,Uniswap V3,Base,11.64,USDT,105715953,2.26,10.65
2024-07-07,Uniswap V3,Base,9.33,DAI,110805558,2.26,11.24
2024-07-07,Yearn,Ethereum,3.72,USDC,130411303,21.71,0
2024-07-07,Yearn,Ethereum,3.87,DAI,144114858,27.07,0
2024-07-07,Yearn,Arbitrum,4.84,USDC,139673145,2.44,12.25
2024-07-07,Yearn,Arbitrum,4.48,USDT,137543045,1.67,14.35
2024-07-07,Yearn,Arbitrum,5.06,DAI,131974134,2.87,7.43
2024-07-07,Yearn,Optimism,4.09,USDC,139622380,1.69,7.89
2024-07-07,Yearn,Optimism,4.47,USDT,133376229,2.15,12.21
2024-07-07,Yearn,Optimism,4.58,DAI,126285245,1.71,9.29
2024-07-07,Yearn,Polygon,4.99,USDC,135134802,0.91,8.88
2024-07-07,Yearn,Polygon,4.73,USDT,127448489,0.88,6.76
2024-07-07,Yearn,Polygon,4.83,DAI,133853806,0.85,6.72
2024-07-07,Yearn,Base,4.96,USDT,139329174,2.21,9.43
2024-07-07,Yearn,Base,4.61,DAI,128801645,1.96,10.89
2024-07-07,Pendle,Ethereum,14.12,USDC,82732309,21.25,0
2024-07-07,Pendle,Ethereum,10.64,USDT,81982384,30.91,0
2024-07-07,Pendle,Ethereum,14.46,DAI,84596003,29.74,0
2024-07-07,Pendle,Arbitrum,14.98,USDC,80714385,2.06,10.12
2024-07-07,Pendle,Arbitrum,15.02,USDT,79852834,1.92,13.12
2024-07-07,Pendle,Arbitrum,15.42,DAI,83613729,2.65,9.98
2024-07-07,Pendle,Optimism,12.86,USDC,85898126,1.83,7.5
2024-07-07,Pendle,Optimism,13.43,USDT,85954347,1.24,6.92
2024-07-07,Pendle,Optimism,12.84,DAI,79229580,2.0,8.05
2024-07-07,Pendle,Base,14.55,USDC,79135305,1.89,11.55
2024-07-07,Pendle,Base,15.96,USDT,87529390,2.59,9.88
2024-07-07,Pendle,Base,13.6,DAI,90498155,2.32,8.46
2024-07-07,Convex,Ethereum,5.11,USDC,169775406,25.87,0
2024-07-07,Convex,Ethereum,4.85,USDT,178176618,34.81,0
2024-07-07,Convex,Ethereum,5.17,DAI,162178042,37.54,0
2024-07-07,Balancer,Ethereum,8.82,USDC,121309805,26.45,0
2024-07-07,Balancer,Ethereum,7.34,USDT,124295486,25.54,0
2024-07-07,Balancer,Ethereum,9.52,DAI,119203694,30.36,0
2024-07-07,Balancer,Arbitrum,10.87,USDC,126891117,2.14,11.81
2024-07-07,Balancer,Arbitrum,9.41,USDT,116240120,2.79,9.81
2024-07-07,Balancer,Arbitrum,9.28,DAI,112912399,2.39,10.7
2024-07-07,Balancer,Optimism,8.65,USDC,129187422,1.92,9.55
2024-07-07,Balancer,Optimism,9.27,USDT,123370058,2.48,9.87
2024-07-07,Balancer,Optimism,8.43,DAI,120599722,2.62,8.4
2024-07-07,Balancer,Polygon,10.55,USDC,113115441,0.75,8.3
2024-07-07,Balancer,Polygon,10.37,USDT,119236993,1.03,8.14
2024-07-07,Balancer,Polygon,10.6,DAI,119807502,0.98,9.42
2024-07-07,Balancer,Base,7.74,USDT,115864025,2.57,11.17
2024-07-07,Balancer,Base,9.56,DAI,122038136,2.45,7.06
2024-07-08,Aave,Ethereum,3.39,USDC,270849033,42.75,0
2024-07-08,Aave,Ethereum,3.08,USDT,273689958,44.85,0
2024-07-08,Aave,Ethereum,2.98,DAI,257480292,38.24,0
2024-07-08,Aave,Arbitrum,3.87,USDC,272181649,3.92,10.58
2024-07-08,Aave,Arbitrum,3.8,USDT,283759827,2.31,14.05
2024-07-08,Aave,Arbitrum,3.79,DAI,274903268,3.29,16.02
2024-07-08,Aave,Optimism,3.57,USDT,307845288,3.4,8.97
2024-07-08,Aave,Optimism,3.96,DAI,269173293,4.32,10.18
2024-07-08,Aave,Polygon,3.93,USDC,283407006,1.45,8.08
2024-07-08,Aave,Polygon,4.16,USDT,286881546,1.9,9.13
2024-07-08,Aave,Polygon,3.98,DAI,272485758,1.15,9.6
2024-07-08,Aave,Base,4.05,USDC,261773157,2.97,6.29
2024-07-08,Aave,Base,3.51,USDT,302675343,2.53,7.11
2024-07-08,Aave,Base,3.79,DAI,270411268,3.51,12.54
2024-07-08,Compound,Ethereum,2.87,USDC,208711790,42.48,0
2024-07-08,Compound,Ethereum,3.07,USDT,198215205,36.12,0
2024-07-08,Compound,Ethereum,3.0,DAI,219621166,46.52,0
2024-07-08,Compound,Arbitrum,3.68,USDC,202905188,2.63,11.93
2024-07-08,Compound,Arbitrum,3.63,USDT,188564976,3.79,12.28
2024-07-08,Compound,Arbitrum,3.74,DAI,206751488,3.08,14.56
2024-07-08,Compound,Optimism,3.27,USDC,213193148,3.1,7.04
2024-07-08,Compound,Optimism,3.57,USDT,202410343,3.09,9.31
2024-07-08,Compound,Optimism,3.58,DAI,195066226,2.27,13.33
2024-07-08,Compound,Polygon,3.74,USDC,197331058,1.62,9.14
2024-07-08,Compound,Polygon,3.72,USDT,210996435,1.82,8.61
2024-07-08,Compound,Polygon,3.86,DAI,192261872,1.3,6.96
2024-07-08,Compound,Base,3.03,USDC,202137061,2.04,12.58
2024-07-08,Compound,Base,3.92,USDT,204387698,3.28,12.34
2024-07-08,Compound,Base,3.77,DAI,199350231,3.8,9.93
2024-07-08,Curve,Ethereum,8.74,USDT,370427651,44.89,0
2024-07-08,Curve,Ethereum,6.9,DAI,355860822,44.91,0
2024-07-08,Curve,Arbitrum,9.39,USDC,349498775,3.51,14.92
2024-07-08,Curve,Arbitrum,10.58,USDT,364310846,2.74,12.07
2024-07-08,Curve,Arbitrum,9.78,DAI,327636202,3.74,10.81
2024-07-08,Curve,Optimism,8.97,USDC,375465489,2.99,8.44
2024-07-08,Curve,Optimism,8.61,USDT,358791022,2.52,7.2
2024-07-08,Curve,Optimism,10.54,DAI,337822070,2.87,8.04
2024-07-08,Curve,Polygon,12.24,USDT,370469567,1.36,7.93
2024-07-08,Curve,Polygon,12.65,DAI,346087591,1.26,8.91
2024-07-08,Curve,Base,9.16,USDT,338149857,3.9,11.64
2024-07-08,Curve,Base,11.17,DAI,374822533,4.07,9.89
2024-07-08,Uniswap V3,Ethereum,6.58,USDC,112736114,37.45,0
2024-07-08,Uniswap V3,Ethereum,7.89,DAI,104251262,57.11,0
2024-07-08,Uniswap V3,Arbitrum,10.44,USDC,105901274,3.88,7.43
2024-07-08,Uniswap V3,Arbitrum,10.51,USDT,116627114,3.71,14.07
2024-07-08,Uniswap V3,Arbitrum,10.68,DAI,107911933,2.89,15.06
2024-07-08,Uniswap V3,Optimism,10.17,USDC,104054309,3.81,12.08
2024-07-08,Uniswap V3,Optimism,11.38,DAI,110218892,2.17,8.61
2024-07-08,Uniswap V3,Polygon,9.9,USDC,113352341,1.82,6.91
2024-07-08,Uniswap V3,Polygon,10.9,USDT,108739586,1.58,8.03
2024-07-08,Uniswap V3,Polygon,13.74,DAI,105174912,1.87,6.88
2024-07-08,Uniswap V3,Base,9.66,USDC,106778189,3.07,10.09
2024-07-08,Uniswap V3,Base,10.96,USDT,117166971,3.64,11.01
2024-07-08,Uniswap V3,Base,9.14,DAI,107322690,3.24,10.02
2024-07-08,Yearn,Ethereum,3.69,USDC,131523386,37.44,0
2024-07-08,Yearn,Ethereum,3.88,USDT,135106986,45.75,0
2024-07-08,Yearn,Ethereum,3.6,DAI,142181218,37.25,0
2024-07-08,Yearn,Arbitrum,5.13,USDC,135321335,3.97,12.81
2024-07-08,Yearn,Arbitrum,4.68,USDT,137478220,3.54,14.46
2024-07-08,Yearn,Arbitrum,5.03,DAI,132792073,3.77,12.61
2024-07-08,Yearn,Optimism,4.71,USDC,139819265,3.2,13.85
2024-07-08,Yearn,Optimism,4.48,USDT,131080092,3.22,10.73
2024-07-08,Yearn,Optimism,4.59,DAI,136646447,2.55,6.52
2024-07-08,Yearn,Polygon,4.58,USDC,125443855,2.17,6.26
2024-07-08,Yearn,Polygon,5.65,USDT,136045212,1.55,10.88
2024-07-08,Yearn,Polygon,4.83,DAI,138732657,1.05,8.91
2024-07-08,Yearn,Base,4.87,USDC,130183008,3.76,12.8
2024-07-08,Yearn,Base,4.61,USDT,135747353,3.38,8.16
2024-07-08,Yearn,Base,4.82,DAI,129422285,3.15,11.27
2024-07-08,Pendle,Ethereum,9.58,USDC,80923294,30.51,0
2024-07-08,Pendle,Ethereum,10.79,USDT,80661130,53.21,0
2024-07-08,Pendle,Ethereum,11.39,DAI,83912358,56.2,0
2024-07-08,Pendle,Arbitrum,15.5,USDT,82545045,3.55,12.21
2024-07-08,Pendle,Arbitrum,13.63,DAI,83769945,3.07,17.89
2024-07-08,Pendle,Optimism,15.27,USDC,86443710,3.13,8.18
2024-07-08,Pendle,Optimism,12.28,USDT,90375075,2.39,10.95
2024-07-08,Pendle,Optimism,11.99,DAI,80841498,2.35,8.83
2024-07-08,Pendle,Base,13.87,USDC,83807922,2.7,12.04
2024-07-08,Pendle,Base,13.48,USDT,86842027,3.68,11.36
2024-07-08,Pendle,Base,13.24,DAI,85602821,3.71,12.18
2024-07-08,Convex,Ethereum,4.97,USDC,166736389,38.86,0
2024-07-08,Convex,Ethereum,5.94,USDT,180353178,29.77,0
2024-07-08,Convex,Ethereum,5.42,DAI,165938474,58.54,0
2024-07-08,Balancer,Ethereum,9.29,USDC,125838933,29.07,0
2024-07-08,Balancer,Ethereum,8.68,USDT,130472290,42.44,0
2024-07-08,Balancer,Ethereum,8.68,DAI,119425993,46.79,0
2024-07-08,Balancer,Arbitrum,10.05,USDC,125340541,3.28,11.27
2024-07-08,Balancer,Arbitrum,9.82,USDT,117425176,3.47,11.8
2024-07-08,Balancer,Arbitrum,9.03,DAI,117245139,4.1,8.66
2024-07-08,Balancer,Optimism,10.95,USDC,118955050,3.19,9.9
2024-07-08,Balancer,Optimism,9.06,USDT,129653207,2.72,10.58
2024-07-08,Balancer,Optimism,8.83,DAI,119794011,2.57,7.75
2024-07-08,Balancer,Polygon,8.01,USDC,114896634,1.25,8.07
2024-07-08,Balancer,Polygon,12.03,USDT,115076776,1.31,6.79
2024-07-08,Balancer,Polygon,10.82,DAI,124528012,1.32,7.29
2024-07-08,Balancer,Base,7.61,USDC,127576443,3.7,11.35
2024-07-08,Balancer,Base,9.56,USDT,115129381,3.11,9.78
2024-07-08,Balancer,Base,9.08,DAI,126740412,2.97,12.84
2024-07-09,Aave,Ethereum,2.83,USDC,288763236,44.22,0
2024-07-09,Aave,Ethereum,3.43,USDT,278344923,35.19,0
2024-07-09,Aave,Ethereum,3.31,DAI,278893646,35.18,0
2024-07-09,Aave,Arbitrum,3.63,USDC,294060062,3.35,15.24
2024-07-09,Aave,Arbitrum,3.82,USDT,293266890,2.24,14.13
2024-07-09,Aave,Optimism,3.47,USDC,279278239,2.77,7.67
2024-07-09,Aave,Optimism,3.38,USDT,287009203,1.67,10.52
2024-07-09,Aave,Optimism,4.08,DAI,270650043,2.78,8.41
2024-07-09,Aave,Polygon,4.48,USDC,288197106,1.64,10.45
2024-07-09,Aave,Polygon,3.7,USDT,290806548,1.3,6.43
2024-07-09,Aave,Polygon,4.34,DAI,303381278,1.47,8.53
2024-07-09,Aave,Base,3.81,USDC,280721411,3.94,12.01
2024-07-09,Aave,Base,3.49,USDT,266200566,2.99,13.45
2024-07-09,Aave,Base,3.36,DAI,292119868,3.45,8.26
2024-07-09,Compound,Ethereum,3.08,USDC,182583500,40.42,0
2024-07-09,Compound,Ethereum,3.14,USDT,210773640,32.33,0
2024-07-09,Compound,Ethereum,3.14,DAI,208996679,40.01,0
2024-07-09,Compound,Arbitrum,3.72,USDC,201294106,3.15,10.43
2024-07-09,Compound,Arbitrum,3.49,USDT,191271506,3.24,10.63
2024-07-09,Compound,Arbitrum,3.65,DAI,207097678,4.19,6.47
2024-07-09,Compound,Optimism,3.66,USDC,189149999,2.81,8.75
2024-07-09,Compound,Optimism,3.66,USDT,206740238,3.98,6.9
2024-07-09,Compound,Optimism,3.45,DAI,195092196,1.75,11.47
2024-07-09,Compound,Polygon,3.97,USDT,210830505,1.56,8.29
2024-07-09,Compound,Polygon,3.93,DAI,197786400,1.69,7.39
2024-07-09,Compound,Base,4.09,USDC,199814136,2.92,10.58
2024-07-09,Compound,Base,3.74,DAI,192791342,3.64,5.49
2024-07-09,Curve,Ethereum,9.49,USDC,351422994,33.45,0
2024-07-09,Curve,Ethereum,7.28,USDT,364555053,43.55,0
2024-07-09,Curve,Ethereum,7.89,DAI,349480337,28.35,0
2024-07-09,Curve,Arbitrum,8.26,USDC,366818109,2.52,12.41
2024-07-09,Curve,Arbitrum,11.55,USDT,346923068,3.01,11.03
2024-07-09,Curve,Arbitrum,10.66,DAI,363900547,3.26,6.58
2024-07-09,Curve,Optimism,11.09,USDC,358286511,2.99,11.49
2024-07-09,Curve,Optimism,7.78,USDT,347372498,3.24,8.3
2024-07-09,Curve,Polygon,8.63,USDC,366988268,1.1,6.72
2024-07-09,Curve,Polygon,11.99,USDT,356309321,1.43,6.89
2024-07-09,Curve,Base,8.39,USDC,363640261,3.05,10.93
2024-07-09,Curve,Base,9.56,USDT,363501918,2.69,13.55
2024-07-09,Curve,Base,8.68,DAI,369428678,3.98,13.44
2024-07-09,Uniswap V3,Ethereum,11.65,USDC,114582937,35.69,0
2024-07-09,Uniswap V3,Ethereum,6.53,USDT,105506249,51.3,0
2024-07-09,Uniswap V3,Ethereum,9.33,DAI,104453971,46.03,0
2024-07-09,Uniswap V3,Arbitrum,7.96,USDC,101983881,4.71,9.48
2024-07-09,Uniswap V3,Arbitrum,12.11,USDT,105167361,4.23,14.22
2024-07-09,Uniswap V3,Arbitrum,10.31,DAI,107951992,3.08,17.11
2024-07-09,Uniswap V3,Optimism,8.97,USDC,112802125,3.49,8.35
2024-07-09,Uniswap V3,Optimism,12.47,USDT,101749080,2.95,8.97
2024-07-09,Uniswap V3,Optimism,10.99,DAI,112223282,2.16,9.51
2024-07-09,Uniswap V3,Polygon,10.32,USDC,110971508,1.77,10.88
2024-07-09,Uniswap V3,Polygon,14.32,USDT,110437074,1.45,8.44
2024-07-09,Uniswap V3,Polygon,11.58,DAI,103007735,1.35,5.48
2024-07-09,Uniswap V3,Base,10.73,USDC,102281633,2.91,11.29
2024-07-09,Uniswap V3,Base,13.6,USDT,117237609,4.15,5.83
2024-07-09,Uniswap V3,Base,10.2,DAI,106890839,3.67,10.33
2024-07-09,Yearn,Ethereum,4.27,USDC,120980633,33.04,0
2024-07-09,Yearn,Ethereum,3.69,USDT,138822940,40.32,0
2024-07-09,Yearn,Ethereum,3.89,DAI,132248119,48.97,0
2024-07-09,Yearn,Arbitrum,4.47,USDC,131222180,3.49,10.26
2024-07-09,Yearn,Arbitrum,5.05,USDT,131017228,2.39,12.94
2024-07-09,Yearn,Arbitrum,4.97,DAI,128900262,3.03,14.53
2024-07-09,Yearn,Optimism,4.67,USDC,138688299,3.6,6.2
2024-07-09,Yearn,Optimism,5.07,USDT,130493925,2.94,13.13
2024-07-09,Yearn,Polygon,4.67,USDC,147413299,1.18,6.93
2024-07-09,Yearn,Polygon,5.03,DAI,133775059,1.34,9.16
2024-07-09,Yearn,Base,4.43,USDC,135476794,3.16,10.16
2024-07-09,Yearn,Base,5.15,USDT,140748035,3.11,9.6
2024-07-09,Pendle,Ethereum,8.54,USDC,78656662,50.46,0
2024-07-09,Pendle,Ethereum,9.79,USDT,77688213,52.35,0
2024-07-09,Pendle,Ethereum,12.06,DAI,90645345,36.0,0
2024-07-09,Pendle,Arbitrum,14.95,USDC,82080916,4.93,13.98
2024-07-09,Pendle,Arbitrum,14.97,USDT,93231757,3.85,14.52
2024-07-09,Pendle,Arbitrum,12.91,DAI,82287429,4.54,10.84
2024-07-09,Pendle,Optimism,12.06,USDC,83022658,3.06,10.0
2024-07-09,Pendle,Optimism,11.33,USDT,81282582,2.5,7.58
2024-07-09,Pendle,Optimism,11.94,DAI,90447070,2.96,9.58
2024-07-09,Pendle,Base,11.8,USDC,78579438,3.6,10.05
2024-07-09,Pendle,Base,15.72,USDT,89701425,3.28,7.53
2024-07-09,Pendle,Base,15.25,DAI,80612087,2.59,9.85
2024-07-09,Convex,Ethereum,6.21,USDC,180854237,49.52,0
2024-07-09,Convex,Ethereum,5.12,USDT,167636428,40.74,0
2024-07-09,Convex,Ethereum,5.2,DAI,158062775,40.75,0
2024-07-09,Balancer,Ethereum,7.45,USDC,119388392,37.19,0
2024-07-09,Balancer,Ethereum,8.13,USDT,116470126,33.45,0
2024-07-09,Balancer,Ethereum,9.54,DAI,124422992,38.62,0
2024-07-09,Balancer,Arbitrum,11.64,USDC,123152714,4.6,15.05
2024-07-09,Balancer,Arbitrum,9.69,USDT,119773183,2.63,13.43
2024-07-09,Balancer,Arbitrum,10.23,DAI,120541733,4.19,9.54
2024-07-09,Balancer,Optimism,9.88,USDC,117011816,3.08,7.13
2024-07-09,Balancer,Optimism,10.33,USDT,117512198,2.6,7.41
2024-07-09,Balancer,Optimism,9.22,DAI,119336876,2.8,7.92
2024-07-09,Balancer,Polygon,10.52,USDT,125166611,1.09,9.05
2024-07-09,Balancer,Polygon,10.93,DAI,129842767,1.36,9.56
2024-07-09,Balancer,Base,8.08,USDC,129184552,2.87,6.36
2024-07-09,Balancer,Base,10.21,USDT,128782270,3.4,8.19
2024-07-09,Balancer,Base,10.34,DAI,116869950,2.63,12.99
2024-07-10,Aave,Ethereum,3.28,USDC,265443387,37.17,0
2024-07-10,Aave,Ethereum,3.4,DAI,282341129,40.4,0
2024-07-10,Aave,Arbitrum,3.85,USDC,285153148,2.15,9.94
2024-07-10,Aave,Arbitrum,4.22,USDT,271079292,4.01,13.83
2024-07-10,Aave,Arbitrum,4.17,DAI,289834301,3.87,14.64
2024-07-10,Aave,Optimism,4.05,USDC,292200529,2.95,10.59
2024-07-10,Aave,Optimism,4.09,USDT,258514236,3.34,6.18
2024-07-10,Aave,Optimism,3.97,DAI,288030090,3.1,6.59
2024-07-10,Aave,Polygon,4.09,USDC,274259535,1.58,7.29
2024-07-10,Aave,Polygon,4.69,USDT,279527125,1.32,6.91
2024-07-10,Aave,Polygon,4.68,DAI,272456104,1.17,9.78
2024-07-10,Aave,Base,4.34,USDC,294008231,3.31,10.43
2024-07-10,Aave,Base,3.74,USDT,265127991,3.91,10.53
2024-07-10,Aave,Base,3.54,DAI,282769946,3.57,7.55
2024-07-10,Compound,Ethereum,3.06,USDC,201684729,46.2,0
2024-07-10,Compound,Ethereum,3.04,USDT,214833919,53.2,0
2024-07-10,Compound,Ethereum,2.8,DAI,204767610,36.51,0
2024-07-10,Compound,Arbitrum,3.46,USDC,215908113,4.69,8.97
2024-07-10,Compound,Arbitrum,3.68,USDT,187983554,3.09,13.5
2024-07-10,Compound,Arbitrum,3.86,DAI,192465448,3.28,14.27
2024-07-10,Compound,Optimism,3.63,USDC,196998946,3.18,8.52
2024-07-10,Compound,Optimism,4.05,USDT,186728170,3.25,10.46
2024-07-10,Compound,Optimism,3.95,DAI,184031776,3.09,11.31
2024-07-10,Compound,Polygon,4.14,USDT,183540528,1.76,10.99
2024-07-10,Compound,Polygon,3.58,DAI,208144342,0.7,9.48
2024-07-10,Compound,Base,3.48,USDC,196486063,3.43,14.78
2024-07-10,Compound,Base,3.41,USDT,218089463,4.1,12.26
2024-07-10,Compound,Base,3.51,DAI,202354576,3.19,11.95
2024-07-10,Curve,Ethereum,8.08,USDC,354742455,34.87,0
2024-07-10,Curve,Ethereum,7.81,USDT,331586017,47.75,0
2024-07-10,Curve,Ethereum,7.66,DAI,360497422,53.79,0
2024-07-10,Curve,Arbitrum,8.25,USDC,363112509,4.19,10.1
2024-07-10,Curve,Arbitrum,8.88,DAI,363615485,3.36,12.34
2024-07-10,Curve,Optimism,10.33,USDC,388260835,3.24,12.19
2024-07-10,Curve,Optimism,10.35,USDT,347132410,3.17,10.01
2024-07-10,Curve,Optimism,10.58,DAI,394429286,2.62,7.24
2024-07-10,Curve,Polygon,10.12,USDC,343554986,1.35,6.97
2024-07-10,Curve,Polygon,11.75,USDT,391269624,1.6,9.15
2024-07-10,Curve,Polygon,11.26,DAI,370587797,1.3,11.5
2024-07-10,Curve,Base,9.2,USDT,350050696,2.64,6.19
2024-07-10,Curve,Base,9.77,DAI,367920988,2.82,12.17
2024-07-10,Uniswap V3,Ethereum,10.26,USDC,104385855,47.19,0
2024-07-10,Uniswap V3,Ethereum,9.36,USDT,109492215,53.29,0
2024-07-10,Uniswap V3,Ethereum,10.06,DAI,107971039,44.93,0
2024-07-10,Uniswap V3,Arbitrum,10.08,USDC,109027330,3.37,10.01
2024-07-10,Uniswap V3,Arbitrum,12.06,USDT,103066921,3.94,11.43
2024-07-10,Uniswap V3,Arbitrum,9.25,DAI,110376005,4.5,11.05
2024-07-10,Uniswap V3,Optimism,10.01,USDC,108128796,2.86,10.41
2024-07-10,Uniswap V3,Optimism,10.16,DAI,105300579,3.08,7.37
2024-07-10,Uniswap V3,Polygon,10.69,USDC,103574847,1.09,6.65
2024-07-10,Uniswap V3,Polygon,10.7,USDT,99259977,2.14,7.83
2024-07-10,Uniswap V3,Polygon,11.61,DAI,111164737,0.98,6.27
2024-07-10,Uniswap V3,Base,11.3,USDC,98903759,2.98,11.15
2024-07-10,Uniswap V3,Base,11.77,USDT,113444420,3.23,7.8
2024-07-10,Uniswap V3,Base,9.54,DAI,103870767,3.12,7.87
2024-07-10,Yearn,Ethereum,3.89,USDC,133333757,40.43,0
2024-07-10,Yearn,Ethereum,3.89,USDT,138344006,33.55,0
2024-07-10,Yearn,Ethereum,4.04,DAI,125742717,34.82,0
2024-07-10,Yearn,Arbitrum,5.07,USDC,132826859,3.26,13.33
2024-07-10,Yearn,Arbitrum,4.66,USDT,129514623,3.41,15.59
2024-07-10,Yearn,Arbitrum,5.01,DAI,136540844,3.46,14.16
2024-07-10,Yearn,Optimism,4.87,USDC,129588163,3.07,8.52
2024-07-10,Yearn,Optimism,4.51,USDT,137507122,3.08,9.78
2024-07-10,Yearn,Optimism,4.39,DAI,133336489,2.26,9.2
2024-07-10,Yearn,Polygon,5.32,USDC,138093367,1.21,9.34
2024-07-10,Yearn,Polygon,4.98,USDT,138835727,1.22,10.61
2024-07-10,Yearn,Polygon,4.64,DAI,139850039,1.74,5.58
2024-07-10,Yearn,Base,5.37,USDC,135753497,3.14,7.59
2024-07-10,Yearn,Base,5.06,USDT,127152165,3.07,13.63
2024-07-10,Yearn,Base,5.18,DAI,132628087,3.07,10.23
2024-07-10,Pendle,Ethereum,12.21,USDC,81551933,36.32,0
2024-07-10,Pendle,Ethereum,10.51,USDT,84375472,41.73,0
2024-07-10,Pendle,Ethereum,10.05,DAI,89617174,38.66,0
2024-07-10,Pendle,Arbitrum,16.13,USDC,78863344,3.44,12.59
2024-07-10,Pendle,Arbitrum,14.51,USDT,88665035,4.25,12.53
2024-07-10,Pendle,Arbitrum,15.46,DAI,79925826,3.87,12.03
2024-07-10,Pendle,Optimism,12.72,USDC,87312955,3.15,9.77
2024-07-10,Pendle,Optimism,12.8,USDT,85718452,2.63,10.72
2024-07-10,Pendle,Optimism,10.43,DAI,90279861,3.78,9.0
2024-07-10,Pendle,Base,9.45,USDC,90090802,3.35,14.8
2024-07-10,Pendle,Base,14.82,USDT,76173881,2.88,11.36
2024-07-10,Pendle,Base,12.0,DAI,89344083,3.9,9.79
2024-07-10,Convex,Ethereum,5.83,USDC,163271723,54.19,0
2024-07-10,Convex,Ethereum,5.45,USDT,160222582,35.31,0
2024-07-10,Convex,Ethereum,6.24,DAI,166118893,43.45,0
2024-07-10,Balancer,Ethereum,8.67,USDC,131356718,39.91,0
2024-07-10,Balancer,Ethereum,9.17,USDT,120361835,44.81,0
2024-07-10,Balancer,Ethereum,8.69,DAI,129177365,44.77,0
2024-07-10,Balancer,Arbitrum,9.41,USDT,133786802,2.52,8.38
2024-07-10,Balancer,Optimism,8.54,USDC,131460534,3.44,6.57
2024-07-10,Balancer,Optimism,8.63,USDT,117632232,2.31,11.76
2024-07-10,Balancer,Optimism,9.99,DAI,123819650,3.24,6.03
2024-07-10,Balancer,Polygon,12.96,USDC,128892826,1.43,5.17
2024-07-10,Balancer,Polygon,9.3,DAI,114667839,1.67,11.14
2024-07-10,Balancer,Base,10.31,USDC,122045558,3.49,10.83
2024-07-10,Balancer,Base,12.21,USDT,120530062,3.39,7.05
2024-07-10,Balancer,Base,9.9,DAI,130613877,3.08,11.06
2024-07-11,Aave,Ethereum,3.56,USDC,282498953,46.58,0
2024-07-11,Aave,Ethereum,3.21,USDT,266384417,40.83,0
2024-07-11,Aave,Ethereum,2.77,DAI,282076449,29.97,0
2024-07-11,Aave,Arbitrum,3.54,USDT,278570934,3.2,13.4
2024-07-11,Aave,Arbitrum,4.01,DAI,262931190,4.79,10.48
2024-07-11,Aave,Optimism,3.9,USDC,269376964,3.19,8.17
2024-07-11,Aave,Optimism,3.84,USDT,265094297,2.57,10.27
2024-07-11,Aave,Optimism,3.58,DAI,262834947,2.37,7.8
2024-07-11,Aave,Polygon,3.81,USDC,265134149,0.92,11.61
2024-07-11,Aave,Polygon,3.55,USDT,272500624,1.56,5.84
2024-07-11,Aave,Polygon,4.24,DAI,273089283,1.39,7.78
2024-07-11,Aave,Base,3.66,USDC,284748155,4.55,7.67
2024-07-11,Aave,Base,3.52,USDT,270674462,2.52,7.8
2024-07-11,Aave,Base,4.28,DAI,281822432,2.96,11.96
2024-07-11,Compound,Ethereum,2.94,USDC,196487761,43.47,0
2024-07-11,Compound,Ethereum,3.03,USDT,192256881,47.54,0
2024-07-11,Compound,Ethereum,2.92,DAI,217322155,50.32,0
2024-07-11,Compound,Arbitrum,3.67,USDC,203769292,3.02,10.38
2024-07-11,Compound,Arbitrum,4.03,USDT,193463223,3.98,11.46
2024-07-11,Compound,Arbitrum,3.68,DAI,195254343,4.42,9.32
2024-07-11,Compound,Optimism,3.55,USDT,176461773,2.77,8.46
2024-07-11,Compound,Optimism,3.56,DAI,207343819,2.66,11.79
2024-07-11,Compound,Polygon,3.66,USDC,197641861,1.62,9.94
2024-07-11,Compound,Polygon,3.98,USDT,191047081,1.09,7.72
2024-07-11,Compound,Polygon,3.83,DAI,190505156,1.1,7.17
2024-07-11,Compound,Base,4.05,USDC,191609046,2.95,11.6
2024-07-11,Compound,Base,3.5,USDT,214713164,2.93,11.43
2024-07-11,Curve,Ethereum,6.4,USDC,377444728,34.72,0
2024-07-11,Curve,Ethereum,7.53,DAI,353751336,51.16,0
2024-07-11,Curve,Arbitrum,9.05,USDC,379762959,2.07,15.56
2024-07-11,Curve,Arbitrum,8.97,USDT,356390528,2.92,10.66
2024-07-11,Curve,Optimism,11.08,USDC,374433373,3.28,10.11
2024-07-11,Curve,Optimism,9.58,USDT,369258361,2.83,5.79
2024-07-11,Curve,Optimism,8.81,DAI,359324063,3.07,8.74
2024-07-11,Curve,Polygon,9.5,USDC,353502661,1.66,8.09
2024-07-11,Curve,Polygon,8.58,USDT,346124939,1.68,10.09
2024-07-11,Curve,Polygon,11.36,DAI,346085359,1.61,8.93
2024-07-11,Curve,Base,10.01,USDC,344234936,2.58,11.6
2024-07-11,Curve,Base,11.16,USDT,341160986,3.34,9.22
2024-07-11,Curve,Base,8.81,DAI,357086320,2.86,11.35
2024-07-11,Uniswap V3,Ethereum,7.59,USDC,105459266,47.67,0
2024-07-11,Uniswap V3,Arbitrum,9.52,USDC,104576380,3.9,10.6
2024-07-11,Uniswap V3,Arbitrum,10.91,USDT,106954856,3.08,9.64
2024-07-11,Uniswap V3,Arbitrum,10.52,DAI,104907784,4.88,16.91
2024-07-11,Uniswap V3,Optimism,8.29,USDC,97063766,3.49,9.1
2024-07-11,Uniswap V3,Optimism,9.72,USDT,102769589,2.66,11.36
2024-07-11,Uniswap V3,Optimism,8.18,DAI,100803847,3.25,8.35
2024-07-11,Uniswap V3,Polygon,10.91,USDC,102910275,1.51,8.16
2024-07-11,Uniswap V3,Polygon,11.22,USDT,96713894,1.46,7.28
2024-07-11,Uniswap V3,Polygon,10.62,DAI,114648997,1.34,6.67
2024-07-11,Uniswap V3,Base,12.65,USDC,96542138,3.22,8.22
2024-07-11,Uniswap V3,Base,10.27,DAI,100673620,3.29,8.19
2024-07-11,Yearn,Ethereum,3.67,USDC,126016784,26.59,0
2024-07-11,Yearn,Ethereum,3.77,USDT,134062173,35.37,0
2024-07-11,Yearn,Ethereum,4.43,DAI,128579079,47.34,0
2024-07-11,Yearn,Arbitrum,4.95,USDT,145030648,3.87,15.47
2024-07-11,Yearn,Arbitrum,5.16,DAI,130010300,4.25,8.81
2024-07-11,Yearn,Optimism,5.38,USDC,135901717,3.27,9.2
2024-07-11,Yearn,Optimism,4.93,USDT,130603618,2.6,8.47
2024-07-11,Yearn,Polygon,5.41,USDT,128216991,1.47,7.83
2024-07-11,Yearn,Polygon,5.39,DAI,128342836,0.89,7.39
2024-07-11,Yearn,Base,4.87,USDC,128566454,3.33,8.41
2024-07-11,Yearn,Base,5.05,USDT,140695806,3.14,8.57
2024-07-11,Yearn,Base,5.17,DAI,127283153,2.85,8.08
2024-07-11,Pendle,Ethereum,12.89,USDC,83041830,37.73,0
2024-07-11,Pendle,Ethereum,11.06,USDT,79149198,48.33,0
2024-07-11,Pendle,Ethereum,11.73,DAI,82184495,37.3,0
2024-07-11,Pendle,Arbitrum,11.39,USDC,80485793,4.42,14.91
2024-07-11,Pendle,Arbitrum,13.11,USDT,87693249,3.66,12.58
2024-07-11,Pendle,Arbitrum,12.65,DAI,85046078,2.78,11.04
2024-07-11,Pendle,Optimism,12.38,USDC,84287061,1.5,8.86
2024-07-11,Pendle,Optimism,14.68,USDT,83154825,3.15,9.26
2024-07-11,Pendle,Optimism,15.11,DAI,82661326,3.41,7.49
2024-07-11,Pendle,Base,10.69,USDC,76058079,3.38,12.82
2024-07-11,Pendle,Base,15.82,USDT,81212439,3.83,8.55
2024-07-11,Convex,Ethereum,4.77,USDC,156151747,32.78,0
2024-07-11,Convex,Ethereum,6.26,USDT,169217561,50.51,0
2024-07-11,Balancer,Ethereum,9.22,USDC,120864298,40.99,0
2024-07-11,Balancer,Ethereum,8.71,USDT,119401544,50.6,0
2024-07-11,Balancer,Ethereum,7.69,DAI,127958993,48.51,0
2024-07-11,Balancer,Arbitrum,10.71,USDC,126262435,3.44,10.42
2024-07-11,Balancer,Arbitrum,11.5,USDT,105671398,4.06,15.64
2024-07-11,Balancer,Arbitrum,8.76,DAI,136182017,2.5,10.65
2024-07-11,Balancer,Optimism,10.13,USDC,113803788,3.68,9.08
2024-07-11,Balancer,Optimism,9.85,USDT,115638763,2.28,8.04
2024-07-11,Balancer,Optimism,9.78,DAI,117901443,2.19,7.01
2024-07-11,Balancer,Polygon,10.91,USDC,121058586,1.59,9.63
2024-07-11,Balancer,Polygon,10.26,USDT,121248198,1.45,8.6
2024-07-11,Balancer,Polygon,11.37,DAI,114144309,1.29,8.91
2024-07-11,Balancer,Base,9.5,USDC,121006683,3.49,13.32
2024-07-11,Balancer,Base,9.07,USDT,119234153,3.38,10.9
2024-07-11,Balancer,Base,11.15,DAI,115653576,3.45,10.43
2024-07-12,Aave,Ethereum,3.42,USDC,273982140,40.71,0
2024-07-12,Aave,Ethereum,2.91,USDT,261826726,34.16,0
2024-07-12,Aave,Ethereum,3.07,DAI,262527837,39.72,0
2024-07-12,Aave,Arbitrum,4.78,DAI,266202123,2.14,16.57
2024-07-12,Aave,Optimism,4.13,USDC,285448073,3.77,8.42
2024-07-12,Aave,Optimism,3.2,DAI,285497567,2.79,9.66
2024-07-12,Aave,Polygon,4.19,USDC,280634156,1.16,9.35
2024-07-12,Aave,Polygon,4.12,USDT,262026777,1.23,6.77
2024-07-12,Aave,Polygon,4.03,DAI,274055390,1.32,7.73
2024-07-12,Aave,Base,3.65,USDC,261849190,3.34,6.88
2024-07-12,Compound,Ethereum,2.88,USDT,197788129,50.9,0
2024-07-12,Compound,Ethereum,3.15,DAI,199172065,35.32,0
2024-07-12,Compound,Arbitrum,3.83,USDC,198977891,4.77,9.6
2024-07-12,Compound,Arbitrum,3.41,USDT,204918906,3.0,12.83
2024-07-12,Compound,Arbitrum,3.71,DAI,206585574,4.3,12.02
2024-07-12,Compound,Optimism,3.49,USDC,194500781,1.41,10.06
2024-07-12,Compound,Optimism,3.28,USDT,199158870,3.14,8.75
2024-07-12,Compound,Optimism,3.59,DAI,206363135,2.86,6.45
2024-07-12,Compound,Polygon,3.95,USDC,181006145,0.71,9.98
2024-07-12,Compound,Polygon,4.24,USDT,186585891,1.6,8.56
2024-07-12,Compound,Polygon,3.88,DAI,208796757,1.22,5.06
2024-07-12,Compound,Base,3.44,USDC,197076554,4.03,10.57
2024-07-12,Compound,Base,3.65,USDT,196177991,3.21,10.38
2024-07-12,Compound,Base,3.6,DAI,193177827,3.53,9.9
2024-07-12,Curve,Ethereum,6.6,USDC,386032419,47.53,0
2024-07-12,Curve,Ethereum,7.75,USDT,326529937,29.29,0
2024-07-12,Curve,Ethereum,7.25,DAI,330394510,44.16,0
2024-07-12,Curve,Optimism,9.48,USDC,339608642,2.46,7.9
2024-07-12,Curve,Optimism,7.81,USDT,368634300,3.41,11.18
2024-07-12,Curve,Optimism,8.45,DAI,364899903,2.88,6.49
2024-07-12,Curve,Polygon,8.88,USDC,338454691,1.91,8.43
2024-07-12,Curve,Polygon,10.62,USDT,357540093,1.78,5.95
2024-07-12,Curve,Polygon,10.01,DAI,315486807,1.75,6.75
2024-07-12,Curve,Base,10.65,USDC,338760372,3.44,9.97
2024-07-12,Curve,Base,7.46,USDT,324389059,3.15,8.9
2024-07-12,Curve,Base,8.21,DAI,366341178,3.37,10.4
2024-07-12,Uniswap V3,Ethereum,8.16,USDC,98166302,38.96,0
2024-07-12,Uniswap V3,Ethereum,7.25,USDT,104366248,39.25,0
2024-07-12,Uniswap V3,Ethereum,4.67,DAI,105041213,37.71,0
2024-07-12,Uniswap V3,Arbitrum,8.55,USDC,99140328,3.37,14.17
2024-07-12,Uniswap V3,Arbitrum,9.18,USDT,106264573,3.91,8.77
2024-07-12,Uniswap V3,Arbitrum,11.54,DAI,103734955,3.71,10.36
2024-07-12,Uniswap V3,Optimism,9.79,USDC,111287553,3.4,6.2
2024-07-12,Uniswap V3,Optimism,10.48,DAI,101662126,3.04,9.25
2024-07-12,Uniswap V3,Polygon,13.64,USDC,111182800,1.54,12.02
2024-07-12,Uniswap V3,Polygon,11.72,USDT,106521620,1.01,7.78
2024-07-12,Uniswap V3,Polygon,8.32,DAI,96552883,1.83,7.18
2024-07-12,Uniswap V3,Base,8.67,USDC,104200456,3.48,9.23
2024-07-12,Uniswap V3,Base,9.1,DAI,99475631,3.36,4.66
2024-07-12,Yearn,Ethereum,3.87,USDC,127330237,50.16,0
2024-07-12,Yearn,Ethereum,3.95,DAI,132097421,39.16,0
2024-07-12,Yearn,Arbitrum,5.05,USDC,122714608,3.63,10.75
2024-07-12,Yearn,Arbitrum,4.61,USDT,130811613,4.71,12.49
2024-07-12,Yearn,Arbitrum,4.62,DAI,131291616,3.65,9.18
2024-07-12,Yearn,Optimism,4.56,USDC,119236925,2.85,10.47
2024-07-12,Yearn,Optimism,4.65,USDT,133453195,3.76,9.37
2024-07-12,Yearn,Polygon,4.78,USDC,139469727,1.3,8.18
2024-07-12,Yearn,Polygon,4.47,USDT,131032364,1.49,6.67
2024-07-12,Yearn,Polygon,5.56,DAI,126532797,1.55,4.39
2024-07-12,Yearn,Base,4.76,USDC,132339365,3.34,6.03
2024-07-12,Yearn,Base,4.47,USDT,131754125,3.66,12.25
2024-07-12,Yearn,Base,4.45,DAI,132087244,3.3,10.71
2024-07-12,Pendle,Ethereum,8.68,USDC,79999419,43.55,0
2024-07-12,Pendle,Ethereum,10.32,DAI,79816071,39.31,0
2024-07-12,Pendle,Arbitrum,16.39,USDC,74906564,4.19,8.67
2024-07-12,Pendle,Arbitrum,10.77,DAI,75706955,4.36,9.18
2024-07-12,Pendle,Optimism,12.29,USDC,85577780,2.87,7.13
2024-07-12,Pendle,Optimism,13.25,DAI,83095445,3.1,8.58
2024-07-12,Pendle,Base,15.67,USDC,85327210,4.06,13.16
2024-07-12,Pendle,Base,12.89,USDT,76723536,3.41,16.62
2024-07-12,Pendle,Base,13.1,DAI,84717880,2.97,13.78
2024-07-12,Convex,Ethereum,5.05,USDC,170570867,33.36,0
2024-07-12,Convex,Ethereum,5.59,USDT,162232858,33.96,0
2024-07-12,Convex,Ethereum,5.49,DAI,166916066,54.68,0
2024-07-12,Balancer,Ethereum,8.16,USDC,121795603,35.93,0
2024-07-12,Balancer,Ethereum,7.46,USDT,116722957,39.79,0
2024-07-12,Balancer,Ethereum,8.13,DAI,111935554,39.31,0
2024-07-12,Balancer,Arbitrum,11.06,USDC,123936117,4.27,12.47
2024-07-12,Balancer,Arbitrum,10.07,USDT,126903917,3.93,14.07
2024-07-12,Balancer,Arbitrum,8.75,DAI,112869263,3.9,16.32
2024-07-12,Balancer,Optimism,10.6,USDC,126924070,3.15,8.84
2024-07-12,Balancer,Polygon,11.84,USDT,114931143,1.6,9.53
2024-07-12,Balancer,Polygon,9.52,DAI,120391611,0.83,5.36
2024-07-12,Balancer,Base,9.76,USDC,118040354,3.44,8.25
2024-07-12,Balancer,Base,8.67,DAI,129649187,2.9,9.81
2024-07-13,Aave,Ethereum,3.12,USDC,259103203,32.47,0
2024-07-13,Aave,Ethereum,3.22,USDT,266000037,25.01,0
2024-07-13,Aave,Ethereum,2.69,DAI,258255335,34.45,0
2024-07-13,Aave,Arbitrum,3.95,USDC,280634780,2.83,11.08
2024-07-13,Aave,Arbitrum,3.45,USDT,262084887,2.0,9.07
2024-07-13,Aave,Arbitrum,3.67,DAI,274713237,1.65,10.61
2024-07-13,Aave,Optimism,3.96,USDC,267482405,2.83,11.01
2024-07-13,Aave,Optimism,3.77,DAI,269612371,1.36,9.06
2024-07-13,Aave,Polygon,4.22,USDC,264123097,0.76,9.34
2024-07-13,Aave,Polygon,3.84,USDT,281615066,1.15,9.56
2024-07-13,Aave,Base,4.22,USDC,253973435,2.25,11.88
2024-07-13,Aave,Base,3.78,USDT,270790949,1.88,8.07
2024-07-13,Aave,Base,3.98,DAI,282800463,2.46,10.41
2024-07-13,Compound,Ethereum,3.23,USDC,190061824,30.1,0
2024-07-13,Compound,Ethereum,3.13,USDT,181762204,27.65,0
2024-07-13,Compound,Ethereum,3.02,DAI,193703714,26.45,0
2024-07-13,Compound,Arbitrum,3.77,USDC,197856253,2.23,15.73
2024-07-13,Compound,Arbitrum,3.85,USDT,197879606,2.85,12.29
2024-07-13,Compound,Arbitrum,3.83,DAI,202938919,2.51,16.36
2024-07-13,Compound,Optimism,3.48,USDT,191926947,2.13,9.4
2024-07-13,Compound,Optimism,3.17,DAI,195284595,1.79,10.31
2024-07-13,Compound,Polygon,4.08,USDC,210990362,0.77,5.91
2024-07-13,Compound,Polygon,3.53,USDT,195342594,1.07,9.55
2024-07-13,Compound,Polygon,3.86,DAI,193712126,0.74,9.72
2024-07-13,Compound,Base,3.85,USDC,185252646,2.32,7.39
2024-07-13,Compound,Base,3.48,USDT,192846663,2.23,12.73
2024-07-13,Compound,Base,3.3,DAI,193120992,2.47,8.77
2024-07-13,Curve,Ethereum,7.92,USDC,329903992,31.55,0
2024-07-13,Curve,Ethereum,7.71,USDT,357357967,29.76,0
2024-07-13,Curve,Ethereum,7.77,DAI,350262605,25.66,0
2024-07-13,Curve,Arbitrum,8.85,USDC,356610898,2.87,8.23
2024-07-13,Curve,Arbitrum,9.74,USDT,350238926,2.12,11.17
2024-07-13,Curve,Arbitrum,9.63,DAI,353222056,2.0,8.51
2024-07-13,Curve,Optimism,9.94,USDC,341574035,2.05,9.04
2024-07-13,Curve,Optimism,8.67,USDT,338597421,2.68,11.34
2024-07-13,Curve,Optimism,9.17,DAI,330580612,2.08,9.55
2024-07-13,Curve,Polygon,9.72,USDC,377223631,0.63,5.63
2024-07-13,Curve,Polygon,8.39,USDT,330243211,1.09,11.28
2024-07-13,Curve,Base,10.75,USDC,324827022,2.28,11.99
2024-07-13,Curve,Base,10.41,USDT,361416774,2.23,9.14
2024-07-13,Curve,Base,9.4,DAI,348607325,2.47,6.55
2024-07-13,Uniswap V3,Ethereum,8.46,USDC,106197901,34.24,0
2024-07-13,Uniswap V3,Ethereum,11.36,USDT,104471587,35.0,0
2024-07-13,Uniswap V3,Ethereum,7.11,DAI,101604450,31.15,0
2024-07-13,Uniswap V3,Arbitrum,9.92,USDT,101184704,2.86,9.26
2024-07-13,Uniswap V3,Arbitrum,9.8,DAI,104428848,2.0,11.63
2024-07-13,Uniswap V3,Optimism,10.02,USDC,96814209,1.75,9.95
2024-07-13,Uniswap V3,Optimism,8.94,USDT,98610978,1.17,5.11
2024-07-13,Uniswap V3,Optimism,11.25,DAI,104678868,1.77,10.4
2024-07-13,Uniswap V3,Polygon,11.47,USDC,105991787,0.96,8.45
2024-07-13,Uniswap V3,Polygon,10.27,USDT,101274768,0.99,10.51
2024-07-13,Uniswap V3,Polygon,8.07,DAI,96455970,1.13,7.8
2024-07-13,Uniswap V3,Base,13.23,USDC,98904016,2.22,7.83
2024-07-13,Uniswap V3,Base,12.53,USDT,101043739,2.53,7.6
2024-07-13,Yearn,Ethereum,3.81,USDC,124932170,22.64,0
2024-07-13,Yearn,Ethereum,3.75,USDT,126731023,26.98,0
2024-07-13,Yearn,Ethereum,4.33,DAI,130469347,28.8,0
2024-07-13,Yearn,Arbitrum,4.64,USDC,128096477,3.74,7.53
2024-07-13,Yearn,Arbitrum,4.33,USDT,122947751,3.53,9.45
2024-07-13,Yearn,Arbitrum,4.47,DAI,131539946,2.54,13.33
2024-07-13,Yearn,Optimism,5.25,USDC,128921382,1.83,8.81
2024-07-13,Yearn,Optimism,4.12,USDT,116915969,2.14,9.43
2024-07-13,Yearn,Optimism,4.72,DAI,126171511,2.23,10.37
2024-07-13,Yearn,Polygon,4.88,USDC,120727872,0.84,6.36
2024-07-13,Yearn,Polygon,4.87,DAI,140796917,0.87,9.11
2024-07-13,Yearn,Base,4.34,USDC,125865341,2.48,8.85
2024-07-13,Yearn,Base,4.56,USDT,120311175,2.71,9.17
2024-07-13,Yearn,Base,4.59,DAI,123532401,2.47,8.22
2024-07-13,Pendle,Ethereum,13.12,USDC,82820917,29.21,0
2024-07-13,Pendle,Ethereum,12.98,USDT,79997504,25.47,0
2024-07-13,Pendle,Ethereum,12.22,DAI,80847963,26.05,0
2024-07-13,Pendle,Arbitrum,14.07,USDC,80597105,1.98,9.52
2024-07-13,Pendle,Arbitrum,14.36,USDT,75579255,1.86,11.16
2024-07-13,Pendle,Optimism,12.09,USDC,82843421,1.9,7.56
2024-07-13,Pendle,Optimism,12.06,USDT,81394430,1.84,3.74
2024-07-13,Pendle,Optimism,11.59,DAI,79859782,2.06,9.56
2024-07-13,Pendle,Base,13.47,USDC,82832985,1.92,10.04
2024-07-13,Pendle,Base,15.34,USDT,82091704,2.6,10.08
2024-07-13,Pendle,Base,14.36,DAI,82444859,2.14,9.62
2024-07-13,Convex,Ethereum,7.02,USDC,152587458,23.34,0
2024-07-13,Convex,Ethereum,4.77,USDT,163083930,31.16,0
2024-07-13,Convex,Ethereum,4.89,DAI,168691175,20.16,0
2024-07-13,Balancer,Ethereum,8.13,USDC,121130971,27.23,0
2024-07-13,Balancer,Ethereum,6.74,DAI,117212631,34.98,0
2024-07-13,Balancer,Arbitrum,11.08,USDC,125639334,3.56,13.49
2024-07-13,Balancer,Arbitrum,9.68,USDT,117241106,2.18,10.0
2024-07-13,Balancer,Arbitrum,11.72,DAI,122542316,2.55,9.26
2024-07-13,Balancer,Optimism,9.11,USDC,121288305,2.24,10.75
2024-07-13,Balancer,Optimism,12.05,USDT,124281501,1.95,7.26
2024-07-13,Balancer,Polygon,8.98,USDC,121311652,0.99,9.72
2024-07-13,Balancer,Base,12.45,USDC,121523272,1.74,8.91
2024-07-13,Balancer,Base,9.91,USDT,118165102,2.25,10.99
2024-07-13,Balancer,Base,10.19,DAI,123217687,2.35,6.61
2024-07-14,Aave,Ethereum,2.88,USDC,266556547,28.59,0
2024-07-14,Aave,Ethereum,2.75,USDT,266274365,23.65,0
2024-07-14,Aave,Ethereum,2.99,DAI,255427422,33.87,0
2024-07-14,Aave,Arbitrum,3.86,USDC,282211198,2.4,11.1
2024-07-14,Aave,Arbitrum,3.91,USDT,233612898,2.14,12.89
2024-07-14,Aave,Arbitrum,4.12,DAI,267661799,1.98,8.5
2024-07-14,Aave,Optimism,3.64,USDC,261108267,2.46,6.85
2024-07-14,Aave,Optimism,3.74,USDT,269765653,2.4,6.01
2024-07-14,Aave,Optimism,3.32,DAI,264056683,2.09,10.05
2024-07-14,Aave,Polygon,3.65,USDC,272024014,1.03,8.1
2024-07-14,Aave,Polygon,4.43,USDT,271354004,0.9,10.64
2024-07-14,Aave,Polygon,4.29,DAI,246536038,0.96,6.13
2024-07-14,Aave,Base,3.56,USDC,274530239,1.87,9.43
2024-07-14,Aave,Base,3.59,USDT,268506450,2.41,10.42
2024-07-14,Aave,Base,3.63,DAI,269949637,2.53,6.53
2024-07-14,Compound,Ethereum,3.17,USDC,226500812,28.46,0
2024-07-14,Compound,Ethereum,3.08,USDT,195983417,32.11,0
2024-07-14,Compound,Ethereum,3.32,DAI,203595176,21.98,0
2024-07-14,Compound,Arbitrum,3.83,USDC,201674709,1.72,7.87
2024-07-14,Compound,Arbitrum,3.55,USDT,196322828,3.38,13.23
2024-07-14,Compound,Arbitrum,3.79,DAI,201352294,2.04,17.46
2024-07-14,Compound,Optimism,3.51,USDC,203524871,1.54,9.76
2024-07-14,Compound,Optimism,3.74,USDT,199455792,2.11,9.99
2024-07-14,Compound,Optimism,3.6,DAI,184685900,2.36,9.54
2024-07-14,Compound,Polygon,3.76,USDC,178686271,1.1,7.42
2024-07-14,Compound,Polygon,3.81,USDT,197445769,0.98,7.86
2024-07-14,Compound,Base,3.49,USDC,181807011,2.07,8.4
2024-07-14,Compound,Base,3.29,USDT,202770157,2.76,10.36
2024-07-14,Compound,Base,3.8,DAI,200893995,2.74,10.15
2024-07-14,Curve,Ethereum,7.16,USDC,352059849,32.17,0
2024-07-14,Curve,Ethereum,8.15,USDT,314616912,25.63,0
2024-07-14,Curve,Ethereum,8.53,DAI,325179581,30.93,0
2024-07-14,Curve,Arbitrum,9.88,USDC,343467926,1.09,11.51
2024-07-14,Curve,Arbitrum,9.37,USDT,344614409,1.7,12.18
2024-07-14,Curve,Optimism,11.62,USDC,346496246,2.09,6.57
2024-07-14,Curve,Optimism,11.27,USDT,358209715,1.87,9.5
2024-07-14,Curve,Optimism,8.08,DAI,345925065,2.92,8.81
2024-07-14,Curve,Polygon,10.68,USDC,373175158,0.92,5.92
2024-07-14,Curve,Polygon,9.84,USDT,354095350,0.95,5.34
2024-07-14,Curve,Polygon,12.03,DAI,335471797,0.73,7.45
2024-07-14,Curve,Base,7.71,USDC,350488378,1.8,9.74
2024-07-14,Curve,Base,9.92,USDT,330784557,2.26,11.09
2024-07-14,Uniswap V3,Ethereum,8.13,USDC,107572607,22.88,0
2024-07-14,Uniswap V3,Ethereum,10.34,DAI,97413415,29.2,0
2024-07-14,Uniswap V3,Arbitrum,11.45,USDC,101758252,3.14,9.31
2024-07-14,Uniswap V3,Arbitrum,10.05,USDT,102389748,2.44,13.97
2024-07-14,Uniswap V3,Arbitrum,12.04,DAI,104946554,2.83,12.47
2024-07-14,Uniswap V3,Optimism,8.68,DAI,97450268,1.71,7.77
2024-07-14,Uniswap V3,Polygon,7.96,USDC,100393099,0.85,7.32
2024-07-14,Uniswap V3,Polygon,11.93,USDT,106422470,0.73,8.63
2024-07-14,Uniswap V3,Polygon,10.52,DAI,103320016,0.85,9.38
2024-07-14,Uniswap V3,Base,10.51,USDC,103629167,2.7,9.47
2024-07-14,Uniswap V3,Base,9.27,USDT,95473171,1.8,8.59
2024-07-14,Uniswap V3,Base,8.21,DAI,93149551,1.73,9.86
2024-07-14,Yearn,Ethereum,4.04,USDC,126033014,24.75,0
2024-07-14,Yearn,Ethereum,3.96,USDT,137209325,30.92,0
2024-07-14,Yearn,Ethereum,4.02,DAI,135980308,31.47,0
2024-07-14,Yearn,Arbitrum,4.88,USDC,127446000,2.99,13.51
2024-07-14,Yearn,Arbitrum,4.69,USDT,130059981,2.08,11.33
2024-07-14,Yearn,Arbitrum,5.03,DAI,124749793,2.78,15.46
2024-07-14,Yearn,Optimism,4.72,USDC,130888332,2.52,10.32
2024-07-14,Yearn,Optimism,4.58,USDT,128529893,1.94,8.04
2024-07-14,Yearn,Optimism,4.82,DAI,129529233,1.39,10.57
2024-07-14,Yearn,Polygon,5.1,USDT,128029979,0.77,8.54
2024-07-14,Yearn,Polygon,5.25,DAI,120064731,1.08,9.31
2024-07-14,Yearn,Base,5.18,USDC,138438186,2.02,11.01
2024-07-14,Yearn,Base,4.65,USDT,124184181,2.47,8.41
2024-07-14,Yearn,Base,4.31,DAI,126346146,2.75,9.34
2024-07-14,Pendle,Ethereum,13.09,USDC,81021611,27.55,0
2024-07-14,Pendle,Ethereum,10.49,USDT,79459288,37.47,0
2024-07-14,Pendle,Ethereum,13.68,DAI,80587120,33.07,0
2024-07-14,Pendle,Arbitrum,14.06,USDC,81923062,2.43,10.15
2024-07-14,Pendle,Arbitrum,15.01,USDT,79456221,2.11,12.29
2024-07-14,Pendle,Arbitrum,18.18,DAI,80987538,3.4,12.26
2024-07-14,Pendle,Optimism,14.25,USDC,80547779,2.21,8.09
2024-07-14,Pendle,Optimism,15.88,USDT,80940697,1.65,9.75
2024-07-14,Pendle,Base,13.39,USDC,81873142,2.23,7.28
2024-07-14,Pendle,Base,14.12,USDT,85221581,2.16,7.68
2024-07-14,Pendle,Base,14.33,DAI,84304483,2.28,12.32
2024-07-14,Convex,Ethereum,5.83,USDC,151347165,19.95,0
2024-07-14,Convex,Ethereum,4.6,USDT,162798433,27.43,0
2024-07-14,Convex,Ethereum,5.49,DAI,153319123,22.2,0
2024-07-14,Balancer,Ethereum,10.05,USDC,118104668,26.68,0
2024-07-14,Balancer,Ethereum,7.58,USDT,116714369,27.8,0
2024-07-14,Balancer,Ethereum,9.16,DAI,109931160,29.11,0
2024-07-14,Balancer,Arbitrum,9.11,USDC,117283717,2.16,9.46
2024-07-14,Balancer,Arbitrum,9.56,USDT,120924104,2.46,9.24
2024-07-14,Balancer,Arbitrum,9.49,DAI,115045239,2.24,9.44
2024-07-14,Balancer,Optimism,8.53,USDT,121913399,2.12,9.67
2024-07-14,Balancer,Optimism,7.19,DAI,121520005,1.96,8.74
2024-07-14,Balancer,Polygon,10.54,USDC,118185935,1.04,5.11
2024-07-14,Balancer,Polygon,8.82,USDT,119974083,0.87,5.24
2024-07-14,Balancer,Polygon,11.77,DAI,114749262,1.09,10.05
2024-07-14,Balancer,Base,9.74,USDC,116188912,2.29,11.36
2024-07-14,Balancer,Base,9.88,USDT,122066271,2.28,9.82
2024-07-14,Balancer,Base,9.76,DAI,118938088,2.35,9.5
2024-07-15,Aave,Ethereum,3.21,USDC,261856922,37.64,0
2024-07-15,Aave,Ethereum,3.11,USDT,263641531,54.08,0
2024-07-15,Aave,Ethereum,3.2,DAI,271770952,53.92,0
2024-07-15,Aave,Arbitrum,3.7,USDC,277719235,3.42,11.67
2024-07-15,Aave,Arbitrum,3.94,USDT,252514519,2.1,13.85
2024-07-15,Aave,Arbitrum,4.36,DAI,258184883,4.26,8.49
2024-07-15,Aave,Optimism,3.73,USDC,285897896,1.77,10.53
2024-07-15,Aave,Optimism,3.83,USDT,255062144,3.16,10.84
2024-07-15,Aave,Optimism,4.06,DAI,269214891,3.2,8.74
2024-07-15,Aave,Polygon,4.65,USDC,272199887,1.36,7.47
2024-07-15,Aave,Polygon,4.09,USDT,254162111,1.62,9.35
2024-07-15,Aave,Polygon,4.27,DAI,261569385,1.33,11.14
2024-07-15,Aave,Base,4.12,USDC,275245654,3.1,9.68
2024-07-15,Aave,Base,4.02,DAI,279220459,3.55,8.03
2024-07-15,Compound,Ethereum,3.15,USDC,211623753,45.06,0
2024-07-15,Compound,Ethereum,2.85,USDT,191885900,51.66,0
2024-07-15,Compound,Ethereum,3.05,DAI,181898994,41.01,0
2024-07-15,Compound,Arbitrum,3.78,DAI,182322021,3.99,14.63
2024-07-15,Compound,Optimism,3.53,USDC,183304669,2.93,6.87
2024-07-15,Compound,Optimism,3.52,USDT,179135595,2.56,9.11
2024-07-15,Compound,Optimism,3.38,DAI,189482526,2.27,9.81
2024-07-15,Compound,Polygon,4.17,USDC,190035241,1.16,7.82
2024-07-15,Compound,Polygon,4.05,USDT,191090180,1.64,8.94
2024-07-15,Compound,Polygon,3.98,DAI,183787601,1.37,11.01
2024-07-15,Compound,Base,3.59,USDC,183106099,3.08,5.2
2024-07-15,Compound,Base,4.03,USDT,196218640,4.0,5.42
2024-07-15,Compound,Base,3.83,DAI,195567647,3.77,11.97
2024-07-15,Curve,Ethereum,6.16,USDC,349628122,56.96,0
2024-07-15,Curve,Ethereum,10.41,USDT,336299691,36.1,0
2024-07-15,Curve,Ethereum,9.09,DAI,321837444,49.73,0
2024-07-15,Curve,Arbitrum,10.23,USDC,336111781,2.3,12.61
2024-07-15,Curve,Arbitrum,8.6,USDT,338992186,3.21,11.55
2024-07-15,Curve,Arbitrum,10.01,DAI,328318926,3.26,9.73
2024-07-15,Curve,Optimism,9.06,USDC,344873316,3.13,8.81
2024-07-15,Curve,Optimism,9.41,USDT,334281481,2.36,9.63
2024-07-15,Curve,Optimism,11.06,DAI,343067116,2.96,9.44
2024-07-15,Curve,Polygon,10.07,USDC,343803638,1.51,7.6
2024-07-15,Curve,Polygon,9.91,USDT,342690124,1.26,7.9
2024-07-15,Curve,Polygon,11.26,DAI,339615728,1.46,8.2
2024-07-15,Curve,Base,7.32,USDC,342278950,3.71,9.82
2024-07-15,Curve,Base,10.66,DAI,344536709,4.12,11.7
2024-07-15,Uniswap V3,Ethereum,9.01,USDC,103123068,44.45,0
2024-07-15,Uniswap V3,Ethereum,8.07,USDT,91414733,51.61,0
2024-07-15,Uniswap V3,Ethereum,7.72,DAI,94924700,41.36,0
2024-07-15,Uniswap V3,Arbitrum,10.48,USDC,101836018,3.74,13.18
2024-07-15,Uniswap V3,Arbitrum,10.72,USDT,109981149,4.66,11.86
2024-07-15,Uniswap V3,Arbitrum,13.1,DAI,105165375,3.38,13.9
2024-07-15,Uniswap V3,Optimism,10.23,USDC,102794922,2.6,10.64
2024-07-15,Uniswap V3,Optimism,9.24,USDT,95502355,2.4,10.5
2024-07-15,Uniswap V3,Optimism,11.88,DAI,102163915,2.92,10.03
2024-07-15,Uniswap V3,Polygon,9.27,USDC,101690998,1.18,9.33
2024-07-15,Uniswap V3,Polygon,12.8,USDT,99483364,1.74,10.98
2024-07-15,Uniswap V3,Polygon,11.16,DAI,107430931,1.03,8.84
2024-07-15,Uniswap V3,Base,10.03,USDC,100850037,3.33,9.19
2024-07-15,Uniswap V3,Base,10.64,USDT,101995088,3.16,11.02
2024-07-15,Uniswap V3,Base,11.23,DAI,109097978,3.89,9.05
2024-07-15,Yearn,Ethereum,4.0,USDC,125142685,40.78,0
2024-07-15,Yearn,Ethereum,3.98,USDT,129361517,30.24,0
2024-07-15,Yearn,Ethereum,3.99,DAI,124591328,40.18,0
2024-07-15,Yearn,Arbitrum,5.37,USDC,120693577,2.91,8.36
2024-07-15,Yearn,Arbitrum,4.82,DAI,130278750,2.28,16.8
2024-07-15,Yearn,Optimism,5.3,USDC,123986669,2.2,8.52
2024-07-15,Yearn,Optimism,4.6,USDT,126318898,2.86,9.11
2024-07-15,Yearn,Optimism,4.98,DAI,115163880,2.52,7.13
2024-07-15,Yearn,Polygon,4.97,USDC,120661654,1.51,7.27
2024-07-15,Yearn,Polygon,5.09,USDT,121468550,1.65,10.45
2024-07-15,Yearn,Polygon,5.14,DAI,123366524,0.86,8.99
2024-07-15,Yearn,Base,4.85,USDC,128046459,3.06,12.51
2024-07-15,Yearn,Base,4.57,USDT,132167175,3.08,11.11
2024-07-15,Yearn,Base,4.7,DAI,120369615,3.72,12.97
2024-07-15,Pendle,Ethereum,8.82,USDC,80766748,38.82,0
2024-07-15,Pendle,Ethereum,11.14,USDT,76516796,29.34,0
2024-07-15,Pendle,Ethereum,16.05,DAI,73655205,33.63,0
2024-07-15,Pendle,Arbitrum,16.19,USDT,81861999,3.22,11.24
2024-07-15,Pendle,Arbitrum,12.47,DAI,78793914,3.18,11.94
2024-07-15,Pendle,Optimism,11.83,USDT,77268797,3.96,9.87
2024-07-15,Pendle,Optimism,15.7,DAI,74076629,3.65,11.9
2024-07-15,Pendle,Base,15.6,USDC,79631345,4.44,11.01
2024-07-15,Pendle,Base,15.68,USDT,79689546,3.04,8.73
2024-07-15,Convex,Ethereum,4.85,USDC,166106421,35.81,0
2024-07-15,Convex,Ethereum,7.17,USDT,142690997,53.39,0
2024-07-15,Convex,Ethereum,5.81,DAI,142199004,39.58,0
2024-07-15,Balancer,Ethereum,7.8,DAI,116507899,31.02,0
2024-07-15,Balancer,Arbitrum,10.11,USDC,118949909,3.69,16.59
2024-07-15,Balancer,Arbitrum,9.37,USDT,119709925,3.28,13.02
2024-07-15,Balancer,Arbitrum,9.32,DAI,99485155,4.23,13.0
2024-07-15,Balancer,Optimism,10.71,USDC,113432634,3.31,10.78
2024-07-15,Balancer,Optimism,9.14,USDT,123853160,3.04,6.53
2024-07-15,Balancer,Optimism,11.04,DAI,125533805,2.71,7.78
2024-07-15,Balancer,Polygon,11.65,USDC,115896387,1.53,8.61
2024-07-15,Balancer,Polygon,7.28,USDT,122744491,1.27,7.0
2024-07-15,Balancer,Polygon,11.83,DAI,113039650,1.54,7.11
2024-07-15,Balancer,Base,10.06,USDC,105994385,4.17,9.33
2024-07-15,Balancer,Base,9.76,USDT,115369131,3.74,10.24
2024-07-15,Balancer,Base,10.49,DAI,112989257,3.14,12.69
2024-07-16,Aave,Ethereum,3.5,USDC,285365899,45.37,0
2024-07-16,Aave,Ethereum,3.11,USDT,272988785,45.23,0
2024-07-16,Aave,Arbitrum,4.39,USDT,253286829,4.25,11.74
2024-07-16,Aave,Arbitrum,4.18,DAI,255494874,4.59,12.64
2024-07-16,Aave,Optimism,4.12,DAI,265812231,2.01,10.2
2024-07-16,Aave,Polygon,4.62,USDC,244731186,1.62,8.69
2024-07-16,Aave,Polygon,3.92,DAI,254672013,1.39,10.07
2024-07-16,Aave,Base,4.39,USDC,251460766,3.94,11.34
2024-07-16,Aave,Base,4.08,USDT,252030837,3.68,9.54
2024-07-16,Aave,Base,4.15,DAI,274601523,3.35,5.32
2024-07-16,Compound,Ethereum,3.46,USDC,198456586,56.28,0
2024-07-16,Compound,Ethereum,3.25,USDT,189562919,50.21,0
2024-07-16,Compound,Ethereum,2.98,DAI,184233904,54.73,0
2024-07-16,Compound,Arbitrum,3.58,USDC,193080463,3.29,13.47
2024-07-16,Compound,Arbitrum,3.95,USDT,192842352,4.37,11.99
2024-07-16,Compound,Arbitrum,4.04,DAI,201319372,4.14,13.82
2024-07-16,Compound,Optimism,3.57,USDC,184786572,2.73,9.58
2024-07-16,Compound,Optimism,3.67,USDT,167514252,4.0,9.68
2024-07-16,Compound,Optimism,3.75,DAI,177394249,3.45,8.62
2024-07-16,Compound,Polygon,4.11,USDC,167595419,1.09,7.96
2024-07-16,Compound,Polygon,4.88,USDT,175075014,1.88,6.73
2024-07-16,Compound,Polygon,3.98,DAI,189986241,1.39,5.55
2024-07-16,Compound,Base,3.86,USDC,190943469,3.2,7.77
2024-07-16,Compound,Base,3.83,USDT,180068764,2.8,10.22
2024-07-16,Curve,Ethereum,9.16,USDC,341193951,40.23,0
2024-07-16,Curve,Ethereum,6.98,USDT,330531386,31.43,0
2024-07-16,Curve,Ethereum,8.61,DAI,344051422,39.98,0
2024-07-16,Curve,Arbitrum,9.71,USDC,326448163,2.94,11.94
2024-07-16,Curve,Arbitrum,7.85,USDT,325706048,4.13,14.01
2024-07-16,Curve,Arbitrum,12.49,DAI,313277706,3.56,14.37
2024-07-16,Curve,Optimism,9.67,USDC,342607732,3.1,7.8
2024-07-16,Curve,Optimism,10.3,USDT,331322485,3.13,14.28
2024-07-16,Curve,Optimism,8.66,DAI,327659704,3.07,13.08
2024-07-16,Curve,Polygon,10.46,USDC,323297308,1.63,8.16
2024-07-16,Curve,Polygon,6.7,USDT,313454717,1.2,6.35
2024-07-16,Curve,Polygon,10.55,DAI,328393593,1.19,7.55
2024-07-16,Curve,Base,8.86,USDC,348882647,4.02,12.66
2024-07-16,Curve,Base,10.14,USDT,331491987,3.7,6.64
2024-07-16,Curve,Base,10.29,DAI,315022573,3.56,8.41
2024-07-16,Uniswap V3,Ethereum,8.12,USDC,95761145,38.58,0
2024-07-16,Uniswap V3,Ethereum,10.58,USDT,102925619,47.04,0
2024-07-16,Uniswap V3,Ethereum,7.87,DAI,93190880,26.91,0
2024-07-16,Uniswap V3,Arbitrum,8.53,USDT,90097751,2.51,10.28
2024-07-16,Uniswap V3,Arbitrum,11.05,DAI,107413789,2.95,11.12
2024-07-16,Uniswap V3,Optimism,7.68,USDC,96849835,2.85,7.89
2024-07-16,Uniswap V3,Optimism,11.94,USDT,99641177,3.21,8.86
2024-07-16,Uniswap V3,Optimism,9.32,DAI,96322488,2.41,9.21
2024-07-16,Uniswap V3,Polygon,13.77,USDC,98805026,1.52,5.63
2024-07-16,Uniswap V3,Polygon,11.6,USDT,96288130,1.54,7.89
2024-07-16,Uniswap V3,Polygon,11.73,DAI,101223246,1.17,7.28
2024-07-16,Uniswap V3,Base,10.44,USDC,100827031,3.2,11.2
2024-07-16,Uniswap V3,Base,11.08,USDT,97111934,3.44,12.45
2024-07-16,Uniswap V3,Base,11.51,DAI,98345233,3.8,9.88
2024-07-16,Yearn,Ethereum,4.28,USDC,130751638,36.12,0
2024-07-16,Yearn,Ethereum,3.76,USDT,105783289,34.43,0
2024-07-16,Yearn,Ethereum,4.36,DAI,126640286,38.11,0
2024-07-16,Yearn,Arbitrum,5.13,USDC,115606842,3.91,12.24
2024-07-16,Yearn,Arbitrum,5.41,USDT,123308625,3.68,12.4
2024-07-16,Yearn,Arbitrum,4.89,DAI,122694315,3.95,10.07
2024-07-16,Yearn,Optimism,4.36,USDC,113917640,2.85,5.87
2024-07-16,Yearn,Optimism,5.05,USDT,126108556,3.3,9.78
2024-07-16,Yearn,Optimism,5.19,DAI,123629111,2.12,10.65
2024-07-16,Yearn,Polygon,5.0,USDC,114871045,1.18,6.4
2024-07-16,Yearn,Polygon,5.1,USDT,121723267,1.58,7.06
2024-07-16,Yearn,Polygon,5.38,DAI,130850013,1.15,9.5
2024-07-16,Yearn,Base,4.48,USDC,118050534,3.31,10.86
2024-07-16,Yearn,Base,5.08,USDT,119147594,3.58,11.17
2024-07-16,Yearn,Base,5.24,DAI,129457011,2.38,8.55
2024-07-16,Pendle,Ethereum,11.7,USDC,73748316,53.03,0
2024-07-16,Pendle,Ethereum,9.69,USDT,77578814,38.24,0
2024-07-16,Pendle,Ethereum,15.21,DAI,81772992,38.41,0
2024-07-16,Pendle,Arbitrum,17.59,USDC,72895640,2.87,12.41
2024-07-16,Pendle,Arbitrum,12.97,USDT,80937366,3.5,11.16
2024-07-16,Pendle,Arbitrum,16.71,DAI,77131372,4.07,12.81
2024-07-16,Pendle,Optimism,14.64,USDC,76041658,3.56,8.34
2024-07-16,Pendle,Optimism,13.88,USDT,82831470,3.08,11.16
2024-07-16,Pendle,Optimism,14.23,DAI,81757838,2.47,8.08
2024-07-16,Pendle,Base,14.24,USDC,76477938,3.16,13.05
2024-07-16,Pendle,Base,10.8,DAI,71669990,2.89,10.62
2024-07-16,Convex,Ethereum,5.77,USDC,157256952,30.05,0
2024-07-16,Convex,Ethereum,5.75,USDT,169057611,36.91,0
2024-07-16,Balancer,Ethereum,7.85,USDC,102797747,48.12,0
2024-07-16,Balancer,Ethereum,8.27,USDT,105405139,49.55,0
2024-07-16,Balancer,Ethereum,9.28,DAI,117465885,31.21,0
2024-07-16,Balancer,Arbitrum,10.79,USDC,104569616,3.78,15.27
2024-07-16,Balancer,Arbitrum,11.03,USDT,121073809,3.46,10.46
2024-07-16,Balancer,Optimism,9.11,USDC,104832423,2.51,8.9
2024-07-16,Balancer,Optimism,10.22,USDT,114484969,2.98,8.0
2024-07-16,Balancer,Optimism,9.51,DAI,110978121,3.23,7.11
2024-07-16,Balancer,Polygon,9.87,USDT,119128292,1.79,7.71
2024-07-16,Balancer,Polygon,11.89,DAI,113089556,1.49,7.44
2024-07-16,Balancer,Base,11.14,USDC,120032862,2.1,8.75
2024-07-16,Balancer,Base,9.89,USDT,122504232,3.81,9.15
2024-07-17,Aave,Ethereum,3.57,USDC,246823358,40.97,0
2024-07-17,Aave,Ethereum,3.25,USDT,288532206,51.53,0
2024-07-17,Aave,Ethereum,3.39,DAI,250850040,56.26,0
2024-07-17,Aave,Arbitrum,4.08,USDC,276085428,3.32,11.12
2024-07-17,Aave,Arbitrum,3.84,USDT,258907036,3.05,10.65
2024-07-17,Aave,Arbitrum,3.97,DAI,254233286,4.12,13.16
2024-07-17,Aave,Optimism,3.79,USDC,258347576,2.61,7.64
2024-07-17,Aave,Optimism,3.9,USDT,237380816,4.04,5.92
2024-07-17,Aave,Optimism,4.15,DAI,236030483,3.45,6.0
2024-07-17,Aave,Polygon,4.29,USDC,254950950,1.67,9.61
2024-07-17,Aave,Polygon,4.2,USDT,280874699,1.18,9.23
2024-07-17,Aave,Polygon,3.95,DAI,244844927,1.41,11.29
2024-07-17,Aave,Base,4.05,USDC,252516428,3.52,9.25
2024-07-17,Aave,Base,4.09,USDT,265499422,3.47,11.78
2024-07-17,Aave,Base,4.46,DAI,256971498,3.28,9.54
2024-07-17,Compound,Ethereum,3.27,USDC,171695476,51.42,0
2024-07-17,Compound,Ethereum,2.86,USDT,166767415,34.0,0
2024-07-17,Compound,Ethereum,3.42,DAI,169419957,53.31,0
2024-07-17,Compound,Arbitrum,3.71,USDT,179487062,3.3,10.1
2024-07-17,Compound,Arbitrum,4.32,DAI,177668070,3.84,14.32
2024-07-17,Compound,Optimism,3.68,USDT,179095622,2.17,12.0
2024-07-17,Compound,Optimism,3.75,DAI,201535682,2.38,7.79
2024-07-17,Compound,Polygon,4.18,USDC,194079184,1.44,8.45
2024-07-17,Compound,Polygon,4.29,USDT,169906042,1.46,9.29
2024-07-17,Compound,Polygon,4.22,DAI,192445006,1.19,10.49
2024-07-17,Compound,Base,4.04,USDC,189131877,3.87,10.73
2024-07-17,Compound,Base,3.68,USDT,173458154,2.88,12.51
2024-07-17,Compound,Base,3.81,DAI,184590714,3.1,11.78
2024-07-17,Curve,Ethereum,10.28,USDC,304496683,34.05,0
2024-07-17,Curve,Ethereum,8.58,USDT,336737228,44.15,0
2024-07-17,Curve,Ethereum,7.3,DAI,333108721,37.45,0
2024-07-17,Curve,Arbitrum,11.78,USDC,329081438,4.35,12.86
2024-07-17,Curve,Arbitrum,12.55,DAI,310365253,3.32,12.71
2024-07-17,Curve,Optimism,10.04,USDC,311563750,2.03,8.72
2024-07-17,Curve,Optimism,8.76,USDT,341160978,3.2,8.32
2024-07-17,Curve,Optimism,9.77,DAI,323870446,2.99,9.22
2024-07-17,Curve,Polygon,9.54,USDC,329382579,1.03,10.27
2024-07-17,Curve,Polygon,10.71,USDT,313660696,1.89,8.14
2024-07-17,Curve,Polygon,10.41,DAI,328429902,1.68,8.7
2024-07-17,Curve,Base,10.37,USDC,321359327,3.39,6.36
2024-07-17,Curve,Base,9.24,USDT,324490951,3.35,7.0
2024-07-17,Uniswap V3,Ethereum,8.6,USDC,97161174,39.61,0
2024-07-17,Uniswap V3,Ethereum,8.21,DAI,99518792,49.51,0
2024-07-17,Uniswap V3,Arbitrum,8.84,USDC,93978937,4.0,15.58
2024-07-17,Uniswap V3,Arbitrum,10.61,USDT,87680913,3.57,14.78
2024-07-17,Uniswap V3,Arbitrum,11.36,DAI,96927174,3.33,8.99
2024-07-17,Uniswap V3,Optimism,11.09,USDC,95856677,2.54,6.02
2024-07-17,Uniswap V3,Optimism,10.21,USDT,92601433,3.21,7.93
2024-07-17,Uniswap V3,Optimism,10.41,DAI,92999847,3.43,7.37
2024-07-17,Uniswap V3,Polygon,10.43,USDC,93985311,0.83,7.46
2024-07-17,Uniswap V3,Polygon,12.44,USDT,89626613,1.64,8.82
2024-07-17,Uniswap V3,Polygon,12.2,DAI,94038674,1.7,6.65
2024-07-17,Uniswap V3,Base,9.6,USDC,98213614,3.31,8.05
2024-07-17,Uniswap V3,Base,10.11,USDT,99838890,3.07,9.75
2024-07-17,Yearn,Ethereum,4.27,USDC,128418394,52.41,0
2024-07-17,Yearn,Ethereum,4.06,USDT,118966511,35.47,0
2024-07-17,Yearn,Ethereum,3.91,DAI,114568033,48.37,0
2024-07-17,Yearn,Arbitrum,4.74,USDC,120083963,3.45,17.95
2024-07-17,Yearn,Arbitrum,5.29,USDT,122331906,4.48,14.74
2024-07-17,Yearn,Arbitrum,4.76,DAI,122918675,2.39,8.3
2024-07-17,Yearn,Optimism,4.49,USDC,109940955,1.88,12.23
2024-07-17,Yearn,Optimism,4.99,USDT,115797294,3.82,7.96
2024-07-17,Yearn,Optimism,4.84,DAI,120426235,2.7,10.51
2024-07-17,Yearn,Polygon,5.98,USDC,119746143,1.05,10.1
2024-07-17,Yearn,Polygon,4.85,USDT,112473965,1.32,11.05
2024-07-17,Yearn,Polygon,5.25,DAI,130596168,1.19,9.22
2024-07-17,Yearn,Base,5.02,USDC,125043758,2.9,10.48
2024-07-17,Yearn,Base,4.9,USDT,121449039,3.79,10.57
2024-07-17,Yearn,Base,5.43,DAI,134269546,3.27,5.62
2024-07-17,Pendle,Ethereum,10.63,USDC,76405680,49.61,0
2024-07-17,Pendle,Ethereum,10.97,USDT,73193894,45.99,0
2024-07-17,Pendle,Ethereum,10.31,DAI,80039705,46.32,0
2024-07-17,Pendle,Arbitrum,12.07,USDC,82203629,2.3,9.95
2024-07-17,Pendle,Arbitrum,11.44,USDT,77879472,3.29,13.5
2024-07-17,Pendle,Arbitrum,13.37,DAI,80143981,3.68,13.96
2024-07-17,Pendle,Optimism,13.9,USDC,74917744,2.26,6.2
2024-07-17,Pendle,Optimism,16.71,USDT,76342389,2.82,9.24
2024-07-17,Pendle,Optimism,11.11,DAI,78415580,3.14,5.48
2024-07-17,Pendle,Base,14.29,USDC,69416498,4.09,9.55
2024-07-17,Pendle,Base,13.88,USDT,74141507,2.67,6.15
2024-07-17,Pendle,Base,13.36,DAI,75567786,3.5,8.83
2024-07-17,Convex,Ethereum,5.38,USDC,151163555,41.88,0
2024-07-17,Convex,Ethereum,4.55,USDT,144079245,38.14,0
2024-07-17,Convex,Ethereum,5.15,DAI,161623579,43.63,0
2024-07-17,Balancer,Ethereum,9.09,USDC,116177029,42.67,0
2024-07-17,Balancer,Ethereum,9.67,USDT,110085132,31.49,0
2024-07-17,Balancer,Ethereum,7.82,DAI,111229275,37.41,0
2024-07-17,Balancer,Arbitrum,9.49,USDC,121666420,5.85,10.95
2024-07-17,Balancer,Arbitrum,10.55,USDT,109801167,3.96,13.18
2024-07-17,Balancer,Arbitrum,10.82,DAI,108356034,3.73,9.75
2024-07-17,Balancer,Optimism,11.12,USDC,113087224,3.19,9.49
2024-07-17,Balancer,Optimism,9.93,USDT,112064031,2.88,7.43
2024-07-17,Balancer,Optimism,9.56,DAI,108021019,3.03,8.89
2024-07-17,Balancer,Polygon,10.14,USDC,112827388,1.51,10.25
2024-07-17,Balancer,Polygon,10.17,USDT,113984215,1.34,5.71
2024-07-17,Balancer,Base,8.3,USDC,108766265,3.55,8.65
2024-07-17,Balancer,Base,8.08,USDT,114599337,3.53,9.73
2024-07-17,Balancer,Base,9.39,DAI,106299732,3.46,10.75
2024-07-18,Aave,Ethereum,3.24,USDC,239918948,41.78,0
2024-07-18,Aave,Ethereum,3.19,USDT,251977782,53.97,0
2024-07-18,Aave,Ethereum,3.65,DAI,256649037,31.83,0
2024-07-18,Aave,Arbitrum,4.17,USDC,246710463,3.1,12.09
2024-07-18,Aave,Arbitrum,4.06,USDT,262818225,3.73,7.7
2024-07-18,Aave,Arbitrum,3.93,DAI,235145675,4.03,13.08
2024-07-18,Aave,Optimism,4.23,USDC,224096203,2.51,10.35
2024-07-18,Aave,Optimism,3.85,DAI,241673268,3.09,7.34
2024-07-18,Aave,Polygon,4.42,USDC,245316382,1.64,7.39
2024-07-18,Aave,Base,4.26,USDC,244138220,4.04,10.65
2024-07-18,Aave,Base,4.34,USDT,237270172,4.04,7.77
2024-07-18,Aave,Base,3.72,DAI,242009483,2.63,12.31
2024-07-18,Compound,Ethereum,3.48,USDC,194643431,41.87,0
2024-07-18,Compound,Ethereum,3.39,DAI,161604505,44.35,0
2024-07-18,Compound,Arbitrum,4.5,USDC,174487550,2.82,11.06
2024-07-18,Compound,Arbitrum,4.21,USDT,179146448,2.44,5.74
2024-07-18,Compound,Arbitrum,3.93,DAI,166690907,4.52,15.95
2024-07-18,Compound,Optimism,3.73,USDC,173826647,2.89,10.12
2024-07-18,Compound,Optimism,3.71,USDT,164284594,3.41,7.04
2024-07-18,Compound,Optimism,3.8,DAI,174712234,2.63,7.01
2024-07-18,Compound,Polygon,3.97,USDC,173674060,1.56,8.08
2024-07-18,Compound,Polygon,3.96,USDT,173229204,1.52,7.3
2024-07-18,Compound,Polygon,4.17,DAI,180523815,1.42,9.22
2024-07-18,Compound,Base,3.96,USDC,188646636,3.38,6.57
2024-07-18,Compound,Base,3.98,USDT,191231367,3.23,12.81
2024-07-18,Compound,Base,4.04,DAI,169558662,3.63,10.87
2024-07-18,Curve,Ethereum,6.87,USDC,357011321,51.95,0
2024-07-18,Curve,Ethereum,8.92,USDT,310273334,40.28,0
2024-07-18,Curve,Ethereum,7.18,DAI,303731247,46.19,0
2024-07-18,Curve,Arbitrum,10.66,USDC,306161573,3.15,13.03
2024-07-18,Curve,Arbitrum,6.73,USDT,321094041,3.57,13.65
2024-07-18,Curve,Arbitrum,12.16,DAI,322928117,3.69,17.1
2024-07-18,Curve,Optimism,11.4,USDC,313590265,3.29,7.73
2024-07-18,Curve,Optimism,10.49,USDT,328075856,2.43,9.31
2024-07-18,Curve,Optimism,8.86,DAI,322689269,2.79,11.4
2024-07-18,Curve,Polygon,11.64,USDC,321125855,1.03,7.46
2024-07-18,Curve,Polygon,12.46,USDT,307373715,1.13,6.58
2024-07-18,Curve,Polygon,10.96,DAI,307030753,1.62,9.21
2024-07-18,Curve,Base,9.49,USDC,333979895,3.62,12.28
2024-07-18,Curve,Base,8.19,USDT,337190170,2.88,11.29
2024-07-18,Curve,Base,7.74,DAI,295153699,3.54,11.36
2024-07-18,Uniswap V3,Ethereum,8.79,USDC,96668829,41.51,0
2024-07-18,Uniswap V3,Ethereum,9.85,DAI,85202209,38.41,0
2024-07-18,Uniswap V3,Arbitrum,10.14,USDT,90792575,4.4,15.45
2024-07-18,Uniswap V3,Optimism,8.01,USDC,93211054,2.78,8.74
2024-07-18,Uniswap V3,Optimism,9.86,USDT,89456228,3.07,9.35
2024-07-18,Uniswap V3,Optimism,11.97,DAI,95210632,3.11,10.84
2024-07-18,Uniswap V3,Polygon,12.87,USDC,100080075,1.36,7.1
2024-07-18,Uniswap V3,Polygon,11.7,USDT,91904014,1.29,8.39
2024-07-18,Uniswap V3,Polygon,8.78,DAI,94813118,1.53,8.92
2024-07-18,Uniswap V3,Base,9.88,USDC,95648135,3.24,7.61
2024-07-18,Uniswap V3,Base,10.86,USDT,91283095,2.75,12.98
2024-07-18,Uniswap V3,Base,11.28,DAI,98245079,3.43,9.02
2024-07-18,Yearn,Ethereum,3.76,USDC,116341248,51.9,0
2024-07-18,Yearn,Arbitrum,5.34,USDC,124241873,3.63,12.55
2024-07-18,Yearn,Arbitrum,5.08,USDT,112841852,3.84,14.45
2024-07-18,Yearn,Arbitrum,5.37,DAI,128344083,2.95,12.21
2024-07-18,Yearn,Optimism,4.88,USDC,115162141,3.05,11.14
2024-07-18,Yearn,Optimism,4.46,DAI,115325046,3.18,10.41
2024-07-18,Yearn,Polygon,5.47,USDC,115937029,1.16,6.05
2024-07-18,Yearn,Polygon,5.4,USDT,115657619,1.57,8.88
2024-07-18,Yearn,Polygon,4.99,DAI,115461355,1.49,5.65
2024-07-18,Yearn,Base,4.79,USDC,122681140,3.3,9.06
2024-07-18,Yearn,Base,4.81,USDT,116670433,2.49,11.83
2024-07-18,Yearn,Base,4.82,DAI,120844705,3.89,9.16
2024-07-18,Pendle,Ethereum,9.06,USDC,77664681,45.89,0
2024-07-18,Pendle,Ethereum,16.37,USDT,76222873,57.41,0
2024-07-18,Pendle,Ethereum,8.14,DAI,81885281,43.46,0
2024-07-18,Pendle,Arbitrum,11.77,USDC,77711032,3.21,9.46
2024-07-18,Pendle,Arbitrum,12.33,USDT,78544027,2.85,9.58
2024-07-18,Pendle,Arbitrum,17.54,DAI,71023597,2.58,9.53
2024-07-18,Pendle,Optimism,13.71,USDC,77885569,3.46,10.55
2024-07-18,Pendle,Optimism,13.01,USDT,78650274,2.54,10.83
2024-07-18,Pendle,Base,11.85,USDC,79522757,3.98,8.05
2024-07-18,Pendle,Base,12.04,USDT,71914207,3.1,9.7
2024-07-18,Pendle,Base,12.77,DAI,72010770,3.77,11.48
2024-07-18,Convex,Ethereum,5.38,USDC,148090325,46.16,0
2024-07-18,Convex,Ethereum,4.66,USDT,151751499,45.14,0
2024-07-18,Convex,Ethereum,5.68,DAI,143976521,39.53,0
2024-07-18,Balancer,Arbitrum,8.65,USDC,110503730,2.84,7.72
2024-07-18,Balancer,Arbitrum,10.75,USDT,114746532,4.75,11.7
2024-07-18,Balancer,Arbitrum,9.02,DAI,102632158,3.49,11.61
2024-07-18,Balancer,Optimism,9.16,USDC,108105901,2.32,10.5
2024-07-18,Balancer,Optimism,9.59,USDT,109142047,3.55,11.44
2024-07-18,Balancer,Optimism,7.72,DAI,115762541,2.96,9.34
2024-07-18,Balancer,Polygon,11.83,USDC,113128767,1.86,8.49
2024-07-18,Balancer,Polygon,11.23,USDT,103994284,1.77,7.38
2024-07-18,Balancer,Polygon,10.98,DAI,111006316,1.17,9.74
2024-07-18,Balancer,Base,10.18,USDC,119755256,3.31,9.19
2024-07-18,Balancer,Base,11.3,USDT,116303654,3.24,9.69
2024-07-18,Balancer,Base,12.47,DAI,99881563,2.8,10.65
2024-07-19,Aave,Ethereum,3.32,USDC,246512094,44.94,0
2024-07-19,Aave,Ethereum,3.34,DAI,247063041,46.48,0
2024-07-19,Aave,Arbitrum,3.91,USDC,223957561,2.98,13.67
2024-07-19,Aave,Arbitrum,3.77,USDT,257032888,3.81,12.47
2024-07-19,Aave,Arbitrum,3.62,DAI,248330736,2.77,8.08
2024-07-19,Aave,Optimism,3.46,USDC,244883916,3.57,12.02
2024-07-19,Aave,Optimism,3.7,USDT,227148479,3.7,7.8
2024-07-19,Aave,Optimism,3.75,DAI,257809367,2.62,12.2
2024-07-19,Aave,Polygon,3.92,USDC,241589820,1.05,8.82
2024-07-19,Aave,Polygon,4.3,USDT,258373300,1.21,7.67
2024-07-19,Aave,Polygon,4.09,DAI,240592439,0.9,6.48
2024-07-19,Aave,Base,4.3,USDC,224046590,3.6,9.93
2024-07-19,Aave,Base,3.87,USDT,253544283,3.63,8.75
2024-07-19,Aave,Base,3.81,DAI,261962665,3.22,8.17
2024-07-19,Compound,Ethereum,3.14,USDC,191597922,50.35,0
2024-07-19,Compound,Ethereum,3.22,USDT,184302073,47.67,0
2024-07-19,Compound,Ethereum,3.08,DAI,180797234,36.34,0
2024-07-19,Compound,Arbitrum,3.91,USDC,182606360,3.63,11.97
2024-07-19,Compound,Arbitrum,3.86,USDT,161721442,3.7,12.36
2024-07-19,Compound,Arbitrum,3.56,DAI,179562595,3.13,12.64
2024-07-19,Compound,Optimism,3.62,USDC,177751080,2.2,8.54
2024-07-19,Compound,Optimism,3.43,USDT,177272922,2.75,11.41
2024-07-19,Compound,Optimism,3.63,DAI,171636212,2.43,4.97
2024-07-19,Compound,Polygon,4.09,USDC,179433979,1.06,7.84
2024-07-19,Compound,Polygon,4.21,USDT,186415155,1.33,7.6
2024-07-19,Compound,Polygon,4.15,DAI,182733032,1.63,8.36
2024-07-19,Compound,Base,3.66,USDT,173492959,2.85,11.57
2024-07-19,Compound,Base,3.64,DAI,171747682,2.9,8.7
2024-07-19,Curve,Ethereum,8.04,USDC,282319646,34.39,0
2024-07-19,Curve,Ethereum,8.04,USDT,313393366,42.55,0
2024-07-19,Curve,Ethereum,7.69,DAI,287092763,44.85,0
2024-07-19,Curve,Arbitrum,12.11,USDC,305125136,2.55,8.72
2024-07-19,Curve,Arbitrum,11.26,USDT,299437638,3.24,14.87
2024-07-19,Curve,Arbitrum,9.79,DAI,316019580,3.27,13.8
2024-07-19,Curve,Optimism,9.78,USDC,330951693,4.47,9.92
2024-07-19,Curve,Optimism,10.1,USDT,316188223,1.91,7.6
2024-07-19,Curve,Optimism,8.36,DAI,309932204,2.96,11.19
2024-07-19,Curve,Polygon,8.64,USDC,312320838,1.15,9.44
2024-07-19,Curve,Polygon,8.73,USDT,294157931,1.34,9.47
2024-07-19,Curve,Polygon,12.04,DAI,298291052,1.45,7.77
2024-07-19,Curve,Base,8.07,USDC,268498042,3.39,9.12
2024-07-19,Curve,Base,9.93,DAI,313476316,3.83,8.01
2024-07-19,Uniswap V3,Ethereum,8.66,USDC,91999322,42.25,0
2024-07-19,Uniswap V3,Ethereum,8.13,USDT,89831207,45.87,0
2024-07-19,Uniswap V3,Ethereum,8.66,DAI,92272286,47.87,0
2024-07-19,Uniswap V3,Arbitrum,12.5,USDC,83029766,2.8,12.68
2024-07-19,Uniswap V3,Arbitrum,10.61,USDT,95753140,3.6,13.49
2024-07-19,Uniswap V3,Arbitrum,12.94,DAI,87496416,3.61,16.54
2024-07-19,Uniswap V3,Optimism,9.61,USDC,90382748,3.56,8.1
2024-07-19,Uniswap V3,Optimism,14.11,USDT,91449979,2.81,7.58
2024-07-19,Uniswap V3,Optimism,8.38,DAI,91376894,2.66,10.88
2024-07-19,Uniswap V3,Polygon,9.83,USDC,97695040,1.34,7.95
2024-07-19,Uniswap V3,Polygon,12.0,USDT,88582940,1.6,6.61
2024-07-19,Uniswap V3,Polygon,13.79,DAI,90916503,1.48,6.96
2024-07-19,Uniswap V3,Base,11.7,USDC,85205455,3.02,10.2
2024-07-19,Uniswap V3,Base,9.38,USDT,88754403,3.89,10.04
2024-07-19,Uniswap V3,Base,10.76,DAI,97557961,3.1,12.56
2024-07-19,Yearn,Ethereum,4.2,USDC,115507404,48.14,0
2024-07-19,Yearn,Ethereum,3.75,USDT,121539988,43.52,0
2024-07-19,Yearn,Ethereum,3.78,DAI,109726656,51.11,0
2024-07-19,Yearn,Arbitrum,5.51,USDC,120055204,5.35,15.76
2024-07-19,Yearn,Arbitrum,4.69,USDT,113078756,2.6,13.09
2024-07-19,Yearn,Arbitrum,4.8,DAI,112826853,4.94,13.32
2024-07-19,Yearn,Optimism,5.07,USDC,109425633,2.95,14.05
2024-07-19,Yearn,Optimism,5.05,USDT,120450300,3.45,8.85
2024-07-19,Yearn,Optimism,5.17,DAI,116432457,3.32,11.63
2024-07-19,Yearn,Polygon,5.12,USDC,119578872,1.25,8.45
2024-07-19,Yearn,Polygon,4.56,USDT,127920698,1.67,8.02
2024-07-19,Yearn,Polygon,5.59,DAI,126671146,1.25,7.64
2024-07-19,Yearn,Base,4.98,USDC,121589882,3.24,12.68
2024-07-19,Yearn,Base,4.82,USDT,119940985,3.41,8.53
2024-07-19,Yearn,Base,4.58,DAI,122917212,3.34,12.34
2024-07-19,Pendle,Ethereum,11.64,USDC,71979803,44.38,0
2024-07-19,Pendle,Ethereum,8.83,USDT,78379097,35.64,0
2024-07-19,Pendle,Ethereum,9.81,DAI,83054461,39.14,0
2024-07-19,Pendle,Arbitrum,13.61,USDC,74974668,5.01,7.26
2024-07-19,Pendle,Arbitrum,12.79,USDT,76701020,3.32,11.64
2024-07-19,Pendle,Arbitrum,14.61,DAI,73345250,3.35,13.64
2024-07-19,Pendle,Optimism,11.48,USDC,73595877,3.42,9.56
2024-07-19,Pendle,Optimism,13.54,DAI,71577945,3.75,6.66
2024-07-19,Pendle,Base,14.81,USDC,73980734,2.67,11.1
2024-07-19,Pendle,Base,11.68,USDT,70875113,3.19,7.86
2024-07-19,Pendle,Base,15.01,DAI,72020059,2.64,8.98
2024-07-19,Convex,Ethereum,5.52,USDC,139110586,48.05,0
2024-07-19,Convex,Ethereum,4.9,USDT,152098579,44.15,0
2024-07-19,Convex,Ethereum,6.02,DAI,137356013,47.09,0
2024-07-19,Balancer,Ethereum,9.13,USDC,104609702,35.12,0
2024-07-19,Balancer,Ethereum,7.09,USDT,109994460,43.37,0
2024-07-19,Balancer,Ethereum,9.9,DAI,118759663,51.29,0
2024-07-19,Balancer,Arbitrum,9.73,USDC,94684279,4.29,10.57
2024-07-19,Balancer,Arbitrum,9.98,USDT,105964143,4.57,13.06
2024-07-19,Balancer,Arbitrum,8.49,DAI,107985214,2.63,13.29
2024-07-19,Balancer,Optimism,8.27,USDC,114249064,3.22,12.71
2024-07-19,Balancer,Optimism,10.39,USDT,109113567,2.77,9.5
2024-07-19,Balancer,Optimism,9.41,DAI,114253540,2.71,7.6
2024-07-19,Balancer,Polygon,9.19,USDC,106248985,1.83,8.99
2024-07-19,Balancer,Polygon,11.19,USDT,104139338,1.09,8.19
2024-07-19,Balancer,Base,10.29,USDC,116428559,3.37,11.78
2024-07-19,Balancer,Base,10.18,USDT,120850861,3.94,11.02
2024-07-19,Balancer,Base,9.83,DAI,109932509,3.93,8.11
2024-07-20,Aave,Ethereum,3.19,USDC,227151812,17.83,0
2024-07-20,Aave,Ethereum,3.0,USDT,243358703,26.54,0
2024-07-20,Aave,Ethereum,3.77,DAI,235512490,29.85,0
2024-07-20,Aave,Arbitrum,4.08,USDC,222622260,1.95,16.92
2024-07-20,Aave,Arbitrum,4.15,USDT,226269643,1.78,15.9
2024-07-20,Aave,Arbitrum,3.62,DAI,239517102,1.92,15.66
2024-07-20,Aave,Optimism,3.89,USDC,227852987,1.97,8.8
2024-07-20,Aave,Optimism,3.79,USDT,247123885,2.27,11.33
2024-07-20,Aave,Optimism,3.58,DAI,238973218,1.58,6.07
2024-07-20,Aave,Polygon,4.16,USDC,264158621,1.02,8.03
2024-07-20,Aave,Polygon,4.16,DAI,247628493,0.82,6.51
2024-07-20,Aave,Base,3.87,USDC,233437671,2.35,14.77
2024-07-20,Aave,Base,3.89,USDT,243133231,2.43,10.75
2024-07-20,Compound,Ethereum,3.06,USDC,180258691,27.1,0
2024-07-20,Compound,Ethereum,2.99,USDT,151246380,26.31,0
2024-07-20,Compound,Ethereum,2.77,DAI,166035503,26.14,0
2024-07-20,Compound,Arbitrum,3.61,USDC,178861540,1.63,3.58
2024-07-20,Compound,Arbitrum,3.43,USDT,172914971,2.3,11.45
2024-07-20,Compound,Arbitrum,3.95,DAI,188285570,2.92,8.86
2024-07-20,Compound,Optimism,3.96,USDC,173841998,1.72,6.27
2024-07-20,Compound,Optimism,3.6,USDT,184425526,1.41,8.74
2024-07-20,Compound,Optimism,3.93,DAI,163633143,1.98,7.65
2024-07-20,Compound,Polygon,3.79,USDC,155468529,1.13,6.57
2024-07-20,Compound,Polygon,3.96,USDT,153207438,0.69,8.03
2024-07-20,Compound,Polygon,4.19,DAI,187896254,0.85,3.85
2024-07-20,Compound,Base,3.77,USDC,176962950,2.63,9.66
2024-07-20,Compound,Base,3.7,USDT,170984044,2.8,13.62
2024-07-20,Compound,Base,3.84,DAI,167633150,2.58,13.32
2024-07-20,Curve,Ethereum,9.4,USDC,310629475,30.01,0
2024-07-20,Curve,Ethereum,7.47,USDT,294396423,25.68,0
2024-07-20,Curve,Ethereum,7.13,DAI,313682829,20.39,0
2024-07-20,Curve,Arbitrum,9.09,USDC,295072737,2.99,8.36
2024-07-20,Curve,Arbitrum,9.36,USDT,311434249,2.22,12.65
2024-07-20,Curve,Arbitrum,9.43,DAI,308992372,2.17,15.07
2024-07-20,Curve,Optimism,7.49,USDC,323864138,1.89,9.29
2024-07-20,Curve,Optimism,11.31,DAI,290229764,1.97,6.49
2024-07-20,Curve,Polygon,11.71,USDC,338071117,1.3,6.62
2024-07-20,Curve,Polygon,11.87,USDT,328632212,0.85,9.3
2024-07-20,Curve,Polygon,8.97,DAI,304487323,1.11,8.71
2024-07-20,Uniswap V3,Ethereum,6.52,USDC,92256330,41.75,0
2024-07-20,Uniswap V3,Ethereum,11.42,USDT,97605546,25.04,0
2024-07-20,Uniswap V3,Ethereum,7.15,DAI,92080849,24.68,0
2024-07-20,Uniswap V3,Arbitrum,11.45,USDC,81654024,2.79,8.02
2024-07-20,Uniswap V3,Arbitrum,12.28,USDT,81148650,2.58,16.92
2024-07-20,Uniswap V3,Arbitrum,9.54,DAI,85620486,1.91,13.65
2024-07-20,Uniswap V3,Optimism,10.76,USDC,93999101,2.03,8.13
2024-07-20,Uniswap V3,Optimism,9.45,USDT,92920224,2.59,8.96
2024-07-20,Uniswap V3,Polygon,11.53,USDC,92769625,1.16,9.41
2024-07-20,Uniswap V3,Polygon,12.05,USDT,94284839,0.7,8.2
2024-07-20,Uniswap V3,Polygon,11.33,DAI,86179911,0.89,9.6
2024-07-20,Uniswap V3,Base,9.89,USDC,83255845,2.77,8.42
2024-07-20,Uniswap V3,Base,12.2,USDT,103358287,2.33,9.39
2024-07-20,Uniswap V3,Base,11.18,DAI,87947062,2.85,11.61
2024-07-20,Yearn,Ethereum,3.47,USDC,112107895,24.76,0
2024-07-20,Yearn,Ethereum,3.58,USDT,116955749,18.63,0
2024-07-20,Yearn,Ethereum,4.15,DAI,110550127,33.94,0
2024-07-20,Yearn,Arbitrum,4.87,USDC,119077931,2.8,9.82
2024-07-20,Yearn,Arbitrum,4.81,USDT,114967833,2.95,10.03
2024-07-20,Yearn,Arbitrum,5.15,DAI,108503559,2.82,12.49
2024-07-20,Yearn,Optimism,4.48,USDC,114275556,1.77,9.34
2024-07-20,Yearn,Optimism,4.87,USDT,117136581,2.01,8.04
2024-07-20,Yearn,Optimism,5.06,DAI,115926467,2.12,8.15
2024-07-20,Yearn,Polygon,5.12,USDT,111287154,0.93,9.93
2024-07-20,Yearn,Polygon,4.96,DAI,119628080,1.46,7.77
2024-07-20,Yearn,Base,4.92,USDC,119836880,2.31,10.4
2024-07-20,Yearn,Base,4.92,USDT,117430829,1.78,11.4
2024-07-20,Yearn,Base,4.9,DAI,112094526,2.47,9.77
2024-07-20,Pendle,Ethereum,12.02,USDC,66283420,27.62,0
2024-07-20,Pendle,Ethereum,9.81,DAI,67248327,24.64,0
2024-07-20,Pendle,Arbitrum,16.18,USDC,69831757,2.94,15.57
2024-07-20,Pendle,Arbitrum,14.71,USDT,77881156,2.49,11.49
2024-07-20,Pendle,Arbitrum,13.65,DAI,73184512,2.03,8.88
2024-07-20,Pendle,Optimism,15.31,USDC,70726101,2.13,9.56
2024-07-20,Pendle,Optimism,12.54,USDT,70384613,2.61,9.15
2024-07-20,Pendle,Optimism,12.06,DAI,70228201,2.04,8.16
2024-07-20,Pendle,Base,12.15,USDC,76218974,1.94,12.74
2024-07-20,Pendle,Base,16.43,USDT,67985976,2.56,10.38
2024-07-20,Pendle,Base,13.93,DAI,68026557,2.2,7.58
2024-07-20,Convex,Ethereum,5.67,USDC,144267393,40.47,0
2024-07-20,Convex,Ethereum,5.99,USDT,143300324,25.15,0
2024-07-20,Convex,Ethereum,5.96,DAI,136396364,25.51,0
2024-07-20,Balancer,Ethereum,8.26,USDC,107888252,29.61,0
2024-07-20,Balancer,Ethereum,7.77,USDT,117984066,29.87,0
2024-07-20,Balancer,Ethereum,8.42,DAI,94755117,31.17,0
2024-07-20,Balancer,Arbitrum,9.57,USDT,110241024,2.42,9.34
2024-07-20,Balancer,Optimism,11.03,USDC,101261811,2.06,5.61
2024-07-20,Balancer,Optimism,9.9,USDT,106476906,2.46,7.52
2024-07-20,Balancer,Optimism,10.26,DAI,113187490,1.6,5.88
2024-07-20,Balancer,Polygon,10.14,USDC,115164666,1.19,8.04
2024-07-20,Balancer,Polygon,11.15,USDT,108967983,0.69,7.59
2024-07-20,Balancer,Base,10.19,USDC,113317915,2.7,9.57
2024-07-20,Balancer,Base,10.32,USDT,114391545,2.31,11.62
2024-07-20,Balancer,Base,10.4,DAI,100075105,2.64,9.54
2024-07-21,Aave,Ethereum,3.47,USDC,237918359,25.88,0
2024-07-21,Aave,Ethereum,3.17,USDT,257785409,32.67,0
2024-07-21,Aave,Ethereum,3.23,DAI,237860672,30.23,0
2024-07-21,Aave,Arbitrum,3.65,USDC,229701846,2.6,9.51
2024-07-21,Aave,Arbitrum,4.25,USDT,245727703,2.74,17.91
2024-07-21,Aave,Arbitrum,3.77,DAI,225879025,2.57,14.5
2024-07-21,Aave,Optimism,3.7,USDC,249724161,2.57,8.55
2024-07-21,Aave,Optimism,3.8,USDT,238052415,1.99,8.8
2024-07-21,Aave,Optimism,4.1,DAI,227544750,1.16,9.74
2024-07-21,Aave,Polygon,4.23,USDC,251038238,0.86,7.99
2024-07-21,Aave,Polygon,4.56,USDT,247565295,1.25,7.11
2024-07-21,Aave,Polygon,4.15,DAI,233617649,0.57,3.35
2024-07-21,Aave,Base,4.11,USDC,231361889,2.72,10.59
2024-07-21,Aave,Base,3.91,USDT,219469467,2.34,8.87
2024-07-21,Aave,Base,4.18,DAI,233540998,2.6,6.95
2024-07-21,Compound,Ethereum,2.77,USDC,201044541,27.79,0
2024-07-21,Compound,Ethereum,3.22,USDT,180847061,29.69,0
2024-07-21,Compound,Ethereum,3.05,DAI,176963144,11.56,0
2024-07-21,Compound,Arbitrum,3.97,USDC,172724664,2.14,13.62
2024-07-21,Compound,Arbitrum,3.94,USDT,157051822,2.84,13.96
2024-07-21,Compound,Arbitrum,3.77,DAI,170510510,2.57,11.74
2024-07-21,Compound,Optimism,3.41,USDC,191260634,1.89,4.86
2024-07-21,Compound,Optimism,3.66,DAI,178046454,2.28,8.88
2024-07-21,Compound,Polygon,3.67,USDC,166509485,1.22,8.23
2024-07-21,Compound,Polygon,4.14,USDT,167940594,0.86,7.61
2024-07-21,Compound,Polygon,3.99,DAI,171757479,1.01,8.86
2024-07-21,Compound,Base,3.75,USDC,179636986,1.98,10.06
2024-07-21,Compound,Base,4.1,DAI,160663317,1.83,8.7
2024-07-21,Curve,Ethereum,6.31,USDC,287418962,30.22,0
2024-07-21,Curve,Ethereum,7.05,USDT,303975841,29.1,0
2024-07-21,Curve,Ethereum,8.36,DAI,319442910,34.5,0
2024-07-21,Curve,Arbitrum,10.91,USDC,307649206,2.31,14.25
2024-07-21,Curve,Arbitrum,9.87,USDT,273922773,2.02,16.7
2024-07-21,Curve,Arbitrum,9.71,DAI,307626656,2.58,9.77
2024-07-21,Curve,Optimism,11.68,USDC,312551219,1.9,8.38
2024-07-21,Curve,Optimism,10.67,USDT,307962031,2.57,8.13
2024-07-21,Curve,Optimism,7.7,DAI,306098355,2.51,8.82
2024-07-21,Curve,Polygon,10.7,USDC,289925089,1.03,9.39
2024-07-21,Curve,Polygon,11.57,USDT,273476563,0.98,9.25
2024-07-21,Curve,Polygon,11.18,DAI,299216474,0.95,10.56
2024-07-21,Curve,Base,8.51,USDC,314928177,2.17,11.07
2024-07-21,Curve,Base,9.95,USDT,315304785,2.14,10.27
2024-07-21,Curve,Base,9.98,DAI,277803262,2.28,9.57
2024-07-21,Uniswap V3,Ethereum,8.69,USDC,93036243,32.84,0
2024-07-21,Uniswap V3,Ethereum,8.55,USDT,81565755,25.06,0
2024-07-21,Uniswap V3,Arbitrum,10.75,USDC,98795495,2.69,11.05
2024-07-21,Uniswap V3,Arbitrum,8.33,USDT,78809655,2.24,12.45
2024-07-21,Uniswap V3,Arbitrum,10.28,DAI,87084754,2.33,11.59
2024-07-21,Uniswap V3,Optimism,10.12,USDC,94863819,1.84,6.57
2024-07-21,Uniswap V3,Optimism,11.03,DAI,91967057,1.55,9.44
2024-07-21,Uniswap V3,Polygon,11.48,USDC,93495697,0.9,7.42
2024-07-21,Uniswap V3,Polygon,12.83,USDT,91940323,0.65,7.09
2024-07-21,Uniswap V3,Polygon,9.06,DAI,95064551,0.98,6.82
2024-07-21,Uniswap V3,Base,12.48,USDC,83252713,2.37,15.44
2024-07-21,Uniswap V3,Base,10.42,USDT,89165323,1.96,12.51
2024-07-21,Uniswap V3,Base,11.36,DAI,87106728,2.57,11.19
2024-07-21,Yearn,Ethereum,4.19,USDC,98204323,35.12,0
2024-07-21,Yearn,Ethereum,4.03,USDT,112582186,28.17,0
2024-07-21,Yearn,Ethereum,3.9,DAI,119855837,32.29,0
2024-07-21,Yearn,Arbitrum,4.52,USDC,119534675,1.57,13.49
2024-07-21,Yearn,Arbitrum,4.73,USDT,110082959,2.77,10.7
2024-07-21,Yearn,Arbitrum,5.04,DAI,109227912,2.03,13.3
2024-07-21,Yearn,Optimism,4.79,USDC,117307241,1.84,8.97
2024-07-21,Yearn,Optimism,4.9,USDT,122215232,2.26,10.06
2024-07-21,Yearn,Optimism,4.84,DAI,108942491,1.25,9.34
2024-07-21,Yearn,Polygon,5.38,USDC,114171423,0.69,9.92
2024-07-21,Yearn,Polygon,5.72,DAI,120215861,1.36,5.92
2024-07-21,Yearn,Base,4.6,USDT,124853694,1.8,12.11
2024-07-21,Yearn,Base,4.94,DAI,113250616,2.1,7.58
2024-07-21,Pendle,Ethereum,13.51,USDC,69256173,26.08,0
2024-07-21,Pendle,Ethereum,10.03,USDT,71250390,19.53,0
2024-07-21,Pendle,Ethereum,11.91,DAI,72657824,16.85,0
2024-07-21,Pendle,Arbitrum,11.7,USDC,78604101,2.15,15.31
2024-07-21,Pendle,Arbitrum,13.48,USDT,72554537,2.29,10.23
2024-07-21,Pendle,Arbitrum,14.53,DAI,81543835,1.85,10.09
2024-07-21,Pendle,Optimism,15.27,USDC,74153076,1.71,8.18
2024-07-21,Pendle,Optimism,15.11,USDT,72064696,2.25,7.56
2024-07-21,Pendle,Optimism,11.59,DAI,68046809,1.82,7.12
2024-07-21,Pendle,Base,14.48,USDC,77699824,2.19,11.48
2024-07-21,Pendle,Base,10.78,USDT,71298130,2.65,8.83
2024-07-21,Convex,Ethereum,5.79,USDC,144198859,30.27,0
2024-07-21,Convex,Ethereum,5.82,DAI,148720685,33.01,0
2024-07-21,Balancer,Ethereum,7.53,USDC,106974570,25.34,0
2024-07-21,Balancer,Ethereum,8.65,USDT,107529662,23.93,0
2024-07-21,Balancer,Ethereum,7.38,DAI,103918588,26.64,0
2024-07-21,Balancer,Arbitrum,10.39,USDC,99072722,2.25,8.49
2024-07-21,Balancer,Arbitrum,9.25,DAI,107135185,3.15,11.48
2024-07-21,Balancer,Optimism,12.04,USDC,101509274,2.06,7.8
2024-07-21,Balancer,Optimism,10.0,USDT,108250718,1.56,11.57
2024-07-21,Balancer,Optimism,7.92,DAI,103231931,2.43,10.98
2024-07-21,Balancer,Polygon,7.81,USDC,106823869,1.06,7.75
2024-07-21,Balancer,Polygon,7.85,USDT,95006404,0.87,7.24
2024-07-21,Balancer,Polygon,11.88,DAI,108234909,1.13,7.48
2024-07-21,Balancer,Base,11.03,USDC,103306068,2.45,12.92
2024-07-21,Balancer,Base,9.98,USDT,99508646,2.42,6.37
2024-07-21,Balancer,Base,8.76,DAI,102916512,1.92,10.56
2024-07-22,Aave,Ethereum,3.42,USDC,223510376,39.08,0
2024-07-22,Aave,Ethereum,3.34,USDT,246504307,44.24,0
2024-07-22,Aave,Ethereum,3.28,DAI,220529486,49.79,0
2024-07-22,Aave,Arbitrum,4.16,USDC,244859261,4.47,10.8
2024-07-22,Aave,Arbitrum,4.14,USDT,216538446,3.11,11.9
2024-07-22,Aave,Arbitrum,3.9,DAI,237826137,3.14,7.94
2024-07-22,Aave,Optimism,3.18,USDC,250156896,2.78,9.45
2024-07-22,Aave,Optimism,4.02,USDT,230787837,3.22,11.18
2024-07-22,Aave,Optimism,3.64,DAI,225651952,3.47,10.39
2024-07-22,Aave,Polygon,4.71,USDC,232988716,1.76,6.74
2024-07-22,Aave,Polygon,3.82,USDT,235840873,1.57,8.52
2024-07-22,Aave,Polygon,4.14,DAI,240591257,1.48,6.72
2024-07-22,Aave,Base,4.12,USDT,232624442,3.67,11.44
2024-07-22,Compound,Ethereum,3.12,USDC,158675304,36.84,0
2024-07-22,Compound,Ethereum,3.19,USDT,169831483,32.36,0
2024-07-22,Compound,Ethereum,3.45,DAI,161760892,47.32,0
2024-07-22,Compound,Arbitrum,3.38,USDC,174672547,3.44,17.36
2024-07-22,Compound,Arbitrum,4.05,USDT,176325444,3.42,11.58
2024-07-22,Compound,Arbitrum,3.64,DAI,164220842,5.11,9.2
2024-07-22,Compound,Optimism,3.65,USDC,171799438,3.81,10.31
2024-07-22,Compound,Optimism,3.48,USDT,183081959,3.47,9.66
2024-07-22,Compound,Optimism,3.31,DAI,164531883,3.02,11.2
2024-07-22,Compound,Polygon,4.08,USDC,162334650,1.61,8.22
2024-07-22,Compound,Polygon,3.83,USDT,155807693,1.61,6.9
2024-07-22,Compound,Base,4.23,USDC,176818068,3.65,12.93
2024-07-22,Compound,Base,3.73,USDT,167608674,2.62,12.58
2024-07-22,Compound,Base,3.84,DAI,163461419,3.63,10.16
2024-07-22,Curve,Ethereum,5.63,USDC,303675139,44.85,0
2024-07-22,Curve,Ethereum,9.02,USDT,319959531,43.8,0
2024-07-22,Curve,Ethereum,7.61,DAI,319595201,49.89,0
2024-07-22,Curve,Arbitrum,13.07,USDC,334247203,2.87,12.36
2024-07-22,Curve,Arbitrum,10.1,USDT,287190762,3.88,11.66
2024-07-22,Curve,Arbitrum,10.12,DAI,300249298,2.91,12.41
2024-07-22,Curve,Optimism,9.57,USDC,285698844,3.1,8.81
2024-07-22,Curve,Optimism,8.7,USDT,323041779,2.37,10.13
2024-07-22,Curve,Optimism,11.28,DAI,264492483,2.74,7.3
2024-07-22,Curve,Polygon,10.12,USDC,280200040,1.59,6.73
2024-07-22,Curve,Polygon,11.13,USDT,300532664,2.03,6.17
2024-07-22,Curve,Polygon,12.2,DAI,294591621,1.81,6.36
2024-07-22,Curve,Base,10.17,USDC,289045061,2.88,11.95
2024-07-22,Curve,Base,10.21,USDT,314397550,3.76,10.74
2024-07-22,Curve,Base,10.4,DAI,330835349,3.32,8.01
2024-07-22,Uniswap V3,Ethereum,7.96,USDC,86706439,33.82,0
2024-07-22,Uniswap V3,Ethereum,8.14,USDT,89042838,44.69,0
2024-07-22,Uniswap V3,Ethereum,8.69,DAI,96562077,45.35,0
2024-07-22,Uniswap V3,Arbitrum,12.64,USDC,88451892,2.43,12.66
2024-07-22,Uniswap V3,Arbitrum,8.22,USDT,85206315,3.4,10.46
2024-07-22,Uniswap V3,Arbitrum,10.63,DAI,94998271,5.22,11.19
2024-07-22,Uniswap V3,Optimism,12.02,DAI,90379016,3.5,5.72
2024-07-22,Uniswap V3,Polygon,8.22,USDC,93720153,1.66,4.16
2024-07-22,Uniswap V3,Polygon,10.54,USDT,85171921,1.4,6.63
2024-07-22,Uniswap V3,Polygon,10.57,DAI,91129680,1.92,8.45
2024-07-22,Uniswap V3,Base,9.34,USDC,89469765,3.62,9.95
2024-07-22,Uniswap V3,Base,8.41,USDT,84895860,3.13,9.96
2024-07-22,Uniswap V3,Base,9.85,DAI,84803078,4.51,11.16
2024-07-22,Yearn,Ethereum,4.32,USDC,117334398,47.66,0
2024-07-22,Yearn,Ethereum,4.24,USDT,114690648,32.38,0
2024-07-22,Yearn,Ethereum,3.98,DAI,113874571,58.45,0
2024-07-22,Yearn,Arbitrum,5.36,USDC,126494083,3.18,12.42
2024-07-22,Yearn,Arbitrum,4.94,USDT,102965080,3.99,8.13
2024-07-22,Yearn,Arbitrum,5.71,DAI,112424558,4.4,8.23
2024-07-22,Yearn,Optimism,4.88,USDC,117925279,3.47,10.34
2024-07-22,Yearn,Optimism,5.0,USDT,108697654,2.88,9.41
2024-07-22,Yearn,Optimism,5.08,DAI,114649297,2.86,8.91
2024-07-22,Yearn,Polygon,5.47,USDC,111554789,0.99,12.39
2024-07-22,Yearn,Polygon,4.95,USDT,109422091,1.1,9.04
2024-07-22,Yearn,Polygon,5.18,DAI,107954369,1.4,8.5
2024-07-22,Yearn,Base,4.96,USDC,119544668,2.97,8.93
2024-07-22,Yearn,Base,4.48,USDT,115615246,3.09,9.75
2024-07-22,Yearn,Base,4.19,DAI,117115497,3.65,12.54
2024-07-22,Pendle,Ethereum,10.99,USDC,73063625,34.72,0
2024-07-22,Pendle,Ethereum,10.78,USDT,62782330,44.12,0
2024-07-22,Pendle,Ethereum,11.85,DAI,68017392,43.16,0
2024-07-22,Pendle,Arbitrum,14.32,USDC,76003221,2.19,13.51
2024-07-22,Pendle,Arbitrum,14.37,USDT,71483394,3.53,14.98
2024-07-22,Pendle,Arbitrum,18.45,DAI,71358459,4.46,10.66
2024-07-22,Pendle,Optimism,14.4,USDC,73373198,2.37,12.52
2024-07-22,Pendle,Optimism,15.38,USDT,63584294,3.0,9.34
2024-07-22,Pendle,Optimism,14.34,DAI,69131413,3.66,11.35
2024-07-22,Pendle,Base,16.32,USDC,68846606,3.22,12.56
2024-07-22,Pendle,Base,14.21,DAI,72781877,3.08,12.54
2024-07-22,Convex,Ethereum,5.84,USDC,146566656,45.07,0
2024-07-22,Convex,Ethereum,5.01,USDT,152874338,41.48,0
2024-07-22,Balancer,Ethereum,7.99,USDC,101289949,44.09,0
2024-07-22,Balancer,Ethereum,8.06,USDT,106123962,44.06,0
2024-07-22,Balancer,Ethereum,7.99,DAI,94312764,32.7,0
2024-07-22,Balancer,Arbitrum,11.21,USDC,100167073,4.26,11.69
2024-07-22,Balancer,Arbitrum,9.75,USDT,110054538,3.4,11.2
2024-07-22,Balancer,Arbitrum,11.12,DAI,100923529,3.08,13.45
2024-07-22,Balancer,Optimism,11.07,USDC,104087686,3.37,5.6
2024-07-22,Balancer,Optimism,7.36,USDT,101559042,2.34,7.1
2024-07-22,Balancer,Optimism,10.32,DAI,107192910,2.89,8.64
2024-07-22,Balancer,Polygon,11.89,USDC,107515749,1.89,8.43
2024-07-22,Balancer,Polygon,10.62,USDT,101061498,1.56,8.49
2024-07-22,Balancer,Polygon,10.02,DAI,105822195,1.71,8.33
2024-07-22,Balancer,Base,9.93,USDC,104448825,2.93,8.54
2024-07-22,Balancer,Base,9.2,USDT,106255562,2.81,11.24
2024-07-22,Balancer,Base,7.62,DAI,100858610,3.87,7.36
2024-07-23,Aave,Ethereum,3.42,USDC,221264169,39.57,0
2024-07-23,Aave,Ethereum,3.38,USDT,219163718,30.15,0
2024-07-23,Aave,Ethereum,3.8,DAI,247750683,48.16,0
2024-07-23,Aave,Arbitrum,4.18,USDC,242096199,2.85,13.45
2024-07-23,Aave,Arbitrum,4.14,USDT,237556615,2.82,13.3
2024-07-23,Aave,Arbitrum,4.18,DAI,247015105,3.5,12.7
2024-07-23,Aave,Optimism,4.35,USDC,243638239,3.28,7.12
2024-07-23,Aave,Optimism,3.93,USDT,244589789,3.71,11.23
2024-07-23,Aave,Polygon,4.09,USDC,238314297,1.78,7.88
2024-07-23,Aave,Polygon,4.35,USDT,240478808,1.47,8.08
2024-07-23,Aave,Base,3.54,USDC,212710186,2.72,9.95
2024-07-23,Aave,Base,4.14,USDT,239750402,2.74,11.61
2024-07-23,Aave,Base,3.63,DAI,228006859,4.17,10.51
2024-07-23,Compound,Ethereum,3.13,USDC,147220867,47.25,0
2024-07-23,Compound,Ethereum,3.21,USDT,167621231,36.0,0
2024-07-23,Compound,Ethereum,3.28,DAI,180463807,53.99,0
2024-07-23,Compound,Arbitrum,3.53,USDC,171421956,4.06,12.32
2024-07-23,Compound,Arbitrum,3.8,USDT,174009769,4.47,7.22
2024-07-23,Compound,Arbitrum,3.72,DAI,177220118,3.14,15.45
2024-07-23,Compound,Optimism,3.91,USDC,173080337,2.79,6.63
2024-07-23,Compound,Optimism,3.93,USDT,172652491,2.9,9.25
2024-07-23,Compound,Optimism,4.0,DAI,172435814,3.88,11.31
2024-07-23,Compound,Polygon,4.02,USDC,156948746,1.69,5.67
2024-07-23,Compound,Polygon,4.13,DAI,178343681,1.69,10.5
2024-07-23,Compound,Base,3.82,USDT,176360752,3.06,11.95
2024-07-23,Compound,Base,4.18,DAI,177686379,4.57,7.84
2024-07-23,Curve,Ethereum,8.23,USDC,314082922,34.4,0
2024-07-23,Curve,Ethereum,6.47,USDT,262808563,54.14,0
2024-07-23,Curve,Ethereum,7.58,DAI,315616462,51.19,0
2024-07-23,Curve,Arbitrum,11.37,USDC,293024864,3.36,16.95
2024-07-23,Curve,Arbitrum,9.57,USDT,294353840,4.46,11.37
2024-07-23,Curve,Optimism,10.52,USDC,289387736,2.48,9.76
2024-07-23,Curve,Optimism,8.96,USDT,320326115,2.81,9.9
2024-07-23,Curve,Optimism,8.28,DAI,311084894,3.38,8.69
2024-07-23,Curve,Polygon,12.06,USDC,335796401,0.94,9.3
2024-07-23,Curve,Polygon,13.48,USDT,281132171,1.72,7.08
2024-07-23,Curve,Polygon,9.08,DAI,293639687,1.3,8.55
2024-07-23,Curve,Base,9.71,USDC,284157381,3.37,6.8
2024-07-23,Curve,Base,9.63,USDT,316893438,2.87,13.17
2024-07-23,Curve,Base,9.15,DAI,299620491,3.43,8.83
2024-07-23,Uniswap V3,Ethereum,9.06,USDC,91444878,47.58,0
2024-07-23,Uniswap V3,Ethereum,7.05,USDT,93981213,35.26,0
2024-07-23,Uniswap V3,Ethereum,8.59,DAI,91594291,40.53,0
2024-07-23,Uniswap V3,Arbitrum,11.56,USDC,91620971,3.85,11.66
2024-07-23,Uniswap V3,Arbitrum,10.41,DAI,86210579,2.67,9.34
2024-07-23,Uniswap V3,Optimism,9.66,USDC,91619368,3.51,7.05
2024-07-23,Uniswap V3,Optimism,12.96,USDT,88029885,3.88,8.4
2024-07-23,Uniswap V3,Optimism,9.09,DAI,79215878,3.66,8.85
2024-07-23,Uniswap V3,Polygon,10.2,USDC,96351587,1.47,6.64
2024-07-23,Uniswap V3,Polygon,13.47,USDT,89103572,1.3,9.63
2024-07-23,Uniswap V3,Polygon,11.27,DAI,92652946,1.31,9.63
2024-07-23,Uniswap V3,Base,14.65,USDT,84753903,3.94,9.72
2024-07-23,Uniswap V3,Base,11.42,DAI,79032549,3.15,11.5
2024-07-23,Yearn,Ethereum,4.41,USDT,117516530,36.64,0
2024-07-23,Yearn,Ethereum,4.06,DAI,103774219,46.87,0
2024-07-23,Yearn,Arbitrum,5.36,USDC,109206143,3.8,9.95
2024-07-23,Yearn,Arbitrum,4.93,USDT,104813424,3.85,11.24
2024-07-23,Yearn,Arbitrum,5.11,DAI,126202724,4.45,14.84
2024-07-23,Yearn,Optimism,4.66,USDC,114720762,3.15,8.6
2024-07-23,Yearn,Optimism,4.79,USDT,106574075,2.31,8.46
2024-07-23,Yearn,Optimism,4.76,DAI,117631199,3.1,9.34
2024-07-23,Yearn,Polygon,5.64,USDC,120804859,1.42,9.27
2024-07-23,Yearn,Polygon,4.89,USDT,98821917,1.04,6.94
2024-07-23,Yearn,Polygon,5.47,DAI,125352945,1.18,7.26
2024-07-23,Yearn,Base,4.71,USDC,104291666,3.23,12.7
2024-07-23,Yearn,Base,5.52,USDT,106858225,3.41,11.55
2024-07-23,Yearn,Base,5.01,DAI,116510990,3.64,11.96
2024-07-23,Pendle,Ethereum,12.21,USDC,68440754,45.16,0
2024-07-23,Pendle,Ethereum,11.4,USDT,73021040,46.67,0
2024-07-23,Pendle,Ethereum,11.32,DAI,70140801,41.46,0
2024-07-23,Pendle,Arbitrum,13.69,USDC,71023474,3.43,7.99
2024-07-23,Pendle,Arbitrum,15.1,DAI,73635277,3.91,8.39
2024-07-23,Pendle,Optimism,13.42,USDC,70512952,2.44,8.79
2024-07-23,Pendle,Optimism,11.87,USDT,70822715,3.51,7.53
2024-07-23,Pendle,Optimism,13.87,DAI,73487262,2.02,10.13
2024-07-23,Pendle,Base,11.13,USDC,67627392,3.31,10.57
2024-07-23,Pendle,Base,12.3,USDT,71061414,3.47,11.83
2024-07-23,Pendle,Base,12.58,DAI,67099044,3.74,10.9
2024-07-23,Convex,Ethereum,6.54,USDC,141692387,31.76,0
2024-07-23,Convex,Ethereum,5.55,USDT,141541675,45.58,0
2024-07-23,Convex,Ethereum,5.53,DAI,144378281,40.2,0
2024-07-23,Balancer,Ethereum,9.35,USDC,104476124,51.0,0
2024-07-23,Balancer,Ethereum,8.18,USDT,106337756,46.65,0
2024-07-23,Balancer,Ethereum,9.27,DAI,112909559,50.17,0
2024-07-23,Balancer,Arbitrum,10.73,USDC,110356216,3.29,10.16
2024-07-23,Balancer,Arbitrum,10.52,USDT,105102690,3.27,12.8
2024-07-23,Balancer,Optimism,11.24,USDC,99429505,3.31,8.97
2024-07-23,Balancer,Optimism,10.5,USDT,103918607,3.74,8.48
2024-07-23,Balancer,Optimism,11.12,DAI,110544168,1.8,10.41
2024-07-23,Balancer,Polygon,9.12,USDC,101616491,2.23,8.63
2024-07-23,Balancer,Polygon,9.28,DAI,106937287,1.14,7.61
2024-07-23,Balancer,Base,11.33,USDT,112203852,3.6,9.16
2024-07-23,Balancer,Base,9.91,DAI,109330079,3.91,13.5
2024-07-24,Aave,Ethereum,3.56,USDT,236137750,53.6,0
2024-07-24,Aave,Ethereum,3.26,DAI,226023073,42.35,0
2024-07-24,Aave,Arbitrum,4.23,USDC,240649259,3.6,13.16
2024-07-24,Aave,Arbitrum,3.98,USDT,236238316,4.04,13.12
2024-07-24,Aave,Arbitrum,4.16,DAI,219622679,2.99,10.8
2024-07-24,Aave,Optimism,4.08,USDC,222264277,2.72,10.34
2024-07-24,Aave,Optimism,3.87,USDT,225783351,2.84,6.75
2024-07-24,Aave,Optimism,3.96,DAI,253780820,3.63,11.66
2024-07-24,Aave,Polygon,4.62,USDC,221749941,1.01,8.26
2024-07-24,Aave,Polygon,4.0,USDT,229352754,1.84,9.67
2024-07-24,Aave,Polygon,4.35,DAI,225888619,1.15,7.07
2024-07-24,Aave,Base,3.78,USDC,243712656,3.48,11.96
2024-07-24,Aave,Base,4.46,USDT,246895418,3.89,8.77
2024-07-24,Aave,Base,3.88,DAI,223025515,3.43,9.62
2024-07-24,Compound,Ethereum,3.33,USDC,167511361,32.86,0
2024-07-24,Compound,Ethereum,3.44,USDT,176940272,35.58,0
2024-07-24,Compound,Ethereum,3.08,DAI,164145964,40.39,0
2024-07-24,Compound,Arbitrum,4.02,USDC,165928814,3.39,14.88
2024-07-24,Compound,Arbitrum,4.51,USDT,177882313,3.04,16.65
2024-07-24,Compound,Arbitrum,3.84,DAI,168272874,2.99,11.07
2024-07-24,Compound,Optimism,3.78,USDC,188133194,2.52,12.05
2024-07-24,Compound,Optimism,3.63,DAI,185545631,2.46,10.37
2024-07-24,Compound,Polygon,4.28,USDC,169889372,1.78,9.0
2024-07-24,Compound,Polygon,4.24,USDT,177627263,1.47,8.84
2024-07-24,Compound,Polygon,4.12,DAI,183306733,1.49,6.18
2024-07-24,Compound,Base,4.25,USDC,164001916,2.41,7.98
2024-07-24,Compound,Base,3.97,USDT,170276955,3.69,9.68
2024-07-24,Compound,Base,3.98,DAI,166873307,3.2,10.49
2024-07-24,Curve,Ethereum,9.03,USDC,305233878,46.04,0
2024-07-24,Curve,Ethereum,8.77,USDT,296267486,36.11,0
2024-07-24,Curve,Ethereum,8.67,DAI,324220399,40.42,0
2024-07-24,Curve,Arbitrum,8.42,USDC,302651000,2.63,12.4
2024-07-24,Curve,Arbitrum,10.15,USDT,309619857,4.37,9.6
2024-07-24,Curve,Arbitrum,9.6,DAI,325412186,3.95,8.45
2024-07-24,Curve,Optimism,8.17,USDC,305822408,3.08,10.79
2024-07-24,Curve,Optimism,8.56,USDT,320577855,2.47,4.17
2024-07-24,Curve,Optimism,8.53,DAI,313143994,2.97,12.93
2024-07-24,Curve,Polygon,7.34,USDC,306512123,1.68,8.5
2024-07-24,Curve,Polygon,11.7,DAI,315869608,1.67,8.11
2024-07-24,Curve,Base,9.31,USDC,290783171,3.27,11.61
2024-07-24,Curve,Base,9.19,USDT,315602337,3.6,8.46
2024-07-24,Uniswap V3,Ethereum,11.92,USDC,87242784,39.18,0
2024-07-24,Uniswap V3,Ethereum,9.85,USDT,91710045,38.1,0
2024-07-24,Uniswap V3,Arbitrum,9.86,USDC,99469688,3.38,11.43
2024-07-24,Uniswap V3,Arbitrum,12.52,USDT,92315196,3.75,11.56
2024-07-24,Uniswap V3,Arbitrum,10.02,DAI,89787306,2.22,15.82
2024-07-24,Uniswap V3,Optimism,9.98,USDC,84917095,2.63,9.03
2024-07-24,Uniswap V3,Optimism,10.86,USDT,89808875,3.65,6.98
2024-07-24,Uniswap V3,Optimism,12.43,DAI,90325865,3.54,6.97
2024-07-24,Uniswap V3,Polygon,10.88,USDC,84721831,1.24,8.25
2024-07-24,Uniswap V3,Polygon,10.98,DAI,94865298,1.28,12.61
2024-07-24,Uniswap V3,Base,11.47,USDC,90525908,3.04,8.17
2024-07-24,Uniswap V3,Base,8.61,USDT,88031562,2.67,12.02
2024-07-24,Uniswap V3,Base,10.38,DAI,99010832,3.09,9.84
2024-07-24,Yearn,Ethereum,4.26,USDC,107841368,44.04,0
2024-07-24,Yearn,Ethereum,4.2,USDT,113355685,40.04,0
2024-07-24,Yearn,Ethereum,4.61,DAI,102640364,31.18,0
2024-07-24,Yearn,Arbitrum,4.79,USDC,105293853,3.17,10.44
2024-07-24,Yearn,Arbitrum,5.68,USDT,119352831,2.61,14.03
2024-07-24,Yearn,Arbitrum,4.99,DAI,116871293,3.55,10.84
2024-07-24,Yearn,Optimism,4.68,USDC,113852231,3.53,9.21
2024-07-24,Yearn,Optimism,4.39,USDT,111659488,2.23,7.56
2024-07-24,Yearn,Optimism,5.13,DAI,116852549,4.06,6.21
2024-07-24,Yearn,Polygon,5.11,USDC,97122947,1.37,8.85
2024-07-24,Yearn,Polygon,5.75,USDT,110232939,1.51,5.21
2024-07-24,Yearn,Polygon,5.57,DAI,108916499,1.92,4.92
2024-07-24,Yearn,Base,5.15,USDC,111912774,2.99,9.17
2024-07-24,Yearn,Base,5.06,USDT,117904329,3.08,6.01
2024-07-24,Yearn,Base,5.3,DAI,115342810,4.05,11.45
2024-07-24,Pendle,Ethereum,7.3,USDC,75199615,30.17,0
2024-07-24,Pendle,Ethereum,10.28,USDT,70911920,35.97,0
2024-07-24,Pendle,Ethereum,9.82,DAI,71439543,40.22,0
2024-07-24,Pendle,Arbitrum,15.51,USDC,69528702,3.33,10.08
2024-07-24,Pendle,Arbitrum,14.15,USDT,73837023,3.47,11.85
2024-07-24,Pendle,Arbitrum,11.51,DAI,78366618,4.85,12.22
2024-07-24,Pendle,Optimism,15.7,USDC,71037596,2.43,8.36
2024-07-24,Pendle,Optimism,15.9,USDT,74196367,3.58,8.74
2024-07-24,Pendle,Optimism,12.7,DAI,73899902,3.37,8.57
2024-07-24,Pendle,Base,14.4,USDT,70798040,3.09,10.14
2024-07-24,Pendle,Base,16.72,DAI,75308374,2.88,11.48
2024-07-24,Convex,Ethereum,5.62,USDC,131013553,35.34,0
2024-07-24,Convex,Ethereum,5.98,USDT,147625859,48.39,0
2024-07-24,Convex,Ethereum,5.41,DAI,149833557,30.16,0
2024-07-24,Balancer,Ethereum,7.95,USDC,100235289,48.15,0
2024-07-24,Balancer,Ethereum,6.13,USDT,94487887,30.2,0
2024-07-24,Balancer,Ethereum,7.5,DAI,107621354,35.12,0
2024-07-24,Balancer,Arbitrum,9.33,USDC,99780961,3.71,13.74
2024-07-24,Balancer,Arbitrum,9.18,USDT,106917799,4.02,7.44
2024-07-24,Balancer,Arbitrum,9.51,DAI,108725691,4.07,17.06
2024-07-24,Balancer,Optimism,9.6,USDC,106388480,3.02,8.11
2024-07-24,Balancer,Polygon,11.31,USDC,105102172,1.07,9.61
2024-07-24,Balancer,Polygon,11.01,USDT,109098465,1.56,7.49
2024-07-24,Balancer,Polygon,11.55,DAI,96062446,1.3,9.42
2024-07-24,Balancer,Base,11.85,USDC,117731107,3.79,10.76
2024-07-24,Balancer,Base,9.88,DAI,101784418,2.88,8.72
2024-07-25,Aave,Ethereum,3.08,USDC,235627848,45.61,0
2024-07-25,Aave,Ethereum,3.34,USDT,252863328,39.3,0
2024-07-25,Aave,Ethereum,3.45,DAI,242034965,41.5,0
2024-07-25,Aave,Arbitrum,4.01,USDC,249047186,4.22,10.24
2024-07-25,Aave,Arbitrum,4.29,USDT,221481005,4.8,10.57
2024-07-25,Aave,Arbitrum,4.03,DAI,247821331,3.2,12.76
2024-07-25,Aave,Optimism,3.95,USDC,234348192,2.14,6.38
2024-07-25,Aave,Optimism,3.89,USDT,239293179,3.81,6.67
2024-07-25,Aave,Polygon,4.19,USDC,222482435,1.64,11.0
2024-07-25,Aave,Polygon,4.39,USDT,256997420,1.03,6.69
2024-07-25,Aave,Polygon,4.1,DAI,229836559,1.68,10.13
2024-07-25,Aave,Base,4.25,USDC,229461269,3.11,11.1
2024-07-25,Aave,Base,4.24,USDT,237678298,3.07,8.03
2024-07-25,Aave,Base,4.31,DAI,224529007,3.61,11.51
2024-07-25,Compound,Ethereum,3.04,USDC,171560324,46.32,0
2024-07-25,Compound,Ethereum,3.17,USDT,174617335,39.93,0
2024-07-25,Compound,Ethereum,3.23,DAI,168827170,37.77,0
2024-07-25,Compound,Arbitrum,3.79,USDC,178572390,3.46,13.81
2024-07-25,Compound,Arbitrum,3.95,USDT,185229591,2.2,12.81
2024-07-25,Compound,Arbitrum,3.74,DAI,165260763,4.46,14.08
2024-07-25,Compound,Optimism,3.89,USDC,165926710,2.93,5.95
2024-07-25,Compound,Optimism,3.61,USDT,176776022,2.63,8.43
2024-07-25,Compound,Optimism,3.92,DAI,176664823,3.19,8.79
2024-07-25,Compound,Polygon,4.29,USDC,178018937,1.59,7.77
2024-07-25,Compound,Polygon,4.16,USDT,178664081,1.17,11.99
2024-07-25,Compound,Polygon,3.99,DAI,171313966,1.51,8.45
2024-07-25,Compound,Base,4.03,USDC,180609526,3.48,9.71
2024-07-25,Compound,Base,4.28,USDT,165591011,3.2,11.14
2024-07-25,Compound,Base,3.8,DAI,162084519,4.07,10.65
2024-07-25,Curve,Ethereum,8.04,USDC,265187125,41.84,0
2024-07-25,Curve,Ethereum,8.94,USDT,299633546,34.48,0
2024-07-25,Curve,Ethereum,9.07,DAI,299192754,38.51,0
2024-07-25,Curve,Arbitrum,9.65,USDT,316889485,2.83,11.95
2024-07-25,Curve,Arbitrum,8.81,DAI,267475188,4.03,11.15
2024-07-25,Curve,Optimism,8.22,USDC,301388198,3.34,5.04
2024-07-25,Curve,Optimism,9.61,USDT,305017976,2.76,7.7
2024-07-25,Curve,Optimism,7.92,DAI,324520463,3.23,10.51
2024-07-25,Curve,Polygon,10.56,USDC,322300492,1.41,7.32
2024-07-25,Curve,Polygon,11.26,USDT,315231528,1.73,6.86
2024-07-25,Curve,Polygon,10.92,DAI,296139662,1.26,13.31
2024-07-25,Curve,Base,9.79,USDC,308915297,3.76,13.32
2024-07-25,Curve,Base,8.71,USDT,314342165,3.98,9.38
2024-07-25,Curve,Base,9.93,DAI,295953826,3.22,12.38
2024-07-25,Uniswap V3,Ethereum,6.7,USDC,95297376,51.72,0
2024-07-25,Uniswap V3,Ethereum,10.68,USDT,90060215,39.04,0
2024-07-25,Uniswap V3,Ethereum,10.63,DAI,87843513,44.51,0
2024-07-25,Uniswap V3,Arbitrum,8.92,USDC,101369984,4.08,15.01
2024-07-25,Uniswap V3,Arbitrum,12.51,USDT,92239127,5.08,11.26
2024-07-25,Uniswap V3,Arbitrum,7.02,DAI,86331129,3.31,11.87
2024-07-25,Uniswap V3,Optimism,9.59,USDC,94471137,3.36,7.5
2024-07-25,Uniswap V3,Optimism,9.61,USDT,84913991,3.14,8.47
2024-07-25,Uniswap V3,Optimism,11.96,DAI,89946448,3.51,5.53
2024-07-25,Uniswap V3,Polygon,11.27,USDC,90205814,1.01,9.36
2024-07-25,Uniswap V3,Polygon,8.99,USDT,86900002,1.11,5.51
2024-07-25,Uniswap V3,Polygon,12.46,DAI,90253086,1.09,8.28
2024-07-25,Uniswap V3,Base,10.12,USDC,85375058,2.75,9.91
2024-07-25,Uniswap V3,Base,9.37,USDT,92011564,3.6,11.34
2024-07-25,Uniswap V3,Base,13.94,DAI,92546191,3.21,6.56
2024-07-25,Yearn,Ethereum,4.12,USDC,104741946,43.37,0
2024-07-25,Yearn,Ethereum,3.77,USDT,113423965,50.35,0
2024-07-25,Yearn,Ethereum,4.3,DAI,126927501,34.45,0
2024-07-25,Yearn,Arbitrum,5.09,USDC,109151986,3.39,13.71
2024-07-25,Yearn,Arbitrum,5.25,USDT,105172261,4.64,13.25
2024-07-25,Yearn,Arbitrum,5.26,DAI,114401919,3.7,8.45
2024-07-25,Yearn,Optimism,4.79,USDC,116789129,3.21,7.67
2024-07-25,Yearn,Optimism,4.71,USDT,113980967,3.08,7.57
2024-07-25,Yearn,Optimism,4.08,DAI,108843795,3.88,6.77
2024-07-25,Yearn,Polygon,5.45,USDC,110399011,1.6,8.69
2024-07-25,Yearn,Polygon,5.09,USDT,113657480,1.2,9.23
2024-07-25,Yearn,Polygon,6.41,DAI,114429640,0.61,5.07
2024-07-25,Yearn,Base,5.0,USDC,114255670,3.89,7.98
2024-07-25,Yearn,Base,4.97,USDT,112683866,3.52,10.74
2024-07-25,Yearn,Base,5.05,DAI,116307062,2.85,13.19
2024-07-25,Pendle,Ethereum,12.9,USDC,66362811,34.19,0
2024-07-25,Pendle,Ethereum,10.23,USDT,78567703,40.81,0
2024-07-25,Pendle,Arbitrum,13.25,USDC,67375314,3.38,17.18
2024-07-25,Pendle,Arbitrum,11.34,USDT,75489662,4.26,12.88
2024-07-25,Pendle,Arbitrum,16.93,DAI,66186346,3.78,16.16
2024-07-25,Pendle,Optimism,10.52,USDC,81362501,2.43,7.17
2024-07-25,Pendle,Optimism,16.88,USDT,73860023,2.34,9.59
2024-07-25,Pendle,Optimism,14.68,DAI,76868977,2.8,9.94
2024-07-25,Pendle,Base,12.91,USDC,72650055,3.97,7.71
2024-07-25,Pendle,Base,13.15,USDT,66826688,3.24,9.52
2024-07-25,Pendle,Base,15.58,DAI,75800127,3.61,8.3
2024-07-25,Convex,Ethereum,5.82,USDC,145419600,27.08,0
2024-07-25,Convex,Ethereum,5.68,USDT,141143431,47.31,0
2024-07-25,Convex,Ethereum,4.69,DAI,144675218,44.16,0
2024-07-25,Balancer,Ethereum,7.65,USDC,110788593,48.87,0
2024-07-25,Balancer,Ethereum,7.24,USDT,104734986,59.67,0
2024-07-25,Balancer,Ethereum,8.22,DAI,103642550,35.41,0
2024-07-25,Balancer,Arbitrum,8.41,USDT,103924367,2.85,10.58
2024-07-25,Balancer,Arbitrum,10.61,DAI,104735246,4.73,14.01
2024-07-25,Balancer,Optimism,11.17,USDC,101166404,2.76,10.32
2024-07-25,Balancer,Optimism,9.21,USDT,105936951,2.85,7.87
2024-07-25,Balancer,Optimism,10.63,DAI,102829246,2.96,9.98
2024-07-25,Balancer,Polygon,10.98,USDC,101999084,1.64,9.06
2024-07-25,Balancer,Polygon,11.22,USDT,110705330,1.03,10.11
2024-07-25,Balancer,Polygon,10.96,DAI,110956801,1.64,9.13
2024-07-25,Balancer,Base,9.38,USDC,107175547,3.88,8.34
2024-07-25,Balancer,Base,9.93,USDT,95885335,3.47,10.25
2024-07-25,Balancer,Base,9.53,DAI,108375942,3.52,7.2
2024-07-26,Aave,Ethereum,3.23,USDC,227750020,27.42,0
2024-07-26,Aave,Ethereum,3.47,USDT,253633607,41.51,0
2024-07-26,Aave,Arbitrum,4.2,USDC,253275813,4.13,14.67
2024-07-26,Aave,Arbitrum,3.94,USDT,268854463,2.77,7.75
2024-07-26,Aave,Arbitrum,3.82,DAI,237725275,4.29,7.18
2024-07-26,Aave,Optimism,3.84,USDC,253343982,3.25,10.08
2024-07-26,Aave,Optimism,3.68,USDT,249282609,3.66,7.31
2024-07-26,Aave,Optimism,3.46,DAI,233346103,2.83,10.22
2024-07-26,Aave,Polygon,4.16,USDT,236563371,1.78,7.93
2024-07-26,Aave,Polygon,3.94,DAI,262289812,1.44,8.77
2024-07-26,Aave,Base,4.43,USDC,235824718,3.84,7.69
2024-07-26,Aave,Base,3.95,USDT,237637907,3.21,8.68
2024-07-26,Aave,Base,3.61,DAI,236167411,2.74,7.91
2024-07-26,Compound,Ethereum,3.12,USDC,179717013,34.58,0
2024-07-26,Compound,Ethereum,3.27,USDT,180966198,51.53,0
2024-07-26,Compound,Ethereum,3.1,DAI,180685804,27.45,0
2024-07-26,Compound,Arbitrum,3.54,USDC,159408050,3.31,14.52
2024-07-26,Compound,Arbitrum,3.93,USDT,170935850,4.15,12.02
2024-07-26,Compound,Optimism,3.63,USDC,150674959,4.1,7.4
2024-07-26,Compound,Optimism,3.69,USDT,173082145,3.51,4.8
2024-07-26,Compound,Optimism,3.65,DAI,166151193,4.11,7.41
2024-07-26,Compound,Polygon,4.09,USDC,180696590,1.34,8.27
2024-07-26,Compound,Polygon,3.94,USDT,186579599,1.32,8.39
2024-07-26,Compound,Polygon,4.25,DAI,155029474,1.02,5.92
2024-07-26,Compound,Base,3.78,USDC,162985514,3.8,12.36
2024-07-26,Compound,Base,3.69,USDT,176682083,4.02,7.12
2024-07-26,Compound,Base,3.82,DAI,168888772,3.15,12.21
2024-07-26,Curve,Ethereum,6.92,USDC,341526052,32.04,0
2024-07-26,Curve,Ethereum,7.11,USDT,296686466,46.74,0
2024-07-26,Curve,Ethereum,7.09,DAI,322378772,50.79,0
2024-07-26,Curve,Arbitrum,9.94,USDC,325647922,3.35,16.84
2024-07-26,Curve,Arbitrum,8.37,USDT,334416540,3.06,11.4
2024-07-26,Curve,Arbitrum,9.96,DAI,296898594,2.12,12.23
2024-07-26,Curve,Optimism,10.86,USDC,298146516,2.22,10.08
2024-07-26,Curve,Optimism,9.97,USDT,306948795,1.59,11.01
2024-07-26,Curve,Polygon,9.53,USDC,313038874,1.64,10.26
2024-07-26,Curve,Polygon,12.25,USDT,285419797,1.04,5.86
2024-07-26,Curve,Polygon,8.06,DAI,299409302,1.55,3.34
2024-07-26,Curve,Base,12.65,USDC,326795218,3.05,10.78
2024-07-26,Curve,Base,9.39,USDT,290288086,2.92,8.24
2024-07-26,Curve,Base,10.94,DAI,296478977,3.05,12.39
2024-07-26,Uniswap V3,Ethereum,8.72,USDC,89472031,51.81,0
2024-07-26,Uniswap V3,Ethereum,9.54,USDT,84194978,34.18,0
2024-07-26,Uniswap V3,Ethereum,7.36,DAI,96945500,58.08,0
2024-07-26,Uniswap V3,Arbitrum,11.59,USDC,87085287,3.65,10.97
2024-07-26,Uniswap V3,Arbitrum,14.26,USDT,87943462,2.7,9.46
2024-07-26,Uniswap V3,Arbitrum,13.13,DAI,90092858,3.01,11.11
2024-07-26,Uniswap V3,Optimism,11.3,USDC,87995950,2.87,10.7
2024-07-26,Uniswap V3,Optimism,10.5,USDT,94452674,2.98,5.85
2024-07-26,Uniswap V3,Optimism,8.05,DAI,97325767,2.14,10.9
2024-07-26,Uniswap V3,Polygon,11.72,USDC,93249526,1.45,6.52
2024-07-26,Uniswap V3,Polygon,12.5,USDT,91625806,1.26,11.62
2024-07-26,Uniswap V3,Polygon,11.53,DAI,93086651,1.67,6.95
2024-07-26,Uniswap V3,Base,8.89,USDC,93949411,3.17,11.94
2024-07-26,Uniswap V3,Base,9.8,USDT,93978868,3.17,10.2
2024-07-26,Uniswap V3,Base,13.89,DAI,93052341,3.82,10.5
2024-07-26,Yearn,Ethereum,4.23,USDC,118824263,42.78,0
2024-07-26,Yearn,Ethereum,4.31,USDT,122219041,44.02,0
2024-07-26,Yearn,Ethereum,3.99,DAI,113318321,44.41,0
2024-07-26,Yearn,Arbitrum,4.76,USDC,118223352,3.88,11.23
2024-07-26,Yearn,Arbitrum,4.72,USDT,120082520,4.34,10.14
2024-07-26,Yearn,Arbitrum,4.84,DAI,113963085,3.72,12.15
2024-07-26,Yearn,Optimism,4.53,USDC,119385743,2.57,8.49
2024-07-26,Yearn,Optimism,4.52,USDT,120046656,2.86,11.86
2024-07-26,Yearn,Optimism,5.48,DAI,112455217,4.31,9.95
2024-07-26,Yearn,Polygon,5.16,USDC,116786185,1.15,4.84
2024-07-26,Yearn,Polygon,5.57,USDT,120389860,1.65,7.78
2024-07-26,Yearn,Polygon,4.99,DAI,125040525,1.49,9.26
2024-07-26,Yearn,Base,4.99,USDC,122265976,3.67,9.54
2024-07-26,Yearn,Base,4.61,USDT,110403835,3.51,11.4
2024-07-26,Pendle,Ethereum,11.77,USDC,66145414,31.19,0
2024-07-26,Pendle,Ethereum,12.71,USDT,80278853,45.62,0
2024-07-26,Pendle,Ethereum,13.17,DAI,67610380,58.4,0
2024-07-26,Pendle,Arbitrum,15.32,USDC,69425429,2.63,14.86
2024-07-26,Pendle,Arbitrum,13.42,USDT,70944299,2.59,12.63
2024-07-26,Pendle,Arbitrum,16.75,DAI,75455241,2.97,9.73
2024-07-26,Pendle,Optimism,11.77,USDC,73117830,2.33,8.15
2024-07-26,Pendle,Optimism,14.83,USDT,70305284,3.19,7.94
2024-07-26,Pendle,Optimism,12.26,DAI,64744030,3.05,10.78
2024-07-26,Pendle,Base,15.53,USDC,67358840,3.3,13.0
2024-07-26,Pendle,Base,16.58,USDT,64844055,3.45,11.29
2024-07-26,Pendle,Base,15.9,DAI,72876279,3.3,10.15
2024-07-26,Convex,Ethereum,5.8,USDC,148814962,56.68,0
2024-07-26,Convex,Ethereum,4.82,USDT,153558800,41.92,0
2024-07-26,Convex,Ethereum,4.9,DAI,136062996,43.64,0
2024-07-26,Balancer,Ethereum,7.98,USDC,109777824,37.39,0
2024-07-26,Balancer,Ethereum,9.36,USDT,88245997,34.78,0
2024-07-26,Balancer,Ethereum,8.75,DAI,109625528,40.37,0
2024-07-26,Balancer,Arbitrum,9.17,USDC,101104670,4.15,12.23
2024-07-26,Balancer,Arbitrum,9.52,USDT,102468494,4.21,12.4
2024-07-26,Balancer,Arbitrum,9.2,DAI,99451567,4.04,10.96
2024-07-26,Balancer,Optimism,7.94,USDC,101583998,2.98,10.03
2024-07-26,Balancer,Optimism,9.24,USDT,109124498,3.61,10.49
2024-07-26,Balancer,Optimism,7.88,DAI,110396080,3.78,7.42
2024-07-26,Balancer,Polygon,7.97,USDC,108175148,0.99,8.13
2024-07-26,Balancer,Polygon,10.52,USDT,112977279,1.52,9.17
2024-07-26,Balancer,Polygon,7.59,DAI,107498160,1.77,8.36
2024-07-26,Balancer,Base,9.89,USDC,111020447,3.57,11.32
2024-07-26,Balancer,Base,8.86,USDT,107550392,4.22,11.32
2024-07-26,Balancer,Base,10.42,DAI,111916870,2.58,10.48
2024-07-27,Aave,Ethereum,3.31,USDC,246512378,28.83,0
2024-07-27,Aave,Ethereum,3.34,USDT,249503006,36.22,0
2024-07-27,Aave,Ethereum,3.11,DAI,233531275,27.17,0
2024-07-27,Aave,Arbitrum,4.02,USDC,268853359,2.75,13.03
2024-07-27,Aave,Arbitrum,3.71,USDT,232050580,1.43,8.42
2024-07-27,Aave,Arbitrum,3.96,DAI,224408793,2.6,15.41
2024-07-27,Aave,Optimism,3.86,USDC,244839506,2.15,8.29
2024-07-27,Aave,Optimism,3.57,USDT,241852718,1.39,12.33
2024-07-27,Aave,Optimism,3.63,DAI,242042737,1.7,7.28
2024-07-27,Aave,Polygon,4.01,USDT,235812920,0.94,7.07
2024-07-27,Aave,Polygon,4.42,DAI,264776253,0.77,8.55
2024-07-27,Aave,Base,4.05,USDC,259893107,2.58,7.62
2024-07-27,Aave,Base,3.9,USDT,245234273,2.61,9.38
2024-07-27,Aave,Base,3.61,DAI,215879132,2.87,11.21
2024-07-27,Compound,Ethereum,3.33,USDC,174401352,31.62,0
2024-07-27,Compound,Ethereum,3.18,USDT,176984766,31.84,0
2024-07-27,Compound,Arbitrum,3.97,USDC,191575519,2.35,11.55
2024-07-27,Compound,Arbitrum,3.39,USDT,172957673,2.02,15.59
2024-07-27,Compound,Arbitrum,3.93,DAI,183565039,3.02,19.76
2024-07-27,Compound,Optimism,3.74,USDC,160255340,1.37,8.56
2024-07-27,Compound,Optimism,3.63,DAI,196859607,1.73,10.68
2024-07-27,Compound,Polygon,3.82,USDC,165347432,1.01,9.01
2024-07-27,Compound,Polygon,4.19,DAI,184476356,0.91,8.55
2024-07-27,Compound,Base,3.67,USDC,179349592,2.37,11.34
2024-07-27,Compound,Base,3.45,DAI,179438486,2.5,10.24
2024-07-27,Curve,Ethereum,9.22,USDC,307706165,26.69,0
2024-07-27,Curve,Ethereum,7.61,USDT,324089258,34.65,0
2024-07-27,Curve,Ethereum,9.32,DAI,299623019,29.32,0
2024-07-27,Curve,Arbitrum,9.38,USDC,306491076,2.97,10.67
2024-07-27,Curve,Arbitrum,10.06,USDT,325165785,2.33,9.68
2024-07-27,Curve,Arbitrum,8.49,DAI,332495285,1.63,15.02
2024-07-27,Curve,Optimism,7.63,USDC,357638355,2.07,10.05
2024-07-27,Curve,Optimism,10.64,USDT,321103247,2.21,9.69
2024-07-27,Curve,Polygon,11.71,USDC,288714481,0.83,8.24
2024-07-27,Curve,Polygon,9.94,USDT,311905027,1.06,8.6
2024-07-27,Curve,Polygon,10.36,DAI,344807073,0.91,8.72
2024-07-27,Curve,Base,7.71,USDC,315380693,2.45,11.81
2024-07-27,Curve,Base,11.79,USDT,291724130,2.14,9.06
2024-07-27,Curve,Base,7.46,DAI,321226226,2.47,15.12
2024-07-27,Uniswap V3,Ethereum,10.1,USDT,94902274,27.49,0
2024-07-27,Uniswap V3,Ethereum,9.45,DAI,89602034,26.61,0
2024-07-27,Uniswap V3,Arbitrum,11.58,USDC,91703834,3.1,13.32
2024-07-27,Uniswap V3,Arbitrum,13.37,USDT,95964266,1.53,13.91
2024-07-27,Uniswap V3,Arbitrum,12.16,DAI,88796776,3.28,11.96
2024-07-27,Uniswap V3,Optimism,8.34,USDC,88801653,2.08,10.77
2024-07-27,Uniswap V3,Optimism,12.4,USDT,91517733,1.76,8.62
2024-07-27,Uniswap V3,Optimism,9.35,DAI,103011669,1.74,10.13
2024-07-27,Uniswap V3,Polygon,12.96,USDC,93486678,1.11,8.36
2024-07-27,Uniswap V3,Polygon,10.24,USDT,87323237,0.72,7.59
2024-07-27,Uniswap V3,Polygon,10.17,DAI,81093290,1.1,5.59
2024-07-27,Uniswap V3,Base,10.8,USDC,94536442,1.83,7.18
2024-07-27,Uniswap V3,Base,11.48,USDT,91487137,2.13,6.45
2024-07-27,Uniswap V3,Base,12.84,DAI,89162384,1.75,9.59
2024-07-27,Yearn,Ethereum,4.13,USDC,109131846,29.86,0
2024-07-27,Yearn,Ethereum,3.7,USDT,124376962,31.18,0
2024-07-27,Yearn,Ethereum,4.25,DAI,121927440,25.22,0
2024-07-27,Yearn,Arbitrum,5.19,USDC,120249980,2.56,9.14
2024-07-27,Yearn,Arbitrum,5.01,USDT,112170163,3.13,15.78
2024-07-27,Yearn,Arbitrum,4.96,DAI,125845624,2.54,17.33
2024-07-27,Yearn,Optimism,4.39,USDC,119988840,1.84,8.07
2024-07-27,Yearn,Optimism,5.15,USDT,119607034,2.46,10.11
2024-07-27,Yearn,Optimism,4.72,DAI,121155212,1.27,4.16
2024-07-27,Yearn,Polygon,5.76,USDC,110025705,0.94,7.28
2024-07-27,Yearn,Polygon,4.94,USDT,116770355,0.79,8.02
2024-07-27,Yearn,Polygon,5.32,DAI,111458621,0.89,6.93
2024-07-27,Yearn,Base,4.93,USDC,119416303,2.37,6.99
2024-07-27,Yearn,Base,5.21,USDT,119256989,2.06,13.05
2024-07-27,Yearn,Base,4.51,DAI,104814720,2.63,9.49
2024-07-27,Pendle,Ethereum,9.99,USDC,70886051,29.77,0
2024-07-27,Pendle,Ethereum,9.42,USDT,73133161,38.44,0
2024-07-27,Pendle,Ethereum,13.24,DAI,70959466,31.47,0
2024-07-27,Pendle,Arbitrum,14.38,USDC,71545127,2.03,9.77
2024-07-27,Pendle,Arbitrum,14.41,USDT,73019481,3.03,13.2
2024-07-27,Pendle,Optimism,12.09,USDC,71093968,1.99,8.3
2024-07-27,Pendle,Optimism,10.41,USDT,71435699,2.32,7.77
2024-07-27,Pendle,Optimism,14.35,DAI,71016437,2.09,10.62
2024-07-27,Pendle,Base,13.03,USDC,65179085,2.29,9.15
2024-07-27,Pendle,Base,13.33,USDT,74461757,2.74,7.33
2024-07-27,Pendle,Base,14.26,DAI,66410410,2.1,8.67
2024-07-27,Convex,Ethereum,6.19,USDC,150201036,33.13,0
2024-07-27,Convex,Ethereum,6.14,USDT,138212224,31.36,0
2024-07-27,Convex,Ethereum,6.52,DAI,138137186,29.91,0
2024-07-27,Balancer,Ethereum,8.98,USDC,116723376,37.07,0
2024-07-27,Balancer,Ethereum,8.1,USDT,103402301,22.36,0
2024-07-27,Balancer,Ethereum,7.31,DAI,104949184,31.91,0
2024-07-27,Balancer,Arbitrum,11.01,USDC,112167482,2.35,14.77
2024-07-27,Balancer,Arbitrum,11.66,USDT,112765279,3.1,9.29
2024-07-27,Balancer,Arbitrum,9.06,DAI,100374962,2.3,13.53
2024-07-27,Balancer,Optimism,9.31,USDC,112068571,1.95,9.32
2024-07-27,Balancer,Optimism,8.67,USDT,107649207,1.98,6.49
2024-07-27,Balancer,Optimism,10.03,DAI,106209662,1.66,9.91
2024-07-27,Balancer,Polygon,9.63,USDC,105299764,0.81,5.12
2024-07-27,Balancer,Polygon,10.14,USDT,106880460,0.64,9.47
2024-07-27,Balancer,Polygon,12.04,DAI,108320304,1.02,7.73
2024-07-27,Balancer,Base,9.73,USDC,104681126,2.46,9.74
2024-07-27,Balancer,Base,9.77,USDT,109098576,2.9,6.87
2024-07-27,Balancer,Base,7.32,DAI,115011351,2.53,8.06
2024-07-28,Aave,Ethereum,3.42,USDC,246903963,25.26,0
2024-07-28,Aave,Ethereum,3.43,USDT,256240832,26.58,0
2024-07-28,Aave,Ethereum,3.33,DAI,262121077,26.17,0
2024-07-28,Aave,Arbitrum,3.71,USDC,241387921,2.47,8.72
2024-07-28,Aave,Arbitrum,3.79,USDT,239039271,2.93,9.01
2024-07-28,Aave,Arbitrum,4.31,DAI,265065293,1.86,11.21
2024-07-28,Aave,Optimism,4.13,USDC,258882466,2.82,5.86
2024-07-28,Aave,Optimism,3.81,USDT,242025095,1.99,8.58
2024-07-28,Aave,Optimism,3.58,DAI,259670284,1.98,6.99
2024-07-28,Aave,Polygon,3.6,USDC,254300062,0.87,7.46
2024-07-28,Aave,Polygon,4.02,USDT,241540643,0.85,6.89
2024-07-28,Aave,Polygon,4.5,DAI,269521033,1.2,9.77
2024-07-28,Aave,Base,4.13,USDC,245085655,2.4,11.02
2024-07-28,Aave,Base,4.22,USDT,249097916,2.51,8.03
2024-07-28,Aave,Base,3.65,DAI,237151569,2.11,5.85
2024-07-28,Compound,Ethereum,2.83,USDC,176105063,23.01,0
2024-07-28,Compound,Ethereum,2.78,USDT,178290880,20.69,0
2024-07-28,Compound,Ethereum,3.01,DAI,193371851,29.44,0
2024-07-28,Compound,Arbitrum,3.66,USDC,168333355,1.01,11.7
2024-07-28,Compound,Arbitrum,3.97,DAI,180258569,3.0,15.29
2024-07-28,Compound,Optimism,3.87,USDC,170393005,1.92,6.68
2024-07-28,Compound,Optimism,3.84,USDT,177690005,2.1,9.93
2024-07-28,Compound,Optimism,3.48,DAI,167190945,1.73,7.35
2024-07-28,Compound,Polygon,3.72,USDC,167865672,1.21,7.37
2024-07-28,Compound,Polygon,4.01,USDT,179655899,0.86,8.58
2024-07-28,Compound,Polygon,4.04,DAI,200442439,0.79,10.7
2024-07-28,Compound,Base,3.66,USDC,166928061,2.29,10.16
2024-07-28,Compound,Base,3.77,USDT,179455752,2.22,10.08
2024-07-28,Compound,Base,4.15,DAI,187298430,2.81,10.6
2024-07-28,Curve,Ethereum,7.82,USDC,300542799,29.87,0
2024-07-28,Curve,Ethereum,8.24,USDT,323751583,24.74,0
2024-07-28,Curve,Ethereum,7.56,DAI,317926619,28.96,0
2024-07-28,Curve,Arbitrum,11.03,USDC,324839738,2.58,12.85
2024-07-28,Curve,Arbitrum,9.49,USDT,320496563,2.6,11.07
2024-07-28,Curve,Arbitrum,9.88,DAI,321817598,2.73,13.2
2024-07-28,Curve,Optimism,8.19,USDC,308473858,2.72,15.22
2024-07-28,Curve,Optimism,7.83,USDT,327140476,2.23,8.62
2024-07-28,Curve,Optimism,10.71,DAI,305062030,1.99,10.2
2024-07-28,Curve,Polygon,9.73,USDC,332159640,1.03,7.02
2024-07-28,Curve,Polygon,8.41,USDT,350426329,0.67,8.12
2024-07-28,Curve,Polygon,9.49,DAI,325065507,1.3,7.56
2024-07-28,Curve,Base,9.05,USDC,307654192,2.83,9.16
2024-07-28,Curve,Base,10.72,USDT,328002884,2.3,7.14
2024-07-28,Curve,Base,10.73,DAI,304787571,2.02,9.51
2024-07-28,Uniswap V3,Ethereum,9.38,USDC,95944174,27.65,0
2024-07-28,Uniswap V3,Ethereum,10.63,USDT,87798693,27.74,0
2024-07-28,Uniswap V3,Ethereum,9.33,DAI,92245613,30.57,0
2024-07-28,Uniswap V3,Arbitrum,8.42,USDT,96897176,2.27,12.94
2024-07-28,Uniswap V3,Arbitrum,11.92,DAI,90399430,2.42,7.92
2024-07-28,Uniswap V3,Optimism,10.06,USDC,90437856,1.79,8.29
2024-07-28,Uniswap V3,Optimism,8.92,USDT,90900638,2.44,8.56
2024-07-28,Uniswap V3,Optimism,11.31,DAI,93764626,2.26,11.74
2024-07-28,Uniswap V3,Polygon,9.36,USDC,88245207,1.18,9.53
2024-07-28,Uniswap V3,Polygon,13.0,USDT,93624706,1.01,8.25
2024-07-28,Uniswap V3,Polygon,9.18,DAI,102620803,1.08,7.61
2024-07-28,Uniswap V3,Base,9.9,USDC,92297259,1.93,13.11
2024-07-28,Uniswap V3,Base,10.59,USDT,97462028,2.58,9.73
2024-07-28,Uniswap V3,Base,12.73,DAI,90299999,1.67,7.71
2024-07-28,Yearn,Ethereum,4.16,USDC,129290705,25.95,0
2024-07-28,Yearn,Ethereum,3.93,USDT,118747594,27.97,0
2024-07-28,Yearn,Ethereum,3.77,DAI,124689307,21.65,0
2024-07-28,Yearn,Arbitrum,4.77,USDT,113873372,2.93,14.1
2024-07-28,Yearn,Arbitrum,4.83,DAI,102255794,2.1,15.13
2024-07-28,Yearn,Optimism,4.77,USDT,122841396,2.12,10.36
2024-07-28,Yearn,Optimism,4.4,DAI,113576873,1.23,7.63
2024-07-28,Yearn,Polygon,4.8,USDC,118290766,0.85,8.95
2024-07-28,Yearn,Polygon,5.06,USDT,115271892,1.37,5.19
2024-07-28,Yearn,Polygon,4.94,DAI,118994668,0.73,8.54
2024-07-28,Yearn,Base,5.17,USDC,129296115,2.38,9.63
2024-07-28,Yearn,Base,4.93,USDT,122484974,2.29,9.72
2024-07-28,Yearn,Base,5.11,DAI,122396645,2.22,10.19
2024-07-28,Pendle,Ethereum,9.05,USDC,77017896,26.04,0
2024-07-28,Pendle,Ethereum,10.28,USDT,74852841,31.86,0
2024-07-28,Pendle,Arbitrum,15.88,USDC,75465261,2.58,16.26
2024-07-28,Pendle,Arbitrum,14.47,USDT,73343891,1.89,13.77
2024-07-28,Pendle,Arbitrum,10.86,DAI,71299598,2.46,13.3
2024-07-28,Pendle,Optimism,12.67,USDC,77273719,2.34,6.25
2024-07-28,Pendle,Optimism,15.74,USDT,77564891,2.3,6.76
2024-07-28,Pendle,Optimism,9.83,DAI,76257200,2.37,7.46
2024-07-28,Pendle,Base,12.54,USDC,78126471,2.75,6.73
2024-07-28,Pendle,Base,11.99,DAI,73565574,2.1,11.54
2024-07-28,Convex,Ethereum,5.58,USDC,146207140,27.72,0
2024-07-28,Convex,Ethereum,6.24,USDT,149007201,25.55,0
2024-07-28,Convex,Ethereum,5.95,DAI,153786230,24.0,0
2024-07-28,Balancer,Ethereum,8.06,USDC,99801048,29.42,0
2024-07-28,Balancer,Ethereum,7.37,USDT,108246268,30.54,0
2024-07-28,Balancer,Ethereum,7.19,DAI,114973685,24.17,0
2024-07-28,Balancer,Arbitrum,10.63,USDT,107622348,2.14,8.1
2024-07-28,Balancer,Arbitrum,10.46,DAI,97275241,2.52,10.56
2024-07-28,Balancer,Optimism,10.23,USDC,105115218,2.68,10.47
2024-07-28,Balancer,Optimism,11.09,USDT,103276551,1.82,9.05
2024-07-28,Balancer,Optimism,10.22,DAI,98119843,1.67,10.19
2024-07-28,Balancer,Polygon,10.34,USDC,105638706,1.08,6.37
2024-07-28,Balancer,Polygon,9.27,USDT,107533867,1.15,9.06
2024-07-28,Balancer,Polygon,12.16,DAI,114127180,1.17,8.84
2024-07-28,Balancer,Base,10.24,USDC,107187114,2.51,9.15
2024-07-28,Balancer,Base,10.63,DAI,109348387,2.26,13.71
2024-07-29,Aave,Ethereum,3.19,USDC,258693532,42.09,0
2024-07-29,Aave,Ethereum,3.38,USDT,269898114,46.33,0
2024-07-29,Aave,Ethereum,3.06,DAI,272780427,49.14,0
2024-07-29,Aave,Arbitrum,4.39,USDC,237719686,3.81,12.26
2024-07-29,Aave,Arbitrum,4.21,USDT,242056089,3.95,7.86
2024-07-29,Aave,Arbitrum,4.42,DAI,244307810,3.76,12.77
2024-07-29,Aave,Optimism,3.74,USDC,271632014,2.98,8.09
2024-07-29,Aave,Optimism,3.91,USDT,253613569,3.53,10.83
2024-07-29,Aave,Optimism,3.98,DAI,244179811,2.31,6.52
2024-07-29,Aave,Polygon,4.22,USDC,237842417,1.16,10.35
2024-07-29,Aave,Polygon,3.77,USDT,263754774,1.4,8.93
2024-07-29,Aave,Polygon,4.7,DAI,284917634,1.14,6.88
2024-07-29,Aave,Base,3.86,USDC,246449591,3.53,7.03
2024-07-29,Aave,Base,3.99,USDT,275402775,3.57,6.93
2024-07-29,Aave,Base,4.12,DAI,251265421,3.48,7.23
2024-07-29,Compound,Ethereum,2.81,USDC,181339977,42.53,0
2024-07-29,Compound,Ethereum,3.41,USDT,193193734,42.63,0
2024-07-29,Compound,Ethereum,3.1,DAI,185945098,36.22,0
2024-07-29,Compound,Arbitrum,3.98,USDC,178027230,2.47,13.25
2024-07-29,Compound,Arbitrum,3.66,USDT,190017278,5.06,12.07
2024-07-29,Compound,Arbitrum,3.54,DAI,188637325,3.96,8.14
2024-07-29,Compound,Optimism,3.78,USDC,194766532,2.55,8.79
2024-07-29,Compound,Optimism,3.62,USDT,161874422,3.7,9.97
2024-07-29,Compound,Optimism,3.79,DAI,208381504,3.25,7.87
2024-07-29,Compound,Polygon,4.02,USDT,188659135,1.44,11.67
2024-07-29,Compound,Polygon,4.08,DAI,173487328,1.76,10.74
2024-07-29,Compound,Base,3.6,USDC,175022158,2.94,11.63
2024-07-29,Compound,Base,3.6,USDT,200884885,3.6,9.16
2024-07-29,Compound,Base,3.58,DAI,180531237,4.05,8.96
2024-07-29,Curve,Ethereum,9.07,USDC,304706847,42.62,0
2024-07-29,Curve,Ethereum,8.89,USDT,338618598,52.24,0
2024-07-29,Curve,Ethereum,8.33,DAI,319879996,40.38,0
2024-07-29,Curve,Arbitrum,10.28,USDC,323594685,3.96,15.44
2024-07-29,Curve,Arbitrum,10.0,USDT,335198428,4.01,13.59
2024-07-29,Curve,Arbitrum,9.71,DAI,343198145,3.72,13.27
2024-07-29,Curve,Optimism,10.8,USDT,348291740,3.01,10.35
2024-07-29,Curve,Optimism,8.01,DAI,327011623,2.54,10.17
2024-07-29,Curve,Polygon,9.93,USDC,310028907,1.86,5.28
2024-07-29,Curve,Polygon,9.95,DAI,352875069,2.11,7.38
2024-07-29,Curve,Base,10.36,USDC,305877308,3.33,7.42
2024-07-29,Curve,Base,12.84,USDT,328241010,3.74,8.79
2024-07-29,Curve,Base,7.56,DAI,317597598,3.17,11.77
2024-07-29,Uniswap V3,Ethereum,10.34,USDC,86226249,40.48,0
2024-07-29,Uniswap V3,Ethereum,9.16,USDT,93026541,42.22,0
2024-07-29,Uniswap V3,Ethereum,8.29,DAI,100888850,53.85,0
2024-07-29,Uniswap V3,Arbitrum,11.84,USDC,95473398,2.82,10.89
2024-07-29,Uniswap V3,Arbitrum,10.0,USDT,96070765,5.23,11.05
2024-07-29,Uniswap V3,Arbitrum,11.16,DAI,98357896,3.84,11.68
2024-07-29,Uniswap V3,Optimism,9.86,USDC,94884514,2.38,7.22
2024-07-29,Uniswap V3,Optimism,10.2,USDT,99607522,3.15,9.49
2024-07-29,Uniswap V3,Optimism,9.38,DAI,100671634,3.5,5.76
2024-07-29,Uniswap V3,Polygon,13.2,USDC,94770136,1.96,5.64
2024-07-29,Uniswap V3,Polygon,13.96,USDT,91956263,1.27,8.66
2024-07-29,Uniswap V3,Polygon,11.46,DAI,99434670,1.24,8.41
2024-07-29,Uniswap V3,Base,7.54,DAI,86493929,3.48,12.35
2024-07-29,Yearn,Ethereum,3.6,USDC,122918011,38.62,0
2024-07-29,Yearn,Ethereum,4.18,USDT,118464411,37.99,0
2024-07-29,Yearn,Ethereum,3.61,DAI,123941643,41.76,0
2024-07-29,Yearn,Arbitrum,4.9,USDC,125954365,3.2,11.66
2024-07-29,Yearn,Arbitrum,5.25,USDT,120940669,4.41,14.3
2024-07-29,Yearn,Arbitrum,4.97,DAI,120442973,3.53,10.54
2024-07-29,Yearn,Optimism,5.03,USDC,124327460,3.03,7.74
2024-07-29,Yearn,Optimism,4.13,USDT,122140632,2.67,7.56
2024-07-29,Yearn,Polygon,5.05,USDC,130858247,1.65,5.54
2024-07-29,Yearn,Polygon,5.69,USDT,110010702,1.18,7.41
2024-07-29,Yearn,Polygon,4.91,DAI,132660406,0.77,8.04
2024-07-29,Yearn,Base,5.02,USDT,108561460,3.57,12.86
2024-07-29,Yearn,Base,4.74,DAI,124586283,2.68,13.02
2024-07-29,Pendle,Ethereum,12.41,USDC,76646289,32.85,0
2024-07-29,Pendle,Ethereum,12.09,DAI,79426474,42.69,0
2024-07-29,Pendle,Arbitrum,11.71,USDC,75432542,4.2,11.24
2024-07-29,Pendle,Arbitrum,14.39,USDT,73317234,3.77,13.49
2024-07-29,Pendle,Arbitrum,15.47,DAI,74279038,3.81,10.27
2024-07-29,Pendle,Optimism,14.44,USDC,72116235,2.53,10.82
2024-07-29,Pendle,Optimism,13.44,USDT,77002714,2.79,10.81
2024-07-29,Pendle,Optimism,12.8,DAI,81394804,3.71,13.93
2024-07-29,Pendle,Base,12.62,USDC,79308339,2.88,12.84
2024-07-29,Pendle,Base,14.71,USDT,84110314,2.99,10.1
2024-07-29,Pendle,Base,14.36,DAI,73706241,3.22,8.63
2024-07-29,Convex,Ethereum,6.62,USDC,152797829,46.42,0
2024-07-29,Convex,Ethereum,5.65,USDT,134911374,42.74,0
2024-07-29,Convex,Ethereum,5.87,DAI,150039982,27.72,0
2024-07-29,Balancer,Ethereum,9.86,USDC,103386875,50.05,0
2024-07-29,Balancer,Ethereum,8.77,USDT,117451922,34.58,0
2024-07-29,Balancer,Ethereum,8.08,DAI,112649424,30.27,0
2024-07-29,Balancer,Arbitrum,11.05,USDC,116096257,3.22,13.73
2024-07-29,Balancer,Arbitrum,9.74,USDT,102807190,2.28,9.1
2024-07-29,Balancer,Arbitrum,11.85,DAI,103491349,2.64,15.9
2024-07-29,Balancer,Optimism,7.95,USDT,111978022,2.96,9.72
2024-07-29,Balancer,Optimism,10.43,DAI,112278494,2.42,9.46
2024-07-29,Balancer,Polygon,10.24,USDC,117977347,1.4,5.09
2024-07-29,Balancer,Polygon,11.47,USDT,110838366,1.79,7.75
2024-07-29,Balancer,Polygon,10.22,DAI,107291840,1.22,8.3
2024-07-29,Balancer,Base,9.89,USDC,118700817,2.75,9.27
2024-07-29,Balancer,Base,10.97,USDT,120312953,3.75,9.99
2024-07-29,Balancer,Base,9.65,DAI,110660889,3.29,13.05
2024-07-30,Aave,Ethereum,3.53,USDC,267462137,39.68,0
2024-07-30,Aave,Ethereum,3.62,USDT,257152361,33.38,0
2024-07-30,Aave,Arbitrum,4.18,USDC,251163939,2.65,14.07
2024-07-30,Aave,Arbitrum,3.88,USDT,267895018,3.94,11.06
2024-07-30,Aave,Arbitrum,3.95,DAI,265812492,4.08,13.15
2024-07-30,Aave,Optimism,3.78,USDC,249483752,3.61,10.19
2024-07-30,Aave,Optimism,4.15,USDT,256280052,2.68,11.35
2024-07-30,Aave,Optimism,3.93,DAI,257576670,2.73,10.29
2024-07-30,Aave,Polygon,4.15,USDC,263060944,1.62,7.16
2024-07-30,Aave,Polygon,4.13,USDT,261584790,1.24,9.32
2024-07-30,Aave,Polygon,4.49,DAI,254710202,1.79,7.02
2024-07-30,Aave,Base,3.82,USDC,248397786,3.36,12.83
2024-07-30,Aave,Base,4.01,USDT,242174024,2.96,12.33
2024-07-30,Aave,Base,4.14,DAI,255273191,3.21,9.94
2024-07-30,Compound,Ethereum,3.26,DAI,181333808,33.77,0
2024-07-30,Compound,Arbitrum,3.92,USDC,180405126,3.76,11.24
2024-07-30,Compound,Optimism,3.81,USDT,207396171,2.96,8.46
2024-07-30,Compound,Optimism,3.82,DAI,201566601,2.93,9.69
2024-07-30,Compound,Polygon,4.35,USDT,175378301,1.16,9.46
2024-07-30,Compound,Polygon,4.02,DAI,171070745,1.6,8.28
2024-07-30,Compound,Base,4.08,USDC,196611974,3.8,9.81
2024-07-30,Compound,Base,4.14,USDT,174861427,2.94,12.02
2024-07-30,Compound,Base,3.67,DAI,183931355,3.08,12.17
2024-07-30,Curve,Ethereum,10.09,USDC,351381528,53.86,0
2024-07-30,Curve,Ethereum,7.15,DAI,331874318,28.83,0
2024-07-30,Curve,Arbitrum,9.6,USDC,340222751,4.42,10.58
2024-07-30,Curve,Arbitrum,11.65,USDT,321707521,4.03,10.06
2024-07-30,Curve,Arbitrum,10.73,DAI,346626858,4.01,11.04
2024-07-30,Curve,Optimism,11.07,USDC,322242370,2.06,8.68
2024-07-30,Curve,Optimism,7.89,USDT,308779486,2.52,12.62
2024-07-30,Curve,Optimism,10.28,DAI,340289794,2.84,11.09
2024-07-30,Curve,Polygon,8.57,USDC,332804258,1.38,6.96
2024-07-30,Curve,Polygon,11.1,USDT,305535153,1.24,9.64
2024-07-30,Curve,Polygon,12.31,DAI,330656106,1.88,7.7
2024-07-30,Curve,Base,10.5,USDC,343861954,3.23,9.21
2024-07-30,Curve,Base,9.5,USDT,337638597,3.22,10.99
2024-07-30,Curve,Base,7.06,DAI,349703428,2.62,7.76
2024-07-30,Uniswap V3,Ethereum,9.52,USDC,96732161,48.95,0
2024-07-30,Uniswap V3,Ethereum,9.83,USDT,97859947,28.32,0
2024-07-30,Uniswap V3,Ethereum,10.83,DAI,93693109,48.45,0
2024-07-30,Uniswap V3,Arbitrum,9.89,USDC,88766050,3.33,11.93
2024-07-30,Uniswap V3,Arbitrum,12.64,DAI,99908552,3.45,13.38
2024-07-30,Uniswap V3,Optimism,11.01,USDC,99906569,2.24,8.94
2024-07-30,Uniswap V3,Optimism,13.53,USDT,95778848,3.51,7.76
2024-07-30,Uniswap V3,Optimism,11.31,DAI,98639233,2.62,12.72
2024-07-30,Uniswap V3,Polygon,14.31,USDC,99960107,1.29,6.63
2024-07-30,Uniswap V3,Polygon,15.99,USDT,98406819,0.8,10.53
2024-07-30,Uniswap V3,Base,9.89,USDC,101244026,2.94,7.78
2024-07-30,Uniswap V3,Base,13.05,USDT,98888857,2.95,14.53
2024-07-30,Uniswap V3,Base,11.23,DAI,99747614,3.06,8.33
2024-07-30,Yearn,Ethereum,4.34,USDC,125676002,53.25,0
2024-07-30,Yearn,Ethereum,4.5,USDT,129199755,45.15,0
2024-07-30,Yearn,Ethereum,4.01,DAI,123922372,45.04,0
2024-07-30,Yearn,Arbitrum,4.64,USDC,131292555,3.65,12.96
2024-07-30,Yearn,Arbitrum,4.45,DAI,113597111,3.61,14.31
2024-07-30,Yearn,Optimism,4.95,USDC,121562670,1.64,9.78
2024-07-30,Yearn,Optimism,5.32,USDT,118984627,3.13,10.51
2024-07-30,Yearn,Optimism,4.7,DAI,130046381,3.1,6.83
2024-07-30,Yearn,Polygon,5.28,USDC,126110783,1.21,4.51
2024-07-30,Yearn,Polygon,5.0,USDT,136211241,1.84,10.52
2024-07-30,Yearn,Polygon,5.09,DAI,123079803,1.56,6.55
2024-07-30,Yearn,Base,4.98,USDC,124875647,3.18,9.73
2024-07-30,Yearn,Base,5.42,USDT,126147242,3.98,8.77
2024-07-30,Yearn,Base,5.6,DAI,122262509,3.89,11.56
2024-07-30,Pendle,Ethereum,12.18,USDC,79681437,36.25,0
2024-07-30,Pendle,Ethereum,13.65,DAI,78581839,38.26,0
2024-07-30,Pendle,Arbitrum,19.46,USDC,74771023,3.29,10.43
2024-07-30,Pendle,Arbitrum,13.9,USDT,77667180,4.78,11.52
2024-07-30,Pendle,Arbitrum,12.67,DAI,79230537,3.84,9.86
2024-07-30,Pendle,Optimism,12.5,USDT,80439572,2.41,9.4
2024-07-30,Pendle,Optimism,13.85,DAI,82461827,3.19,11.34
2024-07-30,Pendle,Base,14.54,USDC,78149556,3.21,7.18
2024-07-30,Pendle,Base,8.8,USDT,78310797,3.42,10.15
2024-07-30,Pendle,Base,15.42,DAI,75360245,3.33,11.48
2024-07-30,Convex,Ethereum,6.09,USDC,159459525,49.72,0
2024-07-30,Convex,Ethereum,6.14,USDT,143195400,45.42,0
2024-07-30,Convex,Ethereum,5.28,DAI,147061658,59.71,0
2024-07-30,Balancer,Ethereum,8.51,USDC,113449802,53.99,0
2024-07-30,Balancer,Ethereum,7.9,USDT,118253395,49.91,0
2024-07-30,Balancer,Arbitrum,9.31,USDC,112671182,4.87,13.07
2024-07-30,Balancer,Arbitrum,8.91,USDT,116327085,3.53,10.69
2024-07-30,Balancer,Arbitrum,9.07,DAI,115294961,3.72,10.73
2024-07-30,Balancer,Optimism,10.0,USDC,109536024,3.67,7.21
2024-07-30,Balancer,Polygon,11.8,USDC,115533761,1.44,9.47
2024-07-30,Balancer,Polygon,10.23,USDT,111736887,1.47,9.18
2024-07-30,Balancer,Polygon,10.94,DAI,118599932,1.36,8.57
2024-07-30,Balancer,Base,11.91,USDC,106091139,4.06,11.36
2024-07-30,Balancer,Base,10.77,USDT,117322554,3.96,10.44
2024-07-30,Balancer,Base,10.21,DAI,115665400,3.2,11.65
2024-07-31,Aave,Ethereum,3.29,USDC,268823836,41.16,0
2024-07-31,Aave,Ethereum,3.42,USDT,267163342,34.75,0
2024-07-31,Aave,Ethereum,3.74,DAI,254540526,46.6,0
2024-07-31,Aave,Arbitrum,4.43,USDC,259328594,3.84,12.6
2024-07-31,Aave,Arbitrum,4.01,USDT,253991283,3.91,13.7
2024-07-31,Aave,Arbitrum,3.87,DAI,270644699,3.78,12.02
2024-07-31,Aave,Optimism,3.83,USDC,264869715,2.97,11.13
2024-07-31,Aave,Optimism,3.67,USDT,267058168,2.73,7.62
2024-07-31,Aave,Optimism,4.13,DAI,249401121,2.72,8.52
2024-07-31,Aave,Polygon,4.17,USDC,264654963,1.27,7.98
2024-07-31,Aave,Polygon,4.1,USDT,295756606,1.77,9.24
2024-07-31,Aave,Polygon,4.65,DAI,270128574,1.78,6.61
2024-07-31,Aave,Base,3.96,USDC,263071380,2.65,7.32
2024-07-31,Aave,Base,3.78,USDT,271945077,2.94,11.22
2024-07-31,Aave,Base,4.17,DAI,266596106,2.98,9.59
2024-07-31,Compound,Ethereum,3.32,USDC,177761569,39.35,0
2024-07-31,Compound,Ethereum,3.24,USDT,183877978,38.66,0
2024-07-31,Compound,Ethereum,2.98,DAI,184552087,36.12,0
2024-07-31,Compound,Arbitrum,4.04,USDT,187540891,3.34,15.0
2024-07-31,Compound,Arbitrum,3.81,DAI,185547204,3.21,13.05
2024-07-31,Compound,Optimism,3.58,USDC,182117349,2.59,9.36
2024-07-31,Compound,Optimism,4.0,USDT,175026173,3.04,9.07
2024-07-31,Compound,Optimism,3.93,DAI,183333409,2.56,9.13
2024-07-31,Compound,Polygon,4.41,USDC,170914480,1.59,10.17
2024-07-31,Compound,Polygon,3.94,USDT,177192441,2.01,5.91
2024-07-31,Compound,Polygon,3.76,DAI,190969951,1.86,9.89
2024-07-31,Compound,Base,4.01,USDC,181647338,2.92,9.28
2024-07-31,Compound,Base,3.71,USDT,187127035,3.66,10.46
2024-07-31,Compound,Base,3.7,DAI,192390993,3.21,12.69
2024-07-31,Curve,Ethereum,8.42,USDC,331839430,43.09,0
2024-07-31,Curve,Ethereum,5.66,USDT,315543324,43.03,0
2024-07-31,Curve,Arbitrum,10.73,USDT,353415460,2.17,14.4
2024-07-31,Curve,Optimism,10.57,USDC,362843721,2.62,10.71
2024-07-31,Curve,Optimism,11.23,USDT,350507163,4.05,8.7
2024-07-31,Curve,Optimism,8.58,DAI,358733434,2.95,5.74
2024-07-31,Curve,Polygon,12.25,USDC,346838312,1.64,7.61
2024-07-31,Curve,Polygon,10.95,DAI,334997215,1.03,4.68
2024-07-31,Curve,Base,8.83,USDC,315581180,3.81,11.98
2024-07-31,Curve,Base,10.74,USDT,307491410,3.73,9.34
2024-07-31,Uniswap V3,Ethereum,6.85,USDT,104928346,42.31,0
2024-07-31,Uniswap V3,Ethereum,9.46,DAI,94124078,52.32,0
2024-07-31,Uniswap V3,Arbitrum,10.63,USDC,101227014,2.46,12.1
2024-07-31,Uniswap V3,Arbitrum,11.27,USDT,98622375,4.88,13.12
2024-07-31,Uniswap V3,Arbitrum,11.56,DAI,95895953,3.09,9.74
2024-07-31,Uniswap V3,Optimism,9.61,USDC,102797894,3.13,8.58
2024-07-31,Uniswap V3,Optimism,10.35,USDT,104961843,3.09,8.49
2024-07-31,Uniswap V3,Optimism,9.69,DAI,99905375,2.74,10.87
2024-07-31,Uniswap V3,Polygon,12.99,USDT,93466032,1.74,7.49
2024-07-31,Uniswap V3,Polygon,8.44,DAI,102343309,1.53,7.77
2024-07-31,Uniswap V3,Base,14.82,USDC,93191186,4.05,10.45
2024-07-31,Uniswap V3,Base,10.4,USDT,100091213,3.04,8.63
2024-07-31,Uniswap V3,Base,10.03,DAI,99460752,3.17,10.05
2024-07-31,Yearn,Ethereum,4.19,USDC,130915528,51.01,0
2024-07-31,Yearn,Ethereum,4.07,DAI,129049542,33.16,0
2024-07-31,Yearn,Arbitrum,4.59,USDC,128023845,1.62,13.6
2024-07-31,Yearn,Arbitrum,5.12,USDT,123828995,3.63,14.54
2024-07-31,Yearn,Arbitrum,5.41,DAI,123479702,3.35,15.82
2024-07-31,Yearn,Optimism,4.39,USDC,126990814,3.71,6.89
2024-07-31,Yearn,Optimism,5.15,USDT,137006746,3.47,8.16
2024-07-31,Yearn,Optimism,4.93,DAI,132393133,3.66,8.19
2024-07-31,Yearn,Polygon,5.16,USDT,133291744,1.69,8.88
2024-07-31,Yearn,Polygon,4.98,DAI,135559683,1.38,7.92
2024-07-31,Yearn,Base,5.01,USDC,134580434,3.36,8.16
2024-07-31,Yearn,Base,4.77,USDT,132527561,4.05,13.53
2024-07-31,Yearn,Base,4.81,DAI,124959827,3.1,11.75
2024-07-31,Pendle,Ethereum,12.16,USDC,79523130,37.09,0
2024-07-31,Pendle,Ethereum,10.11,USDT,83245044,32.49,0
2024-07-31,Pendle,Ethereum,9.66,DAI,77452859,49.4,0
2024-07-31,Pendle,Arbitrum,10.97,USDC,78819578,4.16,6.31
2024-07-31,Pendle,Arbitrum,12.42,USDT,88249536,2.78,11.0
2024-07-31,Pendle,Arbitrum,17.01,DAI,72223253,3.06,12.9
2024-07-31,Pendle,Optimism,15.23,USDC,77329919,2.77,9.35
2024-07-31,Pendle,Optimism,12.82,USDT,75036299,2.74,6.59
2024-07-31,Pendle,Base,12.09,USDC,82821825,3.01,12.97
2024-07-31,Pendle,Base,11.33,USDT,84455550,3.37,11.05
2024-07-31,Pendle,Base,14.47,DAI,82343168,4.46,8.79
2024-07-31,Convex,Ethereum,6.94,USDC,155574952,41.6,0
2024-07-31,Convex,Ethereum,5.64,USDT,156643914,37.41,0
2024-07-31,Convex,Ethereum,5.14,DAI,156683706,40.51,0
2024-07-31,Balancer,Ethereum,7.98,USDC,120395305,18.76,0
2024-07-31,Balancer,Ethereum,7.46,USDT,117656909,47.15,0
2024-07-31,Balancer,Ethereum,7.48,DAI,119751072,40.61,0
2024-07-31,Balancer,Arbitrum,9.21,USDC,124048350,2.95,9.66
2024-07-31,Balancer,Arbitrum,9.01,DAI,123292715,5.09,11.03
2024-07-31,Balancer,Optimism,11.08,USDT,114880095,2.14,12.4
2024-07-31,Balancer,Optimism,8.32,DAI,114943853,2.86,11.63
2024-07-31,Balancer,Polygon,11.01,USDC,117040195,0.96,9.13
2024-07-31,Balancer,Polygon,11.38,USDT,124485245,1.53,6.6
2024-07-31,Balancer,Polygon,10.14,DAI,107077231,1.54,10.0
2024-07-31,Balancer,Base,11.21,USDC,112687482,3.86,7.49
2024-07-31,Balancer,Base,8.99,USDT,110440051,3.03,12.2
2024-07-31,Balancer,Base,8.8,DAI,114519859,3.69,11.63
2024-08-01,Aave,Ethereum,3.15,USDC,271956475,33.02,0
2024-08-01,Aave,Ethereum,3.4,USDT,275502170,36.38,0
2024-08-01,Aave,Arbitrum,4.56,USDC,257278073,3.48,11.88
2024-08-01,Aave,Arbitrum,3.78,USDT,268361256,4.67,12.52
2024-08-01,Aave,Arbitrum,3.62,DAI,278762423,3.31,16.31
2024-08-01,Aave,Optimism,3.54,USDC,275020420,3.1,7.04
2024-08-01,Aave,Optimism,4.19,USDT,283724887,3.04,12.44
2024-08-01,Aave,Optimism,3.45,DAI,257114575,3.57,9.99
2024-08-01,Aave,Polygon,3.99,USDC,277227217,1.19,8.98
2024-08-01,Aave,Polygon,4.21,USDT,267787221,1.66,7.64
2024-08-01,Aave,Polygon,3.87,DAI,246248714,1.3,10.59
2024-08-01,Aave,Base,4.45,USDC,262590966,2.45,11.99
2024-08-01,Aave,Base,3.71,DAI,257165843,4.05,5.5
2024-08-01,Compound,Ethereum,3.06,USDC,206787021,36.26,0
2024-08-01,Compound,Ethereum,3.11,USDT,193376690,38.62,0
2024-08-01,Compound,Ethereum,3.07,DAI,204425037,42.88,0
2024-08-01,Compound,Arbitrum,3.65,USDC,202835206,3.72,12.42
2024-08-01,Compound,Arbitrum,3.69,USDT,193062811,4.11,15.0
2024-08-01,Compound,Arbitrum,3.74,DAI,187568069,3.09,13.23
2024-08-01,Compound,Optimism,3.8,USDC,185432142,3.2,6.68
2024-08-01,Compound,Optimism,3.83,USDT,185570283,2.69,7.17
2024-08-01,Compound,Optimism,3.19,DAI,171474950,2.42,11.25
2024-08-01,Compound,Polygon,3.89,USDC,195129181,1.1,5.49
2024-08-01,Compound,Polygon,4.02,USDT,207850769,1.63,6.58
2024-08-01,Compound,Polygon,3.95,DAI,188912307,1.77,8.44
2024-08-01,Compound,Base,3.85,USDC,214651272,2.05,8.79
2024-08-01,Compound,Base,3.85,USDT,182929035,3.32,8.15
2024-08-01,Compound,Base,3.8,DAI,205276828,3.29,13.41
2024-08-01,Curve,Ethereum,7.03,USDC,348677628,48.37,0
2024-08-01,Curve,Ethereum,7.7,DAI,351219642,57.67,0
2024-08-01,Curve,Arbitrum,8.77,USDC,346238990,3.14,13.44
2024-08-01,Curve,Arbitrum,7.18,USDT,360073653,3.72,11.84
2024-08-01,Curve,Optimism,6.92,USDC,331236660,3.57,7.99
2024-08-01,Curve,Optimism,8.67,USDT,371761167,3.07,14.63
2024-08-01,Curve,Optimism,8.23,DAI,313467511,2.26,9.25
2024-08-01,Curve,Polygon,9.12,USDC,334719693,1.21,8.92
2024-08-01,Curve,Polygon,10.96,USDT,365252420,1.06,7.58
2024-08-01,Curve,Polygon,13.24,DAI,384765715,1.45,9.15
2024-08-01,Curve,Base,11.86,USDC,367379844,3.53,7.05
2024-08-01,Curve,Base,8.33,USDT,320281317,3.49,7.83
2024-08-01,Curve,Base,12.39,DAI,335793059,3.47,7.8
2024-08-01,Uniswap V3,Ethereum,6.92,USDC,102071699,50.9,0
2024-08-01,Uniswap V3,Ethereum,7.39,USDT,98160704,27.46,0
2024-08-01,Uniswap V3,Ethereum,9.18,DAI,110063921,45.84,0
2024-08-01,Uniswap V3,Arbitrum,13.77,USDC,98595653,3.62,10.55
2024-08-01,Uniswap V3,Arbitrum,9.77,USDT,98517382,2.26,12.26
2024-08-01,Uniswap V3,Arbitrum,11.29,DAI,93353675,3.06,13.1
2024-08-01,Uniswap V3,Optimism,7.6,USDC,105150865,2.78,9.54
2024-08-01,Uniswap V3,Optimism,9.35,USDT,101889383,2.79,10.85
2024-08-01,Uniswap V3,Optimism,9.24,DAI,104938820,3.81,10.46
2024-08-01,Uniswap V3,Polygon,9.69,USDC,102643915,1.11,8.17
2024-08-01,Uniswap V3,Polygon,10.89,USDT,102134023,1.5,6.63
2024-08-01,Uniswap V3,Polygon,13.18,DAI,105142765,1.29,6.04
2024-08-01,Uniswap V3,Base,13.72,USDC,102091176,3.31,9.98
2024-08-01,Uniswap V3,Base,8.22,USDT,96029407,4.3,5.91
2024-08-01,Uniswap V3,Base,9.97,DAI,108673504,3.84,11.96
2024-08-01,Yearn,Ethereum,4.2,USDC,130495305,42.55,0
2024-08-01,Yearn,Ethereum,3.88,USDT,129965423,45.35,0
2024-08-01,Yearn,Ethereum,4.34,DAI,127251824,53.04,0
2024-08-01,Yearn,Arbitrum,5.06,USDT,132391262,4.53,12.95
2024-08-01,Yearn,Arbitrum,5.85,DAI,131668891,3.9,12.97
2024-08-01,Yearn,Optimism,4.63,USDT,125120238,3.0,9.48
2024-08-01,Yearn,Optimism,4.53,DAI,141262931,2.63,8.86
2024-08-01,Yearn,Polygon,5.28,USDC,119536041,2.06,4.1
2024-08-01,Yearn,Polygon,5.01,USDT,128026805,1.71,7.22
2024-08-01,Yearn,Polygon,5.0,DAI,130009050,1.67,10.78
2024-08-01,Yearn,Base,4.36,USDC,135051172,3.61,10.38
2024-08-01,Yearn,Base,5.1,USDT,135086432,3.07,11.68
2024-08-01,Yearn,Base,5.22,DAI,137341881,4.32,11.81
2024-08-01,Pendle,Ethereum,11.17,USDC,80141495,31.04,0
2024-08-01,Pendle,Ethereum,10.64,USDT,78839187,46.48,0
2024-08-01,Pendle,Ethereum,9.89,DAI,82746724,49.35,0
2024-08-01,Pendle,Arbitrum,14.57,USDC,81777365,3.92,6.28
2024-08-01,Pendle,Arbitrum,14.37,USDT,83182471,4.13,15.96
2024-08-01,Pendle,Arbitrum,12.44,DAI,84637251,3.54,8.73
2024-08-01,Pendle,Optimism,13.53,USDC,79457388,3.51,9.75
2024-08-01,Pendle,Optimism,10.42,USDT,79264366,2.5,9.28
2024-08-01,Pendle,Optimism,12.5,DAI,85723806,3.18,8.66
2024-08-01,Pendle,Base,14.11,USDC,83616205,3.44,10.28
2024-08-01,Pendle,Base,14.59,USDT,86293832,2.75,8.44
2024-08-01,Pendle,Base,14.09,DAI,83945721,3.35,10.23
2024-08-01,Convex,Ethereum,5.48,USDC,152452601,51.91,0
2024-08-01,Convex,Ethereum,5.65,USDT,162787062,38.14,0
2024-08-01,Convex,Ethereum,5.21,DAI,153882882,42.22,0
2024-08-01,Balancer,Ethereum,8.78,USDC,118876690,38.8,0
2024-08-01,Balancer,Ethereum,8.48,USDT,117301731,38.0,0
2024-08-01,Balancer,Ethereum,9.06,DAI,134037688,43.11,0
2024-08-01,Balancer,Arbitrum,10.42,USDC,112356174,4.77,10.23
2024-08-01,Balancer,Arbitrum,9.59,USDT,112609250,3.63,11.33
2024-08-01,Balancer,Arbitrum,9.12,DAI,117003047,4.27,12.4
2024-08-01,Balancer,Optimism,11.64,USDC,125324168,2.45,12.02
2024-08-01,Balancer,Optimism,11.31,USDT,122051140,4.2,10.0
2024-08-01,Balancer,Optimism,10.2,DAI,114229316,3.65,10.08
2024-08-01,Balancer,Polygon,11.08,USDC,128738975,1.23,8.86
2024-08-01,Balancer,Polygon,12.66,USDT,115724929,1.64,6.85
2024-08-01,Balancer,Polygon,13.09,DAI,124605607,1.38,7.01
2024-08-01,Balancer,Base,10.9,USDC,121266986,3.49,9.52
2024-08-01,Balancer,Base,10.17,USDT,119190821,2.96,10.93
2024-08-01,Balancer,Base,9.53,DAI,114235086,3.27,12.43
2024-08-02,Aave,Ethereum,3.02,USDC,258909204,59.23,0
2024-08-02,Aave,Ethereum,3.1,USDT,299472426,40.08,0
2024-08-02,Aave,Ethereum,2.95,DAI,283669377,43.05,0
2024-08-02,Aave,Arbitrum,3.78,USDT,290781241,3.53,8.66
2024-08-02,Aave,Arbitrum,3.83,DAI,252315484,3.46,15.93
2024-08-02,Aave,Optimism,3.81,USDC,288907872,2.2,10.58
2024-08-02,Aave,Optimism,3.52,DAI,254830232,3.35,7.66
2024-08-02,Aave,Polygon,3.97,USDT,264540402,1.24,8.27
2024-08-02,Aave,Polygon,3.75,DAI,275239262,1.54,9.44
2024-08-02,Aave,Base,3.68,USDC,265967484,3.65,10.36
2024-08-02,Aave,Base,3.76,USDT,255471015,3.65,12.46
2024-08-02,Aave,Base,3.76,DAI,292084771,2.91,11.69
2024-08-02,Compound,Ethereum,3.03,USDC,204761161,41.69,0
2024-08-02,Compound,Ethereum,3.15,DAI,202959505,45.72,0
2024-08-02,Compound,Arbitrum,3.63,USDC,193436159,2.56,12.6
2024-08-02,Compound,Arbitrum,3.53,USDT,190106495,4.05,13.05
2024-08-02,Compound,Arbitrum,3.6,DAI,209852408,4.71,11.02
2024-08-02,Compound,Optimism,3.88,USDC,192768631,2.08,10.64
2024-08-02,Compound,Optimism,3.53,USDT,187212966,2.64,7.41
2024-08-02,Compound,Optimism,3.84,DAI,195907335,3.34,6.29
2024-08-02,Compound,Polygon,3.75,USDC,193169787,1.18,7.06
2024-08-02,Compound,Polygon,4.19,USDT,212387762,1.38,9.12
2024-08-02,Compound,Polygon,4.04,DAI,202117420,1.49,5.32
2024-08-02,Compound,Base,3.47,USDT,210878763,3.17,11.21
2024-08-02,Compound,Base,3.78,DAI,207795947,3.46,12.29
2024-08-02,Curve,Ethereum,8.53,USDC,367117044,48.3,0
2024-08-02,Curve,Ethereum,8.23,USDT,377200934,41.89,0
2024-08-02,Curve,Ethereum,8.28,DAI,368622673,49.91,0
2024-08-02,Curve,Arbitrum,8.16,USDC,359136026,1.73,10.29
2024-08-02,Curve,Arbitrum,9.91,USDT,362517755,2.77,14.99
2024-08-02,Curve,Arbitrum,8.97,DAI,356550387,3.78,16.23
2024-08-02,Curve,Optimism,12.1,USDC,356589849,3.43,8.3
2024-08-02,Curve,Optimism,8.28,USDT,359923986,1.96,9.03
2024-08-02,Curve,Polygon,9.48,USDC,379491299,1.61,6.81
2024-08-02,Curve,Polygon,10.56,USDT,363671974,1.72,8.94
2024-08-02,Curve,Polygon,10.29,DAI,355143824,1.08,4.8
2024-08-02,Curve,Base,9.38,USDC,389592545,3.6,10.64
2024-08-02,Curve,Base,8.89,USDT,349284764,3.21,10.64
2024-08-02,Curve,Base,8.5,DAI,346315652,4.14,8.33
2024-08-02,Uniswap V3,Ethereum,10.86,USDC,114213719,38.1,0
2024-08-02,Uniswap V3,Ethereum,9.49,USDT,104759678,45.57,0
2024-08-02,Uniswap V3,Ethereum,8.54,DAI,106899570,43.63,0
2024-08-02,Uniswap V3,Arbitrum,11.45,USDC,106529370,3.64,11.51
2024-08-02,Uniswap V3,Arbitrum,11.12,USDT,101206825,3.94,7.91
2024-08-02,Uniswap V3,Arbitrum,11.0,DAI,109002749,3.05,10.18
2024-08-02,Uniswap V3,Optimism,10.45,USDC,116069593,2.81,8.64
2024-08-02,Uniswap V3,Optimism,10.86,USDT,103176642,3.67,8.96
2024-08-02,Uniswap V3,Optimism,11.96,DAI,95988724,2.93,9.44
2024-08-02,Uniswap V3,Polygon,13.54,USDC,106264916,1.11,9.5
2024-08-02,Uniswap V3,Polygon,11.92,USDT,102847068,1.22,6.71
2024-08-02,Uniswap V3,Polygon,10.86,DAI,99523514,1.61,6.61
2024-08-02,Uniswap V3,Base,10.83,USDC,117070966,3.0,6.61
2024-08-02,Uniswap V3,Base,9.65,USDT,103736093,3.64,8.26
2024-08-02,Uniswap V3,Base,12.03,DAI,102897811,3.58,10.74
2024-08-02,Yearn,Ethereum,4.11,USDC,136582016,54.22,0
2024-08-02,Yearn,Ethereum,4.14,USDT,130102001,62.91,0
2024-08-02,Yearn,Ethereum,4.02,DAI,127559994,54.34,0
2024-08-02,Yearn,Arbitrum,5.04,USDC,125382549,3.33,9.51
2024-08-02,Yearn,Arbitrum,4.49,USDT,136706947,4.26,12.55
2024-08-02,Yearn,Arbitrum,4.45,DAI,130342673,3.49,12.6
2024-08-02,Yearn,Optimism,4.6,USDC,128905540,2.61,9.48
2024-08-02,Yearn,Optimism,5.22,USDT,143758036,2.56,8.28
2024-08-02,Yearn,Polygon,5.17,USDC,132276275,1.34,8.01
2024-08-02,Yearn,Polygon,5.23,USDT,133579219,1.98,6.29
2024-08-02,Yearn,Polygon,4.89,DAI,132356795,1.21,7.33
2024-08-02,Yearn,Base,4.59,USDC,136508375,3.72,6.62
2024-08-02,Yearn,Base,4.62,USDT,137447686,3.34,13.7
2024-08-02,Yearn,Base,4.48,DAI,130765047,3.05,10.31
2024-08-02,Pendle,Ethereum,11.15,USDC,73568736,44.49,0
2024-08-02,Pendle,Ethereum,9.85,USDT,88633258,43.56,0
2024-08-02,Pendle,Ethereum,6.62,DAI,83155064,32.77,0
2024-08-02,Pendle,Arbitrum,13.15,USDC,83431064,3.19,13.14
2024-08-02,Pendle,Arbitrum,14.53,USDT,79744306,3.87,14.05
2024-08-02,Pendle,Arbitrum,15.83,DAI,83388898,4.14,12.66
2024-08-02,Pendle,Optimism,15.25,USDC,88761579,2.58,5.59
2024-08-02,Pendle,Optimism,15.81,USDT,79443448,2.75,5.14
2024-08-02,Pendle,Optimism,11.94,DAI,80241281,2.42,9.48
2024-08-02,Pendle,Base,13.05,USDC,83739467,3.19,11.0
2024-08-02,Pendle,Base,12.65,USDT,82175133,3.23,8.89
2024-08-02,Pendle,Base,9.79,DAI,87921798,3.18,11.05
2024-08-02,Convex,Ethereum,5.62,USDC,152839667,42.22,0
2024-08-02,Convex,Ethereum,5.41,USDT,159621004,55.26,0
2024-08-02,Balancer,Ethereum,8.71,USDC,119121900,31.04,0
2024-08-02,Balancer,Ethereum,8.32,USDT,117206693,27.88,0
2024-08-02,Balancer,Ethereum,8.09,DAI,119607671,43.33,0
2024-08-02,Balancer,Arbitrum,10.1,USDT,126296870,3.44,11.06
2024-08-02,Balancer,Arbitrum,10.33,DAI,127647272,4.69,12.15
2024-08-02,Balancer,Optimism,10.95,USDC,120183207,2.58,8.65
2024-08-02,Balancer,Optimism,9.54,USDT,122874119,2.88,10.06
2024-08-02,Balancer,Optimism,9.21,DAI,116532544,3.65,9.87
2024-08-02,Balancer,Polygon,9.55,USDC,131071404,1.2,7.98
2024-08-02,Balancer,Polygon,9.22,DAI,127909964,1.29,9.14
2024-08-02,Balancer,Base,10.22,USDC,127431050,3.27,6.85
2024-08-02,Balancer,Base,11.51,USDT,117039915,3.09,10.3
2024-08-02,Balancer,Base,10.4,DAI,116495652,2.38,9.46
2024-08-03,Aave,Ethereum,3.1,USDC,278559527,31.69,0
2024-08-03,Aave,Ethereum,3.26,USDT,287861863,29.58,0
2024-08-03,Aave,Ethereum,3.2,DAI,288321305,30.61,0
2024-08-03,Aave,Arbitrum,3.75,USDC,295474048,2.21,13.85
2024-08-03,Aave,Arbitrum,3.83,USDT,256610474,2.45,6.44
2024-08-03,Aave,Optimism,3.25,USDC,272846514,1.48,9.3
2024-08-03,Aave,Optimism,3.35,USDT,269308171,2.26,7.27
2024-08-03,Aave,Optimism,3.64,DAI,288015665,2.16,9.39
2024-08-03,Aave,Polygon,4.25,USDC,300407111,0.75,7.51
2024-08-03,Aave,Polygon,3.81,USDT,314586773,1.14,5.53
2024-08-03,Aave,Base,3.87,USDC,278773699,2.43,9.54
2024-08-03,Aave,Base,3.65,USDT,290130690,1.95,11.08
2024-08-03,Aave,Base,3.92,DAI,281459322,2.56,12.69
2024-08-03,Compound,Ethereum,3.08,USDC,182642231,35.36,0
2024-08-03,Compound,Ethereum,2.93,USDT,214279980,37.32,0
2024-08-03,Compound,Ethereum,3.01,DAI,190776654,27.34,0
2024-08-03,Compound,Arbitrum,3.52,USDC,203032113,2.2,9.05
2024-08-03,Compound,Arbitrum,3.93,USDT,213410134,2.52,12.68
2024-08-03,Compound,Arbitrum,3.83,DAI,186868570,2.08,10.82
2024-08-03,Compound,Optimism,3.14,USDC,196805840,1.81,12.02
2024-08-03,Compound,Optimism,3.68,USDT,193084156,1.59,6.26
2024-08-03,Compound,Polygon,3.72,USDC,195620976,0.81,7.73
2024-08-03,Compound,Polygon,3.81,USDT,201777724,1.24,6.48
2024-08-03,Compound,Polygon,3.62,DAI,197574374,0.64,7.43
2024-08-03,Compound,Base,3.57,USDC,200237878,2.38,8.98
2024-08-03,Compound,Base,3.86,DAI,209806112,2.23,14.38
2024-08-03,Curve,Ethereum,7.57,USDC,379816939,31.39,0
2024-08-03,Curve,Ethereum,9.03,USDT,339862603,28.98,0
2024-08-03,Curve,Ethereum,7.47,DAI,358183473,35.67,0
2024-08-03,Curve,Arbitrum,10.59,USDC,353603723,2.41,14.51
2024-08-03,Curve,Arbitrum,9.19,USDT,351555325,3.27,6.84
2024-08-03,Curve,Arbitrum,8.73,DAI,397253826,2.53,13.49
2024-08-03,Curve,Optimism,8.54,USDT,368932207,2.74,8.07
2024-08-03,Curve,Optimism,7.85,DAI,345935966,2.48,11.38
2024-08-03,Curve,Polygon,8.27,USDT,357987627,0.96,8.69
2024-08-03,Curve,Base,8.62,USDC,355625725,2.06,6.3
2024-08-03,Curve,Base,8.66,USDT,364088938,2.02,12.96
2024-08-03,Curve,Base,8.67,DAI,347030758,2.84,6.64
2024-08-03,Uniswap V3,Ethereum,8.68,USDC,109512577,25.22,0
2024-08-03,Uniswap V3,Ethereum,8.64,USDT,103601102,21.82,0
2024-08-03,Uniswap V3,Arbitrum,10.31,USDC,110832414,2.14,10.95
2024-08-03,Uniswap V3,Arbitrum,10.07,USDT,113100683,2.33,11.37
2024-08-03,Uniswap V3,Arbitrum,13.24,DAI,113968962,2.98,8.56
2024-08-03,Uniswap V3,Optimism,10.62,USDC,112969170,1.96,10.47
2024-08-03,Uniswap V3,Optimism,10.47,USDT,103744000,1.7,5.27
2024-08-03,Uniswap V3,Optimism,11.71,DAI,111135716,1.85,9.11
2024-08-03,Uniswap V3,Polygon,12.88,USDC,109307564,1.1,9.73
2024-08-03,Uniswap V3,Polygon,13.91,USDT,104738182,1.03,6.46
2024-08-03,Uniswap V3,Polygon,10.92,DAI,108024363,0.87,5.01
2024-08-03,Uniswap V3,Base,9.7,USDT,100329151,2.38,9.65
2024-08-03,Uniswap V3,Base,10.26,DAI,116258736,1.88,12.74
2024-08-03,Yearn,Ethereum,3.61,USDT,144618406,25.05,0
2024-08-03,Yearn,Ethereum,3.89,DAI,130568635,18.02,0
2024-08-03,Yearn,Arbitrum,4.52,USDC,127914475,2.55,14.55
2024-08-03,Yearn,Arbitrum,4.49,USDT,124230752,2.46,7.78
2024-08-03,Yearn,Arbitrum,4.19,DAI,139419422,2.23,11.89
2024-08-03,Yearn,Optimism,4.65,USDT,135667491,2.52,10.67
2024-08-03,Yearn,Polygon,5.01,USDC,131902514,0.61,6.37
2024-08-03,Yearn,Polygon,5.12,USDT,133360901,0.63,7.21
2024-08-03,Yearn,Polygon,4.58,DAI,125978068,1.07,9.14
2024-08-03,Yearn,Base,5.08,USDC,134558284,2.38,12.51
2024-08-03,Yearn,Base,4.78,USDT,125441098,2.39,11.7
2024-08-03,Yearn,Base,4.94,DAI,135169531,2.42,11.08
2024-08-03,Pendle,Ethereum,11.03,USDC,83368967,26.72,0
2024-08-03,Pendle,Ethereum,12.82,USDT,82836124,18.51,0
2024-08-03,Pendle,Ethereum,13.86,DAI,80793567,30.13,0
2024-08-03,Pendle,Arbitrum,14.8,USDC,79242684,2.66,10.76
2024-08-03,Pendle,Arbitrum,16.39,USDT,83662818,2.22,12.8
2024-08-03,Pendle,Arbitrum,13.24,DAI,83597962,1.81,9.03
2024-08-03,Pendle,Optimism,13.67,USDC,86979945,1.89,9.53
2024-08-03,Pendle,Optimism,13.57,USDT,92750814,1.89,7.86
2024-08-03,Pendle,Optimism,13.07,DAI,86460809,1.93,11.02
2024-08-03,Pendle,Base,14.15,USDC,84530129,2.24,11.33
2024-08-03,Pendle,Base,14.87,USDT,91730132,2.63,12.45
2024-08-03,Pendle,Base,17.41,DAI,79213759,2.02,7.63
2024-08-03,Convex,Ethereum,4.45,USDC,173697476,34.99,0
2024-08-03,Convex,Ethereum,5.18,USDT,160974833,28.45,0
2024-08-03,Convex,Ethereum,4.78,DAI,175560208,27.77,0
2024-08-03,Balancer,Ethereum,6.56,USDC,128947810,26.86,0
2024-08-03,Balancer,Ethereum,7.57,USDT,125324038,23.92,0
2024-08-03,Balancer,Ethereum,8.81,DAI,113964806,22.47,0
2024-08-03,Balancer,Arbitrum,8.91,USDT,130041670,2.66,9.23
2024-08-03,Balancer,Arbitrum,9.4,DAI,116021611,3.14,9.23
2024-08-03,Balancer,Optimism,9.46,USDC,127553784,1.96,7.13
2024-08-03,Balancer,Optimism,8.74,USDT,120225551,2.18,9.78
2024-08-03,Balancer,Optimism,10.56,DAI,124475266,1.87,9.8
2024-08-03,Balancer,Polygon,10.92,USDC,118628921,0.83,10.66
2024-08-03,Balancer,Polygon,11.24,USDT,118508770,1.21,6.94
2024-08-03,Balancer,Polygon,11.68,DAI,138405524,1.34,8.86
2024-08-03,Balancer,Base,8.8,USDC,129595527,2.76,11.24
2024-08-03,Balancer,Base,11.32,USDT,122588638,1.94,10.13
2024-08-03,Balancer,Base,7.21,DAI,124894786,2.41,9.85
2024-08-04,Aave,Ethereum,3.1,USDC,280430718,26.71,0
2024-08-04,Aave,Ethereum,3.03,USDT,285557616,32.12,0
2024-08-04,Aave,Ethereum,2.87,DAI,279924355,33.49,0
2024-08-04,Aave,Arbitrum,4.07,USDC,297240010,2.3,11.93
2024-08-04,Aave,Arbitrum,3.69,USDT,285315977,2.47,10.12
2024-08-04,Aave,Arbitrum,3.59,DAI,295119602,2.56,10.51
2024-08-04,Aave,Optimism,3.66,USDC,276664230,2.42,10.18
2024-08-04,Aave,Optimism,3.75,USDT,306220096,1.3,10.3
2024-08-04,Aave,Optimism,3.4,DAI,278491087,2.02,8.06
2024-08-04,Aave,Polygon,3.9,USDC,281990674,1.22,7.7
2024-08-04,Aave,Polygon,4.39,USDT,318938056,0.92,3.9
2024-08-04,Aave,Polygon,3.66,DAI,288205997,0.56,6.38
2024-08-04,Aave,Base,3.6,USDC,278421108,2.37,7.72
2024-08-04,Aave,Base,3.91,USDT,287170524,2.2,10.92
2024-08-04,Aave,Base,3.69,DAI,271912299,2.85,9.13
2024-08-04,Compound,Ethereum,2.77,USDC,186815262,26.91,0
2024-08-04,Compound,Ethereum,2.83,DAI,216708268,33.32,0
2024-08-04,Compound,Arbitrum,3.72,USDC,206886990,2.04,10.5
2024-08-04,Compound,Arbitrum,3.79,USDT,210376114,2.49,7.2
2024-08-04,Compound,Arbitrum,3.64,DAI,225479705,2.91,10.46
2024-08-04,Compound,Optimism,3.57,USDT,205068714,1.53,11.01
2024-08-04,Compound,Optimism,3.52,DAI,210081421,2.74,10.45
2024-08-04,Compound,Polygon,3.81,USDC,198620898,0.9,9.54
2024-08-04,Compound,Polygon,3.64,USDT,201758167,0.89,11.81
2024-08-04,Compound,Polygon,3.8,DAI,192881868,0.84,7.47
2024-08-04,Compound,Base,3.34,USDC,197816965,2.26,13.07
2024-08-04,Compound,Base,3.63,USDT,209510622,2.39,11.13
2024-08-04,Compound,Base,3.7,DAI,200017322,2.2,12.25
2024-08-04,Curve,Ethereum,8.69,USDC,348385799,24.04,0
2024-08-04,Curve,Ethereum,8.42,USDT,385121132,24.33,0
2024-08-04,Curve,Ethereum,6.67,DAI,367260715,18.06,0
2024-08-04,Curve,Arbitrum,8.82,DAI,351816785,2.61,10.62
2024-08-04,Curve,Optimism,10.6,USDC,357395008,2.23,9.06
2024-08-04,Curve,Optimism,9.62,USDT,395310853,2.09,11.71
2024-08-04,Curve,Optimism,10.38,DAI,364275965,1.76,10.23
2024-08-04,Curve,Polygon,10.89,USDC,366097521,1.59,11.93
2024-08-04,Curve,Polygon,9.67,USDT,348813167,0.96,10.24
2024-08-04,Curve,Polygon,8.63,DAI,366751387,0.81,7.91
2024-08-04,Curve,Base,7.47,USDC,372027128,2.07,10.09
2024-08-04,Curve,Base,9.64,USDT,354790087,1.95,9.98
2024-08-04,Curve,Base,9.31,DAI,367565806,2.19,8.68
2024-08-04,Uniswap V3,Ethereum,8.81,USDC,98472642,27.65,0
2024-08-04,Uniswap V3,Ethereum,10.32,USDT,110849123,30.85,0
2024-08-04,Uniswap V3,Arbitrum,10.52,USDC,105428264,3.3,12.59
2024-08-04,Uniswap V3,Arbitrum,9.01,USDT,109499877,2.24,9.31
2024-08-04,Uniswap V3,Arbitrum,10.01,DAI,103630771,2.06,12.89
2024-08-04,Uniswap V3,Optimism,8.77,USDC,106147460,2.02,9.37
2024-08-04,Uniswap V3,Optimism,12.09,USDT,107175030,2.28,11.87
2024-08-04,Uniswap V3,Polygon,8.86,USDC,113549776,1.0,8.82
2024-08-04,Uniswap V3,Polygon,8.77,USDT,109350893,0.83,7.44
2024-08-04,Uniswap V3,Polygon,10.57,DAI,107558143,1.1,9.39
2024-08-04,Uniswap V3,Base,9.99,USDC,105948171,2.32,6.77
2024-08-04,Uniswap V3,Base,9.22,USDT,107795251,2.27,10.6
2024-08-04,Uniswap V3,Base,9.09,DAI,112738469,1.94,11.59
2024-08-04,Yearn,Ethereum,3.58,USDC,133599588,24.99,0
2024-08-04,Yearn,Ethereum,3.8,USDT,132983993,30.14,0
2024-08-04,Yearn,Ethereum,4.05,DAI,138492696,34.46,0
2024-08-04,Yearn,Arbitrum,4.25,USDC,145187148,3.02,13.31
2024-08-04,Yearn,Arbitrum,4.65,USDT,127162622,1.96,11.09
2024-08-04,Yearn,Arbitrum,5.34,DAI,141677646,2.35,11.84
2024-08-04,Yearn,Optimism,4.45,USDC,132644955,1.97,11.31
2024-08-04,Yearn,Optimism,4.65,USDT,145256025,1.78,11.67
2024-08-04,Yearn,Optimism,4.58,DAI,137058752,2.02,4.91
2024-08-04,Yearn,Polygon,4.84,USDC,137180147,1.26,7.35
2024-08-04,Yearn,Polygon,4.43,USDT,128197662,0.81,7.15
2024-08-04,Yearn,Polygon,5.3,DAI,140940207,1.06,6.91
2024-08-04,Yearn,Base,4.3,USDT,138696947,2.96,9.51
2024-08-04,Yearn,Base,4.95,DAI,134526238,1.99,10.13
2024-08-04,Pendle,Ethereum,11.25,USDC,90988928,21.66,0
2024-08-04,Pendle,Ethereum,12.15,USDT,82826012,33.0,0
2024-08-04,Pendle,Ethereum,12.5,DAI,87325077,32.01,0
2024-08-04,Pendle,Arbitrum,14.57,USDC,90096602,2.25,12.67
2024-08-04,Pendle,Arbitrum,16.97,USDT,83464800,1.78,12.83
2024-08-04,Pendle,Arbitrum,17.33,DAI,86183086,2.14,8.13
2024-08-04,Pendle,Optimism,13.61,USDC,89296007,1.87,10.54
2024-08-04,Pendle,Optimism,13.01,USDT,83095861,1.59,9.27
2024-08-04,Pendle,Base,12.78,USDC,92217011,2.52,9.62
2024-08-04,Pendle,Base,11.97,USDT,86757439,2.38,10.81
2024-08-04,Convex,Ethereum,4.89,USDC,174172489,30.14,0
2024-08-04,Convex,Ethereum,5.6,USDT,169625886,17.09,0
2024-08-04,Convex,Ethereum,5.01,DAI,175322470,26.06,0
2024-08-04,Balancer,Ethereum,7.93,USDC,124858961,29.23,0
2024-08-04,Balancer,Ethereum,8.26,USDT,137788041,36.04,0
2024-08-04,Balancer,Ethereum,7.18,DAI,129403953,19.67,0
2024-08-04,Balancer,Arbitrum,9.28,USDC,122215869,2.44,11.41
2024-08-04,Balancer,Arbitrum,9.95,USDT,119611180,2.07,15.12
2024-08-04,Balancer,Arbitrum,10.13,DAI,123383075,2.58,12.12
2024-08-04,Balancer,Optimism,9.51,USDC,119808201,2.26,8.43
2024-08-04,Balancer,Optimism,6.08,USDT,113485514,1.67,8.77
2024-08-04,Balancer,Optimism,8.43,DAI,125099665,2.63,11.41
2024-08-04,Balancer,Polygon,10.86,USDC,120351755,0.98,8.53
2024-08-04,Balancer,Polygon,9.42,USDT,125119802,0.8,9.19
2024-08-04,Balancer,Polygon,11.71,DAI,120934548,0.86,8.49
2024-08-04,Balancer,Base,9.07,USDC,132990274,2.71,11.06
2024-08-04,Balancer,Base,8.9,USDT,126714313,2.0,11.37
2024-08-04,Balancer,Base,9.34,DAI,133373537,2.47,10.77
2024-08-05,Aave,Ethereum,3.22,USDC,312240555,44.09,0
2024-08-05,Aave,Ethereum,3.28,USDT,273416440,48.65,0
2024-08-05,Aave,Arbitrum,3.62,USDC,282160010,3.84,8.09
2024-08-05,Aave,Arbitrum,3.52,USDT,291787587,2.85,10.22
2024-08-05,Aave,Arbitrum,3.7,DAI,271707061,2.73,13.85
2024-08-05,Aave,Optimism,3.61,DAI,275087814,2.91,7.45
2024-08-05,Aave,Polygon,4.18,USDC,296258709,1.37,8.94
2024-08-05,Aave,Polygon,4.18,DAI,295097897,1.61,7.97
2024-08-05,Aave,Base,3.81,USDC,272839973,3.05,10.41
2024-08-05,Aave,Base,3.62,USDT,295457878,3.86,11.11
2024-08-05,Aave,Base,4.15,DAI,283949884,3.4,8.49
2024-08-05,Compound,Ethereum,3.05,USDC,202944210,39.21,0
2024-08-05,Compound,Ethereum,3.06,USDT,214244957,32.03,0
2024-08-05,Compound,Ethereum,2.93,DAI,214309571,26.2,0
2024-08-05,Compound,Arbitrum,3.86,USDC,202030987,3.83,12.42
2024-08-05,Compound,Arbitrum,3.84,USDT,210313011,3.89,13.39
2024-08-05,Compound,Arbitrum,3.82,DAI,216827075,4.26,12.36
2024-08-05,Compound,Optimism,3.55,USDC,214974616,2.8,10.62
2024-08-05,Compound,Optimism,3.66,USDT,211777969,3.59,10.1
2024-08-05,Compound,Optimism,3.67,DAI,216682106,2.75,10.9
2024-08-05,Compound,Polygon,3.84,USDC,201735898,1.56,9.25
2024-08-05,Compound,Polygon,3.71,USDT,195062482,1.86,7.82
2024-08-05,Compound,Base,3.69,USDC,212633480,3.82,12.56
2024-08-05,Compound,Base,3.82,USDT,208477713,3.55,9.5
2024-08-05,Compound,Base,3.69,DAI,202485658,3.23,11.14
2024-08-05,Curve,Ethereum,7.64,USDC,358902440,46.23,0
2024-08-05,Curve,Ethereum,8.27,USDT,356103365,38.13,0
2024-08-05,Curve,Ethereum,9.1,DAI,370790110,44.07,0
2024-08-05,Curve,Arbitrum,8.85,USDC,377503006,3.45,11.03
2024-08-05,Curve,Arbitrum,8.67,USDT,364872054,3.63,10.96
2024-08-05,Curve,Arbitrum,8.83,DAI,338164703,4.61,10.97
2024-08-05,Curve,Optimism,9.35,USDC,359821396,2.72,11.4
2024-08-05,Curve,Optimism,10.42,USDT,383916648,3.33,10.1
2024-08-05,Curve,Optimism,8.06,DAI,375385656,3.69,9.48
2024-08-05,Curve,Polygon,11.81,USDC,360668954,1.58,6.59
2024-08-05,Curve,Polygon,10.68,DAI,368173984,1.74,5.22
2024-08-05,Curve,Base,10.28,USDC,381340544,2.49,10.33
2024-08-05,Curve,Base,8.66,USDT,369615853,3.54,11.63
2024-08-05,Curve,Base,11.87,DAI,374143807,3.01,10.17
2024-08-05,Uniswap V3,Ethereum,8.12,USDT,107924747,41.11,0
2024-08-05,Uniswap V3,Ethereum,7.84,DAI,103547053,39.96,0
2024-08-05,Uniswap V3,Arbitrum,8.4,USDC,111300169,4.09,11.69
2024-08-05,Uniswap V3,Arbitrum,11.7,USDT,121067832,3.48,15.65
2024-08-05,Uniswap V3,Optimism,9.17,USDC,106106827,2.48,7.62
2024-08-05,Uniswap V3,Optimism,11.81,USDT,104052096,3.8,9.91
2024-08-05,Uniswap V3,Polygon,11.75,USDC,107929764,1.18,7.51
2024-08-05,Uniswap V3,Polygon,13.32,USDT,112943709,1.56,8.77
2024-08-05,Uniswap V3,Base,11.26,USDC,112837973,2.6,8.92
2024-08-05,Uniswap V3,Base,11.47,USDT,110826381,3.9,12.56
2024-08-05,Uniswap V3,Base,12.65,DAI,106923045,3.29,11.06
2024-08-05,Yearn,Ethereum,3.71,USDC,137909613,37.11,0
2024-08-05,Yearn,Ethereum,3.67,USDT,147381382,45.9,0
2024-08-05,Yearn,Arbitrum,5.1,USDT,150461746,3.23,13.4
2024-08-05,Yearn,Arbitrum,4.38,DAI,136293305,2.84,15.68
2024-08-05,Yearn,Optimism,4.26,USDC,138736183,3.25,8.81
2024-08-05,Yearn,Optimism,5.23,USDT,138127791,3.2,7.14
2024-08-05,Yearn,Optimism,4.14,DAI,137683468,3.79,8.45
2024-08-05,Yearn,Polygon,4.51,USDC,139378704,1.5,6.53
2024-08-05,Yearn,Polygon,4.26,USDT,141513397,1.79,6.31
2024-08-05,Yearn,Polygon,5.28,DAI,137601818,1.48,6.91
2024-08-05,Yearn,Base,4.73,USDC,133190752,3.6,6.9
2024-08-05,Yearn,Base,4.61,USDT,160042304,3.51,7.73
2024-08-05,Yearn,Base,4.2,DAI,128260206,3.03,6.26
2024-08-05,Pendle,Ethereum,10.84,USDC,86514109,44.53,0
2024-08-05,Pendle,Ethereum,13.32,USDT,82478005,51.29,0
2024-08-05,Pendle,Ethereum,11.78,DAI,90018728,46.98,0
2024-08-05,Pendle,Arbitrum,12.97,USDC,91878654,3.73,11.97
2024-08-05,Pendle,Arbitrum,12.65,USDT,83091074,3.34,15.77
2024-08-05,Pendle,Arbitrum,10.8,DAI,87579976,3.64,14.66
2024-08-05,Pendle,Optimism,15.91,USDC,85220278,2.63,8.87
2024-08-05,Pendle,Optimism,15.51,USDT,85322304,3.72,10.29
2024-08-05,Pendle,Base,12.23,USDC,87270935,3.31,12.58
2024-08-05,Pendle,Base,11.08,USDT,88690944,3.3,9.07
2024-08-05,Pendle,Base,17.21,DAI,93243071,2.93,9.0
2024-08-05,Convex,Ethereum,5.68,USDC,166632607,37.16,0
2024-08-05,Convex,Ethereum,4.71,USDT,168416071,41.13,0
2024-08-05,Convex,Ethereum,5.19,DAI,174974544,38.7,0
2024-08-05,Balancer,Ethereum,9.47,USDC,126738796,46.71,0
2024-08-05,Balancer,Ethereum,9.19,USDT,128054094,51.02,0
2024-08-05,Balancer,Ethereum,9.37,DAI,133307573,45.52,0
2024-08-05,Balancer,Arbitrum,9.99,USDC,129090793,3.08,14.34
2024-08-05,Balancer,Arbitrum,9.9,USDT,128842756,3.82,15.26
2024-08-05,Balancer,Optimism,8.77,USDC,124911061,2.94,12.16
2024-08-05,Balancer,Optimism,10.26,USDT,130486009,2.49,9.47
2024-08-05,Balancer,Optimism,10.16,DAI,122312619,3.39,9.87
2024-08-05,Balancer,Polygon,8.85,USDC,125999942,2.03,9.37
2024-08-05,Balancer,Polygon,11.19,USDT,127041959,1.7,6.29
2024-08-05,Balancer,Polygon,10.28,DAI,124593815,2.13,9.14
2024-08-05,Balancer,Base,8.14,USDC,127886677,3.01,8.77
2024-08-05,Balancer,Base,12.26,USDT,128350617,3.32,11.42
2024-08-05,Balancer,Base,10.8,DAI,122372488,3.54,12.93
2024-08-06,Aave,Ethereum,3.21,USDC,287118157,40.98,0
2024-08-06,Aave,Ethereum,2.9,USDT,279483447,40.77,0
2024-08-06,Aave,Ethereum,3.38,DAI,282903076,43.45,0
2024-08-06,Aave,Arbitrum,3.88,USDC,305207341,2.69,7.61
2024-08-06,Aave,Arbitrum,4.13,USDT,306026466,3.49,9.7
2024-08-06,Aave,Arbitrum,3.85,DAI,273019892,2.18,14.82
2024-08-06,Aave,Optimism,4.24,USDC,279197357,3.28,11.48
2024-08-06,Aave,Optimism,3.86,USDT,276376182,2.6,7.84
2024-08-06,Aave,Optimism,3.64,DAI,276085392,3.49,8.02
2024-08-06,Aave,Polygon,3.63,USDC,294516652,1.94,6.99
2024-08-06,Aave,Base,3.77,USDT,299052880,3.51,14.64
2024-08-06,Aave,Base,3.44,DAI,279690655,3.54,12.22
2024-08-06,Compound,Ethereum,2.99,USDC,213574799,60.04,0
2024-08-06,Compound,Ethereum,3.02,USDT,221017018,45.57,0
2024-08-06,Compound,Ethereum,3.24,DAI,193077492,44.88,0
2024-08-06,Compound,Arbitrum,3.57,USDC,218915410,3.91,12.64
2024-08-06,Compound,Arbitrum,4.0,DAI,206440881,3.06,13.41
2024-08-06,Compound,Optimism,3.39,USDC,217673634,3.36,6.79
2024-08-06,Compound,Optimism,3.36,USDT,188322802,3.63,10.09
2024-08-06,Compound,Optimism,3.56,DAI,224430892,2.89,11.33
2024-08-06,Compound,Polygon,4.05,USDC,205920034,1.6,7.53
2024-08-06,Compound,Polygon,3.96,USDT,210943746,1.48,7.55
2024-08-06,Compound,Polygon,3.61,DAI,223558576,1.03,10.2
2024-08-06,Compound,Base,3.75,USDC,207170435,3.44,14.89
2024-08-06,Compound,Base,3.69,USDT,232104668,3.27,10.76
2024-08-06,Compound,Base,3.84,DAI,197680182,3.83,9.64
2024-08-06,Curve,Ethereum,6.59,USDC,339445171,43.78,0
2024-08-06,Curve,Ethereum,8.42,USDT,371830536,30.44,0
2024-08-06,Curve,Ethereum,7.25,DAI,364996343,40.66,0
2024-08-06,Curve,Arbitrum,10.14,USDC,388588874,3.96,11.69
2024-08-06,Curve,Arbitrum,8.97,USDT,341301390,2.94,13.82
2024-08-06,Curve,Arbitrum,10.12,DAI,390668538,3.57,12.64
2024-08-06,Curve,Optimism,9.8,USDT,343338650,3.72,10.9
2024-08-06,Curve,Optimism,9.92,DAI,354131445,3.05,8.73
2024-08-06,Curve,Polygon,11.78,USDC,360314394,1.37,8.39
2024-08-06,Curve,Polygon,11.57,USDT,381780744,1.01,5.86
2024-08-06,Curve,Polygon,10.17,DAI,374314783,1.47,8.53
2024-08-06,Curve,Base,8.99,USDC,368262354,2.98,10.31
2024-08-06,Curve,Base,8.3,USDT,406158069,2.55,11.72
2024-08-06,Curve,Base,9.17,DAI,395695939,3.82,9.37
2024-08-06,Uniswap V3,Ethereum,9.0,USDC,112547397,30.95,0
2024-08-06,Uniswap V3,Ethereum,10.49,USDT,118087481,41.42,0
2024-08-06,Uniswap V3,Ethereum,8.82,DAI,112620709,53.74,0
2024-08-06,Uniswap V3,Arbitrum,9.27,USDC,107148982,5.3,9.52
2024-08-06,Uniswap V3,Arbitrum,12.2,USDT,110800035,3.14,10.22
2024-08-06,Uniswap V3,Arbitrum,12.8,DAI,113345408,3.68,8.48
2024-08-06,Uniswap V3,Optimism,9.8,USDC,110960089,3.67,5.44
2024-08-06,Uniswap V3,Optimism,6.38,USDT,115012022,3.1,8.15
2024-08-06,Uniswap V3,Polygon,10.74,USDC,104785662,1.69,7.73
2024-08-06,Uniswap V3,Polygon,10.35,DAI,113640717,1.12,5.58
2024-08-06,Uniswap V3,Base,10.49,USDC,105297765,3.57,10.03
2024-08-06,Uniswap V3,Base,10.42,USDT,104177183,3.59,11.26
2024-08-06,Uniswap V3,Base,9.04,DAI,98443983,3.48,8.94
2024-08-06,Yearn,Ethereum,3.9,USDC,154491761,37.89,0
2024-08-06,Yearn,Ethereum,3.7,USDT,148674285,41.16,0
2024-08-06,Yearn,Ethereum,4.26,DAI,140030078,30.73,0
2024-08-06,Yearn,Arbitrum,4.75,USDC,137656374,4.22,9.69
2024-08-06,Yearn,Arbitrum,4.96,USDT,126141077,3.26,10.56
2024-08-06,Yearn,Optimism,4.71,DAI,137874247,2.35,12.15
2024-08-06,Yearn,Polygon,5.23,USDC,142481175,1.39,8.46
2024-08-06,Yearn,Polygon,4.94,USDT,137076180,1.81,9.06
2024-08-06,Yearn,Polygon,5.31,DAI,151706857,1.18,8.19
2024-08-06,Yearn,Base,4.64,USDC,135101987,2.55,8.09
2024-08-06,Yearn,Base,5.07,USDT,130841716,3.12,9.84
2024-08-06,Yearn,Base,4.85,DAI,136373325,3.34,11.52
2024-08-06,Pendle,Ethereum,11.34,USDC,83691385,46.4,0
2024-08-06,Pendle,Ethereum,13.44,USDT,83699289,38.18,0
2024-08-06,Pendle,Ethereum,9.8,DAI,94423366,37.52,0
2024-08-06,Pendle,Arbitrum,11.79,USDC,88081172,3.61,13.62
2024-08-06,Pendle,Arbitrum,17.46,USDT,91378461,3.15,10.98
2024-08-06,Pendle,Arbitrum,12.55,DAI,92239630,3.9,10.02
2024-08-06,Pendle,Optimism,14.97,USDC,85875112,2.35,9.11
2024-08-06,Pendle,Optimism,10.23,USDT,89347132,2.73,10.76
2024-08-06,Pendle,Optimism,14.75,DAI,86349484,2.8,9.1
2024-08-06,Pendle,Base,16.71,USDC,91325628,2.98,7.56
2024-08-06,Pendle,Base,12.64,USDT,88886419,3.21,9.39
2024-08-06,Pendle,Base,15.83,DAI,89331750,3.01,9.98
2024-08-06,Convex,Ethereum,6.23,USDC,180368644,45.36,0
2024-08-06,Convex,Ethereum,5.69,USDT,169159973,63.63,0
2024-08-06,Convex,Ethereum,5.92,DAI,184576354,36.1,0
2024-08-06,Balancer,Ethereum,9.59,USDC,142102923,38.71,0
2024-08-06,Balancer,Ethereum,8.84,USDT,135746695,42.97,0
2024-08-06,Balancer,Ethereum,6.62,DAI,136131912,43.9,0
2024-08-06,Balancer,Arbitrum,9.4,USDC,125389489,3.86,7.37
2024-08-06,Balancer,Arbitrum,10.26,USDT,133423310,4.55,12.17
2024-08-06,Balancer,Arbitrum,10.43,DAI,123597000,4.2,14.86
2024-08-06,Balancer,Optimism,8.65,USDC,127111155,3.61,8.88
2024-08-06,Balancer,Optimism,9.49,USDT,126051487,3.72,9.34
2024-08-06,Balancer,Optimism,8.17,DAI,133991824,3.29,10.95
2024-08-06,Balancer,Polygon,10.7,USDC,123170239,1.29,6.47
2024-08-06,Balancer,Polygon,10.01,DAI,125634527,1.54,8.4
2024-08-06,Balancer,Base,9.87,USDC,122793781,3.03,9.95
2024-08-06,Balancer,Base,10.78,USDT,132508000,3.65,8.07
2024-08-06,Balancer,Base,8.79,DAI,136764412,3.91,12.47
2024-08-07,Aave,Ethereum,3.12,USDC,292823432,62.06,0
2024-08-07,Aave,Ethereum,3.06,USDT,307420098,38.83,0
2024-08-07,Aave,Ethereum,2.93,DAI,303181379,27.72,0
2024-08-07,Aave,Arbitrum,3.89,USDC,286843964,4.07,11.69
2024-08-07,Aave,Arbitrum,3.64,USDT,281392123,3.07,11.58
2024-08-07,Aave,Arbitrum,3.88,DAI,281498491,3.47,11.08
2024-08-07,Aave,Optimism,3.68,USDC,306615477,3.36,7.8
2024-08-07,Aave,Optimism,3.16,USDT,293704007,3.18,7.85
2024-08-07,Aave,Optimism,3.75,DAI,297915436,3.47,8.53
2024-08-07,Aave,Polygon,4.26,USDC,296509877,1.93,7.98
2024-08-07,Aave,Polygon,4.18,USDT,285465600,1.89,7.21
2024-08-07,Aave,Polygon,4.06,DAI,290998072,1.79,8.26
2024-08-07,Aave,Base,4.13,USDC,279042112,3.2,10.18
2024-08-07,Compound,Ethereum,3.18,USDC,208048654,36.05,0
2024-08-07,Compound,Ethereum,3.17,DAI,210061643,39.81,0
2024-08-07,Compound,Arbitrum,3.59,USDT,236401760,4.42,12.76
2024-08-07,Compound,Arbitrum,4.02,DAI,206650004,3.37,10.4
2024-08-07,Compound,Optimism,3.44,USDC,209531604,3.48,7.4
2024-08-07,Compound,Optimism,3.78,USDT,196638903,2.69,9.11
2024-08-07,Compound,Polygon,3.66,USDT,212885609,1.33,8.11
2024-08-07,Compound,Polygon,3.62,DAI,209402927,1.43,6.35
2024-08-07,Compound,Base,3.69,USDC,219215984,3.17,12.89
2024-08-07,Compound,Base,3.36,USDT,227906132,3.56,8.69
2024-08-07,Compound,Base,3.78,DAI,215778310,3.9,8.27
2024-08-07,Curve,Ethereum,6.84,USDC,351833255,54.99,0
2024-08-07,Curve,Ethereum,8.73,USDT,376767790,47.0,0
2024-08-07,Curve,Ethereum,7.03,DAI,366539055,50.29,0
2024-08-07,Curve,Arbitrum,10.09,USDC,392071009,4.33,10.93
2024-08-07,Curve,Arbitrum,10.61,USDT,384985951,3.48,13.51
2024-08-07,Curve,Arbitrum,10.56,DAI,366803308,4.5,12.28
2024-08-07,Curve,Optimism,9.96,USDC,378770336,3.3,8.46
2024-08-07,Curve,Optimism,9.18,USDT,409635912,2.97,9.81
2024-08-07,Curve,Optimism,8.78,DAI,416134348,2.87,8.82
2024-08-07,Curve,Polygon,12.93,USDC,370240436,1.38,9.14
2024-08-07,Curve,Polygon,10.72,USDT,384487784,1.19,9.28
2024-08-07,Curve,Polygon,10.35,DAI,395393219,1.19,5.65
2024-08-07,Curve,Base,10.71,USDC,361536411,2.61,13.6
2024-08-07,Curve,Base,7.99,USDT,378085477,3.25,12.19
2024-08-07,Uniswap V3,Ethereum,7.82,USDC,110225690,37.93,0
2024-08-07,Uniswap V3,Ethereum,8.73,USDT,112652502,51.35,0
2024-08-07,Uniswap V3,Ethereum,8.2,DAI,104872967,43.27,0
2024-08-07,Uniswap V3,Arbitrum,10.83,USDC,116442608,3.23,15.17
2024-08-07,Uniswap V3,Arbitrum,9.27,USDT,112137506,3.54,10.07
2024-08-07,Uniswap V3,Arbitrum,10.83,DAI,106868240,4.16,15.7
2024-08-07,Uniswap V3,Optimism,9.55,USDC,105200970,2.51,8.6
2024-08-07,Uniswap V3,Optimism,10.32,USDT,109524912,2.9,11.93
2024-08-07,Uniswap V3,Optimism,11.56,DAI,114019150,2.36,9.2
2024-08-07,Uniswap V3,Polygon,12.06,USDC,107558419,1.11,7.28
2024-08-07,Uniswap V3,Polygon,10.4,USDT,110711963,1.28,7.64
2024-08-07,Uniswap V3,Polygon,9.16,DAI,116341131,1.7,9.18
2024-08-07,Uniswap V3,Base,8.83,USDC,109055998,3.72,6.82
2024-08-07,Uniswap V3,Base,9.92,USDT,113382864,3.23,9.73
2024-08-07,Uniswap V3,Base,10.92,DAI,100690753,2.95,10.28
2024-08-07,Yearn,Ethereum,3.86,USDT,140466255,44.05,0
2024-08-07,Yearn,Ethereum,4.5,DAI,142722025,40.86,0
2024-08-07,Yearn,Arbitrum,4.23,USDC,135037560,3.02,12.72
2024-08-07,Yearn,Arbitrum,4.61,USDT,138841560,4.64,8.85
2024-08-07,Yearn,Arbitrum,4.63,DAI,136565206,2.42,6.33
2024-08-07,Yearn,Optimism,4.34,USDC,146231174,2.99,9.92
2024-08-07,Yearn,Optimism,4.72,USDT,140518543,3.97,8.85
2024-08-07,Yearn,Polygon,4.87,USDC,134304833,1.34,6.53
2024-08-07,Yearn,Polygon,5.03,USDT,148430185,1.27,9.12
2024-08-07,Yearn,Polygon,5.04,DAI,137612653,1.44,2.78
2024-08-07,Yearn,Base,4.57,USDC,133802633,4.08,10.31
2024-08-07,Yearn,Base,4.99,USDT,151022246,3.25,10.3
2024-08-07,Yearn,Base,4.72,DAI,136515493,2.75,10.75
2024-08-07,Pendle,Ethereum,12.04,DAI,84266318,55.65,0
2024-08-07,Pendle,Arbitrum,16.44,USDC,89201834,3.23,14.65
2024-08-07,Pendle,Arbitrum,15.39,USDT,91337221,3.9,11.48
2024-08-07,Pendle,Arbitrum,10.42,DAI,90713409,4.95,8.73
2024-08-07,Pendle,Optimism,12.78,USDC,89374680,3.02,12.12
2024-08-07,Pendle,Optimism,17.41,DAI,85200502,3.53,5.98
2024-08-07,Pendle,Base,11.46,USDC,89244805,3.29,10.87
2024-08-07,Pendle,Base,11.88,USDT,86903240,3.05,6.53
2024-08-07,Pendle,Base,12.16,DAI,95959082,4.27,10.6
2024-08-07,Convex,Ethereum,6.46,USDC,186434278,51.97,0
2024-08-07,Convex,Ethereum,6.14,USDT,174629719,48.1,0
2024-08-07,Convex,Ethereum,5.41,DAI,175829929,50.57,0
2024-08-07,Balancer,Ethereum,8.92,USDT,132182941,34.69,0
2024-08-07,Balancer,Arbitrum,8.57,USDC,130868464,2.18,9.03
2024-08-07,Balancer,Arbitrum,9.11,USDT,121809959,3.6,15.55
2024-08-07,Balancer,Arbitrum,9.68,DAI,120055813,4.19,9.24
2024-08-07,Balancer,Optimism,7.08,USDC,127967499,3.17,12.01
2024-08-07,Balancer,Optimism,8.17,USDT,128761761,3.48,11.5
2024-08-07,Balancer,Optimism,9.01,DAI,123748069,3.82,8.62
2024-08-07,Balancer,Polygon,9.56,USDC,122407527,1.62,8.46
2024-08-07,Balancer,Base,10.3,USDC,123276338,4.22,9.52
2024-08-07,Balancer,Base,10.58,USDT,126847190,3.82,8.72
2024-08-07,Balancer,Base,8.82,DAI,132710668,2.86,9.5
2024-08-08,Aave,Ethereum,3.13,USDC,286497083,48.94,0
2024-08-08,Aave,Ethereum,3.03,USDT,284029123,51.81,0
2024-08-08,Aave,Ethereum,3.16,DAI,289550148,54.0,0
2024-08-08,Aave,Arbitrum,3.9,USDT,285360632,4.09,13.28
2024-08-08,Aave,Arbitrum,3.68,DAI,291559609,3.86,11.17
2024-08-08,Aave,Optimism,4.03,USDC,319684775,3.09,9.11
2024-08-08,Aave,Optimism,3.42,USDT,279234502,3.39,10.33
2024-08-08,Aave,Optimism,3.9,DAI,273039447,3.63,9.81
2024-08-08,Aave,Polygon,3.98,USDC,280862879,1.37,8.53
2024-08-08,Aave,Polygon,4.03,USDT,303009481,1.55,8.04
2024-08-08,Aave,Polygon,3.76,DAI,308520277,1.91,8.37
2024-08-08,Aave,Base,3.96,USDC,287531299,3.15,13.06
2024-08-08,Aave,Base,3.24,USDT,297847014,3.35,11.18
2024-08-08,Aave,Base,3.74,DAI,283842786,3.89,9.64
2024-08-08,Compound,Ethereum,3.12,USDC,195749003,56.01,0
2024-08-08,Compound,Ethereum,2.99,USDT,208266104,41.04,0
2024-08-08,Compound,Ethereum,3.02,DAI,230335108,32.56,0
2024-08-08,Compound,Arbitrum,3.91,USDC,208957670,2.65,8.6
2024-08-08,Compound,Arbitrum,3.46,USDT,213617863,5.07,16.76
2024-08-08,Compound,Arbitrum,3.75,DAI,212983616,3.56,12.51
2024-08-08,Compound,Optimism,3.23,USDC,195440250,3.1,8.38
2024-08-08,Compound,Optimism,3.38,USDT,208150504,3.65,4.8
2024-08-08,Compound,Optimism,3.37,DAI,209135881,3.95,6.25
2024-08-08,Compound,Polygon,3.71,USDC,206624961,1.66,4.7
2024-08-08,Compound,Polygon,4.2,USDT,199345899,1.73,8.03
2024-08-08,Compound,Polygon,3.77,DAI,222480600,1.37,10.44
2024-08-08,Compound,Base,3.63,USDC,209873570,4.14,13.66
2024-08-08,Compound,Base,3.66,USDT,218015222,3.69,11.28
2024-08-08,Compound,Base,3.22,DAI,205594368,4.04,7.5
2024-08-08,Curve,Ethereum,7.22,USDT,367399572,50.85,0
2024-08-08,Curve,Ethereum,9.45,DAI,377111589,62.26,0
2024-08-08,Curve,Arbitrum,10.22,USDC,350284354,5.02,10.73
2024-08-08,Curve,Arbitrum,9.08,USDT,360417243,4.65,11.7
2024-08-08,Curve,Arbitrum,8.95,DAI,374825018,3.9,15.04
2024-08-08,Curve,Optimism,9.63,USDC,398894390,2.51,10.0
2024-08-08,Curve,Optimism,8.49,USDT,385129401,3.39,7.91
2024-08-08,Curve,Optimism,10.38,DAI,369029008,2.87,6.51
2024-08-08,Curve,Polygon,7.01,USDC,390166428,1.77,6.1
2024-08-08,Curve,Polygon,11.85,USDT,365359718,1.31,6.81
2024-08-08,Curve,Polygon,8.1,DAI,401009025,1.42,8.56
2024-08-08,Curve,Base,9.98,USDC,391296173,3.74,10.24
2024-08-08,Curve,Base,8.13,USDT,370920586,3.4,10.68
2024-08-08,Curve,Base,8.37,DAI,365729293,3.66,8.63
2024-08-08,Uniswap V3,Ethereum,9.07,USDC,120159440,35.48,0
2024-08-08,Uniswap V3,Ethereum,5.66,USDT,99344812,38.39,0
2024-08-08,Uniswap V3,Ethereum,7.26,DAI,114670491,55.79,0
2024-08-08,Uniswap V3,Arbitrum,8.69,USDC,111831520,4.6,9.22
2024-08-08,Uniswap V3,Arbitrum,9.61,USDT,110988527,3.66,12.86
2024-08-08,Uniswap V3,Arbitrum,10.61,DAI,110087214,4.06,13.58
2024-08-08,Uniswap V3,Optimism,11.98,USDC,109336917,3.17,12.3
2024-08-08,Uniswap V3,Optimism,9.45,USDT,111580340,3.74,11.04
2024-08-08,Uniswap V3,Optimism,8.9,DAI,106192402,4.23,10.78
2024-08-08,Uniswap V3,Polygon,11.28,USDC,105426069,1.15,7.61
2024-08-08,Uniswap V3,Polygon,12.09,USDT,111310013,1.38,5.91
2024-08-08,Uniswap V3,Polygon,11.4,DAI,107956974,0.87,8.63
2024-08-08,Uniswap V3,Base,9.77,USDC,119246724,3.47,5.69
2024-08-08,Uniswap V3,Base,9.86,USDT,102670536,3.63,7.4
2024-08-08,Uniswap V3,Base,11.06,DAI,118233582,3.59,9.03
2024-08-08,Yearn,Ethereum,4.0,USDC,137829909,46.14,0
2024-08-08,Yearn,Ethereum,3.96,USDT,132438352,53.29,0
2024-08-08,Yearn,Ethereum,4.47,DAI,135206908,53.36,0
2024-08-08,Yearn,Arbitrum,4.52,USDC,135740881,3.52,10.84
2024-08-08,Yearn,Arbitrum,5.1,USDT,138534955,4.9,12.0
2024-08-08,Yearn,Arbitrum,4.75,DAI,139005732,4.41,13.09
2024-08-08,Yearn,Optimism,4.66,USDT,142154927,2.48,10.77
2024-08-08,Yearn,Optimism,4.82,DAI,134291632,3.19,9.29
2024-08-08,Yearn,Polygon,5.41,USDC,135652064,1.58,6.45
2024-08-08,Yearn,Polygon,5.12,USDT,147472019,2.12,9.42
2024-08-08,Yearn,Polygon,4.9,DAI,146601229,1.98,8.65
2024-08-08,Yearn,Base,4.69,USDC,141929594,3.11,11.07
2024-08-08,Yearn,Base,4.23,USDT,149694753,3.18,15.57
2024-08-08,Yearn,Base,4.75,DAI,148034695,3.47,11.07
2024-08-08,Pendle,Ethereum,8.68,USDC,85694286,39.61,0
2024-08-08,Pendle,Ethereum,9.99,USDT,84124161,39.54,0
2024-08-08,Pendle,Ethereum,11.13,DAI,87229682,34.91,0
2024-08-08,Pendle,Arbitrum,12.04,USDC,87854588,3.08,12.99
2024-08-08,Pendle,Arbitrum,16.41,USDT,89419975,3.11,16.82
2024-08-08,Pendle,Arbitrum,16.11,DAI,88619993,3.26,7.27
2024-08-08,Pendle,Optimism,13.49,USDC,87289453,2.26,8.83
2024-08-08,Pendle,Optimism,10.54,DAI,87667942,2.93,10.31
2024-08-08,Pendle,Base,12.81,USDC,84917383,3.38,10.97
2024-08-08,Pendle,Base,11.14,DAI,86851760,4.04,6.0
2024-08-08,Convex,Ethereum,5.65,USDC,176136056,38.41,0
2024-08-08,Convex,Ethereum,5.38,USDT,168566594,31.47,0
2024-08-08,Convex,Ethereum,4.58,DAI,179034974,43.33,0
2024-08-08,Balancer,Ethereum,9.54,USDC,129147442,48.68,0
2024-08-08,Balancer,Ethereum,9.51,USDT,136221604,30.67,0
2024-08-08,Balancer,Ethereum,8.78,DAI,128673401,43.28,0
2024-08-08,Balancer,Arbitrum,7.84,USDT,124295449,3.62,7.72
2024-08-08,Balancer,Arbitrum,8.48,DAI,127859968,4.02,13.24
2024-08-08,Balancer,Optimism,9.71,USDC,118580154,3.38,9.98
2024-08-08,Balancer,Optimism,10.86,USDT,140341109,2.9,10.64
2024-08-08,Balancer,Optimism,7.83,DAI,124733867,2.78,8.81
2024-08-08,Balancer,Polygon,11.64,USDC,130926243,1.62,7.44
2024-08-08,Balancer,Polygon,10.19,USDT,130465267,1.37,7.32
2024-08-08,Balancer,Polygon,9.54,DAI,125176871,2.14,10.95
2024-08-08,Balancer,Base,10.92,USDC,132565152,3.0,7.86
2024-08-08,Balancer,Base,10.28,USDT,143765398,2.01,11.49
2024-08-08,Balancer,Base,10.93,DAI,137251241,2.44,10.22
2024-08-09,Aave,Ethereum,3.09,USDC,289665376,56.61,0
2024-08-09,Aave,Ethereum,3.19,USDT,283450649,58.55,0
2024-08-09,Aave,Ethereum,3.39,DAI,284638003,40.17,0
2024-08-09,Aave,Arbitrum,3.64,USDC,320011800,4.1,11.14
2024-08-09,Aave,Arbitrum,3.86,USDT,273255219,2.97,13.13
2024-08-09,Aave,Arbitrum,4.13,DAI,280267676,3.62,15.2
2024-08-09,Aave,Optimism,3.41,USDC,273239312,2.99,8.44
2024-08-09,Aave,Optimism,3.89,USDT,294571769,3.61,10.98
2024-08-09,Aave,Optimism,3.43,DAI,298527547,3.34,11.92
2024-08-09,Aave,Polygon,4.07,USDC,288719629,1.28,8.54
2024-08-09,Aave,Polygon,3.4,USDT,298180329,0.91,8.13
2024-08-09,Aave,Polygon,3.81,DAI,304162279,1.44,6.97
2024-08-09,Aave,Base,4.04,USDC,317516051,3.79,11.57
2024-08-09,Aave,Base,3.65,USDT,296378812,2.24,10.23
2024-08-09,Aave,Base,3.91,DAI,273829415,3.56,11.95
2024-08-09,Compound,Ethereum,3.04,USDC,210201691,36.2,0
2024-08-09,Compound,Ethereum,2.93,USDT,202893181,37.34,0
2024-08-09,Compound,Arbitrum,3.68,USDC,197005962,4.18,10.93
2024-08-09,Compound,Arbitrum,3.33,USDT,207182249,4.17,12.6
2024-08-09,Compound,Arbitrum,3.57,DAI,219350022,5.71,9.73
2024-08-09,Compound,Optimism,3.24,USDC,209087024,2.61,6.85
2024-08-09,Compound,Optimism,2.88,USDT,216303928,2.92,12.04
2024-08-09,Compound,Optimism,3.11,DAI,196734313,2.34,10.29
2024-08-09,Compound,Polygon,3.68,USDC,218368519,1.43,6.7
2024-08-09,Compound,Polygon,3.94,USDT,213219763,1.81,5.15
2024-08-09,Compound,Polygon,3.86,DAI,204211630,1.51,8.47
2024-08-09,Compound,Base,3.46,USDC,221208641,4.14,11.61
2024-08-09,Compound,Base,3.68,USDT,221106032,3.61,8.67
2024-08-09,Compound,Base,3.53,DAI,227406222,2.61,11.7
2024-08-09,Curve,Ethereum,7.05,USDC,343155096,47.96,0
2024-08-09,Curve,Ethereum,6.54,USDT,389595195,52.87,0
2024-08-09,Curve,Ethereum,7.67,DAI,366592469,42.89,0
2024-08-09,Curve,Arbitrum,8.29,USDC,381215668,2.82,12.12
2024-08-09,Curve,Arbitrum,9.09,USDT,343747898,3.5,13.87
2024-08-09,Curve,Arbitrum,7.78,DAI,385078315,3.34,12.37
2024-08-09,Curve,Optimism,8.48,USDC,379723288,2.76,9.32
2024-08-09,Curve,Optimism,12.43,USDT,395658772,3.05,8.6
2024-08-09,Curve,Optimism,10.49,DAI,360355275,2.72,8.41
2024-08-09,Curve,Polygon,12.32,USDC,371596773,1.64,10.06
2024-08-09,Curve,Polygon,9.17,USDT,382496801,1.27,8.01
2024-08-09,Curve,Polygon,8.8,DAI,371914478,2.11,3.16
2024-08-09,Curve,Base,9.02,USDC,412563466,2.58,9.48
2024-08-09,Curve,Base,7.97,USDT,393286129,3.23,11.55
2024-08-09,Curve,Base,9.6,DAI,387270358,2.99,13.19
2024-08-09,Uniswap V3,Ethereum,8.26,USDC,108053991,34.75,0
2024-08-09,Uniswap V3,Ethereum,7.38,USDT,124758970,30.23,0
2024-08-09,Uniswap V3,Ethereum,10.74,DAI,111484564,52.89,0
2024-08-09,Uniswap V3,Arbitrum,10.34,USDC,110606945,3.7,14.05
2024-08-09,Uniswap V3,Arbitrum,11.86,USDT,109234272,4.28,9.88
2024-08-09,Uniswap V3,Arbitrum,10.26,DAI,114517915,2.99,10.91
2024-08-09,Uniswap V3,Optimism,11.52,USDC,119110827,3.1,7.41
2024-08-09,Uniswap V3,Optimism,8.67,USDT,103410068,3.14,9.01
2024-08-09,Uniswap V3,Optimism,10.02,DAI,109273418,2.34,8.82
2024-08-09,Uniswap V3,Polygon,9.95,USDC,119188545,0.87,10.08
2024-08-09,Uniswap V3,Polygon,9.33,USDT,109039682,1.24,5.77
2024-08-09,Uniswap V3,Polygon,11.95,DAI,114796007,1.54,11.24
2024-08-09,Uniswap V3,Base,10.14,USDC,107906704,3.31,11.07
2024-08-09,Uniswap V3,Base,7.53,USDT,113643425,3.48,11.26
2024-08-09,Uniswap V3,Base,10.38,DAI,113042181,2.86,10.9
2024-08-09,Yearn,Ethereum,4.43,USDC,134634225,60.1,0
2024-08-09,Yearn,Ethereum,3.96,USDT,137373437,29.9,0
2024-08-09,Yearn,Arbitrum,4.4,USDC,139759776,3.3,12.38
2024-08-09,Yearn,Arbitrum,4.32,USDT,136546792,3.35,11.95
2024-08-09,Yearn,Arbitrum,4.81,DAI,141540566,3.07,16.12
2024-08-09,Yearn,Optimism,4.01,USDC,142453721,3.03,7.81
2024-08-09,Yearn,Optimism,4.45,USDT,147138402,3.76,7.02
2024-08-09,Yearn,Optimism,4.45,DAI,143936675,3.41,10.9
2024-08-09,Yearn,Polygon,4.76,USDC,145159951,1.91,8.33
2024-08-09,Yearn,Polygon,4.76,DAI,146451926,1.28,7.75
2024-08-09,Yearn,Base,4.79,USDC,143541924,3.76,8.74
2024-08-09,Yearn,Base,4.34,USDT,149513010,3.66,11.34
2024-08-09,Yearn,Base,4.64,DAI,138589180,3.15,10.6
2024-08-09,Pendle,Ethereum,13.47,USDC,84931388,34.46,0
2024-08-09,Pendle,Ethereum,12.02,USDT,89242832,50.63,0
2024-08-09,Pendle,Ethereum,13.73,DAI,87527727,58.78,0
2024-08-09,Pendle,Arbitrum,13.3,USDC,93392661,4.13,10.72
2024-08-09,Pendle,Arbitrum,12.36,USDT,83314737,3.48,11.77
2024-08-09,Pendle,Arbitrum,14.53,DAI,86558433,3.87,10.17
2024-08-09,Pendle,Optimism,15.93,USDC,89332715,3.27,7.83
2024-08-09,Pendle,Optimism,12.76,USDT,85846554,3.37,8.68
2024-08-09,Pendle,Optimism,15.09,DAI,84448914,3.06,12.2
2024-08-09,Pendle,Base,13.96,USDC,95748710,3.08,8.51
2024-08-09,Pendle,Base,12.87,USDT,95862659,3.06,9.56
2024-08-09,Convex,Ethereum,6.36,USDC,164150832,49.42,0
2024-08-09,Convex,Ethereum,4.88,USDT,179141548,43.6,0
2024-08-09,Convex,Ethereum,5.61,DAI,179998049,36.5,0
2024-08-09,Balancer,Ethereum,7.36,USDC,130743036,50.08,0
2024-08-09,Balancer,Ethereum,7.42,USDT,126994102,40.36,0
2024-08-09,Balancer,Ethereum,8.27,DAI,115826848,46.74,0
2024-08-09,Balancer,Arbitrum,9.58,USDC,128038663,4.28,11.73
2024-08-09,Balancer,Arbitrum,8.39,USDT,128214382,3.35,7.29
2024-08-09,Balancer,Arbitrum,10.51,DAI,123092991,3.85,11.09
2024-08-09,Balancer,Optimism,10.17,USDC,127709369,2.82,8.22
2024-08-09,Balancer,Optimism,9.06,USDT,125382451,3.25,10.97
2024-08-09,Balancer,Optimism,9.14,DAI,124263558,3.19,7.84
2024-08-09,Balancer,Polygon,9.33,USDC,128078040,1.36,6.65
2024-08-09,Balancer,Polygon,9.83,USDT,127280067,1.77,5.29
2024-08-09,Balancer,Polygon,10.96,DAI,132154474,1.57,13.78
2024-08-09,Balancer,Base,9.4,USDC,120870960,3.63,10.92
2024-08-09,Balancer,Base,9.42,USDT,127485955,3.46,13.39
2024-08-09,Balancer,Base,9.09,DAI,130880995,3.16,9.22
2024-08-10,Aave,Ethereum,2.86,USDC,306265523,33.21,0
2024-08-10,Aave,Ethereum,2.79,USDT,279711544,24.15,0
2024-08-10,Aave,Ethereum,2.64,DAI,300480040,30.06,0
2024-08-10,Aave,Arbitrum,3.16,USDC,292764751,2.4,13.57
2024-08-10,Aave,Arbitrum,3.69,USDT,294818564,1.11,11.67
2024-08-10,Aave,Arbitrum,3.66,DAI,275858135,3.18,13.75
2024-08-10,Aave,Optimism,3.58,USDC,273785008,2.08,9.04
2024-08-10,Aave,Optimism,3.03,USDT,276953359,2.47,8.6
2024-08-10,Aave,Optimism,3.54,DAI,277364006,2.82,9.28
2024-08-10,Aave,Polygon,3.93,USDC,285505289,1.08,8.76
2024-08-10,Aave,Polygon,3.96,USDT,282352357,0.62,7.42
2024-08-10,Aave,Polygon,4.08,DAI,294275299,0.93,6.22
2024-08-10,Aave,Base,3.69,USDC,297319786,2.49,9.0
2024-08-10,Aave,Base,2.87,USDT,283223079,1.67,7.94
2024-08-10,Aave,Base,3.42,DAI,291581987,2.1,7.41
2024-08-10,Compound,Ethereum,2.89,USDC,190263163,23.75,0
2024-08-10,Compound,Ethereum,2.94,USDT,205572348,29.55,0
2024-08-10,Compound,Ethereum,2.64,DAI,203764244,29.87,0
2024-08-10,Compound,Arbitrum,3.5,USDC,205536381,0.98,12.13
2024-08-10,Compound,Arbitrum,3.41,USDT,216689005,1.86,12.97
2024-08-10,Compound,Arbitrum,3.44,DAI,204808491,1.72,15.55
2024-08-10,Compound,Optimism,3.24,USDC,209553909,2.48,8.48
2024-08-10,Compound,Optimism,3.43,USDT,193409641,1.83,12.66
2024-08-10,Compound,Optimism,3.2,DAI,218617361,1.75,10.12
2024-08-10,Compound,Polygon,3.57,USDC,207590209,1.07,8.76
2024-08-10,Compound,Polygon,3.77,USDT,219918243,0.84,6.88
2024-08-10,Compound,Polygon,3.77,DAI,208688530,1.04,7.79
2024-08-10,Compound,Base,3.42,USDC,216211200,2.04,10.18
2024-08-10,Compound,Base,3.53,USDT,210774929,2.14,9.64
2024-08-10,Compound,Base,3.23,DAI,173464640,2.1,8.5
2024-08-10,Curve,Ethereum,7.9,USDC,354116002,37.42,0
2024-08-10,Curve,Ethereum,8.22,USDT,366560844,22.92,0
2024-08-10,Curve,Ethereum,6.52,DAI,384029929,26.03,0
2024-08-10,Curve,Arbitrum,8.17,USDC,357872310,1.63,17.14
2024-08-10,Curve,Arbitrum,10.07,USDT,361672816,2.89,11.89
2024-08-10,Curve,Arbitrum,7.98,DAI,359122655,2.62,10.9
2024-08-10,Curve,Optimism,9.25,USDC,364695262,2.09,8.68
2024-08-10,Curve,Optimism,8.38,USDT,372552999,2.11,11.61
2024-08-10,Curve,Optimism,6.57,DAI,357413426,1.65,11.26
2024-08-10,Curve,Polygon,11.57,USDC,364568514,1.11,6.7
2024-08-10,Curve,Polygon,8.06,USDT,366255633,0.73,9.89
2024-08-10,Curve,Polygon,10.19,DAI,371680036,0.97,6.99
2024-08-10,Curve,Base,7.59,USDC,407526508,2.74,10.52
2024-08-10,Curve,Base,8.46,USDT,387934094,2.07,12.39
2024-08-10,Curve,Base,6.49,DAI,373959972,2.74,8.71
2024-08-10,Uniswap V3,Ethereum,9.56,USDC,107690407,36.82,0
2024-08-10,Uniswap V3,Ethereum,7.87,USDT,112036698,26.27,0
2024-08-10,Uniswap V3,Ethereum,10.08,DAI,103457551,31.41,0
2024-08-10,Uniswap V3,Arbitrum,11.48,USDC,117907997,2.47,5.62
2024-08-10,Uniswap V3,Arbitrum,11.63,USDT,113391966,2.17,13.44
2024-08-10,Uniswap V3,Arbitrum,11.88,DAI,105249863,2.16,11.74
2024-08-10,Uniswap V3,Optimism,9.73,USDC,108901199,2.73,6.68
2024-08-10,Uniswap V3,Optimism,7.95,USDT,110778748,2.03,8.32
2024-08-10,Uniswap V3,Polygon,11.26,USDC,115418184,1.01,6.65
2024-08-10,Uniswap V3,Polygon,12.97,USDT,112236124,0.86,7.3
2024-08-10,Uniswap V3,Base,11.84,USDC,115775294,2.06,8.87
2024-08-10,Uniswap V3,Base,8.72,USDT,103002049,2.37,9.28
2024-08-10,Uniswap V3,Base,11.18,DAI,112998127,2.04,9.53
2024-08-10,Yearn,Ethereum,3.71,USDC,145040784,26.41,0
2024-08-10,Yearn,Ethereum,3.69,USDT,129631953,31.63,0
2024-08-10,Yearn,Ethereum,3.56,DAI,151837568,24.1,0
2024-08-10,Yearn,Arbitrum,4.73,USDC,136053905,2.96,11.72
2024-08-10,Yearn,Arbitrum,4.76,USDT,133800387,2.49,11.95
2024-08-10,Yearn,Arbitrum,4.58,DAI,142389211,3.0,11.32
2024-08-10,Yearn,Optimism,4.36,USDC,128140102,2.42,6.81
2024-08-10,Yearn,Optimism,4.23,USDT,144203615,1.95,9.08
2024-08-10,Yearn,Optimism,4.43,DAI,131013768,2.05,9.85
2024-08-10,Yearn,Polygon,4.76,USDC,134424016,0.88,4.8
2024-08-10,Yearn,Polygon,4.82,USDT,140790753,0.92,10.56
2024-08-10,Yearn,Polygon,4.75,DAI,138925308,0.92,8.91
2024-08-10,Yearn,Base,4.2,USDC,136247229,1.72,9.73
2024-08-10,Yearn,Base,4.4,USDT,147272358,2.26,9.4
2024-08-10,Yearn,Base,4.16,DAI,135348279,2.02,10.23
2024-08-10,Pendle,Ethereum,11.33,USDC,90566426,33.45,0
2024-08-10,Pendle,Ethereum,9.34,USDT,85184763,27.25,0
2024-08-10,Pendle,Arbitrum,12.71,USDC,86784085,2.34,9.29
2024-08-10,Pendle,Arbitrum,10.12,USDT,88613007,2.18,9.82
2024-08-10,Pendle,Arbitrum,15.08,DAI,88943903,2.74,13.35
2024-08-10,Pendle,Optimism,11.19,USDT,76236317,1.44,9.32
2024-08-10,Pendle,Base,11.77,USDC,88864249,1.84,8.77
2024-08-10,Pendle,Base,15.32,USDT,86055410,1.86,9.33
2024-08-10,Convex,Ethereum,5.92,USDT,169725084,27.1,0
2024-08-10,Convex,Ethereum,6.39,DAI,173949882,30.86,0
2024-08-10,Balancer,Ethereum,7.66,USDC,125005283,30.0,0
2024-08-10,Balancer,Ethereum,7.79,USDT,127643480,23.83,0
2024-08-10,Balancer,Ethereum,9.25,DAI,127611404,25.71,0
2024-08-10,Balancer,Arbitrum,10.05,USDC,130339915,2.0,12.68
2024-08-10,Balancer,Arbitrum,8.69,USDT,129330022,2.51,11.49
2024-08-10,Balancer,Arbitrum,9.49,DAI,124131499,2.66,11.62
2024-08-10,Balancer,Optimism,8.14,USDC,132442555,1.93,9.17
2024-08-10,Balancer,Optimism,9.18,USDT,130279431,2.03,10.4
2024-08-10,Balancer,Polygon,9.25,USDC,128692737,1.55,7.48
2024-08-10,Balancer,Polygon,9.46,DAI,120747707,0.73,8.52
2024-08-10,Balancer,Base,9.14,USDC,121637276,2.13,8.06
2024-08-10,Balancer,Base,10.1,USDT,121429864,1.97,9.06
2024-08-10,Balancer,Base,9.93,DAI,138428522,2.39,5.94
2024-08-11,Aave,Ethereum,2.75,USDT,304135222,21.24,0
2024-08-11,Aave,Ethereum,2.73,DAI,289801509,31.06,0
2024-08-11,Aave,Arbitrum,3.27,USDC,290940676,3.02,12.8
2024-08-11,Aave,Arbitrum,3.37,USDT,288822217,1.97,11.32
2024-08-11,Aave,Arbitrum,3.66,DAI,285828962,1.94,15.18
2024-08-11,Aave,Optimism,3.73,USDC,290439058,2.09,11.26
2024-08-11,Aave,Optimism,3.48,USDT,291026942,1.95,11.56
2024-08-11,Aave,Optimism,3.38,DAI,309419192,2.07,8.47
2024-08-11,Aave,Polygon,3.7,USDC,290821261,0.78,7.03
2024-08-11,Aave,Polygon,3.59,USDT,302430468,1.21,6.63
2024-08-11,Aave,Polygon,4.01,DAI,282018373,0.84,11.43
2024-08-11,Aave,Base,3.55,USDC,285647741,2.13,10.32
2024-08-11,Aave,Base,3.38,USDT,294281264,2.39,10.24
2024-08-11,Aave,Base,3.94,DAI,288253946,2.49,10.33
2024-08-11,Compound,Ethereum,2.83,USDC,216488127,32.3,0
2024-08-11,Compound,Ethereum,2.64,USDT,221170275,28.58,0
2024-08-11,Compound,Ethereum,2.64,DAI,204466009,20.89,0
2024-08-11,Compound,Arbitrum,3.38,USDT,192808306,2.04,13.08
2024-08-11,Compound,Optimism,3.33,USDC,218643973,2.47,9.4
2024-08-11,Compound,Optimism,3.13,USDT,205019392,1.98,7.27
2024-08-11,Compound,Polygon,3.7,USDC,202541940,0.85,6.01
2024-08-11,Compound,Polygon,3.52,USDT,217123959,1.12,5.51
2024-08-11,Compound,Polygon,3.56,DAI,208696020,1.12,7.2
2024-08-11,Compound,Base,3.17,USDC,217253259,2.36,10.9
2024-08-11,Compound,Base,2.9,DAI,217611121,2.09,10.77
2024-08-11,Curve,Ethereum,6.87,USDC,362240124,27.41,0
2024-08-11,Curve,Ethereum,8.36,USDT,365246584,26.61,0
2024-08-11,Curve,Ethereum,6.62,DAI,394780151,27.4,0
2024-08-11,Curve,Arbitrum,9.29,USDC,379599757,1.97,14.67
2024-08-11,Curve,Arbitrum,7.48,USDT,361819334,2.08,8.2
2024-08-11,Curve,Arbitrum,9.15,DAI,368805985,1.82,9.92
2024-08-11,Curve,Optimism,9.65,USDC,344817473,1.59,9.48
2024-08-11,Curve,Optimism,7.64,USDT,354458843,2.42,9.89
2024-08-11,Curve,Optimism,7.34,DAI,360528390,1.54,7.29
2024-08-11,Curve,Polygon,9.09,USDC,377437361,1.05,5.88
2024-08-11,Curve,Polygon,9.46,USDT,360761729,0.73,6.0
2024-08-11,Curve,Base,7.93,USDC,364618390,2.43,11.45
2024-08-11,Curve,Base,8.93,USDT,379568357,2.43,11.69
2024-08-11,Uniswap V3,Ethereum,9.26,USDC,115172585,26.58,0
2024-08-11,Uniswap V3,Ethereum,9.35,USDT,108509003,26.03,0
2024-08-11,Uniswap V3,Arbitrum,14.83,USDC,107527045,2.5,9.41
2024-08-11,Uniswap V3,Arbitrum,11.52,USDT,110726986,2.0,12.1
2024-08-11,Uniswap V3,Arbitrum,9.62,DAI,106991527,2.62,12.09
2024-08-11,Uniswap V3,Optimism,12.12,USDC,111191339,2.16,11.16
2024-08-11,Uniswap V3,Optimism,9.59,USDT,107788886,3.13,10.77
2024-08-11,Uniswap V3,Optimism,10.7,DAI,109201690,2.22,7.68
2024-08-11,Uniswap V3,Polygon,10.56,USDC,113860557,0.92,5.17
2024-08-11,Uniswap V3,Polygon,8.69,USDT,115225679,0.92,6.06
2024-08-11,Uniswap V3,Polygon,10.18,DAI,115771439,1.12,9.39
2024-08-11,Uniswap V3,Base,8.5,USDC,107552815,1.93,10.0
2024-08-11,Uniswap V3,Base,7.29,USDT,106661151,2.17,6.17
2024-08-11,Uniswap V3,Base,10.94,DAI,114870945,1.87,12.44
2024-08-11,Yearn,Ethereum,4.09,USDC,132375079,34.03,0
2024-08-11,Yearn,Ethereum,3.76,USDT,128550040,23.05,0
2024-08-11,Yearn,Ethereum,4.13,DAI,138669060,24.89,0
2024-08-11,Yearn,Arbitrum,4.63,USDC,137217337,2.5,8.37
2024-08-11,Yearn,Arbitrum,4.76,USDT,132095407,2.07,11.46
2024-08-11,Yearn,Arbitrum,4.66,DAI,136672412,2.62,12.23
2024-08-11,Yearn,Optimism,4.0,USDC,142160518,1.94,7.25
2024-08-11,Yearn,Optimism,4.57,USDT,135856170,2.58,11.46
2024-08-11,Yearn,Optimism,4.39,DAI,141184977,1.97,6.36
2024-08-11,Yearn,Polygon,5.19,USDC,139027413,0.97,8.44
2024-08-11,Yearn,Polygon,4.88,DAI,137295628,1.19,6.86
2024-08-11,Yearn,Base,4.45,USDC,132773971,2.28,11.4
2024-08-11,Yearn,Base,4.75,USDT,142192968,2.11,10.3
2024-08-11,Yearn,Base,3.99,DAI,140931023,2.06,10.66
2024-08-11,Pendle,Ethereum,10.19,USDC,88004620,19.08,0
2024-08-11,Pendle,Ethereum,9.13,USDT,81170337,28.4,0
2024-08-11,Pendle,Arbitrum,11.52,USDC,88324753,1.97,10.15
2024-08-11,Pendle,Arbitrum,14.43,USDT,86715645,2.51,11.49
2024-08-11,Pendle,Arbitrum,13.47,DAI,86989769,2.42,16.03
2024-08-11,Pendle,Optimism,11.36,USDC,87653311,2.02,9.11
2024-08-11,Pendle,Optimism,12.59,USDT,85296033,2.65,9.63
2024-08-11,Pendle,Optimism,13.82,DAI,84734677,2.79,8.77
2024-08-11,Pendle,Base,11.03,USDC,86100429,2.59,6.16
2024-08-11,Pendle,Base,13.73,USDT,91388105,2.17,9.24
2024-08-11,Pendle,Base,14.57,DAI,80711313,2.27,10.93
2024-08-11,Convex,Ethereum,5.96,USDC,162377444,23.91,0
2024-08-11,Convex,Ethereum,4.85,USDT,169038101,30.03,0
2024-08-11,Convex,Ethereum,6.07,DAI,166223194,29.86,0
2024-08-11,Balancer,Ethereum,7.2,USDC,119179433,23.87,0
2024-08-11,Balancer,Ethereum,7.21,USDT,112244865,28.83,0
2024-08-11,Balancer,Ethereum,9.0,DAI,124728309,29.59,0
2024-08-11,Balancer,Arbitrum,8.72,USDC,118439710,1.37,20.78
2024-08-11,Balancer,Arbitrum,10.67,USDT,131161259,1.44,11.35
2024-08-11,Balancer,Arbitrum,10.26,DAI,129578422,2.31,10.88
2024-08-11,Balancer,Optimism,11.12,USDC,130988092,1.69,10.25
2024-08-11,Balancer,Optimism,7.63,USDT,127581768,2.6,5.38
2024-08-11,Balancer,Optimism,10.04,DAI,122961805,2.12,9.45
2024-08-11,Balancer,Polygon,11.71,USDC,115920664,1.0,9.79
2024-08-11,Balancer,Polygon,11.03,USDT,119300640,0.99,10.49
2024-08-11,Balancer,Base,9.62,USDC,128434811,2.46,9.59
2024-08-11,Balancer,Base,10.23,DAI,125723227,2.16,11.24
2024-08-12,Aave,Ethereum,2.85,USDC,304710709,26.79,0
2024-08-12,Aave,Ethereum,2.92,USDT,301346466,33.71,0
2024-08-12,Aave,Ethereum,3.02,DAI,276022041,50.07,0
2024-08-12,Aave,Arbitrum,3.47,USDC,302722935,2.46,12.24
2024-08-12,Aave,Arbitrum,3.54,USDT,274988591,3.48,11.6
2024-08-12,Aave,Arbitrum,3.77,DAI,283928473,3.53,13.53
2024-08-12,Aave,Optimism,3.77,USDC,298205206,3.78,7.36
2024-08-12,Aave,Optimism,3.7,USDT,284950417,2.8,11.39
2024-08-12,Aave,Optimism,3.56,DAI,303066564,2.1,9.1
2024-08-12,Aave,Polygon,3.87,USDC,268978272,1.56,9.31
2024-08-12,Aave,Polygon,4.1,USDT,274175409,1.31,8.76
2024-08-12,Aave,Polygon,4.02,DAI,283553281,1.41,8.38
2024-08-12,Aave,Base,3.7,USDC,297373540,3.64,10.63
2024-08-12,Aave,Base,3.61,USDT,290478989,4.18,7.95
2024-08-12,Aave,Base,3.74,DAI,286837849,3.61,6.33
2024-08-12,Compound,Ethereum,2.84,USDC,202063826,52.91,0
2024-08-12,Compound,Ethereum,2.92,USDT,202618790,49.99,0
2024-08-12,Compound,Ethereum,2.68,DAI,202226913,43.66,0
2024-08-12,Compound,Arbitrum,3.83,USDC,213048159,4.21,11.75
2024-08-12,Compound,Arbitrum,3.75,USDT,202854624,3.92,13.88
2024-08-12,Compound,Arbitrum,3.46,DAI,206330523,2.32,13.23
2024-08-12,Compound,Optimism,3.13,USDC,204680986,2.29,7.91
2024-08-12,Compound,Optimism,3.14,USDT,206372297,2.93,11.72
2024-08-12,Compound,Optimism,3.25,DAI,202067735,2.91,7.76
2024-08-12,Compound,Polygon,3.41,USDC,209587646,1.42,10.78
2024-08-12,Compound,Polygon,3.32,DAI,217996562,1.22,7.84
2024-08-12,Compound,Base,3.68,USDC,217910127,3.27,12.66
2024-08-12,Compound,Base,3.25,USDT,209693110,2.8,7.78
2024-08-12,Compound,Base,3.37,DAI,212152030,3.48,7.42
2024-08-12,Curve,Ethereum,6.11,USDC,337638757,40.57,0
2024-08-12,Curve,Ethereum,7.56,USDT,353252824,39.74,0
2024-08-12,Curve,Ethereum,7.69,DAI,366894460,36.17,0
2024-08-12,Curve,Arbitrum,8.8,USDC,379085628,3.58,11.17
2024-08-12,Curve,Arbitrum,9.88,USDT,378463984,2.64,12.49
2024-08-12,Curve,Arbitrum,10.21,DAI,356417543,3.61,13.06
2024-08-12,Curve,Optimism,9.73,USDC,400109892,2.25,7.55
2024-08-12,Curve,Optimism,7.99,USDT,368973473,2.68,6.16
2024-08-12,Curve,Optimism,10.96,DAI,359197133,3.24,4.59
2024-08-12,Curve,Polygon,9.18,USDC,351604466,1.32,5.41
2024-08-12,Curve,Polygon,11.49,USDT,351143767,1.19,6.15
2024-08-12,Curve,Polygon,9.69,DAI,373058174,1.06,7.57
2024-08-12,Curve,Base,9.67,USDC,380171980,3.38,10.89
2024-08-12,Curve,Base,9.34,USDT,360661130,3.92,11.9
2024-08-12,Curve,Base,13.06,DAI,341540726,2.63,10.36
2024-08-12,Uniswap V3,Ethereum,8.19,USDC,105650237,36.23,0
2024-08-12,Uniswap V3,Ethereum,9.32,DAI,106255907,28.87,0
2024-08-12,Uniswap V3,Arbitrum,10.46,USDC,113094565,3.51,13.56
2024-08-12,Uniswap V3,Arbitrum,12.4,USDT,104593049,3.24,13.26
2024-08-12,Uniswap V3,Arbitrum,11.98,DAI,111203319,3.82,15.6
2024-08-12,Uniswap V3,Optimism,9.94,USDC,103753387,3.27,9.3
2024-08-12,Uniswap V3,Optimism,9.16,USDT,116511725,3.32,7.64
2024-08-12,Uniswap V3,Polygon,12.09,USDT,109529582,1.35,8.1
2024-08-12,Uniswap V3,Polygon,14.25,DAI,106535190,1.61,10.31
2024-08-12,Uniswap V3,Base,10.83,USDC,114636335,3.46,5.64
2024-08-12,Uniswap V3,Base,10.61,USDT,106402330,2.76,9.69
2024-08-12,Uniswap V3,Base,9.24,DAI,110539300,3.47,10.98
2024-08-12,Yearn,Ethereum,3.99,USDC,133179464,44.2,0
2024-08-12,Yearn,Ethereum,3.71,USDT,131771719,39.32,0
2024-08-12,Yearn,Ethereum,3.7,DAI,130956395,52.68,0
2024-08-12,Yearn,Arbitrum,4.51,USDC,144823048,3.49,10.93
2024-08-12,Yearn,Arbitrum,4.48,USDT,126394605,4.5,14.1
2024-08-12,Yearn,Arbitrum,4.67,DAI,135924516,4.22,8.9
2024-08-12,Yearn,Optimism,4.01,DAI,137505376,2.36,13.29
2024-08-12,Yearn,Polygon,4.79,USDC,127807173,1.27,5.17
2024-08-12,Yearn,Polygon,4.95,USDT,133024692,1.53,7.03
2024-08-12,Yearn,Polygon,4.43,DAI,136943917,1.64,5.17
2024-08-12,Yearn,Base,4.2,USDC,141967084,3.22,12.29
2024-08-12,Yearn,Base,4.47,USDT,140850173,3.69,9.47
2024-08-12,Yearn,Base,4.57,DAI,143479057,3.58,9.25
2024-08-12,Pendle,Ethereum,12.53,USDC,86357969,46.6,0
2024-08-12,Pendle,Ethereum,9.02,USDT,90567704,34.8,0
2024-08-12,Pendle,Ethereum,9.75,DAI,85933996,50.5,0
2024-08-12,Pendle,Arbitrum,11.99,USDC,89613508,4.27,9.59
2024-08-12,Pendle,Arbitrum,15.11,USDT,87264912,3.7,11.78
2024-08-12,Pendle,Arbitrum,12.15,DAI,91902381,4.37,13.02
2024-08-12,Pendle,Optimism,12.85,DAI,78668372,2.11,6.21
2024-08-12,Pendle,Base,10.08,USDC,90624577,3.76,8.28
2024-08-12,Pendle,Base,12.41,USDT,86096805,3.33,12.37
2024-08-12,Pendle,Base,16.47,DAI,87943591,4.08,8.81
2024-08-12,Convex,Ethereum,4.84,USDC,180642932,33.8,0
2024-08-12,Convex,Ethereum,5.17,USDT,165992267,46.31,0
2024-08-12,Convex,Ethereum,5.35,DAI,164774220,36.5,0
2024-08-12,Balancer,Ethereum,7.7,USDC,125983051,28.04,0
2024-08-12,Balancer,Ethereum,8.83,USDT,131721402,45.93,0
2024-08-12,Balancer,Ethereum,7.28,DAI,123625475,40.75,0
2024-08-12,Balancer,Arbitrum,11.84,USDC,131484950,4.0,11.94
2024-08-12,Balancer,Arbitrum,9.16,DAI,131637929,5.28,9.82
2024-08-12,Balancer,Optimism,8.41,USDC,129259149,4.05,9.62
2024-08-12,Balancer,Optimism,9.3,USDT,125295146,3.0,9.7
2024-08-12,Balancer,Optimism,8.74,DAI,126162068,3.89,7.46
2024-08-12,Balancer,Polygon,9.51,USDC,128931855,2.11,9.72
2024-08-12,Balancer,Polygon,11.37,USDT,125811772,1.73,8.42
2024-08-12,Balancer,Polygon,10.03,DAI,128248693,1.25,9.46
2024-08-12,Balancer,Base,11.26,USDC,121527585,2.97,10.22
2024-08-12,Balancer,Base,10.81,USDT,138868504,3.15,9.51
2024-08-12,Balancer,Base,11.34,DAI,129224171,3.49,9.85
2024-08-13,Aave,Ethereum,3.13,USDC,239433011,38.94,0
2024-08-13,Aave,Ethereum,2.89,USDT,298422889,30.63,0
2024-08-13,Aave,Ethereum,3.1,DAI,272134285,49.13,0
2024-08-13,Aave,Arbitrum,3.49,USDC,290029724,3.97,14.02
2024-08-13,Aave,Arbitrum,3.18,USDT,284865315,4.1,11.92
2024-08-13,Aave,Arbitrum,3.77,DAI,265722601,2.14,17.0
2024-08-13,Aave,Optimism,3.52,USDC,281727620,3.24,12.17
2024-08-13,Aave,Optimism,3.36,USDT,278732219,3.2,5.16
2024-08-13,Aave,Optimism,3.36,DAI,269097144,3.96,8.93
2024-08-13,Aave,Polygon,4.16,USDC,299070165,1.96,8.18
2024-08-13,Aave,Polygon,3.91,USDT,291673416,1.65,11.26
2024-08-13,Aave,Polygon,3.77,DAI,267281615,1.61,9.46
2024-08-13,Aave,Base,3.8,USDT,282701864,3.79,9.58
2024-08-13,Aave,Base,3.52,DAI,290399429,3.75,11.62
2024-08-13,Compound,Ethereum,2.85,USDC,198018068,41.78,0
2024-08-13,Compound,Ethereum,2.82,USDT,208550610,42.1,0
2024-08-13,Compound,Ethereum,2.8,DAI,201522987,30.74,0
2024-08-13,Compound,Arbitrum,3.37,USDC,198518064,3.04,6.83
2024-08-13,Compound,Arbitrum,3.66,USDT,214676457,3.47,10.87
2024-08-13,Compound,Arbitrum,3.93,DAI,203153341,2.74,10.83
2024-08-13,Compound,Optimism,3.43,USDC,186412193,3.46,11.07
2024-08-13,Compound,Optimism,3.42,USDT,201765739,4.2,11.41
2024-08-13,Compound,Optimism,3.37,DAI,183027071,3.13,8.57
2024-08-13,Compound,Polygon,3.83,USDC,207278580,1.52,7.78
2024-08-13,Compound,Polygon,4.22,DAI,206961764,1.48,8.0
2024-08-13,Compound,Base,3.65,USDT,206088716,2.65,10.66
2024-08-13,Compound,Base,3.36,DAI,198259050,3.84,7.82
2024-08-13,Curve,Ethereum,7.1,USDC,366227660,32.22,0
2024-08-13,Curve,Ethereum,8.75,USDT,345508029,46.95,0
2024-08-13,Curve,Ethereum,8.83,DAI,375949154,50.47,0
2024-08-13,Curve,Arbitrum,10.37,USDC,341132870,3.51,10.94
2024-08-13,Curve,Arbitrum,11.84,USDT,347341279,2.34,9.58
2024-08-13,Curve,Arbitrum,10.65,DAI,351533910,2.99,10.92
2024-08-13,Curve,Optimism,8.22,USDC,382655635,3.01,9.36
2024-08-13,Curve,Optimism,9.91,USDT,327644772,3.93,9.77
2024-08-13,Curve,Optimism,6.86,DAI,378170087,2.36,7.16
2024-08-13,Curve,Polygon,8.97,USDT,357513465,1.14,7.4
2024-08-13,Curve,Polygon,9.31,DAI,360218880,1.58,5.49
2024-08-13,Curve,Base,6.72,USDT,365404529,3.17,9.54
2024-08-13,Curve,Base,7.85,DAI,334948808,3.38,13.48
2024-08-13,Uniswap V3,Ethereum,7.47,USDC,106387600,49.55,0
2024-08-13,Uniswap V3,Ethereum,10.16,USDT,105043131,41.97,0
2024-08-13,Uniswap V3,Ethereum,7.73,DAI,107650676,44.22,0
2024-08-13,Uniswap V3,Arbitrum,10.64,USDC,106314679,2.62,18.49
2024-08-13,Uniswap V3,Arbitrum,11.23,USDT,104184563,3.69,12.18
2024-08-13,Uniswap V3,Arbitrum,12.47,DAI,102926910,2.21,9.22
2024-08-13,Uniswap V3,Optimism,10.92,USDC,110245194,2.92,10.56
2024-08-13,Uniswap V3,Optimism,8.34,USDT,117410021,3.73,8.57
2024-08-13,Uniswap V3,Optimism,8.44,DAI,105358538,3.27,8.45
2024-08-13,Uniswap V3,Polygon,11.62,USDC,97948254,1.85,6.87
2024-08-13,Uniswap V3,Polygon,10.94,DAI,104186262,1.45,8.66
2024-08-13,Uniswap V3,Base,9.58,USDC,110954235,3.24,9.18
2024-08-13,Uniswap V3,Base,10.22,USDT,100825162,3.83,11.24
2024-08-13,Uniswap V3,Base,8.31,DAI,103364390,3.2,9.49
2024-08-13,Yearn,Ethereum,3.79,USDC,140674914,45.71,0
2024-08-13,Yearn,Ethereum,4.05,USDT,132040214,30.08,0
2024-08-13,Yearn,Ethereum,3.88,DAI,139002264,38.76,0
2024-08-13,Yearn,Arbitrum,4.57,USDC,131740027,3.76,11.17
2024-08-13,Yearn,Arbitrum,5.08,USDT,127533737,3.19,13.13
2024-08-13,Yearn,Arbitrum,4.74,DAI,136091241,2.97,8.22
2024-08-13,Yearn,Optimism,4.52,USDC,132138707,2.79,5.92
2024-08-13,Yearn,Optimism,4.32,USDT,132928567,3.9,5.11
2024-08-13,Yearn,Optimism,4.51,DAI,142918657,2.65,8.65
2024-08-13,Yearn,Polygon,5.07,USDC,130598004,1.08,7.42
2024-08-13,Yearn,Polygon,5.48,USDT,135747786,1.18,5.88
2024-08-13,Yearn,Polygon,4.92,DAI,132990704,1.63,6.31
2024-08-13,Yearn,Base,4.2,USDC,146375782,3.76,9.44
2024-08-13,Pendle,Ethereum,12.67,USDT,74828082,51.88,0
2024-08-13,Pendle,Ethereum,14.28,DAI,86081488,49.0,0
2024-08-13,Pendle,Arbitrum,16.76,USDC,82569756,3.62,10.99
2024-08-13,Pendle,Arbitrum,16.66,USDT,90571413,3.86,12.17
2024-08-13,Pendle,Arbitrum,16.42,DAI,79290360,3.51,13.01
2024-08-13,Pendle,Optimism,13.53,USDC,84391720,2.81,10.05
2024-08-13,Pendle,Optimism,12.67,DAI,81803664,2.79,7.8
2024-08-13,Pendle,Base,14.08,USDC,87323535,3.15,8.04
2024-08-13,Pendle,Base,14.47,USDT,82763420,3.28,8.66
2024-08-13,Pendle,Base,15.44,DAI,88612573,3.23,10.4
2024-08-13,Convex,Ethereum,4.87,USDT,167470438,34.35,0
2024-08-13,Convex,Ethereum,5.61,DAI,162449350,55.2,0
2024-08-13,Balancer,Ethereum,8.12,USDC,124754344,31.75,0
2024-08-13,Balancer,Ethereum,7.34,DAI,121064525,49.13,0
2024-08-13,Balancer,Arbitrum,9.33,USDC,126510848,4.28,14.89
2024-08-13,Balancer,Arbitrum,7.58,USDT,131214628,4.62,8.9
2024-08-13,Balancer,Arbitrum,8.65,DAI,121436985,3.25,11.16
2024-08-13,Balancer,Optimism,10.87,USDC,127486809,3.18,8.32
2024-08-13,Balancer,Optimism,10.37,USDT,135355647,2.32,8.06
2024-08-13,Balancer,Polygon,9.41,USDC,128986919,1.4,7.1
2024-08-13,Balancer,Polygon,7.88,USDT,117392164,1.4,5.71
2024-08-13,Balancer,Polygon,10.76,DAI,120604191,1.71,6.73
2024-08-13,Balancer,Base,10.91,USDC,118973629,3.96,11.16
2024-08-13,Balancer,Base,10.21,USDT,126707413,3.87,11.47
2024-08-14,Aave,Ethereum,2.78,USDC,266740348,41.36,0
2024-08-14,Aave,Ethereum,2.55,USDT,278144576,53.2,0
2024-08-14,Aave,Ethereum,3.15,DAI,288033864,39.52,0
2024-08-14,Aave,Arbitrum,4.03,USDC,293865283,4.05,15.49
2024-08-14,Aave,Arbitrum,3.75,USDT,296260860,3.6,8.88
2024-08-14,Aave,Arbitrum,3.81,DAI,263789452,2.53,13.71
2024-08-14,Aave,Optimism,3.47,USDC,276356407,2.72,12.43
2024-08-14,Aave,Optimism,3.51,USDT,262478600,3.73,10.39
2024-08-14,Aave,Optimism,3.6,DAI,272980087,2.9,5.56
2024-08-14,Aave,Polygon,4.37,USDC,261686099,1.35,7.37
2024-08-14,Aave,Polygon,3.9,USDT,291707493,1.53,12.21
2024-08-14,Aave,Polygon,3.43,DAI,299397004,1.49,10.42
2024-08-14,Aave,Base,3.69,USDC,261762238,3.15,11.45
2024-08-14,Aave,Base,3.47,USDT,271991096,3.15,13.62
2024-08-14,Aave,Base,3.61,DAI,272559878,2.85,8.58
2024-08-14,Compound,Ethereum,2.87,USDC,210134830,43.39,0
2024-08-14,Compound,Ethereum,2.81,USDT,188624711,34.45,0
2024-08-14,Compound,Ethereum,2.58,DAI,193208807,47.04,0
2024-08-14,Compound,Arbitrum,3.36,USDC,194371853,2.8,14.95
2024-08-14,Compound,Arbitrum,3.7,USDT,198642714,2.23,14.72
2024-08-14,Compound,Arbitrum,3.52,DAI,192321120,4.33,15.51
2024-08-14,Compound,Optimism,3.26,USDC,202982885,2.38,9.77
2024-08-14,Compound,Optimism,3.13,DAI,210520955,3.15,4.61
2024-08-14,Compound,Polygon,3.55,USDT,188903788,1.57,9.58
2024-08-14,Compound,Polygon,3.37,DAI,199684015,1.55,8.79
2024-08-14,Compound,Base,3.37,USDC,217763642,3.01,10.89
2024-08-14,Compound,Base,3.6,USDT,200523309,3.86,9.78
2024-08-14,Curve,Ethereum,8.53,USDC,359885479,39.75,0
2024-08-14,Curve,Ethereum,7.99,USDT,351906847,40.36,0
2024-08-14,Curve,Ethereum,6.77,DAI,343920046,34.96,0
2024-08-14,Curve,Arbitrum,10.4,USDT,373499370,2.84,9.85
2024-08-14,Curve,Arbitrum,7.18,DAI,364488653,3.67,10.03
2024-08-14,Curve,Optimism,10.57,USDC,342557229,2.23,5.61
2024-08-14,Curve,Optimism,9.75,DAI,362090357,2.84,8.9
2024-08-14,Curve,Polygon,8.25,USDC,389200492,1.11,9.44
2024-08-14,Curve,Polygon,12.09,USDT,343602949,1.25,7.73
2024-08-14,Curve,Polygon,8.21,DAI,356853357,1.46,8.83
2024-08-14,Curve,Base,10.78,USDC,341988214,2.99,8.39
2024-08-14,Curve,Base,9.83,USDT,381466111,3.43,8.35
2024-08-14,Curve,Base,9.58,DAI,345142926,2.61,10.79
2024-08-14,Uniswap V3,Ethereum,5.25,USDC,104533028,53.69,0
2024-08-14,Uniswap V3,Ethereum,7.63,USDT,101206976,31.45,0
2024-08-14,Uniswap V3,Ethereum,6.59,DAI,102368681,49.31,0
2024-08-14,Uniswap V3,Arbitrum,10.72,USDC,106694191,4.53,12.83
2024-08-14,Uniswap V3,Arbitrum,8.25,USDT,108103326,4.59,13.03
2024-08-14,Uniswap V3,Arbitrum,8.52,DAI,89647267,4.56,15.62
2024-08-14,Uniswap V3,Optimism,14.56,USDC,101004710,2.76,10.58
2024-08-14,Uniswap V3,Optimism,8.33,USDT,110473103,4.05,5.65
2024-08-14,Uniswap V3,Optimism,9.0,DAI,105761381,3.28,9.61
2024-08-14,Uniswap V3,Polygon,12.37,USDC,114850413,1.37,9.08
2024-08-14,Uniswap V3,Polygon,11.79,USDT,111775079,1.44,8.37
2024-08-14,Uniswap V3,Polygon,10.17,DAI,103070926,1.23,7.06
2024-08-14,Uniswap V3,Base,7.32,USDC,101779425,3.19,8.7
2024-08-14,Uniswap V3,Base,9.72,USDT,106873550,3.71,10.04
2024-08-14,Uniswap V3,Base,8.22,DAI,111223422,3.29,8.74
2024-08-14,Yearn,Ethereum,3.76,USDC,138108846,49.21,0
2024-08-14,Yearn,Ethereum,3.66,USDT,131329285,39.16,0
2024-08-14,Yearn,Ethereum,3.74,DAI,128781963,40.32,0
2024-08-14,Yearn,Arbitrum,4.82,USDC,132902305,2.98,14.73
2024-08-14,Yearn,Arbitrum,4.58,USDT,136004404,3.88,11.74
2024-08-14,Yearn,Arbitrum,5.29,DAI,138926692,2.52,11.28
2024-08-14,Yearn,Optimism,4.26,USDC,132818790,1.67,5.5
2024-08-14,Yearn,Optimism,4.43,USDT,132316058,3.68,6.55
2024-08-14,Yearn,Optimism,4.26,DAI,131880520,3.37,7.71
2024-08-14,Yearn,Polygon,4.87,USDC,125535392,1.31,9.56
2024-08-14,Yearn,Polygon,4.91,USDT,138495884,1.73,11.2
2024-08-14,Yearn,Polygon,5.12,DAI,128044391,1.99,6.15
2024-08-14,Yearn,Base,4.55,USDC,140355917,2.93,8.38
2024-08-14,Yearn,Base,4.21,USDT,131682786,3.7,10.61
2024-08-14,Yearn,Base,4.64,DAI,139526450,3.81,11.75
2024-08-14,Pendle,Ethereum,10.5,USDC,83697458,38.86,0
2024-08-14,Pendle,Ethereum,12.32,USDT,91640704,45.29,0
2024-08-14,Pendle,Ethereum,10.43,DAI,87559408,39.43,0
2024-08-14,Pendle,Arbitrum,15.4,USDC,81537708,4.05,7.32
2024-08-14,Pendle,Arbitrum,11.52,DAI,89153975,2.5,9.47
2024-08-14,Pendle,Optimism,15.19,USDC,81313382,3.99,4.08
2024-08-14,Pendle,Optimism,12.02,USDT,80175610,2.58,7.9
2024-08-14,Pendle,Base,13.35,USDC,75409919,3.76,10.61
2024-08-14,Pendle,Base,11.98,USDT,81179422,3.4,11.94
2024-08-14,Balancer,Ethereum,8.09,USDC,115215575,57.73,0
2024-08-14,Balancer,Ethereum,6.16,DAI,125153186,57.92,0
2024-08-14,Balancer,Arbitrum,8.01,DAI,115770025,2.73,12.91
2024-08-14,Balancer,Optimism,9.88,USDC,128705805,2.99,6.65
2024-08-14,Balancer,Optimism,10.18,USDT,125699066,2.98,9.58
2024-08-14,Balancer,Optimism,9.12,DAI,118752999,2.41,9.82
2024-08-14,Balancer,Polygon,10.15,USDC,121598469,1.09,6.79
2024-08-14,Balancer,Polygon,11.11,USDT,112922592,1.35,7.61
2024-08-14,Balancer,Polygon,8.49,DAI,125635408,1.23,11.05
2024-08-14,Balancer,Base,9.38,USDT,116022527,3.59,9.28
2024-08-14,Balancer,Base,11.6,DAI,109540508,3.73,10.17
2024-08-15,Aave,Ethereum,2.88,USDC,283775739,54.78,0
2024-08-15,Aave,Ethereum,2.95,USDT,270750018,28.19,0
2024-08-15,Aave,Ethereum,3.1,DAI,276279007,35.68,0
2024-08-15,Aave,Arbitrum,3.45,USDC,257957704,4.69,17.3
2024-08-15,Aave,Arbitrum,2.97,USDT,272690203,3.55,12.04
2024-08-15,Aave,Arbitrum,3.12,DAI,271233361,3.18,9.56
2024-08-15,Aave,Optimism,3.57,USDC,267605391,2.77,8.09
2024-08-15,Aave,Optimism,2.59,USDT,285955268,3.02,6.0
2024-08-15,Aave,Polygon,3.41,USDC,258877110,1.31,7.96
2024-08-15,Aave,Polygon,4.04,USDT,248345721,1.6,8.92
2024-08-15,Aave,Polygon,3.55,DAI,271941458,1.41,9.23
2024-08-15,Aave,Base,3.39,USDC,250602585,2.99,12.76
2024-08-15,Aave,Base,3.24,USDT,287560404,3.3,10.92
2024-08-15,Aave,Base,3.71,DAI,278139990,2.43,8.05
2024-08-15,Compound,Ethereum,2.61,USDC,192519445,38.24,0
2024-08-15,Compound,Ethereum,2.99,USDT,201506199,50.45,0
2024-08-15,Compound,Ethereum,2.73,DAI,185984272,45.11,0
2024-08-15,Compound,Arbitrum,3.74,USDC,199027142,3.13,10.76
2024-08-15,Compound,Arbitrum,3.72,USDT,204428166,3.07,14.44
2024-08-15,Compound,Arbitrum,3.53,DAI,193119568,3.91,14.78
2024-08-15,Compound,Optimism,3.21,USDC,183795690,2.75,8.89
2024-08-15,Compound,Optimism,3.75,USDT,193392205,2.37,9.99
2024-08-15,Compound,Optimism,3.19,DAI,175461999,3.37,6.31
2024-08-15,Compound,Polygon,3.37,USDC,191518547,1.6,9.75
2024-08-15,Compound,Polygon,3.66,USDT,191973412,1.59,8.02
2024-08-15,Compound,Polygon,3.45,DAI,200021227,1.31,8.37
2024-08-15,Compound,Base,3.26,USDC,201483762,3.1,7.66
2024-08-15,Compound,Base,3.65,USDT,189826956,2.99,7.51
2024-08-15,Compound,Base,3.42,DAI,208818623,3.17,10.91
2024-08-15,Curve,Ethereum,8.87,USDC,315500685,39.74,0
2024-08-15,Curve,Ethereum,7.32,USDT,363423484,42.23,0
2024-08-15,Curve,Ethereum,8.12,DAI,308624498,27.31,0
2024-08-15,Curve,Arbitrum,9.81,USDT,325841032,2.94,9.14
2024-08-15,Curve,Arbitrum,11.83,DAI,355886543,2.42,14.92
2024-08-15,Curve,Optimism,9.82,USDC,346456728,3.6,8.88
2024-08-15,Curve,Optimism,8.24,USDT,360105815,2.58,6.21
2024-08-15,Curve,Optimism,8.83,DAI,320678316,4.06,11.26
2024-08-15,Curve,Polygon,6.96,USDC,347869163,1.11,9.62
2024-08-15,Curve,Polygon,7.77,USDT,350199227,1.46,5.45
2024-08-15,Curve,Polygon,8.75,DAI,360920290,1.42,8.16
2024-08-15,Curve,Base,10.3,USDT,357034109,4.11,9.92
2024-08-15,Curve,Base,10.09,DAI,337857435,3.11,13.91
2024-08-15,Uniswap V3,Ethereum,8.26,USDC,101081537,44.06,0
2024-08-15,Uniswap V3,Ethereum,10.74,USDT,96995102,37.45,0
2024-08-15,Uniswap V3,Ethereum,7.87,DAI,99386928,55.08,0
2024-08-15,Uniswap V3,Arbitrum,11.26,USDC,95986530,3.63,9.89
2024-08-15,Uniswap V3,Arbitrum,10.57,USDT,111537163,3.26,7.25
2024-08-15,Uniswap V3,Arbitrum,12.84,DAI,106969331,3.25,10.6
2024-08-15,Uniswap V3,Optimism,8.08,USDC,102411304,2.86,7.65
2024-08-15,Uniswap V3,Optimism,9.31,USDT,95970291,2.64,9.22
2024-08-15,Uniswap V3,Optimism,11.31,DAI,103752911,2.88,8.43
2024-08-15,Uniswap V3,Polygon,11.49,USDC,101510642,1.39,7.88
2024-08-15,Uniswap V3,Polygon,9.46,USDT,97564815,1.15,6.4
2024-08-15,Uniswap V3,Polygon,9.97,DAI,99989309,1.36,10.23
2024-08-15,Uniswap V3,Base,7.71,USDC,101816502,3.84,12.58
2024-08-15,Uniswap V3,Base,9.74,USDT,103163558,3.08,11.12
2024-08-15,Uniswap V3,Base,9.85,DAI,100465992,3.05,9.64
2024-08-15,Yearn,Ethereum,3.77,USDC,138172193,38.6,0
2024-08-15,Yearn,Ethereum,4.21,USDT,135095396,34.92,0
2024-08-15,Yearn,Ethereum,3.37,DAI,133611570,40.11,0
2024-08-15,Yearn,Arbitrum,4.36,USDC,136582412,3.53,15.86
2024-08-15,Yearn,Arbitrum,4.58,USDT,131580692,3.0,8.73
2024-08-15,Yearn,Arbitrum,4.64,DAI,131526251,3.96,15.56
2024-08-15,Yearn,Optimism,4.06,USDC,129385558,2.77,9.31
2024-08-15,Yearn,Optimism,4.32,USDT,121028881,2.53,13.17
2024-08-15,Yearn,Optimism,4.71,DAI,136857327,2.37,7.88
2024-08-15,Yearn,Polygon,4.56,USDT,125768713,1.24,9.9
2024-08-15,Yearn,Polygon,4.6,DAI,132812831,1.37,9.21
2024-08-15,Yearn,Base,4.61,USDC,121239807,3.14,6.54
2024-08-15,Yearn,Base,4.37,USDT,140510947,3.79,10.11
2024-08-15,Yearn,Base,4.6,DAI,126308613,3.31,10.19
2024-08-15,Pendle,Ethereum,8.1,USDC,88338259,43.05,0
2024-08-15,Pendle,Ethereum,11.35,USDT,81078157,41.6,0
2024-08-15,Pendle,Ethereum,11.15,DAI,80059338,51.86,0
2024-08-15,Pendle,Arbitrum,15.69,USDC,88788305,3.79,12.98
2024-08-15,Pendle,Arbitrum,13.28,USDT,78147281,5.09,12.18
2024-08-15,Pendle,Arbitrum,14.53,DAI,79382404,4.48,11.73
2024-08-15,Pendle,Optimism,12.86,USDT,86535619,3.71,11.11
2024-08-15,Pendle,Optimism,9.27,DAI,81387178,3.35,9.97
2024-08-15,Pendle,Base,15.38,USDC,76009512,3.58,8.36
2024-08-15,Pendle,Base,13.07,USDT,82797967,2.74,9.92
2024-08-15,Pendle,Base,11.21,DAI,81152094,4.29,10.57
2024-08-15,Convex,Ethereum,4.98,USDC,156196509,50.64,0
2024-08-15,Convex,Ethereum,4.7,USDT,183371942,39.43,0
2024-08-15,Balancer,Ethereum,7.38,USDC,121306022,34.93,0
2024-08-15,Balancer,Ethereum,8.11,USDT,120098222,36.69,0
2024-08-15,Balancer,Ethereum,7.52,DAI,125559295,37.44,0
2024-08-15,Balancer,Arbitrum,8.13,USDC,112474208,3.88,12.29
2024-08-15,Balancer,Arbitrum,9.96,DAI,119526767,3.41,13.8
2024-08-15,Balancer,Optimism,7.72,USDC,124305280,2.5,8.58
2024-08-15,Balancer,Optimism,10.57,USDT,114171310,1.88,7.73
2024-08-15,Balancer,Optimism,10.3,DAI,107953690,2.77,12.59
2024-08-15,Balancer,Polygon,11.08,USDC,118971530,1.6,8.86
2024-08-15,Balancer,Polygon,10.12,USDT,118007647,1.25,7.97
2024-08-15,Balancer,Polygon,11.48,DAI,123688564,1.79,8.71
2024-08-15,Balancer,Base,9.05,USDC,120562393,3.4,14.31
2024-08-15,Balancer,Base,9.81,USDT,112839159,3.3,10.68
2024-08-15,Balancer,Base,10.69,DAI,118529605,3.46,11.09
2024-08-16,Aave,Ethereum,3.04,USDC,271950141,39.85,0
2024-08-16,Aave,Ethereum,2.88,DAI,268088119,46.85,0
2024-08-16,Aave,Arbitrum,3.32,USDC,269908617,2.62,11.03
2024-08-16,Aave,Arbitrum,3.71,USDT,293498304,3.34,15.67
2024-08-16,Aave,Arbitrum,3.48,DAI,259157384,3.49,9.75
2024-08-16,Aave,Optimism,3.2,USDC,264937058,2.65,9.6
2024-08-16,Aave,Optimism,3.28,USDT,258117527,3.11,6.38
2024-08-16,Aave,Optimism,3.22,DAI,267612276,2.85,8.54
2024-08-16,Aave,Polygon,3.36,USDC,284961186,1.11,7.29
2024-08-16,Aave,Polygon,3.86,USDT,266902236,1.09,8.48
2024-08-16,Aave,Polygon,3.5,DAI,258398749,1.65,3.76
2024-08-16,Aave,Base,3.11,USDC,273728728,2.79,9.28
2024-08-16,Aave,Base,3.24,USDT,248752645,2.57,7.89
2024-08-16,Aave,Base,3.44,DAI,282975364,3.97,10.19
2024-08-16,Compound,Ethereum,2.71,USDC,199821178,44.25,0
2024-08-16,Compound,Ethereum,2.79,USDT,191786232,50.05,0
2024-08-16,Compound,Arbitrum,3.62,USDC,181432078,3.13,8.24
2024-08-16,Compound,Arbitrum,3.52,USDT,199486359,3.85,12.92
2024-08-16,Compound,Arbitrum,3.24,DAI,204169150,3.32,11.39
2024-08-16,Compound,Optimism,2.55,USDC,181183420,2.87,8.94
2024-08-16,Compound,Optimism,3.5,USDT,184949283,3.5,9.57
2024-08-16,Compound,Optimism,3.2,DAI,175049335,2.96,5.93
2024-08-16,Compound,Polygon,3.5,USDC,191024413,0.97,6.18
2024-08-16,Compound,Polygon,3.09,DAI,197754724,1.76,4.92
2024-08-16,Compound,Base,3.21,USDC,188002643,2.87,13.24
2024-08-16,Compound,Base,3.16,USDT,203783951,3.79,6.78
2024-08-16,Compound,Base,3.09,DAI,204889926,3.4,10.61
2024-08-16,Curve,Ethereum,7.0,USDC,328820584,39.73,0
2024-08-16,Curve,Ethereum,8.24,USDT,393132972,33.48,0
2024-08-16,Curve,Ethereum,7.2,DAI,352295117,46.18,0
2024-08-16,Curve,Arbitrum,9.87,USDC,362729532,5.17,13.95
2024-08-16,Curve,Arbitrum,7.77,USDT,345782739,2.7,8.35
2024-08-16,Curve,Arbitrum,10.52,DAI,336710833,2.82,12.89
2024-08-16,Curve,Optimism,10.09,USDT,381990766,3.5,6.7
2024-08-16,Curve,Optimism,7.97,DAI,327176941,2.87,9.66
2024-08-16,Curve,Polygon,9.38,USDC,324215519,1.48,3.37
2024-08-16,Curve,Polygon,10.86,USDT,317718605,0.95,11.42
2024-08-16,Curve,Polygon,10.11,DAI,371460697,1.72,8.37
2024-08-16,Curve,Base,9.01,USDC,339608665,3.78,9.94
2024-08-16,Curve,Base,7.73,USDT,354391439,3.64,8.19
2024-08-16,Curve,Base,8.51,DAI,333726664,3.42,8.46
2024-08-16,Uniswap V3,Ethereum,7.14,USDC,105454261,43.53,0
2024-08-16,Uniswap V3,Ethereum,9.62,USDT,98309859,39.41,0
2024-08-16,Uniswap V3,Ethereum,8.53,DAI,105923635,34.35,0
2024-08-16,Uniswap V3,Arbitrum,10.8,USDC,106705394,3.89,10.54
2024-08-16,Uniswap V3,Arbitrum,10.07,USDT,103380881,3.82,10.91
2024-08-16,Uniswap V3,Arbitrum,12.13,DAI,102089106,3.53,11.39
2024-08-16,Uniswap V3,Optimism,10.03,USDC,104393606,2.75,9.71
2024-08-16,Uniswap V3,Optimism,8.63,USDT,98622151,3.33,5.34
2024-08-16,Uniswap V3,Optimism,9.98,DAI,103654178,2.08,9.12
2024-08-16,Uniswap V3,Polygon,10.15,USDC,101660636,1.82,7.05
2024-08-16,Uniswap V3,Polygon,8.09,USDT,108666694,1.43,6.13
2024-08-16,Uniswap V3,Polygon,10.6,DAI,99716234,0.45,5.94
2024-08-16,Uniswap V3,Base,11.92,USDC,102413969,2.75,8.1
2024-08-16,Uniswap V3,Base,9.11,USDT,100010566,3.14,15.03
2024-08-16,Uniswap V3,Base,11.51,DAI,109349891,3.46,7.06
2024-08-16,Yearn,Ethereum,3.65,USDC,129855241,56.73,0
2024-08-16,Yearn,Ethereum,3.75,DAI,137195194,34.55,0
2024-08-16,Yearn,Arbitrum,4.23,USDC,129797941,4.99,10.6
2024-08-16,Yearn,Arbitrum,4.51,USDT,134807660,2.93,12.94
2024-08-16,Yearn,Arbitrum,3.75,DAI,129517592,4.24,12.02
2024-08-16,Yearn,Optimism,4.22,USDC,126537651,2.72,13.55
2024-08-16,Yearn,Optimism,3.96,USDT,133431594,2.45,9.54
2024-08-16,Yearn,Optimism,4.28,DAI,128443571,2.99,12.06
2024-08-16,Yearn,Polygon,4.9,USDC,114582515,1.76,11.31
2024-08-16,Yearn,Polygon,4.75,USDT,128437206,1.77,10.83
2024-08-16,Yearn,Polygon,4.75,DAI,126078023,1.16,6.71
2024-08-16,Yearn,Base,4.23,USDC,127644103,3.75,11.66
2024-08-16,Yearn,Base,4.45,USDT,125992237,3.61,10.33
2024-08-16,Pendle,Ethereum,8.34,USDC,80113957,41.28,0
2024-08-16,Pendle,Ethereum,10.12,USDT,76702599,34.8,0
2024-08-16,Pendle,Ethereum,10.84,DAI,77807989,50.95,0
2024-08-16,Pendle,Arbitrum,10.81,USDC,82401209,4.19,15.02
2024-08-16,Pendle,Arbitrum,14.12,USDT,83503912,2.84,9.94
2024-08-16,Pendle,Arbitrum,17.11,DAI,81381384,2.82,10.32
2024-08-16,Pendle,Optimism,11.72,USDC,78825813,3.58,11.25
2024-08-16,Pendle,Optimism,13.06,DAI,73281686,1.97,6.18
2024-08-16,Pendle,Base,13.6,USDC,79966572,2.84,7.88
2024-08-16,Pendle,Base,15.4,USDT,78701513,3.72,14.31
2024-08-16,Pendle,Base,9.28,DAI,83734969,2.96,10.07
2024-08-16,Convex,Ethereum,4.76,USDC,161091193,45.07,0
2024-08-16,Convex,Ethereum,5.28,USDT,164174368,35.63,0
2024-08-16,Convex,Ethereum,5.91,DAI,155539293,25.04,0
2024-08-16,Balancer,Ethereum,6.79,USDC,113191435,45.42,0
2024-08-16,Balancer,Ethereum,8.35,DAI,127691886,51.34,0
2024-08-16,Balancer,Arbitrum,9.98,USDC,113067861,3.14,11.21
2024-08-16,Balancer,Arbitrum,9.39,USDT,116303424,2.82,16.74
2024-08-16,Balancer,Optimism,9.06,USDC,117020007,2.66,11.08
2024-08-16,Balancer,Optimism,9.75,USDT,114241185,2.88,7.66
2024-08-16,Balancer,Polygon,9.8,USDC,124913630,1.44,4.43
2024-08-16,Balancer,Polygon,9.26,USDT,114245295,1.33,7.67
2024-08-16,Balancer,Polygon,9.78,DAI,124487222,1.72,9.6
2024-08-16,Balancer,Base,8.02,USDC,118443360,3.76,12.19
2024-08-16,Balancer,Base,8.77,USDT,122068684,3.44,11.63
2024-08-16,Balancer,Base,10.26,DAI,102728943,2.7,7.43
2024-08-17,Aave,Ethereum,2.76,USDC,256793325,29.77,0
2024-08-17,Aave,Ethereum,2.67,USDT,258251756,26.63,0
2024-08-17,Aave,Ethereum,2.61,DAI,234032657,27.21,0
2024-08-17,Aave,Arbitrum,3.56,USDC,269902498,3.09,11.07
2024-08-17,Aave,Arbitrum,3.41,USDT,267236957,1.93,11.43
2024-08-17,Aave,Arbitrum,3.37,DAI,242168651,2.86,13.47
2024-08-17,Aave,Optimism,3.46,USDC,291238536,1.64,13.05
2024-08-17,Aave,Optimism,3.23,USDT,252185827,2.11,8.29
2024-08-17,Aave,Polygon,3.98,USDC,251877247,0.88,9.03
2024-08-17,Aave,Polygon,3.35,USDT,262333546,0.97,7.3
2024-08-17,Aave,Polygon,3.14,DAI,266675316,0.59,10.16
2024-08-17,Aave,Base,2.97,USDC,258040592,2.68,9.11
2024-08-17,Aave,Base,3.66,USDT,266061250,2.31,3.98
2024-08-17,Aave,Base,3.4,DAI,239577482,1.78,10.96
2024-08-17,Compound,Ethereum,2.56,USDC,187340796,32.38,0
2024-08-17,Compound,Ethereum,2.64,USDT,206856452,29.93,0
2024-08-17,Compound,Ethereum,2.57,DAI,185398764,33.7,0
2024-08-17,Compound,Arbitrum,3.08,USDC,188550758,2.86,11.02
2024-08-17,Compound,Arbitrum,3.44,USDT,187724033,3.15,13.41
2024-08-17,Compound,Optimism,3.32,USDC,197292650,1.54,10.2
2024-08-17,Compound,Optimism,2.91,USDT,197194671,2.18,8.3
2024-08-17,Compound,Optimism,2.78,DAI,178596134,2.13,9.48
2024-08-17,Compound,Polygon,3.31,USDT,215265096,0.95,7.86
2024-08-17,Compound,Polygon,3.0,DAI,181573174,0.85,6.34
2024-08-17,Compound,Base,2.91,USDC,190076403,2.01,8.28
2024-08-17,Compound,Base,3.06,USDT,157359267,2.58,8.52
2024-08-17,Compound,Base,3.15,DAI,190119344,2.09,11.9
2024-08-17,Curve,Ethereum,7.15,USDC,356296771,38.74,0
2024-08-17,Curve,Ethereum,9.99,USDT,343003722,33.08,0
2024-08-17,Curve,Ethereum,6.13,DAI,358474499,32.42,0
2024-08-17,Curve,Arbitrum,9.27,DAI,348237700,1.92,15.63
2024-08-17,Curve,Optimism,8.81,USDC,332938018,2.24,8.88
2024-08-17,Curve,Optimism,9.61,USDT,340578367,1.84,9.67
2024-08-17,Curve,Polygon,8.4,USDC,333608243,0.92,7.62
2024-08-17,Curve,Polygon,9.76,USDT,323493733,0.76,7.45
2024-08-17,Curve,Polygon,9.45,DAI,351025684,1.2,4.25
2024-08-17,Curve,Base,8.66,USDC,363673156,2.18,6.98
2024-08-17,Curve,Base,8.27,USDT,338458847,2.89,11.0
2024-08-17,Curve,Base,10.81,DAI,342693063,2.29,10.9
2024-08-17,Uniswap V3,Ethereum,7.46,USDC,94517949,27.66,0
2024-08-17,Uniswap V3,Ethereum,8.07,USDT,100678037,24.06,0
2024-08-17,Uniswap V3,Ethereum,7.84,DAI,103053461,33.44,0
2024-08-17,Uniswap V3,Arbitrum,10.87,USDC,98759271,2.1,11.98
2024-08-17,Uniswap V3,Arbitrum,12.43,USDT,101636296,3.14,7.36
2024-08-17,Uniswap V3,Arbitrum,9.01,DAI,103335881,1.48,12.54
2024-08-17,Uniswap V3,Optimism,12.28,USDC,102744297,2.23,8.67
2024-08-17,Uniswap V3,Optimism,9.19,USDT,97282793,1.39,10.35
2024-08-17,Uniswap V3,Optimism,10.11,DAI,100574880,1.69,8.92
2024-08-17,Uniswap V3,Polygon,12.65,USDC,108623100,0.94,8.11
2024-08-17,Uniswap V3,Polygon,12.28,USDT,97339151,0.86,8.6
2024-08-17,Uniswap V3,Polygon,10.11,DAI,107333808,0.57,6.06
2024-08-17,Uniswap V3,Base,12.05,USDC,99653027,2.6,12.82
2024-08-17,Uniswap V3,Base,9.76,USDT,99649185,2.5,5.49
2024-08-17,Uniswap V3,Base,8.45,DAI,99166883,2.01,8.37
2024-08-17,Yearn,Ethereum,3.49,USDC,126456347,30.55,0
2024-08-17,Yearn,Ethereum,3.67,USDT,122411092,36.28,0
2024-08-17,Yearn,Ethereum,4.05,DAI,127006531,27.48,0
2024-08-17,Yearn,Arbitrum,4.4,USDC,123108750,2.2,13.26
2024-08-17,Yearn,Arbitrum,3.88,USDT,118813732,2.4,13.18
2024-08-17,Yearn,Arbitrum,4.13,DAI,133223922,1.84,10.79
2024-08-17,Yearn,Optimism,3.97,USDC,117909786,1.57,7.68
2024-08-17,Yearn,Optimism,3.91,USDT,142093615,1.94,7.22
2024-08-17,Yearn,Optimism,4.19,DAI,133037883,1.75,7.86
2024-08-17,Yearn,Polygon,4.26,USDT,129461693,0.93,7.78
2024-08-17,Yearn,Base,4.23,USDC,128652295,2.62,14.57
2024-08-17,Yearn,Base,3.79,USDT,127563565,1.75,7.61
2024-08-17,Yearn,Base,3.81,DAI,118291126,1.97,7.99
2024-08-17,Pendle,Ethereum,12.44,USDC,76524343,26.51,0
2024-08-17,Pendle,Ethereum,9.88,USDT,78532343,26.68,0
2024-08-17,Pendle,Ethereum,14.48,DAI,82273377,23.23,0
2024-08-17,Pendle,Arbitrum,14.02,USDC,81703552,2.31,10.91
2024-08-17,Pendle,Arbitrum,15.42,USDT,76997784,2.74,9.92
2024-08-17,Pendle,Arbitrum,16.14,DAI,76034180,2.14,11.75
2024-08-17,Pendle,Optimism,10.81,USDC,84623924,1.99,5.53
2024-08-17,Pendle,Optimism,15.02,USDT,75718457,2.38,9.79
2024-08-17,Pendle,Optimism,12.36,DAI,84470213,2.06,10.37
2024-08-17,Pendle,Base,14.75,USDC,74603364,2.35,10.83
2024-08-17,Pendle,Base,12.78,USDT,82097914,2.65,12.36
2024-08-17,Pendle,Base,7.77,DAI,83194133,2.38,10.41
2024-08-17,Convex,Ethereum,4.94,USDC,172114094,27.3,0
2024-08-17,Convex,Ethereum,5.35,USDT,154680237,31.7,0
2024-08-17,Convex,Ethereum,4.78,DAI,164027299,27.84,0
2024-08-17,Balancer,Ethereum,7.77,USDC,120821804,36.58,0
2024-08-17,Balancer,Ethereum,9.04,DAI,110703490,28.46,0
2024-08-17,Balancer,Arbitrum,9.07,USDT,114649952,2.67,12.36
2024-08-17,Balancer,Arbitrum,7.59,DAI,111832184,2.68,11.7
2024-08-17,Balancer,Optimism,9.53,USDC,120205690,2.33,6.12
2024-08-17,Balancer,Optimism,7.1,USDT,119399503,2.03,10.62
2024-08-17,Balancer,Optimism,11.02,DAI,107478496,1.57,9.13
2024-08-17,Balancer,Polygon,10.38,USDC,116198744,0.48,9.02
2024-08-17,Balancer,Polygon,9.88,USDT,113899128,1.1,6.32
2024-08-17,Balancer,Polygon,9.45,DAI,108253825,0.74,9.47
2024-08-17,Balancer,Base,7.28,USDC,113938754,2.37,8.52
2024-08-17,Balancer,Base,12.54,USDT,110888048,2.34,8.97
2024-08-17,Balancer,Base,8.1,DAI,116946079,2.49,11.68
2024-08-18,Aave,Ethereum,2.75,USDC,251790058,26.58,0
2024-08-18,Aave,Ethereum,2.68,USDT,246404490,24.79,0
2024-08-18,Aave,Ethereum,2.67,DAI,234964684,28.88,0
2024-08-18,Aave,Arbitrum,3.53,USDT,261234059,2.21,16.38
2024-08-18,Aave,Arbitrum,3.5,DAI,239876601,1.88,13.07
2024-08-18,Aave,Optimism,3.21,USDC,285173716,1.67,10.28
2024-08-18,Aave,Optimism,2.82,USDT,257900225,1.9,9.13
2024-08-18,Aave,Optimism,3.2,DAI,261045716,2.44,6.82
2024-08-18,Aave,Polygon,3.59,USDC,249797018,1.49,9.11
2024-08-18,Aave,Polygon,3.28,USDT,261324169,0.8,5.23
2024-08-18,Aave,Polygon,3.41,DAI,226221007,0.95,11.07
2024-08-18,Aave,Base,3.46,USDC,279909147,1.9,7.73
2024-08-18,Aave,Base,2.98,USDT,255096433,1.73,6.06
2024-08-18,Aave,Base,2.6,DAI,272459893,2.5,7.79
2024-08-18,Compound,Ethereum,2.44,USDC,196408379,35.5,0
2024-08-18,Compound,Ethereum,2.78,USDT,189154679,30.9,0
2024-08-18,Compound,Ethereum,2.41,DAI,181505392,29.87,0
2024-08-18,Compound,Arbitrum,2.91,USDC,191734411,2.84,11.64
2024-08-18,Compound,Arbitrum,2.95,USDT,189265580,2.95,15.97
2024-08-18,Compound,Arbitrum,3.22,DAI,184079853,2.93,18.51
2024-08-18,Compound,Optimism,3.35,USDC,198632690,2.36,6.22
2024-08-18,Compound,Optimism,3.19,USDT,180134730,2.04,6.38
2024-08-18,Compound,Optimism,2.99,DAI,186353687,2.13,7.25
2024-08-18,Compound,Polygon,3.3,USDC,162441446,1.13,8.23
2024-08-18,Compound,Polygon,2.78,USDT,179601628,1.16,7.99
2024-08-18,Compound,Polygon,3.51,DAI,179558947,1.05,6.95
2024-08-18,Compound,Base,2.88,USDC,199627623,1.88,7.59
2024-08-18,Compound,Base,3.21,USDT,200087391,2.5,11.09
2024-08-18,Compound,Base,3.0,DAI,184643032,2.53,9.04
2024-08-18,Curve,Ethereum,6.48,USDC,356214801,21.17,0
2024-08-18,Curve,Ethereum,7.66,USDT,339955681,40.06,0
2024-08-18,Curve,Ethereum,8.04,DAI,340818957,25.56,0
2024-08-18,Curve,Arbitrum,9.75,USDC,321259872,1.73,10.05
2024-08-18,Curve,Arbitrum,8.68,USDT,353897856,2.92,13.95
2024-08-18,Curve,Arbitrum,7.74,DAI,297233669,2.58,7.34
2024-08-18,Curve,Optimism,9.65,USDC,354537363,1.76,9.31
2024-08-18,Curve,Optimism,7.92,USDT,312977975,2.1,12.02
2024-08-18,Curve,Optimism,8.5,DAI,337461993,2.12,7.22
2024-08-18,Curve,Polygon,10.34,USDC,335917798,1.05,6.48
2024-08-18,Curve,Polygon,10.33,USDT,330423115,0.58,5.76
2024-08-18,Curve,Polygon,8.83,DAI,332165958,1.27,9.73
2024-08-18,Curve,Base,7.65,USDT,312990225,2.01,10.52
2024-08-18,Curve,Base,8.55,DAI,314462033,2.08,11.51
2024-08-18,Uniswap V3,Ethereum,10.13,USDC,92287098,23.08,0
2024-08-18,Uniswap V3,Ethereum,5.76,USDT,93220497,23.45,0
2024-08-18,Uniswap V3,Ethereum,7.3,DAI,95407198,27.36,0
2024-08-18,Uniswap V3,Arbitrum,8.29,USDC,94746293,1.39,13.19
2024-08-18,Uniswap V3,Arbitrum,10.68,USDT,101258483,2.21,16.18
2024-08-18,Uniswap V3,Arbitrum,9.33,DAI,96455702,2.53,14.28
2024-08-18,Uniswap V3,Optimism,9.02,USDC,83691512,1.59,10.56
2024-08-18,Uniswap V3,Optimism,8.92,USDT,97494627,1.87,9.9
2024-08-18,Uniswap V3,Optimism,8.66,DAI,101669562,2.25,11.71
2024-08-18,Uniswap V3,Polygon,10.51,USDT,102568007,0.83,7.71
2024-08-18,Uniswap V3,Polygon,8.89,DAI,110039667,1.29,7.35
2024-08-18,Uniswap V3,Base,11.61,USDT,100419768,1.95,7.1
2024-08-18,Uniswap V3,Base,11.94,DAI,99305812,1.95,11.82
2024-08-18,Yearn,Ethereum,3.44,USDC,125877308,24.99,0
2024-08-18,Yearn,Ethereum,3.49,USDT,125264432,21.6,0
2024-08-18,Yearn,Ethereum,3.64,DAI,123147956,21.56,0
2024-08-18,Yearn,Arbitrum,4.09,USDC,121937917,1.17,18.75
2024-08-18,Yearn,Arbitrum,4.39,USDT,123116153,2.76,9.77
2024-08-18,Yearn,Arbitrum,3.93,DAI,125732335,1.92,11.06
2024-08-18,Yearn,Optimism,4.38,USDC,125310689,2.36,11.82
2024-08-18,Yearn,Optimism,4.13,USDT,126429392,2.04,8.62
2024-08-18,Yearn,Optimism,4.7,DAI,120389860,2.16,6.98
2024-08-18,Yearn,Polygon,4.52,USDC,121157202,0.81,8.69
2024-08-18,Yearn,Polygon,4.3,USDT,125037937,1.26,7.5
2024-08-18,Yearn,Polygon,4.8,DAI,129782910,0.68,8.04
2024-08-18,Yearn,Base,4.17,USDC,122688802,2.53,8.78
2024-08-18,Yearn,Base,3.92,DAI,121987232,2.53,11.98
2024-08-18,Pendle,Ethereum,12.54,USDC,74935860,26.09,0
2024-08-18,Pendle,Ethereum,13.39,USDT,78521300,37.61,0
2024-08-18,Pendle,Ethereum,5.78,DAI,72156398,31.4,0
2024-08-18,Pendle,Arbitrum,13.91,USDC,74335748,2.04,10.88
2024-08-18,Pendle,Arbitrum,14.97,USDT,81910099,2.91,9.86
2024-08-18,Pendle,Arbitrum,11.77,DAI,78544359,2.32,14.34
2024-08-18,Pendle,Optimism,12.72,USDC,78418499,1.88,8.57
2024-08-18,Pendle,Optimism,12.35,USDT,75815655,2.46,9.24
2024-08-18,Pendle,Optimism,11.65,DAI,78379848,2.26,9.45
2024-08-18,Pendle,Base,7.18,USDC,80469575,2.61,10.51
2024-08-18,Pendle,Base,13.3,USDT,72252824,2.55,8.24
2024-08-18,Pendle,Base,8.05,DAI,77178905,2.37,10.3
2024-08-18,Convex,Ethereum,5.07,USDC,150607017,30.61,0
2024-08-18,Balancer,Ethereum,10.29,USDT,120289710,22.29,0
2024-08-18,Balancer,Ethereum,6.88,DAI,108960281,32.37,0
2024-08-18,Balancer,Arbitrum,10.72,USDC,106163921,2.4,9.13
2024-08-18,Balancer,Arbitrum,9.62,USDT,117404609,2.57,7.12
2024-08-18,Balancer,Arbitrum,10.57,DAI,102799432,3.17,11.65
2024-08-18,Balancer,Optimism,7.98,USDT,117429272,1.77,8.88
2024-08-18,Balancer,Optimism,8.36,DAI,115088927,2.36,10.37
2024-08-18,Balancer,Polygon,8.67,USDC,116261163,1.0,7.44
2024-08-18,Balancer,Polygon,9.09,USDT,116357107,0.89,10.68
2024-08-18,Balancer,Polygon,8.07,DAI,116822415,1.05,8.32
2024-08-18,Balancer,Base,10.09,USDC,110354411,2.36,14.0
2024-08-18,Balancer,Base,9.44,USDT,114477343,2.37,12.09
2024-08-18,Balancer,Base,9.74,DAI,124763519,2.25,7.46
2024-08-19,Aave,Ethereum,2.87,USDC,252358577,36.33,0
2024-08-19,Aave,Ethereum,2.94,USDT,263100229,44.28,0
2024-08-19,Aave,Ethereum,2.66,DAI,254021449,39.69,0
2024-08-19,Aave,Arbitrum,3.53,USDC,258836065,3.82,11.01
2024-08-19,Aave,Arbitrum,3.43,USDT,260962667,4.11,12.8
2024-08-19,Aave,Arbitrum,3.03,DAI,252339662,4.27,8.57
2024-08-19,Aave,Optimism,2.87,USDC,247666787,2.96,9.41
2024-08-19,Aave,Optimism,3.04,USDT,252314413,2.76,8.22
2024-08-19,Aave,Optimism,3.01,DAI,251866968,2.13,6.74
2024-08-19,Aave,Polygon,3.13,USDC,239148256,1.55,8.91
2024-08-19,Aave,Polygon,3.94,USDT,263903359,1.55,9.23
2024-08-19,Aave,Polygon,3.54,DAI,260462323,1.17,7.28
2024-08-19,Aave,Base,3.45,USDC,243953918,2.9,8.71
2024-08-19,Aave,Base,3.44,USDT,265368119,3.05,9.38
2024-08-19,Compound,Ethereum,2.67,USDT,175024525,38.84,0
2024-08-19,Compound,Ethereum,2.72,DAI,193568132,38.26,0
2024-08-19,Compound,Arbitrum,3.52,USDC,180884319,4.16,10.98
2024-08-19,Compound,Arbitrum,3.0,USDT,170297166,3.87,16.33
2024-08-19,Compound,Arbitrum,3.11,DAI,188370589,4.38,12.81
2024-08-19,Compound,Optimism,3.25,USDC,194761249,3.74,10.67
2024-08-19,Compound,Optimism,3.39,DAI,198250590,2.37,10.02
2024-08-19,Compound,Polygon,3.28,USDC,188835701,1.67,7.49
2024-08-19,Compound,Polygon,3.55,USDT,192397966,1.92,12.24
2024-08-19,Compound,Polygon,3.15,DAI,188158773,1.38,5.13
2024-08-19,Compound,Base,3.21,USDC,180163346,4.18,10.92
2024-08-19,Compound,Base,3.44,USDT,173870535,3.26,12.31
2024-08-19,Compound,Base,3.37,DAI,185724782,3.07,14.0
2024-08-19,Curve,Ethereum,7.68,USDC,320336036,36.18,0
2024-08-19,Curve,Ethereum,6.68,USDT,345954048,35.78,0
2024-08-19,Curve,Ethereum,6.32,DAI,343896980,41.47,0
2024-08-19,Curve,Arbitrum,11.66,USDC,339070285,3.9,10.97
2024-08-19,Curve,Arbitrum,10.17,USDT,338058785,3.57,14.38
2024-08-19,Curve,Arbitrum,7.98,DAI,356534368,3.06,13.66
2024-08-19,Curve,Optimism,10.1,USDC,335699121,3.03,8.53
2024-08-19,Curve,Optimism,9.94,USDT,366730846,2.92,10.08
2024-08-19,Curve,Optimism,9.64,DAI,327437868,3.41,7.63
2024-08-19,Curve,Polygon,9.04,USDT,336418318,1.49,7.89
2024-08-19,Curve,Polygon,8.94,DAI,322969341,1.33,5.52
2024-08-19,Curve,Base,6.7,USDC,323589492,3.23,10.22
2024-08-19,Curve,Base,8.08,USDT,321728054,3.92,7.1
2024-08-19,Curve,Base,9.43,DAI,330227413,3.37,11.39
2024-08-19,Uniswap V3,Ethereum,6.21,USDC,92737339,54.14,0
2024-08-19,Uniswap V3,Ethereum,8.69,USDT,101753874,51.15,0
2024-08-19,Uniswap V3,Ethereum,9.15,DAI,97034896,35.19,0
2024-08-19,Uniswap V3,Arbitrum,11.69,USDC,93898886,4.54,7.34
2024-08-19,Uniswap V3,Arbitrum,10.11,USDT,94764689,3.63,10.76
2024-08-19,Uniswap V3,Arbitrum,10.04,DAI,94934054,4.8,12.7
2024-08-19,Uniswap V3,Optimism,8.34,USDC,95760589,3.0,9.26
2024-08-19,Uniswap V3,Optimism,7.35,USDT,99909879,2.44,9.77
2024-08-19,Uniswap V3,Optimism,7.81,DAI,101745575,3.79,10.74
2024-08-19,Uniswap V3,Polygon,11.92,USDC,101341822,1.17,5.87
2024-08-19,Uniswap V3,Polygon,8.91,USDT,107627081,1.54,11.5
2024-08-19,Uniswap V3,Polygon,10.26,DAI,100603029,1.22,5.92
2024-08-19,Uniswap V3,Base,10.68,USDC,99885217,3.37,12.34
2024-08-19,Uniswap V3,Base,8.79,USDT,95764228,3.03,10.87
2024-08-19,Uniswap V3,Base,9.09,DAI,92414651,2.69,10.31
2024-08-19,Yearn,Ethereum,3.37,USDC,121828439,54.5,0
2024-08-19,Yearn,Ethereum,3.6,USDT,116892477,33.93,0
2024-08-19,Yearn,Ethereum,3.32,DAI,124390682,38.41,0
2024-08-19,Yearn,Arbitrum,4.51,USDC,132854851,3.74,9.81
2024-08-19,Yearn,Arbitrum,4.58,USDT,116732811,3.67,10.65
2024-08-19,Yearn,Arbitrum,4.49,DAI,116672154,3.51,13.36
2024-08-19,Yearn,Optimism,3.88,USDC,119375378,2.65,11.12
2024-08-19,Yearn,Optimism,4.33,USDT,121828897,3.16,5.96
2024-08-19,Yearn,Polygon,4.4,USDT,134359867,1.28,7.99
2024-08-19,Yearn,Polygon,4.72,DAI,124499887,1.24,9.89
2024-08-19,Yearn,Base,3.67,USDT,113121247,3.71,10.96
2024-08-19,Pendle,Ethereum,13.11,USDC,77206933,42.4,0
2024-08-19,Pendle,Ethereum,8.97,USDT,75908703,39.4,0
2024-08-19,Pendle,Ethereum,10.04,DAI,76774696,34.88,0
2024-08-19,Pendle,Arbitrum,12.3,USDC,75286265,2.41,9.16
2024-08-19,Pendle,Arbitrum,11.88,USDT,75266494,3.48,12.54
2024-08-19,Pendle,Arbitrum,17.79,DAI,71410978,2.5,13.25
2024-08-19,Pendle,Optimism,10.61,USDC,76685446,2.8,6.38
2024-08-19,Pendle,Optimism,12.87,USDT,69993548,2.39,8.72
2024-08-19,Pendle,Optimism,14.97,DAI,80459168,1.89,8.36
2024-08-19,Pendle,Base,14.7,USDC,74717380,3.59,9.65
2024-08-19,Pendle,Base,12.94,USDT,79415381,2.59,10.3
2024-08-19,Pendle,Base,15.78,DAI,75713533,3.54,12.55
2024-08-19,Convex,Ethereum,4.56,USDT,153647655,50.11,0
2024-08-19,Convex,Ethereum,5.91,DAI,160519333,37.35,0
2024-08-19,Balancer,Ethereum,6.79,USDC,101283420,31.13,0
2024-08-19,Balancer,Ethereum,6.93,DAI,116824418,52.17,0
2024-08-19,Balancer,Arbitrum,8.18,USDC,117081240,3.53,13.88
2024-08-19,Balancer,Arbitrum,10.86,USDT,113721435,2.88,10.97
2024-08-19,Balancer,Arbitrum,8.83,DAI,115893025,2.96,15.09
2024-08-19,Balancer,Optimism,6.69,USDC,106888933,3.11,11.12
2024-08-19,Balancer,Optimism,7.57,USDT,103511784,3.49,8.77
2024-08-19,Balancer,Optimism,7.11,DAI,116764494,2.43,9.94
2024-08-19,Balancer,Polygon,10.7,USDC,108725081,1.15,7.23
2024-08-19,Balancer,Polygon,9.8,USDT,105528830,1.49,6.8
2024-08-19,Balancer,Polygon,9.08,DAI,119446892,1.75,6.85
2024-08-19,Balancer,Base,6.9,USDC,107850114,3.03,7.94
2024-08-19,Balancer,Base,9.38,USDT,103633749,3.29,10.37
2024-08-19,Balancer,Base,8.22,DAI,113443118,3.33,9.85
2024-08-20,Aave,Ethereum,2.9,DAI,251347803,41.09,0
2024-08-20,Aave,Arbitrum,3.21,USDC,239554804,3.96,12.89
2024-08-20,Aave,Arbitrum,3.13,USDT,246290628,3.08,10.15
2024-08-20,Aave,Arbitrum,3.75,DAI,261998540,2.87,8.56
2024-08-20,Aave,Optimism,2.87,USDC,248992204,2.93,10.91
2024-08-20,Aave,Optimism,3.32,USDT,257220544,2.41,10.99
2024-08-20,Aave,Optimism,3.14,DAI,264180583,4.22,11.98
2024-08-20,Aave,Polygon,3.83,USDC,244872340,1.18,7.22
2024-08-20,Aave,Polygon,4.05,USDT,247777749,1.86,6.14
2024-08-20,Aave,Polygon,3.74,DAI,269550056,1.47,6.07
2024-08-20,Aave,Base,3.44,USDC,238132593,3.14,12.9
2024-08-20,Aave,Base,3.4,USDT,270994144,3.25,11.39
2024-08-20,Aave,Base,3.01,DAI,256534641,3.52,7.32
2024-08-20,Compound,Ethereum,2.27,USDC,176453837,45.87,0
2024-08-20,Compound,Ethereum,2.73,USDT,181044677,60.43,0
2024-08-20,Compound,Ethereum,2.57,DAI,180219524,44.41,0
2024-08-20,Compound,Arbitrum,3.37,USDC,189396487,2.97,12.43
2024-08-20,Compound,Arbitrum,2.67,USDT,191856262,3.85,10.16
2024-08-20,Compound,Arbitrum,3.45,DAI,193279508,3.12,15.93
2024-08-20,Compound,Optimism,3.02,USDC,179957881,3.16,7.17
2024-08-20,Compound,Optimism,3.19,DAI,181778348,3.43,8.07
2024-08-20,Compound,Polygon,3.27,USDC,179046368,1.36,4.17
2024-08-20,Compound,Polygon,3.36,USDT,184426448,1.75,9.07
2024-08-20,Compound,Polygon,3.41,DAI,180453037,0.83,7.66
2024-08-20,Compound,Base,3.29,USDC,176863231,2.87,9.53
2024-08-20,Compound,Base,2.89,USDT,179027089,3.55,8.07
2024-08-20,Compound,Base,3.36,DAI,175341142,3.28,10.79
2024-08-20,Curve,Ethereum,7.9,USDC,310320963,40.58,0
2024-08-20,Curve,Ethereum,7.4,USDT,339580918,38.44,0
2024-08-20,Curve,Ethereum,7.7,DAI,299303121,51.09,0
2024-08-20,Curve,Arbitrum,7.2,USDC,306519149,2.14,10.59
2024-08-20,Curve,Arbitrum,9.05,USDT,319837168,3.8,12.13
2024-08-20,Curve,Optimism,7.57,USDC,328893340,2.96,10.07
2024-08-20,Curve,Optimism,8.12,USDT,343640463,3.28,13.63
2024-08-20,Curve,Optimism,7.1,DAI,328234638,3.36,7.15
2024-08-20,Curve,Polygon,6.72,USDC,318476971,1.36,7.4
2024-08-20,Curve,Polygon,11.62,USDT,298084418,1.76,7.88
2024-08-20,Curve,Polygon,11.94,DAI,298267802,1.04,8.48
2024-08-20,Curve,Base,6.6,USDC,311980410,2.99,9.48
2024-08-20,Curve,Base,9.96,DAI,313373851,3.37,8.74
2024-08-20,Uniswap V3,Ethereum,10.07,USDC,100482837,38.74,0
2024-08-20,Uniswap V3,Ethereum,7.64,USDT,92814908,37.32,0
2024-08-20,Uniswap V3,Ethereum,9.47,DAI,96435210,35.67,0
2024-08-20,Uniswap V3,Arbitrum,11.44,USDC,103269212,4.28,13.94
2024-08-20,Uniswap V3,Arbitrum,9.87,USDT,97403319,4.05,10.6
2024-08-20,Uniswap V3,Arbitrum,9.96,DAI,94846042,4.85,13.83
2024-08-20,Uniswap V3,Optimism,11.93,DAI,104606916,3.24,10.26
2024-08-20,Uniswap V3,Polygon,9.81,USDC,102985836,1.52,6.88
2024-08-20,Uniswap V3,Polygon,10.88,USDT,94653616,1.58,8.61
2024-08-20,Uniswap V3,Polygon,7.49,DAI,100614756,1.53,8.5
2024-08-20,Uniswap V3,Base,10.24,USDC,102799224,3.49,8.9
2024-08-20,Uniswap V3,Base,9.46,DAI,91856298,3.44,9.49
2024-08-20,Yearn,Ethereum,3.32,USDC,122243957,43.6,0
2024-08-20,Yearn,Ethereum,3.41,USDT,121437336,34.2,0
2024-08-20,Yearn,Ethereum,4.15,DAI,123649488,39.6,0
2024-08-20,Yearn,Arbitrum,4.41,USDC,120097889,4.65,13.97
2024-08-20,Yearn,Arbitrum,4.53,USDT,121554659,3.62,13.51
2024-08-20,Yearn,Optimism,4.07,USDC,127335555,2.62,9.54
2024-08-20,Yearn,Optimism,4.18,USDT,113320348,4.0,11.68
2024-08-20,Yearn,Optimism,4.04,DAI,123498916,2.48,6.98
2024-08-20,Yearn,Polygon,4.99,USDC,133495568,1.78,6.44
2024-08-20,Yearn,Polygon,4.68,DAI,122324543,1.11,5.65
2024-08-20,Yearn,Base,4.18,USDC,122705875,3.58,12.1
2024-08-20,Yearn,Base,3.68,DAI,113645202,2.98,10.21
2024-08-20,Pendle,Ethereum,10.84,USDC,80548902,50.74,0
2024-08-20,Pendle,Ethereum,12.94,USDT,78228429,39.02,0
2024-08-20,Pendle,Ethereum,10.88,DAI,73142452,35.19,0
2024-08-20,Pendle,Arbitrum,11.6,USDC,76571419,2.81,9.37
2024-08-20,Pendle,Arbitrum,13.37,USDT,73983127,4.24,12.8
2024-08-20,Pendle,Arbitrum,15.43,DAI,73432059,3.34,12.72
2024-08-20,Pendle,Optimism,10.47,USDC,71638535,3.27,6.33
2024-08-20,Pendle,Optimism,14.29,USDT,78040341,2.81,6.67
2024-08-20,Pendle,Optimism,12.13,DAI,71992373,2.36,8.18
2024-08-20,Pendle,Base,9.49,USDC,74916938,3.33,8.8
2024-08-20,Pendle,Base,17.28,USDT,75591550,3.19,7.87
2024-08-20,Pendle,Base,15.5,DAI,74536037,3.35,11.86
2024-08-20,Convex,Ethereum,4.36,USDC,160966412,45.01,0
2024-08-20,Convex,Ethereum,4.86,USDT,142030991,45.93,0
2024-08-20,Convex,Ethereum,4.88,DAI,150553870,35.49,0
2024-08-20,Balancer,Ethereum,8.18,USDT,121546763,38.29,0
2024-08-20,Balancer,Ethereum,8.55,DAI,107290106,37.36,0
2024-08-20,Balancer,Arbitrum,9.1,USDC,106019104,4.52,12.3
2024-08-20,Balancer,Arbitrum,10.37,USDT,103790175,3.89,12.77
2024-08-20,Balancer,Arbitrum,9.75,DAI,107592438,3.14,9.9
2024-08-20,Balancer,Optimism,8.27,USDC,109534933,3.23,3.92
2024-08-20,Balancer,Optimism,9.34,DAI,113328496,2.04,9.46
2024-08-20,Balancer,Polygon,10.5,USDC,114893372,1.3,7.64
2024-08-20,Balancer,Polygon,10.31,USDT,112515128,1.66,7.0
2024-08-20,Balancer,Polygon,8.87,DAI,110139238,1.25,10.67
2024-08-20,Balancer,Base,8.72,USDC,116418337,3.13,10.02
2024-08-20,Balancer,Base,9.36,USDT,110872633,3.45,9.19
2024-08-20,Balancer,Base,10.56,DAI,114194491,3.42,12.34
2024-08-21,Aave,Ethereum,2.94,USDC,231646880,52.16,0
2024-08-21,Aave,Ethereum,3.01,USDT,259851067,39.97,0
2024-08-21,Aave,Ethereum,2.64,DAI,251353026,32.33,0
2024-08-21,Aave,Arbitrum,3.47,USDC,238155957,3.31,14.75
2024-08-21,Aave,Arbitrum,3.26,USDT,227820118,3.53,11.71
2024-08-21,Aave,Arbitrum,3.36,DAI,241048295,3.88,10.63
2024-08-21,Aave,Optimism,3.12,USDC,261169107,2.44,11.05
2024-08-21,Aave,Optimism,3.39,USDT,261486279,3.51,6.84
2024-08-21,Aave,Optimism,3.42,DAI,228746264,2.77,8.18
2024-08-21,Aave,Polygon,3.78,USDC,241872937,1.68,9.9
2024-08-21,Aave,Polygon,3.35,USDT,236626026,1.41,9.19
2024-08-21,Aave,Polygon,3.48,DAI,274551806,1.46,8.26
2024-08-21,Aave,Base,3.71,USDC,269810930,3.21,10.27
2024-08-21,Aave,Base,3.4,USDT,218909508,3.01,8.98
2024-08-21,Aave,Base,3.37,DAI,254926872,3.1,11.52
2024-08-21,Compound,Ethereum,2.81,USDC,182996439,41.56,0
2024-08-21,Compound,Ethereum,2.86,USDT,171223927,42.43,0
2024-08-21,Compound,Ethereum,2.72,DAI,180572239,48.63,0
2024-08-21,Compound,Arbitrum,3.26,USDC,190023191,3.19,14.73
2024-08-21,Compound,Arbitrum,3.32,USDT,183573538,3.66,12.13
2024-08-21,Compound,Arbitrum,3.23,DAI,191973063,3.75,13.87
2024-08-21,Compound,Optimism,3.22,USDC,175860308,2.47,7.26
2024-08-21,Compound,Optimism,2.89,USDT,181294490,3.45,8.15
2024-08-21,Compound,Optimism,2.83,DAI,169065545,2.96,8.15
2024-08-21,Compound,Polygon,3.33,USDC,163979621,1.41,11.21
2024-08-21,Compound,Polygon,3.27,USDT,176444699,1.3,6.73
2024-08-21,Compound,Polygon,3.61,DAI,170132244,1.07,9.14
2024-08-21,Compound,Base,3.21,USDC,172498167,3.5,11.05
2024-08-21,Compound,Base,3.21,USDT,181145093,3.51,6.15
2024-08-21,Compound,Base,3.23,DAI,183302422,3.29,9.96
2024-08-21,Curve,Ethereum,6.65,USDT,346671692,40.61,0
2024-08-21,Curve,Ethereum,10.83,DAI,328012540,33.22,0
2024-08-21,Curve,Arbitrum,9.21,USDC,327524168,5.63,10.26
2024-08-21,Curve,Arbitrum,7.21,USDT,322829850,4.35,8.69
2024-08-21,Curve,Arbitrum,9.51,DAI,333017997,3.42,14.05
2024-08-21,Curve,Optimism,8.72,USDC,335179422,2.86,10.32
2024-08-21,Curve,Optimism,9.31,USDT,357027041,3.38,8.61
2024-08-21,Curve,Optimism,9.26,DAI,322341229,3.95,8.25
2024-08-21,Curve,Polygon,9.29,USDC,333272620,1.65,7.92
2024-08-21,Curve,Polygon,8.11,USDT,314704259,2.07,4.99
2024-08-21,Curve,Polygon,7.93,DAI,327285898,1.57,8.31
2024-08-21,Curve,Base,8.12,USDC,334736213,3.03,10.46
2024-08-21,Curve,Base,7.78,USDT,345716609,3.59,12.39
2024-08-21,Curve,Base,9.84,DAI,343800025,3.86,10.9
2024-08-21,Uniswap V3,Ethereum,9.71,USDC,91760337,46.84,0
2024-08-21,Uniswap V3,Ethereum,8.03,DAI,99605507,44.46,0
2024-08-21,Uniswap V3,Arbitrum,9.97,USDC,94192618,2.52,10.99
2024-08-21,Uniswap V3,Arbitrum,9.24,DAI,98548780,5.27,8.05
2024-08-21,Uniswap V3,Optimism,12.38,USDC,98218974,2.59,7.13
2024-08-21,Uniswap V3,Optimism,13.45,USDT,98532519,2.34,8.43
2024-08-21,Uniswap V3,Optimism,9.97,DAI,95715377,3.08,9.35
2024-08-21,Uniswap V3,Polygon,10.98,USDC,88137972,1.45,8.29
2024-08-21,Uniswap V3,Polygon,8.29,USDT,88372041,1.43,5.56
2024-08-21,Uniswap V3,Polygon,9.24,DAI,93509100,1.46,5.86
2024-08-21,Uniswap V3,Base,7.54,USDC,96043167,3.42,11.38
2024-08-21,Uniswap V3,Base,10.08,USDT,86620984,3.06,9.55
2024-08-21,Yearn,Ethereum,3.51,USDC,114127900,50.61,0
2024-08-21,Yearn,Ethereum,3.64,USDT,130781356,51.29,0
2024-08-21,Yearn,Arbitrum,4.49,USDC,120227356,3.58,11.64
2024-08-21,Yearn,Arbitrum,4.63,USDT,121430729,3.51,10.71
2024-08-21,Yearn,Arbitrum,4.56,DAI,108532875,4.57,9.47
2024-08-21,Yearn,Optimism,4.81,USDC,115877327,1.6,7.69
2024-08-21,Yearn,Optimism,4.66,USDT,121640813,3.05,10.61
2024-08-21,Yearn,Optimism,4.55,DAI,112058132,3.02,7.55
2024-08-21,Yearn,Polygon,4.42,USDC,113969394,1.28,5.87
2024-08-21,Yearn,Polygon,4.48,USDT,110829550,1.51,8.12
2024-08-21,Yearn,Polygon,4.91,DAI,122750921,0.95,6.97
2024-08-21,Yearn,Base,4.58,USDC,120382319,3.48,11.39
2024-08-21,Yearn,Base,4.44,DAI,120818471,2.59,10.5
2024-08-21,Pendle,Ethereum,11.28,USDC,71017974,47.28,0
2024-08-21,Pendle,Ethereum,9.87,USDT,80602666,37.68,0
2024-08-21,Pendle,Arbitrum,17.38,DAI,75518835,5.31,12.39
2024-08-21,Pendle,Optimism,12.3,USDT,72895099,2.56,8.97
2024-08-21,Pendle,Optimism,13.77,DAI,71508604,2.83,7.39
2024-08-21,Pendle,Base,13.89,USDT,80195616,2.42,12.23
2024-08-21,Pendle,Base,12.68,DAI,76057318,2.41,9.45
2024-08-21,Convex,Ethereum,5.32,USDC,143549922,41.62,0
2024-08-21,Convex,Ethereum,5.0,USDT,162965571,37.41,0
2024-08-21,Balancer,Ethereum,7.23,USDC,113336117,52.42,0
2024-08-21,Balancer,Ethereum,8.57,USDT,112779157,36.49,0
2024-08-21,Balancer,Ethereum,6.5,DAI,106220562,36.13,0
2024-08-21,Balancer,Arbitrum,9.81,USDC,103569352,4.12,13.26
2024-08-21,Balancer,Arbitrum,10.77,DAI,107331076,3.23,12.45
2024-08-21,Balancer,Optimism,10.24,USDC,111380443,3.12,9.37
2024-08-21,Balancer,Optimism,9.94,DAI,122943098,3.52,6.86
2024-08-21,Balancer,Polygon,8.92,USDC,111679323,1.59,8.47
2024-08-21,Balancer,Polygon,9.74,USDT,118150425,1.24,6.42
2024-08-21,Balancer,Polygon,10.28,DAI,112561181,1.27,5.61
2024-08-21,Balancer,Base,10.12,USDC,101202172,3.67,9.68
2024-08-21,Balancer,Base,9.76,USDT,121555742,3.32,6.91
2024-08-21,Balancer,Base,9.36,DAI,111046550,3.9,8.0
2024-08-22,Aave,Ethereum,2.21,USDC,254190306,49.34,0
2024-08-22,Aave,Ethereum,2.67,USDT,237964954,29.64,0
2024-08-22,Aave,Ethereum,2.67,DAI,265085162,35.13,0
2024-08-22,Aave,Arbitrum,3.14,USDC,255488962,3.59,12.43
2024-08-22,Aave,Arbitrum,3.4,USDT,249622651,3.32,12.84
2024-08-22,Aave,Arbitrum,3.71,DAI,240366896,2.42,12.03
2024-08-22,Aave,Optimism,3.16,USDC,264308789,3.78,10.0
2024-08-22,Aave,Optimism,3.78,USDT,253105320,3.24,7.96
2024-08-22,Aave,Optimism,2.96,DAI,275145168,2.92,9.84
2024-08-22,Aave,Polygon,3.24,USDC,260736923,1.5,9.73
2024-08-22,Aave,Polygon,3.46,USDT,242535524,1.55,8.23
2024-08-22,Aave,Polygon,3.2,DAI,236150218,1.31,8.09
2024-08-22,Aave,Base,2.8,USDC,250248757,2.99,9.58
2024-08-22,Aave,Base,3.49,USDT,247211868,3.69,7.62
2024-08-22,Aave,Base,3.29,DAI,268270911,3.16,11.21
2024-08-22,Compound,Ethereum,2.23,USDC,192572099,33.93,0
2024-08-22,Compound,Ethereum,2.27,USDT,176381238,36.58,0
2024-08-22,Compound,Ethereum,2.62,DAI,183540471,44.06,0
2024-08-22,Compound,Arbitrum,3.37,USDC,179857589,3.53,12.31
2024-08-22,Compound,Arbitrum,3.15,USDT,180979176,4.03,13.65
2024-08-22,Compound,Arbitrum,2.94,DAI,168678577,4.34,17.07
2024-08-22,Compound,Optimism,3.22,USDC,175375175,3.84,7.4
2024-08-22,Compound,Optimism,3.16,USDT,194783039,2.83,7.42
2024-08-22,Compound,Optimism,3.02,DAI,171177924,2.84,7.31
2024-08-22,Compound,Polygon,3.34,USDC,191336451,1.37,8.62
2024-08-22,Compound,Polygon,3.31,USDT,188194549,1.52,7.53
2024-08-22,Compound,Polygon,3.49,DAI,184849478,1.05,5.64
2024-08-22,Compound,Base,3.25,USDC,183521265,3.86,9.19
2024-08-22,Compound,Base,3.23,USDT,173747048,3.13,9.91
2024-08-22,Compound,Base,2.93,DAI,183609265,2.67,10.2
2024-08-22,Curve,Ethereum,7.7,USDT,286962058,24.03,0
2024-08-22,Curve,Ethereum,7.65,DAI,341207971,56.71,0
2024-08-22,Curve,Arbitrum,7.97,USDC,301937965,3.48,11.13
2024-08-22,Curve,Arbitrum,11.43,USDT,313279986,3.46,13.55
2024-08-22,Curve,Arbitrum,10.94,DAI,309633703,4.7,10.33
2024-08-22,Curve,Optimism,9.77,USDC,311362254,2.3,4.71
2024-08-22,Curve,Optimism,9.5,USDT,340973297,3.31,11.68
2024-08-22,Curve,Optimism,7.53,DAI,319547436,3.59,6.57
2024-08-22,Curve,Polygon,8.13,DAI,312675468,1.04,7.66
2024-08-22,Curve,Base,8.47,USDC,323772114,2.84,10.66
2024-08-22,Curve,Base,9.01,USDT,309240965,3.2,11.01
2024-08-22,Curve,Base,7.84,DAI,329496171,3.33,9.75
2024-08-22,Uniswap V3,Ethereum,9.14,USDC,91913451,47.15,0
2024-08-22,Uniswap V3,Ethereum,9.6,USDT,95778986,45.53,0
2024-08-22,Uniswap V3,Ethereum,9.3,DAI,95445332,37.85,0
2024-08-22,Uniswap V3,Arbitrum,11.37,USDC,103027943,4.1,12.09
2024-08-22,Uniswap V3,Arbitrum,10.26,USDT,93030955,4.34,14.6
2024-08-22,Uniswap V3,Arbitrum,11.3,DAI,92948765,2.73,11.72
2024-08-22,Uniswap V3,Optimism,9.89,USDT,92056582,3.47,9.27
2024-08-22,Uniswap V3,Optimism,12.12,DAI,96772689,2.46,11.44
2024-08-22,Uniswap V3,Polygon,10.09,USDC,90805161,1.93,8.02
2024-08-22,Uniswap V3,Polygon,11.74,USDT,94462092,0.87,5.66
2024-08-22,Uniswap V3,Polygon,9.75,DAI,88524813,1.42,6.32
2024-08-22,Uniswap V3,Base,8.9,USDC,97927642,3.39,10.28
2024-08-22,Uniswap V3,Base,10.11,USDT,102851112,3.08,8.38
2024-08-22,Uniswap V3,Base,10.44,DAI,89390689,4.12,10.25
2024-08-22,Yearn,Ethereum,3.31,USDC,121811022,43.91,0
2024-08-22,Yearn,Ethereum,3.05,USDT,117483515,36.94,0
2024-08-22,Yearn,Ethereum,3.4,DAI,113699436,39.09,0
2024-08-22,Yearn,Arbitrum,4.46,USDC,118761271,3.99,16.35
2024-08-22,Yearn,Arbitrum,4.65,USDT,123672000,4.12,14.07
2024-08-22,Yearn,Arbitrum,4.32,DAI,112044757,5.22,12.33
2024-08-22,Yearn,Optimism,3.83,USDC,116814408,3.57,7.65
2024-08-22,Yearn,Optimism,4.15,USDT,122120546,2.12,7.52
2024-08-22,Yearn,Optimism,4.41,DAI,117584778,3.24,7.39
2024-08-22,Yearn,Polygon,4.15,USDT,115740294,1.89,7.28
2024-08-22,Yearn,Polygon,4.54,DAI,124635952,1.04,10.23
2024-08-22,Yearn,Base,3.93,USDC,125606843,2.88,11.1
2024-08-22,Yearn,Base,4.61,USDT,116618250,3.51,11.26
2024-08-22,Yearn,Base,4.73,DAI,130531291,2.78,7.89
2024-08-22,Pendle,Ethereum,8.53,USDC,74071605,46.21,0
2024-08-22,Pendle,Ethereum,13.62,USDT,74148436,53.58,0
2024-08-22,Pendle,Ethereum,8.55,DAI,73284492,29.49,0
2024-08-22,Pendle,Arbitrum,13.8,USDC,73173918,3.23,11.3
2024-08-22,Pendle,Arbitrum,13.65,USDT,77421394,3.94,7.96
2024-08-22,Pendle,Arbitrum,10.77,DAI,76276255,3.65,5.11
2024-08-22,Pendle,Optimism,13.1,USDC,77696203,3.57,10.78
2024-08-22,Pendle,Optimism,11.67,USDT,75910899,3.3,10.38
2024-08-22,Pendle,Optimism,15.47,DAI,73378542,2.73,7.7
2024-08-22,Pendle,Base,10.68,USDC,73840949,2.86,10.18
2024-08-22,Pendle,Base,10.52,USDT,78672736,3.38,9.3
2024-08-22,Pendle,Base,13.04,DAI,71005247,2.35,9.19
2024-08-22,Convex,Ethereum,5.29,USDC,160983482,41.24,0
2024-08-22,Convex,Ethereum,5.72,USDT,149472918,48.77,0
2024-08-22,Convex,Ethereum,5.09,DAI,152073266,50.11,0
2024-08-22,Balancer,Ethereum,7.8,USDC,106809890,36.46,0
2024-08-22,Balancer,Ethereum,8.25,USDT,105114711,34.91,0
2024-08-22,Balancer,Ethereum,7.81,DAI,110862712,30.54,0
2024-08-22,Balancer,Arbitrum,11.36,USDC,110611010,3.51,8.74
2024-08-22,Balancer,Arbitrum,11.11,USDT,104207487,4.73,15.04
2024-08-22,Balancer,Arbitrum,9.92,DAI,104644265,4.27,12.61
2024-08-22,Balancer,Optimism,9.94,USDC,108000185,3.02,6.48
2024-08-22,Balancer,Optimism,9.0,USDT,112394233,1.62,5.1
2024-08-22,Balancer,Optimism,9.14,DAI,113436304,3.18,9.15
2024-08-22,Balancer,Polygon,10.34,USDC,103795234,1.33,9.36
2024-08-22,Balancer,Polygon,9.41,USDT,114795742,1.72,3.91
2024-08-22,Balancer,Polygon,11.66,DAI,117721531,2.07,8.99
2024-08-22,Balancer,Base,8.84,USDC,108966356,2.54,6.61
2024-08-22,Balancer,Base,10.64,USDT,104982638,3.41,8.18
2024-08-22,Balancer,Base,8.35,DAI,107121252,3.37,12.38
2024-08-23,Aave,Ethereum,2.66,USDC,263539605,41.79,0
2024-08-23,Aave,Ethereum,2.77,USDT,237498391,46.12,0
2024-08-23,Aave,Ethereum,2.86,DAI,229325742,50.83,0
2024-08-23,Aave,Arbitrum,2.86,USDC,235227560,2.13,12.02
2024-08-23,Aave,Optimism,3.07,USDC,236069068,3.15,6.54
2024-08-23,Aave,Optimism,3.08,USDT,268230291,2.7,8.73
2024-08-23,Aave,Optimism,2.7,DAI,259463184,3.26,7.8
2024-08-23,Aave,Polygon,3.2,USDT,246606058,1.15,4.88
2024-08-23,Aave,Polygon,3.26,DAI,219871369,1.49,9.88
2024-08-23,Aave,Base,3.25,USDC,253493398,3.52,11.28
2024-08-23,Aave,Base,3.28,USDT,272728350,3.24,8.42
2024-08-23,Aave,Base,3.47,DAI,236737809,3.21,10.83
2024-08-23,Compound,Ethereum,2.22,USDC,195646076,24.44,0
2024-08-23,Compound,Ethereum,2.29,USDT,188382000,41.82,0
2024-08-23,Compound,Arbitrum,2.88,USDC,182792371,2.4,10.91
2024-08-23,Compound,Arbitrum,2.99,DAI,176074743,3.59,10.98
2024-08-23,Compound,Optimism,2.77,USDC,184401288,2.55,7.48
2024-08-23,Compound,Optimism,2.53,USDT,197847394,2.52,10.2
2024-08-23,Compound,Optimism,2.87,DAI,186091852,3.24,8.52
2024-08-23,Compound,Polygon,3.11,USDC,167305754,1.09,6.72
2024-08-23,Compound,Polygon,3.19,USDT,179208615,1.91,6.03
2024-08-23,Compound,Polygon,2.98,DAI,183109231,1.09,10.2
2024-08-23,Compound,Base,2.76,USDC,167200243,3.44,7.41
2024-08-23,Compound,Base,2.9,USDT,183641842,3.86,10.38
2024-08-23,Compound,Base,2.67,DAI,177976272,3.01,9.54
2024-08-23,Curve,Ethereum,6.97,USDC,334943652,43.62,0
2024-08-23,Curve,Ethereum,7.43,USDT,306428013,39.22,0
2024-08-23,Curve,Ethereum,7.99,DAI,317547186,55.72,0
2024-08-23,Curve,Arbitrum,10.78,USDC,303363058,4.69,10.15
2024-08-23,Curve,Arbitrum,8.33,USDT,339498158,3.58,9.81
2024-08-23,Curve,Arbitrum,9.33,DAI,315339500,2.76,12.25
2024-08-23,Curve,Optimism,8.92,USDC,322189237,2.97,8.99
2024-08-23,Curve,Optimism,9.46,USDT,305141679,2.76,6.44
2024-08-23,Curve,Optimism,7.27,DAI,318463029,3.88,11.33
2024-08-23,Curve,Polygon,8.23,USDC,333734362,1.7,7.66
2024-08-23,Curve,Polygon,10.28,USDT,310827195,1.53,9.09
2024-08-23,Curve,Base,8.14,USDC,338003875,3.95,9.36
2024-08-23,Curve,Base,7.3,USDT,330439772,3.06,8.84
2024-08-23,Curve,Base,9.62,DAI,321348072,3.25,11.52
2024-08-23,Uniswap V3,Ethereum,7.4,USDT,99759188,60.58,0
2024-08-23,Uniswap V3,Ethereum,7.78,DAI,99742458,43.69,0
2024-08-23,Uniswap V3,Arbitrum,10.56,USDC,98506852,4.7,12.75
2024-08-23,Uniswap V3,Arbitrum,10.75,USDT,97056718,3.34,9.22
2024-08-23,Uniswap V3,Arbitrum,9.91,DAI,98433843,4.4,14.52
2024-08-23,Uniswap V3,Optimism,8.93,USDC,93652407,2.41,8.56
2024-08-23,Uniswap V3,Optimism,10.41,USDT,97499877,2.49,8.84
2024-08-23,Uniswap V3,Optimism,9.06,DAI,89632993,2.67,11.37
2024-08-23,Uniswap V3,Polygon,10.57,USDC,105228746,1.16,10.5
2024-08-23,Uniswap V3,Polygon,10.94,USDT,93975179,1.62,9.46
2024-08-23,Uniswap V3,Polygon,10.54,DAI,103188198,1.84,9.13
2024-08-23,Uniswap V3,Base,9.57,USDT,97931309,3.0,9.75
2024-08-23,Uniswap V3,Base,12.08,DAI,94446814,3.3,8.02
2024-08-23,Yearn,Ethereum,3.3,USDC,126232649,47.04,0
2024-08-23,Yearn,Ethereum,3.0,USDT,120175455,38.24,0
2024-08-23,Yearn,Ethereum,2.97,DAI,126759478,33.81,0
2024-08-23,Yearn,Arbitrum,4.2,USDC,124725687,0.89,12.0
2024-08-23,Yearn,Arbitrum,4.2,USDT,119517994,3.92,11.79
2024-08-23,Yearn,Arbitrum,4.42,DAI,118986167,4.2,8.21
2024-08-23,Yearn,Optimism,3.39,USDC,123989217,2.86,13.62
2024-08-23,Yearn,Optimism,4.56,USDT,119496572,3.64,8.74
2024-08-23,Yearn,Optimism,3.87,DAI,109411437,1.72,9.12
2024-08-23,Yearn,Polygon,4.23,USDC,124623620,1.44,6.67
2024-08-23,Yearn,Polygon,4.66,USDT,124995020,1.45,7.83
2024-08-23,Yearn,Polygon,4.57,DAI,124770693,1.95,7.14
2024-08-23,Yearn,Base,4.16,USDC,128562101,2.83,6.33
2024-08-23,Yearn,Base,4.33,USDT,117849203,3.82,6.96
2024-08-23,Yearn,Base,3.96,DAI,121790987,4.1,8.89
2024-08-23,Pendle,Ethereum,12.07,USDC,70816782,40.79,0
2024-08-23,Pendle,Ethereum,9.44,USDT,79651290,33.7,0
2024-08-23,Pendle,Ethereum,11.54,DAI,74650739,41.62,0
2024-08-23,Pendle,Arbitrum,14.0,USDC,78799114,4.49,8.17
2024-08-23,Pendle,Arbitrum,14.95,USDT,78599756,3.61,10.97
2024-08-23,Pendle,Arbitrum,11.6,DAI,75256269,3.81,17.57
2024-08-23,Pendle,Optimism,11.92,USDC,73486328,2.74,10.99
2024-08-23,Pendle,Optimism,11.68,DAI,75994444,3.0,11.21
2024-08-23,Pendle,Base,13.55,USDC,78110596,3.59,13.11
2024-08-23,Pendle,Base,13.51,USDT,76536372,3.94,9.79
2024-08-23,Convex,Ethereum,5.53,USDC,155141154,33.16,0
2024-08-23,Convex,Ethereum,4.29,DAI,159970477,38.65,0
2024-08-23,Balancer,Ethereum,7.07,USDC,109281554,39.37,0
2024-08-23,Balancer,Ethereum,8.45,USDT,110335707,38.0,0
2024-08-23,Balancer,Ethereum,9.14,DAI,108618572,44.05,0
2024-08-23,Balancer,Arbitrum,10.65,USDC,112159575,3.88,10.03
2024-08-23,Balancer,Arbitrum,10.36,DAI,115424474,4.01,9.83
2024-08-23,Balancer,Optimism,9.83,USDC,101223383,3.04,7.45
2024-08-23,Balancer,Optimism,8.17,USDT,110790411,3.23,9.44
2024-08-23,Balancer,Optimism,7.67,DAI,102406413,2.81,8.82
2024-08-23,Balancer,Polygon,9.57,USDC,110168012,1.58,8.79
2024-08-23,Balancer,Polygon,10.23,DAI,112278983,1.8,8.45
2024-08-23,Balancer,Base,11.05,USDC,111153675,3.71,12.12
2024-08-23,Balancer,Base,8.37,USDT,104969877,3.33,13.52
2024-08-23,Balancer,Base,9.87,DAI,103574756,3.76,13.52
2024-08-24,Aave,Ethereum,2.35,USDC,254112238,24.61,0
2024-08-24,Aave,Ethereum,2.55,USDT,252677631,24.72,0
2024-08-24,Aave,Ethereum,2.34,DAI,253008454,26.83,0
2024-08-24,Aave,Arbitrum,3.02,USDC,255009654,2.63,13.25
2024-08-24,Aave,Arbitrum,3.18,USDT,253593829,1.59,11.65
2024-08-24,Aave,Arbitrum,3.16,DAI,259514336,1.88,11.8
2024-08-24,Aave,Optimism,3.43,USDC,249288909,1.86,10.89
2024-08-24,Aave,Optimism,2.4,USDT,253123588,2.13,6.68
2024-08-24,Aave,Optimism,2.84,DAI,237848690,3.12,9.47
2024-08-24,Aave,Polygon,3.14,USDC,240855073,0.77,5.51
2024-08-24,Aave,Polygon,3.39,USDT,274507524,0.94,7.73
2024-08-24,Aave,Polygon,3.35,DAI,255485642,1.05,4.37
2024-08-24,Aave,Base,2.74,USDC,266929388,2.6,12.95
2024-08-24,Aave,Base,3.14,USDT,247062125,2.53,8.86
2024-08-24,Aave,Base,3.22,DAI,255361910,2.21,6.47
2024-08-24,Compound,Ethereum,2.35,USDT,177628959,28.8,0
2024-08-24,Compound,Ethereum,2.17,DAI,183038937,32.42,0
2024-08-24,Compound,Arbitrum,2.97,USDC,188713017,2.04,10.2
2024-08-24,Compound,Arbitrum,2.86,USDT,178790725,2.52,11.33
2024-08-24,Compound,Optimism,2.77,USDC,174324266,2.13,10.11
2024-08-24,Compound,Optimism,3.2,USDT,186805691,1.74,6.8
2024-08-24,Compound,Optimism,2.75,DAI,173899980,1.55,5.9
2024-08-24,Compound,Polygon,3.2,USDC,197384334,1.1,6.88
2024-08-24,Compound,Polygon,3.39,USDT,180467030,0.86,9.32
2024-08-24,Compound,Polygon,3.15,DAI,174713393,1.05,5.03
2024-08-24,Compound,Base,2.85,USDC,174085363,1.97,11.53
2024-08-24,Compound,Base,3.02,USDT,180574698,2.95,11.07
2024-08-24,Compound,Base,2.83,DAI,190066896,2.5,9.18
2024-08-24,Curve,Ethereum,6.68,USDC,310156344,26.14,0
2024-08-24,Curve,Ethereum,6.43,DAI,313009659,35.1,0
2024-08-24,Curve,Arbitrum,8.66,USDC,296139650,2.07,9.77
2024-08-24,Curve,Arbitrum,8.13,USDT,329677371,1.88,6.99
2024-08-24,Curve,Arbitrum,8.86,DAI,331550467,2.62,7.58
2024-08-24,Curve,Optimism,8.79,USDC,300707009,1.9,7.83
2024-08-24,Curve,Optimism,8.16,USDT,327064088,1.99,7.11
2024-08-24,Curve,Optimism,7.82,DAI,342993318,1.56,6.99
2024-08-24,Curve,Polygon,10.6,USDC,330370051,0.7,7.1
2024-08-24,Curve,Polygon,9.53,USDT,340330569,0.67,6.24
2024-08-24,Curve,Polygon,11.49,DAI,325817655,1.1,10.32
2024-08-24,Curve,Base,11.24,USDC,324810532,2.02,9.89
2024-08-24,Curve,Base,7.47,USDT,309503915,1.91,12.96
2024-08-24,Curve,Base,8.45,DAI,344914545,1.95,12.6
2024-08-24,Uniswap V3,Ethereum,7.9,USDC,99291033,26.07,0
2024-08-24,Uniswap V3,Ethereum,6.58,USDT,97383102,32.64,0
2024-08-24,Uniswap V3,Ethereum,8.16,DAI,87609867,28.45,0
2024-08-24,Uniswap V3,Arbitrum,10.27,USDC,99276869,1.13,14.46
2024-08-24,Uniswap V3,Arbitrum,10.67,USDT,93252781,2.52,14.15
2024-08-24,Uniswap V3,Arbitrum,10.15,DAI,95858981,2.03,9.55
2024-08-24,Uniswap V3,Optimism,9.29,USDC,92998277,2.4,7.89
2024-08-24,Uniswap V3,Optimism,9.98,USDT,95939367,2.44,3.36
2024-08-24,Uniswap V3,Optimism,7.73,DAI,94190790,1.54,10.77
2024-08-24,Uniswap V3,Polygon,8.1,USDC,95816327,0.69,10.96
2024-08-24,Uniswap V3,Polygon,10.19,USDT,97734903,0.86,8.54
2024-08-24,Uniswap V3,Polygon,9.01,DAI,95713539,1.49,5.69
2024-08-24,Uniswap V3,Base,9.47,USDC,99424456,2.11,8.32
2024-08-24,Uniswap V3,Base,9.09,USDT,98142024,2.4,8.8
2024-08-24,Uniswap V3,Base,8.75,DAI,102051292,2.93,8.43
2024-08-24,Yearn,Ethereum,3.4,USDC,114666475,23.56,0
2024-08-24,Yearn,Ethereum,3.23,USDT,125122452,27.66,0
2024-08-24,Yearn,Ethereum,3.27,DAI,112340383,22.79,0
2024-08-24,Yearn,Arbitrum,4.35,USDC,119339128,2.4,14.69
2024-08-24,Yearn,Arbitrum,4.15,USDT,122295859,2.88,14.8
2024-08-24,Yearn,Arbitrum,4.06,DAI,127166157,3.3,10.1
2024-08-24,Yearn,Optimism,3.41,USDC,122250718,1.81,9.53
2024-08-24,Yearn,Optimism,3.95,USDT,120384709,1.75,8.05
2024-08-24,Yearn,Optimism,3.58,DAI,121461462,2.01,7.51
2024-08-24,Yearn,Polygon,3.77,USDC,132291991,0.7,5.74
2024-08-24,Yearn,Polygon,4.24,USDT,121059389,1.24,7.06
2024-08-24,Yearn,Polygon,3.99,DAI,131028492,0.99,9.12
2024-08-24,Yearn,Base,4.18,USDC,119774815,2.03,12.18
2024-08-24,Yearn,Base,4.27,USDT,114597247,2.66,12.34
2024-08-24,Yearn,Base,4.33,DAI,120413614,2.08,6.93
2024-08-24,Pendle,Ethereum,11.42,USDC,73346183,29.95,0
2024-08-24,Pendle,Ethereum,13.05,USDT,76115582,28.05,0
2024-08-24,Pendle,Ethereum,12.86,DAI,71419591,31.43,0
2024-08-24,Pendle,Arbitrum,14.76,USDC,78702485,2.75,16.61
2024-08-24,Pendle,Arbitrum,10.81,USDT,76953327,2.24,14.93
2024-08-24,Pendle,Arbitrum,10.79,DAI,80320979,2.57,8.01
2024-08-24,Pendle,Optimism,13.95,USDC,75114663,1.79,6.88
2024-08-24,Pendle,Optimism,14.56,USDT,71903772,1.78,10.67
2024-08-24,Pendle,Optimism,9.43,DAI,77781037,2.0,9.82
2024-08-24,Pendle,Base,10.34,USDC,79368079,2.13,7.83
2024-08-24,Pendle,Base,13.94,USDT,76531177,1.79,9.42
2024-08-24,Pendle,Base,13.83,DAI,77864139,2.72,4.9
2024-08-24,Convex,Ethereum,4.56,USDT,148532413,30.62,0
2024-08-24,Convex,Ethereum,4.47,DAI,152822745,32.93,0
2024-08-24,Balancer,Ethereum,7.44,USDC,105097077,33.17,0
2024-08-24,Balancer,Ethereum,10.03,USDT,102917869,32.59,0
2024-08-24,Balancer,Ethereum,7.63,DAI,107477902,36.1,0
2024-08-24,Balancer,Arbitrum,9.72,USDC,111928657,1.89,12.88
2024-08-24,Balancer,Arbitrum,9.79,USDT,99340734,2.5,12.11
2024-08-24,Balancer,Arbitrum,8.54,DAI,104873542,2.61,7.48
2024-08-24,Balancer,Optimism,8.4,USDC,111401846,2.07,8.22
2024-08-24,Balancer,Optimism,9.87,USDT,113247210,1.28,13.74
2024-08-24,Balancer,Optimism,7.53,DAI,102597751,1.89,7.7
2024-08-24,Balancer,Polygon,9.77,USDC,93028190,0.83,8.5
2024-08-24,Balancer,Polygon,10.45,USDT,106684178,0.89,8.86
2024-08-24,Balancer,Polygon,11.07,DAI,112406146,1.07,10.21
2024-08-24,Balancer,Base,8.92,USDC,103855206,2.26,4.03
2024-08-24,Balancer,Base,7.88,USDT,106641071,2.54,9.62
2024-08-24,Balancer,Base,9.29,DAI,111797174,2.21,9.58
2024-08-25,Aave,Ethereum,2.28,USDC,246400374,26.97,0
2024-08-25,Aave,Ethereum,2.74,USDT,261482815,27.51,0
2024-08-25,Aave,Ethereum,2.66,DAI,251894873,21.77,0
2024-08-25,Aave,Arbitrum,3.1,USDC,236167141,1.3,14.69
2024-08-25,Aave,Arbitrum,3.4,USDT,251601684,1.87,17.14
2024-08-25,Aave,Arbitrum,2.99,DAI,251867177,2.61,10.46
2024-08-25,Aave,Optimism,2.89,USDC,258694225,1.95,10.3
2024-08-25,Aave,Optimism,2.83,USDT,258519157,1.9,11.19
2024-08-25,Aave,Optimism,3.01,DAI,232591748,2.18,8.28
2024-08-25,Aave,Polygon,3.02,USDC,263551410,1.21,6.04
2024-08-25,Aave,Polygon,2.95,USDT,255157467,0.88,11.87
2024-08-25,Aave,Base,3.24,USDT,248740584,2.34,8.93
2024-08-25,Aave,Base,3.25,DAI,250050180,2.27,5.62
2024-08-25,Compound,Ethereum,2.43,USDC,211814526,32.57,0
2024-08-25,Compound,Ethereum,2.3,USDT,184212337,28.89,0
2024-08-25,Compound,Ethereum,2.6,DAI,176236986,13.21,0
2024-08-25,Compound,Arbitrum,2.74,USDC,175048661,2.11,11.23
2024-08-25,Compound,Arbitrum,2.82,USDT,203030290,2.31,14.67
2024-08-25,Compound,Arbitrum,2.99,DAI,190871811,1.94,10.45
2024-08-25,Compound,Optimism,2.87,USDC,187004396,1.43,8.65
2024-08-25,Compound,Optimism,2.37,USDT,172245564,2.28,12.94
2024-08-25,Compound,Polygon,2.82,USDC,177047174,1.13,5.57
2024-08-25,Compound,Polygon,2.96,USDT,180831316,0.8,7.26
2024-08-25,Compound,Polygon,2.61,DAI,175311253,0.74,6.74
2024-08-25,Compound,Base,2.98,USDC,187066496,2.52,4.43
2024-08-25,Compound,Base,3.12,USDT,180164653,2.63,4.52
2024-08-25,Compound,Base,3.15,DAI,194918350,2.38,10.99
2024-08-25,Curve,Ethereum,8.11,USDC,339287730,27.2,0
2024-08-25,Curve,Ethereum,9.83,USDT,324967869,38.12,0
2024-08-25,Curve,Ethereum,8.66,DAI,324907807,32.28,0
2024-08-25,Curve,Arbitrum,8.11,USDC,308635990,1.86,15.56
2024-08-25,Curve,Arbitrum,8.97,USDT,323069931,1.88,17.2
2024-08-25,Curve,Arbitrum,10.99,DAI,304069061,1.98,11.55
2024-08-25,Curve,Optimism,10.2,USDC,324665600,1.83,5.84
2024-08-25,Curve,Optimism,9.69,USDT,336806663,2.19,8.27
2024-08-25,Curve,Optimism,10.17,DAI,321003542,1.74,11.83
2024-08-25,Curve,Polygon,10.53,USDC,309610305,1.15,10.94
2024-08-25,Curve,Polygon,10.56,USDT,348184839,0.92,6.42
2024-08-25,Curve,Polygon,10.41,DAI,359419681,1.1,9.28
2024-08-25,Curve,Base,8.83,USDC,326932996,2.38,9.83
2024-08-25,Curve,Base,10.57,USDT,333244698,2.49,9.94
2024-08-25,Curve,Base,8.98,DAI,350505086,2.41,7.11
2024-08-25,Uniswap V3,Ethereum,8.4,USDC,95733503,31.95,0
2024-08-25,Uniswap V3,Ethereum,8.26,USDT,93733844,31.0,0
2024-08-25,Uniswap V3,Ethereum,8.48,DAI,103718162,20.82,0
2024-08-25,Uniswap V3,Arbitrum,8.61,USDT,101644678,2.07,13.42
2024-08-25,Uniswap V3,Arbitrum,10.28,DAI,89797956,2.38,10.87
2024-08-25,Uniswap V3,Optimism,9.06,USDC,104413848,2.66,11.62
2024-08-25,Uniswap V3,Optimism,10.97,DAI,103894022,2.4,6.5
2024-08-25,Uniswap V3,Polygon,11.94,USDC,97856070,1.07,10.46
2024-08-25,Uniswap V3,Polygon,8.11,USDT,94532221,0.97,7.5
2024-08-25,Uniswap V3,Polygon,9.47,DAI,90895383,1.08,7.08
2024-08-25,Uniswap V3,Base,11.67,USDC,102527504,2.12,11.01
2024-08-25,Uniswap V3,Base,8.89,USDT,98983094,2.02,12.39
2024-08-25,Uniswap V3,Base,10.12,DAI,94092811,3.24,11.25
2024-08-25,Yearn,Ethereum,2.84,USDC,113589009,25.22,0
2024-08-25,Yearn,Ethereum,3.39,USDT,120025670,32.11,0
2024-08-25,Yearn,Arbitrum,4.41,USDC,120718624,2.62,8.59
2024-08-25,Yearn,Arbitrum,3.81,USDT,122091841,2.54,10.1
2024-08-25,Yearn,Arbitrum,4.5,DAI,109021383,3.3,15.22
2024-08-25,Yearn,Optimism,3.88,USDC,129145913,2.19,7.58
2024-08-25,Yearn,Optimism,3.98,USDT,110387384,1.47,7.82
2024-08-25,Yearn,Optimism,3.88,DAI,119229514,2.0,10.68
2024-08-25,Yearn,Polygon,4.48,USDC,125005730,0.87,6.66
2024-08-25,Yearn,Polygon,4.5,USDT,139043399,1.01,9.82
2024-08-25,Yearn,Polygon,4.58,DAI,121403609,0.6,8.31
2024-08-25,Yearn,Base,4.06,USDC,128578836,2.2,9.77
2024-08-25,Yearn,Base,3.79,USDT,118203274,2.36,9.06
2024-08-25,Yearn,Base,4.48,DAI,125047579,2.15,9.42
2024-08-25,Pendle,Ethereum,10.01,USDC,72252126,22.99,0
2024-08-25,Pendle,Ethereum,12.88,DAI,80715923,27.17,0
2024-08-25,Pendle,Arbitrum,9.95,USDC,82965497,2.38,9.41
2024-08-25,Pendle,Arbitrum,13.17,USDT,73982978,2.41,12.04
2024-08-25,Pendle,Arbitrum,13.39,DAI,76805646,3.21,11.84
2024-08-25,Pendle,Optimism,9.8,USDC,87400247,2.28,12.25
2024-08-25,Pendle,Optimism,11.12,USDT,79283587,1.34,11.69
2024-08-25,Pendle,Optimism,11.21,DAI,72903611,2.58,9.74
2024-08-25,Pendle,Base,13.09,USDC,74244215,2.3,5.98
2024-08-25,Pendle,Base,13.74,USDT,80146961,1.91,12.57
2024-08-25,Pendle,Base,13.59,DAI,82550116,2.77,11.8
2024-08-25,Convex,Ethereum,5.1,USDC,146159149,25.67,0
2024-08-25,Convex,Ethereum,4.78,USDT,148766449,31.78,0
2024-08-25,Convex,Ethereum,4.72,DAI,145225950,23.22,0
2024-08-25,Balancer,Ethereum,8.17,USDC,108638681,22.57,0
2024-08-25,Balancer,Ethereum,8.22,USDT,111036359,38.61,0
2024-08-25,Balancer,Ethereum,8.48,DAI,112083746,25.2,0
2024-08-25,Balancer,Arbitrum,10.03,USDC,109127075,2.21,12.02
2024-08-25,Balancer,Arbitrum,9.39,USDT,111360435,2.49,11.98
2024-08-25,Balancer,Arbitrum,9.28,DAI,116704230,2.8,16.41
2024-08-25,Balancer,Optimism,8.89,USDC,109410986,2.1,10.16
2024-08-25,Balancer,Optimism,10.84,USDT,110103934,2.24,9.45
2024-08-25,Balancer,Optimism,8.34,DAI,109785412,2.27,9.24
2024-08-25,Balancer,Polygon,11.14,USDC,108379619,0.71,10.08
2024-08-25,Balancer,Polygon,10.57,USDT,115188081,0.77,7.62
2024-08-25,Balancer,Polygon,8.09,DAI,126184297,0.87,6.73
2024-08-25,Balancer,Base,7.57,USDC,110536161,1.97,8.19
2024-08-25,Balancer,Base,8.37,USDT,113261786,2.05,11.24
2024-08-25,Balancer,Base,9.5,DAI,118670530,1.97,9.14
2024-08-26,Aave,Ethereum,2.59,USDC,263034560,49.81,0
2024-08-26,Aave,Ethereum,2.73,USDT,259618826,45.73,0
2024-08-26,Aave,Ethereum,2.69,DAI,253908949,26.38,0
2024-08-26,Aave,Arbitrum,2.75,USDC,281547321,4.59,16.06
2024-08-26,Aave,Arbitrum,3.64,USDT,243146863,3.77,14.12
2024-08-26,Aave,Arbitrum,2.92,DAI,262028632,3.26,14.03
2024-08-26,Aave,Optimism,2.92,USDC,261334666,3.16,10.59
2024-08-26,Aave,Optimism,3.04,USDT,275988556,3.21,6.82
2024-08-26,Aave,Optimism,3.12,DAI,231407999,2.38,7.78
2024-08-26,Aave,Polygon,3.32,USDC,239704496,1.53,6.12
2024-08-26,Aave,Polygon,2.64,USDT,264003600,1.93,13.32
2024-08-26,Aave,Polygon,3.16,DAI,261097815,1.47,8.25
2024-08-26,Aave,Base,3.13,USDC,232410745,3.49,12.7
2024-08-26,Aave,Base,3.55,USDT,257774874,2.85,10.38
2024-08-26,Aave,Base,3.07,DAI,259077138,3.37,10.89
2024-08-26,Compound,Ethereum,2.61,USDC,192591814,36.31,0
2024-08-26,Compound,Ethereum,2.36,USDT,187221819,38.47,0
2024-08-26,Compound,Ethereum,2.43,DAI,177974128,40.93,0
2024-08-26,Compound,Arbitrum,3.13,USDC,199373581,3.67,11.58
2024-08-26,Compound,Arbitrum,2.95,USDT,188696595,4.48,7.66
2024-08-26,Compound,Arbitrum,2.8,DAI,192346051,2.71,11.58
2024-08-26,Compound,Optimism,3.01,USDC,190064771,3.65,8.1
2024-08-26,Compound,Optimism,2.86,USDT,168990343,3.75,8.44
2024-08-26,Compound,Optimism,2.94,DAI,187667590,3.24,8.93
2024-08-26,Compound,Polygon,3.26,USDT,188072475,0.95,7.29
2024-08-26,Compound,Polygon,3.3,DAI,182393275,1.3,8.94
2024-08-26,Compound,Base,2.92,USDC,187734816,2.95,10.89
2024-08-26,Compound,Base,2.73,DAI,202847600,2.93,4.81
2024-08-26,Curve,Ethereum,6.7,USDC,352397795,50.18,0
2024-08-26,Curve,Ethereum,5.49,USDT,355838503,31.12,0
2024-08-26,Curve,Arbitrum,6.05,USDC,349352019,4.1,10.58
2024-08-26,Curve,Arbitrum,9.4,USDT,351089684,3.11,17.03
2024-08-26,Curve,Arbitrum,8.24,DAI,335574454,2.06,8.18
2024-08-26,Curve,Optimism,7.48,USDC,311525813,3.46,6.26
2024-08-26,Curve,Optimism,7.1,USDT,338755127,3.9,10.97
2024-08-26,Curve,Optimism,8.67,DAI,324528813,2.44,7.6
2024-08-26,Curve,Polygon,8.5,USDT,320712816,1.48,4.22
2024-08-26,Curve,Polygon,8.03,DAI,333260941,0.92,6.57
2024-08-26,Curve,Base,8.31,USDC,321329002,2.97,12.01
2024-08-26,Curve,Base,9.35,USDT,322483216,2.6,8.97
2024-08-26,Curve,Base,8.73,DAI,280235776,3.14,8.71
2024-08-26,Uniswap V3,Ethereum,7.02,USDT,91888728,50.03,0
2024-08-26,Uniswap V3,Ethereum,7.08,DAI,105718392,39.4,0
2024-08-26,Uniswap V3,Arbitrum,10.49,USDC,102708945,2.66,9.93
2024-08-26,Uniswap V3,Arbitrum,15.76,USDT,93394696,3.4,15.83
2024-08-26,Uniswap V3,Arbitrum,10.06,DAI,106143711,4.17,11.82
2024-08-26,Uniswap V3,Optimism,8.37,USDC,95614133,2.96,7.95
2024-08-26,Uniswap V3,Polygon,7.39,USDC,98120836,1.28,6.61
2024-08-26,Uniswap V3,Polygon,10.73,USDT,91377021,1.06,8.51
2024-08-26,Uniswap V3,Polygon,9.9,DAI,101078387,1.69,7.37
2024-08-26,Uniswap V3,Base,9.12,USDC,98398588,3.37,7.74
2024-08-26,Uniswap V3,Base,9.43,USDT,95423441,3.94,9.11
2024-08-26,Uniswap V3,Base,10.9,DAI,102864463,3.06,9.18
2024-08-26,Yearn,Ethereum,3.44,USDC,126001404,32.72,0
2024-08-26,Yearn,Ethereum,3.47,USDT,128929255,46.82,0
2024-08-26,Yearn,Ethereum,3.1,DAI,131130695,43.58,0
2024-08-26,Yearn,Arbitrum,4.74,USDC,119710251,2.96,7.06
2024-08-26,Yearn,Arbitrum,4.15,USDT,122875729,3.56,6.44
2024-08-26,Yearn,Arbitrum,3.98,DAI,121655392,3.55,13.67
2024-08-26,Yearn,Optimism,3.53,USDC,121943108,2.42,8.89
2024-08-26,Yearn,Optimism,3.83,USDT,116433592,2.22,12.57
2024-08-26,Yearn,Polygon,4.21,USDC,113078034,1.19,9.42
2024-08-26,Yearn,Polygon,4.72,USDT,131394351,1.0,7.09
2024-08-26,Yearn,Polygon,4.25,DAI,121721236,1.31,11.25
2024-08-26,Yearn,Base,4.61,USDC,126181313,3.36,9.18
2024-08-26,Yearn,Base,4.62,USDT,125608110,2.8,12.71
2024-08-26,Yearn,Base,4.04,DAI,128541493,4.0,11.4
2024-08-26,Pendle,Ethereum,9.36,USDC,75361080,58.13,0
2024-08-26,Pendle,Ethereum,10.1,USDT,79615599,29.55,0
2024-08-26,Pendle,Ethereum,10.15,DAI,78266465,34.14,0
2024-08-26,Pendle,Arbitrum,11.91,USDC,81087079,4.0,13.43
2024-08-26,Pendle,Arbitrum,11.28,USDT,83192177,3.46,6.31
2024-08-26,Pendle,Arbitrum,13.62,DAI,73211568,3.76,11.84
2024-08-26,Pendle,Optimism,9.55,USDC,80065016,3.63,6.58
2024-08-26,Pendle,Optimism,12.8,USDT,75208338,3.26,8.24
2024-08-26,Pendle,Optimism,12.2,DAI,87294123,3.41,10.54
2024-08-26,Pendle,Base,11.18,USDC,74711836,3.7,10.84
2024-08-26,Pendle,Base,16.93,USDT,85490161,3.81,4.49
2024-08-26,Pendle,Base,11.79,DAI,74960357,3.45,10.15
2024-08-26,Convex,Ethereum,4.95,USDC,167625881,46.15,0
2024-08-26,Convex,Ethereum,5.18,USDT,170763326,47.88,0
2024-08-26,Convex,Ethereum,5.31,DAI,155855383,33.17,0
2024-08-26,Balancer,Ethereum,7.85,USDC,118261271,20.23,0
2024-08-26,Balancer,Ethereum,7.68,USDT,108703787,46.04,0
2024-08-26,Balancer,Ethereum,7.66,DAI,112762869,41.65,0
2024-08-26,Balancer,Arbitrum,9.54,USDC,110353819,4.69,10.28
2024-08-26,Balancer,Arbitrum,9.89,USDT,116883079,2.21,15.16
2024-08-26,Balancer,Arbitrum,10.14,DAI,111080208,3.38,13.44
2024-08-26,Balancer,Optimism,10.56,USDC,114842903,2.61,6.43
2024-08-26,Balancer,Optimism,8.12,USDT,118189463,2.81,8.99
2024-08-26,Balancer,Optimism,9.26,DAI,106174918,3.38,9.54
2024-08-26,Balancer,Polygon,10.35,USDC,116337132,1.38,7.14
2024-08-26,Balancer,Polygon,9.94,USDT,112002470,1.08,7.23
2024-08-26,Balancer,Polygon,9.59,DAI,126457195,1.12,8.24
2024-08-26,Balancer,Base,8.8,USDC,115039989,3.46,8.81
2024-08-26,Balancer,Base,10.85,USDT,124526715,2.85,11.8
2024-08-26,Balancer,Base,10.19,DAI,114266278,3.44,7.97
2024-08-27,Aave,Ethereum,2.62,USDC,260863777,35.15,0
2024-08-27,Aave,Ethereum,2.21,USDT,252006459,34.31,0
2024-08-27,Aave,Ethereum,2.42,DAI,254858556,44.74,0
2024-08-27,Aave,Arbitrum,3.39,USDC,258847521,3.58,11.57
2024-08-27,Aave,Optimism,3.12,USDC,255778022,3.1,5.65
2024-08-27,Aave,Optimism,3.04,USDT,257278131,2.96,11.94
2024-08-27,Aave,Optimism,3.23,DAI,273806784,3.34,7.67
2024-08-27,Aave,Polygon,2.94,USDC,247277165,1.55,11.52
2024-08-27,Aave,Polygon,3.53,USDT,260391068,1.59,7.0
2024-08-27,Aave,Polygon,3.54,DAI,282119100,1.44,5.68
2024-08-27,Aave,Base,3.03,USDC,256723896,3.78,9.9
2024-08-27,Aave,Base,2.99,USDT,271581625,3.03,12.56
2024-08-27,Aave,Base,3.31,DAI,276166030,3.41,10.53
2024-08-27,Compound,Ethereum,2.43,USDC,181546399,35.69,0
2024-08-27,Compound,Ethereum,2.56,USDT,192724389,37.15,0
2024-08-27,Compound,Arbitrum,3.05,USDC,190386304,3.75,10.77
2024-08-27,Compound,Arbitrum,3.14,USDT,194391359,3.84,12.62
2024-08-27,Compound,Arbitrum,3.0,DAI,173124855,3.76,9.79
2024-08-27,Compound,Optimism,2.74,USDC,209413201,2.27,8.27
2024-08-27,Compound,Optimism,2.81,USDT,190607557,2.35,10.93
2024-08-27,Compound,Optimism,3.27,DAI,186194322,3.62,9.48
2024-08-27,Compound,Polygon,3.07,USDC,196306017,1.13,9.75
2024-08-27,Compound,Polygon,3.01,DAI,180370505,1.12,9.54
2024-08-27,Compound,Base,3.06,USDC,170902999,3.73,9.26
2024-08-27,Compound,Base,3.23,USDT,194701250,2.59,11.03
2024-08-27,Curve,Ethereum,7.19,USDT,313743748,40.97,0
2024-08-27,Curve,Ethereum,8.01,DAI,319668963,30.82,0
2024-08-27,Curve,Arbitrum,7.83,USDC,355373049,4.94,11.9
2024-08-27,Curve,Arbitrum,10.47,DAI,317200446,4.03,12.97
2024-08-27,Curve,Optimism,7.47,USDC,298466117,3.04,7.4
2024-08-27,Curve,Optimism,9.05,DAI,315930209,4.53,11.2
2024-08-27,Curve,Polygon,11.35,USDC,311467230,1.01,10.06
2024-08-27,Curve,Polygon,8.18,USDT,328560970,1.4,4.2
2024-08-27,Curve,Polygon,10.31,DAI,336006035,1.23,6.96
2024-08-27,Curve,Base,8.19,USDC,340860020,2.92,8.41
2024-08-27,Curve,Base,8.61,USDT,306288776,2.98,7.68
2024-08-27,Curve,Base,8.67,DAI,349144247,3.38,9.12
2024-08-27,Uniswap V3,Ethereum,6.78,USDC,103305757,41.49,0
2024-08-27,Uniswap V3,Ethereum,6.82,USDT,104506585,51.27,0
2024-08-27,Uniswap V3,Arbitrum,11.98,USDC,105142075,3.45,8.98
2024-08-27,Uniswap V3,Arbitrum,10.44,USDT,104662699,4.54,10.0
2024-08-27,Uniswap V3,Arbitrum,9.23,DAI,99997080,4.12,10.52
2024-08-27,Uniswap V3,Optimism,9.71,USDC,92057453,3.7,12.12
2024-08-27,Uniswap V3,Optimism,9.76,USDT,99004350,2.82,7.77
2024-08-27,Uniswap V3,Optimism,9.59,DAI,95194019,2.42,11.04
2024-08-27,Uniswap V3,Polygon,11.0,USDC,99070105,1.65,7.68
2024-08-27,Uniswap V3,Polygon,12.63,USDT,108866554,1.12,6.12
2024-08-27,Uniswap V3,Polygon,6.6,DAI,99603497,1.89,9.4
2024-08-27,Uniswap V3,Base,8.87,USDC,99314641,2.48,12.82
2024-08-27,Uniswap V3,Base,10.2,DAI,102851494,3.34,9.13
2024-08-27,Yearn,Ethereum,3.49,USDC,121809461,50.24,0
2024-08-27,Yearn,Ethereum,3.43,USDT,119926239,33.84,0
2024-08-27,Yearn,Ethereum,3.34,DAI,119314420,40.31,0
2024-08-27,Yearn,Arbitrum,4.23,USDC,123943572,3.45,7.45
2024-08-27,Yearn,Arbitrum,4.5,USDT,126511092,3.38,13.36
2024-08-27,Yearn,Arbitrum,4.39,DAI,121144507,3.57,12.37
2024-08-27,Yearn,Optimism,3.64,USDC,126255780,3.16,11.13
2024-08-27,Yearn,Optimism,3.86,USDT,125553784,3.72,8.57
2024-08-27,Yearn,Optimism,3.75,DAI,126871808,3.59,10.02
2024-08-27,Yearn,Polygon,4.52,USDC,128325517,1.47,7.85
2024-08-27,Yearn,Polygon,4.02,USDT,128866779,1.1,5.92
2024-08-27,Yearn,Base,3.84,USDC,128222261,3.53,9.67
2024-08-27,Yearn,Base,4.06,USDT,124845311,2.93,7.39
2024-08-27,Pendle,Ethereum,10.87,USDT,74671272,53.04,0
2024-08-27,Pendle,Ethereum,10.73,DAI,82481719,49.15,0
2024-08-27,Pendle,Arbitrum,15.13,USDC,80317915,3.97,10.3
2024-08-27,Pendle,Arbitrum,12.3,USDT,81674000,3.08,9.3
2024-08-27,Pendle,Arbitrum,14.08,DAI,75084269,3.1,12.08
2024-08-27,Pendle,Optimism,11.55,USDC,77785828,3.12,6.39
2024-08-27,Pendle,Optimism,12.41,USDT,79965781,3.17,13.05
2024-08-27,Pendle,Optimism,14.08,DAI,82746710,3.21,5.7
2024-08-27,Pendle,Base,14.44,USDC,87311760,3.52,12.93
2024-08-27,Pendle,Base,13.97,USDT,82416696,3.39,14.02
2024-08-27,Pendle,Base,14.43,DAI,79874513,2.7,9.73
2024-08-27,Convex,Ethereum,5.31,USDC,164091973,43.85,0
2024-08-27,Convex,Ethereum,4.16,DAI,155275934,46.12,0
2024-08-27,Balancer,Ethereum,6.46,USDC,117615932,51.05,0
2024-08-27,Balancer,Ethereum,6.51,DAI,115799343,40.54,0
2024-08-27,Balancer,Arbitrum,9.92,USDC,115976496,3.04,11.48
2024-08-27,Balancer,Arbitrum,10.13,USDT,116039352,4.2,15.3
2024-08-27,Balancer,Arbitrum,9.97,DAI,117013026,3.32,11.47
2024-08-27,Balancer,Optimism,9.52,USDC,109756425,2.56,8.8
2024-08-27,Balancer,Optimism,9.41,USDT,110362550,2.89,11.43
2024-08-27,Balancer,Optimism,11.3,DAI,121125988,2.48,6.5
2024-08-27,Balancer,Polygon,9.35,USDC,112959290,1.77,9.91
2024-08-27,Balancer,Polygon,8.68,USDT,115225359,1.53,8.95
2024-08-27,Balancer,Polygon,11.36,DAI,115633450,1.76,9.35
2024-08-27,Balancer,Base,9.39,USDC,114852585,3.75,11.34
2024-08-27,Balancer,Base,9.02,USDT,120253037,3.52,9.71
2024-08-27,Balancer,Base,10.25,DAI,103260397,3.44,7.68
2024-08-28,Aave,Ethereum,2.6,USDT,266165934,36.87,0
2024-08-28,Aave,Ethereum,2.42,DAI,267771939,41.74,0
2024-08-28,Aave,Arbitrum,3.01,USDC,279112441,3.14,13.64
2024-08-28,Aave,Arbitrum,3.23,USDT,287934508,4.01,12.79
2024-08-28,Aave,Arbitrum,3.7,DAI,266850473,3.86,14.97
2024-08-28,Aave,Optimism,3.05,USDC,263658824,3.07,8.14
2024-08-28,Aave,Optimism,3.2,USDT,259541498,3.36,8.55
2024-08-28,Aave,Optimism,3.09,DAI,289065652,3.51,9.78
2024-08-28,Aave,Polygon,3.55,USDC,285440330,1.16,8.02
2024-08-28,Aave,Polygon,3.25,USDT,282866697,1.39,6.36
2024-08-28,Aave,Polygon,3.11,DAI,291481692,1.38,9.71
2024-08-28,Aave,Base,3.13,USDC,274584087,3.51,11.35
2024-08-28,Aave,Base,2.68,USDT,245848933,3.01,7.68
2024-08-28,Aave,Base,3.09,DAI,276030372,2.38,10.91
2024-08-28,Compound,Ethereum,2.26,USDC,195526233,48.29,0
2024-08-28,Compound,Ethereum,2.4,USDT,208436665,48.66,0
2024-08-28,Compound,Ethereum,2.48,DAI,185104116,35.28,0
2024-08-28,Compound,Arbitrum,3.22,USDC,181050899,3.72,14.2
2024-08-28,Compound,Arbitrum,3.13,USDT,205713792,3.59,9.96
2024-08-28,Compound,Arbitrum,3.01,DAI,191458493,4.17,11.25
2024-08-28,Compound,Optimism,2.84,USDC,195043400,3.78,11.3
2024-08-28,Compound,Optimism,2.76,USDT,186297151,3.13,10.95
2024-08-28,Compound,Optimism,2.93,DAI,184848713,3.04,7.78
2024-08-28,Compound,Polygon,2.69,USDT,206088627,1.48,5.18
2024-08-28,Compound,Polygon,3.1,DAI,190488140,1.74,7.95
2024-08-28,Compound,Base,2.87,USDC,196002588,2.84,14.51
2024-08-28,Compound,Base,2.81,DAI,191392270,3.34,13.64
2024-08-28,Curve,Ethereum,7.2,USDC,353628118,34.67,0
2024-08-28,Curve,Ethereum,7.14,USDT,342775877,30.98,0
2024-08-28,Curve,Ethereum,8.08,DAI,353543714,44.83,0
2024-08-28,Curve,Arbitrum,8.24,USDC,329522034,2.41,9.63
2024-08-28,Curve,Arbitrum,9.41,USDT,367982541,3.54,14.66
2024-08-28,Curve,Arbitrum,9.9,DAI,340701569,3.87,13.85
2024-08-28,Curve,Optimism,8.34,USDC,363410740,2.73,8.46
2024-08-28,Curve,Optimism,8.19,USDT,355057648,2.52,9.57
2024-08-28,Curve,Optimism,8.74,DAI,335214398,3.18,9.34
2024-08-28,Curve,Polygon,4.46,USDC,333818646,1.29,6.41
2024-08-28,Curve,Polygon,12.8,USDT,378065764,1.05,7.01
2024-08-28,Curve,Polygon,10.69,DAI,356512937,1.62,8.17
2024-08-28,Curve,Base,8.61,USDC,355320732,3.15,10.96
2024-08-28,Curve,Base,10.37,USDT,324778367,2.76,11.71
2024-08-28,Curve,Base,9.44,DAI,349306366,3.42,12.75
2024-08-28,Uniswap V3,Ethereum,9.28,USDC,105981863,43.54,0
2024-08-28,Uniswap V3,Ethereum,7.01,USDT,101980640,48.64,0
2024-08-28,Uniswap V3,Ethereum,9.85,DAI,104684949,40.67,0
2024-08-28,Uniswap V3,Arbitrum,9.85,USDC,96917212,2.6,13.04
2024-08-28,Uniswap V3,Arbitrum,9.94,USDT,106300661,2.72,10.29
2024-08-28,Uniswap V3,Arbitrum,9.03,DAI,97922756,4.55,10.74
2024-08-28,Uniswap V3,Optimism,10.79,USDC,100294217,2.13,11.21
2024-08-28,Uniswap V3,Optimism,10.95,USDT,107629671,2.28,9.01
2024-08-28,Uniswap V3,Optimism,8.27,DAI,97632398,3.01,6.46
2024-08-28,Uniswap V3,Polygon,8.69,USDC,99105030,1.45,8.9
2024-08-28,Uniswap V3,Polygon,10.23,DAI,92612488,1.0,9.08
2024-08-28,Uniswap V3,Base,11.09,USDC,97158668,2.91,9.48
2024-08-28,Yearn,Ethereum,3.71,USDC,124770556,38.92,0
2024-08-28,Yearn,Ethereum,3.66,USDT,126552865,44.47,0
2024-08-28,Yearn,Arbitrum,3.77,USDT,130523466,4.5,8.52
2024-08-28,Yearn,Arbitrum,4.04,DAI,131913500,2.8,9.14
2024-08-28,Yearn,Optimism,3.63,USDC,131395876,2.91,7.37
2024-08-28,Yearn,Optimism,3.67,USDT,140516574,2.91,9.52
2024-08-28,Yearn,Polygon,4.3,USDC,120226132,1.34,5.41
2024-08-28,Yearn,Polygon,4.41,USDT,136740600,1.41,8.53
2024-08-28,Yearn,Polygon,4.62,DAI,142179407,1.27,3.85
2024-08-28,Yearn,Base,3.71,USDC,132100741,2.94,8.86
2024-08-28,Yearn,Base,3.7,USDT,140531951,3.22,10.0
2024-08-28,Yearn,Base,4.02,DAI,130183018,3.98,12.43
2024-08-28,Pendle,Ethereum,13.82,USDC,75847465,44.02,0
2024-08-28,Pendle,Ethereum,12.78,USDT,79045237,27.11,0
2024-08-28,Pendle,Ethereum,14.99,DAI,78736246,47.33,0
2024-08-28,Pendle,Arbitrum,13.54,USDC,81049609,4.29,14.75
2024-08-28,Pendle,Arbitrum,10.43,USDT,79239229,2.02,15.97
2024-08-28,Pendle,Arbitrum,11.34,DAI,88311075,5.05,12.27
2024-08-28,Pendle,Optimism,11.06,USDC,81907235,2.61,9.82
2024-08-28,Pendle,Optimism,12.04,USDT,83188580,2.49,7.66
2024-08-28,Pendle,Optimism,15.72,DAI,82165365,3.51,9.42
2024-08-28,Pendle,Base,13.4,USDC,81559123,3.76,10.17
2024-08-28,Pendle,Base,12.82,USDT,84001949,4.27,8.38
2024-08-28,Pendle,Base,15.76,DAI,79291864,3.15,6.51
2024-08-28,Convex,Ethereum,4.88,USDC,166128224,42.09,0
2024-08-28,Convex,Ethereum,5.53,USDT,168557765,29.75,0
2024-08-28,Convex,Ethereum,4.41,DAI,173636133,47.48,0
2024-08-28,Balancer,Ethereum,8.33,USDC,124850378,45.88,0
2024-08-28,Balancer,Ethereum,7.95,USDT,114674854,37.63,0
2024-08-28,Balancer,Ethereum,7.42,DAI,118131413,28.88,0
2024-08-28,Balancer,Arbitrum,8.86,DAI,113099850,4.53,10.05
2024-08-28,Balancer,Optimism,9.03,USDC,111585563,2.22,10.23
2024-08-28,Balancer,Optimism,9.19,USDT,123254618,3.89,9.85
2024-08-28,Balancer,Optimism,11.24,DAI,114672126,2.31,10.03
2024-08-28,Balancer,Polygon,12.28,USDC,113036238,1.23,9.87
2024-08-28,Balancer,Polygon,10.03,USDT,114656003,1.13,8.06
2024-08-28,Balancer,Polygon,10.5,DAI,115720022,0.96,6.85
2024-08-28,Balancer,Base,7.16,USDC,117779961,3.29,12.94
2024-08-28,Balancer,Base,10.28,USDT,106027621,3.88,8.92
2024-08-28,Balancer,Base,8.81,DAI,120576606,3.14,13.23
2024-08-29,Aave,Ethereum,2.35,USDC,259010399,39.08,0
2024-08-29,Aave,Ethereum,2.25,USDT,273557847,44.21,0
2024-08-29,Aave,Ethereum,2.37,DAI,272056596,43.65,0
2024-08-29,Aave,Arbitrum,3.67,USDC,245979556,4.01,11.25
2024-08-29,Aave,Arbitrum,2.64,USDT,269769188,2.61,11.67
2024-08-29,Aave,Arbitrum,3.03,DAI,263577855,4.83,13.99
2024-08-29,Aave,Optimism,3.14,USDC,264160990,2.56,12.55
2024-08-29,Aave,Optimism,2.91,USDT,272146452,3.2,8.5
2024-08-29,Aave,Polygon,2.9,USDC,278433728,1.13,7.39
2024-08-29,Aave,Polygon,2.98,USDT,299611274,2.01,8.72
2024-08-29,Aave,Polygon,2.95,DAI,297418747,1.28,10.78
2024-08-29,Aave,Base,3.16,USDT,280460155,3.75,10.64
2024-08-29,Aave,Base,3.12,DAI,298958411,3.19,9.4
2024-08-29,Compound,Ethereum,2.37,USDC,192354619,43.87,0
2024-08-29,Compound,Ethereum,2.22,DAI,200038169,44.69,0
2024-08-29,Compound,Arbitrum,2.75,USDC,202262433,3.59,11.52
2024-08-29,Compound,Arbitrum,3.21,USDT,199428366,4.57,9.71
2024-08-29,Compound,Arbitrum,2.76,DAI,198724990,4.88,9.8
2024-08-29,Compound,Optimism,2.95,USDC,200507285,3.33,6.74
2024-08-29,Compound,Optimism,2.53,USDT,199709559,2.22,8.58
2024-08-29,Compound,Optimism,2.91,DAI,198427489,2.29,9.06
2024-08-29,Compound,Polygon,3.32,USDC,194781242,1.12,10.64
2024-08-29,Compound,Polygon,2.94,USDT,205838223,1.58,7.83
2024-08-29,Compound,Polygon,3.6,DAI,199902982,1.52,5.83
2024-08-29,Compound,Base,3.06,USDC,196645450,3.06,11.09
2024-08-29,Compound,Base,3.37,USDT,194491741,3.01,11.8
2024-08-29,Compound,Base,2.99,DAI,208478553,3.1,11.1
2024-08-29,Curve,Ethereum,6.95,USDC,351735594,43.8,0
2024-08-29,Curve,Ethereum,8.28,USDT,349712465,38.16,0
2024-08-29,Curve,Ethereum,7.12,DAI,351864595,40.76,0
2024-08-29,Curve,Arbitrum,9.91,USDC,362297448,3.32,18.31
2024-08-29,Curve,Arbitrum,9.31,USDT,359976601,2.39,15.68
2024-08-29,Curve,Arbitrum,7.45,DAI,317004492,3.45,9.62
2024-08-29,Curve,Optimism,8.39,USDC,352083965,3.33,10.06
2024-08-29,Curve,Optimism,9.12,USDT,341885931,2.9,6.7
2024-08-29,Curve,Optimism,7.19,DAI,367604720,3.64,13.88
2024-08-29,Curve,Polygon,8.85,USDC,361474112,1.54,9.52
2024-08-29,Curve,Polygon,9.83,USDT,369095552,1.41,8.49
2024-08-29,Curve,Polygon,8.08,DAI,339456781,1.52,8.53
2024-08-29,Curve,Base,8.28,USDC,358563662,3.85,13.89
2024-08-29,Curve,Base,9.18,USDT,353689185,3.61,9.39
2024-08-29,Curve,Base,7.83,DAI,345021723,3.74,8.45
2024-08-29,Uniswap V3,Ethereum,9.14,USDC,105887757,43.4,0
2024-08-29,Uniswap V3,Ethereum,9.0,USDT,104228072,44.16,0
2024-08-29,Uniswap V3,Ethereum,7.14,DAI,96248744,47.75,0
2024-08-29,Uniswap V3,Arbitrum,10.53,USDC,99016105,3.25,11.88
2024-08-29,Uniswap V3,Arbitrum,10.74,USDT,109150059,2.99,13.5
2024-08-29,Uniswap V3,Arbitrum,10.55,DAI,113290006,5.28,13.29
2024-08-29,Uniswap V3,Optimism,10.23,USDC,113342354,3.14,13.32
2024-08-29,Uniswap V3,Optimism,11.0,USDT,108155387,2.74,6.64
2024-08-29,Uniswap V3,Optimism,10.79,DAI,105697095,2.43,11.67
2024-08-29,Uniswap V3,Polygon,10.43,USDC,105675529,1.51,3.79
2024-08-29,Uniswap V3,Polygon,9.95,DAI,109436074,0.88,9.02
2024-08-29,Uniswap V3,Base,12.27,USDC,101446087,2.66,9.93
2024-08-29,Uniswap V3,Base,10.13,USDT,101293114,3.8,5.79
2024-08-29,Uniswap V3,Base,9.48,DAI,99490566,3.14,6.52
2024-08-29,Yearn,Ethereum,3.74,USDC,136725975,23.43,0
2024-08-29,Yearn,Ethereum,3.21,USDT,125158045,45.8,0
2024-08-29,Yearn,Ethereum,3.2,DAI,125060756,40.88,0
2024-08-29,Yearn,Arbitrum,4.24,USDC,135315609,3.97,13.96
2024-08-29,Yearn,Arbitrum,4.21,USDT,126955385,4.19,13.26
2024-08-29,Yearn,Arbitrum,4.48,DAI,132317536,2.58,14.83
2024-08-29,Yearn,Optimism,4.01,USDC,122643512,3.06,9.84
2024-08-29,Yearn,Optimism,3.49,DAI,132518900,3.03,9.32
2024-08-29,Yearn,Polygon,4.12,USDT,126725194,1.1,8.88
2024-08-29,Yearn,Polygon,4.53,DAI,135374026,0.63,9.35
2024-08-29,Yearn,Base,4.64,USDC,127409175,3.41,7.83
2024-08-29,Yearn,Base,3.94,USDT,138170693,3.15,13.31
2024-08-29,Yearn,Base,3.95,DAI,126802206,3.11,8.99
2024-08-29,Pendle,Ethereum,11.87,USDC,84543180,43.06,0
2024-08-29,Pendle,Ethereum,10.39,USDT,83395680,41.16,0
2024-08-29,Pendle,Ethereum,13.16,DAI,79149867,42.94,0
2024-08-29,Pendle,Arbitrum,13.57,USDC,81526592,3.36,9.76
2024-08-29,Pendle,Arbitrum,13.93,USDT,80480564,4.24,13.99
2024-08-29,Pendle,Arbitrum,12.26,DAI,78500209,3.42,12.63
2024-08-29,Pendle,Optimism,15.48,USDC,85209358,2.7,8.14
2024-08-29,Pendle,Optimism,10.51,USDT,83178864,3.8,10.14
2024-08-29,Pendle,Optimism,13.5,DAI,80386592,2.95,9.87
2024-08-29,Pendle,Base,10.27,USDC,78929029,2.99,11.31
2024-08-29,Pendle,Base,15.99,USDT,83154877,3.3,8.42
2024-08-29,Pendle,Base,13.82,DAI,81136238,3.85,9.53
2024-08-29,Convex,Ethereum,4.41,USDC,166562199,39.26,0
2024-08-29,Convex,Ethereum,4.34,USDT,171673077,42.41,0
2024-08-29,Convex,Ethereum,5.05,DAI,156943891,38.66,0
2024-08-29,Balancer,Ethereum,6.83,USDC,117960208,33.76,0
2024-08-29,Balancer,Ethereum,6.01,USDT,117034851,34.68,0
2024-08-29,Balancer,Ethereum,8.19,DAI,116634625,31.01,0
2024-08-29,Balancer,Arbitrum,10.12,USDC,122650876,2.02,16.21
2024-08-29,Balancer,Arbitrum,8.28,USDT,123123557,4.29,10.88
2024-08-29,Balancer,Arbitrum,8.4,DAI,122021034,2.53,15.6
2024-08-29,Balancer,Optimism,10.23,USDC,125298824,3.17,5.46
2024-08-29,Balancer,Optimism,7.77,USDT,113208670,2.68,6.62
2024-08-29,Balancer,Optimism,8.93,DAI,125745017,2.54,12.06
2024-08-29,Balancer,Polygon,11.36,USDC,121204720,1.5,10.04
2024-08-29,Balancer,Polygon,8.94,USDT,119817982,1.57,5.95
2024-08-29,Balancer,Polygon,10.33,DAI,116027775,1.76,7.81
2024-08-29,Balancer,Base,9.23,USDC,122284689,3.08,8.29
2024-08-29,Balancer,Base,8.0,USDT,110721053,3.55,9.46
2024-08-30,Aave,Ethereum,2.54,USDC,280723567,44.33,0
2024-08-30,Aave,Ethereum,2.69,USDT,297529245,42.48,0
2024-08-30,Aave,Ethereum,2.6,DAI,267593935,38.73,0
2024-08-30,Aave,Arbitrum,3.21,USDC,274592650,3.74,8.35
2024-08-30,Aave,Arbitrum,3.25,USDT,261506222,4.12,11.88
2024-08-30,Aave,Arbitrum,2.74,DAI,282276510,4.59,17.74
2024-08-30,Aave,Optimism,2.76,USDC,275883289,2.73,10.92
2024-08-30,Aave,Optimism,2.48,USDT,291672800,2.28,11.6
2024-08-30,Aave,Optimism,2.88,DAI,275348633,3.04,9.87
2024-08-30,Aave,Polygon,3.14,USDC,276973777,1.3,12.36
2024-08-30,Aave,Polygon,3.29,USDT,285478870,1.42,8.71
2024-08-30,Aave,Polygon,3.41,DAI,299894126,1.44,8.78
2024-08-30,Aave,Base,2.38,USDC,269999136,2.57,13.03
2024-08-30,Aave,Base,2.5,USDT,291293437,2.78,8.61
2024-08-30,Aave,Base,3.17,DAI,264370604,2.45,10.36
2024-08-30,Compound,Ethereum,2.44,USDC,174717499,46.72,0
2024-08-30,Compound,Ethereum,2.3,USDT,193537095,48.45,0
2024-08-30,Compound,Ethereum,2.23,DAI,194288880,43.39,0
2024-08-30,Compound,Arbitrum,3.11,USDC,203403202,4.61,16.52
2024-08-30,Compound,Arbitrum,2.6,USDT,209375314,3.44,9.45
2024-08-30,Compound,Optimism,2.78,USDC,210393664,2.38,9.41
2024-08-30,Compound,Optimism,2.79,USDT,205569091,4.32,5.39
2024-08-30,Compound,Optimism,2.85,DAI,199745392,2.31,8.64
2024-08-30,Compound,Polygon,3.31,USDC,203447412,1.55,8.16
2024-08-30,Compound,Polygon,2.82,USDT,204150269,1.24,9.1
2024-08-30,Compound,Polygon,3.33,DAI,208303832,1.85,9.75
2024-08-30,Compound,Base,2.83,USDC,211049965,3.45,11.09
2024-08-30,Compound,Base,2.67,USDT,195451117,3.72,10.81
2024-08-30,Compound,Base,2.99,DAI,212019684,3.18,11.79
2024-08-30,Curve,Ethereum,5.83,USDC,376868374,49.91,0
2024-08-30,Curve,Ethereum,6.38,DAI,383434587,39.48,0
2024-08-30,Curve,Arbitrum,7.32,USDC,337875576,4.9,12.58
2024-08-30,Curve,Arbitrum,10.54,USDT,355670892,4.56,15.16
2024-08-30,Curve,Arbitrum,8.41,DAI,357486445,3.2,10.28
2024-08-30,Curve,Optimism,7.25,USDT,368975770,3.65,9.06
2024-08-30,Curve,Optimism,6.36,DAI,362963491,4.39,8.74
2024-08-30,Curve,Polygon,8.68,USDC,346329243,1.44,8.07
2024-08-30,Curve,Polygon,11.01,USDT,356892835,1.4,8.37
2024-08-30,Curve,Polygon,7.76,DAI,338108850,1.84,7.15
2024-08-30,Curve,Base,8.64,USDC,352725063,2.56,8.79
2024-08-30,Curve,Base,8.14,USDT,353625188,3.76,6.58
2024-08-30,Curve,Base,7.63,DAI,362786660,3.12,10.06
2024-08-30,Uniswap V3,Ethereum,7.03,USDC,109858202,43.85,0
2024-08-30,Uniswap V3,Ethereum,8.65,USDT,108567334,30.49,0
2024-08-30,Uniswap V3,Ethereum,8.95,DAI,105478559,47.74,0
2024-08-30,Uniswap V3,Arbitrum,9.67,USDC,110728903,3.94,11.97
2024-08-30,Uniswap V3,Arbitrum,9.8,USDT,109458625,3.12,16.42
2024-08-30,Uniswap V3,Optimism,8.85,USDC,108014856,2.35,9.56
2024-08-30,Uniswap V3,Optimism,9.09,USDT,107420817,2.65,9.7
2024-08-30,Uniswap V3,Polygon,11.27,USDC,103000357,1.2,4.75
2024-08-30,Uniswap V3,Polygon,11.47,USDT,108322569,1.47,8.98
2024-08-30,Uniswap V3,Polygon,11.12,DAI,100737773,1.92,10.7
2024-08-30,Uniswap V3,Base,10.74,USDT,104087865,3.88,9.53
2024-08-30,Uniswap V3,Base,8.26,DAI,98078553,2.68,9.82
2024-08-30,Yearn,Ethereum,2.98,USDC,129170056,47.62,0
2024-08-30,Yearn,Ethereum,3.29,USDT,124719110,49.22,0
2024-08-30,Yearn,Ethereum,3.28,DAI,131672029,34.45,0
2024-08-30,Yearn,Arbitrum,4.02,USDC,149788565,4.32,12.08
2024-08-30,Yearn,Arbitrum,3.85,USDT,142870539,3.5,12.16
2024-08-30,Yearn,Arbitrum,3.68,DAI,119712225,4.55,12.56
2024-08-30,Yearn,Optimism,3.74,USDT,127182096,2.97,11.04
2024-08-30,Yearn,Optimism,3.91,DAI,137239046,2.91,9.28
2024-08-30,Yearn,Polygon,4.1,USDC,124651617,1.41,4.38
2024-08-30,Yearn,Polygon,3.86,USDT,125676957,1.92,8.19
2024-08-30,Yearn,Polygon,3.97,DAI,142128669,2.36,9.35
2024-08-30,Yearn,Base,3.71,USDC,128847912,2.75,11.09
2024-08-30,Yearn,Base,3.7,USDT,121263415,3.77,9.92
2024-08-30,Yearn,Base,4.04,DAI,132145762,3.54,7.99
2024-08-30,Pendle,Ethereum,8.57,USDC,86114946,39.95,0
2024-08-30,Pendle,Ethereum,12.16,USDT,83743999,51.57,0
2024-08-30,Pendle,Ethereum,8.99,DAI,83205731,41.84,0
2024-08-30,Pendle,Arbitrum,11.06,USDC,85583415,2.47,10.83
2024-08-30,Pendle,Arbitrum,8.32,DAI,82766060,4.24,14.31
2024-08-30,Pendle,Optimism,12.56,USDC,79970935,2.21,9.91
2024-08-30,Pendle,Optimism,13.12,USDT,88934108,3.58,9.69
2024-08-30,Pendle,Optimism,9.14,DAI,87416085,2.91,10.84
2024-08-30,Pendle,Base,12.52,USDC,85473841,4.31,8.7
2024-08-30,Pendle,Base,14.35,USDT,83920769,3.56,10.68
2024-08-30,Pendle,Base,12.19,DAI,89547003,2.56,8.12
2024-08-30,Convex,Ethereum,4.34,USDC,167957699,48.78,0
2024-08-30,Convex,Ethereum,5.07,USDT,168858131,31.45,0
2024-08-30,Convex,Ethereum,3.66,DAI,156822043,51.77,0
2024-08-30,Balancer,Ethereum,6.77,USDC,124288768,38.36,0
2024-08-30,Balancer,Ethereum,7.17,USDT,131398222,32.71,0
2024-08-30,Balancer,Ethereum,9.18,DAI,118730803,44.4,0
2024-08-30,Balancer,Arbitrum,8.59,USDC,119184018,2.61,13.82
2024-08-30,Balancer,Arbitrum,6.95,USDT,118067540,4.83,14.38
2024-08-30,Balancer,Arbitrum,7.14,DAI,126312262,4.28,11.7
2024-08-30,Balancer,Optimism,9.18,USDC,117481552,3.41,8.71
2024-08-30,Balancer,Polygon,11.3,USDC,123121260,1.53,9.82
2024-08-30,Balancer,Polygon,9.24,USDT,126052753,1.43,10.02
2024-08-30,Balancer,Polygon,7.61,DAI,110657058,1.4,7.95
2024-08-30,Balancer,Base,10.1,USDC,112910018,3.49,6.98
2024-08-30,Balancer,Base,8.55,USDT,120755154,3.93,10.11
2024-08-31,Aave,Ethereum,2.33,USDC,276706983,25.5,0
2024-08-31,Aave,Ethereum,2.48,USDT,275629121,32.48,0
2024-08-31,Aave,Ethereum,2.47,DAI,271610512,28.26,0
2024-08-31,Aave,Arbitrum,3.13,USDT,305446960,2.06,11.12
2024-08-31,Aave,Arbitrum,2.76,DAI,292993249,2.33,7.53
2024-08-31,Aave,Optimism,2.69,USDC,294215103,1.66,8.15
2024-08-31,Aave,Optimism,2.63,USDT,296667682,2.24,12.7
2024-08-31,Aave,Optimism,2.83,DAI,272626272,2.11,8.52
2024-08-31,Aave,Polygon,2.65,USDC,279921228,1.39,8.19
2024-08-31,Aave,Polygon,3.3,DAI,292641863,1.17,7.51
2024-08-31,Aave,Base,3.44,USDC,285340069,2.61,10.69
2024-08-31,Aave,Base,2.96,USDT,301881156,2.36,10.36
2024-08-31,Aave,Base,3.2,DAI,278250469,2.56,9.98
2024-08-31,Compound,Ethereum,2.24,USDC,203757163,29.28,0
2024-08-31,Compound,Ethereum,2.48,USDT,192726116,29.98,0
2024-08-31,Compound,Ethereum,2.41,DAI,209584403,32.61,0
2024-08-31,Compound,Arbitrum,2.67,USDC,211940617,1.83,10.25
2024-08-31,Compound,Arbitrum,2.62,DAI,198649662,1.07,8.1
2024-08-31,Compound,Optimism,2.6,USDC,212855728,1.84,6.32
2024-08-31,Compound,Optimism,2.58,USDT,214333550,2.33,8.09
2024-08-31,Compound,Optimism,2.44,DAI,212083499,1.37,9.18
2024-08-31,Compound,Polygon,2.63,USDC,215655553,0.85,9.59
2024-08-31,Compound,Polygon,2.72,USDT,197756903,1.19,8.23
2024-08-31,Compound,Polygon,2.86,DAI,205160656,0.74,7.25
2024-08-31,Compound,Base,2.86,USDC,193593782,1.59,8.24
2024-08-31,Compound,Base,2.54,USDT,198869422,2.76,10.69
2024-08-31,Curve,Ethereum,8.44,USDT,370022521,28.0,0
2024-08-31,Curve,Ethereum,6.26,DAI,378442288,25.0,0
2024-08-31,Curve,Arbitrum,10.78,USDC,361528525,2.77,12.86
2024-08-31,Curve,Arbitrum,8.08,DAI,338999130,2.38,13.59
2024-08-31,Curve,Optimism,7.21,USDC,384678154,1.59,6.86
2024-08-31,Curve,Optimism,8.03,USDT,371249728,2.04,8.48
2024-08-31,Curve,Optimism,7.96,DAI,372514815,2.25,7.2
2024-08-31,Curve,Polygon,9.47,USDC,378029000,0.81,7.74
2024-08-31,Curve,Polygon,7.28,USDT,371536111,1.04,6.73
2024-08-31,Curve,Polygon,10.82,DAI,344586728,1.15,7.79
2024-08-31,Curve,Base,8.82,USDC,356294215,2.06,10.71
2024-08-31,Curve,Base,9.36,USDT,393374271,1.87,12.36
2024-08-31,Curve,Base,8.87,DAI,378602288,2.57,11.21
2024-08-31,Uniswap V3,Ethereum,7.89,USDC,103752666,30.16,0
2024-08-31,Uniswap V3,Ethereum,8.15,USDT,104926769,28.51,0
2024-08-31,Uniswap V3,Ethereum,8.77,DAI,110001047,28.6,0
2024-08-31,Uniswap V3,Arbitrum,10.96,USDC,107592392,2.1,12.73
2024-08-31,Uniswap V3,Arbitrum,12.54,USDT,110263733,1.54,14.08
2024-08-31,Uniswap V3,Arbitrum,10.67,DAI,111647197,2.75,13.86
2024-08-31,Uniswap V3,Optimism,7.98,USDC,109282914,2.01,7.47
2024-08-31,Uniswap V3,Optimism,7.4,USDT,109094116,2.9,6.47
2024-08-31,Uniswap V3,Polygon,8.7,USDC,96929566,1.28,9.12
2024-08-31,Uniswap V3,Polygon,11.87,USDT,116255808,1.46,9.11
2024-08-31,Uniswap V3,Polygon,10.46,DAI,109342858,1.12,9.24
2024-08-31,Uniswap V3,Base,8.38,USDT,107827541,2.69,13.02
2024-08-31,Uniswap V3,Base,11.39,DAI,105172597,2.3,8.43
2024-08-31,Yearn,Ethereum,3.44,USDT,131128282,29.77,0
2024-08-31,Yearn,Ethereum,3.08,DAI,139765811,23.89,0
2024-08-31,Yearn,Arbitrum,3.73,USDC,141301033,1.9,13.07
2024-08-31,Yearn,Arbitrum,3.96,USDT,140490257,1.85,12.87
2024-08-31,Yearn,Optimism,3.84,USDC,131618720,2.88,13.39
2024-08-31,Yearn,Optimism,3.71,USDT,135756568,2.15,6.2
2024-08-31,Yearn,Optimism,3.89,DAI,139384742,1.19,8.38
2024-08-31,Yearn,Polygon,3.81,USDC,141721667,0.84,8.68
2024-08-31,Yearn,Polygon,4.49,USDT,145457218,1.39,9.29
2024-08-31,Yearn,Polygon,4.4,DAI,132539114,0.82,9.54
2024-08-31,Yearn,Base,4.17,USDC,140578944,2.14,12.74
2024-08-31,Yearn,Base,3.61,USDT,137460066,1.95,10.92
2024-08-31,Yearn,Base,3.54,DAI,131309792,2.35,8.83
2024-08-31,Pendle,Ethereum,13.54,USDC,84341287,31.62,0
2024-08-31,Pendle,Ethereum,9.07,USDT,89117002,26.29,0
2024-08-31,Pendle,Ethereum,12.9,DAI,86921381,31.02,0
2024-08-31,Pendle,Arbitrum,13.31,USDC,90027304,2.04,12.1
2024-08-31,Pendle,Arbitrum,15.36,USDT,83785545,2.33,9.39
2024-08-31,Pendle,Arbitrum,15.24,DAI,89602819,2.13,9.35
2024-08-31,Pendle,Optimism,12.43,USDC,89085388,2.08,8.52
2024-08-31,Pendle,Optimism,9.86,USDT,82977596,1.7,9.32
2024-08-31,Pendle,Optimism,15.6,DAI,91430236,2.25,8.93
2024-08-31,Pendle,Base,13.22,USDC,87986766,2.48,11.32
2024-08-31,Pendle,Base,12.06,USDT,87097541,2.25,10.27
2024-08-31,Pendle,Base,11.1,DAI,88152100,2.45,6.15
2024-08-31,Convex,Ethereum,4.94,USDC,185021308,25.56,0
2024-08-31,Convex,Ethereum,5.13,DAI,164803341,22.61,0
2024-08-31,Balancer,Ethereum,7.67,USDC,117928063,24.76,0
2024-08-31,Balancer,Ethereum,8.73,USDT,120357950,23.37,0
2024-08-31,Balancer,Arbitrum,10.37,USDC,137018446,2.53,9.2
2024-08-31,Balancer,Arbitrum,8.27,USDT,130922004,1.98,10.41
2024-08-31,Balancer,Arbitrum,7.71,DAI,121783969,2.66,14.22
2024-08-31,Balancer,Optimism,10.0,USDC,130147722,2.08,11.34
2024-08-31,Balancer,Optimism,9.3,USDT,132273910,2.73,10.4
2024-08-31,Balancer,Optimism,6.85,DAI,123805470,1.98,8.51
2024-08-31,Balancer,Polygon,8.45,USDC,132163892,0.95,7.46
2024-08-31,Balancer,Polygon,8.59,USDT,121208619,0.9,9.07
2024-08-31,Balancer,Polygon,10.53,DAI,131697375,0.75,6.04
2024-08-31,Balancer,Base,6.52,USDC,123167282,2.48,8.4
2024-08-31,Balancer,Base,8.0,USDT,128432363,2.45,11.06
2024-08-31,Balancer,Base,7.24,DAI,125101653,2.19,10.37
2024-09-01,Aave,Ethereum,2.52,USDC,276070486,30.6,0
2024-09-01,Aave,Ethereum,2.35,USDT,315186995,26.77,0
2024-09-01,Aave,Ethereum,2.03,DAI,280521141,28.76,0
2024-09-01,Aave,Arbitrum,2.8,USDC,273205227,1.89,13.24
2024-09-01,Aave,Arbitrum,2.57,USDT,311246014,2.38,11.27
2024-09-01,Aave,Arbitrum,2.9,DAI,303369624,3.19,9.84
2024-09-01,Aave,Optimism,2.67,USDC,310621082,1.71,7.76
2024-09-01,Aave,Optimism,2.76,USDT,281720128,2.86,11.43
2024-09-01,Aave,Optimism,2.52,DAI,310810979,2.14,13.36
2024-09-01,Aave,Polygon,2.89,USDC,295600553,0.75,8.96
2024-09-01,Aave,Polygon,3.12,USDT,292701904,1.07,8.81
2024-09-01,Aave,Polygon,3.31,DAI,287420023,0.91,9.01
2024-09-01,Aave,Base,2.72,USDC,298675043,2.15,9.61
2024-09-01,Aave,Base,3.09,USDT,293126694,2.06,8.06
2024-09-01,Aave,Base,3.16,DAI,298898614,2.28,13.66
2024-09-01,Compound,Ethereum,2.18,USDC,212110265,22.49,0
2024-09-01,Compound,Ethereum,2.04,USDT,211911296,22.48,0
2024-09-01,Compound,Ethereum,2.24,DAI,207093304,20.96,0
2024-09-01,Compound,Arbitrum,2.84,USDC,227569903,1.96,14.42
2024-09-01,Compound,Arbitrum,2.79,USDT,216199012,3.04,13.37
2024-09-01,Compound,Arbitrum,2.85,DAI,196948454,1.85,11.88
2024-09-01,Compound,Optimism,2.35,USDC,204363430,2.05,5.6
2024-09-01,Compound,Optimism,2.31,USDT,203005375,2.33,12.19
2024-09-01,Compound,Optimism,2.14,DAI,218742647,1.94,10.53
2024-09-01,Compound,Polygon,3.04,USDC,201266324,0.96,8.76
2024-09-01,Compound,Polygon,2.86,DAI,205035164,1.18,9.02
2024-09-01,Compound,Base,2.81,USDC,201956752,2.09,9.93
2024-09-01,Compound,Base,2.92,USDT,199696544,2.22,7.2
2024-09-01,Compound,Base,2.98,DAI,212149038,2.0,9.71
2024-09-01,Curve,Ethereum,7.79,USDC,389344642,32.06,0
2024-09-01,Curve,Ethereum,6.38,USDT,366039706,25.44,0
2024-09-01,Curve,Ethereum,5.33,DAI,369830394,27.95,0
2024-09-01,Curve,Arbitrum,9.71,USDC,349728756,1.97,12.24
2024-09-01,Curve,Arbitrum,8.51,USDT,334182527,3.23,15.02
2024-09-01,Curve,Arbitrum,7.01,DAI,362390000,2.61,11.99
2024-09-01,Curve,Optimism,9.42,USDC,355426654,2.02,9.35
2024-09-01,Curve,Polygon,8.62,USDC,395788511,1.01,9.53
2024-09-01,Curve,Polygon,8.63,USDT,387753690,0.45,9.03
2024-09-01,Curve,Polygon,7.69,DAI,376370410,1.1,9.13
2024-09-01,Curve,Base,8.9,USDC,368867727,2.1,10.52
2024-09-01,Curve,Base,6.88,USDT,352730189,1.92,11.46
2024-09-01,Uniswap V3,Ethereum,5.6,USDC,108179432,29.02,0
2024-09-01,Uniswap V3,Ethereum,7.27,USDT,108407701,26.55,0
2024-09-01,Uniswap V3,Ethereum,7.95,DAI,118948091,32.03,0
2024-09-01,Uniswap V3,Arbitrum,9.0,USDC,107966395,1.79,10.54
2024-09-01,Uniswap V3,Arbitrum,10.48,USDT,114455359,1.67,13.84
2024-09-01,Uniswap V3,Optimism,7.87,USDC,105536374,1.73,11.55
2024-09-01,Uniswap V3,Optimism,12.03,USDT,107570179,1.81,12.12
2024-09-01,Uniswap V3,Optimism,9.18,DAI,114690290,1.84,6.63
2024-09-01,Uniswap V3,Polygon,10.98,USDC,115829168,0.78,6.93
2024-09-01,Uniswap V3,Polygon,11.59,USDT,115888775,1.49,10.78
2024-09-01,Uniswap V3,Polygon,10.99,DAI,115779148,0.56,10.57
2024-09-01,Uniswap V3,Base,8.99,USDC,102567658,2.23,11.58
2024-09-01,Uniswap V3,Base,11.93,USDT,112517989,1.75,12.27
2024-09-01,Uniswap V3,Base,10.76,DAI,109752537,2.45,10.09
2024-09-01,Yearn,Ethereum,2.94,USDC,140847663,28.81,0
2024-09-01,Yearn,Ethereum,3.1,USDT,138676683,30.72,0
2024-09-01,Yearn,Ethereum,3.21,DAI,132101164,24.15,0
2024-09-01,Yearn,Arbitrum,3.83,USDC,127719369,1.37,13.18
2024-09-01,Yearn,Arbitrum,3.99,USDT,143777089,2.29,9.21
2024-09-01,Yearn,Arbitrum,3.5,DAI,149625758,2.87,15.38
2024-09-01,Yearn,Optimism,3.41,USDT,146592630,1.81,8.82
2024-09-01,Yearn,Optimism,3.6,DAI,144565499,1.56,9.26
2024-09-01,Yearn,Polygon,4.2,USDC,145239203,1.0,7.65
2024-09-01,Yearn,Polygon,4.47,USDT,139455322,0.92,4.27
2024-09-01,Yearn,Polygon,4.42,DAI,143353803,0.99,11.58
2024-09-01,Yearn,Base,4.42,USDC,145255997,2.39,7.5
2024-09-01,Yearn,Base,4.07,USDT,134345274,1.95,9.45
2024-09-01,Yearn,Base,3.25,DAI,133234025,2.28,7.93
2024-09-01,Pendle,Ethereum,8.89,USDC,92339094,25.37,0
2024-09-01,Pendle,Ethereum,8.78,USDT,82136636,36.7,0
2024-09-01,Pendle,Ethereum,11.51,DAI,86313219,28.45,0
2024-09-01,Pendle,Arbitrum,11.68,USDC,89891557,1.88,11.79
2024-09-01,Pendle,Arbitrum,17.35,USDT,85332906,1.84,14.91
2024-09-01,Pendle,Arbitrum,10.37,DAI,86439798,3.06,14.76
2024-09-01,Pendle,Optimism,9.46,USDC,89593781,1.68,6.22
2024-09-01,Pendle,Optimism,15.0,USDT,80648369,1.56,13.25
2024-09-01,Pendle,Optimism,12.34,DAI,91630389,2.69,6.47
2024-09-01,Pendle,Base,12.86,USDC,90164994,2.47,9.54
2024-09-01,Pendle,Base,11.02,USDT,85364291,2.15,9.63
2024-09-01,Pendle,Base,15.06,DAI,98206683,2.12,7.19
2024-09-01,Convex,Ethereum,5.75,USDC,153968081,26.41,0
2024-09-01,Convex,Ethereum,4.74,DAI,173976477,34.98,0
2024-09-01,Balancer,Ethereum,7.46,USDC,140803645,20.39,0
2024-09-01,Balancer,Ethereum,6.69,USDT,132654183,29.9,0
2024-09-01,Balancer,Ethereum,7.55,DAI,123215524,31.53,0
2024-09-01,Balancer,Arbitrum,7.91,USDC,128302252,2.23,10.7
2024-09-01,Balancer,Arbitrum,10.32,USDT,124136428,2.4,11.76
2024-09-01,Balancer,Arbitrum,9.1,DAI,128226479,2.58,16.31
2024-09-01,Balancer,Optimism,8.38,USDC,124061483,1.58,8.75
2024-09-01,Balancer,Optimism,8.3,USDT,139184288,1.93,11.99
2024-09-01,Balancer,Optimism,8.35,DAI,135430557,2.14,8.72
2024-09-01,Balancer,Polygon,10.51,USDC,124608433,1.15,8.15
2024-09-01,Balancer,Polygon,10.15,USDT,127932120,0.92,7.26
2024-09-01,Balancer,Base,9.99,USDC,132284619,2.11,12.25
2024-09-01,Balancer,Base,9.78,USDT,132357248,2.28,10.4
2024-09-01,Balancer,Base,8.01,DAI,139124799,2.29,11.47
2024-09-02,Aave,Ethereum,2.41,USDC,295352492,48.97,0
2024-09-02,Aave,Ethereum,2.21,USDT,307305043,53.12,0
2024-09-02,Aave,Ethereum,2.64,DAI,287116768,47.73,0
2024-09-02,Aave,Arbitrum,2.98,USDC,282332024,3.84,10.06
2024-09-02,Aave,Arbitrum,2.45,USDT,320177637,3.0,15.3
2024-09-02,Aave,Arbitrum,2.68,DAI,285416525,3.22,5.73
2024-09-02,Aave,Optimism,2.88,USDT,291208481,2.33,9.47
2024-09-02,Aave,Polygon,3.13,USDC,285957978,1.08,7.84
2024-09-02,Aave,Polygon,3.09,USDT,300769245,1.11,9.11
2024-09-02,Aave,Polygon,3.27,DAI,297993018,2.17,8.46
2024-09-02,Aave,Base,2.89,USDC,282344512,3.09,7.72
2024-09-02,Aave,Base,2.88,USDT,292509785,3.39,8.74
2024-09-02,Aave,Base,3.09,DAI,292104482,3.18,9.34
2024-09-02,Compound,Ethereum,2.46,USDT,201763445,40.69,0
2024-09-02,Compound,Arbitrum,2.9,USDC,213556542,3.03,12.63
2024-09-02,Compound,Arbitrum,2.94,USDT,206599128,4.2,10.45
2024-09-02,Compound,Arbitrum,2.93,DAI,221151164,2.89,13.1
2024-09-02,Compound,Optimism,2.91,USDC,212866608,2.56,7.83
2024-09-02,Compound,Optimism,2.53,USDT,210560910,2.98,11.48
2024-09-02,Compound,Optimism,2.54,DAI,214237473,3.19,9.84
2024-09-02,Compound,Polygon,2.91,USDC,213048268,1.87,6.51
2024-09-02,Compound,Polygon,2.85,USDT,207145396,1.02,6.84
2024-09-02,Compound,Polygon,3.11,DAI,227977194,1.19,10.04
2024-09-02,Compound,Base,2.86,USDC,198933622,3.58,9.13
2024-09-02,Compound,Base,2.64,USDT,206557658,3.51,12.12
2024-09-02,Compound,Base,2.78,DAI,217011884,3.75,10.89
2024-09-02,Curve,Ethereum,7.46,USDC,388820809,41.93,0
2024-09-02,Curve,Ethereum,7.55,USDT,380039382,40.16,0
2024-09-02,Curve,Ethereum,8.55,DAI,379536241,23.64,0
2024-09-02,Curve,Arbitrum,8.71,USDC,385530676,2.96,14.32
2024-09-02,Curve,Arbitrum,9.53,USDT,361434533,4.21,7.82
2024-09-02,Curve,Arbitrum,8.0,DAI,406625073,3.7,11.7
2024-09-02,Curve,Optimism,9.91,USDC,359308186,2.03,8.28
2024-09-02,Curve,Optimism,7.33,USDT,377936532,3.63,8.94
2024-09-02,Curve,Optimism,10.03,DAI,366819585,2.59,8.11
2024-09-02,Curve,Polygon,9.23,USDC,378227319,1.96,9.57
2024-09-02,Curve,Polygon,8.86,USDT,371771896,1.29,8.07
2024-09-02,Curve,Polygon,6.81,DAI,364909564,1.47,6.16
2024-09-02,Curve,Base,8.26,USDC,384099213,3.18,11.36
2024-09-02,Curve,Base,9.81,USDT,389256545,3.43,9.14
2024-09-02,Curve,Base,7.77,DAI,389337269,3.47,9.26
2024-09-02,Uniswap V3,Ethereum,8.02,USDC,108446938,39.87,0
2024-09-02,Uniswap V3,Ethereum,9.2,USDT,105787745,29.98,0
2024-09-02,Uniswap V3,Ethereum,6.95,DAI,110813939,48.51,0
2024-09-02,Uniswap V3,Arbitrum,10.7,USDC,109813151,2.47,12.51
2024-09-02,Uniswap V3,Arbitrum,9.31,USDT,112736319,4.07,12.5
2024-09-02,Uniswap V3,Arbitrum,8.23,DAI,107168237,3.71,13.38
2024-09-02,Uniswap V3,Optimism,8.6,USDC,101450149,3.51,9.36
2024-09-02,Uniswap V3,Optimism,9.96,USDT,106797470,2.28,8.06
2024-09-02,Uniswap V3,Optimism,8.64,DAI,114889615,3.01,11.09
2024-09-02,Uniswap V3,Polygon,10.61,USDC,116519319,1.02,8.9
2024-09-02,Uniswap V3,Polygon,9.72,USDT,111739092,1.25,10.11
2024-09-02,Uniswap V3,Polygon,11.71,DAI,121572555,1.59,7.35
2024-09-02,Uniswap V3,Base,8.84,USDC,114420928,2.81,11.39
2024-09-02,Uniswap V3,Base,9.47,USDT,110251688,3.52,13.09
2024-09-02,Uniswap V3,Base,10.1,DAI,108247725,3.08,8.49
2024-09-02,Yearn,Ethereum,3.11,USDC,131132765,28.4,0
2024-09-02,Yearn,Ethereum,3.56,USDT,137636641,52.9,0
2024-09-02,Yearn,Ethereum,3.72,DAI,153498245,50.02,0
2024-09-02,Yearn,Arbitrum,4.02,USDC,145339648,4.45,8.36
2024-09-02,Yearn,Arbitrum,3.18,USDT,152969116,2.94,9.22
2024-09-02,Yearn,Arbitrum,4.03,DAI,164833166,3.61,11.2
2024-09-02,Yearn,Optimism,4.3,USDT,133159300,3.49,10.98
2024-09-02,Yearn,Polygon,3.93,USDC,151760881,1.23,5.77
2024-09-02,Yearn,Polygon,4.01,USDT,155514328,0.8,6.0
2024-09-02,Yearn,Polygon,3.7,DAI,140480041,1.38,7.83
2024-09-02,Yearn,Base,3.64,USDC,146552165,3.25,12.91
2024-09-02,Yearn,Base,3.7,DAI,150622412,3.0,11.85
2024-09-02,Pendle,Ethereum,10.39,USDT,87586481,48.16,0
2024-09-02,Pendle,Ethereum,7.93,DAI,85295075,34.62,0
2024-09-02,Pendle,Arbitrum,19.3,USDC,91923241,4.54,12.38
2024-09-02,Pendle,Arbitrum,11.23,USDT,92773324,2.29,6.79
2024-09-02,Pendle,Arbitrum,12.13,DAI,87969784,3.04,15.31
2024-09-02,Pendle,Optimism,11.3,USDC,91123525,3.69,13.22
2024-09-02,Pendle,Optimism,14.06,DAI,88845138,2.41,9.26
2024-09-02,Pendle,Base,14.49,USDC,84400653,3.66,12.68
2024-09-02,Pendle,Base,12.05,USDT,84942294,3.19,9.07
2024-09-02,Pendle,Base,11.23,DAI,96329574,3.25,11.56
2024-09-02,Convex,Ethereum,5.78,USDC,178428026,53.12,0
2024-09-02,Convex,Ethereum,5.1,USDT,167073656,43.06,0
2024-09-02,Balancer,Ethereum,7.17,USDC,122647844,41.01,0
2024-09-02,Balancer,Ethereum,7.04,USDT,131443777,33.24,0
2024-09-02,Balancer,Ethereum,7.84,DAI,125811864,49.66,0
2024-09-02,Balancer,Arbitrum,8.22,USDC,130113919,3.59,12.12
2024-09-02,Balancer,Arbitrum,8.39,USDT,131665860,4.09,8.52
2024-09-02,Balancer,Arbitrum,8.84,DAI,124005344,3.29,9.48
2024-09-02,Balancer,Optimism,7.55,USDC,127199811,3.73,11.95
2024-09-02,Balancer,Optimism,8.55,USDT,128573974,3.41,7.27
2024-09-02,Balancer,Optimism,9.17,DAI,140861723,3.66,9.53
2024-09-02,Balancer,Polygon,12.43,USDC,137174647,1.54,6.74
2024-09-02,Balancer,Polygon,8.78,USDT,124931095,1.75,6.64
2024-09-02,Balancer,Polygon,9.48,DAI,127825185,1.47,7.89
2024-09-02,Balancer,Base,10.47,USDC,129493717,2.98,9.93
2024-09-02,Balancer,Base,7.85,USDT,133279999,3.5,11.92
2024-09-02,Balancer,Base,8.21,DAI,135966649,3.0,8.04
2024-09-03,Aave,Ethereum,2.73,USDC,302957891,44.32,0
2024-09-03,Aave,Ethereum,2.82,USDT,311405195,31.34,0
2024-09-03,Aave,Ethereum,2.53,DAI,310360991,43.63,0
2024-09-03,Aave,Arbitrum,3.06,USDC,321377334,3.14,12.91
2024-09-03,Aave,Arbitrum,3.33,USDT,327584002,3.74,11.14
2024-09-03,Aave,Optimism,3.4,USDC,302527977,2.57,9.4
2024-09-03,Aave,Optimism,2.7,USDT,284046023,2.55,11.44
2024-09-03,Aave,Optimism,2.7,DAI,301436451,3.07,7.39
2024-09-03,Aave,Polygon,3.68,USDC,296511516,1.55,10.87
2024-09-03,Aave,Polygon,3.64,USDT,312151413,1.3,9.44
2024-09-03,Aave,Polygon,3.56,DAI,301942527,1.63,9.24
2024-09-03,Aave,Base,3.02,USDC,280695009,3.71,9.8
2024-09-03,Aave,Base,2.87,USDT,294690177,3.62,8.84
2024-09-03,Aave,Base,3.21,DAI,283154629,3.34,7.93
2024-09-03,Compound,Ethereum,2.51,USDC,221316337,31.94,0
2024-09-03,Compound,Ethereum,2.21,USDT,220161680,37.95,0
2024-09-03,Compound,Ethereum,2.9,DAI,221463601,38.95,0
2024-09-03,Compound,Arbitrum,3.08,USDC,220588698,2.62,9.65
2024-09-03,Compound,Arbitrum,3.08,USDT,210767924,3.17,16.25
2024-09-03,Compound,Arbitrum,2.78,DAI,207768564,3.39,11.59
2024-09-03,Compound,Optimism,2.68,USDC,204654827,3.17,10.95
2024-09-03,Compound,Optimism,3.08,USDT,221619719,3.4,8.41
2024-09-03,Compound,Optimism,2.56,DAI,211178175,3.43,8.09
2024-09-03,Compound,Polygon,3.15,USDC,217283411,1.68,5.96
2024-09-03,Compound,Polygon,3.04,USDT,195671706,1.38,7.56
2024-09-03,Compound,Base,2.58,USDC,210793040,3.56,8.58
2024-09-03,Compound,Base,3.0,USDT,222878433,3.07,10.9
2024-09-03,Compound,Base,3.05,DAI,224161439,3.69,7.64
2024-09-03,Curve,Ethereum,7.77,USDC,340456737,49.59,0
2024-09-03,Curve,Ethereum,6.6,DAI,351737490,52.53,0
2024-09-03,Curve,Arbitrum,7.57,USDC,378152571,3.42,15.9
2024-09-03,Curve,Optimism,8.07,USDC,373386943,1.94,4.56
2024-09-03,Curve,Optimism,7.94,USDT,374960493,1.22,11.18
2024-09-03,Curve,Optimism,11.47,DAI,381035337,2.75,12.93
2024-09-03,Curve,Polygon,11.06,USDC,375432299,1.34,9.78
2024-09-03,Curve,Polygon,7.61,USDT,418179639,1.76,9.39
2024-09-03,Curve,Polygon,7.03,DAI,381582066,1.23,8.58
2024-09-03,Curve,Base,7.24,USDC,402032905,3.61,9.44
2024-09-03,Curve,Base,9.51,USDT,371088317,3.52,9.23
2024-09-03,Curve,Base,10.8,DAI,366326723,3.41,10.56
2024-09-03,Uniswap V3,Ethereum,8.77,USDC,117711682,53.45,0
2024-09-03,Uniswap V3,Ethereum,9.78,USDT,116348229,36.21,0
2024-09-03,Uniswap V3,Ethereum,10.23,DAI,107671505,43.99,0
2024-09-03,Uniswap V3,Arbitrum,7.77,USDC,115320793,4.04,10.55
2024-09-03,Uniswap V3,Arbitrum,6.22,USDT,115504372,3.66,11.21
2024-09-03,Uniswap V3,Arbitrum,10.84,DAI,116116741,3.62,11.65
2024-09-03,Uniswap V3,Optimism,8.28,USDC,116749366,3.0,6.79
2024-09-03,Uniswap V3,Optimism,8.83,USDT,118495707,1.53,6.8
2024-09-03,Uniswap V3,Optimism,8.09,DAI,119969202,4.02,10.27
2024-09-03,Uniswap V3,Polygon,8.55,USDC,116586769,1.07,4.79
2024-09-03,Uniswap V3,Polygon,10.8,USDT,104505756,1.2,9.28
2024-09-03,Uniswap V3,Polygon,9.41,DAI,114201700,1.37,9.03
2024-09-03,Uniswap V3,Base,7.05,USDC,110021068,2.96,13.19
2024-09-03,Uniswap V3,Base,8.09,USDT,107712181,2.72,13.01
2024-09-03,Uniswap V3,Base,9.77,DAI,118985223,3.96,9.23
2024-09-03,Yearn,Ethereum,3.01,USDC,144527786,33.71,0
2024-09-03,Yearn,Ethereum,3.41,USDT,139176374,45.75,0
2024-09-03,Yearn,Ethereum,3.07,DAI,144121561,48.99,0
2024-09-03,Yearn,Arbitrum,3.95,USDC,141909398,3.87,12.97
2024-09-03,Yearn,Arbitrum,3.65,USDT,154223690,2.87,15.12
2024-09-03,Yearn,Arbitrum,4.65,DAI,149461295,2.83,7.17
2024-09-03,Yearn,Optimism,3.46,USDC,145366797,1.89,8.69
2024-09-03,Yearn,Optimism,3.56,DAI,138288421,2.78,9.44
2024-09-03,Yearn,Polygon,3.85,USDC,139726052,1.79,5.47
2024-09-03,Yearn,Polygon,4.54,DAI,145079652,1.87,8.9
2024-09-03,Yearn,Base,4.16,USDC,131908419,3.2,5.76
2024-09-03,Yearn,Base,3.98,USDT,139653171,3.1,9.88
2024-09-03,Pendle,Ethereum,9.48,USDC,87593041,46.23,0
2024-09-03,Pendle,Ethereum,11.37,USDT,89572465,30.38,0
2024-09-03,Pendle,Arbitrum,10.78,USDC,90993556,2.62,10.07
2024-09-03,Pendle,Arbitrum,13.25,DAI,92978656,3.15,14.06
2024-09-03,Pendle,Optimism,17.15,USDC,91564161,3.39,8.92
2024-09-03,Pendle,Optimism,14.71,USDT,88116466,3.84,8.3
2024-09-03,Pendle,Optimism,15.0,DAI,88492403,2.39,10.23
2024-09-03,Pendle,Base,10.42,USDC,88365118,3.34,11.01
2024-09-03,Pendle,Base,15.56,USDT,91044962,3.42,6.2
2024-09-03,Pendle,Base,11.33,DAI,92148165,2.81,9.77
2024-09-03,Convex,Ethereum,4.71,USDC,189336706,41.6,0
2024-09-03,Convex,Ethereum,4.91,USDT,180473835,45.95,0
2024-09-03,Convex,Ethereum,5.54,DAI,179062113,40.53,0
2024-09-03,Balancer,Ethereum,6.07,USDC,130675608,33.2,0
2024-09-03,Balancer,Ethereum,7.36,USDT,131461108,41.48,0
2024-09-03,Balancer,Ethereum,7.57,DAI,129235828,44.08,0
2024-09-03,Balancer,Arbitrum,8.11,USDT,124885595,2.54,11.81
2024-09-03,Balancer,Arbitrum,10.81,DAI,125002639,3.95,9.94
2024-09-03,Balancer,Optimism,8.88,USDC,136187097,3.28,9.57
2024-09-03,Balancer,Optimism,9.21,USDT,135965437,2.57,5.48
2024-09-03,Balancer,Optimism,8.97,DAI,121560809,2.58,9.81
2024-09-03,Balancer,Polygon,7.44,USDC,130725412,1.34,8.87
2024-09-03,Balancer,Polygon,10.09,DAI,136104424,1.6,9.36
2024-09-03,Balancer,Base,9.04,USDC,130159965,2.44,5.56
2024-09-03,Balancer,Base,9.74,USDT,129634941,3.72,9.56
2024-09-03,Balancer,Base,8.12,DAI,132937659,3.13,9.96
2024-09-04,Aave,Ethereum,2.4,USDC,313646237,33.11,0
2024-09-04,Aave,Ethereum,2.75,USDT,285535452,43.43,0
2024-09-04,Aave,Ethereum,2.65,DAI,313208546,50.69,0
2024-09-04,Aave,Arbitrum,3.02,USDT,300436683,3.0,11.58
2024-09-04,Aave,Arbitrum,2.99,DAI,301728067,1.6,13.04
2024-09-04,Aave,Optimism,3.13,USDC,315037823,4.16,8.41
2024-09-04,Aave,Optimism,2.92,USDT,280741663,3.2,9.98
2024-09-04,Aave,Optimism,2.65,DAI,282676627,2.32,10.79
2024-09-04,Aave,Polygon,3.15,USDT,298047380,1.45,7.85
2024-09-04,Aave,Polygon,3.85,DAI,290313424,1.89,8.04
2024-09-04,Aave,Base,2.83,USDT,306849827,3.06,11.59
2024-09-04,Aave,Base,2.85,DAI,297293886,3.06,10.01
2024-09-04,Compound,Ethereum,2.51,USDC,217252678,42.32,0
2024-09-04,Compound,Ethereum,2.13,USDT,224010808,45.52,0
2024-09-04,Compound,Ethereum,2.3,DAI,217183748,38.44,0
2024-09-04,Compound,Arbitrum,2.44,USDC,222877535,4.42,11.51
2024-09-04,Compound,Arbitrum,2.95,USDT,216522988,4.43,10.14
2024-09-04,Compound,Optimism,2.81,USDC,212640811,2.71,10.87
2024-09-04,Compound,Optimism,2.73,DAI,212495607,3.03,10.08
2024-09-04,Compound,Polygon,2.99,USDC,209797426,1.27,9.21
2024-09-04,Compound,Polygon,3.21,USDT,221338866,1.36,7.38
2024-09-04,Compound,Polygon,3.22,DAI,220036224,1.64,9.09
2024-09-04,Compound,Base,2.79,USDC,211002911,3.92,7.93
2024-09-04,Compound,Base,2.83,DAI,229471185,3.92,11.29
2024-09-04,Curve,Ethereum,6.59,USDC,376070660,34.34,0
2024-09-04,Curve,Ethereum,7.08,USDT,388878483,41.1,0
2024-09-04,Curve,Ethereum,6.61,DAI,404541887,37.69,0
2024-09-04,Curve,Arbitrum,7.93,USDC,395212973,4.49,9.45
2024-09-04,Curve,Arbitrum,7.07,USDT,369261482,4.91,14.0
2024-09-04,Curve,Optimism,9.21,USDC,395002791,2.98,8.7
2024-09-04,Curve,Optimism,7.2,USDT,393279262,3.5,7.32
2024-09-04,Curve,Optimism,6.82,DAI,401231409,3.64,7.85
2024-09-04,Curve,Polygon,8.14,USDC,398582967,0.78,7.2
2024-09-04,Curve,Polygon,9.53,USDT,381915064,1.33,8.84
2024-09-04,Curve,Polygon,7.1,DAI,440020818,1.6,5.15
2024-09-04,Curve,Base,9.2,USDC,411740614,2.84,13.08
2024-09-04,Curve,Base,8.24,USDT,368182268,4.05,6.11
2024-09-04,Curve,Base,10.67,DAI,391204833,2.89,9.94
2024-09-04,Uniswap V3,Ethereum,7.54,USDC,115211761,54.21,0
2024-09-04,Uniswap V3,Ethereum,9.38,USDT,119044866,43.74,0
2024-09-04,Uniswap V3,Ethereum,7.36,DAI,111397543,47.61,0
2024-09-04,Uniswap V3,Arbitrum,10.58,USDC,114179519,3.52,12.0
2024-09-04,Uniswap V3,Arbitrum,9.49,USDT,117439830,4.06,9.28
2024-09-04,Uniswap V3,Arbitrum,10.69,DAI,114961368,4.43,12.19
2024-09-04,Uniswap V3,Optimism,9.43,USDC,116310674,2.69,8.0
2024-09-04,Uniswap V3,Optimism,10.35,USDT,107109672,2.67,8.65
2024-09-04,Uniswap V3,Optimism,11.37,DAI,113299145,2.87,10.17
2024-09-04,Uniswap V3,Polygon,10.92,USDC,121287743,1.09,5.34
2024-09-04,Uniswap V3,Polygon,10.66,DAI,109029830,1.91,8.5
2024-09-04,Uniswap V3,Base,10.6,USDC,114457411,2.87,9.75
2024-09-04,Uniswap V3,Base,9.37,USDT,115997936,3.87,9.24
2024-09-04,Uniswap V3,Base,9.14,DAI,118641121,3.31,12.02
2024-09-04,Yearn,Ethereum,3.15,USDC,135978404,41.51,0
2024-09-04,Yearn,Ethereum,3.3,USDT,147495411,47.81,0
2024-09-04,Yearn,Ethereum,3.41,DAI,145324976,47.49,0
2024-09-04,Yearn,Arbitrum,3.81,USDC,143001141,3.25,13.64
2024-09-04,Yearn,Arbitrum,3.86,USDT,156524068,4.13,12.21
2024-09-04,Yearn,Arbitrum,4.3,DAI,137923973,3.15,8.24
2024-09-04,Yearn,Optimism,3.89,USDC,137802781,3.14,12.09
2024-09-04,Yearn,Optimism,3.56,USDT,151452998,2.6,7.13
2024-09-04,Yearn,Optimism,4.25,DAI,147670199,2.94,11.87
2024-09-04,Yearn,Polygon,3.89,USDC,149343419,1.41,7.98
2024-09-04,Yearn,Polygon,4.24,USDT,156335676,1.45,8.04
2024-09-04,Yearn,Polygon,4.15,DAI,146295007,1.26,7.96
2024-09-04,Yearn,Base,4.11,USDC,147534206,2.69,12.8
2024-09-04,Yearn,Base,3.87,USDT,151389961,3.08,10.15
2024-09-04,Yearn,Base,4.06,DAI,150836123,3.03,11.32
2024-09-04,Pendle,Ethereum,12.88,USDC,87139606,37.36,0
2024-09-04,Pendle,Ethereum,9.47,USDT,98060066,46.85,0
2024-09-04,Pendle,Ethereum,8.93,DAI,98949254,39.57,0
2024-09-04,Pendle,Arbitrum,14.24,USDC,93259625,3.68,7.96
2024-09-04,Pendle,Arbitrum,16.15,USDT,93177048,2.93,13.54
2024-09-04,Pendle,Optimism,12.44,USDC,92964447,2.66,10.92
2024-09-04,Pendle,Optimism,10.86,USDT,93956408,1.69,10.31
2024-09-04,Pendle,Optimism,13.42,DAI,95481801,2.66,9.08
2024-09-04,Pendle,Base,10.52,USDC,84217874,3.71,11.94
2024-09-04,Pendle,Base,13.17,USDT,95594465,2.53,9.38
2024-09-04,Pendle,Base,13.29,DAI,91536266,2.87,11.92
2024-09-04,Convex,Ethereum,5.31,USDC,186841202,35.47,0
2024-09-04,Convex,Ethereum,5.18,USDT,193109666,35.15,0
2024-09-04,Convex,Ethereum,4.38,DAI,177388326,46.6,0
2024-09-04,Balancer,Ethereum,7.28,USDC,130513703,40.04,0
2024-09-04,Balancer,Ethereum,9.34,USDT,127754366,46.9,0
2024-09-04,Balancer,Ethereum,10.59,DAI,125985876,52.93,0
2024-09-04,Balancer,Arbitrum,9.17,USDC,126964599,3.77,9.57
2024-09-04,Balancer,Arbitrum,9.27,USDT,142339803,3.88,11.97
2024-09-04,Balancer,Arbitrum,9.9,DAI,132058005,3.54,12.98
2024-09-04,Balancer,Optimism,9.27,USDC,137495740,2.26,9.53
2024-09-04,Balancer,Optimism,7.88,USDT,132329095,3.38,8.05
2024-09-04,Balancer,Optimism,8.14,DAI,135294684,2.29,8.17
2024-09-04,Balancer,Polygon,11.06,USDC,126582607,1.39,9.4
2024-09-04,Balancer,Polygon,10.16,USDT,136190003,1.72,7.62
2024-09-04,Balancer,Polygon,9.65,DAI,136021179,1.73,7.51
2024-09-04,Balancer,Base,7.79,USDT,124852189,3.32,13.39
2024-09-04,Balancer,Base,9.13,DAI,142834319,3.0,8.34
2024-09-05,Aave,Ethereum,2.63,USDC,321181777,49.16,0
2024-09-05,Aave,Ethereum,2.09,USDT,301420194,48.64,0
2024-09-05,Aave,Ethereum,2.23,DAI,299832519,35.08,0
2024-09-05,Aave,Arbitrum,2.98,USDC,306318046,2.84,13.0
2024-09-05,Aave,Arbitrum,2.73,USDT,325094725,2.56,11.18
2024-09-05,Aave,Arbitrum,2.64,DAI,307091259,2.94,16.11
2024-09-05,Aave,Optimism,3.63,USDC,317096452,3.31,10.49
2024-09-05,Aave,Optimism,2.46,USDT,305004695,2.33,10.3
2024-09-05,Aave,Optimism,2.94,DAI,298793655,2.81,9.17
2024-09-05,Aave,Polygon,3.57,USDC,293577576,1.31,8.55
2024-09-05,Aave,Polygon,3.0,USDT,298621496,1.4,10.29
2024-09-05,Aave,Polygon,3.2,DAI,307677108,1.33,4.8
2024-09-05,Aave,Base,3.11,USDC,318209256,3.48,9.47
2024-09-05,Aave,Base,2.81,USDT,329975029,3.5,10.47
2024-09-05,Aave,Base,2.77,DAI,325652913,3.11,8.13
2024-09-05,Compound,Ethereum,2.07,USDC,223157288,35.27,0
2024-09-05,Compound,Ethereum,2.3,USDT,218458884,48.01,0
2024-09-05,Compound,Ethereum,2.61,DAI,234007922,44.28,0
2024-09-05,Compound,Arbitrum,3.01,USDC,223918284,4.06,10.48
2024-09-05,Compound,Arbitrum,2.99,USDT,198038903,2.23,13.33
2024-09-05,Compound,Arbitrum,2.75,DAI,215681865,3.43,12.68
2024-09-05,Compound,Optimism,2.78,USDT,206840627,3.37,9.36
2024-09-05,Compound,Optimism,2.68,DAI,210346589,3.26,5.98
2024-09-05,Compound,Polygon,3.16,USDC,221114560,1.56,8.6
2024-09-05,Compound,Polygon,2.96,USDT,219237133,1.44,5.88
2024-09-05,Compound,Polygon,2.94,DAI,223297264,2.01,4.14
2024-09-05,Compound,Base,3.19,DAI,205730857,2.96,9.4
2024-09-05,Curve,Ethereum,7.28,USDC,363260290,36.02,0
2024-09-05,Curve,Ethereum,6.23,USDT,392387067,48.86,0
2024-09-05,Curve,Ethereum,6.83,DAI,389761362,34.22,0
2024-09-05,Curve,Arbitrum,9.13,USDC,382189316,3.14,10.0
2024-09-05,Curve,Arbitrum,8.45,USDT,387565297,3.31,11.09
2024-09-05,Curve,Arbitrum,8.52,DAI,392830685,1.69,9.28
2024-09-05,Curve,Optimism,9.45,USDC,375112850,3.0,9.55
2024-09-05,Curve,Optimism,8.91,USDT,409749362,3.1,10.26
2024-09-05,Curve,Optimism,7.01,DAI,404764428,2.17,10.54
2024-09-05,Curve,Polygon,10.86,USDC,388647184,1.24,9.95
2024-09-05,Curve,Polygon,10.56,USDT,418466068,1.53,7.78
2024-09-05,Curve,Polygon,10.14,DAI,439587672,1.08,5.6
2024-09-05,Curve,Base,6.95,USDC,374245662,4.64,8.76
2024-09-05,Curve,Base,8.15,USDT,399450727,2.79,11.04
2024-09-05,Curve,Base,7.85,DAI,415195101,4.11,6.03
2024-09-05,Uniswap V3,Ethereum,10.72,USDC,117332575,43.43,0
2024-09-05,Uniswap V3,Ethereum,8.75,USDT,116707891,37.28,0
2024-09-05,Uniswap V3,Ethereum,7.24,DAI,118199130,42.56,0
2024-09-05,Uniswap V3,Arbitrum,6.34,USDC,115908551,4.72,13.87
2024-09-05,Uniswap V3,Arbitrum,11.01,USDT,110415121,4.14,15.12
2024-09-05,Uniswap V3,Arbitrum,11.28,DAI,120324889,3.4,5.88
2024-09-05,Uniswap V3,Optimism,8.21,USDC,117548389,3.11,10.34
2024-09-05,Uniswap V3,Optimism,9.75,USDT,114964959,2.99,9.94
2024-09-05,Uniswap V3,Optimism,9.96,DAI,120711030,3.39,6.72
2024-09-05,Uniswap V3,Polygon,11.21,USDC,121765098,1.68,9.26
2024-09-05,Uniswap V3,Polygon,9.04,USDT,115629917,1.29,8.05
2024-09-05,Uniswap V3,Polygon,11.42,DAI,121020294,0.78,6.5
2024-09-05,Uniswap V3,Base,7.93,USDC,119196659,3.22,12.6
2024-09-05,Uniswap V3,Base,7.9,USDT,109178709,3.52,12.44
2024-09-05,Uniswap V3,Base,9.24,DAI,116462124,2.62,9.49
2024-09-05,Yearn,Ethereum,3.21,USDC,135540296,40.52,0
2024-09-05,Yearn,Ethereum,2.9,USDT,141456821,44.32,0
2024-09-05,Yearn,Ethereum,2.86,DAI,156982166,30.52,0
2024-09-05,Yearn,Arbitrum,3.83,USDC,153792425,4.13,16.21
2024-09-05,Yearn,Arbitrum,3.94,USDT,152274268,2.08,7.93
2024-09-05,Yearn,Arbitrum,3.93,DAI,151415781,2.53,9.82
2024-09-05,Yearn,Optimism,3.82,DAI,146837001,3.18,11.24
2024-09-05,Yearn,Polygon,4.1,USDC,146145683,1.8,10.99
2024-09-05,Yearn,Polygon,3.65,USDT,152353575,1.46,5.97
2024-09-05,Yearn,Polygon,4.66,DAI,148148089,1.23,4.72
2024-09-05,Yearn,Base,4.08,USDC,147015986,3.23,9.63
2024-09-05,Yearn,Base,3.77,USDT,141255783,4.16,12.83
2024-09-05,Yearn,Base,4.12,DAI,146781816,4.02,13.82
2024-09-05,Pendle,Ethereum,10.2,USDC,92038160,50.0,0
2024-09-05,Pendle,Ethereum,10.22,USDT,91601444,37.02,0
2024-09-05,Pendle,Ethereum,10.53,DAI,90272998,40.56,0
2024-09-05,Pendle,Arbitrum,12.71,USDT,93548245,3.59,16.26
2024-09-05,Pendle,Arbitrum,13.49,DAI,100691207,2.8,16.76
2024-09-05,Pendle,Optimism,12.32,USDC,84675510,2.92,9.52
2024-09-05,Pendle,Optimism,10.37,USDT,95784709,3.29,9.59
2024-09-05,Pendle,Base,17.12,USDC,88307337,4.15,11.4
2024-09-05,Pendle,Base,12.69,USDT,92602654,2.84,10.97
2024-09-05,Pendle,Base,10.19,DAI,92877347,3.14,10.88
2024-09-05,Convex,Ethereum,4.79,USDC,180605719,44.52,0
2024-09-05,Convex,Ethereum,5.2,USDT,194855183,45.64,0
2024-09-05,Convex,Ethereum,4.89,DAI,178345203,30.49,0
2024-09-05,Balancer,Ethereum,7.68,USDC,145549604,44.03,0
2024-09-05,Balancer,Ethereum,6.7,USDT,135429746,52.1,0
2024-09-05,Balancer,Ethereum,7.11,DAI,136711924,53.58,0
2024-09-05,Balancer,Arbitrum,11.02,USDC,136039048,3.92,12.22
2024-09-05,Balancer,Arbitrum,7.8,USDT,126809180,4.04,12.88
2024-09-05,Balancer,Arbitrum,8.37,DAI,127414130,4.04,11.81
2024-09-05,Balancer,Optimism,11.7,USDC,126228429,2.77,8.58
2024-09-05,Balancer,Optimism,9.13,USDT,131197915,2.98,10.91
2024-09-05,Balancer,Optimism,6.8,DAI,133334432,2.8,8.76
2024-09-05,Balancer,Polygon,12.74,USDC,129959096,1.92,8.09
2024-09-05,Balancer,Polygon,7.24,USDT,127692708,0.95,8.26
2024-09-05,Balancer,Polygon,10.05,DAI,137864286,1.25,8.24
2024-09-05,Balancer,Base,10.51,USDC,141325686,3.06,9.81
2024-09-05,Balancer,Base,8.65,USDT,139796229,3.2,13.98
2024-09-05,Balancer,Base,8.36,DAI,129175256,3.26,10.14
2024-09-06,Aave,Ethereum,2.71,USDC,309146093,60.14,0
2024-09-06,Aave,Ethereum,2.22,USDT,320719362,40.28,0
2024-09-06,Aave,Ethereum,2.34,DAI,308074451,44.35,0
2024-09-06,Aave,Arbitrum,2.46,USDC,300804683,2.2,12.26
2024-09-06,Aave,Arbitrum,2.25,USDT,320689371,4.17,12.2
2024-09-06,Aave,Arbitrum,2.49,DAI,314154176,4.24,9.68
2024-09-06,Aave,Optimism,2.78,USDC,314038460,2.34,10.05
2024-09-06,Aave,Optimism,2.98,USDT,305139880,3.09,10.97
2024-09-06,Aave,Polygon,3.07,USDC,310768841,1.67,7.4
2024-09-06,Aave,Polygon,2.75,USDT,335067838,1.52,5.77
2024-09-06,Aave,Polygon,3.06,DAI,314876085,1.11,9.35
2024-09-06,Aave,Base,2.93,USDC,289892522,4.63,8.66
2024-09-06,Aave,Base,2.86,USDT,307252443,3.43,9.37
2024-09-06,Aave,Base,2.99,DAI,299050975,3.86,11.94
2024-09-06,Compound,Ethereum,2.49,USDC,215922873,47.54,0
2024-09-06,Compound,Ethereum,2.2,USDT,224598011,26.25,0
2024-09-06,Compound,Ethereum,2.51,DAI,210621592,47.5,0
2024-09-06,Compound,Arbitrum,2.55,USDC,223946332,4.42,11.36
2024-09-06,Compound,Arbitrum,2.99,USDT,218441925,2.57,9.02
2024-09-06,Compound,Arbitrum,2.75,DAI,234165074,3.69,14.23
2024-09-06,Compound,Optimism,2.65,USDC,231548193,3.17,10.05
2024-09-06,Compound,Optimism,2.72,USDT,221245403,2.72,12.05
2024-09-06,Compound,Optimism,2.92,DAI,213106259,2.2,12.05
2024-09-06,Compound,Polygon,2.67,USDC,216891807,1.32,6.97
2024-09-06,Compound,Polygon,2.6,USDT,228981942,1.46,8.05
2024-09-06,Compound,Polygon,2.63,DAI,213858646,1.15,8.32
2024-09-06,Compound,Base,2.71,USDC,223997056,3.31,10.23
2024-09-06,Compound,Base,2.68,USDT,207447451,3.38,10.17
2024-09-06,Compound,Base,2.93,DAI,227225641,3.38,5.21
2024-09-06,Curve,Ethereum,6.61,USDC,399984987,53.7,0
2024-09-06,Curve,Ethereum,8.11,DAI,379174924,47.59,0
2024-09-06,Curve,Arbitrum,8.61,USDC,399549853,3.78,11.09
2024-09-06,Curve,Arbitrum,7.87,DAI,364648750,3.61,14.07
2024-09-06,Curve,Optimism,8.43,USDC,381537851,2.44,11.79
2024-09-06,Curve,Optimism,8.67,USDT,364173870,2.29,9.62
2024-09-06,Curve,Optimism,7.68,DAI,386989124,2.85,10.09
2024-09-06,Curve,Polygon,9.56,USDC,355307853,1.81,7.19
2024-09-06,Curve,Polygon,9.82,USDT,393226512,1.52,10.29
2024-09-06,Curve,Polygon,9.95,DAI,406390065,1.21,8.8
2024-09-06,Curve,Base,7.4,USDC,387081833,3.9,10.24
2024-09-06,Curve,Base,8.76,USDT,401791076,3.52,8.42
2024-09-06,Curve,Base,8.95,DAI,398878375,2.73,12.64
2024-09-06,Uniswap V3,Ethereum,7.91,USDC,110961434,50.57,0
2024-09-06,Uniswap V3,Ethereum,6.07,USDT,115733415,25.79,0
2024-09-06,Uniswap V3,Ethereum,8.41,DAI,120733709,45.28,0
2024-09-06,Uniswap V3,Arbitrum,10.64,USDC,107739487,3.42,15.93
2024-09-06,Uniswap V3,Arbitrum,9.25,USDT,121596123,2.98,15.12
2024-09-06,Uniswap V3,Optimism,7.5,USDC,122940290,3.51,8.55
2024-09-06,Uniswap V3,Optimism,11.11,USDT,113207171,2.63,7.77
2024-09-06,Uniswap V3,Optimism,8.99,DAI,127873077,3.67,11.66
2024-09-06,Uniswap V3,Polygon,10.1,USDC,125826587,1.96,8.46
2024-09-06,Uniswap V3,Polygon,8.44,USDT,110457329,1.64,7.71
2024-09-06,Uniswap V3,Polygon,8.24,DAI,117443851,1.37,9.11
2024-09-06,Uniswap V3,Base,9.27,USDC,115259003,3.92,13.6
2024-09-06,Uniswap V3,Base,11.03,DAI,120627075,2.87,8.73
2024-09-06,Yearn,Ethereum,3.49,USDC,144480588,47.74,0
2024-09-06,Yearn,Ethereum,2.94,USDT,159391512,44.59,0
2024-09-06,Yearn,Ethereum,3.87,DAI,140282018,41.7,0
2024-09-06,Yearn,Arbitrum,4.3,USDC,145552751,4.37,12.04
2024-09-06,Yearn,Arbitrum,3.53,DAI,143950787,3.49,11.21
2024-09-06,Yearn,Optimism,3.5,USDC,150107377,2.4,7.05
2024-09-06,Yearn,Optimism,3.85,USDT,144491138,3.36,8.95
2024-09-06,Yearn,Optimism,3.82,DAI,156549588,3.63,8.88
2024-09-06,Yearn,Polygon,4.31,USDC,152983331,1.1,5.9
2024-09-06,Yearn,Polygon,4.41,USDT,145380757,2.0,6.67
2024-09-06,Yearn,Polygon,4.16,DAI,147484689,1.22,7.69
2024-09-06,Yearn,Base,3.81,USDC,150551811,3.4,9.17
2024-09-06,Yearn,Base,3.55,USDT,146583652,3.03,13.12
2024-09-06,Yearn,Base,3.5,DAI,140768396,4.01,8.16
2024-09-06,Pendle,Ethereum,13.77,USDC,87050761,39.23,0
2024-09-06,Pendle,Ethereum,10.48,USDT,93604333,35.2,0
2024-09-06,Pendle,Ethereum,11.25,DAI,86588368,33.05,0
2024-09-06,Pendle,Arbitrum,13.44,USDC,97043435,3.11,8.99
2024-09-06,Pendle,Arbitrum,12.98,USDT,92670414,2.66,13.61
2024-09-06,Pendle,Optimism,12.61,USDC,87886808,3.3,8.77
2024-09-06,Pendle,Optimism,12.68,USDT,93959466,2.96,8.29
2024-09-06,Pendle,Optimism,10.63,DAI,94446270,2.65,10.99
2024-09-06,Pendle,Base,13.25,USDC,90464774,2.28,10.38
2024-09-06,Pendle,Base,13.95,USDT,91449894,3.5,8.28
2024-09-06,Pendle,Base,15.23,DAI,89413346,3.69,11.27
2024-09-06,Convex,Ethereum,5.22,USDC,182427383,57.58,0
2024-09-06,Convex,Ethereum,5.29,USDT,175223159,33.25,0
2024-09-06,Convex,Ethereum,3.77,DAI,185709210,29.8,0
2024-09-06,Balancer,Ethereum,5.09,USDC,138094817,54.25,0
2024-09-06,Balancer,Ethereum,7.38,USDT,126431452,40.86,0
2024-09-06,Balancer,Ethereum,5.9,DAI,138552786,43.45,0
2024-09-06,Balancer,Arbitrum,9.31,USDC,133865922,4.34,11.35
2024-09-06,Balancer,Arbitrum,8.64,USDT,137274742,2.97,10.3
2024-09-06,Balancer,Arbitrum,7.42,DAI,133970713,3.78,12.56
2024-09-06,Balancer,Optimism,7.11,USDC,133047240,3.26,6.18
2024-09-06,Balancer,Optimism,8.68,DAI,143615617,3.13,10.09
2024-09-06,Balancer,Polygon,9.2,USDC,123297146,1.75,5.47
2024-09-06,Balancer,Polygon,11.08,USDT,137997704,2.13,2.86
2024-09-06,Balancer,Polygon,7.69,DAI,134408310,1.57,9.26
2024-09-06,Balancer,Base,8.35,USDC,126604713,3.79,8.58
2024-09-06,Balancer,Base,12.52,USDT,138676569,3.13,12.16
2024-09-06,Balancer,Base,8.46,DAI,136758202,3.19,12.64
2024-09-07,Aave,Ethereum,2.44,USDT,298138795,35.59,0
2024-09-07,Aave,Ethereum,2.5,DAI,297290080,31.82,0
2024-09-07,Aave,Arbitrum,2.46,USDT,314328685,2.68,13.63
2024-09-07,Aave,Arbitrum,3.54,DAI,306813745,2.12,13.21
2024-09-07,Aave,Optimism,2.51,USDT,346677254,2.28,5.36
2024-09-07,Aave,Optimism,2.63,DAI,284767682,2.15,8.44
2024-09-07,Aave,Polygon,3.06,USDC,286388847,1.34,7.63
2024-09-07,Aave,Polygon,3.08,USDT,312505709,0.54,6.24
2024-09-07,Aave,Base,3.24,USDC,300726371,2.69,14.21
2024-09-07,Aave,Base,2.72,USDT,312512828,2.24,9.2
2024-09-07,Aave,Base,2.92,DAI,311101123,2.36,11.63
2024-09-07,Compound,Ethereum,2.08,USDC,204216176,36.89,0
2024-09-07,Compound,Ethereum,2.18,USDT,242599482,30.8,0
2024-09-07,Compound,Ethereum,2.08,DAI,219212560,35.76,0
2024-09-07,Compound,Arbitrum,2.62,USDC,220427216,2.74,11.37
2024-09-07,Compound,Arbitrum,2.63,USDT,222398155,2.6,11.96
2024-09-07,Compound,Arbitrum,2.75,DAI,212939702,2.52,10.34
2024-09-07,Compound,Optimism,2.74,USDT,231849439,1.29,8.56
2024-09-07,Compound,Optimism,2.67,DAI,236136835,1.97,10.65
2024-09-07,Compound,Polygon,2.84,USDC,217838700,0.84,5.32
2024-09-07,Compound,Polygon,2.98,DAI,222921106,0.95,7.1
2024-09-07,Compound,Base,2.69,USDC,218081774,2.53,12.77
2024-09-07,Compound,Base,2.54,USDT,224066087,2.26,9.92
2024-09-07,Compound,Base,2.67,DAI,226918518,2.75,9.36
2024-09-07,Curve,Ethereum,8.49,USDC,395666578,26.98,0
2024-09-07,Curve,Ethereum,6.89,USDT,393051945,24.36,0
2024-09-07,Curve,Ethereum,8.41,DAI,375150087,30.4,0
2024-09-07,Curve,Arbitrum,7.79,USDC,394533679,1.69,11.34
2024-09-07,Curve,Arbitrum,10.44,USDT,391479394,1.67,12.45
2024-09-07,Curve,Arbitrum,6.32,DAI,374175016,2.44,10.11
2024-09-07,Curve,Optimism,10.66,USDC,390388259,1.89,7.37
2024-09-07,Curve,Optimism,9.53,USDT,374439795,2.2,6.32
2024-09-07,Curve,Optimism,7.87,DAI,409476646,2.06,7.63
2024-09-07,Curve,Polygon,7.23,USDC,414134090,0.97,5.57
2024-09-07,Curve,Polygon,9.29,USDT,430587434,1.19,8.17
2024-09-07,Curve,Polygon,6.5,DAI,383281576,0.71,5.73
2024-09-07,Curve,Base,8.44,USDC,378531139,2.1,9.03
2024-09-07,Curve,Base,9.46,DAI,415940410,2.22,9.73
2024-09-07,Uniswap V3,Ethereum,7.31,USDC,120075893,26.31,0
2024-09-07,Uniswap V3,Ethereum,10.77,USDT,118074646,32.81,0
2024-09-07,Uniswap V3,Ethereum,8.55,DAI,116345464,26.15,0
2024-09-07,Uniswap V3,Arbitrum,9.96,USDC,108646717,1.49,7.8
2024-09-07,Uniswap V3,Arbitrum,11.7,USDT,115964844,2.82,12.51
2024-09-07,Uniswap V3,Arbitrum,9.59,DAI,119661307,1.73,13.51
2024-09-07,Uniswap V3,Optimism,10.43,USDC,120926549,1.95,9.78
2024-09-07,Uniswap V3,Optimism,6.01,USDT,118212691,1.48,9.65
2024-09-07,Uniswap V3,Optimism,8.74,DAI,121070740,1.41,11.21
2024-09-07,Uniswap V3,Polygon,11.54,USDC,120592022,1.04,8.73
2024-09-07,Uniswap V3,Polygon,11.38,USDT,123110215,0.97,6.72
2024-09-07,Uniswap V3,Polygon,12.86,DAI,114584665,1.05,8.93
2024-09-07,Uniswap V3,Base,9.69,USDC,109307317,2.11,12.42
2024-09-07,Uniswap V3,Base,9.08,USDT,120522757,2.25,10.99
2024-09-07,Uniswap V3,Base,8.05,DAI,109884140,2.38,11.19
2024-09-07,Yearn,Ethereum,2.97,USDC,158449545,24.76,0
2024-09-07,Yearn,Ethereum,3.45,USDT,150863209,22.21,0
2024-09-07,Yearn,Ethereum,2.98,DAI,146269448,28.89,0
2024-09-07,Yearn,Arbitrum,3.67,USDC,149437116,2.33,16.37
2024-09-07,Yearn,Arbitrum,3.72,USDT,141904138,2.96,16.34
2024-09-07,Yearn,Arbitrum,3.47,DAI,149977216,2.13,8.67
2024-09-07,Yearn,Optimism,4.01,USDC,150378970,1.99,9.35
2024-09-07,Yearn,Optimism,3.48,USDT,150574529,1.46,8.11
2024-09-07,Yearn,Optimism,3.44,DAI,154782803,2.08,8.15
2024-09-07,Yearn,Polygon,4.02,USDC,149398417,1.04,6.51
2024-09-07,Yearn,Polygon,3.84,USDT,147783995,0.79,6.34
2024-09-07,Yearn,Polygon,4.14,DAI,157212775,0.79,8.0
2024-09-07,Yearn,Base,3.27,USDC,154952199,2.22,7.82
2024-09-07,Yearn,Base,3.54,USDT,156207913,2.75,10.68
2024-09-07,Yearn,Base,3.75,DAI,144430413,1.56,6.35
2024-09-07,Pendle,Ethereum,9.03,USDC,97468591,29.39,0
2024-09-07,Pendle,Ethereum,9.51,DAI,90810566,29.13,0
2024-09-07,Pendle,Arbitrum,15.24,USDC,96300357,2.36,14.15
2024-09-07,Pendle,Arbitrum,15.17,USDT,95294887,2.96,10.13
2024-09-07,Pendle,Arbitrum,11.98,DAI,94295795,3.03,10.22
2024-09-07,Pendle,Optimism,12.5,USDC,95655005,2.4,11.59
2024-09-07,Pendle,Optimism,13.06,USDT,91790925,2.32,9.74
2024-09-07,Pendle,Base,10.28,USDC,89716048,2.21,12.82
2024-09-07,Pendle,Base,11.52,USDT,94985326,1.75,12.04
2024-09-07,Pendle,Base,11.45,DAI,94212619,2.15,11.78
2024-09-07,Convex,Ethereum,4.63,USDC,194667872,23.68,0
2024-09-07,Convex,Ethereum,4.46,USDT,176930111,19.85,0
2024-09-07,Convex,Ethereum,4.42,DAI,192454611,28.47,0
2024-09-07,Balancer,Ethereum,7.72,USDC,138718750,24.7,0
2024-09-07,Balancer,Ethereum,7.87,USDT,143395631,32.05,0
2024-09-07,Balancer,Ethereum,7.47,DAI,136723984,30.37,0
2024-09-07,Balancer,Arbitrum,10.21,USDC,137517939,2.72,12.11
2024-09-07,Balancer,Arbitrum,8.13,USDT,141333408,2.72,11.55
2024-09-07,Balancer,Arbitrum,8.94,DAI,133030328,2.13,10.79
2024-09-07,Balancer,Optimism,7.42,USDT,135173978,2.12,10.66
2024-09-07,Balancer,Optimism,7.88,DAI,131971998,1.79,5.16
2024-09-07,Balancer,Polygon,10.52,USDC,140360580,0.82,7.47
2024-09-07,Balancer,Polygon,10.38,USDT,140269460,1.06,7.94
2024-09-07,Balancer,Polygon,9.02,DAI,130556729,0.73,8.85
2024-09-07,Balancer,Base,9.91,USDC,133048947,2.34,8.69
2024-09-07,Balancer,Base,8.45,USDT,143596504,2.41,5.9
2024-09-07,Balancer,Base,8.89,DAI,139066742,2.21,8.28
2024-09-08,Aave,Ethereum,2.02,USDC,295225060,26.65,0
2024-09-08,Aave,Ethereum,2.46,USDT,296206249,22.76,0
2024-09-08,Aave,Ethereum,2.49,DAI,316129735,33.39,0
2024-09-08,Aave,Arbitrum,3.06,USDC,308172226,2.33,10.7
2024-09-08,Aave,Arbitrum,3.01,USDT,334453531,2.27,9.53
2024-09-08,Aave,Arbitrum,3.9,DAI,317723938,3.45,14.64
2024-09-08,Aave,Optimism,2.42,USDC,288662108,1.82,13.02
2024-09-08,Aave,Optimism,2.7,USDT,295989717,1.79,10.13
2024-09-08,Aave,Optimism,2.56,DAI,299306970,1.67,8.68
2024-09-08,Aave,Polygon,3.16,USDC,319404765,0.92,8.62
2024-09-08,Aave,Polygon,3.2,USDT,317508857,0.78,7.59
2024-09-08,Aave,Polygon,3.08,DAI,285109332,1.29,10.74
2024-09-08,Aave,Base,3.09,USDC,301584549,2.0,11.08
2024-09-08,Aave,Base,2.74,USDT,297522561,2.22,7.7
2024-09-08,Aave,Base,2.49,DAI,315150581,2.49,6.28
2024-09-08,Compound,Ethereum,2.39,USDC,220156076,22.82,0
2024-09-08,Compound,Ethereum,2.31,USDT,225656857,23.83,0
2024-09-08,Compound,Ethereum,2.21,DAI,218499403,38.84,0
2024-09-08,Compound,Arbitrum,3.01,USDC,214286654,2.31,13.21
2024-09-08,Compound,Arbitrum,2.96,DAI,224847078,2.02,9.34
2024-09-08,Compound,Optimism,2.59,USDC,204398116,2.68,13.93
2024-09-08,Compound,Optimism,2.53,USDT,229539843,1.67,7.45
2024-09-08,Compound,Polygon,2.88,USDC,200061362,0.94,10.33
2024-09-08,Compound,Polygon,2.56,DAI,215599032,1.42,9.27
2024-09-08,Compound,Base,2.47,USDT,222761806,2.83,9.95
2024-09-08,Compound,Base,2.8,DAI,230033284,2.67,11.15
2024-09-08,Curve,Ethereum,6.13,USDC,400810008,21.19,0
2024-09-08,Curve,Ethereum,5.74,USDT,421788893,26.36,0
2024-09-08,Curve,Ethereum,6.61,DAI,426441013,29.23,0
2024-09-08,Curve,Arbitrum,8.98,USDC,420382005,2.68,13.37
2024-09-08,Curve,Arbitrum,10.19,USDT,417251921,2.87,10.57
2024-09-08,Curve,Optimism,7.19,USDC,380584986,2.57,8.69
2024-09-08,Curve,Optimism,8.14,USDT,403684509,2.48,9.51
2024-09-08,Curve,Polygon,7.14,USDC,416870368,1.04,6.34
2024-09-08,Curve,Polygon,9.85,USDT,391264969,1.1,7.32
2024-09-08,Curve,Polygon,8.02,DAI,378870269,0.95,6.19
2024-09-08,Curve,Base,7.98,USDC,400255734,2.03,8.43
2024-09-08,Curve,Base,8.05,USDT,415993945,2.46,8.03
2024-09-08,Curve,Base,6.86,DAI,405981996,2.43,9.27
2024-09-08,Uniswap V3,Ethereum,8.07,USDC,122117439,28.75,0
2024-09-08,Uniswap V3,Ethereum,8.6,USDT,112884547,23.93,0
2024-09-08,Uniswap V3,Ethereum,9.74,DAI,119642622,23.51,0
2024-09-08,Uniswap V3,Arbitrum,8.65,USDC,120419421,3.14,8.95
2024-09-08,Uniswap V3,Arbitrum,10.49,USDT,119744451,2.5,12.6
2024-09-08,Uniswap V3,Arbitrum,9.53,DAI,119538633,1.37,10.09
2024-09-08,Uniswap V3,Optimism,9.65,USDC,116311130,2.58,9.15
2024-09-08,Uniswap V3,Optimism,9.64,USDT,120964072,2.12,9.26
2024-09-08,Uniswap V3,Optimism,6.81,DAI,124240166,1.29,8.83
2024-09-08,Uniswap V3,Polygon,8.21,USDC,116795214,0.73,8.66
2024-09-08,Uniswap V3,Polygon,10.82,USDT,109260395,0.93,5.82
2024-09-08,Uniswap V3,Polygon,10.26,DAI,113298059,1.04,6.82
2024-09-08,Uniswap V3,Base,7.59,USDT,113865939,2.13,11.43
2024-09-08,Uniswap V3,Base,9.88,DAI,118119052,2.0,9.93
2024-09-08,Yearn,Ethereum,3.42,USDC,143047892,20.81,0
2024-09-08,Yearn,Ethereum,2.93,USDT,157811870,24.39,0
2024-09-08,Yearn,Ethereum,3.1,DAI,149753676,26.24,0
2024-09-08,Yearn,Arbitrum,3.54,USDT,154160980,2.45,8.4
2024-09-08,Yearn,Arbitrum,3.9,DAI,145085874,2.21,13.53
2024-09-08,Yearn,Optimism,3.45,USDC,154736316,1.61,9.12
2024-09-08,Yearn,Optimism,3.42,USDT,143037818,1.83,8.58
2024-09-08,Yearn,Optimism,3.9,DAI,155181044,1.65,9.48
2024-09-08,Yearn,Polygon,4.62,USDC,147883986,0.93,10.97
2024-09-08,Yearn,Polygon,3.91,USDT,136641396,1.18,9.0
2024-09-08,Yearn,Polygon,4.26,DAI,147731214,0.62,6.27
2024-09-08,Yearn,Base,3.59,USDC,150929765,2.48,13.09
2024-09-08,Yearn,Base,3.74,USDT,138060232,2.14,8.57
2024-09-08,Yearn,Base,3.81,DAI,142690577,2.27,10.68
2024-09-08,Pendle,Ethereum,14.63,USDC,85910803,27.75,0
2024-09-08,Pendle,Ethereum,12.58,USDT,95560470,36.85,0
2024-09-08,Pendle,Ethereum,9.03,DAI,93572984,36.96,0
2024-09-08,Pendle,Arbitrum,8.87,USDT,93403138,1.94,9.63
2024-09-08,Pendle,Arbitrum,12.5,DAI,100270992,2.29,12.68
2024-09-08,Pendle,Optimism,13.61,USDC,91416705,2.41,6.25
2024-09-08,Pendle,Optimism,10.01,USDT,90995245,1.69,6.02
2024-09-08,Pendle,Optimism,12.22,DAI,91349793,1.4,8.62
2024-09-08,Pendle,Base,8.95,USDC,95195412,2.07,13.46
2024-09-08,Pendle,Base,10.04,USDT,95942316,2.37,12.03
2024-09-08,Pendle,Base,9.87,DAI,96970071,2.86,8.66
2024-09-08,Convex,Ethereum,3.94,USDT,189589834,30.54,0
2024-09-08,Balancer,Ethereum,5.73,USDC,134517395,35.04,0
2024-09-08,Balancer,Ethereum,7.83,DAI,134053066,38.89,0
2024-09-08,Balancer,Arbitrum,9.71,USDC,141431541,2.42,13.57
2024-09-08,Balancer,Arbitrum,8.69,USDT,127904332,2.11,12.74
2024-09-08,Balancer,Arbitrum,10.05,DAI,131369086,2.38,14.48
2024-09-08,Balancer,Optimism,12.07,USDC,128802576,1.87,8.66
2024-09-08,Balancer,Optimism,10.2,DAI,133722104,2.48,12.7
2024-09-08,Balancer,Polygon,12.52,USDC,132267218,0.67,9.85
2024-09-08,Balancer,Polygon,10.82,USDT,136458926,0.93,6.75
2024-09-08,Balancer,Polygon,7.71,DAI,127361691,0.91,7.85
2024-09-08,Balancer,Base,8.76,USDT,131445929,2.38,11.88
2024-09-08,Balancer,Base,8.53,DAI,142773707,2.79,9.77
2024-09-09,Aave,Ethereum,2.56,USDC,316967060,44.48,0
2024-09-09,Aave,Ethereum,2.56,USDT,291157168,45.34,0
2024-09-09,Aave,Ethereum,2.43,DAI,290682722,43.11,0
2024-09-09,Aave,Arbitrum,2.67,USDC,309100599,2.87,16.07
2024-09-09,Aave,Arbitrum,3.12,USDT,276069539,3.7,11.02
2024-09-09,Aave,Arbitrum,3.06,DAI,292562901,3.55,6.89
2024-09-09,Aave,Optimism,2.5,USDC,300256239,3.17,8.57
2024-09-09,Aave,Optimism,3.21,USDT,290471656,3.17,9.83
2024-09-09,Aave,Polygon,2.9,USDC,302146733,1.59,6.17
2024-09-09,Aave,Polygon,3.38,USDT,297450843,1.09,8.22
2024-09-09,Aave,Polygon,2.88,DAI,310287677,1.31,9.38
2024-09-09,Aave,Base,2.82,USDC,281588416,3.24,13.84
2024-09-09,Aave,Base,2.95,USDT,310792493,3.5,10.71
2024-09-09,Aave,Base,2.95,DAI,326905314,3.3,11.99
2024-09-09,Compound,Ethereum,2.41,USDC,225250758,41.91,0
2024-09-09,Compound,Ethereum,2.25,USDT,234294678,45.63,0
2024-09-09,Compound,Ethereum,2.22,DAI,220753531,41.82,0
2024-09-09,Compound,Arbitrum,2.52,USDC,221671153,4.13,14.3
2024-09-09,Compound,Arbitrum,2.77,USDT,231308196,3.35,11.95
2024-09-09,Compound,Arbitrum,2.72,DAI,192093931,3.71,15.04
2024-09-09,Compound,Optimism,2.72,USDC,209588141,3.21,9.08
2024-09-09,Compound,Optimism,2.78,USDT,233116752,2.94,9.04
2024-09-09,Compound,Optimism,2.91,DAI,197226832,2.41,10.51
2024-09-09,Compound,Polygon,2.87,USDC,229598147,1.6,6.98
2024-09-09,Compound,Polygon,2.87,USDT,222290713,1.53,4.9
2024-09-09,Compound,Base,2.7,USDC,225887139,3.51,12.61
2024-09-09,Compound,Base,2.79,USDT,229920953,3.54,8.36
2024-09-09,Compound,Base,2.82,DAI,223477611,3.62,11.05
2024-09-09,Curve,Ethereum,5.06,USDC,407618487,52.05,0
2024-09-09,Curve,Ethereum,6.66,USDT,375091474,51.21,0
2024-09-09,Curve,Ethereum,4.92,DAI,400063859,32.87,0
2024-09-09,Curve,Arbitrum,9.36,USDC,398264295,2.49,12.27
2024-09-09,Curve,Arbitrum,10.78,USDT,406513766,4.21,13.11
2024-09-09,Curve,Arbitrum,9.24,DAI,387322748,4.86,11.56
2024-09-09,Curve,Optimism,8.99,USDT,408360717,2.84,9.58
2024-09-09,Curve,Optimism,10.05,DAI,397391357,2.69,9.0
2024-09-09,Curve,Polygon,9.28,USDC,397231994,1.3,8.89
2024-09-09,Curve,Polygon,9.6,USDT,383310997,1.73,8.06
2024-09-09,Curve,Polygon,9.23,DAI,383961755,1.26,6.47
2024-09-09,Curve,Base,8.68,USDC,387567244,3.28,10.14
2024-09-09,Curve,Base,9.55,USDT,395420518,3.63,10.99
2024-09-09,Curve,Base,6.2,DAI,405780810,3.49,11.34
2024-09-09,Uniswap V3,Ethereum,6.72,USDC,123657946,45.6,0
2024-09-09,Uniswap V3,Ethereum,10.16,USDT,117722847,47.2,0
2024-09-09,Uniswap V3,Ethereum,8.41,DAI,114757502,42.17,0
2024-09-09,Uniswap V3,Arbitrum,9.06,USDC,117903568,3.95,11.05
2024-09-09,Uniswap V3,Arbitrum,9.63,USDT,123298221,4.19,11.59
2024-09-09,Uniswap V3,Arbitrum,8.66,DAI,118640801,4.93,12.08
2024-09-09,Uniswap V3,Optimism,11.33,USDC,119042030,2.29,8.0
2024-09-09,Uniswap V3,Optimism,9.52,USDT,113673931,4.0,4.72
2024-09-09,Uniswap V3,Optimism,10.12,DAI,118113465,3.36,7.03
2024-09-09,Uniswap V3,Polygon,12.1,USDC,119106635,1.23,10.23
2024-09-09,Uniswap V3,Polygon,8.83,USDT,121411593,1.37,7.25
2024-09-09,Uniswap V3,Polygon,10.09,DAI,107761591,1.49,8.39
2024-09-09,Uniswap V3,Base,8.3,USDC,122145352,4.0,8.35
2024-09-09,Uniswap V3,Base,12.13,USDT,115198069,3.14,12.38
2024-09-09,Uniswap V3,Base,9.18,DAI,112946109,3.12,10.64
2024-09-09,Yearn,Ethereum,3.4,USDC,146569150,22.84,0
2024-09-09,Yearn,Ethereum,3.29,USDT,141034586,32.04,0
2024-09-09,Yearn,Ethereum,3.6,DAI,144251970,54.2,0
2024-09-09,Yearn,Arbitrum,4.33,USDC,151121827,3.95,15.82
2024-09-09,Yearn,Arbitrum,4.18,USDT,149605549,2.37,12.37
2024-09-09,Yearn,Arbitrum,3.67,DAI,152398444,2.18,9.43
2024-09-09,Yearn,Optimism,3.44,USDC,137880374,2.6,10.79
2024-09-09,Yearn,Optimism,3.92,USDT,136070195,3.57,9.43
2024-09-09,Yearn,Optimism,3.63,DAI,146388078,2.58,7.02
2024-09-09,Yearn,Polygon,4.07,USDC,149429465,1.61,8.65
2024-09-09,Yearn,Polygon,3.75,USDT,141753342,1.86,6.76
2024-09-09,Yearn,Polygon,4.63,DAI,154274342,1.38,8.73
2024-09-09,Yearn,Base,4.05,USDT,161480240,3.2,9.65
2024-09-09,Yearn,Base,3.68,DAI,150398709,2.52,9.29
2024-09-09,Pendle,Ethereum,7.73,USDC,86541538,60.33,0
2024-09-09,Pendle,Ethereum,12.09,USDT,89434466,45.08,0
2024-09-09,Pendle,Ethereum,11.62,DAI,91499091,35.06,0
2024-09-09,Pendle,Arbitrum,12.66,USDC,92657407,3.48,13.37
2024-09-09,Pendle,Arbitrum,11.06,DAI,89446058,3.98,12.71
2024-09-09,Pendle,Optimism,14.95,USDC,88641723,3.73,9.25
2024-09-09,Pendle,Optimism,10.18,USDT,95313541,3.25,6.68
2024-09-09,Pendle,Optimism,12.45,DAI,91241245,3.44,10.9
2024-09-09,Pendle,Base,13.18,USDT,86129650,3.13,10.74
2024-09-09,Pendle,Base,10.47,DAI,100489882,3.7,9.69
2024-09-09,Convex,Ethereum,5.23,USDC,177212703,25.29,0
2024-09-09,Convex,Ethereum,5.38,USDT,188154789,43.88,0
2024-09-09,Convex,Ethereum,3.93,DAI,174002392,39.34,0
2024-09-09,Balancer,Ethereum,6.25,USDC,127767394,44.22,0
2024-09-09,Balancer,Ethereum,7.24,USDT,133826895,44.84,0
2024-09-09,Balancer,Ethereum,7.66,DAI,136923238,36.93,0
2024-09-09,Balancer,Arbitrum,8.4,USDC,139677919,3.11,12.3
2024-09-09,Balancer,Arbitrum,8.66,DAI,133342190,4.18,11.76
2024-09-09,Balancer,Optimism,10.12,USDC,133245047,3.49,10.81
2024-09-09,Balancer,Optimism,7.98,USDT,131492869,4.02,8.06
2024-09-09,Balancer,Optimism,10.2,DAI,148443444,2.27,8.78
2024-09-09,Balancer,Polygon,10.77,USDC,133707531,1.74,7.65
2024-09-09,Balancer,Polygon,9.3,USDT,135931631,1.83,11.53
2024-09-09,Balancer,Polygon,10.26,DAI,133909316,2.1,6.12
2024-09-09,Balancer,Base,10.49,USDT,126499703,3.78,7.3
2024-09-09,Balancer,Base,8.04,DAI,144296432,3.39,10.99
2024-09-10,Aave,Ethereum,2.74,USDC,301296097,46.53,0
2024-09-10,Aave,Ethereum,2.45,USDT,287900886,35.44,0
2024-09-10,Aave,Ethereum,2.29,DAI,295473929,36.71,0
2024-09-10,Aave,Arbitrum,3.14,USDC,303053946,5.41,9.19
2024-09-10,Aave,Arbitrum,3.5,DAI,331161955,4.32,12.5
2024-09-10,Aave,Optimism,2.41,USDC,291921459,2.74,8.97
2024-09-10,Aave,Optimism,3.19,USDT,314282778,3.41,11.56
2024-09-10,Aave,Optimism,2.63,DAI,282626062,2.55,9.97
2024-09-10,Aave,Polygon,3.03,USDT,284593756,1.09,7.15
2024-09-10,Aave,Polygon,3.21,DAI,317689295,0.85,7.65
2024-09-10,Aave,Base,3.01,USDC,293664032,3.89,9.53
2024-09-10,Aave,Base,2.94,USDT,289651379,2.42,10.72
2024-09-10,Compound,Ethereum,2.39,USDC,201270172,37.14,0
2024-09-10,Compound,Ethereum,2.25,USDT,218570152,27.68,0
2024-09-10,Compound,Arbitrum,2.69,USDC,213537698,3.04,13.36
2024-09-10,Compound,Arbitrum,2.95,USDT,218214693,4.57,13.2
2024-09-10,Compound,Arbitrum,3.11,DAI,213018781,4.77,10.86
2024-09-10,Compound,Optimism,2.67,USDC,213525064,3.3,13.36
2024-09-10,Compound,Optimism,2.65,USDT,215900550,3.53,7.18
2024-09-10,Compound,Optimism,3.03,DAI,218054686,3.06,7.06
2024-09-10,Compound,Polygon,2.94,USDC,230013142,0.67,7.87
2024-09-10,Compound,Polygon,2.78,USDT,211961658,1.0,6.23
2024-09-10,Compound,Polygon,3.07,DAI,222604484,1.66,7.32
2024-09-10,Compound,Base,2.76,USDC,222443437,3.25,8.31
2024-09-10,Compound,Base,2.77,USDT,213692188,3.55,9.49
2024-09-10,Compound,Base,2.96,DAI,221807327,4.08,8.71
2024-09-10,Curve,Ethereum,7.12,USDC,402168435,36.07,0
2024-09-10,Curve,Ethereum,6.91,USDT,389052781,36.52,0
2024-09-10,Curve,Ethereum,7.05,DAI,423069577,44.36,0
2024-09-10,Curve,Arbitrum,10.17,USDC,408536956,3.95,15.41
2024-09-10,Curve,Arbitrum,7.99,DAI,391650239,3.19,11.43
2024-09-10,Curve,Optimism,8.04,USDC,392120041,3.47,8.33
2024-09-10,Curve,Optimism,9.09,USDT,405518724,4.37,9.01
2024-09-10,Curve,Optimism,9.49,DAI,409968363,3.95,7.7
2024-09-10,Curve,Polygon,8.86,USDC,367977852,1.71,6.9
2024-09-10,Curve,Polygon,8.77,USDT,375842985,1.31,6.85
2024-09-10,Curve,Base,9.88,USDC,389392259,2.95,8.03
2024-09-10,Curve,Base,9.99,USDT,378988812,3.55,9.58
2024-09-10,Curve,Base,7.13,DAI,396096569,3.82,11.02
2024-09-10,Uniswap V3,Ethereum,8.37,USDC,113449264,44.76,0
2024-09-10,Uniswap V3,Ethereum,9.8,DAI,105520272,36.93,0
2024-09-10,Uniswap V3,Arbitrum,10.47,USDC,119449782,5.19,10.16
2024-09-10,Uniswap V3,Arbitrum,8.86,USDT,112623863,4.17,10.27
2024-09-10,Uniswap V3,Arbitrum,10.63,DAI,124478210,4.16,13.72
2024-09-10,Uniswap V3,Optimism,11.28,USDC,115591213,2.97,8.68
2024-09-10,Uniswap V3,Optimism,8.04,USDT,119031946,2.87,11.84
2024-09-10,Uniswap V3,Optimism,8.29,DAI,119361022,3.29,11.36
2024-09-10,Uniswap V3,Polygon,12.12,USDC,117684593,1.77,7.33
2024-09-10,Uniswap V3,Polygon,9.55,USDT,120641830,1.26,8.68
2024-09-10,Uniswap V3,Polygon,11.06,DAI,108274800,1.79,6.35
2024-09-10,Uniswap V3,Base,8.77,USDC,111422806,3.71,11.57
2024-09-10,Uniswap V3,Base,10.46,USDT,111770619,3.56,12.55
2024-09-10,Uniswap V3,Base,9.01,DAI,117187763,3.77,15.63
2024-09-10,Yearn,Ethereum,2.69,USDC,158242215,41.42,0
2024-09-10,Yearn,Ethereum,3.48,USDT,145126150,46.58,0
2024-09-10,Yearn,Ethereum,3.15,DAI,147742146,37.53,0
2024-09-10,Yearn,Arbitrum,4.06,USDC,153570788,4.36,12.19
2024-09-10,Yearn,Arbitrum,4.46,USDT,143031087,2.88,12.36
2024-09-10,Yearn,Arbitrum,3.88,DAI,144536534,3.08,10.1
2024-09-10,Yearn,Optimism,3.62,USDT,149633558,3.86,5.55
2024-09-10,Yearn,Optimism,3.67,DAI,140069094,3.12,8.98
2024-09-10,Yearn,Polygon,4.42,USDC,136735194,1.14,8.17
2024-09-10,Yearn,Polygon,4.51,USDT,144513979,1.26,7.9
2024-09-10,Yearn,Polygon,4.52,DAI,147705374,1.66,6.77
2024-09-10,Yearn,Base,3.32,USDC,155320051,3.39,10.49
2024-09-10,Yearn,Base,3.97,USDT,143928692,3.52,9.11
2024-09-10,Yearn,Base,3.75,DAI,141469514,3.89,9.86
2024-09-10,Pendle,Ethereum,11.76,USDC,98699466,46.3,0
2024-09-10,Pendle,Ethereum,9.58,USDT,90970851,47.61,0
2024-09-10,Pendle,Ethereum,13.98,DAI,92083734,36.05,0
2024-09-10,Pendle,Arbitrum,12.56,USDT,91421138,4.52,14.22
2024-09-10,Pendle,Arbitrum,11.67,DAI,96713337,2.73,12.36
2024-09-10,Pendle,Optimism,14.11,USDC,94354455,2.98,9.63
2024-09-10,Pendle,Optimism,8.91,USDT,88477917,2.73,9.51
2024-09-10,Pendle,Optimism,12.84,DAI,87584170,2.65,7.88
2024-09-10,Pendle,Base,10.81,USDC,91787312,3.47,5.55
2024-09-10,Pendle,Base,10.3,DAI,91941591,3.36,10.97
2024-09-10,Convex,Ethereum,5.6,USDC,177868261,45.11,0
2024-09-10,Convex,Ethereum,4.48,DAI,185381274,47.81,0
2024-09-10,Balancer,Ethereum,8.94,USDC,132121080,39.95,0
2024-09-10,Balancer,Ethereum,8.16,DAI,128291831,42.82,0
2024-09-10,Balancer,Arbitrum,9.16,USDC,127606224,4.33,14.94
2024-09-10,Balancer,Arbitrum,8.31,USDT,131594219,4.25,13.08
2024-09-10,Balancer,Arbitrum,8.32,DAI,141486045,4.37,13.77
2024-09-10,Balancer,Optimism,8.82,USDC,118977526,2.12,11.56
2024-09-10,Balancer,Optimism,8.97,USDT,136400923,3.03,7.65
2024-09-10,Balancer,Optimism,8.96,DAI,127177546,3.14,12.32
2024-09-10,Balancer,Polygon,8.19,USDC,130191594,1.29,7.93
2024-09-10,Balancer,Polygon,8.71,USDT,145434241,0.66,7.42
2024-09-10,Balancer,Polygon,9.09,DAI,138229830,0.98,9.08
2024-09-10,Balancer,Base,9.57,USDC,141498550,3.28,9.55
2024-09-10,Balancer,Base,8.96,DAI,134074931,4.01,10.35
2024-09-11,Aave,Ethereum,2.42,USDC,294836420,56.7,0
2024-09-11,Aave,Ethereum,2.53,USDT,285757889,38.17,0
2024-09-11,Aave,Ethereum,2.38,DAI,313628339,49.32,0
2024-09-11,Aave,Arbitrum,3.41,USDC,299877487,4.33,11.19
2024-09-11,Aave,Arbitrum,3.32,USDT,283260443,3.07,12.08
2024-09-11,Aave,Optimism,2.83,USDC,292191009,3.16,7.94
2024-09-11,Aave,Optimism,3.0,USDT,321185511,2.43,7.9
2024-09-11,Aave,Optimism,3.11,DAI,314164035,3.68,8.36
2024-09-11,Aave,Polygon,3.23,USDC,291902416,1.96,7.09
2024-09-11,Aave,Polygon,3.87,USDT,321473318,0.75,8.21
2024-09-11,Aave,Base,3.13,USDC,278230710,3.02,11.54
2024-09-11,Aave,Base,3.29,USDT,299210528,2.51,8.35
2024-09-11,Aave,Base,2.93,DAI,299323476,3.37,5.34
2024-09-11,Compound,Ethereum,2.79,USDC,203939434,47.09,0
2024-09-11,Compound,Ethereum,2.72,USDT,222805182,47.1,0
2024-09-11,Compound,Ethereum,2.34,DAI,218213005,48.61,0
2024-09-11,Compound,Arbitrum,2.83,USDT,206330900,3.49,13.01
2024-09-11,Compound,Arbitrum,2.76,DAI,219713918,3.42,14.65
2024-09-11,Compound,Optimism,3.2,USDC,228346398,4.07,6.41
2024-09-11,Compound,Optimism,2.69,USDT,210105049,2.55,5.98
2024-09-11,Compound,Optimism,2.56,DAI,228897568,3.12,8.12
2024-09-11,Compound,Polygon,3.18,USDC,207840768,1.42,7.94
2024-09-11,Compound,Polygon,3.19,USDT,221466786,0.94,6.28
2024-09-11,Compound,Polygon,2.98,DAI,214272242,1.23,9.29
2024-09-11,Compound,Base,3.01,USDC,217255583,3.18,11.44
2024-09-11,Compound,Base,3.18,USDT,209518146,4.21,10.99
2024-09-11,Compound,Base,2.87,DAI,214686780,2.62,11.85
2024-09-11,Curve,Ethereum,5.35,USDC,379607315,33.28,0
2024-09-11,Curve,Ethereum,8.27,USDT,377447206,47.56,0
2024-09-11,Curve,Ethereum,8.42,DAI,411354883,43.05,0
2024-09-11,Curve,Arbitrum,7.64,USDC,383492099,4.81,11.57
2024-09-11,Curve,Arbitrum,8.83,DAI,354962430,3.22,10.79
2024-09-11,Curve,Optimism,8.61,USDC,371806675,2.99,9.3
2024-09-11,Curve,Optimism,9.24,USDT,404287485,3.17,8.33
2024-09-11,Curve,Optimism,5.74,DAI,384238397,2.55,8.26
2024-09-11,Curve,Polygon,9.71,USDC,396394580,1.53,7.76
2024-09-11,Curve,Polygon,10.21,USDT,381669663,1.51,6.95
2024-09-11,Curve,Polygon,8.75,DAI,390239506,1.42,9.61
2024-09-11,Curve,Base,10.2,USDT,418403938,3.46,10.81
2024-09-11,Curve,Base,7.62,DAI,364732159,3.28,8.62
2024-09-11,Uniswap V3,Ethereum,9.17,USDC,106550046,43.81,0
2024-09-11,Uniswap V3,Ethereum,7.87,USDT,106565118,46.3,0
2024-09-11,Uniswap V3,Ethereum,7.49,DAI,117310029,44.74,0
2024-09-11,Uniswap V3,Arbitrum,10.29,USDC,113388307,3.96,6.96
2024-09-11,Uniswap V3,Arbitrum,9.56,USDT,114275160,4.72,11.13
2024-09-11,Uniswap V3,Arbitrum,9.91,DAI,122025237,2.72,10.99
2024-09-11,Uniswap V3,Optimism,8.53,USDC,107781833,3.32,8.27
2024-09-11,Uniswap V3,Optimism,10.54,USDT,110314634,3.17,5.45
2024-09-11,Uniswap V3,Optimism,11.53,DAI,111189447,3.15,11.44
2024-09-11,Uniswap V3,Polygon,8.03,USDC,108842278,1.51,8.3
2024-09-11,Uniswap V3,Polygon,9.85,USDT,122243823,1.33,3.8
2024-09-11,Uniswap V3,Polygon,11.98,DAI,110771845,1.67,7.02
2024-09-11,Uniswap V3,Base,12.14,USDC,120188172,3.6,11.34
2024-09-11,Uniswap V3,Base,8.37,DAI,116300331,3.42,8.06
2024-09-11,Yearn,Ethereum,3.24,USDC,146134679,46.03,0
2024-09-11,Yearn,Ethereum,3.56,USDT,138924401,29.15,0
2024-09-11,Yearn,Ethereum,3.89,DAI,145490537,43.22,0
2024-09-11,Yearn,Arbitrum,3.93,USDC,131880252,2.95,13.12
2024-09-11,Yearn,Arbitrum,4.43,USDT,151889847,4.16,11.92
2024-09-11,Yearn,Arbitrum,4.2,DAI,140616499,4.31,13.71
2024-09-11,Yearn,Optimism,3.77,USDC,144043255,2.73,10.38
2024-09-11,Yearn,Optimism,3.6,USDT,136704648,2.99,8.09
2024-09-11,Yearn,Optimism,3.64,DAI,154387638,2.55,10.95
2024-09-11,Yearn,Polygon,4.4,USDC,132555407,1.01,8.9
2024-09-11,Yearn,Polygon,4.72,USDT,133945777,1.74,10.14
2024-09-11,Yearn,Polygon,4.69,DAI,155440507,1.81,7.05
2024-09-11,Yearn,Base,4.04,USDC,142641513,2.54,6.12
2024-09-11,Yearn,Base,4.01,USDT,146040502,3.47,13.78
2024-09-11,Yearn,Base,4.54,DAI,135518808,3.75,11.14
2024-09-11,Pendle,Ethereum,10.56,USDC,88804842,56.68,0
2024-09-11,Pendle,Ethereum,10.31,USDT,92337939,46.39,0
2024-09-11,Pendle,Ethereum,9.27,DAI,85775678,33.76,0
2024-09-11,Pendle,Arbitrum,15.43,USDC,91447777,3.64,13.05
2024-09-11,Pendle,Arbitrum,14.33,DAI,90082425,4.75,14.53
2024-09-11,Pendle,Optimism,12.39,USDT,92515480,3.41,8.11
2024-09-11,Pendle,Base,15.12,USDC,97547607,3.81,8.02
2024-09-11,Pendle,Base,9.61,USDT,88065426,4.38,7.16
2024-09-11,Pendle,Base,12.53,DAI,89028509,3.4,11.67
2024-09-11,Convex,Ethereum,4.5,USDC,189088375,30.03,0
2024-09-11,Convex,Ethereum,5.13,USDT,191714612,35.11,0
2024-09-11,Convex,Ethereum,3.87,DAI,171668167,35.65,0
2024-09-11,Balancer,Ethereum,7.05,USDT,128795538,39.38,0
2024-09-11,Balancer,Ethereum,6.08,DAI,142364031,47.76,0
2024-09-11,Balancer,Arbitrum,8.45,USDC,133275690,3.15,12.58
2024-09-11,Balancer,Arbitrum,8.15,USDT,127409101,3.32,8.85
2024-09-11,Balancer,Arbitrum,8.79,DAI,133861035,3.46,11.12
2024-09-11,Balancer,Optimism,9.54,DAI,120536757,4.03,8.73
2024-09-11,Balancer,Polygon,9.68,USDC,126615034,1.74,8.29
2024-09-11,Balancer,Polygon,8.43,USDT,134540254,1.33,6.67
2024-09-11,Balancer,Polygon,10.45,DAI,133996337,1.5,7.57
2024-09-11,Balancer,Base,10.69,USDT,127749587,4.24,11.98
2024-09-11,Balancer,Base,7.97,DAI,127159217,3.04,8.95
2024-09-12,Aave,Ethereum,2.4,USDC,324126163,38.64,0
2024-09-12,Aave,Ethereum,2.35,USDT,282825168,35.36,0
2024-09-12,Aave,Ethereum,2.45,DAI,311894780,42.56,0
2024-09-12,Aave,Arbitrum,2.62,USDT,305820748,4.26,12.76
2024-09-12,Aave,Arbitrum,2.62,DAI,303702561,2.89,15.06
2024-09-12,Aave,Optimism,3.07,USDC,283538505,3.89,6.05
2024-09-12,Aave,Optimism,2.93,USDT,282643153,2.13,9.02
2024-09-12,Aave,Optimism,2.42,DAI,305479710,3.23,8.15
2024-09-12,Aave,Polygon,3.15,USDC,299325812,1.25,9.47
2024-09-12,Aave,Polygon,3.41,USDT,313057718,1.86,8.02
2024-09-12,Aave,Polygon,3.77,DAI,287200971,1.43,6.68
2024-09-12,Aave,Base,3.25,USDC,303232795,3.42,9.94
2024-09-12,Aave,Base,2.88,USDT,303372086,3.9,10.81
2024-09-12,Aave,Base,3.27,DAI,287413449,3.34,10.31
2024-09-12,Compound,Ethereum,2.34,USDC,212245164,44.25,0
2024-09-12,Compound,Ethereum,2.46,DAI,197294228,44.18,0
2024-09-12,Compound,Arbitrum,2.92,USDC,218518201,4.7,9.48
2024-09-12,Compound,Arbitrum,2.75,USDT,202899962,2.71,15.47
2024-09-12,Compound,Arbitrum,2.87,DAI,202850124,3.6,12.82
2024-09-12,Compound,Optimism,2.77,USDC,221681041,2.72,9.09
2024-09-12,Compound,Optimism,2.81,USDT,221554016,4.69,9.3
2024-09-12,Compound,Optimism,2.74,DAI,201699089,2.66,8.92
2024-09-12,Compound,Polygon,2.9,USDT,223643122,1.59,5.17
2024-09-12,Compound,Polygon,3.31,DAI,232800946,1.22,6.25
2024-09-12,Compound,Base,2.98,USDC,214293670,3.29,9.47
2024-09-12,Compound,Base,2.54,USDT,202075211,2.97,13.44
2024-09-12,Compound,Base,2.86,DAI,209997831,2.95,10.67
2024-09-12,Curve,Ethereum,7.91,USDC,384116286,33.85,0
2024-09-12,Curve,Ethereum,5.9,USDT,373824861,45.96,0
2024-09-12,Curve,Ethereum,6.8,DAI,349808851,43.12,0
2024-09-12,Curve,Arbitrum,8.94,USDC,374454474,4.03,8.53
2024-09-12,Curve,Arbitrum,7.39,USDT,346347543,3.42,12.82
2024-09-12,Curve,Arbitrum,7.5,DAI,395783284,4.27,8.69
2024-09-12,Curve,Optimism,6.92,USDC,383602694,1.92,9.21
2024-09-12,Curve,Optimism,8.63,USDT,370869962,2.98,9.58
2024-09-12,Curve,Optimism,9.83,DAI,406085875,3.37,10.47
2024-09-12,Curve,Polygon,9.72,USDC,373251356,1.7,5.97
2024-09-12,Curve,Polygon,9.23,USDT,367464289,0.99,8.3
2024-09-12,Curve,Polygon,7.72,DAI,369299676,1.46,9.03
2024-09-12,Curve,Base,8.36,USDC,370910838,3.04,7.11
2024-09-12,Curve,Base,7.72,DAI,335150470,3.96,12.1
2024-09-12,Uniswap V3,Ethereum,7.57,USDC,109347838,41.01,0
2024-09-12,Uniswap V3,Ethereum,9.69,USDT,110645777,45.56,0
2024-09-12,Uniswap V3,Ethereum,9.84,DAI,112640950,43.37,0
2024-09-12,Uniswap V3,Arbitrum,11.09,USDC,109891455,3.34,12.58
2024-09-12,Uniswap V3,Arbitrum,7.0,USDT,110359296,4.51,11.82
2024-09-12,Uniswap V3,Arbitrum,8.57,DAI,119554223,5.08,11.36
2024-09-12,Uniswap V3,Optimism,9.68,USDC,104732567,2.81,8.29
2024-09-12,Uniswap V3,Optimism,8.74,USDT,108984599,2.57,5.68
2024-09-12,Uniswap V3,Optimism,8.28,DAI,107629625,3.01,12.03
2024-09-12,Uniswap V3,Polygon,9.68,USDC,112458685,1.42,6.96
2024-09-12,Uniswap V3,Polygon,10.1,USDT,121416327,1.79,7.14
2024-09-12,Uniswap V3,Polygon,10.95,DAI,103719597,0.89,11.07
2024-09-12,Uniswap V3,Base,11.19,USDC,112605456,3.33,10.67
2024-09-12,Uniswap V3,Base,8.77,DAI,102996660,3.29,8.94
2024-09-12,Yearn,Ethereum,3.59,USDC,142464850,51.22,0
2024-09-12,Yearn,Ethereum,3.27,USDT,146109103,50.33,0
2024-09-12,Yearn,Arbitrum,4.41,USDC,148845357,3.5,12.46
2024-09-12,Yearn,Arbitrum,3.74,DAI,141402846,4.18,8.84
2024-09-12,Yearn,Optimism,3.79,USDC,135079758,3.43,9.66
2024-09-12,Yearn,Optimism,3.94,USDT,146400862,2.88,9.15
2024-09-12,Yearn,Optimism,3.59,DAI,142637095,3.63,8.49
2024-09-12,Yearn,Polygon,4.22,USDC,144852541,1.02,12.16
2024-09-12,Yearn,Polygon,4.41,USDT,144251891,1.44,10.15
2024-09-12,Yearn,Polygon,4.51,DAI,144442014,2.02,9.94
2024-09-12,Yearn,Base,3.86,USDC,135695665,3.58,8.2
2024-09-12,Yearn,Base,3.57,DAI,133123097,3.13,10.22
2024-09-12,Pendle,Ethereum,10.68,USDC,90501181,25.44,0
2024-09-12,Pendle,Ethereum,6.93,DAI,87103274,40.76,0
2024-09-12,Pendle,Arbitrum,13.45,USDC,86932594,2.78,15.55
2024-09-12,Pendle,Arbitrum,11.18,USDT,89403799,4.42,14.06
2024-09-12,Pendle,Arbitrum,12.71,DAI,81148872,3.52,14.34
2024-09-12,Pendle,Optimism,10.85,USDC,90046427,2.4,10.85
2024-09-12,Pendle,Optimism,10.36,USDT,86577451,2.62,10.42
2024-09-12,Pendle,Base,17.56,USDC,86032953,3.09,10.47
2024-09-12,Pendle,Base,10.28,USDT,84552665,3.36,11.6
2024-09-12,Pendle,Base,14.45,DAI,91865412,3.18,7.62
2024-09-12,Convex,Ethereum,4.66,USDC,181691899,31.4,0
2024-09-12,Convex,Ethereum,4.58,USDT,179901930,30.11,0
2024-09-12,Convex,Ethereum,4.76,DAI,172489132,36.79,0
2024-09-12,Balancer,Ethereum,6.84,USDC,132018607,41.83,0
2024-09-12,Balancer,Ethereum,5.87,USDT,121022060,50.39,0
2024-09-12,Balancer,Ethereum,7.08,DAI,121879450,63.21,0
2024-09-12,Balancer,Arbitrum,10.74,USDC,129891778,1.16,13.21
2024-09-12,Balancer,Arbitrum,10.97,USDT,130958700,2.78,12.48
2024-09-12,Balancer,Arbitrum,8.01,DAI,128132035,4.33,15.31
2024-09-12,Balancer,Optimism,8.64,USDC,130092116,3.5,10.16
2024-09-12,Balancer,Optimism,7.84,USDT,133175522,2.62,9.36
2024-09-12,Balancer,Optimism,10.87,DAI,130028638,3.03,6.82
2024-09-12,Balancer,Polygon,9.04,USDC,140583581,1.12,8.32
2024-09-12,Balancer,Polygon,9.13,USDT,135954709,1.22,8.52
2024-09-12,Balancer,Polygon,10.16,DAI,131682121,1.12,8.18
2024-09-12,Balancer,Base,7.53,USDC,131904956,3.35,12.61
2024-09-12,Balancer,Base,8.4,USDT,132143150,3.15,7.85
2024-09-12,Balancer,Base,8.82,DAI,125090379,3.74,7.77
2024-09-13,Aave,Ethereum,2.17,USDC,309813642,48.75,0
2024-09-13,Aave,Ethereum,2.2,USDT,285593261,43.72,0
2024-09-13,Aave,Arbitrum,3.02,USDC,291356478,3.24,14.29
2024-09-13,Aave,Arbitrum,3.16,USDT,280896113,4.64,9.51
2024-09-13,Aave,Arbitrum,3.68,DAI,288475895,3.13,9.49
2024-09-13,Aave,Optimism,2.73,USDT,306764155,2.72,7.87
2024-09-13,Aave,Optimism,2.76,DAI,287178647,3.56,9.52
2024-09-13,Aave,Polygon,3.26,USDC,277521030,1.76,7.52
2024-09-13,Aave,Polygon,3.23,USDT,294998247,1.57,9.32
2024-09-13,Aave,Polygon,3.46,DAI,305450076,1.73,9.29
2024-09-13,Aave,Base,3.35,DAI,282254563,4.0,6.81
2024-09-13,Compound,Ethereum,2.45,USDC,213666780,39.6,0
2024-09-13,Compound,Ethereum,2.31,USDT,198608345,41.71,0
2024-09-13,Compound,Ethereum,2.05,DAI,222457111,42.31,0
2024-09-13,Compound,Arbitrum,2.84,USDC,212070230,4.66,9.16
2024-09-13,Compound,Arbitrum,2.74,USDT,203551143,3.65,15.42
2024-09-13,Compound,Arbitrum,2.68,DAI,196498627,4.61,13.74
2024-09-13,Compound,Optimism,2.86,USDC,213779749,4.2,5.17
2024-09-13,Compound,Optimism,2.5,USDT,201575166,2.85,7.92
2024-09-13,Compound,Optimism,2.36,DAI,202480425,2.81,6.26
2024-09-13,Compound,Polygon,3.07,USDC,203140836,1.91,5.7
2024-09-13,Compound,Polygon,3.3,USDT,209229484,1.19,6.7
2024-09-13,Compound,Polygon,3.22,DAI,216923247,1.69,8.38
2024-09-13,Compound,Base,2.91,USDC,201178586,3.8,13.33
2024-09-13,Compound,Base,2.8,USDT,222188766,2.93,11.7
2024-09-13,Compound,Base,2.51,DAI,208296889,3.45,5.11
2024-09-13,Curve,Ethereum,7.06,USDC,381683626,33.58,0
2024-09-13,Curve,Ethereum,8.72,USDT,394250434,39.38,0
2024-09-13,Curve,Ethereum,7.27,DAI,366600958,46.67,0
2024-09-13,Curve,Arbitrum,8.24,USDC,375391863,4.84,13.38
2024-09-13,Curve,Arbitrum,9.4,USDT,354783710,4.23,14.49
2024-09-13,Curve,Optimism,9.71,USDC,388755440,3.53,8.9
2024-09-13,Curve,Optimism,10.01,USDT,362090488,2.53,8.57
2024-09-13,Curve,Optimism,9.67,DAI,384638229,3.18,11.0
2024-09-13,Curve,Polygon,8.55,USDC,373174502,1.73,7.63
2024-09-13,Curve,Polygon,9.67,USDT,353033073,1.26,8.06
2024-09-13,Curve,Polygon,7.82,DAI,395607751,1.81,7.87
2024-09-13,Curve,Base,9.0,USDC,371890443,3.77,12.13
2024-09-13,Curve,Base,8.94,USDT,364113387,3.22,9.48
2024-09-13,Curve,Base,9.68,DAI,339619061,2.7,11.88
2024-09-13,Uniswap V3,Ethereum,10.84,USDT,116728580,40.62,0
2024-09-13,Uniswap V3,Ethereum,7.48,DAI,104908999,38.65,0
2024-09-13,Uniswap V3,Arbitrum,8.53,USDC,107090070,4.02,13.36
2024-09-13,Uniswap V3,Arbitrum,13.82,USDT,107127264,3.8,10.09
2024-09-13,Uniswap V3,Arbitrum,11.61,DAI,112510947,3.11,13.58
2024-09-13,Uniswap V3,Optimism,7.58,USDC,105037475,2.97,8.09
2024-09-13,Uniswap V3,Optimism,11.94,DAI,106493183,3.22,11.19
2024-09-13,Uniswap V3,Polygon,9.03,USDC,108065893,1.48,11.48
2024-09-13,Uniswap V3,Polygon,11.23,USDT,104502271,1.91,8.05
2024-09-13,Uniswap V3,Polygon,10.18,DAI,105049630,1.3,7.89
2024-09-13,Uniswap V3,Base,11.68,USDC,115489323,4.31,11.28
2024-09-13,Uniswap V3,Base,8.71,USDT,117912017,2.57,10.32
2024-09-13,Uniswap V3,Base,9.24,DAI,111852157,3.17,9.68
2024-09-13,Yearn,Ethereum,2.91,USDC,132218154,52.15,0
2024-09-13,Yearn,Ethereum,3.13,DAI,136392806,46.66,0
2024-09-13,Yearn,Arbitrum,3.74,USDT,141488203,3.61,12.8
2024-09-13,Yearn,Arbitrum,4.24,DAI,138679711,4.31,11.58
2024-09-13,Yearn,Optimism,3.77,USDT,139628247,3.99,10.39
2024-09-13,Yearn,Polygon,3.91,USDC,140293011,1.98,6.66
2024-09-13,Yearn,Polygon,4.04,USDT,139374884,1.43,6.85
2024-09-13,Yearn,Base,4.39,USDT,144059477,3.14,10.23
2024-09-13,Yearn,Base,3.68,DAI,135166926,3.32,9.52
2024-09-13,Pendle,Ethereum,10.41,USDC,88881427,36.16,0
2024-09-13,Pendle,Ethereum,7.51,USDT,78268040,47.34,0
2024-09-13,Pendle,Arbitrum,13.32,USDC,88703063,4.19,13.1
2024-09-13,Pendle,Arbitrum,10.65,USDT,91079547,3.52,11.65
2024-09-13,Pendle,Arbitrum,11.81,DAI,83783574,4.46,18.3
2024-09-13,Pendle,Optimism,8.8,USDC,80642947,3.87,8.72
2024-09-13,Pendle,Optimism,13.01,DAI,91024284,2.91,7.52
2024-09-13,Pendle,Base,12.03,USDC,89636771,3.69,10.24
2024-09-13,Pendle,Base,10.3,USDT,90841205,3.21,10.83
2024-09-13,Pendle,Base,14.1,DAI,83860658,3.35,8.84
2024-09-13,Convex,Ethereum,5.56,USDC,175792420,43.02,0
2024-09-13,Convex,Ethereum,5.54,USDT,171744491,30.55,0
2024-09-13,Convex,Ethereum,4.61,DAI,174852161,37.76,0
2024-09-13,Balancer,Ethereum,8.49,USDT,130657495,61.38,0
2024-09-13,Balancer,Ethereum,7.38,DAI,122772603,41.42,0
2024-09-13,Balancer,Arbitrum,9.1,USDT,129802392,3.41,7.89
2024-09-13,Balancer,Arbitrum,9.2,DAI,125280659,2.6,13.91
2024-09-13,Balancer,Optimism,9.42,USDC,139496838,2.43,10.92
2024-09-13,Balancer,Optimism,9.09,DAI,130556183,2.53,8.14
2024-09-13,Balancer,Polygon,8.6,USDC,121000597,1.6,8.01
2024-09-13,Balancer,Polygon,10.09,USDT,126886413,1.18,8.52
2024-09-13,Balancer,Polygon,8.85,DAI,135863793,1.29,8.29
2024-09-13,Balancer,Base,10.85,USDC,132266975,3.67,8.93
2024-09-13,Balancer,Base,6.92,USDT,133918588,3.15,14.03
2024-09-13,Balancer,Base,10.9,DAI,126749976,2.79,11.32
2024-09-14,Aave,Ethereum,2.18,USDC,285230347,20.75,0
2024-09-14,Aave,Ethereum,2.3,USDT,279710557,32.85,0
2024-09-14,Aave,Ethereum,2.47,DAI,281688451,22.11,0
2024-09-14,Aave,Arbitrum,2.95,USDC,267753343,2.58,12.06
2024-09-14,Aave,Arbitrum,3.11,USDT,288123537,3.28,10.26
2024-09-14,Aave,Arbitrum,2.55,DAI,272972381,2.97,15.82
2024-09-14,Aave,Optimism,2.68,USDC,310719574,1.89,6.09
2024-09-14,Aave,Optimism,2.76,USDT,289457146,2.2,8.37
2024-09-14,Aave,Optimism,2.78,DAI,292169639,1.77,11.12
2024-09-14,Aave,Polygon,2.8,USDC,289131836,1.13,8.48
2024-09-14,Aave,Polygon,3.25,USDT,297524611,0.69,9.6
2024-09-14,Aave,Polygon,3.05,DAI,309540721,0.65,10.23
2024-09-14,Aave,Base,2.31,USDT,291134866,2.55,9.6
2024-09-14,Aave,Base,2.92,DAI,261297372,2.23,10.64
2024-09-14,Compound,Ethereum,2.16,USDC,216292999,31.04,0
2024-09-14,Compound,Ethereum,2.49,DAI,204190765,34.05,0
2024-09-14,Compound,Arbitrum,2.71,USDC,198059391,1.96,8.56
2024-09-14,Compound,Arbitrum,2.82,USDT,211085319,2.32,9.53
2024-09-14,Compound,Arbitrum,2.9,DAI,205157665,3.17,8.1
2024-09-14,Compound,Optimism,2.85,USDC,195911017,1.72,5.83
2024-09-14,Compound,Optimism,2.81,USDT,209405526,2.09,9.69
2024-09-14,Compound,Optimism,2.89,DAI,210539230,2.12,7.5
2024-09-14,Compound,Polygon,2.93,USDC,213023954,0.81,7.78
2024-09-14,Compound,Polygon,2.69,USDT,197777301,1.0,7.26
2024-09-14,Compound,Polygon,3.16,DAI,213456597,0.8,4.42
2024-09-14,Compound,Base,2.73,USDC,203476644,2.81,9.33
2024-09-14,Compound,Base,2.97,USDT,213830449,2.3,12.87
2024-09-14,Compound,Base,2.72,DAI,211982752,1.79,10.56
2024-09-14,Curve,Ethereum,5.85,USDT,383570542,27.83,0
2024-09-14,Curve,Ethereum,6.53,DAI,360682475,23.32,0
2024-09-14,Curve,Arbitrum,9.38,USDC,362072312,2.59,14.76
2024-09-14,Curve,Arbitrum,8.87,USDT,371736386,2.62,12.16
2024-09-14,Curve,Arbitrum,8.52,DAI,383420464,2.4,11.4
2024-09-14,Curve,Optimism,5.99,USDC,376535388,1.26,10.27
2024-09-14,Curve,Optimism,9.72,DAI,358026752,2.23,7.15
2024-09-14,Curve,Polygon,8.61,USDC,385000658,0.72,10.59
2024-09-14,Curve,Polygon,10.55,USDT,371224944,1.06,8.59
2024-09-14,Curve,Polygon,9.81,DAI,345921332,0.76,7.99
2024-09-14,Curve,Base,7.63,USDC,360526132,2.47,9.32
2024-09-14,Curve,Base,8.62,USDT,346737497,2.47,10.26
2024-09-14,Curve,Base,6.62,DAI,358155869,2.84,14.25
2024-09-14,Uniswap V3,Ethereum,8.35,USDC,113662591,28.79,0
2024-09-14,Uniswap V3,Ethereum,8.13,USDT,102246490,30.63,0
2024-09-14,Uniswap V3,Ethereum,7.02,DAI,119419215,30.6,0
2024-09-14,Uniswap V3,Arbitrum,10.16,USDC,98594614,3.02,11.42
2024-09-14,Uniswap V3,Arbitrum,9.85,USDT,118852918,2.5,12.61
2024-09-14,Uniswap V3,Arbitrum,8.9,DAI,109323841,1.66,10.96
2024-09-14,Uniswap V3,Optimism,8.86,USDC,105027671,1.65,11.26
2024-09-14,Uniswap V3,Optimism,10.19,USDT,103792901,2.13,7.03
2024-09-14,Uniswap V3,Optimism,9.13,DAI,109053053,1.81,10.72
2024-09-14,Uniswap V3,Polygon,9.84,USDC,108467236,1.29,5.32
2024-09-14,Uniswap V3,Polygon,7.63,USDT,108191996,1.03,10.48
2024-09-14,Uniswap V3,Base,8.98,USDC,104167053,2.32,10.96
2024-09-14,Uniswap V3,Base,11.28,USDT,115725102,2.23,10.34
2024-09-14,Uniswap V3,Base,8.22,DAI,105132752,2.34,8.09
2024-09-14,Yearn,Ethereum,2.98,USDC,146705299,26.19,0
2024-09-14,Yearn,Ethereum,3.22,DAI,128607257,30.95,0
2024-09-14,Yearn,Arbitrum,3.94,USDC,132689548,2.6,13.49
2024-09-14,Yearn,Arbitrum,3.61,USDT,146852289,2.27,11.0
2024-09-14,Yearn,Arbitrum,3.68,DAI,133423528,2.53,14.88
2024-09-14,Yearn,Optimism,3.91,USDC,139324416,1.53,8.05
2024-09-14,Yearn,Optimism,3.62,USDT,132990643,2.33,11.32
2024-09-14,Yearn,Polygon,4.42,USDC,143573063,1.31,8.26
2024-09-14,Yearn,Polygon,4.12,USDT,140452464,0.79,6.69
2024-09-14,Yearn,Polygon,3.96,DAI,135372960,0.9,8.5
2024-09-14,Yearn,Base,3.47,USDC,123303585,2.11,13.69
2024-09-14,Yearn,Base,3.83,USDT,139862030,2.14,10.85
2024-09-14,Yearn,Base,3.37,DAI,138983818,2.46,12.4
2024-09-14,Pendle,Ethereum,9.32,USDT,79920564,33.3,0
2024-09-14,Pendle,Ethereum,8.43,DAI,84320308,44.99,0
2024-09-14,Pendle,Arbitrum,13.99,USDC,94392052,2.13,14.19
2024-09-14,Pendle,Arbitrum,13.14,USDT,73638609,2.98,13.49
2024-09-14,Pendle,Arbitrum,9.67,DAI,85976423,2.16,10.4
2024-09-14,Pendle,Optimism,15.67,USDC,83659123,2.02,10.39
2024-09-14,Pendle,Optimism,9.73,USDT,90958490,1.77,4.75
2024-09-14,Pendle,Optimism,9.4,DAI,80998082,1.89,10.64
2024-09-14,Pendle,Base,13.16,USDC,86041911,2.69,9.85
2024-09-14,Pendle,Base,12.65,USDT,81601729,2.37,9.18
2024-09-14,Convex,Ethereum,4.13,USDC,165017315,26.33,0
2024-09-14,Convex,Ethereum,4.64,USDT,163721846,28.27,0
2024-09-14,Convex,Ethereum,5.43,DAI,166270809,21.8,0
2024-09-14,Balancer,Ethereum,7.18,USDC,120973646,31.82,0
2024-09-14,Balancer,Ethereum,8.34,USDT,130811367,27.78,0
2024-09-14,Balancer,Ethereum,6.77,DAI,112846703,34.33,0
2024-09-14,Balancer,Arbitrum,9.55,USDC,122491302,2.24,13.29
2024-09-14,Balancer,Arbitrum,8.86,USDT,124464033,2.7,8.74
2024-09-14,Balancer,Arbitrum,10.4,DAI,122392046,2.33,11.47
2024-09-14,Balancer,Optimism,8.8,USDC,124618874,2.68,11.7
2024-09-14,Balancer,Optimism,7.71,USDT,114805859,2.39,10.08
2024-09-14,Balancer,Optimism,9.28,DAI,124982571,1.67,9.91
2024-09-14,Balancer,Polygon,7.72,USDC,125524804,1.09,8.79
2024-09-14,Balancer,Polygon,11.34,USDT,135118515,0.81,9.52
2024-09-14,Balancer,Polygon,10.38,DAI,112546436,1.31,8.3
2024-09-14,Balancer,Base,9.81,USDC,134561752,2.44,12.51
2024-09-14,Balancer,Base,9.69,USDT,121238137,2.55,12.7
2024-09-14,Balancer,Base,9.17,DAI,133057826,1.92,10.8
2024-09-15,Aave,Ethereum,2.65,USDT,290764502,28.86,0
2024-09-15,Aave,Ethereum,2.48,DAI,276564541,22.43,0
2024-09-15,Aave,Arbitrum,3.05,USDT,273797563,3.24,10.07
2024-09-15,Aave,Arbitrum,3.48,DAI,284075793,2.22,15.44
2024-09-15,Aave,Optimism,2.78,USDT,282388940,1.81,10.29
2024-09-15,Aave,Optimism,3.02,DAI,284849993,2.24,9.14
2024-09-15,Aave,Polygon,3.06,USDC,284174167,1.05,9.6
2024-09-15,Aave,Polygon,3.19,DAI,297740758,1.21,10.21
2024-09-15,Aave,Base,3.04,USDC,278910422,2.81,11.98
2024-09-15,Aave,Base,2.6,USDT,269211257,2.09,8.73
2024-09-15,Aave,Base,3.1,DAI,275008462,2.07,13.75
2024-09-15,Compound,Ethereum,2.28,USDC,198217943,32.53,0
2024-09-15,Compound,Ethereum,2.11,USDT,195580809,38.57,0
2024-09-15,Compound,Ethereum,2.18,DAI,199845567,14.36,0
2024-09-15,Compound,Arbitrum,2.68,USDC,207671000,2.79,9.99
2024-09-15,Compound,Arbitrum,2.62,USDT,198603380,3.22,7.19
2024-09-15,Compound,Arbitrum,2.66,DAI,205265808,1.37,10.29
2024-09-15,Compound,Optimism,2.97,USDC,188951590,1.71,9.34
2024-09-15,Compound,Optimism,2.57,USDT,191658078,1.7,9.31
2024-09-15,Compound,Optimism,2.73,DAI,206650897,1.62,8.34
2024-09-15,Compound,Polygon,2.74,USDC,185129075,0.88,7.93
2024-09-15,Compound,Polygon,2.74,USDT,200742518,0.9,8.22
2024-09-15,Compound,Polygon,3.0,DAI,214054147,1.42,7.11
2024-09-15,Compound,Base,2.61,USDC,200238636,1.78,8.55
2024-09-15,Compound,Base,2.88,USDT,204624000,2.51,7.8
2024-09-15,Compound,Base,2.56,DAI,179184027,2.24,8.57
2024-09-15,Curve,Ethereum,6.26,USDC,375095240,27.86,0
2024-09-15,Curve,Ethereum,9.18,USDT,365366848,30.52,0
2024-09-15,Curve,Ethereum,7.04,DAI,330525129,29.09,0
2024-09-15,Curve,Arbitrum,6.07,USDC,371271537,2.27,14.74
2024-09-15,Curve,Arbitrum,8.4,USDT,344340538,2.28,13.72
2024-09-15,Curve,Arbitrum,7.53,DAI,361775852,1.81,11.77
2024-09-15,Curve,Optimism,9.5,USDC,327335894,1.98,9.84
2024-09-15,Curve,Optimism,8.05,USDT,348623586,1.65,9.67
2024-09-15,Curve,Optimism,8.23,DAI,352537471,2.01,7.06
2024-09-15,Curve,Polygon,11.78,USDT,360568715,0.75,8.16
2024-09-15,Curve,Polygon,8.32,DAI,353371966,1.11,6.74
2024-09-15,Curve,Base,5.71,USDC,345862089,2.32,10.12
2024-09-15,Curve,Base,7.82,USDT,360523555,2.02,11.11
2024-09-15,Curve,Base,10.32,DAI,334370283,2.61,9.28
2024-09-15,Uniswap V3,Ethereum,6.71,USDC,108927867,22.31,0
2024-09-15,Uniswap V3,Ethereum,10.07,USDT,105779287,31.65,0
2024-09-15,Uniswap V3,Ethereum,6.77,DAI,115772142,25.4,0
2024-09-15,Uniswap V3,Arbitrum,11.47,USDC,109542953,1.86,7.81
2024-09-15,Uniswap V3,Arbitrum,13.22,USDT,112966234,3.17,10.73
2024-09-15,Uniswap V3,Arbitrum,10.58,DAI,111934646,2.71,10.36
2024-09-15,Uniswap V3,Optimism,8.08,USDC,115073950,1.54,8.27
2024-09-15,Uniswap V3,Optimism,10.34,USDT,110542161,2.34,9.73
2024-09-15,Uniswap V3,Optimism,9.78,DAI,100025645,1.99,12.66
2024-09-15,Uniswap V3,Polygon,15.17,USDT,98735292,0.94,7.33
2024-09-15,Uniswap V3,Polygon,10.0,DAI,111331909,0.86,4.6
2024-09-15,Uniswap V3,Base,9.56,USDC,112956587,2.28,7.42
2024-09-15,Uniswap V3,Base,8.56,USDT,114257813,2.46,12.22
2024-09-15,Uniswap V3,Base,9.19,DAI,101401546,2.15,8.32
2024-09-15,Yearn,Ethereum,3.27,USDC,138365767,25.98,0
2024-09-15,Yearn,Ethereum,3.01,USDT,131659645,27.66,0
2024-09-15,Yearn,Ethereum,3.26,DAI,136721196,32.59,0
2024-09-15,Yearn,Arbitrum,3.42,USDC,133077746,3.41,13.26
2024-09-15,Yearn,Arbitrum,4.24,DAI,135429635,3.07,12.65
2024-09-15,Yearn,Optimism,3.65,USDC,145495104,1.87,6.32
2024-09-15,Yearn,Optimism,3.73,USDT,141398576,1.99,8.45
2024-09-15,Yearn,Optimism,3.79,DAI,133182398,1.21,8.17
2024-09-15,Yearn,Polygon,4.1,USDC,123716250,0.9,8.45
2024-09-15,Yearn,Polygon,4.35,USDT,131142897,0.86,9.2
2024-09-15,Yearn,Polygon,4.32,DAI,136275365,1.01,9.01
2024-09-15,Yearn,Base,3.59,USDC,137237157,2.17,9.3
2024-09-15,Yearn,Base,4.35,USDT,125333329,1.8,9.62
2024-09-15,Yearn,Base,3.87,DAI,123105402,2.08,11.26
2024-09-15,Pendle,Ethereum,9.41,USDC,89864292,32.51,0
2024-09-15,Pendle,Ethereum,14.67,USDT,77594803,28.82,0
2024-09-15,Pendle,Ethereum,10.32,DAI,81416963,24.58,0
2024-09-15,Pendle,Arbitrum,14.43,USDC,88786823,2.06,11.52
2024-09-15,Pendle,Arbitrum,13.06,USDT,79319281,2.23,10.07
2024-09-15,Pendle,Optimism,12.3,USDC,82082086,1.85,8.71
2024-09-15,Pendle,Optimism,10.67,USDT,91447009,2.03,11.7
2024-09-15,Pendle,Optimism,13.94,DAI,81751039,1.65,11.12
2024-09-15,Pendle,Base,11.39,USDC,88292026,2.14,7.06
2024-09-15,Pendle,Base,10.33,USDT,86252718,2.16,9.32
2024-09-15,Pendle,Base,11.88,DAI,83470055,2.44,13.13
2024-09-15,Convex,Ethereum,4.94,USDC,174949809,36.88,0
2024-09-15,Convex,Ethereum,4.73,USDT,165687377,28.47,0
2024-09-15,Convex,Ethereum,4.62,DAI,180178216,26.55,0
2024-09-15,Balancer,Ethereum,8.5,USDC,133579731,29.92,0
2024-09-15,Balancer,Ethereum,7.13,USDT,123105131,21.6,0
2024-09-15,Balancer,Ethereum,8.3,DAI,124998938,26.15,0
2024-09-15,Balancer,Arbitrum,10.66,USDC,130843423,2.61,13.78
2024-09-15,Balancer,Arbitrum,7.72,USDT,127776567,2.61,11.79
2024-09-15,Balancer,Arbitrum,8.4,DAI,123653902,2.86,8.17
2024-09-15,Balancer,Optimism,8.56,USDC,125925799,2.13,9.74
2024-09-15,Balancer,Optimism,8.56,USDT,122866157,1.95,11.11
2024-09-15,Balancer,Optimism,10.51,DAI,121028119,1.23,8.75
2024-09-15,Balancer,Polygon,8.68,USDC,127267680,0.93,7.32
2024-09-15,Balancer,Polygon,8.45,USDT,119292462,1.13,7.46
2024-09-15,Balancer,Polygon,7.65,DAI,120488223,0.99,8.89
2024-09-15,Balancer,Base,10.62,USDC,116788833,2.11,8.96
2024-09-15,Balancer,Base,8.59,USDT,128350927,2.28,7.18
2024-09-15,Balancer,Base,8.42,DAI,116430853,1.77,9.13
2024-09-16,Aave,Ethereum,2.16,USDT,289251400,50.16,0
2024-09-16,Aave,Ethereum,2.38,DAI,270624299,41.32,0
2024-09-16,Aave,Arbitrum,3.29,USDC,274434965,4.29,15.34
2024-09-16,Aave,Arbitrum,3.0,USDT,258015233,3.77,11.78
2024-09-16,Aave,Optimism,3.08,USDC,289546327,3.21,10.35
2024-09-16,Aave,Optimism,2.92,USDT,285457224,2.9,9.24
2024-09-16,Aave,Optimism,3.08,DAI,298175204,2.9,9.67
2024-09-16,Aave,Polygon,3.26,USDC,274990944,1.14,7.87
2024-09-16,Aave,Base,3.33,USDC,283140590,3.87,9.08
2024-09-16,Aave,Base,2.98,USDT,269194065,3.48,12.58
2024-09-16,Aave,Base,2.89,DAI,291495976,2.72,12.1
2024-09-16,Compound,Ethereum,2.29,USDC,191666788,35.36,0
2024-09-16,Compound,Ethereum,2.38,USDT,208216402,40.74,0
2024-09-16,Compound,Ethereum,2.37,DAI,214607634,46.56,0
2024-09-16,Compound,Arbitrum,3.02,USDC,200550477,3.4,13.27
2024-09-16,Compound,Arbitrum,2.86,USDT,210041745,3.4,13.0
2024-09-16,Compound,Arbitrum,3.03,DAI,197658290,4.96,7.31
2024-09-16,Compound,Optimism,2.7,USDC,199115326,2.51,7.27
2024-09-16,Compound,Optimism,2.55,USDT,193150209,3.02,9.13
2024-09-16,Compound,Polygon,3.04,USDC,211817649,1.49,5.99
2024-09-16,Compound,Polygon,2.82,USDT,196830710,1.45,6.87
2024-09-16,Compound,Polygon,3.03,DAI,207629110,1.56,8.94
2024-09-16,Compound,Base,2.87,USDC,203919521,3.31,9.65
2024-09-16,Compound,Base,3.01,USDT,199095325,2.45,8.94
2024-09-16,Compound,Base,2.87,DAI,209499130,3.6,9.41
2024-09-16,Curve,Ethereum,5.91,USDC,352675520,28.99,0
2024-09-16,Curve,Ethereum,8.27,USDT,337443413,46.85,0
2024-09-16,Curve,Ethereum,8.1,DAI,371779761,41.35,0
2024-09-16,Curve,Arbitrum,6.82,USDC,348617923,4.17,12.01
2024-09-16,Curve,Arbitrum,7.43,USDT,333841565,3.12,15.17
2024-09-16,Curve,Arbitrum,9.62,DAI,327778695,3.49,18.0
2024-09-16,Curve,Optimism,10.64,USDC,344854816,2.93,8.7
2024-09-16,Curve,Optimism,7.65,USDT,352488610,2.9,10.4
2024-09-16,Curve,Optimism,5.89,DAI,366875167,2.54,11.79
2024-09-16,Curve,Polygon,7.37,USDC,325100418,1.31,10.43
2024-09-16,Curve,Polygon,9.88,USDT,339476671,1.16,7.27
2024-09-16,Curve,Base,8.35,USDC,371356226,3.22,11.22
2024-09-16,Curve,Base,7.85,USDT,399445607,3.1,13.54
2024-09-16,Curve,Base,10.25,DAI,362309101,2.63,6.41
2024-09-16,Uniswap V3,Ethereum,9.51,USDC,109124202,37.61,0
2024-09-16,Uniswap V3,Ethereum,6.48,USDT,103547341,28.47,0
2024-09-16,Uniswap V3,Ethereum,6.93,DAI,106899021,47.96,0
2024-09-16,Uniswap V3,Arbitrum,10.59,USDT,102460790,3.49,15.41
2024-09-16,Uniswap V3,Optimism,9.62,USDC,108102709,2.96,12.18
2024-09-16,Uniswap V3,Optimism,10.86,USDT,99977610,3.31,10.49
2024-09-16,Uniswap V3,Polygon,9.08,USDC,104522484,1.0,8.01
2024-09-16,Uniswap V3,Polygon,10.35,USDT,106946998,1.74,5.72
2024-09-16,Uniswap V3,Polygon,12.03,DAI,109378149,1.07,9.21
2024-09-16,Uniswap V3,Base,9.8,USDT,106524631,3.07,9.77
2024-09-16,Uniswap V3,Base,8.38,DAI,110877088,2.82,11.78
2024-09-16,Yearn,Ethereum,3.23,USDC,129282151,28.06,0
2024-09-16,Yearn,Ethereum,3.29,USDT,141569810,48.54,0
2024-09-16,Yearn,Ethereum,3.36,DAI,139010295,50.45,0
2024-09-16,Yearn,Arbitrum,4.14,USDC,131970364,3.79,13.18
2024-09-16,Yearn,Arbitrum,3.98,DAI,130365959,3.8,11.48
2024-09-16,Yearn,Optimism,4.04,USDC,137126261,2.92,3.68
2024-09-16,Yearn,Optimism,4.03,USDT,140490206,3.29,10.07
2024-09-16,Yearn,Optimism,3.83,DAI,134995317,2.64,8.79
2024-09-16,Yearn,Polygon,4.58,USDC,130458373,1.44,9.77
2024-09-16,Yearn,Polygon,4.4,USDT,141596690,0.54,9.82
2024-09-16,Yearn,Base,3.99,USDC,137600034,3.75,10.33
2024-09-16,Yearn,Base,3.99,USDT,119868205,2.92,11.83
2024-09-16,Yearn,Base,4.29,DAI,127750030,4.15,9.78
2024-09-16,Pendle,Ethereum,9.58,USDC,87742335,39.63,0
2024-09-16,Pendle,Ethereum,8.59,USDT,86919217,48.98,0
2024-09-16,Pendle,Ethereum,13.71,DAI,82118727,34.94,0
2024-09-16,Pendle,Arbitrum,14.15,USDC,82663164,3.26,8.61
2024-09-16,Pendle,Arbitrum,13.46,USDT,80482991,3.64,11.73
2024-09-16,Pendle,Arbitrum,13.83,DAI,82270584,2.42,11.6
2024-09-16,Pendle,Optimism,14.77,USDC,81238361,3.43,10.04
2024-09-16,Pendle,Optimism,12.94,USDT,84908631,2.71,10.53
2024-09-16,Pendle,Optimism,11.27,DAI,78753968,3.31,11.49
2024-09-16,Pendle,Base,10.5,USDC,90595543,3.43,10.15
2024-09-16,Pendle,Base,10.77,USDT,75648735,3.78,7.36
2024-09-16,Pendle,Base,14.58,DAI,85025336,3.23,10.98
2024-09-16,Convex,Ethereum,3.74,USDC,165329702,44.4,0
2024-09-16,Convex,Ethereum,4.62,USDT,172267469,36.1,0
2024-09-16,Convex,Ethereum,4.43,DAI,166969870,46.92,0
2024-09-16,Balancer,Ethereum,6.8,USDC,127002576,36.66,0
2024-09-16,Balancer,Ethereum,6.08,USDT,114670986,51.17,0
2024-09-16,Balancer,Arbitrum,9.71,USDC,118391708,3.77,13.65
2024-09-16,Balancer,Arbitrum,9.91,USDT,126326545,3.46,10.98
2024-09-16,Balancer,Arbitrum,9.83,DAI,127248863,3.07,10.41
2024-09-16,Balancer,Optimism,9.34,USDC,136125036,3.66,9.33
2024-09-16,Balancer,Optimism,9.27,DAI,116075086,2.41,8.29
2024-09-16,Balancer,Polygon,10.18,USDC,121417661,0.93,9.13
2024-09-16,Balancer,Polygon,10.32,USDT,113534301,1.34,6.6
2024-09-16,Balancer,Polygon,7.73,DAI,118228926,0.92,10.12
2024-09-16,Balancer,Base,10.33,USDC,120734593,3.45,7.34
2024-09-16,Balancer,Base,8.35,USDT,125091664,4.22,14.32
2024-09-16,Balancer,Base,7.9,DAI,118919051,3.86,9.33
2024-09-17,Aave,Ethereum,2.84,USDC,271094566,44.57,0
2024-09-17,Aave,Ethereum,2.74,USDT,259244348,39.97,0
2024-09-17,Aave,Ethereum,2.84,DAI,268813783,40.05,0
2024-09-17,Aave,Arbitrum,3.07,USDC,282785761,2.56,10.52
2024-09-17,Aave,Arbitrum,3.75,USDT,292032595,4.58,11.96
2024-09-17,Aave,Arbitrum,3.25,DAI,287498069,4.59,12.69
2024-09-17,Aave,Optimism,3.0,USDC,286739832,4.29,8.02
2024-09-17,Aave,Optimism,3.05,DAI,277916742,3.06,10.2
2024-09-17,Aave,Polygon,3.11,USDC,257358965,1.19,8.08
2024-09-17,Aave,Polygon,3.29,USDT,252557477,2.13,9.16
2024-09-17,Aave,Polygon,2.57,DAI,271410583,1.56,7.35
2024-09-17,Aave,Base,2.91,USDC,273274763,2.84,12.72
2024-09-17,Aave,Base,3.01,USDT,257008429,3.63,7.46
2024-09-17,Aave,Base,3.32,DAI,279576207,2.84,10.65
2024-09-17,Compound,Ethereum,2.25,USDC,217797357,48.82,0
2024-09-17,Compound,Ethereum,2.47,USDT,211636797,41.86,0
2024-09-17,Compound,Ethereum,2.35,DAI,198944329,50.36,0
2024-09-17,Compound,Arbitrum,3.2,USDC,199951416,2.77,13.69
2024-09-17,Compound,Arbitrum,2.58,USDT,194040367,4.41,7.07
2024-09-17,Compound,Arbitrum,3.35,DAI,198961550,2.03,10.48
2024-09-17,Compound,Optimism,2.59,USDC,193782561,3.18,8.45
2024-09-17,Compound,Optimism,2.85,USDT,198258736,2.95,9.51
2024-09-17,Compound,Optimism,2.91,DAI,201678288,2.48,6.7
2024-09-17,Compound,Polygon,3.14,USDC,203712984,1.65,5.77
2024-09-17,Compound,Polygon,2.96,USDT,193639171,1.14,9.31
2024-09-17,Compound,Polygon,2.88,DAI,200854920,1.64,7.73
2024-09-17,Compound,Base,3.18,USDC,203303031,3.39,7.8
2024-09-17,Compound,Base,2.82,USDT,203507150,2.64,12.76
2024-09-17,Curve,Ethereum,7.84,USDC,358922346,47.49,0
2024-09-17,Curve,Ethereum,6.88,USDT,346446691,29.75,0
2024-09-17,Curve,Ethereum,6.21,DAI,363046400,48.54,0
2024-09-17,Curve,Arbitrum,7.84,USDC,333188571,3.68,13.77
2024-09-17,Curve,Arbitrum,9.6,USDT,324668110,4.0,13.93
2024-09-17,Curve,Arbitrum,9.16,DAI,307985052,3.44,11.65
2024-09-17,Curve,Optimism,10.13,USDC,343052790,2.72,7.14
2024-09-17,Curve,Optimism,7.43,USDT,338629568,3.15,8.54
2024-09-17,Curve,Optimism,9.43,DAI,369192509,3.65,10.81
2024-09-17,Curve,Polygon,7.46,USDC,354298124,1.51,6.12
2024-09-17,Curve,Polygon,6.45,USDT,361541126,1.45,8.95
2024-09-17,Curve,Polygon,8.05,DAI,350518620,1.65,7.89
2024-09-17,Curve,Base,7.74,USDC,350267781,3.62,10.7
2024-09-17,Curve,Base,9.16,USDT,344931413,4.0,11.97
2024-09-17,Curve,Base,8.14,DAI,345040850,2.92,12.02
2024-09-17,Uniswap V3,Ethereum,8.16,USDC,102328145,39.71,0
2024-09-17,Uniswap V3,Ethereum,9.64,USDT,107925707,34.22,0
2024-09-17,Uniswap V3,Ethereum,11.7,DAI,112564750,39.77,0
2024-09-17,Uniswap V3,Arbitrum,9.69,USDC,103868850,3.7,8.56
2024-09-17,Uniswap V3,Arbitrum,12.16,DAI,102328627,3.71,15.81
2024-09-17,Uniswap V3,Optimism,8.64,USDC,89457090,3.01,7.38
2024-09-17,Uniswap V3,Optimism,10.37,USDT,112201476,2.79,8.25
2024-09-17,Uniswap V3,Optimism,9.13,DAI,104221338,2.44,5.42
2024-09-17,Uniswap V3,Polygon,14.74,USDC,102348529,1.42,9.55
2024-09-17,Uniswap V3,Polygon,12.14,USDT,103908686,1.9,8.8
2024-09-17,Uniswap V3,Polygon,10.35,DAI,101765314,1.55,8.24
2024-09-17,Uniswap V3,Base,10.45,USDC,104595199,4.17,9.88
2024-09-17,Uniswap V3,Base,9.81,USDT,111757960,3.49,11.25
2024-09-17,Uniswap V3,Base,9.16,DAI,107453011,2.66,10.43
2024-09-17,Yearn,Ethereum,3.45,USDC,125365215,48.19,0
2024-09-17,Yearn,Ethereum,3.07,USDT,136740414,35.66,0
2024-09-17,Yearn,Arbitrum,3.77,USDC,136880354,2.16,10.7
2024-09-17,Yearn,Arbitrum,4.54,USDT,130260489,4.58,8.8
2024-09-17,Yearn,Optimism,3.96,USDC,131633889,3.13,8.9
2024-09-17,Yearn,Optimism,4.2,USDT,135625459,3.04,10.39
2024-09-17,Yearn,Optimism,4.02,DAI,136607756,2.54,5.46
2024-09-17,Yearn,Polygon,4.42,USDC,135558782,1.02,6.6
2024-09-17,Yearn,Polygon,4.91,USDT,136055956,1.41,8.31
2024-09-17,Yearn,Polygon,3.84,DAI,131834753,1.23,6.72
2024-09-17,Yearn,Base,3.85,USDC,131980295,2.25,6.78
2024-09-17,Pendle,Ethereum,13.56,USDC,81662388,45.6,0
2024-09-17,Pendle,Ethereum,12.16,USDT,88388460,42.1,0
2024-09-17,Pendle,Ethereum,14.07,DAI,85966431,40.13,0
2024-09-17,Pendle,Arbitrum,13.56,USDC,85894093,2.57,8.11
2024-09-17,Pendle,Arbitrum,11.5,USDT,84627105,3.86,9.97
2024-09-17,Pendle,Arbitrum,12.76,DAI,82166165,3.59,8.46
2024-09-17,Pendle,Optimism,12.55,USDC,81527878,2.36,9.26
2024-09-17,Pendle,Optimism,12.43,USDT,79224503,2.73,10.85
2024-09-17,Pendle,Optimism,10.29,DAI,87187442,3.73,8.23
2024-09-17,Pendle,Base,11.47,USDC,80750843,2.98,8.34
2024-09-17,Pendle,Base,13.85,USDT,82400912,3.63,16.14
2024-09-17,Pendle,Base,11.74,DAI,92594939,3.61,10.7
2024-09-17,Convex,Ethereum,4.7,USDC,175082179,51.77,0
2024-09-17,Convex,Ethereum,4.51,USDT,161284946,46.48,0
2024-09-17,Convex,Ethereum,4.35,DAI,160716434,47.04,0
2024-09-17,Balancer,Ethereum,7.13,USDT,115708460,43.14,0
2024-09-17,Balancer,Ethereum,8.62,DAI,125785102,50.34,0
2024-09-17,Balancer,Arbitrum,11.08,USDC,121046962,2.56,16.68
2024-09-17,Balancer,Arbitrum,8.64,USDT,117511941,4.37,14.81
2024-09-17,Balancer,Arbitrum,9.81,DAI,114021557,4.89,12.32
2024-09-17,Balancer,Optimism,9.83,USDC,127529666,3.49,7.96
2024-09-17,Balancer,Optimism,10.62,USDT,121529257,2.92,8.38
2024-09-17,Balancer,Optimism,6.41,DAI,124491169,2.64,8.3
2024-09-17,Balancer,Polygon,9.6,USDC,125767039,1.67,8.05
2024-09-17,Balancer,Polygon,7.45,USDT,112487228,2.11,7.98
2024-09-17,Balancer,Polygon,8.19,DAI,123037184,1.54,7.32
2024-09-17,Balancer,Base,9.36,USDC,116768165,3.71,13.0
2024-09-17,Balancer,Base,7.75,USDT,121087722,3.06,8.77
2024-09-18,Aave,Ethereum,2.64,USDC,263924800,41.89,0
2024-09-18,Aave,Ethereum,2.6,USDT,282998387,32.72,0
2024-09-18,Aave,Ethereum,2.77,DAI,259110117,27.7,0
2024-09-18,Aave,Arbitrum,3.55,USDC,288819215,3.14,11.77
2024-09-18,Aave,Arbitrum,3.27,USDT,275066731,4.78,13.76
2024-09-18,Aave,Optimism,2.55,USDC,261484879,3.28,7.71
2024-09-18,Aave,Optimism,2.6,DAI,279350775,2.44,10.74
2024-09-18,Aave,Polygon,3.73,USDT,282131520,1.12,8.42
2024-09-18,Aave,Base,3.27,USDC,264261172,3.29,11.96
2024-09-18,Aave,Base,3.27,USDT,289763613,4.32,6.63
2024-09-18,Aave,Base,3.28,DAI,254279768,3.57,9.33
2024-09-18,Compound,Ethereum,2.65,USDC,186958438,48.93,0
2024-09-18,Compound,Ethereum,2.65,USDT,189995215,53.1,0
2024-09-18,Compound,Ethereum,2.5,DAI,195638752,50.44,0
2024-09-18,Compound,Arbitrum,3.03,USDC,211325832,4.28,11.8
2024-09-18,Compound,Arbitrum,2.84,USDT,189744795,4.49,12.35
2024-09-18,Compound,Arbitrum,2.69,DAI,196406916,4.25,14.3
2024-09-18,Compound,Optimism,2.95,USDC,185967756,2.52,6.61
2024-09-18,Compound,Optimism,3.05,USDT,180673174,3.5,9.81
2024-09-18,Compound,Polygon,3.12,USDC,195221954,1.58,6.92
2024-09-18,Compound,Polygon,3.33,USDT,199059412,1.79,6.88
2024-09-18,Compound,Polygon,2.72,DAI,209698795,1.8,8.88
2024-09-18,Compound,Base,3.08,USDC,192574795,3.17,11.15
2024-09-18,Compound,Base,3.05,USDT,195302247,3.73,6.08
2024-09-18,Compound,Base,3.01,DAI,195002255,3.24,12.15
2024-09-18,Curve,Ethereum,6.55,USDC,374707205,42.49,0
2024-09-18,Curve,Ethereum,7.29,USDT,350209843,48.7,0
2024-09-18,Curve,Ethereum,7.56,DAI,347363621,42.76,0
2024-09-18,Curve,Arbitrum,7.44,USDC,358972565,3.17,7.81
2024-09-18,Curve,Arbitrum,9.16,USDT,357156322,3.13,12.02
2024-09-18,Curve,Optimism,9.47,USDC,344863063,2.29,12.03
2024-09-18,Curve,Optimism,8.47,USDT,379665521,2.92,7.96
2024-09-18,Curve,Optimism,8.82,DAI,327838130,3.93,10.53
2024-09-18,Curve,Polygon,8.99,USDT,348961592,1.2,11.27
2024-09-18,Curve,Polygon,11.04,DAI,348636909,1.65,5.47
2024-09-18,Curve,Base,8.34,USDC,360470147,4.69,9.5
2024-09-18,Curve,Base,10.13,USDT,367005079,2.6,9.0
2024-09-18,Curve,Base,8.41,DAI,361551995,2.68,9.96
2024-09-18,Uniswap V3,Ethereum,8.51,USDC,106337267,46.58,0
2024-09-18,Uniswap V3,Ethereum,7.48,USDT,99857981,48.39,0
2024-09-18,Uniswap V3,Ethereum,9.53,DAI,101895227,48.58,0
2024-09-18,Uniswap V3,Arbitrum,12.44,USDT,102720677,3.95,10.09
2024-09-18,Uniswap V3,Arbitrum,9.34,DAI,109082665,3.84,14.28
2024-09-18,Uniswap V3,Optimism,12.11,USDC,108853811,3.33,10.05
2024-09-18,Uniswap V3,Optimism,8.39,USDT,104358926,2.88,9.85
2024-09-18,Uniswap V3,Optimism,11.66,DAI,95629197,2.86,8.09
2024-09-18,Uniswap V3,Polygon,10.96,USDC,107934398,1.59,5.25
2024-09-18,Uniswap V3,Polygon,10.37,USDT,101645195,1.57,6.47
2024-09-18,Uniswap V3,Polygon,8.66,DAI,102548641,1.56,6.73
2024-09-18,Uniswap V3,Base,10.63,USDC,106733239,4.17,5.96
2024-09-18,Uniswap V3,Base,10.52,USDT,107380829,3.7,13.73
2024-09-18,Uniswap V3,Base,11.59,DAI,103034907,3.29,10.65
2024-09-18,Yearn,Ethereum,3.67,USDC,130420902,44.99,0
2024-09-18,Yearn,Ethereum,3.11,USDT,134742682,42.38,0
2024-09-18,Yearn,Ethereum,3.69,DAI,131191190,50.83,0
2024-09-18,Yearn,Arbitrum,3.97,USDC,126842994,3.95,10.68
2024-09-18,Yearn,Arbitrum,3.91,DAI,125652460,4.09,11.47
2024-09-18,Yearn,Optimism,4.06,USDC,135125916,2.53,8.26
2024-09-18,Yearn,Optimism,4.15,DAI,138985371,3.15,9.12
2024-09-18,Yearn,Polygon,3.53,USDC,126408610,1.3,8.14
2024-09-18,Yearn,Base,4.0,USDC,125538573,3.82,12.42
2024-09-18,Yearn,Base,4.75,USDT,123518396,3.14,11.67
2024-09-18,Yearn,Base,4.15,DAI,134340802,2.38,7.09
2024-09-18,Pendle,Ethereum,8.72,USDC,80550066,44.61,0
2024-09-18,Pendle,Ethereum,11.21,USDT,83396549,59.25,0
2024-09-18,Pendle,Ethereum,14.58,DAI,77021740,46.0,0
2024-09-18,Pendle,Arbitrum,13.3,USDC,81040250,2.18,10.96
2024-09-18,Pendle,Arbitrum,14.86,USDT,80364346,3.53,14.5
2024-09-18,Pendle,Arbitrum,16.98,DAI,81849258,2.59,10.81
2024-09-18,Pendle,Optimism,13.49,USDC,81249073,4.0,7.33
2024-09-18,Pendle,Optimism,14.57,USDT,80925452,3.94,9.16
2024-09-18,Pendle,Optimism,10.68,DAI,81992970,2.65,10.29
2024-09-18,Pendle,Base,13.66,USDC,83862163,3.37,8.46
2024-09-18,Pendle,Base,14.11,USDT,84273568,4.22,8.99
2024-09-18,Pendle,Base,9.55,DAI,76657628,3.33,9.06
2024-09-18,Convex,Ethereum,4.69,USDC,165030588,31.84,0
2024-09-18,Convex,Ethereum,5.65,DAI,156114248,55.2,0
2024-09-18,Balancer,Ethereum,9.28,USDC,119135673,49.95,0
2024-09-18,Balancer,Ethereum,9.18,USDT,123223622,36.33,0
2024-09-18,Balancer,Ethereum,8.79,DAI,128079786,40.6,0
2024-09-18,Balancer,Arbitrum,9.1,USDC,121771532,3.84,9.87
2024-09-18,Balancer,Arbitrum,8.17,USDT,113162282,2.33,9.2
2024-09-18,Balancer,Arbitrum,8.72,DAI,115290205,3.9,12.15
2024-09-18,Balancer,Optimism,9.56,USDC,132510096,3.74,10.28
2024-09-18,Balancer,Optimism,9.15,USDT,120151954,2.93,10.46
2024-09-18,Balancer,Optimism,9.73,DAI,117134898,4.49,11.08
2024-09-18,Balancer,Polygon,11.42,USDC,124806070,1.84,8.17
2024-09-18,Balancer,Polygon,10.33,USDT,126855782,1.54,6.74
2024-09-18,Balancer,Polygon,10.72,DAI,121196766,1.4,8.95
2024-09-18,Balancer,Base,9.24,USDC,126894633,3.01,8.48
2024-09-18,Balancer,Base,8.65,USDT,120171148,2.68,9.49
2024-09-18,Balancer,Base,10.43,DAI,126090429,3.26,12.0
2024-09-19,Aave,Ethereum,2.44,USDC,292474578,25.17,0
2024-09-19,Aave,Ethereum,2.45,USDT,254643568,45.79,0
2024-09-19,Aave,Ethereum,2.76,DAI,257874552,44.97,0
2024-09-19,Aave,Arbitrum,3.4,USDC,268481414,3.02,9.28
2024-09-19,Aave,Arbitrum,3.27,USDT,284488265,3.63,9.9
2024-09-19,Aave,Arbitrum,3.21,DAI,263705686,4.84,15.15
2024-09-19,Aave,Optimism,2.8,USDC,266322139,3.56,8.97
2024-09-19,Aave,Optimism,3.08,USDT,255495864,3.28,6.55
2024-09-19,Aave,Optimism,2.78,DAI,279331851,3.26,7.42
2024-09-19,Aave,Polygon,3.22,USDC,271862438,1.79,8.42
2024-09-19,Aave,Polygon,3.27,USDT,266732282,1.64,6.79
2024-09-19,Aave,Polygon,3.51,DAI,280128992,1.69,10.1
2024-09-19,Aave,Base,3.15,USDC,271641783,2.48,12.76
2024-09-19,Aave,Base,3.24,USDT,255611328,2.87,7.94
2024-09-19,Aave,Base,3.06,DAI,281478931,3.65,11.3
2024-09-19,Compound,Ethereum,2.71,USDC,201470084,51.8,0
2024-09-19,Compound,Ethereum,2.56,USDT,196092678,39.7,0
2024-09-19,Compound,Ethereum,2.53,DAI,192390841,37.62,0
2024-09-19,Compound,Arbitrum,3.04,USDC,182012500,2.3,13.48
2024-09-19,Compound,Arbitrum,3.08,USDT,189304285,3.29,13.95
2024-09-19,Compound,Arbitrum,3.0,DAI,199537630,4.17,11.29
2024-09-19,Compound,Optimism,3.07,USDT,194980000,3.37,11.27
2024-09-19,Compound,Optimism,2.76,DAI,200956529,3.01,11.28
2024-09-19,Compound,Polygon,3.27,USDC,204107785,1.83,9.19
2024-09-19,Compound,Polygon,3.0,USDT,199272646,1.82,8.37
2024-09-19,Compound,Polygon,3.12,DAI,182063500,1.39,10.96
2024-09-19,Compound,Base,2.8,USDC,213579777,3.14,9.8
2024-09-19,Compound,Base,3.04,DAI,201630108,2.89,8.43
2024-09-19,Curve,Ethereum,6.57,USDC,336506660,33.99,0
2024-09-19,Curve,Ethereum,7.25,USDT,330516299,45.47,0
2024-09-19,Curve,Ethereum,5.96,DAI,353910564,42.49,0
2024-09-19,Curve,Arbitrum,7.88,USDC,326970381,4.01,10.43
2024-09-19,Curve,Arbitrum,9.91,USDT,367759125,3.83,11.66
2024-09-19,Curve,Arbitrum,9.44,DAI,358757501,4.46,9.1
2024-09-19,Curve,Optimism,7.32,USDC,335354740,2.4,9.47
2024-09-19,Curve,Optimism,6.84,USDT,335392351,2.27,10.77
2024-09-19,Curve,Optimism,7.25,DAI,350034591,3.67,7.65
2024-09-19,Curve,Polygon,9.54,USDC,341673607,1.17,8.1
2024-09-19,Curve,Polygon,9.38,USDT,334778430,2.07,9.86
2024-09-19,Curve,Polygon,11.33,DAI,345043170,1.39,9.52
2024-09-19,Curve,Base,7.46,USDT,368822220,3.16,9.41
2024-09-19,Curve,Base,10.69,DAI,339068326,3.33,9.46
2024-09-19,Uniswap V3,Ethereum,6.22,USDC,105563741,47.94,0
2024-09-19,Uniswap V3,Ethereum,7.93,DAI,94997782,21.23,0
2024-09-19,Uniswap V3,Arbitrum,12.01,USDC,104634720,4.24,11.64
2024-09-19,Uniswap V3,Arbitrum,9.06,USDT,97159245,4.22,10.66
2024-09-19,Uniswap V3,Arbitrum,6.6,DAI,100446857,2.69,8.11
2024-09-19,Uniswap V3,Optimism,8.12,USDC,95327993,2.51,8.49
2024-09-19,Uniswap V3,Optimism,10.01,USDT,101993828,2.62,11.92
2024-09-19,Uniswap V3,Optimism,11.53,DAI,95955030,3.93,6.42
2024-09-19,Uniswap V3,Polygon,10.33,USDC,102334405,1.39,7.7
2024-09-19,Uniswap V3,Polygon,8.86,USDT,102590309,1.72,11.58
2024-09-19,Uniswap V3,Polygon,8.34,DAI,97973944,1.68,6.81
2024-09-19,Uniswap V3,Base,9.43,USDT,104978202,3.1,10.08
2024-09-19,Uniswap V3,Base,10.02,DAI,113223620,3.25,9.51
2024-09-19,Yearn,Ethereum,3.33,USDC,119802808,37.47,0
2024-09-19,Yearn,Ethereum,3.27,USDT,127664739,46.99,0
2024-09-19,Yearn,Ethereum,3.2,DAI,120576176,50.03,0
2024-09-19,Yearn,Arbitrum,4.91,USDC,125964415,3.88,14.52
2024-09-19,Yearn,Arbitrum,4.56,USDT,117890288,2.52,12.68
2024-09-19,Yearn,Arbitrum,4.35,DAI,125901172,3.3,12.26
2024-09-19,Yearn,Optimism,3.72,USDC,127077216,3.63,12.01
2024-09-19,Yearn,Optimism,4.39,USDT,137669124,2.91,7.38
2024-09-19,Yearn,Optimism,4.09,DAI,137595079,2.99,5.99
2024-09-19,Yearn,Polygon,4.0,USDC,134845031,1.43,6.76
2024-09-19,Yearn,Polygon,4.21,USDT,124860672,1.66,8.72
2024-09-19,Yearn,Polygon,4.54,DAI,133566555,1.41,9.86
2024-09-19,Yearn,Base,3.92,USDC,130619070,3.64,5.82
2024-09-19,Yearn,Base,4.5,USDT,122597057,3.58,14.31
2024-09-19,Yearn,Base,4.04,DAI,130840178,3.56,11.7
2024-09-19,Pendle,Ethereum,9.61,USDC,85072600,48.14,0
2024-09-19,Pendle,Ethereum,11.58,USDT,82038380,39.14,0
2024-09-19,Pendle,Ethereum,11.41,DAI,79713151,44.24,0
2024-09-19,Pendle,Arbitrum,13.72,USDC,78641763,3.78,7.7
2024-09-19,Pendle,Arbitrum,13.23,USDT,83912158,3.38,10.57
2024-09-19,Pendle,Arbitrum,10.13,DAI,76316686,3.69,11.89
2024-09-19,Pendle,Optimism,9.73,USDC,80562175,2.56,12.3
2024-09-19,Pendle,Optimism,15.16,USDT,76861858,2.56,8.75
2024-09-19,Pendle,Base,14.87,USDC,82497479,3.48,10.24
2024-09-19,Pendle,Base,13.2,USDT,83929144,2.74,12.77
2024-09-19,Pendle,Base,12.36,DAI,83331858,3.64,6.67
2024-09-19,Convex,Ethereum,4.05,USDT,154114725,32.1,0
2024-09-19,Convex,Ethereum,5.19,DAI,149075780,43.14,0
2024-09-19,Balancer,Ethereum,7.52,USDC,117285274,29.68,0
2024-09-19,Balancer,Ethereum,8.97,USDT,114049967,41.21,0
2024-09-19,Balancer,Ethereum,5.56,DAI,113659942,38.21,0
2024-09-19,Balancer,Arbitrum,8.68,USDC,119536678,3.14,13.41
2024-09-19,Balancer,Arbitrum,9.48,USDT,115846832,3.78,11.39
2024-09-19,Balancer,Arbitrum,9.48,DAI,128184274,2.72,11.89
2024-09-19,Balancer,Optimism,8.67,USDC,124798383,3.58,12.28
2024-09-19,Balancer,Optimism,10.39,USDT,117338751,3.58,7.94
2024-09-19,Balancer,Optimism,9.17,DAI,127249663,3.05,11.78
2024-09-19,Balancer,Polygon,10.07,USDC,110496237,1.69,7.94
2024-09-19,Balancer,Polygon,9.7,USDT,125594547,1.81,10.13
2024-09-19,Balancer,Polygon,9.93,DAI,113247282,1.22,8.45
2024-09-19,Balancer,Base,9.29,USDC,117790883,2.92,4.51
2024-09-19,Balancer,Base,9.61,USDT,123579279,3.54,12.62
2024-09-19,Balancer,Base,9.86,DAI,108443120,3.1,13.32
2024-09-20,Aave,Ethereum,2.74,USDC,261035760,43.8,0
2024-09-20,Aave,Ethereum,2.66,USDT,260972578,47.06,0
2024-09-20,Aave,Ethereum,2.67,DAI,270707013,49.92,0
2024-09-20,Aave,Arbitrum,3.05,USDC,268731626,4.15,13.87
2024-09-20,Aave,Arbitrum,3.46,USDT,269809551,3.11,11.03
2024-09-20,Aave,Arbitrum,2.92,DAI,245086554,3.59,7.75
2024-09-20,Aave,Optimism,3.21,USDC,258164780,3.33,7.95
2024-09-20,Aave,Optimism,3.24,DAI,259848052,4.08,8.28
2024-09-20,Aave,Polygon,3.37,USDC,255323879,0.97,9.02
2024-09-20,Aave,Polygon,3.33,USDT,257262000,2.04,7.58
2024-09-20,Aave,Polygon,3.06,DAI,269018630,1.36,6.2
2024-09-20,Aave,Base,3.21,USDC,252973627,2.66,7.19
2024-09-20,Aave,Base,3.41,USDT,240247932,2.98,7.74
2024-09-20,Aave,Base,3.17,DAI,251357007,4.18,10.69
2024-09-20,Compound,Ethereum,2.57,USDC,187318840,40.95,0
2024-09-20,Compound,Ethereum,2.4,USDT,190908040,46.8,0
2024-09-20,Compound,Ethereum,2.4,DAI,184391368,35.53,0
2024-09-20,Compound,Arbitrum,3.04,USDC,194830412,3.08,17.14
2024-09-20,Compound,Arbitrum,2.8,USDT,199715614,3.64,13.8
2024-09-20,Compound,Arbitrum,2.78,DAI,206899759,2.38,12.79
2024-09-20,Compound,Optimism,2.71,USDC,172955847,3.03,9.74
2024-09-20,Compound,Optimism,2.94,USDT,177775994,2.53,9.26
2024-09-20,Compound,Optimism,2.96,DAI,203809060,3.32,9.02
2024-09-20,Compound,Polygon,2.71,USDC,204429065,1.52,8.79
2024-09-20,Compound,Polygon,3.42,USDT,192730433,1.58,5.23
2024-09-20,Compound,Polygon,3.28,DAI,194684982,1.25,6.89
2024-09-20,Compound,Base,2.89,USDC,182990403,3.5,12.52
2024-09-20,Compound,Base,3.01,USDT,195319103,2.98,10.55
2024-09-20,Compound,Base,2.96,DAI,196380132,3.29,12.34
2024-09-20,Curve,Ethereum,7.63,USDC,338409063,57.71,0
2024-09-20,Curve,Ethereum,6.45,USDT,302693233,50.81,0
2024-09-20,Curve,Ethereum,6.32,DAI,340700818,47.75,0
2024-09-20,Curve,Arbitrum,11.64,USDC,335247346,4.25,13.16
2024-09-20,Curve,Arbitrum,7.4,USDT,348571280,2.79,11.71
2024-09-20,Curve,Arbitrum,8.91,DAI,335880210,3.99,9.81
2024-09-20,Curve,Optimism,6.93,USDC,318537420,3.11,10.77
2024-09-20,Curve,Optimism,9.28,USDT,302078366,2.94,10.03
2024-09-20,Curve,Optimism,8.86,DAI,307839751,2.76,8.52
2024-09-20,Curve,Polygon,8.2,USDT,353515691,1.31,8.53
2024-09-20,Curve,Polygon,9.84,DAI,330740567,2.06,7.54
2024-09-20,Curve,Base,10.31,USDC,344176848,3.43,11.0
2024-09-20,Curve,Base,9.61,USDT,345792596,3.85,10.5
2024-09-20,Curve,Base,7.82,DAI,316060967,2.93,9.23
2024-09-20,Uniswap V3,Ethereum,7.83,USDC,103043617,47.98,0
2024-09-20,Uniswap V3,Ethereum,9.04,USDT,96607181,41.83,0
2024-09-20,Uniswap V3,Ethereum,8.66,DAI,97318664,35.86,0
2024-09-20,Uniswap V3,Arbitrum,12.92,USDC,97736818,5.1,15.59
2024-09-20,Uniswap V3,Arbitrum,11.72,USDT,89679163,4.11,8.14
2024-09-20,Uniswap V3,Arbitrum,10.64,DAI,101732805,3.51,10.45
2024-09-20,Uniswap V3,Optimism,9.11,USDC,101986922,2.84,7.48
2024-09-20,Uniswap V3,Optimism,9.23,USDT,103303340,3.02,7.18
2024-09-20,Uniswap V3,Optimism,10.55,DAI,103099589,2.3,10.6
2024-09-20,Uniswap V3,Polygon,9.13,USDC,102452765,1.44,6.35
2024-09-20,Uniswap V3,Polygon,9.54,USDT,106944202,1.63,8.53
2024-09-20,Uniswap V3,Polygon,10.67,DAI,99377503,1.56,7.22
2024-09-20,Uniswap V3,Base,11.66,USDT,102649512,3.71,11.58
2024-09-20,Yearn,Ethereum,3.59,USDC,128470540,44.71,0
2024-09-20,Yearn,Ethereum,3.32,USDT,126543226,32.22,0
2024-09-20,Yearn,Arbitrum,4.17,USDC,135417276,2.95,14.03
2024-09-20,Yearn,Arbitrum,3.97,USDT,142797066,5.24,10.23
2024-09-20,Yearn,Optimism,3.79,USDC,124881736,3.32,7.67
2024-09-20,Yearn,Optimism,4.01,USDT,120034205,2.41,9.41
2024-09-20,Yearn,Optimism,3.71,DAI,125443653,4.37,7.44
2024-09-20,Yearn,Polygon,4.75,USDC,124392692,1.81,6.94
2024-09-20,Yearn,Polygon,5.06,USDT,130087248,1.15,9.23
2024-09-20,Yearn,Polygon,4.12,DAI,116036182,1.6,9.2
2024-09-20,Yearn,Base,3.96,USDC,123575305,3.6,12.28
2024-09-20,Yearn,Base,4.38,USDT,118177403,3.55,10.56
2024-09-20,Yearn,Base,3.27,DAI,120497534,3.83,14.05
2024-09-20,Pendle,Ethereum,11.1,USDC,77895999,38.6,0
2024-09-20,Pendle,Ethereum,11.66,USDT,83498671,40.31,0
2024-09-20,Pendle,Ethereum,13.39,DAI,79578594,32.07,0
2024-09-20,Pendle,Arbitrum,15.85,USDC,85731428,4.82,13.73
2024-09-20,Pendle,Arbitrum,11.75,USDT,79618744,3.97,15.18
2024-09-20,Pendle,Optimism,13.33,USDT,89239174,2.63,7.64
2024-09-20,Pendle,Optimism,15.7,DAI,83854845,1.76,7.79
2024-09-20,Pendle,Base,12.73,USDC,86138128,3.28,10.3
2024-09-20,Pendle,Base,14.02,USDT,82502769,4.26,12.7
2024-09-20,Convex,Ethereum,5.64,USDC,161707680,38.65,0
2024-09-20,Convex,Ethereum,4.92,USDT,158486148,34.36,0
2024-09-20,Convex,Ethereum,4.96,DAI,150261268,43.27,0
2024-09-20,Balancer,Ethereum,7.87,USDC,111862353,34.59,0
2024-09-20,Balancer,Ethereum,9.2,USDT,110202741,34.8,0
2024-09-20,Balancer,Ethereum,7.71,DAI,116749930,48.7,0
2024-09-20,Balancer,Arbitrum,11.67,USDC,119419199,4.14,14.2
2024-09-20,Balancer,Arbitrum,9.4,DAI,110136315,3.02,15.61
2024-09-20,Balancer,Optimism,8.18,USDC,110397881,3.45,6.69
2024-09-20,Balancer,Optimism,9.1,USDT,112137720,3.18,11.38
2024-09-20,Balancer,Optimism,8.17,DAI,123455773,2.63,10.5
2024-09-20,Balancer,Polygon,8.94,USDT,117552764,1.59,6.21
2024-09-20,Balancer,Polygon,11.88,DAI,114445259,1.51,11.87
2024-09-20,Balancer,Base,9.63,USDC,129036844,3.08,12.58
2024-09-20,Balancer,Base,9.02,DAI,114651762,3.31,11.62
2024-09-21,Aave,Ethereum,2.63,USDC,248971988,33.46,0
2024-09-21,Aave,Ethereum,2.34,DAI,271580083,24.86,0
2024-09-21,Aave,Arbitrum,3.06,USDC,252906955,2.23,12.48
2024-09-21,Aave,Arbitrum,2.98,USDT,251489801,2.76,11.32
2024-09-21,Aave,Arbitrum,2.75,DAI,277685673,2.82,15.03
2024-09-21,Aave,Optimism,2.49,USDC,264635620,1.86,10.35
2024-09-21,Aave,Optimism,2.66,USDT,264521332,2.2,7.66
2024-09-21,Aave,Optimism,3.27,DAI,265051186,2.34,9.26
2024-09-21,Aave,Polygon,3.28,USDC,281584060,0.99,6.86
2024-09-21,Aave,Polygon,3.25,USDT,284548609,1.1,6.13
2024-09-21,Aave,Polygon,3.64,DAI,265773323,0.92,6.48
2024-09-21,Aave,Base,3.06,USDC,264873110,2.67,9.44
2024-09-21,Aave,Base,3.23,USDT,266415607,2.6,10.97
2024-09-21,Aave,Base,3.35,DAI,274791587,2.49,10.26
2024-09-21,Compound,Ethereum,2.27,USDC,208016527,34.68,0
2024-09-21,Compound,Ethereum,2.48,USDT,180164722,26.16,0
2024-09-21,Compound,Ethereum,2.56,DAI,199468537,39.04,0
2024-09-21,Compound,Arbitrum,3.01,USDC,199080861,2.89,13.73
2024-09-21,Compound,Arbitrum,3.05,USDT,184236133,2.86,15.47
2024-09-21,Compound,Arbitrum,2.91,DAI,211477145,3.29,11.02
2024-09-21,Compound,Optimism,2.87,USDC,188391699,2.35,7.75
2024-09-21,Compound,Optimism,2.62,USDT,199201254,2.58,7.49
2024-09-21,Compound,Optimism,2.63,DAI,180647879,1.63,7.34
2024-09-21,Compound,Polygon,2.98,USDC,192588984,0.93,7.58
2024-09-21,Compound,Polygon,2.87,USDT,179384630,0.67,8.75
2024-09-21,Compound,Base,2.9,USDC,192679717,1.85,7.46
2024-09-21,Compound,Base,2.87,USDT,181700821,1.33,10.63
2024-09-21,Compound,Base,2.58,DAI,202933161,1.92,9.91
2024-09-21,Curve,Ethereum,7.03,USDC,342530457,34.72,0
2024-09-21,Curve,Ethereum,6.51,USDT,330528911,30.88,0
2024-09-21,Curve,Ethereum,7.76,DAI,357517763,25.15,0
2024-09-21,Curve,Arbitrum,9.35,USDC,349684631,1.84,11.27
2024-09-21,Curve,Arbitrum,9.06,USDT,355675643,2.16,11.32
2024-09-21,Curve,Arbitrum,7.97,DAI,347700410,2.19,18.61
2024-09-21,Curve,Optimism,10.72,USDC,350678618,1.89,11.67
2024-09-21,Curve,Optimism,7.77,USDT,325309697,1.67,6.66
2024-09-21,Curve,Optimism,7.42,DAI,351996696,2.06,9.82
2024-09-21,Curve,Polygon,10.86,USDC,354910767,0.97,8.96
2024-09-21,Curve,Polygon,11.92,USDT,315150934,1.25,8.92
2024-09-21,Curve,Polygon,8.65,DAI,330622635,1.0,8.79
2024-09-21,Curve,Base,8.22,USDC,352835435,2.68,11.22
2024-09-21,Curve,Base,7.28,USDT,312746526,2.28,8.49
2024-09-21,Uniswap V3,Ethereum,7.31,USDC,103609970,36.34,0
2024-09-21,Uniswap V3,Ethereum,7.5,USDT,101186585,25.39,0
2024-09-21,Uniswap V3,Ethereum,7.45,DAI,104672812,25.0,0
2024-09-21,Uniswap V3,Arbitrum,10.12,USDC,97878730,2.37,11.31
2024-09-21,Uniswap V3,Arbitrum,12.58,USDT,106923029,3.13,9.45
2024-09-21,Uniswap V3,Arbitrum,8.47,DAI,87859509,1.7,9.42
2024-09-21,Uniswap V3,Optimism,11.22,USDC,99489254,1.86,8.14
2024-09-21,Uniswap V3,Optimism,8.02,USDT,102497225,2.53,10.75
2024-09-21,Uniswap V3,Optimism,10.19,DAI,101248392,1.76,7.8
2024-09-21,Uniswap V3,Polygon,8.82,USDC,101029122,1.07,6.96
2024-09-21,Uniswap V3,Polygon,11.23,USDT,106633099,0.76,9.25
2024-09-21,Uniswap V3,Polygon,9.96,DAI,100112077,1.2,8.94
2024-09-21,Uniswap V3,Base,7.75,USDC,95254077,2.87,9.2
2024-09-21,Uniswap V3,Base,8.93,USDT,105350248,2.23,10.96
2024-09-21,Uniswap V3,Base,8.18,DAI,98885977,1.96,10.03
2024-09-21,Yearn,Ethereum,3.42,USDC,130493257,26.19,0
2024-09-21,Yearn,Ethereum,3.07,USDT,130558628,23.66,0
2024-09-21,Yearn,Ethereum,3.38,DAI,125347618,19.22,0
2024-09-21,Yearn,Arbitrum,4.15,USDC,121609919,2.56,11.03
2024-09-21,Yearn,Arbitrum,4.42,USDT,125695395,2.07,8.37
2024-09-21,Yearn,Arbitrum,4.45,DAI,117761214,2.68,7.53
2024-09-21,Yearn,Optimism,3.89,USDC,135770008,1.71,8.32
2024-09-21,Yearn,Optimism,4.45,USDT,119848457,2.05,8.13
2024-09-21,Yearn,Optimism,3.74,DAI,127131220,2.5,8.88
2024-09-21,Yearn,Polygon,4.31,USDC,123972486,0.9,8.37
2024-09-21,Yearn,Polygon,4.24,USDT,130614336,0.97,6.85
2024-09-21,Yearn,Polygon,4.33,DAI,131748342,0.94,6.69
2024-09-21,Yearn,Base,4.07,USDC,130711198,2.28,12.66
2024-09-21,Yearn,Base,4.03,USDT,125845658,2.01,12.18
2024-09-21,Yearn,Base,4.46,DAI,112056506,1.99,10.7
2024-09-21,Pendle,Ethereum,10.02,USDC,87839645,31.65,0
2024-09-21,Pendle,Ethereum,10.62,USDT,83100632,30.08,0
2024-09-21,Pendle,Ethereum,11.8,DAI,75144283,31.05,0
2024-09-21,Pendle,Arbitrum,15.33,USDC,81499850,2.04,12.1
2024-09-21,Pendle,Arbitrum,10.7,USDT,84285033,2.15,16.53
2024-09-21,Pendle,Optimism,12.85,USDC,77360575,1.66,7.37
2024-09-21,Pendle,Optimism,13.49,USDT,82293850,2.09,9.85
2024-09-21,Pendle,Optimism,12.94,DAI,83187463,1.61,7.91
2024-09-21,Pendle,Base,13.71,USDT,81483878,2.16,8.4
2024-09-21,Pendle,Base,11.68,DAI,75323009,2.51,9.83
2024-09-21,Convex,Ethereum,4.99,USDC,166528330,27.71,0
2024-09-21,Convex,Ethereum,5.92,USDT,143619611,29.21,0
2024-09-21,Convex,Ethereum,5.12,DAI,154114064,26.18,0
2024-09-21,Balancer,Ethereum,8.14,USDC,117850526,35.15,0
2024-09-21,Balancer,Ethereum,8.3,USDT,107274502,20.01,0
2024-09-21,Balancer,Arbitrum,9.58,USDC,113287457,2.88,14.93
2024-09-21,Balancer,Arbitrum,9.82,USDT,107549365,2.39,13.45
2024-09-21,Balancer,Arbitrum,8.47,DAI,120664165,2.73,13.74
2024-09-21,Balancer,Optimism,8.3,USDC,112171140,2.01,10.91
2024-09-21,Balancer,Optimism,9.18,USDT,125943644,1.17,5.03
2024-09-21,Balancer,Optimism,7.25,DAI,118490798,1.54,7.34
2024-09-21,Balancer,Polygon,12.88,USDC,116014747,1.41,6.6
2024-09-21,Balancer,Polygon,9.71,USDT,109053713,1.03,6.73
2024-09-21,Balancer,Polygon,9.54,DAI,126682274,1.04,5.55
2024-09-21,Balancer,Base,11.32,USDC,116188029,2.44,12.52
2024-09-21,Balancer,Base,10.06,USDT,117124891,2.33,10.61
2024-09-21,Balancer,Base,8.29,DAI,117599484,2.65,9.49
2024-09-22,Aave,Ethereum,2.57,USDC,272250823,32.7,0
2024-09-22,Aave,Ethereum,2.53,DAI,262059945,30.81,0
2024-09-22,Aave,Arbitrum,3.06,USDC,243306327,2.01,10.39
2024-09-22,Aave,Arbitrum,3.28,USDT,261585081,2.37,9.22
2024-09-22,Aave,Arbitrum,3.22,DAI,260058845,1.32,14.85
2024-09-22,Aave,Optimism,3.16,USDC,265221788,2.37,11.9
2024-09-22,Aave,Optimism,2.91,USDT,270463364,2.1,7.62
2024-09-22,Aave,Optimism,3.35,DAI,266162536,2.3,7.91
2024-09-22,Aave,Polygon,2.83,USDC,265196170,0.74,8.02
2024-09-22,Aave,Polygon,3.1,USDT,267648046,1.11,5.86
2024-09-22,Aave,Polygon,3.51,DAI,284439981,0.99,7.89
2024-09-22,Aave,Base,2.93,USDC,265887983,1.83,5.67
2024-09-22,Aave,Base,3.35,USDT,271101607,2.22,8.62
2024-09-22,Compound,Ethereum,2.61,USDC,201784922,20.67,0
2024-09-22,Compound,Ethereum,2.45,USDT,192998743,24.0,0
2024-09-22,Compound,Ethereum,2.69,DAI,195327374,23.06,0
2024-09-22,Compound,Arbitrum,2.81,USDC,191200574,2.12,8.94
2024-09-22,Compound,Arbitrum,3.51,USDT,214805454,2.84,13.78
2024-09-22,Compound,Arbitrum,2.89,DAI,198516231,1.95,11.62
2024-09-22,Compound,Optimism,2.66,USDC,209701391,1.76,8.78
2024-09-22,Compound,Optimism,2.67,USDT,191088330,2.08,10.74
2024-09-22,Compound,Optimism,2.55,DAI,189301633,1.52,8.45
2024-09-22,Compound,Polygon,3.03,USDC,206444471,0.75,9.11
2024-09-22,Compound,Polygon,2.66,USDT,200694668,0.5,7.01
2024-09-22,Compound,Polygon,3.19,DAI,206228065,0.85,8.52
2024-09-22,Compound,Base,2.76,USDC,198001432,2.29,6.68
2024-09-22,Compound,Base,2.96,DAI,179017379,2.11,8.05
2024-09-22,Curve,Ethereum,6.13,USDC,382812004,26.96,0
2024-09-22,Curve,Ethereum,6.51,USDT,376496296,32.55,0
2024-09-22,Curve,Ethereum,7.27,DAI,322005609,27.52,0
2024-09-22,Curve,Arbitrum,11.47,USDC,332749550,3.15,11.17
2024-09-22,Curve,Arbitrum,9.1,USDT,329422977,1.26,10.38
2024-09-22,Curve,Arbitrum,8.68,DAI,357905411,2.76,14.08
2024-09-22,Curve,Optimism,8.19,USDT,348859467,1.88,10.22
2024-09-22,Curve,Polygon,9.92,USDC,355194487,1.01,9.36
2024-09-22,Curve,Polygon,6.54,DAI,341514732,0.89,7.65
2024-09-22,Curve,Base,10.01,USDT,336682078,2.48,11.2
2024-09-22,Curve,Base,8.06,DAI,323552834,2.2,9.74
2024-09-22,Uniswap V3,Ethereum,7.15,USDC,97479795,23.81,0
2024-09-22,Uniswap V3,Ethereum,7.35,USDT,89516185,29.41,0
2024-09-22,Uniswap V3,Ethereum,7.44,DAI,95642778,21.66,0
2024-09-22,Uniswap V3,Arbitrum,9.66,USDC,96426429,2.86,13.32
2024-09-22,Uniswap V3,Arbitrum,11.27,USDT,93246501,2.87,7.95
2024-09-22,Uniswap V3,Arbitrum,9.45,DAI,101160201,2.13,9.94
2024-09-22,Uniswap V3,Optimism,7.85,USDC,96494986,2.55,9.91
2024-09-22,Uniswap V3,Optimism,10.96,USDT,99759474,1.63,6.6
2024-09-22,Uniswap V3,Optimism,8.63,DAI,100697435,1.85,10.87
2024-09-22,Uniswap V3,Polygon,7.73,USDC,103686676,0.63,9.76
2024-09-22,Uniswap V3,Polygon,12.44,USDT,103377427,0.88,7.95
2024-09-22,Uniswap V3,Polygon,9.35,DAI,102749151,0.88,7.8
2024-09-22,Uniswap V3,Base,9.31,USDC,105935258,1.57,11.52
2024-09-22,Uniswap V3,Base,9.7,USDT,94180311,2.04,8.84
2024-09-22,Uniswap V3,Base,9.14,DAI,103672780,2.26,10.17
2024-09-22,Yearn,Ethereum,3.04,USDC,136607023,26.35,0
2024-09-22,Yearn,Ethereum,3.23,USDT,129615254,25.76,0
2024-09-22,Yearn,Ethereum,3.64,DAI,121180028,27.68,0
2024-09-22,Yearn,Arbitrum,4.28,USDC,131599850,2.73,11.36
2024-09-22,Yearn,Arbitrum,4.02,USDT,120153907,1.43,12.6
2024-09-22,Yearn,Arbitrum,4.34,DAI,134051487,0.86,12.44
2024-09-22,Yearn,Optimism,3.97,USDC,124140572,2.43,10.37
2024-09-22,Yearn,Optimism,4.34,USDT,131312752,2.44,9.15
2024-09-22,Yearn,Optimism,3.69,DAI,124544222,2.29,9.44
2024-09-22,Yearn,Polygon,4.44,USDC,129835198,0.92,8.42
2024-09-22,Yearn,Polygon,4.24,USDT,122815934,1.36,7.55
2024-09-22,Yearn,Polygon,4.28,DAI,121999253,0.76,8.66
2024-09-22,Yearn,Base,4.28,USDC,123214854,2.53,8.36
2024-09-22,Yearn,Base,3.79,USDT,124932281,2.07,9.48
2024-09-22,Yearn,Base,4.28,DAI,132385147,2.45,5.93
2024-09-22,Pendle,Ethereum,10.94,USDC,78857321,24.34,0
2024-09-22,Pendle,Ethereum,8.89,DAI,84678674,32.36,0
2024-09-22,Pendle,Arbitrum,17.22,USDC,85872733,2.86,12.39
2024-09-22,Pendle,Arbitrum,13.27,USDT,74503854,1.6,13.95
2024-09-22,Pendle,Arbitrum,14.25,DAI,81063510,2.61,7.98
2024-09-22,Pendle,Optimism,12.73,USDC,81873683,2.68,11.45
2024-09-22,Pendle,Optimism,9.83,USDT,80796121,1.84,9.06
2024-09-22,Pendle,Optimism,12.67,DAI,76637163,2.29,12.21
2024-09-22,Pendle,Base,15.6,USDC,79567112,2.17,10.81
2024-09-22,Pendle,Base,12.25,USDT,75294816,1.98,12.6
2024-09-22,Pendle,Base,13.62,DAI,85118448,2.43,9.25
2024-09-22,Convex,Ethereum,5.44,USDC,135165339,27.79,0
2024-09-22,Convex,Ethereum,5.66,USDT,146925809,29.66,0
2024-09-22,Convex,Ethereum,4.17,DAI,144579151,31.84,0
2024-09-22,Balancer,Ethereum,7.11,USDC,126961916,25.03,0
2024-09-22,Balancer,Ethereum,10.06,USDT,116366624,28.74,0
2024-09-22,Balancer,Ethereum,7.9,DAI,113119064,21.21,0
2024-09-22,Balancer,Arbitrum,10.58,USDC,113217388,2.04,8.68
2024-09-22,Balancer,Arbitrum,7.16,USDT,110963902,3.22,9.65
2024-09-22,Balancer,Arbitrum,10.89,DAI,114344171,2.67,11.67
2024-09-22,Balancer,Optimism,8.91,USDC,116952353,1.85,9.69
2024-09-22,Balancer,Optimism,8.46,USDT,117074579,2.07,6.99
2024-09-22,Balancer,Optimism,7.99,DAI,127479961,2.4,9.07
2024-09-22,Balancer,Polygon,8.14,USDC,117038932,1.19,4.38
2024-09-22,Balancer,Polygon,11.7,USDT,109017642,0.81,8.04
2024-09-22,Balancer,Polygon,7.14,DAI,124014340,0.46,10.6
2024-09-22,Balancer,Base,8.78,USDC,117797102,2.11,7.68
2024-09-22,Balancer,Base,10.89,USDT,119723899,1.93,8.42
2024-09-22,Balancer,Base,10.56,DAI,124290369,2.52,13.12
2024-09-23,Aave,Ethereum,2.71,USDC,281527351,30.21,0
2024-09-23,Aave,Ethereum,2.32,USDT,270314378,43.08,0
2024-09-23,Aave,Ethereum,2.78,DAI,270188633,45.47,0
2024-09-23,Aave,Arbitrum,3.33,USDC,268099260,3.61,12.85
2024-09-23,Aave,Arbitrum,3.78,USDT,259827240,4.45,13.74
2024-09-23,Aave,Arbitrum,3.48,DAI,267582767,2.9,11.26
2024-09-23,Aave,Optimism,3.1,USDC,273233887,2.74,6.91
2024-09-23,Aave,Optimism,3.46,USDT,262695151,3.26,8.65
2024-09-23,Aave,Optimism,3.15,DAI,267573839,3.6,10.35
2024-09-23,Aave,Polygon,3.66,USDC,266223338,1.63,8.11
2024-09-23,Aave,Base,3.56,USDC,246601736,3.19,10.07
2024-09-23,Aave,Base,2.74,USDT,274441222,3.0,10.22
2024-09-23,Aave,Base,3.28,DAI,242039896,2.4,9.03
2024-09-23,Compound,Ethereum,2.7,USDC,182875616,34.59,0
2024-09-23,Compound,Ethereum,2.53,USDT,191888171,34.64,0
2024-09-23,Compound,Ethereum,2.39,DAI,172414306,44.66,0
2024-09-23,Compound,Arbitrum,3.08,USDC,198535220,3.05,13.59
2024-09-23,Compound,Arbitrum,3.15,USDT,199312779,4.02,11.09
2024-09-23,Compound,Arbitrum,2.81,DAI,182168658,3.62,16.25
2024-09-23,Compound,Optimism,2.87,USDC,198022729,3.41,8.86
2024-09-23,Compound,Optimism,2.95,USDT,193705900,1.46,10.11
2024-09-23,Compound,Optimism,2.86,DAI,194947559,2.57,5.96
2024-09-23,Compound,Polygon,3.29,USDC,186141093,1.03,9.09
2024-09-23,Compound,Polygon,3.73,USDT,196530731,1.28,9.21
2024-09-23,Compound,Polygon,3.43,DAI,193492872,1.38,6.86
2024-09-23,Compound,Base,2.92,USDT,169200983,3.94,10.66
2024-09-23,Compound,Base,3.17,DAI,207444762,3.06,9.97
2024-09-23,Curve,Ethereum,7.02,USDC,362414568,39.26,0
2024-09-23,Curve,Ethereum,6.78,USDT,324704190,42.87,0
2024-09-23,Curve,Ethereum,7.84,DAI,357656662,46.02,0
2024-09-23,Curve,Arbitrum,11.56,USDC,366856841,4.01,12.53
2024-09-23,Curve,Arbitrum,7.08,USDT,337203235,3.55,11.16
2024-09-23,Curve,Arbitrum,13.62,DAI,347309440,3.35,10.24
2024-09-23,Curve,Optimism,8.64,USDC,341988839,3.99,10.03
2024-09-23,Curve,Optimism,10.66,USDT,357820468,2.61,7.51
2024-09-23,Curve,Optimism,8.09,DAI,350514896,3.61,11.04
2024-09-23,Curve,Polygon,9.96,USDC,335188946,1.79,6.99
2024-09-23,Curve,Polygon,9.7,USDT,342973398,1.54,8.86
2024-09-23,Curve,Polygon,7.83,DAI,335152064,1.54,11.31
2024-09-23,Curve,Base,8.89,USDC,360312240,3.25,9.48
2024-09-23,Curve,Base,8.08,USDT,336036850,3.17,13.03
2024-09-23,Curve,Base,7.43,DAI,350356882,3.13,8.06
2024-09-23,Uniswap V3,Ethereum,9.34,USDT,101062882,41.79,0
2024-09-23,Uniswap V3,Ethereum,8.16,DAI,98700541,39.64,0
2024-09-23,Uniswap V3,Arbitrum,12.8,USDC,102058805,2.93,13.92
2024-09-23,Uniswap V3,Arbitrum,7.01,USDT,106489618,4.81,14.45
2024-09-23,Uniswap V3,Arbitrum,10.2,DAI,96838417,3.37,10.79
2024-09-23,Uniswap V3,Optimism,7.94,USDC,107074760,2.64,13.96
2024-09-23,Uniswap V3,Optimism,8.97,USDT,103012732,3.08,8.8
2024-09-23,Uniswap V3,Polygon,11.32,USDC,98366128,1.22,9.24
2024-09-23,Uniswap V3,Polygon,9.66,USDT,94872729,1.05,6.95
2024-09-23,Uniswap V3,Polygon,12.69,DAI,103622454,1.56,8.56
2024-09-23,Uniswap V3,Base,6.95,USDC,93811717,3.03,8.08
2024-09-23,Uniswap V3,Base,9.27,USDT,101526345,2.92,11.3
2024-09-23,Uniswap V3,Base,10.65,DAI,99615875,2.82,10.69
2024-09-23,Yearn,Ethereum,3.26,USDC,115428937,46.16,0
2024-09-23,Yearn,Ethereum,3.37,USDT,130218450,45.24,0
2024-09-23,Yearn,Ethereum,3.58,DAI,131623434,37.0,0
2024-09-23,Yearn,Arbitrum,4.44,USDC,135318466,3.2,10.62
2024-09-23,Yearn,Arbitrum,4.72,USDT,130357881,4.11,11.06
2024-09-23,Yearn,Optimism,3.91,USDC,128430544,3.04,11.91
2024-09-23,Yearn,Optimism,3.98,USDT,116672326,2.62,11.57
2024-09-23,Yearn,Optimism,3.49,DAI,130639395,3.04,8.38
2024-09-23,Yearn,Polygon,4.06,USDC,116885935,1.27,9.76
2024-09-23,Yearn,Polygon,4.27,USDT,138708397,1.77,7.08
2024-09-23,Yearn,Base,4.67,USDC,123367649,3.36,10.47
2024-09-23,Yearn,Base,4.76,DAI,134698137,3.32,9.37
2024-09-23,Pendle,Ethereum,12.83,USDC,75361257,37.56,0
2024-09-23,Pendle,Ethereum,12.8,USDT,83208139,33.5,0
2024-09-23,Pendle,Ethereum,11.07,DAI,79700129,39.17,0
2024-09-23,Pendle,Arbitrum,17.44,USDC,74412070,4.09,11.8
2024-09-23,Pendle,Arbitrum,11.76,USDT,73755640,4.97,9.12
2024-09-23,Pendle,Arbitrum,14.78,DAI,75946855,3.9,12.23
2024-09-23,Pendle,Optimism,13.62,USDC,74825772,3.14,7.13
2024-09-23,Pendle,Optimism,8.13,USDT,83650759,3.07,7.74
2024-09-23,Pendle,Optimism,14.41,DAI,84831159,2.57,8.98
2024-09-23,Pendle,Base,13.3,USDC,83129380,3.33,9.16
2024-09-23,Convex,Ethereum,5.29,USDC,160869840,41.32,0
2024-09-23,Convex,Ethereum,5.17,USDT,152532350,44.52,0
2024-09-23,Balancer,Ethereum,8.08,USDC,117036448,39.49,0
2024-09-23,Balancer,Ethereum,7.75,USDT,116032042,42.73,0
2024-09-23,Balancer,Ethereum,7.84,DAI,116343643,60.4,0
2024-09-23,Balancer,Arbitrum,10.0,USDC,113769164,4.35,7.28
2024-09-23,Balancer,Arbitrum,10.57,USDT,121617750,2.92,15.0
2024-09-23,Balancer,Arbitrum,8.07,DAI,116266270,2.11,12.93
2024-09-23,Balancer,Optimism,7.25,USDC,120324454,3.14,7.95
2024-09-23,Balancer,Optimism,8.82,USDT,129476757,2.82,6.72
2024-09-23,Balancer,Optimism,9.34,DAI,112462191,2.38,9.26
2024-09-23,Balancer,Polygon,10.24,USDC,123068180,1.36,6.24
2024-09-23,Balancer,Polygon,8.3,USDT,118549412,1.37,9.79
2024-09-23,Balancer,Polygon,10.93,DAI,124517798,1.63,8.89
2024-09-23,Balancer,Base,9.19,USDC,114682410,3.31,9.85
2024-09-23,Balancer,Base,9.78,USDT,114207869,2.51,8.19
2024-09-23,Balancer,Base,10.2,DAI,128203315,4.01,8.74
2024-09-24,Aave,Ethereum,2.49,USDC,271702387,43.08,0
2024-09-24,Aave,Ethereum,2.98,USDT,293709452,41.21,0
2024-09-24,Aave,Ethereum,2.66,DAI,265991681,36.61,0
2024-09-24,Aave,Arbitrum,3.39,USDC,267794267,3.37,11.83
2024-09-24,Aave,Arbitrum,3.28,USDT,274595287,4.28,9.59
2024-09-24,Aave,Arbitrum,3.48,DAI,266841821,4.09,10.53
2024-09-24,Aave,Optimism,3.1,USDC,279064203,3.06,11.14
2024-09-24,Aave,Optimism,3.38,USDT,266350771,2.15,9.85
2024-09-24,Aave,Polygon,3.33,USDC,281176799,1.66,10.12
2024-09-24,Aave,Polygon,3.89,USDT,270676238,0.83,7.81
2024-09-24,Aave,Polygon,3.86,DAI,273363837,1.55,8.94
2024-09-24,Aave,Base,3.4,USDC,255677541,3.84,7.87
2024-09-24,Aave,Base,3.68,USDT,278984666,3.31,8.96
2024-09-24,Compound,Ethereum,2.76,USDC,183604910,39.86,0
2024-09-24,Compound,Ethereum,2.58,USDT,187348911,36.08,0
2024-09-24,Compound,Ethereum,2.73,DAI,194306168,45.76,0
2024-09-24,Compound,Arbitrum,3.04,USDC,187740883,3.93,12.52
2024-09-24,Compound,Arbitrum,2.87,USDT,190320876,3.69,8.47
2024-09-24,Compound,Arbitrum,3.26,DAI,187214088,3.91,11.93
2024-09-24,Compound,Optimism,3.11,USDC,195500075,3.04,7.6
2024-09-24,Compound,Optimism,3.6,USDT,216126866,3.34,8.38
2024-09-24,Compound,Polygon,3.28,USDC,212641006,2.11,6.28
2024-09-24,Compound,Polygon,3.21,USDT,198103775,0.96,8.58
2024-09-24,Compound,Polygon,3.2,DAI,185075674,1.3,8.03
2024-09-24,Compound,Base,3.52,USDC,200416387,3.56,12.35
2024-09-24,Compound,Base,3.34,USDT,211908787,3.13,10.57
2024-09-24,Compound,Base,3.0,DAI,202855053,3.31,10.62
2024-09-24,Curve,Ethereum,7.09,USDC,354685988,49.38,0
2024-09-24,Curve,Ethereum,6.58,USDT,321218946,30.3,0
2024-09-24,Curve,Ethereum,8.9,DAI,351766030,46.44,0
2024-09-24,Curve,Arbitrum,9.07,USDC,370003235,2.48,12.07
2024-09-24,Curve,Arbitrum,8.45,USDT,332678190,4.27,11.45
2024-09-24,Curve,Arbitrum,11.59,DAI,343294327,4.06,10.1
2024-09-24,Curve,Optimism,8.01,USDC,376364721,3.09,10.15
2024-09-24,Curve,Optimism,11.56,USDT,366951424,2.34,8.86
2024-09-24,Curve,Optimism,8.07,DAI,365801619,2.33,9.74
2024-09-24,Curve,Polygon,9.95,USDT,331083724,1.44,9.57
2024-09-24,Curve,Polygon,9.68,DAI,341222926,1.0,10.72
2024-09-24,Curve,Base,9.88,USDC,353788822,3.13,7.35
2024-09-24,Curve,Base,7.68,USDT,342988017,3.48,14.13
2024-09-24,Curve,Base,10.42,DAI,356829575,4.2,13.85
2024-09-24,Uniswap V3,Ethereum,6.99,USDC,101913046,54.5,0
2024-09-24,Uniswap V3,Ethereum,8.35,USDT,105532843,40.29,0
2024-09-24,Uniswap V3,Ethereum,9.71,DAI,110746122,41.28,0
2024-09-24,Uniswap V3,Arbitrum,11.79,USDC,97074007,3.79,9.69
2024-09-24,Uniswap V3,Arbitrum,11.26,USDT,105725139,3.54,16.0
2024-09-24,Uniswap V3,Optimism,10.37,USDC,105717018,3.33,11.67
2024-09-24,Uniswap V3,Optimism,12.7,USDT,112933387,3.1,10.15
2024-09-24,Uniswap V3,Polygon,12.62,USDC,100943154,1.68,7.72
2024-09-24,Uniswap V3,Polygon,8.74,USDT,101568590,1.34,7.8
2024-09-24,Uniswap V3,Polygon,12.02,DAI,105118815,1.39,3.58
2024-09-24,Uniswap V3,Base,11.39,USDC,102014224,2.41,10.17
2024-09-24,Uniswap V3,Base,11.78,DAI,103321678,3.63,10.98
2024-09-24,Yearn,Ethereum,3.49,USDT,126758245,34.69,0
2024-09-24,Yearn,Ethereum,3.3,DAI,131973451,44.44,0
2024-09-24,Yearn,Arbitrum,3.91,USDC,133094126,3.65,9.6
2024-09-24,Yearn,Arbitrum,4.67,USDT,129987555,3.37,13.72
2024-09-24,Yearn,Arbitrum,3.96,DAI,128430091,4.57,13.56
2024-09-24,Yearn,Optimism,4.08,USDC,141971954,2.28,7.78
2024-09-24,Yearn,Optimism,4.12,USDT,130138807,2.15,9.13
2024-09-24,Yearn,Optimism,4.47,DAI,129796993,3.48,8.95
2024-09-24,Yearn,Polygon,4.14,USDC,128078523,0.87,8.13
2024-09-24,Yearn,Polygon,4.64,USDT,122469670,1.61,7.2
2024-09-24,Yearn,Polygon,4.92,DAI,122996411,1.93,7.89
2024-09-24,Yearn,Base,4.1,USDC,135749865,3.38,7.51
2024-09-24,Yearn,Base,4.19,USDT,130151223,3.69,11.11
2024-09-24,Yearn,Base,4.35,DAI,130332423,3.57,6.76
2024-09-24,Pendle,Ethereum,11.38,USDC,79837685,36.0,0
2024-09-24,Pendle,Ethereum,10.89,USDT,83316279,34.11,0
2024-09-24,Pendle,Ethereum,9.96,DAI,77210699,38.87,0
2024-09-24,Pendle,Arbitrum,12.06,USDC,82741324,3.27,11.01
2024-09-24,Pendle,Arbitrum,13.83,USDT,92426668,4.18,13.06
2024-09-24,Pendle,Arbitrum,15.18,DAI,83839054,3.95,11.39
2024-09-24,Pendle,Optimism,10.78,USDC,77551320,1.74,7.22
2024-09-24,Pendle,Optimism,13.41,USDT,82810367,3.23,10.15
2024-09-24,Pendle,Optimism,9.18,DAI,85466098,2.27,9.23
2024-09-24,Pendle,Base,11.49,USDC,81825867,3.29,12.98
2024-09-24,Pendle,Base,15.88,USDT,80449723,3.02,10.64
2024-09-24,Pendle,Base,15.29,DAI,84382494,3.47,8.47
2024-09-24,Convex,Ethereum,4.46,USDC,173469784,21.52,0
2024-09-24,Convex,Ethereum,5.35,USDT,173716567,42.01,0
2024-09-24,Balancer,Ethereum,8.42,USDC,117025984,41.57,0
2024-09-24,Balancer,Ethereum,8.18,USDT,118629622,43.56,0
2024-09-24,Balancer,Ethereum,7.22,DAI,118219113,49.01,0
2024-09-24,Balancer,Arbitrum,8.03,USDC,119416028,3.34,11.94
2024-09-24,Balancer,Arbitrum,7.95,USDT,109653495,4.3,14.99
2024-09-24,Balancer,Arbitrum,10.03,DAI,131080061,3.36,12.69
2024-09-24,Balancer,Optimism,11.29,USDC,116505351,3.6,7.95
2024-09-24,Balancer,Optimism,7.39,USDT,116669547,1.87,10.64
2024-09-24,Balancer,Optimism,8.48,DAI,126231943,3.13,7.43
2024-09-24,Balancer,Polygon,7.51,USDC,118552394,1.67,8.75
2024-09-24,Balancer,Polygon,11.06,USDT,124315094,0.76,10.87
2024-09-24,Balancer,Polygon,9.84,DAI,121433115,1.34,8.01
2024-09-24,Balancer,Base,9.1,USDC,122991495,3.75,9.4
2024-09-24,Balancer,Base,9.35,USDT,120788000,3.12,7.9
2024-09-24,Balancer,Base,10.32,DAI,118958097,3.69,8.72
2024-09-25,Aave,Ethereum,2.7,USDC,277106313,46.08,0
2024-09-25,Aave,Ethereum,2.91,USDT,252493166,44.12,0
2024-09-25,Aave,Ethereum,2.68,DAI,286670182,40.18,0
2024-09-25,Aave,Arbitrum,3.13,USDC,275382175,4.2,10.29
2024-09-25,Aave,Arbitrum,4.04,USDT,291212460,4.16,13.99
2024-09-25,Aave,Arbitrum,3.79,DAI,268072568,3.55,15.0
2024-09-25,Aave,Optimism,3.07,USDC,271532025,3.56,9.4
2024-09-25,Aave,Optimism,3.26,USDT,264361726,3.48,8.0
2024-09-25,Aave,Optimism,3.17,DAI,289124705,2.88,6.88
2024-09-25,Aave,Polygon,3.7,USDT,286202308,1.6,6.48
2024-09-25,Aave,Polygon,3.57,DAI,285228711,1.62,7.16
2024-09-25,Aave,Base,3.45,USDC,287973844,3.34,10.74
2024-09-25,Aave,Base,3.22,USDT,283455149,3.15,10.42
2024-09-25,Compound,Ethereum,2.94,USDC,197264761,31.5,0
2024-09-25,Compound,Ethereum,2.66,USDT,194252854,46.4,0
2024-09-25,Compound,Ethereum,2.8,DAI,195500832,45.83,0
2024-09-25,Compound,Arbitrum,3.23,USDC,193071679,3.48,11.38
2024-09-25,Compound,Arbitrum,3.4,USDT,193181433,4.04,11.78
2024-09-25,Compound,Arbitrum,2.92,DAI,199048960,3.88,9.4
2024-09-25,Compound,Optimism,3.19,USDC,183969045,3.28,9.03
2024-09-25,Compound,Optimism,3.11,USDT,175755142,3.79,12.77
2024-09-25,Compound,Optimism,3.18,DAI,207825069,2.75,9.23
2024-09-25,Compound,Polygon,3.44,USDC,200392393,1.44,8.3
2024-09-25,Compound,Polygon,3.57,USDT,206644593,2.01,6.15
2024-09-25,Compound,Polygon,3.31,DAI,202048270,1.37,7.09
2024-09-25,Compound,Base,3.07,USDC,196568953,3.1,8.53
2024-09-25,Compound,Base,3.02,USDT,201348018,3.09,10.09
2024-09-25,Compound,Base,3.58,DAI,190740165,2.84,8.43
2024-09-25,Curve,Ethereum,5.62,USDC,358926372,29.75,0
2024-09-25,Curve,Ethereum,7.5,USDT,375460764,26.11,0
2024-09-25,Curve,Ethereum,8.39,DAI,352139154,47.51,0
2024-09-25,Curve,Arbitrum,10.4,USDC,356489762,3.83,9.21
2024-09-25,Curve,Arbitrum,8.35,USDT,342201718,4.83,13.55
2024-09-25,Curve,Arbitrum,8.83,DAI,366639854,5.33,13.12
2024-09-25,Curve,Optimism,9.42,USDC,329209306,2.29,9.62
2024-09-25,Curve,Optimism,7.52,USDT,355117511,3.01,9.14
2024-09-25,Curve,Optimism,10.01,DAI,337136525,2.72,11.32
2024-09-25,Curve,Polygon,8.68,USDT,378263416,1.54,6.02
2024-09-25,Curve,Polygon,10.86,DAI,362083091,1.88,10.94
2024-09-25,Curve,Base,10.79,USDC,367490944,3.55,12.13
2024-09-25,Curve,Base,9.85,USDT,331865536,3.66,9.28
2024-09-25,Curve,Base,9.56,DAI,359797433,3.24,6.94
2024-09-25,Uniswap V3,Ethereum,8.27,USDC,102400671,38.2,0
2024-09-25,Uniswap V3,Ethereum,10.57,USDT,99042075,41.01,0
2024-09-25,Uniswap V3,Ethereum,7.49,DAI,106128934,38.67,0
2024-09-25,Uniswap V3,Arbitrum,10.21,USDC,107487914,3.44,4.31
2024-09-25,Uniswap V3,Arbitrum,9.3,USDT,108403677,3.3,11.61
2024-09-25,Uniswap V3,Arbitrum,11.45,DAI,97080821,2.91,10.95
2024-09-25,Uniswap V3,Optimism,10.62,USDC,109115709,3.03,6.81
2024-09-25,Uniswap V3,Optimism,10.32,USDT,97647525,3.35,8.89
2024-09-25,Uniswap V3,Optimism,10.23,DAI,103419006,3.33,8.24
2024-09-25,Uniswap V3,Polygon,11.41,USDC,105577865,1.44,10.42
2024-09-25,Uniswap V3,Polygon,12.2,USDT,104030642,1.58,9.13
2024-09-25,Uniswap V3,Polygon,11.34,DAI,101723696,1.68,9.22
2024-09-25,Uniswap V3,Base,8.94,USDC,93452475,3.21,12.09
2024-09-25,Uniswap V3,Base,9.93,USDT,101414223,3.7,10.81
2024-09-25,Uniswap V3,Base,12.25,DAI,94605729,2.75,11.16
2024-09-25,Yearn,Ethereum,3.51,USDT,121040744,32.85,0
2024-09-25,Yearn,Ethereum,3.91,DAI,134825895,44.79,0
2024-09-25,Yearn,Arbitrum,4.71,USDC,130650959,3.66,13.35
2024-09-25,Yearn,Arbitrum,4.34,USDT,128687236,3.12,13.34
2024-09-25,Yearn,Arbitrum,4.45,DAI,126676221,4.89,11.37
2024-09-25,Yearn,Optimism,4.39,USDT,135183362,3.17,9.64
2024-09-25,Yearn,Optimism,4.49,DAI,128986547,3.41,9.61
2024-09-25,Yearn,Polygon,4.6,USDC,129766547,1.55,9.37
2024-09-25,Yearn,Polygon,4.62,USDT,141073349,1.66,8.22
2024-09-25,Yearn,Polygon,4.49,DAI,132208303,1.25,6.17
2024-09-25,Yearn,Base,4.25,USDC,134463528,3.32,7.55
2024-09-25,Yearn,Base,4.53,USDT,131971063,3.24,13.63
2024-09-25,Yearn,Base,3.79,DAI,144933191,3.25,8.25
2024-09-25,Pendle,Ethereum,11.01,USDC,84886604,37.35,0
2024-09-25,Pendle,Ethereum,7.57,USDT,82140261,56.44,0
2024-09-25,Pendle,Ethereum,10.79,DAI,86616934,55.77,0
2024-09-25,Pendle,Arbitrum,11.58,USDC,81685664,3.46,10.87
2024-09-25,Pendle,Arbitrum,10.68,USDT,86856624,3.83,11.88
2024-09-25,Pendle,Arbitrum,10.19,DAI,82844510,3.29,12.83
2024-09-25,Pendle,Optimism,16.23,USDC,81754867,3.0,8.83
2024-09-25,Pendle,Optimism,14.05,USDT,87698148,2.18,6.65
2024-09-25,Pendle,Optimism,15.54,DAI,83101540,3.07,6.52
2024-09-25,Pendle,Base,9.25,USDC,78186407,3.38,9.79
2024-09-25,Pendle,Base,13.83,USDT,80238896,3.87,12.17
2024-09-25,Convex,Ethereum,5.9,USDC,174397676,52.45,0
2024-09-25,Convex,Ethereum,6.23,USDT,161808730,37.01,0
2024-09-25,Convex,Ethereum,5.6,DAI,166214940,39.89,0
2024-09-25,Balancer,Ethereum,8.97,USDT,122683072,43.25,0
2024-09-25,Balancer,Ethereum,8.3,DAI,120343740,34.12,0
2024-09-25,Balancer,Arbitrum,8.91,USDC,126875132,5.49,13.53
2024-09-25,Balancer,Arbitrum,8.65,USDT,113975533,4.09,10.43
2024-09-25,Balancer,Arbitrum,9.8,DAI,131049753,4.12,13.41
2024-09-25,Balancer,Optimism,8.64,USDC,125528778,3.7,10.03
2024-09-25,Balancer,Optimism,9.64,DAI,120401868,3.53,9.58
2024-09-25,Balancer,Polygon,8.38,USDC,111231414,1.87,6.87
2024-09-25,Balancer,Polygon,10.11,USDT,123423531,1.44,8.05
2024-09-25,Balancer,Polygon,9.98,DAI,120556340,1.44,8.94
2024-09-25,Balancer,Base,10.36,USDC,120742544,3.67,10.2
2024-09-25,Balancer,Base,10.91,USDT,126533873,2.99,11.49
2024-09-25,Balancer,Base,9.4,DAI,116835663,3.1,9.76
2024-09-26,Aave,Ethereum,3.21,USDT,279115558,42.61,0
2024-09-26,Aave,Ethereum,2.71,DAI,286281910,35.19,0
2024-09-26,Aave,Arbitrum,3.48,USDT,274478365,3.9,14.82
2024-09-26,Aave,Arbitrum,3.3,DAI,259883531,2.69,9.23
2024-09-26,Aave,Optimism,3.15,USDC,286024430,1.73,6.8
2024-09-26,Aave,Optimism,2.92,USDT,281535964,2.54,8.99
2024-09-26,Aave,Polygon,3.54,USDC,282631373,1.72,8.37
2024-09-26,Aave,Polygon,2.94,DAI,286183553,1.52,6.96
2024-09-26,Aave,Base,3.28,USDC,280753541,3.72,10.58
2024-09-26,Aave,Base,3.71,USDT,274991640,3.56,11.46
2024-09-26,Aave,Base,3.21,DAI,262411613,3.35,12.06
2024-09-26,Compound,Ethereum,2.54,USDC,206067229,39.55,0
2024-09-26,Compound,Ethereum,2.64,USDT,213037897,42.94,0
2024-09-26,Compound,Ethereum,2.92,DAI,198690096,35.17,0
2024-09-26,Compound,Arbitrum,3.55,USDT,197381608,3.59,9.02
2024-09-26,Compound,Arbitrum,3.31,DAI,199196379,3.74,10.58
2024-09-26,Compound,Optimism,3.03,USDC,175716863,3.72,9.01
2024-09-26,Compound,Optimism,3.4,USDT,196946459,3.71,9.82
2024-09-26,Compound,Optimism,3.01,DAI,193286265,4.13,6.1
2024-09-26,Compound,Polygon,3.45,USDC,211291553,1.75,7.47
2024-09-26,Compound,Polygon,3.68,USDT,194724132,1.9,6.69
2024-09-26,Compound,Polygon,3.43,DAI,201336374,1.18,6.13
2024-09-26,Compound,Base,3.23,USDC,196084036,3.8,10.59
2024-09-26,Compound,Base,3.15,USDT,220657413,3.07,9.17
2024-09-26,Compound,Base,3.43,DAI,197143466,3.27,8.63
2024-09-26,Curve,Ethereum,7.2,USDC,353111725,44.06,0
2024-09-26,Curve,Ethereum,7.13,USDT,341018876,30.57,0
2024-09-26,Curve,Ethereum,8.21,DAI,349328314,31.83,0
2024-09-26,Curve,Arbitrum,9.56,USDC,355381763,2.99,10.86
2024-09-26,Curve,Arbitrum,9.29,USDT,360054826,3.69,8.54
2024-09-26,Curve,Optimism,7.64,USDC,336613063,2.21,13.19
2024-09-26,Curve,Optimism,8.75,USDT,342911677,3.08,7.81
2024-09-26,Curve,Optimism,7.18,DAI,362337870,2.89,7.36
2024-09-26,Curve,Polygon,7.57,USDC,319458353,1.39,6.75
2024-09-26,Curve,Polygon,7.93,USDT,355346324,0.68,8.89
2024-09-26,Curve,Polygon,10.55,DAI,340756098,1.71,7.29
2024-09-26,Curve,Base,9.34,USDC,368410215,3.29,9.76
2024-09-26,Curve,Base,8.17,USDT,372783057,3.88,7.96
2024-09-26,Uniswap V3,Ethereum,10.25,USDC,102285726,54.55,0
2024-09-26,Uniswap V3,Ethereum,7.94,USDT,105880271,44.63,0
2024-09-26,Uniswap V3,Ethereum,6.29,DAI,98975780,33.63,0
2024-09-26,Uniswap V3,Arbitrum,9.25,USDC,100164064,3.54,13.26
2024-09-26,Uniswap V3,Arbitrum,8.9,USDT,108935512,4.16,10.07
2024-09-26,Uniswap V3,Arbitrum,11.99,DAI,106621907,3.8,16.06
2024-09-26,Uniswap V3,Optimism,9.61,USDC,101756868,3.33,10.43
2024-09-26,Uniswap V3,Optimism,11.07,USDT,107761059,2.89,11.96
2024-09-26,Uniswap V3,Optimism,9.59,DAI,112078658,2.81,11.52
2024-09-26,Uniswap V3,Polygon,12.65,USDC,102675311,1.81,6.3
2024-09-26,Uniswap V3,Polygon,10.39,DAI,105247501,1.31,6.17
2024-09-26,Uniswap V3,Base,9.8,USDC,103111555,4.17,9.74
2024-09-26,Uniswap V3,Base,12.66,USDT,114402433,3.68,10.77
2024-09-26,Uniswap V3,Base,8.81,DAI,112644075,3.42,7.62
2024-09-26,Yearn,Ethereum,3.68,USDC,133350331,49.09,0
2024-09-26,Yearn,Ethereum,3.47,USDT,138516226,33.08,0
2024-09-26,Yearn,Ethereum,3.03,DAI,137758277,36.47,0
2024-09-26,Yearn,Arbitrum,4.46,USDC,134237855,2.53,13.15
2024-09-26,Yearn,Arbitrum,4.34,USDT,136330184,2.63,17.24
2024-09-26,Yearn,Arbitrum,4.62,DAI,124922038,3.62,17.48
2024-09-26,Yearn,Optimism,4.27,USDC,138860964,3.53,8.46
2024-09-26,Yearn,Optimism,4.36,USDT,136861479,3.63,8.07
2024-09-26,Yearn,Optimism,4.44,DAI,141740851,2.72,7.55
2024-09-26,Yearn,Polygon,4.15,USDC,147900112,1.19,10.02
2024-09-26,Yearn,Polygon,4.71,USDT,132734099,1.31,8.07
2024-09-26,Yearn,Polygon,4.98,DAI,125064777,1.47,7.66
2024-09-26,Yearn,Base,4.51,USDC,137072827,2.78,7.68
2024-09-26,Yearn,Base,3.91,USDT,141684420,2.62,12.54
2024-09-26,Yearn,Base,4.08,DAI,140439594,3.3,10.17
2024-09-26,Pendle,Ethereum,11.64,USDT,78758125,41.75,0
2024-09-26,Pendle,Ethereum,12.57,DAI,82783141,46.55,0
2024-09-26,Pendle,Arbitrum,12.96,USDC,78891336,4.07,10.87
2024-09-26,Pendle,Arbitrum,13.8,USDT,78972361,3.34,13.23
2024-09-26,Pendle,Arbitrum,15.97,DAI,77265201,2.23,10.07
2024-09-26,Pendle,Optimism,13.38,USDC,85822653,2.52,10.28
2024-09-26,Pendle,Optimism,13.24,USDT,86917022,2.41,8.26
2024-09-26,Pendle,Optimism,10.62,DAI,79926953,3.1,6.95
2024-09-26,Pendle,Base,14.03,USDC,83256423,3.72,11.06
2024-09-26,Pendle,Base,11.66,USDT,83477887,2.59,12.08
2024-09-26,Pendle,Base,15.04,DAI,89716311,3.71,10.35
2024-09-26,Convex,Ethereum,5.03,USDC,175874222,29.25,0
2024-09-26,Convex,Ethereum,5.81,USDT,171544020,43.31,0
2024-09-26,Convex,Ethereum,4.37,DAI,165055012,46.9,0
2024-09-26,Balancer,Ethereum,8.87,USDC,126995321,49.38,0
2024-09-26,Balancer,Ethereum,6.25,USDT,133746963,36.43,0
2024-09-26,Balancer,Ethereum,7.22,DAI,119613718,50.54,0
2024-09-26,Balancer,Arbitrum,11.04,USDC,120307726,3.37,12.11
2024-09-26,Balancer,Arbitrum,10.39,USDT,122217265,3.49,11.1
2024-09-26,Balancer,Optimism,9.81,USDC,121425474,3.06,8.38
2024-09-26,Balancer,Optimism,7.05,USDT,114571657,3.15,12.86
2024-09-26,Balancer,Optimism,7.86,DAI,116760751,3.62,6.93
2024-09-26,Balancer,Polygon,11.34,USDC,113585653,1.41,9.4
2024-09-26,Balancer,Polygon,10.45,DAI,125322195,1.38,8.07
2024-09-26,Balancer,Base,9.92,USDT,124055819,3.28,14.18
2024-09-26,Balancer,Base,10.82,DAI,121002804,2.97,10.42
2024-09-27,Aave,Ethereum,2.68,USDC,288593777,42.51,0
2024-09-27,Aave,Ethereum,2.55,USDT,287523330,51.11,0
2024-09-27,Aave,Ethereum,3.03,DAI,313691871,51.53,0
2024-09-27,Aave,Arbitrum,3.44,USDC,278068043,2.91,12.12
2024-09-27,Aave,Arbitrum,3.76,USDT,319226209,2.27,12.46
2024-09-27,Aave,Arbitrum,3.49,DAI,294374439,4.31,12.09
2024-09-27,Aave,Optimism,3.26,USDC,268831729,3.04,8.0
2024-09-27,Aave,Optimism,3.59,DAI,295400700,2.56,10.58
2024-09-27,Aave,Polygon,3.21,USDT,298144905,1.69,8.92
2024-09-27,Aave,Polygon,4.04,DAI,284401196,1.32,9.19
2024-09-27,Aave,Base,3.76,USDC,283290680,3.27,11.51
2024-09-27,Aave,Base,3.15,DAI,278855079,3.85,9.31
2024-09-27,Compound,Ethereum,2.92,USDT,210318347,32.82,0
2024-09-27,Compound,Ethereum,2.59,DAI,214979545,44.48,0
2024-09-27,Compound,Arbitrum,2.99,USDC,192477661,4.4,17.11
2024-09-27,Compound,Arbitrum,3.2,USDT,217520275,3.72,8.65
2024-09-27,Compound,Arbitrum,3.05,DAI,224968807,2.93,13.07
2024-09-27,Compound,Optimism,2.77,USDC,195160600,3.03,10.1
2024-09-27,Compound,Optimism,3.41,USDT,200362648,3.06,10.12
2024-09-27,Compound,Optimism,3.28,DAI,213458150,2.41,9.64
2024-09-27,Compound,Polygon,3.21,USDC,197180658,1.72,8.34
2024-09-27,Compound,Polygon,3.11,USDT,211148755,1.37,8.54
2024-09-27,Compound,Polygon,3.29,DAI,205720438,1.43,7.08
2024-09-27,Compound,Base,3.05,USDC,202987517,2.74,10.91
2024-09-27,Compound,Base,3.15,DAI,205954151,2.82,9.09
2024-09-27,Curve,Ethereum,9.48,USDC,373234399,39.0,0
2024-09-27,Curve,Ethereum,7.55,USDT,349196620,42.97,0
2024-09-27,Curve,Ethereum,7.65,DAI,351905997,32.64,0
2024-09-27,Curve,Arbitrum,8.4,USDC,369181482,4.1,7.9
2024-09-27,Curve,Arbitrum,10.03,USDT,366154562,4.95,8.86
2024-09-27,Curve,Arbitrum,10.0,DAI,344229488,3.83,12.86
2024-09-27,Curve,Optimism,10.5,USDC,374323254,2.36,8.71
2024-09-27,Curve,Optimism,9.01,USDT,354253213,2.55,11.38
2024-09-27,Curve,Optimism,9.68,DAI,349284092,2.63,6.86
2024-09-27,Curve,Polygon,9.72,USDC,372130577,1.25,8.5
2024-09-27,Curve,Polygon,10.58,USDT,367039176,1.38,4.69
2024-09-27,Curve,Polygon,6.77,DAI,353043124,1.01,4.46
2024-09-27,Curve,Base,9.22,USDC,371062695,3.65,12.54
2024-09-27,Curve,Base,9.48,USDT,352014653,3.23,9.96
2024-09-27,Uniswap V3,Ethereum,10.02,USDC,111079460,41.08,0
2024-09-27,Uniswap V3,Ethereum,9.01,USDT,105099970,43.12,0
2024-09-27,Uniswap V3,Ethereum,8.68,DAI,112462179,41.71,0
2024-09-27,Uniswap V3,Arbitrum,11.53,USDC,109530750,4.03,9.94
2024-09-27,Uniswap V3,Arbitrum,9.8,USDT,111155709,4.84,11.03
2024-09-27,Uniswap V3,Arbitrum,8.2,DAI,105891009,2.87,14.25
2024-09-27,Uniswap V3,Optimism,9.97,USDC,104312349,3.66,8.29
2024-09-27,Uniswap V3,Optimism,8.97,USDT,107581954,2.18,11.08
2024-09-27,Uniswap V3,Optimism,9.23,DAI,106172875,3.44,7.75
2024-09-27,Uniswap V3,Polygon,12.34,USDC,108684479,0.87,7.47
2024-09-27,Uniswap V3,Polygon,10.24,USDT,105608201,1.41,8.83
2024-09-27,Uniswap V3,Polygon,9.13,DAI,116252756,2.21,8.61
2024-09-27,Uniswap V3,Base,8.86,USDC,103545521,3.39,9.22
2024-09-27,Uniswap V3,Base,9.32,USDT,109309926,2.98,7.21
2024-09-27,Uniswap V3,Base,10.37,DAI,101835218,3.54,8.92
2024-09-27,Yearn,Ethereum,3.43,USDC,143804153,54.47,0
2024-09-27,Yearn,Ethereum,3.85,USDT,133655567,47.44,0
2024-09-27,Yearn,Ethereum,3.65,DAI,139666076,41.55,0
2024-09-27,Yearn,Arbitrum,4.09,USDC,137161242,2.92,9.9
2024-09-27,Yearn,Arbitrum,4.7,USDT,134585213,3.86,10.41
2024-09-27,Yearn,Arbitrum,3.73,DAI,134687961,3.5,12.87
2024-09-27,Yearn,Optimism,4.0,USDC,155700781,3.69,11.13
2024-09-27,Yearn,Optimism,4.32,DAI,130242653,2.36,10.53
2024-09-27,Yearn,Polygon,4.36,USDC,135647994,1.74,7.4
2024-09-27,Yearn,Polygon,4.07,USDT,147805534,1.52,7.49
2024-09-27,Yearn,Polygon,4.39,DAI,130724544,1.77,7.05
2024-09-27,Yearn,Base,3.64,USDC,131601072,3.89,9.28
2024-09-27,Yearn,Base,3.99,USDT,121777388,3.26,10.39
2024-09-27,Yearn,Base,4.46,DAI,136327616,3.12,11.74
2024-09-27,Pendle,Ethereum,12.42,USDT,85083438,47.63,0
2024-09-27,Pendle,Ethereum,12.61,DAI,86307520,46.9,0
2024-09-27,Pendle,Arbitrum,13.83,USDC,84220800,4.36,13.62
2024-09-27,Pendle,Arbitrum,15.0,USDT,91794105,4.04,14.33
2024-09-27,Pendle,Arbitrum,16.82,DAI,87103968,4.37,11.64
2024-09-27,Pendle,Optimism,15.7,USDC,90199559,2.92,5.78
2024-09-27,Pendle,Optimism,14.62,DAI,83309836,2.17,7.27
2024-09-27,Pendle,Base,16.14,USDC,88180090,3.66,10.55
2024-09-27,Pendle,Base,15.17,USDT,82379294,3.72,11.1
2024-09-27,Pendle,Base,14.49,DAI,91094673,3.54,7.93
2024-09-27,Convex,Ethereum,5.17,USDC,164202551,35.8,0
2024-09-27,Convex,Ethereum,5.24,USDT,172155224,44.72,0
2024-09-27,Convex,Ethereum,4.43,DAI,174911140,37.07,0
2024-09-27,Balancer,Ethereum,7.94,USDC,120619119,50.44,0
2024-09-27,Balancer,Arbitrum,9.92,USDC,131412484,4.37,12.86
2024-09-27,Balancer,Arbitrum,7.25,USDT,124386323,3.16,13.68
2024-09-27,Balancer,Arbitrum,9.06,DAI,131108901,3.84,11.81
2024-09-27,Balancer,Optimism,9.9,USDC,120468537,3.4,10.2
2024-09-27,Balancer,Optimism,10.91,USDT,122403812,3.64,9.75
2024-09-27,Balancer,Optimism,8.72,DAI,120308984,2.67,12.12
2024-09-27,Balancer,Polygon,10.33,USDC,137948039,1.54,8.37
2024-09-27,Balancer,Polygon,9.29,USDT,124497051,1.02,4.76
2024-09-27,Balancer,Polygon,8.32,DAI,132576882,0.95,9.95
2024-09-27,Balancer,Base,8.73,USDC,125048009,3.0,9.11
2024-09-27,Balancer,Base,8.92,USDT,121008515,3.31,15.29
2024-09-27,Balancer,Base,9.76,DAI,130585239,2.62,8.2
2024-09-28,Aave,Ethereum,3.01,USDT,292309240,27.96,0
2024-09-28,Aave,Ethereum,3.09,DAI,281003166,23.51,0
2024-09-28,Aave,Arbitrum,3.17,USDT,294753868,2.53,12.33
2024-09-28,Aave,Arbitrum,3.15,DAI,268949692,2.27,10.1
2024-09-28,Aave,Optimism,2.85,USDC,290069484,1.35,12.35
2024-09-28,Aave,Optimism,3.68,USDT,273942894,1.73,7.12
2024-09-28,Aave,Optimism,3.38,DAI,310302210,2.16,8.63
2024-09-28,Aave,Polygon,3.61,USDC,283542613,1.01,8.69
2024-09-28,Aave,Polygon,3.51,USDT,288167027,0.99,6.03
2024-09-28,Aave,Polygon,3.6,DAI,287789346,1.21,7.62
2024-09-28,Aave,Base,2.84,USDC,282757573,2.56,8.82
2024-09-28,Aave,Base,2.91,USDT,259829652,2.02,10.55
2024-09-28,Aave,Base,3.47,DAI,291143200,1.88,10.3
2024-09-28,Compound,Ethereum,2.55,USDC,212077644,27.06,0
2024-09-28,Compound,Ethereum,2.69,DAI,222554867,28.06,0
2024-09-28,Compound,Arbitrum,3.15,USDC,199339090,2.14,13.11
2024-09-28,Compound,Arbitrum,3.1,USDT,222986871,2.33,10.86
2024-09-28,Compound,Arbitrum,3.52,DAI,212985514,3.27,15.49
2024-09-28,Compound,Optimism,3.08,USDC,202123914,2.35,10.61
2024-09-28,Compound,Optimism,3.07,DAI,197779394,1.92,5.0
2024-09-28,Compound,Polygon,3.08,USDC,195552355,1.12,9.81
2024-09-28,Compound,Polygon,3.46,USDT,198179712,1.2,6.33
2024-09-28,Compound,Polygon,3.66,DAI,209257736,1.25,6.59
2024-09-28,Compound,Base,3.09,USDC,194505415,1.91,8.18
2024-09-28,Compound,Base,2.92,DAI,205672404,1.92,8.29
2024-09-28,Curve,Ethereum,9.57,USDC,371982628,28.43,0
2024-09-28,Curve,Ethereum,7.62,USDT,370713708,19.71,0
2024-09-28,Curve,Ethereum,7.08,DAI,349446736,27.86,0
2024-09-28,Curve,Arbitrum,9.79,USDC,380596238,3.11,15.01
2024-09-28,Curve,Arbitrum,8.97,USDT,359680310,2.41,15.59
2024-09-28,Curve,Arbitrum,8.27,DAI,369885137,1.8,10.15
2024-09-28,Curve,Optimism,8.11,USDC,361623789,1.17,10.48
2024-09-28,Curve,Optimism,8.16,USDT,340350692,2.08,7.3
2024-09-28,Curve,Optimism,8.11,DAI,365934240,2.48,10.98
2024-09-28,Curve,Polygon,9.87,USDC,395186043,0.92,8.72
2024-09-28,Curve,Polygon,10.15,USDT,400820382,0.6,6.6
2024-09-28,Curve,Polygon,11.23,DAI,349718743,0.93,6.43
2024-09-28,Curve,Base,8.26,DAI,368009656,2.52,11.25
2024-09-28,Uniswap V3,Ethereum,10.46,USDC,110420520,19.47,0
2024-09-28,Uniswap V3,Ethereum,8.04,USDT,113720702,23.79,0
2024-09-28,Uniswap V3,Ethereum,8.62,DAI,114188851,18.68,0
2024-09-28,Uniswap V3,Arbitrum,11.68,USDC,111173922,2.95,8.13
2024-09-28,Uniswap V3,Arbitrum,7.5,USDT,118834145,1.91,10.48
2024-09-28,Uniswap V3,Optimism,11.19,USDC,114982641,2.18,9.29
2024-09-28,Uniswap V3,Optimism,8.98,USDT,112636353,1.75,7.87
2024-09-28,Uniswap V3,Optimism,12.79,DAI,113809170,2.49,10.58
2024-09-28,Uniswap V3,Polygon,8.75,USDC,109694063,0.94,6.89
2024-09-28,Uniswap V3,Polygon,9.52,USDT,106005081,1.28,9.58
2024-09-28,Uniswap V3,Polygon,13.16,DAI,111184523,0.86,9.02
2024-09-28,Uniswap V3,Base,10.25,USDC,108027069,2.08,10.05
2024-09-28,Uniswap V3,Base,8.29,USDT,107795201,2.8,11.33
2024-09-28,Uniswap V3,Base,10.77,DAI,116693468,2.52,11.28
2024-09-28,Yearn,Ethereum,3.38,USDC,142043445,35.96,0
2024-09-28,Yearn,Ethereum,3.48,USDT,123555718,27.5,0
2024-09-28,Yearn,Ethereum,3.84,DAI,137199247,29.11,0
2024-09-28,Yearn,Arbitrum,3.91,USDC,136952873,2.41,11.17
2024-09-28,Yearn,Arbitrum,4.66,USDT,131231008,1.94,14.69
2024-09-28,Yearn,Arbitrum,4.74,DAI,135448555,3.02,13.45
2024-09-28,Yearn,Optimism,4.1,USDC,140189447,2.27,11.33
2024-09-28,Yearn,Optimism,4.38,USDT,146164575,1.8,10.15
2024-09-28,Yearn,Optimism,4.21,DAI,139339613,1.75,9.67
2024-09-28,Yearn,Polygon,4.48,USDC,140797224,1.05,9.45
2024-09-28,Yearn,Polygon,4.18,DAI,142034590,1.18,6.52
2024-09-28,Yearn,Base,4.02,USDT,134283954,2.14,13.16
2024-09-28,Yearn,Base,4.53,DAI,131629497,2.31,12.44
2024-09-28,Pendle,Ethereum,9.38,USDC,87508596,31.62,0
2024-09-28,Pendle,Ethereum,9.22,DAI,88542464,22.8,0
2024-09-28,Pendle,Arbitrum,9.77,USDC,81340513,2.99,11.25
2024-09-28,Pendle,Arbitrum,16.23,USDT,86919483,2.46,9.56
2024-09-28,Pendle,Arbitrum,13.64,DAI,84371952,2.72,13.89
2024-09-28,Pendle,Optimism,12.11,USDC,83469077,1.68,8.49
2024-09-28,Pendle,Optimism,11.85,DAI,85468422,1.79,7.93
2024-09-28,Pendle,Base,17.85,USDC,89014873,2.27,10.47
2024-09-28,Pendle,Base,10.11,USDT,85353815,2.31,10.92
2024-09-28,Pendle,Base,16.04,DAI,87887532,2.19,10.74
2024-09-28,Convex,Ethereum,4.99,USDC,167339261,31.99,0
2024-09-28,Convex,Ethereum,4.98,USDT,185356606,23.42,0
2024-09-28,Convex,Ethereum,5.33,DAI,174282064,20.66,0
2024-09-28,Balancer,Ethereum,7.75,USDC,127177124,22.83,0
2024-09-28,Balancer,Ethereum,8.22,USDT,123662878,34.87,0
2024-09-28,Balancer,Ethereum,9.34,DAI,129405771,30.96,0
2024-09-28,Balancer,Arbitrum,9.37,USDC,127636730,2.44,12.7
2024-09-28,Balancer,Arbitrum,10.31,USDT,125383719,1.94,9.76
2024-09-28,Balancer,Arbitrum,11.56,DAI,123884562,3.55,9.74
2024-09-28,Balancer,Optimism,7.28,USDC,124125697,1.93,9.35
2024-09-28,Balancer,Optimism,7.33,USDT,127490076,2.19,10.22
2024-09-28,Balancer,Optimism,10.62,DAI,133056373,2.44,7.16
2024-09-28,Balancer,Polygon,9.99,USDC,123786979,0.92,6.72
2024-09-28,Balancer,Polygon,9.62,USDT,126907796,1.0,9.42
2024-09-28,Balancer,Polygon,11.07,DAI,129120881,1.14,9.83
2024-09-28,Balancer,Base,8.29,USDC,129826814,2.41,9.03
2024-09-28,Balancer,Base,10.06,USDT,113811801,2.24,10.94
2024-09-28,Balancer,Base,10.21,DAI,129699387,2.22,7.84
