date,protocol,chain,apy,stablecoin,tvl,gasCost,bridgeFee
2024-07-01,Aave,Ethereum,3.64,USDT,260999401,33.56,0
2024-07-01,Aave,Arbitrum,4.58,USDC,240019576,3.55,18.83
2024-07-01,Aave,Arbitrum,4.32,USDT,220434863,4.49,11.06
2024-07-01,Aave,Arbitrum,4.93,DAI,262826227,2.62,14.23
2024-07-01,Aave,Optimism,4.15,USDC,244335600,4.21,5.49
2024-07-01,Aave,Optimism,4.75,USDT,251935562,3.23,10.06
2024-07-01,Aave,Optimism,3.64,DAI,252313665,2.86,8.36
2024-07-01,Aave,Polygon,4.42,USDC,233607959,1.71,7.32
2024-07-01,Aave,Polygon,4.7,USDT,246049575,1.62,7.52
2024-07-01,Aave,Base,4.91,USDC,265897435,3.93,13.22
2024-07-01,Aave,Base,3.95,USDT,229224931,3.06,10.51
2024-07-01,Aave,Base,4.05,DAI,284544026,3.77,10.71
2024-07-01,Compound,Ethereum,4.02,USDC,193429194,30.99,0
2024-07-01,Compound,Ethereum,3.59,DAI,187818119,37.99,0
2024-07-01,Compound,Arbitrum,4.63,USDC,198039797,3.61,10.59
2024-07-01,Compound,Arbitrum,4.42,USDT,176021960,2.91,10.56
2024-07-01,Compound,Arbitrum,4.72,DAI,185080902,3.62,10.6
2024-07-01,Compound,Optimism,4.24,USDC,176492650,1.96,9.14
2024-07-01,Compound,Optimism,4.3,USDT,180031507,2.77,10.45
2024-07-01,Compound,Optimism,3.09,DAI,169506168,3.96,11.03
2024-07-01,Compound,Polygon,4.34,USDT,172363336,1.24,8.61
2024-07-01,Compound,Polygon,4.19,DAI,177217786,0.83,8.55
2024-07-01,Compound,Base,3.72,USDC,174997171,3.37,9.61
2024-07-01,Compound,Base,3.42,USDT,171041214,4.14,7.93
2024-07-01,Compound,Base,4.63,DAI,189867231,3.28,8.26
2024-07-01,Curve,Ethereum,5.04,USDC,322797860,37.81,0
2024-07-01,Curve,Ethereum,5.77,USDT,322868150,47.21,0
2024-07-01,Curve,Ethereum,6.57,DAI,376071330,45.34,0
2024-07-01,Curve,Arbitrum,8.34,USDC,320415732,3.28,15.24
2024-07-01,Curve,Arbitrum,8.19,USDT,332602645,3.28,14.14
2024-07-01,Curve,Arbitrum,7.18,DAI,285744787,4.44,9.05
2024-07-01,Curve,Optimism,6.16,USDT,316169430,2.68,10.5
2024-07-01,Curve,Optimism,6.69,DAI,322992184,2.38,9.3
2024-07-01,Curve,Polygon,7.17,USDC,324770313,1.33,6.38
2024-07-01,Curve,Polygon,7.65,DAI,307095261,1.52,9.96
2024-07-01,Curve,Base,7.16,USDC,335915907,3.23,8.18
2024-07-01,Curve,Base,6.09,USDT,326053671,3.2,12.14
2024-07-01,Curve,Base,8.4,DAI,340137429,3.6,9.27
2024-07-01,Uniswap V3,Ethereum,7.2,USDC,99600896,41.23,0
2024-07-01,Uniswap V3,Ethereum,6.48,USDT,97120883,32.75,0
2024-07-01,Uniswap V3,Ethereum,6.35,DAI,96396768,30.9,0
2024-07-01,Uniswap V3,Arbitrum,7.74,USDC,97473455,3.63,7.27
2024-07-01,Uniswap V3,Arbitrum,8.79,DAI,96627859,3.25,11.04
2024-07-01,Uniswap V3,Optimism,8.68,USDC,88396204,3.09,8.55
2024-07-01,Uniswap V3,Optimism,8.15,USDT,89206366,1.93,10.98
2024-07-01,Uniswap V3,Optimism,8.18,DAI,92048823,3.14,7.17
2024-07-01,Uniswap V3,Polygon,8.17,USDC,97200403,1.48,9.05
2024-07-01,Uniswap V3,Polygon,8.96,USDT,99765000,1.5,9.29
2024-07-01,Uniswap V3,Polygon,7.04,DAI,93109687,1.58,10.19
2024-07-01,Uniswap V3,Base,6.59,USDT,91937674,3.23,8.46
2024-07-01,Uniswap V3,Base,8.74,DAI,94863824,3.96,8.99
2024-07-01,Yearn,Ethereum,4.77,USDC,117842940,30.61,0
2024-07-01,Yearn,Ethereum,4.35,USDT,115528606,44.71,0
2024-07-01,Yearn,Ethereum,5.05,DAI,113858908,29.8,0
2024-07-01,Yearn,Arbitrum,7.5,USDC,117616728,4.38,10.3
2024-07-01,Yearn,Optimism,6.64,USDC,115128920,2.79,8.21
2024-07-01,Yearn,Optimism,6.21,USDT,125429831,3.25,9.96
2024-07-01,Yearn,Optimism,5.21,DAI,124258043,2.9,8.08
2024-07-01,Yearn,Polygon,5.53,USDC,120292356,1.7,7.02
2024-07-01,Yearn,Polygon,5.34,USDT,116872905,0.81,3.34
2024-07-01,Yearn,Base,5.66,USDC,127720454,3.45,10.69
2024-07-01,Yearn,Base,6.14,USDT,122462706,3.38,10.32
2024-07-01,Yearn,Base,6.56,DAI,120583263,3.48,10.31
2024-07-01,Pendle,Ethereum,8.45,USDC,78427404,38.6,0
2024-07-01,Pendle,Ethereum,8.81,USDT,78542580,41.96,0
2024-07-01,Pendle,Ethereum,8.05,DAI,68967071,47.42,0
2024-07-01,Pendle,Arbitrum,10.03,USDT,73483958,3.96,11.96
2024-07-01,Pendle,Arbitrum,12.59,DAI,67239852,3.39,10.76
2024-07-01,Pendle,Optimism,11.0,USDC,72777717,3.09,10.59
2024-07-01,Pendle,Optimism,11.4,USDT,73346495,2.86,6.93
2024-07-01,Pendle,Optimism,9.95,DAI,71452328,2.26,7.5
2024-07-01,Convex,Ethereum,5.8,USDC,152921130,29.45,0
2024-07-01,Convex,Ethereum,5.06,USDT,163996446,36.65,0
2024-07-01,Convex,Ethereum,4.88,DAI,136679778,50.04,0
2024-07-01,Balancer,Ethereum,6.95,USDC,109102314,46.02,0
2024-07-01,Balancer,Ethereum,6.44,USDT,122693376,56.41,0
2024-07-01,Balancer,Ethereum,5.79,DAI,110236642,37.27,0
2024-07-01,Balancer,Arbitrum,7.78,USDC,106883777,4.16,11.03
2024-07-01,Balancer,Arbitrum,6.65,USDT,116171753,2.97,11.12
2024-07-01,Balancer,Arbitrum,7.14,DAI,113119533,4.71,13.22
2024-07-01,Balancer,Optimism,6.39,USDC,104208585,2.91,6.4
2024-07-01,Balancer,Optimism,7.97,USDT,119179154,3.16,12.02
2024-07-01,Balancer,Polygon,8.49,USDC,114241443,1.2,11.01
2024-07-01,Balancer,Polygon,7.92,DAI,109742617,1.87,6.3
2024-07-01,Balancer,Base,6.41,USDT,107507559,3.53,8.67
2024-07-01,Balancer,Base,8.03,DAI,111777021,3.88,9.9
2024-07-02,Aave,Ethereum,3.16,USDC,268413071,34.71,0
2024-07-02,Aave,Ethereum,3.13,USDT,233290134,39.05,0
2024-07-02,Aave,Ethereum,3.01,DAI,242652852,48.16,0
2024-07-02,Aave,Arbitrum,4.39,USDC,259259639,4.61,11.32
2024-07-02,Aave,Arbitrum,4.48,USDT,252699634,2.87,14.61
2024-07-02,Aave,Arbitrum,4.21,DAI,250217278,5.05,12.49
2024-07-02,Aave,Optimism,4.06,USDC,250923876,2.3,5.48
2024-07-02,Aave,Optimism,4.53,USDT,274521452,3.2,6.24
2024-07-02,Aave,Optimism,5.28,DAI,226539971,2.85,10.93
2024-07-02,Aave,Polygon,4.55,USDC,260195333,1.73,7.2
2024-07-02,Aave,Polygon,5.15,DAI,236863315,1.44,8.05
2024-07-02,Aave,Base,4.74,USDT,243710530,4.18,9.47
2024-07-02,Aave,Base,4.52,DAI,268204870,3.65,11.25
2024-07-02,Compound,Ethereum,2.85,USDC,174281481,37.84,0
2024-07-02,Compound,Ethereum,3.38,USDT,173965330,47.55,0
2024-07-02,Compound,Ethereum,3.54,DAI,186922997,50.12,0
2024-07-02,Compound,Arbitrum,3.51,USDT,188078207,3.59,12.74
2024-07-02,Compound,Arbitrum,4.25,DAI,170039264,3.89,10.76
2024-07-02,Compound,Optimism,4.02,USDC,176530995,3.58,6.02
2024-07-02,Compound,Optimism,4.11,DAI,193329479,3.41,9.37
2024-07-02,Compound,Polygon,4.77,USDC,187436305,1.7,6.03
2024-07-02,Compound,Polygon,4.63,USDT,178763226,1.64,6.55
2024-07-02,Compound,Polygon,5.05,DAI,194009451,1.01,9.0
2024-07-02,Compound,Base,4.1,USDC,192776387,3.45,9.52
2024-07-02,Compound,Base,4.04,USDT,178922863,3.97,7.23
2024-07-02,Compound,Base,4.32,DAI,184646585,3.28,12.81
2024-07-02,Curve,Ethereum,6.05,USDC,318641692,25.19,0
2024-07-02,Curve,Ethereum,6.85,USDT,331673227,38.08,0
2024-07-02,Curve,Ethereum,5.65,DAI,340758884,49.95,0
2024-07-02,Curve,Arbitrum,8.34,USDC,330319265,5.34,15.57
2024-07-02,Curve,Arbitrum,7.24,USDT,331367303,3.36,15.06
2024-07-02,Curve,Optimism,7.22,USDC,329058562,4.62,8.66
2024-07-02,Curve,Optimism,6.53,USDT,327999569,3.1,7.64
2024-07-02,Curve,Optimism,5.11,DAI,341844217,2.62,6.07
2024-07-02,Curve,Polygon,9.03,USDC,333919379,1.76,8.61
2024-07-02,Curve,Polygon,8.06,USDT,320529100,1.95,6.18
2024-07-02,Curve,Polygon,7.39,DAI,333746015,1.59,7.7
2024-07-02,Curve,Base,6.15,USDC,319062757,3.61,7.88
2024-07-02,Curve,Base,8.16,USDT,339116632,3.16,10.17
2024-07-02,Curve,Base,7.51,DAI,336995722,2.84,6.86
2024-07-02,Uniswap V3,Ethereum,6.42,USDC,99672701,22.1,0
2024-07-02,Uniswap V3,Ethereum,6.38,USDT,101055936,44.76,0
2024-07-02,Uniswap V3,Ethereum,5.97,DAI,94974525,31.96,0
2024-07-02,Uniswap V3,Arbitrum,9.94,USDC,91944138,2.16,9.95
2024-07-02,Uniswap V3,Arbitrum,8.5,USDT,102079336,3.92,18.72
2024-07-02,Uniswap V3,Arbitrum,7.56,DAI,104176494,2.67,13.65
2024-07-02,Uniswap V3,Optimism,8.27,USDC,101405828,2.76,7.4
2024-07-02,Uniswap V3,Optimism,8.16,USDT,93569231,3.44,7.25
2024-07-02,Uniswap V3,Polygon,8.72,USDC,91733341,1.84,9.97
2024-07-02,Uniswap V3,Polygon,10.74,USDT,92849561,1.43,7.32
2024-07-02,Uniswap V3,Polygon,7.02,DAI,99611065,1.28,4.81
2024-07-02,Uniswap V3,Base,7.29,USDC,100647464,3.21,8.44
2024-07-02,Uniswap V3,Base,8.93,USDT,105868804,3.11,8.74
2024-07-02,Uniswap V3,Base,7.13,DAI,98597278,3.8,10.76
2024-07-02,Yearn,Ethereum,5.04,USDT,124804312,49.34,0
2024-07-02,Yearn,Ethereum,4.43,DAI,118196843,44.02,0
2024-07-02,Yearn,Arbitrum,5.29,USDC,122019603,2.9,12.55
2024-07-02,Yearn,Arbitrum,5.11,USDT,118032652,3.99,15.33
2024-07-02,Yearn,Optimism,5.39,USDC,123165628,3.13,7.52
2024-07-02,Yearn,Optimism,5.6,USDT,132144058,2.47,10.65
2024-07-02,Yearn,Polygon,5.45,USDT,123543756,1.24,10.09
2024-07-02,Yearn,Polygon,5.57,DAI,128595548,1.69,10.31
2024-07-02,Yearn,Base,4.99,USDC,122740578,3.57,8.13
2024-07-02,Yearn,Base,5.81,USDT,127071654,3.41,9.9
2024-07-02,Pendle,Ethereum,8.2,USDC,81862278,30.23,0
2024-07-02,Pendle,Ethereum,6.39,USDT,80570674,39.76,0
2024-07-02,Pendle,Ethereum,8.65,DAI,75389730,37.49,0
2024-07-02,Pendle,Arbitrum,10.82,USDC,81775399,3.5,14.65
2024-07-02,Pendle,Arbitrum,10.13,USDT,81324181,4.71,8.06
2024-07-02,Pendle,Optimism,10.07,USDC,76849963,3.38,9.52
2024-07-02,Pendle,Optimism,9.2,USDT,75295752,1.95,12.56
2024-07-02,Pendle,Optimism,8.86,DAI,79658510,2.9,11.72
2024-07-02,Pendle,Base,11.81,USDC,76946734,3.62,9.15
2024-07-02,Pendle,Base,10.63,USDT,76595527,3.21,8.55
2024-07-02,Pendle,Base,10.32,DAI,78853832,3.43,8.99
2024-07-02,Convex,Ethereum,6.48,USDC,157539057,41.61,0
2024-07-02,Convex,Ethereum,4.32,USDT,150620173,52.94,0
2024-07-02,Convex,Ethereum,5.05,DAI,149217931,42.2,0
2024-07-02,Balancer,Ethereum,5.93,USDT,109780340,35.6,0
2024-07-02,Balancer,Ethereum,6.04,DAI,106182028,38.28,0
2024-07-02,Balancer,Arbitrum,8.96,USDC,105558856,3.9,13.77
2024-07-02,Balancer,Arbitrum,7.64,USDT,106579946,3.67,10.21
2024-07-02,Balancer,Arbitrum,7.11,DAI,114992454,2.69,19.56
2024-07-02,Balancer,Optimism,6.95,USDC,114662682,2.96,8.84
2024-07-02,Balancer,Optimism,7.11,USDT,118798520,2.45,10.61
2024-07-02,Balancer,Polygon,8.37,USDC,114823294,1.38,9.47
2024-07-02,Balancer,Polygon,7.09,USDT,110738193,0.94,9.03
2024-07-02,Balancer,Polygon,8.55,DAI,119793348,1.64,8.15
2024-07-02,Balancer,Base,8.46,USDC,113650530,3.6,8.58
2024-07-02,Balancer,Base,6.71,USDT,110331672,3.5,8.7
2024-07-02,Balancer,Base,7.79,DAI,116198962,3.08,5.39
2024-07-03,Aave,Ethereum,3.56,USDC,252300003,32.3,0
2024-07-03,Aave,Ethereum,3.57,USDT,246368105,49.42,0
2024-07-03,Aave,Ethereum,3.75,DAI,241701753,34.56,0
2024-07-03,Aave,Arbitrum,5.42,USDC,251419156,2.74,14.01
2024-07-03,Aave,Arbitrum,4.11,USDT,271971183,4.52,14.58
2024-07-03,Aave,Arbitrum,5.9,DAI,261782260,4.09,11.73
2024-07-03,Aave,Optimism,5.06,USDT,281824924,3.0,8.63
2024-07-03,Aave,Optimism,5.13,DAI,275758207,3.34,12.06
2024-07-03,Aave,Polygon,4.81,USDC,276287693,1.8,7.19
2024-07-03,Aave,Polygon,5.06,USDT,277058847,1.63,11.66
2024-07-03,Aave,Polygon,4.42,DAI,263440976,1.69,9.04
2024-07-03,Aave,Base,4.32,USDC,264148205,3.22,10.59
2024-07-03,Aave,Base,3.37,USDT,282571989,3.49,8.25
2024-07-03,Aave,Base,4.1,DAI,267629042,4.25,9.92
2024-07-03,Compound,Ethereum,3.63,USDC,182254491,36.58,0
2024-07-03,Compound,Ethereum,3.41,DAI,176891052,49.59,0
2024-07-03,Compound,Arbitrum,4.69,USDC,200628782,3.41,12.74
2024-07-03,Compound,Arbitrum,4.73,USDT,181840314,4.78,11.68
2024-07-03,Compound,Arbitrum,4.91,DAI,182109613,2.97,10.79
2024-07-03,Compound,Optimism,4.1,USDC,186120074,2.89,11.15
2024-07-03,Compound,Optimism,3.65,USDT,202495130,3.37,9.67
2024-07-03,Compound,Optimism,4.08,DAI,191526593,2.26,8.73
2024-07-03,Compound,Polygon,4.9,USDC,190283520,1.32,5.88
2024-07-03,Compound,Polygon,4.11,USDT,183073265,1.8,9.4
2024-07-03,Compound,Polygon,5.0,DAI,199712459,1.21,9.48
2024-07-03,Compound,Base,4.12,USDC,193957044,3.18,12.79
2024-07-03,Compound,Base,4.31,USDT,198400842,3.5,13.23
2024-07-03,Compound,Base,4.22,DAI,184751851,3.65,9.17
2024-07-03,Curve,Ethereum,5.89,USDC,351790717,42.81,0
2024-07-03,Curve,Ethereum,6.59,USDT,357897184,53.48,0
2024-07-03,Curve,Ethereum,5.88,DAI,340163547,37.34,0
2024-07-03,Curve,Arbitrum,7.12,USDC,343772095,3.47,13.38
2024-07-03,Curve,Arbitrum,7.66,USDT,342511414,3.25,11.92
2024-07-03,Curve,Arbitrum,6.72,DAI,324016805,3.75,11.38
2024-07-03,Curve,Optimism,6.83,USDC,339200710,3.25,6.8
2024-07-03,Curve,Optimism,7.8,USDT,328334922,3.15,8.43
2024-07-03,Curve,Optimism,5.59,DAI,343938435,2.35,9.68
2024-07-03,Curve,Polygon,7.34,USDC,314468065,2.1,8.53
2024-07-03,Curve,Polygon,7.38,USDT,328833605,1.46,8.14
2024-07-03,Curve,Base,6.55,USDC,346931626,3.04,8.88
2024-07-03,Curve,Base,6.32,USDT,315298995,3.53,11.95
2024-07-03,Curve,Base,6.23,DAI,317601185,3.44,9.1
2024-07-03,Uniswap V3,Ethereum,8.17,USDC,98165033,46.76,0
2024-07-03,Uniswap V3,Ethereum,6.42,USDT,103563143,36.07,0
2024-07-03,Uniswap V3,Ethereum,7.68,DAI,110542757,32.83,0
2024-07-03,Uniswap V3,Arbitrum,7.86,USDC,93890582,2.36,14.56
2024-07-03,Uniswap V3,Arbitrum,9.02,USDT,98387504,3.13,8.36
2024-07-03,Uniswap V3,Arbitrum,8.26,DAI,100175158,3.32,10.91
2024-07-03,Uniswap V3,Optimism,7.46,USDC,98618279,3.52,9.72
2024-07-03,Uniswap V3,Optimism,6.92,USDT,95641297,2.91,11.69
2024-07-03,Uniswap V3,Optimism,6.83,DAI,101815391,3.2,11.28
2024-07-03,Uniswap V3,Polygon,6.69,USDC,93174156,1.71,7.96
2024-07-03,Uniswap V3,Polygon,9.69,DAI,101900760,1.67,6.61
2024-07-03,Uniswap V3,Base,7.84,USDC,101207682,3.32,8.76
2024-07-03,Uniswap V3,Base,7.46,USDT,96688475,3.39,10.96
2024-07-03,Yearn,Ethereum,4.97,USDC,125255662,41.05,0
2024-07-03,Yearn,Ethereum,3.84,USDT,123605797,44.02,0
2024-07-03,Yearn,Ethereum,4.84,DAI,124152748,36.87,0
2024-07-03,Yearn,Arbitrum,5.43,USDC,129631741,3.1,7.89
2024-07-03,Yearn,Arbitrum,5.57,USDT,123310697,3.38,8.8
2024-07-03,Yearn,Arbitrum,4.82,DAI,115745101,3.66,12.35
2024-07-03,Yearn,Optimism,6.5,USDC,129801014,3.4,5.57
2024-07-03,Yearn,Optimism,6.03,USDT,131086768,2.59,9.15
2024-07-03,Yearn,Optimism,5.16,DAI,126318227,3.64,9.74
2024-07-03,Yearn,Polygon,6.19,USDC,122064821,1.61,8.21
2024-07-03,Yearn,Polygon,5.47,USDT,124234521,0.81,8.58
2024-07-03,Yearn,Polygon,5.88,DAI,122031784,1.56,7.81
2024-07-03,Yearn,Base,5.18,USDC,123715138,3.67,9.18
2024-07-03,Yearn,Base,6.71,USDT,120755726,3.98,7.8
2024-07-03,Yearn,Base,5.37,DAI,121964729,3.94,7.39
2024-07-03,Pendle,Ethereum,7.34,USDC,87205070,29.69,0
2024-07-03,Pendle,Ethereum,9.35,USDT,84392583,52.87,0
2024-07-03,Pendle,Ethereum,10.04,DAI,78345549,46.86,0
2024-07-03,Pendle,Arbitrum,9.92,USDC,84730808,3.56,15.74
2024-07-03,Pendle,Arbitrum,8.33,USDT,86974070,4.18,11.81
2024-07-03,Pendle,Arbitrum,9.65,DAI,84567073,4.55,12.42
2024-07-03,Pendle,Optimism,9.94,USDT,74739538,3.11,9.55
2024-07-03,Pendle,Optimism,10.17,DAI,83195119,1.59,8.65
2024-07-03,Pendle,Base,9.3,USDC,78774333,3.15,10.84
2024-07-03,Pendle,Base,9.98,USDT,80799822,3.34,5.6
2024-07-03,Pendle,Base,11.01,DAI,80962737,3.4,8.49
2024-07-03,Convex,Ethereum,5.71,USDC,164290937,31.7,0
2024-07-03,Convex,Ethereum,5.64,USDT,164077002,36.21,0
2024-07-03,Convex,Ethereum,5.02,DAI,161177234,43.08,0
2024-07-03,Balancer,Ethereum,6.3,USDC,109185211,38.66,0
2024-07-03,Balancer,Ethereum,6.44,USDT,122581517,39.67,0
2024-07-03,Balancer,Ethereum,5.43,DAI,110955078,44.01,0
2024-07-03,Balancer,Arbitrum,7.98,USDT,119031594,4.28,14.57
2024-07-03,Balancer,Arbitrum,5.72,DAI,115465527,3.66,10.72
2024-07-03,Balancer,Optimism,6.96,USDC,115689447,2.66,7.38
2024-07-03,Balancer,Optimism,8.17,USDT,115867570,2.88,7.68
2024-07-03,Balancer,Optimism,6.34,DAI,117585528,1.91,7.22
2024-07-03,Balancer,Polygon,7.02,USDC,111401248,1.42,8.73
2024-07-03,Balancer,Base,9.06,USDC,114194215,3.35,13.98
2024-07-03,Balancer,Base,7.54,USDT,120554950,3.21,7.22
2024-07-03,Balancer,Base,8.2,DAI,115486910,3.85,8.76
2024-07-04,Aave,Ethereum,3.4,USDT,268870641,43.24,0
2024-07-04,Aave,Arbitrum,5.36,USDC,235795498,3.64,9.39
2024-07-04,Aave,Arbitrum,4.85,USDT,251206662,4.03,9.19
2024-07-04,Aave,Arbitrum,5.28,DAI,265523625,3.76,12.83
2024-07-04,Aave,Optimism,4.11,USDC,290517509,2.67,6.6
2024-07-04,Aave,Optimism,4.4,USDT,259283497,3.03,13.66
2024-07-04,Aave,Optimism,4.65,DAI,262914150,3.36,9.71
2024-07-04,Aave,Polygon,5.0,USDC,262490411,1.15,9.86
2024-07-04,Aave,Polygon,5.02,USDT,267689320,1.67,7.78
2024-07-04,Aave,Polygon,4.78,DAI,267115058,1.59,9.35
2024-07-04,Aave,Base,4.71,USDC,266181963,3.59,13.53
2024-07-04,Aave,Base,4.71,USDT,254322062,3.43,7.15
2024-07-04,Aave,Base,4.46,DAI,251795165,3.64,7.63
2024-07-04,Compound,Ethereum,3.06,USDC,181855052,43.05,0
2024-07-04,Compound,Ethereum,3.65,DAI,196674023,29.83,0
2024-07-04,Compound,Arbitrum,4.05,USDC,195114463,3.74,8.99
2024-07-04,Compound,Arbitrum,4.38,USDT,197970766,3.58,13.29
2024-07-04,Compound,Optimism,3.64,USDC,192660904,3.55,9.55
2024-07-04,Compound,Optimism,4.15,USDT,198610988,3.03,11.38
2024-07-04,Compound,Optimism,4.56,DAI,198088707,3.21,8.0
2024-07-04,Compound,Polygon,4.52,USDC,196467854,1.56,6.87
2024-07-04,Compound,Polygon,4.27,USDT,192925784,1.91,10.92
2024-07-04,Compound,Polygon,4.47,DAI,192043123,1.28,6.77
2024-07-04,Compound,Base,3.86,USDC,217012780,3.21,9.13
2024-07-04,Compound,Base,4.27,USDT,185491991,3.12,10.91
2024-07-04,Compound,Base,4.22,DAI,177563697,3.8,8.73
2024-07-04,Curve,Ethereum,4.96,USDC,320498987,47.53,0
2024-07-04,Curve,Ethereum,5.94,USDT,335276224,29.36,0
2024-07-04,Curve,Ethereum,5.39,DAI,377021849,46.86,0
2024-07-04,Curve,Arbitrum,7.27,USDC,339690867,4.23,15.81
2024-07-04,Curve,Arbitrum,7.22,USDT,341418844,2.52,9.56
2024-07-04,Curve,Arbitrum,7.49,DAI,354362105,5.59,12.35
2024-07-04,Curve,Optimism,7.01,USDC,332978108,3.75,8.03
2024-07-04,Curve,Optimism,6.09,DAI,354050160,2.6,8.47
2024-07-04,Curve,Polygon,7.53,USDC,337503558,1.14,9.62
2024-07-04,Curve,Polygon,7.34,USDT,338000246,1.81,9.73
2024-07-04,Curve,Base,7.14,USDC,320337472,3.82,12.15
2024-07-04,Curve,Base,7.4,USDT,358544033,3.36,8.81
2024-07-04,Curve,Base,7.15,DAI,317465396,3.45,8.88
2024-07-04,Uniswap V3,Ethereum,5.6,USDC,102962023,51.72,0
2024-07-04,Uniswap V3,Ethereum,6.0,USDT,102506151,51.88,0
2024-07-04,Uniswap V3,Ethereum,6.46,DAI,96993983,56.07,0
2024-07-04,Uniswap V3,Arbitrum,7.51,USDC,110217204,2.51,7.85
2024-07-04,Uniswap V3,Arbitrum,8.19,USDT,95753834,3.46,12.32
2024-07-04,Uniswap V3,Arbitrum,6.88,DAI,105194636,3.37,10.02
2024-07-04,Uniswap V3,Optimism,8.2,USDC,102526942,2.07,10.9
2024-07-04,Uniswap V3,Optimism,7.63,USDT,100260151,2.65,10.11
2024-07-04,Uniswap V3,Optimism,7.13,DAI,101213164,2.84,7.66
2024-07-04,Uniswap V3,Polygon,7.87,USDC,98266334,0.96,7.34
2024-07-04,Uniswap V3,Polygon,7.59,USDT,102523627,1.55,9.27
2024-07-04,Uniswap V3,Base,7.73,USDC,95381931,3.13,10.64
2024-07-04,Uniswap V3,Base,6.65,USDT,110024569,2.77,9.97
2024-07-04,Uniswap V3,Base,8.05,DAI,96883802,3.15,9.34
2024-07-04,Yearn,Ethereum,4.79,DAI,126472712,42.32,0
2024-07-04,Yearn,Arbitrum,5.82,USDC,124285802,3.28,14.51
2024-07-04,Yearn,Arbitrum,6.0,USDT,122540689,3.97,11.31
2024-07-04,Yearn,Arbitrum,4.51,DAI,129380182,4.25,14.65
2024-07-04,Yearn,Optimism,5.46,USDC,132497192,2.7,11.73
2024-07-04,Yearn,Optimism,5.72,USDT,128798620,2.88,7.65
2024-07-04,Yearn,Optimism,4.91,DAI,119321030,3.06,8.97
2024-07-04,Yearn,Polygon,7.14,USDC,125879231,1.07,8.2
2024-07-04,Yearn,Base,5.54,USDT,128227089,2.86,6.99
2024-07-04,Yearn,Base,5.87,DAI,118858015,3.55,10.57
2024-07-04,Pendle,Ethereum,9.81,USDC,82572597,47.8,0
2024-07-04,Pendle,Ethereum,9.6,USDT,77640074,36.96,0
2024-07-04,Pendle,Ethereum,8.55,DAI,81444107,47.85,0
2024-07-04,Pendle,Arbitrum,9.81,USDC,78608758,2.74,13.63
2024-07-04,Pendle,Arbitrum,11.57,USDT,87419553,3.37,9.67
2024-07-04,Pendle,Arbitrum,13.15,DAI,87929786,4.09,11.55
2024-07-04,Pendle,Optimism,10.6,USDC,84570957,2.88,9.15
2024-07-04,Pendle,Optimism,8.67,DAI,74141869,2.63,11.42
2024-07-04,Pendle,Base,10.12,USDC,74526898,3.61,15.25
2024-07-04,Pendle,Base,10.06,USDT,74530034,3.28,9.49
2024-07-04,Pendle,Base,9.57,DAI,82355353,3.84,12.32
2024-07-04,Convex,Ethereum,6.0,USDC,151992258,39.18,0
2024-07-04,Convex,Ethereum,5.55,USDT,144186122,48.66,0
2024-07-04,Convex,Ethereum,5.59,DAI,160643415,45.49,0
2024-07-04,Balancer,Ethereum,7.39,USDC,110934997,46.57,0
2024-07-04,Balancer,Ethereum,5.77,USDT,115915660,36.55,0
2024-07-04,Balancer,Ethereum,5.38,DAI,123347514,36.74,0
2024-07-04,Balancer,Arbitrum,7.67,USDC,120985465,3.85,15.32
2024-07-04,Balancer,Arbitrum,7.38,USDT,121259946,3.68,10.38
2024-07-04,Balancer,Optimism,8.13,DAI,118979307,2.98,8.92
2024-07-04,Balancer,Polygon,7.87,USDC,119223280,1.33,6.27
2024-07-04,Balancer,Polygon,7.11,DAI,114436809,1.4,8.71
2024-07-04,Balancer,Base,7.63,USDC,110730091,3.68,11.59
2024-07-04,Balancer,Base,7.71,USDT,113085184,4.26,8.66
2024-07-04,Balancer,Base,6.23,DAI,117869639,4.04,11.96
2024-07-05,Aave,Ethereum,2.99,USDC,296545007,58.87,0
2024-07-05,Aave,Ethereum,4.37,USDT,264978715,39.86,0
2024-07-05,Aave,Ethereum,4.42,DAI,261289859,50.52,0
2024-07-05,Aave,Arbitrum,4.38,USDC,260016193,1.89,12.76
2024-07-05,Aave,Arbitrum,4.67,USDT,257071327,3.12,10.74
2024-07-05,Aave,Arbitrum,4.78,DAI,280857111,4.4,5.87
2024-07-05,Aave,Optimism,4.65,USDC,289980424,3.48,10.68
2024-07-05,Aave,Optimism,3.99,DAI,278191167,3.68,9.06
2024-07-05,Aave,Polygon,5.86,USDC,273775529,1.66,4.03
2024-07-05,Aave,Polygon,4.63,DAI,269681956,2.0,6.08
2024-07-05,Aave,Base,4.18,USDC,264656986,3.08,9.94
2024-07-05,Aave,Base,4.23,USDT,282521877,4.16,11.39
2024-07-05,Aave,Base,4.44,DAI,280805220,3.56,9.83
2024-07-05,Compound,Ethereum,3.15,USDC,194474720,38.73,0
2024-07-05,Compound,Ethereum,3.35,USDT,184247037,46.42,0
2024-07-05,Compound,Ethereum,3.33,DAI,211722213,56.68,0
2024-07-05,Compound,Arbitrum,3.5,USDC,209057069,2.88,16.28
2024-07-05,Compound,Arbitrum,4.04,USDT,184415586,3.23,13.78
2024-07-05,Compound,Arbitrum,3.55,DAI,202915688,3.82,11.92
2024-07-05,Compound,Optimism,4.61,USDC,188042918,3.04,6.91
2024-07-05,Compound,Optimism,4.07,USDT,205870649,2.95,8.49
2024-07-05,Compound,Optimism,3.69,DAI,198372375,3.1,9.84
2024-07-05,Compound,Polygon,4.19,USDC,206249905,1.83,7.35
2024-07-05,Compound,Polygon,4.57,USDT,189868239,1.27,9.22
2024-07-05,Compound,Polygon,4.54,DAI,197562825,1.35,8.17
2024-07-05,Compound,Base,4.23,USDC,196138554,3.14,7.74
2024-07-05,Compound,Base,3.48,USDT,188098866,3.01,12.29
2024-07-05,Compound,Base,4.08,DAI,181133874,3.79,10.83
2024-07-05,Curve,Ethereum,6.59,USDC,374655996,40.14,0
2024-07-05,Curve,Ethereum,5.63,USDT,350996658,35.13,0
2024-07-05,Curve,Arbitrum,7.0,USDC,316905891,4.31,9.63
2024-07-05,Curve,Arbitrum,8.06,USDT,335491510,4.13,10.53
2024-07-05,Curve,Arbitrum,8.64,DAI,352393625,3.04,13.89
2024-07-05,Curve,Optimism,6.85,USDT,359773108,3.57,7.85
2024-07-05,Curve,Polygon,7.62,USDC,350826265,1.43,8.35
2024-07-05,Curve,Polygon,7.64,USDT,362199694,1.35,9.6
2024-07-05,Curve,Polygon,5.64,DAI,364850162,1.44,6.42
2024-07-05,Curve,Base,7.21,USDT,336079283,4.09,9.32
2024-07-05,Curve,Base,7.59,DAI,322587506,3.69,11.49
2024-07-05,Uniswap V3,Ethereum,5.99,USDC,103201989,32.64,0
2024-07-05,Uniswap V3,Ethereum,6.26,DAI,95352871,42.06,0
2024-07-05,Uniswap V3,Arbitrum,6.76,USDC,99919598,2.64,14.23
2024-07-05,Uniswap V3,Arbitrum,8.43,USDT,100005892,4.4,12.61
2024-07-05,Uniswap V3,Arbitrum,8.26,DAI,104570053,3.69,10.55
2024-07-05,Uniswap V3,Optimism,8.5,USDC,103154703,2.38,8.44
2024-07-05,Uniswap V3,Optimism,8.26,USDT,113360925,2.89,7.59
2024-07-05,Uniswap V3,Optimism,7.15,DAI,102268507,2.82,7.68
2024-07-05,Uniswap V3,Polygon,8.86,USDC,110937244,1.01,5.9
2024-07-05,Uniswap V3,Polygon,9.85,USDT,111230720,1.41,8.98
2024-07-05,Uniswap V3,Polygon,7.25,DAI,103611636,1.56,9.03
2024-07-05,Uniswap V3,Base,8.07,USDC,99530862,3.27,11.94
2024-07-05,Uniswap V3,Base,9.02,USDT,97263257,2.97,11.4
2024-07-05,Yearn,Ethereum,5.65,USDC,133124804,43.19,0
2024-07-05,Yearn,Ethereum,5.21,USDT,135947392,51.41,0
2024-07-05,Yearn,Arbitrum,5.7,USDC,119437308,3.22,12.55
2024-07-05,Yearn,Arbitrum,6.68,USDT,130766791,4.42,13.08
2024-07-05,Yearn,Arbitrum,5.31,DAI,129105996,4.34,13.6
2024-07-05,Yearn,Optimism,5.18,USDC,138706733,3.35,8.12
2024-07-05,Yearn,Optimism,5.33,USDT,124597513,3.09,10.08
2024-07-05,Yearn,Optimism,4.25,DAI,133882151,2.49,9.89
2024-07-05,Yearn,Polygon,6.25,USDT,138140308,1.21,10.82
2024-07-05,Yearn,Polygon,6.68,DAI,121459765,1.49,7.26
2024-07-05,Yearn,Base,5.47,USDC,135251231,3.94,9.93
2024-07-05,Yearn,Base,5.46,USDT,118292134,2.85,8.03
2024-07-05,Yearn,Base,5.18,DAI,135144113,3.8,12.93
2024-07-05,Pendle,Ethereum,8.02,USDC,81363656,36.36,0
2024-07-05,Pendle,Ethereum,8.48,USDT,75836181,50.11,0
2024-07-05,Pendle,Ethereum,8.06,DAI,77247659,30.0,0
2024-07-05,Pendle,Arbitrum,12.63,USDC,73435458,2.87,10.86
2024-07-05,Pendle,Arbitrum,10.04,USDT,88228441,4.21,10.95
2024-07-05,Pendle,Arbitrum,9.78,DAI,93568998,3.44,15.22
2024-07-05,Pendle,Optimism,8.4,USDC,81719622,3.13,6.66
2024-07-05,Pendle,Base,10.96,USDC,88013579,3.02,9.89
2024-07-05,Pendle,Base,10.07,USDT,81026858,2.65,7.32
2024-07-05,Pendle,Base,10.57,DAI,83713681,3.86,8.87
2024-07-05,Convex,Ethereum,4.73,USDC,160116134,38.92,0
2024-07-05,Convex,Ethereum,5.47,USDT,147852186,33.25,0
2024-07-05,Convex,Ethereum,5.93,DAI,166877465,35.82,0
2024-07-05,Balancer,Ethereum,6.82,USDC,119028957,52.21,0
2024-07-05,Balancer,Ethereum,6.62,USDT,109419565,42.34,0
2024-07-05,Balancer,Ethereum,5.99,DAI,119069428,49.84,0
2024-07-05,Balancer,Arbitrum,8.11,USDC,117023190,3.22,13.45
2024-07-05,Balancer,Arbitrum,7.12,USDT,120453901,3.54,13.05
2024-07-05,Balancer,Arbitrum,8.4,DAI,119367178,2.86,14.42
2024-07-05,Balancer,Optimism,7.64,USDT,129969979,4.67,9.48
2024-07-05,Balancer,Polygon,7.7,USDC,121492834,1.69,7.92
2024-07-05,Balancer,Polygon,8.4,USDT,114147037,1.86,7.4
2024-07-05,Balancer,Polygon,8.46,DAI,101686290,1.51,6.9
2024-07-05,Balancer,Base,6.34,USDT,120724102,3.23,11.34
2024-07-05,Balancer,Base,8.3,DAI,116522860,2.7,10.65
2024-07-06,Aave,Ethereum,3.83,USDC,284197809,20.74,0
2024-07-06,Aave,Ethereum,3.49,USDT,260933907,26.5,0
2024-07-06,Aave,Ethereum,3.98,DAI,276919374,26.85,0
2024-07-06,Aave,Arbitrum,4.99,USDC,274529418,2.46,12.06
2024-07-06,Aave,Arbitrum,5.22,DAI,286088541,2.22,8.11
2024-07-06,Aave,Optimism,3.89,USDT,277756723,2.17,8.89
2024-07-06,Aave,Optimism,4.46,DAI,285421581,2.09,9.0
2024-07-06,Aave,Polygon,5.18,USDC,281891229,0.9,8.53
2024-07-06,Aave,Polygon,4.01,USDT,275240644,0.8,8.34
2024-07-06,Aave,Polygon,4.9,DAI,275722214,1.23,8.97
2024-07-06,Aave,Base,3.93,USDC,255991693,2.54,13.29
2024-07-06,Aave,Base,4.93,USDT,272498460,2.76,8.75
2024-07-06,Compound,Ethereum,3.66,USDC,201434118,26.85,0
2024-07-06,Compound,Ethereum,3.31,USDT,207679031,29.35,0
2024-07-06,Compound,Ethereum,3.46,DAI,204116009,41.67,0
2024-07-06,Compound,Arbitrum,4.4,USDC,201049046,1.84,10.71
2024-07-06,Compound,Arbitrum,4.04,USDT,187628845,2.06,14.03
2024-07-06,Compound,Arbitrum,3.9,DAI,201006413,2.62,14.37
2024-07-06,Compound,Optimism,4.23,USDC,207029163,1.94,8.22
2024-07-06,Compound,Optimism,4.15,USDT,194768551,1.99,9.5
2024-07-06,Compound,Optimism,4.14,DAI,206408320,1.82,11.64
2024-07-06,Compound,Polygon,4.39,USDC,187713386,0.96,6.55
2024-07-06,Compound,Polygon,4.24,USDT,204906485,1.01,9.44
2024-07-06,Compound,Polygon,4.05,DAI,190250936,0.84,7.16
2024-07-06,Compound,Base,4.41,USDC,193886764,2.18,11.84
2024-07-06,Compound,Base,4.01,USDT,211801954,2.09,11.54
2024-07-06,Curve,Ethereum,5.27,USDC,362162411,34.62,0
2024-07-06,Curve,Ethereum,6.07,USDT,337448325,27.12,0
2024-07-06,Curve,Ethereum,6.22,DAI,363845776,29.3,0
2024-07-06,Curve,Arbitrum,6.39,USDC,354261925,2.07,15.87
2024-07-06,Curve,Arbitrum,6.21,USDT,363708468,2.2,12.11
2024-07-06,Curve,Arbitrum,6.48,DAI,367637673,2.13,10.28
2024-07-06,Curve,Optimism,7.13,USDC,334922748,1.73,8.43
2024-07-06,Curve,Optimism,7.5,DAI,341832013,1.67,9.44
2024-07-06,Curve,Polygon,7.03,USDC,313269591,0.89,9.29
2024-07-06,Curve,Polygon,7.1,USDT,352096010,0.72,7.31
2024-07-06,Curve,Polygon,7.96,DAI,345713453,1.03,8.7
2024-07-06,Curve,Base,7.83,USDC,353566014,2.33,9.39
2024-07-06,Curve,Base,6.87,USDT,346563521,2.13,11.92
2024-07-06,Curve,Base,7.01,DAI,360174840,2.18,11.63
2024-07-06,Uniswap V3,Ethereum,6.83,USDC,106321441,27.36,0
2024-07-06,Uniswap V3,Ethereum,6.37,USDT,101252021,29.13,0
2024-07-06,Uniswap V3,Ethereum,7.4,DAI,101561581,35.17,0
2024-07-06,Uniswap V3,Arbitrum,9.55,USDC,112866685,2.17,18.7
2024-07-06,Uniswap V3,Arbitrum,7.25,USDT,103434703,1.7,6.23
2024-07-06,Uniswap V3,Arbitrum,8.13,DAI,105872703,3.07,14.41
2024-07-06,Uniswap V3,Optimism,7.67,USDC,101633317,1.37,8.84
2024-07-06,Uniswap V3,Optimism,7.37,USDT,105518891,2.43,9.95
2024-07-06,Uniswap V3,Optimism,7.6,DAI,100594372,1.98,9.82
2024-07-06,Uniswap V3,Polygon,9.59,USDC,100861244,1.11,9.52
2024-07-06,Uniswap V3,Polygon,9.54,USDT,101521110,0.77,8.86
2024-07-06,Uniswap V3,Base,7.7,USDC,112554212,2.31,13.93
2024-07-06,Uniswap V3,Base,7.44,DAI,104878705,2.11,10.85
2024-07-06,Yearn,Ethereum,4.46,USDC,142825379,21.37,0
2024-07-06,Yearn,Ethereum,4.7,USDT,129379359,18.48,0
2024-07-06,Yearn,Ethereum,4.52,DAI,128842866,18.98,0
2024-07-06,Yearn,Arbitrum,5.98,USDC,134228037,2.3,14.85
2024-07-06,Yearn,Arbitrum,5.7,USDT,131912834,2.31,14.99
2024-07-06,Yearn,Arbitrum,5.63,DAI,128589508,2.75,12.75
2024-07-06,Yearn,Optimism,4.83,USDC,129291882,1.92,9.0
2024-07-06,Yearn,Optimism,4.68,USDT,132974913,2.09,9.21
2024-07-06,Yearn,Optimism,5.8,DAI,128371431,2.62,8.52
2024-07-06,Yearn,Polygon,6.54,USDC,130193259,1.22,6.85
2024-07-06,Yearn,Polygon,6.83,DAI,122833122,1.05,10.41
2024-07-06,Yearn,Base,6.02,USDC,131340916,2.56,10.82
2024-07-06,Yearn,Base,5.74,USDT,126192572,2.5,9.52
2024-07-06,Yearn,Base,5.1,DAI,143336640,2.32,12.45
2024-07-06,Pendle,Ethereum,9.43,USDC,87289162,29.36,0
2024-07-06,Pendle,Ethereum,7.94,USDT,78413046,29.63,0
2024-07-06,Pendle,Ethereum,7.0,DAI,77041918,29.3,0
2024-07-06,Pendle,Arbitrum,11.27,USDC,83405286,2.89,11.05
2024-07-06,Pendle,Arbitrum,11.57,USDT,78685726,1.94,11.27
2024-07-06,Pendle,Optimism,10.41,USDC,81894997,1.95,8.2
2024-07-06,Pendle,Optimism,10.97,USDT,89135901,2.16,3.67
2024-07-06,Pendle,Optimism,11.24,DAI,82407014,2.08,9.29
2024-07-06,Pendle,Base,11.99,USDC,82346976,2.21,7.74
2024-07-06,Pendle,Base,10.57,USDT,87328783,1.52,7.99
2024-07-06,Pendle,Base,9.59,DAI,84331495,1.89,11.18
2024-07-06,Convex,Ethereum,5.96,USDC,162078094,25.84,0
2024-07-06,Convex,Ethereum,4.78,USDT,165710454,21.61,0
2024-07-06,Convex,Ethereum,5.76,DAI,154487896,24.6,0
2024-07-06,Balancer,Ethereum,5.42,USDC,120376575,22.79,0
2024-07-06,Balancer,Ethereum,5.4,USDT,126625164,22.68,0
2024-07-06,Balancer,Ethereum,6.19,DAI,119814725,35.89,0
2024-07-06,Balancer,Arbitrum,6.84,USDC,129328013,2.51,11.95
2024-07-06,Balancer,Arbitrum,6.61,USDT,125064345,3.02,9.44
2024-07-06,Balancer,Arbitrum,7.47,DAI,119057828,2.19,15.63
2024-07-06,Balancer,Optimism,6.86,USDC,125907728,1.6,9.23
2024-07-06,Balancer,Optimism,7.05,USDT,115649529,2.67,9.45
2024-07-06,Balancer,Optimism,7.68,DAI,117981160,2.23,11.73
2024-07-06,Balancer,Polygon,8.12,USDC,118600657,0.8,6.68
2024-07-06,Balancer,Polygon,8.08,DAI,116225901,0.8,9.76
2024-07-06,Balancer,Base,7.54,USDC,124465503,2.28,7.0
2024-07-06,Balancer,Base,8.09,DAI,118621217,2.83,10.24
2024-07-07,Aave,Ethereum,3.0,USDC,263740884,21.16,0
2024-07-07,Aave,Ethereum,3.97,USDT,272220115,29.07,0
2024-07-07,Aave,Arbitrum,3.55,USDC,277219224,1.99,14.74
2024-07-07,Aave,Arbitrum,4.65,USDT,277646623,2.82,12.53
2024-07-07,Aave,Arbitrum,3.94,DAI,275551781,2.13,13.59
2024-07-07,Aave,Optimism,4.18,USDC,288687616,2.25,10.06
2024-07-07,Aave,Optimism,4.25,USDT,284592866,1.87,10.01
2024-07-07,Aave,Optimism,4.05,DAI,267100378,1.94,8.89
2024-07-07,Aave,Polygon,4.98,USDC,265261413,0.74,9.55
2024-07-07,Aave,Polygon,5.04,USDT,257489810,0.9,5.28
2024-07-07,Aave,Polygon,4.55,DAI,278709307,1.15,7.89
2024-07-07,Aave,Base,5.08,USDC,271850463,2.2,12.2
2024-07-07,Aave,Base,3.97,USDT,267916675,2.36,9.22
2024-07-07,Aave,Base,4.18,DAI,269793451,1.73,14.08
2024-07-07,Compound,Ethereum,3.76,USDC,203051242,25.56,0
2024-07-07,Compound,Ethereum,4.0,USDT,206127011,22.96,0
2024-07-07,Compound,Ethereum,3.62,DAI,205280519,29.55,0
2024-07-07,Compound,Arbitrum,4.43,USDC,216430697,1.8,13.79
2024-07-07,Compound,Arbitrum,4.32,USDT,195967948,2.46,9.01
2024-07-07,Compound,Arbitrum,4.34,DAI,207386405,2.67,14.33
2024-07-07,Compound,Optimism,4.2,USDC,192857881,1.8,6.25
2024-07-07,Compound,Optimism,4.02,DAI,208115290,2.7,10.32
2024-07-07,Compound,Polygon,4.91,USDC,193283894,0.76,10.42
2024-07-07,Compound,Polygon,3.48,USDT,214416693,0.61,8.04
2024-07-07,Compound,Polygon,4.91,DAI,194649556,1.17,8.42
2024-07-07,Compound,Base,4.33,USDC,212537268,1.93,11.27
2024-07-07,Compound,Base,4.49,USDT,189757396,2.11,9.81
2024-07-07,Compound,Base,4.36,DAI,202429708,1.88,7.36
2024-07-07,Curve,Ethereum,6.05,USDC,333215138,26.15,0
2024-07-07,Curve,Ethereum,6.63,USDT,348097937,35.19,0
2024-07-07,Curve,Ethereum,4.67,DAI,364794432,18.1,0
2024-07-07,Curve,Arbitrum,5.99,USDC,344778081,1.7,12.17
2024-07-07,Curve,Arbitrum,6.52,USDT,358345017,2.62,9.18
2024-07-07,Curve,Arbitrum,8.82,DAI,335402622,2.79,12.62
2024-07-07,Curve,Optimism,5.94,USDC,339737974,1.53,9.31
2024-07-07,Curve,Optimism,7.04,DAI,360202101,2.21,10.01
2024-07-07,Curve,Polygon,8.76,USDC,347188543,1.25,8.0
2024-07-07,Curve,Polygon,7.04,USDT,336738852,0.84,8.45
2024-07-07,Curve,Polygon,8.46,DAI,342422488,0.76,8.07
2024-07-07,Curve,Base,6.79,USDC,348892049,2.13,8.63
2024-07-07,Curve,Base,7.66,USDT,353135189,2.84,9.51
2024-07-07,Curve,Base,7.74,DAI,380615839,2.2,8.15
2024-07-07,Uniswap V3,Ethereum,6.64,USDC,110792981,26.64,0
2024-07-07,Uniswap V3,Ethereum,5.66,USDT,112770445,30.06,0
2024-07-07,Uniswap V3,Ethereum,6.21,DAI,109385558,22.31,0
2024-07-07,Uniswap V3,Arbitrum,9.16,USDC,100589264,1.82,8.76
2024-07-07,Uniswap V3,Arbitrum,7.56,USDT,106463288,2.34,12.4
2024-07-07,Uniswap V3,Arbitrum,7.61,DAI,101418613,2.7,12.31
2024-07-07,Uniswap V3,Optimism,7.75,USDC,105596421,2.15,10.0
2024-07-07,Uniswap V3,Optimism,7.11,USDT,116071384,1.76,7.75
2024-07-07,Uniswap V3,Optimism,5.81,DAI,109378699,1.8,7.75
2024-07-07,Uniswap V3,Polygon,7.52,DAI,103623841,1.15,8.07
2024-07-07,Uniswap V3,Base,8.89,USDC,110089183,1.77,9.47
2024-07-07,Uniswap V3,Base,7.05,USDT,107232125,2.62,7.77
2024-07-07,Uniswap V3,Base,8.71,DAI,103686953,2.99,12.15
2024-07-07,Yearn,Ethereum,4.81,USDC,126098031,33.8,0
2024-07-07,Yearn,Ethereum,4.71,USDT,134109100,26.83,0
2024-07-07,Yearn,Ethereum,4.42,DAI,132413399,26.89,0
2024-07-07,Yearn,Arbitrum,6.04,USDC,133321369,2.68,9.69
2024-07-07,Yearn,Arbitrum,4.56,DAI,127057917,2.91,10.12
2024-07-07,Yearn,Optimism,6.34,USDC,123498920,1.63,8.88
2024-07-07,Yearn,Optimism,5.62,USDT,135102071,2.57,8.41
2024-07-07,Yearn,Optimism,4.83,DAI,133346303,1.5,9.82
2024-07-07,Yearn,Polygon,5.38,USDC,130332254,1.02,11.06
2024-07-07,Yearn,Polygon,5.34,USDT,134867888,0.99,6.81
2024-07-07,Yearn,Polygon,6.27,DAI,127166151,0.95,9.45
2024-07-07,Yearn,Base,6.8,USDC,135293711,2.26,10.02
2024-07-07,Yearn,Base,6.16,USDT,126842942,1.5,7.96
2024-07-07,Pendle,Ethereum,10.29,USDC,87761297,37.18,0
2024-07-07,Pendle,Ethereum,8.16,USDT,82163047,30.88,0
2024-07-07,Pendle,Ethereum,7.41,DAI,86843155,24.72,0
2024-07-07,Pendle,Arbitrum,10.26,USDC,85423057,2.69,14.43
2024-07-07,Pendle,Arbitrum,12.34,USDT,77347319,2.03,10.16
2024-07-07,Pendle,Arbitrum,10.51,DAI,75642948,2.69,12.59
2024-07-07,Pendle,Optimism,11.57,USDT,83177993,1.68,12.51
2024-07-07,Pendle,Base,9.07,USDC,88432035,2.07,12.32
2024-07-07,Pendle,Base,12.18,USDT,84250051,2.36,12.47
2024-07-07,Pendle,Base,9.77,DAI,85063997,2.33,8.02
2024-07-07,Convex,Ethereum,4.75,USDC,179051747,31.45,0
2024-07-07,Convex,Ethereum,5.33,USDT,172574605,24.18,0
2024-07-07,Convex,Ethereum,5.57,DAI,179322867,27.49,0
2024-07-07,Balancer,Ethereum,7.43,USDC,116798220,28.38,0
2024-07-07,Balancer,Ethereum,4.71,DAI,123721505,23.34,0
2024-07-07,Balancer,Arbitrum,7.07,USDC,127385914,2.19,7.41
2024-07-07,Balancer,Arbitrum,7.56,USDT,115163874,1.97,13.97
2024-07-07,Balancer,Arbitrum,5.99,DAI,117280365,3.08,11.08
2024-07-07,Balancer,Optimism,6.79,USDC,116339736,2.3,8.31
2024-07-07,Balancer,Optimism,8.13,USDT,119291728,1.71,7.55
2024-07-07,Balancer,Optimism,7.29,DAI,130696754,2.48,8.17
2024-07-07,Balancer,Polygon,8.43,USDC,130262871,0.82,8.61
2024-07-07,Balancer,Polygon,9.1,USDT,120247980,1.14,6.25
2024-07-07,Balancer,Polygon,7.72,DAI,118952572,0.83,10.94
2024-07-07,Balancer,Base,6.14,USDC,123732624,2.21,8.06
2024-07-07,Balancer,Base,7.54,USDT,128490357,2.35,10.86
2024-07-07,Balancer,Base,7.22,DAI,118880073,2.19,12.07
2024-07-08,Aave,Ethereum,3.97,USDC,258830459,37.02,0
2024-07-08,Aave,Ethereum,3.92,USDT,271569456,46.43,0
2024-07-08,Aave,Ethereum,3.87,DAI,288463237,42.19,0
2024-07-08,Aave,Arbitrum,5.25,USDC,271132680,3.67,12.0
2024-07-08,Aave,Arbitrum,5.11,USDT,272042484,2.8,14.49
2024-07-08,Aave,Optimism,4.31,USDC,308624855,2.8,7.17
2024-07-08,Aave,Optimism,4.25,USDT,269639861,3.29,5.75
2024-07-08,Aave,Optimism,4.25,DAI,273177945,2.38,10.84
2024-07-08,Aave,Polygon,4.53,USDC,285217353,1.45,8.76
2024-07-08,Aave,Polygon,5.48,USDT,297146385,1.64,7.5
2024-07-08,Aave,Polygon,4.17,DAI,285351172,0.79,6.5
2024-07-08,Aave,Base,4.61,USDC,275687050,2.53,9.2
2024-07-08,Aave,Base,3.34,USDT,282489900,3.23,9.38
2024-07-08,Aave,Base,4.79,DAI,283651182,2.54,13.0
2024-07-08,Compound,Ethereum,3.38,USDC,201693565,50.78,0
2024-07-08,Compound,Ethereum,3.62,USDT,195335098,49.84,0
2024-07-08,Compound,Ethereum,3.91,DAI,196084303,53.56,0
2024-07-08,Compound,Arbitrum,3.97,USDC,204100785,3.06,12.71
2024-07-08,Compound,Arbitrum,4.16,USDT,192684136,4.83,11.04
2024-07-08,Compound,Arbitrum,4.57,DAI,199958445,3.38,14.14
2024-07-08,Compound,Optimism,4.6,USDC,202537029,2.62,11.91
2024-07-08,Compound,Optimism,4.09,USDT,198680431,3.11,8.41
2024-07-08,Compound,Polygon,4.82,USDC,204352245,1.36,9.73
2024-07-08,Compound,Polygon,4.34,DAI,194800553,1.32,10.66
2024-07-08,Compound,Base,4.18,USDC,185068472,3.62,10.42
2024-07-08,Compound,Base,4.28,DAI,209231660,3.83,8.37
2024-07-08,Curve,Ethereum,6.28,USDT,386458089,47.64,0
2024-07-08,Curve,Ethereum,5.23,DAI,331333573,36.75,0
2024-07-08,Curve,Arbitrum,7.94,USDC,345123967,3.71,10.36
2024-07-08,Curve,Arbitrum,7.17,USDT,359457368,2.68,12.92
2024-07-08,Curve,Arbitrum,6.22,DAI,384305700,4.14,12.61
2024-07-08,Curve,Optimism,6.72,USDC,342187518,3.27,10.57
2024-07-08,Curve,Optimism,7.74,USDT,348558011,2.9,9.2
2024-07-08,Curve,Optimism,6.15,DAI,381441213,1.8,11.01
2024-07-08,Curve,Polygon,6.69,USDC,331630368,1.75,6.99
2024-07-08,Curve,Polygon,7.43,USDT,362912136,1.41,9.66
2024-07-08,Curve,Polygon,8.22,DAI,369548176,1.92,10.32
2024-07-08,Curve,Base,6.08,USDC,358697364,3.21,10.78
2024-07-08,Curve,Base,7.44,USDT,364840232,3.62,12.92
2024-07-08,Curve,Base,6.09,DAI,399410145,2.96,7.48
2024-07-08,Uniswap V3,Ethereum,5.81,USDC,107814200,46.72,0
2024-07-08,Uniswap V3,Ethereum,7.51,USDT,107387692,38.27,0
2024-07-08,Uniswap V3,Ethereum,7.36,DAI,103195842,51.54,0
2024-07-08,Uniswap V3,Arbitrum,10.22,USDC,109508520,3.39,11.69
2024-07-08,Uniswap V3,Arbitrum,6.91,USDT,105347326,4.09,9.55
2024-07-08,Uniswap V3,Arbitrum,9.04,DAI,101664852,4.52,10.02
2024-07-08,Uniswap V3,Optimism,6.66,USDC,117420761,2.18,9.04
2024-07-08,Uniswap V3,Optimism,6.38,USDT,105879014,3.17,9.92
2024-07-08,Uniswap V3,Optimism,9.58,DAI,103776628,3.84,9.25
2024-07-08,Uniswap V3,Polygon,7.53,USDC,102028725,1.63,4.54
2024-07-08,Uniswap V3,Polygon,5.71,USDT,107482068,1.03,5.27
2024-07-08,Uniswap V3,Polygon,8.53,DAI,106756543,1.35,8.86
2024-07-08,Uniswap V3,Base,8.5,USDC,102702095,3.42,8.96
2024-07-08,Uniswap V3,Base,10.26,USDT,106248410,3.67,9.81
2024-07-08,Uniswap V3,Base,9.34,DAI,102987206,3.68,9.49
2024-07-08,Yearn,Ethereum,4.98,USDT,134508776,44.09,0
2024-07-08,Yearn,Ethereum,4.16,DAI,128803622,30.81,0
2024-07-08,Yearn,Arbitrum,7.13,USDC,132926372,4.17,6.23
2024-07-08,Yearn,Arbitrum,5.69,USDT,139823374,4.45,12.17
2024-07-08,Yearn,Arbitrum,6.43,DAI,137068407,3.6,14.76
2024-07-08,Yearn,Optimism,5.77,USDT,136742570,2.52,9.83
2024-07-08,Yearn,Optimism,5.12,DAI,138515862,2.72,9.69
2024-07-08,Yearn,Polygon,6.13,USDC,121608352,1.71,9.68
2024-07-08,Yearn,Polygon,7.06,USDT,126325972,0.39,8.64
2024-07-08,Yearn,Polygon,6.52,DAI,141204907,0.7,7.97
2024-07-08,Yearn,Base,5.59,USDC,137638260,3.09,14.74
2024-07-08,Yearn,Base,5.59,USDT,136561946,3.25,8.73
2024-07-08,Yearn,Base,6.84,DAI,127957272,4.0,13.92
2024-07-08,Pendle,Ethereum,7.99,USDC,85646375,36.6,0
2024-07-08,Pendle,Ethereum,7.44,USDT,87887368,53.35,0
2024-07-08,Pendle,Ethereum,8.16,DAI,83975160,40.54,0
2024-07-08,Pendle,Arbitrum,11.12,USDC,78845141,3.22,10.48
2024-07-08,Pendle,Arbitrum,10.7,USDT,83044508,4.73,9.4
2024-07-08,Pendle,Arbitrum,10.93,DAI,76451064,3.94,11.18
2024-07-08,Pendle,Optimism,10.71,USDC,86530133,2.79,4.17
2024-07-08,Pendle,Optimism,8.62,USDT,81143212,3.33,9.34
2024-07-08,Pendle,Base,8.34,USDC,91763844,3.09,10.2
2024-07-08,Pendle,Base,11.44,USDT,84561231,3.98,9.15
2024-07-08,Pendle,Base,12.43,DAI,80143602,3.17,10.58
2024-07-08,Convex,Ethereum,5.97,USDC,183314920,42.03,0
2024-07-08,Convex,Ethereum,5.57,USDT,163934433,27.93,0
2024-07-08,Convex,Ethereum,5.93,DAI,162430706,31.63,0
2024-07-08,Balancer,Ethereum,6.38,USDC,120894576,27.73,0
2024-07-08,Balancer,Ethereum,6.66,USDT,124626025,52.83,0
2024-07-08,Balancer,Ethereum,6.83,DAI,120300868,36.67,0
2024-07-08,Balancer,Arbitrum,9.01,USDC,118603031,3.29,14.39
2024-07-08,Balancer,Arbitrum,9.43,USDT,123677278,3.99,14.25
2024-07-08,Balancer,Arbitrum,7.83,DAI,107818648,3.97,9.96
2024-07-08,Balancer,Optimism,5.9,USDC,118286188,3.48,11.09
2024-07-08,Balancer,Optimism,7.64,USDT,118541573,2.48,11.41
2024-07-08,Balancer,Optimism,7.99,DAI,124935653,3.44,10.47
2024-07-08,Balancer,Polygon,8.61,USDC,126833908,1.62,8.87
2024-07-08,Balancer,Polygon,7.42,USDT,117994196,1.54,7.12
2024-07-08,Balancer,Polygon,7.42,DAI,111960441,1.31,5.14
2024-07-08,Balancer,Base,6.82,USDC,121398362,2.74,12.64
2024-07-08,Balancer,Base,7.09,USDT,121882980,3.49,8.88
2024-07-08,Balancer,Base,7.27,DAI,123185526,3.26,5.63
2024-07-09,Aave,Ethereum,4.18,USDC,274258507,41.1,0
2024-07-09,Aave,Ethereum,3.75,USDT,296675408,48.54,0
2024-07-09,Aave,Ethereum,4.09,DAI,274522173,41.51,0
2024-07-09,Aave,Arbitrum,3.9,USDT,266892039,2.45,14.25
2024-07-09,Aave,Arbitrum,5.16,DAI,262459162,3.1,16.26
2024-07-09,Aave,Optimism,4.7,USDC,281431984,3.23,9.68
2024-07-09,Aave,Optimism,5.55,USDT,273211472,3.2,4.87
2024-07-09,Aave,Optimism,5.08,DAI,254808956,3.92,8.0
2024-07-09,Aave,Polygon,5.82,USDC,283625433,1.09,8.75
2024-07-09,Aave,Polygon,4.81,USDT,283369240,1.32,9.0
2024-07-09,Aave,Polygon,5.79,DAI,276048783,1.37,8.42
2024-07-09,Aave,Base,5.23,USDC,268367218,3.93,13.33
2024-07-09,Aave,Base,3.92,USDT,284190167,3.12,9.76
2024-07-09,Compound,Ethereum,3.93,USDC,199364801,50.43,0
2024-07-09,Compound,Ethereum,3.78,USDT,201793734,39.51,0
2024-07-09,Compound,Ethereum,3.6,DAI,212741752,48.33,0
2024-07-09,Compound,Arbitrum,4.24,USDC,213710347,2.55,8.43
2024-07-09,Compound,Arbitrum,4.84,USDT,186651012,3.71,15.7
2024-07-09,Compound,Arbitrum,4.82,DAI,203348037,3.42,9.88
2024-07-09,Compound,Optimism,3.99,USDC,186819173,2.8,9.45
2024-07-09,Compound,Optimism,4.38,USDT,235261983,2.52,14.22
2024-07-09,Compound,Optimism,3.98,DAI,189042184,3.48,12.79
2024-07-09,Compound,Polygon,4.64,USDC,193399784,1.47,10.43
2024-07-09,Compound,Polygon,4.64,USDT,204215785,1.36,7.64
2024-07-09,Compound,Polygon,4.55,DAI,201804935,1.92,8.59
2024-07-09,Compound,Base,4.2,USDC,205126945,3.46,8.84
2024-07-09,Compound,Base,4.16,USDT,191969543,3.03,14.2
2024-07-09,Curve,Ethereum,6.27,USDC,374777640,43.05,0
2024-07-09,Curve,Ethereum,6.78,USDT,377594051,39.38,0
2024-07-09,Curve,Ethereum,7.5,DAI,332667559,38.43,0
2024-07-09,Curve,Arbitrum,8.9,USDC,340598804,3.29,7.99
2024-07-09,Curve,Arbitrum,7.19,USDT,330509753,3.52,13.87
2024-07-09,Curve,Optimism,7.68,USDT,360225611,3.09,3.65
2024-07-09,Curve,Optimism,7.27,DAI,359618176,2.88,7.91
2024-07-09,Curve,Polygon,7.75,USDC,360986288,1.55,8.3
2024-07-09,Curve,Polygon,8.53,USDT,351015192,1.71,7.58
2024-07-09,Curve,Polygon,7.29,DAI,352211086,0.8,10.72
2024-07-09,Curve,Base,6.74,USDC,344260787,3.12,9.56
2024-07-09,Curve,Base,7.24,USDT,328452659,3.75,8.83
2024-07-09,Curve,Base,6.75,DAI,354728306,3.32,11.86
2024-07-09,Uniswap V3,Ethereum,7.22,USDC,105438177,30.24,0
2024-07-09,Uniswap V3,Ethereum,7.21,USDT,102502521,42.27,0
2024-07-09,Uniswap V3,Ethereum,6.84,DAI,103437769,40.96,0
2024-07-09,Uniswap V3,Arbitrum,7.7,USDC,113762346,4.15,12.24
2024-07-09,Uniswap V3,Arbitrum,7.97,USDT,98450965,2.86,11.71
2024-07-09,Uniswap V3,Arbitrum,8.34,DAI,102202329,3.42,14.08
2024-07-09,Uniswap V3,Optimism,9.56,USDC,102719546,3.51,10.36
2024-07-09,Uniswap V3,Optimism,7.25,USDT,101735316,4.04,6.91
2024-07-09,Uniswap V3,Polygon,7.4,USDC,111269725,1.1,8.4
2024-07-09,Uniswap V3,Polygon,9.12,USDT,108637443,1.46,8.5
2024-07-09,Uniswap V3,Polygon,7.37,DAI,96873681,0.92,8.57
2024-07-09,Uniswap V3,Base,8.17,USDC,103530212,3.53,9.29
2024-07-09,Uniswap V3,Base,7.77,USDT,106888323,3.15,7.81
2024-07-09,Uniswap V3,Base,8.64,DAI,104173718,3.39,7.13
2024-07-09,Yearn,Ethereum,3.92,USDT,150168941,29.17,0
2024-07-09,Yearn,Ethereum,5.1,DAI,134990653,39.24,0
2024-07-09,Yearn,Arbitrum,6.0,USDC,130546874,3.07,13.38
2024-07-09,Yearn,Arbitrum,5.68,USDT,137143983,4.59,13.49
2024-07-09,Yearn,Arbitrum,6.37,DAI,134022359,3.86,11.8
2024-07-09,Yearn,Optimism,5.73,USDC,130924330,2.73,10.02
2024-07-09,Yearn,Optimism,5.78,USDT,133862828,2.8,9.79
2024-07-09,Yearn,Optimism,5.75,DAI,125496861,2.42,5.67
2024-07-09,Yearn,Polygon,5.68,USDT,128599426,1.26,8.63
2024-07-09,Yearn,Base,5.13,USDC,146531968,3.45,9.56
2024-07-09,Yearn,Base,6.15,USDT,134107680,3.34,11.67
2024-07-09,Yearn,Base,6.54,DAI,135177565,3.72,9.49
2024-07-09,Pendle,Ethereum,7.98,USDC,84126396,40.13,0
2024-07-09,Pendle,Ethereum,7.5,USDT,82116120,46.31,0
2024-07-09,Pendle,Ethereum,8.15,DAI,84556746,35.2,0
2024-07-09,Pendle,Arbitrum,7.33,USDC,83069551,3.47,16.72
2024-07-09,Pendle,Arbitrum,10.56,USDT,80152113,4.22,12.3
2024-07-09,Pendle,Arbitrum,9.9,DAI,90015259,3.17,14.9
2024-07-09,Pendle,Optimism,10.67,USDC,85541018,3.08,9.25
2024-07-09,Pendle,Optimism,11.47,USDT,81148878,4.14,9.52
2024-07-09,Pendle,Optimism,11.35,DAI,85878289,2.7,8.81
2024-07-09,Pendle,Base,10.92,USDC,83368633,3.42,13.37
2024-07-09,Pendle,Base,11.43,USDT,80407482,2.83,10.61
2024-07-09,Pendle,Base,11.1,DAI,80499793,3.98,8.84
2024-07-09,Convex,Ethereum,5.96,USDC,169343473,46.12,0
2024-07-09,Convex,Ethereum,5.57,USDT,145518878,34.05,0
2024-07-09,Convex,Ethereum,5.86,DAI,173908641,39.21,0
2024-07-09,Balancer,Ethereum,7.23,USDC,123264798,52.33,0
2024-07-09,Balancer,Ethereum,5.34,USDT,124656171,48.56,0
2024-07-09,Balancer,Ethereum,6.32,DAI,126216738,55.88,0
2024-07-09,Balancer,Arbitrum,8.44,USDC,126011856,3.36,12.57
2024-07-09,Balancer,Arbitrum,8.09,USDT,126245460,4.8,11.2
2024-07-09,Balancer,Arbitrum,8.86,DAI,118808597,2.24,11.24
2024-07-09,Balancer,Optimism,7.62,USDC,128238149,2.72,9.39
2024-07-09,Balancer,Optimism,7.21,USDT,127625643,1.92,8.72
2024-07-09,Balancer,Optimism,7.17,DAI,122100980,4.41,11.6
2024-07-09,Balancer,Polygon,7.66,USDC,118875119,0.94,7.36
2024-07-09,Balancer,Polygon,9.21,USDT,124661772,1.57,6.71
2024-07-09,Balancer,Polygon,8.57,DAI,129506375,1.64,9.22
2024-07-09,Balancer,Base,8.05,USDC,126994792,3.04,6.69
2024-07-09,Balancer,Base,7.99,USDT,121837872,3.11,10.84
2024-07-09,Balancer,Base,7.68,DAI,119930851,2.98,9.12
2024-07-10,Aave,Ethereum,3.58,USDC,301677815,46.13,0
2024-07-10,Aave,Ethereum,4.1,USDT,280047273,61.85,0
2024-07-10,Aave,Ethereum,3.93,DAI,282164503,43.05,0
2024-07-10,Aave,Arbitrum,5.08,USDC,261829728,3.08,15.19
2024-07-10,Aave,Arbitrum,4.95,USDT,257634963,2.63,9.72
2024-07-10,Aave,Arbitrum,4.35,DAI,276194101,3.33,14.46
2024-07-10,Aave,Optimism,5.12,USDC,288181690,2.53,9.58
2024-07-10,Aave,Optimism,4.17,USDT,279007053,2.67,9.97
2024-07-10,Aave,Optimism,3.97,DAI,257493942,3.03,8.28
2024-07-10,Aave,Polygon,5.64,USDC,264690909,1.45,6.76
2024-07-10,Aave,Polygon,4.48,USDT,283128366,1.14,6.27
2024-07-10,Aave,Base,4.24,USDC,276565029,3.41,8.89
2024-07-10,Aave,Base,4.98,USDT,274985463,3.12,10.94
2024-07-10,Aave,Base,5.99,DAI,302877483,2.8,6.77
2024-07-10,Compound,Ethereum,3.39,USDT,205131834,45.11,0
2024-07-10,Compound,Ethereum,3.84,DAI,192476500,43.33,0
2024-07-10,Compound,Arbitrum,4.44,USDC,193986706,2.87,10.13
2024-07-10,Compound,Arbitrum,5.1,USDT,209076080,4.09,7.98
2024-07-10,Compound,Arbitrum,4.58,DAI,217903849,3.88,11.58
2024-07-10,Compound,Optimism,4.77,USDC,199243956,2.33,8.01
2024-07-10,Compound,Optimism,4.13,DAI,184260954,3.15,7.01
2024-07-10,Compound,Polygon,4.63,USDC,204760977,1.33,6.81
2024-07-10,Compound,Polygon,5.36,USDT,210093016,0.99,6.52
2024-07-10,Compound,Base,5.38,USDC,228206879,2.71,9.08
2024-07-10,Compound,Base,4.53,USDT,186665597,3.3,11.04
2024-07-10,Compound,Base,4.19,DAI,200287619,3.34,9.35
2024-07-10,Curve,Ethereum,6.61,USDC,322116174,35.28,0
2024-07-10,Curve,Ethereum,6.25,USDT,359143223,42.17,0
2024-07-10,Curve,Ethereum,5.51,DAI,361138146,34.66,0
2024-07-10,Curve,Arbitrum,7.43,USDC,349882283,2.96,6.51
2024-07-10,Curve,Arbitrum,7.61,USDT,354624608,3.03,14.47
2024-07-10,Curve,Arbitrum,7.52,DAI,365029730,3.03,8.21
2024-07-10,Curve,Optimism,6.87,USDC,349509346,4.82,8.53
2024-07-10,Curve,Optimism,7.82,USDT,345056514,3.03,9.57
2024-07-10,Curve,Optimism,5.36,DAI,377731694,2.73,4.34
2024-07-10,Curve,Polygon,6.71,USDC,333132943,1.34,10.04
2024-07-10,Curve,Polygon,8.37,USDT,371911993,1.95,6.86
2024-07-10,Curve,Polygon,8.12,DAI,369502666,1.33,8.66
2024-07-10,Curve,Base,6.74,USDC,339016304,3.5,10.09
2024-07-10,Curve,Base,6.18,USDT,356464064,3.85,9.87
2024-07-10,Curve,Base,7.28,DAI,362423885,3.06,11.48
2024-07-10,Uniswap V3,Ethereum,6.47,USDC,109355223,48.55,0
2024-07-10,Uniswap V3,Ethereum,6.45,USDT,105472658,31.85,0
2024-07-10,Uniswap V3,Ethereum,6.92,DAI,103450876,39.77,0
2024-07-10,Uniswap V3,Arbitrum,8.99,USDC,101816740,5.04,13.25
2024-07-10,Uniswap V3,Arbitrum,9.23,DAI,113273400,4.24,14.85
2024-07-10,Uniswap V3,Optimism,8.4,USDC,106191482,3.84,7.47
2024-07-10,Uniswap V3,Optimism,8.4,USDT,101839123,3.22,11.7
2024-07-10,Uniswap V3,Optimism,8.14,DAI,116148048,2.61,10.13
2024-07-10,Uniswap V3,Polygon,8.73,USDC,110021775,1.64,8.47
2024-07-10,Uniswap V3,Polygon,7.17,USDT,102454143,0.96,9.33
2024-07-10,Uniswap V3,Base,8.05,USDC,98009381,3.89,7.67
2024-07-10,Uniswap V3,Base,7.78,USDT,103702987,2.78,12.61
2024-07-10,Uniswap V3,Base,9.29,DAI,112044450,3.79,8.57
2024-07-10,Yearn,Ethereum,5.04,DAI,132472522,37.68,0
2024-07-10,Yearn,Arbitrum,6.03,USDC,126525284,3.98,12.67
2024-07-10,Yearn,Arbitrum,6.04,USDT,143698288,3.68,12.66
2024-07-10,Yearn,Arbitrum,5.47,DAI,138058324,2.88,10.61
2024-07-10,Yearn,Optimism,6.45,USDT,132971250,2.18,9.89
2024-07-10,Yearn,Optimism,6.65,DAI,126198208,3.05,9.03
2024-07-10,Yearn,Polygon,6.64,USDC,132510692,1.54,9.07
2024-07-10,Yearn,Polygon,5.92,USDT,125482875,1.81,7.1
2024-07-10,Yearn,Polygon,6.66,DAI,129844426,1.44,8.82
2024-07-10,Yearn,Base,7.1,USDC,123255160,2.94,10.07
2024-07-10,Yearn,Base,5.64,USDT,129213958,3.59,11.79
2024-07-10,Yearn,Base,5.65,DAI,137419022,3.05,7.83
2024-07-10,Pendle,Ethereum,9.53,USDC,83789199,54.31,0
2024-07-10,Pendle,Ethereum,8.85,USDT,90812439,41.53,0
2024-07-10,Pendle,Ethereum,9.87,DAI,89605872,37.75,0
2024-07-10,Pendle,Arbitrum,9.87,USDC,90814435,2.44,14.07
2024-07-10,Pendle,Arbitrum,11.72,USDT,89982474,4.1,9.13
2024-07-10,Pendle,Arbitrum,12.6,DAI,85878306,4.11,11.77
2024-07-10,Pendle,Optimism,12.18,USDC,85637209,3.03,8.94
2024-07-10,Pendle,Optimism,9.27,USDT,82071346,3.23,10.61
2024-07-10,Pendle,Optimism,9.52,DAI,89200013,2.96,7.31
2024-07-10,Pendle,Base,10.93,USDC,84623864,3.59,12.69
2024-07-10,Pendle,Base,13.0,USDT,86989853,2.3,9.55
2024-07-10,Pendle,Base,9.84,DAI,87110981,3.82,8.18
2024-07-10,Convex,Ethereum,4.54,USDC,160081401,41.44,0
2024-07-10,Convex,Ethereum,6.25,USDT,160192891,33.3,0
2024-07-10,Balancer,Ethereum,6.65,USDC,124754335,41.22,0
2024-07-10,Balancer,Ethereum,6.03,USDT,123429439,48.91,0
2024-07-10,Balancer,Ethereum,5.25,DAI,120077768,37.9,0
2024-07-10,Balancer,Arbitrum,6.21,USDC,118175214,3.57,12.23
2024-07-10,Balancer,Arbitrum,7.95,USDT,131535309,4.44,12.89
2024-07-10,Balancer,Arbitrum,8.06,DAI,116668623,3.51,8.97
2024-07-10,Balancer,Optimism,6.98,USDC,116904922,2.84,8.4
2024-07-10,Balancer,Optimism,7.15,USDT,120534015,3.02,11.65
2024-07-10,Balancer,Polygon,7.71,USDC,118468265,1.62,6.12
2024-07-10,Balancer,Polygon,7.97,USDT,110172667,1.92,10.4
2024-07-10,Balancer,Polygon,9.5,DAI,124111605,1.8,6.29
2024-07-10,Balancer,Base,7.68,USDC,132158080,3.83,7.76
2024-07-10,Balancer,Base,7.46,USDT,125854829,3.43,8.38
2024-07-10,Balancer,Base,7.36,DAI,125521705,3.5,9.86
2024-07-11,Aave,Ethereum,4.59,USDC,296635133,41.88,0
2024-07-11,Aave,Ethereum,3.5,USDT,272062653,45.8,0
2024-07-11,Aave,Ethereum,3.74,DAI,284931286,43.86,0
2024-07-11,Aave,Arbitrum,4.49,USDC,278235064,3.8,16.04
2024-07-11,Aave,Arbitrum,4.55,USDT,263830443,4.08,11.97
2024-07-11,Aave,Arbitrum,4.91,DAI,283595279,4.89,10.99
2024-07-11,Aave,Optimism,5.66,USDC,297103488,3.13,12.4
2024-07-11,Aave,Polygon,4.64,USDC,259146643,1.36,7.79
2024-07-11,Aave,Polygon,4.53,USDT,275000458,1.78,6.78
2024-07-11,Aave,Polygon,5.23,DAI,252704893,1.61,9.09
2024-07-11,Aave,Base,4.71,USDC,300651502,3.87,6.94
2024-07-11,Aave,Base,4.61,USDT,270743393,3.33,11.42
2024-07-11,Aave,Base,4.77,DAI,271683485,3.52,10.28
2024-07-11,Compound,Ethereum,3.63,USDC,211633426,54.68,0
2024-07-11,Compound,Ethereum,3.99,USDT,201388470,45.72,0
2024-07-11,Compound,Ethereum,4.08,DAI,194121984,31.26,0
2024-07-11,Compound,Arbitrum,4.65,USDC,209609418,2.63,11.62
2024-07-11,Compound,Arbitrum,4.62,USDT,193707838,3.25,13.4
2024-07-11,Compound,Optimism,4.93,USDC,189016869,2.6,8.38
2024-07-11,Compound,Optimism,4.9,USDT,209128291,2.83,6.79
2024-07-11,Compound,Optimism,4.72,DAI,208879233,2.75,6.23
2024-07-11,Compound,Polygon,5.15,USDC,200005280,1.38,6.64
2024-07-11,Compound,Polygon,3.78,USDT,193395162,1.18,5.44
2024-07-11,Compound,Polygon,3.98,DAI,198665552,1.68,9.91
2024-07-11,Compound,Base,4.23,USDT,196129649,3.17,12.14
2024-07-11,Compound,Base,4.91,DAI,201741119,3.26,9.61
2024-07-11,Curve,Ethereum,6.03,USDC,375613034,41.4,0
2024-07-11,Curve,Ethereum,6.24,USDT,371224279,53.7,0
2024-07-11,Curve,Ethereum,5.54,DAI,329749312,42.27,0
2024-07-11,Curve,Arbitrum,7.13,USDC,368714417,2.72,12.46
2024-07-11,Curve,Arbitrum,9.61,USDT,335768116,2.91,15.32
2024-07-11,Curve,Arbitrum,7.09,DAI,331717925,4.55,10.02
2024-07-11,Curve,Optimism,7.05,USDC,354981359,2.86,8.92
2024-07-11,Curve,Optimism,7.11,USDT,351617695,3.53,7.84
2024-07-11,Curve,Optimism,6.84,DAI,358951807,3.43,8.28
2024-07-11,Curve,Polygon,8.53,USDC,358536172,1.48,9.53
2024-07-11,Curve,Polygon,6.7,USDT,334650530,1.76,8.73
2024-07-11,Curve,Polygon,7.57,DAI,328220362,1.04,7.23
2024-07-11,Curve,Base,6.54,USDC,372692642,3.03,9.17
2024-07-11,Curve,Base,6.63,USDT,349180932,2.7,8.87
2024-07-11,Curve,Base,8.03,DAI,370355677,3.43,8.8
2024-07-11,Uniswap V3,Ethereum,5.63,USDC,114457436,47.55,0
2024-07-11,Uniswap V3,Ethereum,6.74,USDT,112450463,47.83,0
2024-07-11,Uniswap V3,Ethereum,7.05,DAI,108931045,35.11,0
2024-07-11,Uniswap V3,Arbitrum,10.94,USDC,110300197,3.48,12.68
2024-07-11,Uniswap V3,Arbitrum,8.68,DAI,106967742,2.64,15.05
2024-07-11,Uniswap V3,Optimism,7.4,USDC,108458523,2.96,7.84
2024-07-11,Uniswap V3,Optimism,7.75,USDT,105537639,3.32,7.21
2024-07-11,Uniswap V3,Optimism,8.09,DAI,110145122,2.45,8.91
2024-07-11,Uniswap V3,Polygon,8.6,USDC,103532604,1.8,8.9
2024-07-11,Uniswap V3,Polygon,8.55,USDT,108622010,1.37,7.37
2024-07-11,Uniswap V3,Polygon,8.23,DAI,98770070,1.55,9.17
2024-07-11,Uniswap V3,Base,9.15,USDC,96949549,3.5,11.9
2024-07-11,Uniswap V3,Base,9.22,USDT,99738192,3.41,8.07
2024-07-11,Uniswap V3,Base,7.64,DAI,114042258,3.87,9.47
2024-07-11,Yearn,Ethereum,4.81,USDC,136993903,37.82,0
2024-07-11,Yearn,Ethereum,5.03,USDT,132646819,47.11,0
2024-07-11,Yearn,Ethereum,5.2,DAI,134230720,42.33,0
2024-07-11,Yearn,Arbitrum,5.28,USDC,133033900,3.29,12.91
2024-07-11,Yearn,Arbitrum,6.04,USDT,129536107,2.71,12.33
2024-07-11,Yearn,Arbitrum,5.1,DAI,130739885,3.09,10.28
2024-07-11,Yearn,Optimism,7.46,USDC,137118947,2.63,10.44
2024-07-11,Yearn,Optimism,4.84,DAI,140152465,2.88,9.74
2024-07-11,Yearn,Polygon,6.55,USDC,149088146,1.49,6.2
2024-07-11,Yearn,Polygon,6.43,USDT,136356844,1.21,6.45
2024-07-11,Yearn,Polygon,6.94,DAI,128762071,1.11,6.87
2024-07-11,Yearn,Base,6.34,USDC,131723533,3.54,10.67
2024-07-11,Yearn,Base,5.44,DAI,131394934,3.76,10.46
2024-07-11,Pendle,Ethereum,9.78,USDC,84538583,48.2,0
2024-07-11,Pendle,Ethereum,9.43,USDT,85318317,45.58,0
2024-07-11,Pendle,Ethereum,8.23,DAI,80465072,54.28,0
2024-07-11,Pendle,Arbitrum,8.49,USDT,81483333,4.52,15.01
2024-07-11,Pendle,Arbitrum,12.6,DAI,85220760,4.51,11.47
2024-07-11,Pendle,Optimism,10.41,USDC,81068718,2.68,11.0
2024-07-11,Pendle,Optimism,10.93,USDT,86205608,1.94,9.25
2024-07-11,Pendle,Optimism,8.46,DAI,80787093,3.43,9.75
2024-07-11,Pendle,Base,13.62,USDC,87516067,3.71,9.03
2024-07-11,Pendle,Base,9.82,USDT,81041229,2.65,8.09
2024-07-11,Pendle,Base,8.08,DAI,81613437,3.34,8.94
2024-07-11,Convex,Ethereum,5.38,USDC,172336767,54.98,0
2024-07-11,Convex,Ethereum,5.58,USDT,159097445,34.65,0
2024-07-11,Convex,Ethereum,6.28,DAI,166177815,37.06,0
2024-07-11,Balancer,Ethereum,6.84,USDC,114949159,39.72,0
2024-07-11,Balancer,Ethereum,7.08,USDT,134137285,36.7,0
2024-07-11,Balancer,Ethereum,5.91,DAI,114112831,47.75,0
2024-07-11,Balancer,Arbitrum,7.65,USDC,114835059,3.02,13.94
2024-07-11,Balancer,Arbitrum,8.12,USDT,125678369,4.07,15.9
2024-07-11,Balancer,Arbitrum,8.43,DAI,127907758,4.35,13.94
2024-07-11,Balancer,Optimism,7.89,USDT,130480056,3.17,10.34
2024-07-11,Balancer,Optimism,6.58,DAI,114132929,2.2,10.27
2024-07-11,Balancer,Polygon,8.76,USDC,134450568,1.45,8.74
2024-07-11,Balancer,Polygon,8.52,DAI,113649862,2.14,9.38
2024-07-11,Balancer,Base,8.09,USDC,122303626,4.2,8.51
2024-07-11,Balancer,Base,7.45,DAI,114616050,2.81,8.22
2024-07-12,Aave,Ethereum,3.76,USDC,281511460,43.07,0
2024-07-12,Aave,Ethereum,4.49,USDT,292008943,55.25,0
2024-07-12,Aave,Arbitrum,5.58,USDC,264138006,3.4,7.72
2024-07-12,Aave,Arbitrum,5.47,USDT,279927215,3.75,9.06
2024-07-12,Aave,Arbitrum,5.19,DAI,286533704,3.5,14.36
2024-07-12,Aave,Optimism,4.93,USDC,283930410,2.8,7.74
2024-07-12,Aave,Optimism,4.28,USDT,266379671,2.54,9.98
2024-07-12,Aave,Optimism,4.36,DAI,264505456,3.31,9.72
2024-07-12,Aave,Polygon,5.55,USDC,259727746,1.88,7.11
2024-07-12,Aave,Polygon,4.49,USDT,266886803,1.45,4.12
2024-07-12,Aave,Polygon,5.28,DAI,269018369,1.6,5.81
2024-07-12,Aave,Base,5.11,USDC,298471267,2.5,11.3
2024-07-12,Aave,Base,4.88,USDT,266633341,3.47,7.22
2024-07-12,Aave,Base,6.05,DAI,282282638,3.55,5.99
2024-07-12,Compound,Ethereum,4.21,USDC,199114312,37.06,0
2024-07-12,Compound,Ethereum,3.56,USDT,192340544,49.2,0
2024-07-12,Compound,Ethereum,4.14,DAI,184492784,34.98,0
2024-07-12,Compound,Arbitrum,4.88,USDC,193322407,3.28,13.74
2024-07-12,Compound,Arbitrum,4.29,USDT,194791309,4.5,12.75
2024-07-12,Compound,Arbitrum,4.66,DAI,205524076,5.11,13.56
2024-07-12,Compound,Optimism,4.22,USDC,179937158,2.94,7.15
2024-07-12,Compound,Optimism,4.39,USDT,197597040,2.01,8.71
2024-07-12,Compound,Polygon,4.5,USDC,210005769,1.49,6.45
2024-07-12,Compound,Polygon,5.09,USDT,183336572,0.62,9.6
2024-07-12,Compound,Polygon,4.59,DAI,209219289,1.35,7.22
2024-07-12,Compound,Base,4.22,USDC,194294676,3.51,9.76
2024-07-12,Compound,Base,4.42,USDT,187553754,3.45,14.37
2024-07-12,Compound,Base,4.09,DAI,212406947,2.95,9.49
2024-07-12,Curve,Ethereum,4.98,USDC,356577645,41.54,0
2024-07-12,Curve,Ethereum,5.54,USDT,353212503,43.71,0
2024-07-12,Curve,Arbitrum,7.78,USDT,352828810,3.98,10.87
2024-07-12,Curve,Arbitrum,8.16,DAI,346126330,4.36,12.1
2024-07-12,Curve,Optimism,6.92,USDC,358983967,2.84,9.44
2024-07-12,Curve,Optimism,8.16,USDT,352813176,3.58,11.31
2024-07-12,Curve,Optimism,7.69,DAI,339591018,2.19,7.99
2024-07-12,Curve,Polygon,7.08,USDC,350981912,1.49,6.57
2024-07-12,Curve,Polygon,7.69,USDT,326988269,1.8,7.29
2024-07-12,Curve,Base,7.86,USDC,343649186,4.19,11.92
2024-07-12,Curve,Base,6.65,USDT,364034612,3.11,11.58
2024-07-12,Uniswap V3,Ethereum,7.48,USDC,109789707,35.17,0
2024-07-12,Uniswap V3,Ethereum,7.52,USDT,105389038,33.48,0
2024-07-12,Uniswap V3,Ethereum,6.52,DAI,105592581,33.23,0
2024-07-12,Uniswap V3,Arbitrum,8.29,USDC,106486664,3.55,10.87
2024-07-12,Uniswap V3,Arbitrum,9.33,DAI,107664882,2.86,11.15
2024-07-12,Uniswap V3,Optimism,8.23,USDC,103693770,2.56,10.01
2024-07-12,Uniswap V3,Optimism,6.83,USDT,108025752,2.98,11.01
2024-07-12,Uniswap V3,Optimism,8.94,DAI,101479203,3.37,9.09
2024-07-12,Uniswap V3,Polygon,7.79,USDC,103475270,1.51,8.8
2024-07-12,Uniswap V3,Polygon,8.5,USDT,107967898,1.48,11.25
2024-07-12,Uniswap V3,Polygon,7.76,DAI,104937444,1.62,9.78
2024-07-12,Uniswap V3,Base,7.94,USDC,105041633,2.99,9.56
2024-07-12,Uniswap V3,Base,9.24,USDT,103517694,3.58,9.9
2024-07-12,Uniswap V3,Base,8.43,DAI,103605129,2.49,9.87
2024-07-12,Yearn,Ethereum,4.44,USDC,133466493,33.35,0
2024-07-12,Yearn,Ethereum,5.19,USDT,121248815,31.89,0
2024-07-12,Yearn,Ethereum,4.59,DAI,122315297,47.3,0
2024-07-12,Yearn,Arbitrum,5.98,USDC,129739805,3.34,10.71
2024-07-12,Yearn,Arbitrum,5.91,USDT,121225568,3.07,11.37
2024-07-12,Yearn,Optimism,6.97,USDC,128395438,3.38,6.23
2024-07-12,Yearn,Optimism,5.42,USDT,131217107,3.35,12.15
2024-07-12,Yearn,Optimism,6.28,DAI,131254029,3.31,10.45
2024-07-12,Yearn,Polygon,5.97,USDC,126358503,1.25,10.46
2024-07-12,Yearn,Polygon,6.02,USDT,138489209,1.63,9.22
2024-07-12,Yearn,Polygon,6.41,DAI,137272260,1.66,9.26
2024-07-12,Yearn,Base,5.85,USDT,133976764,2.83,10.47
2024-07-12,Yearn,Base,6.83,DAI,132082672,2.96,12.22
2024-07-12,Pendle,Ethereum,8.95,USDC,89396905,54.03,0
2024-07-12,Pendle,Ethereum,7.56,USDT,85154389,35.22,0
2024-07-12,Pendle,Ethereum,8.53,DAI,79226708,37.84,0
2024-07-12,Pendle,Arbitrum,11.78,USDC,88143220,4.45,10.28
2024-07-12,Pendle,Arbitrum,11.7,USDT,85071658,3.38,11.97
2024-07-12,Pendle,Arbitrum,8.77,DAI,83992218,4.61,11.74
2024-07-12,Pendle,Optimism,8.82,USDC,86829000,3.52,9.56
2024-07-12,Pendle,Optimism,9.93,USDT,86863100,3.57,8.67
2024-07-12,Pendle,Optimism,8.87,DAI,83247686,3.49,10.27
2024-07-12,Pendle,Base,11.12,USDC,79862055,3.43,11.5
2024-07-12,Pendle,Base,10.29,USDT,83170960,3.65,7.17
2024-07-12,Pendle,Base,11.37,DAI,79446963,3.94,5.05
2024-07-12,Convex,Ethereum,4.97,USDC,179335335,40.81,0
2024-07-12,Convex,Ethereum,4.02,USDT,175170940,36.61,0
2024-07-12,Convex,Ethereum,5.04,DAI,163369659,43.82,0
2024-07-12,Balancer,Ethereum,6.37,USDC,119215786,53.24,0
2024-07-12,Balancer,Ethereum,5.44,USDT,121457243,23.48,0
2024-07-12,Balancer,Ethereum,6.3,DAI,110557906,33.97,0
2024-07-12,Balancer,Arbitrum,7.03,USDC,113172904,2.78,10.64
2024-07-12,Balancer,Arbitrum,8.47,USDT,122859058,4.11,13.18
2024-07-12,Balancer,Optimism,8.34,USDC,114814161,3.61,10.26
2024-07-12,Balancer,Optimism,5.98,USDT,118355708,2.79,7.5
2024-07-12,Balancer,Optimism,7.73,DAI,118129940,3.45,10.47
2024-07-12,Balancer,Polygon,9.54,USDC,115589873,1.08,7.74
2024-07-12,Balancer,Polygon,8.65,USDT,122220837,1.77,8.25
2024-07-12,Balancer,Polygon,7.5,DAI,125863293,1.37,7.67
2024-07-12,Balancer,Base,7.29,USDC,117458922,2.81,9.21
2024-07-12,Balancer,Base,6.52,USDT,120092360,3.76,11.19
2024-07-12,Balancer,Base,7.61,DAI,116802258,2.78,10.05
2024-07-13,Aave,Ethereum,3.85,USDT,271798999,27.8,0
2024-07-13,Aave,Arbitrum,3.87,USDT,296705416,1.81,11.19
2024-07-13,Aave,Arbitrum,4.06,DAI,290906837,2.17,15.87
2024-07-13,Aave,Optimism,4.1,USDC,269065667,1.49,7.35
2024-07-13,Aave,Optimism,4.47,USDT,254480420,2.16,8.14
2024-07-13,Aave,Optimism,4.08,DAI,260740616,1.47,8.0
2024-07-13,Aave,Polygon,5.0,USDT,277251356,1.19,6.74
2024-07-13,Aave,Polygon,5.05,DAI,248566225,1.01,7.5
2024-07-13,Aave,Base,4.97,USDC,282408481,2.41,7.84
2024-07-13,Aave,Base,4.95,USDT,248127333,2.28,11.96
2024-07-13,Aave,Base,3.98,DAI,265192088,2.56,10.67
2024-07-13,Compound,Ethereum,3.97,USDT,207355138,24.66,0
2024-07-13,Compound,Ethereum,3.7,DAI,199743306,35.24,0
2024-07-13,Compound,Arbitrum,4.94,USDC,189540720,2.43,9.54
2024-07-13,Compound,Arbitrum,3.9,USDT,187273946,2.33,11.06
2024-07-13,Compound,Arbitrum,5.24,DAI,204126746,2.29,13.58
2024-07-13,Compound,Optimism,4.1,USDC,181206344,1.49,11.03
2024-07-13,Compound,Optimism,4.77,USDT,195426758,1.98,7.92
2024-07-13,Compound,Optimism,5.09,DAI,178129167,2.53,12.91
2024-07-13,Compound,Polygon,4.97,USDC,185406410,1.14,10.13
2024-07-13,Compound,Polygon,4.26,USDT,190043718,0.87,8.17
2024-07-13,Compound,Polygon,4.86,DAI,188237444,0.94,6.08
2024-07-13,Compound,Base,4.21,USDC,193806098,2.37,10.77
2024-07-13,Compound,Base,4.2,USDT,200562255,2.67,9.11
2024-07-13,Compound,Base,4.11,DAI,198053731,2.43,6.62
2024-07-13,Curve,Ethereum,6.49,USDC,334056198,34.41,0
2024-07-13,Curve,Ethereum,6.34,USDT,315607444,26.86,0
2024-07-13,Curve,Ethereum,6.43,DAI,319704524,24.34,0
2024-07-13,Curve,Arbitrum,6.05,USDC,360066988,3.12,13.82
2024-07-13,Curve,Arbitrum,7.54,DAI,351812099,1.78,14.23
2024-07-13,Curve,Optimism,6.67,USDC,336914411,1.59,10.47
2024-07-13,Curve,Optimism,7.56,USDT,337381149,1.91,11.09
2024-07-13,Curve,Optimism,7.09,DAI,368794700,2.52,10.47
2024-07-13,Curve,Polygon,7.4,USDC,343900479,0.88,5.92
2024-07-13,Curve,Polygon,7.53,USDT,345899781,1.07,8.11
2024-07-13,Curve,Polygon,8.87,DAI,355136495,1.15,7.59
2024-07-13,Curve,Base,6.84,USDC,340563907,2.23,12.69
2024-07-13,Curve,Base,5.89,USDT,329670200,2.01,8.38
2024-07-13,Curve,Base,6.64,DAI,345513790,2.2,10.99
2024-07-13,Uniswap V3,Ethereum,6.75,USDC,103563205,28.19,0
2024-07-13,Uniswap V3,Ethereum,5.64,USDT,117766087,30.45,0
2024-07-13,Uniswap V3,Ethereum,6.93,DAI,104111367,32.99,0
2024-07-13,Uniswap V3,Arbitrum,7.73,USDC,98669540,2.49,10.01
2024-07-13,Uniswap V3,Arbitrum,7.23,USDT,99098789,2.39,10.77
2024-07-13,Uniswap V3,Arbitrum,7.71,DAI,100226408,2.67,11.09
2024-07-13,Uniswap V3,Optimism,8.92,USDC,104780409,2.26,9.64
2024-07-13,Uniswap V3,Optimism,8.24,USDT,98497590,2.06,5.54
2024-07-13,Uniswap V3,Optimism,8.0,DAI,104459568,1.72,12.04
2024-07-13,Uniswap V3,Polygon,8.48,USDC,107689470,1.37,7.39
2024-07-13,Uniswap V3,Polygon,8.69,USDT,104447453,0.79,11.05
2024-07-13,Uniswap V3,Polygon,10.37,DAI,108400190,0.77,6.19
2024-07-13,Uniswap V3,Base,8.55,USDT,106077670,2.53,6.18
2024-07-13,Uniswap V3,Base,6.58,DAI,100463464,2.27,9.59
2024-07-13,Yearn,Ethereum,4.6,USDC,123438593,30.16,0
2024-07-13,Yearn,Ethereum,4.73,USDT,138987931,30.48,0
2024-07-13,Yearn,Ethereum,4.5,DAI,133006660,29.06,0
2024-07-13,Yearn,Arbitrum,5.7,USDC,122920748,3.17,12.13
2024-07-13,Yearn,Arbitrum,5.89,USDT,140406088,3.48,10.09
2024-07-13,Yearn,Arbitrum,6.59,DAI,125856330,2.96,13.72
2024-07-13,Yearn,Optimism,4.9,USDT,130819750,2.35,8.66
2024-07-13,Yearn,Polygon,7.08,USDC,136950622,0.95,7.31
2024-07-13,Yearn,Polygon,7.15,USDT,121619671,0.9,7.42
2024-07-13,Yearn,Polygon,6.32,DAI,126746321,0.7,7.76
2024-07-13,Yearn,Base,6.11,USDC,144464377,2.35,7.48
2024-07-13,Yearn,Base,5.8,USDT,125813687,2.18,9.54
2024-07-13,Yearn,Base,5.65,DAI,129990014,2.41,9.48
2024-07-13,Pendle,Ethereum,8.13,USDC,77678035,30.25,0
2024-07-13,Pendle,Ethereum,7.51,DAI,81138128,31.67,0
2024-07-13,Pendle,Arbitrum,13.85,USDC,76302491,2.27,13.21
2024-07-13,Pendle,Arbitrum,11.23,USDT,83745159,3.42,16.68
2024-07-13,Pendle,Arbitrum,9.07,DAI,80384277,2.52,4.76
2024-07-13,Pendle,Optimism,8.35,USDT,81542628,2.03,11.52
2024-07-13,Pendle,Optimism,11.24,DAI,79949587,2.15,9.37
2024-07-13,Pendle,Base,10.7,USDC,74696160,1.86,9.94
2024-07-13,Pendle,Base,10.98,USDT,77817923,2.04,12.17
2024-07-13,Pendle,Base,9.98,DAI,87057369,2.68,13.29
2024-07-13,Convex,Ethereum,5.27,USDC,158751827,25.86,0
2024-07-13,Convex,Ethereum,5.24,USDT,165698044,23.0,0
2024-07-13,Convex,Ethereum,5.93,DAI,163036970,39.93,0
2024-07-13,Balancer,Ethereum,5.55,USDC,122475878,29.44,0
2024-07-13,Balancer,Ethereum,5.8,DAI,122074980,22.04,0
2024-07-13,Balancer,Arbitrum,7.47,USDC,123116826,2.94,11.33
2024-07-13,Balancer,Arbitrum,7.71,USDT,112393873,2.19,9.68
2024-07-13,Balancer,Arbitrum,8.23,DAI,120246649,2.64,5.3
2024-07-13,Balancer,Optimism,7.92,USDC,112020912,2.39,5.65
2024-07-13,Balancer,Optimism,6.64,USDT,120765729,1.84,4.08
2024-07-13,Balancer,Optimism,6.85,DAI,122010102,1.68,6.3
2024-07-13,Balancer,Polygon,9.01,USDC,109732143,0.99,7.1
2024-07-13,Balancer,Polygon,7.58,USDT,116793496,0.93,9.99
2024-07-13,Balancer,Polygon,9.1,DAI,113311850,1.05,10.34
2024-07-13,Balancer,Base,7.11,USDC,113071187,2.02,10.01
2024-07-13,Balancer,Base,8.23,USDT,119659013,2.18,12.04
2024-07-13,Balancer,Base,7.24,DAI,120672724,2.19,9.37
2024-07-14,Aave,Ethereum,4.18,USDC,262695316,25.28,0
2024-07-14,Aave,Ethereum,3.72,USDT,254863932,27.33,0
2024-07-14,Aave,Ethereum,3.84,DAI,247077531,28.4,0
2024-07-14,Aave,Arbitrum,4.37,USDC,261433298,2.54,12.41
2024-07-14,Aave,Arbitrum,4.54,USDT,279474679,2.71,11.33
2024-07-14,Aave,Arbitrum,4.54,DAI,272575288,2.52,7.42
2024-07-14,Aave,Optimism,3.54,USDC,283017335,1.17,6.81
2024-07-14,Aave,Optimism,5.15,USDT,249313375,1.54,8.34
2024-07-14,Aave,Optimism,4.56,DAI,274286731,2.03,8.61
2024-07-14,Aave,Polygon,5.15,USDC,254081209,0.86,9.97
2024-07-14,Aave,Polygon,4.77,USDT,283670937,1.15,8.71
2024-07-14,Aave,Polygon,5.31,DAI,235930798,1.24,7.18
2024-07-14,Aave,Base,4.77,USDC,251793731,2.68,8.32
2024-07-14,Aave,Base,3.71,USDT,251690653,1.73,9.1
2024-07-14,Aave,Base,5.01,DAI,278759366,1.96,8.17
2024-07-14,Compound,Ethereum,3.32,USDC,194560766,37.27,0
2024-07-14,Compound,Ethereum,4.07,DAI,197453201,36.44,0
2024-07-14,Compound,Arbitrum,4.19,USDC,209612384,2.17,7.23
2024-07-14,Compound,Arbitrum,4.26,USDT,200097434,2.27,11.03
2024-07-14,Compound,Arbitrum,4.89,DAI,187349926,2.54,10.82
2024-07-14,Compound,Optimism,4.31,USDC,197788769,2.15,8.19
2024-07-14,Compound,Optimism,3.78,DAI,198299794,2.2,9.32
2024-07-14,Compound,Polygon,4.76,USDC,196579994,1.08,4.75
2024-07-14,Compound,Polygon,4.59,USDT,184177365,0.92,8.37
2024-07-14,Compound,Polygon,5.29,DAI,194772479,1.14,7.85
2024-07-14,Compound,Base,3.95,USDC,199353835,1.96,11.73
2024-07-14,Compound,Base,4.41,USDT,187292181,2.12,11.29
2024-07-14,Compound,Base,4.19,DAI,188701174,2.45,13.57
2024-07-14,Curve,Ethereum,5.49,USDC,357854538,21.08,0
2024-07-14,Curve,Ethereum,5.23,USDT,323762399,25.03,0
2024-07-14,Curve,Ethereum,5.37,DAI,350562872,30.05,0
2024-07-14,Curve,Arbitrum,8.17,USDC,348498540,2.13,14.23
2024-07-14,Curve,Arbitrum,7.22,USDT,345453293,2.4,8.7
2024-07-14,Curve,Arbitrum,6.93,DAI,340188217,2.43,11.82
2024-07-14,Curve,Optimism,6.54,USDC,347152680,2.19,11.0
2024-07-14,Curve,Optimism,7.43,USDT,340042242,1.96,8.65
2024-07-14,Curve,Optimism,8.05,DAI,352840448,2.19,10.25
2024-07-14,Curve,Polygon,7.12,USDC,372746174,1.22,8.98
2024-07-14,Curve,Polygon,7.48,USDT,330136056,0.86,8.53
2024-07-14,Curve,Polygon,7.55,DAI,385141909,0.43,5.71
2024-07-14,Curve,Base,7.59,USDC,337807742,2.32,13.4
2024-07-14,Curve,Base,6.52,DAI,357109488,1.95,12.19
2024-07-14,Uniswap V3,Ethereum,6.56,USDC,101614913,28.94,0
2024-07-14,Uniswap V3,Ethereum,7.54,USDT,99608902,28.67,0
2024-07-14,Uniswap V3,Ethereum,6.61,DAI,100011827,27.53,0
2024-07-14,Uniswap V3,Arbitrum,7.21,USDC,105274907,2.36,12.46
2024-07-14,Uniswap V3,Arbitrum,8.27,USDT,100608340,2.3,11.42
2024-07-14,Uniswap V3,Arbitrum,7.29,DAI,103408949,2.47,11.92
2024-07-14,Uniswap V3,Optimism,8.09,USDC,102438014,2.22,5.65
2024-07-14,Uniswap V3,Optimism,8.62,USDT,97211733,1.74,10.85
2024-07-14,Uniswap V3,Optimism,6.33,DAI,98596707,1.65,8.37
2024-07-14,Uniswap V3,Polygon,7.63,USDT,99630068,1.16,7.38
2024-07-14,Uniswap V3,Polygon,9.38,DAI,107750103,0.93,7.25
2024-07-14,Uniswap V3,Base,8.66,USDC,103255021,2.15,7.3
2024-07-14,Uniswap V3,Base,7.44,USDT,108217922,1.76,9.88
2024-07-14,Uniswap V3,Base,8.23,DAI,90799665,2.67,7.61
2024-07-14,Yearn,Ethereum,4.26,USDC,139950338,18.97,0
2024-07-14,Yearn,Ethereum,4.96,USDT,132848313,21.59,0
2024-07-14,Yearn,Ethereum,4.62,DAI,127590002,29.4,0
2024-07-14,Yearn,Arbitrum,5.89,USDC,128920514,1.96,10.6
2024-07-14,Yearn,Arbitrum,4.49,USDT,120323100,3.01,14.66
2024-07-14,Yearn,Arbitrum,5.65,DAI,142498328,2.21,12.38
2024-07-14,Yearn,Optimism,5.35,USDC,122924746,2.6,7.58
2024-07-14,Yearn,Optimism,6.51,USDT,127709047,2.0,9.23
2024-07-14,Yearn,Optimism,4.59,DAI,133455265,2.34,6.99
2024-07-14,Yearn,Polygon,5.94,USDC,129191579,1.2,9.5
2024-07-14,Yearn,Polygon,5.11,USDT,117122577,1.13,9.65
2024-07-14,Yearn,Polygon,5.82,DAI,128622098,0.91,6.78
2024-07-14,Yearn,Base,6.29,USDC,124380172,2.27,9.13
2024-07-14,Yearn,Base,7.1,USDT,121819616,2.47,11.89
2024-07-14,Yearn,Base,6.03,DAI,127706229,2.2,8.58
2024-07-14,Pendle,Ethereum,8.13,USDC,77507629,26.85,0
2024-07-14,Pendle,Ethereum,9.54,USDT,73021694,27.18,0
2024-07-14,Pendle,Ethereum,8.07,DAI,82941980,25.53,0
2024-07-14,Pendle,Arbitrum,10.17,USDC,80645490,2.49,7.94
2024-07-14,Pendle,Arbitrum,11.62,USDT,82380442,2.59,10.94
2024-07-14,Pendle,Optimism,10.21,USDT,76878648,2.22,9.54
2024-07-14,Pendle,Optimism,11.67,DAI,80788019,1.95,9.25
2024-07-14,Pendle,Base,9.85,USDC,82494713,1.85,12.58
2024-07-14,Pendle,Base,9.81,USDT,72714973,2.11,11.31
2024-07-14,Pendle,Base,9.2,DAI,78640191,2.02,13.28
2024-07-14,Convex,Ethereum,4.74,USDC,159947173,25.08,0
2024-07-14,Convex,Ethereum,5.14,USDT,162823265,28.56,0
2024-07-14,Convex,Ethereum,6.06,DAI,169147829,34.21,0
2024-07-14,Balancer,Ethereum,6.88,USDC,123485096,38.07,0
2024-07-14,Balancer,Arbitrum,8.62,USDC,123340660,2.61,9.88
2024-07-14,Balancer,Arbitrum,7.62,USDT,111871844,1.66,6.29
2024-07-14,Balancer,Arbitrum,8.05,DAI,117785775,2.73,8.89
2024-07-14,Balancer,Optimism,7.47,USDC,121322991,1.63,9.11
2024-07-14,Balancer,Optimism,8.01,USDT,122958212,1.66,12.78
2024-07-14,Balancer,Optimism,7.03,DAI,110922382,1.73,10.25
2024-07-14,Balancer,Polygon,8.44,USDC,122244488,1.12,9.53
2024-07-14,Balancer,Polygon,7.87,USDT,125543962,0.8,6.34
2024-07-14,Balancer,Polygon,6.83,DAI,123618052,1.31,9.1
2024-07-14,Balancer,Base,8.6,USDC,115387603,2.11,10.34
2024-07-14,Balancer,Base,7.98,USDT,116566754,2.4,8.46
2024-07-14,Balancer,Base,8.25,DAI,105873818,2.03,7.0
2024-07-15,Aave,Ethereum,3.62,USDC,278189651,38.9,0
2024-07-15,Aave,Ethereum,4.48,DAI,246895403,44.72,0
2024-07-15,Aave,Arbitrum,4.14,USDC,260849747,2.6,10.06
2024-07-15,Aave,Arbitrum,4.49,USDT,284351682,3.18,16.13
2024-07-15,Aave,Optimism,5.34,USDC,271769221,2.25,8.28
2024-07-15,Aave,Optimism,4.75,USDT,263623736,3.45,7.73
2024-07-15,Aave,Optimism,5.45,DAI,258106088,3.14,8.08
2024-07-15,Aave,Polygon,4.41,USDC,251284613,1.36,10.38
2024-07-15,Aave,Polygon,5.64,USDT,251565992,1.35,8.4
2024-07-15,Aave,Polygon,4.72,DAI,267802525,1.81,8.38
2024-07-15,Aave,Base,5.02,USDC,269807771,3.48,8.56
2024-07-15,Aave,Base,4.78,USDT,251546191,4.11,10.41
2024-07-15,Aave,Base,5.21,DAI,241295315,2.91,8.2
2024-07-15,Compound,Ethereum,3.58,USDC,184876828,55.63,0
2024-07-15,Compound,Ethereum,3.66,USDT,187706317,38.93,0
2024-07-15,Compound,Ethereum,4.1,DAI,178535327,37.51,0
2024-07-15,Compound,Arbitrum,4.73,USDC,180085581,2.51,11.62
2024-07-15,Compound,Arbitrum,5.05,USDT,196162235,4.52,9.39
2024-07-15,Compound,Arbitrum,5.12,DAI,183704510,3.94,12.49
2024-07-15,Compound,Optimism,5.09,USDC,199569150,2.75,9.66
2024-07-15,Compound,Optimism,4.17,USDT,194689053,2.94,9.04
2024-07-15,Compound,Polygon,4.71,USDC,192859904,1.3,6.56
2024-07-15,Compound,Polygon,5.31,USDT,180010849,1.39,11.67
2024-07-15,Compound,Polygon,3.67,DAI,181330755,1.49,8.5
2024-07-15,Compound,Base,4.36,USDC,179820626,3.3,11.73
2024-07-15,Compound,Base,4.58,USDT,184992439,3.16,12.06
2024-07-15,Compound,Base,4.64,DAI,177581329,3.55,11.97
2024-07-15,Curve,Ethereum,6.61,DAI,343014073,39.23,0
2024-07-15,Curve,Arbitrum,9.17,USDC,365971037,2.3,9.72
2024-07-15,Curve,Arbitrum,7.48,USDT,351336217,4.13,14.88
2024-07-15,Curve,Arbitrum,7.72,DAI,323620470,4.06,15.44
2024-07-15,Curve,Optimism,8.36,USDC,332840833,3.14,9.68
2024-07-15,Curve,Optimism,6.34,USDT,317504510,2.23,6.6
2024-07-15,Curve,Optimism,7.32,DAI,306146644,3.27,8.96
2024-07-15,Curve,Polygon,7.51,USDC,304554794,1.32,6.87
2024-07-15,Curve,Polygon,9.4,USDT,325728911,1.34,7.04
2024-07-15,Curve,Polygon,8.34,DAI,343579715,1.29,7.28
2024-07-15,Curve,Base,6.63,USDC,337965179,2.63,9.44
2024-07-15,Curve,Base,7.76,DAI,319425030,3.67,11.16
2024-07-15,Uniswap V3,Ethereum,6.51,USDC,94791889,35.03,0
2024-07-15,Uniswap V3,Ethereum,7.1,USDT,96577252,34.08,0
2024-07-15,Uniswap V3,Ethereum,6.89,DAI,94894351,35.61,0
2024-07-15,Uniswap V3,Arbitrum,8.47,USDC,99114612,3.6,8.37
2024-07-15,Uniswap V3,Arbitrum,6.42,USDT,101982430,2.93,15.8
2024-07-15,Uniswap V3,Arbitrum,8.13,DAI,105570312,2.52,7.57
2024-07-15,Uniswap V3,Optimism,5.99,USDT,96318981,3.32,8.27
2024-07-15,Uniswap V3,Optimism,7.8,DAI,95956556,2.43,10.04
2024-07-15,Uniswap V3,Polygon,8.42,USDC,100733284,1.27,8.72
2024-07-15,Uniswap V3,Polygon,9.37,USDT,105023688,0.76,6.41
2024-07-15,Uniswap V3,Polygon,8.7,DAI,90624095,1.02,8.56
2024-07-15,Uniswap V3,Base,8.4,USDC,100954668,3.6,8.72
2024-07-15,Uniswap V3,Base,6.9,USDT,101562378,3.59,12.98
2024-07-15,Yearn,Ethereum,5.08,USDC,124683731,40.6,0
2024-07-15,Yearn,Ethereum,4.78,DAI,131891293,49.39,0
2024-07-15,Yearn,Arbitrum,6.15,USDC,125665248,3.5,10.93
2024-07-15,Yearn,Arbitrum,5.34,DAI,134649513,3.97,14.74
2024-07-15,Yearn,Optimism,5.33,USDT,133488748,2.5,10.67
2024-07-15,Yearn,Optimism,5.17,DAI,125265925,1.57,10.1
2024-07-15,Yearn,Polygon,6.06,USDC,124905511,2.12,7.94
2024-07-15,Yearn,Polygon,4.96,USDT,124862944,1.68,6.86
2024-07-15,Yearn,Polygon,6.37,DAI,132265671,1.53,7.58
2024-07-15,Yearn,Base,5.04,USDC,118522396,3.39,11.01
2024-07-15,Yearn,Base,5.27,USDT,129708695,4.42,13.88
2024-07-15,Yearn,Base,5.91,DAI,132976287,3.36,10.23
2024-07-15,Pendle,Ethereum,9.49,USDC,77744724,42.84,0
2024-07-15,Pendle,Ethereum,8.66,USDT,73107945,34.58,0
2024-07-15,Pendle,Ethereum,10.56,DAI,76182108,41.27,0
2024-07-15,Pendle,Arbitrum,9.15,DAI,67000957,3.37,9.73
2024-07-15,Pendle,Optimism,8.88,USDC,79633450,3.13,8.29
2024-07-15,Pendle,Optimism,11.15,DAI,79171787,2.82,10.05
2024-07-15,Pendle,Base,10.9,USDC,80130118,3.32,10.9
2024-07-15,Pendle,Base,10.4,USDT,72497228,3.4,8.03
2024-07-15,Pendle,Base,12.01,DAI,77380332,3.94,9.55
2024-07-15,Convex,Ethereum,5.06,USDC,150649533,54.39,0
2024-07-15,Convex,Ethereum,5.84,USDT,157595874,51.58,0
2024-07-15,Convex,Ethereum,4.88,DAI,167412677,39.63,0
2024-07-15,Balancer,Ethereum,6.84,USDC,110294724,52.05,0
2024-07-15,Balancer,Ethereum,5.79,USDT,117930886,32.15,0
2024-07-15,Balancer,Ethereum,6.36,DAI,106160564,45.67,0
2024-07-15,Balancer,Arbitrum,7.96,USDC,114755372,4.45,15.03
2024-07-15,Balancer,Arbitrum,7.57,USDT,109151612,4.4,12.67
2024-07-15,Balancer,Arbitrum,7.2,DAI,115259747,4.09,11.61
2024-07-15,Balancer,Optimism,7.57,USDC,106795809,3.86,7.56
2024-07-15,Balancer,Optimism,7.35,USDT,122389824,2.29,8.36
2024-07-15,Balancer,Optimism,7.19,DAI,115883020,2.78,10.89
2024-07-15,Balancer,Polygon,8.1,USDC,111643809,1.51,6.33
2024-07-15,Balancer,Base,8.46,USDC,117964782,3.21,9.7
2024-07-15,Balancer,Base,7.92,USDT,105714546,3.1,10.02
2024-07-15,Balancer,Base,7.6,DAI,119856651,3.21,9.7
2024-07-16,Aave,Ethereum,4.27,USDC,248694249,52.82,0
2024-07-16,Aave,Ethereum,3.75,USDT,263957902,37.13,0
2024-07-16,Aave,Ethereum,4.39,DAI,229249830,32.23,0
2024-07-16,Aave,Arbitrum,4.89,USDC,259832540,5.13,10.63
2024-07-16,Aave,Arbitrum,4.86,USDT,257299130,3.48,8.55
2024-07-16,Aave,Arbitrum,4.99,DAI,273626423,3.54,11.75
2024-07-16,Aave,Optimism,4.42,USDT,266161266,3.46,9.56
2024-07-16,Aave,Optimism,4.49,DAI,259809673,2.39,11.02
2024-07-16,Aave,Polygon,4.94,USDC,245719457,1.43,7.46
2024-07-16,Aave,Polygon,4.42,USDT,238725135,1.2,8.47
2024-07-16,Aave,Polygon,5.67,DAI,251575934,1.7,6.56
2024-07-16,Aave,Base,4.21,USDC,226090735,3.98,11.49
2024-07-16,Aave,Base,4.98,USDT,271880611,3.72,10.77
2024-07-16,Aave,Base,4.07,DAI,238396643,2.68,9.92
2024-07-16,Compound,Ethereum,3.69,USDC,178730136,38.51,0
2024-07-16,Compound,Ethereum,3.74,DAI,178702255,38.61,0
2024-07-16,Compound,Arbitrum,4.74,USDC,175820714,3.3,11.62
2024-07-16,Compound,Arbitrum,4.05,USDT,180777614,4.46,8.8
2024-07-16,Compound,Arbitrum,4.7,DAI,176880625,4.27,8.12
2024-07-16,Compound,Optimism,5.1,USDT,180331118,3.82,11.1
2024-07-16,Compound,Optimism,4.22,DAI,193759298,3.66,5.0
2024-07-16,Compound,Polygon,4.57,USDC,173182883,2.18,8.9
2024-07-16,Compound,Polygon,5.92,USDT,182300676,1.22,6.43
2024-07-16,Compound,Polygon,4.98,DAI,178800152,1.44,6.41
2024-07-16,Compound,Base,5.05,USDC,173369176,3.17,11.13
2024-07-16,Compound,Base,4.78,USDT,203080738,3.81,11.57
2024-07-16,Curve,Ethereum,5.84,USDC,319059360,32.53,0
2024-07-16,Curve,Ethereum,5.39,DAI,321018534,49.28,0
2024-07-16,Curve,Arbitrum,8.66,USDC,306438686,3.67,9.79
2024-07-16,Curve,Arbitrum,8.46,USDT,310272047,4.27,12.43
2024-07-16,Curve,Arbitrum,7.06,DAI,334500574,4.22,12.52
2024-07-16,Curve,Optimism,6.85,USDC,335080075,3.35,8.11
2024-07-16,Curve,Optimism,7.72,USDT,343366077,2.83,11.08
2024-07-16,Curve,Optimism,5.93,DAI,336666510,2.42,11.37
2024-07-16,Curve,Polygon,6.84,USDC,313272325,1.23,9.41
2024-07-16,Curve,Polygon,8.25,USDT,337426937,1.69,6.16
2024-07-16,Curve,Polygon,6.89,DAI,338313232,1.29,9.46
2024-07-16,Curve,Base,7.24,USDC,318044422,3.76,7.78
2024-07-16,Curve,Base,7.76,USDT,333253070,4.24,12.94
2024-07-16,Curve,Base,7.06,DAI,353672996,3.15,10.67
2024-07-16,Uniswap V3,Ethereum,6.03,USDC,90572480,40.26,0
2024-07-16,Uniswap V3,Ethereum,7.92,USDT,98910856,38.94,0
2024-07-16,Uniswap V3,Ethereum,7.95,DAI,96019205,36.83,0
2024-07-16,Uniswap V3,Arbitrum,7.73,USDC,93954439,4.12,15.34
2024-07-16,Uniswap V3,Arbitrum,9.72,USDT,96025956,4.78,11.53
2024-07-16,Uniswap V3,Optimism,6.64,USDC,94765943,3.56,6.42
2024-07-16,Uniswap V3,Optimism,8.2,USDT,104063807,3.14,7.65
2024-07-16,Uniswap V3,Optimism,8.74,DAI,105286308,3.64,7.66
2024-07-16,Uniswap V3,Polygon,7.56,USDC,88631463,1.48,10.02
2024-07-16,Uniswap V3,Polygon,9.49,DAI,95058578,1.61,8.39
2024-07-16,Uniswap V3,Base,7.41,USDC,104560340,2.96,13.4
2024-07-16,Uniswap V3,Base,7.65,USDT,95909504,3.25,11.16
2024-07-16,Yearn,Ethereum,4.47,USDC,133862473,39.94,0
2024-07-16,Yearn,Ethereum,4.74,USDT,120940767,50.42,0
2024-07-16,Yearn,Ethereum,4.8,DAI,128380613,47.79,0
2024-07-16,Yearn,Arbitrum,6.17,USDC,112084219,2.85,10.29
2024-07-16,Yearn,Arbitrum,5.06,USDT,127144210,2.67,12.27
2024-07-16,Yearn,Arbitrum,6.11,DAI,131563281,3.61,8.65
2024-07-16,Yearn,Optimism,5.82,USDC,117826312,3.04,8.34
2024-07-16,Yearn,Optimism,5.78,USDT,126238987,2.98,6.18
2024-07-16,Yearn,Polygon,6.31,USDC,124216229,1.42,5.41
2024-07-16,Yearn,Polygon,6.58,DAI,115358311,0.81,6.17
2024-07-16,Yearn,Base,6.22,USDC,115182328,3.15,7.54
2024-07-16,Yearn,Base,6.17,USDT,116904699,3.54,10.72
2024-07-16,Yearn,Base,7.76,DAI,124499800,3.48,5.02
2024-07-16,Pendle,Ethereum,9.25,USDC,78694833,27.07,0
2024-07-16,Pendle,Ethereum,10.43,USDT,76918620,65.39,0
2024-07-16,Pendle,Ethereum,9.95,DAI,78767077,40.39,0
2024-07-16,Pendle,Arbitrum,11.13,USDC,77875518,4.48,11.35
2024-07-16,Pendle,Arbitrum,9.91,USDT,80783062,2.98,14.46
2024-07-16,Pendle,Arbitrum,11.58,DAI,76841635,4.97,9.03
2024-07-16,Pendle,Optimism,9.91,USDC,74319927,2.98,9.44
2024-07-16,Pendle,Optimism,11.55,USDT,71239639,3.64,7.48
2024-07-16,Pendle,Optimism,10.92,DAI,76298587,3.21,11.01
2024-07-16,Pendle,Base,9.78,USDC,74847687,4.31,8.52
2024-07-16,Pendle,Base,7.66,USDT,79280713,3.9,10.76
2024-07-16,Pendle,Base,11.97,DAI,80437163,3.08,10.14
2024-07-16,Convex,Ethereum,6.07,USDC,146880208,33.2,0
2024-07-16,Convex,Ethereum,4.98,USDT,144547528,39.94,0
2024-07-16,Convex,Ethereum,6.1,DAI,147849416,46.53,0
2024-07-16,Balancer,Ethereum,6.88,USDC,118558644,42.92,0
2024-07-16,Balancer,Ethereum,6.92,USDT,110621525,40.69,0
2024-07-16,Balancer,Ethereum,5.79,DAI,110262352,38.58,0
2024-07-16,Balancer,Arbitrum,7.38,USDC,106038038,3.84,9.68
2024-07-16,Balancer,Arbitrum,7.43,USDT,110988902,3.35,10.33
2024-07-16,Balancer,Arbitrum,7.18,DAI,110774991,3.34,6.65
2024-07-16,Balancer,Optimism,6.56,USDT,120411679,3.88,11.28
2024-07-16,Balancer,Optimism,7.43,DAI,115818218,2.66,8.58
2024-07-16,Balancer,Polygon,7.24,USDC,111525125,1.41,7.83
2024-07-16,Balancer,Polygon,9.33,USDT,104331433,0.95,7.55
2024-07-16,Balancer,Polygon,7.36,DAI,111922676,1.06,8.35
2024-07-16,Balancer,Base,8.41,USDC,105706984,3.5,9.14
2024-07-16,Balancer,Base,8.81,USDT,114199098,3.47,7.48
2024-07-16,Balancer,Base,7.86,DAI,117350799,3.67,10.3
2024-07-17,Aave,Ethereum,3.72,USDC,241994961,33.69,0
2024-07-17,Aave,Ethereum,3.89,USDT,250443407,50.75,0
2024-07-17,Aave,Ethereum,3.9,DAI,249070866,45.18,0
2024-07-17,Aave,Arbitrum,4.45,USDC,273634902,3.28,11.29
2024-07-17,Aave,Arbitrum,5.22,USDT,260068513,4.22,12.6
2024-07-17,Aave,Arbitrum,3.77,DAI,273969004,3.24,10.97
2024-07-17,Aave,Optimism,4.63,USDT,246989058,1.94,8.62
2024-07-17,Aave,Optimism,4.92,DAI,271952057,2.68,9.4
2024-07-17,Aave,Polygon,5.96,USDC,272594504,1.45,9.47
2024-07-17,Aave,Polygon,5.65,USDT,251309741,1.45,9.05
2024-07-17,Aave,Polygon,5.49,DAI,264317484,1.43,8.77
2024-07-17,Aave,Base,4.99,USDC,239737264,3.34,9.9
2024-07-17,Aave,Base,4.85,USDT,248234423,3.54,12.12
2024-07-17,Aave,Base,4.98,DAI,248942758,3.7,6.17
2024-07-17,Compound,Ethereum,3.7,USDC,188825843,47.47,0
2024-07-17,Compound,Ethereum,4.47,USDT,174739299,33.18,0
2024-07-17,Compound,Ethereum,4.1,DAI,181533932,46.9,0
2024-07-17,Compound,Arbitrum,4.87,USDC,165664275,2.98,9.13
2024-07-17,Compound,Arbitrum,5.11,USDT,190469950,4.37,11.25
2024-07-17,Compound,Arbitrum,4.26,DAI,185324160,3.4,10.14
2024-07-17,Compound,Optimism,4.52,DAI,184463129,3.87,9.03
2024-07-17,Compound,Polygon,5.54,DAI,183014761,1.1,8.82
2024-07-17,Compound,Base,4.71,USDC,176922762,3.52,8.56
2024-07-17,Compound,Base,4.86,USDT,180501282,3.07,7.91
2024-07-17,Compound,Base,4.56,DAI,173903851,3.33,10.92
2024-07-17,Curve,Ethereum,6.17,USDC,332149046,36.13,0
2024-07-17,Curve,Ethereum,6.76,USDT,286277773,47.72,0
2024-07-17,Curve,Ethereum,6.1,DAI,330953285,46.72,0
2024-07-17,Curve,Arbitrum,7.03,USDC,335776767,2.99,14.77
2024-07-17,Curve,Arbitrum,6.63,USDT,345312497,4.41,12.27
2024-07-17,Curve,Arbitrum,6.95,DAI,339572863,3.78,13.68
2024-07-17,Curve,Optimism,7.53,USDC,328599797,3.66,11.04
2024-07-17,Curve,Optimism,6.77,USDT,337514715,3.6,11.91
2024-07-17,Curve,Polygon,8.7,USDC,317425641,1.33,9.38
2024-07-17,Curve,Polygon,7.41,USDT,362754426,1.69,11.39
2024-07-17,Curve,Polygon,8.1,DAI,306421676,2.08,6.7
2024-07-17,Curve,Base,7.27,USDC,333216151,3.48,6.92
2024-07-17,Curve,Base,6.13,USDT,337936852,3.33,11.95
2024-07-17,Uniswap V3,Ethereum,7.56,USDC,97563426,37.73,0
2024-07-17,Uniswap V3,Ethereum,7.08,USDT,92527979,42.5,0
2024-07-17,Uniswap V3,Ethereum,6.72,DAI,92121534,52.86,0
2024-07-17,Uniswap V3,Arbitrum,7.26,USDC,93255634,3.49,9.96
2024-07-17,Uniswap V3,Arbitrum,8.46,USDT,101426569,2.04,11.86
2024-07-17,Uniswap V3,Arbitrum,9.56,DAI,102389606,3.89,10.79
2024-07-17,Uniswap V3,Optimism,7.56,USDC,96639716,3.41,9.53
2024-07-17,Uniswap V3,Optimism,8.73,USDT,97042754,3.11,9.18
2024-07-17,Uniswap V3,Optimism,7.99,DAI,98479761,2.44,7.87
2024-07-17,Uniswap V3,Polygon,7.41,USDT,96874675,1.47,8.1
2024-07-17,Uniswap V3,Polygon,8.05,DAI,102110941,1.53,6.96
2024-07-17,Uniswap V3,Base,10.11,USDC,97768479,2.58,10.38
2024-07-17,Uniswap V3,Base,10.07,USDT,98268015,3.47,13.07
2024-07-17,Uniswap V3,Base,7.1,DAI,90564426,3.61,10.01
2024-07-17,Yearn,Ethereum,4.04,USDC,120568814,44.52,0
2024-07-17,Yearn,Ethereum,6.18,USDT,112545968,47.03,0
2024-07-17,Yearn,Ethereum,5.98,DAI,121733854,29.08,0
2024-07-17,Yearn,Arbitrum,6.79,USDC,128682751,4.67,11.22
2024-07-17,Yearn,Arbitrum,6.65,USDT,120892248,2.96,7.01
2024-07-17,Yearn,Arbitrum,6.7,DAI,120621605,4.34,12.81
2024-07-17,Yearn,Optimism,5.31,USDC,116872472,3.66,10.4
2024-07-17,Yearn,Optimism,6.8,USDT,120328517,2.08,8.99
2024-07-17,Yearn,Optimism,6.01,DAI,115439730,3.34,10.12
2024-07-17,Yearn,Polygon,7.32,USDC,126955751,1.48,7.47
2024-07-17,Yearn,Polygon,5.94,USDT,118462205,1.04,5.22
2024-07-17,Yearn,Base,6.5,USDC,119139844,3.35,11.83
2024-07-17,Yearn,Base,5.42,USDT,118629183,3.05,12.04
2024-07-17,Yearn,Base,6.43,DAI,115608826,2.73,11.19
2024-07-17,Pendle,Ethereum,9.33,USDC,77480916,52.14,0
2024-07-17,Pendle,Ethereum,9.42,USDT,71451600,32.67,0
2024-07-17,Pendle,Ethereum,6.7,DAI,79289166,37.55,0
2024-07-17,Pendle,Arbitrum,9.42,USDC,78410280,2.39,12.77
2024-07-17,Pendle,Arbitrum,11.29,USDT,80872538,3.72,12.54
2024-07-17,Pendle,Arbitrum,11.18,DAI,77059307,2.55,10.49
2024-07-17,Pendle,Optimism,10.83,USDT,70622297,3.25,10.12
2024-07-17,Pendle,Base,13.49,USDC,78476081,3.76,4.61
2024-07-17,Pendle,Base,11.64,USDT,74506628,3.51,9.93
2024-07-17,Pendle,Base,11.37,DAI,77498455,2.36,9.49
2024-07-17,Convex,Ethereum,6.61,USDC,151725960,41.65,0
2024-07-17,Convex,Ethereum,5.15,USDT,149033695,34.23,0
2024-07-17,Convex,Ethereum,6.86,DAI,152611599,29.89,0
2024-07-17,Balancer,Ethereum,7.64,USDC,101218090,41.76,0
2024-07-17,Balancer,Ethereum,6.71,USDT,115289486,35.83,0
2024-07-17,Balancer,Ethereum,7.1,DAI,107460361,42.34,0
2024-07-17,Balancer,Arbitrum,8.53,USDC,110195341,2.94,10.28
2024-07-17,Balancer,Arbitrum,8.85,USDT,103873353,2.97,13.59
2024-07-17,Balancer,Arbitrum,8.25,DAI,113742197,4.02,10.96
2024-07-17,Balancer,Optimism,7.79,USDC,106630255,2.99,11.07
2024-07-17,Balancer,Optimism,7.65,USDT,110803529,2.86,9.47
2024-07-17,Balancer,Optimism,7.74,DAI,111992100,2.92,6.54
2024-07-17,Balancer,Polygon,8.62,USDC,121388584,1.82,7.94
2024-07-17,Balancer,Polygon,8.21,USDT,103297272,1.38,6.43
2024-07-17,Balancer,Base,7.82,USDC,106438472,3.28,9.38
2024-07-17,Balancer,Base,7.84,USDT,111289559,3.85,11.07
2024-07-17,Balancer,Base,8.05,DAI,98789528,2.91,8.27
2024-07-18,Aave,Ethereum,4.18,USDC,237739588,38.92,0
2024-07-18,Aave,Ethereum,4.08,USDT,256961971,41.93,0
2024-07-18,Aave,Ethereum,4.16,DAI,240941943,43.98,0
2024-07-18,Aave,Arbitrum,4.9,USDC,223396434,3.54,10.83
2024-07-18,Aave,Arbitrum,5.73,USDT,252621666,3.35,17.14
2024-07-18,Aave,Arbitrum,4.16,DAI,266937303,2.08,13.06
2024-07-18,Aave,Optimism,4.74,USDC,239039281,3.15,10.02
2024-07-18,Aave,Optimism,5.44,DAI,252741493,3.19,11.59
2024-07-18,Aave,Polygon,5.69,USDC,213526802,1.08,8.61
2024-07-18,Aave,Polygon,5.45,USDT,240664841,1.64,6.4
2024-07-18,Aave,Polygon,4.93,DAI,242080426,1.58,7.72
2024-07-18,Aave,Base,5.15,USDC,253326373,3.98,7.83
2024-07-18,Aave,Base,4.98,DAI,227462227,3.09,8.84
2024-07-18,Compound,Ethereum,4.07,USDC,161453148,45.4,0
2024-07-18,Compound,Ethereum,4.28,USDT,183517744,58.84,0
2024-07-18,Compound,Ethereum,3.19,DAI,191340113,24.05,0
2024-07-18,Compound,Arbitrum,4.54,USDC,179061327,4.27,12.08
2024-07-18,Compound,Arbitrum,4.66,USDT,188424129,2.91,14.6
2024-07-18,Compound,Arbitrum,4.86,DAI,184010992,3.72,10.41
2024-07-18,Compound,Optimism,5.34,USDC,175482428,2.17,11.34
2024-07-18,Compound,Optimism,4.74,USDT,182221365,2.64,8.69
2024-07-18,Compound,Optimism,4.36,DAI,178788078,3.59,9.4
2024-07-18,Compound,Polygon,5.64,USDC,167970669,1.28,5.62
2024-07-18,Compound,Polygon,4.9,USDT,181879390,1.47,7.73
2024-07-18,Compound,Polygon,4.26,DAI,189733416,1.54,8.18
2024-07-18,Compound,Base,4.67,USDC,192934031,4.0,8.79
2024-07-18,Compound,Base,4.19,USDT,187081061,3.67,10.03
2024-07-18,Compound,Base,4.7,DAI,172818710,3.46,8.13
2024-07-18,Curve,Ethereum,6.23,USDC,300624852,31.57,0
2024-07-18,Curve,Ethereum,7.1,USDT,315253258,27.15,0
2024-07-18,Curve,Ethereum,7.02,DAI,342805478,56.97,0
2024-07-18,Curve,Arbitrum,7.98,USDC,308680857,3.49,14.02
2024-07-18,Curve,Arbitrum,8.87,USDT,325329297,4.19,11.2
2024-07-18,Curve,Optimism,6.93,USDC,330071002,2.96,9.6
2024-07-18,Curve,Optimism,7.96,DAI,364553013,3.07,10.01
2024-07-18,Curve,Polygon,8.11,USDC,313783394,0.96,7.47
2024-07-18,Curve,Polygon,8.5,USDT,306735256,1.36,6.43
2024-07-18,Curve,Polygon,8.51,DAI,275472313,1.16,7.78
2024-07-18,Curve,Base,8.32,USDC,320076922,3.51,10.57
2024-07-18,Curve,Base,6.23,USDT,332943141,3.27,9.96
2024-07-18,Curve,Base,8.57,DAI,307617422,3.67,12.84
2024-07-18,Uniswap V3,Ethereum,7.09,USDC,85599445,44.06,0
2024-07-18,Uniswap V3,Ethereum,7.74,USDT,95926028,42.86,0
2024-07-18,Uniswap V3,Ethereum,6.97,DAI,98136213,45.25,0
2024-07-18,Uniswap V3,Arbitrum,8.11,USDC,94147581,4.1,10.94
2024-07-18,Uniswap V3,Arbitrum,10.77,USDT,98737774,3.68,14.07
2024-07-18,Uniswap V3,Arbitrum,6.91,DAI,92331889,5.68,9.49
2024-07-18,Uniswap V3,Optimism,8.05,USDC,96063058,3.37,6.04
2024-07-18,Uniswap V3,Optimism,6.52,USDT,88832664,3.39,11.22
2024-07-18,Uniswap V3,Optimism,8.79,DAI,94432282,2.87,7.92
2024-07-18,Uniswap V3,Polygon,7.32,USDC,93733259,1.65,10.25
2024-07-18,Uniswap V3,Polygon,7.74,USDT,92595677,1.82,9.18
2024-07-18,Uniswap V3,Base,8.24,USDC,97147125,2.91,10.98
2024-07-18,Uniswap V3,Base,8.74,USDT,100640719,3.79,9.77
2024-07-18,Uniswap V3,Base,5.33,DAI,95527538,3.82,8.97
2024-07-18,Yearn,Ethereum,5.07,USDC,111219898,47.3,0
2024-07-18,Yearn,Ethereum,5.36,USDT,127961926,35.88,0
2024-07-18,Yearn,Ethereum,5.49,DAI,119864242,36.15,0
2024-07-18,Yearn,Arbitrum,6.02,USDC,113655008,3.57,13.37
2024-07-18,Yearn,Arbitrum,5.74,USDT,115043567,3.74,10.8
2024-07-18,Yearn,Arbitrum,4.99,DAI,123521485,3.37,17.34
2024-07-18,Yearn,Optimism,5.74,USDC,114494311,2.9,10.5
2024-07-18,Yearn,Optimism,6.52,USDT,108770614,2.51,12.18
2024-07-18,Yearn,Optimism,5.86,DAI,116780274,2.98,9.43
2024-07-18,Yearn,Polygon,7.07,USDC,124427849,1.54,7.21
2024-07-18,Yearn,Polygon,6.48,USDT,130587636,1.32,6.6
2024-07-18,Yearn,Polygon,5.77,DAI,114915385,1.3,8.47
2024-07-18,Yearn,Base,6.01,USDT,134454419,3.41,9.97
2024-07-18,Yearn,Base,5.87,DAI,117139958,3.1,12.37
2024-07-18,Pendle,Ethereum,8.47,USDC,76715759,47.46,0
2024-07-18,Pendle,Ethereum,7.71,DAI,70635879,37.68,0
2024-07-18,Pendle,Arbitrum,10.53,USDC,72874861,3.67,11.64
2024-07-18,Pendle,Arbitrum,12.39,DAI,73911389,4.47,13.01
2024-07-18,Pendle,Optimism,9.34,USDC,69831041,2.74,12.73
2024-07-18,Pendle,Optimism,9.11,DAI,73032417,2.8,8.13
2024-07-18,Pendle,Base,11.36,USDC,76591759,3.16,13.82
2024-07-18,Pendle,Base,9.65,USDT,74185773,2.75,8.17
2024-07-18,Pendle,Base,10.94,DAI,71402099,2.92,9.81
2024-07-18,Convex,Ethereum,6.18,USDC,150499300,43.21,0
2024-07-18,Convex,Ethereum,5.73,USDT,145292773,34.23,0
2024-07-18,Convex,Ethereum,5.77,DAI,139204359,48.6,0
2024-07-18,Balancer,Ethereum,6.9,USDC,105896809,46.92,0
2024-07-18,Balancer,Ethereum,6.92,USDT,111534112,49.95,0
2024-07-18,Balancer,Ethereum,6.73,DAI,111611485,46.87,0
2024-07-18,Balancer,Arbitrum,9.3,USDC,100375033,2.72,11.02
2024-07-18,Balancer,Arbitrum,7.44,DAI,109522231,4.07,11.61
2024-07-18,Balancer,Optimism,8.8,USDC,100741704,3.58,6.61
2024-07-18,Balancer,Optimism,8.84,USDT,103585043,2.62,7.92
2024-07-18,Balancer,Polygon,8.62,USDC,107232512,1.29,5.22
2024-07-18,Balancer,Polygon,8.98,USDT,113333011,1.76,8.8
2024-07-18,Balancer,Polygon,7.93,DAI,104295052,1.23,6.61
2024-07-18,Balancer,Base,8.83,USDC,109692645,3.28,10.49
2024-07-18,Balancer,Base,9.23,USDT,101919945,3.69,6.74
2024-07-18,Balancer,Base,7.59,DAI,104187617,2.92,8.88
2024-07-19,Aave,Ethereum,4.66,USDC,239707711,46.45,0
2024-07-19,Aave,Ethereum,4.25,USDT,234664415,31.24,0
2024-07-19,Aave,Ethereum,3.41,DAI,228933091,39.07,0
2024-07-19,Aave,Arbitrum,4.75,USDC,250078717,4.92,13.22
2024-07-19,Aave,Arbitrum,4.54,USDT,209264089,4.6,7.89
2024-07-19,Aave,Arbitrum,4.1,DAI,237749917,2.24,12.18
2024-07-19,Aave,Optimism,4.9,USDC,237803413,2.46,11.28
2024-07-19,Aave,Optimism,5.01,USDT,238222684,2.8,9.18
2024-07-19,Aave,Optimism,5.49,DAI,256292131,3.13,10.25
2024-07-19,Aave,Polygon,5.75,USDC,232903547,1.55,9.24
2024-07-19,Aave,Polygon,4.1,USDT,244002807,1.5,9.7
2024-07-19,Aave,Polygon,5.82,DAI,236080762,1.78,8.29
2024-07-19,Aave,Base,4.99,USDC,255333818,3.31,7.38
2024-07-19,Aave,Base,4.52,USDT,235678320,3.48,9.99
2024-07-19,Aave,Base,4.66,DAI,245290373,3.12,7.58
2024-07-19,Compound,Ethereum,4.38,USDC,157279238,41.1,0
2024-07-19,Compound,Ethereum,3.62,USDT,177812105,27.38,0
2024-07-19,Compound,Ethereum,3.73,DAI,178149224,26.6,0
2024-07-19,Compound,Arbitrum,4.42,USDC,155999635,3.85,12.89
2024-07-19,Compound,Arbitrum,4.59,USDT,179591191,3.33,10.85
2024-07-19,Compound,Arbitrum,4.31,DAI,181088538,2.98,14.82
2024-07-19,Compound,Optimism,4.44,USDC,173115223,3.49,11.09
2024-07-19,Compound,Optimism,4.48,USDT,162664497,3.36,10.31
2024-07-19,Compound,Polygon,4.05,USDC,198510002,1.25,7.87
2024-07-19,Compound,Polygon,5.41,DAI,179149001,0.98,7.86
2024-07-19,Compound,Base,4.81,USDC,173853753,3.76,7.86
2024-07-19,Compound,Base,4.16,USDT,142109913,4.03,10.43
2024-07-19,Compound,Base,4.84,DAI,166434018,3.95,13.51
2024-07-19,Curve,Ethereum,5.74,USDT,314936902,38.1,0
2024-07-19,Curve,Ethereum,5.13,DAI,320729721,43.23,0
2024-07-19,Curve,Arbitrum,7.12,USDC,312139191,4.39,10.77
2024-07-19,Curve,Arbitrum,6.6,USDT,316967774,3.99,8.86
2024-07-19,Curve,Arbitrum,7.46,DAI,303622456,2.56,8.44
2024-07-19,Curve,Optimism,7.58,USDC,323341045,3.21,8.96
2024-07-19,Curve,Optimism,7.3,DAI,279197076,4.0,7.02
2024-07-19,Curve,Polygon,7.5,USDC,307299908,1.53,7.52
2024-07-19,Curve,Polygon,7.94,USDT,282450698,1.15,7.99
2024-07-19,Curve,Polygon,8.86,DAI,327700978,1.79,5.74
2024-07-19,Curve,Base,6.23,USDC,323230731,3.26,10.5
2024-07-19,Curve,Base,7.11,USDT,305262185,3.62,8.36
2024-07-19,Curve,Base,7.0,DAI,293558413,3.44,9.37
2024-07-19,Uniswap V3,Ethereum,5.49,USDC,97093919,53.79,0
2024-07-19,Uniswap V3,Ethereum,7.06,DAI,90987075,40.91,0
2024-07-19,Uniswap V3,Arbitrum,7.77,USDC,89038330,4.37,10.14
2024-07-19,Uniswap V3,Arbitrum,9.45,USDT,87538579,3.99,14.45
2024-07-19,Uniswap V3,Arbitrum,8.36,DAI,94647447,3.58,10.16
2024-07-19,Uniswap V3,Optimism,8.59,USDC,94572047,3.34,9.68
2024-07-19,Uniswap V3,Optimism,8.73,USDT,96024307,3.08,11.01
2024-07-19,Uniswap V3,Optimism,7.62,DAI,99967930,3.1,9.26
2024-07-19,Uniswap V3,Polygon,8.18,USDC,94661827,1.53,8.25
2024-07-19,Uniswap V3,Polygon,8.99,USDT,97167391,1.56,8.75
2024-07-19,Uniswap V3,Base,8.14,USDC,88559460,3.87,9.01
2024-07-19,Uniswap V3,Base,7.61,USDT,92988407,2.92,7.59
2024-07-19,Uniswap V3,Base,8.52,DAI,96629675,3.31,8.61
2024-07-19,Yearn,Ethereum,4.67,USDC,122800959,35.78,0
2024-07-19,Yearn,Ethereum,5.08,USDT,108109247,39.93,0
2024-07-19,Yearn,Ethereum,4.89,DAI,107369263,37.69,0
2024-07-19,Yearn,Arbitrum,6.46,USDC,119034960,3.16,11.46
2024-07-19,Yearn,Arbitrum,6.14,USDT,118561658,3.5,13.49
2024-07-19,Yearn,Optimism,5.48,USDC,119945228,4.26,6.44
2024-07-19,Yearn,Optimism,5.46,USDT,117681838,3.1,9.01
2024-07-19,Yearn,Polygon,6.72,USDC,123341331,1.34,6.42
2024-07-19,Yearn,Polygon,5.96,USDT,107103947,1.6,6.07
2024-07-19,Yearn,Polygon,6.77,DAI,111265735,1.06,5.94
2024-07-19,Yearn,Base,5.32,USDC,114990061,3.5,8.9
2024-07-19,Yearn,Base,4.67,USDT,114080278,2.86,8.27
2024-07-19,Yearn,Base,7.01,DAI,117243058,3.41,9.73
2024-07-19,Pendle,Ethereum,8.34,USDC,71638277,41.12,0
2024-07-19,Pendle,Ethereum,9.56,USDT,83280902,46.15,0
2024-07-19,Pendle,Ethereum,9.76,DAI,71482695,57.72,0
2024-07-19,Pendle,Arbitrum,10.48,USDC,74510904,4.25,14.73
2024-07-19,Pendle,Arbitrum,9.76,USDT,70067363,3.62,10.89
2024-07-19,Pendle,Arbitrum,10.25,DAI,80415373,2.8,10.94
2024-07-19,Pendle,Optimism,8.77,USDC,76979157,3.47,7.73
2024-07-19,Pendle,Optimism,12.16,USDT,76543802,3.09,9.59
2024-07-19,Pendle,Optimism,9.46,DAI,74321719,2.96,4.3
2024-07-19,Pendle,Base,11.26,USDC,79663818,3.57,10.49
2024-07-19,Pendle,Base,11.06,DAI,75862241,3.68,10.74
2024-07-19,Convex,Ethereum,5.26,USDC,125987913,39.61,0
2024-07-19,Convex,Ethereum,4.66,USDT,131788024,32.48,0
2024-07-19,Convex,Ethereum,6.26,DAI,135387091,43.25,0
2024-07-19,Balancer,Ethereum,6.03,DAI,109825417,41.03,0
2024-07-19,Balancer,Arbitrum,8.78,USDC,115037191,4.47,12.58
2024-07-19,Balancer,Arbitrum,8.34,USDT,107319599,3.87,10.74
2024-07-19,Balancer,Arbitrum,7.11,DAI,110819849,3.74,12.2
2024-07-19,Balancer,Optimism,8.42,USDC,110607714,2.8,6.71
2024-07-19,Balancer,Optimism,7.88,USDT,110302301,2.31,7.7
2024-07-19,Balancer,Polygon,8.66,USDC,102947449,1.52,9.06
2024-07-19,Balancer,Polygon,7.88,USDT,112402275,1.52,6.77
2024-07-19,Balancer,Polygon,8.07,DAI,122393213,1.63,8.23
2024-07-19,Balancer,Base,7.74,USDC,116756838,3.17,8.29
2024-07-19,Balancer,Base,8.77,USDT,109236214,3.12,9.71
2024-07-19,Balancer,Base,7.11,DAI,103705172,3.06,9.24
2024-07-20,Aave,Ethereum,3.92,USDC,246834342,19.03,0
2024-07-20,Aave,Ethereum,3.52,USDT,230941301,21.81,0
2024-07-20,Aave,Arbitrum,4.82,USDC,257969326,2.03,12.08
2024-07-20,Aave,Arbitrum,4.63,USDT,230143862,2.73,14.21
2024-07-20,Aave,Arbitrum,4.9,DAI,225052863,2.48,11.58
2024-07-20,Aave,Optimism,4.45,USDC,253676171,1.6,7.45
2024-07-20,Aave,Polygon,5.65,USDC,238353892,1.11,8.18
2024-07-20,Aave,Polygon,5.3,USDT,222317949,1.12,6.2
2024-07-20,Aave,Polygon,5.58,DAI,229523910,0.9,6.98
2024-07-20,Aave,Base,4.8,USDC,243333650,2.33,13.91
2024-07-20,Aave,Base,5.02,USDT,263264443,2.8,9.76
2024-07-20,Aave,Base,3.6,DAI,241079355,2.74,7.79
2024-07-20,Compound,Ethereum,3.45,USDC,188923217,29.2,0
2024-07-20,Compound,Ethereum,3.98,DAI,181213128,25.96,0
2024-07-20,Compound,Arbitrum,3.9,USDC,171941351,2.43,11.93
2024-07-20,Compound,Arbitrum,4.46,USDT,154065655,2.81,12.83
2024-07-20,Compound,Arbitrum,4.07,DAI,169961043,1.4,7.42
2024-07-20,Compound,Optimism,4.62,USDC,177253536,2.4,7.59
2024-07-20,Compound,Optimism,4.14,USDT,171815971,2.19,10.77
2024-07-20,Compound,Optimism,4.52,DAI,160655516,1.9,9.12
2024-07-20,Compound,Polygon,4.9,USDC,161540030,1.24,9.42
2024-07-20,Compound,Polygon,4.63,USDT,184747491,0.67,8.31
2024-07-20,Compound,Polygon,4.75,DAI,166748919,1.28,5.79
2024-07-20,Compound,Base,5.05,USDC,174315899,2.7,6.68
2024-07-20,Compound,Base,4.53,USDT,178232443,2.0,8.95
2024-07-20,Compound,Base,4.32,DAI,172973096,2.2,9.35
2024-07-20,Curve,Ethereum,5.21,USDC,292987452,25.2,0
2024-07-20,Curve,Ethereum,5.6,USDT,317958343,19.24,0
2024-07-20,Curve,Arbitrum,7.37,USDC,312341256,2.73,10.12
2024-07-20,Curve,Arbitrum,7.79,USDT,303908143,2.5,11.49
2024-07-20,Curve,Arbitrum,6.7,DAI,324866569,2.87,15.58
2024-07-20,Curve,Optimism,6.21,USDC,318119080,2.31,12.71
2024-07-20,Curve,Optimism,7.21,USDT,279772588,1.17,4.75
2024-07-20,Curve,Polygon,6.95,USDC,311961186,1.02,8.34
2024-07-20,Curve,Polygon,6.62,USDT,312122786,1.27,6.11
2024-07-20,Curve,Polygon,7.61,DAI,295053971,0.55,9.34
2024-07-20,Curve,Base,7.63,USDC,320588339,2.31,10.54
2024-07-20,Curve,Base,6.55,USDT,284473056,2.39,9.82
2024-07-20,Curve,Base,8.61,DAI,331035476,1.98,9.97
2024-07-20,Uniswap V3,Ethereum,7.12,USDC,91080680,23.73,0
2024-07-20,Uniswap V3,Ethereum,7.23,DAI,89200508,32.5,0
2024-07-20,Uniswap V3,Arbitrum,8.21,USDC,87468486,2.17,12.34
2024-07-20,Uniswap V3,Arbitrum,8.92,USDT,99616847,2.15,11.98
2024-07-20,Uniswap V3,Arbitrum,8.94,DAI,87764140,2.16,12.5
2024-07-20,Uniswap V3,Optimism,8.01,USDC,99131420,2.21,11.28
2024-07-20,Uniswap V3,Optimism,7.61,USDT,91008384,2.52,7.57
2024-07-20,Uniswap V3,Polygon,9.55,USDT,93663861,0.55,8.24
2024-07-20,Uniswap V3,Polygon,6.43,DAI,87910332,1.11,7.22
2024-07-20,Uniswap V3,Base,8.54,USDC,92005783,2.26,10.51
2024-07-20,Uniswap V3,Base,7.18,USDT,94852677,2.79,7.86
2024-07-20,Uniswap V3,Base,9.17,DAI,93834349,1.66,8.01
2024-07-20,Yearn,Ethereum,4.8,USDC,100251190,25.18,0
2024-07-20,Yearn,Ethereum,5.07,DAI,113674853,24.27,0
2024-07-20,Yearn,Arbitrum,6.36,USDC,108740212,2.64,11.14
2024-07-20,Yearn,Arbitrum,7.3,USDT,120199231,3.11,7.87
2024-07-20,Yearn,Arbitrum,4.57,DAI,103180297,2.39,11.58
2024-07-20,Yearn,Optimism,6.69,USDC,115106679,2.17,5.84
2024-07-20,Yearn,Optimism,5.64,USDT,120678636,1.75,9.59
2024-07-20,Yearn,Optimism,5.96,DAI,118458235,2.35,9.81
2024-07-20,Yearn,Polygon,6.94,USDC,114629409,1.0,6.65
2024-07-20,Yearn,Polygon,6.42,USDT,114770912,1.16,8.91
2024-07-20,Yearn,Base,6.12,USDC,105908223,2.41,7.09
2024-07-20,Yearn,Base,6.13,USDT,109155283,2.15,9.23
2024-07-20,Yearn,Base,5.9,DAI,116408530,2.23,7.89
2024-07-20,Pendle,Ethereum,8.07,USDC,67666290,31.18,0
2024-07-20,Pendle,Ethereum,8.47,DAI,73036519,32.9,0
2024-07-20,Pendle,Arbitrum,9.85,USDC,72858254,2.64,12.97
2024-07-20,Pendle,Arbitrum,11.06,USDT,73869421,2.91,12.41
2024-07-20,Pendle,Arbitrum,10.54,DAI,69800931,2.08,15.18
2024-07-20,Pendle,Optimism,10.96,USDC,70452443,1.78,5.85
2024-07-20,Pendle,Optimism,10.37,USDT,74695420,2.05,7.79
2024-07-20,Pendle,Optimism,9.08,DAI,71807022,1.11,11.66
2024-07-20,Pendle,Base,11.54,USDC,72727059,2.72,6.52
2024-07-20,Pendle,Base,9.39,DAI,74062973,1.83,11.48
2024-07-20,Convex,Ethereum,5.2,USDC,145357293,33.78,0
2024-07-20,Convex,Ethereum,5.52,USDT,133441384,29.38,0
2024-07-20,Balancer,Ethereum,5.95,USDC,105919597,27.89,0
2024-07-20,Balancer,Ethereum,7.02,USDT,110029454,27.15,0
2024-07-20,Balancer,Ethereum,6.8,DAI,107935410,22.7,0
2024-07-20,Balancer,Arbitrum,8.21,USDC,103116682,2.53,14.08
2024-07-20,Balancer,Arbitrum,8.12,USDT,109564089,3.09,15.86
2024-07-20,Balancer,Arbitrum,8.44,DAI,104597602,2.76,14.48
2024-07-20,Balancer,Optimism,7.49,USDC,107378826,2.33,3.54
2024-07-20,Balancer,Optimism,7.61,USDT,112886861,2.24,9.7
2024-07-20,Balancer,Optimism,7.29,DAI,107526541,2.37,8.71
2024-07-20,Balancer,Polygon,8.42,USDC,111916961,1.27,9.45
2024-07-20,Balancer,Polygon,7.63,USDT,107659041,1.11,7.81
2024-07-20,Balancer,Polygon,7.57,DAI,108192512,1.01,8.76
2024-07-20,Balancer,Base,8.03,USDC,111673935,2.07,10.85
2024-07-20,Balancer,Base,8.2,USDT,105746941,2.12,10.13
2024-07-20,Balancer,Base,6.63,DAI,98266286,1.86,11.74
2024-07-21,Aave,Ethereum,3.72,USDC,244983008,27.34,0
2024-07-21,Aave,Ethereum,4.26,USDT,228850016,31.34,0
2024-07-21,Aave,Ethereum,3.69,DAI,246492341,30.23,0
2024-07-21,Aave,Arbitrum,4.57,USDC,239999566,2.19,9.78
2024-07-21,Aave,Arbitrum,5.14,USDT,252253717,1.25,18.2
2024-07-21,Aave,Optimism,4.82,USDC,237113957,1.44,9.49
2024-07-21,Aave,Optimism,4.06,DAI,234927471,1.72,9.19
2024-07-21,Aave,Polygon,4.87,USDC,221945927,1.1,7.32
2024-07-21,Aave,Polygon,4.88,USDT,220093368,1.17,6.64
2024-07-21,Aave,Polygon,5.31,DAI,250300178,0.92,8.6
2024-07-21,Aave,Base,4.95,USDC,255784898,2.52,12.43
2024-07-21,Aave,Base,4.93,USDT,220007046,1.86,12.58
2024-07-21,Aave,Base,5.04,DAI,258650283,2.01,10.65
2024-07-21,Compound,Ethereum,3.26,USDC,167914174,23.11,0
2024-07-21,Compound,Ethereum,3.93,USDT,153599258,36.38,0
2024-07-21,Compound,Arbitrum,4.72,USDT,170779456,3.01,14.27
2024-07-21,Compound,Arbitrum,5.02,DAI,162719384,2.28,11.39
2024-07-21,Compound,Optimism,4.34,USDC,177323902,1.5,12.19
2024-07-21,Compound,Optimism,4.51,USDT,178256013,2.27,9.19
2024-07-21,Compound,Optimism,4.4,DAI,173633049,1.71,7.65
2024-07-21,Compound,Polygon,4.83,USDT,170035051,0.8,7.7
2024-07-21,Compound,Polygon,5.63,DAI,170520447,1.06,7.49
2024-07-21,Compound,Base,4.31,USDT,171399786,2.11,5.74
2024-07-21,Compound,Base,4.77,DAI,176421604,2.24,7.26
2024-07-21,Curve,Ethereum,5.84,USDC,288834796,36.67,0
2024-07-21,Curve,Ethereum,5.94,USDT,288061874,31.94,0
2024-07-21,Curve,Ethereum,5.84,DAI,300735563,31.48,0
2024-07-21,Curve,Arbitrum,7.11,USDC,312296554,2.03,12.26
2024-07-21,Curve,Arbitrum,7.0,USDT,319850362,2.15,13.4
2024-07-21,Curve,Arbitrum,6.51,DAI,311465017,1.75,9.21
2024-07-21,Curve,Optimism,7.13,USDT,319425718,1.51,10.6
2024-07-21,Curve,Optimism,8.15,DAI,324490438,1.91,9.41
2024-07-21,Curve,Polygon,5.98,USDC,275267759,0.95,8.6
2024-07-21,Curve,Polygon,7.43,USDT,304819852,0.75,6.32
2024-07-21,Curve,Polygon,6.63,DAI,316870186,0.76,7.49
2024-07-21,Curve,Base,6.82,USDT,273721234,2.45,8.6
2024-07-21,Curve,Base,7.57,DAI,319395795,2.25,8.91
2024-07-21,Uniswap V3,Ethereum,6.53,USDC,93377227,27.89,0
2024-07-21,Uniswap V3,Ethereum,6.94,USDT,86642277,27.65,0
2024-07-21,Uniswap V3,Arbitrum,8.06,USDC,86902477,2.48,11.79
2024-07-21,Uniswap V3,Arbitrum,6.97,USDT,91509789,3.05,11.83
2024-07-21,Uniswap V3,Arbitrum,7.83,DAI,85842862,2.62,10.53
2024-07-21,Uniswap V3,Optimism,8.34,USDC,88020291,1.79,6.53
2024-07-21,Uniswap V3,Optimism,7.76,USDT,87834711,2.03,10.53
2024-07-21,Uniswap V3,Optimism,7.31,DAI,90036366,2.06,8.5
2024-07-21,Uniswap V3,Polygon,8.07,USDC,100274632,0.73,5.97
2024-07-21,Uniswap V3,Polygon,12.31,USDT,87857012,0.82,9.93
2024-07-21,Uniswap V3,Polygon,10.2,DAI,88547373,0.96,6.67
2024-07-21,Uniswap V3,Base,8.1,USDC,90942459,2.55,11.87
2024-07-21,Uniswap V3,Base,7.88,USDT,83339791,2.46,14.47
2024-07-21,Uniswap V3,Base,7.97,DAI,87466959,2.23,9.28
2024-07-21,Yearn,Ethereum,6.24,USDC,101553741,33.66,0
2024-07-21,Yearn,Ethereum,4.99,USDT,119196028,33.38,0
2024-07-21,Yearn,Ethereum,5.71,DAI,114457752,26.49,0
2024-07-21,Yearn,Arbitrum,5.73,USDC,105801777,2.63,12.4
2024-07-21,Yearn,Arbitrum,4.86,USDT,114053574,2.52,15.6
2024-07-21,Yearn,Arbitrum,6.79,DAI,118296069,3.06,17.67
2024-07-21,Yearn,Optimism,6.77,USDT,119200906,1.51,11.83
2024-07-21,Yearn,Optimism,6.56,DAI,121450820,2.44,9.39
2024-07-21,Yearn,Polygon,5.83,USDC,118361326,1.12,5.95
2024-07-21,Yearn,Polygon,6.52,USDT,131727558,0.86,5.57
2024-07-21,Yearn,Base,6.13,USDC,102053080,1.85,10.11
2024-07-21,Yearn,Base,5.63,USDT,113416332,2.22,8.21
2024-07-21,Yearn,Base,5.54,DAI,115803737,2.43,11.99
2024-07-21,Pendle,Ethereum,7.7,USDC,73288102,31.47,0
2024-07-21,Pendle,Ethereum,10.67,USDT,71660991,29.7,0
2024-07-21,Pendle,Ethereum,8.14,DAI,75141326,21.47,0
2024-07-21,Pendle,Arbitrum,14.37,USDC,68675951,3.28,16.77
2024-07-21,Pendle,Arbitrum,12.43,USDT,68004892,1.99,9.58
2024-07-21,Pendle,Arbitrum,11.86,DAI,81563796,2.56,11.05
2024-07-21,Pendle,Optimism,10.5,USDC,66431618,2.04,9.64
2024-07-21,Pendle,Optimism,9.9,USDT,69971879,1.49,7.38
2024-07-21,Pendle,Optimism,8.76,DAI,71109451,2.19,10.29
2024-07-21,Pendle,Base,8.93,USDC,70415691,2.48,11.16
2024-07-21,Pendle,Base,10.64,USDT,69928940,2.18,7.41
2024-07-21,Pendle,Base,10.23,DAI,71944378,2.04,8.23
2024-07-21,Convex,Ethereum,5.51,USDC,145489704,31.22,0
2024-07-21,Convex,Ethereum,5.43,USDT,144375983,22.52,0
2024-07-21,Convex,Ethereum,5.97,DAI,143003744,22.09,0
2024-07-21,Balancer,Ethereum,5.87,USDC,98406391,27.78,0
2024-07-21,Balancer,Ethereum,6.66,USDT,100234119,32.51,0
2024-07-21,Balancer,Ethereum,5.5,DAI,99795005,27.92,0
2024-07-21,Balancer,Arbitrum,6.85,USDC,108435785,3.52,10.81
2024-07-21,Balancer,Arbitrum,8.61,USDT,106782433,2.33,13.02
2024-07-21,Balancer,Arbitrum,9.08,DAI,109774182,1.9,11.57
2024-07-21,Balancer,Optimism,8.37,USDC,100605436,2.35,10.47
2024-07-21,Balancer,Optimism,7.17,USDT,113078056,1.74,9.18
2024-07-21,Balancer,Optimism,7.12,DAI,109858360,1.85,8.24
2024-07-21,Balancer,Polygon,8.48,USDT,106793751,0.87,9.57
2024-07-21,Balancer,Base,7.05,USDC,110744886,2.25,8.28
2024-07-21,Balancer,Base,8.21,DAI,98852634,2.69,9.12
2024-07-22,Aave,Ethereum,4.47,USDC,238911668,52.76,0
2024-07-22,Aave,Ethereum,4.32,USDT,243724647,37.18,0
2024-07-22,Aave,Ethereum,3.71,DAI,235320904,35.35,0
2024-07-22,Aave,Arbitrum,5.13,USDT,230860378,2.32,9.57
2024-07-22,Aave,Arbitrum,4.9,DAI,225827326,3.33,10.04
2024-07-22,Aave,Optimism,4.85,USDC,248921854,3.17,7.47
2024-07-22,Aave,Optimism,4.92,USDT,239336950,3.02,10.32
2024-07-22,Aave,Optimism,5.18,DAI,235084367,3.63,10.58
2024-07-22,Aave,Polygon,5.39,USDC,237854114,1.82,9.52
2024-07-22,Aave,Polygon,5.52,USDT,244577576,1.31,5.13
2024-07-22,Aave,Polygon,5.35,DAI,232640794,1.78,8.13
2024-07-22,Aave,Base,5.43,USDC,235108458,2.91,12.5
2024-07-22,Aave,Base,5.34,USDT,223799995,3.23,8.28
2024-07-22,Aave,Base,4.59,DAI,232072224,3.22,11.29
2024-07-22,Compound,Ethereum,3.39,USDC,153860411,47.37,0
2024-07-22,Compound,Ethereum,4.16,USDT,169526263,57.6,0
2024-07-22,Compound,Ethereum,3.96,DAI,177870875,39.68,0
2024-07-22,Compound,Arbitrum,5.15,USDC,181981510,3.54,15.03
2024-07-22,Compound,Optimism,4.46,USDC,176917018,3.13,6.85
2024-07-22,Compound,Optimism,4.68,USDT,164532531,3.62,6.07
2024-07-22,Compound,Optimism,4.37,DAI,166920297,2.49,6.65
2024-07-22,Compound,Polygon,4.77,USDC,164482738,1.3,4.86
2024-07-22,Compound,Polygon,4.95,USDT,180624366,1.78,9.44
2024-07-22,Compound,Polygon,5.36,DAI,182049011,1.95,5.91
2024-07-22,Compound,Base,4.7,USDC,176704009,3.4,9.03
2024-07-22,Compound,Base,4.84,USDT,185081672,3.65,9.01
2024-07-22,Compound,Base,5.16,DAI,175108147,2.79,9.9
2024-07-22,Curve,Ethereum,5.98,USDT,287937656,52.83,0
2024-07-22,Curve,Ethereum,5.69,DAI,311679165,47.7,0
2024-07-22,Curve,Arbitrum,7.39,USDC,300552850,3.25,11.1
2024-07-22,Curve,Arbitrum,6.65,USDT,295498847,4.46,10.98
2024-07-22,Curve,Arbitrum,7.6,DAI,337073710,3.62,8.85
2024-07-22,Curve,Optimism,7.96,USDC,290261526,1.9,8.39
2024-07-22,Curve,Optimism,6.38,USDT,305170290,3.08,9.19
2024-07-22,Curve,Optimism,6.44,DAI,302391136,2.65,7.6
2024-07-22,Curve,Polygon,7.59,USDC,280917627,1.11,8.45
2024-07-22,Curve,Polygon,8.01,USDT,301071408,1.55,4.64
2024-07-22,Curve,Polygon,6.33,DAI,298862744,0.98,8.37
2024-07-22,Curve,Base,6.95,USDT,289106327,2.6,5.99
2024-07-22,Curve,Base,8.57,DAI,291615301,2.57,12.28
2024-07-22,Uniswap V3,Ethereum,7.29,USDC,95794978,40.42,0
2024-07-22,Uniswap V3,Ethereum,7.67,USDT,91282365,29.12,0
2024-07-22,Uniswap V3,Ethereum,6.12,DAI,85777543,38.61,0
2024-07-22,Uniswap V3,Arbitrum,8.14,USDC,85270638,2.68,14.5
2024-07-22,Uniswap V3,Arbitrum,9.23,USDT,88785965,3.65,12.88
2024-07-22,Uniswap V3,Arbitrum,7.86,DAI,87317171,2.96,8.23
2024-07-22,Uniswap V3,Optimism,8.71,USDC,92199637,3.14,10.37
2024-07-22,Uniswap V3,Optimism,8.68,USDT,91416890,3.27,6.8
2024-07-22,Uniswap V3,Optimism,7.29,DAI,80891227,3.53,9.33
2024-07-22,Uniswap V3,Polygon,10.51,USDC,88880634,1.38,8.45
2024-07-22,Uniswap V3,Polygon,10.59,USDT,83899803,1.71,9.25
2024-07-22,Uniswap V3,Polygon,7.83,DAI,88656939,1.81,9.55
2024-07-22,Uniswap V3,Base,8.62,USDC,92662992,4.06,7.98
2024-07-22,Uniswap V3,Base,7.08,USDT,89041530,2.66,10.28
2024-07-22,Uniswap V3,Base,10.76,DAI,88211499,3.88,8.91
2024-07-22,Yearn,Ethereum,4.82,USDC,116564315,44.8,0
2024-07-22,Yearn,Ethereum,5.17,DAI,104734963,31.93,0
2024-07-22,Yearn,Arbitrum,5.99,USDC,110795057,4.67,11.38
2024-07-22,Yearn,Arbitrum,6.36,USDT,109766496,3.74,12.61
2024-07-22,Yearn,Arbitrum,6.22,DAI,126159399,1.99,9.47
2024-07-22,Yearn,Optimism,5.45,USDC,121255448,2.64,5.96
2024-07-22,Yearn,Optimism,5.49,USDT,114787433,2.78,7.9
2024-07-22,Yearn,Optimism,5.72,DAI,116892253,2.78,9.58
2024-07-22,Yearn,Polygon,6.47,USDC,112242168,1.83,9.32
2024-07-22,Yearn,Polygon,5.99,USDT,115648194,1.08,9.35
2024-07-22,Yearn,Polygon,6.74,DAI,106016087,1.49,7.25
2024-07-22,Yearn,Base,5.37,USDC,116936031,3.75,10.81
2024-07-22,Yearn,Base,5.46,DAI,110843084,3.47,8.34
2024-07-22,Pendle,Ethereum,10.71,USDC,70205267,35.97,0
2024-07-22,Pendle,Ethereum,9.4,USDT,64749701,39.09,0
2024-07-22,Pendle,Ethereum,8.42,DAI,73617736,45.0,0
2024-07-22,Pendle,Arbitrum,10.32,USDT,69620044,3.47,9.44
2024-07-22,Pendle,Arbitrum,12.0,DAI,75166260,4.07,13.96
2024-07-22,Pendle,Optimism,11.13,USDC,70056820,2.65,8.33
2024-07-22,Pendle,Optimism,10.29,USDT,65852837,3.19,7.37
2024-07-22,Pendle,Optimism,9.28,DAI,72874816,2.96,7.19
2024-07-22,Pendle,Base,9.08,USDC,76115989,3.06,12.75
2024-07-22,Pendle,Base,10.86,USDT,76635771,3.64,7.65
2024-07-22,Pendle,Base,10.47,DAI,74409839,3.74,13.1
2024-07-22,Convex,Ethereum,6.51,USDT,140818813,55.62,0
2024-07-22,Balancer,Ethereum,6.41,USDC,97521312,43.97,0
2024-07-22,Balancer,Ethereum,6.98,DAI,96350526,55.52,0
2024-07-22,Balancer,Arbitrum,6.41,USDC,104233145,4.45,7.33
2024-07-22,Balancer,Arbitrum,8.34,USDT,105241969,3.82,7.01
2024-07-22,Balancer,Arbitrum,6.97,DAI,112403097,2.34,9.58
2024-07-22,Balancer,Optimism,7.38,USDC,109772530,4.3,8.11
2024-07-22,Balancer,Optimism,7.53,USDT,91981474,2.32,9.14
2024-07-22,Balancer,Optimism,6.67,DAI,110901744,3.52,10.48
2024-07-22,Balancer,Polygon,8.58,USDC,106286158,1.66,9.56
2024-07-22,Balancer,Polygon,7.6,USDT,105564550,1.11,10.95
2024-07-22,Balancer,Polygon,8.47,DAI,100854597,1.41,8.78
2024-07-22,Balancer,Base,7.5,USDC,104366530,3.72,9.5
2024-07-22,Balancer,Base,7.01,USDT,108460619,3.63,12.66
2024-07-22,Balancer,Base,7.53,DAI,106353050,3.84,13.82
2024-07-23,Aave,Ethereum,4.36,USDC,242904632,42.25,0
2024-07-23,Aave,Ethereum,3.46,USDT,247631254,35.56,0
2024-07-23,Aave,Ethereum,4.42,DAI,238863762,47.85,0
2024-07-23,Aave,Arbitrum,5.2,USDC,234411852,4.99,16.18
2024-07-23,Aave,Arbitrum,5.27,USDT,251087304,3.24,15.22
2024-07-23,Aave,Arbitrum,5.18,DAI,227768210,4.62,13.54
2024-07-23,Aave,Optimism,4.97,USDT,243298266,4.04,10.92
2024-07-23,Aave,Optimism,4.86,DAI,237884332,2.66,11.82
2024-07-23,Aave,Polygon,5.63,USDC,226757764,2.23,8.17
2024-07-23,Aave,Polygon,4.67,USDT,255672089,1.6,8.62
2024-07-23,Aave,Polygon,4.75,DAI,230043162,1.33,5.94
2024-07-23,Aave,Base,4.99,USDC,246204584,3.63,12.99
2024-07-23,Aave,Base,5.78,DAI,229739534,3.74,11.05
2024-07-23,Compound,Ethereum,4.23,USDC,173863525,40.01,0
2024-07-23,Compound,Ethereum,3.81,USDT,175920873,37.61,0
2024-07-23,Compound,Ethereum,3.59,DAI,172548636,40.37,0
2024-07-23,Compound,Arbitrum,4.64,USDC,166578357,3.63,11.05
2024-07-23,Compound,Arbitrum,4.94,USDT,190023692,3.66,16.79
2024-07-23,Compound,Arbitrum,3.86,DAI,172290880,3.66,14.87
2024-07-23,Compound,Optimism,4.71,USDC,177821891,3.35,8.35
2024-07-23,Compound,Optimism,4.2,USDT,173212016,3.6,10.28
2024-07-23,Compound,Optimism,5.64,DAI,179405511,4.16,9.41
2024-07-23,Compound,Polygon,4.45,USDC,169131279,1.53,7.59
2024-07-23,Compound,Polygon,6.15,DAI,167680479,1.33,5.44
2024-07-23,Compound,Base,5.01,USDT,179217310,3.81,12.52
2024-07-23,Compound,Base,4.51,DAI,162792494,2.24,9.04
2024-07-23,Curve,Ethereum,5.67,USDT,271817658,42.75,0
2024-07-23,Curve,Ethereum,6.29,DAI,322549884,41.86,0
2024-07-23,Curve,Arbitrum,8.35,USDC,308050099,5.11,13.0
2024-07-23,Curve,Arbitrum,7.58,USDT,296502717,2.81,9.35
2024-07-23,Curve,Arbitrum,8.95,DAI,293252746,3.89,14.59
2024-07-23,Curve,Optimism,8.06,USDC,295513514,2.05,9.89
2024-07-23,Curve,Optimism,8.89,USDT,310945130,3.01,7.17
2024-07-23,Curve,Optimism,6.69,DAI,298470020,3.05,4.95
2024-07-23,Curve,Polygon,8.29,USDC,280344565,1.81,6.52
2024-07-23,Curve,Polygon,7.83,USDT,349961854,0.86,8.81
2024-07-23,Curve,Polygon,8.93,DAI,342186196,1.26,10.4
2024-07-23,Curve,Base,6.42,USDC,302738121,3.43,9.89
2024-07-23,Curve,Base,8.56,DAI,288756625,3.66,7.19
2024-07-23,Uniswap V3,Ethereum,7.26,USDT,96533184,41.51,0
2024-07-23,Uniswap V3,Ethereum,7.69,DAI,88594757,45.01,0
2024-07-23,Uniswap V3,Arbitrum,10.92,USDC,88696315,3.0,8.88
2024-07-23,Uniswap V3,Arbitrum,8.38,DAI,93063317,3.45,8.2
2024-07-23,Uniswap V3,Optimism,8.43,USDC,97095694,3.13,7.23
2024-07-23,Uniswap V3,Optimism,7.13,USDT,83273809,4.38,8.77
2024-07-23,Uniswap V3,Polygon,9.1,USDT,88746150,1.23,12.62
2024-07-23,Uniswap V3,Polygon,11.01,DAI,90449365,1.45,7.92
2024-07-23,Uniswap V3,Base,7.04,USDC,78513687,3.15,7.01
2024-07-23,Uniswap V3,Base,8.24,USDT,85294553,3.64,9.72
2024-07-23,Uniswap V3,Base,8.29,DAI,88693162,3.36,4.73
2024-07-23,Yearn,Ethereum,5.6,USDC,114922996,38.23,0
2024-07-23,Yearn,Ethereum,5.21,USDT,116451702,33.17,0
2024-07-23,Yearn,Ethereum,4.39,DAI,114660191,36.48,0
2024-07-23,Yearn,Arbitrum,5.72,USDC,111829869,4.38,13.21
2024-07-23,Yearn,Arbitrum,6.79,USDT,119171637,3.4,13.3
2024-07-23,Yearn,Arbitrum,6.97,DAI,119298512,3.31,8.91
2024-07-23,Yearn,Optimism,5.67,USDC,115081551,3.17,9.01
2024-07-23,Yearn,Polygon,6.35,USDT,123560531,1.39,8.25
2024-07-23,Yearn,Polygon,7.75,DAI,118731710,1.72,9.65
2024-07-23,Yearn,Base,6.06,USDC,117114161,2.79,8.25
2024-07-23,Yearn,Base,6.64,USDT,112970164,4.16,11.75
2024-07-23,Yearn,Base,6.75,DAI,115609603,3.0,9.54
2024-07-23,Pendle,Ethereum,8.8,USDC,66383587,35.97,0
2024-07-23,Pendle,Ethereum,8.21,USDT,59707285,48.59,0
2024-07-23,Pendle,Ethereum,11.64,DAI,72394045,37.13,0
2024-07-23,Pendle,Arbitrum,11.74,USDC,71158029,4.04,7.44
2024-07-23,Pendle,Arbitrum,8.69,USDT,71247140,4.1,11.67
2024-07-23,Pendle,Arbitrum,10.99,DAI,72142653,4.06,8.35
2024-07-23,Pendle,Optimism,8.03,USDC,71968273,2.78,9.73
2024-07-23,Pendle,Optimism,11.08,DAI,65915740,3.61,9.28
2024-07-23,Pendle,Base,9.47,USDC,68834163,3.36,6.57
2024-07-23,Pendle,Base,10.65,USDT,70444251,3.51,8.94
2024-07-23,Pendle,Base,9.37,DAI,71558406,3.14,9.14
2024-07-23,Convex,Ethereum,4.77,USDC,131774273,29.28,0
2024-07-23,Convex,Ethereum,5.79,USDT,129951935,39.7,0
2024-07-23,Balancer,Ethereum,7.25,USDC,113856095,36.97,0
2024-07-23,Balancer,Ethereum,6.73,USDT,110653587,34.17,0
2024-07-23,Balancer,Ethereum,6.54,DAI,108368736,45.45,0
2024-07-23,Balancer,Arbitrum,8.09,USDC,108640464,3.39,10.37
2024-07-23,Balancer,Arbitrum,7.54,USDT,102036845,3.89,13.96
2024-07-23,Balancer,Arbitrum,8.19,DAI,107295848,3.56,11.76
2024-07-23,Balancer,Optimism,7.24,USDC,108453818,3.86,11.01
2024-07-23,Balancer,Optimism,7.7,USDT,103072140,2.09,7.43
2024-07-23,Balancer,Optimism,8.56,DAI,108954367,2.65,11.8
2024-07-23,Balancer,Polygon,8.52,USDC,107392336,1.54,8.29
2024-07-23,Balancer,Polygon,8.09,USDT,94232119,1.84,6.45
2024-07-23,Balancer,Polygon,8.58,DAI,100663994,1.47,8.47
2024-07-23,Balancer,Base,7.15,USDC,104606328,3.55,10.38
2024-07-23,Balancer,Base,8.08,USDT,97194352,3.72,7.1
2024-07-23,Balancer,Base,7.58,DAI,115707184,3.5,10.97
2024-07-24,Aave,Ethereum,4.16,USDC,223450569,40.52,0
2024-07-24,Aave,Ethereum,4.55,USDT,243284089,45.82,0
2024-07-24,Aave,Ethereum,4.25,DAI,223591748,32.42,0
2024-07-24,Aave,Arbitrum,5.55,USDT,229301287,5.15,15.13
2024-07-24,Aave,Arbitrum,5.01,DAI,222851981,2.57,13.72
2024-07-24,Aave,Optimism,4.04,USDC,254023510,2.18,8.42
2024-07-24,Aave,Optimism,5.31,USDT,223582392,3.64,6.23
2024-07-24,Aave,Optimism,4.93,DAI,232601700,3.16,8.37
2024-07-24,Aave,Polygon,4.9,USDT,256852997,1.43,9.05
2024-07-24,Aave,Polygon,5.68,DAI,220856337,0.91,8.14
2024-07-24,Aave,Base,4.6,USDC,230867814,3.7,13.22
2024-07-24,Aave,Base,4.95,USDT,236273974,4.09,8.91
2024-07-24,Aave,Base,6.16,DAI,220455639,3.73,9.55
2024-07-24,Compound,Ethereum,4.23,USDC,164869079,41.28,0
2024-07-24,Compound,Arbitrum,4.67,USDC,176474710,3.41,8.84
2024-07-24,Compound,Arbitrum,4.87,USDT,171378908,4.26,13.43
2024-07-24,Compound,Arbitrum,4.4,DAI,168876363,3.96,13.24
2024-07-24,Compound,Optimism,4.05,USDC,174525578,3.52,8.1
2024-07-24,Compound,Optimism,4.46,USDT,155884645,2.15,8.86
2024-07-24,Compound,Optimism,4.54,DAI,176617951,3.27,6.92
2024-07-24,Compound,Polygon,4.64,USDC,172908486,1.42,8.96
2024-07-24,Compound,Polygon,5.75,USDT,175928081,1.34,4.36
2024-07-24,Compound,Polygon,5.2,DAI,159319363,1.58,7.31
2024-07-24,Compound,Base,5.2,USDC,184951439,3.23,7.98
2024-07-24,Compound,Base,4.26,USDT,155796174,3.38,13.33
2024-07-24,Compound,Base,4.49,DAI,170033026,3.54,11.46
2024-07-24,Curve,Ethereum,7.18,USDC,297124578,45.04,0
2024-07-24,Curve,Ethereum,6.85,USDT,320389148,44.09,0
2024-07-24,Curve,Ethereum,6.12,DAI,314604513,41.89,0
2024-07-24,Curve,Arbitrum,6.65,USDC,293426394,4.39,9.36
2024-07-24,Curve,Arbitrum,7.27,USDT,291291083,3.27,8.47
2024-07-24,Curve,Arbitrum,7.22,DAI,306731078,3.38,9.51
2024-07-24,Curve,Optimism,7.45,USDC,311995770,2.64,10.11
2024-07-24,Curve,Optimism,6.09,USDT,333019301,2.39,8.33
2024-07-24,Curve,Optimism,7.3,DAI,296892679,2.39,8.5
2024-07-24,Curve,Polygon,8.92,USDC,317488031,1.53,8.67
2024-07-24,Curve,Polygon,9.07,USDT,267181470,0.66,5.62
2024-07-24,Curve,Polygon,9.07,DAI,317884447,1.36,5.7
2024-07-24,Curve,Base,8.53,USDC,305848944,3.69,12.09
2024-07-24,Curve,Base,9.24,DAI,296068508,3.42,7.14
2024-07-24,Uniswap V3,Ethereum,7.74,USDC,89635901,41.69,0
2024-07-24,Uniswap V3,Ethereum,7.75,USDT,84596052,45.95,0
2024-07-24,Uniswap V3,Ethereum,7.38,DAI,92379141,47.4,0
2024-07-24,Uniswap V3,Arbitrum,8.22,USDC,88603744,3.93,13.66
2024-07-24,Uniswap V3,Arbitrum,9.01,USDT,90891406,4.49,14.36
2024-07-24,Uniswap V3,Arbitrum,6.63,DAI,93396612,3.58,14.36
2024-07-24,Uniswap V3,Optimism,8.84,USDC,99716413,3.25,7.69
2024-07-24,Uniswap V3,Optimism,7.52,USDT,84361113,2.58,7.06
2024-07-24,Uniswap V3,Optimism,6.58,DAI,82964191,1.79,11.31
2024-07-24,Uniswap V3,Polygon,9.33,USDC,86582067,1.25,5.75
2024-07-24,Uniswap V3,Polygon,7.22,USDT,87286822,1.7,9.26
2024-07-24,Uniswap V3,Polygon,8.51,DAI,90875860,0.99,8.05
2024-07-24,Uniswap V3,Base,5.84,USDC,84484667,3.38,11.24
2024-07-24,Uniswap V3,Base,9.18,USDT,92832598,3.97,10.56
2024-07-24,Uniswap V3,Base,9.18,DAI,83570644,3.29,13.8
2024-07-24,Yearn,Ethereum,5.27,USDC,110939984,56.01,0
2024-07-24,Yearn,Ethereum,4.34,USDT,124857289,54.55,0
2024-07-24,Yearn,Ethereum,5.7,DAI,113898205,40.49,0
2024-07-24,Yearn,Arbitrum,6.3,USDC,116023481,4.58,12.43
2024-07-24,Yearn,Arbitrum,6.34,DAI,112552864,3.25,12.05
2024-07-24,Yearn,Optimism,5.81,USDC,120493877,1.81,10.74
2024-07-24,Yearn,Optimism,6.43,USDT,104611681,2.29,7.64
2024-07-24,Yearn,Optimism,6.0,DAI,115507938,2.92,10.43
2024-07-24,Yearn,Polygon,6.33,USDC,110080293,1.63,8.21
2024-07-24,Yearn,Polygon,5.21,USDT,111534567,1.38,8.71
2024-07-24,Yearn,Polygon,6.74,DAI,118868176,1.86,7.08
2024-07-24,Yearn,Base,6.16,USDC,122879144,3.0,11.36
2024-07-24,Yearn,Base,6.87,USDT,108320574,3.39,12.51
2024-07-24,Yearn,Base,6.05,DAI,112152548,2.8,8.6
2024-07-24,Pendle,Ethereum,10.56,USDC,77515663,52.86,0
2024-07-24,Pendle,Ethereum,10.42,USDT,71792841,27.58,0
2024-07-24,Pendle,Ethereum,10.07,DAI,72447691,39.86,0
2024-07-24,Pendle,Arbitrum,9.3,USDC,73937510,3.01,8.61
2024-07-24,Pendle,Arbitrum,9.61,DAI,65100419,3.42,8.73
2024-07-24,Pendle,Optimism,9.04,USDC,72887030,2.54,8.93
2024-07-24,Pendle,Optimism,10.3,USDT,61935128,2.81,7.75
2024-07-24,Pendle,Optimism,9.67,DAI,68099703,3.59,11.38
2024-07-24,Pendle,Base,10.52,USDC,65229668,3.38,10.51
2024-07-24,Pendle,Base,11.31,USDT,69507870,3.52,6.36
2024-07-24,Pendle,Base,10.72,DAI,69935635,3.29,11.05
2024-07-24,Convex,Ethereum,4.65,USDC,133810680,39.77,0
2024-07-24,Convex,Ethereum,6.25,DAI,150749189,39.88,0
2024-07-24,Balancer,Ethereum,6.09,USDC,95486359,42.85,0
2024-07-24,Balancer,Ethereum,6.65,USDT,105012362,50.62,0
2024-07-24,Balancer,Ethereum,6.72,DAI,102600983,35.79,0
2024-07-24,Balancer,Arbitrum,8.99,USDC,102543184,2.51,12.17
2024-07-24,Balancer,Arbitrum,9.37,USDT,108396990,3.31,10.19
2024-07-24,Balancer,Arbitrum,8.18,DAI,97547009,3.5,14.81
2024-07-24,Balancer,Optimism,7.37,USDC,96240409,2.14,12.71
2024-07-24,Balancer,Optimism,9.79,DAI,99630661,3.2,8.63
2024-07-24,Balancer,Polygon,9.21,USDC,104732146,1.63,8.03
2024-07-24,Balancer,Polygon,8.68,USDT,101787981,1.66,7.76
2024-07-24,Balancer,Polygon,9.57,DAI,108086979,1.48,7.26
2024-07-24,Balancer,Base,8.9,USDC,103917561,3.58,9.87
2024-07-24,Balancer,Base,7.64,USDT,105631783,2.95,9.19
2024-07-24,Balancer,Base,7.67,DAI,100387726,3.62,9.94
2024-07-25,Aave,Ethereum,4.28,USDC,242780730,47.93,0
2024-07-25,Aave,Ethereum,3.67,USDT,243162409,29.54,0
2024-07-25,Aave,Ethereum,3.96,DAI,223603764,32.83,0
2024-07-25,Aave,Arbitrum,5.28,USDC,238427336,3.88,9.87
2024-07-25,Aave,Arbitrum,5.01,USDT,244421429,3.92,11.06
2024-07-25,Aave,Arbitrum,5.09,DAI,238805453,4.82,7.33
2024-07-25,Aave,Optimism,4.7,USDT,239916514,2.92,11.22
2024-07-25,Aave,Optimism,4.74,DAI,234207881,1.97,10.81
2024-07-25,Aave,Polygon,5.41,USDC,222021744,1.48,8.19
2024-07-25,Aave,Polygon,4.9,USDT,259151972,1.13,6.02
2024-07-25,Aave,Polygon,5.18,DAI,227325512,1.13,8.36
2024-07-25,Aave,Base,4.6,USDC,235581101,2.74,8.43
2024-07-25,Aave,Base,5.38,USDT,234627097,4.09,10.09
2024-07-25,Aave,Base,3.89,DAI,255425719,3.69,11.0
2024-07-25,Compound,Ethereum,4.43,USDC,163162067,40.78,0
2024-07-25,Compound,Ethereum,4.04,USDT,175022137,46.31,0
2024-07-25,Compound,Arbitrum,5.35,USDC,168732687,4.79,12.19
2024-07-25,Compound,Arbitrum,4.95,USDT,176982601,4.02,10.39
2024-07-25,Compound,Arbitrum,4.3,DAI,186597804,3.32,13.57
2024-07-25,Compound,Optimism,4.83,USDC,182525389,3.32,8.13
2024-07-25,Compound,Optimism,3.85,USDT,182010875,3.63,8.45
2024-07-25,Compound,Optimism,5.26,DAI,163758848,3.5,7.24
2024-07-25,Compound,Polygon,4.3,USDC,152159844,1.68,8.14
2024-07-25,Compound,Polygon,5.15,USDT,176758639,1.26,8.49
2024-07-25,Compound,Polygon,4.7,DAI,158250813,1.68,6.52
2024-07-25,Compound,Base,5.38,USDC,184796082,2.94,7.91
2024-07-25,Compound,Base,5.29,USDT,169198761,2.92,7.81
2024-07-25,Compound,Base,3.89,DAI,166997059,3.74,12.02
2024-07-25,Curve,Ethereum,7.13,USDC,299313466,53.4,0
2024-07-25,Curve,Ethereum,6.0,USDT,307774988,43.78,0
2024-07-25,Curve,Ethereum,6.26,DAI,303196793,45.51,0
2024-07-25,Curve,Arbitrum,9.08,USDT,304261616,5.2,11.68
2024-07-25,Curve,Arbitrum,6.46,DAI,306485302,3.02,13.01
2024-07-25,Curve,Optimism,6.81,USDT,302509463,3.16,7.65
2024-07-25,Curve,Optimism,9.62,DAI,317683704,4.02,6.48
2024-07-25,Curve,Polygon,9.13,USDT,325320308,1.47,6.11
2024-07-25,Curve,Polygon,8.33,DAI,283074373,1.59,4.43
2024-07-25,Curve,Base,8.96,USDC,307030683,3.21,13.33
2024-07-25,Curve,Base,7.82,USDT,318754920,2.68,13.94
2024-07-25,Curve,Base,7.66,DAI,290350795,3.46,10.53
2024-07-25,Uniswap V3,Ethereum,7.06,USDC,93889822,43.69,0
2024-07-25,Uniswap V3,Ethereum,8.04,USDT,86373422,24.79,0
2024-07-25,Uniswap V3,Ethereum,7.61,DAI,96141229,37.84,0
2024-07-25,Uniswap V3,Arbitrum,9.0,USDC,85595373,3.73,11.93
2024-07-25,Uniswap V3,Arbitrum,7.34,USDT,91922510,3.73,13.28
2024-07-25,Uniswap V3,Optimism,7.93,USDC,90795931,3.85,10.36
2024-07-25,Uniswap V3,Optimism,8.29,DAI,91050643,2.69,9.72
2024-07-25,Uniswap V3,Polygon,7.15,USDC,90301723,1.66,10.77
2024-07-25,Uniswap V3,Polygon,8.94,USDT,94903292,1.9,9.72
2024-07-25,Uniswap V3,Polygon,9.94,DAI,97323120,1.31,10.55
2024-07-25,Uniswap V3,Base,7.49,USDC,90651538,2.56,11.85
2024-07-25,Uniswap V3,Base,7.54,USDT,92853445,3.82,10.21
2024-07-25,Uniswap V3,Base,7.24,DAI,78034497,3.34,9.23
2024-07-25,Yearn,Ethereum,4.62,USDC,105637288,35.9,0
2024-07-25,Yearn,Ethereum,5.27,USDT,105020036,38.08,0
2024-07-25,Yearn,Ethereum,4.83,DAI,113330195,39.04,0
2024-07-25,Yearn,Arbitrum,6.42,USDC,113461921,2.58,12.52
2024-07-25,Yearn,Arbitrum,5.88,USDT,127359330,4.64,15.18
2024-07-25,Yearn,Arbitrum,6.61,DAI,119271132,4.18,10.13
2024-07-25,Yearn,Optimism,4.88,USDC,98798358,3.1,8.11
2024-07-25,Yearn,Optimism,6.48,DAI,104180422,2.69,10.79
2024-07-25,Yearn,Polygon,7.01,USDC,121135222,1.73,8.49
2024-07-25,Yearn,Polygon,6.38,USDT,118298760,1.56,10.23
2024-07-25,Yearn,Polygon,6.34,DAI,109659485,1.18,8.22
2024-07-25,Yearn,Base,6.63,USDT,105242000,3.23,11.71
2024-07-25,Yearn,Base,5.8,DAI,115647213,3.36,13.59
2024-07-25,Pendle,Ethereum,8.98,USDC,72250390,41.28,0
2024-07-25,Pendle,Ethereum,9.39,DAI,75376263,37.4,0
2024-07-25,Pendle,Arbitrum,10.42,USDC,74743386,4.09,13.5
2024-07-25,Pendle,Arbitrum,12.05,USDT,78768932,2.88,13.35
2024-07-25,Pendle,Arbitrum,11.25,DAI,76222944,2.03,14.77
2024-07-25,Pendle,Optimism,10.77,USDC,69955538,2.45,9.16
2024-07-25,Pendle,Optimism,10.62,USDT,68762964,3.32,9.45
2024-07-25,Pendle,Optimism,10.7,DAI,74260357,2.78,10.71
2024-07-25,Pendle,Base,12.12,USDC,72632701,3.03,11.24
2024-07-25,Pendle,Base,10.53,USDT,76210920,3.62,9.72
2024-07-25,Pendle,Base,11.9,DAI,72266685,3.6,9.65
2024-07-25,Convex,Ethereum,5.93,USDC,144867794,41.93,0
2024-07-25,Convex,Ethereum,5.83,USDT,141164192,50.59,0
2024-07-25,Convex,Ethereum,4.54,DAI,150419134,58.6,0
2024-07-25,Balancer,Ethereum,5.9,USDC,103326165,46.15,0
2024-07-25,Balancer,Ethereum,6.07,USDT,97801351,57.92,0
2024-07-25,Balancer,Ethereum,6.04,DAI,93674947,37.97,0
2024-07-25,Balancer,Arbitrum,8.61,USDT,95775768,1.94,13.99
2024-07-25,Balancer,Optimism,7.26,USDT,95955026,2.18,8.97
2024-07-25,Balancer,Optimism,6.92,DAI,110754601,3.37,7.29
2024-07-25,Balancer,Polygon,7.97,USDC,113783904,1.3,8.54
2024-07-25,Balancer,Polygon,6.7,USDT,105440373,1.36,8.67
2024-07-25,Balancer,Polygon,7.5,DAI,102124000,1.65,9.87
2024-07-25,Balancer,Base,8.07,USDT,109805084,3.88,13.19
2024-07-25,Balancer,Base,8.37,DAI,93287431,3.36,9.8
2024-07-26,Aave,Ethereum,4.25,USDC,239719296,33.27,0
2024-07-26,Aave,Ethereum,4.26,USDT,249443281,46.18,0
2024-07-26,Aave,Arbitrum,4.27,USDC,229860754,4.1,10.94
2024-07-26,Aave,Arbitrum,5.16,USDT,251131400,3.6,12.97
2024-07-26,Aave,Arbitrum,4.51,DAI,251737551,3.5,15.19
2024-07-26,Aave,Optimism,5.48,USDC,243294050,2.11,10.21
2024-07-26,Aave,Optimism,5.82,USDT,266537514,2.39,10.31
2024-07-26,Aave,Optimism,3.99,DAI,249403875,3.52,10.35
2024-07-26,Aave,Polygon,5.36,USDT,248545012,1.15,8.86
2024-07-26,Aave,Polygon,5.94,DAI,224731676,1.69,7.95
2024-07-26,Aave,Base,4.79,USDT,217042585,3.04,9.96
2024-07-26,Aave,Base,4.26,DAI,240476908,2.94,8.99
2024-07-26,Compound,Ethereum,3.54,USDC,178780880,41.41,0
2024-07-26,Compound,Ethereum,3.51,USDT,169285578,40.67,0
2024-07-26,Compound,Ethereum,3.82,DAI,189510057,45.37,0
2024-07-26,Compound,Arbitrum,4.87,USDC,179452383,3.15,12.02
2024-07-26,Compound,Arbitrum,4.78,USDT,179514025,3.29,11.31
2024-07-26,Compound,Arbitrum,4.08,DAI,186959312,3.12,13.34
2024-07-26,Compound,Optimism,4.23,USDC,183867048,2.49,6.34
2024-07-26,Compound,Optimism,3.59,USDT,164465990,3.5,7.95
2024-07-26,Compound,Optimism,4.49,DAI,170899391,2.25,7.05
2024-07-26,Compound,Polygon,5.17,USDC,175871066,1.59,7.07
2024-07-26,Compound,Polygon,4.67,USDT,173643832,1.74,6.75
2024-07-26,Compound,Polygon,3.82,DAI,163704160,1.56,7.24
2024-07-26,Compound,Base,4.29,USDC,166908824,4.1,10.5
2024-07-26,Compound,Base,4.81,USDT,165430241,3.22,11.23
2024-07-26,Compound,Base,4.45,DAI,176851627,3.25,8.43
2024-07-26,Curve,Ethereum,5.96,USDT,333349830,41.17,0
2024-07-26,Curve,Ethereum,5.58,DAI,290923686,57.54,0
2024-07-26,Curve,Arbitrum,7.11,USDC,328688089,3.03,13.82
2024-07-26,Curve,Arbitrum,6.95,USDT,291929188,3.98,9.13
2024-07-26,Curve,Optimism,7.29,USDT,329291984,2.97,9.55
2024-07-26,Curve,Optimism,7.05,DAI,303448448,2.25,8.69
2024-07-26,Curve,Polygon,7.24,USDC,296053463,1.77,9.41
2024-07-26,Curve,Polygon,8.44,USDT,336497305,1.59,7.66
2024-07-26,Curve,Polygon,7.63,DAI,336279131,1.29,9.36
2024-07-26,Curve,Base,7.39,USDC,284972321,3.09,11.85
2024-07-26,Curve,Base,6.96,DAI,326490656,3.05,10.71
2024-07-26,Uniswap V3,Ethereum,7.05,USDC,94716081,38.79,0
2024-07-26,Uniswap V3,Ethereum,8.01,USDT,91241134,43.53,0
2024-07-26,Uniswap V3,Ethereum,6.37,DAI,100072620,25.73,0
2024-07-26,Uniswap V3,Arbitrum,7.32,USDC,90922965,3.89,13.35
2024-07-26,Uniswap V3,Arbitrum,7.36,USDT,102849364,3.23,13.77
2024-07-26,Uniswap V3,Arbitrum,7.48,DAI,89413659,3.64,15.06
2024-07-26,Uniswap V3,Optimism,7.4,USDC,96740370,3.1,9.63
2024-07-26,Uniswap V3,Optimism,8.22,USDT,89314947,3.27,10.75
2024-07-26,Uniswap V3,Optimism,8.46,DAI,83031348,3.81,7.09
2024-07-26,Uniswap V3,Polygon,8.61,USDC,93801491,1.57,8.79
2024-07-26,Uniswap V3,Polygon,8.97,USDT,87917042,1.5,5.92
2024-07-26,Uniswap V3,Polygon,8.67,DAI,88166324,1.91,9.9
2024-07-26,Uniswap V3,Base,8.16,USDC,87394211,4.05,6.39
2024-07-26,Uniswap V3,Base,7.27,USDT,101249534,3.36,9.77
2024-07-26,Yearn,Ethereum,4.5,USDC,136291475,41.47,0
2024-07-26,Yearn,Ethereum,4.96,USDT,116481046,33.33,0
2024-07-26,Yearn,Ethereum,5.0,DAI,120651886,44.13,0
2024-07-26,Yearn,Arbitrum,6.5,USDC,105226720,3.74,9.28
2024-07-26,Yearn,Arbitrum,5.9,USDT,125485924,2.08,12.15
2024-07-26,Yearn,Arbitrum,6.59,DAI,127518438,4.24,15.66
2024-07-26,Yearn,Optimism,5.86,USDC,123129870,3.17,8.65
2024-07-26,Yearn,Optimism,6.62,USDT,123005389,2.82,6.18
2024-07-26,Yearn,Optimism,6.04,DAI,118239844,3.07,9.03
2024-07-26,Yearn,Polygon,5.13,USDC,107743477,1.97,6.13
2024-07-26,Yearn,Polygon,6.11,USDT,111302349,1.46,9.62
2024-07-26,Yearn,Base,6.22,USDC,110220046,2.89,8.19
2024-07-26,Yearn,Base,6.29,USDT,108436110,3.69,10.97
2024-07-26,Yearn,Base,5.99,DAI,114821488,3.78,8.98
2024-07-26,Pendle,Ethereum,8.43,USDC,69292899,36.54,0
2024-07-26,Pendle,Ethereum,8.79,USDT,65090813,54.8,0
2024-07-26,Pendle,Ethereum,7.59,DAI,72652038,49.92,0
2024-07-26,Pendle,Arbitrum,12.0,USDC,72930286,4.16,15.66
2024-07-26,Pendle,Arbitrum,10.61,DAI,72391234,2.77,12.75
2024-07-26,Pendle,Optimism,10.81,USDT,73351813,2.38,8.01
2024-07-26,Pendle,Optimism,9.92,DAI,71922996,2.61,8.18
2024-07-26,Pendle,Base,9.7,USDC,72108427,3.56,9.17
2024-07-26,Pendle,Base,10.44,USDT,69133847,4.06,6.24
2024-07-26,Pendle,Base,9.09,DAI,71630912,3.4,12.59
2024-07-26,Convex,Ethereum,6.57,USDC,155092683,35.97,0
2024-07-26,Convex,Ethereum,6.77,USDT,147265870,32.36,0
2024-07-26,Balancer,Ethereum,6.65,USDC,107589772,50.03,0
2024-07-26,Balancer,Ethereum,6.67,USDT,103044379,35.31,0
2024-07-26,Balancer,Ethereum,6.73,DAI,111442391,38.92,0
2024-07-26,Balancer,Arbitrum,7.61,USDC,95726773,3.72,9.73
2024-07-26,Balancer,Arbitrum,8.91,USDT,113214478,3.7,12.15
2024-07-26,Balancer,Arbitrum,7.73,DAI,106339243,2.97,13.25
2024-07-26,Balancer,Optimism,7.54,USDC,107719092,3.52,8.84
2024-07-26,Balancer,Optimism,7.33,DAI,105813061,3.26,8.62
2024-07-26,Balancer,Polygon,7.94,USDC,107870265,1.2,7.59
2024-07-26,Balancer,Polygon,9.04,USDT,107672970,1.54,7.72
2024-07-26,Balancer,Polygon,8.84,DAI,101067335,1.42,6.33
2024-07-26,Balancer,Base,8.2,USDC,111459100,3.99,12.59
2024-07-26,Balancer,Base,7.18,USDT,111961623,3.31,9.92
2024-07-26,Balancer,Base,8.51,DAI,110797778,3.01,6.78
2024-07-27,Aave,Ethereum,4.63,USDC,245303226,28.39,0
2024-07-27,Aave,Ethereum,3.5,USDT,230667877,23.43,0
2024-07-27,Aave,Ethereum,3.52,DAI,242857602,26.18,0
2024-07-27,Aave,Arbitrum,4.64,USDT,250454377,1.8,12.52
2024-07-27,Aave,Optimism,4.11,USDC,252212803,2.25,12.36
2024-07-27,Aave,Optimism,4.12,USDT,254425017,2.79,7.71
2024-07-27,Aave,Optimism,4.56,DAI,226545839,1.85,8.17
2024-07-27,Aave,Polygon,6.01,USDC,240728276,0.87,8.24
2024-07-27,Aave,Polygon,3.96,USDT,249080365,0.95,8.35
2024-07-27,Aave,Polygon,4.25,DAI,241474625,1.12,8.33
2024-07-27,Aave,Base,4.13,USDC,266382149,2.07,8.68
2024-07-27,Aave,Base,4.71,USDT,215752301,2.43,10.42
2024-07-27,Compound,Ethereum,3.05,USDC,169506912,26.26,0
2024-07-27,Compound,Ethereum,4.25,USDT,189299749,34.1,0
2024-07-27,Compound,Ethereum,3.83,DAI,181423584,21.06,0
2024-07-27,Compound,Arbitrum,4.37,USDT,156122906,1.66,8.99
2024-07-27,Compound,Arbitrum,4.49,DAI,179734137,2.2,12.36
2024-07-27,Compound,Optimism,4.7,USDC,166726052,2.43,10.06
2024-07-27,Compound,Optimism,4.34,USDT,160294897,2.77,10.39
2024-07-27,Compound,Optimism,4.38,DAI,173159481,2.18,7.07
2024-07-27,Compound,Polygon,4.73,USDC,187350904,0.99,10.44
2024-07-27,Compound,Polygon,4.89,USDT,172263972,1.35,6.14
2024-07-27,Compound,Polygon,5.12,DAI,179267773,0.91,6.6
2024-07-27,Compound,Base,4.38,USDC,181480657,1.99,14.29
2024-07-27,Compound,Base,4.94,DAI,168519064,2.28,10.61
2024-07-27,Curve,Ethereum,6.86,USDC,324619362,32.17,0
2024-07-27,Curve,Ethereum,5.62,USDT,300121995,21.46,0
2024-07-27,Curve,Ethereum,6.45,DAI,347304267,28.01,0
2024-07-27,Curve,Arbitrum,7.25,USDC,320420559,2.92,13.1
2024-07-27,Curve,Arbitrum,7.34,DAI,294561730,1.5,7.56
2024-07-27,Curve,Optimism,7.29,USDC,340379930,1.71,9.18
2024-07-27,Curve,Optimism,7.63,USDT,316473393,1.85,8.98
2024-07-27,Curve,Optimism,7.57,DAI,292242458,1.95,10.47
2024-07-27,Curve,Polygon,8.43,USDC,328682566,1.08,6.55
2024-07-27,Curve,Polygon,7.99,USDT,296768572,0.88,9.34
2024-07-27,Curve,Base,7.38,USDT,297968792,2.45,7.74
2024-07-27,Curve,Base,7.2,DAI,297704501,2.18,10.83
2024-07-27,Uniswap V3,Ethereum,6.47,USDC,89489688,25.89,0
2024-07-27,Uniswap V3,Ethereum,6.22,USDT,88711817,16.07,0
2024-07-27,Uniswap V3,Ethereum,6.6,DAI,88329745,25.82,0
2024-07-27,Uniswap V3,Arbitrum,8.9,USDC,92405160,2.82,14.21
2024-07-27,Uniswap V3,Arbitrum,8.99,USDT,91984197,2.28,7.6
2024-07-27,Uniswap V3,Arbitrum,10.89,DAI,101571627,2.6,11.76
2024-07-27,Uniswap V3,Optimism,8.42,USDC,95054751,2.79,9.63
2024-07-27,Uniswap V3,Optimism,7.98,USDT,94777584,1.88,9.13
2024-07-27,Uniswap V3,Optimism,8.36,DAI,87435858,2.08,6.66
2024-07-27,Uniswap V3,Polygon,8.71,USDC,90441221,0.75,7.14
2024-07-27,Uniswap V3,Polygon,8.44,USDT,87824490,1.15,6.16
2024-07-27,Uniswap V3,Polygon,9.27,DAI,90069434,1.21,8.63
2024-07-27,Uniswap V3,Base,6.44,USDC,90132577,2.82,10.35
2024-07-27,Uniswap V3,Base,6.74,USDT,92594722,2.67,10.59
2024-07-27,Uniswap V3,Base,8.78,DAI,88168078,2.02,9.21
2024-07-27,Yearn,Ethereum,4.94,USDC,124471832,28.28,0
2024-07-27,Yearn,Ethereum,4.95,USDT,118521414,31.8,0
2024-07-27,Yearn,Ethereum,5.07,DAI,129959795,31.08,0
2024-07-27,Yearn,Arbitrum,6.16,USDT,113160912,3.1,12.2
2024-07-27,Yearn,Arbitrum,6.46,DAI,115832513,2.72,7.76
2024-07-27,Yearn,Optimism,5.74,USDC,118572503,2.12,10.33
2024-07-27,Yearn,Optimism,5.47,USDT,127658158,2.53,9.72
2024-07-27,Yearn,Polygon,6.54,USDC,117270036,1.03,7.24
2024-07-27,Yearn,Polygon,6.54,DAI,122869704,1.11,7.17
2024-07-27,Yearn,Base,5.92,USDC,111858189,2.37,10.08
2024-07-27,Yearn,Base,5.32,USDT,112997096,2.64,12.8
2024-07-27,Yearn,Base,6.17,DAI,105950069,1.97,10.61
2024-07-27,Pendle,Ethereum,9.76,USDC,71789689,21.15,0
2024-07-27,Pendle,Ethereum,8.97,USDT,77547301,25.59,0
2024-07-27,Pendle,Ethereum,8.94,DAI,79142777,25.42,0
2024-07-27,Pendle,Arbitrum,13.38,USDC,76771202,1.38,11.24
2024-07-27,Pendle,Arbitrum,8.7,USDT,76389380,2.18,13.59
2024-07-27,Pendle,Arbitrum,11.53,DAI,77825543,1.9,16.21
2024-07-27,Pendle,Optimism,9.28,USDT,66918657,2.3,8.05
2024-07-27,Pendle,Optimism,11.31,DAI,77940497,1.94,11.46
2024-07-27,Pendle,Base,11.95,USDC,69649322,1.9,9.44
2024-07-27,Pendle,Base,11.22,USDT,82979862,1.66,9.58
2024-07-27,Pendle,Base,11.63,DAI,69130428,2.6,8.55
2024-07-27,Convex,Ethereum,5.82,USDC,145082731,38.23,0
2024-07-27,Convex,Ethereum,5.63,USDT,148810753,22.86,0
2024-07-27,Convex,Ethereum,5.9,DAI,145212587,27.1,0
2024-07-27,Balancer,Ethereum,6.96,USDC,110711056,34.46,0
2024-07-27,Balancer,Ethereum,6.93,USDT,102171826,28.93,0
2024-07-27,Balancer,Arbitrum,7.75,USDC,101345312,2.6,14.84
2024-07-27,Balancer,Arbitrum,7.52,USDT,104422969,1.63,10.84
2024-07-27,Balancer,Arbitrum,6.52,DAI,101014850,3.22,12.72
2024-07-27,Balancer,Optimism,7.93,USDC,102302263,1.88,8.7
2024-07-27,Balancer,Optimism,8.15,USDT,111969241,2.73,7.68
2024-07-27,Balancer,Polygon,8.4,USDC,120542440,0.94,7.91
2024-07-27,Balancer,Polygon,8.62,USDT,109958088,0.63,5.37
2024-07-27,Balancer,Polygon,8.28,DAI,111394701,1.17,9.81
2024-07-27,Balancer,Base,7.9,USDC,110412888,2.31,13.53
2024-07-27,Balancer,Base,6.01,USDT,110035219,2.05,8.23
2024-07-27,Balancer,Base,7.79,DAI,109601767,2.14,11.21
2024-07-28,Aave,Ethereum,3.94,USDC,227532028,27.64,0
2024-07-28,Aave,Ethereum,3.21,USDT,244878040,26.34,0
2024-07-28,Aave,Ethereum,3.76,DAI,245291495,20.57,0
2024-07-28,Aave,Arbitrum,4.3,USDC,286816900,2.54,12.9
2024-07-28,Aave,Arbitrum,5.09,DAI,241076224,2.83,16.18
2024-07-28,Aave,Optimism,5.25,USDC,256429438,2.28,12.82
2024-07-28,Aave,Optimism,4.8,USDT,235200086,1.52,9.66
2024-07-28,Aave,Optimism,3.97,DAI,247740247,2.04,10.8
2024-07-28,Aave,Polygon,5.14,USDC,244438094,0.7,11.53
2024-07-28,Aave,Polygon,5.45,USDT,265771790,0.87,3.96
2024-07-28,Aave,Polygon,4.13,DAI,256762761,0.97,8.87
2024-07-28,Aave,Base,4.44,USDC,253866100,2.37,11.76
2024-07-28,Aave,Base,4.52,USDT,261938504,2.52,10.49
2024-07-28,Aave,Base,4.94,DAI,255316710,2.58,11.3
2024-07-28,Compound,Ethereum,3.62,USDC,181836919,32.44,0
2024-07-28,Compound,Ethereum,3.46,DAI,184157204,19.73,0
2024-07-28,Compound,Arbitrum,4.59,USDC,189302100,2.6,14.1
2024-07-28,Compound,Arbitrum,3.76,USDT,172993153,1.21,12.2
2024-07-28,Compound,Arbitrum,4.45,DAI,174316406,2.59,10.94
2024-07-28,Compound,Optimism,4.05,USDT,176032963,2.44,7.27
2024-07-28,Compound,Polygon,4.32,USDC,179906697,0.95,9.05
2024-07-28,Compound,Polygon,4.66,USDT,176565324,0.85,6.19
2024-07-28,Compound,Polygon,4.47,DAI,184203860,0.56,6.14
2024-07-28,Compound,Base,4.52,USDC,190765075,2.31,9.86
2024-07-28,Compound,Base,4.57,USDT,197895053,2.5,8.89
2024-07-28,Compound,Base,4.45,DAI,178396667,1.89,10.44
2024-07-28,Curve,Ethereum,6.25,USDT,360619243,21.83,0
2024-07-28,Curve,Ethereum,5.51,DAI,296316188,29.32,0
2024-07-28,Curve,Arbitrum,7.04,USDC,299827222,2.37,16.91
2024-07-28,Curve,Arbitrum,8.31,USDT,303228084,2.16,16.09
2024-07-28,Curve,Arbitrum,8.07,DAI,309991599,2.25,14.07
2024-07-28,Curve,Optimism,6.07,USDT,303784529,2.47,6.94
2024-07-28,Curve,Optimism,6.96,DAI,303914827,1.54,11.77
2024-07-28,Curve,Polygon,8.3,USDC,317160610,1.2,8.43
2024-07-28,Curve,Polygon,9.6,USDT,313226691,1.01,9.95
2024-07-28,Curve,Polygon,8.73,DAI,323547043,1.15,8.69
2024-07-28,Curve,Base,7.01,USDC,312625750,2.5,10.19
2024-07-28,Curve,Base,6.86,DAI,349074467,2.08,8.5
2024-07-28,Uniswap V3,Ethereum,7.16,USDC,94057010,28.87,0
2024-07-28,Uniswap V3,Ethereum,6.25,USDT,103326108,39.63,0
2024-07-28,Uniswap V3,Ethereum,6.32,DAI,96665456,30.0,0
2024-07-28,Uniswap V3,Arbitrum,8.4,USDC,93116507,2.27,11.15
2024-07-28,Uniswap V3,Arbitrum,7.24,USDT,93925382,2.34,12.88
2024-07-28,Uniswap V3,Arbitrum,10.28,DAI,87464085,2.98,8.6
2024-07-28,Uniswap V3,Optimism,8.55,USDC,92636972,1.83,9.04
2024-07-28,Uniswap V3,Optimism,7.9,USDT,94919408,2.38,8.18
2024-07-28,Uniswap V3,Optimism,5.88,DAI,93185433,2.49,5.96
2024-07-28,Uniswap V3,Polygon,9.84,USDC,87597451,1.08,5.81
2024-07-28,Uniswap V3,Polygon,8.93,USDT,96628099,0.79,8.33
2024-07-28,Uniswap V3,Polygon,9.35,DAI,97995666,1.03,9.3
2024-07-28,Uniswap V3,Base,6.29,USDC,93304503,2.07,10.39
2024-07-28,Uniswap V3,Base,9.31,USDT,100536859,2.7,10.17
2024-07-28,Uniswap V3,Base,8.74,DAI,91102757,2.04,6.9
2024-07-28,Yearn,Ethereum,4.68,USDC,107707437,20.28,0
2024-07-28,Yearn,Ethereum,4.88,USDT,119697773,26.52,0
2024-07-28,Yearn,Arbitrum,5.41,USDC,134401619,2.29,8.53
2024-07-28,Yearn,Arbitrum,6.35,USDT,123609667,1.59,10.02
2024-07-28,Yearn,Arbitrum,6.38,DAI,106380816,3.17,10.78
2024-07-28,Yearn,Optimism,6.09,USDT,126478737,1.82,11.05
2024-07-28,Yearn,Optimism,5.74,DAI,115715133,1.15,5.84
2024-07-28,Yearn,Polygon,6.02,USDC,120591560,0.84,7.22
2024-07-28,Yearn,Polygon,6.58,USDT,127368433,1.04,4.88
2024-07-28,Yearn,Polygon,6.63,DAI,118218764,1.08,9.45
2024-07-28,Yearn,Base,6.6,USDC,117398903,2.18,10.21
2024-07-28,Yearn,Base,5.31,USDT,117904649,2.44,9.44
2024-07-28,Yearn,Base,6.22,DAI,113807055,2.36,7.88
2024-07-28,Pendle,Ethereum,7.95,USDC,78330837,26.55,0
2024-07-28,Pendle,Ethereum,8.56,DAI,74475604,27.74,0
2024-07-28,Pendle,Arbitrum,11.64,USDC,70548346,2.43,13.64
2024-07-28,Pendle,Arbitrum,9.53,USDT,69852855,2.32,13.87
2024-07-28,Pendle,Arbitrum,11.83,DAI,72708408,2.1,8.53
2024-07-28,Pendle,Optimism,11.84,USDC,76030199,1.78,11.41
2024-07-28,Pendle,Optimism,10.27,USDT,66665297,2.55,9.17
2024-07-28,Pendle,Optimism,10.82,DAI,77168571,2.91,8.3
2024-07-28,Pendle,Base,11.18,USDC,67447758,2.32,6.38
2024-07-28,Pendle,Base,12.14,USDT,71814408,2.41,10.64
2024-07-28,Pendle,Base,11.59,DAI,72107070,2.86,8.48
2024-07-28,Convex,Ethereum,5.0,DAI,140359549,29.83,0
2024-07-28,Balancer,Ethereum,5.71,USDT,98093446,27.57,0
2024-07-28,Balancer,Ethereum,6.72,DAI,113214554,28.68,0
2024-07-28,Balancer,Arbitrum,6.35,USDC,115516923,2.77,13.99
2024-07-28,Balancer,Arbitrum,7.83,USDT,113632416,2.78,11.06
2024-07-28,Balancer,Arbitrum,8.85,DAI,112393927,2.3,13.57
2024-07-28,Balancer,Optimism,7.61,USDC,111357972,2.0,8.09
2024-07-28,Balancer,Optimism,7.4,USDT,110355006,1.8,11.27
2024-07-28,Balancer,Optimism,7.3,DAI,107567991,2.26,7.31
2024-07-28,Balancer,Polygon,8.68,USDT,110907352,0.9,8.93
2024-07-28,Balancer,Polygon,7.92,DAI,111565160,1.16,6.71
2024-07-28,Balancer,Base,6.81,USDC,106852866,2.24,9.96
2024-07-28,Balancer,Base,8.49,USDT,118053300,2.46,6.05
2024-07-28,Balancer,Base,7.59,DAI,111939847,2.01,7.29
2024-07-29,Aave,Ethereum,3.74,USDC,250243063,51.25,0
2024-07-29,Aave,Ethereum,3.99,USDT,256757867,33.03,0
2024-07-29,Aave,Ethereum,3.94,DAI,237440453,40.59,0
2024-07-29,Aave,Arbitrum,4.57,USDC,252784218,2.04,9.83
2024-07-29,Aave,Arbitrum,5.62,USDT,260005605,5.1,12.85
2024-07-29,Aave,Optimism,4.86,USDC,276451982,3.5,7.88
2024-07-29,Aave,Optimism,4.56,DAI,255163159,2.17,11.55
2024-07-29,Aave,Polygon,5.42,USDC,265759497,1.22,10.35
2024-07-29,Aave,Polygon,5.08,USDT,258310352,1.93,9.81
2024-07-29,Aave,Polygon,4.66,DAI,268372423,1.46,6.63
2024-07-29,Aave,Base,4.76,USDC,235797988,3.34,6.83
2024-07-29,Aave,Base,5.12,USDT,254810356,4.27,10.8
2024-07-29,Aave,Base,4.1,DAI,241030857,4.0,11.27
2024-07-29,Compound,Ethereum,3.92,USDC,187314468,39.31,0
2024-07-29,Compound,Ethereum,3.66,USDT,178931415,48.15,0
2024-07-29,Compound,Ethereum,3.6,DAI,188470954,49.75,0
2024-07-29,Compound,Arbitrum,4.7,USDC,179906321,3.76,14.63
2024-07-29,Compound,Arbitrum,4.41,USDT,180648094,4.8,13.3
2024-07-29,Compound,Arbitrum,4.39,DAI,187040443,3.9,14.17
2024-07-29,Compound,Optimism,4.91,USDC,185578141,3.74,8.22
2024-07-29,Compound,Optimism,4.66,USDT,186402055,2.87,8.78
2024-07-29,Compound,Optimism,4.95,DAI,183761551,2.51,7.67
2024-07-29,Compound,Polygon,5.4,USDC,179506292,0.99,5.56
2024-07-29,Compound,Polygon,5.75,USDT,163464740,0.82,7.39
2024-07-29,Compound,Polygon,4.87,DAI,193987653,1.44,11.36
2024-07-29,Compound,Base,4.88,USDC,170098988,2.89,7.33
2024-07-29,Compound,Base,4.08,USDT,197790038,2.89,7.56
2024-07-29,Compound,Base,4.37,DAI,192384554,3.82,8.72
2024-07-29,Curve,Ethereum,7.27,USDC,321667055,44.93,0
2024-07-29,Curve,Ethereum,5.73,DAI,334152829,44.69,0
2024-07-29,Curve,Arbitrum,7.25,USDC,301278909,2.9,15.47
2024-07-29,Curve,Arbitrum,7.46,USDT,338166143,4.06,13.32
2024-07-29,Curve,Arbitrum,8.19,DAI,334437600,4.72,11.15
2024-07-29,Curve,Optimism,8.25,USDC,323586791,3.18,4.23
2024-07-29,Curve,Optimism,6.46,USDT,322958155,2.99,9.33
2024-07-29,Curve,Optimism,6.82,DAI,307621966,3.21,8.62
2024-07-29,Curve,Polygon,8.76,USDC,345475896,1.68,8.51
2024-07-29,Curve,Polygon,7.28,USDT,321543548,1.48,5.76
2024-07-29,Curve,Polygon,8.62,DAI,347714878,1.68,6.23
2024-07-29,Curve,Base,6.6,USDC,336060979,3.35,5.99
2024-07-29,Curve,Base,6.87,USDT,318975247,3.74,10.34
2024-07-29,Curve,Base,6.06,DAI,337346513,2.9,10.68
2024-07-29,Uniswap V3,Ethereum,7.04,USDC,99195458,33.96,0
2024-07-29,Uniswap V3,Ethereum,6.09,USDT,93608546,41.05,0
2024-07-29,Uniswap V3,Ethereum,9.46,DAI,91370781,48.16,0
2024-07-29,Uniswap V3,Arbitrum,9.58,USDC,93711133,4.0,10.49
2024-07-29,Uniswap V3,Arbitrum,8.47,USDT,91904253,5.0,16.59
2024-07-29,Uniswap V3,Arbitrum,7.77,DAI,94304140,2.74,16.25
2024-07-29,Uniswap V3,Optimism,7.82,USDC,97815691,4.09,10.43
2024-07-29,Uniswap V3,Optimism,8.73,USDT,93019372,2.17,7.43
2024-07-29,Uniswap V3,Optimism,7.85,DAI,91668282,3.01,5.54
2024-07-29,Uniswap V3,Polygon,8.74,USDC,96617972,1.21,6.23
2024-07-29,Uniswap V3,Polygon,8.27,USDT,96320085,1.2,9.06
2024-07-29,Uniswap V3,Base,8.57,USDC,100105457,2.79,11.05
2024-07-29,Uniswap V3,Base,6.67,USDT,90876065,3.95,10.93
2024-07-29,Uniswap V3,Base,9.17,DAI,94935718,3.44,11.16
2024-07-29,Yearn,Ethereum,4.93,USDC,115495123,39.7,0
2024-07-29,Yearn,Ethereum,5.63,USDT,119086755,26.44,0
2024-07-29,Yearn,Ethereum,5.55,DAI,128903265,47.23,0
2024-07-29,Yearn,Arbitrum,6.45,USDC,124173936,2.51,16.57
2024-07-29,Yearn,Arbitrum,5.85,USDT,117472842,3.46,5.85
2024-07-29,Yearn,Optimism,6.85,USDC,128564793,2.66,9.83
2024-07-29,Yearn,Optimism,5.63,USDT,131469755,4.11,9.35
2024-07-29,Yearn,Optimism,6.03,DAI,122977848,2.83,9.78
2024-07-29,Yearn,Polygon,7.35,USDC,122189224,1.77,7.56
2024-07-29,Yearn,Polygon,7.52,DAI,122625008,1.51,5.77
2024-07-29,Yearn,Base,5.55,USDC,129448291,3.9,7.85
2024-07-29,Yearn,Base,6.02,USDT,125810043,2.82,10.87
2024-07-29,Yearn,Base,5.54,DAI,116456903,2.72,8.28
2024-07-29,Pendle,Ethereum,10.29,USDC,70633408,37.84,0
2024-07-29,Pendle,Ethereum,8.1,DAI,75968189,33.95,0
2024-07-29,Pendle,Arbitrum,9.86,USDC,73905424,3.97,12.83
2024-07-29,Pendle,Arbitrum,9.53,USDT,73226012,3.6,12.76
2024-07-29,Pendle,Arbitrum,12.03,DAI,69756095,4.1,12.69
2024-07-29,Pendle,Optimism,9.88,USDC,76889639,3.22,6.65
2024-07-29,Pendle,Optimism,11.72,USDT,67529733,3.49,11.17
2024-07-29,Pendle,Optimism,9.96,DAI,81479717,3.37,8.15
2024-07-29,Pendle,Base,11.49,USDC,72927053,3.38,8.91
2024-07-29,Pendle,Base,10.39,USDT,64562362,4.02,9.84
2024-07-29,Pendle,Base,10.92,DAI,72029529,2.94,9.83
2024-07-29,Convex,Ethereum,5.69,USDT,157257604,38.81,0
2024-07-29,Convex,Ethereum,5.48,DAI,142237714,46.78,0
2024-07-29,Balancer,Ethereum,5.93,USDC,107813587,48.5,0
2024-07-29,Balancer,Ethereum,6.52,USDT,118947998,36.95,0
2024-07-29,Balancer,Ethereum,7.97,DAI,120959275,45.45,0
2024-07-29,Balancer,Arbitrum,7.61,USDC,104939986,2.53,8.06
2024-07-29,Balancer,Arbitrum,8.36,USDT,116370056,2.72,8.87
2024-07-29,Balancer,Arbitrum,8.4,DAI,112604097,3.67,12.9
2024-07-29,Balancer,Optimism,8.49,USDC,116562507,2.57,9.93
2024-07-29,Balancer,Optimism,7.67,USDT,104145857,2.07,9.0
2024-07-29,Balancer,Optimism,8.03,DAI,107613826,2.31,11.9
2024-07-29,Balancer,Polygon,7.58,USDC,113246923,1.14,11.52
2024-07-29,Balancer,Polygon,9.18,USDT,116861309,1.41,11.52
2024-07-29,Balancer,Polygon,7.39,DAI,103738424,1.68,5.64
2024-07-29,Balancer,Base,7.24,USDC,113836242,3.67,10.62
2024-07-29,Balancer,Base,8.07,USDT,108180707,3.73,11.72
2024-07-29,Balancer,Base,7.57,DAI,114939399,3.59,9.29
2024-07-30,Aave,Ethereum,3.69,USDC,254267224,41.14,0
2024-07-30,Aave,Ethereum,3.78,USDT,265150890,50.59,0
2024-07-30,Aave,Ethereum,4.38,DAI,268473790,36.66,0
2024-07-30,Aave,Arbitrum,6.01,USDC,258431949,4.08,14.84
2024-07-30,Aave,Arbitrum,4.46,USDT,243580099,3.69,13.98
2024-07-30,Aave,Optimism,4.46,USDC,275214899,2.91,8.52
2024-07-30,Aave,Optimism,4.53,USDT,260872956,2.78,6.39
2024-07-30,Aave,Optimism,5.54,DAI,258062282,2.75,12.03
2024-07-30,Aave,Polygon,5.22,USDC,268036891,1.82,8.95
2024-07-30,Aave,Polygon,4.99,USDT,283645090,1.39,9.4
2024-07-30,Aave,Polygon,4.15,DAI,252590562,1.42,8.41
2024-07-30,Aave,Base,3.91,USDC,272362253,3.16,9.3
2024-07-30,Aave,Base,5.12,USDT,268496035,3.49,9.63
2024-07-30,Aave,Base,5.21,DAI,244596637,3.57,7.99
2024-07-30,Compound,Ethereum,3.79,USDC,199663835,52.86,0
2024-07-30,Compound,Ethereum,4.1,USDT,197453808,54.19,0
2024-07-30,Compound,Ethereum,3.96,DAI,197952127,33.82,0
2024-07-30,Compound,Arbitrum,5.67,USDC,183055242,4.66,18.91
2024-07-30,Compound,Arbitrum,4.5,USDT,191188752,3.84,12.26
2024-07-30,Compound,Arbitrum,4.94,DAI,181476376,3.61,13.14
2024-07-30,Compound,Optimism,4.58,USDC,180702160,3.03,9.58
2024-07-30,Compound,Optimism,4.36,USDT,197763164,2.92,12.56
2024-07-30,Compound,Optimism,4.13,DAI,188497301,2.81,10.08
2024-07-30,Compound,Polygon,5.88,USDC,193158071,1.01,7.97
2024-07-30,Compound,Polygon,5.0,USDT,204781441,1.37,7.35
2024-07-30,Compound,Polygon,4.65,DAI,195819248,1.59,7.65
2024-07-30,Compound,Base,5.09,USDC,179350626,2.86,8.47
2024-07-30,Compound,Base,5.37,USDT,202970887,3.02,7.59
2024-07-30,Compound,Base,4.61,DAI,188571330,4.27,10.0
2024-07-30,Curve,Ethereum,7.12,USDC,326080129,39.18,0
2024-07-30,Curve,Ethereum,6.53,USDT,304609143,54.82,0
2024-07-30,Curve,Ethereum,5.56,DAI,301259589,30.55,0
2024-07-30,Curve,Arbitrum,7.95,USDC,326240104,3.77,11.03
2024-07-30,Curve,Arbitrum,8.66,USDT,312047932,3.85,12.12
2024-07-30,Curve,Arbitrum,7.67,DAI,329058368,3.39,9.91
2024-07-30,Curve,Optimism,8.86,USDC,325278417,2.57,7.84
2024-07-30,Curve,Optimism,6.73,USDT,343279635,3.32,9.79
2024-07-30,Curve,Optimism,8.89,DAI,345804153,2.24,9.35
2024-07-30,Curve,Polygon,8.35,USDT,343479220,1.28,3.86
2024-07-30,Curve,Polygon,8.16,DAI,305030563,1.09,6.08
2024-07-30,Curve,Base,7.13,USDC,317050146,3.63,7.52
2024-07-30,Curve,Base,8.38,USDT,350104305,2.94,9.52
2024-07-30,Curve,Base,7.01,DAI,359981923,3.17,12.33
2024-07-30,Uniswap V3,Ethereum,5.69,USDC,93357517,39.95,0
2024-07-30,Uniswap V3,Ethereum,7.66,USDT,99677260,40.28,0
2024-07-30,Uniswap V3,Ethereum,5.52,DAI,98681573,46.61,0
2024-07-30,Uniswap V3,Arbitrum,9.01,USDC,92491073,4.64,13.04
2024-07-30,Uniswap V3,Arbitrum,8.26,DAI,99187185,3.57,14.64
2024-07-30,Uniswap V3,Optimism,9.62,USDC,99247467,2.93,12.01
2024-07-30,Uniswap V3,Optimism,8.05,USDT,104042004,2.69,10.83
2024-07-30,Uniswap V3,Optimism,8.14,DAI,106733274,3.3,8.1
2024-07-30,Uniswap V3,Polygon,8.73,USDC,96059585,1.27,9.66
2024-07-30,Uniswap V3,Polygon,8.92,USDT,103625371,1.06,7.71
2024-07-30,Uniswap V3,Polygon,8.06,DAI,92418139,1.31,6.82
2024-07-30,Uniswap V3,Base,8.86,USDC,101877038,3.55,9.36
2024-07-30,Uniswap V3,Base,7.48,USDT,102630009,3.71,6.31
2024-07-30,Uniswap V3,Base,7.83,DAI,103845054,3.19,3.63
2024-07-30,Yearn,Ethereum,4.52,USDC,111792820,51.76,0
2024-07-30,Yearn,Ethereum,4.77,USDT,132018164,47.15,0
2024-07-30,Yearn,Ethereum,5.23,DAI,112564309,46.37,0
2024-07-30,Yearn,Arbitrum,5.19,USDC,117925048,4.29,9.16
2024-07-30,Yearn,Arbitrum,7.24,USDT,123594845,3.28,11.98
2024-07-30,Yearn,Arbitrum,6.82,DAI,122070068,3.75,12.91
2024-07-30,Yearn,Optimism,5.13,USDC,128681547,3.0,12.57
2024-07-30,Yearn,Optimism,7.1,USDT,105643671,2.45,9.05
2024-07-30,Yearn,Optimism,5.67,DAI,126667876,2.85,8.04
2024-07-30,Yearn,Polygon,6.69,USDT,120109329,1.64,7.59
2024-07-30,Yearn,Polygon,6.17,DAI,128404217,1.32,6.72
2024-07-30,Yearn,Base,5.73,USDC,126344876,2.99,12.43
2024-07-30,Yearn,Base,5.64,USDT,122704517,3.17,7.13
2024-07-30,Pendle,Ethereum,5.94,USDC,76861953,45.92,0
2024-07-30,Pendle,Ethereum,8.0,USDT,80105862,42.46,0
2024-07-30,Pendle,Ethereum,7.28,DAI,77379375,41.68,0
2024-07-30,Pendle,Arbitrum,11.37,USDC,79148755,3.02,11.23
2024-07-30,Pendle,Arbitrum,12.0,USDT,77531725,3.19,7.32
2024-07-30,Pendle,Arbitrum,12.34,DAI,82765057,3.9,7.43
2024-07-30,Pendle,Optimism,11.4,USDC,77970098,2.36,9.2
2024-07-30,Pendle,Optimism,10.49,USDT,78364914,3.75,7.03
2024-07-30,Pendle,Optimism,12.79,DAI,72213122,3.21,10.04
2024-07-30,Pendle,Base,8.63,USDT,74729945,3.16,9.86
2024-07-30,Pendle,Base,10.94,DAI,80131277,2.78,9.6
2024-07-30,Convex,Ethereum,6.03,USDC,156436054,45.9,0
2024-07-30,Convex,Ethereum,4.96,USDT,154672957,37.72,0
2024-07-30,Convex,Ethereum,4.65,DAI,152630018,41.67,0
2024-07-30,Balancer,Ethereum,6.13,USDC,116950011,41.5,0
2024-07-30,Balancer,Ethereum,6.54,USDT,118829350,43.09,0
2024-07-30,Balancer,Ethereum,6.48,DAI,108536532,42.69,0
2024-07-30,Balancer,Arbitrum,8.91,USDC,118449377,3.77,13.73
2024-07-30,Balancer,Arbitrum,8.82,USDT,112709796,3.98,13.02
2024-07-30,Balancer,Arbitrum,8.82,DAI,115526300,4.11,15.16
2024-07-30,Balancer,Optimism,8.44,USDC,112692994,3.29,3.9
2024-07-30,Balancer,Optimism,7.57,USDT,117060768,2.97,12.87
2024-07-30,Balancer,Optimism,7.14,DAI,115073429,2.81,10.14
2024-07-30,Balancer,Polygon,8.44,USDC,105242233,1.41,10.43
2024-07-30,Balancer,Polygon,8.95,USDT,113916349,1.14,5.48
2024-07-30,Balancer,Polygon,9.7,DAI,113798822,0.53,7.49
2024-07-30,Balancer,Base,7.48,USDT,113491998,3.41,12.92
2024-07-30,Balancer,Base,7.37,DAI,103308382,3.05,14.86
2024-07-31,Aave,Ethereum,4.3,USDC,272284220,41.38,0
2024-07-31,Aave,Ethereum,4.42,USDT,269228888,47.48,0
2024-07-31,Aave,Ethereum,3.97,DAI,270629209,36.43,0
2024-07-31,Aave,Arbitrum,4.73,USDC,270396756,3.21,8.97
2024-07-31,Aave,Arbitrum,5.15,USDT,275784232,4.26,9.75
2024-07-31,Aave,Arbitrum,5.26,DAI,249307675,3.4,14.37
2024-07-31,Aave,Optimism,4.82,USDC,265299600,2.31,9.16
2024-07-31,Aave,Optimism,4.17,USDT,269700872,3.05,7.21
2024-07-31,Aave,Optimism,4.85,DAI,260855448,2.97,10.09
2024-07-31,Aave,Polygon,4.94,USDC,285893738,2.01,7.98
2024-07-31,Aave,Polygon,6.06,USDT,282388545,0.86,4.84
2024-07-31,Aave,Base,4.31,USDC,257254473,3.58,8.71
2024-07-31,Aave,Base,5.77,USDT,240888586,2.84,9.9
2024-07-31,Aave,Base,4.79,DAI,253390583,3.74,10.04
2024-07-31,Compound,Ethereum,3.8,USDC,190261437,42.47,0
2024-07-31,Compound,Ethereum,4.19,USDT,190601826,38.83,0
2024-07-31,Compound,Ethereum,4.11,DAI,192062851,33.69,0
2024-07-31,Compound,Arbitrum,4.24,USDC,199534158,5.48,13.11
2024-07-31,Compound,Arbitrum,4.73,USDT,183489694,3.06,14.97
2024-07-31,Compound,Arbitrum,4.39,DAI,185310252,4.45,9.03
2024-07-31,Compound,Optimism,4.92,USDT,177705060,2.79,12.27
2024-07-31,Compound,Optimism,4.72,DAI,175280416,2.76,4.68
2024-07-31,Compound,Polygon,5.37,USDT,174816645,1.55,7.5
2024-07-31,Compound,Polygon,5.43,DAI,196508731,1.62,11.01
2024-07-31,Compound,Base,4.14,USDC,192090611,4.02,4.8
2024-07-31,Compound,Base,4.63,USDT,209277410,3.18,10.37
2024-07-31,Compound,Base,4.96,DAI,199856381,3.65,13.15
2024-07-31,Curve,Ethereum,6.75,USDC,343142676,45.45,0
2024-07-31,Curve,Ethereum,5.38,DAI,326803186,41.61,0
2024-07-31,Curve,Arbitrum,7.54,USDT,337885753,4.29,16.64
2024-07-31,Curve,Arbitrum,7.25,DAI,344860283,2.54,8.47
2024-07-31,Curve,Optimism,8.06,USDC,341033919,2.24,7.72
2024-07-31,Curve,Optimism,7.64,USDT,328988896,2.63,8.68
2024-07-31,Curve,Optimism,6.64,DAI,325750427,3.4,11.82
2024-07-31,Curve,Polygon,9.23,USDC,322335417,1.58,7.39
2024-07-31,Curve,Polygon,6.75,USDT,354676197,1.17,9.84
2024-07-31,Curve,Polygon,8.83,DAI,329182989,2.02,5.51
2024-07-31,Curve,Base,7.16,USDC,340372724,3.68,9.32
2024-07-31,Curve,Base,7.1,USDT,324650110,3.82,9.46
2024-07-31,Curve,Base,8.13,DAI,288712047,3.31,8.47
2024-07-31,Uniswap V3,Ethereum,6.99,USDC,109177402,41.03,0
2024-07-31,Uniswap V3,Ethereum,5.72,USDT,99664189,42.71,0
2024-07-31,Uniswap V3,Ethereum,5.31,DAI,99803730,44.28,0
2024-07-31,Uniswap V3,Arbitrum,9.39,USDC,96438183,3.02,13.39
2024-07-31,Uniswap V3,Arbitrum,9.01,USDT,106918298,2.99,13.13
2024-07-31,Uniswap V3,Arbitrum,8.82,DAI,101846735,3.38,14.5
2024-07-31,Uniswap V3,Optimism,8.45,USDT,98263364,3.15,7.69
2024-07-31,Uniswap V3,Optimism,7.45,DAI,91984299,2.71,6.42
2024-07-31,Uniswap V3,Polygon,9.32,USDC,101555313,1.2,8.19
2024-07-31,Uniswap V3,Polygon,10.95,USDT,84698664,1.41,8.62
2024-07-31,Uniswap V3,Polygon,8.66,DAI,104042226,1.06,8.15
2024-07-31,Uniswap V3,Base,8.96,USDC,98089316,2.86,8.11
2024-07-31,Uniswap V3,Base,7.39,USDT,94245943,3.12,9.71
2024-07-31,Uniswap V3,Base,8.08,DAI,103594820,2.96,6.66
2024-07-31,Yearn,Ethereum,5.13,USDT,126870539,40.97,0
2024-07-31,Yearn,Ethereum,5.18,DAI,131252039,43.72,0
2024-07-31,Yearn,Arbitrum,5.95,USDT,119311459,3.2,12.2
2024-07-31,Yearn,Arbitrum,6.36,DAI,132304331,4.44,12.4
2024-07-31,Yearn,Optimism,5.72,USDC,130614211,2.78,8.24
2024-07-31,Yearn,Optimism,5.73,USDT,124341671,3.04,4.18
2024-07-31,Yearn,Optimism,5.53,DAI,136804741,2.39,11.23
2024-07-31,Yearn,Polygon,5.43,USDC,117732489,1.63,7.41
2024-07-31,Yearn,Polygon,6.44,USDT,128602546,1.54,9.97
2024-07-31,Yearn,Base,5.65,USDT,125399746,3.42,7.45
2024-07-31,Yearn,Base,5.96,DAI,131752984,3.13,8.0
2024-07-31,Pendle,Ethereum,9.44,USDC,78023249,40.98,0
2024-07-31,Pendle,Ethereum,9.1,DAI,79266192,29.91,0
2024-07-31,Pendle,Arbitrum,10.86,USDC,81156041,2.86,13.07
2024-07-31,Pendle,Arbitrum,11.04,USDT,84425394,3.0,11.5
2024-07-31,Pendle,Arbitrum,12.89,DAI,84756748,3.8,14.99
2024-07-31,Pendle,Optimism,10.18,USDC,77946422,2.77,7.72
2024-07-31,Pendle,Optimism,6.36,USDT,73494291,1.98,7.67
2024-07-31,Pendle,Optimism,11.93,DAI,72684162,1.85,8.72
2024-07-31,Pendle,Base,11.49,USDC,79340224,3.39,11.92
2024-07-31,Pendle,Base,10.89,USDT,81528971,2.83,13.33
2024-07-31,Pendle,Base,14.72,DAI,81983196,3.74,9.59
2024-07-31,Convex,Ethereum,5.2,USDC,156656309,47.88,0
2024-07-31,Convex,Ethereum,5.41,DAI,146413129,53.06,0
2024-07-31,Balancer,Ethereum,6.49,USDC,123610145,41.92,0
2024-07-31,Balancer,Ethereum,6.87,USDT,114611530,48.28,0
2024-07-31,Balancer,Ethereum,6.07,DAI,116723103,43.46,0
2024-07-31,Balancer,Arbitrum,7.79,USDC,111960395,2.29,13.72
2024-07-31,Balancer,Arbitrum,6.34,USDT,118508157,3.14,13.95
2024-07-31,Balancer,Arbitrum,8.02,DAI,115990537,3.71,14.19
2024-07-31,Balancer,Optimism,8.49,USDT,112343575,2.9,6.06
2024-07-31,Balancer,Optimism,8.74,DAI,105188029,2.86,8.02
2024-07-31,Balancer,Polygon,8.87,USDC,107699432,1.09,7.84
2024-07-31,Balancer,Polygon,8.23,USDT,118853834,2.21,8.11
2024-07-31,Balancer,Polygon,8.67,DAI,115897239,1.27,7.79
2024-07-31,Balancer,Base,7.79,USDC,122585116,3.69,9.15
2024-08-01,Aave,Ethereum,3.77,USDC,275746162,42.43,0
2024-08-01,Aave,Ethereum,3.51,USDT,278328510,44.74,0
2024-08-01,Aave,Ethereum,4.19,DAI,278698849,27.04,0
2024-08-01,Aave,Arbitrum,4.66,USDC,264396133,4.72,14.15
2024-08-01,Aave,Arbitrum,5.1,USDT,274342613,3.96,7.02
2024-08-01,Aave,Arbitrum,5.36,DAI,260249272,3.23,10.88
2024-08-01,Aave,Optimism,4.86,USDC,276425688,3.02,4.77
2024-08-01,Aave,Optimism,4.55,USDT,245167066,2.87,6.77
2024-08-01,Aave,Optimism,3.99,DAI,265974899,2.74,9.64
2024-08-01,Aave,Polygon,5.53,USDC,265507870,1.38,7.06
2024-08-01,Aave,Polygon,5.22,USDT,256270332,1.19,9.04
2024-08-01,Aave,Polygon,5.38,DAI,274517064,1.61,8.42
2024-08-01,Aave,Base,5.18,USDC,283422906,3.39,7.1
2024-08-01,Aave,Base,4.95,USDT,292844116,3.08,11.15
2024-08-01,Aave,Base,5.38,DAI,264731288,3.7,10.64
2024-08-01,Compound,Ethereum,3.52,USDC,195802167,39.6,0
2024-08-01,Compound,Ethereum,4.23,USDT,194302309,33.16,0
2024-08-01,Compound,Ethereum,3.67,DAI,201976253,47.34,0
2024-08-01,Compound,Arbitrum,4.87,USDC,191110174,4.32,11.01
2024-08-01,Compound,Arbitrum,4.67,USDT,208183147,4.11,11.3
2024-08-01,Compound,Arbitrum,4.54,DAI,203945913,3.84,6.73
2024-08-01,Compound,Optimism,4.77,USDC,179362947,3.53,8.76
2024-08-01,Compound,Optimism,5.21,DAI,190430450,2.57,12.02
2024-08-01,Compound,Polygon,5.42,USDC,193387538,1.3,8.61
2024-08-01,Compound,Polygon,5.34,DAI,198999242,1.8,6.62
2024-08-01,Compound,Base,4.44,USDC,187391373,3.42,7.77
2024-08-01,Compound,Base,5.23,USDT,194906266,3.91,8.35
2024-08-01,Compound,Base,4.18,DAI,191233285,3.19,12.09
2024-08-01,Curve,Ethereum,4.81,USDC,359709705,50.72,0
2024-08-01,Curve,Ethereum,4.95,USDT,334473829,44.62,0
2024-08-01,Curve,Ethereum,5.89,DAI,339571286,50.71,0
2024-08-01,Curve,Arbitrum,8.09,USDT,310227399,3.76,6.09
2024-08-01,Curve,Arbitrum,6.85,DAI,336225878,3.8,12.99
2024-08-01,Curve,Optimism,6.93,USDT,335700875,2.44,6.67
2024-08-01,Curve,Optimism,6.93,DAI,340009511,2.6,8.74
2024-08-01,Curve,Polygon,7.36,USDC,355803522,1.6,8.06
2024-08-01,Curve,Polygon,7.62,USDT,347593502,1.44,9.51
2024-08-01,Curve,Polygon,8.0,DAI,318433662,1.71,5.69
2024-08-01,Curve,Base,7.89,USDC,368244240,3.39,13.87
2024-08-01,Curve,Base,8.42,USDT,333317060,3.36,8.18
2024-08-01,Curve,Base,7.98,DAI,290682946,3.9,9.34
2024-08-01,Uniswap V3,Ethereum,8.02,USDC,93706847,32.06,0
2024-08-01,Uniswap V3,Ethereum,7.95,USDT,107900713,25.46,0
2024-08-01,Uniswap V3,Ethereum,7.84,DAI,108807166,44.08,0
2024-08-01,Uniswap V3,Arbitrum,7.15,USDT,102007056,3.32,10.7
2024-08-01,Uniswap V3,Arbitrum,10.66,DAI,103887372,3.88,15.77
2024-08-01,Uniswap V3,Optimism,8.48,USDT,104041867,2.89,11.7
2024-08-01,Uniswap V3,Optimism,8.51,DAI,108697036,3.82,9.79
2024-08-01,Uniswap V3,Polygon,10.18,USDC,112496967,1.31,6.32
2024-08-01,Uniswap V3,Polygon,9.61,USDT,110244458,1.36,6.06
2024-08-01,Uniswap V3,Base,7.04,USDC,99335379,3.13,9.33
2024-08-01,Uniswap V3,Base,8.86,USDT,101652837,3.03,11.53
2024-08-01,Uniswap V3,Base,10.03,DAI,99152032,3.81,11.75
2024-08-01,Yearn,Ethereum,5.48,USDC,119158164,51.65,0
2024-08-01,Yearn,Ethereum,5.14,USDT,127812714,28.88,0
2024-08-01,Yearn,Ethereum,4.16,DAI,131259127,52.87,0
2024-08-01,Yearn,Arbitrum,7.13,USDC,120658058,3.44,7.2
2024-08-01,Yearn,Arbitrum,5.15,USDT,133206214,3.89,7.64
2024-08-01,Yearn,Arbitrum,6.17,DAI,129400725,3.96,17.01
2024-08-01,Yearn,Optimism,6.52,USDC,134284130,3.74,9.19
2024-08-01,Yearn,Optimism,5.26,USDT,132242351,3.39,11.13
2024-08-01,Yearn,Optimism,5.15,DAI,131627425,2.18,9.33
2024-08-01,Yearn,Polygon,5.93,USDC,128242724,1.45,7.41
2024-08-01,Yearn,Polygon,5.72,USDT,113325128,1.11,8.48
2024-08-01,Yearn,Polygon,7.4,DAI,135225826,1.48,7.72
2024-08-01,Yearn,Base,6.45,USDC,132571396,2.75,7.08
2024-08-01,Yearn,Base,6.77,USDT,120130065,3.84,10.59
2024-08-01,Yearn,Base,5.35,DAI,133221654,3.22,16.0
2024-08-01,Pendle,Ethereum,9.35,USDC,87526973,49.76,0
2024-08-01,Pendle,Ethereum,9.05,DAI,87056294,53.26,0
2024-08-01,Pendle,Arbitrum,10.84,USDC,85157076,4.7,12.2
2024-08-01,Pendle,Arbitrum,11.22,DAI,81504301,2.78,11.94
2024-08-01,Pendle,Optimism,8.79,USDT,80598461,2.73,14.2
2024-08-01,Pendle,Optimism,10.63,DAI,72866734,3.09,7.75
2024-08-01,Pendle,Base,11.58,USDT,80562981,3.43,11.14
2024-08-01,Pendle,Base,7.76,DAI,79694919,3.82,10.87
2024-08-01,Convex,Ethereum,5.05,USDC,162869295,47.36,0
2024-08-01,Convex,Ethereum,5.46,USDT,155435098,42.24,0
2024-08-01,Convex,Ethereum,5.43,DAI,159364854,46.95,0
2024-08-01,Balancer,Ethereum,6.46,USDC,124180811,60.28,0
2024-08-01,Balancer,Ethereum,5.65,USDT,117130374,40.91,0
2024-08-01,Balancer,Ethereum,6.2,DAI,122104492,45.67,0
2024-08-01,Balancer,Arbitrum,8.55,USDC,125364214,3.42,11.94
2024-08-01,Balancer,Arbitrum,9.41,USDT,125443516,2.38,10.75
2024-08-01,Balancer,Arbitrum,8.95,DAI,128329342,3.77,10.7
2024-08-01,Balancer,Optimism,8.13,USDC,122194078,1.46,10.14
2024-08-01,Balancer,Optimism,8.17,USDT,120543641,3.35,9.03
2024-08-01,Balancer,Optimism,7.98,DAI,120776012,1.77,8.49
2024-08-01,Balancer,Polygon,8.07,USDC,108556130,1.6,8.87
2024-08-01,Balancer,Polygon,7.74,USDT,121125633,1.07,7.32
2024-08-01,Balancer,Base,8.31,USDC,113074801,4.09,7.61
2024-08-01,Balancer,Base,8.71,USDT,121716949,3.44,9.73
2024-08-01,Balancer,Base,7.07,DAI,124045989,3.34,12.08
2024-08-02,Aave,Ethereum,3.99,USDC,269642611,40.07,0
2024-08-02,Aave,Ethereum,3.82,USDT,287970442,47.8,0
2024-08-02,Aave,Ethereum,3.81,DAI,270208603,38.75,0
2024-08-02,Aave,Arbitrum,4.35,USDC,279038804,3.59,10.29
2024-08-02,Aave,Arbitrum,4.97,DAI,251249863,3.47,13.45
2024-08-02,Aave,Optimism,4.97,USDC,254215573,3.45,8.36
2024-08-02,Aave,Optimism,4.25,DAI,278845225,2.26,8.37
2024-08-02,Aave,Polygon,5.58,USDC,272445238,1.9,7.26
2024-08-02,Aave,Polygon,5.19,USDT,278509962,1.39,7.07
2024-08-02,Aave,Polygon,4.76,DAI,274454291,1.48,9.72
2024-08-02,Aave,Base,5.33,USDC,257306476,3.28,10.46
2024-08-02,Aave,Base,4.22,USDT,248765609,2.85,12.95
2024-08-02,Aave,Base,4.61,DAI,306999561,3.7,14.42
2024-08-02,Compound,Ethereum,3.81,USDT,203478423,25.27,0
2024-08-02,Compound,Ethereum,3.37,DAI,201674676,29.58,0
2024-08-02,Compound,Arbitrum,4.91,USDC,213197728,3.63,13.74
2024-08-02,Compound,Arbitrum,4.76,USDT,210033540,3.64,10.52
2024-08-02,Compound,Optimism,3.92,USDC,198960875,2.97,8.36
2024-08-02,Compound,Optimism,4.0,USDT,208664190,3.43,11.09
2024-08-02,Compound,Optimism,3.81,DAI,202756680,3.03,8.19
2024-08-02,Compound,Polygon,4.18,USDC,183318857,1.38,7.16
2024-08-02,Compound,Polygon,4.76,USDT,214001180,1.58,8.34
2024-08-02,Compound,Polygon,4.44,DAI,202577500,0.99,8.11
2024-08-02,Compound,Base,3.91,USDC,180983144,3.53,9.01
2024-08-02,Compound,Base,4.87,USDT,200400746,3.09,9.26
2024-08-02,Compound,Base,4.35,DAI,203619987,2.82,12.69
2024-08-02,Curve,Ethereum,6.12,USDC,370243324,56.5,0
2024-08-02,Curve,Ethereum,5.41,USDT,349364269,26.5,0
2024-08-02,Curve,Ethereum,6.8,DAI,346799971,37.18,0
2024-08-02,Curve,Arbitrum,8.45,USDT,346448298,4.2,10.77
2024-08-02,Curve,Arbitrum,8.17,DAI,339123122,4.05,15.11
2024-08-02,Curve,Optimism,7.27,USDT,368876089,3.52,7.89
2024-08-02,Curve,Optimism,6.14,DAI,336993100,2.98,4.26
2024-08-02,Curve,Polygon,7.92,USDC,374249118,1.43,5.2
2024-08-02,Curve,Polygon,8.32,USDT,350721459,1.41,5.44
2024-08-02,Curve,Polygon,8.14,DAI,367583054,1.58,9.7
2024-08-02,Curve,Base,7.24,USDT,358054398,3.46,11.89
2024-08-02,Curve,Base,7.28,DAI,358210364,3.51,8.63
2024-08-02,Uniswap V3,Ethereum,6.72,USDT,108617658,42.36,0
2024-08-02,Uniswap V3,Ethereum,6.91,DAI,106023756,41.43,0
2024-08-02,Uniswap V3,Arbitrum,8.23,USDC,99155850,4.38,11.0
2024-08-02,Uniswap V3,Arbitrum,7.56,USDT,104485167,1.98,9.5
2024-08-02,Uniswap V3,Arbitrum,8.92,DAI,108517999,2.77,12.47
2024-08-02,Uniswap V3,Optimism,8.33,USDC,104891311,2.39,8.37
2024-08-02,Uniswap V3,Optimism,7.98,USDT,108077599,3.03,10.02
2024-08-02,Uniswap V3,Optimism,8.65,DAI,102559744,3.49,5.32
2024-08-02,Uniswap V3,Polygon,7.79,USDC,105373249,1.81,8.26
2024-08-02,Uniswap V3,Polygon,9.38,USDT,107518765,1.34,5.49
2024-08-02,Uniswap V3,Polygon,9.49,DAI,109425053,1.88,6.73
2024-08-02,Uniswap V3,Base,9.72,USDC,114106653,3.57,5.98
2024-08-02,Uniswap V3,Base,8.18,USDT,109194888,3.32,12.04
2024-08-02,Uniswap V3,Base,7.34,DAI,111307937,2.98,7.8
2024-08-02,Yearn,Ethereum,4.36,USDC,137666846,43.88,0
2024-08-02,Yearn,Ethereum,5.04,USDT,128462668,27.73,0
2024-08-02,Yearn,Ethereum,4.48,DAI,143769477,51.31,0
2024-08-02,Yearn,Arbitrum,5.99,USDC,125380196,4.3,4.43
2024-08-02,Yearn,Arbitrum,6.52,DAI,142645397,2.35,12.56
2024-08-02,Yearn,Optimism,6.15,USDC,133773188,3.07,11.91
2024-08-02,Yearn,Optimism,5.57,USDT,126468489,2.89,13.55
2024-08-02,Yearn,Polygon,6.02,USDC,120382029,1.94,8.68
2024-08-02,Yearn,Polygon,4.79,USDT,144072780,0.71,10.75
2024-08-02,Yearn,Base,5.53,USDC,137034241,4.1,10.94
2024-08-02,Yearn,Base,5.65,DAI,126742878,2.96,10.73
2024-08-02,Pendle,Ethereum,8.44,USDC,83205446,41.57,0
2024-08-02,Pendle,Ethereum,8.68,DAI,82934285,42.98,0
2024-08-02,Pendle,Arbitrum,10.25,USDT,81725844,4.02,12.23
2024-08-02,Pendle,Arbitrum,10.31,DAI,91423037,3.57,9.97
2024-08-02,Pendle,Optimism,11.32,USDC,83283657,3.43,9.78
2024-08-02,Pendle,Optimism,10.28,USDT,87851203,3.23,7.23
2024-08-02,Pendle,Optimism,12.52,DAI,80289999,2.25,10.81
2024-08-02,Pendle,Base,13.35,USDC,78455632,2.54,11.24
2024-08-02,Pendle,Base,12.7,USDT,83720443,3.11,9.09
2024-08-02,Pendle,Base,11.33,DAI,83486661,3.16,6.95
2024-08-02,Convex,Ethereum,5.13,USDC,154040966,29.46,0
2024-08-02,Convex,Ethereum,4.97,USDT,164742245,48.64,0
2024-08-02,Convex,Ethereum,5.57,DAI,163551276,42.6,0
2024-08-02,Balancer,Ethereum,6.63,USDC,119828780,42.49,0
2024-08-02,Balancer,Ethereum,6.7,USDT,126844335,47.85,0
2024-08-02,Balancer,Arbitrum,7.94,USDC,129741837,3.87,14.54
2024-08-02,Balancer,Arbitrum,8.67,USDT,114979412,4.58,10.84
2024-08-02,Balancer,Arbitrum,7.27,DAI,118338936,2.59,9.58
2024-08-02,Balancer,Optimism,7.81,USDC,129607152,3.76,6.34
2024-08-02,Balancer,Optimism,8.94,USDT,122080155,2.41,9.73
2024-08-02,Balancer,Optimism,6.74,DAI,125678381,2.29,6.62
2024-08-02,Balancer,Polygon,7.66,USDC,118457982,1.67,7.82
2024-08-02,Balancer,Polygon,9.06,USDT,123930714,1.17,6.95
2024-08-02,Balancer,Polygon,8.27,DAI,117888596,1.28,6.47
2024-08-02,Balancer,Base,8.74,USDT,108365115,3.01,14.37
2024-08-02,Balancer,Base,6.88,DAI,114950191,3.19,8.84
2024-08-03,Aave,Ethereum,3.38,USDC,283255372,30.63,0
2024-08-03,Aave,Ethereum,3.62,USDT,294582871,28.71,0
2024-08-03,Aave,Ethereum,4.15,DAI,282164442,30.04,0
2024-08-03,Aave,Arbitrum,4.12,USDC,264731779,2.28,10.49
2024-08-03,Aave,Arbitrum,4.88,USDT,316293986,3.17,11.93
2024-08-03,Aave,Arbitrum,5.1,DAI,283208764,2.42,9.61
2024-08-03,Aave,Optimism,3.45,USDC,302927778,1.54,8.69
2024-08-03,Aave,Optimism,3.73,USDT,298369035,2.19,10.43
2024-08-03,Aave,Optimism,4.14,DAI,278634057,2.12,6.47
2024-08-03,Aave,Polygon,5.15,USDC,310661489,0.82,7.05
2024-08-03,Aave,Polygon,5.67,USDT,287519743,1.03,7.19
2024-08-03,Aave,Polygon,5.14,DAI,283068815,1.2,9.11
2024-08-03,Aave,Base,4.44,USDT,263417481,2.42,7.67
2024-08-03,Aave,Base,4.88,DAI,253777510,2.43,9.05
2024-08-03,Compound,Ethereum,4.17,USDC,196737223,22.69,0
2024-08-03,Compound,Ethereum,3.08,USDT,202279657,26.52,0
2024-08-03,Compound,Arbitrum,4.0,USDC,194197779,2.07,11.54
2024-08-03,Compound,Arbitrum,3.98,USDT,203573260,3.02,7.39
2024-08-03,Compound,Arbitrum,4.79,DAI,191948546,3.31,7.91
2024-08-03,Compound,Optimism,3.83,USDC,213513056,2.25,10.2
2024-08-03,Compound,Polygon,4.85,USDC,197986154,0.93,8.9
2024-08-03,Compound,Polygon,5.34,USDT,226148680,0.82,8.28
2024-08-03,Compound,Polygon,4.48,DAI,195928021,0.77,7.98
2024-08-03,Compound,Base,3.86,USDC,208075061,2.14,6.68
2024-08-03,Compound,Base,4.42,USDT,209199989,1.81,8.91
2024-08-03,Compound,Base,4.49,DAI,211243153,2.29,12.6
2024-08-03,Curve,Ethereum,5.67,USDT,337575624,30.55,0
2024-08-03,Curve,Ethereum,5.9,DAI,346850628,31.07,0
2024-08-03,Curve,Arbitrum,6.25,USDC,386465245,2.2,14.4
2024-08-03,Curve,Arbitrum,8.31,USDT,342690657,2.7,11.78
2024-08-03,Curve,Arbitrum,7.41,DAI,342154835,2.34,12.15
2024-08-03,Curve,Optimism,7.37,USDC,374779709,1.73,13.75
2024-08-03,Curve,Optimism,6.28,USDT,325699993,1.73,9.15
2024-08-03,Curve,Optimism,6.65,DAI,327680863,2.26,7.0
2024-08-03,Curve,Polygon,9.14,USDT,343117549,1.03,9.28
2024-08-03,Curve,Polygon,7.99,DAI,380809344,0.58,11.1
2024-08-03,Curve,Base,7.12,USDC,367921131,2.2,7.35
2024-08-03,Curve,Base,8.19,USDT,369372186,2.42,12.41
2024-08-03,Curve,Base,6.74,DAI,367986819,2.29,11.52
2024-08-03,Uniswap V3,Ethereum,6.59,USDC,98778291,32.1,0
2024-08-03,Uniswap V3,Ethereum,8.28,USDT,106391855,26.14,0
2024-08-03,Uniswap V3,Arbitrum,7.11,USDC,98786763,2.2,10.86
2024-08-03,Uniswap V3,Arbitrum,9.45,USDT,105297319,1.6,11.9
2024-08-03,Uniswap V3,Arbitrum,8.31,DAI,110103879,3.06,12.21
2024-08-03,Uniswap V3,Optimism,7.49,USDC,106579918,1.39,10.31
2024-08-03,Uniswap V3,Optimism,6.56,DAI,105256175,1.95,9.7
2024-08-03,Uniswap V3,Polygon,10.17,USDC,110082391,0.8,8.9
2024-08-03,Uniswap V3,Polygon,6.93,USDT,100072457,0.67,8.67
2024-08-03,Uniswap V3,Polygon,6.53,DAI,109488866,0.74,7.47
2024-08-03,Uniswap V3,Base,8.35,USDT,106981424,2.32,12.84
2024-08-03,Uniswap V3,Base,7.24,DAI,104367790,2.19,10.53
2024-08-03,Yearn,Ethereum,4.63,USDC,132963084,36.03,0
2024-08-03,Yearn,Ethereum,4.54,USDT,138925311,29.35,0
2024-08-03,Yearn,Ethereum,4.8,DAI,129467662,34.51,0
2024-08-03,Yearn,Arbitrum,5.39,USDC,127528509,2.42,10.04
2024-08-03,Yearn,Arbitrum,5.38,USDT,133929734,3.42,13.72
2024-08-03,Yearn,Arbitrum,5.52,DAI,124696009,2.44,9.86
2024-08-03,Yearn,Optimism,5.61,USDC,141330063,1.97,7.14
2024-08-03,Yearn,Optimism,6.31,USDT,136644308,2.11,5.12
2024-08-03,Yearn,Optimism,5.49,DAI,134732003,1.91,6.11
2024-08-03,Yearn,Polygon,6.74,USDC,126028715,0.94,9.43
2024-08-03,Yearn,Polygon,4.75,USDT,125878192,0.99,10.13
2024-08-03,Yearn,Polygon,5.45,DAI,138391498,0.88,10.58
2024-08-03,Yearn,Base,5.78,USDC,138601714,2.38,10.57
2024-08-03,Yearn,Base,5.13,USDT,131783849,2.5,11.02
2024-08-03,Yearn,Base,5.68,DAI,131031815,2.09,9.74
2024-08-03,Pendle,Ethereum,9.2,USDC,81797846,37.34,0
2024-08-03,Pendle,Ethereum,9.69,DAI,85569945,24.9,0
2024-08-03,Pendle,Arbitrum,9.78,USDC,78969845,2.59,11.97
2024-08-03,Pendle,Arbitrum,11.13,USDT,85047875,2.78,12.16
2024-08-03,Pendle,Arbitrum,6.91,DAI,80134585,1.93,14.21
2024-08-03,Pendle,Optimism,9.94,USDC,80029592,2.63,7.93
2024-08-03,Pendle,Optimism,10.36,USDT,83795358,1.6,8.98
2024-08-03,Pendle,Optimism,11.0,DAI,84665872,2.04,7.44
2024-08-03,Pendle,Base,10.53,USDC,86651113,2.33,8.65
2024-08-03,Pendle,Base,9.59,USDT,84569005,2.76,10.49
2024-08-03,Pendle,Base,11.39,DAI,93550741,2.32,6.98
2024-08-03,Convex,Ethereum,4.92,USDC,167279316,32.3,0
2024-08-03,Convex,Ethereum,6.08,USDT,169233906,29.48,0
2024-08-03,Convex,Ethereum,6.59,DAI,171528905,34.59,0
2024-08-03,Balancer,Ethereum,7.18,USDC,112700096,23.88,0
2024-08-03,Balancer,Ethereum,5.9,USDT,129468839,23.81,0
2024-08-03,Balancer,Ethereum,5.45,DAI,115411489,26.44,0
2024-08-03,Balancer,Arbitrum,7.75,USDC,124371410,1.9,11.35
2024-08-03,Balancer,Arbitrum,8.63,USDT,132722455,2.07,8.85
2024-08-03,Balancer,Optimism,7.85,USDC,120499192,1.8,11.09
2024-08-03,Balancer,Optimism,7.96,USDT,134069513,2.48,10.94
2024-08-03,Balancer,Optimism,7.84,DAI,117206354,2.2,9.71
2024-08-03,Balancer,Polygon,9.42,USDC,124584701,0.91,4.85
2024-08-03,Balancer,Polygon,8.68,USDT,127026297,0.9,9.03
2024-08-03,Balancer,Polygon,8.46,DAI,128186299,1.28,5.75
2024-08-03,Balancer,Base,7.9,USDC,117773299,2.0,6.99
2024-08-03,Balancer,Base,7.48,USDT,118653641,2.11,13.56
2024-08-03,Balancer,Base,6.5,DAI,117652533,1.81,10.67
2024-08-04,Aave,Ethereum,4.19,USDC,292041854,32.11,0
2024-08-04,Aave,Ethereum,3.87,USDT,312738390,24.09,0
2024-08-04,Aave,Ethereum,3.56,DAI,294357419,22.12,0
2024-08-04,Aave,Arbitrum,5.02,USDC,287189785,2.56,12.25
2024-08-04,Aave,Arbitrum,4.48,USDT,299619984,3.01,11.28
2024-08-04,Aave,Arbitrum,4.48,DAI,294314982,2.46,15.46
2024-08-04,Aave,Optimism,4.23,USDC,284849809,2.02,7.66
2024-08-04,Aave,Optimism,4.29,USDT,277734510,1.96,8.88
2024-08-04,Aave,Optimism,5.23,DAI,273533737,2.26,8.84
2024-08-04,Aave,Polygon,5.56,USDC,291964900,1.06,7.66
2024-08-04,Aave,Polygon,4.92,USDT,311511080,1.19,8.44
2024-08-04,Aave,Polygon,5.4,DAI,280414065,0.94,10.82
2024-08-04,Aave,Base,4.72,USDC,293647194,2.39,9.36
2024-08-04,Aave,Base,4.67,USDT,280546349,2.41,11.72
2024-08-04,Aave,Base,4.44,DAI,270616375,2.17,9.23
2024-08-04,Compound,Ethereum,3.93,USDC,207756408,25.84,0
2024-08-04,Compound,Ethereum,4.46,USDT,216249558,22.06,0
2024-08-04,Compound,Ethereum,3.56,DAI,223014082,24.81,0
2024-08-04,Compound,Arbitrum,4.31,USDT,206387551,1.46,9.58
2024-08-04,Compound,Arbitrum,4.71,DAI,190780719,3.44,12.89
2024-08-04,Compound,Optimism,4.34,USDC,207739086,1.36,9.15
2024-08-04,Compound,Optimism,4.5,USDT,212028303,1.4,6.76
2024-08-04,Compound,Optimism,3.62,DAI,195886828,1.94,8.73
2024-08-04,Compound,Polygon,4.09,USDC,199502715,0.72,5.37
2024-08-04,Compound,Polygon,4.58,USDT,199333673,0.93,8.5
2024-08-04,Compound,Polygon,5.17,DAI,207809307,0.69,7.91
2024-08-04,Compound,Base,4.55,USDC,192167876,1.65,11.37
2024-08-04,Compound,Base,4.87,USDT,197508403,2.21,10.46
2024-08-04,Compound,Base,4.17,DAI,200826939,1.95,10.92
2024-08-04,Curve,Ethereum,5.09,USDC,394046618,38.36,0
2024-08-04,Curve,Ethereum,5.88,USDT,371139380,32.5,0
2024-08-04,Curve,Ethereum,5.56,DAI,350430289,30.4,0
2024-08-04,Curve,Arbitrum,7.57,USDC,366379825,2.5,11.64
2024-08-04,Curve,Arbitrum,9.35,USDT,402652261,2.09,11.54
2024-08-04,Curve,Arbitrum,6.83,DAI,348853401,3.05,8.45
2024-08-04,Curve,Optimism,6.84,USDT,353562972,1.91,9.5
2024-08-04,Curve,Polygon,7.55,USDT,362617654,0.79,7.63
2024-08-04,Curve,Base,7.11,USDC,351322575,2.47,9.76
2024-08-04,Curve,Base,7.37,USDT,359215545,2.37,12.15
2024-08-04,Curve,Base,6.89,DAI,372526578,2.79,9.55
2024-08-04,Uniswap V3,Ethereum,6.55,USDC,108491831,27.96,0
2024-08-04,Uniswap V3,Ethereum,7.48,USDT,101765886,31.17,0
2024-08-04,Uniswap V3,Ethereum,7.54,DAI,113781476,27.51,0
2024-08-04,Uniswap V3,Arbitrum,9.51,USDC,106368675,1.89,13.65
2024-08-04,Uniswap V3,Arbitrum,8.55,USDT,109607063,1.76,10.51
2024-08-04,Uniswap V3,Arbitrum,9.32,DAI,109664568,1.88,15.85
2024-08-04,Uniswap V3,Optimism,7.53,USDT,112287477,2.12,11.34
2024-08-04,Uniswap V3,Optimism,7.39,DAI,104794499,2.13,7.51
2024-08-04,Uniswap V3,Polygon,8.11,USDC,111176428,0.96,8.36
2024-08-04,Uniswap V3,Polygon,8.95,USDT,109906403,1.15,8.7
2024-08-04,Uniswap V3,Polygon,7.39,DAI,111141810,0.88,7.2
2024-08-04,Uniswap V3,Base,7.21,USDC,109851362,1.9,9.71
2024-08-04,Uniswap V3,Base,8.78,USDT,108131717,1.97,12.91
2024-08-04,Uniswap V3,Base,7.04,DAI,108467582,2.44,8.82
2024-08-04,Yearn,Ethereum,4.16,USDC,127891595,35.21,0
2024-08-04,Yearn,Ethereum,4.15,USDT,132464358,31.2,0
2024-08-04,Yearn,Ethereum,5.63,DAI,145919903,28.13,0
2024-08-04,Yearn,Arbitrum,5.56,USDC,135152973,1.96,12.64
2024-08-04,Yearn,Arbitrum,6.86,DAI,137342206,1.6,9.16
2024-08-04,Yearn,Optimism,5.66,USDT,130737424,1.65,8.48
2024-08-04,Yearn,Optimism,4.96,DAI,145904511,1.87,8.67
2024-08-04,Yearn,Polygon,6.72,USDC,153993953,1.05,6.32
2024-08-04,Yearn,Polygon,5.97,USDT,134275973,0.95,9.11
2024-08-04,Yearn,Polygon,6.51,DAI,129449481,1.04,7.53
2024-08-04,Yearn,Base,5.8,USDC,136429116,2.44,7.44
2024-08-04,Yearn,Base,5.22,USDT,126671343,2.56,9.52
2024-08-04,Yearn,Base,6.63,DAI,139019268,2.4,8.36
2024-08-04,Pendle,Ethereum,8.78,USDC,85263365,25.36,0
2024-08-04,Pendle,Ethereum,9.02,USDT,89005549,21.51,0
2024-08-04,Pendle,Ethereum,7.4,DAI,85571745,22.22,0
2024-08-04,Pendle,Arbitrum,9.63,USDC,87298268,2.21,13.99
2024-08-04,Pendle,Arbitrum,11.07,USDT,90929823,1.66,9.81
2024-08-04,Pendle,Arbitrum,9.78,DAI,82790551,2.83,16.14
2024-08-04,Pendle,Optimism,10.76,USDC,91346164,2.08,8.5
2024-08-04,Pendle,Optimism,10.68,USDT,89044239,2.2,6.03
2024-08-04,Pendle,Optimism,11.66,DAI,83882300,1.98,9.8
2024-08-04,Pendle,Base,12.01,USDC,76360322,2.57,10.64
2024-08-04,Pendle,Base,10.16,USDT,82462142,2.12,9.52
2024-08-04,Pendle,Base,9.28,DAI,87633732,2.33,6.2
2024-08-04,Convex,Ethereum,5.72,USDC,177271111,33.24,0
2024-08-04,Convex,Ethereum,4.44,DAI,174540293,27.43,0
2024-08-04,Balancer,Ethereum,6.08,USDC,125183080,28.76,0
2024-08-04,Balancer,Ethereum,5.86,USDT,129658373,19.96,0
2024-08-04,Balancer,Ethereum,6.37,DAI,119808906,27.57,0
2024-08-04,Balancer,Arbitrum,7.51,USDC,131749660,2.47,15.76
2024-08-04,Balancer,Arbitrum,7.93,USDT,131922758,2.22,10.84
2024-08-04,Balancer,Arbitrum,8.15,DAI,127784410,2.48,12.52
2024-08-04,Balancer,Optimism,6.66,USDC,120438314,2.17,6.42
2024-08-04,Balancer,Optimism,7.39,USDT,127584165,2.73,8.98
2024-08-04,Balancer,Optimism,7.36,DAI,125997199,1.69,4.59
2024-08-04,Balancer,Polygon,6.91,USDT,133374036,1.04,8.0
2024-08-04,Balancer,Polygon,7.03,DAI,127925141,0.95,10.8
2024-08-04,Balancer,Base,8.06,USDC,125989847,2.0,10.74
2024-08-04,Balancer,Base,6.65,USDT,119186563,2.43,10.78
2024-08-04,Balancer,Base,6.33,DAI,126783639,2.51,8.87
2024-08-05,Aave,Ethereum,3.15,USDC,291864079,39.77,0
2024-08-05,Aave,Ethereum,3.38,USDT,300910068,44.43,0
2024-08-05,Aave,Ethereum,3.79,DAI,295699744,49.53,0
2024-08-05,Aave,Arbitrum,4.5,USDC,284343084,3.74,9.44
2024-08-05,Aave,Arbitrum,4.07,USDT,288180705,3.98,12.5
2024-08-05,Aave,Arbitrum,3.89,DAI,301012661,4.11,13.71
2024-08-05,Aave,Optimism,4.63,USDC,310367998,3.27,8.29
2024-08-05,Aave,Optimism,4.0,USDT,278167576,2.33,11.89
2024-08-05,Aave,Optimism,5.22,DAI,283143748,1.74,9.52
2024-08-05,Aave,Polygon,4.15,USDC,283893413,1.47,7.31
2024-08-05,Aave,Polygon,4.72,USDT,281819958,0.97,5.82
2024-08-05,Aave,Base,4.32,USDC,284992475,3.17,10.42
2024-08-05,Aave,Base,5.12,USDT,277577420,3.37,11.85
2024-08-05,Aave,Base,4.39,DAI,254840177,2.93,10.24
2024-08-05,Compound,Ethereum,3.76,USDC,214811479,46.38,0
2024-08-05,Compound,Ethereum,4.0,USDT,219639517,47.04,0
2024-08-05,Compound,Ethereum,3.86,DAI,207678264,46.56,0
2024-08-05,Compound,Arbitrum,4.71,USDC,214998652,4.86,11.17
2024-08-05,Compound,Arbitrum,4.19,USDT,197840835,4.87,9.37
2024-08-05,Compound,Arbitrum,4.53,DAI,208969587,4.24,13.13
2024-08-05,Compound,Optimism,4.14,USDC,204341545,3.63,10.8
2024-08-05,Compound,Optimism,3.57,USDT,190059939,3.72,11.38
2024-08-05,Compound,Optimism,4.33,DAI,208085800,2.17,10.96
2024-08-05,Compound,Polygon,4.55,USDT,213848036,1.41,8.59
2024-08-05,Compound,Polygon,4.52,DAI,222538891,1.49,8.07
2024-08-05,Compound,Base,4.08,USDC,219625775,3.54,8.69
2024-08-05,Compound,Base,4.41,USDT,205744885,3.01,11.19
2024-08-05,Compound,Base,3.49,DAI,218522235,4.06,12.01
2024-08-05,Curve,Ethereum,6.25,USDC,386589300,49.77,0
2024-08-05,Curve,Ethereum,5.73,USDT,367673905,47.04,0
2024-08-05,Curve,Ethereum,5.69,DAI,421058073,22.3,0
2024-08-05,Curve,Arbitrum,9.47,USDC,369493264,4.53,11.51
2024-08-05,Curve,Arbitrum,6.75,DAI,387819764,3.49,12.2
2024-08-05,Curve,Optimism,6.46,USDT,394193421,2.74,5.64
2024-08-05,Curve,Polygon,7.74,USDC,340941627,1.47,6.17
2024-08-05,Curve,Polygon,8.07,USDT,376369335,1.13,6.85
2024-08-05,Curve,Polygon,7.45,DAI,378705540,1.75,10.04
2024-08-05,Curve,Base,5.99,USDC,389664752,3.4,9.28
2024-08-05,Curve,Base,7.04,USDT,340382099,4.01,7.18
2024-08-05,Curve,Base,7.34,DAI,378806543,3.06,7.46
2024-08-05,Uniswap V3,Ethereum,6.99,USDC,99830283,44.31,0
2024-08-05,Uniswap V3,Ethereum,6.53,DAI,115869324,29.07,0
2024-08-05,Uniswap V3,Arbitrum,9.34,USDC,118656164,3.55,8.16
2024-08-05,Uniswap V3,Arbitrum,7.26,USDT,119539031,3.18,10.84
2024-08-05,Uniswap V3,Arbitrum,6.88,DAI,110082869,3.47,8.86
2024-08-05,Uniswap V3,Optimism,7.04,USDC,111798292,3.14,7.68
2024-08-05,Uniswap V3,Optimism,9.55,USDT,114298373,3.55,8.14
2024-08-05,Uniswap V3,Optimism,6.76,DAI,105913125,2.23,12.48
2024-08-05,Uniswap V3,Polygon,8.82,USDC,107067985,1.33,7.07
2024-08-05,Uniswap V3,Polygon,9.63,USDT,102013883,1.19,9.65
2024-08-05,Uniswap V3,Polygon,9.55,DAI,109550658,1.53,7.47
2024-08-05,Uniswap V3,Base,8.28,USDC,106186693,3.22,13.03
2024-08-05,Uniswap V3,Base,7.49,USDT,107825878,3.23,14.95
2024-08-05,Uniswap V3,Base,7.86,DAI,108745995,3.98,6.74
2024-08-05,Yearn,Ethereum,4.96,USDC,135386439,31.79,0
2024-08-05,Yearn,Ethereum,4.26,USDT,141981769,33.35,0
2024-08-05,Yearn,Ethereum,4.6,DAI,136128758,48.22,0
2024-08-05,Yearn,Arbitrum,6.34,USDC,129383492,3.97,17.47
2024-08-05,Yearn,Arbitrum,5.44,USDT,142726382,1.66,15.14
2024-08-05,Yearn,Arbitrum,5.92,DAI,144039437,3.58,7.98
2024-08-05,Yearn,Optimism,5.07,USDC,141370793,2.34,10.63
2024-08-05,Yearn,Optimism,5.86,USDT,143302086,3.24,9.52
2024-08-05,Yearn,Optimism,6.08,DAI,142534462,3.78,7.79
2024-08-05,Yearn,Polygon,5.14,USDC,129469404,1.47,5.72
2024-08-05,Yearn,Polygon,5.97,USDT,150605820,1.48,9.97
2024-08-05,Yearn,Polygon,5.76,DAI,142508383,1.57,8.83
2024-08-05,Yearn,Base,6.25,USDC,136466301,4.08,11.5
2024-08-05,Yearn,Base,6.19,USDT,132953382,3.87,14.01
2024-08-05,Pendle,Ethereum,7.39,USDC,94844880,45.01,0
2024-08-05,Pendle,Ethereum,8.93,USDT,89883395,46.96,0
2024-08-05,Pendle,Ethereum,8.51,DAI,86972168,41.73,0
2024-08-05,Pendle,Arbitrum,12.13,USDC,86385844,2.83,15.18
2024-08-05,Pendle,Arbitrum,12.85,DAI,84794800,4.46,6.56
2024-08-05,Pendle,Optimism,8.96,USDC,87124146,2.14,7.81
2024-08-05,Pendle,Optimism,9.18,USDT,90519636,3.31,10.41
2024-08-05,Pendle,Optimism,10.08,DAI,84633180,4.29,9.63
2024-08-05,Pendle,Base,9.02,USDC,89908123,2.67,9.75
2024-08-05,Pendle,Base,9.84,USDT,86126555,2.89,10.62
2024-08-05,Pendle,Base,9.42,DAI,92654333,4.28,11.95
2024-08-05,Convex,Ethereum,5.61,USDC,186013925,53.34,0
2024-08-05,Convex,Ethereum,5.97,USDT,176381135,39.07,0
2024-08-05,Convex,Ethereum,5.92,DAI,167356529,43.13,0
2024-08-05,Balancer,Ethereum,6.42,USDC,125930675,37.71,0
2024-08-05,Balancer,Ethereum,6.3,USDT,131628618,46.09,0
2024-08-05,Balancer,Ethereum,7.54,DAI,134852838,41.55,0
2024-08-05,Balancer,Arbitrum,8.53,USDC,124203914,4.48,13.3
2024-08-05,Balancer,Arbitrum,6.55,USDT,124306218,5.03,9.74
2024-08-05,Balancer,Arbitrum,7.13,DAI,130457592,2.89,13.8
2024-08-05,Balancer,Optimism,5.66,USDC,130757225,3.2,11.36
2024-08-05,Balancer,Optimism,7.59,USDT,133686989,4.08,7.27
2024-08-05,Balancer,Optimism,7.88,DAI,127483265,3.4,6.6
2024-08-05,Balancer,Polygon,8.39,USDC,123344964,1.42,7.21
2024-08-05,Balancer,Base,7.9,USDC,124651451,2.13,11.65
2024-08-05,Balancer,Base,6.52,DAI,135783747,3.97,10.61
2024-08-06,Aave,Ethereum,3.96,USDC,301205450,43.22,0
2024-08-06,Aave,Ethereum,3.27,USDT,299741063,47.67,0
2024-08-06,Aave,Ethereum,3.57,DAI,270152549,44.78,0
2024-08-06,Aave,Arbitrum,5.63,USDC,295007250,3.37,12.86
2024-08-06,Aave,Arbitrum,4.6,USDT,302368715,3.37,9.9
2024-08-06,Aave,Arbitrum,5.64,DAI,285371591,4.58,9.21
2024-08-06,Aave,Optimism,4.15,USDC,284580942,2.25,7.74
2024-08-06,Aave,Optimism,4.64,DAI,278490266,3.08,7.35
2024-08-06,Aave,Polygon,4.94,USDC,309214365,1.32,9.2
2024-08-06,Aave,Polygon,5.28,USDT,289486132,1.61,8.61
2024-08-06,Aave,Polygon,4.6,DAI,281657931,1.48,6.83
2024-08-06,Aave,Base,4.63,USDC,278370881,3.25,8.12
2024-08-06,Aave,Base,5.42,USDT,265766877,3.92,15.57
2024-08-06,Aave,Base,4.67,DAI,277990401,3.39,10.84
2024-08-06,Compound,Ethereum,3.66,USDC,204918142,39.02,0
2024-08-06,Compound,Ethereum,3.12,USDT,200574791,35.35,0
2024-08-06,Compound,Ethereum,4.36,DAI,226504783,47.41,0
2024-08-06,Compound,Arbitrum,4.78,USDC,215506558,2.44,10.17
2024-08-06,Compound,Arbitrum,3.93,USDT,227517051,3.72,10.19
2024-08-06,Compound,Arbitrum,4.57,DAI,203668657,3.53,6.83
2024-08-06,Compound,Optimism,4.5,USDC,212679661,2.45,9.73
2024-08-06,Compound,Optimism,4.44,USDT,214757000,3.66,6.45
2024-08-06,Compound,Optimism,4.24,DAI,213948490,2.62,7.38
2024-08-06,Compound,Polygon,5.3,USDC,213454924,1.22,6.53
2024-08-06,Compound,Polygon,4.45,USDT,207194840,1.02,5.79
2024-08-06,Compound,Polygon,4.37,DAI,210664201,1.51,6.05
2024-08-06,Compound,Base,4.12,DAI,212367587,3.48,6.94
2024-08-06,Curve,Ethereum,5.88,USDC,388929323,35.85,0
2024-08-06,Curve,Ethereum,5.79,USDT,361991372,45.48,0
2024-08-06,Curve,Ethereum,5.22,DAI,369020378,40.7,0
2024-08-06,Curve,Arbitrum,6.66,USDC,341169454,3.28,9.57
2024-08-06,Curve,Arbitrum,8.71,USDT,403632135,3.36,13.71
2024-08-06,Curve,Arbitrum,8.15,DAI,363287756,4.21,12.13
2024-08-06,Curve,Optimism,8.16,USDC,365915523,3.54,6.86
2024-08-06,Curve,Optimism,7.17,USDT,399692351,3.32,6.41
2024-08-06,Curve,Optimism,7.26,DAI,381254835,2.21,9.21
2024-08-06,Curve,Polygon,8.6,USDC,342160660,1.63,7.88
2024-08-06,Curve,Polygon,7.48,USDT,375180609,1.58,9.22
2024-08-06,Curve,Polygon,7.97,DAI,386274786,1.38,6.24
2024-08-06,Curve,Base,7.96,USDC,380831441,3.23,12.4
2024-08-06,Curve,Base,6.94,USDT,368525947,3.58,11.44
2024-08-06,Curve,Base,7.39,DAI,388688272,3.48,9.07
2024-08-06,Uniswap V3,Ethereum,6.8,USDC,116143015,39.26,0
2024-08-06,Uniswap V3,Ethereum,6.98,USDT,111505676,43.4,0
2024-08-06,Uniswap V3,Ethereum,6.12,DAI,110418057,40.53,0
2024-08-06,Uniswap V3,Arbitrum,8.57,USDC,99513912,4.47,13.19
2024-08-06,Uniswap V3,Arbitrum,8.47,USDT,114170643,3.34,14.5
2024-08-06,Uniswap V3,Arbitrum,7.55,DAI,114495500,4.6,8.44
2024-08-06,Uniswap V3,Optimism,8.66,USDC,105136667,3.94,8.76
2024-08-06,Uniswap V3,Optimism,7.24,DAI,113445293,3.43,12.09
2024-08-06,Uniswap V3,Polygon,9.37,USDC,105534265,1.57,7.96
2024-08-06,Uniswap V3,Polygon,8.74,USDT,106243864,1.49,6.36
2024-08-06,Uniswap V3,Polygon,8.56,DAI,115424076,1.25,8.49
2024-08-06,Uniswap V3,Base,8.15,USDC,111109459,3.32,14.3
2024-08-06,Uniswap V3,Base,7.01,USDT,102053163,3.59,11.02
2024-08-06,Uniswap V3,Base,7.97,DAI,114296089,3.36,8.63
2024-08-06,Yearn,Ethereum,3.94,USDC,138303570,34.0,0
2024-08-06,Yearn,Ethereum,4.21,USDT,142405401,43.72,0
2024-08-06,Yearn,Ethereum,4.73,DAI,142847843,40.94,0
2024-08-06,Yearn,Arbitrum,6.3,USDC,125490795,5.25,11.81
2024-08-06,Yearn,Arbitrum,6.25,USDT,142684473,2.79,16.8
2024-08-06,Yearn,Arbitrum,6.22,DAI,137411618,4.04,14.82
2024-08-06,Yearn,Optimism,6.12,USDC,134951426,3.18,6.8
2024-08-06,Yearn,Optimism,5.69,USDT,134514953,3.73,9.14
2024-08-06,Yearn,Optimism,5.95,DAI,136681851,3.05,7.95
2024-08-06,Yearn,Polygon,7.09,USDC,147884966,1.67,8.52
2024-08-06,Yearn,Polygon,6.74,USDT,139680654,0.94,6.8
2024-08-06,Yearn,Polygon,6.76,DAI,149865476,1.63,7.87
2024-08-06,Yearn,Base,4.58,USDC,146501287,3.49,5.34
2024-08-06,Yearn,Base,6.25,USDT,138913488,3.28,12.16
2024-08-06,Yearn,Base,5.88,DAI,142268692,3.71,10.29
2024-08-06,Pendle,Ethereum,9.63,USDC,86435884,37.69,0
2024-08-06,Pendle,Ethereum,8.97,USDT,85984197,46.12,0
2024-08-06,Pendle,Ethereum,11.2,DAI,92045955,40.23,0
2024-08-06,Pendle,Arbitrum,11.53,USDC,81590250,3.06,11.8
2024-08-06,Pendle,Arbitrum,11.86,USDT,95383051,3.49,13.63
2024-08-06,Pendle,Arbitrum,10.46,DAI,87070268,3.32,12.4
2024-08-06,Pendle,Optimism,10.2,USDC,76994534,3.66,8.1
2024-08-06,Pendle,Optimism,10.25,USDT,93092813,2.44,8.57
2024-08-06,Pendle,Optimism,11.11,DAI,85772294,3.31,9.16
2024-08-06,Pendle,Base,9.09,USDC,86138976,2.53,15.45
2024-08-06,Pendle,Base,13.14,DAI,96627845,2.96,5.86
2024-08-06,Convex,Ethereum,5.32,USDC,169238902,36.44,0
2024-08-06,Convex,Ethereum,5.89,USDT,175298549,46.27,0
2024-08-06,Convex,Ethereum,6.7,DAI,167936036,39.83,0
2024-08-06,Balancer,Ethereum,7.19,USDC,130658228,31.36,0
2024-08-06,Balancer,Ethereum,6.48,USDT,128643497,51.73,0
2024-08-06,Balancer,Ethereum,6.11,DAI,127392080,52.86,0
2024-08-06,Balancer,Arbitrum,7.69,USDC,121099693,2.92,16.92
2024-08-06,Balancer,Arbitrum,7.4,USDT,129534010,2.18,10.04
2024-08-06,Balancer,Arbitrum,7.64,DAI,133896259,3.62,9.31
2024-08-06,Balancer,Optimism,7.32,USDC,133892987,2.91,8.04
2024-08-06,Balancer,Optimism,7.48,USDT,125063960,2.8,9.54
2024-08-06,Balancer,Optimism,6.6,DAI,126458541,2.68,9.56
2024-08-06,Balancer,Polygon,9.27,USDC,130613125,1.26,7.2
2024-08-06,Balancer,Polygon,8.46,USDT,127263919,1.74,8.98
2024-08-06,Balancer,Polygon,8.55,DAI,126845301,1.38,10.37
2024-08-06,Balancer,Base,7.94,USDC,131302996,3.64,8.1
2024-08-06,Balancer,Base,7.71,USDT,125046950,3.14,7.03
2024-08-06,Balancer,Base,7.48,DAI,130601730,4.19,11.98
2024-08-07,Aave,Ethereum,3.27,USDC,277374987,41.25,0
2024-08-07,Aave,Ethereum,4.16,USDT,300531091,44.78,0
2024-08-07,Aave,Ethereum,4.21,DAI,315843727,38.23,0
2024-08-07,Aave,Arbitrum,5.19,USDC,291770586,3.76,9.43
2024-08-07,Aave,Arbitrum,4.81,USDT,281334716,3.22,12.85
2024-08-07,Aave,Arbitrum,5.27,DAI,286089604,3.99,7.67
2024-08-07,Aave,Optimism,4.77,USDT,285949336,3.53,10.11
2024-08-07,Aave,Optimism,5.75,DAI,297534155,2.97,10.43
2024-08-07,Aave,Polygon,4.58,USDC,296799794,1.89,8.83
2024-08-07,Aave,Polygon,6.43,USDT,277652255,1.53,4.92
2024-08-07,Aave,Base,4.35,USDC,306201413,2.83,10.06
2024-08-07,Aave,Base,4.53,USDT,293561889,3.47,11.61
2024-08-07,Aave,Base,5.05,DAI,272726375,3.28,12.8
2024-08-07,Compound,Ethereum,3.33,USDC,212194062,49.71,0
2024-08-07,Compound,Ethereum,3.72,USDT,204626836,41.41,0
2024-08-07,Compound,Ethereum,3.82,DAI,212977343,43.41,0
2024-08-07,Compound,Arbitrum,4.62,USDT,205929082,3.85,15.05
2024-08-07,Compound,Arbitrum,5.88,DAI,201909232,4.07,10.79
2024-08-07,Compound,Optimism,3.79,USDC,203454781,3.17,9.64
2024-08-07,Compound,Optimism,4.14,USDT,209121767,3.04,10.87
2024-08-07,Compound,Optimism,3.98,DAI,221388162,2.71,7.55
2024-08-07,Compound,Polygon,4.42,USDC,207535870,1.68,6.08
2024-08-07,Compound,Polygon,5.49,USDT,213572381,0.95,9.3
2024-08-07,Compound,Base,3.77,USDC,209753286,3.5,11.82
2024-08-07,Compound,Base,4.12,USDT,202335880,2.46,9.52
2024-08-07,Compound,Base,4.94,DAI,229913387,2.93,7.42
2024-08-07,Curve,Ethereum,5.61,USDC,383980909,57.19,0
2024-08-07,Curve,Ethereum,7.93,DAI,374669833,48.89,0
2024-08-07,Curve,Arbitrum,7.78,USDC,387753160,2.91,11.84
2024-08-07,Curve,Arbitrum,7.16,USDT,361793216,2.69,11.55
2024-08-07,Curve,Arbitrum,7.82,DAI,385470282,3.42,10.36
2024-08-07,Curve,Optimism,7.8,USDT,364690339,3.09,11.67
2024-08-07,Curve,Polygon,6.94,USDC,380045992,1.7,11.97
2024-08-07,Curve,Polygon,6.97,USDT,365586632,1.12,7.13
2024-08-07,Curve,Polygon,6.57,DAI,398931787,1.16,4.96
2024-08-07,Curve,Base,8.59,USDC,348470133,3.15,9.52
2024-08-07,Curve,Base,7.34,USDT,360970249,3.69,13.86
2024-08-07,Curve,Base,7.69,DAI,365112264,2.72,8.44
2024-08-07,Uniswap V3,Ethereum,7.23,USDC,114204398,41.38,0
2024-08-07,Uniswap V3,Ethereum,7.32,USDT,106234569,29.4,0
2024-08-07,Uniswap V3,Ethereum,6.92,DAI,111113681,45.0,0
2024-08-07,Uniswap V3,Arbitrum,9.25,USDC,108929741,2.66,10.63
2024-08-07,Uniswap V3,Arbitrum,9.05,USDT,111891044,4.29,9.49
2024-08-07,Uniswap V3,Arbitrum,8.19,DAI,116324818,2.5,12.69
2024-08-07,Uniswap V3,Optimism,7.59,USDT,107437505,2.59,9.23
2024-08-07,Uniswap V3,Optimism,7.86,DAI,103939891,3.0,10.52
2024-08-07,Uniswap V3,Polygon,11.43,USDC,105890127,1.67,10.75
2024-08-07,Uniswap V3,Polygon,9.47,USDT,107566634,1.27,8.8
2024-08-07,Uniswap V3,Polygon,6.78,DAI,114263061,1.2,6.79
2024-08-07,Uniswap V3,Base,7.26,USDC,115705904,3.36,11.32
2024-08-07,Uniswap V3,Base,10.15,USDT,112393492,3.35,9.66
2024-08-07,Uniswap V3,Base,8.38,DAI,106988289,3.76,9.47
2024-08-07,Yearn,Ethereum,5.61,USDC,143660860,43.19,0
2024-08-07,Yearn,Ethereum,5.37,USDT,139769838,47.91,0
2024-08-07,Yearn,Ethereum,5.46,DAI,133505156,38.44,0
2024-08-07,Yearn,Arbitrum,6.58,USDC,140835091,2.83,10.77
2024-08-07,Yearn,Arbitrum,6.38,USDT,143063085,2.94,10.76
2024-08-07,Yearn,Arbitrum,5.53,DAI,144465905,2.65,9.2
2024-08-07,Yearn,Optimism,6.12,USDC,148103366,2.94,7.44
2024-08-07,Yearn,Optimism,6.15,USDT,146816327,3.25,8.28
2024-08-07,Yearn,Optimism,5.9,DAI,137159143,2.6,8.41
2024-08-07,Yearn,Polygon,6.32,USDC,136909182,1.48,10.71
2024-08-07,Yearn,Polygon,7.08,USDT,137883876,1.58,7.85
2024-08-07,Yearn,Polygon,6.25,DAI,134939012,1.47,10.16
2024-08-07,Yearn,Base,7.18,USDC,146032020,3.63,5.84
2024-08-07,Yearn,Base,6.0,USDT,140279647,2.97,12.01
2024-08-07,Pendle,Ethereum,10.03,USDC,91426534,48.18,0
2024-08-07,Pendle,Ethereum,9.0,USDT,94370742,47.67,0
2024-08-07,Pendle,Ethereum,8.83,DAI,86732972,47.67,0
2024-08-07,Pendle,Arbitrum,10.25,USDT,92084090,3.41,9.42
2024-08-07,Pendle,Arbitrum,12.2,DAI,88609292,4.48,11.4
2024-08-07,Pendle,Optimism,9.34,USDC,86746790,2.37,7.49
2024-08-07,Pendle,Optimism,9.76,USDT,91046750,3.86,8.63
2024-08-07,Pendle,Optimism,10.19,DAI,90079242,3.48,8.05
2024-08-07,Pendle,Base,11.05,USDC,88683644,3.1,13.32
2024-08-07,Pendle,Base,11.65,USDT,94479775,2.64,7.92
2024-08-07,Pendle,Base,12.25,DAI,88295611,2.54,6.92
2024-08-07,Convex,Ethereum,5.07,USDC,179693067,39.54,0
2024-08-07,Convex,Ethereum,5.44,USDT,188955845,45.48,0
2024-08-07,Convex,Ethereum,5.47,DAI,181282656,61.29,0
2024-08-07,Balancer,Ethereum,5.74,USDC,124654924,50.1,0
2024-08-07,Balancer,Ethereum,5.8,USDT,131934030,43.72,0
2024-08-07,Balancer,Ethereum,5.82,DAI,125074589,36.24,0
2024-08-07,Balancer,Arbitrum,8.45,USDC,127453115,4.4,12.94
2024-08-07,Balancer,Arbitrum,8.72,USDT,125630539,3.53,13.56
2024-08-07,Balancer,Arbitrum,7.44,DAI,125159739,4.48,16.63
2024-08-07,Balancer,Optimism,8.44,USDC,131351083,3.29,8.69
2024-08-07,Balancer,Optimism,7.25,USDT,139477104,2.98,9.47
2024-08-07,Balancer,Optimism,6.51,DAI,125380547,3.41,10.08
2024-08-07,Balancer,Polygon,8.22,USDC,128398316,1.61,10.71
2024-08-07,Balancer,Polygon,8.15,USDT,135349937,1.6,8.75
2024-08-07,Balancer,Base,7.93,USDC,126622995,3.59,10.01
2024-08-07,Balancer,Base,7.18,USDT,121632762,2.64,11.09
2024-08-07,Balancer,Base,8.87,DAI,128386390,3.61,10.14
2024-08-08,Aave,Ethereum,4.22,USDC,295855983,32.76,0
2024-08-08,Aave,Ethereum,3.38,USDT,279457646,50.88,0
2024-08-08,Aave,Ethereum,4.11,DAI,324988823,43.14,0
2024-08-08,Aave,Arbitrum,4.87,USDC,309283521,3.67,12.58
2024-08-08,Aave,Arbitrum,4.99,USDT,270397311,4.22,14.92
2024-08-08,Aave,Arbitrum,4.49,DAI,268387413,3.47,15.78
2024-08-08,Aave,Optimism,4.51,USDC,300932833,3.56,7.78
2024-08-08,Aave,Optimism,4.58,USDT,290172827,3.25,9.63
2024-08-08,Aave,Optimism,3.89,DAI,275824359,2.42,9.37
2024-08-08,Aave,Polygon,4.55,USDC,300625291,1.44,7.47
2024-08-08,Aave,Polygon,5.53,USDT,300721856,1.64,8.48
2024-08-08,Aave,Base,4.61,USDC,285794104,3.49,11.09
2024-08-08,Aave,Base,3.99,USDT,304236827,3.18,12.8
2024-08-08,Aave,Base,4.92,DAI,286018205,3.46,10.12
2024-08-08,Compound,Ethereum,4.02,USDT,210306896,51.14,0
2024-08-08,Compound,Ethereum,3.72,DAI,213600824,35.01,0
2024-08-08,Compound,Arbitrum,4.15,USDC,221881472,2.87,9.52
2024-08-08,Compound,Arbitrum,4.31,USDT,206388605,3.99,9.91
2024-08-08,Compound,Arbitrum,5.14,DAI,215714864,3.92,11.98
2024-08-08,Compound,Optimism,4.18,USDT,217243428,2.6,11.06
2024-08-08,Compound,Optimism,4.43,DAI,222304423,3.0,8.68
2024-08-08,Compound,Polygon,4.55,USDC,216433918,1.27,7.13
2024-08-08,Compound,Polygon,4.21,USDT,217263461,1.16,6.46
2024-08-08,Compound,Polygon,3.96,DAI,219565988,1.31,6.95
2024-08-08,Compound,Base,4.94,USDC,202914168,3.09,8.18
2024-08-08,Compound,Base,4.76,USDT,219246943,3.23,10.75
2024-08-08,Compound,Base,4.12,DAI,207152426,3.46,8.23
2024-08-08,Curve,Ethereum,5.23,USDT,364869703,38.3,0
2024-08-08,Curve,Arbitrum,8.13,USDT,381957080,4.1,11.55
2024-08-08,Curve,Arbitrum,8.15,DAI,353773043,3.59,11.82
2024-08-08,Curve,Optimism,7.17,USDC,374390685,2.14,8.5
2024-08-08,Curve,Optimism,6.31,USDT,401796834,3.08,9.65
2024-08-08,Curve,Optimism,7.07,DAI,338779205,3.73,9.8
2024-08-08,Curve,Polygon,8.31,USDC,353501006,1.45,7.06
2024-08-08,Curve,Polygon,7.87,USDT,376938638,0.98,10.89
2024-08-08,Curve,Polygon,7.45,DAI,390740628,1.28,7.83
2024-08-08,Curve,Base,7.77,USDC,382591890,3.71,8.18
2024-08-08,Curve,Base,7.13,USDT,374870922,3.22,8.57
2024-08-08,Curve,Base,5.59,DAI,341092859,3.41,10.34
2024-08-08,Uniswap V3,Ethereum,6.81,USDC,101912381,34.09,0
2024-08-08,Uniswap V3,Ethereum,7.22,USDT,117094978,46.29,0
2024-08-08,Uniswap V3,Arbitrum,7.92,USDT,106194027,4.15,11.68
2024-08-08,Uniswap V3,Arbitrum,8.93,DAI,110642907,2.65,11.67
2024-08-08,Uniswap V3,Optimism,9.68,USDT,114577142,3.57,7.43
2024-08-08,Uniswap V3,Optimism,6.99,DAI,114199330,3.0,10.48
2024-08-08,Uniswap V3,Polygon,9.65,USDC,107657288,0.92,6.36
2024-08-08,Uniswap V3,Polygon,7.21,USDT,109010804,1.46,8.79
2024-08-08,Uniswap V3,Polygon,9.34,DAI,106993958,1.38,8.75
2024-08-08,Uniswap V3,Base,10.0,USDC,106887920,3.41,11.23
2024-08-08,Uniswap V3,Base,7.93,DAI,112340400,2.79,10.59
2024-08-08,Yearn,Ethereum,4.88,USDC,135402037,46.06,0
2024-08-08,Yearn,Ethereum,5.29,USDT,140546284,45.6,0
2024-08-08,Yearn,Ethereum,6.14,DAI,148723886,40.83,0
2024-08-08,Yearn,Arbitrum,6.51,USDC,135924697,3.61,11.72
2024-08-08,Yearn,Arbitrum,5.74,USDT,135346861,3.04,12.15
2024-08-08,Yearn,Optimism,6.35,USDC,137648599,3.07,11.51
2024-08-08,Yearn,Optimism,5.92,USDT,134910251,2.41,10.77
2024-08-08,Yearn,Optimism,5.51,DAI,142918339,3.01,6.72
2024-08-08,Yearn,Polygon,6.35,USDC,147721399,1.06,10.36
2024-08-08,Yearn,Polygon,6.0,USDT,131236545,1.47,9.64
2024-08-08,Yearn,Base,5.88,USDC,143058659,3.17,5.88
2024-08-08,Yearn,Base,5.55,USDT,142546221,3.96,13.0
2024-08-08,Yearn,Base,6.13,DAI,138438452,4.23,11.41
2024-08-08,Pendle,Ethereum,9.75,USDT,86721692,60.73,0
2024-08-08,Pendle,Ethereum,9.52,DAI,90549041,39.21,0
2024-08-08,Pendle,Arbitrum,8.54,USDC,76504066,4.46,17.66
2024-08-08,Pendle,Arbitrum,10.25,USDT,93439792,2.05,8.36
2024-08-08,Pendle,Arbitrum,6.68,DAI,87699505,3.18,10.07
2024-08-08,Pendle,Optimism,8.74,USDC,87833651,2.51,8.37
2024-08-08,Pendle,Optimism,10.46,USDT,86338373,4.73,8.8
2024-08-08,Pendle,Optimism,8.58,DAI,88241779,2.39,10.01
2024-08-08,Pendle,Base,12.93,USDC,84908639,3.24,7.69
2024-08-08,Pendle,Base,10.14,USDT,91239841,2.97,8.98
2024-08-08,Pendle,Base,11.12,DAI,85746703,3.21,9.14
2024-08-08,Convex,Ethereum,5.38,USDC,184003481,42.43,0
2024-08-08,Convex,Ethereum,5.18,DAI,182442246,51.07,0
2024-08-08,Balancer,Ethereum,7.23,USDC,128190386,42.7,0
2024-08-08,Balancer,Ethereum,6.92,USDT,135745333,40.28,0
2024-08-08,Balancer,Ethereum,6.46,DAI,130691570,45.16,0
2024-08-08,Balancer,Arbitrum,6.5,USDC,129532143,2.89,12.07
2024-08-08,Balancer,Arbitrum,7.19,USDT,128791927,3.5,15.17
2024-08-08,Balancer,Arbitrum,8.14,DAI,131152674,2.07,10.92
2024-08-08,Balancer,Optimism,7.26,USDC,126996996,2.53,9.08
2024-08-08,Balancer,Optimism,7.21,USDT,128911469,2.3,8.49
2024-08-08,Balancer,Optimism,7.77,DAI,126078585,2.27,7.01
2024-08-08,Balancer,Polygon,7.42,USDC,123883958,1.26,7.3
2024-08-08,Balancer,Polygon,7.96,USDT,121149962,1.77,9.26
2024-08-08,Balancer,Polygon,8.19,DAI,125635187,1.57,7.18
2024-08-08,Balancer,Base,7.42,USDC,126074642,3.64,8.59
2024-08-08,Balancer,Base,6.45,USDT,134982294,3.28,11.59
2024-08-08,Balancer,Base,8.8,DAI,124208701,3.28,11.08
2024-08-09,Aave,Ethereum,3.64,USDC,299917378,45.83,0
2024-08-09,Aave,Ethereum,4.05,USDT,297848144,39.52,0
2024-08-09,Aave,Ethereum,3.64,DAI,283589112,37.93,0
2024-08-09,Aave,Arbitrum,4.46,USDC,289032478,4.96,10.04
2024-08-09,Aave,Arbitrum,4.24,USDT,308920681,3.62,12.95
2024-08-09,Aave,Arbitrum,4.75,DAI,320949301,3.92,11.96
2024-08-09,Aave,Optimism,4.42,USDC,297903951,2.65,9.72
2024-08-09,Aave,Optimism,4.12,USDT,300279097,2.79,7.53
2024-08-09,Aave,Optimism,4.69,DAI,281565569,3.62,9.0
2024-08-09,Aave,Polygon,4.44,USDC,279953887,1.11,8.06
2024-08-09,Aave,Polygon,4.8,USDT,280896757,1.52,8.24
2024-08-09,Aave,Polygon,4.41,DAI,291376871,1.26,9.33
2024-08-09,Aave,Base,5.69,USDC,303423514,3.58,12.43
2024-08-09,Aave,Base,5.12,USDT,290927555,3.39,6.85
2024-08-09,Aave,Base,4.12,DAI,286898745,3.36,7.89
2024-08-09,Compound,Ethereum,3.6,USDC,227850252,28.99,0
2024-08-09,Compound,Ethereum,3.45,USDT,198477029,38.22,0
2024-08-09,Compound,Ethereum,3.54,DAI,208888647,36.34,0
2024-08-09,Compound,Arbitrum,3.95,USDC,215470648,3.1,19.22
2024-08-09,Compound,Arbitrum,4.5,USDT,213354755,2.9,9.02
2024-08-09,Compound,Arbitrum,3.97,DAI,200086378,2.64,12.63
2024-08-09,Compound,Optimism,4.42,USDC,204585922,1.92,9.33
2024-08-09,Compound,Optimism,4.66,USDT,209483693,2.93,9.52
2024-08-09,Compound,Optimism,4.3,DAI,217395495,2.79,5.27
2024-08-09,Compound,Polygon,4.27,USDC,220207852,1.42,10.1
2024-08-09,Compound,Polygon,4.37,USDT,205324166,1.33,6.25
2024-08-09,Compound,Polygon,4.27,DAI,224019225,1.45,7.15
2024-08-09,Compound,Base,4.1,USDC,210816856,3.54,11.36
2024-08-09,Compound,Base,4.73,USDT,202275681,3.4,9.62
2024-08-09,Compound,Base,4.08,DAI,197774713,3.61,9.99
2024-08-09,Curve,Ethereum,7.11,USDC,372304484,32.3,0
2024-08-09,Curve,Ethereum,6.45,USDT,364635737,42.12,0
2024-08-09,Curve,Ethereum,6.01,DAI,380914479,37.49,0
2024-08-09,Curve,Arbitrum,7.43,USDC,375571255,2.88,14.19
2024-08-09,Curve,Arbitrum,7.76,USDT,344576784,3.81,11.44
2024-08-09,Curve,Optimism,6.26,USDC,394497595,2.66,11.35
2024-08-09,Curve,Optimism,6.31,USDT,366890954,3.41,11.84
2024-08-09,Curve,Optimism,7.93,DAI,384504485,2.49,4.5
2024-08-09,Curve,Polygon,6.98,USDC,390295968,1.99,11.03
2024-08-09,Curve,Polygon,6.42,USDT,378405904,1.54,6.7
2024-08-09,Curve,Polygon,8.15,DAI,362339518,1.37,5.45
2024-08-09,Curve,Base,7.42,USDC,383857097,3.43,12.99
2024-08-09,Curve,Base,8.18,USDT,374211901,3.56,7.9
2024-08-09,Curve,Base,6.48,DAI,364791869,3.3,11.0
2024-08-09,Uniswap V3,Ethereum,6.14,USDC,113220787,40.91,0
2024-08-09,Uniswap V3,Arbitrum,7.4,USDC,116022416,4.46,15.24
2024-08-09,Uniswap V3,Arbitrum,8.4,USDT,112249973,3.21,12.4
2024-08-09,Uniswap V3,Arbitrum,7.86,DAI,111824019,2.17,9.27
2024-08-09,Uniswap V3,Optimism,7.74,USDC,112430264,3.02,7.3
2024-08-09,Uniswap V3,Optimism,8.13,USDT,124675834,3.63,9.98
2024-08-09,Uniswap V3,Optimism,8.6,DAI,114068939,2.27,11.86
2024-08-09,Uniswap V3,Polygon,8.56,USDC,114185174,1.18,8.88
2024-08-09,Uniswap V3,Polygon,8.77,USDT,111986780,1.97,9.33
2024-08-09,Uniswap V3,Polygon,8.94,DAI,112435867,1.79,9.43
2024-08-09,Uniswap V3,Base,8.0,USDC,113291043,4.17,8.79
2024-08-09,Uniswap V3,Base,9.18,USDT,119476596,3.02,11.69
2024-08-09,Uniswap V3,Base,7.06,DAI,112840688,4.21,11.05
2024-08-09,Yearn,Ethereum,4.28,USDC,131404771,37.19,0
2024-08-09,Yearn,Ethereum,4.08,USDT,139879238,40.07,0
2024-08-09,Yearn,Ethereum,4.69,DAI,146713699,51.39,0
2024-08-09,Yearn,Arbitrum,5.32,USDC,141019126,3.82,11.01
2024-08-09,Yearn,Arbitrum,6.24,USDT,149907653,2.99,10.09
2024-08-09,Yearn,Arbitrum,5.7,DAI,142927851,2.87,14.18
2024-08-09,Yearn,Optimism,5.07,USDC,144873633,2.68,8.98
2024-08-09,Yearn,Optimism,6.15,USDT,146137903,2.75,7.77
2024-08-09,Yearn,Optimism,5.14,DAI,147722881,3.22,11.0
2024-08-09,Yearn,Polygon,6.18,USDC,144089133,1.33,6.35
2024-08-09,Yearn,Polygon,6.55,USDT,134276324,1.48,10.5
2024-08-09,Yearn,Base,5.38,USDC,144500022,4.21,8.16
2024-08-09,Yearn,Base,5.12,USDT,133576226,3.55,11.44
2024-08-09,Yearn,Base,5.72,DAI,140529001,3.36,12.73
2024-08-09,Pendle,Ethereum,7.39,USDC,82098702,61.04,0
2024-08-09,Pendle,Ethereum,10.57,USDT,88674519,53.17,0
2024-08-09,Pendle,Ethereum,7.71,DAI,90691623,38.37,0
2024-08-09,Pendle,Arbitrum,11.98,USDC,84814169,3.17,13.23
2024-08-09,Pendle,Arbitrum,9.61,USDT,85100893,2.03,15.04
2024-08-09,Pendle,Optimism,11.37,USDT,89431712,3.2,7.55
2024-08-09,Pendle,Base,8.82,USDC,84327141,3.7,11.64
2024-08-09,Pendle,Base,9.4,USDT,86731894,3.61,8.52
2024-08-09,Convex,Ethereum,5.55,USDC,175497794,28.6,0
2024-08-09,Convex,Ethereum,5.14,USDT,174261442,43.67,0
2024-08-09,Convex,Ethereum,5.2,DAI,171438117,56.66,0
2024-08-09,Balancer,Ethereum,6.47,USDC,121270524,33.22,0
2024-08-09,Balancer,Ethereum,6.0,USDT,127329360,43.7,0
2024-08-09,Balancer,Ethereum,6.4,DAI,130524054,35.18,0
2024-08-09,Balancer,Arbitrum,7.11,USDC,126510605,3.01,11.62
2024-08-09,Balancer,Arbitrum,8.43,USDT,131472679,2.06,14.81
2024-08-09,Balancer,Arbitrum,7.05,DAI,134574565,2.62,13.62
2024-08-09,Balancer,Optimism,7.7,USDC,118783249,3.61,11.19
2024-08-09,Balancer,Optimism,6.99,USDT,129462473,2.73,9.58
2024-08-09,Balancer,Optimism,8.21,DAI,135100323,3.78,12.95
2024-08-09,Balancer,Polygon,8.59,USDC,123956132,1.23,7.71
2024-08-09,Balancer,Polygon,8.21,USDT,130525896,1.58,6.46
2024-08-09,Balancer,Polygon,7.5,DAI,128792487,1.1,9.4
2024-08-09,Balancer,Base,7.6,USDT,115495338,3.91,10.26
2024-08-09,Balancer,Base,7.23,DAI,128363110,3.08,11.14
2024-08-10,Aave,Ethereum,3.82,USDC,302364536,23.45,0
2024-08-10,Aave,Ethereum,3.21,USDT,292209980,31.31,0
2024-08-10,Aave,Ethereum,3.56,DAI,284536009,29.07,0
2024-08-10,Aave,Arbitrum,4.88,USDC,295982224,1.78,12.59
2024-08-10,Aave,Arbitrum,4.26,DAI,280948558,2.29,13.88
2024-08-10,Aave,Optimism,4.42,USDC,294302173,1.51,7.36
2024-08-10,Aave,Optimism,4.56,USDT,256041867,2.2,11.02
2024-08-10,Aave,Optimism,4.47,DAI,295341739,2.18,5.3
2024-08-10,Aave,Polygon,4.58,USDC,266491234,0.99,9.75
2024-08-10,Aave,Polygon,4.86,USDT,273422164,1.18,8.85
2024-08-10,Aave,Polygon,5.12,DAI,290500198,0.97,9.74
2024-08-10,Aave,Base,4.51,USDC,290819548,1.94,13.07
2024-08-10,Aave,Base,4.73,USDT,277469259,2.19,9.65
2024-08-10,Aave,Base,4.7,DAI,297177440,2.33,8.73
2024-08-10,Compound,Ethereum,3.59,USDC,204298357,24.92,0
2024-08-10,Compound,Ethereum,3.2,USDT,199653249,25.37,0
2024-08-10,Compound,Arbitrum,4.14,USDC,199101218,2.18,12.7
2024-08-10,Compound,Arbitrum,4.42,USDT,214979573,2.07,15.61
2024-08-10,Compound,Arbitrum,4.55,DAI,196073591,2.2,16.75
2024-08-10,Compound,Optimism,3.75,USDC,217674892,1.57,7.26
2024-08-10,Compound,Optimism,4.17,USDT,214326895,2.08,10.23
2024-08-10,Compound,Optimism,3.98,DAI,223046023,2.1,6.35
2024-08-10,Compound,Polygon,4.88,USDC,209165405,0.9,8.1
2024-08-10,Compound,Polygon,3.86,USDT,208806948,1.05,6.25
2024-08-10,Compound,Polygon,3.78,DAI,221670496,0.93,6.17
2024-08-10,Compound,Base,4.98,USDC,212975073,2.31,8.95
2024-08-10,Compound,Base,4.57,USDT,212762961,2.0,4.65
2024-08-10,Compound,Base,4.5,DAI,204539064,2.07,11.1
2024-08-10,Curve,Ethereum,6.32,USDC,379538536,31.42,0
2024-08-10,Curve,Ethereum,5.91,USDT,390043780,24.93,0
2024-08-10,Curve,Ethereum,5.73,DAI,355736554,26.36,0
2024-08-10,Curve,Arbitrum,6.64,USDC,373288446,2.28,11.14
2024-08-10,Curve,Arbitrum,9.0,USDT,374487781,2.02,12.24
2024-08-10,Curve,Arbitrum,9.13,DAI,381922771,2.01,11.41
2024-08-10,Curve,Optimism,8.18,USDT,365625127,1.74,8.29
2024-08-10,Curve,Optimism,7.29,DAI,347551404,1.68,14.72
2024-08-10,Curve,Polygon,7.21,USDC,386387352,1.1,7.23
2024-08-10,Curve,Polygon,8.27,USDT,377584016,0.95,6.71
2024-08-10,Curve,Polygon,8.82,DAI,375331211,0.62,7.64
2024-08-10,Curve,Base,8.01,USDC,364919240,1.7,13.62
2024-08-10,Curve,Base,5.61,USDT,366960402,2.23,9.47
2024-08-10,Curve,Base,7.73,DAI,341644465,2.47,9.92
2024-08-10,Uniswap V3,Ethereum,6.03,USDC,117420388,28.87,0
2024-08-10,Uniswap V3,Ethereum,6.74,USDT,106490083,27.42,0
2024-08-10,Uniswap V3,Ethereum,8.64,DAI,111634584,27.67,0
2024-08-10,Uniswap V3,Arbitrum,9.17,USDC,118263807,2.39,10.1
2024-08-10,Uniswap V3,Arbitrum,7.97,USDT,107909991,2.71,10.99
2024-08-10,Uniswap V3,Arbitrum,8.38,DAI,111881126,2.73,8.79
2024-08-10,Uniswap V3,Optimism,7.89,USDC,109688068,2.1,9.01
2024-08-10,Uniswap V3,Optimism,6.89,USDT,118134563,2.53,9.11
2024-08-10,Uniswap V3,Optimism,7.68,DAI,114183842,2.09,11.59
2024-08-10,Uniswap V3,Polygon,8.82,USDC,108901628,0.81,9.94
2024-08-10,Uniswap V3,Polygon,8.94,USDT,113798015,1.09,8.64
2024-08-10,Uniswap V3,Polygon,7.38,DAI,109476895,0.71,7.44
2024-08-10,Uniswap V3,Base,6.35,USDC,106759945,1.78,8.67
2024-08-10,Uniswap V3,Base,5.49,USDT,110302482,2.33,12.82
2024-08-10,Uniswap V3,Base,6.68,DAI,112278185,2.14,10.35
2024-08-10,Yearn,Ethereum,4.56,USDC,135604678,25.13,0
2024-08-10,Yearn,Ethereum,5.04,USDT,147876108,27.17,0
2024-08-10,Yearn,Ethereum,4.25,DAI,141043316,27.29,0
2024-08-10,Yearn,Arbitrum,6.51,USDC,145137028,2.32,13.37
2024-08-10,Yearn,Arbitrum,5.38,USDT,131300864,3.67,13.99
2024-08-10,Yearn,Arbitrum,4.52,DAI,131808462,2.64,13.59
2024-08-10,Yearn,Optimism,5.22,USDC,135164791,2.46,11.4
2024-08-10,Yearn,Optimism,4.88,USDT,136151958,2.45,12.83
2024-08-10,Yearn,Optimism,4.61,DAI,142874852,1.68,7.73
2024-08-10,Yearn,Polygon,6.52,USDC,130048558,1.09,8.9
2024-08-10,Yearn,Polygon,6.42,DAI,139835994,1.03,8.85
2024-08-10,Yearn,Base,6.08,USDC,153088066,2.76,8.23
2024-08-10,Yearn,Base,5.48,USDT,148499441,1.96,11.33
2024-08-10,Yearn,Base,5.51,DAI,146138279,2.05,8.71
2024-08-10,Pendle,Ethereum,8.05,USDT,84381449,27.99,0
2024-08-10,Pendle,Ethereum,7.03,DAI,90324784,27.04,0
2024-08-10,Pendle,Arbitrum,10.44,USDC,87806300,2.18,11.69
2024-08-10,Pendle,Arbitrum,12.3,USDT,91034175,2.0,14.91
2024-08-10,Pendle,Arbitrum,9.19,DAI,87113686,2.75,10.12
2024-08-10,Pendle,Optimism,10.59,USDC,91871004,2.19,6.05
2024-08-10,Pendle,Optimism,9.52,USDT,87031467,1.88,7.66
2024-08-10,Pendle,Optimism,10.28,DAI,81708216,2.53,7.99
2024-08-10,Pendle,Base,9.89,USDC,82362549,2.66,9.26
2024-08-10,Pendle,Base,12.82,USDT,93207741,2.21,7.06
2024-08-10,Pendle,Base,9.25,DAI,94574933,1.96,12.18
2024-08-10,Convex,Ethereum,5.01,USDC,182027875,28.87,0
2024-08-10,Convex,Ethereum,5.58,DAI,168019324,23.58,0
2024-08-10,Balancer,Ethereum,7.44,USDC,129677040,25.83,0
2024-08-10,Balancer,Ethereum,5.86,USDT,137392432,26.66,0
2024-08-10,Balancer,Ethereum,6.11,DAI,126186929,31.74,0
2024-08-10,Balancer,Arbitrum,8.92,USDC,131313443,1.79,13.49
2024-08-10,Balancer,Arbitrum,5.82,USDT,128647850,2.29,13.56
2024-08-10,Balancer,Arbitrum,7.82,DAI,124846407,3.71,12.75
2024-08-10,Balancer,Optimism,7.11,USDC,130796258,2.14,9.93
2024-08-10,Balancer,Optimism,7.11,USDT,123394961,2.43,11.9
2024-08-10,Balancer,Optimism,8.19,DAI,130009310,2.16,7.31
2024-08-10,Balancer,Polygon,8.11,USDC,128729571,0.91,5.64
2024-08-10,Balancer,Polygon,7.64,USDT,131698697,1.16,8.37
2024-08-10,Balancer,Polygon,8.24,DAI,132049257,0.97,7.08
2024-08-10,Balancer,Base,8.14,USDC,132910219,2.15,8.1
2024-08-10,Balancer,Base,7.41,USDT,117076463,2.51,8.8
2024-08-10,Balancer,Base,7.44,DAI,137241553,2.37,10.42
2024-08-11,Aave,Ethereum,4.44,USDC,302010955,30.87,0
2024-08-11,Aave,Ethereum,3.6,USDT,275522747,25.58,0
2024-08-11,Aave,Ethereum,3.89,DAI,291271820,25.77,0
2024-08-11,Aave,Arbitrum,4.59,USDT,286214545,2.87,15.68
2024-08-11,Aave,Arbitrum,4.73,DAI,295686466,3.43,14.56
2024-08-11,Aave,Optimism,4.59,USDC,284074588,2.63,10.25
2024-08-11,Aave,Optimism,4.28,USDT,304939347,2.28,9.84
2024-08-11,Aave,Optimism,3.94,DAI,289995910,2.33,11.85
2024-08-11,Aave,Polygon,4.78,USDC,279455645,0.68,5.75
2024-08-11,Aave,Polygon,4.44,USDT,276345910,1.12,6.44
2024-08-11,Aave,Polygon,5.16,DAI,275203465,0.88,7.51
2024-08-11,Aave,Base,4.88,USDC,268082757,1.97,11.51
2024-08-11,Aave,Base,4.47,USDT,294045891,2.51,12.6
2024-08-11,Aave,Base,3.9,DAI,294366075,2.12,8.75
2024-08-11,Compound,Ethereum,3.24,USDC,206695024,26.24,0
2024-08-11,Compound,Ethereum,3.85,USDT,219105762,32.78,0
2024-08-11,Compound,Ethereum,3.41,DAI,195585621,23.49,0
2024-08-11,Compound,Arbitrum,4.12,USDC,205157865,2.3,11.37
2024-08-11,Compound,Arbitrum,4.21,USDT,197827568,1.98,9.34
2024-08-11,Compound,Arbitrum,4.33,DAI,200683851,2.37,9.19
2024-08-11,Compound,Optimism,3.83,USDC,201392061,2.38,7.45
2024-08-11,Compound,Optimism,4.02,USDT,203531251,1.74,8.48
2024-08-11,Compound,Optimism,3.95,DAI,206244350,2.67,8.64
2024-08-11,Compound,Polygon,4.43,USDC,205225298,1.1,7.22
2024-08-11,Compound,Polygon,4.64,USDT,209297079,1.07,8.52
2024-08-11,Compound,Polygon,4.09,DAI,218450367,1.01,6.86
2024-08-11,Compound,Base,4.59,USDC,207533216,1.85,9.54
2024-08-11,Compound,Base,3.74,DAI,203181741,2.19,8.74
2024-08-11,Curve,Ethereum,5.28,USDC,362188982,20.93,0
2024-08-11,Curve,Ethereum,4.81,USDT,372282723,28.99,0
2024-08-11,Curve,Ethereum,5.75,DAI,392013098,27.03,0
2024-08-11,Curve,Arbitrum,7.2,USDC,359935779,2.62,8.37
2024-08-11,Curve,Arbitrum,8.1,USDT,369415552,3.13,11.77
2024-08-11,Curve,Arbitrum,6.54,DAI,375058182,2.22,12.87
2024-08-11,Curve,Optimism,6.88,USDC,403355219,1.71,7.99
2024-08-11,Curve,Optimism,5.97,USDT,379390253,2.26,9.8
2024-08-11,Curve,Optimism,7.09,DAI,379529948,2.24,10.85
2024-08-11,Curve,Polygon,6.33,USDT,364606871,0.97,9.74
2024-08-11,Curve,Polygon,8.34,DAI,386355098,0.6,6.64
2024-08-11,Curve,Base,7.54,USDC,351508286,2.36,9.69
2024-08-11,Curve,Base,6.7,USDT,346191426,1.79,7.51
2024-08-11,Curve,Base,7.41,DAI,356640604,1.94,12.87
2024-08-11,Uniswap V3,Ethereum,6.14,USDC,111603771,24.33,0
2024-08-11,Uniswap V3,Ethereum,6.62,USDT,109407071,25.53,0
2024-08-11,Uniswap V3,Ethereum,6.97,DAI,116611026,36.03,0
2024-08-11,Uniswap V3,Arbitrum,8.67,USDC,110693688,2.14,10.84
2024-08-11,Uniswap V3,Arbitrum,8.69,DAI,101124421,3.15,12.57
2024-08-11,Uniswap V3,Optimism,7.09,USDC,118064578,1.79,3.01
2024-08-11,Uniswap V3,Optimism,6.37,USDT,107171086,2.43,7.73
2024-08-11,Uniswap V3,Polygon,9.15,USDT,108489027,0.9,7.49
2024-08-11,Uniswap V3,Base,9.32,USDT,110466570,2.31,11.51
2024-08-11,Uniswap V3,Base,7.86,DAI,111918792,2.47,12.87
2024-08-11,Yearn,Ethereum,4.79,USDC,147099991,30.21,0
2024-08-11,Yearn,Ethereum,4.64,USDT,147594327,30.6,0
2024-08-11,Yearn,Ethereum,5.17,DAI,140738145,27.27,0
2024-08-11,Yearn,Arbitrum,5.66,USDC,136176208,2.77,10.58
2024-08-11,Yearn,Arbitrum,5.93,USDT,147486246,2.27,11.17
2024-08-11,Yearn,Arbitrum,6.04,DAI,148676481,2.92,13.76
2024-08-11,Yearn,Optimism,4.67,USDC,143965241,2.21,9.78
2024-08-11,Yearn,Optimism,4.66,DAI,138074212,2.05,5.26
2024-08-11,Yearn,Polygon,5.3,USDC,142620266,1.17,7.11
2024-08-11,Yearn,Polygon,6.62,USDT,144596140,0.99,8.47
2024-08-11,Yearn,Polygon,4.91,DAI,133019858,0.82,6.01
2024-08-11,Yearn,Base,5.75,USDC,131554125,2.43,8.27
2024-08-11,Yearn,Base,5.74,USDT,142282703,2.34,5.12
2024-08-11,Pendle,Ethereum,9.0,USDC,89725867,26.04,0
2024-08-11,Pendle,Ethereum,9.95,USDT,92902459,31.29,0
2024-08-11,Pendle,Arbitrum,9.45,USDC,84820544,2.32,12.3
2024-08-11,Pendle,Arbitrum,9.67,USDT,84970816,2.19,13.59
2024-08-11,Pendle,Arbitrum,12.29,DAI,86391900,1.94,7.14
2024-08-11,Pendle,Optimism,9.25,USDC,91157364,1.94,9.06
2024-08-11,Pendle,Optimism,10.29,USDT,88541917,2.24,9.39
2024-08-11,Pendle,Optimism,11.27,DAI,90291500,1.24,9.72
2024-08-11,Pendle,Base,10.29,USDT,86641400,2.2,7.25
2024-08-11,Pendle,Base,11.57,DAI,84771461,1.77,5.41
2024-08-11,Convex,Ethereum,6.09,USDC,182911454,36.63,0
2024-08-11,Balancer,Ethereum,6.64,USDC,134663322,28.7,0
2024-08-11,Balancer,Ethereum,6.1,USDT,135175524,31.87,0
2024-08-11,Balancer,Arbitrum,7.13,USDT,126877419,2.48,9.46
2024-08-11,Balancer,Arbitrum,7.33,DAI,124138474,3.04,14.79
2024-08-11,Balancer,Optimism,6.98,USDC,135688850,1.69,10.03
2024-08-11,Balancer,Optimism,8.91,USDT,132542755,1.57,12.37
2024-08-11,Balancer,Optimism,7.25,DAI,133541495,2.03,10.51
2024-08-11,Balancer,Polygon,8.66,USDC,121206569,0.83,8.25
2024-08-11,Balancer,Polygon,7.78,USDT,128262238,1.14,5.33
2024-08-11,Balancer,Polygon,7.4,DAI,128940559,0.71,4.0
2024-08-11,Balancer,Base,7.9,USDC,126105845,2.26,9.23
2024-08-11,Balancer,Base,7.04,USDT,127688609,2.33,9.38
2024-08-11,Balancer,Base,7.79,DAI,139100004,2.69,11.18
2024-08-12,Aave,Ethereum,3.4,USDT,275978493,24.84,0
2024-08-12,Aave,Ethereum,3.8,DAI,285176355,27.69,0
2024-08-12,Aave,Arbitrum,4.19,USDC,289807212,3.5,10.75
2024-08-12,Aave,Arbitrum,4.33,USDT,297534180,3.37,9.19
2024-08-12,Aave,Arbitrum,3.9,DAI,288984220,3.39,8.15
2024-08-12,Aave,Optimism,4.58,USDC,303141936,3.07,11.73
2024-08-12,Aave,Optimism,4.54,USDT,274055604,2.58,7.48
2024-08-12,Aave,Optimism,4.2,DAI,277433373,3.15,6.32
2024-08-12,Aave,Polygon,4.24,USDC,275008782,1.42,7.32
2024-08-12,Aave,Polygon,4.31,USDT,296545833,0.9,8.07
2024-08-12,Aave,Polygon,4.72,DAI,282650771,1.64,6.55
2024-08-12,Aave,Base,4.19,USDC,278177307,4.07,7.96
2024-08-12,Aave,Base,4.16,USDT,298936912,3.23,10.3
2024-08-12,Aave,Base,4.44,DAI,285530097,3.36,9.61
2024-08-12,Compound,Ethereum,3.45,USDC,198688737,36.88,0
2024-08-12,Compound,Ethereum,3.89,USDT,207534739,43.68,0
2024-08-12,Compound,Ethereum,3.25,DAI,195622258,35.19,0
2024-08-12,Compound,Arbitrum,4.81,USDC,195333740,4.5,11.15
2024-08-12,Compound,Arbitrum,3.92,USDT,190444562,3.83,10.98
2024-08-12,Compound,Arbitrum,4.36,DAI,223474169,3.33,7.72
2024-08-12,Compound,Optimism,4.0,USDC,196106088,2.16,11.03
2024-08-12,Compound,Optimism,4.49,USDT,209681623,3.23,7.6
2024-08-12,Compound,Optimism,4.5,DAI,199204390,3.57,5.89
2024-08-12,Compound,Polygon,4.16,USDC,214634514,1.89,9.4
2024-08-12,Compound,Polygon,3.81,USDT,201835674,1.58,9.85
2024-08-12,Compound,Polygon,4.55,DAI,200066965,1.56,8.03
2024-08-12,Compound,Base,4.76,USDC,202130132,3.41,11.96
2024-08-12,Compound,Base,4.65,USDT,205869995,3.27,10.67
2024-08-12,Curve,Ethereum,6.09,USDC,365591021,44.61,0
2024-08-12,Curve,Ethereum,5.55,USDT,375364616,49.84,0
2024-08-12,Curve,Ethereum,6.19,DAI,355051180,37.88,0
2024-08-12,Curve,Arbitrum,6.58,USDC,359298931,4.59,13.67
2024-08-12,Curve,Arbitrum,7.57,USDT,355824595,2.99,5.89
2024-08-12,Curve,Arbitrum,8.08,DAI,399581304,4.1,10.76
2024-08-12,Curve,Optimism,7.48,USDC,363480072,3.26,7.86
2024-08-12,Curve,Optimism,7.41,USDT,374328517,3.07,7.69
2024-08-12,Curve,Optimism,6.34,DAI,361789935,2.86,9.96
2024-08-12,Curve,Polygon,7.8,USDC,345513991,1.26,9.16
2024-08-12,Curve,Polygon,6.81,USDT,361596948,1.03,8.96
2024-08-12,Curve,Polygon,8.17,DAI,366102797,1.83,10.18
2024-08-12,Curve,Base,6.89,USDC,363760086,3.44,7.56
2024-08-12,Curve,Base,6.5,USDT,360515450,3.4,11.0
2024-08-12,Curve,Base,7.94,DAI,344388063,3.79,10.08
2024-08-12,Uniswap V3,Ethereum,8.02,USDC,105115065,53.47,0
2024-08-12,Uniswap V3,Ethereum,6.66,USDT,103955466,46.51,0
2024-08-12,Uniswap V3,Ethereum,6.35,DAI,110820228,37.4,0
2024-08-12,Uniswap V3,Arbitrum,10.59,USDC,111830741,4.42,10.26
2024-08-12,Uniswap V3,Arbitrum,9.26,USDT,106931428,2.74,11.86
2024-08-12,Uniswap V3,Arbitrum,7.36,DAI,107370044,3.37,13.44
2024-08-12,Uniswap V3,Optimism,7.76,USDC,109356046,3.78,6.62
2024-08-12,Uniswap V3,Optimism,8.11,USDT,104255875,2.62,6.9
2024-08-12,Uniswap V3,Optimism,7.49,DAI,102219547,3.79,5.11
2024-08-12,Uniswap V3,Polygon,8.46,USDC,104373384,1.13,11.72
2024-08-12,Uniswap V3,Polygon,9.87,USDT,103760217,1.78,6.24
2024-08-12,Uniswap V3,Polygon,7.98,DAI,107333278,1.48,9.77
2024-08-12,Uniswap V3,Base,8.5,USDC,101012209,3.55,11.96
2024-08-12,Uniswap V3,Base,9.81,USDT,100802850,3.38,7.28
2024-08-12,Uniswap V3,Base,9.59,DAI,114462302,2.6,7.07
2024-08-12,Yearn,Ethereum,5.25,USDC,141586309,49.28,0
2024-08-12,Yearn,Ethereum,4.9,USDT,139424139,36.63,0
2024-08-12,Yearn,Ethereum,4.52,DAI,130060647,37.93,0
2024-08-12,Yearn,Arbitrum,6.16,USDC,134738718,3.92,10.66
2024-08-12,Yearn,Arbitrum,5.02,USDT,137657231,4.29,10.59
2024-08-12,Yearn,Arbitrum,5.72,DAI,137661232,3.41,14.66
2024-08-12,Yearn,Optimism,5.17,USDC,138520566,2.99,7.29
2024-08-12,Yearn,Optimism,5.72,USDT,143752568,2.96,9.74
2024-08-12,Yearn,Optimism,6.1,DAI,142640889,3.53,9.48
2024-08-12,Yearn,Polygon,6.85,DAI,129294892,1.15,10.09
2024-08-12,Yearn,Base,7.01,USDC,141350921,3.16,10.75
2024-08-12,Yearn,Base,5.15,USDT,137112499,3.73,11.02
2024-08-12,Yearn,Base,6.47,DAI,140042813,3.28,11.54
2024-08-12,Pendle,Ethereum,7.15,USDC,93361854,41.74,0
2024-08-12,Pendle,Ethereum,8.98,USDT,85056624,35.03,0
2024-08-12,Pendle,Ethereum,8.41,DAI,91472327,28.26,0
2024-08-12,Pendle,Arbitrum,10.39,USDC,85618251,2.31,11.98
2024-08-12,Pendle,Arbitrum,12.12,USDT,91907934,4.09,10.6
2024-08-12,Pendle,Arbitrum,10.39,DAI,91970622,4.89,9.97
2024-08-12,Pendle,Optimism,8.65,USDC,79286956,3.25,7.92
2024-08-12,Pendle,Optimism,8.21,USDT,84006565,2.35,8.54
2024-08-12,Pendle,Base,11.89,USDC,79806913,3.71,12.06
2024-08-12,Pendle,Base,10.93,USDT,84445095,2.73,10.05
2024-08-12,Pendle,Base,11.29,DAI,82640750,3.49,10.2
2024-08-12,Convex,Ethereum,5.29,USDC,165783086,38.73,0
2024-08-12,Convex,Ethereum,5.38,USDT,170869814,54.28,0
2024-08-12,Convex,Ethereum,5.04,DAI,185408910,46.88,0
2024-08-12,Balancer,Ethereum,5.83,USDC,128141827,46.96,0
2024-08-12,Balancer,Ethereum,5.62,USDT,115174607,39.84,0
2024-08-12,Balancer,Arbitrum,6.45,USDC,122231980,5.12,10.53
2024-08-12,Balancer,Arbitrum,8.58,USDT,111838271,3.38,15.98
2024-08-12,Balancer,Arbitrum,7.55,DAI,129902917,3.24,12.17
2024-08-12,Balancer,Optimism,6.34,USDC,129632587,3.61,8.32
2024-08-12,Balancer,Optimism,6.4,DAI,126707007,3.73,10.92
2024-08-12,Balancer,Polygon,9.27,USDC,125716766,1.81,8.65
2024-08-12,Balancer,Polygon,7.89,DAI,125251074,2.19,6.81
2024-08-12,Balancer,Base,7.35,USDC,127187483,2.85,9.88
2024-08-12,Balancer,Base,7.66,USDT,136565073,3.81,7.15
2024-08-12,Balancer,Base,8.23,DAI,126928603,3.51,13.2
2024-08-13,Aave,Ethereum,3.27,USDC,284916674,35.48,0
2024-08-13,Aave,Ethereum,4.1,DAI,282392489,36.7,0
2024-08-13,Aave,Arbitrum,4.43,USDC,279838516,4.35,14.29
2024-08-13,Aave,Arbitrum,4.68,USDT,273030443,3.13,12.07
2024-08-13,Aave,Arbitrum,4.25,DAI,285490227,4.3,11.69
2024-08-13,Aave,Optimism,5.5,USDC,286403054,2.9,10.3
2024-08-13,Aave,Optimism,4.25,USDT,296908937,3.95,8.37
2024-08-13,Aave,Optimism,4.49,DAI,291955521,3.57,9.15
2024-08-13,Aave,Polygon,4.06,USDC,289150717,1.92,8.38
2024-08-13,Aave,Polygon,4.76,USDT,275639952,1.2,6.98
2024-08-13,Aave,Polygon,4.65,DAI,302957911,1.7,6.6
2024-08-13,Aave,Base,5.06,USDC,274086527,2.64,11.86
2024-08-13,Aave,Base,4.25,USDT,261654730,2.76,11.74
2024-08-13,Aave,Base,4.49,DAI,273653858,3.38,10.64
2024-08-13,Compound,Ethereum,3.26,USDC,201615339,31.0,0
2024-08-13,Compound,Ethereum,3.87,USDT,193459326,55.35,0
2024-08-13,Compound,Ethereum,3.19,DAI,187959750,39.74,0
2024-08-13,Compound,Arbitrum,4.27,USDC,193329602,3.99,12.17
2024-08-13,Compound,Arbitrum,4.19,USDT,176426814,2.78,14.13
2024-08-13,Compound,Arbitrum,4.14,DAI,205558396,2.56,14.34
2024-08-13,Compound,Optimism,4.43,USDT,199610348,3.44,8.8
2024-08-13,Compound,Optimism,4.36,DAI,206576590,4.31,10.32
2024-08-13,Compound,Polygon,4.78,USDC,209416641,0.93,6.93
2024-08-13,Compound,Polygon,4.54,USDT,211385419,1.81,7.28
2024-08-13,Compound,Polygon,3.79,DAI,193853380,1.0,10.26
2024-08-13,Compound,Base,3.89,USDC,223577781,3.16,8.39
2024-08-13,Compound,Base,4.08,USDT,210167073,3.53,8.27
2024-08-13,Compound,Base,4.1,DAI,205722561,2.93,11.0
2024-08-13,Curve,Ethereum,6.35,USDC,323509329,49.27,0
2024-08-13,Curve,Ethereum,5.78,USDT,378737543,43.88,0
2024-08-13,Curve,Ethereum,6.29,DAI,362481442,45.17,0
2024-08-13,Curve,Arbitrum,5.3,USDC,358304418,2.65,12.18
2024-08-13,Curve,Arbitrum,7.35,USDT,350399714,3.73,13.65
2024-08-13,Curve,Arbitrum,6.57,DAI,369895208,3.23,10.22
2024-08-13,Curve,Optimism,7.09,USDC,337159698,3.31,10.26
2024-08-13,Curve,Optimism,5.31,USDT,336421778,2.35,9.1
2024-08-13,Curve,Optimism,5.74,DAI,360238814,2.59,9.69
2024-08-13,Curve,Polygon,8.21,USDT,341258556,1.12,11.83
2024-08-13,Curve,Base,7.39,USDC,375410047,3.62,11.31
2024-08-13,Curve,Base,7.36,USDT,398927476,3.31,8.69
2024-08-13,Curve,Base,7.65,DAI,352933146,2.95,12.72
2024-08-13,Uniswap V3,Ethereum,7.15,USDC,115859693,37.76,0
2024-08-13,Uniswap V3,Ethereum,7.18,USDT,104819527,43.98,0
2024-08-13,Uniswap V3,Ethereum,6.24,DAI,94624908,50.45,0
2024-08-13,Uniswap V3,Arbitrum,7.4,DAI,102688651,3.04,11.0
2024-08-13,Uniswap V3,Optimism,7.73,USDC,104409988,2.9,10.06
2024-08-13,Uniswap V3,Optimism,6.58,USDT,99805020,3.36,9.42
2024-08-13,Uniswap V3,Optimism,6.68,DAI,111242537,2.6,9.25
2024-08-13,Uniswap V3,Polygon,8.87,USDC,110250115,1.36,7.76
2024-08-13,Uniswap V3,Base,8.98,USDC,97740303,3.32,7.61
2024-08-13,Uniswap V3,Base,8.85,USDT,115926594,3.39,9.85
2024-08-13,Uniswap V3,Base,8.45,DAI,109609304,3.64,9.61
2024-08-13,Yearn,Ethereum,5.29,USDC,143281450,40.14,0
2024-08-13,Yearn,Ethereum,5.69,USDT,136479149,46.52,0
2024-08-13,Yearn,Ethereum,4.76,DAI,137416324,33.11,0
2024-08-13,Yearn,Arbitrum,6.34,USDT,128825808,2.82,11.92
2024-08-13,Yearn,Arbitrum,6.68,DAI,149622035,3.03,13.98
2024-08-13,Yearn,Optimism,4.97,USDC,128146239,4.42,9.26
2024-08-13,Yearn,Optimism,5.41,USDT,134794066,2.58,7.18
2024-08-13,Yearn,Polygon,5.97,USDC,130322439,1.13,9.97
2024-08-13,Yearn,Polygon,5.23,USDT,147956848,0.45,11.99
2024-08-13,Yearn,Polygon,5.19,DAI,135567479,1.06,8.96
2024-08-13,Yearn,Base,5.22,USDC,123717767,2.73,6.42
2024-08-13,Yearn,Base,5.03,USDT,122937356,2.97,12.65
2024-08-13,Yearn,Base,5.9,DAI,127607399,2.95,13.44
2024-08-13,Pendle,Ethereum,8.91,USDC,83080261,45.17,0
2024-08-13,Pendle,Ethereum,9.35,USDT,89910110,58.19,0
2024-08-13,Pendle,Ethereum,9.5,DAI,86760859,56.52,0
2024-08-13,Pendle,Arbitrum,10.96,USDT,79235198,4.63,11.04
2024-08-13,Pendle,Arbitrum,10.77,DAI,82848874,2.68,13.82
2024-08-13,Pendle,Optimism,7.75,USDT,86072971,2.75,13.23
2024-08-13,Pendle,Optimism,10.94,DAI,81042029,2.65,6.42
2024-08-13,Pendle,Base,9.58,USDC,81764818,2.99,11.16
2024-08-13,Pendle,Base,9.42,USDT,82805372,3.82,6.92
2024-08-13,Pendle,Base,10.71,DAI,83107374,3.36,7.08
2024-08-13,Convex,Ethereum,5.65,USDC,176988399,30.58,0
2024-08-13,Convex,Ethereum,5.53,USDT,171307234,40.86,0
2024-08-13,Balancer,Ethereum,5.62,USDC,124410673,40.52,0
2024-08-13,Balancer,Ethereum,6.22,USDT,120572342,37.86,0
2024-08-13,Balancer,Ethereum,5.9,DAI,121754855,23.16,0
2024-08-13,Balancer,Arbitrum,7.81,USDC,134305263,2.11,10.46
2024-08-13,Balancer,Arbitrum,7.32,USDT,122367846,2.56,13.39
2024-08-13,Balancer,Arbitrum,7.23,DAI,119624167,2.99,12.57
2024-08-13,Balancer,Optimism,7.96,USDC,117561615,3.2,8.09
2024-08-13,Balancer,Optimism,7.56,USDT,123375262,3.03,8.3
2024-08-13,Balancer,Optimism,7.89,DAI,131811443,3.22,8.94
2024-08-13,Balancer,Polygon,7.52,USDC,126645166,2.11,8.68
2024-08-13,Balancer,Polygon,8.84,DAI,123114507,1.36,7.35
2024-08-13,Balancer,Base,7.8,USDC,111912643,2.85,10.13
2024-08-13,Balancer,Base,7.5,USDT,136906210,3.34,13.38
2024-08-13,Balancer,Base,7.96,DAI,111429003,3.35,13.19
2024-08-14,Aave,Ethereum,4.19,DAI,272967782,32.34,0
2024-08-14,Aave,Arbitrum,4.99,USDC,284076450,4.67,17.01
2024-08-14,Aave,Arbitrum,4.13,USDT,288290116,1.99,11.84
2024-08-14,Aave,Arbitrum,4.12,DAI,289566142,3.88,10.63
2024-08-14,Aave,Optimism,4.6,USDC,275819060,3.28,10.51
2024-08-14,Aave,Optimism,4.04,USDT,269926189,2.54,9.1
2024-08-14,Aave,Optimism,4.78,DAI,273257535,3.47,8.77
2024-08-14,Aave,Polygon,3.86,USDC,259335887,1.39,8.34
2024-08-14,Aave,Polygon,4.85,USDT,280341326,1.25,6.37
2024-08-14,Aave,Polygon,4.64,DAI,275621394,1.43,9.13
2024-08-14,Aave,Base,4.91,USDC,297263571,2.81,9.58
2024-08-14,Aave,Base,5.3,USDT,272272985,3.84,9.61
2024-08-14,Aave,Base,4.16,DAI,287047257,2.43,8.43
2024-08-14,Compound,Ethereum,4.14,USDC,186209515,43.2,0
2024-08-14,Compound,Ethereum,3.26,USDT,204296245,52.05,0
2024-08-14,Compound,Ethereum,3.56,DAI,186291834,39.17,0
2024-08-14,Compound,Arbitrum,4.41,USDC,193530700,4.12,11.6
2024-08-14,Compound,Arbitrum,4.44,USDT,199529999,2.99,7.01
2024-08-14,Compound,Arbitrum,3.57,DAI,209960979,3.37,12.51
2024-08-14,Compound,Optimism,4.03,USDC,192947413,2.83,12.29
2024-08-14,Compound,Optimism,4.56,USDT,178745411,3.24,8.84
2024-08-14,Compound,Optimism,3.98,DAI,199072893,2.15,9.91
2024-08-14,Compound,Polygon,4.92,USDC,185572176,1.61,8.85
2024-08-14,Compound,Polygon,4.53,USDT,195946754,1.43,9.15
2024-08-14,Compound,Base,4.21,USDC,168222227,3.46,8.73
2024-08-14,Compound,Base,4.39,USDT,192474413,3.96,7.52
2024-08-14,Compound,Base,4.91,DAI,214732277,3.14,6.97
2024-08-14,Curve,Ethereum,6.44,USDC,326090604,40.45,0
2024-08-14,Curve,Ethereum,5.67,USDT,362066135,41.58,0
2024-08-14,Curve,Ethereum,6.62,DAI,370613281,39.07,0
2024-08-14,Curve,Arbitrum,7.4,USDC,346951451,3.26,8.85
2024-08-14,Curve,Arbitrum,6.04,USDT,361048130,4.02,11.17
2024-08-14,Curve,Arbitrum,7.24,DAI,361911381,2.8,11.12
2024-08-14,Curve,Optimism,5.92,USDC,356290234,2.15,7.91
2024-08-14,Curve,Optimism,8.97,USDT,336375966,2.8,6.85
2024-08-14,Curve,Optimism,7.44,DAI,357739665,3.57,8.98
2024-08-14,Curve,Polygon,7.59,USDC,340598418,1.55,6.5
2024-08-14,Curve,Polygon,5.06,USDT,338227362,1.17,10.36
2024-08-14,Curve,Polygon,7.82,DAI,362044068,1.29,8.41
2024-08-14,Curve,Base,7.12,USDC,358058698,3.56,11.49
2024-08-14,Curve,Base,6.68,USDT,351796382,3.29,9.39
2024-08-14,Curve,Base,7.1,DAI,336986387,3.9,9.98
2024-08-14,Uniswap V3,Ethereum,7.63,USDC,97556693,49.58,0
2024-08-14,Uniswap V3,Ethereum,5.11,USDT,97657173,42.9,0
2024-08-14,Uniswap V3,Ethereum,7.45,DAI,104092487,47.09,0
2024-08-14,Uniswap V3,Arbitrum,7.64,USDC,108204525,2.98,9.48
2024-08-14,Uniswap V3,Arbitrum,8.19,DAI,112690762,3.74,9.49
2024-08-14,Uniswap V3,Optimism,7.89,USDC,97795311,3.47,10.43
2024-08-14,Uniswap V3,Optimism,6.19,USDT,109533362,3.16,8.98
2024-08-14,Uniswap V3,Optimism,5.8,DAI,108267633,2.55,11.12
2024-08-14,Uniswap V3,Polygon,9.19,USDC,107681136,1.05,10.7
2024-08-14,Uniswap V3,Polygon,5.88,USDT,107990084,1.49,8.78
2024-08-14,Uniswap V3,Polygon,7.96,DAI,107070574,1.52,6.8
2024-08-14,Uniswap V3,Base,5.61,USDC,103077191,3.26,10.84
2024-08-14,Uniswap V3,Base,8.27,DAI,108200511,3.42,9.07
2024-08-14,Yearn,Ethereum,4.97,USDT,127161545,38.54,0
2024-08-14,Yearn,Ethereum,4.17,DAI,125421219,44.55,0
2024-08-14,Yearn,Arbitrum,5.52,USDC,128632545,4.68,12.27
2024-08-14,Yearn,Arbitrum,6.27,USDT,131119806,4.05,10.44
2024-08-14,Yearn,Arbitrum,6.97,DAI,134277469,3.7,13.23
2024-08-14,Yearn,Optimism,5.05,USDC,128796389,2.47,8.81
2024-08-14,Yearn,Optimism,5.0,USDT,121330461,2.72,11.34
2024-08-14,Yearn,Polygon,6.13,USDC,123974945,1.56,7.54
2024-08-14,Yearn,Polygon,6.76,USDT,132299018,1.8,8.07
2024-08-14,Yearn,Polygon,6.28,DAI,122717339,1.36,7.57
2024-08-14,Yearn,Base,5.83,USDC,128400616,2.8,9.36
2024-08-14,Yearn,Base,6.25,USDT,133842455,4.16,8.04
2024-08-14,Yearn,Base,5.97,DAI,131827601,3.66,9.42
2024-08-14,Pendle,Ethereum,9.7,USDC,87077876,33.72,0
2024-08-14,Pendle,Ethereum,9.92,USDT,72184097,38.42,0
2024-08-14,Pendle,Ethereum,10.11,DAI,77491243,43.56,0
2024-08-14,Pendle,Arbitrum,9.35,USDT,83771482,3.24,13.04
2024-08-14,Pendle,Arbitrum,10.98,DAI,84143993,3.55,11.16
2024-08-14,Pendle,Optimism,8.4,USDC,81922802,2.49,8.49
2024-08-14,Pendle,Optimism,9.64,USDT,82188286,2.78,9.44
2024-08-14,Pendle,Optimism,10.74,DAI,82068614,3.28,11.24
2024-08-14,Pendle,Base,10.23,USDC,85505108,3.07,9.47
2024-08-14,Pendle,Base,9.25,USDT,79864385,3.68,8.27
2024-08-14,Pendle,Base,10.48,DAI,78593917,2.98,9.93
2024-08-14,Convex,Ethereum,6.3,USDT,157653481,52.71,0
2024-08-14,Convex,Ethereum,6.58,DAI,172143377,31.18,0
2024-08-14,Balancer,Ethereum,6.94,USDC,125430719,40.79,0
2024-08-14,Balancer,Ethereum,6.3,USDT,114715549,53.55,0
2024-08-14,Balancer,Arbitrum,8.15,USDC,117779099,3.42,11.36
2024-08-14,Balancer,Arbitrum,7.92,USDT,132199102,3.79,11.8
2024-08-14,Balancer,Arbitrum,8.07,DAI,121549506,4.67,12.72
2024-08-14,Balancer,Optimism,6.86,USDC,123402830,2.7,7.81
2024-08-14,Balancer,Optimism,7.56,USDT,116015293,3.2,9.41
2024-08-14,Balancer,Optimism,7.39,DAI,130247958,3.39,9.76
2024-08-14,Balancer,Polygon,8.84,USDC,122716061,2.21,6.44
2024-08-14,Balancer,Polygon,7.75,DAI,117420945,1.1,7.64
2024-08-14,Balancer,Base,7.68,USDC,133247325,3.48,8.61
2024-08-14,Balancer,Base,5.81,USDT,119670540,3.16,11.71
2024-08-14,Balancer,Base,6.6,DAI,130134493,3.82,12.97
2024-08-15,Aave,Ethereum,4.32,USDC,290617260,53.65,0
2024-08-15,Aave,Ethereum,4.49,USDT,287918199,40.75,0
2024-08-15,Aave,Ethereum,3.87,DAI,256452654,50.5,0
2024-08-15,Aave,Arbitrum,4.41,USDT,289073291,3.18,9.89
2024-08-15,Aave,Arbitrum,4.12,DAI,263683305,4.18,11.26
2024-08-15,Aave,Optimism,4.79,USDC,291851041,3.59,10.43
2024-08-15,Aave,Optimism,3.95,USDT,290331290,3.51,7.32
2024-08-15,Aave,Optimism,5.18,DAI,281704126,2.88,6.72
2024-08-15,Aave,Polygon,4.37,USDC,281195153,1.73,6.43
2024-08-15,Aave,Polygon,4.22,USDT,274057858,1.36,5.98
2024-08-15,Aave,Polygon,4.36,DAI,253345552,1.77,6.94
2024-08-15,Aave,Base,4.76,USDC,280222560,3.2,8.07
2024-08-15,Aave,Base,4.36,USDT,284517956,2.46,10.98
2024-08-15,Aave,Base,4.14,DAI,267776076,2.9,7.86
2024-08-15,Compound,Ethereum,3.36,USDC,197615458,34.21,0
2024-08-15,Compound,Ethereum,3.86,USDT,184246543,29.03,0
2024-08-15,Compound,Ethereum,3.81,DAI,199158919,57.09,0
2024-08-15,Compound,Arbitrum,4.1,USDC,197161918,4.06,8.04
2024-08-15,Compound,Arbitrum,4.24,USDT,181942468,4.47,13.87
2024-08-15,Compound,Arbitrum,3.81,DAI,192706450,3.55,13.36
2024-08-15,Compound,Optimism,3.78,USDT,209768102,4.16,12.41
2024-08-15,Compound,Optimism,4.44,DAI,191493370,3.18,9.38
2024-08-15,Compound,Polygon,4.05,USDC,206820529,1.42,7.07
2024-08-15,Compound,Polygon,4.41,DAI,198430108,1.58,7.92
2024-08-15,Compound,Base,4.16,USDC,190725318,3.45,9.53
2024-08-15,Compound,Base,3.7,USDT,205967389,3.08,8.75
2024-08-15,Compound,Base,3.81,DAI,196660298,3.74,11.29
2024-08-15,Curve,Ethereum,5.9,USDC,349231640,41.32,0
2024-08-15,Curve,Ethereum,5.83,USDT,339658730,49.2,0
2024-08-15,Curve,Arbitrum,6.87,USDC,344584334,3.48,12.19
2024-08-15,Curve,Arbitrum,8.53,USDT,348030505,3.0,9.54
2024-08-15,Curve,Arbitrum,7.6,DAI,333852828,3.31,8.21
2024-08-15,Curve,Optimism,7.71,USDC,345377749,3.06,6.58
2024-08-15,Curve,Optimism,5.59,USDT,362945376,2.54,11.2
2024-08-15,Curve,Optimism,7.87,DAI,337650437,3.57,7.78
2024-08-15,Curve,Polygon,8.41,USDC,365494003,1.06,8.05
2024-08-15,Curve,Polygon,7.45,USDT,313893435,1.29,6.54
2024-08-15,Curve,Polygon,5.46,DAI,339224101,1.21,6.3
2024-08-15,Curve,Base,7.81,USDC,355557893,3.23,7.63
2024-08-15,Curve,Base,7.34,USDT,347842941,3.59,6.43
2024-08-15,Curve,Base,6.78,DAI,333138085,3.9,13.05
2024-08-15,Uniswap V3,Ethereum,6.48,USDC,106462642,46.86,0
2024-08-15,Uniswap V3,Ethereum,5.51,USDT,102337926,42.43,0
2024-08-15,Uniswap V3,Ethereum,5.77,DAI,106808661,55.95,0
2024-08-15,Uniswap V3,Arbitrum,9.52,USDC,105120226,4.46,12.09
2024-08-15,Uniswap V3,Arbitrum,6.81,USDT,100117795,3.12,10.86
2024-08-15,Uniswap V3,Arbitrum,7.76,DAI,96861051,4.44,14.39
2024-08-15,Uniswap V3,Optimism,8.36,USDC,110594469,3.04,6.08
2024-08-15,Uniswap V3,Optimism,7.46,USDT,103807140,3.02,11.27
2024-08-15,Uniswap V3,Optimism,7.15,DAI,102034217,3.3,6.11
2024-08-15,Uniswap V3,Polygon,9.33,USDC,103877312,1.47,9.47
2024-08-15,Uniswap V3,Polygon,8.47,USDT,98715328,1.33,10.54
2024-08-15,Uniswap V3,Polygon,7.92,DAI,101340792,1.28,7.67
2024-08-15,Uniswap V3,Base,7.22,USDC,109415248,3.38,9.08
2024-08-15,Uniswap V3,Base,6.32,USDT,102606593,2.91,7.59
2024-08-15,Uniswap V3,Base,6.78,DAI,87459245,3.4,8.09
2024-08-15,Yearn,Ethereum,4.55,USDC,134271910,46.04,0
2024-08-15,Yearn,Ethereum,4.86,USDT,126882841,39.5,0
2024-08-15,Yearn,Arbitrum,4.77,USDC,120107933,2.25,13.29
2024-08-15,Yearn,Arbitrum,5.02,USDT,135185377,3.91,10.77
2024-08-15,Yearn,Arbitrum,5.92,DAI,119870548,1.69,9.36
2024-08-15,Yearn,Optimism,5.96,USDC,130959509,2.22,9.05
2024-08-15,Yearn,Optimism,5.93,USDT,135003737,3.53,12.8
2024-08-15,Yearn,Optimism,6.14,DAI,136009057,3.17,10.17
2024-08-15,Yearn,Polygon,5.72,USDC,131302218,1.68,9.14
2024-08-15,Yearn,Polygon,5.57,USDT,128662962,1.44,7.74
2024-08-15,Yearn,Polygon,5.45,DAI,137312421,1.39,9.03
2024-08-15,Yearn,Base,4.87,USDC,127672401,3.24,9.25
2024-08-15,Yearn,Base,4.94,USDT,123588096,3.98,10.32
2024-08-15,Yearn,Base,5.75,DAI,131145470,3.16,7.49
2024-08-15,Pendle,Ethereum,8.14,USDC,81912220,30.14,0
2024-08-15,Pendle,Ethereum,6.86,USDT,86022935,47.49,0
2024-08-15,Pendle,Ethereum,8.82,DAI,72572704,38.22,0
2024-08-15,Pendle,Arbitrum,10.65,USDC,82967764,2.95,7.99
2024-08-15,Pendle,Optimism,9.57,USDT,75909694,2.36,7.84
2024-08-15,Pendle,Optimism,9.79,DAI,80923616,2.94,9.69
2024-08-15,Pendle,Base,11.99,USDC,84096303,3.29,9.65
2024-08-15,Pendle,Base,10.42,USDT,81323880,3.59,9.82
2024-08-15,Pendle,Base,11.57,DAI,82495093,3.66,13.33
2024-08-15,Convex,Ethereum,5.4,USDC,169620444,44.7,0
2024-08-15,Convex,Ethereum,4.16,USDT,158744856,41.94,0
2024-08-15,Convex,Ethereum,5.03,DAI,153112147,41.17,0
2024-08-15,Balancer,Ethereum,6.72,USDC,118543162,51.21,0
2024-08-15,Balancer,Ethereum,7.15,USDT,128087082,38.26,0
2024-08-15,Balancer,Ethereum,5.33,DAI,121372524,45.1,0
2024-08-15,Balancer,Arbitrum,7.46,USDC,117821351,2.81,14.29
2024-08-15,Balancer,Arbitrum,6.87,USDT,125872940,3.34,14.5
2024-08-15,Balancer,Arbitrum,7.38,DAI,130682519,4.7,11.76
2024-08-15,Balancer,Optimism,8.0,USDC,127264914,3.1,8.6
2024-08-15,Balancer,Optimism,6.83,USDT,126104495,2.25,8.19
2024-08-15,Balancer,Optimism,8.58,DAI,112915324,2.24,8.34
2024-08-15,Balancer,Polygon,7.62,USDC,118221396,1.49,7.79
2024-08-15,Balancer,Polygon,8.82,USDT,123259484,1.92,9.72
2024-08-15,Balancer,Polygon,7.62,DAI,121514493,1.47,10.42
2024-08-15,Balancer,Base,7.49,USDC,117432123,2.67,10.45
2024-08-15,Balancer,Base,7.92,USDT,111760161,3.26,8.92
2024-08-15,Balancer,Base,7.01,DAI,114834200,4.09,10.15
2024-08-16,Aave,Ethereum,3.22,USDC,274220212,46.53,0
2024-08-16,Aave,Ethereum,4.28,USDT,262591093,53.05,0
2024-08-16,Aave,Ethereum,3.91,DAI,274248801,35.9,0
2024-08-16,Aave,Arbitrum,4.81,USDC,268471310,4.24,16.17
2024-08-16,Aave,Arbitrum,4.92,USDT,279394522,3.55,12.97
2024-08-16,Aave,Arbitrum,4.48,DAI,268700438,4.23,12.09
2024-08-16,Aave,Optimism,4.82,USDT,260354542,2.88,8.29
2024-08-16,Aave,Polygon,5.42,USDC,250015815,1.35,5.79
2024-08-16,Aave,Polygon,4.84,USDT,270608890,1.59,8.22
2024-08-16,Aave,Polygon,3.77,DAI,234862851,1.22,8.65
2024-08-16,Aave,Base,3.99,USDC,266402982,3.18,7.85
2024-08-16,Aave,Base,4.54,USDT,261229138,3.38,12.98
2024-08-16,Aave,Base,3.07,DAI,272054073,3.18,13.97
2024-08-16,Compound,Ethereum,2.79,USDC,194227261,35.79,0
2024-08-16,Compound,Ethereum,3.09,USDT,187037120,53.92,0
2024-08-16,Compound,Ethereum,3.26,DAI,204950400,50.25,0
2024-08-16,Compound,Arbitrum,4.67,USDC,199020280,3.44,15.05
2024-08-16,Compound,Arbitrum,4.07,USDT,201985164,3.94,11.51
2024-08-16,Compound,Optimism,3.87,USDC,190593108,2.86,9.14
2024-08-16,Compound,Optimism,3.91,USDT,193222399,3.73,13.3
2024-08-16,Compound,Optimism,4.3,DAI,198904319,2.8,10.07
2024-08-16,Compound,Polygon,3.93,USDT,205161921,1.01,9.06
2024-08-16,Compound,Polygon,4.65,DAI,189420236,1.65,7.61
2024-08-16,Compound,Base,4.3,USDT,207481411,4.0,10.94
2024-08-16,Compound,Base,3.61,DAI,194343379,3.54,12.15
2024-08-16,Curve,Ethereum,5.78,USDC,346477485,46.12,0
2024-08-16,Curve,Ethereum,5.04,USDT,349848811,36.22,0
2024-08-16,Curve,Ethereum,5.5,DAI,351569087,33.56,0
2024-08-16,Curve,Arbitrum,6.86,USDC,329444313,5.13,13.25
2024-08-16,Curve,Arbitrum,6.76,USDT,357121382,3.15,8.15
2024-08-16,Curve,Arbitrum,7.71,DAI,333943815,3.25,9.38
2024-08-16,Curve,Optimism,5.13,USDC,339781289,3.71,10.79
2024-08-16,Curve,Optimism,6.69,USDT,347570353,2.42,9.87
2024-08-16,Curve,Optimism,6.0,DAI,399338960,3.41,8.58
2024-08-16,Curve,Polygon,7.1,USDC,363145855,1.19,6.21
2024-08-16,Curve,Polygon,8.49,USDT,355325405,1.46,6.62
2024-08-16,Curve,Polygon,7.68,DAI,338354448,1.47,9.96
2024-08-16,Curve,Base,6.62,USDC,346922831,2.85,12.82
2024-08-16,Curve,Base,6.96,USDT,355693881,3.29,11.06
2024-08-16,Curve,Base,7.27,DAI,320337451,3.33,10.43
2024-08-16,Uniswap V3,Ethereum,6.28,USDC,100532762,48.28,0
2024-08-16,Uniswap V3,Ethereum,5.43,USDT,106595358,35.57,0
2024-08-16,Uniswap V3,Ethereum,5.53,DAI,106101147,33.24,0
2024-08-16,Uniswap V3,Arbitrum,7.93,USDC,95532329,2.26,11.58
2024-08-16,Uniswap V3,Arbitrum,8.9,USDT,98350668,4.37,11.62
2024-08-16,Uniswap V3,Arbitrum,6.4,DAI,89671148,3.85,11.3
2024-08-16,Uniswap V3,Optimism,8.31,USDC,104777766,2.64,8.17
2024-08-16,Uniswap V3,Optimism,6.28,USDT,107966390,2.95,8.99
2024-08-16,Uniswap V3,Optimism,5.74,DAI,96581347,3.15,10.15
2024-08-16,Uniswap V3,Polygon,8.37,USDC,105396894,2.13,8.54
2024-08-16,Uniswap V3,Polygon,9.66,DAI,100952536,0.95,8.78
2024-08-16,Uniswap V3,Base,5.11,USDC,99623643,3.39,10.5
2024-08-16,Uniswap V3,Base,9.37,USDT,103484616,3.23,7.13
2024-08-16,Yearn,Ethereum,4.86,USDC,142236487,44.56,0
2024-08-16,Yearn,Ethereum,5.41,USDT,132496926,41.52,0
2024-08-16,Yearn,Arbitrum,5.57,USDC,127499633,4.72,15.21
2024-08-16,Yearn,Arbitrum,5.85,USDT,126524931,3.52,9.47
2024-08-16,Yearn,Arbitrum,5.82,DAI,131560312,3.42,11.58
2024-08-16,Yearn,Optimism,5.42,USDC,123869828,2.76,11.14
2024-08-16,Yearn,Optimism,5.77,DAI,129957461,2.68,8.95
2024-08-16,Yearn,Polygon,6.2,USDC,127654680,1.97,10.53
2024-08-16,Yearn,Polygon,5.26,USDT,133639049,1.19,10.02
2024-08-16,Yearn,Polygon,5.01,DAI,132180775,1.24,6.59
2024-08-16,Yearn,Base,5.08,USDC,127056248,3.11,7.65
2024-08-16,Yearn,Base,6.33,USDT,126599946,3.77,17.12
2024-08-16,Yearn,Base,4.71,DAI,131474304,3.67,9.24
2024-08-16,Pendle,Ethereum,9.86,USDC,78401413,56.99,0
2024-08-16,Pendle,Ethereum,9.94,USDT,81322597,42.33,0
2024-08-16,Pendle,Ethereum,7.91,DAI,83265426,55.2,0
2024-08-16,Pendle,Arbitrum,12.86,USDC,81960050,4.36,6.24
2024-08-16,Pendle,Arbitrum,10.7,USDT,76666623,3.2,18.71
2024-08-16,Pendle,Arbitrum,9.68,DAI,79803303,4.06,12.43
2024-08-16,Pendle,Optimism,10.4,USDC,83259637,3.73,10.15
2024-08-16,Pendle,Optimism,12.47,USDT,77276864,2.85,9.14
2024-08-16,Pendle,Optimism,7.96,DAI,77925021,3.26,10.77
2024-08-16,Pendle,Base,9.41,USDC,86339514,3.36,13.07
2024-08-16,Pendle,Base,11.45,USDT,76830520,4.19,7.62
2024-08-16,Pendle,Base,9.84,DAI,81883169,3.74,10.12
2024-08-16,Convex,Ethereum,4.89,USDT,160373091,36.18,0
2024-08-16,Convex,Ethereum,5.05,DAI,153247824,43.03,0
2024-08-16,Balancer,Ethereum,6.7,USDC,118760565,35.88,0
2024-08-16,Balancer,Ethereum,6.24,USDT,116982253,54.15,0
2024-08-16,Balancer,Ethereum,6.11,DAI,116400947,43.01,0
2024-08-16,Balancer,Arbitrum,7.82,USDT,103897948,4.22,15.15
2024-08-16,Balancer,Arbitrum,7.29,DAI,118649549,3.78,14.38
2024-08-16,Balancer,Optimism,7.32,USDC,117049326,3.06,10.93
2024-08-16,Balancer,Optimism,6.94,USDT,111941144,2.63,7.19
2024-08-16,Balancer,Optimism,7.13,DAI,124918220,3.45,7.22
2024-08-16,Balancer,Polygon,7.17,USDC,115799842,1.29,10.45
2024-08-16,Balancer,Polygon,7.64,USDT,118324088,1.44,8.85
2024-08-16,Balancer,Polygon,8.25,DAI,117139784,1.53,6.93
2024-08-16,Balancer,Base,8.11,USDC,117672765,2.38,11.05
2024-08-16,Balancer,Base,8.13,USDT,119284643,2.55,8.97
2024-08-16,Balancer,Base,7.58,DAI,126979626,2.87,10.04
2024-08-17,Aave,Ethereum,2.72,USDC,273197005,24.1,0
2024-08-17,Aave,Ethereum,3.09,USDT,248894102,31.93,0
2024-08-17,Aave,Ethereum,3.51,DAI,284035884,27.85,0
2024-08-17,Aave,Arbitrum,3.78,USDC,257693327,2.7,11.69
2024-08-17,Aave,Arbitrum,4.25,USDT,254418589,2.24,13.78
2024-08-17,Aave,Arbitrum,4.0,DAI,280672096,2.92,12.6
2024-08-17,Aave,Optimism,3.05,USDC,270802085,1.75,7.64
2024-08-17,Aave,Optimism,2.9,USDT,246294430,1.52,10.46
2024-08-17,Aave,Optimism,3.87,DAI,263594131,1.98,7.36
2024-08-17,Aave,Polygon,3.31,USDC,256136257,0.96,9.56
2024-08-17,Aave,Base,4.26,USDC,272602028,2.1,6.14
2024-08-17,Aave,Base,4.55,USDT,288052744,2.14,7.24
2024-08-17,Aave,Base,4.58,DAI,270164979,2.24,9.32
2024-08-17,Compound,Ethereum,2.86,USDC,194371101,35.4,0
2024-08-17,Compound,Ethereum,3.32,USDT,175341844,34.71,0
2024-08-17,Compound,Arbitrum,4.19,USDC,192125207,2.16,9.2
2024-08-17,Compound,Arbitrum,3.38,DAI,179746925,1.92,15.15
2024-08-17,Compound,Optimism,3.91,USDT,193739224,1.93,6.08
2024-08-17,Compound,Optimism,4.3,DAI,196502594,1.96,9.12
2024-08-17,Compound,Polygon,3.6,USDC,177748421,0.91,7.18
2024-08-17,Compound,Polygon,3.87,USDT,187805874,0.98,8.79
2024-08-17,Compound,Polygon,3.55,DAI,188969654,0.74,7.37
2024-08-17,Compound,Base,3.92,USDC,194480439,2.21,9.35
2024-08-17,Compound,Base,3.9,USDT,179303343,1.97,12.31
2024-08-17,Compound,Base,4.56,DAI,183731130,2.05,12.12
2024-08-17,Curve,Ethereum,5.43,USDT,322056818,23.04,0
2024-08-17,Curve,Ethereum,6.0,DAI,333829875,33.89,0
2024-08-17,Curve,Arbitrum,7.27,USDC,354783527,2.34,12.82
2024-08-17,Curve,Arbitrum,7.42,USDT,337832654,2.45,11.93
2024-08-17,Curve,Arbitrum,5.93,DAI,323944602,1.57,11.07
2024-08-17,Curve,Optimism,5.33,USDC,327415158,1.98,10.63
2024-08-17,Curve,Optimism,5.48,USDT,345665613,1.77,10.04
2024-08-17,Curve,Optimism,6.72,DAI,335577929,1.84,9.82
2024-08-17,Curve,Polygon,5.56,USDC,355487963,0.75,6.73
2024-08-17,Curve,Polygon,8.4,DAI,320085133,1.34,6.36
2024-08-17,Curve,Base,8.18,USDC,330474813,2.09,10.46
2024-08-17,Curve,Base,7.29,USDT,346570705,2.38,10.4
2024-08-17,Curve,Base,5.88,DAI,353081234,2.1,6.62
2024-08-17,Uniswap V3,Ethereum,6.18,USDT,99272087,34.13,0
2024-08-17,Uniswap V3,Arbitrum,8.0,USDC,97192346,2.27,16.36
2024-08-17,Uniswap V3,Arbitrum,10.09,USDT,92049285,2.49,9.91
2024-08-17,Uniswap V3,Arbitrum,8.1,DAI,99593373,1.72,8.2
2024-08-17,Uniswap V3,Optimism,7.21,USDC,109532343,2.24,10.49
2024-08-17,Uniswap V3,Optimism,8.26,USDT,96709222,1.87,7.02
2024-08-17,Uniswap V3,Optimism,6.69,DAI,99039358,2.18,10.38
2024-08-17,Uniswap V3,Polygon,8.44,USDC,104249807,1.07,10.4
2024-08-17,Uniswap V3,Polygon,6.67,USDT,108640293,1.07,10.11
2024-08-17,Uniswap V3,Polygon,8.83,DAI,93367430,0.6,8.46
2024-08-17,Uniswap V3,Base,7.87,USDC,94747547,2.2,13.63
2024-08-17,Uniswap V3,Base,7.68,USDT,96819433,1.95,11.25
2024-08-17,Uniswap V3,Base,7.72,DAI,108942555,1.84,8.04
2024-08-17,Yearn,Ethereum,4.87,USDC,131136165,32.07,0
2024-08-17,Yearn,Ethereum,3.74,USDT,125604674,35.89,0
2024-08-17,Yearn,Ethereum,3.15,DAI,134355037,30.64,0
2024-08-17,Yearn,Arbitrum,5.17,USDC,134357286,2.93,13.95
2024-08-17,Yearn,Arbitrum,5.64,USDT,115680799,2.14,10.3
2024-08-17,Yearn,Arbitrum,4.77,DAI,131362431,2.33,12.19
2024-08-17,Yearn,Optimism,4.79,USDC,137495995,1.97,11.5
2024-08-17,Yearn,Optimism,4.66,USDT,130756531,1.88,9.11
2024-08-17,Yearn,Optimism,5.25,DAI,131642750,2.49,6.8
2024-08-17,Yearn,Base,5.1,USDC,124729481,1.71,11.27
2024-08-17,Yearn,Base,4.28,DAI,129722356,2.55,11.87
2024-08-17,Pendle,Ethereum,10.45,USDC,79472849,30.42,0
2024-08-17,Pendle,Ethereum,8.79,USDT,74363320,29.45,0
2024-08-17,Pendle,Ethereum,7.77,DAI,74936341,25.2,0
2024-08-17,Pendle,Arbitrum,10.43,USDC,71770190,2.51,4.99
2024-08-17,Pendle,Arbitrum,10.47,USDT,86561377,2.71,13.68
2024-08-17,Pendle,Optimism,9.34,USDC,74942806,2.46,8.86
2024-08-17,Pendle,Optimism,8.8,USDT,80915720,2.18,9.79
2024-08-17,Pendle,Optimism,10.68,DAI,77238889,2.15,7.02
2024-08-17,Pendle,Base,9.34,USDC,85461872,2.34,10.37
2024-08-17,Pendle,Base,9.37,USDT,82642440,2.35,9.11
2024-08-17,Convex,Ethereum,5.01,USDC,160223058,29.8,0
2024-08-17,Convex,Ethereum,4.84,USDT,165486574,25.94,0
2024-08-17,Balancer,Ethereum,6.04,USDC,119267026,24.62,0
2024-08-17,Balancer,Ethereum,5.11,DAI,112441360,29.3,0
2024-08-17,Balancer,Arbitrum,8.31,USDC,116121376,2.54,12.79
2024-08-17,Balancer,Arbitrum,6.72,USDT,116229435,2.15,9.62
2024-08-17,Balancer,Arbitrum,9.01,DAI,111509626,2.74,10.07
2024-08-17,Balancer,Optimism,7.48,USDC,112830874,2.08,8.72
2024-08-17,Balancer,Optimism,7.17,USDT,121449847,1.56,9.89
2024-08-17,Balancer,Optimism,7.91,DAI,111735503,1.82,7.88
2024-08-17,Balancer,Polygon,6.22,USDC,110721113,0.87,7.87
2024-08-17,Balancer,Polygon,7.39,USDT,123109134,1.12,7.74
2024-08-17,Balancer,Polygon,7.27,DAI,121033286,0.97,6.19
2024-08-17,Balancer,Base,7.43,USDC,126244821,2.31,12.91
2024-08-17,Balancer,Base,7.96,USDT,106839008,2.16,11.17
2024-08-17,Balancer,Base,7.98,DAI,111195752,2.24,12.91
2024-08-18,Aave,Ethereum,2.9,USDC,254982030,30.04,0
2024-08-18,Aave,Ethereum,3.62,USDT,238064835,27.56,0
2024-08-18,Aave,Arbitrum,3.68,USDC,263157579,2.06,12.57
2024-08-18,Aave,Arbitrum,3.84,USDT,237222723,1.86,12.55
2024-08-18,Aave,Arbitrum,4.21,DAI,270357383,2.81,13.54
2024-08-18,Aave,Optimism,3.09,USDC,240818417,1.82,10.47
2024-08-18,Aave,Optimism,3.98,USDT,248070739,2.24,12.15
2024-08-18,Aave,Polygon,4.89,USDC,278521473,1.13,9.77
2024-08-18,Aave,Polygon,3.83,USDT,245497205,0.77,6.66
2024-08-18,Aave,Polygon,4.58,DAI,264066144,1.06,7.71
2024-08-18,Aave,Base,3.62,USDC,254837047,2.54,8.68
2024-08-18,Aave,Base,3.39,USDT,255791061,2.45,8.15
2024-08-18,Aave,Base,4.52,DAI,270960270,1.75,10.33
2024-08-18,Compound,Ethereum,3.69,USDC,185805144,26.87,0
2024-08-18,Compound,Ethereum,3.26,DAI,183423167,34.45,0
2024-08-18,Compound,Arbitrum,3.22,USDC,201653496,2.0,11.42
2024-08-18,Compound,Arbitrum,3.5,USDT,181341351,2.64,14.43
2024-08-18,Compound,Arbitrum,3.86,DAI,181950443,3.06,7.24
2024-08-18,Compound,Optimism,3.87,USDC,187492067,1.99,9.71
2024-08-18,Compound,Optimism,3.31,USDT,201071207,2.29,8.45
2024-08-18,Compound,Optimism,3.93,DAI,178378877,1.25,10.49
2024-08-18,Compound,Polygon,3.59,USDC,175334561,1.3,6.45
2024-08-18,Compound,Polygon,4.2,USDT,189821980,0.73,8.07
2024-08-18,Compound,Polygon,3.82,DAI,181455405,0.74,8.08
2024-08-18,Compound,Base,4.02,USDT,181297858,1.99,7.35
2024-08-18,Compound,Base,4.63,DAI,189729337,1.86,11.6
2024-08-18,Curve,Ethereum,6.19,USDC,313685247,35.49,0
2024-08-18,Curve,Ethereum,5.97,USDT,321998974,30.7,0
2024-08-18,Curve,Ethereum,6.49,DAI,319512100,26.99,0
2024-08-18,Curve,Arbitrum,5.69,USDC,301573614,2.45,9.84
2024-08-18,Curve,Arbitrum,7.91,DAI,303688633,2.19,12.64
2024-08-18,Curve,Optimism,6.45,USDC,317072402,2.36,8.69
2024-08-18,Curve,Optimism,5.33,USDT,304501058,1.28,9.75
2024-08-18,Curve,Optimism,6.39,DAI,351243754,2.46,8.31
2024-08-18,Curve,Polygon,6.82,USDC,340757498,0.78,7.07
2024-08-18,Curve,Polygon,6.23,USDT,320351222,0.8,6.9
2024-08-18,Curve,Polygon,8.57,DAI,336002513,1.41,10.08
2024-08-18,Curve,Base,8.98,USDC,321267769,2.44,10.67
2024-08-18,Curve,Base,7.05,DAI,332099759,2.28,10.33
2024-08-18,Uniswap V3,Ethereum,6.12,USDC,91442495,27.08,0
2024-08-18,Uniswap V3,Ethereum,5.65,USDT,103909362,28.77,0
2024-08-18,Uniswap V3,Ethereum,6.71,DAI,102980700,26.75,0
2024-08-18,Uniswap V3,Arbitrum,8.33,USDC,97869512,1.87,13.9
2024-08-18,Uniswap V3,Arbitrum,6.39,USDT,104825583,1.3,9.17
2024-08-18,Uniswap V3,Arbitrum,8.93,DAI,92089861,2.11,6.87
2024-08-18,Uniswap V3,Optimism,6.49,USDT,97735110,2.26,8.5
2024-08-18,Uniswap V3,Optimism,7.17,DAI,103477495,1.75,9.33
2024-08-18,Uniswap V3,Polygon,8.27,USDC,105082708,1.05,4.76
2024-08-18,Uniswap V3,Polygon,8.91,USDT,98490698,1.24,7.08
2024-08-18,Uniswap V3,Polygon,8.41,DAI,99950099,0.72,7.87
2024-08-18,Uniswap V3,Base,8.46,USDC,93650082,2.12,6.25
2024-08-18,Uniswap V3,Base,8.01,USDT,100223222,2.08,9.96
2024-08-18,Uniswap V3,Base,6.67,DAI,99898899,2.33,10.95
2024-08-18,Yearn,Ethereum,4.57,USDC,126480430,31.04,0
2024-08-18,Yearn,Ethereum,5.44,USDT,128477092,23.66,0
2024-08-18,Yearn,Ethereum,4.85,DAI,124814261,36.6,0
2024-08-18,Yearn,Arbitrum,6.53,USDC,116883581,2.81,11.88
2024-08-18,Yearn,Arbitrum,6.04,USDT,123221790,3.13,15.75
2024-08-18,Yearn,Optimism,5.73,USDC,117409742,1.79,8.88
2024-08-18,Yearn,Optimism,4.94,DAI,127222418,1.89,9.89
2024-08-18,Yearn,Polygon,4.42,USDC,126639838,0.82,8.02
2024-08-18,Yearn,Polygon,5.15,USDT,133726997,0.51,11.81
2024-08-18,Yearn,Polygon,5.73,DAI,125408413,0.58,7.28
2024-08-18,Yearn,Base,5.33,USDC,136616765,2.54,12.46
2024-08-18,Yearn,Base,4.93,USDT,120191930,2.68,9.95
2024-08-18,Pendle,Ethereum,8.73,USDC,80591075,23.75,0
2024-08-18,Pendle,Ethereum,8.91,USDT,80640130,16.96,0
2024-08-18,Pendle,Ethereum,7.3,DAI,72608730,25.89,0
2024-08-18,Pendle,Arbitrum,10.22,USDC,78068631,2.34,9.57
2024-08-18,Pendle,Arbitrum,10.44,USDT,80558612,2.99,11.15
2024-08-18,Pendle,Arbitrum,10.23,DAI,78336166,2.69,11.83
2024-08-18,Pendle,Optimism,11.73,USDC,78626813,1.86,9.21
2024-08-18,Pendle,Optimism,10.35,USDT,67954638,1.95,7.87
2024-08-18,Pendle,Optimism,9.99,DAI,84190804,2.25,12.66
2024-08-18,Pendle,Base,11.91,USDC,74785038,2.32,10.61
2024-08-18,Pendle,Base,11.37,USDT,75178969,2.26,12.6
2024-08-18,Pendle,Base,9.38,DAI,70106376,2.38,4.43
2024-08-18,Convex,Ethereum,5.47,USDC,148824318,28.69,0
2024-08-18,Convex,Ethereum,5.87,DAI,156326124,22.99,0
2024-08-18,Balancer,Ethereum,6.1,USDC,108955462,30.13,0
2024-08-18,Balancer,Ethereum,6.81,USDT,116543540,27.16,0
2024-08-18,Balancer,Ethereum,5.79,DAI,107270394,33.05,0
2024-08-18,Balancer,Arbitrum,6.77,USDC,105864911,2.16,10.65
2024-08-18,Balancer,Arbitrum,7.8,DAI,125876548,2.18,12.0
2024-08-18,Balancer,Optimism,6.59,USDC,116807290,2.31,10.36
2024-08-18,Balancer,Optimism,7.32,USDT,111632932,1.83,7.8
2024-08-18,Balancer,Optimism,7.18,DAI,117127241,2.12,10.35
2024-08-18,Balancer,Polygon,6.68,USDC,105893324,0.98,8.14
2024-08-18,Balancer,Polygon,7.78,USDT,119272044,1.09,9.27
2024-08-18,Balancer,Polygon,7.8,DAI,119121991,0.95,7.68
2024-08-18,Balancer,Base,7.04,USDC,121542604,2.39,10.91
2024-08-18,Balancer,Base,7.41,USDT,117218080,2.37,12.36
2024-08-18,Balancer,Base,7.44,DAI,117588073,2.39,12.39
2024-08-19,Aave,Ethereum,3.39,USDC,263248606,44.35,0
2024-08-19,Aave,Ethereum,2.94,USDT,243568520,46.56,0
2024-08-19,Aave,Ethereum,3.92,DAI,271192315,27.11,0
2024-08-19,Aave,Arbitrum,4.76,USDC,252624031,2.81,15.96
2024-08-19,Aave,Arbitrum,5.03,USDT,256816809,2.91,12.55
2024-08-19,Aave,Arbitrum,3.91,DAI,260240545,3.43,12.1
2024-08-19,Aave,Optimism,4.71,USDC,257513454,3.32,8.78
2024-08-19,Aave,Optimism,4.5,USDT,264590589,2.76,10.27
2024-08-19,Aave,Polygon,4.92,USDC,256737038,1.85,11.97
2024-08-19,Aave,Polygon,5.12,USDT,254280231,1.72,6.21
2024-08-19,Aave,Polygon,3.35,DAI,260144429,0.96,7.42
2024-08-19,Aave,Base,3.77,USDC,277750923,3.45,11.27
2024-08-19,Aave,Base,4.29,USDT,255622133,2.82,12.18
2024-08-19,Aave,Base,4.44,DAI,263615304,3.56,10.1
2024-08-19,Compound,Ethereum,3.8,USDC,184091296,47.59,0
2024-08-19,Compound,Ethereum,3.47,USDT,183286667,37.88,0
2024-08-19,Compound,Ethereum,2.97,DAI,188098317,42.94,0
2024-08-19,Compound,Arbitrum,4.25,USDT,183428332,3.6,11.9
2024-08-19,Compound,Arbitrum,5.28,DAI,170287521,2.89,13.27
2024-08-19,Compound,Optimism,3.77,USDC,189690252,2.69,8.31
2024-08-19,Compound,Optimism,3.96,DAI,203116303,2.6,7.45
2024-08-19,Compound,Polygon,4.11,USDC,184263961,1.66,9.22
2024-08-19,Compound,Polygon,3.9,USDT,180007742,1.62,9.32
2024-08-19,Compound,Polygon,3.65,DAI,193995539,1.29,9.65
2024-08-19,Compound,Base,3.6,USDT,203434414,2.77,8.16
2024-08-19,Compound,Base,4.12,DAI,180561667,3.16,10.74
2024-08-19,Curve,Ethereum,6.33,USDC,329296314,44.81,0
2024-08-19,Curve,Ethereum,6.72,USDT,333360991,52.01,0
2024-08-19,Curve,Ethereum,5.17,DAI,337634951,41.53,0
2024-08-19,Curve,Arbitrum,7.25,USDT,305799693,3.27,12.4
2024-08-19,Curve,Arbitrum,6.77,DAI,350906354,3.39,7.32
2024-08-19,Curve,Optimism,5.88,USDC,321202977,2.82,8.89
2024-08-19,Curve,Optimism,5.17,USDT,318325972,2.55,8.72
2024-08-19,Curve,Optimism,6.78,DAI,332289180,3.46,7.82
2024-08-19,Curve,Polygon,7.97,USDC,293894995,0.8,6.54
2024-08-19,Curve,Polygon,8.77,USDT,334586177,1.36,6.69
2024-08-19,Curve,Base,6.59,USDC,319893734,3.37,13.53
2024-08-19,Curve,Base,7.13,USDT,319296741,2.93,11.34
2024-08-19,Curve,Base,7.77,DAI,314106722,3.27,11.26
2024-08-19,Uniswap V3,Ethereum,5.92,USDC,104785391,45.86,0
2024-08-19,Uniswap V3,Ethereum,5.93,DAI,90513822,49.91,0
2024-08-19,Uniswap V3,Arbitrum,8.15,USDC,103964287,4.2,15.16
2024-08-19,Uniswap V3,Arbitrum,8.03,USDT,100638491,2.9,12.25
2024-08-19,Uniswap V3,Arbitrum,7.6,DAI,105146927,2.56,10.37
2024-08-19,Uniswap V3,Optimism,8.16,USDT,99132087,3.04,7.08
2024-08-19,Uniswap V3,Optimism,6.73,DAI,89275966,3.59,11.84
2024-08-19,Uniswap V3,Polygon,7.27,USDC,99471688,1.69,9.96
2024-08-19,Uniswap V3,Polygon,8.6,USDT,103731071,2.31,7.04
2024-08-19,Uniswap V3,Polygon,9.15,DAI,95048744,1.07,7.55
2024-08-19,Uniswap V3,Base,9.66,USDC,85968745,3.31,9.44
2024-08-19,Uniswap V3,Base,9.83,USDT,88054253,3.11,6.64
2024-08-19,Uniswap V3,Base,8.12,DAI,98508452,3.43,10.82
2024-08-19,Yearn,Ethereum,4.49,USDC,127454692,30.13,0
2024-08-19,Yearn,Ethereum,4.98,USDT,119297094,44.83,0
2024-08-19,Yearn,Ethereum,3.98,DAI,127075660,44.19,0
2024-08-19,Yearn,Arbitrum,6.34,USDC,123962713,3.91,15.27
2024-08-19,Yearn,Arbitrum,5.34,USDT,128972085,3.81,10.86
2024-08-19,Yearn,Arbitrum,5.74,DAI,126635085,2.7,11.85
2024-08-19,Yearn,Optimism,4.61,USDC,116384823,2.81,9.86
2024-08-19,Yearn,Optimism,4.97,USDT,115194453,2.41,8.32
2024-08-19,Yearn,Optimism,4.54,DAI,123175342,2.62,6.86
2024-08-19,Yearn,Polygon,6.56,USDC,120774298,1.32,6.36
2024-08-19,Yearn,Polygon,6.16,USDT,131528860,1.44,7.27
2024-08-19,Yearn,Polygon,5.65,DAI,115545384,1.79,8.5
2024-08-19,Yearn,Base,5.45,USDC,126882645,3.5,5.04
2024-08-19,Yearn,Base,5.5,USDT,129111511,3.19,12.79
2024-08-19,Pendle,Ethereum,8.67,USDC,75717426,38.15,0
2024-08-19,Pendle,Ethereum,10.54,USDT,82010371,43.91,0
2024-08-19,Pendle,Ethereum,9.31,DAI,78220839,52.34,0
2024-08-19,Pendle,Arbitrum,12.72,USDC,76887005,3.8,9.43
2024-08-19,Pendle,Arbitrum,8.58,USDT,77059359,2.87,13.16
2024-08-19,Pendle,Arbitrum,11.0,DAI,79781725,3.71,12.1
2024-08-19,Pendle,Optimism,11.44,USDC,75063111,2.65,6.9
2024-08-19,Pendle,Optimism,11.32,USDT,69234815,3.8,7.56
2024-08-19,Pendle,Optimism,9.35,DAI,78301411,3.72,5.01
2024-08-19,Pendle,Base,10.53,USDC,78732938,3.22,11.75
2024-08-19,Pendle,Base,8.49,USDT,81857125,3.49,11.29
2024-08-19,Pendle,Base,9.92,DAI,79384652,3.3,9.57
2024-08-19,Convex,Ethereum,4.94,USDT,151039841,42.66,0
2024-08-19,Convex,Ethereum,4.95,DAI,151912296,30.22,0
2024-08-19,Balancer,Ethereum,6.05,USDC,114027212,39.51,0
2024-08-19,Balancer,Ethereum,6.05,USDT,110778182,46.24,0
2024-08-19,Balancer,Ethereum,5.47,DAI,108716431,52.12,0
2024-08-19,Balancer,Arbitrum,7.19,USDC,116802876,3.44,13.53
2024-08-19,Balancer,Arbitrum,7.56,USDT,105057360,2.5,8.42
2024-08-19,Balancer,Arbitrum,7.18,DAI,108374521,3.5,11.4
2024-08-19,Balancer,Optimism,6.36,USDC,112125423,3.23,8.05
2024-08-19,Balancer,Optimism,6.58,USDT,110556024,3.53,11.57
2024-08-19,Balancer,Optimism,7.28,DAI,111487682,3.07,6.97
2024-08-19,Balancer,Polygon,7.95,USDC,119263987,1.74,9.61
2024-08-19,Balancer,Polygon,7.09,USDT,116591431,1.24,9.08
2024-08-19,Balancer,Base,6.55,USDC,114782317,3.16,8.28
2024-08-19,Balancer,Base,7.41,USDT,111809548,3.35,9.89
2024-08-19,Balancer,Base,5.65,DAI,113471581,3.64,10.31
2024-08-20,Aave,Ethereum,3.54,USDC,269073729,40.11,0
2024-08-20,Aave,Ethereum,4.11,USDT,268137152,28.74,0
2024-08-20,Aave,Ethereum,2.93,DAI,266919589,53.58,0
2024-08-20,Aave,Arbitrum,3.95,USDC,248863196,3.28,13.98
2024-08-20,Aave,Arbitrum,4.07,USDT,240846526,4.4,14.25
2024-08-20,Aave,Arbitrum,4.55,DAI,275196439,3.7,10.77
2024-08-20,Aave,Optimism,4.12,USDC,251253030,3.2,10.12
2024-08-20,Aave,Optimism,3.41,DAI,267985225,3.13,10.01
2024-08-20,Aave,Polygon,5.25,USDC,254822912,1.77,9.33
2024-08-20,Aave,Polygon,4.37,USDT,243786210,1.2,7.32
2024-08-20,Aave,Polygon,3.89,DAI,257365664,1.85,9.46
2024-08-20,Aave,Base,4.66,USDC,254424141,2.79,10.13
2024-08-20,Aave,Base,4.12,USDT,246011126,3.82,10.91
2024-08-20,Aave,Base,4.77,DAI,248216271,3.39,8.26
2024-08-20,Compound,Ethereum,3.53,USDC,198717900,31.76,0
2024-08-20,Compound,Ethereum,3.74,USDT,183927382,49.03,0
2024-08-20,Compound,Ethereum,3.33,DAI,177235094,57.76,0
2024-08-20,Compound,Arbitrum,3.74,USDC,180624325,4.48,10.85
2024-08-20,Compound,Arbitrum,4.74,USDT,179904435,3.81,12.53
2024-08-20,Compound,Arbitrum,4.28,DAI,183691189,4.04,8.48
2024-08-20,Compound,Optimism,4.44,USDC,194210433,2.61,10.13
2024-08-20,Compound,Optimism,3.7,USDT,188163283,4.3,8.97
2024-08-20,Compound,Optimism,3.89,DAI,170697680,3.01,8.62
2024-08-20,Compound,Polygon,3.9,USDC,178954439,1.58,5.64
2024-08-20,Compound,Polygon,3.65,USDT,178768695,1.1,8.89
2024-08-20,Compound,Polygon,4.32,DAI,181963863,1.51,11.0
2024-08-20,Compound,Base,3.47,USDT,181299678,3.83,11.04
2024-08-20,Compound,Base,3.81,DAI,183797335,3.58,9.84
2024-08-20,Curve,Ethereum,4.47,USDC,311728469,25.37,0
2024-08-20,Curve,Ethereum,5.74,USDT,314495733,34.04,0
2024-08-20,Curve,Ethereum,5.12,DAI,341640231,47.04,0
2024-08-20,Curve,Arbitrum,7.03,USDC,302343925,3.91,13.89
2024-08-20,Curve,Arbitrum,6.39,USDT,271031604,3.09,15.17
2024-08-20,Curve,Arbitrum,7.58,DAI,348478762,4.32,10.95
2024-08-20,Curve,Optimism,7.46,USDC,316421993,3.32,10.75
2024-08-20,Curve,Optimism,6.93,USDT,325400524,3.08,8.06
2024-08-20,Curve,Optimism,6.39,DAI,351000464,1.68,6.3
2024-08-20,Curve,Polygon,7.42,USDC,326049905,1.38,6.43
2024-08-20,Curve,Polygon,7.83,DAI,320163939,1.51,8.15
2024-08-20,Curve,Base,6.74,USDC,299547482,3.56,8.78
2024-08-20,Curve,Base,6.39,USDT,324347506,3.18,8.78
2024-08-20,Curve,Base,6.99,DAI,317876366,2.81,11.7
2024-08-20,Uniswap V3,Ethereum,5.22,USDC,96977335,43.05,0
2024-08-20,Uniswap V3,Ethereum,5.5,USDT,89239452,36.05,0
2024-08-20,Uniswap V3,Ethereum,6.45,DAI,95957748,39.03,0
2024-08-20,Uniswap V3,Arbitrum,6.55,USDC,99357567,2.41,10.01
2024-08-20,Uniswap V3,Arbitrum,7.55,DAI,95607964,4.72,7.16
2024-08-20,Uniswap V3,Optimism,7.06,USDC,97448839,2.72,4.91
2024-08-20,Uniswap V3,Optimism,8.19,USDT,94832617,2.57,8.5
2024-08-20,Uniswap V3,Optimism,8.49,DAI,91511002,2.99,8.21
2024-08-20,Uniswap V3,Polygon,9.77,USDC,98994178,1.79,11.14
2024-08-20,Uniswap V3,Polygon,6.85,USDT,85152557,1.3,8.25
2024-08-20,Uniswap V3,Polygon,7.99,DAI,100030011,1.46,12.2
2024-08-20,Uniswap V3,Base,8.46,USDC,97637029,2.9,10.03
2024-08-20,Uniswap V3,Base,9.09,USDT,91704774,2.45,9.59
2024-08-20,Uniswap V3,Base,6.56,DAI,103141668,3.27,11.66
2024-08-20,Yearn,Ethereum,4.38,USDC,119054463,38.46,0
2024-08-20,Yearn,Ethereum,4.88,USDT,116381175,38.6,0
2024-08-20,Yearn,Ethereum,3.86,DAI,114662285,50.36,0
2024-08-20,Yearn,Arbitrum,5.11,USDC,133943420,2.72,13.29
2024-08-20,Yearn,Arbitrum,4.39,USDT,130139880,2.79,6.44
2024-08-20,Yearn,Arbitrum,5.14,DAI,115081778,3.11,11.94
2024-08-20,Yearn,Optimism,4.41,USDC,131660724,3.06,7.49
2024-08-20,Yearn,Optimism,5.62,USDT,125817152,1.96,7.55
2024-08-20,Yearn,Optimism,5.23,DAI,115833186,3.32,8.34
2024-08-20,Yearn,Polygon,6.82,USDC,127776308,1.78,7.96
2024-08-20,Yearn,Polygon,7.27,USDT,120607997,1.59,6.84
2024-08-20,Yearn,Polygon,5.15,DAI,124731573,2.26,7.84
2024-08-20,Yearn,Base,5.89,USDC,119011538,3.16,11.28
2024-08-20,Yearn,Base,6.26,USDT,121289283,3.39,7.52
2024-08-20,Yearn,Base,6.86,DAI,113621202,3.37,10.7
2024-08-20,Pendle,Ethereum,8.05,USDC,79596731,35.95,0
2024-08-20,Pendle,Ethereum,9.01,USDT,77689563,41.3,0
2024-08-20,Pendle,Ethereum,9.0,DAI,75662286,41.06,0
2024-08-20,Pendle,Arbitrum,6.21,USDC,80293444,4.31,9.82
2024-08-20,Pendle,Arbitrum,10.13,USDT,80827042,3.78,12.62
2024-08-20,Pendle,Arbitrum,11.82,DAI,72188215,3.65,7.48
2024-08-20,Pendle,Optimism,10.67,USDC,80200144,2.52,6.04
2024-08-20,Pendle,Optimism,7.08,USDT,78930816,3.32,8.66
2024-08-20,Pendle,Optimism,9.86,DAI,69039945,3.03,9.19
2024-08-20,Pendle,Base,10.87,USDC,80205451,2.38,8.9
2024-08-20,Pendle,Base,10.73,USDT,79113999,4.0,6.48
2024-08-20,Pendle,Base,10.8,DAI,75508036,3.5,11.01
2024-08-20,Convex,Ethereum,5.38,USDC,161606240,39.1,0
2024-08-20,Convex,Ethereum,5.6,USDT,148486270,38.9,0
2024-08-20,Balancer,Ethereum,6.08,USDC,119741952,44.28,0
2024-08-20,Balancer,Ethereum,4.73,USDT,110653563,47.13,0
2024-08-20,Balancer,Ethereum,4.57,DAI,111773473,48.1,0
2024-08-20,Balancer,Arbitrum,6.13,USDC,119601450,2.7,12.5
2024-08-20,Balancer,Arbitrum,7.82,USDT,103337441,3.84,13.86
2024-08-20,Balancer,Optimism,7.15,USDC,113695419,3.57,7.06
2024-08-20,Balancer,Optimism,6.48,USDT,111365641,3.31,8.06
2024-08-20,Balancer,Optimism,7.04,DAI,115146715,2.9,6.74
2024-08-20,Balancer,Polygon,8.12,USDC,113191829,0.94,8.53
2024-08-20,Balancer,Polygon,7.37,USDT,117093343,1.61,8.47
2024-08-20,Balancer,Polygon,7.2,DAI,98207696,2.29,9.31
2024-08-20,Balancer,Base,7.24,USDC,107980724,3.87,9.45
2024-08-20,Balancer,Base,6.81,USDT,106708425,3.61,9.43
2024-08-20,Balancer,Base,6.78,DAI,110446396,3.6,7.17
2024-08-21,Aave,Ethereum,3.7,USDC,259225597,34.06,0
2024-08-21,Aave,Ethereum,3.25,USDT,244548854,49.08,0
2024-08-21,Aave,Ethereum,3.47,DAI,258753790,38.34,0
2024-08-21,Aave,Arbitrum,4.74,USDC,241853303,2.78,9.45
2024-08-21,Aave,Arbitrum,5.03,USDT,238860634,3.3,10.41
2024-08-21,Aave,Arbitrum,4.41,DAI,239342253,4.07,12.59
2024-08-21,Aave,Optimism,4.51,USDC,243208843,2.7,9.8
2024-08-21,Aave,Optimism,4.04,USDT,246159935,2.81,8.83
2024-08-21,Aave,Optimism,4.54,DAI,247446599,3.73,10.14
2024-08-21,Aave,Polygon,5.37,USDC,246991692,1.36,9.43
2024-08-21,Aave,Polygon,3.64,USDT,255604327,1.18,9.6
2024-08-21,Aave,Polygon,5.37,DAI,248924596,1.35,8.65
2024-08-21,Aave,Base,4.49,USDC,259572161,3.4,11.24
2024-08-21,Aave,Base,4.49,USDT,257890218,3.16,10.09
2024-08-21,Compound,Ethereum,2.82,USDC,200461395,54.72,0
2024-08-21,Compound,Ethereum,3.6,USDT,165232887,36.67,0
2024-08-21,Compound,Ethereum,3.48,DAI,187398447,47.86,0
2024-08-21,Compound,Arbitrum,3.97,USDC,173301252,4.21,11.68
2024-08-21,Compound,Arbitrum,4.1,USDT,171160379,4.48,9.03
2024-08-21,Compound,Arbitrum,3.87,DAI,178275537,3.14,7.49
2024-08-21,Compound,Optimism,3.58,USDT,172731502,2.8,7.98
2024-08-21,Compound,Optimism,3.11,DAI,190630420,2.49,7.87
2024-08-21,Compound,Polygon,4.19,USDC,174662873,1.61,9.4
2024-08-21,Compound,Polygon,4.28,USDT,177142393,1.3,7.58
2024-08-21,Compound,Polygon,5.18,DAI,182299190,0.96,7.1
2024-08-21,Compound,Base,4.63,USDC,200441326,3.22,8.15
2024-08-21,Compound,Base,3.66,USDT,190083973,3.9,13.62
2024-08-21,Compound,Base,4.21,DAI,173041324,3.5,9.31
2024-08-21,Curve,Ethereum,6.07,USDC,290461960,31.57,0
2024-08-21,Curve,Ethereum,6.02,USDT,303152526,41.99,0
2024-08-21,Curve,Arbitrum,7.42,USDC,327833827,3.16,8.84
2024-08-21,Curve,Arbitrum,6.6,USDT,338526846,3.69,10.54
2024-08-21,Curve,Arbitrum,6.15,DAI,337276102,3.84,7.84
2024-08-21,Curve,Optimism,8.56,USDC,304970196,3.84,9.07
2024-08-21,Curve,Optimism,6.84,USDT,319640434,2.64,9.12
2024-08-21,Curve,Optimism,7.03,DAI,339204488,2.59,10.3
2024-08-21,Curve,Polygon,8.2,USDC,345342238,1.77,7.21
2024-08-21,Curve,Polygon,6.66,USDT,355472229,1.57,8.84
2024-08-21,Curve,Polygon,7.14,DAI,326683730,1.64,9.05
2024-08-21,Curve,Base,7.6,USDC,321393207,3.57,10.92
2024-08-21,Curve,Base,7.54,DAI,331352812,3.23,8.47
2024-08-21,Uniswap V3,Ethereum,6.42,USDC,88234497,38.45,0
2024-08-21,Uniswap V3,Ethereum,6.8,DAI,96368914,30.21,0
2024-08-21,Uniswap V3,Arbitrum,6.7,USDC,97325025,4.93,12.07
2024-08-21,Uniswap V3,Arbitrum,8.47,USDT,89534106,2.83,13.27
2024-08-21,Uniswap V3,Arbitrum,7.32,DAI,96725052,3.94,13.67
2024-08-21,Uniswap V3,Optimism,7.93,USDC,94745182,2.54,8.39
2024-08-21,Uniswap V3,Polygon,7.19,USDC,94086927,1.99,6.79
2024-08-21,Uniswap V3,Polygon,6.46,USDT,94633777,1.51,7.03
2024-08-21,Uniswap V3,Polygon,9.87,DAI,94409458,1.61,8.5
2024-08-21,Uniswap V3,Base,6.23,USDC,95422883,2.96,8.73
2024-08-21,Uniswap V3,Base,8.58,USDT,89280424,3.54,10.09
2024-08-21,Uniswap V3,Base,7.03,DAI,93318625,3.69,11.44
2024-08-21,Yearn,Ethereum,4.63,USDC,124261376,34.02,0
2024-08-21,Yearn,Ethereum,4.39,USDT,123763693,45.02,0
2024-08-21,Yearn,Ethereum,5.09,DAI,119920592,51.92,0
2024-08-21,Yearn,Arbitrum,4.48,USDC,119420849,3.6,6.91
2024-08-21,Yearn,Arbitrum,5.87,USDT,119854890,3.39,10.52
2024-08-21,Yearn,Arbitrum,5.67,DAI,117711406,4.14,17.51
2024-08-21,Yearn,Optimism,5.7,USDC,123185001,2.65,9.4
2024-08-21,Yearn,Optimism,5.81,USDT,122517380,2.98,9.0
2024-08-21,Yearn,Polygon,5.17,USDC,114737203,1.75,6.72
2024-08-21,Yearn,Polygon,5.76,USDT,131515146,1.66,9.08
2024-08-21,Yearn,Polygon,7.0,DAI,119261590,1.11,8.33
2024-08-21,Yearn,Base,4.96,USDC,116264333,3.98,10.47
2024-08-21,Yearn,Base,4.41,USDT,122290444,2.86,10.27
2024-08-21,Yearn,Base,5.33,DAI,120872582,4.66,9.24
2024-08-21,Pendle,Ethereum,8.25,USDC,75105591,36.84,0
2024-08-21,Pendle,Ethereum,8.81,USDT,72021488,47.72,0
2024-08-21,Pendle,Ethereum,8.15,DAI,77741035,41.45,0
2024-08-21,Pendle,Arbitrum,10.12,USDC,79750476,4.91,14.96
2024-08-21,Pendle,Arbitrum,8.96,USDT,81252510,3.13,12.62
2024-08-21,Pendle,Arbitrum,9.45,DAI,77982208,4.71,16.56
2024-08-21,Pendle,Optimism,8.46,USDC,81945765,3.66,12.73
2024-08-21,Pendle,Optimism,9.65,USDT,80345605,1.83,10.48
2024-08-21,Pendle,Optimism,9.83,DAI,75078688,2.06,7.67
2024-08-21,Pendle,Base,9.65,USDC,74798123,3.28,12.36
2024-08-21,Pendle,Base,11.32,USDT,74541640,4.14,7.02
2024-08-21,Pendle,Base,7.79,DAI,75438246,3.88,7.15
2024-08-21,Convex,Ethereum,4.94,USDC,144977623,36.58,0
2024-08-21,Convex,Ethereum,5.23,USDT,160326219,32.84,0
2024-08-21,Convex,Ethereum,5.47,DAI,144297412,41.12,0
2024-08-21,Balancer,Ethereum,6.98,USDC,107983063,51.76,0
2024-08-21,Balancer,Ethereum,6.79,USDT,103455011,40.2,0
2024-08-21,Balancer,Ethereum,5.92,DAI,113122776,49.25,0
2024-08-21,Balancer,Arbitrum,6.26,USDC,106202049,3.66,13.97
2024-08-21,Balancer,Arbitrum,7.23,USDT,119411331,4.77,11.95
2024-08-21,Balancer,Arbitrum,6.51,DAI,114461676,3.83,11.44
2024-08-21,Balancer,Optimism,7.05,USDC,118246934,3.33,7.56
2024-08-21,Balancer,Optimism,6.48,USDT,109461734,3.78,11.52
2024-08-21,Balancer,Optimism,7.09,DAI,112502073,2.43,9.4
2024-08-21,Balancer,Polygon,7.19,DAI,112426077,1.54,8.47
2024-08-21,Balancer,Base,6.13,USDC,112420990,3.13,9.93
2024-08-21,Balancer,Base,7.29,USDT,121343618,3.68,8.94
2024-08-21,Balancer,Base,6.53,DAI,117349787,4.51,9.89
2024-08-22,Aave,Ethereum,3.23,USDC,249276224,37.54,0
2024-08-22,Aave,Ethereum,2.68,DAI,256246430,54.73,0
2024-08-22,Aave,Arbitrum,4.04,USDC,257391626,4.9,10.67
2024-08-22,Aave,Arbitrum,3.45,USDT,249216910,4.7,10.47
2024-08-22,Aave,Arbitrum,3.23,DAI,241531062,3.9,12.99
2024-08-22,Aave,Optimism,3.45,USDC,265733562,3.11,8.27
2024-08-22,Aave,Optimism,3.28,USDT,227219268,2.35,12.67
2024-08-22,Aave,Optimism,4.04,DAI,262851314,3.27,6.84
2024-08-22,Aave,Polygon,4.59,USDT,266192978,1.77,10.64
2024-08-22,Aave,Polygon,3.75,DAI,253935188,1.74,8.79
2024-08-22,Aave,Base,4.01,USDC,239196372,4.09,8.57
2024-08-22,Aave,Base,4.92,USDT,254465857,2.52,9.51
2024-08-22,Aave,Base,4.19,DAI,239979628,3.47,9.35
2024-08-22,Compound,Ethereum,2.8,USDC,175593993,38.56,0
2024-08-22,Compound,Ethereum,3.43,USDT,180182789,44.8,0
2024-08-22,Compound,Arbitrum,4.15,USDC,203460165,3.55,13.63
2024-08-22,Compound,Arbitrum,4.16,USDT,176171593,2.64,8.32
2024-08-22,Compound,Optimism,3.97,USDC,183909218,3.79,9.39
2024-08-22,Compound,Optimism,3.65,USDT,175195817,2.89,11.05
2024-08-22,Compound,Optimism,2.81,DAI,156915239,3.82,10.39
2024-08-22,Compound,Polygon,3.82,USDC,176034359,1.71,7.96
2024-08-22,Compound,Polygon,3.68,USDT,186942048,1.11,6.51
2024-08-22,Compound,Polygon,3.63,DAI,175997723,1.09,10.14
2024-08-22,Compound,Base,3.94,USDC,193938838,3.5,10.91
2024-08-22,Compound,Base,3.47,USDT,169843549,2.8,8.82
2024-08-22,Compound,Base,3.1,DAI,180268695,3.01,8.69
2024-08-22,Curve,Ethereum,6.54,USDC,315607867,49.59,0
2024-08-22,Curve,Ethereum,5.68,USDT,338684788,42.88,0
2024-08-22,Curve,Ethereum,5.21,DAI,353443060,48.54,0
2024-08-22,Curve,Arbitrum,7.56,USDC,313386935,3.66,9.89
2024-08-22,Curve,Arbitrum,8.14,USDT,339244839,3.95,7.5
2024-08-22,Curve,Arbitrum,5.89,DAI,313564027,3.37,10.35
2024-08-22,Curve,Optimism,6.57,USDC,305602157,3.06,9.0
2024-08-22,Curve,Optimism,6.45,USDT,334782770,2.44,10.72
2024-08-22,Curve,Optimism,6.34,DAI,333293969,3.07,9.17
2024-08-22,Curve,Polygon,8.0,USDC,335141547,1.63,8.74
2024-08-22,Curve,Polygon,6.92,USDT,338188694,1.15,6.03
2024-08-22,Curve,Polygon,7.3,DAI,339740192,1.1,8.51
2024-08-22,Curve,Base,6.67,USDC,323006732,3.53,9.56
2024-08-22,Curve,Base,6.75,USDT,320641746,3.57,12.73
2024-08-22,Curve,Base,6.11,DAI,311217325,3.36,11.21
2024-08-22,Uniswap V3,Ethereum,5.77,USDC,98042078,17.05,0
2024-08-22,Uniswap V3,Ethereum,6.86,USDT,91321173,50.46,0
2024-08-22,Uniswap V3,Ethereum,7.23,DAI,106654124,38.91,0
2024-08-22,Uniswap V3,Arbitrum,7.64,USDC,100428368,3.42,9.78
2024-08-22,Uniswap V3,Arbitrum,7.95,USDT,90754096,3.32,14.22
2024-08-22,Uniswap V3,Arbitrum,8.31,DAI,92153698,3.76,14.22
2024-08-22,Uniswap V3,Optimism,9.8,USDC,87115823,3.96,7.94
2024-08-22,Uniswap V3,Optimism,9.43,USDT,94390538,3.52,6.81
2024-08-22,Uniswap V3,Polygon,8.48,USDC,95620305,1.49,10.86
2024-08-22,Uniswap V3,Polygon,7.87,DAI,95894438,1.25,7.21
2024-08-22,Uniswap V3,Base,7.85,USDC,91105004,3.7,11.99
2024-08-22,Uniswap V3,Base,6.94,USDT,96150529,4.06,7.29
2024-08-22,Uniswap V3,Base,7.2,DAI,96869924,3.53,10.18
2024-08-22,Yearn,Ethereum,3.87,USDC,124438051,41.63,0
2024-08-22,Yearn,Ethereum,3.67,USDT,115458005,43.43,0
2024-08-22,Yearn,Ethereum,5.79,DAI,121255003,47.44,0
2024-08-22,Yearn,Arbitrum,5.67,USDC,125135394,2.77,12.3
2024-08-22,Yearn,Arbitrum,5.41,USDT,116950156,4.54,13.96
2024-08-22,Yearn,Arbitrum,4.78,DAI,112274360,4.61,16.26
2024-08-22,Yearn,Optimism,4.94,USDC,129388102,3.44,9.17
2024-08-22,Yearn,Optimism,5.57,DAI,113728079,1.83,7.49
2024-08-22,Yearn,Polygon,6.2,USDT,114555235,1.21,8.96
2024-08-22,Yearn,Polygon,4.92,DAI,112755740,1.29,8.63
2024-08-22,Yearn,Base,5.78,USDC,126560534,3.3,13.09
2024-08-22,Yearn,Base,4.63,USDT,124477279,4.31,12.25
2024-08-22,Yearn,Base,5.67,DAI,113583718,3.68,9.74
2024-08-22,Pendle,Ethereum,9.69,USDC,73321276,42.64,0
2024-08-22,Pendle,Ethereum,8.88,USDT,78166740,50.55,0
2024-08-22,Pendle,Arbitrum,11.41,USDC,70475431,3.19,12.41
2024-08-22,Pendle,Arbitrum,9.22,USDT,76690562,2.56,10.32
2024-08-22,Pendle,Arbitrum,11.33,DAI,76386357,2.36,10.1
2024-08-22,Pendle,Optimism,9.93,USDC,77620717,3.02,10.73
2024-08-22,Pendle,Optimism,8.49,USDT,79050489,3.85,11.58
2024-08-22,Pendle,Optimism,8.64,DAI,77974671,2.62,8.02
2024-08-22,Pendle,Base,10.06,USDC,75469519,3.61,11.86
2024-08-22,Pendle,Base,9.92,USDT,71924923,3.35,9.93
2024-08-22,Pendle,Base,10.02,DAI,76078421,3.38,12.17
2024-08-22,Convex,Ethereum,5.03,USDC,153400316,37.96,0
2024-08-22,Convex,Ethereum,5.01,DAI,149401902,36.14,0
2024-08-22,Balancer,Ethereum,5.29,USDC,115018991,62.35,0
2024-08-22,Balancer,Ethereum,6.61,DAI,105322976,47.52,0
2024-08-22,Balancer,Arbitrum,7.91,USDC,113433734,3.52,9.55
2024-08-22,Balancer,Arbitrum,8.53,USDT,112697691,2.97,11.15
2024-08-22,Balancer,Arbitrum,6.77,DAI,114426203,3.59,13.89
2024-08-22,Balancer,Optimism,7.66,USDC,120015364,3.46,8.46
2024-08-22,Balancer,Optimism,6.17,USDT,103337628,2.18,9.04
2024-08-22,Balancer,Optimism,7.88,DAI,98454982,3.4,11.89
2024-08-22,Balancer,Polygon,8.4,USDC,102959241,1.37,6.84
2024-08-22,Balancer,Polygon,7.48,USDT,101995398,1.45,10.03
2024-08-22,Balancer,Polygon,7.95,DAI,116206087,1.77,7.64
2024-08-22,Balancer,Base,5.84,USDC,106259636,3.16,10.7
2024-08-22,Balancer,Base,8.94,USDT,113248846,3.68,9.75
2024-08-22,Balancer,Base,8.58,DAI,103755062,3.49,11.31
2024-08-23,Aave,Ethereum,3.61,USDC,258098504,43.69,0
2024-08-23,Aave,Ethereum,3.39,USDT,244094892,39.1,0
2024-08-23,Aave,Ethereum,3.07,DAI,246731869,41.8,0
2024-08-23,Aave,Arbitrum,3.61,USDC,245417885,4.81,12.73
2024-08-23,Aave,Arbitrum,4.19,USDT,281723429,4.76,15.6
2024-08-23,Aave,Arbitrum,4.39,DAI,240315554,4.13,12.95
2024-08-23,Aave,Optimism,4.05,USDC,256441471,1.7,8.74
2024-08-23,Aave,Optimism,4.22,USDT,272300201,3.62,11.33
2024-08-23,Aave,Optimism,4.18,DAI,243823069,3.14,7.35
2024-08-23,Aave,Polygon,4.17,USDT,265123261,0.92,10.07
2024-08-23,Aave,Polygon,4.58,DAI,249677201,1.37,10.24
2024-08-23,Aave,Base,3.45,USDC,263608282,2.99,6.93
2024-08-23,Aave,Base,4.71,USDT,239970775,2.98,11.44
2024-08-23,Aave,Base,4.68,DAI,265394937,3.53,9.04
2024-08-23,Compound,Ethereum,3.47,USDC,179524994,37.18,0
2024-08-23,Compound,Ethereum,3.86,USDT,177631758,38.16,0
2024-08-23,Compound,Ethereum,2.66,DAI,191329115,50.47,0
2024-08-23,Compound,Arbitrum,3.79,USDC,190909371,3.4,8.65
2024-08-23,Compound,Arbitrum,3.22,USDT,170750737,2.68,16.03
2024-08-23,Compound,Arbitrum,4.28,DAI,178798189,3.64,11.17
2024-08-23,Compound,Optimism,3.78,USDC,175469268,3.06,6.24
2024-08-23,Compound,Optimism,3.35,USDT,179292593,2.67,9.07
2024-08-23,Compound,Optimism,3.43,DAI,197473147,2.87,6.33
2024-08-23,Compound,Polygon,3.43,USDC,177731976,1.91,5.41
2024-08-23,Compound,Polygon,3.63,USDT,186684818,1.84,7.15
2024-08-23,Compound,Polygon,4.64,DAI,181274626,1.78,9.11
2024-08-23,Compound,Base,4.0,USDC,190579608,2.72,9.41
2024-08-23,Compound,Base,3.59,USDT,183341556,3.44,10.66
2024-08-23,Compound,Base,3.73,DAI,179881096,2.64,5.69
2024-08-23,Curve,Ethereum,6.75,USDC,335838182,38.55,0
2024-08-23,Curve,Ethereum,4.47,USDT,333985602,43.42,0
2024-08-23,Curve,Ethereum,5.58,DAI,316883151,35.2,0
2024-08-23,Curve,Arbitrum,6.75,USDC,308414779,4.21,12.47
2024-08-23,Curve,Arbitrum,7.03,USDT,344346081,3.76,13.84
2024-08-23,Curve,Arbitrum,5.54,DAI,311536980,2.62,15.94
2024-08-23,Curve,Optimism,5.57,USDC,317835245,3.11,6.36
2024-08-23,Curve,Optimism,7.8,USDT,343163397,2.33,6.66
2024-08-23,Curve,Optimism,7.03,DAI,328966404,2.52,12.23
2024-08-23,Curve,Polygon,7.86,USDC,320563134,1.47,7.49
2024-08-23,Curve,Polygon,7.13,USDT,340186993,1.42,8.09
2024-08-23,Curve,Polygon,6.75,DAI,333544710,1.38,7.48
2024-08-23,Curve,Base,6.32,USDC,312800725,3.38,12.24
2024-08-23,Curve,Base,6.21,USDT,322403339,3.1,7.74
2024-08-23,Curve,Base,6.71,DAI,328928311,3.88,8.28
2024-08-23,Uniswap V3,Ethereum,6.47,USDT,99075958,34.19,0
2024-08-23,Uniswap V3,Ethereum,4.72,DAI,97025768,41.77,0
2024-08-23,Uniswap V3,Arbitrum,7.29,USDC,92574461,3.94,9.74
2024-08-23,Uniswap V3,Arbitrum,6.54,USDT,92762354,4.51,14.81
2024-08-23,Uniswap V3,Arbitrum,7.85,DAI,96286945,3.66,8.02
2024-08-23,Uniswap V3,Optimism,7.76,USDT,105626239,3.0,8.63
2024-08-23,Uniswap V3,Optimism,9.27,DAI,92445604,2.8,9.37
2024-08-23,Uniswap V3,Polygon,6.69,USDC,89041594,1.8,8.19
2024-08-23,Uniswap V3,Polygon,8.1,USDT,95985781,1.88,5.66
2024-08-23,Uniswap V3,Polygon,7.53,DAI,96023493,1.48,7.11
2024-08-23,Uniswap V3,Base,7.01,USDC,104256249,4.05,7.12
2024-08-23,Uniswap V3,Base,6.93,USDT,93449340,2.72,12.8
2024-08-23,Uniswap V3,Base,6.94,DAI,89588152,3.11,7.6
2024-08-23,Yearn,Ethereum,4.35,USDC,121583722,44.88,0
2024-08-23,Yearn,Ethereum,4.4,USDT,128737152,35.69,0
2024-08-23,Yearn,Arbitrum,5.48,USDC,117592505,2.85,10.62
2024-08-23,Yearn,Arbitrum,5.03,USDT,109995707,3.2,15.05
2024-08-23,Yearn,Arbitrum,5.52,DAI,119359921,3.57,13.33
2024-08-23,Yearn,Optimism,5.26,USDC,132272807,2.37,10.48
2024-08-23,Yearn,Optimism,5.15,USDT,120523417,2.77,8.64
2024-08-23,Yearn,Polygon,5.13,USDC,119072395,1.44,7.25
2024-08-23,Yearn,Polygon,5.61,USDT,109551777,1.28,6.95
2024-08-23,Yearn,Polygon,5.18,DAI,122348071,1.17,5.37
2024-08-23,Yearn,Base,5.39,USDC,119840039,3.59,9.96
2024-08-23,Yearn,Base,5.53,USDT,112908081,3.29,13.67
2024-08-23,Yearn,Base,4.91,DAI,116451443,3.38,11.74
2024-08-23,Pendle,Ethereum,8.02,USDC,74664823,47.01,0
2024-08-23,Pendle,Ethereum,7.84,USDT,76891326,43.76,0
2024-08-23,Pendle,Ethereum,8.72,DAI,70892044,44.51,0
2024-08-23,Pendle,Arbitrum,10.54,USDC,75703096,3.49,17.02
2024-08-23,Pendle,Arbitrum,8.27,USDT,75800894,3.18,12.77
2024-08-23,Pendle,Arbitrum,9.0,DAI,78800774,3.56,9.01
2024-08-23,Pendle,Optimism,10.49,USDC,83325378,2.84,6.37
2024-08-23,Pendle,Optimism,10.2,USDT,73773059,2.3,8.22
2024-08-23,Pendle,Optimism,12.05,DAI,69586092,2.57,10.68
2024-08-23,Pendle,Base,10.23,USDC,74154888,3.81,8.62
2024-08-23,Pendle,Base,7.44,USDT,79236155,3.58,9.65
2024-08-23,Pendle,Base,12.08,DAI,73669540,3.65,8.05
2024-08-23,Convex,Ethereum,4.06,USDC,145475573,39.34,0
2024-08-23,Convex,Ethereum,4.91,USDT,153498436,41.85,0
2024-08-23,Balancer,Ethereum,5.81,USDC,107479952,45.84,0
2024-08-23,Balancer,Ethereum,5.87,USDT,114513023,28.67,0
2024-08-23,Balancer,Ethereum,5.67,DAI,119732973,42.07,0
2024-08-23,Balancer,Arbitrum,6.99,USDC,112329057,3.95,7.24
2024-08-23,Balancer,Arbitrum,6.18,DAI,114754604,1.84,8.41
2024-08-23,Balancer,Optimism,6.71,USDC,104174585,2.62,9.54
2024-08-23,Balancer,Optimism,5.82,USDT,117617392,2.11,8.99
2024-08-23,Balancer,Optimism,6.62,DAI,103744149,2.93,8.39
2024-08-23,Balancer,Polygon,7.57,USDC,114029296,1.18,7.33
2024-08-23,Balancer,Polygon,6.54,USDT,118288846,1.05,5.59
2024-08-23,Balancer,Polygon,7.07,DAI,113626191,1.24,8.75
2024-08-23,Balancer,Base,7.39,USDC,114005896,2.91,8.84
2024-08-23,Balancer,Base,7.34,USDT,110991872,3.23,8.43
2024-08-23,Balancer,Base,7.03,DAI,112905471,2.56,5.44
2024-08-24,Aave,Ethereum,3.34,USDC,245449907,29.1,0
2024-08-24,Aave,Ethereum,4.04,USDT,249627534,33.47,0
2024-08-24,Aave,Ethereum,4.02,DAI,252170547,28.67,0
2024-08-24,Aave,Arbitrum,3.93,USDC,272627237,2.77,13.46
2024-08-24,Aave,Arbitrum,4.35,USDT,237687850,3.02,13.21
2024-08-24,Aave,Arbitrum,4.35,DAI,252109812,2.1,13.17
2024-08-24,Aave,Optimism,3.77,USDC,245428182,2.21,6.71
2024-08-24,Aave,Optimism,3.62,USDT,258104032,2.21,9.42
2024-08-24,Aave,Optimism,2.84,DAI,256515999,2.18,10.3
2024-08-24,Aave,Polygon,5.14,USDC,253676688,0.83,7.47
2024-08-24,Aave,Polygon,5.47,USDT,254998245,0.97,7.12
2024-08-24,Aave,Polygon,4.36,DAI,264536011,0.83,7.81
2024-08-24,Aave,Base,3.91,USDC,255063273,2.74,7.58
2024-08-24,Aave,Base,3.72,USDT,255240635,2.33,12.79
2024-08-24,Aave,Base,4.04,DAI,236872877,2.18,10.06
2024-08-24,Compound,Ethereum,3.27,USDC,178358981,23.5,0
2024-08-24,Compound,Ethereum,2.68,USDT,184847163,29.92,0
2024-08-24,Compound,Ethereum,2.84,DAI,183001603,29.39,0
2024-08-24,Compound,Arbitrum,3.96,USDC,192011703,2.46,5.83
2024-08-24,Compound,Arbitrum,3.25,DAI,172414656,2.6,9.3
2024-08-24,Compound,Optimism,3.86,USDT,184891960,1.84,9.54
2024-08-24,Compound,Optimism,3.89,DAI,182581247,2.19,8.78
2024-08-24,Compound,Polygon,4.11,USDC,184989114,1.06,8.96
2024-08-24,Compound,Polygon,3.69,USDT,177586621,0.68,8.49
2024-08-24,Compound,Polygon,3.81,DAI,191348418,0.98,7.93
2024-08-24,Compound,Base,4.3,USDC,182801624,2.41,8.37
2024-08-24,Compound,Base,3.23,USDT,186002409,2.18,10.25
2024-08-24,Compound,Base,3.45,DAI,185817712,2.18,7.75
2024-08-24,Curve,Ethereum,5.38,USDC,319887001,24.63,0
2024-08-24,Curve,Ethereum,5.95,USDT,311274588,29.68,0
2024-08-24,Curve,Ethereum,5.11,DAI,321495734,28.29,0
2024-08-24,Curve,Arbitrum,8.91,USDC,332748619,2.77,13.05
2024-08-24,Curve,Arbitrum,5.82,USDT,317063354,1.49,11.61
2024-08-24,Curve,Arbitrum,7.4,DAI,316495720,3.45,12.66
2024-08-24,Curve,Optimism,6.54,USDC,335043116,2.04,10.57
2024-08-24,Curve,Optimism,6.19,USDT,290124438,1.41,10.52
2024-08-24,Curve,Optimism,7.2,DAI,297686290,2.05,6.1
2024-08-24,Curve,Polygon,6.36,USDC,332998788,0.89,7.76
2024-08-24,Curve,Polygon,7.33,USDT,305823108,1.2,8.59
2024-08-24,Curve,Polygon,7.63,DAI,337751591,0.99,8.54
2024-08-24,Curve,Base,6.67,USDC,324740126,2.39,8.61
2024-08-24,Curve,Base,6.55,USDT,341913259,2.33,12.36
2024-08-24,Curve,Base,7.21,DAI,345568778,2.24,7.67
2024-08-24,Uniswap V3,Ethereum,5.56,USDC,102344576,21.1,0
2024-08-24,Uniswap V3,Ethereum,5.49,USDT,88032967,26.81,0
2024-08-24,Uniswap V3,Ethereum,6.44,DAI,94948805,28.85,0
2024-08-24,Uniswap V3,Arbitrum,7.77,USDC,99775966,2.34,13.89
2024-08-24,Uniswap V3,Arbitrum,6.07,USDT,95105474,2.61,12.8
2024-08-24,Uniswap V3,Arbitrum,6.67,DAI,92263209,2.8,9.39
2024-08-24,Uniswap V3,Optimism,7.14,USDC,88380727,2.1,6.36
2024-08-24,Uniswap V3,Optimism,7.71,USDT,92763104,2.33,6.79
2024-08-24,Uniswap V3,Optimism,6.87,DAI,94343192,1.73,11.49
2024-08-24,Uniswap V3,Polygon,6.4,USDC,95079785,0.95,9.0
2024-08-24,Uniswap V3,Polygon,9.58,USDT,98575684,0.86,9.64
2024-08-24,Uniswap V3,Polygon,7.73,DAI,91757032,0.94,7.99
2024-08-24,Uniswap V3,Base,9.49,USDC,96161561,2.24,11.24
2024-08-24,Uniswap V3,Base,8.34,USDT,90418159,2.0,8.8
2024-08-24,Uniswap V3,Base,7.78,DAI,98789900,2.18,14.41
2024-08-24,Yearn,Ethereum,4.09,USDC,127443118,32.34,0
2024-08-24,Yearn,Ethereum,4.82,USDT,121121371,23.91,0
2024-08-24,Yearn,Ethereum,4.22,DAI,117710199,25.22,0
2024-08-24,Yearn,Arbitrum,3.93,USDC,123464880,1.07,11.23
2024-08-24,Yearn,Optimism,5.23,USDC,120066349,1.43,9.76
2024-08-24,Yearn,Optimism,5.45,USDT,111052979,2.34,8.36
2024-08-24,Yearn,Optimism,4.57,DAI,122452231,2.59,7.33
2024-08-24,Yearn,Polygon,3.96,USDC,114549916,1.13,9.29
2024-08-24,Yearn,Polygon,5.01,USDT,130255133,0.89,7.02
2024-08-24,Yearn,Polygon,4.93,DAI,115809168,0.9,4.94
2024-08-24,Yearn,Base,4.77,USDC,121045056,2.32,11.98
2024-08-24,Yearn,Base,5.52,USDT,123898239,2.28,9.53
2024-08-24,Pendle,Ethereum,7.82,USDC,74023520,23.6,0
2024-08-24,Pendle,Ethereum,8.18,USDT,82908917,14.18,0
2024-08-24,Pendle,Ethereum,7.53,DAI,77595198,30.3,0
2024-08-24,Pendle,Arbitrum,11.4,USDC,76921668,2.85,18.15
2024-08-24,Pendle,Arbitrum,10.74,USDT,73981518,2.93,6.63
2024-08-24,Pendle,Arbitrum,10.79,DAI,75563118,3.06,7.07
2024-08-24,Pendle,Optimism,10.78,USDC,78657613,1.95,5.31
2024-08-24,Pendle,Optimism,9.7,USDT,72465663,1.82,7.58
2024-08-24,Pendle,Base,9.5,USDC,78527058,2.18,11.39
2024-08-24,Pendle,Base,9.86,USDT,80539450,1.92,8.7
2024-08-24,Pendle,Base,10.62,DAI,72166723,2.32,9.43
2024-08-24,Convex,Ethereum,5.45,USDC,150681554,28.73,0
2024-08-24,Convex,Ethereum,4.45,USDT,143896916,24.33,0
2024-08-24,Convex,Ethereum,4.71,DAI,140604128,27.84,0
2024-08-24,Balancer,Ethereum,5.36,USDC,106897614,27.18,0
2024-08-24,Balancer,Ethereum,5.33,USDT,98576732,21.4,0
2024-08-24,Balancer,Ethereum,5.24,DAI,112890811,29.49,0
2024-08-24,Balancer,Arbitrum,6.64,USDC,113098155,2.48,8.02
2024-08-24,Balancer,Arbitrum,7.39,USDT,109383716,3.47,11.38
2024-08-24,Balancer,Arbitrum,7.98,DAI,112118224,2.02,11.88
2024-08-24,Balancer,Optimism,6.09,USDC,109944694,2.23,14.98
2024-08-24,Balancer,Optimism,6.26,USDT,100046729,1.49,7.59
2024-08-24,Balancer,Optimism,6.19,DAI,108815743,2.53,7.86
2024-08-24,Balancer,Polygon,8.48,USDC,107745484,1.05,8.96
2024-08-24,Balancer,Polygon,8.4,USDT,101747029,0.9,9.99
2024-08-24,Balancer,Polygon,7.89,DAI,124117124,1.02,5.9
2024-08-24,Balancer,Base,7.22,USDC,114783514,1.9,9.66
2024-08-24,Balancer,Base,5.74,USDT,102174359,2.19,9.29
2024-08-24,Balancer,Base,5.92,DAI,113630644,2.44,9.37
2024-08-25,Aave,Ethereum,3.69,USDC,266941141,25.5,0
2024-08-25,Aave,Ethereum,2.27,USDT,231429516,26.11,0
2024-08-25,Aave,Ethereum,3.71,DAI,265863051,37.35,0
2024-08-25,Aave,Arbitrum,4.02,USDC,253843445,2.08,14.8
2024-08-25,Aave,Arbitrum,4.43,USDT,244761745,2.06,16.78
2024-08-25,Aave,Arbitrum,4.27,DAI,257979452,2.88,12.75
2024-08-25,Aave,Optimism,4.22,USDC,261465361,1.41,9.57
2024-08-25,Aave,Optimism,4.57,USDT,263402629,2.19,8.3
2024-08-25,Aave,Optimism,3.04,DAI,264775209,1.64,4.03
2024-08-25,Aave,Polygon,3.4,USDC,261072121,0.8,9.63
2024-08-25,Aave,Polygon,4.35,USDT,263667772,0.75,10.23
2024-08-25,Aave,Base,3.53,USDC,260665884,2.1,12.29
2024-08-25,Aave,Base,4.37,USDT,269974054,2.08,10.34
2024-08-25,Aave,Base,3.88,DAI,256323871,2.07,13.37
2024-08-25,Compound,Ethereum,3.6,USDC,195258090,33.56,0
2024-08-25,Compound,Ethereum,2.97,USDT,193531492,31.99,0
2024-08-25,Compound,Ethereum,3.33,DAI,177549214,26.74,0
2024-08-25,Compound,Arbitrum,4.49,USDC,182170534,2.5,13.72
2024-08-25,Compound,Arbitrum,4.14,USDT,188362839,2.28,12.61
2024-08-25,Compound,Arbitrum,3.31,DAI,188317553,2.48,17.23
2024-08-25,Compound,Optimism,3.4,USDC,183527962,1.43,7.95
2024-08-25,Compound,Optimism,3.45,USDT,179948111,2.08,7.72
2024-08-25,Compound,Optimism,3.85,DAI,179747155,1.82,7.87
2024-08-25,Compound,Polygon,4.18,USDT,182128966,0.93,8.4
2024-08-25,Compound,Polygon,3.74,DAI,195756724,0.84,6.99
2024-08-25,Compound,Base,3.96,USDC,180013407,2.08,9.97
2024-08-25,Compound,Base,4.02,USDT,175983882,2.47,9.38
2024-08-25,Compound,Base,3.6,DAI,191003081,1.82,12.2
2024-08-25,Curve,Ethereum,5.16,USDC,338242502,33.38,0
2024-08-25,Curve,Ethereum,6.01,USDT,321836036,27.69,0
2024-08-25,Curve,Ethereum,5.53,DAI,291244372,27.99,0
2024-08-25,Curve,Arbitrum,7.45,DAI,329095641,2.09,11.58
2024-08-25,Curve,Optimism,6.06,USDC,333953360,1.18,10.42
2024-08-25,Curve,Optimism,6.15,USDT,323863524,2.17,6.33
2024-08-25,Curve,Optimism,7.03,DAI,310318017,2.4,9.5
2024-08-25,Curve,Polygon,8.03,USDC,327931862,1.02,11.82
2024-08-25,Curve,Polygon,7.9,USDT,321159772,0.96,7.15
2024-08-25,Curve,Polygon,6.93,DAI,311453973,1.38,8.72
2024-08-25,Curve,Base,7.4,USDC,345933504,1.97,10.21
2024-08-25,Curve,Base,6.47,USDT,306219334,1.77,6.66
2024-08-25,Curve,Base,7.02,DAI,312359314,2.33,13.99
2024-08-25,Uniswap V3,Ethereum,4.77,USDC,101100573,29.99,0
2024-08-25,Uniswap V3,Ethereum,6.01,USDT,94925677,29.32,0
2024-08-25,Uniswap V3,Ethereum,4.47,DAI,93437280,31.18,0
2024-08-25,Uniswap V3,Arbitrum,7.58,USDC,103793829,3.39,13.31
2024-08-25,Uniswap V3,Arbitrum,7.22,USDT,98974651,2.79,8.31
2024-08-25,Uniswap V3,Arbitrum,8.57,DAI,100679467,1.98,10.3
2024-08-25,Uniswap V3,Optimism,8.39,USDC,92576272,2.08,11.04
2024-08-25,Uniswap V3,Optimism,8.01,USDT,105032663,2.08,11.74
2024-08-25,Uniswap V3,Optimism,7.71,DAI,98689163,2.07,8.63
2024-08-25,Uniswap V3,Polygon,8.33,USDC,98865641,0.79,6.63
2024-08-25,Uniswap V3,Polygon,8.03,USDT,92045989,0.86,5.51
2024-08-25,Uniswap V3,Polygon,7.48,DAI,100115447,0.61,7.84
2024-08-25,Uniswap V3,Base,8.15,USDC,96151259,2.42,8.15
2024-08-25,Uniswap V3,Base,9.12,USDT,93876026,2.03,8.33
2024-08-25,Uniswap V3,Base,7.9,DAI,92658883,2.46,9.77
2024-08-25,Yearn,Ethereum,3.71,USDT,125836394,22.81,0
2024-08-25,Yearn,Ethereum,4.3,DAI,129929916,34.18,0
2024-08-25,Yearn,Arbitrum,6.1,USDC,123244707,2.16,9.54
2024-08-25,Yearn,Arbitrum,5.01,DAI,124725470,2.54,14.75
2024-08-25,Yearn,Optimism,4.89,USDC,119353354,1.02,11.4
2024-08-25,Yearn,Optimism,5.91,USDT,110562642,1.93,10.95
2024-08-25,Yearn,Optimism,5.58,DAI,114673438,2.04,7.6
2024-08-25,Yearn,Polygon,5.17,USDC,118817335,0.67,7.81
2024-08-25,Yearn,Polygon,5.42,USDT,113406084,0.87,7.4
2024-08-25,Yearn,Polygon,6.08,DAI,112550089,0.94,5.78
2024-08-25,Yearn,Base,5.14,USDC,128429532,2.15,10.24
2024-08-25,Yearn,Base,4.73,USDT,126594376,2.44,11.86
2024-08-25,Yearn,Base,5.67,DAI,121358055,2.27,8.83
2024-08-25,Pendle,Ethereum,9.7,USDC,78361640,34.86,0
2024-08-25,Pendle,Ethereum,6.95,USDT,75710796,25.4,0
2024-08-25,Pendle,Ethereum,8.97,DAI,71456911,26.29,0
2024-08-25,Pendle,Arbitrum,7.64,USDC,72125662,3.79,11.71
2024-08-25,Pendle,Arbitrum,9.21,USDT,77371173,2.76,15.16
2024-08-25,Pendle,Arbitrum,11.45,DAI,73701239,2.88,15.28
2024-08-25,Pendle,Optimism,8.48,USDC,72272391,2.02,13.33
2024-08-25,Pendle,Optimism,9.08,USDT,75531605,1.25,11.41
2024-08-25,Pendle,Optimism,9.92,DAI,74327132,2.12,10.21
2024-08-25,Pendle,Base,11.22,USDC,77665896,2.07,8.24
2024-08-25,Pendle,Base,11.49,USDT,74183440,2.14,8.95
2024-08-25,Convex,Ethereum,4.65,USDC,151038690,22.66,0
2024-08-25,Convex,Ethereum,5.16,USDT,162944504,26.39,0
2024-08-25,Convex,Ethereum,5.27,DAI,139936184,24.69,0
2024-08-25,Balancer,Ethereum,5.69,USDC,111961322,29.54,0
2024-08-25,Balancer,Ethereum,6.65,USDT,114078184,38.12,0
2024-08-25,Balancer,Ethereum,4.65,DAI,124615757,21.41,0
2024-08-25,Balancer,Arbitrum,7.44,USDC,119971534,1.96,14.32
2024-08-25,Balancer,Optimism,6.56,USDC,112725295,1.99,8.03
2024-08-25,Balancer,Optimism,6.98,DAI,118217058,1.7,8.26
2024-08-25,Balancer,Polygon,7.55,USDC,114835085,0.95,10.33
2024-08-25,Balancer,Polygon,7.38,USDT,110266177,1.21,7.66
2024-08-25,Balancer,Base,8.52,USDC,112578535,1.82,10.71
2024-08-25,Balancer,Base,6.35,USDT,116223785,2.25,11.55
2024-08-25,Balancer,Base,7.46,DAI,114187908,2.07,7.72
2024-08-26,Aave,Ethereum,2.65,USDC,270836671,49.16,0
2024-08-26,Aave,Ethereum,2.63,USDT,264800194,48.95,0
2024-08-26,Aave,Ethereum,3.45,DAI,266590954,50.05,0
2024-08-26,Aave,Arbitrum,3.54,USDC,250591579,5.23,11.44
2024-08-26,Aave,Arbitrum,3.91,USDT,269813555,4.47,15.97
2024-08-26,Aave,Optimism,4.38,USDC,244485815,2.23,10.56
2024-08-26,Aave,Optimism,3.69,USDT,240745941,3.93,5.74
2024-08-26,Aave,Optimism,3.52,DAI,256707931,3.81,8.05
2024-08-26,Aave,Polygon,2.96,USDC,241698957,1.28,10.8
2024-08-26,Aave,Polygon,4.04,USDT,249651015,1.59,7.85
2024-08-26,Aave,Polygon,4.39,DAI,254761445,1.8,8.81
2024-08-26,Aave,Base,3.49,USDC,287614971,3.62,10.44
2024-08-26,Aave,Base,3.5,USDT,260817980,3.8,11.07
2024-08-26,Aave,Base,3.06,DAI,276596489,3.17,11.5
2024-08-26,Compound,Ethereum,3.35,USDC,186840242,47.23,0
2024-08-26,Compound,Ethereum,3.33,USDT,175331255,47.82,0
2024-08-26,Compound,Ethereum,3.45,DAI,193366981,38.04,0
2024-08-26,Compound,Arbitrum,3.36,USDC,193285402,3.87,13.75
2024-08-26,Compound,Arbitrum,4.47,USDT,204074934,4.02,15.03
2024-08-26,Compound,Arbitrum,4.44,DAI,176337624,4.23,7.66
2024-08-26,Compound,Optimism,3.86,USDC,192616840,2.04,7.36
2024-08-26,Compound,Optimism,3.55,USDT,187193602,2.97,7.46
2024-08-26,Compound,Optimism,3.6,DAI,183828621,3.04,7.94
2024-08-26,Compound,Polygon,3.26,USDC,188973750,0.99,8.59
2024-08-26,Compound,Polygon,3.99,USDT,187338956,1.46,8.45
2024-08-26,Compound,Polygon,3.84,DAI,182170089,1.12,7.07
2024-08-26,Compound,Base,3.29,USDC,185494306,2.84,10.65
2024-08-26,Compound,Base,3.48,USDT,202863327,3.23,8.74
2024-08-26,Compound,Base,3.5,DAI,188723144,3.35,9.47
2024-08-26,Curve,Ethereum,5.79,USDC,322190239,53.05,0
2024-08-26,Curve,Ethereum,5.87,USDT,329749231,39.76,0
2024-08-26,Curve,Ethereum,5.18,DAI,352131358,29.86,0
2024-08-26,Curve,Arbitrum,7.12,USDC,325743315,3.65,13.56
2024-08-26,Curve,Arbitrum,5.55,USDT,334808654,3.06,10.68
2024-08-26,Curve,Optimism,8.05,USDC,330556538,2.89,11.65
2024-08-26,Curve,Optimism,6.02,USDT,326702534,3.67,10.49
2024-08-26,Curve,Optimism,6.38,DAI,339601321,2.92,8.29
2024-08-26,Curve,Polygon,6.89,USDC,332635190,0.92,8.21
2024-08-26,Curve,Polygon,6.51,USDT,313625477,1.24,5.54
2024-08-26,Curve,Polygon,7.2,DAI,320265063,1.76,8.46
2024-08-26,Curve,Base,7.07,USDC,319417096,3.38,11.91
2024-08-26,Curve,Base,6.83,USDT,334670186,3.37,7.73
2024-08-26,Curve,Base,5.2,DAI,338522759,2.62,11.84
2024-08-26,Uniswap V3,Ethereum,5.91,USDC,96021151,44.42,0
2024-08-26,Uniswap V3,Ethereum,5.89,USDT,97582086,47.63,0
2024-08-26,Uniswap V3,Ethereum,6.94,DAI,103708599,28.01,0
2024-08-26,Uniswap V3,Arbitrum,7.12,USDC,96390880,4.07,11.99
2024-08-26,Uniswap V3,Arbitrum,7.29,DAI,98775086,2.61,11.47
2024-08-26,Uniswap V3,Optimism,5.86,USDC,104215711,3.14,9.73
2024-08-26,Uniswap V3,Optimism,6.44,USDT,94887442,2.74,8.54
2024-08-26,Uniswap V3,Optimism,8.35,DAI,92240484,2.25,9.07
2024-08-26,Uniswap V3,Polygon,6.88,USDC,105832845,1.33,5.07
2024-08-26,Uniswap V3,Polygon,6.84,USDT,95160135,1.57,7.77
2024-08-26,Uniswap V3,Base,7.48,USDC,94781386,3.08,14.85
2024-08-26,Uniswap V3,Base,6.32,USDT,101607632,4.08,10.83
2024-08-26,Uniswap V3,Base,6.71,DAI,93768875,3.73,8.81
2024-08-26,Yearn,Ethereum,4.57,USDC,123270966,30.83,0
2024-08-26,Yearn,Ethereum,4.71,USDT,131331191,40.67,0
2024-08-26,Yearn,Ethereum,5.13,DAI,126751152,49.59,0
2024-08-26,Yearn,Arbitrum,5.22,USDC,118959821,3.44,12.99
2024-08-26,Yearn,Arbitrum,5.3,USDT,129297294,2.06,11.19
2024-08-26,Yearn,Arbitrum,5.37,DAI,126035644,3.02,14.15
2024-08-26,Yearn,Optimism,5.69,USDC,117479493,2.36,10.12
2024-08-26,Yearn,Optimism,5.35,USDT,124368788,2.12,10.28
2024-08-26,Yearn,Optimism,5.54,DAI,126638977,3.24,10.09
2024-08-26,Yearn,Polygon,5.81,USDC,129603973,1.6,9.54
2024-08-26,Yearn,Polygon,5.28,USDT,122183418,1.53,5.06
2024-08-26,Yearn,Polygon,5.0,DAI,116502553,1.25,7.2
2024-08-26,Yearn,Base,4.99,DAI,125713835,2.97,10.95
2024-08-26,Pendle,Ethereum,7.97,USDC,79357936,45.47,0
2024-08-26,Pendle,Ethereum,7.43,USDT,79736909,35.06,0
2024-08-26,Pendle,Ethereum,9.68,DAI,81013959,28.3,0
2024-08-26,Pendle,Arbitrum,8.28,USDC,81916654,3.43,14.87
2024-08-26,Pendle,Arbitrum,9.96,USDT,78813741,3.51,10.4
2024-08-26,Pendle,Arbitrum,14.57,DAI,72999999,3.31,11.61
2024-08-26,Pendle,Optimism,11.74,USDC,78479997,3.07,9.63
2024-08-26,Pendle,Optimism,10.79,USDT,79200800,3.47,8.33
2024-08-26,Pendle,Optimism,9.67,DAI,84482983,3.62,8.93
2024-08-26,Pendle,Base,10.64,USDC,81152176,3.43,8.87
2024-08-26,Pendle,Base,8.82,USDT,78936097,3.3,10.97
2024-08-26,Pendle,Base,8.58,DAI,77350481,3.34,10.45
2024-08-26,Convex,Ethereum,5.11,USDC,147411073,38.78,0
2024-08-26,Convex,Ethereum,4.28,USDT,156846603,41.44,0
2024-08-26,Convex,Ethereum,5.56,DAI,149089350,40.77,0
2024-08-26,Balancer,Ethereum,5.95,USDC,102956791,37.52,0
2024-08-26,Balancer,Ethereum,6.13,USDT,104735372,47.61,0
2024-08-26,Balancer,Arbitrum,6.54,USDC,109759272,3.36,18.25
2024-08-26,Balancer,Arbitrum,8.97,DAI,116518406,3.82,12.83
2024-08-26,Balancer,Optimism,7.56,USDC,112945802,3.02,7.8
2024-08-26,Balancer,Optimism,7.08,USDT,108831079,2.66,9.18
2024-08-26,Balancer,Optimism,6.48,DAI,113577768,2.8,8.45
2024-08-26,Balancer,Polygon,7.7,USDC,104417678,1.32,9.16
2024-08-26,Balancer,Polygon,8.49,USDT,106059494,1.49,6.6
2024-08-26,Balancer,Polygon,6.97,DAI,110854999,1.19,10.28
2024-08-26,Balancer,Base,5.56,USDC,112521687,3.55,7.69
2024-08-26,Balancer,Base,7.2,USDT,124669840,3.14,11.15
2024-08-26,Balancer,Base,5.98,DAI,111902952,3.63,11.23
2024-08-27,Aave,Ethereum,3.97,USDT,285670160,36.3,0
2024-08-27,Aave,Ethereum,3.66,DAI,255251567,55.18,0
2024-08-27,Aave,Arbitrum,3.8,USDC,269509875,4.39,8.01
2024-08-27,Aave,Arbitrum,4.76,DAI,246871523,1.65,8.16
2024-08-27,Aave,Optimism,4.19,USDC,260021172,3.9,10.28
2024-08-27,Aave,Optimism,4.02,USDT,274394937,2.4,10.18
2024-08-27,Aave,Optimism,4.4,DAI,289422315,3.6,9.26
2024-08-27,Aave,Polygon,4.77,USDC,257276522,1.14,4.93
2024-08-27,Aave,Polygon,4.25,USDT,283762391,1.1,10.92
2024-08-27,Aave,Polygon,3.65,DAI,262082750,1.88,7.58
2024-08-27,Aave,Base,3.89,USDC,260679428,3.41,8.53
2024-08-27,Aave,Base,3.57,USDT,255759384,3.58,12.38
2024-08-27,Aave,Base,4.2,DAI,262981251,3.35,9.48
2024-08-27,Compound,Ethereum,3.61,USDT,176575350,48.01,0
2024-08-27,Compound,Ethereum,2.8,DAI,161257125,42.15,0
2024-08-27,Compound,Arbitrum,3.82,USDC,192550847,3.66,18.29
2024-08-27,Compound,Arbitrum,3.4,USDT,195350363,3.25,14.14
2024-08-27,Compound,Arbitrum,4.22,DAI,187399235,3.48,14.27
2024-08-27,Compound,Optimism,4.43,USDC,199723699,3.43,8.74
2024-08-27,Compound,Optimism,3.37,USDT,188237860,3.08,10.1
2024-08-27,Compound,Optimism,3.54,DAI,183131029,1.85,8.85
2024-08-27,Compound,Polygon,3.79,USDC,188852814,1.31,10.26
2024-08-27,Compound,Polygon,4.0,USDT,194757341,1.75,7.94
2024-08-27,Compound,Polygon,2.89,DAI,178065817,1.35,10.18
2024-08-27,Compound,Base,3.64,USDC,179262396,2.96,8.4
2024-08-27,Compound,Base,3.92,USDT,181557461,2.93,9.99
2024-08-27,Compound,Base,3.78,DAI,198504339,3.64,7.94
2024-08-27,Curve,Ethereum,5.49,USDC,339980669,45.13,0
2024-08-27,Curve,Ethereum,5.88,USDT,314606105,42.62,0
2024-08-27,Curve,Ethereum,5.34,DAI,331528373,29.22,0
2024-08-27,Curve,Arbitrum,7.36,USDC,332860021,2.98,10.0
2024-08-27,Curve,Arbitrum,5.91,USDT,348875694,2.7,12.3
2024-08-27,Curve,Arbitrum,6.49,DAI,324368343,4.09,12.65
2024-08-27,Curve,Optimism,6.98,USDC,338459008,2.89,8.39
2024-08-27,Curve,Optimism,6.29,USDT,337293092,3.24,6.76
2024-08-27,Curve,Optimism,5.07,DAI,330922059,3.62,12.12
2024-08-27,Curve,Polygon,5.52,USDC,320864094,1.2,9.33
2024-08-27,Curve,Polygon,8.19,USDT,311492451,0.94,5.73
2024-08-27,Curve,Polygon,6.06,DAI,333021164,1.76,6.76
2024-08-27,Curve,Base,6.55,USDC,331336005,3.22,10.51
2024-08-27,Curve,Base,7.25,USDT,321667362,2.69,11.28
2024-08-27,Curve,Base,6.71,DAI,332470716,3.17,13.57
2024-08-27,Uniswap V3,Ethereum,6.75,USDC,99386337,40.67,0
2024-08-27,Uniswap V3,Ethereum,6.7,USDT,95921485,37.85,0
2024-08-27,Uniswap V3,Ethereum,5.67,DAI,102442594,51.02,0
2024-08-27,Uniswap V3,Arbitrum,7.7,USDC,100005351,3.59,7.92
2024-08-27,Uniswap V3,Arbitrum,6.38,USDT,99167654,4.03,14.25
2024-08-27,Uniswap V3,Arbitrum,8.68,DAI,107564923,3.23,13.24
2024-08-27,Uniswap V3,Optimism,6.61,USDT,102320898,3.38,8.05
2024-08-27,Uniswap V3,Optimism,7.87,DAI,96898554,3.51,10.93
2024-08-27,Uniswap V3,Polygon,6.9,USDC,92899756,1.1,7.26
2024-08-27,Uniswap V3,Polygon,7.02,USDT,96353414,1.53,9.35
2024-08-27,Uniswap V3,Polygon,8.24,DAI,100706165,1.24,7.73
2024-08-27,Uniswap V3,Base,8.06,USDC,101537769,2.97,9.23
2024-08-27,Uniswap V3,Base,6.23,USDT,99181398,4.21,8.89
2024-08-27,Uniswap V3,Base,6.01,DAI,99106575,3.95,9.8
2024-08-27,Yearn,Ethereum,4.0,USDC,137465090,53.04,0
2024-08-27,Yearn,Ethereum,3.84,USDT,119807346,47.92,0
2024-08-27,Yearn,Ethereum,4.22,DAI,132534426,39.41,0
2024-08-27,Yearn,Arbitrum,5.32,USDT,123435865,4.23,11.21
2024-08-27,Yearn,Arbitrum,5.59,DAI,132882678,5.26,8.34
2024-08-27,Yearn,Optimism,5.41,USDC,127160473,2.99,9.12
2024-08-27,Yearn,Optimism,5.02,USDT,119931657,1.27,10.1
2024-08-27,Yearn,Polygon,5.53,USDC,131920124,1.33,8.77
2024-08-27,Yearn,Polygon,5.25,USDT,131184823,1.65,8.98
2024-08-27,Yearn,Polygon,4.72,DAI,128367763,1.56,10.32
2024-08-27,Yearn,Base,5.1,USDC,125943494,2.79,9.61
2024-08-27,Yearn,Base,5.55,USDT,121681992,3.74,13.21
2024-08-27,Yearn,Base,5.39,DAI,136911628,3.79,8.62
2024-08-27,Pendle,Ethereum,6.6,USDC,77676034,45.06,0
2024-08-27,Pendle,Ethereum,7.31,USDT,70486540,43.94,0
2024-08-27,Pendle,Ethereum,9.18,DAI,74564303,31.91,0
2024-08-27,Pendle,Arbitrum,10.4,USDT,72421026,3.75,11.91
2024-08-27,Pendle,Arbitrum,7.57,DAI,77027324,3.34,14.79
2024-08-27,Pendle,Optimism,9.09,USDC,78922455,2.41,10.01
2024-08-27,Pendle,Optimism,8.88,USDT,77586932,2.46,14.48
2024-08-27,Pendle,Optimism,8.22,DAI,86660905,3.46,6.98
2024-08-27,Pendle,Base,9.32,USDC,75588044,4.07,8.82
2024-08-27,Pendle,Base,10.07,USDT,82141060,4.17,9.75
2024-08-27,Pendle,Base,11.78,DAI,84167079,2.69,9.64
2024-08-27,Convex,Ethereum,3.72,USDC,147263400,48.53,0
2024-08-27,Convex,Ethereum,5.69,DAI,161828890,32.05,0
2024-08-27,Balancer,Ethereum,6.09,USDC,113033153,28.21,0
2024-08-27,Balancer,Ethereum,6.16,USDT,117758672,40.62,0
2024-08-27,Balancer,Ethereum,5.81,DAI,111824300,39.2,0
2024-08-27,Balancer,Arbitrum,7.85,USDC,114843229,4.4,13.71
2024-08-27,Balancer,Arbitrum,7.13,USDT,109819475,4.59,13.71
2024-08-27,Balancer,Arbitrum,7.32,DAI,125031127,3.55,11.16
2024-08-27,Balancer,Optimism,7.05,USDC,110952837,3.14,8.3
2024-08-27,Balancer,Optimism,6.87,DAI,119754957,3.36,10.1
2024-08-27,Balancer,Polygon,8.32,USDC,119933994,1.18,8.72
2024-08-27,Balancer,Polygon,8.82,USDT,114493921,1.42,7.69
2024-08-27,Balancer,Polygon,8.63,DAI,124700124,1.19,7.64
2024-08-27,Balancer,Base,7.37,DAI,120356224,2.6,8.48
2024-08-28,Aave,Ethereum,3.36,USDC,261390611,48.56,0
2024-08-28,Aave,Ethereum,2.28,USDT,259113174,52.02,0
2024-08-28,Aave,Arbitrum,4.17,USDC,277009506,1.91,16.98
2024-08-28,Aave,Arbitrum,3.26,DAI,277762750,3.03,12.05
2024-08-28,Aave,Optimism,3.35,USDC,271765128,2.35,11.05
2024-08-28,Aave,Optimism,4.06,USDT,266925119,3.2,11.42
2024-08-28,Aave,Optimism,4.0,DAI,271498042,2.78,8.13
2024-08-28,Aave,Polygon,3.77,USDC,252678179,1.58,8.18
2024-08-28,Aave,Polygon,3.62,DAI,268549942,1.14,7.45
2024-08-28,Aave,Base,4.74,USDC,277233626,3.06,8.91
2024-08-28,Aave,Base,4.25,USDT,276563198,3.69,9.62
2024-08-28,Aave,Base,3.45,DAI,263236531,3.8,10.07
2024-08-28,Compound,Ethereum,3.17,USDC,201349722,44.63,0
2024-08-28,Compound,Ethereum,3.03,USDT,192071550,41.12,0
2024-08-28,Compound,Ethereum,3.39,DAI,204427955,43.22,0
2024-08-28,Compound,Arbitrum,4.25,USDT,184699031,3.67,9.22
2024-08-28,Compound,Arbitrum,4.26,DAI,192211179,3.19,14.77
2024-08-28,Compound,Optimism,3.67,USDC,188479570,3.28,9.88
2024-08-28,Compound,Optimism,3.98,USDT,201161012,3.59,8.11
2024-08-28,Compound,Optimism,3.59,DAI,195229861,2.47,7.6
2024-08-28,Compound,Polygon,3.84,USDC,189871579,1.14,6.71
2024-08-28,Compound,Polygon,3.79,USDT,193445035,1.52,3.94
2024-08-28,Compound,Polygon,4.06,DAI,192426245,1.33,7.6
2024-08-28,Compound,Base,3.77,USDC,199637091,3.37,10.09
2024-08-28,Compound,Base,3.42,USDT,198436059,3.17,10.95
2024-08-28,Compound,Base,3.59,DAI,191950210,2.72,5.18
2024-08-28,Curve,Ethereum,5.03,USDC,356228987,36.47,0
2024-08-28,Curve,Ethereum,5.23,DAI,336033688,44.51,0
2024-08-28,Curve,Arbitrum,7.18,USDT,363724174,3.35,14.29
2024-08-28,Curve,Optimism,7.27,USDC,340356750,3.14,9.61
2024-08-28,Curve,Optimism,6.86,USDT,343519147,3.16,8.73
2024-08-28,Curve,Optimism,8.05,DAI,325989975,3.27,6.74
2024-08-28,Curve,Polygon,6.92,USDC,343497663,1.39,5.88
2024-08-28,Curve,Polygon,7.99,USDT,335539848,1.04,7.26
2024-08-28,Curve,Polygon,6.05,DAI,361723721,1.86,5.96
2024-08-28,Curve,Base,5.58,USDC,372933882,4.13,7.02
2024-08-28,Curve,Base,5.6,USDT,340997805,4.38,10.69
2024-08-28,Curve,Base,6.67,DAI,358249925,3.39,9.25
2024-08-28,Uniswap V3,Ethereum,5.96,DAI,113363448,43.62,0
2024-08-28,Uniswap V3,Arbitrum,8.7,USDC,104805701,3.24,10.84
2024-08-28,Uniswap V3,Arbitrum,7.48,USDT,100006432,1.5,11.48
2024-08-28,Uniswap V3,Arbitrum,7.27,DAI,96642415,3.34,15.09
2024-08-28,Uniswap V3,Optimism,5.98,USDC,102100742,3.17,9.0
2024-08-28,Uniswap V3,Optimism,8.42,USDT,102642732,2.82,9.71
2024-08-28,Uniswap V3,Optimism,7.83,DAI,106323888,2.88,7.93
2024-08-28,Uniswap V3,Polygon,8.08,USDC,100357102,1.25,6.62
2024-08-28,Uniswap V3,Polygon,5.8,USDT,100212553,1.45,10.47
2024-08-28,Uniswap V3,Polygon,8.94,DAI,109124183,1.57,9.21
2024-08-28,Uniswap V3,Base,5.79,USDC,97744198,2.94,7.35
2024-08-28,Uniswap V3,Base,6.81,USDT,107795257,3.52,10.25
2024-08-28,Uniswap V3,Base,8.25,DAI,102874013,3.88,9.24
2024-08-28,Yearn,Ethereum,3.8,USDC,128452514,45.73,0
2024-08-28,Yearn,Ethereum,4.28,DAI,134957474,49.45,0
2024-08-28,Yearn,Arbitrum,5.73,USDC,123733857,3.62,11.58
2024-08-28,Yearn,Arbitrum,5.08,DAI,128793039,3.26,11.92
2024-08-28,Yearn,Optimism,4.14,USDC,123583810,3.09,6.95
2024-08-28,Yearn,Optimism,5.57,USDT,117874272,3.14,12.66
2024-08-28,Yearn,Optimism,4.86,DAI,129282690,3.08,7.77
2024-08-28,Yearn,Polygon,6.06,USDC,124197026,1.62,9.43
2024-08-28,Yearn,Polygon,6.59,USDT,120422570,1.4,10.82
2024-08-28,Yearn,Polygon,5.03,DAI,140043342,1.04,9.96
2024-08-28,Yearn,Base,5.23,USDC,131937268,3.07,9.12
2024-08-28,Yearn,Base,4.57,USDT,133631430,4.07,9.95
2024-08-28,Pendle,Ethereum,6.53,USDC,72468556,39.31,0
2024-08-28,Pendle,Arbitrum,9.19,USDC,75021622,4.22,14.27
2024-08-28,Pendle,Arbitrum,9.99,USDT,78124139,4.59,9.39
2024-08-28,Pendle,Arbitrum,13.32,DAI,78269706,3.33,11.85
2024-08-28,Pendle,Optimism,7.48,USDC,79310561,3.39,11.49
2024-08-28,Pendle,Optimism,9.44,USDT,81806932,2.1,12.07
2024-08-28,Pendle,Optimism,8.34,DAI,81451519,3.37,9.27
2024-08-28,Pendle,Base,8.96,USDC,77961013,3.36,10.34
2024-08-28,Pendle,Base,9.05,USDT,82717331,3.62,7.27
2024-08-28,Pendle,Base,7.86,DAI,81817542,3.92,8.0
2024-08-28,Convex,Ethereum,5.67,USDC,159979707,43.27,0
2024-08-28,Convex,Ethereum,4.87,USDT,165044401,46.76,0
2024-08-28,Convex,Ethereum,4.67,DAI,167457482,40.68,0
2024-08-28,Balancer,Ethereum,6.04,USDC,118253896,44.42,0
2024-08-28,Balancer,Ethereum,5.58,USDT,122074576,35.52,0
2024-08-28,Balancer,Ethereum,5.63,DAI,111279780,44.55,0
2024-08-28,Balancer,Arbitrum,6.72,USDT,122788344,3.63,10.9
2024-08-28,Balancer,Arbitrum,6.82,DAI,125687941,4.91,14.87
2024-08-28,Balancer,Optimism,6.33,USDC,115940156,3.38,11.76
2024-08-28,Balancer,Optimism,6.16,USDT,113204380,1.28,8.12
2024-08-28,Balancer,Optimism,6.13,DAI,112338945,2.83,11.15
2024-08-28,Balancer,Polygon,8.12,USDC,122234634,1.6,10.96
2024-08-28,Balancer,Polygon,8.14,USDT,113416164,1.7,6.48
2024-08-28,Balancer,Base,6.55,USDC,121656434,4.19,8.59
2024-08-28,Balancer,Base,7.63,USDT,111157712,3.9,8.04
2024-08-28,Balancer,Base,7.41,DAI,119168837,2.82,11.15
2024-08-29,Aave,Ethereum,3.41,USDC,272853132,34.8,0
2024-08-29,Aave,Ethereum,3.27,USDT,270047685,56.94,0
2024-08-29,Aave,Ethereum,2.59,DAI,275722689,39.69,0
2024-08-29,Aave,Arbitrum,2.94,USDC,271396960,4.19,11.97
2024-08-29,Aave,Arbitrum,4.13,USDT,276276485,2.82,10.73
2024-08-29,Aave,Arbitrum,4.3,DAI,261680400,2.46,13.37
2024-08-29,Aave,Optimism,3.84,DAI,267972847,2.57,9.72
2024-08-29,Aave,Polygon,4.08,USDC,268184021,1.6,8.92
2024-08-29,Aave,Polygon,4.25,USDT,280340945,1.74,9.52
2024-08-29,Aave,Polygon,5.11,DAI,270464571,1.77,8.89
2024-08-29,Aave,Base,4.28,USDC,277578029,2.98,9.84
2024-08-29,Compound,Ethereum,2.63,USDC,195827533,40.68,0
2024-08-29,Compound,Ethereum,2.53,USDT,200229585,50.33,0
2024-08-29,Compound,Ethereum,2.89,DAI,180915377,26.37,0
2024-08-29,Compound,Arbitrum,3.68,USDC,206905940,3.49,10.56
2024-08-29,Compound,Arbitrum,3.48,USDT,195201340,2.13,10.14
2024-08-29,Compound,Arbitrum,3.86,DAI,203548168,3.94,13.8
2024-08-29,Compound,Optimism,3.14,USDC,187260822,2.52,8.91
2024-08-29,Compound,Optimism,3.28,USDT,190707536,2.99,4.33
2024-08-29,Compound,Optimism,3.83,DAI,198002771,2.66,6.92
2024-08-29,Compound,Polygon,3.74,USDC,212504605,1.03,9.37
2024-08-29,Compound,Polygon,3.57,USDT,198864739,1.08,7.87
2024-08-29,Compound,Polygon,3.99,DAI,190940217,1.59,9.08
2024-08-29,Compound,Base,3.66,USDC,189047556,3.75,14.73
2024-08-29,Compound,Base,3.66,USDT,200058184,3.42,9.65
2024-08-29,Compound,Base,3.64,DAI,211879834,2.7,8.62
2024-08-29,Curve,Ethereum,6.87,USDC,362313824,36.77,0
2024-08-29,Curve,Ethereum,5.89,USDT,344625874,33.97,0
2024-08-29,Curve,Ethereum,4.75,DAI,354297756,50.47,0
2024-08-29,Curve,Arbitrum,7.06,USDC,342645139,4.4,8.05
2024-08-29,Curve,Arbitrum,6.65,USDT,334481520,4.81,9.43
2024-08-29,Curve,Arbitrum,6.3,DAI,386859376,4.59,15.91
2024-08-29,Curve,Optimism,6.56,USDC,332234662,3.49,12.54
2024-08-29,Curve,Optimism,6.63,USDT,346936590,2.82,8.1
2024-08-29,Curve,Optimism,5.97,DAI,361125106,2.83,5.81
2024-08-29,Curve,Polygon,7.18,USDC,353480709,0.97,11.27
2024-08-29,Curve,Polygon,7.51,USDT,354285548,1.76,4.56
2024-08-29,Curve,Polygon,9.03,DAI,389908254,1.4,7.92
2024-08-29,Curve,Base,6.75,USDC,381229489,2.14,9.45
2024-08-29,Curve,Base,6.89,USDT,340596194,2.71,8.88
2024-08-29,Curve,Base,7.13,DAI,331389436,2.54,9.96
2024-08-29,Uniswap V3,Ethereum,7.11,USDC,104977324,31.16,0
2024-08-29,Uniswap V3,Ethereum,4.53,USDT,102765362,46.07,0
2024-08-29,Uniswap V3,Arbitrum,7.28,USDC,99028543,3.73,14.21
2024-08-29,Uniswap V3,Arbitrum,8.78,USDT,110423573,4.54,16.67
2024-08-29,Uniswap V3,Arbitrum,7.66,DAI,107842523,3.25,12.46
2024-08-29,Uniswap V3,Optimism,6.55,USDC,94525096,2.64,12.67
2024-08-29,Uniswap V3,Optimism,7.75,USDT,104096612,2.94,6.29
2024-08-29,Uniswap V3,Optimism,7.47,DAI,106768052,2.31,10.82
2024-08-29,Uniswap V3,Polygon,9.53,USDC,106893565,1.24,11.16
2024-08-29,Uniswap V3,Polygon,8.47,USDT,102499514,1.83,8.18
2024-08-29,Uniswap V3,Polygon,7.7,DAI,108984266,1.75,7.34
2024-08-29,Uniswap V3,Base,7.13,USDC,97155077,3.16,12.0
2024-08-29,Uniswap V3,Base,5.87,USDT,100940489,3.0,7.05
2024-08-29,Uniswap V3,Base,6.74,DAI,100854306,3.87,10.62
2024-08-29,Yearn,Ethereum,4.57,USDC,141838005,32.77,0
2024-08-29,Yearn,Ethereum,4.77,USDT,126881675,29.01,0
2024-08-29,Yearn,Ethereum,4.61,DAI,128154572,41.51,0
2024-08-29,Yearn,Arbitrum,5.43,USDC,138183148,2.39,12.22
2024-08-29,Yearn,Arbitrum,4.29,DAI,132392056,4.83,13.16
2024-08-29,Yearn,Optimism,5.04,USDC,128650035,3.2,9.79
2024-08-29,Yearn,Optimism,5.44,USDT,129765648,3.21,8.77
2024-08-29,Yearn,Optimism,4.0,DAI,124930857,3.09,9.77
2024-08-29,Yearn,Polygon,4.67,USDC,141330391,1.46,8.58
2024-08-29,Yearn,Polygon,4.83,USDT,128574158,1.46,6.6
2024-08-29,Yearn,Base,6.21,USDC,129897354,3.98,13.0
2024-08-29,Yearn,Base,5.52,USDT,129466999,4.64,7.82
2024-08-29,Pendle,Ethereum,8.41,USDC,86194326,38.63,0
2024-08-29,Pendle,Ethereum,6.82,USDT,80419495,47.54,0
2024-08-29,Pendle,Ethereum,7.66,DAI,73683579,41.48,0
2024-08-29,Pendle,Arbitrum,9.62,USDC,82470054,3.17,9.83
2024-08-29,Pendle,Arbitrum,8.95,USDT,83578808,4.79,12.77
2024-08-29,Pendle,Arbitrum,10.4,DAI,81847080,1.66,9.08
2024-08-29,Pendle,Optimism,6.9,USDC,78868597,2.83,8.14
2024-08-29,Pendle,Optimism,8.93,USDT,80918232,3.26,5.72
2024-08-29,Pendle,Optimism,9.98,DAI,78939913,2.83,7.59
2024-08-29,Pendle,Base,9.0,USDC,84093196,4.03,11.58
2024-08-29,Pendle,Base,12.07,USDT,79553969,3.04,13.08
2024-08-29,Pendle,Base,10.27,DAI,75993775,2.87,13.44
2024-08-29,Convex,Ethereum,3.9,USDC,168506795,38.28,0
2024-08-29,Balancer,Ethereum,6.18,USDC,121711711,40.89,0
2024-08-29,Balancer,Ethereum,4.65,USDT,121781497,50.34,0
2024-08-29,Balancer,Ethereum,5.6,DAI,121659102,37.1,0
2024-08-29,Balancer,Arbitrum,7.43,USDC,118298199,2.4,12.25
2024-08-29,Balancer,Arbitrum,8.07,USDT,117861026,3.82,12.02
2024-08-29,Balancer,Arbitrum,6.62,DAI,121886824,3.67,10.14
2024-08-29,Balancer,Optimism,6.9,USDC,106276939,3.86,8.92
2024-08-29,Balancer,Optimism,6.94,USDT,112654759,2.91,6.48
2024-08-29,Balancer,Optimism,6.84,DAI,121809770,3.88,9.77
2024-08-29,Balancer,Polygon,7.15,USDC,111424661,1.45,8.35
2024-08-29,Balancer,Polygon,7.29,USDT,118715077,1.38,4.87
2024-08-29,Balancer,Polygon,7.27,DAI,120858547,1.41,9.44
2024-08-29,Balancer,Base,8.01,USDT,120455452,3.85,6.55
2024-08-29,Balancer,Base,8.46,DAI,117295956,4.02,13.5
2024-08-30,Aave,Ethereum,2.6,USDC,290294067,40.05,0
2024-08-30,Aave,Ethereum,2.89,USDT,272339820,45.35,0
2024-08-30,Aave,Ethereum,2.85,DAI,299692850,51.49,0
2024-08-30,Aave,Arbitrum,2.88,USDC,272949914,2.99,13.55
2024-08-30,Aave,Arbitrum,3.62,USDT,277181981,3.11,12.57
2024-08-30,Aave,Arbitrum,4.71,DAI,298064050,4.01,9.7
2024-08-30,Aave,Optimism,3.43,USDC,285655286,3.53,9.53
2024-08-30,Aave,Optimism,4.15,USDT,321274917,2.69,12.35
2024-08-30,Aave,Optimism,4.33,DAI,266201066,3.38,9.01
2024-08-30,Aave,Polygon,4.25,USDC,275822457,1.29,6.97
2024-08-30,Aave,Polygon,4.51,USDT,285793940,1.57,10.49
2024-08-30,Aave,Polygon,3.94,DAI,293873313,1.71,6.58
2024-08-30,Aave,Base,3.94,USDT,285520325,3.74,13.78
2024-08-30,Aave,Base,3.59,DAI,293756011,3.23,10.65
2024-08-30,Compound,Ethereum,2.8,USDC,195754101,26.95,0
2024-08-30,Compound,Ethereum,2.95,DAI,196052969,38.5,0
2024-08-30,Compound,Arbitrum,3.58,USDC,183766902,3.02,15.73
2024-08-30,Compound,Arbitrum,3.29,DAI,202348473,3.81,10.31
2024-08-30,Compound,Optimism,3.46,USDC,201199189,2.92,14.42
2024-08-30,Compound,Optimism,3.43,USDT,207523439,2.03,5.87
2024-08-30,Compound,Optimism,3.43,DAI,207612482,2.96,7.79
2024-08-30,Compound,Polygon,3.75,USDC,194876304,1.87,5.83
2024-08-30,Compound,Polygon,3.64,USDT,182391152,0.95,9.1
2024-08-30,Compound,Polygon,3.61,DAI,193139099,1.25,7.05
2024-08-30,Compound,Base,2.94,USDC,186842823,3.11,10.3
2024-08-30,Compound,Base,3.63,USDT,198883513,3.3,10.2
2024-08-30,Compound,Base,3.49,DAI,194859745,3.82,12.62
2024-08-30,Curve,Ethereum,4.16,USDC,342238917,35.97,0
2024-08-30,Curve,Ethereum,5.45,USDT,371962158,47.25,0
2024-08-30,Curve,Ethereum,5.55,DAI,340927841,43.06,0
2024-08-30,Curve,Arbitrum,6.65,USDC,359421477,4.07,11.32
2024-08-30,Curve,Arbitrum,5.53,USDT,347368333,3.25,11.91
2024-08-30,Curve,Arbitrum,5.8,DAI,343308787,4.28,12.51
2024-08-30,Curve,Optimism,4.84,USDC,399426405,3.07,5.84
2024-08-30,Curve,Optimism,6.13,USDT,380967385,3.19,7.25
2024-08-30,Curve,Optimism,6.3,DAI,365227468,2.41,8.04
2024-08-30,Curve,Polygon,6.4,USDC,400189831,1.79,3.67
2024-08-30,Curve,Polygon,7.01,USDT,366612056,1.07,7.81
2024-08-30,Curve,Polygon,7.28,DAI,352017484,1.74,4.19
2024-08-30,Curve,Base,6.15,USDC,380857896,3.39,6.08
2024-08-30,Curve,Base,5.9,USDT,354532263,3.51,7.14
2024-08-30,Uniswap V3,Ethereum,4.18,USDC,103063473,55.42,0
2024-08-30,Uniswap V3,Ethereum,4.97,USDT,108276978,42.88,0
2024-08-30,Uniswap V3,Ethereum,5.29,DAI,106314498,27.18,0
2024-08-30,Uniswap V3,Arbitrum,6.7,USDC,109104674,3.43,12.87
2024-08-30,Uniswap V3,Arbitrum,8.03,DAI,107004102,3.55,11.5
2024-08-30,Uniswap V3,Optimism,8.47,USDC,108382653,2.64,10.22
2024-08-30,Uniswap V3,Optimism,6.89,USDT,101838474,3.24,8.95
2024-08-30,Uniswap V3,Optimism,8.54,DAI,104534211,3.53,10.6
2024-08-30,Uniswap V3,Polygon,8.53,USDC,106226283,1.81,8.65
2024-08-30,Uniswap V3,Polygon,7.47,USDT,101307615,1.51,8.21
2024-08-30,Uniswap V3,Polygon,8.55,DAI,108681636,1.42,4.36
2024-08-30,Uniswap V3,Base,6.52,USDC,111366610,2.8,5.63
2024-08-30,Uniswap V3,Base,6.4,USDT,105641234,2.98,11.82
2024-08-30,Yearn,Ethereum,4.9,USDC,142785293,32.76,0
2024-08-30,Yearn,Ethereum,4.15,USDT,143191956,43.8,0
2024-08-30,Yearn,Arbitrum,4.36,USDC,136141211,2.66,14.72
2024-08-30,Yearn,Arbitrum,5.9,USDT,142806057,4.19,10.23
2024-08-30,Yearn,Arbitrum,5.26,DAI,128695339,3.91,17.32
2024-08-30,Yearn,Optimism,4.94,USDC,123587173,2.55,5.64
2024-08-30,Yearn,Optimism,5.3,USDT,134764612,2.95,8.19
2024-08-30,Yearn,Optimism,4.85,DAI,141211787,2.95,10.29
2024-08-30,Yearn,Polygon,5.32,USDC,124814188,1.17,9.19
2024-08-30,Yearn,Polygon,4.13,USDT,133403534,2.3,7.28
2024-08-30,Yearn,Polygon,4.6,DAI,132409728,0.95,10.65
2024-08-30,Yearn,Base,5.2,USDC,138753451,3.59,11.83
2024-08-30,Yearn,Base,4.61,USDT,130384258,2.85,9.25
2024-08-30,Yearn,Base,5.86,DAI,136499752,2.76,10.67
2024-08-30,Pendle,Ethereum,9.44,USDC,89877503,36.86,0
2024-08-30,Pendle,Ethereum,9.07,USDT,82559853,35.3,0
2024-08-30,Pendle,Ethereum,7.84,DAI,86299849,47.35,0
2024-08-30,Pendle,Arbitrum,10.67,USDC,81689931,3.7,8.87
2024-08-30,Pendle,Arbitrum,9.88,USDT,78670685,1.9,11.78
2024-08-30,Pendle,Arbitrum,13.29,DAI,85762117,3.36,14.55
2024-08-30,Pendle,Optimism,12.92,USDT,82958468,2.68,9.37
2024-08-30,Pendle,Optimism,9.95,DAI,89006078,2.66,9.97
2024-08-30,Pendle,Base,11.62,USDC,92114609,2.97,11.73
2024-08-30,Pendle,Base,10.36,DAI,76771100,2.89,11.26
2024-08-30,Convex,Ethereum,5.73,USDC,173541638,34.55,0
2024-08-30,Convex,Ethereum,5.01,DAI,163663903,61.45,0
2024-08-30,Balancer,Ethereum,6.02,USDC,124639782,47.55,0
2024-08-30,Balancer,Ethereum,5.55,USDT,119795183,44.33,0
2024-08-30,Balancer,Ethereum,6.03,DAI,124747511,53.74,0
2024-08-30,Balancer,Arbitrum,6.44,USDC,120415461,4.23,11.81
2024-08-30,Balancer,Arbitrum,7.47,USDT,118288739,4.78,13.69
2024-08-30,Balancer,Arbitrum,6.69,DAI,126524044,4.0,13.36
2024-08-30,Balancer,Optimism,6.34,USDC,120379851,3.04,4.37
2024-08-30,Balancer,Optimism,6.31,USDT,124281739,3.59,8.49
2024-08-30,Balancer,Optimism,6.49,DAI,132776828,3.1,7.65
2024-08-30,Balancer,Polygon,7.9,USDC,112114811,1.82,8.01
2024-08-30,Balancer,Polygon,7.16,USDT,116608164,1.7,8.93
2024-08-30,Balancer,Polygon,5.55,DAI,120387755,1.34,6.83
2024-08-30,Balancer,Base,7.13,USDC,128116870,4.32,8.35
2024-08-30,Balancer,Base,6.85,USDT,124008273,3.7,7.61
2024-08-30,Balancer,Base,6.91,DAI,122658588,3.0,10.22
2024-08-31,Aave,Ethereum,2.41,USDC,285639348,31.95,0
2024-08-31,Aave,Ethereum,3.03,USDT,293383086,26.47,0
2024-08-31,Aave,Ethereum,2.96,DAI,307936982,31.18,0
2024-08-31,Aave,Arbitrum,3.97,USDC,293433557,1.56,10.88
2024-08-31,Aave,Arbitrum,2.86,DAI,311438563,1.92,6.32
2024-08-31,Aave,Optimism,3.19,USDC,252887807,2.1,9.59
2024-08-31,Aave,Optimism,3.29,USDT,257411615,2.35,10.11
2024-08-31,Aave,Optimism,3.71,DAI,297989881,2.46,13.28
2024-08-31,Aave,Polygon,3.2,USDC,283922040,0.94,7.56
2024-08-31,Aave,Polygon,4.34,USDT,304604741,0.82,7.61
2024-08-31,Aave,Polygon,4.56,DAI,307305333,1.38,8.3
2024-08-31,Aave,Base,3.72,USDT,302220675,2.28,10.97
2024-08-31,Aave,Base,3.11,DAI,293621419,2.51,11.29
2024-08-31,Compound,Ethereum,3.23,USDT,210471150,34.93,0
2024-08-31,Compound,Ethereum,2.87,DAI,195596362,35.11,0
2024-08-31,Compound,Arbitrum,4.46,USDC,200153250,1.59,12.18
2024-08-31,Compound,Arbitrum,3.4,DAI,197095968,2.09,17.15
2024-08-31,Compound,Optimism,3.13,USDC,192941260,1.41,5.4
2024-08-31,Compound,Optimism,3.4,USDT,205598115,1.8,8.55
2024-08-31,Compound,Optimism,4.31,DAI,204001299,2.35,6.42
2024-08-31,Compound,Polygon,3.64,USDC,220067810,0.87,7.15
2024-08-31,Compound,Polygon,3.82,USDT,213842956,1.06,9.36
2024-08-31,Compound,Base,3.36,USDC,194417978,2.05,9.05
2024-08-31,Compound,Base,2.62,USDT,208368810,2.28,9.44
2024-08-31,Compound,Base,3.54,DAI,212916968,2.22,13.76
2024-08-31,Curve,Ethereum,4.76,USDC,359905437,26.01,0
2024-08-31,Curve,Ethereum,5.98,USDT,340127252,28.35,0
2024-08-31,Curve,Ethereum,6.03,DAI,385519633,27.32,0
2024-08-31,Curve,Arbitrum,5.78,USDC,362087278,2.93,11.93
2024-08-31,Curve,Arbitrum,6.89,USDT,377783151,2.2,8.77
2024-08-31,Curve,Arbitrum,7.18,DAI,364939962,3.04,16.13
2024-08-31,Curve,Optimism,5.88,USDC,374142980,2.68,8.04
2024-08-31,Curve,Optimism,7.43,USDT,365069449,2.41,9.78
2024-08-31,Curve,Polygon,7.62,USDC,355280082,0.92,10.05
2024-08-31,Curve,Polygon,6.24,USDT,373292668,1.35,9.22
2024-08-31,Curve,Polygon,7.4,DAI,376014524,0.9,8.65
2024-08-31,Curve,Base,6.81,USDC,340115823,2.28,12.83
2024-08-31,Curve,Base,6.28,USDT,396056920,2.5,12.79
2024-08-31,Uniswap V3,Ethereum,7.28,USDC,104073964,27.7,0
2024-08-31,Uniswap V3,Ethereum,6.56,USDT,112141116,31.76,0
2024-08-31,Uniswap V3,Ethereum,5.65,DAI,110877202,29.74,0
2024-08-31,Uniswap V3,Arbitrum,8.87,USDC,110578293,3.37,10.49
2024-08-31,Uniswap V3,Arbitrum,7.66,USDT,109151392,2.16,9.62
2024-08-31,Uniswap V3,Arbitrum,6.93,DAI,110118223,2.39,12.63
2024-08-31,Uniswap V3,Optimism,6.58,USDC,101164950,2.31,11.16
2024-08-31,Uniswap V3,Optimism,6.54,USDT,116866117,2.09,8.16
2024-08-31,Uniswap V3,Optimism,7.29,DAI,107340954,1.91,11.49
2024-08-31,Uniswap V3,Polygon,6.64,USDT,104868940,0.9,9.45
2024-08-31,Uniswap V3,Polygon,9.08,DAI,110283874,0.93,4.2
2024-08-31,Uniswap V3,Base,6.72,USDC,112114908,1.92,7.0
2024-08-31,Uniswap V3,Base,5.8,USDT,102996326,2.26,9.1
2024-08-31,Uniswap V3,Base,6.09,DAI,106323338,2.19,9.33
2024-08-31,Yearn,Ethereum,3.98,USDC,141378227,29.83,0
2024-08-31,Yearn,Ethereum,4.11,USDT,144680538,34.46,0
2024-08-31,Yearn,Ethereum,4.85,DAI,134714114,31.85,0
2024-08-31,Yearn,Arbitrum,4.66,USDC,128699243,2.43,11.98
2024-08-31,Yearn,Arbitrum,4.89,USDT,135591773,2.34,12.63
2024-08-31,Yearn,Optimism,4.34,USDC,135517551,1.72,8.04
2024-08-31,Yearn,Optimism,4.65,USDT,142371974,1.45,8.52
2024-08-31,Yearn,Optimism,3.85,DAI,133785915,1.96,8.86
2024-08-31,Yearn,Polygon,5.14,USDC,142170844,0.76,6.96
2024-08-31,Yearn,Polygon,5.33,USDT,134141812,1.02,6.64
2024-08-31,Yearn,Base,5.13,USDC,125545042,2.38,10.2
2024-08-31,Yearn,Base,5.52,USDT,131930532,2.34,9.98
2024-08-31,Pendle,Ethereum,6.52,USDT,90916131,21.28,0
2024-08-31,Pendle,Ethereum,8.64,DAI,83284874,38.94,0
2024-08-31,Pendle,Arbitrum,9.24,USDC,81432725,2.48,12.76
2024-08-31,Pendle,Arbitrum,9.67,USDT,84781942,1.95,13.79
2024-08-31,Pendle,Arbitrum,11.8,DAI,86857850,1.78,11.94
2024-08-31,Pendle,Optimism,9.37,USDC,84122440,1.82,9.55
2024-08-31,Pendle,Optimism,8.78,USDT,83596671,2.23,6.92
2024-08-31,Pendle,Optimism,8.86,DAI,86739927,1.84,10.39
2024-08-31,Pendle,Base,8.31,USDC,82114275,1.75,10.98
2024-08-31,Pendle,Base,9.33,USDT,82840318,2.3,10.74
2024-08-31,Pendle,Base,10.19,DAI,81459058,2.39,9.19
2024-08-31,Convex,Ethereum,4.62,USDC,164296622,28.01,0
2024-08-31,Convex,Ethereum,4.69,USDT,176894848,28.58,0
2024-08-31,Convex,Ethereum,4.87,DAI,173245467,26.31,0
2024-08-31,Balancer,Ethereum,5.74,USDC,117603825,18.41,0
2024-08-31,Balancer,Ethereum,5.37,USDT,130771201,29.75,0
2024-08-31,Balancer,Arbitrum,6.67,USDC,117739892,2.86,14.34
2024-08-31,Balancer,Arbitrum,6.74,USDT,122043891,2.63,8.97
2024-08-31,Balancer,Arbitrum,6.88,DAI,114187472,2.6,11.01
2024-08-31,Balancer,Optimism,5.69,USDC,128686645,1.78,11.87
2024-08-31,Balancer,Optimism,7.03,USDT,125425369,1.64,7.85
2024-08-31,Balancer,Polygon,6.97,USDC,118363288,0.71,7.6
2024-08-31,Balancer,Polygon,7.06,USDT,124927088,1.03,6.55
2024-08-31,Balancer,Polygon,6.55,DAI,126391588,0.86,5.42
2024-08-31,Balancer,Base,7.17,USDT,120779130,1.99,7.39
2024-08-31,Balancer,Base,7.05,DAI,122856525,1.76,7.62
2024-09-01,Aave,Ethereum,2.57,USDC,295062336,32.65,0
2024-09-01,Aave,Ethereum,2.91,USDT,314940522,28.82,0
2024-09-01,Aave,Ethereum,3.5,DAI,285534659,29.1,0
2024-09-01,Aave,Arbitrum,3.74,USDC,312601630,3.13,12.43
2024-09-01,Aave,Arbitrum,3.68,DAI,306380779,2.74,10.72
2024-09-01,Aave,Optimism,4.57,USDC,295304355,1.99,9.46
2024-09-01,Aave,Optimism,4.12,USDT,289258605,1.92,10.48
2024-09-01,Aave,Optimism,4.74,DAI,278579884,1.49,8.94
2024-09-01,Aave,Polygon,4.23,USDC,291571488,0.84,9.19
2024-09-01,Aave,Polygon,3.82,DAI,292477105,0.97,9.19
2024-09-01,Aave,Base,3.65,USDC,298922920,2.24,10.76
2024-09-01,Aave,Base,3.45,USDT,289486929,2.28,10.02
2024-09-01,Aave,Base,3.52,DAI,330780474,2.35,8.0
2024-09-01,Compound,Ethereum,3.43,USDC,222707585,23.95,0
2024-09-01,Compound,Ethereum,2.5,USDT,216988986,25.8,0
2024-09-01,Compound,Ethereum,2.35,DAI,204739986,28.83,0
2024-09-01,Compound,Arbitrum,4.01,USDC,218984998,1.41,15.07
2024-09-01,Compound,Arbitrum,3.94,USDT,204271561,2.52,11.55
2024-09-01,Compound,Arbitrum,4.02,DAI,224933625,2.31,5.57
2024-09-01,Compound,Optimism,3.3,USDC,209201251,2.57,6.81
2024-09-01,Compound,Optimism,3.97,DAI,210728913,2.12,10.8
2024-09-01,Compound,Polygon,3.16,USDC,196262356,0.95,6.8
2024-09-01,Compound,Polygon,4.5,USDT,211323392,0.95,7.17
2024-09-01,Compound,Polygon,3.86,DAI,209087076,0.96,10.13
2024-09-01,Compound,Base,3.97,USDC,221907189,2.4,10.41
2024-09-01,Compound,Base,3.71,USDT,216448640,2.75,10.11
2024-09-01,Compound,Base,3.75,DAI,229115448,1.86,5.83
2024-09-01,Curve,Ethereum,4.52,USDC,381882497,29.48,0
2024-09-01,Curve,Ethereum,5.28,DAI,337294975,29.74,0
2024-09-01,Curve,Arbitrum,8.23,USDC,378804521,2.76,7.61
2024-09-01,Curve,Arbitrum,5.36,USDT,355023749,3.31,7.37
2024-09-01,Curve,Arbitrum,6.53,DAI,359647742,2.85,14.43
2024-09-01,Curve,Optimism,6.58,USDC,367185621,2.77,8.53
2024-09-01,Curve,Optimism,5.73,USDT,370540378,1.92,6.16
2024-09-01,Curve,Optimism,4.57,DAI,370460792,1.94,11.56
2024-09-01,Curve,Polygon,6.19,DAI,387366410,0.88,8.05
2024-09-01,Curve,Base,8.05,USDC,357643037,2.06,12.23
2024-09-01,Curve,Base,5.69,USDT,367680163,2.47,11.51
2024-09-01,Curve,Base,6.78,DAI,376519046,2.45,11.98
2024-09-01,Uniswap V3,Ethereum,6.28,USDC,118844545,31.82,0
2024-09-01,Uniswap V3,Ethereum,5.78,USDT,112400797,35.22,0
2024-09-01,Uniswap V3,Ethereum,6.61,DAI,111250383,21.8,0
2024-09-01,Uniswap V3,Arbitrum,6.62,USDC,107317915,2.55,13.0
2024-09-01,Uniswap V3,Arbitrum,7.46,USDT,113148690,1.65,12.53
2024-09-01,Uniswap V3,Arbitrum,6.75,DAI,99974419,3.11,10.81
2024-09-01,Uniswap V3,Optimism,6.13,USDC,108900676,1.57,8.46
2024-09-01,Uniswap V3,Optimism,6.86,USDT,110725800,2.26,8.84
2024-09-01,Uniswap V3,Optimism,7.86,DAI,106857149,1.48,4.88
2024-09-01,Uniswap V3,Polygon,7.87,USDC,100768135,0.73,7.63
2024-09-01,Uniswap V3,Polygon,7.79,USDT,108308145,1.08,4.71
2024-09-01,Uniswap V3,Base,8.05,USDC,113344535,2.12,12.6
2024-09-01,Uniswap V3,Base,7.7,USDT,117431100,2.27,10.38
2024-09-01,Uniswap V3,Base,7.88,DAI,115962607,1.82,8.01
2024-09-01,Yearn,Ethereum,4.28,USDT,139601365,22.46,0
2024-09-01,Yearn,Ethereum,4.37,DAI,146767359,34.27,0
2024-09-01,Yearn,Arbitrum,5.09,USDC,137511400,2.21,10.74
2024-09-01,Yearn,Arbitrum,5.15,USDT,155477160,2.4,12.3
2024-09-01,Yearn,Arbitrum,4.68,DAI,133505561,0.75,11.2
2024-09-01,Yearn,Optimism,4.37,USDC,133918774,2.07,7.58
2024-09-01,Yearn,Optimism,3.56,USDT,142196626,1.69,6.76
2024-09-01,Yearn,Optimism,5.22,DAI,137542099,1.67,8.52
2024-09-01,Yearn,Polygon,4.93,USDC,134183938,0.95,8.9
2024-09-01,Yearn,Polygon,5.35,USDT,138755020,1.05,7.46
2024-09-01,Yearn,Base,3.79,USDC,141570838,2.38,7.81
2024-09-01,Yearn,Base,4.07,USDT,141464138,2.36,11.01
2024-09-01,Yearn,Base,4.07,DAI,142437129,2.33,10.72
2024-09-01,Pendle,Ethereum,7.24,USDC,82479808,29.1,0
2024-09-01,Pendle,Ethereum,9.74,USDT,85777905,24.64,0
2024-09-01,Pendle,Ethereum,7.79,DAI,92193804,26.06,0
2024-09-01,Pendle,Arbitrum,9.0,USDC,88044056,2.8,8.88
2024-09-01,Pendle,Arbitrum,11.98,USDT,86263574,2.3,10.34
2024-09-01,Pendle,Arbitrum,10.1,DAI,90306948,2.2,12.68
2024-09-01,Pendle,Optimism,10.0,USDC,85417499,2.73,11.81
2024-09-01,Pendle,Optimism,11.32,USDT,90187619,2.05,9.19
2024-09-01,Pendle,Optimism,12.43,DAI,85978693,1.92,9.55
2024-09-01,Pendle,Base,8.4,USDC,91567803,2.41,9.02
2024-09-01,Pendle,Base,10.78,USDT,85029776,2.52,10.87
2024-09-01,Pendle,Base,11.4,DAI,87080921,2.03,8.68
2024-09-01,Convex,Ethereum,4.36,USDC,185529861,25.3,0
2024-09-01,Convex,Ethereum,4.84,USDT,186424886,30.97,0
2024-09-01,Convex,Ethereum,4.91,DAI,165186742,19.33,0
2024-09-01,Balancer,Ethereum,4.99,USDC,129946726,32.97,0
2024-09-01,Balancer,Ethereum,6.58,USDT,122615020,26.64,0
2024-09-01,Balancer,Ethereum,6.91,DAI,122347170,27.06,0
2024-09-01,Balancer,Arbitrum,6.29,USDC,125734576,2.79,10.9
2024-09-01,Balancer,Arbitrum,6.12,USDT,132882429,3.27,11.6
2024-09-01,Balancer,Arbitrum,7.0,DAI,129052232,2.1,8.74
2024-09-01,Balancer,Optimism,6.77,USDT,127532217,1.29,8.55
2024-09-01,Balancer,Optimism,6.05,DAI,116923538,1.58,10.01
2024-09-01,Balancer,Polygon,8.85,USDC,129476912,1.2,10.18
2024-09-01,Balancer,Polygon,5.95,USDT,124127081,0.98,7.62
2024-09-01,Balancer,Polygon,8.22,DAI,116514536,0.93,8.02
2024-09-01,Balancer,Base,5.43,USDC,131256607,2.27,10.73
2024-09-01,Balancer,Base,5.28,USDT,136717381,2.02,8.65
2024-09-02,Aave,Ethereum,3.02,USDC,299322672,46.01,0
2024-09-02,Aave,Ethereum,2.45,USDT,287642224,46.09,0
2024-09-02,Aave,Ethereum,3.54,DAI,292521752,47.76,0
2024-09-02,Aave,Arbitrum,4.09,USDC,304695374,3.22,10.29
2024-09-02,Aave,Arbitrum,4.98,USDT,278921127,3.94,14.43
2024-09-02,Aave,Arbitrum,3.95,DAI,288380703,3.97,11.25
2024-09-02,Aave,Optimism,3.75,USDC,312416239,3.39,8.1
2024-09-02,Aave,Optimism,2.83,USDT,286712282,4.1,11.54
2024-09-02,Aave,Optimism,3.64,DAI,290690410,2.98,7.59
2024-09-02,Aave,Polygon,3.84,USDC,314486373,1.59,8.91
2024-09-02,Aave,Polygon,3.38,USDT,294799318,1.54,9.33
2024-09-02,Aave,Polygon,3.75,DAI,300599598,1.07,10.08
2024-09-02,Aave,Base,3.1,USDC,283081024,3.65,8.14
2024-09-02,Aave,Base,3.69,DAI,296422827,3.96,9.64
2024-09-02,Compound,Ethereum,2.93,USDC,200391718,54.81,0
2024-09-02,Compound,Ethereum,3.53,USDT,215119259,44.75,0
2024-09-02,Compound,Ethereum,3.56,DAI,225319001,28.82,0
2024-09-02,Compound,Arbitrum,3.93,USDC,206268307,4.65,11.03
2024-09-02,Compound,Arbitrum,3.71,USDT,214330250,3.52,10.84
2024-09-02,Compound,Arbitrum,3.01,DAI,211792765,3.05,10.72
2024-09-02,Compound,Optimism,3.09,USDC,211399447,3.36,7.34
2024-09-02,Compound,Optimism,3.57,USDT,213634563,3.23,9.35
2024-09-02,Compound,Optimism,3.18,DAI,214074931,3.05,7.61
2024-09-02,Compound,Polygon,3.56,USDC,200138415,1.73,6.85
2024-09-02,Compound,Polygon,3.32,USDT,207925785,1.71,7.92
2024-09-02,Compound,Polygon,3.76,DAI,201615111,1.45,8.19
2024-09-02,Compound,Base,4.18,USDC,229813102,3.23,10.87
2024-09-02,Compound,Base,3.13,USDT,214434806,2.76,16.49
2024-09-02,Compound,Base,3.63,DAI,223857899,3.51,13.01
2024-09-02,Curve,Ethereum,4.62,USDC,401605295,34.52,0
2024-09-02,Curve,Ethereum,6.45,USDT,359348901,40.54,0
2024-09-02,Curve,Ethereum,5.42,DAI,364137467,46.33,0
2024-09-02,Curve,Arbitrum,6.93,USDC,406230687,4.25,12.18
2024-09-02,Curve,Arbitrum,6.03,USDT,387935146,2.89,12.23
2024-09-02,Curve,Arbitrum,5.1,DAI,379039177,5.48,13.04
2024-09-02,Curve,Optimism,5.95,USDC,370051694,2.83,11.58
2024-09-02,Curve,Optimism,6.75,DAI,418475615,3.57,10.06
2024-09-02,Curve,Polygon,5.51,USDC,362770430,1.88,8.08
2024-09-02,Curve,Polygon,6.87,USDT,367909592,1.49,8.62
2024-09-02,Curve,Base,7.15,USDC,401812332,3.94,6.55
2024-09-02,Curve,Base,6.55,USDT,383756449,3.78,11.43
2024-09-02,Curve,Base,6.67,DAI,400357695,3.45,11.22
2024-09-02,Uniswap V3,Ethereum,4.03,USDC,108986381,30.98,0
2024-09-02,Uniswap V3,Ethereum,7.37,USDT,114162905,34.16,0
2024-09-02,Uniswap V3,Ethereum,6.27,DAI,114488574,38.84,0
2024-09-02,Uniswap V3,Arbitrum,8.03,USDC,110243338,2.47,10.59
2024-09-02,Uniswap V3,Arbitrum,6.25,USDT,108768409,3.79,11.93
2024-09-02,Uniswap V3,Arbitrum,7.81,DAI,121974952,3.97,13.18
2024-09-02,Uniswap V3,Optimism,7.34,USDC,116780255,3.06,6.2
2024-09-02,Uniswap V3,Optimism,6.6,USDT,111967361,2.87,7.36
2024-09-02,Uniswap V3,Optimism,6.1,DAI,104822256,1.83,8.63
2024-09-02,Uniswap V3,Polygon,7.14,USDC,112526057,1.56,9.45
2024-09-02,Uniswap V3,Polygon,7.14,USDT,105732374,1.73,8.67
2024-09-02,Uniswap V3,Polygon,7.83,DAI,116902914,1.81,9.73
2024-09-02,Uniswap V3,Base,8.37,USDC,119322238,3.87,11.13
2024-09-02,Uniswap V3,Base,7.52,USDT,111498105,3.71,8.5
2024-09-02,Uniswap V3,Base,6.88,DAI,115416273,3.53,9.97
2024-09-02,Yearn,Ethereum,3.98,USDC,145757048,49.97,0
2024-09-02,Yearn,Ethereum,4.31,USDT,137846430,44.71,0
2024-09-02,Yearn,Ethereum,4.76,DAI,133356141,39.46,0
2024-09-02,Yearn,Arbitrum,5.06,USDC,134152564,3.96,13.58
2024-09-02,Yearn,Arbitrum,6.14,DAI,135681775,3.07,11.69
2024-09-02,Yearn,Optimism,4.86,USDC,133788880,3.37,10.44
2024-09-02,Yearn,Optimism,4.58,USDT,142287899,3.06,9.18
2024-09-02,Yearn,Optimism,4.43,DAI,152691466,2.85,8.81
2024-09-02,Yearn,Polygon,5.14,USDC,151916175,1.52,7.87
2024-09-02,Yearn,Polygon,5.42,USDT,146791815,1.72,6.88
2024-09-02,Yearn,Polygon,4.74,DAI,132026843,1.41,8.12
2024-09-02,Yearn,Base,5.88,USDC,145412667,4.15,10.73
2024-09-02,Yearn,Base,5.3,USDT,142122307,3.11,9.69
2024-09-02,Yearn,Base,5.08,DAI,139221992,3.1,7.54
2024-09-02,Pendle,Ethereum,8.78,USDC,90804215,53.05,0
2024-09-02,Pendle,Ethereum,8.07,USDT,84335116,45.73,0
2024-09-02,Pendle,Ethereum,8.13,DAI,86309134,52.63,0
2024-09-02,Pendle,Arbitrum,8.59,USDC,92546110,2.67,9.28
2024-09-02,Pendle,Arbitrum,9.9,USDT,87298757,4.23,12.31
2024-09-02,Pendle,Arbitrum,8.6,DAI,83541801,3.32,10.23
2024-09-02,Pendle,Optimism,9.12,USDC,90310322,3.02,6.37
2024-09-02,Pendle,Optimism,11.15,USDT,87183141,3.06,8.01
2024-09-02,Pendle,Optimism,8.06,DAI,88503824,3.77,10.34
2024-09-02,Pendle,Base,11.29,USDC,94502672,2.9,8.18
2024-09-02,Pendle,Base,9.6,USDT,86709459,3.5,9.3
2024-09-02,Pendle,Base,10.73,DAI,89936055,3.72,12.62
2024-09-02,Convex,Ethereum,4.95,USDT,182086850,25.45,0
2024-09-02,Convex,Ethereum,5.58,DAI,180888084,48.25,0
2024-09-02,Balancer,Ethereum,5.63,USDC,122892619,50.76,0
2024-09-02,Balancer,Ethereum,5.39,USDT,135167640,50.73,0
2024-09-02,Balancer,Ethereum,5.74,DAI,129794816,42.31,0
2024-09-02,Balancer,Arbitrum,6.73,USDC,136131788,2.58,9.86
2024-09-02,Balancer,Arbitrum,6.98,USDT,124076192,3.27,13.91
2024-09-02,Balancer,Arbitrum,7.63,DAI,131689718,4.62,13.45
2024-09-02,Balancer,Optimism,6.34,USDC,123537711,3.28,4.66
2024-09-02,Balancer,Optimism,6.41,USDT,128646719,2.97,8.0
2024-09-02,Balancer,Optimism,6.95,DAI,125332356,2.69,9.92
2024-09-02,Balancer,Polygon,7.23,USDC,124743065,1.21,11.64
2024-09-02,Balancer,Polygon,6.74,USDT,130828779,1.08,8.43
2024-09-02,Balancer,Polygon,6.76,DAI,128443253,1.51,6.34
2024-09-02,Balancer,Base,7.49,USDC,129701715,3.31,11.55
2024-09-02,Balancer,Base,7.57,USDT,129563036,3.67,9.47
2024-09-02,Balancer,Base,6.43,DAI,126665993,3.78,9.05
2024-09-03,Aave,Ethereum,3.09,USDC,321097972,34.87,0
2024-09-03,Aave,Ethereum,2.95,USDT,298046598,55.74,0
2024-09-03,Aave,Ethereum,2.94,DAI,321333229,35.29,0
2024-09-03,Aave,Arbitrum,4.32,USDC,288223636,3.19,13.13
2024-09-03,Aave,Optimism,4.45,USDC,295164942,2.46,6.24
2024-09-03,Aave,Optimism,3.73,DAI,310453415,3.19,6.92
2024-09-03,Aave,Polygon,4.86,USDT,300079783,1.45,6.23
2024-09-03,Aave,Polygon,4.76,DAI,333656255,1.9,7.14
2024-09-03,Aave,Base,3.94,USDC,299927979,4.13,6.49
2024-09-03,Compound,Ethereum,3.26,DAI,216072821,44.24,0
2024-09-03,Compound,Arbitrum,3.48,USDC,228862877,2.34,17.15
2024-09-03,Compound,Arbitrum,3.27,USDT,228826069,4.4,11.13
2024-09-03,Compound,Arbitrum,3.99,DAI,219480790,4.61,8.0
2024-09-03,Compound,Optimism,3.58,USDC,220776817,2.93,9.16
2024-09-03,Compound,Optimism,3.24,DAI,200171614,2.91,9.18
2024-09-03,Compound,Polygon,3.89,USDC,206927479,2.33,7.82
2024-09-03,Compound,Polygon,3.92,DAI,229017161,1.55,7.57
2024-09-03,Compound,Base,3.94,USDC,213915781,3.94,6.87
2024-09-03,Compound,Base,3.82,USDT,208074330,3.95,8.78
2024-09-03,Compound,Base,3.8,DAI,218862626,3.77,9.08
2024-09-03,Curve,Ethereum,5.5,USDC,366310779,53.21,0
2024-09-03,Curve,Ethereum,4.97,USDT,373307423,27.41,0
2024-09-03,Curve,Ethereum,5.69,DAI,403055442,57.98,0
2024-09-03,Curve,Arbitrum,6.52,USDC,384842008,3.81,11.25
2024-09-03,Curve,Arbitrum,6.3,USDT,398302944,1.12,13.06
2024-09-03,Curve,Arbitrum,6.09,DAI,406884413,3.34,12.27
2024-09-03,Curve,Optimism,6.9,USDC,404979388,2.41,10.69
2024-09-03,Curve,Optimism,5.08,USDT,370408430,3.18,8.38
2024-09-03,Curve,Optimism,6.72,DAI,387819697,3.21,9.51
2024-09-03,Curve,Polygon,4.69,USDC,380681049,1.5,8.98
2024-09-03,Curve,Polygon,4.73,USDT,402277685,1.92,8.35
2024-09-03,Curve,Polygon,6.74,DAI,380223699,1.43,9.57
2024-09-03,Curve,Base,6.76,USDC,397641993,3.14,7.09
2024-09-03,Curve,Base,5.81,USDT,413055638,3.13,10.91
2024-09-03,Curve,Base,4.01,DAI,400176696,3.11,9.42
2024-09-03,Uniswap V3,Ethereum,5.96,USDC,122675713,41.04,0
2024-09-03,Uniswap V3,Ethereum,6.41,USDT,119677133,48.93,0
2024-09-03,Uniswap V3,Ethereum,5.38,DAI,117316610,38.68,0
2024-09-03,Uniswap V3,Arbitrum,8.4,USDC,114641904,2.81,8.6
2024-09-03,Uniswap V3,Arbitrum,5.84,DAI,106500121,3.54,14.49
2024-09-03,Uniswap V3,Optimism,6.41,USDC,114876799,2.15,9.33
2024-09-03,Uniswap V3,Optimism,5.64,USDT,118873125,3.05,9.44
2024-09-03,Uniswap V3,Optimism,6.69,DAI,110871076,2.49,7.59
2024-09-03,Uniswap V3,Polygon,7.64,USDC,106440944,1.35,8.33
2024-09-03,Uniswap V3,Base,7.16,USDC,120153102,3.7,13.14
2024-09-03,Uniswap V3,Base,8.65,DAI,111791501,2.94,9.61
2024-09-03,Yearn,Ethereum,4.46,USDT,140770266,37.03,0
2024-09-03,Yearn,Ethereum,3.52,DAI,140833387,34.9,0
2024-09-03,Yearn,Arbitrum,4.2,USDC,151100937,3.04,10.26
2024-09-03,Yearn,Optimism,5.28,USDC,132541100,3.08,11.64
2024-09-03,Yearn,Optimism,5.17,USDT,149720059,3.49,7.72
2024-09-03,Yearn,Optimism,5.68,DAI,149668000,3.81,6.7
2024-09-03,Yearn,Polygon,5.51,USDC,136578744,1.35,7.86
2024-09-03,Yearn,Polygon,5.62,USDT,146102607,1.06,9.13
2024-09-03,Yearn,Polygon,6.34,DAI,143303276,1.58,6.28
2024-09-03,Yearn,Base,5.64,USDC,150137254,2.1,11.99
2024-09-03,Yearn,Base,5.88,USDT,145667382,3.43,8.76
2024-09-03,Yearn,Base,5.58,DAI,146520330,4.34,10.64
2024-09-03,Pendle,Ethereum,7.86,USDC,87034466,57.6,0
2024-09-03,Pendle,Ethereum,7.03,USDT,87684713,41.4,0
2024-09-03,Pendle,Ethereum,8.62,DAI,93907523,40.72,0
2024-09-03,Pendle,Arbitrum,9.04,USDC,92282541,2.68,10.57
2024-09-03,Pendle,Arbitrum,8.19,USDT,87833481,2.92,13.65
2024-09-03,Pendle,Arbitrum,11.37,DAI,99996304,3.41,9.03
2024-09-03,Pendle,Optimism,9.15,USDT,89025843,2.86,11.37
2024-09-03,Pendle,Optimism,9.14,DAI,92790299,2.57,8.83
2024-09-03,Pendle,Base,7.96,USDC,91267282,3.22,14.04
2024-09-03,Pendle,Base,9.05,USDT,84409287,3.27,11.96
2024-09-03,Pendle,Base,9.3,DAI,89989783,3.67,9.23
2024-09-03,Convex,Ethereum,5.69,USDC,168683230,44.18,0
2024-09-03,Convex,Ethereum,5.4,USDT,176354935,38.04,0
2024-09-03,Convex,Ethereum,5.28,DAI,178827984,30.96,0
2024-09-03,Balancer,Ethereum,5.61,USDC,125455857,34.18,0
2024-09-03,Balancer,Ethereum,6.3,USDT,130605438,50.95,0
2024-09-03,Balancer,Ethereum,5.66,DAI,147445924,35.01,0
2024-09-03,Balancer,Arbitrum,6.39,USDC,129522358,2.15,11.95
2024-09-03,Balancer,Arbitrum,7.15,USDT,123287302,4.65,7.87
2024-09-03,Balancer,Arbitrum,7.21,DAI,135174357,3.43,8.07
2024-09-03,Balancer,Optimism,6.89,USDC,138558905,3.5,5.45
2024-09-03,Balancer,Optimism,5.66,USDT,132152648,3.63,8.24
2024-09-03,Balancer,Optimism,7.75,DAI,132887037,2.79,7.45
2024-09-03,Balancer,Polygon,6.68,DAI,140114728,1.81,7.09
2024-09-03,Balancer,Base,6.36,USDC,136235866,3.65,12.72
2024-09-03,Balancer,Base,7.3,USDT,131983021,3.54,11.19
2024-09-03,Balancer,Base,6.65,DAI,137867393,3.05,6.7
2024-09-04,Aave,Ethereum,2.75,USDC,307404136,39.87,0
2024-09-04,Aave,Ethereum,3.6,DAI,286983749,53.54,0
2024-09-04,Aave,Arbitrum,4.75,USDC,296974520,3.61,16.95
2024-09-04,Aave,Arbitrum,4.9,USDT,306836034,2.9,12.49
2024-09-04,Aave,Arbitrum,3.67,DAI,303294612,4.37,14.39
2024-09-04,Aave,Optimism,3.84,USDC,308827008,3.08,6.18
2024-09-04,Aave,Optimism,4.28,USDT,300130719,3.25,10.33
2024-09-04,Aave,Optimism,3.78,DAI,308005288,2.81,7.03
2024-09-04,Aave,Polygon,4.14,USDC,319135661,0.74,9.21
2024-09-04,Aave,Polygon,4.14,USDT,289869585,1.44,6.89
2024-09-04,Aave,Polygon,4.19,DAI,299915785,1.52,6.72
2024-09-04,Aave,Base,4.1,USDT,303672417,3.41,10.98
2024-09-04,Aave,Base,3.92,DAI,307707692,3.23,8.58
2024-09-04,Compound,Ethereum,2.97,USDC,196553011,46.43,0
2024-09-04,Compound,Ethereum,2.99,USDT,225593224,52.1,0
2024-09-04,Compound,Ethereum,2.96,DAI,224707815,47.22,0
2024-09-04,Compound,Arbitrum,3.66,USDC,228180045,5.8,12.73
2024-09-04,Compound,Arbitrum,3.99,USDT,215245523,3.93,15.03
2024-09-04,Compound,Arbitrum,3.87,DAI,210780116,2.61,12.31
2024-09-04,Compound,Optimism,2.92,USDC,219149964,2.85,7.08
2024-09-04,Compound,Optimism,3.82,USDT,217309424,4.08,7.08
2024-09-04,Compound,Optimism,3.78,DAI,223434565,3.23,12.42
2024-09-04,Compound,Polygon,3.78,USDC,221095993,1.59,8.6
2024-09-04,Compound,Polygon,3.3,USDT,208665106,1.43,9.01
2024-09-04,Compound,Polygon,3.56,DAI,225238811,1.37,6.9
2024-09-04,Compound,Base,3.66,USDC,222127560,3.3,6.0
2024-09-04,Compound,Base,3.9,USDT,222103399,3.79,10.8
2024-09-04,Curve,Ethereum,5.58,USDC,405425450,43.95,0
2024-09-04,Curve,Ethereum,5.2,USDT,395265213,54.26,0
2024-09-04,Curve,Ethereum,5.86,DAI,371534561,49.87,0
2024-09-04,Curve,Arbitrum,9.05,USDC,375777903,1.64,13.88
2024-09-04,Curve,Arbitrum,6.0,USDT,370003545,3.16,14.61
2024-09-04,Curve,Arbitrum,5.42,DAI,408669409,3.05,7.59
2024-09-04,Curve,Optimism,5.11,USDC,403614339,4.25,8.0
2024-09-04,Curve,Optimism,4.52,USDT,384990333,2.78,10.46
2024-09-04,Curve,Optimism,7.85,DAI,402052707,2.34,7.05
2024-09-04,Curve,Polygon,5.98,USDC,383263206,1.98,8.27
2024-09-04,Curve,Polygon,6.6,DAI,414741148,1.59,6.53
2024-09-04,Curve,Base,6.5,USDC,375275271,2.48,6.75
2024-09-04,Curve,Base,7.18,USDT,365682085,3.31,11.19
2024-09-04,Curve,Base,7.51,DAI,392747937,3.5,10.56
2024-09-04,Uniswap V3,Ethereum,6.48,USDC,105639395,39.62,0
2024-09-04,Uniswap V3,Ethereum,5.69,USDT,114978970,44.84,0
2024-09-04,Uniswap V3,Ethereum,6.35,DAI,112539285,44.74,0
2024-09-04,Uniswap V3,Arbitrum,7.76,USDC,114111860,3.52,12.55
2024-09-04,Uniswap V3,Arbitrum,7.59,USDT,118687569,3.73,14.33
2024-09-04,Uniswap V3,Arbitrum,7.1,DAI,117172329,5.19,10.81
2024-09-04,Uniswap V3,Optimism,7.37,USDC,102071212,2.76,8.61
2024-09-04,Uniswap V3,Optimism,6.05,USDT,115759808,3.6,8.24
2024-09-04,Uniswap V3,Optimism,7.76,DAI,113720692,3.84,7.95
2024-09-04,Uniswap V3,Polygon,6.49,USDC,113154519,1.14,9.59
2024-09-04,Uniswap V3,Polygon,5.61,USDT,119454690,1.45,9.23
2024-09-04,Uniswap V3,Polygon,8.65,DAI,117157991,1.25,8.23
2024-09-04,Uniswap V3,Base,6.77,USDC,110689857,3.3,8.2
2024-09-04,Uniswap V3,Base,6.86,USDT,117115226,3.06,9.03
2024-09-04,Uniswap V3,Base,7.87,DAI,113235501,3.06,9.76
2024-09-04,Yearn,Ethereum,4.62,USDC,148483541,36.51,0
2024-09-04,Yearn,Ethereum,3.66,USDT,152337605,58.36,0
2024-09-04,Yearn,Ethereum,4.18,DAI,155015605,44.4,0
2024-09-04,Yearn,Arbitrum,4.67,USDC,154082290,3.08,14.1
2024-09-04,Yearn,Arbitrum,5.55,USDT,142177200,3.33,12.82
2024-09-04,Yearn,Arbitrum,5.3,DAI,143065408,4.23,12.86
2024-09-04,Yearn,Optimism,4.81,USDC,153857811,3.15,8.18
2024-09-04,Yearn,Optimism,5.07,USDT,142588104,3.42,9.08
2024-09-04,Yearn,Optimism,5.51,DAI,145120395,3.08,8.83
2024-09-04,Yearn,Polygon,6.07,USDC,153625619,1.9,8.64
2024-09-04,Yearn,Polygon,5.54,USDT,140845926,1.57,10.46
2024-09-04,Yearn,Polygon,5.03,DAI,146142933,1.88,9.31
2024-09-04,Yearn,Base,5.91,USDC,150836721,3.17,8.98
2024-09-04,Yearn,Base,5.47,USDT,134701020,2.84,7.65
2024-09-04,Yearn,Base,5.32,DAI,138732579,3.37,8.31
2024-09-04,Pendle,Ethereum,9.64,USDC,89897454,45.01,0
2024-09-04,Pendle,Ethereum,7.9,USDT,98136512,33.66,0
2024-09-04,Pendle,Arbitrum,9.49,USDC,84623503,3.82,14.35
2024-09-04,Pendle,Arbitrum,11.3,USDT,87843764,2.69,10.78
2024-09-04,Pendle,Arbitrum,10.32,DAI,88531422,3.65,11.58
2024-09-04,Pendle,Optimism,9.53,USDC,93429526,2.6,9.21
2024-09-04,Pendle,Optimism,10.08,USDT,89200282,2.6,11.94
2024-09-04,Pendle,Optimism,8.3,DAI,90556910,4.18,6.37
2024-09-04,Pendle,Base,9.43,USDC,88182886,3.86,6.98
2024-09-04,Pendle,Base,9.72,USDT,88843749,3.5,9.98
2024-09-04,Pendle,Base,10.7,DAI,89983009,3.71,8.64
2024-09-04,Convex,Ethereum,4.92,USDC,175405850,34.99,0
2024-09-04,Convex,Ethereum,5.58,USDT,182454591,42.45,0
2024-09-04,Convex,Ethereum,5.63,DAI,188159902,49.89,0
2024-09-04,Balancer,Ethereum,4.38,USDC,141338507,50.07,0
2024-09-04,Balancer,Ethereum,5.34,USDT,143728810,42.75,0
2024-09-04,Balancer,Arbitrum,7.62,USDC,126517770,3.21,10.79
2024-09-04,Balancer,Arbitrum,7.17,USDT,134214584,3.2,13.05
2024-09-04,Balancer,Arbitrum,6.64,DAI,132027829,3.38,10.46
2024-09-04,Balancer,Optimism,6.96,USDC,133424991,2.88,6.76
2024-09-04,Balancer,Optimism,7.04,USDT,132475539,2.49,9.4
2024-09-04,Balancer,Optimism,7.64,DAI,124769771,2.59,6.73
2024-09-04,Balancer,Polygon,6.21,USDC,129360903,1.68,7.1
2024-09-04,Balancer,Polygon,8.14,USDT,126559361,1.11,7.94
2024-09-04,Balancer,Polygon,8.25,DAI,122825107,1.87,10.88
2024-09-04,Balancer,Base,7.37,USDC,140518795,3.07,9.97
2024-09-04,Balancer,Base,6.88,USDT,126567096,3.24,9.03
2024-09-04,Balancer,Base,7.84,DAI,123010600,2.87,10.7
2024-09-05,Aave,Ethereum,3.72,USDC,288188959,42.76,0
2024-09-05,Aave,Arbitrum,3.68,USDC,296315175,3.83,10.69
2024-09-05,Aave,Arbitrum,4.69,USDT,296684345,3.38,11.74
2024-09-05,Aave,Arbitrum,3.76,DAI,303497509,4.13,11.41
2024-09-05,Aave,Optimism,3.49,USDC,304976597,3.08,4.77
2024-09-05,Aave,Optimism,3.9,USDT,277409009,1.57,9.33
2024-09-05,Aave,Optimism,3.07,DAI,305475255,3.46,11.52
2024-09-05,Aave,Polygon,3.87,USDC,311290064,1.48,12.52
2024-09-05,Aave,Polygon,4.72,USDT,322285084,1.46,8.7
2024-09-05,Aave,Polygon,4.87,DAI,294110568,1.64,8.52
2024-09-05,Aave,Base,3.38,USDC,274971696,3.16,9.62
2024-09-05,Aave,Base,4.34,USDT,322024860,3.06,9.57
2024-09-05,Aave,Base,4.27,DAI,302317377,3.62,9.38
2024-09-05,Compound,Ethereum,2.98,USDC,240978705,41.36,0
2024-09-05,Compound,Ethereum,3.08,USDT,228944410,42.64,0
2024-09-05,Compound,Ethereum,3.01,DAI,218632574,40.25,0
2024-09-05,Compound,Arbitrum,3.76,USDC,246622780,2.68,12.24
2024-09-05,Compound,Arbitrum,4.13,USDT,227162919,4.6,12.27
2024-09-05,Compound,Arbitrum,3.35,DAI,231033312,4.8,15.07
2024-09-05,Compound,Optimism,3.81,USDC,204890948,3.05,9.2
2024-09-05,Compound,Optimism,3.53,USDT,216283695,2.28,9.81
2024-09-05,Compound,Optimism,3.38,DAI,235702337,2.47,11.74
2024-09-05,Compound,Polygon,3.42,USDC,230268447,1.73,8.84
2024-09-05,Compound,Polygon,4.5,USDT,214800419,1.69,10.25
2024-09-05,Compound,Polygon,3.36,DAI,225620529,1.24,9.38
2024-09-05,Compound,Base,3.98,USDC,212131488,3.09,8.95
2024-09-05,Compound,Base,3.32,USDT,220631128,3.41,9.71
2024-09-05,Compound,Base,3.23,DAI,223650313,2.66,11.17
2024-09-05,Curve,Ethereum,5.67,USDC,391466307,37.59,0
2024-09-05,Curve,Ethereum,4.65,USDT,370259462,47.88,0
2024-09-05,Curve,Ethereum,6.24,DAI,385930904,26.86,0
2024-09-05,Curve,Arbitrum,6.79,USDC,391098905,4.27,13.21
2024-09-05,Curve,Arbitrum,7.71,DAI,383271089,4.22,8.55
2024-09-05,Curve,Optimism,6.5,USDC,397481455,2.06,10.95
2024-09-05,Curve,Optimism,6.31,USDT,399951927,1.92,11.1
2024-09-05,Curve,Optimism,4.69,DAI,379487379,2.79,8.05
2024-09-05,Curve,Polygon,7.14,USDC,392751991,1.01,8.9
2024-09-05,Curve,Polygon,8.46,USDT,392442676,1.99,8.33
2024-09-05,Curve,Base,5.92,USDC,377722385,3.26,11.45
2024-09-05,Curve,Base,6.5,USDT,387678415,3.08,10.41
2024-09-05,Curve,Base,6.95,DAI,414298125,3.77,6.95
2024-09-05,Uniswap V3,Ethereum,5.98,USDC,116622507,59.52,0
2024-09-05,Uniswap V3,Ethereum,7.43,USDT,114463436,53.7,0
2024-09-05,Uniswap V3,Ethereum,5.27,DAI,111415741,42.61,0
2024-09-05,Uniswap V3,Arbitrum,7.4,USDC,124297516,4.3,13.03
2024-09-05,Uniswap V3,Arbitrum,7.06,USDT,108456661,4.09,11.45
2024-09-05,Uniswap V3,Arbitrum,6.23,DAI,121324594,4.8,7.29
2024-09-05,Uniswap V3,Optimism,6.44,USDC,111835440,3.07,8.65
2024-09-05,Uniswap V3,Optimism,9.02,USDT,113443203,3.67,10.57
2024-09-05,Uniswap V3,Optimism,5.59,DAI,114425665,3.32,12.36
2024-09-05,Uniswap V3,Polygon,8.71,USDC,118421036,0.79,7.02
2024-09-05,Uniswap V3,Polygon,6.4,USDT,117671682,1.28,10.89
2024-09-05,Uniswap V3,Polygon,7.31,DAI,113975842,0.98,7.51
2024-09-05,Uniswap V3,Base,7.65,USDC,108407945,2.8,11.35
2024-09-05,Uniswap V3,Base,6.48,USDT,110341618,3.16,7.99
2024-09-05,Uniswap V3,Base,5.79,DAI,116044113,3.52,8.96
2024-09-05,Yearn,Ethereum,4.09,USDC,143191705,30.15,0
2024-09-05,Yearn,Ethereum,4.16,USDT,157944297,38.23,0
2024-09-05,Yearn,Ethereum,4.1,DAI,150309754,61.96,0
2024-09-05,Yearn,Arbitrum,4.49,USDC,140630441,3.3,10.62
2024-09-05,Yearn,Arbitrum,4.56,USDT,146672038,3.4,15.94
2024-09-05,Yearn,Arbitrum,5.58,DAI,142843334,3.99,13.49
2024-09-05,Yearn,Optimism,5.24,USDC,149657894,3.4,7.22
2024-09-05,Yearn,Optimism,4.08,USDT,151539430,2.75,10.2
2024-09-05,Yearn,Optimism,5.04,DAI,142406773,2.15,5.3
2024-09-05,Yearn,Polygon,5.25,USDC,138495248,1.36,7.67
2024-09-05,Yearn,Polygon,5.8,USDT,145660254,1.97,6.35
2024-09-05,Yearn,Polygon,5.31,DAI,142402763,1.26,4.61
2024-09-05,Yearn,Base,4.87,USDC,156629151,3.08,10.45
2024-09-05,Yearn,Base,5.35,DAI,141517512,3.02,7.7
2024-09-05,Pendle,Ethereum,7.83,USDC,88270076,44.46,0
2024-09-05,Pendle,Ethereum,7.79,USDT,91559038,35.4,0
2024-09-05,Pendle,Ethereum,8.33,DAI,91603311,46.02,0
2024-09-05,Pendle,Arbitrum,9.92,USDC,91266456,2.88,17.04
2024-09-05,Pendle,Arbitrum,8.48,USDT,90359924,4.19,8.58
2024-09-05,Pendle,Arbitrum,9.89,DAI,91899499,4.53,15.83
2024-09-05,Pendle,Optimism,8.28,USDC,89444843,2.18,8.94
2024-09-05,Pendle,Optimism,10.3,USDT,91068429,3.6,7.91
2024-09-05,Pendle,Optimism,9.99,DAI,89116538,3.85,9.43
2024-09-05,Pendle,Base,6.67,USDC,91400595,3.46,12.72
2024-09-05,Pendle,Base,9.09,USDT,90726205,2.79,6.96
2024-09-05,Pendle,Base,9.35,DAI,93519840,3.26,11.4
2024-09-05,Convex,Ethereum,5.34,USDC,190490092,51.78,0
2024-09-05,Convex,Ethereum,5.52,USDT,180138243,46.02,0
2024-09-05,Balancer,Ethereum,5.58,USDC,138790392,30.96,0
2024-09-05,Balancer,Ethereum,5.79,USDT,137547120,56.58,0
2024-09-05,Balancer,Ethereum,5.19,DAI,126609281,41.18,0
2024-09-05,Balancer,Arbitrum,7.36,USDC,133455218,5.17,13.22
2024-09-05,Balancer,Arbitrum,7.32,USDT,135780310,2.18,12.03
2024-09-05,Balancer,Arbitrum,7.22,DAI,150006419,3.7,9.69
2024-09-05,Balancer,Optimism,6.49,USDC,131542823,2.44,7.38
2024-09-05,Balancer,Optimism,6.81,USDT,139217244,2.69,8.09
2024-09-05,Balancer,Optimism,5.59,DAI,138282200,3.2,9.06
2024-09-05,Balancer,Polygon,6.53,USDC,138044592,1.5,8.15
2024-09-05,Balancer,Polygon,7.77,USDT,130400740,1.78,8.17
2024-09-05,Balancer,Polygon,7.69,DAI,146050331,1.06,6.93
2024-09-05,Balancer,Base,6.34,USDC,136164623,3.5,12.16
2024-09-05,Balancer,Base,5.87,USDT,135930009,3.87,10.11
2024-09-05,Balancer,Base,7.12,DAI,136533121,3.58,12.32
2024-09-06,Aave,Ethereum,2.03,USDC,328534778,44.4,0
2024-09-06,Aave,Ethereum,3.15,USDT,334165844,34.38,0
2024-09-06,Aave,Ethereum,2.78,DAI,290094216,44.9,0
2024-09-06,Aave,Arbitrum,4.04,USDC,297661934,4.39,8.99
2024-09-06,Aave,Arbitrum,4.57,USDT,333868825,2.4,14.61
2024-09-06,Aave,Arbitrum,3.45,DAI,286487629,3.99,12.66
2024-09-06,Aave,Optimism,4.26,USDT,310310478,3.14,9.23
2024-09-06,Aave,Optimism,3.46,DAI,314700722,3.34,8.27
2024-09-06,Aave,Polygon,3.86,USDC,319975144,1.6,10.63
2024-09-06,Aave,Polygon,3.51,USDT,318580936,1.39,6.21
2024-09-06,Aave,Polygon,3.12,DAI,293009152,1.85,8.53
2024-09-06,Aave,Base,3.5,USDC,299869750,2.9,10.64
2024-09-06,Aave,Base,3.51,USDT,314859708,3.09,10.82
2024-09-06,Aave,Base,4.3,DAI,307356873,3.73,10.2
2024-09-06,Compound,Ethereum,2.37,USDC,227806016,53.16,0
2024-09-06,Compound,Ethereum,2.7,DAI,231633287,50.08,0
2024-09-06,Compound,Arbitrum,3.16,USDC,220855700,2.82,13.11
2024-09-06,Compound,Arbitrum,3.75,USDT,215732303,3.48,11.14
2024-09-06,Compound,Optimism,3.27,USDC,222804168,3.52,7.87
2024-09-06,Compound,Optimism,3.27,USDT,240521632,2.49,8.8
2024-09-06,Compound,Optimism,2.69,DAI,218274229,3.64,10.05
2024-09-06,Compound,Polygon,3.57,USDC,214212703,1.36,7.54
2024-09-06,Compound,Polygon,4.09,USDT,219208503,1.42,7.56
2024-09-06,Compound,Polygon,4.07,DAI,242644255,1.86,6.15
2024-09-06,Compound,Base,3.69,USDC,213979833,3.65,6.05
2024-09-06,Compound,Base,3.33,USDT,224251408,3.79,11.28
2024-09-06,Compound,Base,3.72,DAI,220831136,3.32,7.79
2024-09-06,Curve,Ethereum,5.21,USDC,396619449,42.68,0
2024-09-06,Curve,Ethereum,5.42,USDT,383603702,45.25,0
2024-09-06,Curve,Ethereum,4.95,DAI,389542917,37.99,0
2024-09-06,Curve,Arbitrum,7.41,USDC,392389120,3.27,13.35
2024-09-06,Curve,Arbitrum,7.33,USDT,379283372,4.07,9.74
2024-09-06,Curve,Arbitrum,6.94,DAI,394497024,2.36,11.77
2024-09-06,Curve,Optimism,5.47,USDC,414311686,3.26,7.66
2024-09-06,Curve,Optimism,6.13,USDT,387479611,3.16,7.06
2024-09-06,Curve,Optimism,6.22,DAI,385691912,3.17,11.5
2024-09-06,Curve,Polygon,7.0,USDC,373648790,1.84,9.17
2024-09-06,Curve,Polygon,6.24,USDT,397761938,1.46,7.16
2024-09-06,Curve,Polygon,5.87,DAI,390183249,1.52,7.06
2024-09-06,Curve,Base,6.49,USDC,419698486,3.4,14.63
2024-09-06,Curve,Base,6.55,USDT,384505281,3.15,10.91
2024-09-06,Curve,Base,7.55,DAI,394554285,2.91,9.75
2024-09-06,Uniswap V3,Ethereum,6.62,USDC,113755479,42.13,0
2024-09-06,Uniswap V3,Ethereum,8.18,USDT,125412758,39.07,0
2024-09-06,Uniswap V3,Ethereum,6.09,DAI,123245241,40.01,0
2024-09-06,Uniswap V3,Arbitrum,7.79,USDC,120603656,3.59,10.8
2024-09-06,Uniswap V3,Arbitrum,6.69,USDT,114362385,3.14,8.62
2024-09-06,Uniswap V3,Arbitrum,7.03,DAI,119148856,3.16,6.39
2024-09-06,Uniswap V3,Optimism,7.88,USDC,122077687,2.67,10.27
2024-09-06,Uniswap V3,Optimism,7.59,USDT,111926126,3.08,7.4
2024-09-06,Uniswap V3,Optimism,5.32,DAI,117622163,2.48,8.83
2024-09-06,Uniswap V3,Polygon,6.7,USDT,123382608,1.86,10.23
2024-09-06,Uniswap V3,Polygon,7.64,DAI,116272582,1.93,7.05
2024-09-06,Uniswap V3,Base,6.56,USDC,118830925,3.24,9.52
2024-09-06,Uniswap V3,Base,8.74,USDT,117152130,3.1,10.91
2024-09-06,Yearn,Ethereum,3.89,USDC,137324078,38.32,0
2024-09-06,Yearn,Ethereum,4.71,DAI,143333997,38.48,0
2024-09-06,Yearn,Arbitrum,4.61,USDC,151878704,3.16,14.04
2024-09-06,Yearn,Arbitrum,4.41,USDT,141211564,3.07,13.66
2024-09-06,Yearn,Arbitrum,5.79,DAI,160078824,2.23,10.69
2024-09-06,Yearn,Optimism,4.3,USDC,144379351,3.29,8.06
2024-09-06,Yearn,Optimism,4.63,USDT,150990170,3.18,11.15
2024-09-06,Yearn,Optimism,4.98,DAI,149007902,3.03,6.9
2024-09-06,Yearn,Polygon,5.1,USDC,150064720,1.39,7.25
2024-09-06,Yearn,Polygon,3.91,USDT,152071099,1.54,8.0
2024-09-06,Yearn,Polygon,5.09,DAI,143056091,1.31,8.79
2024-09-06,Yearn,Base,4.26,USDC,147089038,3.24,10.84
2024-09-06,Yearn,Base,4.21,USDT,155347385,3.32,11.29
2024-09-06,Yearn,Base,5.28,DAI,146353993,3.64,6.88
2024-09-06,Pendle,Ethereum,7.47,USDC,89987027,34.0,0
2024-09-06,Pendle,Ethereum,8.76,USDT,95353822,46.68,0
2024-09-06,Pendle,Ethereum,7.07,DAI,95211179,40.76,0
2024-09-06,Pendle,Arbitrum,9.93,USDC,88458380,4.03,15.32
2024-09-06,Pendle,Arbitrum,10.71,USDT,100225037,3.69,10.07
2024-09-06,Pendle,Arbitrum,9.83,DAI,97340242,3.46,7.15
2024-09-06,Pendle,Optimism,7.78,USDC,89956714,3.94,8.53
2024-09-06,Pendle,Optimism,8.6,USDT,92316888,3.31,11.18
2024-09-06,Pendle,Optimism,10.26,DAI,93083248,3.33,7.78
2024-09-06,Pendle,Base,9.39,USDT,94923821,2.94,9.59
2024-09-06,Pendle,Base,9.64,DAI,88584569,3.5,9.78
2024-09-06,Convex,Ethereum,4.9,USDC,187012899,36.85,0
2024-09-06,Convex,Ethereum,4.89,USDT,177105346,52.56,0
2024-09-06,Convex,Ethereum,5.14,DAI,191129816,35.39,0
2024-09-06,Balancer,Ethereum,5.02,USDC,136648147,36.12,0
2024-09-06,Balancer,Ethereum,5.13,DAI,138514270,40.55,0
2024-09-06,Balancer,Arbitrum,8.12,USDC,131901721,3.42,12.27
2024-09-06,Balancer,Arbitrum,7.05,USDT,135922649,5.08,11.59
2024-09-06,Balancer,Arbitrum,5.78,DAI,142683200,2.74,7.72
2024-09-06,Balancer,Optimism,6.41,USDC,133132717,4.04,9.2
2024-09-06,Balancer,Optimism,6.19,USDT,139130458,3.17,9.22
2024-09-06,Balancer,Optimism,6.29,DAI,132188647,2.82,6.29
2024-09-06,Balancer,Polygon,7.01,USDC,117309783,1.58,7.02
2024-09-06,Balancer,Polygon,6.71,USDT,134535309,1.18,10.48
2024-09-06,Balancer,Polygon,6.41,DAI,137392145,1.72,8.28
2024-09-06,Balancer,Base,6.58,USDC,148691094,3.7,11.92
2024-09-06,Balancer,Base,7.48,USDT,128867315,3.66,9.05
2024-09-06,Balancer,Base,7.4,DAI,135602986,3.09,10.01
2024-09-07,Aave,Ethereum,3.0,USDC,320252774,30.39,0
2024-09-07,Aave,Ethereum,3.1,USDT,288868645,21.37,0
2024-09-07,Aave,Ethereum,3.19,DAI,295509156,32.96,0
2024-09-07,Aave,Arbitrum,4.11,USDC,308324791,2.49,10.44
2024-09-07,Aave,Arbitrum,3.63,USDT,275745267,1.96,8.7
2024-09-07,Aave,Arbitrum,3.59,DAI,312944409,2.7,12.38
2024-09-07,Aave,Optimism,3.57,USDC,287594535,2.04,9.06
2024-09-07,Aave,Optimism,2.79,USDT,311015383,2.7,10.42
2024-09-07,Aave,Optimism,2.61,DAI,323166701,2.34,9.05
2024-09-07,Aave,Polygon,3.63,USDC,306689307,0.69,6.61
2024-09-07,Aave,Polygon,3.51,USDT,314206846,1.21,7.52
2024-09-07,Aave,Polygon,3.2,DAI,312182852,0.75,9.72
2024-09-07,Aave,Base,3.18,USDC,309373086,2.36,11.5
2024-09-07,Aave,Base,3.73,USDT,303314929,1.95,11.65
2024-09-07,Aave,Base,3.08,DAI,305962742,2.62,11.34
2024-09-07,Compound,Ethereum,2.74,USDT,212429501,30.64,0
2024-09-07,Compound,Ethereum,3.25,DAI,234537555,26.53,0
2024-09-07,Compound,Arbitrum,3.87,USDC,231993159,1.78,12.54
2024-09-07,Compound,Optimism,3.38,USDT,222018242,1.76,10.42
2024-09-07,Compound,Optimism,2.54,DAI,220883470,1.62,5.99
2024-09-07,Compound,Polygon,4.4,USDC,225846974,0.72,7.22
2024-09-07,Compound,Polygon,4.17,DAI,221854203,0.76,9.94
2024-09-07,Compound,Base,3.49,USDC,237566876,2.36,12.71
2024-09-07,Compound,Base,3.5,USDT,225973368,2.48,9.74
2024-09-07,Compound,Base,3.59,DAI,220305443,2.3,9.58
2024-09-07,Curve,Ethereum,5.68,USDC,395455346,26.71,0
2024-09-07,Curve,Ethereum,5.98,USDT,383239340,27.08,0
2024-09-07,Curve,Ethereum,5.26,DAI,385904106,31.16,0
2024-09-07,Curve,Arbitrum,5.7,USDT,411994398,3.52,9.91
2024-09-07,Curve,Arbitrum,7.26,DAI,390679999,2.67,10.63
2024-09-07,Curve,Optimism,5.92,USDT,415134066,2.43,9.23
2024-09-07,Curve,Optimism,6.91,DAI,402697212,2.1,11.1
2024-09-07,Curve,Polygon,6.63,USDC,376928353,0.91,6.71
2024-09-07,Curve,Polygon,6.0,USDT,393308391,0.9,9.04
2024-09-07,Curve,Base,6.86,USDC,360223663,1.76,6.91
2024-09-07,Curve,Base,6.97,USDT,385798725,1.85,7.47
2024-09-07,Curve,Base,7.33,DAI,412253975,2.27,12.46
2024-09-07,Uniswap V3,Ethereum,6.12,USDC,118094835,29.55,0
2024-09-07,Uniswap V3,Ethereum,6.52,DAI,119291340,30.94,0
2024-09-07,Uniswap V3,Arbitrum,6.6,USDC,118763304,2.37,15.64
2024-09-07,Uniswap V3,Arbitrum,7.43,USDT,123689540,2.96,11.57
2024-09-07,Uniswap V3,Arbitrum,7.02,DAI,110513317,2.52,12.66
2024-09-07,Uniswap V3,Optimism,6.64,USDC,112590326,2.21,11.29
2024-09-07,Uniswap V3,Optimism,7.74,USDT,120041006,2.17,11.24
2024-09-07,Uniswap V3,Optimism,9.1,DAI,112432288,2.23,9.13
2024-09-07,Uniswap V3,Polygon,6.05,DAI,115834883,1.03,9.91
2024-09-07,Uniswap V3,Base,7.84,USDT,114829265,2.01,9.82
2024-09-07,Uniswap V3,Base,7.05,DAI,115670632,2.1,7.61
2024-09-07,Yearn,Ethereum,4.81,USDC,154043487,28.75,0
2024-09-07,Yearn,Ethereum,4.22,USDT,142078335,25.61,0
2024-09-07,Yearn,Ethereum,4.13,DAI,145134422,29.13,0
2024-09-07,Yearn,Arbitrum,4.16,USDC,151848988,2.26,14.16
2024-09-07,Yearn,Arbitrum,4.43,USDT,159595658,2.35,12.12
2024-09-07,Yearn,Arbitrum,6.0,DAI,156439220,3.11,16.27
2024-09-07,Yearn,Optimism,4.67,USDC,140017796,1.85,7.37
2024-09-07,Yearn,Optimism,5.1,USDT,153410977,2.74,8.2
2024-09-07,Yearn,Optimism,4.37,DAI,142582582,1.75,9.51
2024-09-07,Yearn,Polygon,4.12,USDT,151030193,0.63,6.0
2024-09-07,Yearn,Polygon,4.4,DAI,154164439,1.16,8.25
2024-09-07,Yearn,Base,5.47,USDC,148353935,2.31,8.16
2024-09-07,Yearn,Base,6.13,USDT,153258493,2.63,10.55
2024-09-07,Yearn,Base,4.77,DAI,142373064,2.12,10.02
2024-09-07,Pendle,Ethereum,6.63,USDT,90559744,22.61,0
2024-09-07,Pendle,Ethereum,9.3,DAI,92188000,29.7,0
2024-09-07,Pendle,Arbitrum,10.54,USDC,89732427,1.43,10.94
2024-09-07,Pendle,Arbitrum,11.38,USDT,92541346,2.43,10.26
2024-09-07,Pendle,Arbitrum,10.34,DAI,89255971,1.98,11.03
2024-09-07,Pendle,Optimism,8.8,USDC,85631186,1.95,10.59
2024-09-07,Pendle,Optimism,9.27,USDT,96379060,1.51,11.67
2024-09-07,Pendle,Optimism,8.24,DAI,93094990,1.9,10.4
2024-09-07,Pendle,Base,8.68,USDC,89651076,2.34,9.35
2024-09-07,Pendle,Base,9.06,USDT,92553162,2.3,5.67
2024-09-07,Pendle,Base,9.13,DAI,94814560,2.78,13.89
2024-09-07,Convex,Ethereum,4.22,USDC,186593458,37.75,0
2024-09-07,Convex,Ethereum,4.55,USDT,201529475,32.31,0
2024-09-07,Convex,Ethereum,5.52,DAI,191809701,22.37,0
2024-09-07,Balancer,Ethereum,5.58,USDC,126241006,32.13,0
2024-09-07,Balancer,Ethereum,5.26,USDT,139550676,30.76,0
2024-09-07,Balancer,Ethereum,4.65,DAI,151948444,26.03,0
2024-09-07,Balancer,Arbitrum,7.23,USDC,130955911,2.4,15.28
2024-09-07,Balancer,Arbitrum,6.76,USDT,136894593,1.7,16.24
2024-09-07,Balancer,Arbitrum,6.38,DAI,137166559,2.11,14.91
2024-09-07,Balancer,Optimism,6.19,USDC,139912634,1.52,9.09
2024-09-07,Balancer,Optimism,6.26,USDT,140955158,2.31,10.33
2024-09-07,Balancer,Optimism,6.54,DAI,146953256,1.11,9.82
2024-09-07,Balancer,Polygon,7.9,USDC,135613182,1.29,9.45
2024-09-07,Balancer,Polygon,7.81,USDT,128405240,1.18,6.66
2024-09-07,Balancer,Polygon,7.04,DAI,148421220,1.01,6.45
2024-09-07,Balancer,Base,6.14,USDC,139892706,2.46,9.81
2024-09-07,Balancer,Base,6.27,USDT,133301587,2.43,9.7
2024-09-07,Balancer,Base,7.15,DAI,133582940,2.69,10.06
2024-09-08,Aave,Ethereum,2.79,USDC,302408396,21.57,0
2024-09-08,Aave,Ethereum,3.19,USDT,305616201,24.63,0
2024-09-08,Aave,Ethereum,3.08,DAI,313031190,29.86,0
2024-09-08,Aave,Arbitrum,4.29,USDC,324240901,1.58,12.75
2024-09-08,Aave,Arbitrum,3.89,USDT,309574999,2.32,15.34
2024-09-08,Aave,Arbitrum,3.04,DAI,309006033,2.71,12.32
2024-09-08,Aave,Optimism,3.24,USDC,295803153,2.09,2.97
2024-09-08,Aave,Optimism,2.98,DAI,318165719,2.31,10.24
2024-09-08,Aave,Polygon,5.35,USDC,312596936,1.04,9.56
2024-09-08,Aave,Polygon,3.48,USDT,322610662,0.7,9.01
2024-09-08,Aave,Polygon,4.54,DAI,305092114,1.26,5.56
2024-09-08,Aave,Base,3.01,USDC,327166770,2.36,12.81
2024-09-08,Aave,Base,4.74,USDT,318975881,1.83,9.67
2024-09-08,Aave,Base,3.43,DAI,298956405,2.3,11.82
2024-09-08,Compound,Ethereum,2.94,USDC,216989159,27.37,0
2024-09-08,Compound,Ethereum,3.11,USDT,225461518,36.76,0
2024-09-08,Compound,Ethereum,3.48,DAI,219521380,30.51,0
2024-09-08,Compound,Arbitrum,2.86,USDC,241214554,2.84,11.09
2024-09-08,Compound,Arbitrum,3.39,USDT,225147133,2.39,14.11
2024-09-08,Compound,Arbitrum,2.96,DAI,230374168,2.54,10.81
2024-09-08,Compound,Optimism,3.41,USDC,217388997,1.96,9.83
2024-09-08,Compound,Optimism,4.1,USDT,232129187,1.65,8.25
2024-09-08,Compound,Optimism,3.57,DAI,222990740,2.09,10.15
2024-09-08,Compound,Polygon,3.47,USDC,204375943,0.93,9.6
2024-09-08,Compound,Polygon,3.76,USDT,235577161,1.29,7.53
2024-09-08,Compound,Polygon,3.43,DAI,212551671,1.17,8.05
2024-09-08,Compound,Base,3.62,USDC,231259813,2.25,11.6
2024-09-08,Compound,Base,3.38,USDT,221104117,2.27,9.32
2024-09-08,Compound,Base,3.69,DAI,229177635,2.67,6.72
2024-09-08,Curve,Ethereum,4.3,USDC,407505956,32.36,0
2024-09-08,Curve,Ethereum,4.1,USDT,382821604,16.95,0
2024-09-08,Curve,Ethereum,4.76,DAI,389568649,23.03,0
2024-09-08,Curve,Arbitrum,7.62,USDC,403590012,2.76,11.15
2024-09-08,Curve,Arbitrum,6.71,USDT,378423202,2.37,9.85
2024-09-08,Curve,Optimism,5.72,USDC,388088637,2.09,10.7
2024-09-08,Curve,Optimism,4.88,DAI,365599672,2.0,7.06
2024-09-08,Curve,Polygon,8.65,USDT,373887707,1.09,8.79
2024-09-08,Curve,Polygon,6.07,DAI,394071489,1.2,5.02
2024-09-08,Curve,Base,6.95,USDC,399993394,2.1,12.09
2024-09-08,Curve,Base,6.84,USDT,381645968,2.52,12.63
2024-09-08,Curve,Base,5.7,DAI,417790259,2.2,12.07
2024-09-08,Uniswap V3,Ethereum,5.8,USDT,111997127,37.95,0
2024-09-08,Uniswap V3,Arbitrum,7.12,USDC,112808304,2.42,9.19
2024-09-08,Uniswap V3,Arbitrum,7.84,USDT,120334335,2.25,11.69
2024-09-08,Uniswap V3,Arbitrum,6.86,DAI,115256873,2.44,9.34
2024-09-08,Uniswap V3,Optimism,7.6,USDC,113960621,1.87,10.37
2024-09-08,Uniswap V3,Optimism,8.39,USDT,126893035,2.16,8.65
2024-09-08,Uniswap V3,Optimism,7.85,DAI,116123627,2.41,8.3
2024-09-08,Uniswap V3,Polygon,8.09,USDC,116867540,1.19,11.58
2024-09-08,Uniswap V3,Polygon,5.65,USDT,113647299,1.04,9.42
2024-09-08,Uniswap V3,Polygon,7.08,DAI,111293791,1.04,9.83
2024-09-08,Uniswap V3,Base,7.03,USDC,121969579,2.17,10.41
2024-09-08,Uniswap V3,Base,8.03,USDT,123730701,1.87,9.02
2024-09-08,Uniswap V3,Base,8.07,DAI,118836334,2.51,8.3
2024-09-08,Yearn,Ethereum,3.73,USDC,155115852,26.23,0
2024-09-08,Yearn,Ethereum,4.29,DAI,151892100,39.3,0
2024-09-08,Yearn,Arbitrum,4.58,USDC,154190161,1.56,14.42
2024-09-08,Yearn,Arbitrum,5.05,USDT,147181045,3.09,13.19
2024-09-08,Yearn,Arbitrum,4.78,DAI,152876152,2.68,14.25
2024-09-08,Yearn,Optimism,5.1,USDT,145646408,2.43,10.92
2024-09-08,Yearn,Optimism,4.36,DAI,140128199,2.71,9.23
2024-09-08,Yearn,Polygon,5.24,USDC,150994359,0.66,9.29
2024-09-08,Yearn,Polygon,4.88,DAI,154503437,1.02,8.28
2024-09-08,Yearn,Base,5.73,USDC,150204018,2.37,9.47
2024-09-08,Yearn,Base,4.07,USDT,143229987,2.2,7.87
2024-09-08,Pendle,Ethereum,8.7,USDC,96298786,30.47,0
2024-09-08,Pendle,Ethereum,6.96,USDT,94788032,35.7,0
2024-09-08,Pendle,Ethereum,6.31,DAI,94849659,27.82,0
2024-09-08,Pendle,Arbitrum,9.09,USDC,87592704,2.32,11.02
2024-09-08,Pendle,Arbitrum,8.75,USDT,91200658,1.52,15.13
2024-09-08,Pendle,Arbitrum,8.86,DAI,93510749,2.94,16.06
2024-09-08,Pendle,Optimism,8.57,USDC,95019599,2.53,11.6
2024-09-08,Pendle,Optimism,8.51,USDT,90018386,1.89,9.12
2024-09-08,Pendle,Optimism,9.85,DAI,91195167,2.24,10.95
2024-09-08,Pendle,Base,9.73,USDC,90450504,1.87,7.76
2024-09-08,Convex,Ethereum,5.77,USDC,188627236,19.25,0
2024-09-08,Convex,Ethereum,5.62,USDT,189789673,37.4,0
2024-09-08,Convex,Ethereum,5.26,DAI,198123443,24.83,0
2024-09-08,Balancer,Ethereum,5.23,USDC,129447432,32.81,0
2024-09-08,Balancer,Ethereum,5.28,USDT,137843976,21.77,0
2024-09-08,Balancer,Ethereum,5.4,DAI,132337259,25.45,0
2024-09-08,Balancer,Arbitrum,6.96,USDC,122449825,3.59,16.12
2024-09-08,Balancer,Arbitrum,6.03,USDT,138217518,2.64,19.23
2024-09-08,Balancer,Arbitrum,7.92,DAI,133094343,1.73,8.71
2024-09-08,Balancer,Optimism,6.55,USDC,140261873,2.02,10.34
2024-09-08,Balancer,Optimism,7.24,USDT,137760277,2.13,10.11
2024-09-08,Balancer,Polygon,7.17,USDC,125529706,0.97,9.45
2024-09-08,Balancer,Polygon,6.92,USDT,131959917,1.04,8.41
2024-09-08,Balancer,Polygon,7.64,DAI,132762546,1.19,6.44
2024-09-08,Balancer,Base,7.26,USDC,140890331,1.98,11.06
2024-09-08,Balancer,Base,7.14,USDT,129387789,2.58,9.89
2024-09-08,Balancer,Base,5.97,DAI,137703629,1.7,11.3
2024-09-09,Aave,Ethereum,3.33,USDC,307806393,39.29,0
2024-09-09,Aave,Ethereum,2.98,USDT,307933662,36.49,0
2024-09-09,Aave,Ethereum,3.21,DAI,313464380,43.9,0
2024-09-09,Aave,Arbitrum,3.95,USDC,318764990,3.64,15.91
2024-09-09,Aave,Arbitrum,3.92,USDT,312822991,2.44,14.48
2024-09-09,Aave,Arbitrum,3.58,DAI,314030262,2.6,10.42
2024-09-09,Aave,Optimism,4.18,USDC,300137089,3.35,11.43
2024-09-09,Aave,Optimism,4.49,USDT,303132642,3.05,12.18
2024-09-09,Aave,Polygon,4.67,USDC,306930405,0.95,8.21
2024-09-09,Aave,Polygon,4.25,USDT,302060953,1.57,8.24
2024-09-09,Aave,Polygon,4.97,DAI,311019293,0.93,9.48
2024-09-09,Aave,Base,3.87,USDC,308301331,2.86,9.6
2024-09-09,Aave,Base,3.79,USDT,319142910,2.67,8.58
2024-09-09,Aave,Base,3.5,DAI,280625823,3.89,12.51
2024-09-09,Compound,Ethereum,2.91,USDC,223374436,31.05,0
2024-09-09,Compound,Ethereum,3.31,USDT,218958642,26.65,0
2024-09-09,Compound,Arbitrum,3.25,USDC,224531468,4.14,10.7
2024-09-09,Compound,Arbitrum,3.33,USDT,226695241,3.86,12.81
2024-09-09,Compound,Arbitrum,3.74,DAI,234398785,3.72,12.63
2024-09-09,Compound,Optimism,4.14,USDC,233167657,3.15,10.67
2024-09-09,Compound,Optimism,3.08,USDT,220239718,3.31,10.14
2024-09-09,Compound,Optimism,3.25,DAI,215968722,3.49,8.74
2024-09-09,Compound,Polygon,3.85,USDC,220586760,1.84,10.93
2024-09-09,Compound,Polygon,3.68,USDT,224898979,1.62,8.55
2024-09-09,Compound,Polygon,4.03,DAI,209572672,1.56,10.11
2024-09-09,Compound,Base,4.2,USDC,224022096,3.05,8.54
2024-09-09,Compound,Base,3.64,USDT,230311036,3.54,7.69
2024-09-09,Compound,Base,3.45,DAI,219133820,3.8,10.26
2024-09-09,Curve,Ethereum,4.57,USDC,360381791,38.57,0
2024-09-09,Curve,Ethereum,6.74,USDT,373314689,31.02,0
2024-09-09,Curve,Ethereum,4.96,DAI,392967186,21.56,0
2024-09-09,Curve,Arbitrum,7.66,USDC,416460530,3.52,11.47
2024-09-09,Curve,Arbitrum,6.6,USDT,391474077,4.45,10.16
2024-09-09,Curve,Arbitrum,6.92,DAI,407002375,3.97,11.31
2024-09-09,Curve,Optimism,5.61,USDC,418673037,3.61,11.07
2024-09-09,Curve,Optimism,5.52,DAI,377092082,3.12,12.08
2024-09-09,Curve,Polygon,7.64,USDC,416763038,1.28,8.23
2024-09-09,Curve,Polygon,8.3,USDT,380394265,1.78,7.61
2024-09-09,Curve,Polygon,6.7,DAI,407750453,1.54,6.86
2024-09-09,Curve,Base,5.42,USDT,407755811,3.1,10.56
2024-09-09,Uniswap V3,Ethereum,7.0,USDC,121658819,46.96,0
2024-09-09,Uniswap V3,Ethereum,6.28,USDT,111417586,36.17,0
2024-09-09,Uniswap V3,Arbitrum,7.23,USDC,120641755,1.93,10.11
2024-09-09,Uniswap V3,Arbitrum,9.9,USDT,124364025,3.77,10.49
2024-09-09,Uniswap V3,Arbitrum,7.19,DAI,114737827,4.24,5.01
2024-09-09,Uniswap V3,Optimism,7.29,DAI,115183202,2.86,9.96
2024-09-09,Uniswap V3,Polygon,8.06,USDC,117267355,1.52,9.54
2024-09-09,Uniswap V3,Polygon,7.12,USDT,119675683,1.29,8.46
2024-09-09,Uniswap V3,Polygon,7.44,DAI,111841718,1.41,5.97
2024-09-09,Uniswap V3,Base,6.19,USDC,122504958,2.97,6.54
2024-09-09,Uniswap V3,Base,6.33,DAI,121781895,3.22,7.7
2024-09-09,Yearn,Ethereum,3.95,USDC,137889450,44.24,0
2024-09-09,Yearn,Ethereum,4.03,USDT,152841146,47.56,0
2024-09-09,Yearn,Ethereum,4.36,DAI,144312296,48.33,0
2024-09-09,Yearn,Arbitrum,3.9,USDC,150618742,5.03,13.15
2024-09-09,Yearn,Arbitrum,4.01,USDT,143466946,2.69,13.4
2024-09-09,Yearn,Arbitrum,5.59,DAI,150629920,3.63,8.05
2024-09-09,Yearn,Optimism,5.28,USDC,151120131,3.11,7.13
2024-09-09,Yearn,Optimism,5.06,USDT,147170250,3.5,7.08
2024-09-09,Yearn,Optimism,5.17,DAI,150771452,3.78,7.78
2024-09-09,Yearn,Polygon,4.75,USDC,139069761,1.28,4.06
2024-09-09,Yearn,Polygon,6.78,DAI,161550720,1.21,9.37
2024-09-09,Yearn,Base,4.67,USDC,148391330,3.44,5.66
2024-09-09,Yearn,Base,5.65,USDT,145815173,4.02,9.92
2024-09-09,Yearn,Base,4.9,DAI,147656824,3.24,7.07
2024-09-09,Pendle,Ethereum,8.03,USDC,83188619,33.02,0
2024-09-09,Pendle,Ethereum,7.74,USDT,86404227,39.01,0
2024-09-09,Pendle,Ethereum,8.45,DAI,90128497,34.6,0
2024-09-09,Pendle,Arbitrum,8.16,USDT,93529052,3.2,11.72
2024-09-09,Pendle,Arbitrum,8.48,DAI,85366190,3.21,12.54
2024-09-09,Pendle,Optimism,10.38,USDC,92996978,3.52,7.62
2024-09-09,Pendle,Optimism,9.16,USDT,96430222,3.86,10.35
2024-09-09,Pendle,Optimism,8.7,DAI,93207693,2.14,10.1
2024-09-09,Pendle,Base,9.67,USDC,90937541,3.55,7.47
2024-09-09,Pendle,Base,12.13,USDT,89303343,3.41,12.66
2024-09-09,Pendle,Base,10.56,DAI,94142908,4.37,7.36
2024-09-09,Convex,Ethereum,4.38,USDC,186736099,41.59,0
2024-09-09,Convex,Ethereum,4.43,USDT,164649388,43.2,0
2024-09-09,Convex,Ethereum,4.6,DAI,191804131,41.72,0
2024-09-09,Balancer,Ethereum,6.03,USDC,135238273,47.17,0
2024-09-09,Balancer,Ethereum,6.31,USDT,124048780,49.44,0
2024-09-09,Balancer,Ethereum,5.77,DAI,140118547,41.66,0
2024-09-09,Balancer,Arbitrum,6.98,USDC,128781746,4.43,12.72
2024-09-09,Balancer,Arbitrum,6.13,DAI,134250448,3.41,10.74
2024-09-09,Balancer,Optimism,6.78,USDC,138923785,2.52,9.32
2024-09-09,Balancer,Optimism,7.28,DAI,136274777,3.01,7.3
2024-09-09,Balancer,Polygon,7.69,USDC,144647621,1.12,12.19
2024-09-09,Balancer,Polygon,6.99,DAI,124904577,1.18,6.9
2024-09-09,Balancer,Base,6.87,USDC,131427928,3.18,7.23
2024-09-09,Balancer,Base,7.61,USDT,130263142,3.16,8.14
2024-09-09,Balancer,Base,6.66,DAI,133208115,3.47,13.21
2024-09-10,Aave,Ethereum,3.01,USDC,296188655,48.74,0
2024-09-10,Aave,Ethereum,3.4,USDT,293126261,28.63,0
2024-09-10,Aave,Ethereum,3.24,DAI,303485867,45.19,0
2024-09-10,Aave,Arbitrum,3.81,USDC,295489947,4.39,10.7
2024-09-10,Aave,Arbitrum,3.84,USDT,295421947,2.57,10.58
2024-09-10,Aave,Arbitrum,4.23,DAI,287939767,3.43,10.44
2024-09-10,Aave,Optimism,3.64,USDC,309137599,2.49,7.36
2024-09-10,Aave,Optimism,4.18,USDT,299765874,2.63,10.01
2024-09-10,Aave,Optimism,4.45,DAI,297007361,3.49,10.85
2024-09-10,Aave,Polygon,4.58,USDC,299190235,1.46,8.18
2024-09-10,Aave,Polygon,4.47,USDT,307881239,1.36,6.67
2024-09-10,Aave,Polygon,4.15,DAI,298843162,1.67,6.73
2024-09-10,Aave,Base,3.65,USDC,305890517,3.71,6.15
2024-09-10,Aave,Base,4.5,USDT,292299925,3.61,8.93
2024-09-10,Aave,Base,4.32,DAI,287765584,3.54,9.5
2024-09-10,Compound,Ethereum,3.01,USDC,227071395,40.34,0
2024-09-10,Compound,Ethereum,3.83,USDT,225554039,33.95,0
2024-09-10,Compound,Ethereum,2.83,DAI,228461905,39.34,0
2024-09-10,Compound,Arbitrum,4.11,USDC,220175220,3.03,7.49
2024-09-10,Compound,Arbitrum,3.7,USDT,222555961,4.26,11.76
2024-09-10,Compound,Arbitrum,3.58,DAI,219310056,2.97,12.16
2024-09-10,Compound,Optimism,3.82,USDC,224119579,3.33,9.65
2024-09-10,Compound,Optimism,3.86,USDT,214544487,3.62,7.68
2024-09-10,Compound,Optimism,3.41,DAI,217363276,3.54,8.97
2024-09-10,Compound,Polygon,3.75,USDC,206087159,1.72,9.03
2024-09-10,Compound,Polygon,3.57,USDT,218424403,1.63,10.01
2024-09-10,Compound,Polygon,4.33,DAI,218450722,1.85,6.84
2024-09-10,Compound,Base,3.6,USDC,207594158,2.72,11.3
2024-09-10,Curve,Ethereum,4.63,USDC,381387304,50.77,0
2024-09-10,Curve,Ethereum,3.77,USDT,382708881,40.33,0
2024-09-10,Curve,Ethereum,4.89,DAI,369395692,30.69,0
2024-09-10,Curve,Arbitrum,5.19,USDC,401523391,3.49,13.21
2024-09-10,Curve,Arbitrum,6.81,USDT,371701350,3.83,9.95
2024-09-10,Curve,Arbitrum,7.1,DAI,400627731,2.83,13.75
2024-09-10,Curve,Optimism,7.22,USDC,408635826,1.54,8.14
2024-09-10,Curve,Optimism,5.71,USDT,402316430,2.59,8.01
2024-09-10,Curve,Optimism,6.73,DAI,376413373,2.88,7.67
2024-09-10,Curve,Polygon,7.45,USDC,411554819,1.61,7.7
2024-09-10,Curve,Polygon,5.77,USDT,372602549,1.45,8.41
2024-09-10,Curve,Polygon,5.89,DAI,396350853,1.69,8.83
2024-09-10,Curve,Base,6.57,USDC,386361668,3.39,9.83
2024-09-10,Curve,Base,5.14,USDT,403159082,3.06,11.58
2024-09-10,Curve,Base,5.58,DAI,388039713,4.03,8.23
2024-09-10,Uniswap V3,Ethereum,7.52,USDC,118688313,33.04,0
2024-09-10,Uniswap V3,Ethereum,5.95,USDT,111234004,48.29,0
2024-09-10,Uniswap V3,Ethereum,5.45,DAI,117581926,46.75,0
2024-09-10,Uniswap V3,Arbitrum,7.81,USDC,118715370,2.6,9.96
2024-09-10,Uniswap V3,Arbitrum,6.35,USDT,114766132,4.2,10.8
2024-09-10,Uniswap V3,Arbitrum,7.74,DAI,116165194,3.5,11.74
2024-09-10,Uniswap V3,Optimism,7.5,USDC,118812218,3.08,10.73
2024-09-10,Uniswap V3,Optimism,7.22,USDT,115469149,3.08,8.1
2024-09-10,Uniswap V3,Optimism,7.66,DAI,123602098,2.93,8.83
2024-09-10,Uniswap V3,Polygon,7.2,USDC,121946440,1.21,11.9
2024-09-10,Uniswap V3,Polygon,7.59,USDT,114238683,1.71,7.24
2024-09-10,Uniswap V3,Polygon,9.06,DAI,109934308,1.55,8.71
2024-09-10,Uniswap V3,Base,6.88,USDC,117445460,2.43,10.28
2024-09-10,Uniswap V3,Base,7.78,USDT,110771504,3.1,10.35
2024-09-10,Uniswap V3,Base,9.71,DAI,120604746,3.33,6.04
2024-09-10,Yearn,Ethereum,4.81,USDC,142855408,48.07,0
2024-09-10,Yearn,Ethereum,4.97,USDT,150845468,48.76,0
2024-09-10,Yearn,Ethereum,4.66,DAI,142945718,40.87,0
2024-09-10,Yearn,Arbitrum,5.46,USDC,150651656,2.98,9.71
2024-09-10,Yearn,Arbitrum,4.92,USDT,137438518,4.68,7.55
2024-09-10,Yearn,Arbitrum,4.49,DAI,147483281,3.3,16.72
2024-09-10,Yearn,Optimism,5.66,USDC,143338294,2.45,11.03
2024-09-10,Yearn,Optimism,5.17,USDT,141718874,1.62,5.78
2024-09-10,Yearn,Polygon,5.77,USDC,134357327,1.72,9.94
2024-09-10,Yearn,Polygon,5.83,USDT,147923542,1.52,8.59
2024-09-10,Yearn,Polygon,5.69,DAI,145208681,1.75,9.34
2024-09-10,Yearn,Base,5.53,USDC,147592956,3.03,9.31
2024-09-10,Yearn,Base,5.4,USDT,147900502,3.44,11.04
2024-09-10,Yearn,Base,4.0,DAI,140596693,3.54,11.65
2024-09-10,Pendle,Ethereum,9.46,USDC,92325335,27.84,0
2024-09-10,Pendle,Ethereum,8.73,USDT,93202561,33.64,0
2024-09-10,Pendle,Ethereum,8.16,DAI,97771987,52.88,0
2024-09-10,Pendle,Arbitrum,10.56,DAI,95080821,2.27,10.5
2024-09-10,Pendle,Optimism,10.07,USDC,96487868,3.61,10.69
2024-09-10,Pendle,Optimism,9.39,USDT,92788457,3.56,11.55
2024-09-10,Pendle,Optimism,8.4,DAI,89724880,2.79,7.69
2024-09-10,Pendle,Base,10.78,USDC,91464962,3.12,9.4
2024-09-10,Pendle,Base,11.4,USDT,93704232,3.33,11.6
2024-09-10,Pendle,Base,9.12,DAI,90113399,3.26,8.83
2024-09-10,Convex,Ethereum,5.56,USDC,176088455,32.52,0
2024-09-10,Convex,Ethereum,4.61,USDT,180958375,45.1,0
2024-09-10,Convex,Ethereum,4.88,DAI,174966749,39.42,0
2024-09-10,Balancer,Ethereum,6.11,USDC,129976648,32.37,0
2024-09-10,Balancer,Ethereum,6.36,USDT,130730412,39.37,0
2024-09-10,Balancer,Ethereum,4.82,DAI,134538226,30.38,0
2024-09-10,Balancer,Arbitrum,6.58,USDC,125231508,3.2,11.02
2024-09-10,Balancer,Arbitrum,7.03,USDT,129413211,3.16,10.6
2024-09-10,Balancer,Arbitrum,7.75,DAI,132217871,3.15,15.23
2024-09-10,Balancer,Optimism,7.13,USDC,134168075,3.67,10.14
2024-09-10,Balancer,Optimism,7.14,DAI,129973489,3.08,12.94
2024-09-10,Balancer,Polygon,9.34,USDC,136785597,1.77,7.79
2024-09-10,Balancer,Polygon,7.64,USDT,129460659,1.01,5.15
2024-09-10,Balancer,Polygon,6.06,DAI,136290470,1.68,5.72
2024-09-10,Balancer,Base,6.96,USDT,133526488,3.27,8.82
2024-09-10,Balancer,Base,7.66,DAI,135592778,3.09,15.05
2024-09-11,Aave,Ethereum,3.17,USDC,321168958,42.21,0
2024-09-11,Aave,Ethereum,2.87,USDT,300664914,41.91,0
2024-09-11,Aave,Ethereum,2.9,DAI,312131506,37.14,0
2024-09-11,Aave,Arbitrum,3.25,USDC,301781716,4.32,14.37
2024-09-11,Aave,Arbitrum,4.53,USDT,296555333,4.45,10.01
2024-09-11,Aave,Arbitrum,4.4,DAI,326072281,3.86,12.82
2024-09-11,Aave,Optimism,4.05,USDC,305355024,3.68,9.42
2024-09-11,Aave,Optimism,4.9,USDT,284459274,3.26,6.68
2024-09-11,Aave,Optimism,3.37,DAI,302230249,3.4,7.58
2024-09-11,Aave,Polygon,4.48,USDC,309536588,1.19,7.91
2024-09-11,Aave,Polygon,4.87,USDT,325371774,1.27,8.35
2024-09-11,Aave,Polygon,4.42,DAI,319234961,1.33,6.12
2024-09-11,Aave,Base,3.67,USDC,298964677,3.18,9.23
2024-09-11,Aave,Base,4.47,USDT,306901694,2.05,7.32
2024-09-11,Aave,Base,4.22,DAI,300231648,3.75,11.79
2024-09-11,Compound,Ethereum,3.35,USDC,221495659,38.21,0
2024-09-11,Compound,Ethereum,3.02,DAI,224071603,34.59,0
2024-09-11,Compound,Arbitrum,3.58,USDC,231115839,3.3,10.49
2024-09-11,Compound,Arbitrum,4.02,USDT,204203862,4.35,9.11
2024-09-11,Compound,Arbitrum,4.08,DAI,205914870,3.79,13.19
2024-09-11,Compound,Optimism,3.74,USDC,208753882,2.48,10.39
2024-09-11,Compound,Optimism,3.32,USDT,207624529,4.15,12.09
2024-09-11,Compound,Optimism,2.97,DAI,215856076,3.76,7.24
2024-09-11,Compound,Polygon,4.35,USDT,223376969,1.62,7.79
2024-09-11,Compound,Polygon,4.17,DAI,210639664,1.42,10.63
2024-09-11,Compound,Base,3.5,USDT,218217148,3.51,6.88
2024-09-11,Compound,Base,3.72,DAI,209511831,3.45,4.72
2024-09-11,Curve,Ethereum,4.73,USDC,410412704,47.29,0
2024-09-11,Curve,Ethereum,5.66,USDT,382203218,37.56,0
2024-09-11,Curve,Ethereum,5.95,DAI,369295390,40.03,0
2024-09-11,Curve,Arbitrum,6.1,USDC,404302162,2.92,11.7
2024-09-11,Curve,Arbitrum,4.94,USDT,365260432,3.78,14.71
2024-09-11,Curve,Arbitrum,6.16,DAI,382633445,4.13,14.44
2024-09-11,Curve,Optimism,6.55,USDC,402824190,3.41,12.08
2024-09-11,Curve,Optimism,7.7,USDT,406760628,2.96,9.44
2024-09-11,Curve,Optimism,7.42,DAI,385835674,3.28,6.37
2024-09-11,Curve,Polygon,6.94,USDC,390133766,1.34,6.04
2024-09-11,Curve,Polygon,6.93,USDT,362312260,1.49,8.58
2024-09-11,Curve,Base,6.42,USDC,376140515,3.89,10.33
2024-09-11,Curve,Base,5.41,USDT,376196645,3.64,7.69
2024-09-11,Curve,Base,6.65,DAI,403681194,4.52,9.33
2024-09-11,Uniswap V3,Ethereum,5.46,USDC,110820959,42.91,0
2024-09-11,Uniswap V3,Ethereum,5.99,USDT,121568144,47.76,0
2024-09-11,Uniswap V3,Ethereum,5.87,DAI,123532628,42.2,0
2024-09-11,Uniswap V3,Arbitrum,8.23,USDC,108592828,3.47,16.08
2024-09-11,Uniswap V3,Arbitrum,6.73,USDT,119075530,4.97,11.07
2024-09-11,Uniswap V3,Arbitrum,10.51,DAI,110231533,3.79,12.55
2024-09-11,Uniswap V3,Optimism,8.22,USDC,116329226,2.39,10.7
2024-09-11,Uniswap V3,Optimism,6.3,DAI,112306061,3.83,13.91
2024-09-11,Uniswap V3,Polygon,9.58,USDC,110079747,1.44,7.06
2024-09-11,Uniswap V3,Polygon,8.38,USDT,106481254,1.65,6.02
2024-09-11,Uniswap V3,Polygon,8.14,DAI,107692431,1.39,6.15
2024-09-11,Uniswap V3,Base,7.96,USDT,111630542,3.59,11.53
2024-09-11,Uniswap V3,Base,7.95,DAI,112638377,3.52,8.41
2024-09-11,Yearn,Ethereum,4.21,USDC,135226352,32.28,0
2024-09-11,Yearn,Ethereum,4.26,USDT,142344474,41.3,0
2024-09-11,Yearn,Ethereum,3.76,DAI,142346852,27.09,0
2024-09-11,Yearn,Arbitrum,4.37,USDC,141002481,3.43,16.34
2024-09-11,Yearn,Arbitrum,5.51,USDT,144806382,3.95,11.2
2024-09-11,Yearn,Arbitrum,5.28,DAI,150377117,3.09,11.83
2024-09-11,Yearn,Optimism,5.35,USDC,152389062,2.69,9.55
2024-09-11,Yearn,Optimism,4.2,USDT,145871441,3.05,8.05
2024-09-11,Yearn,Optimism,5.26,DAI,155223505,3.04,10.33
2024-09-11,Yearn,Polygon,5.05,USDC,142675886,1.11,11.97
2024-09-11,Yearn,Polygon,4.93,USDT,144771461,1.4,9.06
2024-09-11,Yearn,Polygon,6.11,DAI,136615267,1.33,9.2
2024-09-11,Yearn,Base,5.61,USDC,151258460,3.48,6.84
2024-09-11,Yearn,Base,4.95,USDT,142285517,3.48,12.09
2024-09-11,Yearn,Base,4.62,DAI,151447901,3.72,8.45
2024-09-11,Pendle,Ethereum,8.92,USDT,92038946,49.65,0
2024-09-11,Pendle,Ethereum,8.93,DAI,91581486,27.76,0
2024-09-11,Pendle,Arbitrum,11.56,USDC,95546047,3.45,8.78
2024-09-11,Pendle,Arbitrum,8.85,USDT,87580037,4.73,10.1
2024-09-11,Pendle,Arbitrum,11.17,DAI,95317601,2.74,12.51
2024-09-11,Pendle,Optimism,11.1,USDC,82731629,2.63,8.47
2024-09-11,Pendle,Optimism,10.4,USDT,88564713,2.17,9.82
2024-09-11,Pendle,Optimism,10.08,DAI,93321722,3.75,8.64
2024-09-11,Pendle,Base,10.19,USDC,92929910,3.25,8.61
2024-09-11,Pendle,Base,7.61,USDT,94165992,3.22,6.99
2024-09-11,Pendle,Base,9.78,DAI,84082034,2.77,10.0
2024-09-11,Convex,Ethereum,4.4,USDC,176181158,34.14,0
2024-09-11,Convex,Ethereum,5.25,USDT,175495449,37.11,0
2024-09-11,Convex,Ethereum,5.11,DAI,180685410,46.61,0
2024-09-11,Balancer,Ethereum,5.17,USDC,132097807,58.74,0
2024-09-11,Balancer,Ethereum,5.91,USDT,137480813,37.5,0
2024-09-11,Balancer,Ethereum,5.22,DAI,124086258,48.01,0
2024-09-11,Balancer,Arbitrum,6.75,USDT,135027086,3.74,12.93
2024-09-11,Balancer,Arbitrum,7.0,DAI,126016158,2.57,15.26
2024-09-11,Balancer,Optimism,6.22,USDC,130898605,3.37,9.42
2024-09-11,Balancer,Optimism,5.95,USDT,127116212,2.92,10.83
2024-09-11,Balancer,Optimism,6.47,DAI,125254307,2.04,9.72
2024-09-11,Balancer,Polygon,7.46,USDC,127948401,1.29,6.73
2024-09-11,Balancer,Polygon,7.01,USDT,127551643,1.64,8.48
2024-09-11,Balancer,Polygon,7.62,DAI,124163712,1.52,6.11
2024-09-11,Balancer,Base,6.05,USDC,131236874,3.55,10.14
2024-09-11,Balancer,Base,8.22,USDT,129204351,3.22,10.46
2024-09-11,Balancer,Base,6.09,DAI,133753963,2.62,10.74
2024-09-12,Aave,Ethereum,3.28,USDC,292743220,42.06,0
2024-09-12,Aave,Ethereum,3.78,USDT,292463007,38.14,0
2024-09-12,Aave,Ethereum,3.22,DAI,302409646,54.97,0
2024-09-12,Aave,Arbitrum,3.41,USDC,285792528,4.53,14.47
2024-09-12,Aave,Arbitrum,4.32,USDT,298517796,3.51,14.97
2024-09-12,Aave,Arbitrum,3.73,DAI,300752723,3.42,15.4
2024-09-12,Aave,Optimism,3.8,USDC,269597305,3.7,6.9
2024-09-12,Aave,Optimism,4.32,USDT,297126389,3.95,7.48
2024-09-12,Aave,Optimism,3.96,DAI,295638672,2.16,9.47
2024-09-12,Aave,Polygon,4.24,USDC,293003411,2.0,6.3
2024-09-12,Aave,Polygon,4.19,USDT,295530274,1.7,9.36
2024-09-12,Aave,Polygon,2.73,DAI,299628674,1.87,8.29
2024-09-12,Aave,Base,3.33,USDC,313625899,2.57,11.76
2024-09-12,Aave,Base,4.05,USDT,305572342,3.2,11.87
2024-09-12,Aave,Base,3.41,DAI,305359242,3.05,10.45
2024-09-12,Compound,Ethereum,2.83,USDC,223873433,48.04,0
2024-09-12,Compound,Ethereum,3.07,USDT,208291406,47.97,0
2024-09-12,Compound,Ethereum,3.13,DAI,207120033,43.35,0
2024-09-12,Compound,Arbitrum,4.31,USDT,212074332,2.94,12.8
2024-09-12,Compound,Arbitrum,3.04,DAI,217629037,4.62,13.01
2024-09-12,Compound,Optimism,2.81,USDC,224900837,2.91,6.37
2024-09-12,Compound,Optimism,3.75,USDT,208719482,3.47,7.81
2024-09-12,Compound,Optimism,3.26,DAI,220139903,2.44,6.85
2024-09-12,Compound,Polygon,3.7,USDC,204989992,1.32,6.26
2024-09-12,Compound,Polygon,3.72,USDT,208433535,1.49,6.51
2024-09-12,Compound,Polygon,3.58,DAI,220248512,1.34,6.35
2024-09-12,Compound,Base,4.29,USDC,215293126,3.12,9.65
2024-09-12,Compound,Base,3.51,USDT,213604476,4.19,9.96
2024-09-12,Compound,Base,3.17,DAI,206774776,3.33,10.43
2024-09-12,Curve,Ethereum,4.7,USDC,385092773,35.17,0
2024-09-12,Curve,Ethereum,5.44,USDT,371977162,53.65,0
2024-09-12,Curve,Ethereum,5.06,DAI,347784530,33.61,0
2024-09-12,Curve,Arbitrum,5.94,USDC,370150498,3.66,11.92
2024-09-12,Curve,Arbitrum,7.09,USDT,376668200,3.69,10.71
2024-09-12,Curve,Optimism,6.29,USDC,386700986,2.87,10.1
2024-09-12,Curve,Optimism,6.38,USDT,394029038,3.25,8.82
2024-09-12,Curve,Optimism,6.47,DAI,374733094,2.58,10.56
2024-09-12,Curve,Polygon,6.68,USDT,351198007,0.79,7.41
2024-09-12,Curve,Polygon,6.48,DAI,349467628,1.15,8.74
2024-09-12,Curve,Base,6.82,USDT,369409678,4.0,9.11
2024-09-12,Curve,Base,5.53,DAI,350115840,3.44,10.39
2024-09-12,Uniswap V3,Ethereum,7.37,USDC,115658811,39.36,0
2024-09-12,Uniswap V3,Ethereum,5.71,USDT,120360453,38.68,0
2024-09-12,Uniswap V3,Ethereum,5.82,DAI,108422933,45.24,0
2024-09-12,Uniswap V3,Arbitrum,5.86,USDC,120774128,4.14,9.6
2024-09-12,Uniswap V3,Arbitrum,7.97,USDT,115336722,3.33,10.0
2024-09-12,Uniswap V3,Arbitrum,7.2,DAI,112102943,4.67,15.12
2024-09-12,Uniswap V3,Optimism,7.33,USDC,114476302,3.73,9.63
2024-09-12,Uniswap V3,Optimism,8.19,USDT,118052478,2.63,7.48
2024-09-12,Uniswap V3,Optimism,6.1,DAI,108989654,3.11,8.02
2024-09-12,Uniswap V3,Polygon,9.07,USDC,116893393,1.66,8.93
2024-09-12,Uniswap V3,Polygon,6.89,USDT,103206071,1.03,4.55
2024-09-12,Uniswap V3,Polygon,6.85,DAI,119718763,1.95,8.81
2024-09-12,Uniswap V3,Base,5.32,USDC,118352936,2.73,9.17
2024-09-12,Uniswap V3,Base,7.16,USDT,111288071,3.32,12.93
2024-09-12,Uniswap V3,Base,8.43,DAI,110005939,3.04,12.16
2024-09-12,Yearn,Ethereum,3.23,USDC,140152516,50.02,0
2024-09-12,Yearn,Ethereum,4.51,USDT,153822522,53.06,0
2024-09-12,Yearn,Ethereum,4.41,DAI,145906779,39.82,0
2024-09-12,Yearn,Arbitrum,4.42,USDC,139051304,3.21,13.23
2024-09-12,Yearn,Arbitrum,4.9,USDT,143112843,3.83,10.99
2024-09-12,Yearn,Arbitrum,6.36,DAI,135648570,3.84,7.67
2024-09-12,Yearn,Optimism,4.4,USDC,134387200,2.67,8.43
2024-09-12,Yearn,Optimism,3.37,DAI,136269795,3.13,9.7
2024-09-12,Yearn,Polygon,5.76,USDC,136511227,1.28,10.37
2024-09-12,Yearn,Polygon,5.64,USDT,145050314,1.07,8.36
2024-09-12,Yearn,Base,5.04,USDC,139546760,3.84,11.83
2024-09-12,Yearn,Base,4.57,USDT,134324287,3.27,9.15
2024-09-12,Yearn,Base,5.42,DAI,155946728,3.11,10.64
2024-09-12,Pendle,Ethereum,7.89,USDT,85407883,48.11,0
2024-09-12,Pendle,Ethereum,5.43,DAI,88651000,36.95,0
2024-09-12,Pendle,Arbitrum,9.96,USDC,89826451,3.18,11.93
2024-09-12,Pendle,Arbitrum,12.21,USDT,89055934,4.08,6.98
2024-09-12,Pendle,Arbitrum,10.18,DAI,95622132,3.46,9.33
2024-09-12,Pendle,Optimism,8.84,USDC,95062425,1.73,8.04
2024-09-12,Pendle,Optimism,8.49,USDT,90246150,2.36,8.39
2024-09-12,Pendle,Optimism,9.29,DAI,91372959,3.26,5.72
2024-09-12,Pendle,Base,8.97,USDC,84360611,3.15,9.68
2024-09-12,Pendle,Base,12.32,DAI,90803153,3.38,10.32
2024-09-12,Convex,Ethereum,4.19,USDC,181453145,36.68,0
2024-09-12,Convex,Ethereum,5.02,USDT,176587986,34.69,0
2024-09-12,Convex,Ethereum,6.21,DAI,187691838,40.31,0
2024-09-12,Balancer,Ethereum,6.3,USDC,130211019,45.57,0
2024-09-12,Balancer,Ethereum,5.97,USDT,138716255,48.48,0
2024-09-12,Balancer,Ethereum,5.7,DAI,122081563,52.18,0
2024-09-12,Balancer,Arbitrum,7.38,USDC,132758410,3.39,12.8
2024-09-12,Balancer,Arbitrum,6.76,USDT,131325141,4.05,12.43
2024-09-12,Balancer,Arbitrum,7.15,DAI,118682239,3.65,10.87
2024-09-12,Balancer,Optimism,6.91,USDC,127577284,3.12,7.93
2024-09-12,Balancer,Optimism,7.25,USDT,140093696,3.23,9.87
2024-09-12,Balancer,Optimism,6.39,DAI,127707945,3.43,5.4
2024-09-12,Balancer,Polygon,8.88,USDC,131273281,1.32,8.96
2024-09-12,Balancer,Base,5.26,USDC,137059822,3.44,12.33
2024-09-12,Balancer,Base,6.6,USDT,129333609,2.84,9.56
2024-09-12,Balancer,Base,7.26,DAI,131696761,2.68,8.2
2024-09-13,Aave,Ethereum,3.58,USDC,286250210,37.61,0
2024-09-13,Aave,Ethereum,3.02,USDT,293985556,32.41,0
2024-09-13,Aave,Ethereum,2.64,DAI,288502186,34.94,0
2024-09-13,Aave,Arbitrum,4.19,USDC,314624866,3.24,13.98
2024-09-13,Aave,Arbitrum,3.29,USDT,308773609,3.74,13.73
2024-09-13,Aave,Arbitrum,3.66,DAI,296614187,3.67,13.7
2024-09-13,Aave,Optimism,3.39,USDC,296089051,4.02,10.01
2024-09-13,Aave,Optimism,3.95,USDT,297989401,2.34,9.15
2024-09-13,Aave,Optimism,2.3,DAI,311535899,2.31,7.05
2024-09-13,Aave,Polygon,3.9,USDC,275663116,1.34,10.07
2024-09-13,Aave,Polygon,5.2,USDT,287224322,1.25,9.92
2024-09-13,Aave,Base,2.91,USDC,267130652,3.43,10.81
2024-09-13,Aave,Base,3.88,USDT,308902319,3.04,8.27
2024-09-13,Aave,Base,3.89,DAI,293396551,2.83,10.36
2024-09-13,Compound,Ethereum,3.04,USDC,204680987,42.06,0
2024-09-13,Compound,Ethereum,3.27,USDT,211576223,50.03,0
2024-09-13,Compound,Ethereum,2.75,DAI,214505957,38.19,0
2024-09-13,Compound,Arbitrum,3.39,USDC,219341330,4.42,10.53
2024-09-13,Compound,Arbitrum,3.03,USDT,212378064,3.86,8.43
2024-09-13,Compound,Arbitrum,3.63,DAI,196635900,4.86,11.17
2024-09-13,Compound,Optimism,3.48,USDC,210359382,3.18,11.27
2024-09-13,Compound,Optimism,2.9,USDT,214613522,3.52,10.0
2024-09-13,Compound,Optimism,3.84,DAI,218485933,3.19,7.94
2024-09-13,Compound,Polygon,4.2,USDC,212517001,1.69,10.82
2024-09-13,Compound,Polygon,3.92,USDT,207377627,1.46,6.9
2024-09-13,Compound,Polygon,4.02,DAI,218615730,1.38,5.37
2024-09-13,Compound,Base,4.04,USDC,209931631,3.3,9.9
2024-09-13,Compound,Base,4.34,USDT,210526937,3.13,10.28
2024-09-13,Compound,Base,3.03,DAI,219637514,3.97,10.08
2024-09-13,Curve,Ethereum,3.91,USDC,390129556,43.08,0
2024-09-13,Curve,Ethereum,6.35,USDT,364679250,53.37,0
2024-09-13,Curve,Ethereum,4.41,DAI,412604532,31.55,0
2024-09-13,Curve,Arbitrum,6.27,USDC,374526446,4.51,13.52
2024-09-13,Curve,Arbitrum,4.79,USDT,388235522,2.73,17.4
2024-09-13,Curve,Arbitrum,5.06,DAI,361360728,3.54,16.95
2024-09-13,Curve,Optimism,5.98,USDC,339336246,3.38,11.39
2024-09-13,Curve,Optimism,6.84,USDT,374293018,2.3,8.42
2024-09-13,Curve,Optimism,5.96,DAI,362675406,3.39,6.99
2024-09-13,Curve,Polygon,5.22,USDC,365321128,1.53,5.63
2024-09-13,Curve,Polygon,7.49,USDT,367377361,1.58,8.68
2024-09-13,Curve,Polygon,6.71,DAI,385145625,1.88,7.6
2024-09-13,Curve,Base,7.42,USDC,369876095,3.91,11.78
2024-09-13,Curve,Base,5.74,USDT,347402175,3.48,6.97
2024-09-13,Uniswap V3,Ethereum,5.38,USDC,104410771,36.77,0
2024-09-13,Uniswap V3,Ethereum,6.54,DAI,111405174,40.01,0
2024-09-13,Uniswap V3,Arbitrum,8.76,USDC,109631731,2.78,9.77
2024-09-13,Uniswap V3,Arbitrum,8.94,USDT,109658148,3.72,12.37
2024-09-13,Uniswap V3,Arbitrum,6.93,DAI,102466066,3.7,10.5
2024-09-13,Uniswap V3,Optimism,7.79,USDT,108352079,1.66,9.15
2024-09-13,Uniswap V3,Polygon,6.8,USDC,111123401,1.29,7.93
2024-09-13,Uniswap V3,Polygon,8.38,USDT,109517519,1.67,7.71
2024-09-13,Uniswap V3,Polygon,8.0,DAI,117555032,1.83,4.78
2024-09-13,Uniswap V3,Base,8.49,USDC,102021001,3.49,6.49
2024-09-13,Uniswap V3,Base,7.73,USDT,108554934,3.97,13.51
2024-09-13,Uniswap V3,Base,7.06,DAI,111913947,3.38,8.75
2024-09-13,Yearn,Ethereum,5.09,USDC,144989059,43.86,0
2024-09-13,Yearn,Ethereum,4.72,USDT,146025571,51.29,0
2024-09-13,Yearn,Ethereum,4.31,DAI,150246857,45.69,0
2024-09-13,Yearn,Arbitrum,4.9,USDT,134067403,3.63,10.99
2024-09-13,Yearn,Arbitrum,4.49,DAI,128398438,4.03,12.63
2024-09-13,Yearn,Optimism,5.38,USDC,138053529,2.77,8.17
2024-09-13,Yearn,Optimism,5.23,USDT,132249212,3.51,7.91
2024-09-13,Yearn,Optimism,4.54,DAI,140798583,2.89,7.76
2024-09-13,Yearn,Polygon,5.54,USDC,154448667,1.18,7.38
2024-09-13,Yearn,Polygon,4.68,USDT,142456133,1.09,7.75
2024-09-13,Yearn,Polygon,4.87,DAI,138073518,1.64,10.21
2024-09-13,Yearn,Base,5.0,USDC,142057216,4.1,9.59
2024-09-13,Yearn,Base,4.85,USDT,141698245,3.62,12.89
2024-09-13,Yearn,Base,4.65,DAI,143879321,3.97,10.33
2024-09-13,Pendle,Ethereum,8.94,USDC,88164374,41.33,0
2024-09-13,Pendle,Ethereum,8.81,USDT,88931296,42.18,0
2024-09-13,Pendle,Ethereum,6.54,DAI,81468810,35.3,0
2024-09-13,Pendle,Arbitrum,9.56,USDC,88399120,3.12,13.98
2024-09-13,Pendle,Arbitrum,8.18,DAI,98017114,3.37,15.56
2024-09-13,Pendle,Optimism,9.0,USDC,86628586,3.06,8.67
2024-09-13,Pendle,Optimism,8.98,USDT,89338707,3.93,11.23
2024-09-13,Pendle,Optimism,9.8,DAI,86136766,3.47,7.38
2024-09-13,Pendle,Base,8.62,DAI,84527096,3.04,9.37
2024-09-13,Convex,Ethereum,4.69,USDC,175657237,40.06,0
2024-09-13,Convex,Ethereum,4.31,USDT,180526742,47.83,0
2024-09-13,Convex,Ethereum,4.03,DAI,181849268,44.69,0
2024-09-13,Balancer,Ethereum,6.1,USDC,121339297,26.43,0
2024-09-13,Balancer,Ethereum,5.28,USDT,131938384,46.43,0
2024-09-13,Balancer,Ethereum,5.19,DAI,123846632,37.65,0
2024-09-13,Balancer,Arbitrum,6.66,USDC,132721912,2.77,11.75
2024-09-13,Balancer,Arbitrum,7.7,USDT,130865757,1.91,13.72
2024-09-13,Balancer,Optimism,7.35,USDC,133657884,3.18,11.83
2024-09-13,Balancer,Optimism,5.97,USDT,130300411,3.03,9.4
2024-09-13,Balancer,Optimism,6.74,DAI,134222765,2.44,9.88
2024-09-13,Balancer,Polygon,6.51,USDC,133759769,1.46,6.62
2024-09-13,Balancer,Polygon,7.11,USDT,124456932,1.72,5.73
2024-09-13,Balancer,Polygon,7.03,DAI,131801203,1.48,6.5
2024-09-13,Balancer,Base,7.15,USDC,129734944,3.39,14.1
2024-09-13,Balancer,Base,8.49,USDT,124766511,3.38,13.46
2024-09-13,Balancer,Base,5.65,DAI,132806270,3.37,12.17
2024-09-14,Aave,Ethereum,3.53,USDC,306898067,38.5,0
2024-09-14,Aave,Ethereum,2.95,USDT,284668016,31.87,0
2024-09-14,Aave,Ethereum,3.35,DAI,297454458,30.05,0
2024-09-14,Aave,Arbitrum,3.31,USDC,310005566,2.77,15.83
2024-09-14,Aave,Arbitrum,3.74,USDT,303636941,2.01,14.97
2024-09-14,Aave,Arbitrum,4.2,DAI,283425822,2.76,12.04
2024-09-14,Aave,Optimism,4.43,USDC,294474499,1.56,7.98
2024-09-14,Aave,Optimism,3.53,DAI,282531611,2.32,8.39
2024-09-14,Aave,Polygon,3.85,USDC,287937208,1.25,7.83
2024-09-14,Aave,Polygon,4.12,USDT,283721189,1.27,7.89
2024-09-14,Aave,Base,3.32,USDC,299594499,2.2,11.7
2024-09-14,Aave,Base,4.66,USDT,282351775,2.47,9.38
2024-09-14,Aave,Base,4.27,DAI,265178347,2.11,11.11
2024-09-14,Compound,Ethereum,3.2,USDC,200922402,31.77,0
2024-09-14,Compound,Ethereum,3.3,USDT,191536315,35.17,0
2024-09-14,Compound,Ethereum,2.16,DAI,200573976,25.48,0
2024-09-14,Compound,Arbitrum,3.41,USDT,201851854,3.19,11.59
2024-09-14,Compound,Arbitrum,4.23,DAI,193498732,1.83,11.56
2024-09-14,Compound,Optimism,3.71,USDC,212883684,2.67,7.96
2024-09-14,Compound,Optimism,3.58,USDT,217176828,2.7,11.15
2024-09-14,Compound,Polygon,4.34,USDC,208817403,1.08,7.54
2024-09-14,Compound,Polygon,2.87,USDT,202754994,0.73,8.37
2024-09-14,Compound,Polygon,3.1,DAI,231189510,1.01,6.63
2024-09-14,Compound,Base,3.65,USDC,207602801,2.05,12.13
2024-09-14,Compound,Base,3.74,USDT,218378219,2.26,10.04
2024-09-14,Compound,Base,3.52,DAI,199770849,2.12,10.88
2024-09-14,Curve,Ethereum,4.23,USDC,361364722,32.91,0
2024-09-14,Curve,Ethereum,5.46,USDT,390062964,27.3,0
2024-09-14,Curve,Ethereum,6.42,DAI,376874445,33.16,0
2024-09-14,Curve,Arbitrum,8.99,USDC,372709542,2.01,15.6
2024-09-14,Curve,Arbitrum,6.53,USDT,380981433,1.92,15.33
2024-09-14,Curve,Arbitrum,6.86,DAI,406854249,1.66,10.05
2024-09-14,Curve,Optimism,6.36,USDC,363555223,1.98,10.96
2024-09-14,Curve,Optimism,6.7,USDT,368923838,2.02,4.98
2024-09-14,Curve,Optimism,6.15,DAI,357352045,2.3,10.3
2024-09-14,Curve,Polygon,5.85,USDC,380585672,0.93,7.07
2024-09-14,Curve,Polygon,7.75,DAI,377970901,0.78,7.51
2024-09-14,Curve,Base,6.11,USDC,369178683,2.07,11.98
2024-09-14,Curve,Base,7.41,USDT,356570610,2.12,7.93
2024-09-14,Curve,Base,7.13,DAI,335962603,2.59,5.02
2024-09-14,Uniswap V3,Ethereum,6.82,USDC,104240163,24.98,0
2024-09-14,Uniswap V3,Ethereum,6.26,USDT,101695173,31.14,0
2024-09-14,Uniswap V3,Ethereum,5.25,DAI,108815650,28.85,0
2024-09-14,Uniswap V3,Arbitrum,7.54,USDT,106737629,2.47,6.47
2024-09-14,Uniswap V3,Arbitrum,7.47,DAI,108963536,2.55,10.26
2024-09-14,Uniswap V3,Optimism,8.2,USDC,102144772,2.17,10.65
2024-09-14,Uniswap V3,Optimism,5.63,DAI,108605820,2.1,6.35
2024-09-14,Uniswap V3,Polygon,7.54,USDC,110280591,0.82,8.28
2024-09-14,Uniswap V3,Polygon,7.33,USDT,114376490,1.32,8.16
2024-09-14,Uniswap V3,Polygon,8.64,DAI,109857855,0.97,7.02
2024-09-14,Uniswap V3,Base,9.32,USDC,109019221,2.17,11.99
2024-09-14,Uniswap V3,Base,6.96,USDT,114025135,2.28,8.41
2024-09-14,Uniswap V3,Base,6.7,DAI,106917631,2.44,10.52
2024-09-14,Yearn,Ethereum,4.41,USDC,137060112,19.53,0
2024-09-14,Yearn,Ethereum,3.53,USDT,138603621,28.62,0
2024-09-14,Yearn,Arbitrum,3.55,USDC,141681916,2.64,10.14
2024-09-14,Yearn,Arbitrum,5.52,USDT,143196801,2.36,11.09
2024-09-14,Yearn,Arbitrum,4.97,DAI,146885881,2.08,13.05
2024-09-14,Yearn,Optimism,4.47,USDC,141302547,2.0,8.88
2024-09-14,Yearn,Optimism,5.18,USDT,140624027,2.39,10.08
2024-09-14,Yearn,Polygon,5.64,USDC,142480836,0.8,5.44
2024-09-14,Yearn,Polygon,4.23,USDT,141429161,0.65,9.44
2024-09-14,Yearn,Polygon,5.44,DAI,131192212,0.88,5.78
2024-09-14,Yearn,Base,5.29,USDC,148113767,1.98,11.02
2024-09-14,Yearn,Base,6.47,USDT,132929458,2.5,14.04
2024-09-14,Yearn,Base,4.2,DAI,140303770,2.6,9.43
2024-09-14,Pendle,Ethereum,5.41,USDC,80573400,24.93,0
2024-09-14,Pendle,Ethereum,7.51,USDT,81994474,25.05,0
2024-09-14,Pendle,Ethereum,9.16,DAI,79318533,33.06,0
2024-09-14,Pendle,Arbitrum,10.14,USDT,77735641,2.18,15.01
2024-09-14,Pendle,Arbitrum,11.34,DAI,88381186,2.94,8.37
2024-09-14,Pendle,Optimism,7.31,USDC,84784480,1.3,9.8
2024-09-14,Pendle,Optimism,9.41,USDT,89645811,1.44,9.19
2024-09-14,Pendle,Optimism,8.55,DAI,88919873,1.97,6.21
2024-09-14,Pendle,Base,9.77,USDT,86543974,2.2,7.22
2024-09-14,Pendle,Base,8.6,DAI,88462236,2.12,10.91
2024-09-14,Convex,Ethereum,5.51,USDC,173766641,30.72,0
2024-09-14,Convex,Ethereum,4.52,USDT,152944680,28.99,0
2024-09-14,Convex,Ethereum,4.36,DAI,163073336,21.06,0
2024-09-14,Balancer,Ethereum,6.34,USDC,128531353,30.8,0
2024-09-14,Balancer,Ethereum,6.23,USDT,132766921,38.02,0
2024-09-14,Balancer,Ethereum,5.39,DAI,129580836,30.45,0
2024-09-14,Balancer,Arbitrum,7.57,USDT,123868671,2.19,18.18
2024-09-14,Balancer,Arbitrum,6.59,DAI,130756591,2.07,14.34
2024-09-14,Balancer,Optimism,7.05,USDC,125797951,2.16,10.76
2024-09-14,Balancer,Optimism,8.07,USDT,130270774,1.99,11.4
2024-09-14,Balancer,Optimism,7.71,DAI,121012864,1.88,10.21
2024-09-14,Balancer,Polygon,6.15,USDC,125634069,1.14,9.89
2024-09-14,Balancer,Polygon,6.29,USDT,124308090,0.9,7.82
2024-09-14,Balancer,Polygon,6.89,DAI,116341103,0.96,4.02
2024-09-14,Balancer,Base,6.77,DAI,128622928,2.32,8.77
2024-09-15,Aave,Ethereum,3.8,USDC,285472504,27.86,0
2024-09-15,Aave,Ethereum,2.71,USDT,291671311,23.97,0
2024-09-15,Aave,Ethereum,3.15,DAI,287052332,29.43,0
2024-09-15,Aave,Arbitrum,4.23,USDC,283904706,3.29,11.95
2024-09-15,Aave,Arbitrum,3.49,USDT,283556324,1.83,11.16
2024-09-15,Aave,Arbitrum,5.14,DAI,282083041,3.32,12.22
2024-09-15,Aave,Optimism,4.33,USDC,271854461,1.93,10.03
2024-09-15,Aave,Optimism,3.64,USDT,291319746,1.41,8.67
2024-09-15,Aave,Optimism,3.78,DAI,286950613,2.1,7.68
2024-09-15,Aave,Polygon,4.12,USDC,285571249,0.7,7.8
2024-09-15,Aave,Polygon,3.82,USDT,291788845,1.12,7.4
2024-09-15,Aave,Polygon,4.49,DAI,282761229,0.9,10.17
2024-09-15,Aave,Base,3.65,USDC,260571662,2.34,8.46
2024-09-15,Aave,Base,4.32,USDT,264389044,2.76,9.44
2024-09-15,Aave,Base,3.37,DAI,307372824,2.04,8.03
2024-09-15,Compound,Ethereum,2.87,USDC,201018404,26.32,0
2024-09-15,Compound,Ethereum,2.58,USDT,204641840,34.64,0
2024-09-15,Compound,Ethereum,2.89,DAI,200040619,22.86,0
2024-09-15,Compound,Arbitrum,4.03,USDC,212311928,2.91,9.56
2024-09-15,Compound,Arbitrum,3.25,USDT,193101074,3.33,11.92
2024-09-15,Compound,Arbitrum,3.65,DAI,206080198,2.33,15.46
2024-09-15,Compound,Optimism,3.84,USDC,200540192,2.54,10.89
2024-09-15,Compound,Optimism,3.61,USDT,194562901,2.01,9.92
2024-09-15,Compound,Optimism,3.05,DAI,216044734,1.64,7.52
2024-09-15,Compound,Polygon,3.66,USDC,196503396,0.57,8.78
2024-09-15,Compound,Polygon,3.79,USDT,213638542,0.63,7.8
2024-09-15,Compound,Polygon,3.73,DAI,182605554,1.03,7.78
2024-09-15,Compound,Base,3.77,USDC,214502905,2.38,8.15
2024-09-15,Compound,Base,3.34,USDT,197990683,1.59,10.19
2024-09-15,Compound,Base,3.74,DAI,202001264,2.15,11.15
2024-09-15,Curve,Ethereum,6.14,USDC,346879308,29.13,0
2024-09-15,Curve,Ethereum,4.25,USDT,368943053,18.28,0
2024-09-15,Curve,Ethereum,4.94,DAI,349854895,24.87,0
2024-09-15,Curve,Arbitrum,5.49,USDC,371678591,1.62,13.85
2024-09-15,Curve,Arbitrum,5.64,USDT,378458870,1.46,11.53
2024-09-15,Curve,Arbitrum,7.29,DAI,369888517,2.32,15.45
2024-09-15,Curve,Optimism,8.06,USDC,332243191,1.93,8.41
2024-09-15,Curve,Optimism,5.73,USDT,351768393,1.5,7.15
2024-09-15,Curve,Optimism,6.05,DAI,357069558,2.02,9.83
2024-09-15,Curve,Polygon,6.71,USDC,376019498,0.81,9.45
2024-09-15,Curve,Polygon,7.16,USDT,360143896,0.58,7.42
2024-09-15,Curve,Polygon,7.67,DAI,364395427,0.82,9.28
2024-09-15,Curve,Base,7.01,USDC,340903271,1.9,13.84
2024-09-15,Curve,Base,7.85,USDT,337415658,1.86,11.62
2024-09-15,Curve,Base,7.29,DAI,355854267,2.17,11.08
2024-09-15,Uniswap V3,Ethereum,5.05,USDC,117520309,21.5,0
2024-09-15,Uniswap V3,Ethereum,6.7,USDT,107048289,27.27,0
2024-09-15,Uniswap V3,Ethereum,6.01,DAI,100586176,26.93,0
2024-09-15,Uniswap V3,Arbitrum,8.93,USDC,121811775,2.74,14.32
2024-09-15,Uniswap V3,Arbitrum,6.24,USDT,107936737,2.45,11.05
2024-09-15,Uniswap V3,Arbitrum,8.5,DAI,104367820,2.49,14.18
2024-09-15,Uniswap V3,Optimism,5.41,USDC,107752506,2.86,8.93
2024-09-15,Uniswap V3,Optimism,6.03,USDT,107127307,1.97,5.62
2024-09-15,Uniswap V3,Optimism,5.48,DAI,110970264,1.92,8.09
2024-09-15,Uniswap V3,Polygon,6.49,USDC,112826708,1.35,7.98
2024-09-15,Uniswap V3,Polygon,7.78,DAI,108528956,1.38,7.73
2024-09-15,Uniswap V3,Base,7.65,USDC,110519319,2.13,12.75
2024-09-15,Uniswap V3,Base,7.58,USDT,99642891,2.13,11.07
2024-09-15,Uniswap V3,Base,7.64,DAI,101550998,2.21,7.0
2024-09-15,Yearn,Ethereum,5.44,USDC,124275918,23.7,0
2024-09-15,Yearn,Ethereum,3.66,DAI,141574109,23.22,0
2024-09-15,Yearn,Arbitrum,5.55,USDC,143740618,2.12,8.6
2024-09-15,Yearn,Arbitrum,5.25,USDT,144042717,1.9,13.67
2024-09-15,Yearn,Arbitrum,5.69,DAI,136491996,2.38,13.77
2024-09-15,Yearn,Optimism,5.21,USDC,138484042,1.97,11.03
2024-09-15,Yearn,Optimism,4.9,DAI,131380832,1.76,8.5
2024-09-15,Yearn,Polygon,5.53,USDC,128018910,1.21,6.98
2024-09-15,Yearn,Polygon,5.04,USDT,136581494,1.24,6.99
2024-09-15,Yearn,Polygon,5.8,DAI,147166896,0.74,11.68
2024-09-15,Yearn,Base,5.09,USDC,135551706,2.22,10.8
2024-09-15,Yearn,Base,4.58,USDT,143217468,2.65,10.0
2024-09-15,Yearn,Base,4.53,DAI,140122281,2.33,11.89
2024-09-15,Pendle,Ethereum,9.27,USDC,88346634,31.63,0
2024-09-15,Pendle,Ethereum,7.21,USDT,80972155,28.74,0
2024-09-15,Pendle,Ethereum,7.74,DAI,86004470,25.68,0
2024-09-15,Pendle,Arbitrum,12.35,USDT,80823401,2.36,15.22
2024-09-15,Pendle,Arbitrum,7.9,DAI,82619724,3.22,10.6
2024-09-15,Pendle,Optimism,8.78,USDC,78844909,1.89,9.22
2024-09-15,Pendle,Optimism,10.42,USDT,82525522,2.13,10.21
2024-09-15,Pendle,Optimism,8.74,DAI,80569962,1.82,9.83
2024-09-15,Pendle,Base,10.94,USDT,83332142,2.57,8.94
2024-09-15,Pendle,Base,10.19,DAI,89818239,2.15,10.91
2024-09-15,Convex,Ethereum,4.54,USDC,170886128,23.23,0
2024-09-15,Convex,Ethereum,4.82,USDT,166071419,13.32,0
2024-09-15,Convex,Ethereum,5.65,DAI,189866268,34.27,0
2024-09-15,Balancer,Ethereum,5.72,USDC,114169963,29.16,0
2024-09-15,Balancer,Ethereum,5.21,USDT,123067674,35.23,0
2024-09-15,Balancer,Ethereum,5.74,DAI,121755034,26.36,0
2024-09-15,Balancer,Arbitrum,5.66,USDC,119189067,2.98,12.83
2024-09-15,Balancer,Arbitrum,7.55,USDT,122877878,2.53,13.82
2024-09-15,Balancer,Optimism,6.88,USDC,127719483,2.03,10.14
2024-09-15,Balancer,Optimism,7.0,USDT,127792045,2.26,9.29
2024-09-15,Balancer,Polygon,7.89,USDC,126517239,0.94,6.68
2024-09-15,Balancer,Polygon,7.49,USDT,117979542,1.04,7.38
2024-09-15,Balancer,Polygon,8.78,DAI,118195318,0.82,9.81
2024-09-15,Balancer,Base,6.79,USDC,121469249,2.53,9.86
2024-09-15,Balancer,Base,7.02,USDT,120701552,2.83,9.41
2024-09-15,Balancer,Base,7.57,DAI,116387866,1.84,17.17
2024-09-16,Aave,Ethereum,3.29,USDC,281660851,39.68,0
2024-09-16,Aave,Ethereum,3.46,USDT,297778756,51.04,0
2024-09-16,Aave,Ethereum,2.93,DAI,285398176,34.11,0
2024-09-16,Aave,Arbitrum,3.05,USDC,270531666,3.0,10.91
2024-09-16,Aave,Arbitrum,4.15,USDT,275394811,3.65,11.3
2024-09-16,Aave,Arbitrum,4.79,DAI,254358630,3.3,13.85
2024-09-16,Aave,Optimism,3.92,USDT,281944419,2.5,9.07
2024-09-16,Aave,Polygon,5.07,USDC,256541640,1.62,6.94
2024-09-16,Aave,Polygon,4.17,USDT,249269585,1.4,11.51
2024-09-16,Aave,Polygon,3.57,DAI,281376519,1.21,7.82
2024-09-16,Aave,Base,3.88,USDC,273414388,3.66,11.09
2024-09-16,Aave,Base,3.23,USDT,283643869,3.92,9.46
2024-09-16,Aave,Base,3.72,DAI,288964798,4.13,7.96
2024-09-16,Compound,Ethereum,3.87,USDC,194592876,42.0,0
2024-09-16,Compound,Ethereum,2.6,USDT,200699818,37.4,0
2024-09-16,Compound,Ethereum,3.09,DAI,200217453,33.91,0
2024-09-16,Compound,Arbitrum,3.83,USDC,186034471,3.67,10.39
2024-09-16,Compound,Arbitrum,3.75,USDT,193085221,2.59,15.75
2024-09-16,Compound,Arbitrum,3.38,DAI,195540728,3.16,13.1
2024-09-16,Compound,Optimism,4.23,USDC,207808529,3.53,8.22
2024-09-16,Compound,Optimism,3.26,USDT,207176368,4.34,9.33
2024-09-16,Compound,Optimism,3.55,DAI,201879299,2.79,11.62
2024-09-16,Compound,Polygon,3.83,USDC,198398340,2.1,7.38
2024-09-16,Compound,Polygon,3.9,USDT,208559196,1.09,8.0
2024-09-16,Compound,Polygon,3.93,DAI,195944101,1.16,8.37
2024-09-16,Compound,Base,3.64,USDC,213144183,2.89,12.46
2024-09-16,Compound,Base,3.26,USDT,176870960,2.96,13.46
2024-09-16,Curve,Ethereum,5.14,USDC,369989660,29.84,0
2024-09-16,Curve,Ethereum,5.58,USDT,371860221,42.99,0
2024-09-16,Curve,Ethereum,4.87,DAI,352923764,33.62,0
2024-09-16,Curve,Arbitrum,5.4,USDC,327321443,3.9,13.12
2024-09-16,Curve,Arbitrum,5.39,USDT,342444658,3.62,18.67
2024-09-16,Curve,Arbitrum,7.66,DAI,351493732,3.85,15.98
2024-09-16,Curve,Optimism,4.93,USDC,339601656,1.85,10.64
2024-09-16,Curve,Optimism,6.09,USDT,349138475,3.49,7.74
2024-09-16,Curve,Optimism,6.2,DAI,322471658,3.42,8.94
2024-09-16,Curve,Polygon,7.55,USDC,344985893,1.05,4.8
2024-09-16,Curve,Polygon,7.5,USDT,334926498,0.88,4.5
2024-09-16,Curve,Polygon,7.73,DAI,332013854,1.61,6.94
2024-09-16,Curve,Base,7.34,USDC,365327779,3.23,7.78
2024-09-16,Curve,Base,5.85,USDT,399879400,3.62,11.32
2024-09-16,Curve,Base,6.81,DAI,362225374,3.37,10.76
2024-09-16,Uniswap V3,Ethereum,5.63,USDC,113372458,48.27,0
2024-09-16,Uniswap V3,Ethereum,5.53,USDT,104220280,57.2,0
2024-09-16,Uniswap V3,Ethereum,5.82,DAI,114724432,30.22,0
2024-09-16,Uniswap V3,Arbitrum,8.27,USDC,103375816,4.32,11.61
2024-09-16,Uniswap V3,Arbitrum,9.17,USDT,100891051,4.33,12.03
2024-09-16,Uniswap V3,Arbitrum,7.67,DAI,107526826,3.61,17.39
2024-09-16,Uniswap V3,Optimism,9.43,USDC,112325330,3.07,5.35
2024-09-16,Uniswap V3,Optimism,5.95,USDT,110928376,3.05,6.9
2024-09-16,Uniswap V3,Polygon,7.75,USDC,102347076,0.89,9.3
2024-09-16,Uniswap V3,Polygon,6.72,USDT,103000042,1.38,9.87
2024-09-16,Uniswap V3,Polygon,7.5,DAI,100152290,1.06,9.04
2024-09-16,Uniswap V3,Base,5.63,USDC,100232410,4.32,7.55
2024-09-16,Uniswap V3,Base,7.43,USDT,103995444,3.21,8.61
2024-09-16,Uniswap V3,Base,7.96,DAI,104198874,3.1,9.97
2024-09-16,Yearn,Ethereum,4.08,USDC,137925161,55.02,0
2024-09-16,Yearn,Ethereum,4.23,USDT,134256338,43.84,0
2024-09-16,Yearn,Ethereum,4.1,DAI,127268708,30.43,0
2024-09-16,Yearn,Arbitrum,5.17,USDC,133222715,3.61,13.03
2024-09-16,Yearn,Arbitrum,5.1,USDT,135615504,3.49,9.02
2024-09-16,Yearn,Arbitrum,4.41,DAI,133975487,4.29,11.0
2024-09-16,Yearn,Optimism,4.51,USDC,127957443,2.95,13.46
2024-09-16,Yearn,Optimism,5.58,USDT,131149778,3.65,7.88
2024-09-16,Yearn,Optimism,3.57,DAI,132646741,2.81,11.9
2024-09-16,Yearn,Polygon,6.26,USDC,125609813,1.2,8.17
2024-09-16,Yearn,Polygon,5.24,DAI,128100285,0.94,7.13
2024-09-16,Yearn,Base,4.33,USDC,131895220,2.42,4.47
2024-09-16,Yearn,Base,5.04,USDT,117737211,3.3,9.22
2024-09-16,Yearn,Base,4.61,DAI,128732905,3.96,8.25
2024-09-16,Pendle,Ethereum,9.13,USDC,80154238,44.99,0
2024-09-16,Pendle,Ethereum,9.98,USDT,78458397,31.12,0
2024-09-16,Pendle,Ethereum,5.99,DAI,82084441,32.85,0
2024-09-16,Pendle,Arbitrum,12.73,USDC,85260181,3.64,8.1
2024-09-16,Pendle,Arbitrum,8.82,DAI,84704306,5.1,11.96
2024-09-16,Pendle,Optimism,8.48,USDC,86650129,2.67,10.05
2024-09-16,Pendle,Optimism,10.53,USDT,86068391,2.86,14.72
2024-09-16,Pendle,Base,9.92,USDC,82516642,4.29,9.32
2024-09-16,Pendle,Base,9.36,DAI,78094920,2.53,6.89
2024-09-16,Convex,Ethereum,5.48,USDC,170045670,44.9,0
2024-09-16,Convex,Ethereum,5.72,USDT,159286609,51.7,0
2024-09-16,Convex,Ethereum,4.19,DAI,166334616,22.85,0
2024-09-16,Balancer,Ethereum,5.36,USDC,131420560,26.09,0
2024-09-16,Balancer,Ethereum,6.02,USDT,129091342,37.93,0
2024-09-16,Balancer,Ethereum,6.31,DAI,121173304,38.38,0
2024-09-16,Balancer,Arbitrum,7.52,USDC,120841387,3.57,10.25
2024-09-16,Balancer,Arbitrum,6.2,USDT,118735843,2.71,11.49
2024-09-16,Balancer,Arbitrum,7.91,DAI,123724004,2.56,11.18
2024-09-16,Balancer,Optimism,8.32,USDC,118710800,3.47,8.42
2024-09-16,Balancer,Optimism,6.69,USDT,120227184,2.61,8.85
2024-09-16,Balancer,Optimism,7.4,DAI,114932747,3.97,9.45
2024-09-16,Balancer,Polygon,8.06,USDC,126563086,1.65,7.8
2024-09-16,Balancer,Polygon,6.81,DAI,121501315,1.59,12.02
2024-09-16,Balancer,Base,6.65,USDC,136139156,3.06,12.21
2024-09-16,Balancer,Base,6.54,USDT,119855033,3.4,9.88
2024-09-16,Balancer,Base,6.78,DAI,123275110,4.17,13.23
2024-09-17,Aave,Ethereum,3.4,USDC,277496473,41.48,0
2024-09-17,Aave,Ethereum,3.37,DAI,268198173,32.03,0
2024-09-17,Aave,Arbitrum,3.72,USDC,276303256,4.42,14.31
2024-09-17,Aave,Arbitrum,4.81,USDT,282499046,3.26,12.73
2024-09-17,Aave,Arbitrum,4.3,DAI,278846558,4.9,15.1
2024-09-17,Aave,Optimism,4.16,USDC,257900192,3.44,11.9
2024-09-17,Aave,Optimism,4.14,USDT,285284510,3.24,11.24
2024-09-17,Aave,Optimism,3.57,DAI,275551195,2.95,9.52
2024-09-17,Aave,Polygon,4.28,USDT,275231218,1.33,4.93
2024-09-17,Aave,Polygon,4.82,DAI,274016876,1.46,8.18
2024-09-17,Aave,Base,4.04,USDC,273106827,3.09,11.69
2024-09-17,Aave,Base,3.64,USDT,278359346,2.65,11.92
2024-09-17,Aave,Base,3.86,DAI,266680080,2.47,12.75
2024-09-17,Compound,Ethereum,3.18,USDC,187707760,24.75,0
2024-09-17,Compound,Ethereum,3.49,USDT,194316901,38.86,0
2024-09-17,Compound,Ethereum,3.43,DAI,180489014,47.76,0
2024-09-17,Compound,Arbitrum,4.34,USDC,204198346,2.93,11.02
2024-09-17,Compound,Arbitrum,3.4,USDT,182950172,4.02,15.64
2024-09-17,Compound,Arbitrum,3.89,DAI,189516720,4.16,5.0
2024-09-17,Compound,Optimism,3.71,USDC,179004200,3.09,9.34
2024-09-17,Compound,Optimism,3.59,USDT,193397383,4.13,9.77
2024-09-17,Compound,Optimism,3.35,DAI,195337180,3.72,9.86
2024-09-17,Compound,Polygon,4.22,DAI,198705942,1.74,5.48
2024-09-17,Compound,Base,3.85,USDC,191742098,3.47,10.97
2024-09-17,Compound,Base,4.42,USDT,194730357,3.12,11.61
2024-09-17,Compound,Base,4.44,DAI,198696345,3.08,11.32
2024-09-17,Curve,Ethereum,6.03,USDC,368525743,48.77,0
2024-09-17,Curve,Ethereum,4.67,USDT,337169505,35.95,0
2024-09-17,Curve,Ethereum,5.06,DAI,349075055,35.24,0
2024-09-17,Curve,Arbitrum,7.54,USDC,364698475,2.92,10.52
2024-09-17,Curve,Arbitrum,6.84,USDT,353539270,3.87,10.28
2024-09-17,Curve,Arbitrum,6.29,DAI,322821761,3.25,11.95
2024-09-17,Curve,Optimism,6.71,USDC,360971229,3.0,9.76
2024-09-17,Curve,Optimism,6.14,USDT,335944443,3.58,7.56
2024-09-17,Curve,Optimism,7.47,DAI,328907799,2.95,8.47
2024-09-17,Curve,Polygon,7.86,USDC,346060853,1.2,3.25
2024-09-17,Curve,Polygon,8.48,USDT,367146694,1.51,9.36
2024-09-17,Curve,Polygon,6.6,DAI,367290661,1.36,8.06
2024-09-17,Curve,Base,6.69,USDT,394713127,3.33,11.53
2024-09-17,Curve,Base,6.61,DAI,348393757,3.72,9.88
2024-09-17,Uniswap V3,Ethereum,7.3,USDC,106277388,30.49,0
2024-09-17,Uniswap V3,Ethereum,5.6,USDT,110665290,52.8,0
2024-09-17,Uniswap V3,Ethereum,4.95,DAI,111957690,45.49,0
2024-09-17,Uniswap V3,Arbitrum,7.55,USDC,101977558,4.03,17.76
2024-09-17,Uniswap V3,Arbitrum,7.72,USDT,102394285,3.21,12.68
2024-09-17,Uniswap V3,Arbitrum,8.25,DAI,99559148,2.43,13.39
2024-09-17,Uniswap V3,Optimism,7.01,USDC,102178168,3.14,12.91
2024-09-17,Uniswap V3,Optimism,6.63,USDT,101710423,3.06,11.63
2024-09-17,Uniswap V3,Optimism,6.16,DAI,108561512,3.4,11.26
2024-09-17,Uniswap V3,Polygon,7.41,USDC,111098084,1.31,8.26
2024-09-17,Uniswap V3,Polygon,7.43,USDT,108746164,2.04,9.12
2024-09-17,Uniswap V3,Polygon,8.2,DAI,103926224,1.19,8.7
2024-09-17,Uniswap V3,Base,6.8,USDC,109509502,3.04,10.15
2024-09-17,Uniswap V3,Base,6.35,USDT,101399911,3.52,9.27
2024-09-17,Uniswap V3,Base,6.1,DAI,102550429,2.83,7.46
2024-09-17,Yearn,Ethereum,4.25,USDC,131501568,41.22,0
2024-09-17,Yearn,Ethereum,3.92,USDT,141385951,20.04,0
2024-09-17,Yearn,Ethereum,3.93,DAI,125359485,40.76,0
2024-09-17,Yearn,Arbitrum,5.71,USDC,131233898,3.28,13.21
2024-09-17,Yearn,Arbitrum,5.06,USDT,131267938,3.36,13.71
2024-09-17,Yearn,Arbitrum,5.2,DAI,126449664,3.47,10.49
2024-09-17,Yearn,Optimism,4.2,USDC,127159807,2.65,7.2
2024-09-17,Yearn,Optimism,4.72,USDT,120829336,3.09,7.2
2024-09-17,Yearn,Optimism,6.12,DAI,132147840,2.43,10.55
2024-09-17,Yearn,Polygon,5.26,USDC,132605677,1.43,7.71
2024-09-17,Yearn,Polygon,5.28,USDT,134421591,1.45,8.73
2024-09-17,Yearn,Polygon,5.55,DAI,131513600,1.36,8.32
2024-09-17,Yearn,Base,5.67,USDC,118978167,3.17,8.31
2024-09-17,Yearn,Base,4.53,USDT,127125589,3.32,12.31
2024-09-17,Yearn,Base,5.0,DAI,132871711,3.15,12.96
2024-09-17,Pendle,Ethereum,8.72,USDT,79770710,58.19,0
2024-09-17,Pendle,Ethereum,8.61,DAI,76587048,42.58,0
2024-09-17,Pendle,Arbitrum,8.81,USDC,83923579,3.76,8.5
2024-09-17,Pendle,Arbitrum,8.42,USDT,83285696,4.09,8.57
2024-09-17,Pendle,Arbitrum,12.75,DAI,83844751,2.91,8.38
2024-09-17,Pendle,Optimism,9.3,USDT,84440843,3.7,9.57
2024-09-17,Pendle,Optimism,9.78,DAI,79815196,3.05,6.83
2024-09-17,Pendle,Base,10.78,USDC,81738359,4.23,14.89
2024-09-17,Pendle,Base,7.59,USDT,83050631,2.67,12.17
2024-09-17,Convex,Ethereum,4.7,USDC,168666766,43.99,0
2024-09-17,Convex,Ethereum,5.74,USDT,176260505,47.39,0
2024-09-17,Convex,Ethereum,5.38,DAI,166501135,41.37,0
2024-09-17,Balancer,Ethereum,6.14,USDC,120276427,40.58,0
2024-09-17,Balancer,Ethereum,5.71,USDT,125666114,26.13,0
2024-09-17,Balancer,Ethereum,5.77,DAI,110838514,31.36,0
2024-09-17,Balancer,Arbitrum,7.58,USDC,114888443,4.31,8.7
2024-09-17,Balancer,Arbitrum,6.9,USDT,111613432,2.65,9.14
2024-09-17,Balancer,Arbitrum,7.51,DAI,122974968,2.93,12.18
2024-09-17,Balancer,Optimism,6.96,USDC,126831066,3.06,5.9
2024-09-17,Balancer,Optimism,6.12,DAI,121099564,2.5,3.82
2024-09-17,Balancer,Polygon,7.63,USDC,123935148,1.43,7.32
2024-09-17,Balancer,Polygon,8.03,DAI,123502870,1.49,7.46
2024-09-17,Balancer,Base,6.48,USDC,119211150,3.97,7.51
2024-09-17,Balancer,Base,7.02,USDT,119179976,2.96,9.5
2024-09-17,Balancer,Base,7.31,DAI,122162430,3.3,13.36
2024-09-18,Aave,Ethereum,3.12,USDC,279767958,34.39,0
2024-09-18,Aave,Ethereum,3.42,USDT,284610962,38.89,0
2024-09-18,Aave,Ethereum,3.6,DAI,289264169,48.74,0
2024-09-18,Aave,Arbitrum,4.17,USDT,281564265,3.61,14.6
2024-09-18,Aave,Arbitrum,4.87,DAI,275464743,4.66,17.49
2024-09-18,Aave,Optimism,3.26,USDC,250215658,3.6,7.15
2024-09-18,Aave,Optimism,3.74,USDT,269663538,2.84,10.45
2024-09-18,Aave,Optimism,3.82,DAI,286630458,2.84,5.65
2024-09-18,Aave,Polygon,4.1,USDC,281221982,1.36,7.19
2024-09-18,Aave,Polygon,3.78,USDT,256514532,1.84,9.44
2024-09-18,Aave,Polygon,4.54,DAI,258204385,1.32,7.51
2024-09-18,Aave,Base,5.18,USDC,261319883,3.18,10.52
2024-09-18,Aave,Base,4.2,USDT,236769290,3.86,11.32
2024-09-18,Aave,Base,4.33,DAI,287570997,3.51,14.2
2024-09-18,Compound,Ethereum,3.16,USDT,195549987,42.73,0
2024-09-18,Compound,Arbitrum,3.65,USDC,192548559,3.31,12.64
2024-09-18,Compound,Arbitrum,3.72,USDT,202919353,4.65,12.05
2024-09-18,Compound,Arbitrum,4.26,DAI,183632355,3.62,9.5
2024-09-18,Compound,Optimism,4.04,USDC,184696520,2.59,8.25
2024-09-18,Compound,Optimism,3.93,USDT,189781913,3.68,11.19
2024-09-18,Compound,Optimism,4.02,DAI,206646798,2.68,10.81
2024-09-18,Compound,Polygon,4.32,USDC,189733055,1.88,8.82
2024-09-18,Compound,Polygon,4.02,USDT,184248948,1.29,6.78
2024-09-18,Compound,Polygon,3.91,DAI,201590061,1.52,5.78
2024-09-18,Compound,Base,3.98,USDC,213158691,2.79,8.05
2024-09-18,Compound,Base,3.65,USDT,182936564,2.95,12.6
2024-09-18,Curve,Ethereum,4.55,USDC,361358668,49.01,0
2024-09-18,Curve,Ethereum,5.68,USDT,358042497,59.03,0
2024-09-18,Curve,Ethereum,6.71,DAI,332784119,36.02,0
2024-09-18,Curve,Arbitrum,6.09,USDC,343884939,3.99,10.37
2024-09-18,Curve,Arbitrum,6.53,USDT,335593226,3.51,12.21
2024-09-18,Curve,Optimism,6.87,USDC,353996943,3.52,8.33
2024-09-18,Curve,Optimism,5.17,USDT,363269959,2.64,7.64
2024-09-18,Curve,Polygon,7.76,USDC,333341440,1.18,8.92
2024-09-18,Curve,Polygon,6.05,USDT,353262155,0.96,7.89
2024-09-18,Curve,Polygon,6.64,DAI,357395962,1.77,10.3
2024-09-18,Curve,Base,6.09,USDC,332085979,3.31,13.12
2024-09-18,Curve,Base,8.17,USDT,350235164,2.69,7.79
2024-09-18,Uniswap V3,Ethereum,6.79,USDC,99651876,40.78,0
2024-09-18,Uniswap V3,Ethereum,5.86,USDT,96522499,58.95,0
2024-09-18,Uniswap V3,Ethereum,6.8,DAI,105947824,36.1,0
2024-09-18,Uniswap V3,Arbitrum,8.62,USDC,108830133,3.34,12.26
2024-09-18,Uniswap V3,Arbitrum,7.71,USDT,101128421,2.62,14.92
2024-09-18,Uniswap V3,Arbitrum,6.67,DAI,97724877,3.64,11.31
2024-09-18,Uniswap V3,Optimism,7.36,USDC,110451837,3.1,6.26
2024-09-18,Uniswap V3,Optimism,8.08,USDT,106487387,2.06,8.14
2024-09-18,Uniswap V3,Optimism,7.22,DAI,104852093,2.09,5.18
2024-09-18,Uniswap V3,Polygon,9.42,USDC,94470637,2.32,5.34
2024-09-18,Uniswap V3,Base,6.26,USDC,105254083,2.89,9.08
2024-09-18,Uniswap V3,Base,7.11,USDT,106123586,3.26,10.39
2024-09-18,Uniswap V3,Base,7.1,DAI,110812131,3.45,8.16
2024-09-18,Yearn,Ethereum,4.57,USDC,126966837,36.99,0
2024-09-18,Yearn,Ethereum,3.74,USDT,133091487,54.63,0
2024-09-18,Yearn,Arbitrum,6.02,USDC,130149114,2.31,11.73
2024-09-18,Yearn,Arbitrum,5.46,USDT,128003344,4.17,12.12
2024-09-18,Yearn,Optimism,4.59,USDC,125915209,2.41,6.55
2024-09-18,Yearn,Optimism,4.97,DAI,124255102,3.0,4.11
2024-09-18,Yearn,Polygon,6.28,USDT,132539894,1.33,9.97
2024-09-18,Yearn,Polygon,7.22,DAI,133802645,1.84,6.9
2024-09-18,Yearn,Base,5.03,USDC,126733800,2.79,11.7
2024-09-18,Yearn,Base,4.98,USDT,132749068,2.77,10.95
2024-09-18,Yearn,Base,5.86,DAI,126545715,2.82,9.56
2024-09-18,Pendle,Ethereum,9.57,USDC,84462418,40.76,0
2024-09-18,Pendle,Ethereum,8.61,USDT,83601282,49.43,0
2024-09-18,Pendle,Ethereum,7.02,DAI,80173306,50.81,0
2024-09-18,Pendle,Arbitrum,9.02,USDC,76125845,3.66,12.81
2024-09-18,Pendle,Arbitrum,9.89,DAI,80768015,5.43,10.23
2024-09-18,Pendle,Optimism,10.79,USDC,80429210,2.3,7.66
2024-09-18,Pendle,Optimism,9.87,USDT,76438917,2.64,11.3
2024-09-18,Pendle,Optimism,10.48,DAI,85453439,3.54,7.86
2024-09-18,Pendle,Base,10.72,USDC,79269003,3.25,9.0
2024-09-18,Pendle,Base,11.46,USDT,85794083,3.63,11.71
2024-09-18,Pendle,Base,10.91,DAI,78504150,3.2,8.26
2024-09-18,Convex,Ethereum,4.67,USDC,163053676,51.0,0
2024-09-18,Convex,Ethereum,4.66,USDT,157339446,42.11,0
2024-09-18,Convex,Ethereum,4.88,DAI,156195066,39.7,0
2024-09-18,Balancer,Ethereum,6.03,USDC,123159293,31.61,0
2024-09-18,Balancer,Ethereum,6.02,USDT,110584212,38.74,0
2024-09-18,Balancer,Arbitrum,7.35,USDC,116281695,2.36,7.6
2024-09-18,Balancer,Arbitrum,8.15,USDT,118130475,3.68,12.86
2024-09-18,Balancer,Arbitrum,7.22,DAI,109635507,3.59,14.07
2024-09-18,Balancer,Optimism,6.33,USDC,116588553,2.77,6.45
2024-09-18,Balancer,Optimism,6.64,USDT,114010796,4.3,11.02
2024-09-18,Balancer,Optimism,7.17,DAI,124287855,4.06,6.37
2024-09-18,Balancer,Polygon,7.28,USDC,112595656,1.81,7.85
2024-09-18,Balancer,Polygon,8.39,USDT,116432430,1.41,8.81
2024-09-18,Balancer,Polygon,7.6,DAI,116225028,1.13,8.06
2024-09-18,Balancer,Base,7.45,USDC,118108289,4.41,8.39
2024-09-18,Balancer,Base,6.95,USDT,116234137,3.8,10.95
2024-09-18,Balancer,Base,7.21,DAI,111143087,3.48,8.1
2024-09-19,Aave,Ethereum,3.19,USDC,283721345,40.48,0
2024-09-19,Aave,Ethereum,4.12,USDT,260979079,33.42,0
2024-09-19,Aave,Arbitrum,3.62,USDC,265765368,2.88,9.15
2024-09-19,Aave,Arbitrum,4.18,DAI,289147687,3.2,9.11
2024-09-19,Aave,Optimism,4.27,USDC,268664354,1.73,7.66
2024-09-19,Aave,Optimism,4.59,USDT,270454765,3.46,8.89
2024-09-19,Aave,Optimism,4.45,DAI,276600775,3.77,8.12
2024-09-19,Aave,Polygon,3.68,USDC,266103155,1.88,9.52
2024-09-19,Aave,Polygon,3.94,USDT,261908114,1.85,8.31
2024-09-19,Aave,Polygon,3.76,DAI,246553795,1.31,6.77
2024-09-19,Aave,Base,4.09,USDC,277887896,4.61,10.17
2024-09-19,Aave,Base,4.64,USDT,264274341,3.7,7.28
2024-09-19,Aave,Base,3.54,DAI,277575317,3.53,8.95
2024-09-19,Compound,Ethereum,3.82,USDC,195989192,31.54,0
2024-09-19,Compound,Ethereum,3.06,USDT,219047175,40.5,0
2024-09-19,Compound,Ethereum,3.18,DAI,189278994,41.83,0
2024-09-19,Compound,Arbitrum,3.64,USDC,191349454,3.86,12.42
2024-09-19,Compound,Arbitrum,4.08,DAI,213824763,2.71,9.83
2024-09-19,Compound,Optimism,4.13,USDC,198868405,3.27,8.55
2024-09-19,Compound,Optimism,3.57,USDT,191372484,2.7,9.26
2024-09-19,Compound,Optimism,3.14,DAI,200276017,3.27,9.39
2024-09-19,Compound,Polygon,4.36,USDC,196770887,1.66,7.39
2024-09-19,Compound,Polygon,4.51,USDT,190660404,1.24,7.74
2024-09-19,Compound,Polygon,4.21,DAI,190201710,1.51,9.35
2024-09-19,Compound,Base,3.0,USDC,198178370,3.22,13.15
2024-09-19,Compound,Base,3.88,USDT,183534670,3.41,10.59
2024-09-19,Compound,Base,3.28,DAI,200933813,3.43,11.57
2024-09-19,Curve,Ethereum,4.88,USDC,342225098,40.31,0
2024-09-19,Curve,Ethereum,5.85,USDT,347731011,37.97,0
2024-09-19,Curve,Ethereum,5.78,DAI,319512267,40.5,0
2024-09-19,Curve,Arbitrum,5.96,USDC,350098274,2.31,12.9
2024-09-19,Curve,Arbitrum,6.88,DAI,302164247,3.33,9.21
2024-09-19,Curve,Optimism,7.91,USDC,348697889,2.73,8.92
2024-09-19,Curve,Optimism,6.26,USDT,356488671,4.18,8.78
2024-09-19,Curve,Optimism,6.65,DAI,346397965,2.45,9.86
2024-09-19,Curve,Polygon,5.22,USDC,352092415,1.74,9.05
2024-09-19,Curve,Polygon,7.35,USDT,339068704,1.11,7.36
2024-09-19,Curve,Base,5.46,USDC,373254043,3.39,14.34
2024-09-19,Curve,Base,5.95,USDT,321004363,4.34,8.54
2024-09-19,Curve,Base,7.59,DAI,340720951,3.12,11.25
2024-09-19,Uniswap V3,Ethereum,6.29,USDC,104753430,41.12,0
2024-09-19,Uniswap V3,Ethereum,7.76,USDT,98412070,34.07,0
2024-09-19,Uniswap V3,Ethereum,6.33,DAI,94655272,46.02,0
2024-09-19,Uniswap V3,Arbitrum,7.71,USDT,106436543,4.35,10.27
2024-09-19,Uniswap V3,Arbitrum,5.73,DAI,100034340,3.5,13.5
2024-09-19,Uniswap V3,Optimism,7.23,USDC,97962335,3.39,7.23
2024-09-19,Uniswap V3,Optimism,5.51,USDT,99371939,3.9,12.47
2024-09-19,Uniswap V3,Optimism,8.0,DAI,98259439,2.74,5.98
2024-09-19,Uniswap V3,Polygon,8.44,USDC,106110978,1.41,7.2
2024-09-19,Uniswap V3,Polygon,8.85,USDT,95540100,1.55,7.58
2024-09-19,Uniswap V3,Polygon,9.88,DAI,102696574,1.71,6.24
2024-09-19,Uniswap V3,Base,7.88,USDC,99762732,3.92,10.52
2024-09-19,Uniswap V3,Base,6.64,DAI,98945170,3.5,6.37
2024-09-19,Yearn,Ethereum,4.4,USDC,132170001,41.92,0
2024-09-19,Yearn,Ethereum,4.45,DAI,127877604,37.05,0
2024-09-19,Yearn,Arbitrum,5.55,USDC,128857323,3.45,9.77
2024-09-19,Yearn,Arbitrum,5.04,USDT,132210538,4.04,12.74
2024-09-19,Yearn,Optimism,4.45,USDC,132324519,2.39,9.39
2024-09-19,Yearn,Optimism,4.43,USDT,118035575,3.05,6.82
2024-09-19,Yearn,Optimism,5.33,DAI,131438669,3.07,7.43
2024-09-19,Yearn,Polygon,5.7,USDC,129272427,1.84,8.5
2024-09-19,Yearn,Polygon,4.86,USDT,128004962,1.5,7.94
2024-09-19,Yearn,Polygon,5.02,DAI,124611332,1.68,8.44
2024-09-19,Yearn,Base,5.91,USDC,118552614,2.86,9.67
2024-09-19,Yearn,Base,4.9,USDT,139178736,3.97,9.42
2024-09-19,Yearn,Base,4.55,DAI,125258471,3.5,10.06
2024-09-19,Pendle,Ethereum,9.77,USDC,76799368,41.35,0
2024-09-19,Pendle,Ethereum,7.15,USDT,78387702,42.18,0
2024-09-19,Pendle,Ethereum,8.12,DAI,90269409,55.96,0
2024-09-19,Pendle,Arbitrum,9.55,USDC,84867992,4.32,11.77
2024-09-19,Pendle,Arbitrum,10.61,USDT,80700898,3.73,10.67
2024-09-19,Pendle,Arbitrum,9.68,DAI,85530920,2.95,14.44
2024-09-19,Pendle,Optimism,9.08,USDC,81023669,2.93,6.54
2024-09-19,Pendle,Optimism,10.97,USDT,82272736,3.29,8.69
2024-09-19,Pendle,Optimism,9.1,DAI,79573379,2.88,11.38
2024-09-19,Pendle,Base,12.17,USDC,79601294,3.15,12.15
2024-09-19,Pendle,Base,11.58,USDT,78469018,3.12,10.9
2024-09-19,Pendle,Base,8.79,DAI,80182133,3.23,12.41
2024-09-19,Convex,Ethereum,5.24,USDT,156964293,42.01,0
2024-09-19,Convex,Ethereum,4.88,DAI,162718843,62.81,0
2024-09-19,Balancer,Ethereum,6.4,USDC,118983352,37.07,0
2024-09-19,Balancer,Ethereum,5.94,USDT,121954334,51.11,0
2024-09-19,Balancer,Ethereum,6.54,DAI,116916672,50.03,0
2024-09-19,Balancer,Arbitrum,6.26,USDT,116568404,3.04,11.32
2024-09-19,Balancer,Arbitrum,6.89,DAI,123322473,3.82,14.69
2024-09-19,Balancer,Optimism,6.35,USDC,118399347,2.39,9.08
2024-09-19,Balancer,Optimism,5.94,USDT,119954112,3.13,4.29
2024-09-19,Balancer,Optimism,5.49,DAI,121148809,2.68,7.47
2024-09-19,Balancer,Polygon,6.72,USDC,106294432,1.29,8.2
2024-09-19,Balancer,Polygon,5.87,USDT,107701698,1.78,7.57
2024-09-19,Balancer,Polygon,7.62,DAI,118728896,1.21,9.18
2024-09-19,Balancer,Base,6.76,USDC,117344083,3.29,7.05
2024-09-19,Balancer,Base,6.06,USDT,118259155,3.11,8.63
2024-09-19,Balancer,Base,7.73,DAI,121215327,3.24,7.17
2024-09-20,Aave,Ethereum,4.14,USDC,262830800,43.61,0
2024-09-20,Aave,Ethereum,3.21,USDT,253223843,48.7,0
2024-09-20,Aave,Ethereum,2.93,DAI,270982196,37.35,0
2024-09-20,Aave,Arbitrum,2.87,USDT,261822307,4.91,16.31
2024-09-20,Aave,Arbitrum,4.67,DAI,261486484,3.9,11.28
2024-09-20,Aave,Optimism,3.65,USDC,253261708,2.81,8.22
2024-09-20,Aave,Optimism,3.6,DAI,260454189,2.61,10.28
2024-09-20,Aave,Polygon,4.28,USDC,276558040,1.39,6.57
2024-09-20,Aave,Polygon,3.88,USDT,273421398,1.92,8.74
2024-09-20,Aave,Base,3.83,USDC,246149448,2.9,6.78
2024-09-20,Aave,Base,3.55,USDT,266826779,2.65,9.18
2024-09-20,Aave,Base,3.4,DAI,246594671,2.26,13.89
2024-09-20,Compound,Ethereum,3.55,USDC,191751387,44.19,0
2024-09-20,Compound,Ethereum,3.19,USDT,177270333,44.85,0
2024-09-20,Compound,Ethereum,3.22,DAI,196933707,29.36,0
2024-09-20,Compound,Arbitrum,3.92,USDC,193010581,3.51,9.38
2024-09-20,Compound,Arbitrum,3.83,USDT,191656013,3.53,12.05
2024-09-20,Compound,Arbitrum,4.06,DAI,191082563,4.45,11.63
2024-09-20,Compound,Optimism,3.5,USDC,197325128,4.01,9.09
2024-09-20,Compound,Optimism,3.79,USDT,197070239,2.85,10.03
2024-09-20,Compound,Optimism,4.16,DAI,195546457,2.6,9.9
2024-09-20,Compound,Polygon,4.48,USDC,192885467,1.46,8.31
2024-09-20,Compound,Polygon,3.92,USDT,204894319,1.5,6.56
2024-09-20,Compound,Polygon,3.62,DAI,180449078,1.61,6.72
2024-09-20,Compound,Base,3.71,USDC,197335591,3.18,9.42
2024-09-20,Compound,Base,3.11,USDT,175118048,2.23,10.25
2024-09-20,Compound,Base,3.7,DAI,181906432,3.74,12.43
2024-09-20,Curve,Ethereum,6.23,USDC,345003283,44.97,0
2024-09-20,Curve,Ethereum,5.2,USDT,321929558,40.74,0
2024-09-20,Curve,Ethereum,4.9,DAI,349626236,43.12,0
2024-09-20,Curve,Arbitrum,8.85,USDC,331707204,3.31,11.9
2024-09-20,Curve,Arbitrum,5.94,USDT,313501262,3.25,10.11
2024-09-20,Curve,Arbitrum,7.13,DAI,368206096,2.48,11.15
2024-09-20,Curve,Optimism,6.78,USDC,335573217,2.79,7.23
2024-09-20,Curve,Optimism,6.2,USDT,370124548,3.13,7.89
2024-09-20,Curve,Optimism,5.71,DAI,340351378,2.28,12.13
2024-09-20,Curve,Polygon,6.74,USDC,338985150,1.45,9.48
2024-09-20,Curve,Polygon,8.39,USDT,319233646,1.77,9.07
2024-09-20,Curve,Polygon,7.58,DAI,338911488,1.5,7.69
2024-09-20,Curve,Base,6.14,USDC,333448988,2.64,11.83
2024-09-20,Curve,Base,6.81,USDT,361521940,3.46,15.22
2024-09-20,Curve,Base,6.39,DAI,364859573,4.0,6.04
2024-09-20,Uniswap V3,Ethereum,6.76,USDC,101346289,39.02,0
2024-09-20,Uniswap V3,Ethereum,5.66,USDT,97081887,53.42,0
2024-09-20,Uniswap V3,Ethereum,6.23,DAI,98571897,39.5,0
2024-09-20,Uniswap V3,Arbitrum,6.32,USDC,94626963,2.23,11.33
2024-09-20,Uniswap V3,Arbitrum,8.46,USDT,99951007,3.65,11.87
2024-09-20,Uniswap V3,Arbitrum,9.59,DAI,102208527,4.61,13.18
2024-09-20,Uniswap V3,Optimism,7.25,USDC,100851548,3.07,9.49
2024-09-20,Uniswap V3,Optimism,7.75,USDT,109973043,2.49,8.27
2024-09-20,Uniswap V3,Polygon,6.37,USDC,96146089,1.19,7.45
2024-09-20,Uniswap V3,Polygon,8.7,USDT,107632321,1.42,7.84
2024-09-20,Uniswap V3,Polygon,8.24,DAI,92871387,1.26,6.9
2024-09-20,Uniswap V3,Base,5.17,USDC,102019936,3.8,10.54
2024-09-20,Uniswap V3,Base,8.55,USDT,110887040,3.59,11.3
2024-09-20,Uniswap V3,Base,8.14,DAI,103402268,3.28,8.31
2024-09-20,Yearn,Ethereum,4.16,USDC,126303261,57.32,0
2024-09-20,Yearn,Ethereum,4.34,USDT,133633274,36.75,0
2024-09-20,Yearn,Ethereum,4.96,DAI,124034319,31.4,0
2024-09-20,Yearn,Arbitrum,5.07,USDC,146187179,4.59,12.8
2024-09-20,Yearn,Arbitrum,5.39,USDT,128850030,4.71,12.77
2024-09-20,Yearn,Arbitrum,4.56,DAI,130876824,3.56,5.45
2024-09-20,Yearn,Optimism,4.78,USDC,133263149,2.49,7.11
2024-09-20,Yearn,Optimism,5.0,USDT,121725462,4.52,11.57
2024-09-20,Yearn,Optimism,5.4,DAI,128843031,2.16,11.16
2024-09-20,Yearn,Polygon,4.1,USDT,138987638,1.0,7.78
2024-09-20,Yearn,Polygon,5.98,DAI,122947802,1.61,7.89
2024-09-20,Yearn,Base,4.61,USDC,126343767,3.18,13.8
2024-09-20,Yearn,Base,4.54,USDT,130799589,2.94,13.92
2024-09-20,Yearn,Base,4.43,DAI,129963835,3.99,7.83
2024-09-20,Pendle,Ethereum,10.8,USDC,79694128,31.04,0
2024-09-20,Pendle,Ethereum,6.83,USDT,88216414,50.19,0
2024-09-20,Pendle,Ethereum,7.02,DAI,80062436,30.07,0
2024-09-20,Pendle,Arbitrum,10.05,USDC,78478783,4.07,10.76
2024-09-20,Pendle,Arbitrum,10.02,USDT,86024135,3.99,12.66
2024-09-20,Pendle,Optimism,10.68,USDC,85515278,3.82,10.49
2024-09-20,Pendle,Optimism,8.86,USDT,70185421,2.81,10.3
2024-09-20,Pendle,Optimism,8.17,DAI,79993178,2.71,12.08
2024-09-20,Pendle,Base,9.85,USDC,89056001,3.65,11.37
2024-09-20,Pendle,Base,9.71,DAI,79306412,3.56,6.51
2024-09-20,Convex,Ethereum,3.71,USDC,172298099,32.62,0
2024-09-20,Convex,Ethereum,5.11,USDT,161894113,37.22,0
2024-09-20,Convex,Ethereum,4.6,DAI,160178627,55.2,0
2024-09-20,Balancer,Ethereum,5.33,USDC,118162676,31.44,0
2024-09-20,Balancer,Ethereum,5.42,USDT,122657680,51.63,0
2024-09-20,Balancer,Ethereum,5.3,DAI,112547323,40.81,0
2024-09-20,Balancer,Arbitrum,7.59,USDC,118332579,4.0,12.27
2024-09-20,Balancer,Arbitrum,6.83,USDT,106905718,4.25,16.46
2024-09-20,Balancer,Arbitrum,7.44,DAI,122621306,4.19,12.53
2024-09-20,Balancer,Optimism,6.48,USDC,117303135,2.75,7.43
2024-09-20,Balancer,Optimism,6.9,USDT,121927078,2.54,9.41
2024-09-20,Balancer,Optimism,5.33,DAI,120136290,4.26,10.65
2024-09-20,Balancer,Polygon,7.73,USDC,119822096,2.11,6.58
2024-09-20,Balancer,Polygon,7.88,USDT,112874617,1.23,7.6
2024-09-20,Balancer,Polygon,6.54,DAI,105004471,1.51,7.96
2024-09-20,Balancer,Base,6.6,USDC,115752087,3.4,6.78
2024-09-20,Balancer,Base,7.9,USDT,118960702,3.21,7.49
2024-09-20,Balancer,Base,7.68,DAI,123106360,3.23,10.25
2024-09-21,Aave,Ethereum,4.05,USDC,274928035,25.26,0
2024-09-21,Aave,Ethereum,3.76,USDT,267132282,28.33,0
2024-09-21,Aave,Ethereum,3.18,DAI,269685256,24.44,0
2024-09-21,Aave,Arbitrum,4.63,USDC,263031809,2.54,11.53
2024-09-21,Aave,Arbitrum,3.47,USDT,260999956,2.64,11.2
2024-09-21,Aave,Arbitrum,4.66,DAI,272531687,1.57,9.05
2024-09-21,Aave,Optimism,4.24,USDC,290635980,2.66,9.94
2024-09-21,Aave,Optimism,3.97,USDT,251213009,1.66,8.73
2024-09-21,Aave,Polygon,4.54,USDC,226769479,0.72,7.67
2024-09-21,Aave,Polygon,4.13,USDT,282341955,0.92,5.04
2024-09-21,Aave,Polygon,3.96,DAI,285837661,1.3,7.78
2024-09-21,Aave,Base,4.15,USDC,249467130,2.39,9.31
2024-09-21,Aave,Base,3.68,USDT,282658372,2.24,7.56
2024-09-21,Aave,Base,3.77,DAI,246653140,1.67,8.02
2024-09-21,Compound,Ethereum,3.1,USDT,175814420,25.29,0
2024-09-21,Compound,Ethereum,2.98,DAI,186393684,27.36,0
2024-09-21,Compound,Arbitrum,3.77,USDT,189883502,2.29,11.26
2024-09-21,Compound,Arbitrum,3.6,DAI,192619609,3.34,9.79
2024-09-21,Compound,Optimism,4.03,USDC,200757903,1.55,9.39
2024-09-21,Compound,Optimism,3.76,USDT,182990936,1.67,6.18
2024-09-21,Compound,Polygon,3.79,USDC,189267827,1.24,6.88
2024-09-21,Compound,Polygon,3.87,USDT,205320078,0.97,6.18
2024-09-21,Compound,Polygon,3.93,DAI,187060597,0.63,6.61
2024-09-21,Compound,Base,3.55,DAI,191511320,2.42,9.74
2024-09-21,Curve,Ethereum,5.33,USDC,343899987,28.97,0
2024-09-21,Curve,Ethereum,6.26,USDT,346175572,29.89,0
2024-09-21,Curve,Arbitrum,6.38,USDC,343587804,3.12,14.48
2024-09-21,Curve,Arbitrum,7.82,USDT,328976846,1.97,11.98
2024-09-21,Curve,Arbitrum,7.73,DAI,342873178,1.62,11.15
2024-09-21,Curve,Optimism,6.44,USDC,339079731,1.59,6.97
2024-09-21,Curve,Optimism,6.15,USDT,336419885,1.63,8.0
2024-09-21,Curve,Optimism,5.86,DAI,335102718,2.55,10.35
2024-09-21,Curve,Polygon,6.82,USDC,353605183,1.21,7.0
2024-09-21,Curve,Base,8.53,USDC,366076418,1.77,7.59
2024-09-21,Curve,Base,8.0,USDT,322598508,2.09,9.92
2024-09-21,Curve,Base,5.57,DAI,366040135,2.45,11.13
2024-09-21,Uniswap V3,Ethereum,5.44,USDC,103738616,29.99,0
2024-09-21,Uniswap V3,Ethereum,6.13,USDT,102253893,28.64,0
2024-09-21,Uniswap V3,Arbitrum,7.59,USDC,99905028,1.78,11.86
2024-09-21,Uniswap V3,Arbitrum,5.8,USDT,97755052,2.69,10.85
2024-09-21,Uniswap V3,Arbitrum,9.41,DAI,103200162,2.88,15.18
2024-09-21,Uniswap V3,Optimism,6.99,USDC,94720093,1.67,7.14
2024-09-21,Uniswap V3,Optimism,6.2,DAI,100167781,1.98,8.27
2024-09-21,Uniswap V3,Polygon,6.79,USDC,97322354,0.89,6.06
2024-09-21,Uniswap V3,Polygon,7.67,USDT,98079089,1.22,6.8
2024-09-21,Uniswap V3,Polygon,7.36,DAI,99644440,0.9,10.68
2024-09-21,Uniswap V3,Base,5.96,USDC,93143176,2.79,10.52
2024-09-21,Uniswap V3,Base,7.51,USDT,99035738,2.24,8.2
2024-09-21,Uniswap V3,Base,7.66,DAI,103681978,2.51,12.05
2024-09-21,Yearn,Ethereum,4.39,USDC,127972640,28.12,0
2024-09-21,Yearn,Ethereum,4.9,USDT,113568036,15.7,0
2024-09-21,Yearn,Ethereum,3.6,DAI,126726174,24.87,0
2024-09-21,Yearn,Arbitrum,5.56,USDC,122594800,1.99,14.91
2024-09-21,Yearn,Arbitrum,5.58,USDT,137770604,2.64,12.27
2024-09-21,Yearn,Arbitrum,6.53,DAI,124062926,2.23,13.5
2024-09-21,Yearn,Optimism,4.17,USDC,141868821,2.09,6.22
2024-09-21,Yearn,Optimism,6.55,USDT,121248922,1.95,9.06
2024-09-21,Yearn,Optimism,4.95,DAI,130529692,1.79,8.41
2024-09-21,Yearn,Polygon,4.36,DAI,123499456,0.57,8.26
2024-09-21,Yearn,Base,5.75,USDC,113490753,1.98,8.23
2024-09-21,Yearn,Base,5.8,DAI,130579455,2.83,9.91
2024-09-21,Pendle,Ethereum,7.79,USDC,84720124,28.9,0
2024-09-21,Pendle,Ethereum,7.71,USDT,83013377,30.64,0
2024-09-21,Pendle,Ethereum,9.43,DAI,90148325,24.57,0
2024-09-21,Pendle,Arbitrum,11.45,USDC,83132919,2.64,12.06
2024-09-21,Pendle,Arbitrum,11.8,USDT,77498122,2.67,12.06
2024-09-21,Pendle,Arbitrum,9.79,DAI,80693651,1.92,12.27
2024-09-21,Pendle,Optimism,7.6,USDC,81269602,2.31,7.19
2024-09-21,Pendle,Optimism,8.86,USDT,79427111,1.89,9.87
2024-09-21,Pendle,Optimism,9.34,DAI,83464732,1.58,9.27
2024-09-21,Pendle,Base,9.06,USDC,78765547,2.2,6.18
2024-09-21,Pendle,Base,9.77,USDT,81853748,2.23,6.44
2024-09-21,Pendle,Base,11.29,DAI,80986269,2.6,13.17
2024-09-21,Convex,Ethereum,4.97,USDC,167908636,24.44,0
2024-09-21,Convex,Ethereum,4.24,USDT,156684809,23.51,0
2024-09-21,Convex,Ethereum,5.37,DAI,169759848,28.4,0
2024-09-21,Balancer,Ethereum,5.66,USDC,114137944,27.37,0
2024-09-21,Balancer,Ethereum,5.11,DAI,114698505,30.81,0
2024-09-21,Balancer,Arbitrum,7.81,USDC,118955259,2.5,9.48
2024-09-21,Balancer,Arbitrum,7.22,DAI,113319575,2.79,10.08
2024-09-21,Balancer,Optimism,7.83,USDC,118253040,2.07,9.46
2024-09-21,Balancer,Optimism,6.77,USDT,115643002,2.12,8.6
2024-09-21,Balancer,Optimism,6.65,DAI,113950509,2.48,8.73
2024-09-21,Balancer,Polygon,7.08,USDC,113814875,0.63,7.91
2024-09-21,Balancer,Polygon,8.25,USDT,124367731,1.06,6.98
2024-09-21,Balancer,Polygon,6.76,DAI,116774120,1.02,8.93
2024-09-21,Balancer,Base,7.65,USDC,118973822,2.13,6.48
2024-09-21,Balancer,Base,6.19,USDT,119676271,1.98,10.84
2024-09-21,Balancer,Base,6.89,DAI,121691979,2.32,9.08
2024-09-22,Aave,Ethereum,3.17,USDC,281211496,35.84,0
2024-09-22,Aave,Ethereum,3.14,USDT,252416249,30.34,0
2024-09-22,Aave,Ethereum,4.07,DAI,275578228,23.99,0
2024-09-22,Aave,Arbitrum,3.58,USDC,259864470,1.74,13.2
2024-09-22,Aave,Arbitrum,3.86,USDT,235123843,2.5,16.25
2024-09-22,Aave,Arbitrum,3.73,DAI,279187322,2.26,10.06
2024-09-22,Aave,Optimism,4.07,USDC,269301047,2.69,6.97
2024-09-22,Aave,Optimism,3.44,DAI,268205858,2.05,8.96
2024-09-22,Aave,Polygon,4.57,USDC,275099941,1.21,7.19
2024-09-22,Aave,Polygon,4.53,USDT,264654953,0.8,10.14
2024-09-22,Aave,Polygon,4.51,DAI,262176607,0.83,7.1
2024-09-22,Aave,Base,4.03,USDC,272222417,2.13,10.92
2024-09-22,Aave,Base,4.35,USDT,285339117,2.12,10.32
2024-09-22,Aave,Base,4.75,DAI,261528937,1.81,6.58
2024-09-22,Compound,Ethereum,3.45,USDC,187689067,33.83,0
2024-09-22,Compound,Ethereum,3.37,USDT,194915156,17.81,0
2024-09-22,Compound,Ethereum,3.1,DAI,184849133,25.02,0
2024-09-22,Compound,Arbitrum,4.4,USDC,183868262,3.16,6.95
2024-09-22,Compound,Arbitrum,3.57,USDT,188224377,2.86,11.56
2024-09-22,Compound,Arbitrum,3.79,DAI,190832562,2.14,11.55
2024-09-22,Compound,Optimism,3.95,USDC,187831055,1.85,6.78
2024-09-22,Compound,Optimism,3.53,USDT,209240824,1.66,8.18
2024-09-22,Compound,Polygon,3.53,USDC,191413389,1.2,7.02
2024-09-22,Compound,Polygon,3.5,DAI,184293211,0.94,8.8
2024-09-22,Compound,Base,4.09,USDC,205231042,2.28,7.06
2024-09-22,Compound,Base,4.05,USDT,173124194,1.98,9.29
2024-09-22,Compound,Base,3.92,DAI,187215171,1.95,8.71
2024-09-22,Curve,Ethereum,5.63,USDC,342003420,24.1,0
2024-09-22,Curve,Ethereum,5.01,DAI,335411004,28.56,0
2024-09-22,Curve,Arbitrum,8.4,USDC,336855136,3.22,14.87
2024-09-22,Curve,Arbitrum,6.36,USDT,339970105,3.09,12.32
2024-09-22,Curve,Arbitrum,7.78,DAI,361285796,3.2,13.02
2024-09-22,Curve,Optimism,6.97,USDC,338379070,1.78,10.15
2024-09-22,Curve,Optimism,6.41,DAI,323560746,1.51,8.58
2024-09-22,Curve,Polygon,6.94,USDC,343200179,0.71,6.3
2024-09-22,Curve,Polygon,6.46,USDT,342543135,0.95,8.98
2024-09-22,Curve,Polygon,7.35,DAI,345159450,0.99,9.03
2024-09-22,Curve,Base,7.75,USDC,340636785,2.21,10.17
2024-09-22,Curve,Base,7.08,USDT,353864013,2.76,7.98
2024-09-22,Curve,Base,8.17,DAI,361824628,1.91,10.62
2024-09-22,Uniswap V3,Ethereum,6.76,USDC,102485446,21.28,0
2024-09-22,Uniswap V3,Ethereum,6.01,USDT,104002306,27.11,0
2024-09-22,Uniswap V3,Ethereum,7.77,DAI,103458868,21.76,0
2024-09-22,Uniswap V3,Arbitrum,7.31,USDC,99040240,2.32,10.32
2024-09-22,Uniswap V3,Arbitrum,8.18,USDT,105438092,2.53,7.2
2024-09-22,Uniswap V3,Arbitrum,7.78,DAI,114441042,1.6,10.83
2024-09-22,Uniswap V3,Optimism,7.41,USDC,98835411,1.95,9.45
2024-09-22,Uniswap V3,Optimism,7.71,USDT,102018849,2.32,9.31
2024-09-22,Uniswap V3,Optimism,6.38,DAI,97947176,2.34,12.51
2024-09-22,Uniswap V3,Polygon,8.21,USDC,105809853,1.06,8.95
2024-09-22,Uniswap V3,Polygon,9.16,USDT,108178065,1.44,6.83
2024-09-22,Uniswap V3,Polygon,7.42,DAI,104954656,0.89,7.04
2024-09-22,Uniswap V3,Base,8.16,USDC,100429828,2.18,7.04
2024-09-22,Uniswap V3,Base,7.3,DAI,101003340,1.98,10.8
2024-09-22,Yearn,Ethereum,4.38,USDC,127440112,29.67,0
2024-09-22,Yearn,Ethereum,3.92,USDT,125215523,30.33,0
2024-09-22,Yearn,Ethereum,4.51,DAI,127469866,32.61,0
2024-09-22,Yearn,Arbitrum,4.55,USDC,134040573,2.01,10.68
2024-09-22,Yearn,Arbitrum,4.29,DAI,118873372,0.89,8.5
2024-09-22,Yearn,Optimism,5.67,USDC,125922180,1.95,6.56
2024-09-22,Yearn,Optimism,4.94,USDT,126395700,2.43,9.96
2024-09-22,Yearn,Optimism,5.44,DAI,126481389,1.49,8.24
2024-09-22,Yearn,Polygon,5.57,USDC,131427493,1.01,7.5
2024-09-22,Yearn,Polygon,5.86,USDT,128795222,1.1,7.81
2024-09-22,Yearn,Polygon,6.62,DAI,128796101,1.34,7.77
2024-09-22,Yearn,Base,5.2,USDC,121164565,2.55,9.82
2024-09-22,Yearn,Base,5.64,USDT,134134241,2.49,9.92
2024-09-22,Pendle,Ethereum,7.06,USDC,82955190,32.68,0
2024-09-22,Pendle,Ethereum,8.82,USDT,83391100,30.63,0
2024-09-22,Pendle,Ethereum,8.49,DAI,81978346,30.0,0
2024-09-22,Pendle,Arbitrum,11.41,USDC,86013407,3.52,12.37
2024-09-22,Pendle,Arbitrum,7.97,USDT,82380125,1.91,12.01
2024-09-22,Pendle,Arbitrum,8.73,DAI,75635595,2.31,10.69
2024-09-22,Pendle,Optimism,10.6,USDC,88963124,1.26,8.61
2024-09-22,Pendle,Optimism,11.33,USDT,77880238,2.02,8.4
2024-09-22,Pendle,Base,10.68,USDC,81172803,1.9,10.16
2024-09-22,Pendle,Base,11.19,USDT,78677320,2.22,11.08
2024-09-22,Pendle,Base,12.3,DAI,86775048,2.6,7.53
2024-09-22,Convex,Ethereum,6.05,USDC,164692221,24.08,0
2024-09-22,Convex,Ethereum,4.97,USDT,169955382,32.31,0
2024-09-22,Convex,Ethereum,4.9,DAI,168926640,23.92,0
2024-09-22,Balancer,Ethereum,4.94,USDC,106516301,28.2,0
2024-09-22,Balancer,Ethereum,6.4,USDT,123829152,26.74,0
2024-09-22,Balancer,Ethereum,4.95,DAI,116754663,31.32,0
2024-09-22,Balancer,Arbitrum,8.04,USDC,115410790,2.89,5.41
2024-09-22,Balancer,Arbitrum,8.44,USDT,115679595,2.62,11.86
2024-09-22,Balancer,Arbitrum,6.44,DAI,121433366,2.12,11.45
2024-09-22,Balancer,Optimism,7.63,USDC,115100706,2.09,10.43
2024-09-22,Balancer,Optimism,6.87,USDT,122657477,1.74,11.72
2024-09-22,Balancer,Optimism,8.1,DAI,120922696,2.31,11.05
2024-09-22,Balancer,Polygon,7.38,USDC,120145083,1.03,6.25
2024-09-22,Balancer,Polygon,6.64,USDT,115016263,0.9,6.79
2024-09-22,Balancer,Polygon,7.41,DAI,119398949,1.1,10.03
2024-09-22,Balancer,Base,7.27,USDC,121593019,2.12,10.19
2024-09-22,Balancer,Base,6.41,USDT,121390146,2.29,10.08
2024-09-22,Balancer,Base,7.1,DAI,113406400,2.53,10.43
2024-09-23,Aave,Ethereum,2.94,USDC,278889647,43.72,0
2024-09-23,Aave,Ethereum,3.63,DAI,275100757,49.83,0
2024-09-23,Aave,Arbitrum,3.99,USDC,275126840,3.54,8.75
2024-09-23,Aave,Arbitrum,4.25,USDT,290612690,2.33,12.74
2024-09-23,Aave,Optimism,4.38,USDC,268377641,2.07,10.83
2024-09-23,Aave,Optimism,4.64,USDT,267017102,3.55,10.77
2024-09-23,Aave,Optimism,4.84,DAI,262016665,2.7,9.94
2024-09-23,Aave,Polygon,3.9,USDC,251163910,1.57,7.74
2024-09-23,Aave,Polygon,4.04,USDT,269331182,1.08,9.86
2024-09-23,Aave,Polygon,4.67,DAI,274858199,1.62,11.79
2024-09-23,Aave,Base,3.9,USDC,276117512,3.42,9.94
2024-09-23,Aave,Base,3.78,USDT,257683170,3.19,12.9
2024-09-23,Compound,Ethereum,3.26,USDC,198295017,42.44,0
2024-09-23,Compound,Ethereum,3.38,USDT,179511011,39.01,0
2024-09-23,Compound,Ethereum,3.73,DAI,193404405,37.16,0
2024-09-23,Compound,Arbitrum,3.62,USDC,196298067,3.84,8.4
2024-09-23,Compound,Arbitrum,3.52,DAI,178707823,2.81,9.83
2024-09-23,Compound,Optimism,3.39,USDC,203168121,3.22,8.78
2024-09-23,Compound,Optimism,3.63,USDT,189303238,2.03,7.89
2024-09-23,Compound,Optimism,4.18,DAI,203706824,3.19,9.32
2024-09-23,Compound,Polygon,4.19,USDC,176007833,1.52,9.91
2024-09-23,Compound,Polygon,4.42,USDT,199710269,1.4,4.6
2024-09-23,Compound,Base,4.31,USDC,197367691,3.44,7.12
2024-09-23,Compound,Base,3.6,USDT,190802215,2.95,10.02
2024-09-23,Compound,Base,4.58,DAI,204723369,3.27,11.18
2024-09-23,Curve,Ethereum,6.25,USDC,335901200,45.11,0
2024-09-23,Curve,Ethereum,5.16,USDT,340764736,51.94,0
2024-09-23,Curve,Ethereum,5.43,DAI,347287489,41.18,0
2024-09-23,Curve,Arbitrum,6.86,USDC,354277946,3.24,9.3
2024-09-23,Curve,Arbitrum,6.39,USDT,354588363,3.76,9.86
2024-09-23,Curve,Arbitrum,6.6,DAI,359296033,3.37,10.44
2024-09-23,Curve,Optimism,5.8,USDC,354016753,2.4,9.24
2024-09-23,Curve,Optimism,6.68,DAI,347274747,3.72,8.23
2024-09-23,Curve,Polygon,5.06,USDC,328008586,1.83,9.0
2024-09-23,Curve,Base,6.83,USDC,342043930,4.06,12.32
2024-09-23,Curve,Base,7.39,USDT,340910526,3.62,8.83
2024-09-23,Curve,Base,7.38,DAI,350001211,3.07,9.51
2024-09-23,Uniswap V3,Ethereum,5.52,USDC,98451362,38.67,0
2024-09-23,Uniswap V3,Ethereum,7.29,USDT,108886087,49.35,0
2024-09-23,Uniswap V3,Ethereum,5.32,DAI,95984979,43.04,0
2024-09-23,Uniswap V3,Arbitrum,8.66,USDC,96611810,4.87,13.76
2024-09-23,Uniswap V3,Arbitrum,7.33,USDT,97437152,4.47,10.49
2024-09-23,Uniswap V3,Arbitrum,7.82,DAI,108063281,4.58,13.68
2024-09-23,Uniswap V3,Optimism,7.88,USDC,103178032,1.53,9.09
2024-09-23,Uniswap V3,Optimism,6.95,USDT,102930166,2.72,8.02
2024-09-23,Uniswap V3,Optimism,8.15,DAI,108862036,2.82,9.25
2024-09-23,Uniswap V3,Polygon,8.67,USDC,102273932,1.49,7.7
2024-09-23,Uniswap V3,Polygon,6.27,USDT,98972890,1.45,8.42
2024-09-23,Uniswap V3,Polygon,8.74,DAI,100354352,0.98,4.75
2024-09-23,Uniswap V3,Base,7.02,USDC,102336970,3.52,11.29
2024-09-23,Uniswap V3,Base,7.42,USDT,102107447,3.14,12.74
2024-09-23,Uniswap V3,Base,8.44,DAI,104291842,3.62,11.02
2024-09-23,Yearn,Ethereum,3.75,USDC,122079612,58.74,0
2024-09-23,Yearn,Ethereum,4.55,USDT,139979430,38.54,0
2024-09-23,Yearn,Ethereum,3.7,DAI,135040503,54.75,0
2024-09-23,Yearn,Arbitrum,4.92,USDC,122993908,3.7,13.39
2024-09-23,Yearn,Arbitrum,5.79,USDT,134352267,3.29,15.16
2024-09-23,Yearn,Arbitrum,4.86,DAI,121224214,2.29,12.93
2024-09-23,Yearn,Optimism,5.49,USDT,142998682,2.9,8.76
2024-09-23,Yearn,Optimism,5.69,DAI,140015687,2.84,8.89
2024-09-23,Yearn,Polygon,5.37,USDC,134297011,1.43,11.08
2024-09-23,Yearn,Polygon,5.9,USDT,132035560,1.79,8.4
2024-09-23,Yearn,Polygon,5.72,DAI,139934790,0.82,8.51
2024-09-23,Yearn,Base,4.12,USDC,121931465,3.02,10.63
2024-09-23,Yearn,Base,3.77,USDT,125954561,4.67,11.05
2024-09-23,Yearn,Base,5.81,DAI,131561249,3.47,10.73
2024-09-23,Pendle,Ethereum,9.34,USDC,75422771,49.49,0
2024-09-23,Pendle,Ethereum,6.92,USDT,79414561,41.81,0
2024-09-23,Pendle,Ethereum,9.05,DAI,75199218,38.1,0
2024-09-23,Pendle,Arbitrum,10.93,USDC,77450728,3.95,11.45
2024-09-23,Pendle,Arbitrum,11.18,USDT,81683028,3.84,12.27
2024-09-23,Pendle,Arbitrum,8.26,DAI,85119095,2.99,12.42
2024-09-23,Pendle,Optimism,10.42,USDC,84708517,3.75,8.54
2024-09-23,Pendle,Optimism,9.0,USDT,78508327,2.99,9.94
2024-09-23,Pendle,Optimism,6.4,DAI,84075360,3.23,10.72
2024-09-23,Pendle,Base,7.6,USDC,84222371,2.81,9.5
2024-09-23,Pendle,Base,9.93,USDT,85401142,3.86,11.59
2024-09-23,Pendle,Base,10.78,DAI,78523949,3.1,13.84
2024-09-23,Convex,Ethereum,4.85,USDC,142890690,34.84,0
2024-09-23,Convex,Ethereum,4.59,USDT,150013208,28.33,0
2024-09-23,Convex,Ethereum,5.04,DAI,161411341,51.86,0
2024-09-23,Balancer,Ethereum,7.02,USDC,116023361,35.87,0
2024-09-23,Balancer,Ethereum,5.91,USDT,112407052,44.74,0
2024-09-23,Balancer,Ethereum,5.94,DAI,106761231,43.34,0
2024-09-23,Balancer,Arbitrum,7.87,USDT,128367958,3.19,15.03
2024-09-23,Balancer,Arbitrum,7.79,DAI,124417743,4.28,9.97
2024-09-23,Balancer,Optimism,7.52,USDC,126546981,2.54,7.42
2024-09-23,Balancer,Optimism,7.21,USDT,116138144,2.27,9.15
2024-09-23,Balancer,Optimism,7.29,DAI,116081473,3.23,8.93
2024-09-23,Balancer,Polygon,6.72,USDC,117963514,1.7,4.82
2024-09-23,Balancer,Polygon,8.72,USDT,117147762,1.37,6.27
2024-09-23,Balancer,Polygon,8.24,DAI,112112440,1.71,7.09
2024-09-23,Balancer,Base,6.41,USDC,116638973,3.37,8.04
2024-09-23,Balancer,Base,7.31,USDT,118354358,2.98,7.0
2024-09-23,Balancer,Base,6.4,DAI,119979675,3.08,12.82
2024-09-24,Aave,Ethereum,4.06,USDC,276021880,43.68,0
2024-09-24,Aave,Ethereum,3.76,USDT,301237857,34.54,0
2024-09-24,Aave,Ethereum,3.6,DAI,276165308,37.53,0
2024-09-24,Aave,Arbitrum,3.29,USDC,293771081,4.34,17.01
2024-09-24,Aave,Arbitrum,4.15,USDT,260527317,3.54,12.08
2024-09-24,Aave,Arbitrum,4.73,DAI,277523208,4.01,12.17
2024-09-24,Aave,Optimism,3.44,USDC,258390318,3.14,9.37
2024-09-24,Aave,Optimism,4.53,USDT,283525661,2.62,7.87
2024-09-24,Aave,Optimism,4.1,DAI,274785656,2.25,8.59
2024-09-24,Aave,Polygon,5.41,USDC,279843464,1.49,7.35
2024-09-24,Aave,Polygon,4.1,USDT,282830657,0.97,5.04
2024-09-24,Aave,Polygon,4.45,DAI,264998176,1.78,10.0
2024-09-24,Aave,Base,4.89,USDC,268208974,2.95,10.96
2024-09-24,Aave,Base,4.58,USDT,266205704,2.29,8.7
2024-09-24,Aave,Base,4.2,DAI,275533650,3.56,9.33
2024-09-24,Compound,Ethereum,3.46,USDC,198381595,35.51,0
2024-09-24,Compound,Ethereum,3.5,USDT,200634593,33.72,0
2024-09-24,Compound,Ethereum,3.03,DAI,198726193,32.28,0
2024-09-24,Compound,Arbitrum,4.0,USDC,193423810,2.88,14.74
2024-09-24,Compound,Arbitrum,4.48,USDT,202673792,3.3,9.49
2024-09-24,Compound,Arbitrum,4.55,DAI,188185144,2.98,10.77
2024-09-24,Compound,Optimism,3.5,USDC,190546777,2.99,9.82
2024-09-24,Compound,Optimism,4.34,DAI,204912148,3.17,8.99
2024-09-24,Compound,Polygon,4.19,DAI,194872980,1.59,10.19
2024-09-24,Compound,Base,4.44,USDC,201084488,4.09,12.39
2024-09-24,Compound,Base,4.18,USDT,212682025,3.61,14.03
2024-09-24,Compound,Base,2.59,DAI,204200092,3.46,7.84
2024-09-24,Curve,Ethereum,5.13,USDT,350571994,46.05,0
2024-09-24,Curve,Ethereum,5.51,DAI,327294489,38.48,0
2024-09-24,Curve,Arbitrum,6.89,USDC,347054416,3.95,10.33
2024-09-24,Curve,Arbitrum,6.39,USDT,333272834,3.09,11.55
2024-09-24,Curve,Arbitrum,7.32,DAI,345115381,3.35,10.46
2024-09-24,Curve,Optimism,6.86,USDC,336339198,3.17,8.29
2024-09-24,Curve,Optimism,7.76,USDT,327229315,3.58,8.48
2024-09-24,Curve,Optimism,7.62,DAI,320957040,3.51,9.9
2024-09-24,Curve,Polygon,6.52,USDC,306888603,1.86,8.42
2024-09-24,Curve,Polygon,6.07,USDT,350121917,1.35,8.31
2024-09-24,Curve,Polygon,7.65,DAI,344421279,1.02,8.65
2024-09-24,Curve,Base,6.68,USDC,325024929,3.43,9.6
2024-09-24,Curve,Base,7.99,USDT,334879650,3.29,8.58
2024-09-24,Curve,Base,5.99,DAI,351408577,3.32,9.16
2024-09-24,Uniswap V3,Ethereum,6.48,USDC,101825269,30.09,0
2024-09-24,Uniswap V3,Ethereum,5.39,USDT,106221886,37.26,0
2024-09-24,Uniswap V3,Ethereum,7.28,DAI,96803429,44.26,0
2024-09-24,Uniswap V3,Arbitrum,6.37,USDC,105984546,4.93,10.01
2024-09-24,Uniswap V3,Arbitrum,8.24,USDT,106156222,3.54,11.78
2024-09-24,Uniswap V3,Arbitrum,6.28,DAI,103456873,3.88,12.84
2024-09-24,Uniswap V3,Optimism,7.19,USDC,104355841,2.45,8.24
2024-09-24,Uniswap V3,Optimism,7.35,USDT,99603121,3.09,8.04
2024-09-24,Uniswap V3,Optimism,8.04,DAI,100893513,3.9,9.25
2024-09-24,Uniswap V3,Polygon,6.52,USDC,101632993,1.75,8.05
2024-09-24,Uniswap V3,Polygon,7.74,USDT,101711920,1.0,9.79
2024-09-24,Uniswap V3,Polygon,8.92,DAI,105624990,1.38,6.77
2024-09-24,Uniswap V3,Base,8.49,USDC,110375106,2.55,9.85
2024-09-24,Uniswap V3,Base,7.6,DAI,106229741,3.24,7.92
2024-09-24,Yearn,Ethereum,4.88,USDC,134225801,36.96,0
2024-09-24,Yearn,Ethereum,4.99,USDT,132689744,38.3,0
2024-09-24,Yearn,Ethereum,4.38,DAI,135441887,37.48,0
2024-09-24,Yearn,Arbitrum,5.32,USDC,130735665,3.91,11.97
2024-09-24,Yearn,Arbitrum,5.18,USDT,126021452,4.21,10.73
2024-09-24,Yearn,Optimism,5.18,USDC,126206784,2.39,8.46
2024-09-24,Yearn,Optimism,5.84,USDT,136527807,3.32,9.21
2024-09-24,Yearn,Optimism,4.95,DAI,120696197,3.13,7.75
2024-09-24,Yearn,Polygon,5.69,USDT,117535393,1.27,9.0
2024-09-24,Yearn,Polygon,5.58,DAI,140013172,1.51,6.02
2024-09-24,Yearn,Base,5.48,USDT,137876914,3.37,8.74
2024-09-24,Yearn,Base,4.65,DAI,126113030,3.76,12.33
2024-09-24,Pendle,Ethereum,8.37,USDT,80010666,39.14,0
2024-09-24,Pendle,Ethereum,7.07,DAI,81061423,26.63,0
2024-09-24,Pendle,Arbitrum,11.34,USDT,81146051,3.37,15.58
2024-09-24,Pendle,Arbitrum,10.77,DAI,81313996,3.68,11.95
2024-09-24,Pendle,Optimism,10.34,USDC,76448287,3.33,8.34
2024-09-24,Pendle,Optimism,8.8,USDT,77783402,2.75,11.05
2024-09-24,Pendle,Optimism,8.78,DAI,82983550,2.4,9.09
2024-09-24,Pendle,Base,6.69,USDC,85975181,3.23,9.45
2024-09-24,Pendle,Base,11.32,USDT,84260606,3.07,10.56
2024-09-24,Pendle,Base,9.99,DAI,84358527,3.05,11.64
2024-09-24,Convex,Ethereum,4.94,USDC,162855122,45.64,0
2024-09-24,Convex,Ethereum,4.58,USDT,172688366,37.86,0
2024-09-24,Convex,Ethereum,5.16,DAI,155967111,40.04,0
2024-09-24,Balancer,Ethereum,6.61,USDC,120771615,43.5,0
2024-09-24,Balancer,Ethereum,5.81,USDT,121843377,46.44,0
2024-09-24,Balancer,Ethereum,6.0,DAI,124856813,39.4,0
2024-09-24,Balancer,Arbitrum,6.95,USDC,124211349,4.12,11.18
2024-09-24,Balancer,Arbitrum,6.19,USDT,124654834,3.67,9.16
2024-09-24,Balancer,Arbitrum,7.72,DAI,104553170,3.84,10.63
2024-09-24,Balancer,Optimism,7.85,USDC,125922695,2.99,14.62
2024-09-24,Balancer,Optimism,7.07,USDT,115510058,2.81,9.81
2024-09-24,Balancer,Optimism,6.62,DAI,117290487,2.09,7.54
2024-09-24,Balancer,Polygon,7.94,USDC,116197597,1.55,7.98
2024-09-24,Balancer,Polygon,8.27,DAI,120344748,1.1,8.37
2024-09-24,Balancer,Base,6.44,USDT,114072522,3.8,11.23
2024-09-25,Aave,Ethereum,2.84,USDC,283351188,39.66,0
2024-09-25,Aave,Ethereum,4.12,USDT,264739217,43.56,0
2024-09-25,Aave,Ethereum,3.34,DAI,265881834,46.98,0
2024-09-25,Aave,Arbitrum,4.15,USDT,285241324,3.4,17.3
2024-09-25,Aave,Arbitrum,4.77,DAI,272540720,3.11,16.06
2024-09-25,Aave,Optimism,3.67,USDC,277790227,3.08,10.43
2024-09-25,Aave,Optimism,5.15,DAI,275403455,2.19,9.14
2024-09-25,Aave,Polygon,4.53,USDC,274261298,1.26,6.88
2024-09-25,Aave,Polygon,4.79,USDT,269090733,1.83,6.17
2024-09-25,Aave,Polygon,5.29,DAI,263154041,1.64,9.72
2024-09-25,Aave,Base,4.33,USDC,265855367,3.27,10.53
2024-09-25,Aave,Base,4.43,USDT,283559877,3.34,9.23
2024-09-25,Aave,Base,4.08,DAI,260402114,3.2,9.95
2024-09-25,Compound,Ethereum,3.18,USDT,201775413,37.75,0
2024-09-25,Compound,Ethereum,2.82,DAI,207504841,41.78,0
2024-09-25,Compound,Arbitrum,4.42,USDT,206935600,3.37,11.99
2024-09-25,Compound,Arbitrum,4.43,DAI,185855847,3.93,10.94
2024-09-25,Compound,Optimism,3.79,USDC,190484794,2.83,9.28
2024-09-25,Compound,Optimism,3.59,USDT,209390530,2.54,8.33
2024-09-25,Compound,Optimism,4.28,DAI,185153675,2.11,7.21
2024-09-25,Compound,Polygon,5.06,USDC,196111346,1.07,4.31
2024-09-25,Compound,Polygon,4.32,USDT,203241969,1.37,7.92
2024-09-25,Compound,Polygon,3.85,DAI,198387994,1.31,7.21
2024-09-25,Compound,Base,4.81,USDT,198851806,2.85,14.47
2024-09-25,Compound,Base,4.18,DAI,193333393,3.28,9.24
2024-09-25,Curve,Ethereum,4.95,USDC,360065500,43.59,0
2024-09-25,Curve,Ethereum,5.82,USDT,363569587,43.29,0
2024-09-25,Curve,Ethereum,4.88,DAI,353946757,47.82,0
2024-09-25,Curve,Arbitrum,6.85,USDC,340769513,3.86,13.56
2024-09-25,Curve,Arbitrum,7.31,USDT,342607598,3.65,10.88
2024-09-25,Curve,Arbitrum,6.95,DAI,330799817,3.02,14.63
2024-09-25,Curve,Optimism,6.43,USDC,326284821,3.58,9.71
2024-09-25,Curve,Optimism,6.68,USDT,347780974,3.22,8.97
2024-09-25,Curve,Optimism,5.66,DAI,370227163,2.79,8.12
2024-09-25,Curve,Polygon,7.71,USDC,388250385,1.28,7.23
2024-09-25,Curve,Polygon,7.2,USDT,365612805,1.32,7.33
2024-09-25,Curve,Polygon,7.49,DAI,399208937,1.89,8.76
2024-09-25,Curve,Base,8.08,USDC,346320537,3.39,12.44
2024-09-25,Curve,Base,5.73,DAI,362634815,2.81,7.9
2024-09-25,Uniswap V3,Ethereum,7.55,USDC,109129251,37.98,0
2024-09-25,Uniswap V3,Ethereum,6.54,USDT,107700878,30.38,0
2024-09-25,Uniswap V3,Ethereum,5.85,DAI,103091611,29.89,0
2024-09-25,Uniswap V3,Arbitrum,7.75,USDC,108810579,3.1,13.92
2024-09-25,Uniswap V3,Arbitrum,7.72,USDT,105684852,4.62,14.99
2024-09-25,Uniswap V3,Arbitrum,9.21,DAI,96336866,2.97,15.18
2024-09-25,Uniswap V3,Optimism,7.92,USDC,105670901,2.89,10.6
2024-09-25,Uniswap V3,Optimism,6.01,USDT,96357063,3.23,11.97
2024-09-25,Uniswap V3,Optimism,6.91,DAI,104174962,3.17,10.34
2024-09-25,Uniswap V3,Polygon,9.93,USDC,102748101,1.45,9.47
2024-09-25,Uniswap V3,Polygon,8.75,USDT,104755540,1.66,7.38
2024-09-25,Uniswap V3,Polygon,9.81,DAI,101823174,1.35,10.13
2024-09-25,Uniswap V3,Base,9.56,USDC,108168082,3.27,13.08
2024-09-25,Uniswap V3,Base,8.59,USDT,100948223,3.33,15.53
2024-09-25,Uniswap V3,Base,6.89,DAI,107359602,3.31,11.58
2024-09-25,Yearn,Ethereum,5.51,USDT,132418606,36.54,0
2024-09-25,Yearn,Ethereum,4.81,DAI,128811671,36.89,0
2024-09-25,Yearn,Arbitrum,5.27,USDC,137061311,3.22,13.42
2024-09-25,Yearn,Arbitrum,6.86,USDT,131728424,5.88,12.58
2024-09-25,Yearn,Arbitrum,5.79,DAI,135728042,4.66,13.42
2024-09-25,Yearn,Optimism,5.25,USDC,121074121,3.4,10.29
2024-09-25,Yearn,Optimism,4.94,USDT,129226251,2.59,9.76
2024-09-25,Yearn,Optimism,5.02,DAI,137501461,2.41,10.06
2024-09-25,Yearn,Polygon,5.89,USDC,127982839,2.04,6.81
2024-09-25,Yearn,Polygon,6.11,USDT,133984406,1.65,8.01
2024-09-25,Yearn,Polygon,5.86,DAI,138410067,1.49,10.08
2024-09-25,Yearn,Base,4.65,DAI,126069607,3.37,8.01
2024-09-25,Pendle,Ethereum,7.64,USDT,80766138,38.97,0
2024-09-25,Pendle,Ethereum,9.24,DAI,90047757,40.49,0
2024-09-25,Pendle,Arbitrum,11.59,USDC,87115441,3.63,9.55
2024-09-25,Pendle,Arbitrum,11.06,USDT,75002468,2.93,11.38
2024-09-25,Pendle,Arbitrum,8.55,DAI,78931919,3.75,11.42
2024-09-25,Pendle,Optimism,10.33,USDC,80415137,3.11,8.73
2024-09-25,Pendle,Optimism,10.31,USDT,79710302,3.83,9.21
2024-09-25,Pendle,Base,10.64,USDT,84422178,4.41,10.35
2024-09-25,Pendle,Base,10.74,DAI,77198479,2.81,10.7
2024-09-25,Convex,Ethereum,4.62,USDT,161227205,52.77,0
2024-09-25,Convex,Ethereum,5.1,DAI,164659893,42.63,0
2024-09-25,Balancer,Ethereum,6.26,USDC,123404619,56.3,0
2024-09-25,Balancer,Ethereum,7.14,USDT,117142138,53.54,0
2024-09-25,Balancer,Ethereum,5.95,DAI,120430982,34.64,0
2024-09-25,Balancer,Arbitrum,7.97,USDC,126225835,2.84,10.14
2024-09-25,Balancer,Arbitrum,6.89,USDT,118352731,3.09,12.93
2024-09-25,Balancer,Arbitrum,9.46,DAI,116210125,4.93,13.68
2024-09-25,Balancer,Optimism,6.92,USDC,120012610,3.56,11.74
2024-09-25,Balancer,Optimism,6.41,USDT,117486715,3.08,8.52
2024-09-25,Balancer,Optimism,7.72,DAI,121127531,3.15,12.39
2024-09-25,Balancer,Polygon,7.57,USDC,112764052,1.14,9.42
2024-09-25,Balancer,Polygon,7.85,USDT,112018127,1.32,7.92
2024-09-25,Balancer,Polygon,7.05,DAI,132078394,1.47,9.83
2024-09-25,Balancer,Base,6.83,USDC,121026097,3.68,12.04
2024-09-25,Balancer,Base,8.53,USDT,128027265,3.41,12.96
2024-09-25,Balancer,Base,6.67,DAI,122665768,2.84,10.01
2024-09-26,Aave,Ethereum,4.17,USDC,259407389,38.94,0
2024-09-26,Aave,Ethereum,3.4,USDT,289376679,42.94,0
2024-09-26,Aave,Ethereum,3.99,DAI,271316089,37.28,0
2024-09-26,Aave,Arbitrum,4.41,USDC,264943945,3.1,9.62
2024-09-26,Aave,Arbitrum,4.84,USDT,272072692,4.15,7.05
2024-09-26,Aave,Arbitrum,4.36,DAI,295267942,2.69,13.8
2024-09-26,Aave,Optimism,4.57,USDC,291238400,2.93,7.03
2024-09-26,Aave,Optimism,3.52,USDT,252365555,2.29,8.15
2024-09-26,Aave,Polygon,4.57,USDC,268899391,1.79,7.38
2024-09-26,Aave,Polygon,4.13,USDT,271053109,1.98,9.09
2024-09-26,Aave,Polygon,4.72,DAI,264544782,1.91,11.41
2024-09-26,Aave,Base,4.42,USDC,277331582,3.76,7.24
2024-09-26,Aave,Base,4.35,USDT,289351996,3.68,7.89
2024-09-26,Aave,Base,4.74,DAI,283256712,3.5,5.89
2024-09-26,Compound,Ethereum,3.17,USDC,223452708,35.66,0
2024-09-26,Compound,Ethereum,3.49,USDT,208236068,48.68,0
2024-09-26,Compound,Ethereum,3.93,DAI,203653929,56.56,0
2024-09-26,Compound,Arbitrum,4.27,USDC,203463146,3.6,11.47
2024-09-26,Compound,Arbitrum,4.89,USDT,192001316,4.78,10.62
2024-09-26,Compound,Optimism,3.82,USDT,187983158,2.34,6.37
2024-09-26,Compound,Optimism,3.43,DAI,191378240,1.96,8.14
2024-09-26,Compound,Polygon,4.65,USDC,197968128,1.68,8.96
2024-09-26,Compound,Polygon,3.93,USDT,207961252,1.06,5.76
2024-09-26,Compound,Polygon,4.23,DAI,190928460,1.72,7.51
2024-09-26,Compound,Base,3.76,USDC,190433647,3.15,12.48
2024-09-26,Compound,Base,3.75,USDT,202894168,3.43,9.31
2024-09-26,Curve,Ethereum,5.44,USDC,361361194,36.44,0
2024-09-26,Curve,Ethereum,6.76,USDT,363544146,37.43,0
2024-09-26,Curve,Ethereum,5.6,DAI,391755581,50.1,0
2024-09-26,Curve,Arbitrum,6.72,USDC,365254529,3.43,13.05
2024-09-26,Curve,Arbitrum,6.03,DAI,353028669,4.73,6.77
2024-09-26,Curve,Optimism,6.69,USDC,363164350,3.43,9.42
2024-09-26,Curve,Optimism,6.13,USDT,363796272,2.79,9.98
2024-09-26,Curve,Optimism,7.11,DAI,370941963,2.49,9.2
2024-09-26,Curve,Polygon,6.26,USDC,342651676,1.56,9.66
2024-09-26,Curve,Polygon,8.7,USDT,334546691,1.21,5.82
2024-09-26,Curve,Polygon,7.85,DAI,354348924,1.54,6.28
2024-09-26,Curve,Base,6.52,USDC,327708032,4.01,12.24
2024-09-26,Curve,Base,6.74,USDT,386203223,2.34,9.45
2024-09-26,Curve,Base,7.15,DAI,372038168,2.97,11.63
2024-09-26,Uniswap V3,Ethereum,6.24,USDC,113711197,45.47,0
2024-09-26,Uniswap V3,Ethereum,6.8,USDT,106521435,50.48,0
2024-09-26,Uniswap V3,Ethereum,5.73,DAI,110710658,42.2,0
2024-09-26,Uniswap V3,Arbitrum,8.39,USDC,110741792,3.65,9.73
2024-09-26,Uniswap V3,Arbitrum,9.34,USDT,107512679,3.6,12.33
2024-09-26,Uniswap V3,Arbitrum,7.21,DAI,104190916,3.84,10.47
2024-09-26,Uniswap V3,Optimism,7.82,USDC,107486086,2.29,10.99
2024-09-26,Uniswap V3,Optimism,7.18,USDT,104521323,2.57,10.64
2024-09-26,Uniswap V3,Optimism,7.03,DAI,101924945,2.92,8.68
2024-09-26,Uniswap V3,Base,7.02,USDC,121864299,3.66,7.91
2024-09-26,Uniswap V3,Base,7.7,USDT,104528707,3.2,12.66
2024-09-26,Uniswap V3,Base,8.41,DAI,105565918,2.84,11.97
2024-09-26,Yearn,Ethereum,4.51,USDC,133465151,26.35,0
2024-09-26,Yearn,Ethereum,4.34,USDT,140277484,33.71,0
2024-09-26,Yearn,Ethereum,4.75,DAI,142195038,50.11,0
2024-09-26,Yearn,Arbitrum,4.96,USDT,139080786,4.7,16.41
2024-09-26,Yearn,Arbitrum,4.62,DAI,139552231,2.49,12.63
2024-09-26,Yearn,Optimism,5.0,USDC,132101517,3.84,7.03
2024-09-26,Yearn,Optimism,4.55,USDT,132229072,3.8,7.59
2024-09-26,Yearn,Optimism,5.09,DAI,132883644,2.82,9.53
2024-09-26,Yearn,Polygon,5.42,USDC,139627035,1.74,11.06
2024-09-26,Yearn,Polygon,5.59,USDT,142196824,1.63,6.73
2024-09-26,Yearn,Polygon,6.07,DAI,135192063,1.58,8.49
2024-09-26,Yearn,Base,4.87,USDC,135017872,2.56,9.94
2024-09-26,Yearn,Base,5.84,USDT,138555737,3.51,9.19
2024-09-26,Yearn,Base,5.17,DAI,135204429,3.44,11.65
2024-09-26,Pendle,Ethereum,8.2,USDC,87508556,39.64,0
2024-09-26,Pendle,Ethereum,8.88,USDT,88110313,41.83,0
2024-09-26,Pendle,Ethereum,8.39,DAI,84747736,51.3,0
2024-09-26,Pendle,Arbitrum,10.75,USDC,88326857,2.55,9.96
2024-09-26,Pendle,Arbitrum,10.52,USDT,81460254,3.58,16.68
2024-09-26,Pendle,Arbitrum,10.89,DAI,86233768,2.69,10.43
2024-09-26,Pendle,Optimism,9.81,USDC,87226071,3.39,8.72
2024-09-26,Pendle,Base,11.07,USDT,86383129,3.61,10.91
2024-09-26,Convex,Ethereum,4.57,USDC,159418584,59.85,0
2024-09-26,Convex,Ethereum,5.4,USDT,176618454,33.33,0
2024-09-26,Convex,Ethereum,5.11,DAI,159850414,40.0,0
2024-09-26,Balancer,Ethereum,6.66,USDT,121713598,44.92,0
2024-09-26,Balancer,Ethereum,4.45,DAI,115280828,40.54,0
2024-09-26,Balancer,Arbitrum,8.05,USDC,124223887,3.37,11.67
2024-09-26,Balancer,Arbitrum,8.51,DAI,125434695,3.17,11.24
2024-09-26,Balancer,Optimism,6.87,USDC,133938005,1.84,5.75
2024-09-26,Balancer,Optimism,7.06,DAI,128995989,2.51,11.93
2024-09-26,Balancer,Polygon,6.97,USDC,122899410,1.87,6.94
2024-09-26,Balancer,Polygon,8.52,USDT,122426086,2.08,7.98
2024-09-26,Balancer,Polygon,6.73,DAI,124733732,1.27,6.43
2024-09-26,Balancer,Base,8.02,USDC,127356540,3.3,9.04
2024-09-26,Balancer,Base,6.47,USDT,120076900,4.16,11.89
2024-09-26,Balancer,Base,5.66,DAI,122563632,3.63,7.77
2024-09-27,Aave,Ethereum,2.73,USDC,291314321,38.75,0
2024-09-27,Aave,Ethereum,3.15,DAI,287311823,39.06,0
2024-09-27,Aave,Arbitrum,3.74,USDC,260735619,2.55,11.87
2024-09-27,Aave,Arbitrum,4.47,USDT,283775591,3.81,7.13
2024-09-27,Aave,Arbitrum,3.91,DAI,290750997,4.57,11.62
2024-09-27,Aave,Optimism,4.04,USDC,288639084,2.66,9.97
2024-09-27,Aave,Optimism,3.65,USDT,291848756,3.81,6.11
2024-09-27,Aave,Optimism,4.3,DAI,266933198,3.17,7.61
2024-09-27,Aave,Polygon,4.25,USDC,282082178,1.26,7.88
2024-09-27,Aave,Polygon,3.58,USDT,271212471,1.42,8.97
2024-09-27,Aave,Polygon,4.93,DAI,281695402,1.67,9.69
2024-09-27,Aave,Base,3.87,USDC,291608926,3.29,5.36
2024-09-27,Aave,Base,4.65,USDT,260920846,3.11,11.72
2024-09-27,Aave,Base,4.11,DAI,283395808,2.53,7.0
2024-09-27,Compound,Ethereum,3.57,USDC,205300436,39.73,0
2024-09-27,Compound,Ethereum,3.65,USDT,194419812,45.19,0
2024-09-27,Compound,Arbitrum,3.64,USDC,209149637,3.97,13.19
2024-09-27,Compound,Arbitrum,4.12,USDT,212741868,5.07,13.16
2024-09-27,Compound,Arbitrum,4.06,DAI,208471908,2.01,12.72
2024-09-27,Compound,Optimism,3.55,USDC,203235246,2.52,11.08
2024-09-27,Compound,Optimism,3.25,USDT,207549631,3.97,6.23
2024-09-27,Compound,Optimism,3.38,DAI,210781658,3.28,9.86
2024-09-27,Compound,Polygon,3.82,USDC,209616067,1.45,8.82
2024-09-27,Compound,Polygon,4.41,USDT,205644525,1.64,8.15
2024-09-27,Compound,Polygon,4.68,DAI,201981982,1.72,7.43
2024-09-27,Compound,Base,4.12,USDC,207443083,2.94,13.26
2024-09-27,Compound,Base,3.91,USDT,213178303,3.62,12.32
2024-09-27,Compound,Base,4.36,DAI,189886332,3.31,10.86
2024-09-27,Curve,Ethereum,5.44,USDT,371715079,43.52,0
2024-09-27,Curve,Ethereum,4.92,DAI,364855222,40.42,0
2024-09-27,Curve,Arbitrum,6.73,USDC,356676250,2.78,8.34
2024-09-27,Curve,Arbitrum,7.73,USDT,357988697,3.05,13.84
2024-09-27,Curve,Arbitrum,6.71,DAI,335597430,3.64,15.76
2024-09-27,Curve,Optimism,6.82,USDC,338657807,3.23,8.63
2024-09-27,Curve,Optimism,6.35,USDT,351896260,2.81,10.66
2024-09-27,Curve,Optimism,5.85,DAI,371875292,2.03,8.41
2024-09-27,Curve,Polygon,7.04,USDC,364205219,1.76,9.43
2024-09-27,Curve,Polygon,7.96,USDT,359139411,1.37,8.63
2024-09-27,Curve,Polygon,9.33,DAI,351645237,1.01,5.09
2024-09-27,Curve,Base,5.83,USDC,365613788,3.83,7.16
2024-09-27,Curve,Base,8.33,USDT,361820846,4.47,10.66
2024-09-27,Curve,Base,7.71,DAI,384577532,3.52,12.45
2024-09-27,Uniswap V3,Ethereum,7.69,USDT,110098849,57.11,0
2024-09-27,Uniswap V3,Ethereum,6.75,DAI,106334097,49.45,0
2024-09-27,Uniswap V3,Arbitrum,8.27,USDC,109158794,5.42,11.77
2024-09-27,Uniswap V3,Arbitrum,6.41,USDT,103644727,5.1,11.17
2024-09-27,Uniswap V3,Arbitrum,7.46,DAI,106882174,4.81,13.6
2024-09-27,Uniswap V3,Optimism,6.37,USDC,106566737,3.34,6.28
2024-09-27,Uniswap V3,Optimism,6.71,USDT,110352022,2.76,8.5
2024-09-27,Uniswap V3,Optimism,8.27,DAI,106431154,2.87,8.28
2024-09-27,Uniswap V3,Polygon,5.69,USDC,102975988,1.57,9.59
2024-09-27,Uniswap V3,Polygon,8.54,USDT,118828288,1.7,6.45
2024-09-27,Uniswap V3,Polygon,7.51,DAI,112821377,0.88,9.52
2024-09-27,Uniswap V3,Base,7.82,USDC,108333787,3.44,9.66
2024-09-27,Uniswap V3,Base,6.17,USDT,121082565,3.12,8.48
2024-09-27,Uniswap V3,Base,10.1,DAI,105440329,3.19,9.81
2024-09-27,Yearn,Ethereum,4.66,USDC,137561294,49.14,0
2024-09-27,Yearn,Ethereum,3.87,USDT,134402160,29.27,0
2024-09-27,Yearn,Ethereum,3.41,DAI,138726292,32.62,0
2024-09-27,Yearn,Arbitrum,4.65,USDC,135371739,4.79,14.07
2024-09-27,Yearn,Arbitrum,6.52,USDT,136173815,2.5,14.59
2024-09-27,Yearn,Arbitrum,6.3,DAI,137175408,3.33,13.18
2024-09-27,Yearn,Optimism,5.6,USDC,140357427,2.92,10.69
2024-09-27,Yearn,Optimism,4.69,USDT,136729225,2.46,9.74
2024-09-27,Yearn,Optimism,4.71,DAI,135291307,2.69,9.07
2024-09-27,Yearn,Polygon,5.71,USDC,139281283,1.52,8.0
2024-09-27,Yearn,Polygon,6.96,DAI,125685927,1.34,10.17
2024-09-27,Yearn,Base,6.25,USDC,143345947,3.85,11.99
2024-09-27,Yearn,Base,5.25,DAI,140762827,3.52,9.57
2024-09-27,Pendle,Ethereum,9.84,USDC,87231123,43.75,0
2024-09-27,Pendle,Ethereum,10.93,USDT,84513166,56.46,0
2024-09-27,Pendle,Ethereum,9.03,DAI,84942916,39.41,0
2024-09-27,Pendle,Arbitrum,10.05,USDC,88329288,3.29,13.8
2024-09-27,Pendle,Arbitrum,10.84,USDT,86884661,3.51,9.91
2024-09-27,Pendle,Arbitrum,10.61,DAI,84044678,4.39,12.45
2024-09-27,Pendle,Optimism,9.76,USDC,82337831,2.8,9.74
2024-09-27,Pendle,Optimism,7.53,USDT,81001961,2.28,8.95
2024-09-27,Pendle,Optimism,9.26,DAI,87102590,2.8,8.19
2024-09-27,Pendle,Base,12.34,USDC,81217469,4.63,8.03
2024-09-27,Pendle,Base,11.8,USDT,79038976,2.33,9.23
2024-09-27,Pendle,Base,10.13,DAI,85060525,3.16,9.98
2024-09-27,Convex,Ethereum,4.53,USDC,173813948,36.76,0
2024-09-27,Convex,Ethereum,5.35,USDT,174912755,38.06,0
2024-09-27,Balancer,Ethereum,6.57,USDC,110639159,34.45,0
2024-09-27,Balancer,Ethereum,6.14,USDT,124528768,40.74,0
2024-09-27,Balancer,Ethereum,6.12,DAI,131007373,42.4,0
2024-09-27,Balancer,Arbitrum,6.36,USDT,122422843,3.05,13.61
2024-09-27,Balancer,Arbitrum,7.17,DAI,115434425,4.21,12.87
2024-09-27,Balancer,Optimism,6.59,USDC,116839483,2.93,12.27
2024-09-27,Balancer,Optimism,6.37,USDT,124302233,3.29,5.31
2024-09-27,Balancer,Optimism,5.07,DAI,126475644,2.9,8.08
2024-09-27,Balancer,Polygon,7.86,USDC,126275786,1.32,6.39
2024-09-27,Balancer,Polygon,7.07,USDT,127336113,1.41,6.8
2024-09-27,Balancer,Polygon,7.79,DAI,122543104,1.77,5.4
2024-09-27,Balancer,Base,7.48,USDC,129698993,2.99,10.63
2024-09-27,Balancer,Base,7.49,USDT,121732587,2.75,10.38
2024-09-27,Balancer,Base,7.57,DAI,126311196,3.08,10.08
2024-09-28,Aave,Ethereum,3.58,USDC,287200999,31.14,0
2024-09-28,Aave,Ethereum,3.54,USDT,275068082,30.83,0
2024-09-28,Aave,Ethereum,3.15,DAI,307027316,21.34,0
2024-09-28,Aave,Arbitrum,4.38,USDC,301589296,2.03,9.95
2024-09-28,Aave,Arbitrum,3.5,USDT,298041180,2.44,10.03
2024-09-28,Aave,Arbitrum,2.62,DAI,272567330,3.02,11.26
2024-09-28,Aave,Optimism,4.0,USDC,307507460,2.3,4.89
2024-09-28,Aave,Optimism,3.51,USDT,294758746,2.25,9.36
2024-09-28,Aave,Optimism,4.85,DAI,292610804,1.99,8.7
2024-09-28,Aave,Polygon,4.22,USDC,287141471,0.92,9.07
2024-09-28,Aave,Polygon,5.01,USDT,292614085,1.05,6.84
2024-09-28,Aave,Polygon,4.19,DAI,282997007,0.6,8.1
2024-09-28,Aave,Base,3.76,USDC,284234404,2.24,9.67
2024-09-28,Aave,Base,4.41,USDT,278297217,2.41,11.27
2024-09-28,Aave,Base,3.91,DAI,286156286,2.24,9.36
2024-09-28,Compound,Ethereum,2.72,USDC,207561708,25.77,0
2024-09-28,Compound,Ethereum,3.48,USDT,206869823,25.25,0
2024-09-28,Compound,Ethereum,3.47,DAI,216934410,36.93,0
2024-09-28,Compound,Arbitrum,3.4,USDC,203936778,2.37,12.2
2024-09-28,Compound,Arbitrum,4.21,USDT,198398413,1.72,11.93
2024-09-28,Compound,Arbitrum,3.61,DAI,217589809,2.69,11.34
2024-09-28,Compound,Optimism,3.79,USDC,201354375,1.8,7.77
2024-09-28,Compound,Optimism,3.59,USDT,207613559,1.87,6.71
2024-09-28,Compound,Optimism,4.0,DAI,217073322,1.82,12.31
2024-09-28,Compound,Polygon,4.67,USDC,207654159,1.21,8.08
2024-09-28,Compound,Polygon,4.04,USDT,208862839,1.02,10.93
2024-09-28,Compound,Polygon,4.68,DAI,205219868,1.08,11.69
2024-09-28,Compound,Base,4.31,USDC,190082303,2.46,12.17
2024-09-28,Compound,Base,3.74,USDT,211096010,1.99,9.11
2024-09-28,Compound,Base,3.92,DAI,209214415,2.7,11.44
2024-09-28,Curve,Ethereum,5.4,USDC,343681075,32.45,0
2024-09-28,Curve,Ethereum,5.44,USDT,356989249,35.85,0
2024-09-28,Curve,Ethereum,5.94,DAI,376008923,31.03,0
2024-09-28,Curve,Arbitrum,5.93,USDC,386864560,2.12,13.7
2024-09-28,Curve,Arbitrum,6.74,USDT,376149458,2.35,11.14
2024-09-28,Curve,Arbitrum,7.29,DAI,351479914,1.61,8.86
2024-09-28,Curve,Optimism,7.98,USDC,386164944,2.35,9.4
2024-09-28,Curve,Optimism,7.27,USDT,367245423,2.22,10.04
2024-09-28,Curve,Optimism,6.33,DAI,365204030,1.8,8.02
2024-09-28,Curve,Polygon,5.7,USDT,353027145,0.77,11.29
2024-09-28,Curve,Polygon,6.31,DAI,387527828,1.22,9.64
2024-09-28,Curve,Base,8.07,USDC,369308267,2.0,9.71
2024-09-28,Curve,Base,6.32,USDT,376908665,2.57,11.52
2024-09-28,Curve,Base,7.49,DAI,350315294,1.95,13.66
2024-09-28,Uniswap V3,Ethereum,6.33,USDC,105413002,23.38,0
2024-09-28,Uniswap V3,Ethereum,6.2,USDT,103923228,34.29,0
2024-09-28,Uniswap V3,Ethereum,5.57,DAI,103022405,19.05,0
2024-09-28,Uniswap V3,Arbitrum,8.84,USDC,104256862,2.89,7.42
2024-09-28,Uniswap V3,Arbitrum,6.36,USDT,105273625,2.34,10.94
2024-09-28,Uniswap V3,Arbitrum,6.87,DAI,112243933,2.39,10.27
2024-09-28,Uniswap V3,Optimism,7.75,USDC,109569356,1.75,8.92
2024-09-28,Uniswap V3,Optimism,7.76,USDT,115839857,1.64,7.04
2024-09-28,Uniswap V3,Optimism,6.59,DAI,110667170,1.94,9.97
2024-09-28,Uniswap V3,Polygon,7.7,USDC,112429111,0.98,4.17
2024-09-28,Uniswap V3,Polygon,8.84,USDT,110887115,0.97,6.79
2024-09-28,Uniswap V3,Polygon,7.25,DAI,105722341,1.02,8.5
2024-09-28,Uniswap V3,Base,8.56,USDC,100000865,2.27,14.22
2024-09-28,Uniswap V3,Base,7.45,USDT,109420327,2.45,9.1
2024-09-28,Uniswap V3,Base,8.03,DAI,107527533,1.89,11.25
2024-09-28,Yearn,Ethereum,4.99,USDC,137090312,31.24,0
2024-09-28,Yearn,Ethereum,4.44,USDT,146519834,20.97,0
2024-09-28,Yearn,Ethereum,4.83,DAI,132847648,20.98,0
2024-09-28,Yearn,Arbitrum,5.9,USDC,143047283,2.89,11.5
2024-09-28,Yearn,Arbitrum,5.74,DAI,127522806,2.31,10.74
2024-09-28,Yearn,Optimism,6.33,USDC,134397060,2.2,9.03
2024-09-28,Yearn,Optimism,5.04,USDT,144618668,2.29,8.88
2024-09-28,Yearn,Optimism,5.82,DAI,134538098,2.5,6.06
2024-09-28,Yearn,Polygon,5.37,USDC,132904067,0.99,6.71
2024-09-28,Yearn,Polygon,5.31,USDT,136480918,0.76,7.79
2024-09-28,Yearn,Polygon,6.63,DAI,134547813,0.78,9.32
2024-09-28,Yearn,Base,4.28,USDC,128538867,2.3,11.66
2024-09-28,Yearn,Base,5.35,USDT,141834738,1.54,12.51
2024-09-28,Yearn,Base,5.36,DAI,140131927,1.71,9.69
2024-09-28,Pendle,Ethereum,7.97,USDC,93643619,34.26,0
2024-09-28,Pendle,Ethereum,8.98,USDT,85918107,40.9,0
2024-09-28,Pendle,Ethereum,9.08,DAI,86980736,23.4,0
2024-09-28,Pendle,Arbitrum,11.59,USDC,86334993,2.18,12.36
2024-09-28,Pendle,Arbitrum,10.11,USDT,84846507,2.03,11.81
2024-09-28,Pendle,Arbitrum,10.38,DAI,92094204,1.35,13.49
2024-09-28,Pendle,Optimism,11.93,USDC,92965684,2.02,10.67
2024-09-28,Pendle,Optimism,7.32,USDT,85434072,2.2,9.4
2024-09-28,Pendle,Optimism,9.77,DAI,87481320,2.02,9.18
2024-09-28,Pendle,Base,11.26,USDC,85514191,2.1,13.02
2024-09-28,Pendle,Base,9.86,USDT,84658483,2.41,10.04
2024-09-28,Pendle,Base,10.45,DAI,83683671,2.17,10.66
2024-09-28,Convex,Ethereum,4.64,USDC,172242557,23.78,0
2024-09-28,Convex,Ethereum,4.83,USDT,173513341,28.53,0
2024-09-28,Convex,Ethereum,4.69,DAI,176352650,32.36,0
2024-09-28,Balancer,Ethereum,6.36,USDT,126984083,28.83,0
2024-09-28,Balancer,Ethereum,6.94,DAI,128119430,29.28,0
2024-09-28,Balancer,Arbitrum,7.21,USDC,134055543,2.42,9.68
2024-09-28,Balancer,Arbitrum,7.32,USDT,118628928,3.18,13.29
2024-09-28,Balancer,Optimism,7.06,USDC,117423157,1.84,9.44
2024-09-28,Balancer,Optimism,7.3,USDT,126633854,2.07,10.18
2024-09-28,Balancer,Optimism,7.9,DAI,130732037,1.58,7.62
2024-09-28,Balancer,Polygon,8.69,USDC,130371459,0.95,9.28
2024-09-28,Balancer,Polygon,6.98,USDT,130539210,1.03,7.09
2024-09-28,Balancer,Polygon,7.21,DAI,124259248,1.01,7.69
2024-09-28,Balancer,Base,6.48,USDC,136139882,2.14,7.06
2024-09-28,Balancer,Base,7.35,USDT,125554518,2.43,12.19
2024-09-28,Balancer,Base,7.12,DAI,128981403,2.41,11.29
