date,protocol,chain,apy,stablecoin,tvl,gasCost,bridgeFee
2024-07-01,Aave,Ethereum,2.59,USDC,262283642,33.99,0
2024-07-01,Aave,Ethereum,3.07,USDT,241798925,39.35,0
2024-07-01,Aave,Ethereum,2.94,DAI,239415342,59.09,0
2024-07-01,Aave,Arbitrum,3.85,USDC,246621597,3.89,13.62
2024-07-01,Aave,Arbitrum,3.27,USDT,272905889,4.48,11.83
2024-07-01,Aave,Arbitrum,3.6,DAI,232884908,4.28,14.18
2024-07-01,Aave,Optimism,3.82,USDC,242668308,2.86,7.4
2024-07-01,Aave,Optimism,3.14,USDT,235812193,3.18,11.75
2024-07-01,Aave,Optimism,3.87,DAI,238738481,1.85,10.01
2024-07-01,Aave,Polygon,3.5,USDC,260198483,1.39,9.29
2024-07-01,Aave,Polygon,3.52,USDT,227502177,1.55,6.91
2024-07-01,Aave,Polygon,3.68,DAI,257075888,1.6,8.22
2024-07-01,Aave,Base,3.56,USDC,263518794,3.57,11.62
2024-07-01,Aave,Base,3.25,USDT,253993567,2.74,9.72
2024-07-01,Aave,Base,3.73,DAI,238284802,2.98,9.89
2024-07-01,Compound,Ethereum,2.61,USDC,190682467,47.68,0
2024-07-01,Compound,Arbitrum,3.6,USDT,179595992,2.96,13.49
2024-07-01,Compound,Arbitrum,3.44,DAI,181830568,3.74,13.92
2024-07-01,Compound,Optimism,3.09,USDC,189658556,2.42,11.57
2024-07-01,Compound,Optimism,3.06,USDT,185791418,2.76,7.0
2024-07-01,Compound,Optimism,2.88,DAI,174736096,3.07,11.83
2024-07-01,Compound,Polygon,2.97,USDC,187721956,1.46,9.26
2024-07-01,Compound,Polygon,3.65,USDT,187049846,1.44,7.8
2024-07-01,Compound,Polygon,3.83,DAI,191088410,0.72,6.65
2024-07-01,Compound,Base,3.32,USDC,170983003,2.74,9.11
2024-07-01,Compound,Base,3.73,USDT,193992580,3.74,13.02
2024-07-01,Compound,Base,3.23,DAI,184296256,3.3,7.52
2024-07-01,Curve,Ethereum,5.79,USDC,304403632,37.34,0
2024-07-01,Curve,Ethereum,7.18,USDT,318729141,40.85,0
2024-07-01,Curve,Ethereum,6.11,DAI,322070438,43.66,0
2024-07-01,Curve,Arbitrum,5.9,USDC,324860396,4.07,6.71
2024-07-01,Curve,Arbitrum,5.39,DAI,324675177,4.5,13.44
2024-07-01,Curve,Optimism,5.93,USDC,326004928,3.02,9.18
2024-07-01,Curve,Optimism,6.86,DAI,315416753,2.91,8.45
2024-07-01,Curve,Polygon,7.55,USDT,343785327,1.63,8.59
2024-07-01,Curve,Polygon,6.95,DAI,344701285,1.82,7.18
2024-07-01,Curve,Base,6.48,USDC,325560432,3.66,11.04
2024-07-01,Curve,Base,6.86,USDT,301003617,3.31,5.94
2024-07-01,Curve,Base,7.87,DAI,302632649,3.3,7.19
2024-07-01,Uniswap V3,Ethereum,5.51,USDC,89276952,48.48,0
2024-07-01,Uniswap V3,Ethereum,7.36,USDT,97659327,41.0,0
2024-07-01,Uniswap V3,Ethereum,6.66,DAI,97119620,51.42,0
2024-07-01,Uniswap V3,Arbitrum,7.92,USDC,92386484,3.98,13.52
2024-07-01,Uniswap V3,Optimism,7.79,USDC,95071173,2.51,10.43
2024-07-01,Uniswap V3,Optimism,8.57,USDT,98861051,3.58,9.52
2024-07-01,Uniswap V3,Optimism,8.31,DAI,102825562,3.35,11.31
2024-07-01,Uniswap V3,Polygon,8.12,USDC,103405439,1.49,8.44
2024-07-01,Uniswap V3,Polygon,7.96,USDT,98026169,1.35,8.93
2024-07-01,Uniswap V3,Polygon,7.13,DAI,96836821,1.76,6.84
2024-07-01,Uniswap V3,Base,7.84,USDC,104597561,3.77,10.68
2024-07-01,Uniswap V3,Base,8.01,USDT,94435712,3.45,8.61
2024-07-01,Uniswap V3,Base,7.16,DAI,93015097,2.94,9.8
2024-07-01,Yearn,Ethereum,3.73,USDT,119073688,31.53,0
2024-07-01,Yearn,Ethereum,3.55,DAI,115925894,37.65,0
2024-07-01,Yearn,Arbitrum,4.55,USDC,119870369,4.08,13.59
2024-07-01,Yearn,Arbitrum,4.14,USDT,118915772,3.61,13.41
2024-07-01,Yearn,Arbitrum,4.52,DAI,128841265,3.9,15.23
2024-07-01,Yearn,Optimism,4.21,USDC,110042841,3.19,10.17
2024-07-01,Yearn,Optimism,4.56,USDT,122511420,2.6,11.03
2024-07-01,Yearn,Optimism,5.01,DAI,127310096,3.32,8.52
2024-07-01,Yearn,Polygon,5.14,USDC,130485028,1.47,7.37
2024-07-01,Yearn,Polygon,4.41,USDT,125821881,1.69,9.52
2024-07-01,Yearn,Base,4.26,USDC,114653684,3.78,10.85
2024-07-01,Yearn,Base,4.38,USDT,109696671,3.06,7.86
2024-07-01,Yearn,Base,4.93,DAI,115439224,3.14,11.77
2024-07-01,Pendle,Ethereum,9.3,USDC,76679442,43.41,0
2024-07-01,Pendle,Ethereum,8.67,USDT,75299007,40.25,0
2024-07-01,Pendle,Ethereum,8.86,DAI,78944031,37.64,0
2024-07-01,Pendle,Arbitrum,10.24,USDC,70134971,3.6,13.6
2024-07-01,Pendle,Arbitrum,13.28,USDT,82848060,1.77,7.08
2024-07-01,Pendle,Arbitrum,9.19,DAI,72660194,3.7,12.83
2024-07-01,Pendle,Optimism,7.37,USDC,71994221,2.78,7.97
2024-07-01,Pendle,Optimism,9.5,USDT,74239550,3.0,7.95
2024-07-01,Pendle,Optimism,11.18,DAI,70481726,2.77,9.95
2024-07-01,Pendle,Base,13.14,USDC,76293691,3.0,12.31
2024-07-01,Pendle,Base,9.79,USDT,76387397,3.0,13.65
2024-07-01,Pendle,Base,8.81,DAI,71632577,3.68,9.37
2024-07-01,Convex,Ethereum,5.39,USDC,147032580,53.67,0
2024-07-01,Convex,Ethereum,6.46,USDT,135385724,44.68,0
2024-07-01,Convex,Ethereum,4.89,DAI,134845671,33.73,0
2024-07-01,Balancer,Ethereum,5.83,USDT,108964320,44.63,0
2024-07-01,Balancer,Ethereum,5.71,DAI,104139031,49.02,0
2024-07-01,Balancer,Arbitrum,7.83,USDC,102537336,3.76,14.98
2024-07-01,Balancer,Arbitrum,9.17,DAI,110316410,3.87,9.84
2024-07-01,Balancer,Optimism,7.09,USDC,112382452,3.93,4.2
2024-07-01,Balancer,Optimism,6.01,USDT,111090916,2.39,11.06
2024-07-01,Balancer,Optimism,8.14,DAI,109075441,2.5,10.5
2024-07-01,Balancer,Polygon,7.77,USDC,116422714,2.01,8.28
2024-07-01,Balancer,Polygon,7.61,USDT,103279509,1.08,8.45
2024-07-01,Balancer,Polygon,8.34,DAI,100799370,1.51,9.03
2024-07-01,Balancer,Base,8.27,USDC,111200799,2.73,6.42
2024-07-01,Balancer,Base,7.97,USDT,113018910,3.36,9.84
2024-07-01,Balancer,Base,6.15,DAI,109608837,3.86,11.55
2024-07-02,Aave,Ethereum,2.89,USDC,249166220,42.02,0
2024-07-02,Aave,Ethereum,3.1,USDT,260989511,35.73,0
2024-07-02,Aave,Ethereum,3.35,DAI,264694773,50.02,0
2024-07-02,Aave,Arbitrum,3.68,USDC,234363437,2.8,11.85
2024-07-02,Aave,Arbitrum,3.76,DAI,251764041,3.88,13.78
2024-07-02,Aave,Optimism,3.38,USDT,246349812,4.17,11.28
2024-07-02,Aave,Optimism,3.51,DAI,259357088,3.87,8.8
2024-07-02,Aave,Polygon,3.77,USDC,257865016,1.3,4.26
2024-07-02,Aave,Polygon,4.17,USDT,257859797,1.58,13.16
2024-07-02,Aave,Polygon,3.7,DAI,258393984,1.08,6.33
2024-07-02,Aave,Base,3.77,USDC,255688192,3.26,7.41
2024-07-02,Aave,Base,3.36,USDT,252101681,3.62,9.22
2024-07-02,Aave,Base,3.94,DAI,253112879,3.62,12.42
2024-07-02,Compound,Ethereum,2.66,USDC,188556772,55.97,0
2024-07-02,Compound,Ethereum,3.04,USDT,196674946,40.93,0
2024-07-02,Compound,Ethereum,3.34,DAI,200975657,39.83,0
2024-07-02,Compound,Arbitrum,3.3,USDC,177257484,3.9,14.23
2024-07-02,Compound,Arbitrum,3.61,USDT,183455661,4.06,10.39
2024-07-02,Compound,Arbitrum,3.46,DAI,181310223,3.43,12.33
2024-07-02,Compound,Optimism,3.33,USDC,193890264,2.67,10.54
2024-07-02,Compound,Optimism,3.18,USDT,199462057,2.9,7.18
2024-07-02,Compound,Polygon,3.56,USDC,173802849,1.32,8.99
2024-07-02,Compound,Polygon,3.63,USDT,183122870,1.11,10.98
2024-07-02,Compound,Polygon,3.98,DAI,188603207,1.28,9.86
2024-07-02,Compound,Base,3.23,USDC,175654279,3.49,10.85
2024-07-02,Compound,Base,3.36,USDT,187234659,3.58,14.8
2024-07-02,Compound,Base,3.24,DAI,179621516,2.79,13.87
2024-07-02,Curve,Ethereum,5.79,USDC,314117347,42.77,0
2024-07-02,Curve,Ethereum,6.38,USDT,326274561,43.54,0
2024-07-02,Curve,Ethereum,6.14,DAI,348091627,40.77,0
2024-07-02,Curve,Arbitrum,5.74,USDC,339313486,2.95,15.53
2024-07-02,Curve,Arbitrum,7.35,DAI,306857304,2.42,13.54
2024-07-02,Curve,Optimism,5.97,USDC,354453501,2.76,4.69
2024-07-02,Curve,Optimism,6.42,USDT,301728839,2.77,7.12
2024-07-02,Curve,Optimism,7.64,DAI,294048422,3.21,9.82
2024-07-02,Curve,Polygon,8.19,USDC,292172495,1.58,7.44
2024-07-02,Curve,Polygon,8.43,USDT,335760931,1.23,6.86
2024-07-02,Curve,Polygon,7.72,DAI,332497253,1.0,9.99
2024-07-02,Curve,Base,7.06,USDC,294735612,3.28,10.56
2024-07-02,Curve,Base,7.05,DAI,339728066,3.35,11.19
2024-07-02,Uniswap V3,Ethereum,6.48,USDT,102662425,40.75,0
2024-07-02,Uniswap V3,Ethereum,6.76,DAI,98293923,41.75,0
2024-07-02,Uniswap V3,Arbitrum,7.49,USDC,98783316,4.71,12.75
2024-07-02,Uniswap V3,Arbitrum,7.22,USDT,100400331,2.63,16.3
2024-07-02,Uniswap V3,Arbitrum,7.98,DAI,97195124,3.48,9.92
2024-07-02,Uniswap V3,Optimism,8.84,USDT,90332937,3.23,10.18
2024-07-02,Uniswap V3,Optimism,7.2,DAI,87516841,3.32,8.56
2024-07-02,Uniswap V3,Polygon,8.82,USDC,92221965,1.75,10.36
2024-07-02,Uniswap V3,Polygon,8.22,USDT,99464360,1.38,7.49
2024-07-02,Uniswap V3,Polygon,9.29,DAI,90144000,1.16,7.43
2024-07-02,Uniswap V3,Base,5.83,USDC,93576771,3.84,10.29
2024-07-02,Uniswap V3,Base,9.59,DAI,99038598,4.13,11.26
2024-07-02,Yearn,Ethereum,3.55,USDC,125752993,53.18,0
2024-07-02,Yearn,Ethereum,3.28,DAI,130487615,35.82,0
2024-07-02,Yearn,Arbitrum,5.04,USDC,121000271,2.93,13.43
2024-07-02,Yearn,Arbitrum,4.16,USDT,109133866,4.51,12.76
2024-07-02,Yearn,Arbitrum,4.69,DAI,127696080,2.14,11.92
2024-07-02,Yearn,Optimism,4.76,USDC,120570832,3.26,10.51
2024-07-02,Yearn,Optimism,4.75,DAI,119015059,3.34,9.57
2024-07-02,Yearn,Polygon,4.5,USDC,113946418,1.82,7.37
2024-07-02,Yearn,Polygon,4.78,USDT,121400499,1.66,8.74
2024-07-02,Yearn,Polygon,5.28,DAI,120216954,1.72,5.04
2024-07-02,Yearn,Base,4.03,USDC,121589929,4.34,10.82
2024-07-02,Yearn,Base,4.51,USDT,112037302,4.17,9.12
2024-07-02,Yearn,Base,4.85,DAI,118710847,3.79,11.34
2024-07-02,Pendle,Ethereum,7.65,USDC,83339993,27.71,0
2024-07-02,Pendle,Ethereum,7.37,USDT,74923373,44.88,0
2024-07-02,Pendle,Arbitrum,9.94,USDC,81595932,3.9,10.25
2024-07-02,Pendle,Optimism,9.53,USDC,69604987,2.8,9.97
2024-07-02,Pendle,Optimism,8.12,DAI,78097282,3.53,8.36
2024-07-02,Pendle,Base,12.17,USDC,76326397,3.05,9.38
2024-07-02,Pendle,Base,11.57,DAI,78426227,2.71,2.54
2024-07-02,Convex,Ethereum,6.38,USDC,154111764,34.51,0
2024-07-02,Convex,Ethereum,4.64,USDT,157538129,42.22,0
2024-07-02,Convex,Ethereum,5.3,DAI,145186916,38.43,0
2024-07-02,Balancer,Ethereum,4.79,USDC,111863543,50.88,0
2024-07-02,Balancer,Ethereum,6.76,USDT,127900432,46.15,0
2024-07-02,Balancer,Ethereum,6.52,DAI,112749149,49.23,0
2024-07-02,Balancer,Arbitrum,6.85,USDC,113835822,4.91,9.53
2024-07-02,Balancer,Arbitrum,6.71,USDT,111474452,4.35,11.97
2024-07-02,Balancer,Arbitrum,7.09,DAI,113498730,3.05,14.31
2024-07-02,Balancer,Optimism,7.23,USDC,114813352,2.87,8.9
2024-07-02,Balancer,Optimism,7.16,DAI,104719317,2.95,8.52
2024-07-02,Balancer,Polygon,6.81,USDC,109447871,1.58,7.48
2024-07-02,Balancer,Polygon,9.08,DAI,100775869,1.64,7.22
2024-07-02,Balancer,Base,8.49,USDC,116829737,4.68,8.11
2024-07-02,Balancer,Base,8.51,USDT,106723527,2.98,9.25
2024-07-02,Balancer,Base,7.81,DAI,101643230,2.94,9.89
2024-07-03,Aave,Ethereum,3.54,USDC,237243033,45.11,0
2024-07-03,Aave,Ethereum,2.74,DAI,257676742,52.33,0
2024-07-03,Aave,Arbitrum,3.8,USDC,252730250,3.52,8.82
2024-07-03,Aave,Arbitrum,3.73,USDT,267242363,5.05,10.95
2024-07-03,Aave,Arbitrum,3.31,DAI,259261536,3.2,9.29
2024-07-03,Aave,Optimism,3.16,USDC,258490197,3.31,8.59
2024-07-03,Aave,Optimism,3.35,USDT,251029800,2.23,10.8
2024-07-03,Aave,Polygon,4.01,USDC,268077761,1.68,7.32
2024-07-03,Aave,Polygon,3.64,USDT,263936516,1.45,6.97
2024-07-03,Aave,Polygon,3.92,DAI,262742884,1.2,5.29
2024-07-03,Aave,Base,3.87,USDC,270526297,3.45,11.01
2024-07-03,Aave,Base,3.84,USDT,272658768,2.86,8.8
2024-07-03,Aave,Base,3.71,DAI,262193850,3.19,8.71
2024-07-03,Compound,Ethereum,2.91,USDC,197414716,36.24,0
2024-07-03,Compound,Ethereum,2.94,USDT,205261420,44.61,0
2024-07-03,Compound,Ethereum,2.84,DAI,190022189,34.79,0
2024-07-03,Compound,Arbitrum,3.74,USDC,183674586,4.68,14.11
2024-07-03,Compound,Arbitrum,3.51,USDT,186115712,3.43,13.61
2024-07-03,Compound,Arbitrum,3.56,DAI,187628287,3.27,11.68
2024-07-03,Compound,Optimism,3.11,USDC,188450013,2.82,8.26
2024-07-03,Compound,Optimism,2.92,USDT,186464712,4.33,9.15
2024-07-03,Compound,Optimism,3.47,DAI,215381717,3.55,10.88
2024-07-03,Compound,Polygon,3.54,USDC,173095138,1.88,6.41
2024-07-03,Compound,Polygon,3.52,USDT,197262868,1.3,7.05
2024-07-03,Compound,Base,3.94,USDC,181221281,3.55,12.82
2024-07-03,Compound,Base,3.38,USDT,184395463,3.38,10.66
2024-07-03,Curve,Ethereum,6.64,USDC,318210636,51.09,0
2024-07-03,Curve,Ethereum,5.82,USDT,333742007,37.9,0
2024-07-03,Curve,Ethereum,6.4,DAI,333551355,37.44,0
2024-07-03,Curve,Arbitrum,6.45,USDC,344935410,4.71,5.79
2024-07-03,Curve,Arbitrum,7.95,USDT,342284291,4.71,16.09
2024-07-03,Curve,Optimism,6.67,USDC,366937721,3.35,7.52
2024-07-03,Curve,Optimism,7.59,DAI,323771021,2.27,7.65
2024-07-03,Curve,Polygon,9.2,USDC,333955641,1.49,7.28
2024-07-03,Curve,Polygon,7.75,USDT,323388917,1.53,8.01
2024-07-03,Curve,Polygon,6.91,DAI,332544697,1.3,8.16
2024-07-03,Curve,Base,7.38,USDC,357856973,3.14,7.05
2024-07-03,Curve,Base,6.8,USDT,315712751,3.14,9.99
2024-07-03,Curve,Base,7.14,DAI,329108617,3.48,12.45
2024-07-03,Uniswap V3,Ethereum,5.39,USDC,93053419,48.06,0
2024-07-03,Uniswap V3,Ethereum,6.16,USDT,90118486,42.11,0
2024-07-03,Uniswap V3,Ethereum,5.53,DAI,104725128,31.13,0
2024-07-03,Uniswap V3,Arbitrum,7.95,USDC,101383187,2.71,9.67
2024-07-03,Uniswap V3,Arbitrum,7.99,USDT,95081533,4.2,8.19
2024-07-03,Uniswap V3,Arbitrum,8.03,DAI,100804634,3.52,9.91
2024-07-03,Uniswap V3,Optimism,7.68,USDC,94969305,2.8,9.09
2024-07-03,Uniswap V3,Optimism,9.0,USDT,97764090,3.75,8.75
2024-07-03,Uniswap V3,Optimism,7.53,DAI,105488360,3.19,8.07
2024-07-03,Uniswap V3,Polygon,8.86,USDC,97217524,1.32,9.5
2024-07-03,Uniswap V3,Polygon,9.87,USDT,102868471,1.77,8.09
2024-07-03,Uniswap V3,Polygon,6.66,DAI,96345374,1.24,7.2
2024-07-03,Uniswap V3,Base,7.79,USDC,94278111,3.09,11.31
2024-07-03,Uniswap V3,Base,10.06,USDT,98450408,3.53,8.56
2024-07-03,Uniswap V3,Base,7.01,DAI,96821318,2.93,10.25
2024-07-03,Yearn,Ethereum,3.75,USDC,125580454,48.16,0
2024-07-03,Yearn,Arbitrum,4.7,USDC,127851804,2.88,6.65
2024-07-03,Yearn,Arbitrum,4.59,USDT,118524761,3.64,17.01
2024-07-03,Yearn,Arbitrum,4.71,DAI,118891164,3.04,11.54
2024-07-03,Yearn,Optimism,4.09,USDC,125906985,2.48,10.31
2024-07-03,Yearn,Optimism,4.55,USDT,132505792,2.65,9.32
2024-07-03,Yearn,Optimism,4.64,DAI,118284686,2.54,7.83
2024-07-03,Yearn,Polygon,5.04,USDC,129574884,1.27,11.72
2024-07-03,Yearn,Polygon,4.6,USDT,124071881,1.12,9.49
2024-07-03,Yearn,Polygon,4.56,DAI,127249284,1.6,9.33
2024-07-03,Yearn,Base,4.56,USDC,123514458,4.15,10.9
2024-07-03,Yearn,Base,4.18,USDT,132976423,3.37,9.67
2024-07-03,Yearn,Base,4.27,DAI,127955159,2.35,9.95
2024-07-03,Pendle,Ethereum,7.75,USDC,82151413,31.78,0
2024-07-03,Pendle,Ethereum,8.6,USDT,75891233,49.76,0
2024-07-03,Pendle,Ethereum,9.4,DAI,83046627,55.1,0
2024-07-03,Pendle,Arbitrum,11.18,USDT,78431392,2.91,7.47
2024-07-03,Pendle,Arbitrum,10.11,DAI,73168464,1.93,10.8
2024-07-03,Pendle,Optimism,8.66,USDC,77089155,3.57,7.91
2024-07-03,Pendle,Optimism,8.56,USDT,71684606,2.88,9.13
2024-07-03,Pendle,Base,10.8,USDC,81084957,3.24,11.67
2024-07-03,Pendle,Base,11.75,USDT,75569370,2.95,12.86
2024-07-03,Pendle,Base,11.11,DAI,81487852,2.73,8.3
2024-07-03,Convex,Ethereum,5.81,USDT,148183723,39.85,0
2024-07-03,Convex,Ethereum,6.06,DAI,150051227,39.53,0
2024-07-03,Balancer,Ethereum,5.98,USDC,117981458,52.91,0
2024-07-03,Balancer,Ethereum,7.8,USDT,115749567,44.3,0
2024-07-03,Balancer,Ethereum,5.36,DAI,106830275,42.52,0
2024-07-03,Balancer,Arbitrum,7.16,USDC,123181292,3.77,10.21
2024-07-03,Balancer,Arbitrum,5.38,USDT,118149266,3.38,11.07
2024-07-03,Balancer,Arbitrum,7.59,DAI,117865165,3.25,14.2
2024-07-03,Balancer,Optimism,8.09,USDC,114503154,3.4,9.49
2024-07-03,Balancer,Optimism,7.33,USDT,117095524,3.07,7.77
2024-07-03,Balancer,Optimism,7.61,DAI,124048149,2.23,8.34
2024-07-03,Balancer,Polygon,7.97,USDC,120793270,1.71,10.92
2024-07-03,Balancer,Polygon,7.53,USDT,124783234,1.33,8.35
2024-07-03,Balancer,Polygon,8.43,DAI,118008245,1.63,7.89
2024-07-03,Balancer,Base,7.06,USDC,108172023,2.91,10.06
2024-07-03,Balancer,Base,6.87,USDT,119150213,4.06,9.83
2024-07-04,Aave,Ethereum,3.19,USDC,286647960,51.23,0
2024-07-04,Aave,Ethereum,2.8,USDT,284237829,39.07,0
2024-07-04,Aave,Ethereum,2.99,DAI,255855611,43.82,0
2024-07-04,Aave,Arbitrum,3.71,USDC,287642653,4.57,14.07
2024-07-04,Aave,Arbitrum,3.93,USDT,264275730,3.73,13.41
2024-07-04,Aave,Arbitrum,4.32,DAI,273581658,3.82,9.93
2024-07-04,Aave,Optimism,3.63,USDC,255446408,4.07,7.55
2024-07-04,Aave,Optimism,3.79,USDT,277067888,2.38,9.04
2024-07-04,Aave,Optimism,3.46,DAI,270876678,2.83,11.42
2024-07-04,Aave,Polygon,4.19,USDC,278909870,1.14,7.31
2024-07-04,Aave,Polygon,4.09,USDT,269807352,1.43,8.83
2024-07-04,Aave,Polygon,4.54,DAI,285481987,1.03,8.3
2024-07-04,Aave,Base,3.88,USDC,264356343,3.24,11.48
2024-07-04,Aave,Base,3.43,USDT,254069251,3.46,7.51
2024-07-04,Aave,Base,3.8,DAI,262640155,2.8,10.26
2024-07-04,Compound,Ethereum,2.65,USDT,183359175,36.91,0
2024-07-04,Compound,Ethereum,2.88,DAI,203581078,37.57,0
2024-07-04,Compound,Arbitrum,3.43,USDC,179395108,3.27,11.97
2024-07-04,Compound,Arbitrum,3.43,USDT,189952200,3.8,8.83
2024-07-04,Compound,Arbitrum,3.31,DAI,188493094,2.57,10.49
2024-07-04,Compound,Optimism,3.65,USDC,192209715,2.25,9.18
2024-07-04,Compound,Optimism,3.35,USDT,203237708,2.98,7.74
2024-07-04,Compound,Optimism,3.53,DAI,189231674,2.96,6.57
2024-07-04,Compound,Polygon,3.5,USDC,205542916,1.09,7.95
2024-07-04,Compound,Polygon,3.77,USDT,199975659,0.99,7.02
2024-07-04,Compound,Polygon,3.77,DAI,197052438,0.85,7.51
2024-07-04,Compound,Base,3.72,USDC,178805442,2.96,12.59
2024-07-04,Compound,Base,3.81,DAI,199284094,3.29,10.38
2024-07-04,Curve,Ethereum,5.4,USDC,385808560,28.94,0
2024-07-04,Curve,Ethereum,6.42,USDT,324536832,36.19,0
2024-07-04,Curve,Ethereum,5.81,DAI,342371626,43.73,0
2024-07-04,Curve,Arbitrum,7.89,USDC,315258781,3.68,14.33
2024-07-04,Curve,Arbitrum,8.29,USDT,346354327,4.96,12.01
2024-07-04,Curve,Arbitrum,7.5,DAI,355197953,3.92,10.52
2024-07-04,Curve,Optimism,7.07,USDC,321754829,3.53,9.38
2024-07-04,Curve,Optimism,6.08,USDT,325946937,2.37,10.02
2024-07-04,Curve,Optimism,7.51,DAI,357653971,3.36,11.22
2024-07-04,Curve,Polygon,9.07,USDC,335007623,1.79,6.89
2024-07-04,Curve,Polygon,6.36,USDT,337065439,1.68,8.75
2024-07-04,Curve,Base,8.05,USDC,344980961,3.39,11.42
2024-07-04,Curve,Base,7.95,USDT,330037612,2.83,7.28
2024-07-04,Curve,Base,6.78,DAI,351426213,2.83,9.71
2024-07-04,Uniswap V3,Ethereum,5.98,USDC,95165412,62.07,0
2024-07-04,Uniswap V3,Ethereum,6.79,USDT,97468740,42.63,0
2024-07-04,Uniswap V3,Ethereum,4.71,DAI,104971584,30.67,0
2024-07-04,Uniswap V3,Arbitrum,7.16,USDC,102155694,2.97,14.94
2024-07-04,Uniswap V3,Arbitrum,5.3,USDT,102951744,4.17,10.46
2024-07-04,Uniswap V3,Arbitrum,8.61,DAI,101617738,3.65,14.41
2024-07-04,Uniswap V3,Optimism,7.53,USDC,103598109,3.11,9.57
2024-07-04,Uniswap V3,Optimism,8.86,USDT,97085774,3.31,10.68
2024-07-04,Uniswap V3,Optimism,9.07,DAI,104917248,2.79,8.33
2024-07-04,Uniswap V3,Polygon,9.92,USDC,102548486,1.32,5.4
2024-07-04,Uniswap V3,Polygon,8.53,USDT,108929255,1.12,9.49
2024-07-04,Uniswap V3,Polygon,10.86,DAI,102348278,1.46,9.33
2024-07-04,Uniswap V3,Base,6.85,USDC,110098427,3.92,12.43
2024-07-04,Uniswap V3,Base,6.73,DAI,100122027,4.15,11.19
2024-07-04,Yearn,Ethereum,3.92,USDC,129799363,34.51,0
2024-07-04,Yearn,Ethereum,3.62,USDT,125694368,36.55,0
2024-07-04,Yearn,Ethereum,3.91,DAI,125707709,45.94,0
2024-07-04,Yearn,Arbitrum,4.67,USDT,130075861,3.48,14.18
2024-07-04,Yearn,Arbitrum,4.62,DAI,125157741,3.29,12.86
2024-07-04,Yearn,Optimism,4.25,DAI,123674638,3.07,8.76
2024-07-04,Yearn,Polygon,5.37,USDC,131377796,1.69,10.34
2024-07-04,Yearn,Polygon,4.76,USDT,122177045,1.16,7.23
2024-07-04,Yearn,Base,4.62,USDC,135211938,2.93,10.91
2024-07-04,Yearn,Base,4.52,USDT,126058149,3.71,5.53
2024-07-04,Yearn,Base,4.63,DAI,123651048,2.69,9.7
2024-07-04,Pendle,Ethereum,10.57,USDC,71341891,23.37,0
2024-07-04,Pendle,Ethereum,9.02,USDT,74051371,30.32,0
2024-07-04,Pendle,Ethereum,10.88,DAI,80216074,40.31,0
2024-07-04,Pendle,Arbitrum,10.42,USDC,86019266,4.05,13.09
2024-07-04,Pendle,Arbitrum,9.15,USDT,83437249,3.67,13.1
2024-07-04,Pendle,Arbitrum,10.03,DAI,74616922,4.33,15.31
2024-07-04,Pendle,Optimism,8.78,USDC,79231559,2.67,10.26
2024-07-04,Pendle,Optimism,8.31,USDT,81742357,3.3,8.63
2024-07-04,Pendle,Optimism,6.36,DAI,75025495,2.79,7.46
2024-07-04,Pendle,Base,8.94,USDC,73611199,3.49,12.91
2024-07-04,Pendle,Base,9.88,USDT,78592769,3.45,11.69
2024-07-04,Convex,Ethereum,5.49,USDC,165458378,35.32,0
2024-07-04,Convex,Ethereum,4.83,USDT,151093818,51.6,0
2024-07-04,Convex,Ethereum,5.81,DAI,169103292,34.1,0
2024-07-04,Balancer,Ethereum,5.59,USDC,115406774,31.52,0
2024-07-04,Balancer,Ethereum,6.23,USDT,111704170,50.42,0
2024-07-04,Balancer,Ethereum,5.38,DAI,115314212,49.25,0
2024-07-04,Balancer,Arbitrum,8.94,USDC,122313491,4.82,11.3
2024-07-04,Balancer,Arbitrum,7.54,USDT,120913432,4.04,13.08
2024-07-04,Balancer,Optimism,6.03,USDC,114155182,3.11,7.71
2024-07-04,Balancer,Optimism,7.05,USDT,120580781,3.9,7.98
2024-07-04,Balancer,Optimism,8.36,DAI,113650241,2.38,7.49
2024-07-04,Balancer,Polygon,8.29,USDC,121123285,1.83,6.7
2024-07-04,Balancer,Polygon,9.65,USDT,114384708,1.35,7.51
2024-07-04,Balancer,Polygon,7.83,DAI,113985121,1.86,9.29
2024-07-04,Balancer,Base,7.45,USDC,118835884,3.41,10.38
2024-07-04,Balancer,Base,7.8,DAI,115648180,2.77,12.83
2024-07-05,Aave,Ethereum,2.91,USDC,285508519,36.25,0
2024-07-05,Aave,Ethereum,2.88,USDT,275106765,39.0,0
2024-07-05,Aave,Ethereum,3.25,DAI,269033427,38.97,0
2024-07-05,Aave,Arbitrum,3.4,USDC,269173503,3.38,11.69
2024-07-05,Aave,Arbitrum,4.07,USDT,267117645,2.82,8.45
2024-07-05,Aave,Optimism,3.68,USDT,273335788,3.31,6.94
2024-07-05,Aave,Optimism,3.52,DAI,274449797,2.84,10.91
2024-07-05,Aave,Polygon,3.69,USDC,267791884,1.86,7.97
2024-07-05,Aave,Polygon,3.95,USDT,270569741,1.07,4.25
2024-07-05,Aave,Polygon,3.65,DAI,248384475,1.4,8.23
2024-07-05,Aave,Base,3.88,USDC,271569537,3.38,8.39
2024-07-05,Aave,Base,3.68,USDT,257867952,3.36,8.65
2024-07-05,Aave,Base,3.69,DAI,273921516,3.08,11.38
2024-07-05,Compound,Ethereum,2.68,USDC,182565680,38.94,0
2024-07-05,Compound,Ethereum,2.78,USDT,183389969,44.57,0
2024-07-05,Compound,Ethereum,2.66,DAI,188718315,48.65,0
2024-07-05,Compound,Arbitrum,3.23,USDT,182036264,3.62,14.57
2024-07-05,Compound,Optimism,3.09,DAI,205193820,2.99,9.92
2024-07-05,Compound,Polygon,3.47,USDC,198037069,1.2,6.42
2024-07-05,Compound,Polygon,3.36,USDT,202227834,1.91,6.46
2024-07-05,Compound,Polygon,3.73,DAI,195990539,0.73,5.62
2024-07-05,Compound,Base,3.44,USDC,189721051,3.19,8.44
2024-07-05,Compound,Base,3.44,USDT,192932881,3.82,11.86
2024-07-05,Compound,Base,3.83,DAI,194608345,3.12,8.37
2024-07-05,Curve,Ethereum,7.29,USDT,352470040,31.38,0
2024-07-05,Curve,Ethereum,5.73,DAI,364871505,48.25,0
2024-07-05,Curve,Arbitrum,6.78,USDC,365307169,3.98,13.54
2024-07-05,Curve,Arbitrum,9.18,USDT,326203309,4.03,14.01
2024-07-05,Curve,Arbitrum,7.46,DAI,327054245,3.95,18.73
2024-07-05,Curve,Optimism,6.59,USDC,363706193,3.35,11.46
2024-07-05,Curve,Optimism,6.23,USDT,332296087,2.9,12.26
2024-07-05,Curve,Optimism,6.27,DAI,377077579,3.36,7.06
2024-07-05,Curve,Polygon,6.59,USDC,345820760,1.51,8.85
2024-07-05,Curve,Polygon,7.96,USDT,334931642,1.13,9.4
2024-07-05,Curve,Polygon,7.2,DAI,321723945,1.33,6.09
2024-07-05,Curve,Base,6.59,USDC,369661496,3.73,9.67
2024-07-05,Curve,Base,7.51,DAI,372342486,3.58,9.16
2024-07-05,Uniswap V3,Ethereum,7.21,USDT,107499088,34.73,0
2024-07-05,Uniswap V3,Ethereum,7.21,DAI,104163450,33.82,0
2024-07-05,Uniswap V3,Arbitrum,7.32,USDC,90366409,3.8,10.51
2024-07-05,Uniswap V3,Arbitrum,9.65,USDT,108764771,3.16,12.73
2024-07-05,Uniswap V3,Arbitrum,8.62,DAI,103387635,4.05,9.56
2024-07-05,Uniswap V3,Optimism,7.02,USDC,113982701,3.88,11.05
2024-07-05,Uniswap V3,Optimism,6.76,USDT,103954798,3.3,8.89
2024-07-05,Uniswap V3,Optimism,6.78,DAI,98572872,3.82,9.47
2024-07-05,Uniswap V3,Polygon,7.63,USDC,103626457,1.53,7.32
2024-07-05,Uniswap V3,Polygon,9.03,USDT,107330297,1.39,8.5
2024-07-05,Uniswap V3,Polygon,7.92,DAI,96743712,0.85,7.35
2024-07-05,Uniswap V3,Base,7.12,USDC,97929614,3.81,10.0
2024-07-05,Uniswap V3,Base,7.37,USDT,105190001,3.88,10.85
2024-07-05,Uniswap V3,Base,7.67,DAI,102849083,2.55,12.64
2024-07-05,Yearn,Ethereum,3.44,USDC,125717185,39.46,0
2024-07-05,Yearn,Ethereum,3.64,USDT,128799618,42.8,0
2024-07-05,Yearn,Ethereum,3.82,DAI,139804238,46.37,0
2024-07-05,Yearn,Arbitrum,4.72,USDC,132224591,3.66,15.56
2024-07-05,Yearn,Arbitrum,4.1,USDT,136524348,4.38,14.09
2024-07-05,Yearn,Arbitrum,4.4,DAI,126499038,3.87,8.96
2024-07-05,Yearn,Optimism,4.45,USDC,131034895,2.73,6.74
2024-07-05,Yearn,Optimism,4.43,USDT,128259119,3.46,10.02
2024-07-05,Yearn,Optimism,4.02,DAI,130681108,3.19,11.41
2024-07-05,Yearn,Polygon,4.34,USDC,134709174,1.38,3.68
2024-07-05,Yearn,Polygon,4.26,DAI,121418561,1.32,7.63
2024-07-05,Yearn,Base,4.46,USDC,137242382,3.15,7.85
2024-07-05,Yearn,Base,4.68,USDT,128674683,3.74,10.54
2024-07-05,Yearn,Base,4.55,DAI,121574401,3.93,9.74
2024-07-05,Pendle,Ethereum,8.58,USDC,77583438,44.12,0
2024-07-05,Pendle,Ethereum,8.38,USDT,80120556,35.05,0
2024-07-05,Pendle,Ethereum,8.41,DAI,82648509,46.96,0
2024-07-05,Pendle,Arbitrum,8.71,USDC,82680032,3.34,11.6
2024-07-05,Pendle,Arbitrum,10.43,USDT,81002037,2.9,10.82
2024-07-05,Pendle,Arbitrum,9.92,DAI,79486719,3.37,12.1
2024-07-05,Pendle,Optimism,11.32,USDC,83335783,3.83,11.37
2024-07-05,Pendle,Optimism,11.27,USDT,82627837,3.24,9.38
2024-07-05,Pendle,Optimism,9.65,DAI,79472122,2.9,8.89
2024-07-05,Pendle,Base,10.37,USDC,76574451,3.78,8.15
2024-07-05,Pendle,Base,11.17,USDT,74914895,3.59,10.16
2024-07-05,Pendle,Base,9.69,DAI,79532765,3.08,10.33
2024-07-05,Convex,Ethereum,5.29,USDC,154122525,50.96,0
2024-07-05,Convex,Ethereum,4.8,DAI,156973494,44.34,0
2024-07-05,Balancer,Ethereum,6.46,USDC,114030172,36.87,0
2024-07-05,Balancer,Ethereum,6.18,USDT,111345671,50.92,0
2024-07-05,Balancer,Ethereum,6.44,DAI,112153553,44.27,0
2024-07-05,Balancer,Arbitrum,8.12,USDC,110275730,5.12,11.38
2024-07-05,Balancer,Arbitrum,6.77,USDT,117399671,2.37,7.96
2024-07-05,Balancer,Arbitrum,8.75,DAI,120692979,4.1,11.94
2024-07-05,Balancer,Optimism,6.97,USDC,111694316,2.53,9.41
2024-07-05,Balancer,Optimism,8.26,USDT,116493298,3.4,7.47
2024-07-05,Balancer,Polygon,8.18,USDC,124775318,0.89,6.53
2024-07-05,Balancer,Polygon,8.81,USDT,121647306,1.49,8.33
2024-07-05,Balancer,Polygon,9.38,DAI,120835447,1.12,8.42
2024-07-05,Balancer,Base,7.28,USDC,113417093,2.94,9.83
2024-07-05,Balancer,Base,8.64,USDT,115592132,3.08,13.43
2024-07-05,Balancer,Base,7.6,DAI,102001063,3.47,12.3
2024-07-06,Aave,Ethereum,3.09,USDC,253753376,32.26,0
2024-07-06,Aave,Ethereum,2.7,USDT,295079700,26.84,0
2024-07-06,Aave,Ethereum,3.1,DAI,288314811,30.61,0
2024-07-06,Aave,Arbitrum,4.04,USDC,287129675,2.32,12.88
2024-07-06,Aave,Arbitrum,3.72,USDT,269333102,2.62,16.62
2024-07-06,Aave,Arbitrum,3.35,DAI,272029635,2.94,11.57
2024-07-06,Aave,Optimism,3.76,USDC,273553213,2.41,10.16
2024-07-06,Aave,Optimism,3.29,USDT,271003374,1.68,8.98
2024-07-06,Aave,Optimism,3.38,DAI,263687196,1.63,8.37
2024-07-06,Aave,Polygon,4.39,USDC,261725860,1.1,8.68
2024-07-06,Aave,Polygon,3.39,USDT,274631563,1.23,7.75
2024-07-06,Aave,Polygon,3.73,DAI,297121194,0.93,8.42
2024-07-06,Aave,Base,3.5,USDC,282960290,2.38,10.71
2024-07-06,Aave,Base,3.6,USDT,277118721,2.18,12.26
2024-07-06,Aave,Base,3.49,DAI,281995914,2.07,11.81
2024-07-06,Compound,Ethereum,2.95,USDC,185315765,26.78,0
2024-07-06,Compound,Ethereum,3.07,USDT,206137790,31.3,0
2024-07-06,Compound,Ethereum,2.67,DAI,215098860,33.19,0
2024-07-06,Compound,Arbitrum,3.4,USDC,189498523,2.4,10.32
2024-07-06,Compound,Arbitrum,3.24,USDT,207013574,2.19,11.85
2024-07-06,Compound,Arbitrum,3.05,DAI,184231314,2.69,12.99
2024-07-06,Compound,Optimism,3.4,USDC,210594825,2.0,8.66
2024-07-06,Compound,Polygon,3.74,USDC,219285038,1.17,6.74
2024-07-06,Compound,Polygon,3.76,USDT,186177503,0.73,4.92
2024-07-06,Compound,Polygon,3.6,DAI,205936850,1.24,11.08
2024-07-06,Compound,Base,3.26,USDC,217708900,1.99,5.6
2024-07-06,Compound,Base,3.12,USDT,205332395,1.97,9.36
2024-07-06,Compound,Base,3.47,DAI,204987401,1.93,9.46
2024-07-06,Curve,Ethereum,5.6,USDC,318560289,30.26,0
2024-07-06,Curve,Ethereum,6.1,USDT,332728682,33.3,0
2024-07-06,Curve,Ethereum,6.59,DAI,374945927,21.08,0
2024-07-06,Curve,Arbitrum,6.8,USDC,335511244,3.45,10.62
2024-07-06,Curve,Arbitrum,6.13,USDT,329291606,1.89,13.91
2024-07-06,Curve,Arbitrum,7.84,DAI,322360525,2.0,11.15
2024-07-06,Curve,Optimism,7.2,USDC,361448588,2.19,10.5
2024-07-06,Curve,Optimism,7.56,USDT,384444698,2.64,11.74
2024-07-06,Curve,Optimism,6.74,DAI,363660436,1.73,9.36
2024-07-06,Curve,Polygon,6.63,USDC,365591127,0.68,9.85
2024-07-06,Curve,Polygon,7.85,USDT,342286973,1.01,6.7
2024-07-06,Curve,Polygon,8.04,DAI,334236381,0.86,6.81
2024-07-06,Curve,Base,6.44,USDC,331956891,2.27,9.06
2024-07-06,Curve,Base,7.53,USDT,343727313,2.23,11.87
2024-07-06,Curve,Base,5.14,DAI,374903812,2.04,13.73
2024-07-06,Uniswap V3,Ethereum,6.71,USDC,103092730,33.51,0
2024-07-06,Uniswap V3,Ethereum,6.42,DAI,101042025,22.92,0
2024-07-06,Uniswap V3,Arbitrum,7.31,USDC,97735442,3.32,12.94
2024-07-06,Uniswap V3,Arbitrum,9.04,USDT,106827964,2.52,10.64
2024-07-06,Uniswap V3,Arbitrum,7.34,DAI,109095613,2.26,11.64
2024-07-06,Uniswap V3,Optimism,7.02,USDC,100805019,2.17,9.59
2024-07-06,Uniswap V3,Optimism,6.8,USDT,103917580,1.81,8.13
2024-07-06,Uniswap V3,Optimism,9.21,DAI,106492041,1.99,6.86
2024-07-06,Uniswap V3,Polygon,9.03,USDC,94491889,1.22,9.78
2024-07-06,Uniswap V3,Polygon,7.87,USDT,99466593,0.88,7.13
2024-07-06,Uniswap V3,Polygon,6.98,DAI,110931563,1.12,11.03
2024-07-06,Uniswap V3,Base,7.1,USDC,105126215,2.73,6.84
2024-07-06,Uniswap V3,Base,8.39,USDT,105260989,1.99,11.58
2024-07-06,Uniswap V3,Base,8.95,DAI,106965394,2.5,11.18
2024-07-06,Yearn,Ethereum,3.69,USDC,133218859,27.48,0
2024-07-06,Yearn,Ethereum,4.0,DAI,131147880,31.69,0
2024-07-06,Yearn,Arbitrum,4.14,USDC,132858866,2.44,9.98
2024-07-06,Yearn,Arbitrum,4.58,USDT,117035245,2.34,15.25
2024-07-06,Yearn,Arbitrum,4.35,DAI,126843079,2.44,14.82
2024-07-06,Yearn,Optimism,4.42,USDT,137021959,2.11,7.28
2024-07-06,Yearn,Optimism,4.23,DAI,122824356,1.83,8.39
2024-07-06,Yearn,Polygon,4.5,USDC,118706959,1.22,10.24
2024-07-06,Yearn,Polygon,4.68,USDT,130843157,1.18,7.75
2024-07-06,Yearn,Polygon,4.32,DAI,125051348,0.81,7.05
2024-07-06,Yearn,Base,4.46,USDC,136541779,2.8,11.48
2024-07-06,Yearn,Base,4.13,USDT,136076125,1.78,7.68
2024-07-06,Yearn,Base,4.75,DAI,137369108,2.68,10.83
2024-07-06,Pendle,Ethereum,7.05,USDC,80817932,23.12,0
2024-07-06,Pendle,Ethereum,8.42,USDT,80508798,25.45,0
2024-07-06,Pendle,Ethereum,9.06,DAI,85317142,36.55,0
2024-07-06,Pendle,Arbitrum,13.24,USDC,88622794,2.64,11.83
2024-07-06,Pendle,Arbitrum,12.56,USDT,93318012,2.99,7.72
2024-07-06,Pendle,Arbitrum,11.66,DAI,87322511,2.1,11.12
2024-07-06,Pendle,Optimism,9.09,USDC,85185601,1.59,5.65
2024-07-06,Pendle,Optimism,8.94,USDT,83329669,1.78,9.96
2024-07-06,Pendle,Optimism,9.85,DAI,83832981,1.88,4.88
2024-07-06,Pendle,Base,8.23,USDC,84291310,2.11,11.67
2024-07-06,Pendle,Base,9.83,USDT,85598467,2.09,9.18
2024-07-06,Pendle,Base,11.38,DAI,83051259,1.94,10.48
2024-07-06,Convex,Ethereum,5.57,USDC,166657363,20.38,0
2024-07-06,Convex,Ethereum,5.64,USDT,164413224,31.87,0
2024-07-06,Convex,Ethereum,4.78,DAI,164173486,27.91,0
2024-07-06,Balancer,Ethereum,7.85,USDC,119167703,28.15,0
2024-07-06,Balancer,Ethereum,6.42,USDT,113568403,26.5,0
2024-07-06,Balancer,Ethereum,5.82,DAI,122786350,18.07,0
2024-07-06,Balancer,Arbitrum,6.77,USDC,118339869,2.54,17.8
2024-07-06,Balancer,Arbitrum,7.12,USDT,115910175,1.53,13.02
2024-07-06,Balancer,Arbitrum,9.09,DAI,124376733,1.91,12.21
2024-07-06,Balancer,Optimism,6.68,USDC,113273740,2.23,10.74
2024-07-06,Balancer,Optimism,6.55,USDT,120375620,2.1,8.08
2024-07-06,Balancer,Optimism,8.23,DAI,117628725,1.71,9.31
2024-07-06,Balancer,Polygon,8.87,USDC,123824925,0.8,6.7
2024-07-06,Balancer,Polygon,9.06,USDT,102485617,0.94,10.72
2024-07-06,Balancer,Polygon,8.46,DAI,108228906,1.15,10.57
2024-07-06,Balancer,Base,8.66,USDC,113880529,2.36,11.22
2024-07-06,Balancer,Base,7.14,USDT,128008949,2.43,10.67
2024-07-06,Balancer,Base,6.28,DAI,127801405,2.11,7.87
2024-07-07,Aave,Ethereum,2.95,USDC,285005371,32.36,0
2024-07-07,Aave,Ethereum,3.11,USDT,275544794,17.25,0
2024-07-07,Aave,Ethereum,3.12,DAI,285894327,26.45,0
2024-07-07,Aave,Arbitrum,3.59,USDC,258665595,2.04,9.9
2024-07-07,Aave,Arbitrum,3.66,USDT,248446065,1.87,9.37
2024-07-07,Aave,Arbitrum,3.22,DAI,288293380,2.18,11.89
2024-07-07,Aave,Optimism,3.2,USDC,263484382,1.7,4.59
2024-07-07,Aave,Optimism,3.51,USDT,274932620,1.79,9.56
2024-07-07,Aave,Optimism,3.59,DAI,299802977,1.69,8.68
2024-07-07,Aave,Polygon,3.79,USDC,276605745,0.58,8.61
2024-07-07,Aave,Polygon,4.13,USDT,235707818,0.95,10.23
2024-07-07,Aave,Polygon,3.91,DAI,298052797,0.86,6.64
2024-07-07,Aave,Base,3.39,USDT,265673256,2.21,8.31
2024-07-07,Aave,Base,3.41,DAI,273558802,2.37,13.21
2024-07-07,Compound,Ethereum,2.8,USDC,199748381,31.37,0
2024-07-07,Compound,Ethereum,2.7,USDT,193980250,26.6,0
2024-07-07,Compound,Ethereum,2.72,DAI,193946034,24.3,0
2024-07-07,Compound,Arbitrum,3.55,USDC,199928166,2.03,7.74
2024-07-07,Compound,Arbitrum,3.29,USDT,186580616,2.41,9.54
2024-07-07,Compound,Arbitrum,3.48,DAI,201798321,3.16,8.48
2024-07-07,Compound,Optimism,3.26,USDC,204935720,2.06,8.7
2024-07-07,Compound,Optimism,3.38,USDT,198164761,2.35,8.37
2024-07-07,Compound,Polygon,3.44,USDC,203251347,0.95,6.96
2024-07-07,Compound,Polygon,3.35,USDT,200427803,1.43,8.51
2024-07-07,Compound,Polygon,3.78,DAI,175240673,0.99,6.7
2024-07-07,Compound,Base,3.68,USDC,205569528,2.63,7.1
2024-07-07,Compound,Base,3.82,USDT,205849498,1.94,10.92
2024-07-07,Compound,Base,3.69,DAI,209641563,2.31,11.57
2024-07-07,Curve,Ethereum,5.39,USDC,350082216,32.85,0
2024-07-07,Curve,Ethereum,5.52,USDT,363322440,26.77,0
2024-07-07,Curve,Ethereum,6.23,DAI,374338292,28.81,0
2024-07-07,Curve,Arbitrum,6.65,USDC,375302836,2.43,11.56
2024-07-07,Curve,Arbitrum,6.99,USDT,326532501,1.78,10.36
2024-07-07,Curve,Arbitrum,5.33,DAI,360116976,2.33,9.91
2024-07-07,Curve,Optimism,8.18,USDC,330891295,1.77,7.12
2024-07-07,Curve,Optimism,7.81,DAI,366389540,2.58,10.37
2024-07-07,Curve,Polygon,7.92,USDC,341911938,0.97,10.19
2024-07-07,Curve,Polygon,8.76,USDT,334103305,1.08,8.65
2024-07-07,Curve,Polygon,6.2,DAI,341601236,1.03,7.75
2024-07-07,Curve,Base,7.14,USDC,360977253,2.39,10.06
2024-07-07,Curve,Base,5.66,USDT,375793600,2.1,12.81
2024-07-07,Curve,Base,6.8,DAI,350286834,2.1,9.34
2024-07-07,Uniswap V3,Ethereum,6.53,USDC,103008809,31.53,0
2024-07-07,Uniswap V3,Ethereum,6.04,USDT,107254900,22.1,0
2024-07-07,Uniswap V3,Ethereum,5.82,DAI,101517060,31.4,0
2024-07-07,Uniswap V3,Arbitrum,8.37,USDC,100853648,1.97,7.54
2024-07-07,Uniswap V3,Arbitrum,8.57,USDT,98010498,1.25,12.92
2024-07-07,Uniswap V3,Arbitrum,8.83,DAI,104153161,2.83,10.43
2024-07-07,Uniswap V3,Optimism,7.65,USDC,104669175,2.56,8.68
2024-07-07,Uniswap V3,Optimism,9.19,USDT,103907908,2.53,9.18
2024-07-07,Uniswap V3,Optimism,6.67,DAI,108817703,2.79,9.79
2024-07-07,Uniswap V3,Polygon,10.88,USDT,108090239,1.11,9.32
2024-07-07,Uniswap V3,Polygon,7.93,DAI,97980770,1.23,8.88
2024-07-07,Uniswap V3,Base,6.93,USDC,99185186,2.63,8.41
2024-07-07,Uniswap V3,Base,9.6,USDT,104992609,2.52,8.94
2024-07-07,Uniswap V3,Base,8.07,DAI,100984159,1.76,7.06
2024-07-07,Yearn,Ethereum,3.63,USDC,131225599,27.12,0
2024-07-07,Yearn,Ethereum,3.82,USDT,132963676,31.42,0
2024-07-07,Yearn,Ethereum,3.98,DAI,132259959,24.09,0
2024-07-07,Yearn,Arbitrum,4.66,USDC,134294556,2.22,10.93
2024-07-07,Yearn,Arbitrum,4.9,USDT,128717589,1.99,12.05
2024-07-07,Yearn,Arbitrum,4.84,DAI,140383656,2.33,11.43
2024-07-07,Yearn,Optimism,4.37,USDC,133373037,1.9,6.26
2024-07-07,Yearn,Optimism,4.52,USDT,138170586,1.07,9.92
2024-07-07,Yearn,Optimism,3.87,DAI,139490449,2.32,9.02
2024-07-07,Yearn,Polygon,4.36,USDC,146681903,1.14,6.26
2024-07-07,Yearn,Polygon,4.47,USDT,137409479,1.01,10.39
2024-07-07,Yearn,Base,4.07,USDC,132462140,2.47,10.05
2024-07-07,Yearn,Base,4.45,USDT,131419538,2.29,10.51
2024-07-07,Yearn,Base,4.19,DAI,139945029,3.03,11.99
2024-07-07,Pendle,Ethereum,10.17,USDC,79227362,29.3,0
2024-07-07,Pendle,Ethereum,8.13,USDT,79812324,27.78,0
2024-07-07,Pendle,Ethereum,8.64,DAI,85509763,33.78,0
2024-07-07,Pendle,Arbitrum,7.84,USDC,84261831,1.53,12.69
2024-07-07,Pendle,Arbitrum,8.79,USDT,84874861,1.6,11.61
2024-07-07,Pendle,Arbitrum,11.49,DAI,80878130,2.19,12.92
2024-07-07,Pendle,Optimism,9.76,USDC,82739484,1.8,12.02
2024-07-07,Pendle,Optimism,10.55,DAI,76481387,1.98,6.73
2024-07-07,Pendle,Base,10.65,USDC,80068550,2.47,8.09
2024-07-07,Pendle,Base,12.01,USDT,84568852,1.96,7.38
2024-07-07,Pendle,Base,8.59,DAI,83218314,2.05,8.33
2024-07-07,Convex,Ethereum,5.35,USDC,169795646,37.05,0
2024-07-07,Convex,Ethereum,6.16,DAI,160807417,22.09,0
2024-07-07,Balancer,Ethereum,5.76,USDC,127229362,26.93,0
2024-07-07,Balancer,Ethereum,6.58,USDT,113107206,26.62,0
2024-07-07,Balancer,Ethereum,6.48,DAI,120281177,18.82,0
2024-07-07,Balancer,Arbitrum,8.41,USDC,117872057,3.12,15.61
2024-07-07,Balancer,Arbitrum,7.99,USDT,122686197,2.55,10.8
2024-07-07,Balancer,Optimism,6.52,USDT,127532690,2.03,9.63
2024-07-07,Balancer,Optimism,7.09,DAI,122045331,1.73,10.04
2024-07-07,Balancer,Polygon,8.73,USDC,121206581,1.01,5.17
2024-07-07,Balancer,Polygon,7.54,USDT,128706442,0.84,6.87
2024-07-07,Balancer,Polygon,7.46,DAI,123165474,1.24,9.14
2024-07-07,Balancer,Base,7.67,USDC,116583791,1.76,10.48
2024-07-07,Balancer,Base,7.23,DAI,128053894,2.38,8.5
2024-07-08,Aave,Ethereum,2.64,USDC,272456751,39.79,0
2024-07-08,Aave,Ethereum,3.12,USDT,260989461,34.35,0
2024-07-08,Aave,Ethereum,3.06,DAI,304111396,46.28,0
2024-07-08,Aave,Arbitrum,3.31,USDC,282118500,2.89,6.19
2024-07-08,Aave,Arbitrum,3.66,DAI,277212156,3.93,14.41
2024-07-08,Aave,Optimism,4.08,USDC,292581824,2.52,5.5
2024-07-08,Aave,Optimism,3.47,USDT,272701847,2.74,9.42
2024-07-08,Aave,Optimism,3.56,DAI,294295331,4.02,6.48
2024-07-08,Aave,Polygon,4.18,USDC,277444126,1.41,5.03
2024-07-08,Aave,Polygon,4.15,USDT,296508833,1.41,10.34
2024-07-08,Aave,Base,3.56,USDC,269434940,3.85,11.7
2024-07-08,Aave,Base,4.22,USDT,271671110,3.77,11.21
2024-07-08,Aave,Base,4.2,DAI,263454666,3.02,8.74
2024-07-08,Compound,Ethereum,3.19,USDC,194901330,46.71,0
2024-07-08,Compound,Ethereum,2.75,USDT,191864484,33.98,0
2024-07-08,Compound,Ethereum,2.87,DAI,209375740,27.54,0
2024-07-08,Compound,Arbitrum,3.44,USDC,210467797,2.83,12.23
2024-07-08,Compound,Arbitrum,3.82,USDT,202498221,4.03,13.91
2024-07-08,Compound,Arbitrum,3.67,DAI,194508892,4.13,8.72
2024-07-08,Compound,Optimism,3.43,USDC,194638302,2.95,11.37
2024-07-08,Compound,Optimism,3.58,USDT,207909683,3.28,8.21
2024-07-08,Compound,Optimism,3.41,DAI,197769264,3.68,7.87
2024-07-08,Compound,Polygon,3.93,USDC,197966467,1.01,8.97
2024-07-08,Compound,Polygon,3.51,DAI,198269339,1.17,11.54
2024-07-08,Compound,Base,3.42,USDC,191485631,3.73,10.18
2024-07-08,Compound,Base,3.61,USDT,217041164,3.5,9.1
2024-07-08,Compound,Base,3.37,DAI,196542219,3.54,12.63
2024-07-08,Curve,Ethereum,6.54,USDC,363684779,41.78,0
2024-07-08,Curve,Ethereum,5.82,USDT,360924801,40.91,0
2024-07-08,Curve,Ethereum,7.66,DAI,342345226,28.36,0
2024-07-08,Curve,Arbitrum,6.47,USDC,343604799,3.54,13.32
2024-07-08,Curve,Arbitrum,7.15,USDT,341044793,3.95,14.31
2024-07-08,Curve,Arbitrum,7.78,DAI,359163033,3.8,7.99
2024-07-08,Curve,Optimism,7.19,USDC,374485600,2.17,6.3
2024-07-08,Curve,Optimism,7.59,USDT,345315165,2.14,9.45
2024-07-08,Curve,Optimism,8.25,DAI,361348837,2.64,10.16
2024-07-08,Curve,Polygon,7.48,USDC,374320512,1.49,7.86
2024-07-08,Curve,Polygon,7.13,USDT,368908026,1.55,9.18
2024-07-08,Curve,Polygon,7.78,DAI,342980113,1.93,7.84
2024-07-08,Curve,Base,7.18,USDC,337822463,3.84,9.81
2024-07-08,Curve,Base,7.98,USDT,396959274,3.58,7.9
2024-07-08,Curve,Base,7.32,DAI,348099381,3.25,9.53
2024-07-08,Uniswap V3,Ethereum,6.02,USDC,102454548,43.24,0
2024-07-08,Uniswap V3,Ethereum,7.07,USDT,110342235,48.53,0
2024-07-08,Uniswap V3,Ethereum,7.3,DAI,101268714,49.11,0
2024-07-08,Uniswap V3,Arbitrum,8.47,USDT,104968128,3.86,12.2
2024-07-08,Uniswap V3,Arbitrum,9.0,DAI,107517564,4.47,15.29
2024-07-08,Uniswap V3,Optimism,7.21,USDC,108380385,3.39,7.55
2024-07-08,Uniswap V3,Optimism,8.18,USDT,114514996,3.19,4.94
2024-07-08,Uniswap V3,Optimism,9.28,DAI,107142205,3.21,9.36
2024-07-08,Uniswap V3,Polygon,8.5,USDC,105108607,1.31,7.17
2024-07-08,Uniswap V3,Polygon,8.08,USDT,105497146,1.2,10.42
2024-07-08,Uniswap V3,Polygon,8.55,DAI,104744978,1.36,5.48
2024-07-08,Uniswap V3,Base,7.44,USDC,102993863,3.12,11.92
2024-07-08,Uniswap V3,Base,9.59,DAI,104089130,3.77,9.42
2024-07-08,Yearn,Ethereum,3.78,USDC,130258631,40.81,0
2024-07-08,Yearn,Ethereum,3.94,DAI,137993820,46.37,0
2024-07-08,Yearn,Arbitrum,4.63,USDT,138842147,2.28,18.86
2024-07-08,Yearn,Optimism,3.94,USDC,137740800,2.63,10.15
2024-07-08,Yearn,Optimism,4.75,USDT,132507090,2.69,5.71
2024-07-08,Yearn,Optimism,4.47,DAI,139889902,2.64,12.12
2024-07-08,Yearn,Polygon,4.98,USDC,133457437,1.63,6.63
2024-07-08,Yearn,Polygon,5.01,USDT,127384272,1.66,7.51
2024-07-08,Yearn,Polygon,5.19,DAI,138329842,1.45,8.79
2024-07-08,Yearn,Base,4.45,USDC,143166550,3.69,9.83
2024-07-08,Yearn,Base,5.55,USDT,128483693,4.25,9.29
2024-07-08,Pendle,Ethereum,8.52,USDC,85195207,54.85,0
2024-07-08,Pendle,Ethereum,9.25,USDT,83206112,42.68,0
2024-07-08,Pendle,Ethereum,7.91,DAI,79510123,41.66,0
2024-07-08,Pendle,Arbitrum,8.42,USDC,89244315,4.19,12.03
2024-07-08,Pendle,Arbitrum,10.15,USDT,80873759,2.95,9.64
2024-07-08,Pendle,Arbitrum,10.81,DAI,88634270,4.22,11.7
2024-07-08,Pendle,Optimism,9.7,USDC,85822509,3.25,9.22
2024-07-08,Pendle,Optimism,9.1,USDT,88419339,3.29,10.59
2024-07-08,Pendle,Optimism,11.39,DAI,82636955,2.98,9.05
2024-07-08,Pendle,Base,10.65,USDC,90368708,3.89,9.37
2024-07-08,Pendle,Base,10.66,USDT,83065492,3.48,11.5
2024-07-08,Pendle,Base,11.88,DAI,85036683,3.21,13.34
2024-07-08,Convex,Ethereum,5.41,USDC,170888453,41.84,0
2024-07-08,Convex,Ethereum,5.18,USDT,165126479,43.45,0
2024-07-08,Convex,Ethereum,5.95,DAI,165227722,37.09,0
2024-07-08,Balancer,Ethereum,6.35,USDT,120880235,38.38,0
2024-07-08,Balancer,Ethereum,6.33,DAI,125267396,49.98,0
2024-07-08,Balancer,Arbitrum,8.82,USDC,124292660,3.35,10.69
2024-07-08,Balancer,Arbitrum,8.12,USDT,113676197,3.23,16.0
2024-07-08,Balancer,Arbitrum,8.81,DAI,119092389,2.48,14.25
2024-07-08,Balancer,Optimism,7.63,USDC,112644127,3.08,7.3
2024-07-08,Balancer,Optimism,7.38,USDT,118957598,3.59,11.0
2024-07-08,Balancer,Optimism,8.35,DAI,125261446,3.06,8.69
2024-07-08,Balancer,Polygon,9.07,USDC,114545268,1.34,10.45
2024-07-08,Balancer,Polygon,8.82,USDT,124603066,1.42,7.52
2024-07-08,Balancer,Polygon,9.46,DAI,128902448,1.45,6.82
2024-07-08,Balancer,Base,7.35,USDT,116792270,3.9,9.21
2024-07-08,Balancer,Base,8.25,DAI,122322639,3.0,11.62
2024-07-09,Aave,Ethereum,3.27,USDC,266402464,38.52,0
2024-07-09,Aave,Ethereum,3.35,USDT,297999755,51.3,0
2024-07-09,Aave,Ethereum,3.16,DAI,271936637,50.17,0
2024-07-09,Aave,Arbitrum,3.71,USDC,280663160,3.51,11.56
2024-07-09,Aave,Arbitrum,3.73,USDT,283641778,5.3,15.9
2024-07-09,Aave,Arbitrum,3.97,DAI,266582398,4.25,8.36
2024-07-09,Aave,Optimism,3.61,USDC,273024807,2.99,7.52
2024-07-09,Aave,Polygon,4.31,USDC,280527533,0.86,6.58
2024-07-09,Aave,Polygon,3.85,USDT,276491508,1.85,8.41
2024-07-09,Aave,Polygon,4.22,DAI,291324446,1.39,7.52
2024-07-09,Aave,Base,4.29,USDT,293628154,3.11,8.89
2024-07-09,Aave,Base,4.29,DAI,275847296,2.69,11.33
2024-07-09,Compound,Ethereum,3.2,USDC,204000777,42.54,0
2024-07-09,Compound,Ethereum,3.07,USDT,193200572,49.49,0
2024-07-09,Compound,Ethereum,3.11,DAI,206733519,33.6,0
2024-07-09,Compound,Arbitrum,3.44,USDC,184850036,5.5,10.36
2024-07-09,Compound,Arbitrum,3.7,USDT,210195964,3.45,9.54
2024-07-09,Compound,Arbitrum,3.43,DAI,201508579,2.78,9.12
2024-07-09,Compound,Optimism,3.44,USDT,196963469,2.24,8.08
2024-07-09,Compound,Polygon,4.06,USDC,208830158,1.12,8.61
2024-07-09,Compound,Polygon,4.01,USDT,203698274,1.62,9.7
2024-07-09,Compound,Base,3.71,USDC,215711128,3.44,8.93
2024-07-09,Compound,Base,3.65,USDT,205964357,3.21,11.79
2024-07-09,Compound,Base,3.45,DAI,202858290,3.0,12.59
2024-07-09,Curve,Ethereum,7.07,USDC,352343431,60.36,0
2024-07-09,Curve,Ethereum,6.59,DAI,358501284,43.59,0
2024-07-09,Curve,Arbitrum,7.17,USDT,354374367,3.88,8.99
2024-07-09,Curve,Arbitrum,8.19,DAI,352934764,3.41,14.88
2024-07-09,Curve,Optimism,6.72,USDC,421385218,3.58,10.3
2024-07-09,Curve,Optimism,7.16,DAI,343320169,2.58,8.0
2024-07-09,Curve,Polygon,6.34,USDC,359566869,1.25,8.27
2024-07-09,Curve,Polygon,8.92,USDT,355839528,1.2,7.77
2024-07-09,Curve,Polygon,6.98,DAI,350810648,1.18,7.14
2024-07-09,Curve,Base,8.0,USDC,389842713,3.68,11.22
2024-07-09,Curve,Base,8.89,USDT,377546242,3.08,12.6
2024-07-09,Curve,Base,6.42,DAI,377369771,4.03,9.5
2024-07-09,Uniswap V3,Ethereum,6.62,USDC,114401814,58.12,0
2024-07-09,Uniswap V3,Ethereum,7.31,USDT,102255106,56.27,0
2024-07-09,Uniswap V3,Ethereum,7.69,DAI,101539897,39.72,0
2024-07-09,Uniswap V3,Arbitrum,8.32,USDC,111503381,2.6,15.62
2024-07-09,Uniswap V3,Arbitrum,8.03,USDT,100272666,3.45,9.36
2024-07-09,Uniswap V3,Arbitrum,8.29,DAI,103045598,2.0,11.35
2024-07-09,Uniswap V3,Optimism,7.91,USDC,107693482,3.82,12.8
2024-07-09,Uniswap V3,Optimism,8.75,USDT,105759890,2.05,10.38
2024-07-09,Uniswap V3,Optimism,7.29,DAI,110942407,2.21,7.53
2024-07-09,Uniswap V3,Polygon,9.47,USDC,106126665,0.6,8.22
2024-07-09,Uniswap V3,Polygon,10.05,USDT,115720896,1.52,10.05
2024-07-09,Uniswap V3,Base,8.33,USDC,104229602,2.88,11.64
2024-07-09,Uniswap V3,Base,8.26,USDT,104009908,3.5,11.36
2024-07-09,Uniswap V3,Base,9.61,DAI,105908627,2.94,10.37
2024-07-09,Yearn,Ethereum,3.99,USDC,137054768,43.85,0
2024-07-09,Yearn,Ethereum,4.17,USDT,136017180,41.24,0
2024-07-09,Yearn,Ethereum,3.83,DAI,132196623,43.25,0
2024-07-09,Yearn,Arbitrum,4.95,USDC,133321251,4.58,14.85
2024-07-09,Yearn,Arbitrum,4.67,USDT,132099841,3.55,15.37
2024-07-09,Yearn,Arbitrum,4.89,DAI,139885294,3.1,12.1
2024-07-09,Yearn,Optimism,4.63,USDC,134121589,3.0,8.44
2024-07-09,Yearn,Optimism,4.71,USDT,130910988,2.5,9.55
2024-07-09,Yearn,Optimism,4.34,DAI,134435805,2.68,8.71
2024-07-09,Yearn,Polygon,4.57,USDC,137975732,1.39,8.34
2024-07-09,Yearn,Polygon,5.36,USDT,130203473,1.26,5.41
2024-07-09,Yearn,Polygon,4.64,DAI,131510771,1.21,7.18
2024-07-09,Yearn,Base,4.61,USDC,132714928,3.35,10.88
2024-07-09,Yearn,Base,4.9,USDT,122745235,3.63,11.3
2024-07-09,Yearn,Base,4.33,DAI,135466040,3.66,11.35
2024-07-09,Pendle,Ethereum,8.52,USDC,91657544,40.01,0
2024-07-09,Pendle,Ethereum,8.4,USDT,79524826,34.17,0
2024-07-09,Pendle,Ethereum,10.69,DAI,81651965,41.47,0
2024-07-09,Pendle,Arbitrum,10.88,USDC,83289574,3.53,17.67
2024-07-09,Pendle,Arbitrum,10.61,USDT,85252234,3.44,15.56
2024-07-09,Pendle,Arbitrum,10.45,DAI,87298450,3.09,14.42
2024-07-09,Pendle,Optimism,7.94,USDC,87954423,3.14,5.19
2024-07-09,Pendle,Optimism,11.16,USDT,81726356,2.26,9.48
2024-07-09,Pendle,Optimism,8.79,DAI,83218521,2.63,8.25
2024-07-09,Pendle,Base,10.61,USDC,84686813,3.09,12.22
2024-07-09,Pendle,Base,9.79,USDT,90865276,3.19,8.34
2024-07-09,Convex,Ethereum,4.97,USDC,170622980,33.43,0
2024-07-09,Convex,Ethereum,5.85,DAI,193418129,43.18,0
2024-07-09,Balancer,Ethereum,6.04,USDC,125192178,40.29,0
2024-07-09,Balancer,Ethereum,7.32,USDT,126319391,22.21,0
2024-07-09,Balancer,Ethereum,6.21,DAI,112201740,30.81,0
2024-07-09,Balancer,Arbitrum,7.22,USDC,112011021,5.32,9.03
2024-07-09,Balancer,Arbitrum,8.55,USDT,119083512,4.4,17.26
2024-07-09,Balancer,Optimism,7.86,USDT,121418017,3.26,8.64
2024-07-09,Balancer,Optimism,6.67,DAI,116100109,2.98,8.25
2024-07-09,Balancer,Polygon,8.36,USDC,125430925,1.15,3.23
2024-07-09,Balancer,Polygon,8.34,USDT,122222891,1.42,8.02
2024-07-09,Balancer,Polygon,8.17,DAI,117153803,1.44,7.23
2024-07-09,Balancer,Base,7.83,USDC,117421101,4.13,8.47
2024-07-09,Balancer,Base,7.44,USDT,116624434,3.95,8.39
2024-07-09,Balancer,Base,7.9,DAI,122964030,3.19,9.32
2024-07-10,Aave,Ethereum,3.2,USDC,254959389,42.1,0
2024-07-10,Aave,Ethereum,3.12,USDT,276094780,60.63,0
2024-07-10,Aave,Ethereum,3.35,DAI,268128302,40.89,0
2024-07-10,Aave,Arbitrum,4.24,USDC,253828651,3.53,12.65
2024-07-10,Aave,Arbitrum,4.32,USDT,294069990,4.18,11.95
2024-07-10,Aave,Arbitrum,3.92,DAI,279564105,3.63,14.55
2024-07-10,Aave,Optimism,3.53,USDT,262663679,3.95,7.11
2024-07-10,Aave,Optimism,3.68,DAI,275142064,3.38,11.6
2024-07-10,Aave,Polygon,4.4,USDC,267155916,1.42,7.9
2024-07-10,Aave,Polygon,3.86,USDT,287682918,1.17,9.1
2024-07-10,Aave,Polygon,4.23,DAI,272426623,1.47,7.39
2024-07-10,Aave,Base,3.81,USDC,273791958,3.25,7.66
2024-07-10,Aave,Base,3.85,USDT,279214916,2.85,15.15
2024-07-10,Aave,Base,4.08,DAI,275059598,2.99,10.44
2024-07-10,Compound,Ethereum,3.06,USDC,198926024,44.45,0
2024-07-10,Compound,Ethereum,3.33,USDT,196441622,42.51,0
2024-07-10,Compound,Ethereum,3.23,DAI,198857527,36.06,0
2024-07-10,Compound,Arbitrum,3.61,USDC,210654654,2.53,13.12
2024-07-10,Compound,Arbitrum,3.73,USDT,203835611,3.45,12.49
2024-07-10,Compound,Arbitrum,3.57,DAI,182716550,4.51,9.31
2024-07-10,Compound,Optimism,3.7,USDC,194136091,3.87,12.82
2024-07-10,Compound,Optimism,3.62,USDT,205695808,3.05,12.77
2024-07-10,Compound,Optimism,3.46,DAI,194888861,4.14,10.5
2024-07-10,Compound,Polygon,3.79,USDC,199596237,1.99,8.63
2024-07-10,Compound,Polygon,3.86,USDT,218602677,1.48,8.92
2024-07-10,Compound,Polygon,4.04,DAI,200609997,1.23,6.38
2024-07-10,Compound,Base,3.78,USDC,214282524,3.72,12.38
2024-07-10,Compound,Base,3.35,USDT,213477702,4.09,8.69
2024-07-10,Compound,Base,3.79,DAI,203249600,3.36,6.41
2024-07-10,Curve,Ethereum,5.58,USDC,348923940,34.61,0
2024-07-10,Curve,Ethereum,6.29,USDT,347242511,44.68,0
2024-07-10,Curve,Ethereum,5.44,DAI,363343285,32.46,0
2024-07-10,Curve,Arbitrum,6.16,USDC,379841648,3.72,12.48
2024-07-10,Curve,Arbitrum,9.18,USDT,382035839,3.02,12.64
2024-07-10,Curve,Arbitrum,7.39,DAI,354298214,3.06,12.06
2024-07-10,Curve,Optimism,7.03,USDC,345673571,3.24,8.99
2024-07-10,Curve,Optimism,7.0,USDT,349972778,3.16,8.08
2024-07-10,Curve,Optimism,6.71,DAI,341797142,3.05,6.77
2024-07-10,Curve,Polygon,6.37,USDC,376182192,0.92,9.48
2024-07-10,Curve,Polygon,8.52,USDT,389217243,1.41,10.24
2024-07-10,Curve,Polygon,7.46,DAI,336874337,1.14,7.78
2024-07-10,Curve,Base,7.31,USDC,366900566,2.46,10.26
2024-07-10,Curve,Base,8.17,USDT,343578784,2.27,7.45
2024-07-10,Curve,Base,8.11,DAI,351657302,2.83,8.26
2024-07-10,Uniswap V3,Ethereum,7.73,USDC,104510007,30.54,0
2024-07-10,Uniswap V3,Ethereum,8.53,USDT,97716252,33.84,0
2024-07-10,Uniswap V3,Ethereum,6.13,DAI,105016808,31.61,0
2024-07-10,Uniswap V3,Arbitrum,8.82,USDC,115545880,4.5,11.29
2024-07-10,Uniswap V3,Arbitrum,8.29,USDT,102614581,3.64,11.7
2024-07-10,Uniswap V3,Arbitrum,8.89,DAI,104523569,3.46,12.34
2024-07-10,Uniswap V3,Optimism,8.83,USDT,108126913,3.34,8.15
2024-07-10,Uniswap V3,Optimism,7.23,DAI,105918788,3.18,11.39
2024-07-10,Uniswap V3,Polygon,9.17,DAI,101010312,1.57,8.79
2024-07-10,Uniswap V3,Base,5.96,USDC,110657037,3.06,6.3
2024-07-10,Uniswap V3,Base,9.05,USDT,111459974,3.37,9.68
2024-07-10,Uniswap V3,Base,7.45,DAI,108210438,3.55,12.16
2024-07-10,Yearn,Ethereum,3.9,USDC,120565879,39.49,0
2024-07-10,Yearn,Ethereum,4.23,USDT,133152608,34.06,0
2024-07-10,Yearn,Ethereum,3.93,DAI,137610561,47.69,0
2024-07-10,Yearn,Arbitrum,4.59,USDC,124231929,3.8,11.75
2024-07-10,Yearn,Arbitrum,4.77,USDT,124060433,3.61,10.6
2024-07-10,Yearn,Arbitrum,4.62,DAI,131828478,4.22,9.34
2024-07-10,Yearn,Optimism,4.87,USDC,141018534,2.99,6.23
2024-07-10,Yearn,Optimism,4.35,DAI,134966183,3.94,8.59
2024-07-10,Yearn,Polygon,5.0,DAI,137760241,0.9,9.84
2024-07-10,Yearn,Base,5.22,USDC,125523763,2.95,10.49
2024-07-10,Yearn,Base,4.77,USDT,127218780,3.34,10.72
2024-07-10,Yearn,Base,4.95,DAI,144986428,3.28,10.54
2024-07-10,Pendle,Ethereum,9.61,USDC,80293433,28.15,0
2024-07-10,Pendle,Ethereum,7.34,USDT,82629100,52.51,0
2024-07-10,Pendle,Ethereum,10.27,DAI,95653711,55.72,0
2024-07-10,Pendle,Arbitrum,10.63,USDC,82514175,3.38,13.69
2024-07-10,Pendle,Arbitrum,13.33,USDT,84024515,3.79,9.89
2024-07-10,Pendle,Arbitrum,13.1,DAI,85133855,4.59,12.23
2024-07-10,Pendle,Optimism,11.01,USDC,81369180,3.7,10.67
2024-07-10,Pendle,Optimism,10.62,USDT,82276577,3.18,9.49
2024-07-10,Pendle,Base,11.98,USDC,83469078,3.24,10.73
2024-07-10,Pendle,Base,8.6,USDT,84719315,3.16,11.58
2024-07-10,Pendle,Base,9.19,DAI,79794861,3.2,8.8
2024-07-10,Convex,Ethereum,5.78,USDC,157669837,48.64,0
2024-07-10,Convex,Ethereum,5.69,USDT,154827214,51.97,0
2024-07-10,Balancer,Ethereum,5.95,USDC,120251213,36.52,0
2024-07-10,Balancer,Ethereum,7.35,USDT,125546475,38.17,0
2024-07-10,Balancer,Ethereum,6.49,DAI,124157942,38.05,0
2024-07-10,Balancer,Arbitrum,7.98,USDC,121559081,2.42,16.1
2024-07-10,Balancer,Arbitrum,8.33,USDT,116082312,3.73,13.75
2024-07-10,Balancer,Arbitrum,8.07,DAI,126008337,4.33,10.79
2024-07-10,Balancer,Optimism,8.37,USDC,123138458,4.21,11.12
2024-07-10,Balancer,Optimism,8.28,USDT,129127991,2.75,9.14
2024-07-10,Balancer,Optimism,6.72,DAI,115948110,2.8,7.53
2024-07-10,Balancer,Polygon,7.72,USDC,129799410,1.23,6.61
2024-07-10,Balancer,Polygon,8.97,USDT,115323763,1.16,6.26
2024-07-10,Balancer,Polygon,9.11,DAI,103279718,1.1,7.49
2024-07-10,Balancer,Base,8.2,USDC,122692131,3.07,10.26
2024-07-10,Balancer,Base,8.21,USDT,129254449,2.98,8.32
2024-07-10,Balancer,Base,6.87,DAI,121997449,3.41,8.66
2024-07-11,Aave,Ethereum,3.28,USDC,275885037,48.66,0
2024-07-11,Aave,Ethereum,3.59,USDT,275649858,33.81,0
2024-07-11,Aave,Ethereum,3.2,DAI,269771915,27.17,0
2024-07-11,Aave,Arbitrum,4.11,USDC,314458246,4.01,11.43
2024-07-11,Aave,Arbitrum,3.97,USDT,282809948,3.99,12.31
2024-07-11,Aave,Arbitrum,3.75,DAI,292537808,3.93,10.31
2024-07-11,Aave,Optimism,4.01,USDC,281442392,3.18,9.07
2024-07-11,Aave,Optimism,3.89,DAI,285119840,2.9,7.64
2024-07-11,Aave,Polygon,4.12,USDC,273539181,1.57,9.31
2024-07-11,Aave,Polygon,3.69,USDT,273894136,1.48,5.42
2024-07-11,Aave,Polygon,3.54,DAI,274065987,1.68,7.64
2024-07-11,Aave,Base,3.85,USDC,272457998,3.09,12.95
2024-07-11,Aave,Base,3.95,USDT,263471394,3.39,11.84
2024-07-11,Aave,Base,3.67,DAI,247293930,2.99,9.57
2024-07-11,Compound,Ethereum,3.09,USDT,197441341,51.33,0
2024-07-11,Compound,Ethereum,3.2,DAI,191046684,42.6,0
2024-07-11,Compound,Arbitrum,3.77,USDC,189131260,2.38,11.78
2024-07-11,Compound,Arbitrum,3.53,USDT,197897617,4.7,8.42
2024-07-11,Compound,Arbitrum,3.86,DAI,197713943,2.91,8.84
2024-07-11,Compound,Optimism,3.29,USDC,199918812,3.43,7.52
2024-07-11,Compound,Optimism,3.57,USDT,208817735,2.82,9.68
2024-07-11,Compound,Polygon,3.93,USDC,196193914,1.3,9.13
2024-07-11,Compound,Polygon,4.43,USDT,196877795,1.19,7.74
2024-07-11,Compound,Polygon,3.83,DAI,203555388,1.5,9.45
2024-07-11,Compound,Base,3.8,USDC,198301782,4.17,7.66
2024-07-11,Compound,Base,3.61,USDT,204604183,3.16,6.87
2024-07-11,Compound,Base,3.71,DAI,185646128,3.43,13.28
2024-07-11,Curve,Ethereum,4.88,USDC,358055806,47.39,0
2024-07-11,Curve,Ethereum,5.98,USDT,363833300,42.81,0
2024-07-11,Curve,Ethereum,5.73,DAI,332793419,50.21,0
2024-07-11,Curve,Arbitrum,5.22,USDC,338237866,4.11,11.5
2024-07-11,Curve,Arbitrum,6.83,USDT,373789781,3.37,9.83
2024-07-11,Curve,Arbitrum,5.78,DAI,349025921,3.87,15.76
2024-07-11,Curve,Optimism,7.86,USDC,348920038,3.33,8.48
2024-07-11,Curve,Optimism,7.38,USDT,330171819,2.85,9.87
2024-07-11,Curve,Optimism,6.64,DAI,346862532,2.59,6.21
2024-07-11,Curve,Polygon,8.46,USDC,361811345,1.98,7.06
2024-07-11,Curve,Polygon,7.37,USDT,356663483,1.87,9.92
2024-07-11,Curve,Polygon,9.35,DAI,362908385,1.72,8.6
2024-07-11,Curve,Base,7.55,USDC,360883860,3.61,12.24
2024-07-11,Curve,Base,7.02,USDT,346318842,2.81,11.6
2024-07-11,Curve,Base,7.81,DAI,361754912,3.98,12.13
2024-07-11,Uniswap V3,Ethereum,7.14,USDC,103303775,48.45,0
2024-07-11,Uniswap V3,Ethereum,5.23,USDT,95466106,44.03,0
2024-07-11,Uniswap V3,Arbitrum,8.19,USDC,99842397,3.27,13.86
2024-07-11,Uniswap V3,Arbitrum,7.42,USDT,108135091,3.25,8.91
2024-07-11,Uniswap V3,Arbitrum,8.28,DAI,103067260,3.25,8.7
2024-07-11,Uniswap V3,Optimism,7.38,USDC,112876483,3.2,10.52
2024-07-11,Uniswap V3,Optimism,8.96,USDT,105537498,3.18,8.06
2024-07-11,Uniswap V3,Optimism,8.77,DAI,99062005,2.48,12.13
2024-07-11,Uniswap V3,Polygon,6.81,USDC,106920317,1.67,9.01
2024-07-11,Uniswap V3,Polygon,8.17,USDT,115763383,1.32,6.84
2024-07-11,Uniswap V3,Base,7.48,USDC,100578903,3.28,12.4
2024-07-11,Uniswap V3,Base,7.53,USDT,110334220,3.68,9.75
2024-07-11,Uniswap V3,Base,8.01,DAI,112772960,4.13,8.7
2024-07-11,Yearn,Ethereum,4.12,USDC,132693632,44.04,0
2024-07-11,Yearn,Ethereum,3.92,DAI,141289312,44.59,0
2024-07-11,Yearn,Arbitrum,4.7,USDC,131079309,2.2,12.78
2024-07-11,Yearn,Arbitrum,4.67,USDT,128330373,3.78,12.2
2024-07-11,Yearn,Arbitrum,5.16,DAI,138189389,4.44,15.62
2024-07-11,Yearn,Optimism,4.12,USDC,133883880,2.77,9.31
2024-07-11,Yearn,Optimism,4.79,USDT,129627691,3.03,9.21
2024-07-11,Yearn,Optimism,4.47,DAI,131881194,2.54,10.89
2024-07-11,Yearn,Polygon,5.31,USDC,135839438,1.47,8.18
2024-07-11,Yearn,Polygon,5.07,USDT,133198654,1.36,7.85
2024-07-11,Yearn,Polygon,5.24,DAI,142969139,1.62,7.81
2024-07-11,Yearn,Base,4.65,USDC,131918099,4.01,7.37
2024-07-11,Yearn,Base,5.05,USDT,122989832,3.06,10.32
2024-07-11,Pendle,Arbitrum,10.43,USDC,84419880,3.72,10.75
2024-07-11,Pendle,Arbitrum,10.91,USDT,81938298,4.24,9.64
2024-07-11,Pendle,Arbitrum,12.08,DAI,87783108,2.75,6.65
2024-07-11,Pendle,Optimism,10.91,USDC,86000850,3.61,9.71
2024-07-11,Pendle,Optimism,9.62,USDT,83572249,3.98,8.33
2024-07-11,Pendle,Optimism,10.18,DAI,89450290,2.66,11.18
2024-07-11,Pendle,Base,9.45,USDC,83500703,3.71,8.67
2024-07-11,Pendle,Base,11.15,USDT,81423320,3.15,10.74
2024-07-11,Pendle,Base,11.37,DAI,87539343,3.57,8.86
2024-07-11,Convex,Ethereum,5.68,USDC,167194300,47.58,0
2024-07-11,Convex,Ethereum,4.89,USDT,156112718,45.45,0
2024-07-11,Convex,Ethereum,5.48,DAI,163002576,39.0,0
2024-07-11,Balancer,Ethereum,6.6,USDC,124498083,49.43,0
2024-07-11,Balancer,Ethereum,6.92,USDT,122853310,29.58,0
2024-07-11,Balancer,Ethereum,5.4,DAI,126640718,43.42,0
2024-07-11,Balancer,Arbitrum,6.39,USDC,120423544,4.4,8.33
2024-07-11,Balancer,Arbitrum,8.4,USDT,118997637,2.81,9.85
2024-07-11,Balancer,Arbitrum,7.29,DAI,139172949,4.52,15.21
2024-07-11,Balancer,Optimism,7.27,USDT,122798397,2.31,5.68
2024-07-11,Balancer,Optimism,7.73,DAI,119843018,2.67,11.34
2024-07-11,Balancer,Polygon,6.83,USDC,129212957,1.28,7.52
2024-07-11,Balancer,Polygon,9.2,USDT,121986499,1.16,6.52
2024-07-11,Balancer,Polygon,7.41,DAI,129197368,1.85,7.8
2024-07-11,Balancer,Base,7.86,USDC,116025160,3.77,11.42
2024-07-11,Balancer,Base,7.99,USDT,113699337,4.23,9.3
2024-07-11,Balancer,Base,7.14,DAI,117143004,4.02,11.69
2024-07-12,Aave,Ethereum,3.6,USDT,274014310,38.72,0
2024-07-12,Aave,Ethereum,3.18,DAI,263283823,50.65,0
2024-07-12,Aave,Arbitrum,3.81,USDT,277723884,2.8,10.59
2024-07-12,Aave,Arbitrum,3.74,DAI,295169433,3.72,8.93
2024-07-12,Aave,Optimism,3.87,USDC,290735976,3.45,8.17
2024-07-12,Aave,Optimism,3.74,USDT,263304631,2.41,10.24
2024-07-12,Aave,Polygon,3.25,USDC,275820676,1.92,9.87
2024-07-12,Aave,Polygon,4.25,USDT,283716279,1.56,6.24
2024-07-12,Aave,Polygon,4.07,DAI,277833136,1.93,5.04
2024-07-12,Aave,Base,3.73,USDC,278554695,2.83,10.26
2024-07-12,Aave,Base,4.04,USDT,254233656,3.51,12.78
2024-07-12,Aave,Base,4.02,DAI,285157090,3.0,13.36
2024-07-12,Compound,Ethereum,3.16,USDC,198050676,35.83,0
2024-07-12,Compound,Ethereum,3.18,USDT,187996014,43.23,0
2024-07-12,Compound,Ethereum,3.02,DAI,200463773,55.05,0
2024-07-12,Compound,Arbitrum,3.42,USDC,211639020,3.53,13.65
2024-07-12,Compound,Arbitrum,3.52,USDT,203503305,3.88,8.01
2024-07-12,Compound,Arbitrum,4.0,DAI,199796310,3.9,14.11
2024-07-12,Compound,Optimism,3.53,USDC,199981184,2.77,10.43
2024-07-12,Compound,Optimism,3.42,USDT,183785034,2.1,8.49
2024-07-12,Compound,Optimism,3.62,DAI,196420203,3.41,6.39
2024-07-12,Compound,Polygon,3.65,USDC,198826248,1.38,8.32
2024-07-12,Compound,Polygon,4.04,USDT,195666802,1.65,5.88
2024-07-12,Compound,Polygon,3.59,DAI,195728528,1.84,6.98
2024-07-12,Compound,Base,3.74,USDC,189913140,3.9,11.82
2024-07-12,Compound,Base,3.63,USDT,202661737,3.36,10.12
2024-07-12,Compound,Base,3.43,DAI,196481125,3.64,11.13
2024-07-12,Curve,Ethereum,6.4,USDC,391360940,45.27,0
2024-07-12,Curve,Ethereum,5.16,USDT,344922866,46.83,0
2024-07-12,Curve,Arbitrum,7.73,USDC,363682516,2.9,10.3
2024-07-12,Curve,Arbitrum,9.01,USDT,321990621,4.35,3.6
2024-07-12,Curve,Optimism,6.01,USDC,350097783,2.24,7.94
2024-07-12,Curve,Optimism,6.71,USDT,338349981,3.05,8.59
2024-07-12,Curve,Optimism,7.12,DAI,384898602,4.14,7.83
2024-07-12,Curve,Polygon,8.75,USDC,356693930,1.98,9.57
2024-07-12,Curve,Polygon,8.64,USDT,380678858,1.68,4.75
2024-07-12,Curve,Polygon,5.88,DAI,343088494,1.25,6.76
2024-07-12,Curve,Base,7.83,USDC,348143045,3.22,6.27
2024-07-12,Curve,Base,6.26,USDT,334616941,3.58,7.09
2024-07-12,Curve,Base,6.67,DAI,335873020,3.6,8.26
2024-07-12,Uniswap V3,Ethereum,7.04,USDT,98894004,44.56,0
2024-07-12,Uniswap V3,Ethereum,7.18,DAI,105786277,39.82,0
2024-07-12,Uniswap V3,Arbitrum,8.43,USDC,109976976,3.02,10.8
2024-07-12,Uniswap V3,Arbitrum,9.23,USDT,98412401,3.32,12.1
2024-07-12,Uniswap V3,Arbitrum,8.32,DAI,100645136,4.75,14.16
2024-07-12,Uniswap V3,Optimism,8.27,USDC,107512787,2.77,11.01
2024-07-12,Uniswap V3,Optimism,9.02,USDT,111506525,2.77,9.93
2024-07-12,Uniswap V3,Optimism,9.4,DAI,111587110,3.33,7.89
2024-07-12,Uniswap V3,Polygon,7.52,USDC,105353095,1.21,8.58
2024-07-12,Uniswap V3,Polygon,9.98,USDT,107928431,1.2,8.53
2024-07-12,Uniswap V3,Polygon,8.63,DAI,99824673,1.3,6.88
2024-07-12,Uniswap V3,Base,9.11,USDC,99007561,3.64,9.68
2024-07-12,Uniswap V3,Base,7.72,USDT,107502520,3.18,9.41
2024-07-12,Uniswap V3,Base,6.59,DAI,107463466,3.92,7.04
2024-07-12,Yearn,Ethereum,3.79,USDC,139374322,34.92,0
2024-07-12,Yearn,Ethereum,3.73,DAI,135604089,37.19,0
2024-07-12,Yearn,Arbitrum,4.47,USDC,133961906,3.19,11.22
2024-07-12,Yearn,Arbitrum,4.77,USDT,130940020,2.96,13.03
2024-07-12,Yearn,Arbitrum,4.77,DAI,142054041,3.4,15.38
2024-07-12,Yearn,Optimism,4.56,USDC,130190031,2.97,9.8
2024-07-12,Yearn,Optimism,4.15,USDT,131634375,3.95,6.81
2024-07-12,Yearn,Optimism,4.25,DAI,133581575,4.64,10.35
2024-07-12,Yearn,Polygon,5.01,DAI,137360083,1.17,6.86
2024-07-12,Yearn,Base,4.98,USDC,130574747,2.59,12.66
2024-07-12,Yearn,Base,4.98,USDT,133119349,3.83,12.52
2024-07-12,Yearn,Base,5.36,DAI,130407729,3.22,13.54
2024-07-12,Pendle,Ethereum,6.92,USDC,80126366,39.61,0
2024-07-12,Pendle,Ethereum,8.77,USDT,75902753,51.17,0
2024-07-12,Pendle,Ethereum,12.28,DAI,82137968,43.73,0
2024-07-12,Pendle,Arbitrum,8.61,USDC,86340821,3.79,11.86
2024-07-12,Pendle,Arbitrum,11.22,USDT,79304171,2.99,9.07
2024-07-12,Pendle,Arbitrum,11.12,DAI,78812626,4.19,12.9
2024-07-12,Pendle,Optimism,11.83,USDC,78635254,1.96,9.45
2024-07-12,Pendle,Optimism,11.02,USDT,80561205,2.98,9.7
2024-07-12,Pendle,Optimism,10.65,DAI,81041078,3.67,10.75
2024-07-12,Pendle,Base,10.57,USDC,85583963,3.46,8.23
2024-07-12,Pendle,Base,9.16,USDT,91352973,3.27,10.65
2024-07-12,Pendle,Base,10.48,DAI,77482988,2.95,10.55
2024-07-12,Convex,Ethereum,4.8,USDC,165391927,46.66,0
2024-07-12,Convex,Ethereum,4.94,USDT,169950201,53.58,0
2024-07-12,Convex,Ethereum,4.72,DAI,158525110,35.96,0
2024-07-12,Balancer,Ethereum,6.57,USDC,136821649,39.41,0
2024-07-12,Balancer,Ethereum,6.82,USDT,123586084,49.08,0
2024-07-12,Balancer,Ethereum,6.5,DAI,124491846,48.06,0
2024-07-12,Balancer,Arbitrum,7.88,USDC,118822395,4.16,10.58
2024-07-12,Balancer,Arbitrum,7.25,USDT,116700832,3.81,7.41
2024-07-12,Balancer,Arbitrum,7.89,DAI,114942876,3.35,14.61
2024-07-12,Balancer,Optimism,6.66,USDC,119768735,3.17,9.13
2024-07-12,Balancer,Optimism,7.62,USDT,125257052,2.63,9.88
2024-07-12,Balancer,Optimism,8.01,DAI,123773649,3.6,12.73
2024-07-12,Balancer,Polygon,7.5,USDC,124522707,1.06,7.53
2024-07-12,Balancer,Polygon,8.64,USDT,129869901,1.21,9.4
2024-07-12,Balancer,Polygon,8.35,DAI,116748913,1.24,8.81
2024-07-12,Balancer,Base,7.83,USDC,131936153,4.13,9.34
2024-07-12,Balancer,Base,7.17,USDT,119449615,2.98,12.6
2024-07-12,Balancer,Base,7.15,DAI,122058796,3.49,9.93
2024-07-13,Aave,Ethereum,2.89,USDC,285976922,29.18,0
2024-07-13,Aave,Ethereum,3.35,USDT,278471837,27.95,0
2024-07-13,Aave,Arbitrum,3.83,USDC,272347922,2.41,11.12
2024-07-13,Aave,Optimism,3.62,USDC,263571556,2.14,9.1
2024-07-13,Aave,Optimism,3.21,USDT,259870808,1.75,8.08
2024-07-13,Aave,Optimism,3.79,DAI,269469305,1.81,6.64
2024-07-13,Aave,Polygon,3.5,USDC,281155009,1.08,8.69
2024-07-13,Aave,Polygon,3.67,USDT,271653086,1.07,8.45
2024-07-13,Aave,Polygon,4.03,DAI,284225573,0.84,5.01
2024-07-13,Aave,Base,3.89,USDC,266325210,1.93,8.93
2024-07-13,Aave,Base,3.53,USDT,288691553,1.69,9.58
2024-07-13,Compound,Ethereum,2.67,USDC,188165263,30.44,0
2024-07-13,Compound,Ethereum,3.37,USDT,201205209,28.96,0
2024-07-13,Compound,Ethereum,3.19,DAI,190172224,27.36,0
2024-07-13,Compound,Arbitrum,3.4,USDC,203417478,2.39,13.01
2024-07-13,Compound,Arbitrum,3.96,USDT,180160309,1.58,10.94
2024-07-13,Compound,Arbitrum,3.78,DAI,192290489,1.56,15.61
2024-07-13,Compound,Optimism,3.39,USDT,211561831,2.45,9.41
2024-07-13,Compound,Optimism,3.48,DAI,210111563,1.55,9.78
2024-07-13,Compound,Polygon,3.95,USDC,198997276,0.77,6.92
2024-07-13,Compound,Polygon,4.22,DAI,179748852,1.09,5.21
2024-07-13,Compound,Base,3.51,USDC,177438543,1.99,11.77
2024-07-13,Compound,Base,3.39,USDT,197346275,1.84,10.01
2024-07-13,Compound,Base,3.39,DAI,197690261,2.24,7.71
2024-07-13,Curve,Ethereum,6.82,USDC,340083266,27.26,0
2024-07-13,Curve,Ethereum,5.84,USDT,346181186,19.05,0
2024-07-13,Curve,Ethereum,5.97,DAI,351368234,26.26,0
2024-07-13,Curve,Arbitrum,6.56,USDC,338014640,2.65,10.23
2024-07-13,Curve,Arbitrum,7.57,USDT,326333580,1.71,14.83
2024-07-13,Curve,Optimism,7.04,USDC,341010934,2.06,7.99
2024-07-13,Curve,Optimism,7.73,DAI,319397920,1.51,4.88
2024-07-13,Curve,Polygon,8.25,USDC,355491417,0.82,8.08
2024-07-13,Curve,Polygon,7.27,USDT,362482868,0.73,7.48
2024-07-13,Curve,Polygon,8.33,DAI,337272470,0.55,7.74
2024-07-13,Curve,Base,7.44,USDC,354696773,2.46,11.16
2024-07-13,Curve,Base,8.02,DAI,307091971,2.21,15.17
2024-07-13,Uniswap V3,Ethereum,6.99,USDC,108154416,20.2,0
2024-07-13,Uniswap V3,Ethereum,6.84,DAI,100860177,28.58,0
2024-07-13,Uniswap V3,Arbitrum,8.81,USDC,102956836,2.41,11.95
2024-07-13,Uniswap V3,Arbitrum,8.66,USDT,106176993,2.36,11.14
2024-07-13,Uniswap V3,Arbitrum,8.42,DAI,105818660,1.6,9.88
2024-07-13,Uniswap V3,Optimism,5.92,USDC,109798898,2.05,11.15
2024-07-13,Uniswap V3,Optimism,5.82,USDT,104264626,1.9,9.03
2024-07-13,Uniswap V3,Polygon,8.79,USDT,107725140,0.89,8.29
2024-07-13,Uniswap V3,Polygon,8.06,DAI,108965841,0.9,9.48
2024-07-13,Uniswap V3,Base,8.52,USDC,100775279,2.34,8.57
2024-07-13,Uniswap V3,Base,7.9,USDT,100402945,2.56,9.21
2024-07-13,Yearn,Ethereum,3.8,USDC,133787146,23.9,0
2024-07-13,Yearn,Ethereum,4.5,USDT,119148879,35.96,0
2024-07-13,Yearn,Ethereum,3.91,DAI,121239179,28.14,0
2024-07-13,Yearn,Arbitrum,4.55,USDC,122209365,2.3,10.03
2024-07-13,Yearn,Arbitrum,4.38,USDT,126758570,2.41,14.05
2024-07-13,Yearn,Optimism,4.68,USDC,136011022,2.4,6.85
2024-07-13,Yearn,Optimism,5.12,USDT,134501626,2.3,11.5
2024-07-13,Yearn,Optimism,4.21,DAI,136655477,1.47,8.29
2024-07-13,Yearn,Polygon,5.16,USDT,137891479,1.14,7.0
2024-07-13,Yearn,Polygon,4.74,DAI,125513965,1.09,7.66
2024-07-13,Yearn,Base,5.01,USDC,144466979,2.45,10.92
2024-07-13,Yearn,Base,4.68,USDT,121360773,2.11,11.5
2024-07-13,Yearn,Base,5.22,DAI,133715365,2.54,8.04
2024-07-13,Pendle,Ethereum,7.27,USDT,79737014,22.68,0
2024-07-13,Pendle,Ethereum,8.64,DAI,80207565,20.03,0
2024-07-13,Pendle,Arbitrum,9.42,USDC,80538850,2.93,11.74
2024-07-13,Pendle,Arbitrum,12.6,USDT,80092372,2.07,12.24
2024-07-13,Pendle,Arbitrum,9.12,DAI,81238145,2.15,15.83
2024-07-13,Pendle,Optimism,9.95,USDC,82620743,1.76,10.86
2024-07-13,Pendle,Optimism,12.45,USDT,81475166,1.75,10.35
2024-07-13,Pendle,Base,9.58,USDC,76819068,2.12,13.17
2024-07-13,Pendle,Base,11.13,USDT,75309884,1.92,10.74
2024-07-13,Pendle,Base,9.88,DAI,82735066,2.11,10.88
2024-07-13,Convex,Ethereum,4.85,USDC,160857137,24.52,0
2024-07-13,Convex,Ethereum,5.53,USDT,173977616,26.5,0
2024-07-13,Convex,Ethereum,4.82,DAI,152195906,26.46,0
2024-07-13,Balancer,Ethereum,6.41,USDC,122109849,27.32,0
2024-07-13,Balancer,Ethereum,6.49,USDT,113143631,25.41,0
2024-07-13,Balancer,Ethereum,6.6,DAI,119937841,36.71,0
2024-07-13,Balancer,Arbitrum,8.5,USDC,118844119,2.24,10.6
2024-07-13,Balancer,Arbitrum,6.87,USDT,113124301,2.05,9.26
2024-07-13,Balancer,Arbitrum,9.45,DAI,125914623,2.06,9.34
2024-07-13,Balancer,Optimism,8.52,USDC,113783433,1.7,9.46
2024-07-13,Balancer,Optimism,7.6,USDT,116478613,2.33,13.07
2024-07-13,Balancer,Optimism,8.45,DAI,124112688,1.38,9.51
2024-07-13,Balancer,Polygon,8.48,USDC,109118456,1.29,9.82
2024-07-13,Balancer,Polygon,7.72,USDT,126996097,1.06,9.75
2024-07-13,Balancer,Polygon,6.73,DAI,107612285,0.72,7.79
2024-07-13,Balancer,Base,7.52,USDC,114127881,1.92,10.34
2024-07-13,Balancer,Base,6.57,USDT,118754040,2.22,11.27
2024-07-13,Balancer,Base,7.34,DAI,118574310,2.18,10.08
2024-07-14,Aave,Ethereum,3.07,USDC,255800371,31.75,0
2024-07-14,Aave,Ethereum,3.13,USDT,270466733,33.38,0
2024-07-14,Aave,Ethereum,2.84,DAI,243080803,25.15,0
2024-07-14,Aave,Arbitrum,3.4,USDC,271880322,2.25,10.52
2024-07-14,Aave,Arbitrum,3.94,USDT,251971314,2.61,14.62
2024-07-14,Aave,Arbitrum,3.86,DAI,280886314,1.87,9.73
2024-07-14,Aave,Optimism,3.55,USDT,259726032,2.37,8.23
2024-07-14,Aave,Polygon,3.84,USDC,267046196,0.96,10.66
2024-07-14,Aave,Polygon,3.7,DAI,260681747,1.13,9.38
2024-07-14,Aave,Base,3.56,USDC,279272907,2.67,7.79
2024-07-14,Aave,Base,3.77,USDT,290996863,2.3,7.29
2024-07-14,Aave,Base,3.58,DAI,273261179,2.55,7.56
2024-07-14,Compound,Ethereum,2.95,USDC,183019371,22.01,0
2024-07-14,Compound,Ethereum,3.33,USDT,200911740,25.56,0
2024-07-14,Compound,Ethereum,2.89,DAI,209903130,27.37,0
2024-07-14,Compound,Arbitrum,3.5,USDC,192165586,1.3,11.74
2024-07-14,Compound,Arbitrum,3.6,USDT,190349315,2.08,13.45
2024-07-14,Compound,Arbitrum,3.7,DAI,188333780,2.49,11.39
2024-07-14,Compound,Optimism,3.63,USDC,204400977,2.25,8.64
2024-07-14,Compound,Optimism,3.58,USDT,182579858,1.83,12.41
2024-07-14,Compound,Polygon,4.08,USDC,193285067,1.09,9.25
2024-07-14,Compound,Polygon,3.54,USDT,181635817,1.0,6.44
2024-07-14,Compound,Polygon,3.38,DAI,181554547,1.16,7.92
2024-07-14,Compound,Base,3.33,USDC,192900926,2.21,13.78
2024-07-14,Compound,Base,3.58,USDT,200716465,2.06,7.47
2024-07-14,Compound,Base,3.35,DAI,194597926,2.04,10.6
2024-07-14,Curve,Ethereum,6.19,USDC,338076522,27.71,0
2024-07-14,Curve,Ethereum,6.56,USDT,353427259,25.68,0
2024-07-14,Curve,Ethereum,5.85,DAI,313875442,37.13,0
2024-07-14,Curve,Arbitrum,7.16,USDT,353372323,3.22,9.31
2024-07-14,Curve,Arbitrum,7.06,DAI,355918617,2.08,10.34
2024-07-14,Curve,Optimism,6.96,USDC,343765306,1.96,9.47
2024-07-14,Curve,Optimism,7.14,USDT,347120026,2.12,9.19
2024-07-14,Curve,Optimism,8.02,DAI,356806998,1.79,10.14
2024-07-14,Curve,Polygon,8.92,USDC,302624487,0.63,7.24
2024-07-14,Curve,Polygon,10.07,USDT,369412804,0.75,8.0
2024-07-14,Curve,Polygon,6.94,DAI,368306784,1.14,10.57
2024-07-14,Curve,Base,7.41,USDC,327048406,2.8,12.65
2024-07-14,Curve,Base,6.69,DAI,364177537,1.72,11.44
2024-07-14,Uniswap V3,Ethereum,7.45,USDC,95256222,30.92,0
2024-07-14,Uniswap V3,Ethereum,7.81,USDT,100084625,31.81,0
2024-07-14,Uniswap V3,Ethereum,6.16,DAI,97536016,27.53,0
2024-07-14,Uniswap V3,Arbitrum,7.66,USDC,103037594,2.45,11.71
2024-07-14,Uniswap V3,Arbitrum,8.29,USDT,92218183,2.75,15.52
2024-07-14,Uniswap V3,Arbitrum,9.11,DAI,100283864,2.0,13.39
2024-07-14,Uniswap V3,Optimism,7.48,USDC,101865763,2.55,11.65
2024-07-14,Uniswap V3,Optimism,8.36,DAI,92819556,1.52,9.59
2024-07-14,Uniswap V3,Polygon,10.03,USDT,107455253,0.92,6.57
2024-07-14,Uniswap V3,Polygon,9.05,DAI,98926060,0.92,7.03
2024-07-14,Uniswap V3,Base,8.91,USDC,99512377,2.09,9.46
2024-07-14,Uniswap V3,Base,7.89,USDT,98373164,1.9,14.67
2024-07-14,Uniswap V3,Base,8.81,DAI,105860949,1.68,9.94
2024-07-14,Yearn,Ethereum,4.23,USDC,125618542,22.08,0
2024-07-14,Yearn,Ethereum,4.21,USDT,133809523,19.11,0
2024-07-14,Yearn,Ethereum,4.24,DAI,126818342,30.39,0
2024-07-14,Yearn,Arbitrum,5.2,USDC,138897799,1.96,7.11
2024-07-14,Yearn,Arbitrum,4.84,USDT,123985671,2.69,12.87
2024-07-14,Yearn,Arbitrum,4.83,DAI,129423123,1.47,9.47
2024-07-14,Yearn,Optimism,4.1,USDC,130599122,1.75,10.37
2024-07-14,Yearn,Optimism,4.94,USDT,132262074,2.13,8.9
2024-07-14,Yearn,Optimism,4.75,DAI,127789893,1.56,8.12
2024-07-14,Yearn,Polygon,4.73,DAI,121917959,1.07,6.33
2024-07-14,Yearn,Base,4.45,USDC,145666081,2.7,7.29
2024-07-14,Yearn,Base,4.65,USDT,131912815,2.05,13.9
2024-07-14,Yearn,Base,4.93,DAI,131086106,2.52,4.14
2024-07-14,Pendle,Ethereum,8.03,USDC,79568242,18.37,0
2024-07-14,Pendle,Ethereum,8.28,USDT,84097331,29.49,0
2024-07-14,Pendle,Ethereum,8.91,DAI,80953645,25.34,0
2024-07-14,Pendle,Arbitrum,10.77,USDC,80743186,2.69,12.27
2024-07-14,Pendle,Arbitrum,9.57,USDT,82893367,1.88,12.87
2024-07-14,Pendle,Arbitrum,13.1,DAI,78588210,1.56,11.69
2024-07-14,Pendle,Optimism,8.43,USDC,82833695,1.98,8.25
2024-07-14,Pendle,Optimism,12.67,USDT,83716201,1.91,9.86
2024-07-14,Pendle,Optimism,9.86,DAI,79896012,1.97,9.89
2024-07-14,Pendle,Base,10.81,USDT,84981047,2.45,11.21
2024-07-14,Convex,Ethereum,5.27,USDC,157955692,37.6,0
2024-07-14,Convex,Ethereum,5.39,USDT,156236321,29.84,0
2024-07-14,Convex,Ethereum,6.34,DAI,158991264,26.91,0
2024-07-14,Balancer,Ethereum,7.86,USDC,109993704,19.34,0
2024-07-14,Balancer,Ethereum,5.2,USDT,120600517,28.39,0
2024-07-14,Balancer,Ethereum,7.45,DAI,131401663,28.61,0
2024-07-14,Balancer,Arbitrum,7.91,USDC,121511089,2.06,11.38
2024-07-14,Balancer,Arbitrum,7.75,USDT,118639656,2.48,13.13
2024-07-14,Balancer,Arbitrum,7.7,DAI,116167291,2.57,6.39
2024-07-14,Balancer,Optimism,6.01,USDC,120034324,2.68,6.26
2024-07-14,Balancer,Optimism,6.31,USDT,122264312,1.67,9.58
2024-07-14,Balancer,Optimism,6.44,DAI,119569067,2.46,10.74
2024-07-14,Balancer,Polygon,10.45,USDC,117343912,0.93,7.89
2024-07-14,Balancer,Polygon,8.64,USDT,110890840,0.78,8.34
2024-07-14,Balancer,Polygon,8.22,DAI,125176352,0.81,9.01
2024-07-14,Balancer,Base,10.01,USDC,121558194,1.8,6.9
2024-07-14,Balancer,Base,6.81,USDT,114758475,1.76,9.65
2024-07-14,Balancer,Base,6.87,DAI,120145305,2.78,9.56
2024-07-15,Aave,Ethereum,3.18,USDC,256308496,35.01,0
2024-07-15,Aave,Ethereum,3.27,USDT,290814329,42.29,0
2024-07-15,Aave,Ethereum,3.23,DAI,269297488,50.21,0
2024-07-15,Aave,Arbitrum,4.32,USDC,260234182,4.22,12.92
2024-07-15,Aave,Arbitrum,3.69,USDT,259324530,3.12,13.3
2024-07-15,Aave,Arbitrum,3.86,DAI,259781240,3.48,11.53
2024-07-15,Aave,Optimism,3.81,USDC,275268731,2.76,9.41
2024-07-15,Aave,Optimism,4.28,USDT,274646306,2.11,10.05
2024-07-15,Aave,Optimism,3.99,DAI,266211237,3.19,7.03
2024-07-15,Aave,Polygon,4.23,USDC,253942277,1.59,6.01
2024-07-15,Aave,Polygon,3.9,USDT,279571192,1.58,6.56
2024-07-15,Aave,Polygon,4.13,DAI,302799249,1.94,6.2
2024-07-15,Aave,Base,3.82,USDC,253794913,3.83,12.57
2024-07-15,Aave,Base,3.3,USDT,262124866,3.52,8.54
2024-07-15,Aave,Base,4.0,DAI,272153385,3.03,8.18
2024-07-15,Compound,Ethereum,3.2,USDC,197751954,32.93,0
2024-07-15,Compound,Ethereum,3.41,USDT,173424926,45.67,0
2024-07-15,Compound,Ethereum,3.3,DAI,180467213,46.43,0
2024-07-15,Compound,Arbitrum,3.34,USDC,197661165,4.0,10.55
2024-07-15,Compound,Arbitrum,3.78,USDT,190265683,4.37,11.45
2024-07-15,Compound,Arbitrum,3.78,DAI,205944532,4.89,19.73
2024-07-15,Compound,Optimism,3.65,USDC,208179860,3.46,8.84
2024-07-15,Compound,Optimism,3.34,USDT,186342281,2.59,6.65
2024-07-15,Compound,Optimism,3.83,DAI,182763851,2.52,5.86
2024-07-15,Compound,Polygon,3.98,USDC,187408120,1.69,4.49
2024-07-15,Compound,Polygon,4.13,USDT,178205308,1.31,11.05
2024-07-15,Compound,Polygon,4.02,DAI,172316955,1.22,6.81
2024-07-15,Compound,Base,3.84,USDC,206555199,3.14,10.4
2024-07-15,Compound,Base,3.49,USDT,186631733,3.33,8.66
2024-07-15,Compound,Base,3.56,DAI,189151866,2.85,10.15
2024-07-15,Curve,Ethereum,5.55,USDC,326038156,46.26,0
2024-07-15,Curve,Ethereum,5.98,USDT,331768961,41.03,0
2024-07-15,Curve,Ethereum,6.3,DAI,327092913,38.57,0
2024-07-15,Curve,Arbitrum,5.97,USDC,322317732,3.28,10.35
2024-07-15,Curve,Arbitrum,8.44,USDT,347641391,3.1,11.43
2024-07-15,Curve,Arbitrum,8.66,DAI,379015489,3.97,9.33
2024-07-15,Curve,Optimism,7.04,USDC,344130788,2.3,8.11
2024-07-15,Curve,Optimism,7.32,USDT,314804333,2.64,7.55
2024-07-15,Curve,Optimism,5.92,DAI,310632405,2.93,12.37
2024-07-15,Curve,Polygon,8.11,USDC,344738694,1.86,7.15
2024-07-15,Curve,Polygon,9.29,USDT,334846493,1.67,10.17
2024-07-15,Curve,Polygon,7.72,DAI,341805546,1.14,9.17
2024-07-15,Curve,Base,9.07,USDC,328499929,3.22,10.84
2024-07-15,Curve,Base,5.73,USDT,350912050,3.71,10.71
2024-07-15,Curve,Base,7.34,DAI,324598968,2.9,9.64
2024-07-15,Uniswap V3,Ethereum,6.9,USDC,105027920,41.79,0
2024-07-15,Uniswap V3,Ethereum,7.53,USDT,95442068,44.78,0
2024-07-15,Uniswap V3,Ethereum,6.48,DAI,94784361,41.29,0
2024-07-15,Uniswap V3,Arbitrum,9.48,USDC,98864110,2.82,13.91
2024-07-15,Uniswap V3,Arbitrum,8.25,DAI,100965411,3.66,13.45
2024-07-15,Uniswap V3,Optimism,9.75,USDC,98767896,3.63,9.51
2024-07-15,Uniswap V3,Optimism,10.7,USDT,100149671,3.17,8.18
2024-07-15,Uniswap V3,Optimism,6.02,DAI,93693949,3.33,7.78
2024-07-15,Uniswap V3,Polygon,7.68,USDC,102152264,1.84,11.5
2024-07-15,Uniswap V3,Polygon,9.56,USDT,91300784,1.59,10.73
2024-07-15,Uniswap V3,Polygon,9.05,DAI,93351182,1.34,5.52
2024-07-15,Uniswap V3,Base,7.73,USDC,95665285,3.57,9.82
2024-07-15,Uniswap V3,Base,8.17,USDT,102567812,3.51,9.54
2024-07-15,Uniswap V3,Base,8.77,DAI,100283822,3.12,9.65
2024-07-15,Yearn,Ethereum,4.22,USDC,132730107,25.13,0
2024-07-15,Yearn,Ethereum,4.18,USDT,124957034,33.75,0
2024-07-15,Yearn,Ethereum,3.75,DAI,135312334,25.03,0
2024-07-15,Yearn,Arbitrum,4.54,USDC,131804191,3.53,11.14
2024-07-15,Yearn,Arbitrum,5.29,DAI,125614017,4.09,12.35
2024-07-15,Yearn,Optimism,4.84,USDC,120922539,2.52,9.76
2024-07-15,Yearn,Optimism,4.91,USDT,134183830,2.47,8.17
2024-07-15,Yearn,Optimism,4.03,DAI,127339097,3.5,8.93
2024-07-15,Yearn,Polygon,5.34,USDC,120982879,1.71,6.52
2024-07-15,Yearn,Polygon,5.32,DAI,134280360,1.67,7.99
2024-07-15,Yearn,Base,4.83,USDC,132163876,3.92,7.53
2024-07-15,Yearn,Base,4.5,USDT,116267892,3.03,12.66
2024-07-15,Yearn,Base,4.42,DAI,126373087,2.76,10.69
2024-07-15,Pendle,Ethereum,9.47,USDT,69343607,47.75,0
2024-07-15,Pendle,Ethereum,6.48,DAI,85330454,46.06,0
2024-07-15,Pendle,Arbitrum,10.31,USDC,76684863,4.33,11.32
2024-07-15,Pendle,Arbitrum,12.14,USDT,80705319,2.79,12.27
2024-07-15,Pendle,Arbitrum,10.37,DAI,80952379,2.19,12.87
2024-07-15,Pendle,Optimism,9.48,USDC,83921689,3.04,9.09
2024-07-15,Pendle,Optimism,12.84,USDT,74206445,2.81,13.45
2024-07-15,Pendle,Optimism,9.95,DAI,78813143,3.35,10.13
2024-07-15,Pendle,Base,10.26,USDC,75393901,3.19,10.03
2024-07-15,Pendle,Base,12.12,USDT,73958391,4.16,12.38
2024-07-15,Pendle,Base,9.15,DAI,76675096,3.0,12.07
2024-07-15,Convex,Ethereum,5.41,USDC,158874057,46.81,0
2024-07-15,Convex,Ethereum,6.31,USDT,166516979,36.88,0
2024-07-15,Convex,Ethereum,6.32,DAI,152609413,30.71,0
2024-07-15,Balancer,Ethereum,7.34,USDC,100701085,43.68,0
2024-07-15,Balancer,Ethereum,6.17,USDT,115900365,44.02,0
2024-07-15,Balancer,Ethereum,6.45,DAI,105863742,33.05,0
2024-07-15,Balancer,Arbitrum,7.7,USDC,117093816,3.7,12.47
2024-07-15,Balancer,Arbitrum,7.71,USDT,117719253,4.21,9.81
2024-07-15,Balancer,Arbitrum,6.88,DAI,119179838,3.58,9.55
2024-07-15,Balancer,Optimism,6.65,USDC,116523917,2.99,10.8
2024-07-15,Balancer,Optimism,6.54,USDT,123031912,3.68,8.23
2024-07-15,Balancer,Optimism,7.83,DAI,115760162,2.29,8.67
2024-07-15,Balancer,Polygon,7.58,USDC,116000811,1.38,7.9
2024-07-15,Balancer,Polygon,8.37,USDT,112332715,1.58,7.21
2024-07-15,Balancer,Polygon,8.33,DAI,117835843,1.57,6.98
2024-07-15,Balancer,Base,7.73,USDC,101944204,3.05,6.95
2024-07-15,Balancer,Base,6.6,USDT,123668336,3.02,11.56
2024-07-15,Balancer,Base,7.09,DAI,117998274,4.14,9.68
2024-07-16,Aave,Ethereum,2.94,USDC,265760553,42.01,0
2024-07-16,Aave,Ethereum,3.54,USDT,256528724,43.23,0
2024-07-16,Aave,Ethereum,3.37,DAI,247376913,50.36,0
2024-07-16,Aave,Arbitrum,4.44,USDC,238862008,2.96,9.76
2024-07-16,Aave,Arbitrum,4.1,USDT,257978363,3.25,11.4
2024-07-16,Aave,Arbitrum,3.81,DAI,256741771,2.85,9.76
2024-07-16,Aave,Optimism,4.43,USDC,273740193,3.66,10.71
2024-07-16,Aave,Optimism,4.4,USDT,241229099,2.64,8.28
2024-07-16,Aave,Optimism,3.8,DAI,278562707,3.47,8.31
2024-07-16,Aave,Polygon,4.5,USDC,240922364,1.89,7.09
2024-07-16,Aave,Polygon,3.9,USDT,247839856,1.5,9.25
2024-07-16,Aave,Polygon,4.49,DAI,269876561,1.8,9.86
2024-07-16,Aave,Base,4.23,USDC,279890443,4.23,8.7
2024-07-16,Aave,Base,3.65,USDT,235011013,2.7,6.27
2024-07-16,Aave,Base,3.91,DAI,239875678,3.7,11.05
2024-07-16,Compound,Ethereum,3.37,USDC,166979613,45.11,0
2024-07-16,Compound,Ethereum,3.31,USDT,188495158,36.73,0
2024-07-16,Compound,Ethereum,3.13,DAI,161346751,38.81,0
2024-07-16,Compound,Arbitrum,3.61,USDC,180133074,2.9,13.08
2024-07-16,Compound,Arbitrum,3.65,USDT,193589566,3.37,13.72
2024-07-16,Compound,Arbitrum,3.79,DAI,175108297,1.76,10.12
2024-07-16,Compound,Optimism,3.61,USDC,177094182,2.54,10.71
2024-07-16,Compound,Optimism,3.99,USDT,173725667,2.07,11.57
2024-07-16,Compound,Optimism,4.14,DAI,196018198,3.26,10.63
2024-07-16,Compound,Polygon,4.04,USDC,191095431,1.24,6.78
2024-07-16,Compound,Polygon,4.79,USDT,177272381,1.42,8.87
2024-07-16,Compound,Polygon,3.96,DAI,193081435,1.9,7.9
2024-07-16,Compound,Base,3.74,USDC,183487291,3.13,13.27
2024-07-16,Compound,Base,4.05,USDT,179281257,4.17,10.32
2024-07-16,Curve,Ethereum,6.2,USDC,337508173,32.02,0
2024-07-16,Curve,Ethereum,6.42,USDT,317958566,45.54,0
2024-07-16,Curve,Ethereum,4.58,DAI,342299524,36.25,0
2024-07-16,Curve,Arbitrum,6.34,USDC,328478911,3.56,9.74
2024-07-16,Curve,Arbitrum,8.56,USDT,320729379,3.64,7.04
2024-07-16,Curve,Arbitrum,9.21,DAI,354707672,4.03,11.93
2024-07-16,Curve,Optimism,8.99,USDC,312548770,3.74,9.45
2024-07-16,Curve,Optimism,7.71,USDT,324460013,3.3,8.03
2024-07-16,Curve,Optimism,6.75,DAI,320351839,3.3,6.66
2024-07-16,Curve,Polygon,6.92,USDC,322630859,1.16,8.27
2024-07-16,Curve,Polygon,6.99,USDT,328404049,0.61,9.18
2024-07-16,Curve,Polygon,7.9,DAI,344070537,1.58,11.95
2024-07-16,Curve,Base,6.98,USDC,313871635,3.07,11.84
2024-07-16,Curve,Base,7.78,USDT,327197288,3.43,10.08
2024-07-16,Curve,Base,8.11,DAI,322146968,3.05,7.33
2024-07-16,Uniswap V3,Ethereum,8.13,USDC,97555871,45.78,0
2024-07-16,Uniswap V3,Ethereum,7.5,USDT,102201085,39.64,0
2024-07-16,Uniswap V3,Ethereum,7.22,DAI,96824178,37.35,0
2024-07-16,Uniswap V3,Arbitrum,7.69,USDC,101884502,1.98,12.06
2024-07-16,Uniswap V3,Arbitrum,7.14,USDT,89148583,2.28,10.49
2024-07-16,Uniswap V3,Optimism,8.49,USDC,90031936,2.79,7.61
2024-07-16,Uniswap V3,Optimism,9.5,USDT,101436853,3.75,9.42
2024-07-16,Uniswap V3,Optimism,7.09,DAI,100363415,3.94,7.84
2024-07-16,Uniswap V3,Polygon,7.28,USDC,94813542,1.68,9.05
2024-07-16,Uniswap V3,Polygon,7.96,USDT,94863239,1.25,9.3
2024-07-16,Uniswap V3,Polygon,8.73,DAI,100928230,1.67,7.56
2024-07-16,Uniswap V3,Base,8.49,USDC,98661245,3.48,10.97
2024-07-16,Uniswap V3,Base,6.72,USDT,107170284,3.22,7.44
2024-07-16,Yearn,Ethereum,4.18,USDC,131673211,47.04,0
2024-07-16,Yearn,Ethereum,4.14,USDT,125913640,29.81,0
2024-07-16,Yearn,Ethereum,4.08,DAI,133189437,42.86,0
2024-07-16,Yearn,Arbitrum,4.67,USDC,114279535,2.72,10.52
2024-07-16,Yearn,Arbitrum,5.36,USDT,137604333,3.04,11.98
2024-07-16,Yearn,Arbitrum,5.02,DAI,126857788,3.24,9.85
2024-07-16,Yearn,Optimism,4.5,USDC,125792923,3.53,8.04
2024-07-16,Yearn,Optimism,4.75,USDT,114775126,3.09,11.62
2024-07-16,Yearn,Optimism,4.96,DAI,125383415,2.84,8.26
2024-07-16,Yearn,Polygon,5.16,USDC,121764062,1.26,4.87
2024-07-16,Yearn,Polygon,5.48,USDT,116263884,1.41,9.97
2024-07-16,Yearn,Polygon,5.2,DAI,134125191,1.64,7.22
2024-07-16,Yearn,Base,4.71,USDC,126390925,2.82,9.66
2024-07-16,Yearn,Base,5.06,USDT,128544279,3.45,10.03
2024-07-16,Yearn,Base,4.59,DAI,128359473,3.86,9.01
2024-07-16,Pendle,Ethereum,8.87,USDC,79034060,42.92,0
2024-07-16,Pendle,Ethereum,7.38,DAI,79652838,42.64,0
2024-07-16,Pendle,Arbitrum,12.7,USDC,82548306,3.33,12.74
2024-07-16,Pendle,Arbitrum,9.86,USDT,77885386,4.64,12.34
2024-07-16,Pendle,Arbitrum,10.87,DAI,75411516,3.42,13.19
2024-07-16,Pendle,Optimism,9.47,USDC,70088970,3.59,10.62
2024-07-16,Pendle,Optimism,8.76,USDT,83859605,3.47,11.15
2024-07-16,Pendle,Optimism,10.65,DAI,76906327,2.3,10.72
2024-07-16,Pendle,Base,12.66,USDC,76839237,3.41,13.92
2024-07-16,Pendle,Base,12.31,USDT,74935850,3.57,6.55
2024-07-16,Pendle,Base,12.86,DAI,70800539,4.07,9.98
2024-07-16,Convex,Ethereum,4.62,USDC,153911282,55.01,0
2024-07-16,Convex,Ethereum,5.94,USDT,155169061,36.64,0
2024-07-16,Convex,Ethereum,5.83,DAI,148751865,39.73,0
2024-07-16,Balancer,Ethereum,6.97,USDT,107482682,35.29,0
2024-07-16,Balancer,Ethereum,5.76,DAI,105705194,40.11,0
2024-07-16,Balancer,Arbitrum,8.42,USDT,118836760,3.12,13.19
2024-07-16,Balancer,Arbitrum,7.31,DAI,104755861,4.35,15.28
2024-07-16,Balancer,Optimism,7.5,USDC,108705825,3.06,9.73
2024-07-16,Balancer,Optimism,8.39,USDT,115798802,2.24,9.23
2024-07-16,Balancer,Optimism,7.85,DAI,113530824,3.76,8.14
2024-07-16,Balancer,Polygon,7.66,USDC,116369197,1.64,4.62
2024-07-16,Balancer,Polygon,7.8,USDT,116710598,1.25,5.21
2024-07-16,Balancer,Polygon,9.61,DAI,115416874,1.38,8.33
2024-07-16,Balancer,Base,7.64,USDC,117808513,3.45,11.83
2024-07-16,Balancer,Base,7.99,USDT,114944430,3.19,8.48
2024-07-16,Balancer,Base,6.96,DAI,109018349,3.11,15.19
2024-07-17,Aave,Ethereum,3.54,USDC,244280961,41.0,0
2024-07-17,Aave,Ethereum,3.35,USDT,256094159,44.26,0
2024-07-17,Aave,Ethereum,3.37,DAI,268567133,45.0,0
2024-07-17,Aave,Arbitrum,3.96,USDC,254026697,4.46,8.01
2024-07-17,Aave,Arbitrum,4.05,USDT,244631955,4.05,8.01
2024-07-17,Aave,Optimism,3.88,USDC,260746344,3.41,10.12
2024-07-17,Aave,Optimism,3.69,USDT,257163010,2.53,9.72
2024-07-17,Aave,Optimism,3.85,DAI,232602915,3.78,8.77
2024-07-17,Aave,Polygon,4.5,USDC,232398458,1.24,11.01
2024-07-17,Aave,Polygon,4.48,USDT,261206033,1.25,10.11
2024-07-17,Aave,Polygon,4.17,DAI,252603699,1.25,7.82
2024-07-17,Aave,Base,4.34,USDC,247433749,3.6,12.34
2024-07-17,Aave,Base,3.86,USDT,240942709,3.23,12.03
2024-07-17,Aave,Base,3.93,DAI,229209934,3.84,11.5
2024-07-17,Compound,Ethereum,3.34,USDC,193086891,39.99,0
2024-07-17,Compound,Ethereum,3.1,USDT,192208441,45.68,0
2024-07-17,Compound,Ethereum,3.34,DAI,185410390,56.92,0
2024-07-17,Compound,Arbitrum,4.16,USDC,176882818,2.57,14.6
2024-07-17,Compound,Arbitrum,3.63,USDT,181082054,3.32,13.67
2024-07-17,Compound,Optimism,3.83,USDT,203065234,3.72,8.15
2024-07-17,Compound,Polygon,3.93,USDC,179060148,1.38,6.04
2024-07-17,Compound,Polygon,4.24,USDT,182151449,0.73,8.26
2024-07-17,Compound,Base,3.75,USDC,181445542,3.16,4.78
2024-07-17,Compound,Base,3.94,USDT,181187679,2.94,4.33
2024-07-17,Compound,Base,3.82,DAI,173768485,3.68,13.62
2024-07-17,Curve,Ethereum,5.83,USDC,326927102,44.3,0
2024-07-17,Curve,Ethereum,5.98,USDT,345573988,42.77,0
2024-07-17,Curve,Ethereum,6.42,DAI,347542442,33.9,0
2024-07-17,Curve,Arbitrum,7.98,USDC,331512482,2.44,10.07
2024-07-17,Curve,Arbitrum,8.07,USDT,338026397,5.19,9.97
2024-07-17,Curve,Arbitrum,9.13,DAI,330649069,3.83,13.86
2024-07-17,Curve,Optimism,6.98,USDC,310193314,1.86,9.06
2024-07-17,Curve,Optimism,8.31,USDT,327361107,3.45,13.06
2024-07-17,Curve,Polygon,7.47,USDC,296457099,1.62,9.36
2024-07-17,Curve,Polygon,8.68,USDT,334974080,1.54,7.61
2024-07-17,Curve,Polygon,7.46,DAI,329493645,1.65,8.91
2024-07-17,Curve,Base,7.56,USDC,338703542,2.55,14.33
2024-07-17,Curve,Base,6.82,USDT,349918686,3.16,10.35
2024-07-17,Curve,Base,7.96,DAI,304024588,3.29,8.41
2024-07-17,Uniswap V3,Ethereum,7.08,USDC,90731343,51.69,0
2024-07-17,Uniswap V3,Ethereum,7.24,USDT,103803216,30.88,0
2024-07-17,Uniswap V3,Arbitrum,8.57,USDC,94292268,3.3,11.14
2024-07-17,Uniswap V3,Arbitrum,7.75,USDT,101343863,2.37,13.24
2024-07-17,Uniswap V3,Arbitrum,11.2,DAI,90783854,3.6,10.48
2024-07-17,Uniswap V3,Optimism,9.49,USDC,96267767,2.5,10.06
2024-07-17,Uniswap V3,Optimism,8.42,USDT,100383715,4.21,11.43
2024-07-17,Uniswap V3,Optimism,7.43,DAI,90203755,3.64,8.97
2024-07-17,Uniswap V3,Polygon,9.64,USDC,94544988,1.62,10.11
2024-07-17,Uniswap V3,Polygon,9.74,USDT,99108190,1.12,5.85
2024-07-17,Uniswap V3,Polygon,10.25,DAI,91638774,0.7,6.76
2024-07-17,Uniswap V3,Base,8.8,USDC,89681425,2.55,11.34
2024-07-17,Uniswap V3,Base,7.32,USDT,92930602,3.42,6.84
2024-07-17,Uniswap V3,Base,8.89,DAI,98579907,3.76,8.99
2024-07-17,Yearn,Ethereum,4.04,USDC,123214845,46.07,0
2024-07-17,Yearn,Ethereum,3.94,USDT,118557477,46.81,0
2024-07-17,Yearn,Ethereum,4.46,DAI,119389010,52.43,0
2024-07-17,Yearn,Arbitrum,5.57,USDC,112266955,3.12,13.67
2024-07-17,Yearn,Arbitrum,4.66,USDT,113162309,4.58,12.8
2024-07-17,Yearn,Arbitrum,4.77,DAI,131884418,4.01,10.21
2024-07-17,Yearn,Optimism,5.07,USDC,114085319,2.37,6.68
2024-07-17,Yearn,Optimism,4.86,USDT,109735327,3.22,8.56
2024-07-17,Yearn,Optimism,4.56,DAI,115715182,2.76,9.25
2024-07-17,Yearn,Polygon,5.6,USDC,113037451,1.45,9.41
2024-07-17,Yearn,Polygon,5.39,USDT,118197159,2.13,6.02
2024-07-17,Yearn,Polygon,5.7,DAI,127192563,1.8,6.64
2024-07-17,Yearn,Base,5.28,USDC,110149604,3.54,9.59
2024-07-17,Yearn,Base,4.28,USDT,119633425,3.76,9.89
2024-07-17,Yearn,Base,5.13,DAI,124984082,3.11,10.24
2024-07-17,Pendle,Ethereum,9.12,USDC,74179904,52.68,0
2024-07-17,Pendle,Ethereum,8.82,USDT,66687002,33.52,0
2024-07-17,Pendle,Ethereum,8.98,DAI,75013681,42.85,0
2024-07-17,Pendle,Arbitrum,11.66,USDC,72143912,3.57,8.3
2024-07-17,Pendle,Arbitrum,11.97,USDT,77003440,5.36,8.76
2024-07-17,Pendle,Arbitrum,10.53,DAI,76555069,2.89,12.48
2024-07-17,Pendle,Optimism,11.58,USDC,70318560,2.45,8.3
2024-07-17,Pendle,Optimism,12.13,USDT,77636868,2.61,5.83
2024-07-17,Pendle,Optimism,11.14,DAI,71375105,2.72,8.87
2024-07-17,Pendle,Base,10.59,DAI,76472227,3.42,9.77
2024-07-17,Convex,Ethereum,5.12,USDT,149498505,38.52,0
2024-07-17,Convex,Ethereum,5.81,DAI,159874976,27.83,0
2024-07-17,Balancer,Ethereum,6.72,USDC,101301801,35.53,0
2024-07-17,Balancer,Ethereum,6.44,USDT,108075092,42.78,0
2024-07-17,Balancer,Ethereum,6.88,DAI,107722397,47.56,0
2024-07-17,Balancer,Arbitrum,8.46,USDC,111161744,3.09,12.59
2024-07-17,Balancer,Arbitrum,7.82,USDT,116631708,3.12,12.26
2024-07-17,Balancer,Arbitrum,8.46,DAI,97489790,4.23,8.94
2024-07-17,Balancer,Optimism,6.97,USDT,111011422,2.59,9.54
2024-07-17,Balancer,Optimism,8.06,DAI,111613666,3.84,9.24
2024-07-17,Balancer,Polygon,10.16,USDC,107901920,1.97,7.98
2024-07-17,Balancer,Polygon,9.1,USDT,109852810,1.78,8.24
2024-07-17,Balancer,Base,8.22,USDC,116516768,4.07,11.89
2024-07-17,Balancer,Base,8.78,USDT,99937386,3.18,8.15
2024-07-17,Balancer,Base,8.25,DAI,105296073,2.89,6.6
2024-07-18,Aave,Ethereum,3.69,USDC,264622988,52.25,0
2024-07-18,Aave,Ethereum,3.4,DAI,235850119,30.17,0
2024-07-18,Aave,Arbitrum,4.17,USDC,251062386,3.12,12.19
2024-07-18,Aave,Arbitrum,4.17,USDT,250554038,4.22,15.03
2024-07-18,Aave,Arbitrum,4.17,DAI,265410562,2.98,15.62
2024-07-18,Aave,Optimism,3.55,USDC,243607882,2.29,13.44
2024-07-18,Aave,Optimism,3.94,USDT,221062144,1.88,10.49
2024-07-18,Aave,Optimism,4.47,DAI,246820426,3.26,9.78
2024-07-18,Aave,Polygon,3.68,USDC,240161194,1.75,8.34
2024-07-18,Aave,Polygon,4.55,USDT,243471853,1.61,5.88
2024-07-18,Aave,Polygon,4.48,DAI,246067306,1.45,6.14
2024-07-18,Aave,Base,4.04,USDC,256530354,3.48,10.23
2024-07-18,Aave,Base,4.06,USDT,246365128,4.1,9.71
2024-07-18,Aave,Base,3.77,DAI,250306407,3.03,13.58
2024-07-18,Compound,Ethereum,3.5,USDC,170325036,35.32,0
2024-07-18,Compound,Ethereum,3.08,USDT,167111840,35.94,0
2024-07-18,Compound,Ethereum,3.33,DAI,180309706,39.0,0
2024-07-18,Compound,Arbitrum,4.11,USDC,181887746,3.1,9.31
2024-07-18,Compound,Arbitrum,4.0,USDT,157984206,2.33,11.39
2024-07-18,Compound,Arbitrum,3.64,DAI,166806286,2.97,15.68
2024-07-18,Compound,Optimism,3.92,USDC,172701843,3.82,6.66
2024-07-18,Compound,Optimism,3.86,USDT,167771407,3.57,9.16
2024-07-18,Compound,Optimism,3.62,DAI,180005755,2.25,9.6
2024-07-18,Compound,Polygon,4.01,USDT,178219547,1.4,11.49
2024-07-18,Compound,Polygon,4.08,DAI,181012787,1.78,7.97
2024-07-18,Compound,Base,4.06,USDC,165192089,2.96,9.15
2024-07-18,Compound,Base,3.88,USDT,179230724,2.73,7.63
2024-07-18,Compound,Base,3.92,DAI,185301853,2.69,12.91
2024-07-18,Curve,Ethereum,7.15,USDT,284495936,58.75,0
2024-07-18,Curve,Arbitrum,8.24,USDC,316323046,3.54,10.66
2024-07-18,Curve,Arbitrum,7.38,USDT,305743923,3.01,12.41
2024-07-18,Curve,Arbitrum,8.12,DAI,335203851,3.93,11.55
2024-07-18,Curve,Optimism,6.87,USDC,347197090,2.61,10.88
2024-07-18,Curve,Optimism,6.91,USDT,319307493,3.08,11.05
2024-07-18,Curve,Optimism,7.66,DAI,289586586,3.32,6.4
2024-07-18,Curve,Polygon,6.82,USDC,316031792,1.21,5.71
2024-07-18,Curve,Polygon,8.26,USDT,303597360,1.27,8.02
2024-07-18,Curve,Base,7.13,USDC,321010331,3.13,10.33
2024-07-18,Curve,Base,7.18,USDT,311699438,3.56,7.37
2024-07-18,Curve,Base,7.55,DAI,309622840,3.03,7.13
2024-07-18,Uniswap V3,Ethereum,7.87,USDC,99381495,46.98,0
2024-07-18,Uniswap V3,Ethereum,7.97,DAI,92016680,44.93,0
2024-07-18,Uniswap V3,Arbitrum,8.32,USDC,88376348,2.79,12.49
2024-07-18,Uniswap V3,Arbitrum,9.29,USDT,88056040,4.19,9.97
2024-07-18,Uniswap V3,Arbitrum,8.86,DAI,94464904,4.1,10.63
2024-07-18,Uniswap V3,Optimism,7.34,USDC,96623904,3.36,7.49
2024-07-18,Uniswap V3,Optimism,8.23,USDT,95088410,2.94,10.68
2024-07-18,Uniswap V3,Optimism,9.02,DAI,99795431,2.28,13.8
2024-07-18,Uniswap V3,Polygon,9.04,USDC,92425012,1.33,8.28
2024-07-18,Uniswap V3,Polygon,7.83,USDT,94247219,1.04,7.47
2024-07-18,Uniswap V3,Polygon,9.23,DAI,92683079,1.26,10.1
2024-07-18,Uniswap V3,Base,8.11,USDC,95723222,3.24,10.69
2024-07-18,Uniswap V3,Base,8.61,USDT,92796994,2.66,9.32
2024-07-18,Uniswap V3,Base,9.21,DAI,90853423,3.09,8.01
2024-07-18,Yearn,Ethereum,3.73,USDC,115066206,32.57,0
2024-07-18,Yearn,Ethereum,4.37,DAI,132215175,52.58,0
2024-07-18,Yearn,Arbitrum,5.18,USDC,120936710,3.12,9.62
2024-07-18,Yearn,Arbitrum,5.23,USDT,124863427,3.22,12.5
2024-07-18,Yearn,Arbitrum,4.79,DAI,120900038,2.41,13.23
2024-07-18,Yearn,Optimism,4.97,USDC,122561889,2.87,8.04
2024-07-18,Yearn,Optimism,4.57,USDT,129300023,2.75,10.73
2024-07-18,Yearn,Optimism,4.53,DAI,122586757,3.58,6.56
2024-07-18,Yearn,Polygon,4.46,USDC,109630826,1.71,6.61
2024-07-18,Yearn,Polygon,5.18,USDT,123644413,1.32,8.18
2024-07-18,Yearn,Polygon,5.37,DAI,117711695,1.53,10.18
2024-07-18,Yearn,Base,5.1,USDC,119900551,3.59,9.85
2024-07-18,Yearn,Base,4.89,USDT,123371473,3.75,9.66
2024-07-18,Yearn,Base,5.07,DAI,120018639,3.31,10.72
2024-07-18,Pendle,Ethereum,8.66,USDC,75013071,43.21,0
2024-07-18,Pendle,Ethereum,9.49,USDT,73744167,52.9,0
2024-07-18,Pendle,Ethereum,9.14,DAI,71926923,37.21,0
2024-07-18,Pendle,Arbitrum,9.7,USDC,75887266,3.92,10.05
2024-07-18,Pendle,Arbitrum,12.95,USDT,80633923,4.26,11.72
2024-07-18,Pendle,Arbitrum,9.96,DAI,73821814,2.73,15.49
2024-07-18,Pendle,Optimism,10.02,USDC,75345763,3.44,8.26
2024-07-18,Pendle,Optimism,10.06,USDT,73810408,2.5,10.58
2024-07-18,Pendle,Optimism,10.2,DAI,73088616,3.01,9.07
2024-07-18,Pendle,Base,11.87,USDC,72433648,3.22,8.08
2024-07-18,Pendle,Base,12.2,USDT,74960542,3.3,11.17
2024-07-18,Pendle,Base,10.39,DAI,72113338,3.14,11.74
2024-07-18,Convex,Ethereum,5.79,USDC,137400394,40.61,0
2024-07-18,Convex,Ethereum,5.97,USDT,159913450,51.7,0
2024-07-18,Convex,Ethereum,5.61,DAI,153626460,41.03,0
2024-07-18,Balancer,Ethereum,6.4,USDC,114599048,41.89,0
2024-07-18,Balancer,Ethereum,6.62,USDT,109585935,37.35,0
2024-07-18,Balancer,Ethereum,6.45,DAI,107411176,65.32,0
2024-07-18,Balancer,Arbitrum,9.52,USDC,119951592,3.62,14.64
2024-07-18,Balancer,Arbitrum,9.25,USDT,106438717,3.53,7.15
2024-07-18,Balancer,Arbitrum,8.57,DAI,110315219,4.33,11.27
2024-07-18,Balancer,Optimism,7.49,USDT,109251820,2.07,10.77
2024-07-18,Balancer,Optimism,7.78,DAI,108146758,2.94,7.99
2024-07-18,Balancer,Polygon,7.05,USDC,114533032,1.92,9.87
2024-07-18,Balancer,Polygon,9.08,USDT,109769016,1.56,9.66
2024-07-18,Balancer,Polygon,8.29,DAI,111780314,1.5,10.63
2024-07-18,Balancer,Base,7.45,USDC,109748993,3.04,12.13
2024-07-18,Balancer,Base,8.73,USDT,105835172,3.48,14.22
2024-07-18,Balancer,Base,7.64,DAI,101486669,3.5,9.96
2024-07-19,Aave,Ethereum,3.08,USDC,226823569,46.62,0
2024-07-19,Aave,Ethereum,3.4,USDT,250183055,46.06,0
2024-07-19,Aave,Ethereum,3.78,DAI,251848622,34.74,0
2024-07-19,Aave,Arbitrum,4.39,USDC,247014039,4.43,10.53
2024-07-19,Aave,Arbitrum,4.05,USDT,258970249,4.73,10.87
2024-07-19,Aave,Arbitrum,4.18,DAI,263398652,3.44,13.1
2024-07-19,Aave,Optimism,3.68,USDC,235615370,3.32,10.23
2024-07-19,Aave,Optimism,3.69,USDT,239893005,3.2,11.46
2024-07-19,Aave,Optimism,3.67,DAI,266383391,3.52,8.65
2024-07-19,Aave,Polygon,4.59,USDC,229247201,1.22,5.47
2024-07-19,Aave,Polygon,4.36,USDT,228664467,1.29,9.36
2024-07-19,Aave,Polygon,4.3,DAI,258720000,1.53,6.75
2024-07-19,Aave,Base,4.02,DAI,254940148,3.38,11.02
2024-07-19,Compound,Ethereum,3.17,USDC,165129869,39.0,0
2024-07-19,Compound,Ethereum,3.13,USDT,193044301,38.6,0
2024-07-19,Compound,Ethereum,3.05,DAI,183523265,48.15,0
2024-07-19,Compound,Arbitrum,3.6,USDC,149852338,4.38,15.68
2024-07-19,Compound,Arbitrum,3.91,USDT,181997483,3.48,10.08
2024-07-19,Compound,Arbitrum,3.63,DAI,181529628,3.03,6.98
2024-07-19,Compound,Optimism,3.59,USDC,183519110,2.64,6.39
2024-07-19,Compound,Optimism,3.45,USDT,165264685,2.88,10.49
2024-07-19,Compound,Polygon,4.25,USDC,167703208,1.57,10.13
2024-07-19,Compound,Polygon,3.89,USDT,167027656,1.15,9.03
2024-07-19,Compound,Polygon,4.16,DAI,169382728,1.03,7.62
2024-07-19,Compound,Base,3.44,USDC,167900702,2.59,9.09
2024-07-19,Compound,Base,3.73,USDT,175930563,3.26,9.88
2024-07-19,Compound,Base,4.02,DAI,168332401,2.98,9.28
2024-07-19,Curve,Ethereum,6.36,USDC,308293204,30.42,0
2024-07-19,Curve,Ethereum,6.33,USDT,309416494,36.85,0
2024-07-19,Curve,Ethereum,7.43,DAI,334271447,51.34,0
2024-07-19,Curve,Arbitrum,7.08,USDC,310635590,4.86,11.0
2024-07-19,Curve,Arbitrum,7.2,USDT,314738140,3.5,10.63
2024-07-19,Curve,Arbitrum,8.04,DAI,311601840,4.09,10.1
2024-07-19,Curve,Optimism,5.94,USDC,307396104,4.02,8.52
2024-07-19,Curve,Optimism,8.57,USDT,312926641,2.59,10.1
2024-07-19,Curve,Optimism,7.06,DAI,285912979,2.67,9.61
2024-07-19,Curve,Polygon,5.96,USDC,312719250,1.86,7.48
2024-07-19,Curve,Polygon,7.88,USDT,308934934,1.32,9.39
2024-07-19,Curve,Base,8.01,USDC,299791999,3.14,12.33
2024-07-19,Curve,Base,6.51,USDT,336905064,3.3,13.28
2024-07-19,Curve,Base,8.1,DAI,332823635,4.39,9.19
2024-07-19,Uniswap V3,Ethereum,6.6,USDC,89373476,33.3,0
2024-07-19,Uniswap V3,Ethereum,7.7,USDT,91433430,36.3,0
2024-07-19,Uniswap V3,Ethereum,7.36,DAI,92991714,42.09,0
2024-07-19,Uniswap V3,Arbitrum,8.26,USDT,82853775,4.19,13.68
2024-07-19,Uniswap V3,Optimism,8.36,USDC,94384132,3.02,9.47
2024-07-19,Uniswap V3,Optimism,6.76,USDT,98368644,2.42,7.71
2024-07-19,Uniswap V3,Optimism,7.08,DAI,93620574,3.36,9.67
2024-07-19,Uniswap V3,Polygon,8.9,USDC,91553160,1.5,8.18
2024-07-19,Uniswap V3,Polygon,9.66,USDT,88731490,1.28,9.88
2024-07-19,Uniswap V3,Base,8.26,USDC,104163700,3.25,9.62
2024-07-19,Uniswap V3,Base,8.02,USDT,88427059,2.76,7.32
2024-07-19,Uniswap V3,Base,7.32,DAI,90407014,3.39,5.22
2024-07-19,Yearn,Ethereum,3.96,USDC,113070516,47.65,0
2024-07-19,Yearn,Ethereum,4.32,USDT,123532538,38.84,0
2024-07-19,Yearn,Ethereum,4.31,DAI,124551372,44.14,0
2024-07-19,Yearn,Arbitrum,5.03,USDT,116951326,3.79,12.94
2024-07-19,Yearn,Arbitrum,4.86,DAI,120411303,2.11,9.08
2024-07-19,Yearn,Optimism,4.43,USDC,112367554,2.53,7.99
2024-07-19,Yearn,Optimism,4.57,USDT,118448724,2.03,9.15
2024-07-19,Yearn,Optimism,5.04,DAI,120329432,2.97,9.09
2024-07-19,Yearn,Polygon,4.63,USDC,120548562,1.33,7.89
2024-07-19,Yearn,Polygon,5.16,USDT,118604645,1.65,5.92
2024-07-19,Yearn,Polygon,5.28,DAI,108522444,1.6,6.69
2024-07-19,Yearn,Base,5.01,USDT,117241254,3.76,12.79
2024-07-19,Yearn,Base,4.67,DAI,112657560,3.68,8.65
2024-07-19,Pendle,Ethereum,8.79,USDC,69970549,39.29,0
2024-07-19,Pendle,Ethereum,10.75,USDT,71518805,51.46,0
2024-07-19,Pendle,Ethereum,7.08,DAI,72449301,45.22,0
2024-07-19,Pendle,Arbitrum,8.79,USDC,77955737,2.48,11.31
2024-07-19,Pendle,Arbitrum,11.32,USDT,68949865,3.16,12.71
2024-07-19,Pendle,Optimism,10.69,USDC,72786469,3.08,8.16
2024-07-19,Pendle,Optimism,10.4,USDT,78528621,3.3,8.34
2024-07-19,Pendle,Optimism,9.67,DAI,69492417,3.27,10.41
2024-07-19,Pendle,Base,8.97,USDC,76370718,3.5,8.12
2024-07-19,Pendle,Base,10.25,USDT,77380588,3.32,11.02
2024-07-19,Pendle,Base,9.95,DAI,73094656,3.43,12.44
2024-07-19,Convex,Ethereum,5.33,USDC,154484022,45.92,0
2024-07-19,Convex,Ethereum,5.79,DAI,153650516,42.08,0
2024-07-19,Balancer,Ethereum,6.33,USDC,105803289,42.78,0
2024-07-19,Balancer,Ethereum,5.8,USDT,106770446,45.49,0
2024-07-19,Balancer,Ethereum,6.14,DAI,114657605,39.43,0
2024-07-19,Balancer,Arbitrum,9.0,USDC,103931641,2.91,13.27
2024-07-19,Balancer,Arbitrum,8.07,USDT,96821469,2.89,12.09
2024-07-19,Balancer,Arbitrum,7.29,DAI,102920720,2.54,7.49
2024-07-19,Balancer,Optimism,7.38,USDC,113538058,2.32,11.37
2024-07-19,Balancer,Optimism,9.13,USDT,111110369,3.18,10.57
2024-07-19,Balancer,Optimism,7.44,DAI,105442461,3.14,7.65
2024-07-19,Balancer,Polygon,8.17,USDC,107842011,1.27,7.6
2024-07-19,Balancer,Polygon,8.51,USDT,105268118,1.56,8.63
2024-07-19,Balancer,Polygon,6.85,DAI,98179912,1.17,8.91
2024-07-19,Balancer,Base,7.84,USDC,111661281,3.58,8.76
2024-07-19,Balancer,Base,7.11,USDT,107016676,3.27,10.88
2024-07-19,Balancer,Base,9.49,DAI,107472481,2.73,11.17
2024-07-20,Aave,Ethereum,3.32,USDC,250339789,26.47,0
2024-07-20,Aave,Ethereum,3.52,USDT,251224624,24.18,0
2024-07-20,Aave,Arbitrum,4.08,USDC,232511973,2.63,15.97
2024-07-20,Aave,Arbitrum,3.66,USDT,262771478,2.53,9.05
2024-07-20,Aave,Arbitrum,4.12,DAI,249040863,1.94,12.03
2024-07-20,Aave,Optimism,4.03,USDC,248175216,1.93,7.09
2024-07-20,Aave,Optimism,3.81,USDT,230258845,1.43,11.64
2024-07-20,Aave,Optimism,3.37,DAI,248309619,1.5,8.65
2024-07-20,Aave,Polygon,4.02,USDC,246625933,0.88,7.16
2024-07-20,Aave,Polygon,3.98,USDT,253988439,0.49,7.82
2024-07-20,Aave,Polygon,4.29,DAI,238891963,1.0,9.86
2024-07-20,Aave,Base,3.86,USDC,215259325,1.92,15.2
2024-07-20,Aave,Base,4.15,USDT,245698365,2.31,12.72
2024-07-20,Aave,Base,3.78,DAI,267499476,2.02,10.58
2024-07-20,Compound,Ethereum,3.07,USDC,161608982,27.91,0
2024-07-20,Compound,Ethereum,2.78,USDT,185184461,30.86,0
2024-07-20,Compound,Ethereum,3.21,DAI,167956469,30.55,0
2024-07-20,Compound,Arbitrum,3.71,USDT,181493888,1.48,12.04
2024-07-20,Compound,Arbitrum,3.64,DAI,170125073,2.65,13.28
2024-07-20,Compound,Optimism,3.69,DAI,164752101,1.39,9.82
2024-07-20,Compound,Polygon,3.91,USDC,172416384,0.93,12.55
2024-07-20,Compound,Polygon,4.21,USDT,157719248,0.98,7.56
2024-07-20,Compound,Polygon,3.95,DAI,181132578,0.87,8.29
2024-07-20,Compound,Base,3.86,USDT,174533980,2.06,9.29
2024-07-20,Curve,Ethereum,6.1,USDC,275369981,34.7,0
2024-07-20,Curve,Ethereum,7.94,USDT,291911685,21.97,0
2024-07-20,Curve,Ethereum,7.32,DAI,296004854,28.85,0
2024-07-20,Curve,Arbitrum,9.72,USDC,299977879,2.49,8.98
2024-07-20,Curve,Arbitrum,8.62,USDT,308011395,4.02,10.26
2024-07-20,Curve,Arbitrum,7.75,DAI,306499098,1.45,11.84
2024-07-20,Curve,Optimism,7.82,USDC,275661877,1.9,8.17
2024-07-20,Curve,Optimism,7.21,USDT,304287915,2.14,8.72
2024-07-20,Curve,Optimism,7.09,DAI,312378336,1.69,12.02
2024-07-20,Curve,Polygon,7.9,USDC,298711407,0.75,6.15
2024-07-20,Curve,Polygon,6.75,USDT,300443664,0.86,7.29
2024-07-20,Curve,Base,8.03,USDC,301775783,2.16,12.52
2024-07-20,Curve,Base,7.38,USDT,314247609,2.36,10.94
2024-07-20,Curve,Base,8.58,DAI,305207742,2.83,9.16
2024-07-20,Uniswap V3,Ethereum,6.82,USDC,89884195,31.21,0
2024-07-20,Uniswap V3,Ethereum,6.33,USDT,91510808,27.8,0
2024-07-20,Uniswap V3,Ethereum,6.43,DAI,96437872,30.17,0
2024-07-20,Uniswap V3,Arbitrum,8.48,USDC,91887795,2.32,13.76
2024-07-20,Uniswap V3,Arbitrum,6.97,DAI,90743372,2.53,16.59
2024-07-20,Uniswap V3,Optimism,7.21,USDC,91142681,1.58,12.42
2024-07-20,Uniswap V3,Optimism,8.08,USDT,91873836,1.81,10.54
2024-07-20,Uniswap V3,Optimism,8.87,DAI,86943108,1.88,8.25
2024-07-20,Uniswap V3,Polygon,9.12,USDC,98373300,0.99,8.23
2024-07-20,Uniswap V3,Polygon,8.66,USDT,89832103,1.05,6.42
2024-07-20,Uniswap V3,Polygon,7.85,DAI,93827297,0.8,5.92
2024-07-20,Uniswap V3,Base,7.92,USDC,95544368,1.93,11.22
2024-07-20,Uniswap V3,Base,9.1,USDT,96303205,2.41,13.0
2024-07-20,Uniswap V3,Base,8.68,DAI,87446874,1.88,11.33
2024-07-20,Yearn,Ethereum,3.76,USDC,117800354,30.8,0
2024-07-20,Yearn,Ethereum,3.8,USDT,116760133,27.74,0
2024-07-20,Yearn,Ethereum,3.93,DAI,115043444,38.58,0
2024-07-20,Yearn,Arbitrum,4.44,USDT,116473317,2.26,13.49
2024-07-20,Yearn,Arbitrum,5.29,DAI,116388731,2.38,15.64
2024-07-20,Yearn,Optimism,4.94,USDC,107765813,1.48,9.35
2024-07-20,Yearn,Optimism,4.37,USDT,119652723,1.33,10.6
2024-07-20,Yearn,Polygon,5.19,USDC,116079820,1.19,5.78
2024-07-20,Yearn,Polygon,5.47,USDT,116058711,1.11,6.42
2024-07-20,Yearn,Polygon,4.87,DAI,125512993,1.18,7.12
2024-07-20,Yearn,Base,4.84,USDC,111974494,2.63,10.65
2024-07-20,Yearn,Base,4.77,USDT,108968958,2.24,10.53
2024-07-20,Yearn,Base,5.19,DAI,123026779,1.98,9.61
2024-07-20,Pendle,Ethereum,8.06,USDC,71535394,27.08,0
2024-07-20,Pendle,Ethereum,8.65,USDT,72557095,22.95,0
2024-07-20,Pendle,Ethereum,7.83,DAI,72730988,21.19,0
2024-07-20,Pendle,Arbitrum,11.56,USDC,72204929,2.23,15.48
2024-07-20,Pendle,Arbitrum,9.84,USDT,72950428,2.72,12.63
2024-07-20,Pendle,Arbitrum,10.18,DAI,62942414,2.63,15.45
2024-07-20,Pendle,Optimism,11.24,USDC,76128879,2.26,12.95
2024-07-20,Pendle,Optimism,8.96,USDT,71368127,2.58,8.97
2024-07-20,Pendle,Optimism,11.23,DAI,68823346,1.73,6.76
2024-07-20,Pendle,Base,11.33,USDT,74285997,2.61,12.96
2024-07-20,Pendle,Base,11.04,DAI,67458209,2.34,11.46
2024-07-20,Convex,Ethereum,5.69,USDC,140356713,26.09,0
2024-07-20,Convex,Ethereum,6.18,USDT,142229607,24.94,0
2024-07-20,Convex,Ethereum,6.11,DAI,150779092,29.05,0
2024-07-20,Balancer,Ethereum,7.71,USDC,106298092,25.73,0
2024-07-20,Balancer,Ethereum,8.06,USDT,99831095,15.72,0
2024-07-20,Balancer,Ethereum,7.55,DAI,118695172,35.64,0
2024-07-20,Balancer,Arbitrum,8.01,USDC,104061258,1.92,11.51
2024-07-20,Balancer,Arbitrum,9.04,USDT,112706578,2.3,12.92
2024-07-20,Balancer,Arbitrum,7.62,DAI,110964141,1.23,9.1
2024-07-20,Balancer,Optimism,7.53,USDC,103603084,1.36,7.65
2024-07-20,Balancer,Optimism,7.45,USDT,99939708,2.09,11.29
2024-07-20,Balancer,Optimism,7.75,DAI,97961178,1.49,10.22
2024-07-20,Balancer,Polygon,8.94,USDC,94857584,0.83,9.43
2024-07-20,Balancer,Polygon,8.97,USDT,112684237,1.03,9.7
2024-07-20,Balancer,Polygon,8.98,DAI,100071060,1.17,9.03
2024-07-20,Balancer,Base,8.58,USDC,111494976,2.14,9.64
2024-07-20,Balancer,Base,6.97,USDT,116270985,2.0,7.86
2024-07-20,Balancer,Base,7.66,DAI,116984958,2.74,11.59
2024-07-21,Aave,Ethereum,3.34,USDC,249705273,27.31,0
2024-07-21,Aave,Ethereum,3.37,USDT,234511963,30.87,0
2024-07-21,Aave,Ethereum,3.36,DAI,224266906,25.96,0
2024-07-21,Aave,Arbitrum,3.5,USDC,237721081,3.02,15.39
2024-07-21,Aave,Arbitrum,3.61,DAI,224965873,2.41,13.12
2024-07-21,Aave,Optimism,4.15,USDC,223030324,1.27,8.83
2024-07-21,Aave,Optimism,3.57,USDT,225251098,2.07,7.85
2024-07-21,Aave,Optimism,4.01,DAI,233963561,2.13,9.61
2024-07-21,Aave,Polygon,4.32,USDC,243095781,0.75,7.64
2024-07-21,Aave,Polygon,4.08,DAI,255491675,0.81,8.0
2024-07-21,Aave,Base,4.38,USDC,223052115,2.4,11.56
2024-07-21,Aave,Base,4.35,USDT,242261188,2.26,10.61
2024-07-21,Aave,Base,4.07,DAI,223412020,1.74,12.08
2024-07-21,Compound,Ethereum,2.99,USDC,155768769,22.72,0
2024-07-21,Compound,Ethereum,3.37,USDT,173194164,22.47,0
2024-07-21,Compound,Ethereum,3.02,DAI,176693634,35.0,0
2024-07-21,Compound,Arbitrum,3.55,USDC,172608510,2.86,10.66
2024-07-21,Compound,Arbitrum,3.73,USDT,176591638,2.76,12.51
2024-07-21,Compound,Arbitrum,4.0,DAI,159872220,2.36,13.36
2024-07-21,Compound,Optimism,3.81,USDC,156760658,2.02,12.49
2024-07-21,Compound,Optimism,3.3,USDT,173110156,1.77,9.23
2024-07-21,Compound,Optimism,3.53,DAI,174398323,2.09,12.76
2024-07-21,Compound,Polygon,4.07,USDT,174424545,0.88,7.02
2024-07-21,Compound,Polygon,3.73,DAI,173246239,1.15,10.13
2024-07-21,Compound,Base,3.84,USDC,160226349,1.98,8.23
2024-07-21,Compound,Base,3.85,USDT,181572806,2.29,11.78
2024-07-21,Compound,Base,3.56,DAI,172403078,2.3,8.15
2024-07-21,Curve,Ethereum,6.39,USDC,274403195,28.15,0
2024-07-21,Curve,Ethereum,5.29,USDT,288188156,29.23,0
2024-07-21,Curve,Ethereum,6.29,DAI,328202767,29.2,0
2024-07-21,Curve,Arbitrum,8.48,USDC,297745348,2.62,11.76
2024-07-21,Curve,Arbitrum,6.94,USDT,302425397,2.43,7.0
2024-07-21,Curve,Arbitrum,6.33,DAI,314481913,2.0,15.69
2024-07-21,Curve,Optimism,6.81,USDC,324220761,1.46,10.05
2024-07-21,Curve,Optimism,7.78,USDT,292446343,2.35,7.55
2024-07-21,Curve,Optimism,6.95,DAI,321735127,2.54,12.87
2024-07-21,Curve,Polygon,8.7,USDT,317088574,0.89,6.97
2024-07-21,Curve,Polygon,6.67,DAI,317701448,1.02,9.11
2024-07-21,Curve,Base,8.15,USDC,262288023,2.32,11.78
2024-07-21,Curve,Base,7.31,USDT,305166659,2.68,10.18
2024-07-21,Curve,Base,7.65,DAI,272892682,2.13,9.39
2024-07-21,Uniswap V3,Ethereum,7.88,USDC,92498851,21.9,0
2024-07-21,Uniswap V3,Ethereum,6.43,USDT,88648122,29.26,0
2024-07-21,Uniswap V3,Ethereum,7.62,DAI,86262264,25.69,0
2024-07-21,Uniswap V3,Arbitrum,7.8,USDC,97738711,1.5,8.94
2024-07-21,Uniswap V3,Arbitrum,7.83,USDT,89258982,2.47,14.45
2024-07-21,Uniswap V3,Arbitrum,9.33,DAI,88864239,2.1,11.35
2024-07-21,Uniswap V3,Optimism,7.98,USDT,99564679,2.36,8.44
2024-07-21,Uniswap V3,Optimism,7.37,DAI,83850572,2.13,10.38
2024-07-21,Uniswap V3,Polygon,8.16,USDT,96398404,0.77,8.07
2024-07-21,Uniswap V3,Polygon,9.37,DAI,74889293,1.08,8.38
2024-07-21,Uniswap V3,Base,8.41,USDC,90199797,2.06,12.29
2024-07-21,Uniswap V3,Base,9.07,USDT,94093752,2.41,9.11
2024-07-21,Uniswap V3,Base,8.1,DAI,90940395,1.88,7.84
2024-07-21,Yearn,Ethereum,3.97,DAI,113227773,32.27,0
2024-07-21,Yearn,Arbitrum,4.78,USDC,103466927,2.3,17.49
2024-07-21,Yearn,Arbitrum,5.41,USDT,109775846,3.06,14.79
2024-07-21,Yearn,Arbitrum,5.12,DAI,121327816,1.79,14.54
2024-07-21,Yearn,Optimism,4.95,USDC,103203653,1.92,4.81
2024-07-21,Yearn,Optimism,4.61,USDT,118377273,1.67,9.25
2024-07-21,Yearn,Optimism,4.74,DAI,120815768,1.88,6.05
2024-07-21,Yearn,Polygon,4.69,USDC,121196140,1.35,11.42
2024-07-21,Yearn,Polygon,5.15,USDT,125258367,0.64,6.61
2024-07-21,Yearn,Polygon,5.16,DAI,118401825,1.04,7.66
2024-07-21,Yearn,Base,4.5,USDC,113095396,2.16,11.52
2024-07-21,Yearn,Base,4.77,USDT,112602544,2.42,12.36
2024-07-21,Yearn,Base,4.65,DAI,112187875,2.27,11.09
2024-07-21,Pendle,Ethereum,9.24,USDC,69323130,22.76,0
2024-07-21,Pendle,Ethereum,7.84,USDT,74602114,26.91,0
2024-07-21,Pendle,Ethereum,8.53,DAI,61108411,27.41,0
2024-07-21,Pendle,Arbitrum,9.94,USDT,66715266,2.61,11.06
2024-07-21,Pendle,Arbitrum,10.91,DAI,72426872,2.67,9.44
2024-07-21,Pendle,Optimism,10.41,USDC,69662558,1.95,12.18
2024-07-21,Pendle,Optimism,10.69,USDT,75113525,2.55,8.35
2024-07-21,Pendle,Optimism,8.73,DAI,75194121,1.98,8.18
2024-07-21,Pendle,Base,13.93,USDC,69864799,2.48,9.68
2024-07-21,Pendle,Base,11.46,USDT,66998319,1.98,12.13
2024-07-21,Convex,Ethereum,4.41,USDT,159929717,23.99,0
2024-07-21,Convex,Ethereum,6.24,DAI,144778712,21.06,0
2024-07-21,Balancer,Ethereum,6.69,USDC,107153881,29.81,0
2024-07-21,Balancer,Ethereum,7.14,USDT,102288626,28.61,0
2024-07-21,Balancer,Ethereum,6.56,DAI,107802880,28.16,0
2024-07-21,Balancer,Arbitrum,6.46,USDC,110086487,2.12,12.88
2024-07-21,Balancer,Arbitrum,8.24,USDT,100611460,2.97,11.75
2024-07-21,Balancer,Arbitrum,7.29,DAI,105704422,2.59,14.47
2024-07-21,Balancer,Optimism,7.94,USDT,103846297,2.07,11.27
2024-07-21,Balancer,Optimism,7.05,DAI,105909354,2.32,11.16
2024-07-21,Balancer,Polygon,7.85,USDT,101278763,0.99,6.25
2024-07-21,Balancer,Polygon,8.4,DAI,100011769,0.89,7.43
2024-07-21,Balancer,Base,9.29,USDC,104764285,2.23,10.33
2024-07-21,Balancer,Base,7.95,USDT,109467294,2.49,8.14
2024-07-21,Balancer,Base,7.78,DAI,105671892,2.09,12.11
2024-07-22,Aave,Ethereum,3.45,USDC,258870231,47.11,0
2024-07-22,Aave,Ethereum,3.53,DAI,221397895,40.63,0
2024-07-22,Aave,Arbitrum,3.97,USDC,216135839,3.39,7.84
2024-07-22,Aave,Arbitrum,4.3,USDT,245861652,2.84,9.2
2024-07-22,Aave,Arbitrum,4.28,DAI,233198790,3.32,17.43
2024-07-22,Aave,Optimism,3.66,USDC,244580060,2.97,9.45
2024-07-22,Aave,Optimism,3.7,USDT,240333489,3.55,7.47
2024-07-22,Aave,Optimism,3.44,DAI,255868945,1.75,11.31
2024-07-22,Aave,Polygon,4.03,USDC,224310488,1.41,9.57
2024-07-22,Aave,Polygon,3.96,USDT,229826500,1.46,7.74
2024-07-22,Aave,Polygon,4.23,DAI,266699923,1.73,9.22
2024-07-22,Aave,Base,3.83,USDC,223764327,4.0,11.58
2024-07-22,Aave,Base,3.69,DAI,236403601,2.69,7.09
2024-07-22,Compound,Ethereum,3.14,USDC,173046925,39.06,0
2024-07-22,Compound,Ethereum,3.23,USDT,165588539,30.48,0
2024-07-22,Compound,Ethereum,3.2,DAI,157939342,42.24,0
2024-07-22,Compound,Arbitrum,4.39,USDC,153037280,3.41,13.14
2024-07-22,Compound,Arbitrum,3.92,DAI,173816831,3.42,8.88
2024-07-22,Compound,Optimism,3.75,USDC,174523569,2.71,11.07
2024-07-22,Compound,Optimism,3.68,USDT,174706783,3.04,8.87
2024-07-22,Compound,Polygon,4.35,USDC,166058208,1.48,11.83
2024-07-22,Compound,Polygon,4.07,USDT,158443142,1.82,6.94
2024-07-22,Compound,Polygon,4.02,DAI,170973071,1.36,7.78
2024-07-22,Compound,Base,4.13,USDT,158038582,3.58,10.09
2024-07-22,Compound,Base,4.18,DAI,175573134,3.03,6.05
2024-07-22,Curve,Ethereum,6.47,USDC,305736409,51.03,0
2024-07-22,Curve,Ethereum,6.76,DAI,297201055,44.38,0
2024-07-22,Curve,Arbitrum,7.55,USDC,322543488,3.06,13.41
2024-07-22,Curve,Arbitrum,8.89,USDT,302371022,3.31,13.69
2024-07-22,Curve,Arbitrum,8.35,DAI,299229659,3.71,13.96
2024-07-22,Curve,Optimism,7.49,USDC,308578425,2.67,10.02
2024-07-22,Curve,Optimism,6.72,USDT,296885344,2.64,10.07
2024-07-22,Curve,Polygon,8.39,USDC,310841290,1.73,8.15
2024-07-22,Curve,Polygon,7.84,USDT,333217968,1.41,9.62
2024-07-22,Curve,Polygon,7.57,DAI,300044653,1.46,10.29
2024-07-22,Curve,Base,7.64,USDT,317082878,3.43,10.02
2024-07-22,Curve,Base,6.44,DAI,280105337,3.22,11.31
2024-07-22,Uniswap V3,Ethereum,6.66,USDC,92306213,44.08,0
2024-07-22,Uniswap V3,Ethereum,5.61,USDT,84395628,35.6,0
2024-07-22,Uniswap V3,Ethereum,7.23,DAI,91447120,37.08,0
2024-07-22,Uniswap V3,Arbitrum,6.74,USDC,87356852,3.49,15.75
2024-07-22,Uniswap V3,Arbitrum,9.5,USDT,82854013,2.39,8.97
2024-07-22,Uniswap V3,Arbitrum,9.52,DAI,89320916,4.23,12.08
2024-07-22,Uniswap V3,Optimism,8.63,USDC,80451360,3.11,11.02
2024-07-22,Uniswap V3,Optimism,8.66,USDT,86607478,3.43,11.23
2024-07-22,Uniswap V3,Optimism,6.76,DAI,82199034,3.13,8.62
2024-07-22,Uniswap V3,Polygon,9.25,USDC,98703785,1.57,7.29
2024-07-22,Uniswap V3,Polygon,9.43,DAI,82466565,1.32,9.52
2024-07-22,Uniswap V3,Base,8.53,USDC,98345378,3.26,8.53
2024-07-22,Uniswap V3,Base,8.25,USDT,92004145,3.48,10.51
2024-07-22,Uniswap V3,Base,8.98,DAI,91603769,3.57,8.29
2024-07-22,Yearn,Ethereum,4.19,USDC,117767143,38.4,0
2024-07-22,Yearn,Ethereum,4.36,USDT,109520854,38.92,0
2024-07-22,Yearn,Ethereum,3.93,DAI,114490992,46.61,0
2024-07-22,Yearn,Arbitrum,4.74,USDC,111035758,4.23,11.85
2024-07-22,Yearn,Arbitrum,4.66,USDT,109245729,3.26,15.02
2024-07-22,Yearn,Arbitrum,4.97,DAI,110569432,3.24,11.34
2024-07-22,Yearn,Optimism,4.66,USDC,114081926,1.71,10.01
2024-07-22,Yearn,Optimism,4.36,USDT,114043752,3.67,7.23
2024-07-22,Yearn,Optimism,4.78,DAI,115058712,2.96,8.88
2024-07-22,Yearn,Polygon,5.02,USDC,116857487,1.36,8.82
2024-07-22,Yearn,Polygon,5.34,USDT,104839288,1.35,6.59
2024-07-22,Yearn,Polygon,5.19,DAI,113477596,1.24,8.33
2024-07-22,Yearn,Base,4.91,USDC,125058514,3.16,11.24
2024-07-22,Yearn,Base,4.76,USDT,109898150,3.34,9.84
2024-07-22,Yearn,Base,5.1,DAI,118096061,3.24,7.87
2024-07-22,Pendle,Ethereum,8.43,USDC,66482947,48.43,0
2024-07-22,Pendle,Ethereum,8.54,USDT,70787948,50.03,0
2024-07-22,Pendle,Ethereum,8.73,DAI,68218806,29.02,0
2024-07-22,Pendle,Arbitrum,11.96,USDC,73032778,5.08,10.06
2024-07-22,Pendle,Arbitrum,9.92,USDT,74876878,3.89,10.94
2024-07-22,Pendle,Arbitrum,12.86,DAI,68647855,3.83,10.61
2024-07-22,Pendle,Optimism,10.64,USDC,70221606,3.1,6.82
2024-07-22,Pendle,Optimism,9.91,DAI,75662858,3.19,8.16
2024-07-22,Pendle,Base,10.67,USDC,75461344,3.38,6.58
2024-07-22,Pendle,Base,9.9,USDT,69146316,2.18,11.21
2024-07-22,Pendle,Base,9.17,DAI,77548300,3.81,10.38
2024-07-22,Convex,Ethereum,5.93,USDC,141761962,36.02,0
2024-07-22,Convex,Ethereum,5.29,USDT,152961480,36.83,0
2024-07-22,Convex,Ethereum,5.43,DAI,137488102,51.38,0
2024-07-22,Balancer,Ethereum,6.51,USDC,95986403,44.7,0
2024-07-22,Balancer,Ethereum,6.53,USDT,106611137,52.33,0
2024-07-22,Balancer,Ethereum,7.41,DAI,103623371,52.19,0
2024-07-22,Balancer,Arbitrum,7.26,USDC,109937496,3.28,9.52
2024-07-22,Balancer,Arbitrum,7.15,USDT,101734099,4.09,8.79
2024-07-22,Balancer,Optimism,7.21,USDC,93864631,3.05,5.59
2024-07-22,Balancer,Optimism,7.31,USDT,104587203,3.6,6.94
2024-07-22,Balancer,Optimism,7.99,DAI,107160851,3.86,7.82
2024-07-22,Balancer,Base,7.18,USDC,103224449,4.31,7.52
2024-07-22,Balancer,Base,7.25,USDT,98910006,3.82,12.11
2024-07-22,Balancer,Base,8.53,DAI,106216233,2.93,11.02
2024-07-23,Aave,Ethereum,3.29,USDC,257305164,37.88,0
2024-07-23,Aave,Ethereum,3.7,USDT,254903620,39.05,0
2024-07-23,Aave,Arbitrum,4.25,USDC,223905913,2.75,10.95
2024-07-23,Aave,Arbitrum,4.24,USDT,236762869,2.83,14.69
2024-07-23,Aave,Arbitrum,3.84,DAI,216449003,4.02,16.64
2024-07-23,Aave,Optimism,3.87,USDC,240871274,3.09,10.74
2024-07-23,Aave,Optimism,3.65,USDT,235719943,2.85,8.15
2024-07-23,Aave,Optimism,3.95,DAI,238423360,2.89,7.48
2024-07-23,Aave,Polygon,4.26,USDC,242462246,1.51,6.77
2024-07-23,Aave,Polygon,3.8,USDT,234849921,1.29,10.56
2024-07-23,Aave,Base,4.07,USDC,239251395,3.21,11.09
2024-07-23,Aave,Base,4.19,USDT,216982939,3.16,10.03
2024-07-23,Aave,Base,4.34,DAI,232137029,2.88,6.57
2024-07-23,Compound,Ethereum,3.43,USDC,168400552,41.66,0
2024-07-23,Compound,Ethereum,3.02,USDT,171021459,35.83,0
2024-07-23,Compound,Ethereum,3.12,DAI,164186975,36.74,0
2024-07-23,Compound,Arbitrum,3.88,USDC,159111969,2.46,14.19
2024-07-23,Compound,Arbitrum,4.03,USDT,173840614,4.37,11.28
2024-07-23,Compound,Arbitrum,4.1,DAI,166021558,3.09,9.93
2024-07-23,Compound,Optimism,3.77,USDC,171074584,2.55,10.29
2024-07-23,Compound,Optimism,3.69,USDT,173112992,3.43,7.12
2024-07-23,Compound,Optimism,3.9,DAI,175637089,2.91,12.22
2024-07-23,Compound,Polygon,4.13,USDC,173028820,1.31,8.03
2024-07-23,Compound,Polygon,3.95,USDT,181855760,1.42,7.82
2024-07-23,Compound,Polygon,4.09,DAI,173345042,1.45,3.3
2024-07-23,Compound,Base,3.93,USDC,162357325,3.68,8.85
2024-07-23,Compound,Base,3.72,USDT,154229917,3.4,11.3
2024-07-23,Compound,Base,3.55,DAI,184359230,3.26,4.22
2024-07-23,Curve,Ethereum,5.67,USDC,330280763,32.54,0
2024-07-23,Curve,Ethereum,6.55,USDT,322396206,33.43,0
2024-07-23,Curve,Ethereum,5.39,DAI,300333458,43.59,0
2024-07-23,Curve,Arbitrum,6.7,USDC,301403751,3.0,8.07
2024-07-23,Curve,Arbitrum,8.74,USDT,311992278,4.06,9.44
2024-07-23,Curve,Arbitrum,7.02,DAI,324668624,3.87,9.76
2024-07-23,Curve,Optimism,7.42,USDT,299270959,3.44,12.29
2024-07-23,Curve,Optimism,7.3,DAI,292393829,4.1,11.1
2024-07-23,Curve,Polygon,8.7,USDC,300767849,1.34,7.88
2024-07-23,Curve,Polygon,7.56,USDT,321610310,1.88,7.91
2024-07-23,Curve,Base,7.42,USDC,328467376,4.6,10.69
2024-07-23,Curve,Base,7.52,USDT,294563624,3.51,13.65
2024-07-23,Uniswap V3,Ethereum,7.04,USDC,88986961,37.95,0
2024-07-23,Uniswap V3,Ethereum,8.32,USDT,89446100,24.57,0
2024-07-23,Uniswap V3,Arbitrum,8.71,USDC,87868598,2.84,16.93
2024-07-23,Uniswap V3,Arbitrum,8.91,USDT,87797773,4.4,11.02
2024-07-23,Uniswap V3,Arbitrum,8.92,DAI,90522256,3.21,8.8
2024-07-23,Uniswap V3,Optimism,8.97,USDC,85623731,2.94,8.61
2024-07-23,Uniswap V3,Optimism,7.33,USDT,89072251,3.22,10.45
2024-07-23,Uniswap V3,Optimism,6.92,DAI,86071984,3.47,8.51
2024-07-23,Uniswap V3,Polygon,10.35,USDC,87898269,1.4,5.09
2024-07-23,Uniswap V3,Polygon,8.25,USDT,87155856,1.68,8.26
2024-07-23,Uniswap V3,Polygon,8.87,DAI,79757735,1.55,7.69
2024-07-23,Uniswap V3,Base,7.3,USDC,90776395,2.95,11.88
2024-07-23,Uniswap V3,Base,7.78,USDT,88177326,4.04,9.88
2024-07-23,Uniswap V3,Base,6.96,DAI,86474700,3.88,9.31
2024-07-23,Yearn,Ethereum,4.26,USDC,108495324,45.12,0
2024-07-23,Yearn,Ethereum,3.86,DAI,102533158,50.41,0
2024-07-23,Yearn,Arbitrum,5.06,USDC,95595108,4.23,12.35
2024-07-23,Yearn,Arbitrum,4.53,USDT,105987090,2.57,9.21
2024-07-23,Yearn,Arbitrum,5.13,DAI,109459538,3.74,11.55
2024-07-23,Yearn,Optimism,4.67,USDC,114877402,2.28,10.16
2024-07-23,Yearn,Optimism,4.82,USDT,116211419,3.57,11.51
2024-07-23,Yearn,Optimism,4.9,DAI,111650461,2.39,7.32
2024-07-23,Yearn,Polygon,5.12,USDC,107618053,1.45,5.89
2024-07-23,Yearn,Polygon,5.17,USDT,112741019,1.58,8.74
2024-07-23,Yearn,Polygon,5.2,DAI,117898188,1.48,7.29
2024-07-23,Yearn,Base,5.11,USDC,114309513,3.32,6.05
2024-07-23,Yearn,Base,4.53,USDT,109185179,3.24,11.64
2024-07-23,Yearn,Base,4.9,DAI,113251513,2.02,8.75
2024-07-23,Pendle,Ethereum,9.2,USDC,69160073,55.2,0
2024-07-23,Pendle,Ethereum,10.13,DAI,71745703,17.86,0
2024-07-23,Pendle,Arbitrum,11.44,USDC,69261084,3.67,12.48
2024-07-23,Pendle,Arbitrum,14.21,USDT,61727156,2.75,12.39
2024-07-23,Pendle,Arbitrum,7.94,DAI,76275470,3.23,16.06
2024-07-23,Pendle,Optimism,9.77,USDC,70791231,2.42,7.85
2024-07-23,Pendle,Optimism,11.08,USDT,74645272,3.41,7.82
2024-07-23,Pendle,Optimism,11.37,DAI,75284772,3.16,6.56
2024-07-23,Pendle,Base,12.11,USDC,69594589,3.38,9.63
2024-07-23,Pendle,Base,8.32,USDT,70606962,3.85,7.53
2024-07-23,Pendle,Base,11.21,DAI,70954129,2.51,13.29
2024-07-23,Convex,Ethereum,5.94,USDC,141078853,35.37,0
2024-07-23,Convex,Ethereum,5.62,DAI,139801774,47.22,0
2024-07-23,Balancer,Ethereum,6.74,USDC,104907427,39.49,0
2024-07-23,Balancer,Ethereum,5.78,DAI,104752670,41.35,0
2024-07-23,Balancer,Arbitrum,9.85,USDC,101955509,3.7,12.27
2024-07-23,Balancer,Arbitrum,7.98,USDT,103546885,4.37,14.94
2024-07-23,Balancer,Arbitrum,9.13,DAI,101851892,3.26,12.4
2024-07-23,Balancer,Optimism,7.23,USDC,98249206,3.26,7.08
2024-07-23,Balancer,Optimism,8.54,USDT,109695398,0.89,8.06
2024-07-23,Balancer,Optimism,8.65,DAI,104110062,3.4,11.74
2024-07-23,Balancer,Polygon,8.42,USDT,115896343,1.78,7.45
2024-07-23,Balancer,Polygon,8.62,DAI,108316666,1.3,9.3
2024-07-23,Balancer,Base,7.27,USDC,112757451,3.81,9.89
2024-07-23,Balancer,Base,7.55,USDT,107200437,3.29,10.54
2024-07-23,Balancer,Base,7.76,DAI,97940089,3.17,7.99
2024-07-24,Aave,Ethereum,3.41,USDC,221120626,35.7,0
2024-07-24,Aave,Ethereum,3.25,USDT,246594336,38.55,0
2024-07-24,Aave,Ethereum,3.36,DAI,244335004,57.41,0
2024-07-24,Aave,Arbitrum,4.37,USDC,249555058,3.49,13.63
2024-07-24,Aave,Arbitrum,3.82,DAI,237145215,3.66,8.42
2024-07-24,Aave,Optimism,3.48,USDC,240835950,3.75,7.02
2024-07-24,Aave,Optimism,3.78,USDT,219813627,2.71,9.98
2024-07-24,Aave,Optimism,3.78,DAI,236246826,3.71,8.48
2024-07-24,Aave,Polygon,4.65,USDC,221161498,1.47,6.59
2024-07-24,Aave,Polygon,4.34,USDT,235910548,1.48,8.53
2024-07-24,Aave,Polygon,4.52,DAI,230944565,1.68,7.03
2024-07-24,Aave,Base,4.17,USDC,248798638,3.57,7.39
2024-07-24,Aave,Base,4.01,USDT,233003716,2.98,8.64
2024-07-24,Aave,Base,4.08,DAI,226754713,3.59,7.64
2024-07-24,Compound,Ethereum,3.16,USDC,186969656,42.17,0
2024-07-24,Compound,Ethereum,3.48,USDT,163480110,37.15,0
2024-07-24,Compound,Ethereum,3.28,DAI,179063024,47.75,0
2024-07-24,Compound,Arbitrum,4.07,USDC,177669493,3.68,15.97
2024-07-24,Compound,Arbitrum,3.79,USDT,170159964,4.02,9.36
2024-07-24,Compound,Arbitrum,3.92,DAI,183764513,3.68,12.25
2024-07-24,Compound,Optimism,3.64,USDC,174921567,3.11,6.94
2024-07-24,Compound,Optimism,3.83,USDT,174785640,4.87,9.44
2024-07-24,Compound,Polygon,4.24,DAI,164029159,1.2,7.15
2024-07-24,Compound,Base,3.8,USDC,172936551,3.08,10.02
2024-07-24,Compound,Base,3.87,USDT,180960405,3.4,9.15
2024-07-24,Compound,Base,4.23,DAI,181844313,3.26,11.49
2024-07-24,Curve,Ethereum,6.82,USDC,310498691,52.56,0
2024-07-24,Curve,Ethereum,6.44,USDT,317552501,32.77,0
2024-07-24,Curve,Ethereum,6.07,DAI,282879957,54.09,0
2024-07-24,Curve,Arbitrum,8.03,USDC,313764983,3.27,13.67
2024-07-24,Curve,Arbitrum,7.43,USDT,310454844,2.33,10.36
2024-07-24,Curve,Arbitrum,7.32,DAI,313797465,3.31,12.74
2024-07-24,Curve,Optimism,6.21,USDC,318050352,3.13,7.4
2024-07-24,Curve,Optimism,8.13,DAI,296121953,3.18,8.16
2024-07-24,Curve,Polygon,10.1,USDC,297840501,1.53,11.41
2024-07-24,Curve,Polygon,7.31,USDT,301866632,0.74,4.99
2024-07-24,Curve,Polygon,8.87,DAI,290770605,1.62,5.91
2024-07-24,Curve,Base,8.97,USDC,288695954,3.79,10.57
2024-07-24,Curve,Base,8.94,USDT,305041525,3.69,11.34
2024-07-24,Curve,Base,7.59,DAI,272510648,2.98,8.86
2024-07-24,Uniswap V3,Ethereum,8.78,USDC,83960867,44.74,0
2024-07-24,Uniswap V3,Ethereum,6.38,USDT,97929118,40.66,0
2024-07-24,Uniswap V3,Ethereum,6.46,DAI,95928135,34.75,0
2024-07-24,Uniswap V3,Arbitrum,8.48,USDT,86112689,4.32,12.2
2024-07-24,Uniswap V3,Arbitrum,10.25,DAI,89227117,3.6,8.85
2024-07-24,Uniswap V3,Optimism,7.85,USDC,87197660,2.92,10.01
2024-07-24,Uniswap V3,Optimism,7.78,USDT,88028887,3.55,11.51
2024-07-24,Uniswap V3,Optimism,8.33,DAI,90102072,2.88,7.62
2024-07-24,Uniswap V3,Polygon,8.13,USDC,89539555,1.25,9.68
2024-07-24,Uniswap V3,Polygon,8.24,USDT,92124680,1.68,7.12
2024-07-24,Uniswap V3,Polygon,9.19,DAI,79125403,1.22,8.26
2024-07-24,Uniswap V3,Base,7.22,USDC,97468995,2.89,10.43
2024-07-24,Uniswap V3,Base,7.36,USDT,90299441,3.68,11.71
2024-07-24,Uniswap V3,Base,8.61,DAI,89836376,3.83,12.12
2024-07-24,Yearn,Ethereum,4.44,USDC,108706259,30.58,0
2024-07-24,Yearn,Ethereum,4.31,USDT,117631797,50.88,0
2024-07-24,Yearn,Ethereum,4.42,DAI,117286307,39.83,0
2024-07-24,Yearn,Arbitrum,5.05,USDT,122678140,4.04,7.29
2024-07-24,Yearn,Arbitrum,4.99,DAI,126474091,3.06,12.82
2024-07-24,Yearn,Optimism,5.05,USDC,113191946,3.02,6.75
2024-07-24,Yearn,Optimism,4.61,USDT,111149884,3.14,9.78
2024-07-24,Yearn,Optimism,5.31,DAI,112084446,2.84,11.33
2024-07-24,Yearn,Polygon,5.24,USDC,111106789,1.67,7.02
2024-07-24,Yearn,Polygon,5.9,USDT,116047953,1.28,5.58
2024-07-24,Yearn,Polygon,5.12,DAI,109454506,0.67,6.79
2024-07-24,Yearn,Base,5.24,USDC,108845101,3.17,9.45
2024-07-24,Yearn,Base,5.15,USDT,123908899,2.36,7.0
2024-07-24,Yearn,Base,4.91,DAI,111939067,3.2,8.31
2024-07-24,Pendle,Ethereum,9.95,USDC,78378392,46.34,0
2024-07-24,Pendle,Ethereum,11.02,DAI,69008923,42.59,0
2024-07-24,Pendle,Arbitrum,13.11,USDC,69865777,3.64,17.98
2024-07-24,Pendle,Arbitrum,9.18,DAI,63043411,4.2,9.82
2024-07-24,Pendle,Optimism,12.0,USDC,74100394,2.35,10.87
2024-07-24,Pendle,Optimism,10.96,USDT,71788642,3.42,8.72
2024-07-24,Pendle,Optimism,9.73,DAI,68734523,2.34,6.76
2024-07-24,Pendle,Base,10.41,USDC,77817174,3.42,10.71
2024-07-24,Pendle,Base,9.35,DAI,72237532,3.54,11.6
2024-07-24,Convex,Ethereum,5.82,USDC,154106316,38.2,0
2024-07-24,Convex,Ethereum,6.49,USDT,134891176,48.04,0
2024-07-24,Convex,Ethereum,5.82,DAI,131950151,46.38,0
2024-07-24,Balancer,Ethereum,6.13,USDC,99805401,51.93,0
2024-07-24,Balancer,Ethereum,6.34,USDT,103739432,54.17,0
2024-07-24,Balancer,Ethereum,6.65,DAI,105227242,37.49,0
2024-07-24,Balancer,Arbitrum,8.36,USDC,109801017,3.58,11.95
2024-07-24,Balancer,Arbitrum,9.04,USDT,109532736,5.11,12.13
2024-07-24,Balancer,Arbitrum,9.35,DAI,104190903,5.15,13.31
2024-07-24,Balancer,Optimism,7.82,USDC,92669647,3.04,9.28
2024-07-24,Balancer,Optimism,7.84,USDT,104078148,2.12,7.36
2024-07-24,Balancer,Polygon,8.66,USDC,103665732,1.4,7.89
2024-07-24,Balancer,Polygon,7.84,USDT,99153025,1.04,7.72
2024-07-24,Balancer,Polygon,8.96,DAI,101793095,2.01,9.51
2024-07-24,Balancer,Base,6.61,USDC,97245668,2.96,13.59
2024-07-24,Balancer,Base,8.5,USDT,100012154,4.0,7.75
2024-07-25,Aave,Ethereum,3.39,USDC,230113693,38.93,0
2024-07-25,Aave,Ethereum,3.56,USDT,245127003,46.5,0
2024-07-25,Aave,Ethereum,3.4,DAI,238289209,25.71,0
2024-07-25,Aave,Arbitrum,4.2,USDC,227983659,4.13,15.78
2024-07-25,Aave,Arbitrum,4.35,USDT,280859254,3.14,8.74
2024-07-25,Aave,Optimism,4.14,USDC,228803160,2.79,9.53
2024-07-25,Aave,Optimism,3.81,USDT,258889094,3.88,8.09
2024-07-25,Aave,Optimism,3.67,DAI,253019384,2.99,10.97
2024-07-25,Aave,Polygon,4.35,USDC,231075167,0.8,5.77
2024-07-25,Aave,Base,4.38,USDT,237333709,3.81,10.73
2024-07-25,Aave,Base,4.35,DAI,230756166,3.86,9.67
2024-07-25,Compound,Ethereum,3.37,USDC,176684110,51.86,0
2024-07-25,Compound,Ethereum,3.06,USDT,193091390,35.65,0
2024-07-25,Compound,Ethereum,3.46,DAI,162617128,32.56,0
2024-07-25,Compound,Arbitrum,4.13,USDC,179325288,3.51,12.91
2024-07-25,Compound,Arbitrum,3.99,USDT,173211206,2.62,10.19
2024-07-25,Compound,Arbitrum,4.09,DAI,161154224,4.72,12.17
2024-07-25,Compound,Optimism,3.83,USDC,177906967,2.82,11.25
2024-07-25,Compound,Optimism,3.83,USDT,173424791,1.67,8.86
2024-07-25,Compound,Optimism,3.89,DAI,176753448,3.18,8.62
2024-07-25,Compound,Polygon,4.36,USDC,176790376,1.57,8.88
2024-07-25,Compound,Polygon,4.36,USDT,174829831,1.61,6.84
2024-07-25,Compound,Polygon,3.74,DAI,169931940,1.17,6.91
2024-07-25,Compound,Base,3.99,USDC,189851532,3.74,13.52
2024-07-25,Compound,Base,4.04,USDT,162139707,3.52,9.31
2024-07-25,Compound,Base,4.05,DAI,167118328,3.58,11.15
2024-07-25,Curve,Ethereum,6.87,USDC,301795699,50.83,0
2024-07-25,Curve,Ethereum,6.17,USDT,320091122,49.73,0
2024-07-25,Curve,Ethereum,4.8,DAI,299069530,37.6,0
2024-07-25,Curve,Arbitrum,7.27,USDC,294285897,3.16,14.21
2024-07-25,Curve,Arbitrum,8.09,USDT,280478853,4.78,14.94
2024-07-25,Curve,Arbitrum,7.56,DAI,338993849,3.47,10.47
2024-07-25,Curve,Optimism,6.49,USDC,279626779,3.3,11.64
2024-07-25,Curve,Optimism,6.04,USDT,282029280,2.34,7.26
2024-07-25,Curve,Optimism,7.19,DAI,320485870,2.84,8.81
2024-07-25,Curve,Polygon,8.33,USDC,303194364,1.25,11.3
2024-07-25,Curve,Polygon,7.68,USDT,335967100,1.36,7.13
2024-07-25,Curve,Polygon,7.64,DAI,317008696,1.85,7.85
2024-07-25,Curve,Base,7.23,USDT,310591302,3.07,5.42
2024-07-25,Curve,Base,9.31,DAI,311474968,3.4,12.67
2024-07-25,Uniswap V3,Ethereum,7.23,USDC,86815761,47.43,0
2024-07-25,Uniswap V3,Ethereum,7.48,USDT,97739766,36.09,0
2024-07-25,Uniswap V3,Ethereum,7.45,DAI,88283658,39.1,0
2024-07-25,Uniswap V3,Arbitrum,9.12,USDC,88659669,3.25,11.92
2024-07-25,Uniswap V3,Arbitrum,9.45,USDT,92265209,3.86,11.01
2024-07-25,Uniswap V3,Arbitrum,9.4,DAI,94713563,2.41,11.35
2024-07-25,Uniswap V3,Optimism,8.71,USDC,92824583,2.41,6.34
2024-07-25,Uniswap V3,Optimism,8.01,USDT,95108850,3.37,6.77
2024-07-25,Uniswap V3,Optimism,7.45,DAI,93828448,3.41,7.03
2024-07-25,Uniswap V3,Polygon,12.46,USDC,87821954,1.51,7.28
2024-07-25,Uniswap V3,Polygon,9.39,USDT,79267899,1.63,8.83
2024-07-25,Uniswap V3,Base,7.26,USDC,91682439,3.22,10.49
2024-07-25,Uniswap V3,Base,6.88,USDT,91953100,2.64,8.95
2024-07-25,Uniswap V3,Base,7.57,DAI,90615512,3.23,11.46
2024-07-25,Yearn,Ethereum,4.05,USDC,108323791,43.89,0
2024-07-25,Yearn,Ethereum,4.37,USDT,115475136,33.61,0
2024-07-25,Yearn,Ethereum,4.37,DAI,123674640,41.99,0
2024-07-25,Yearn,Arbitrum,4.48,USDC,101858621,3.87,14.31
2024-07-25,Yearn,Arbitrum,5.38,USDT,114654573,4.71,10.7
2024-07-25,Yearn,Arbitrum,5.44,DAI,114815100,3.64,11.23
2024-07-25,Yearn,Optimism,4.94,USDC,112283152,2.46,9.01
2024-07-25,Yearn,Optimism,4.88,USDT,114445211,4.25,7.53
2024-07-25,Yearn,Optimism,4.91,DAI,114332887,3.31,8.61
2024-07-25,Yearn,Polygon,5.61,USDC,106983811,0.65,9.13
2024-07-25,Yearn,Base,4.72,USDT,116538342,2.47,9.71
2024-07-25,Yearn,Base,4.92,DAI,97296816,3.34,10.42
2024-07-25,Pendle,Ethereum,9.66,USDC,73358895,40.19,0
2024-07-25,Pendle,Ethereum,8.52,USDT,69128796,44.1,0
2024-07-25,Pendle,Ethereum,8.23,DAI,71338423,40.61,0
2024-07-25,Pendle,Arbitrum,10.47,USDC,74176101,2.62,9.07
2024-07-25,Pendle,Arbitrum,11.5,USDT,73397577,2.4,11.6
2024-07-25,Pendle,Arbitrum,9.98,DAI,73638461,3.58,14.23
2024-07-25,Pendle,Optimism,9.18,USDC,68778910,3.74,11.27
2024-07-25,Pendle,Optimism,9.34,USDT,76995585,3.18,10.89
2024-07-25,Pendle,Optimism,10.93,DAI,71086575,3.39,9.13
2024-07-25,Pendle,Base,8.91,USDC,73365505,4.08,11.01
2024-07-25,Pendle,Base,11.89,USDT,74848277,3.43,9.89
2024-07-25,Pendle,Base,11.56,DAI,67411028,3.66,9.83
2024-07-25,Convex,Ethereum,5.68,USDC,140707997,52.77,0
2024-07-25,Convex,Ethereum,6.76,USDT,152741455,35.84,0
2024-07-25,Convex,Ethereum,5.71,DAI,130382908,44.43,0
2024-07-25,Balancer,Ethereum,6.99,USDC,101611010,39.99,0
2024-07-25,Balancer,Ethereum,6.08,USDT,105133528,37.76,0
2024-07-25,Balancer,Ethereum,6.74,DAI,102693475,38.44,0
2024-07-25,Balancer,Arbitrum,8.53,USDC,101706587,1.85,10.57
2024-07-25,Balancer,Arbitrum,8.19,USDT,106704718,3.15,8.92
2024-07-25,Balancer,Arbitrum,7.92,DAI,111815032,3.23,8.51
2024-07-25,Balancer,Optimism,7.74,USDT,107610950,2.89,5.41
2024-07-25,Balancer,Optimism,8.44,DAI,100008653,3.12,9.33
2024-07-25,Balancer,Polygon,9.45,USDC,107483122,1.16,9.81
2024-07-25,Balancer,Polygon,8.11,USDT,116411934,1.26,7.21
2024-07-25,Balancer,Polygon,8.14,DAI,108844087,1.17,8.25
2024-07-25,Balancer,Base,7.45,USDC,104070348,3.53,6.52
2024-07-25,Balancer,Base,8.44,USDT,105813560,2.88,14.61
2024-07-25,Balancer,Base,9.24,DAI,99471537,3.01,13.96
2024-07-26,Aave,Ethereum,3.68,USDT,246555563,53.73,0
2024-07-26,Aave,Ethereum,2.86,DAI,243868145,36.01,0
2024-07-26,Aave,Arbitrum,3.82,USDC,231238808,3.6,13.96
2024-07-26,Aave,Arbitrum,3.94,USDT,242171509,3.47,8.76
2024-07-26,Aave,Arbitrum,4.15,DAI,227989053,2.52,11.67
2024-07-26,Aave,Optimism,4.08,USDC,257553234,3.28,8.26
2024-07-26,Aave,Optimism,3.81,USDT,225720961,2.68,4.25
2024-07-26,Aave,Optimism,4.18,DAI,243292372,3.65,13.91
2024-07-26,Aave,Polygon,3.88,USDC,256874972,1.4,7.37
2024-07-26,Aave,Polygon,4.02,USDT,236617395,1.41,9.46
2024-07-26,Aave,Polygon,3.83,DAI,247062004,1.92,7.39
2024-07-26,Aave,Base,3.89,USDT,242688873,3.61,10.47
2024-07-26,Aave,Base,3.71,DAI,230044988,3.27,10.73
2024-07-26,Compound,Ethereum,3.21,USDC,178626640,35.46,0
2024-07-26,Compound,Ethereum,3.2,USDT,175381770,33.48,0
2024-07-26,Compound,Ethereum,3.17,DAI,161376022,36.88,0
2024-07-26,Compound,Arbitrum,4.1,USDC,174090251,4.33,9.15
2024-07-26,Compound,Arbitrum,3.79,DAI,147629373,4.12,9.56
2024-07-26,Compound,Optimism,3.66,USDC,171208668,3.03,6.3
2024-07-26,Compound,Optimism,4.17,USDT,179470700,2.26,8.15
2024-07-26,Compound,Optimism,3.65,DAI,185551815,3.26,8.01
2024-07-26,Compound,Polygon,4.05,DAI,169344405,1.65,10.63
2024-07-26,Compound,Base,3.65,USDC,169427265,3.69,9.67
2024-07-26,Compound,Base,3.85,DAI,174561545,2.7,11.02
2024-07-26,Curve,Ethereum,5.06,USDC,292775207,36.65,0
2024-07-26,Curve,Ethereum,6.79,USDT,325346999,56.06,0
2024-07-26,Curve,Ethereum,6.65,DAI,344738220,47.17,0
2024-07-26,Curve,Arbitrum,6.81,USDT,319430503,3.13,10.3
2024-07-26,Curve,Arbitrum,8.94,DAI,301594397,2.63,14.54
2024-07-26,Curve,Optimism,6.15,USDC,297984480,3.08,7.38
2024-07-26,Curve,Optimism,7.81,USDT,281146177,2.68,7.9
2024-07-26,Curve,Optimism,6.67,DAI,309714005,2.87,6.57
2024-07-26,Curve,Polygon,7.35,USDC,330451177,1.82,7.45
2024-07-26,Curve,Polygon,7.46,USDT,317211743,1.28,8.14
2024-07-26,Curve,Polygon,8.12,DAI,318940634,1.51,7.75
2024-07-26,Curve,Base,8.28,USDT,331451926,3.23,10.51
2024-07-26,Curve,Base,7.68,DAI,326371661,2.69,10.74
2024-07-26,Uniswap V3,Ethereum,6.81,USDC,99904507,44.8,0
2024-07-26,Uniswap V3,Ethereum,7.4,USDT,81307678,34.45,0
2024-07-26,Uniswap V3,Ethereum,7.24,DAI,93782394,47.62,0
2024-07-26,Uniswap V3,Arbitrum,7.99,USDT,97085440,4.39,9.02
2024-07-26,Uniswap V3,Arbitrum,8.64,DAI,86605150,3.59,8.32
2024-07-26,Uniswap V3,Optimism,7.52,USDC,93408873,4.56,7.44
2024-07-26,Uniswap V3,Optimism,10.63,USDT,90707779,2.68,5.63
2024-07-26,Uniswap V3,Optimism,5.75,DAI,91448637,3.89,10.28
2024-07-26,Uniswap V3,Polygon,8.45,USDC,100234948,1.59,6.32
2024-07-26,Uniswap V3,Polygon,10.51,USDT,89297158,1.41,5.68
2024-07-26,Uniswap V3,Polygon,9.62,DAI,91740740,1.31,8.1
2024-07-26,Uniswap V3,Base,9.1,USDC,85480872,3.32,9.81
2024-07-26,Uniswap V3,Base,8.72,USDT,92507760,3.44,10.76
2024-07-26,Uniswap V3,Base,7.41,DAI,90862716,3.13,6.66
2024-07-26,Yearn,Ethereum,3.79,USDC,121776857,34.27,0
2024-07-26,Yearn,Ethereum,4.07,USDT,116928424,52.2,0
2024-07-26,Yearn,Ethereum,4.11,DAI,114444513,26.09,0
2024-07-26,Yearn,Arbitrum,5.05,USDC,106188907,3.79,12.03
2024-07-26,Yearn,Arbitrum,4.67,USDT,111495193,3.66,9.82
2024-07-26,Yearn,Arbitrum,5.22,DAI,110994567,3.65,10.32
2024-07-26,Yearn,Optimism,4.33,USDT,115539376,2.88,9.39
2024-07-26,Yearn,Polygon,4.6,USDC,117469667,1.28,9.26
2024-07-26,Yearn,Polygon,5.13,USDT,115915164,1.29,8.07
2024-07-26,Yearn,Polygon,4.86,DAI,117295407,1.38,7.12
2024-07-26,Yearn,Base,5.14,USDC,114123453,3.44,7.99
2024-07-26,Yearn,Base,4.58,USDT,119376630,3.03,5.4
2024-07-26,Yearn,Base,4.93,DAI,120336746,3.64,13.57
2024-07-26,Pendle,Ethereum,8.8,USDT,72097769,44.97,0
2024-07-26,Pendle,Ethereum,8.05,DAI,79813157,41.23,0
2024-07-26,Pendle,Arbitrum,12.68,USDC,69825223,3.06,10.94
2024-07-26,Pendle,Arbitrum,8.91,USDT,69378324,2.32,14.19
2024-07-26,Pendle,Arbitrum,13.19,DAI,77061340,3.52,7.9
2024-07-26,Pendle,Optimism,11.46,USDC,70025608,2.76,7.23
2024-07-26,Pendle,Optimism,11.24,USDT,65871294,3.64,8.86
2024-07-26,Pendle,Optimism,11.89,DAI,74209726,3.73,5.74
2024-07-26,Pendle,Base,10.24,USDC,73465615,3.12,7.19
2024-07-26,Convex,Ethereum,5.54,USDC,125514198,41.95,0
2024-07-26,Convex,Ethereum,4.92,USDT,148455300,40.73,0
2024-07-26,Convex,Ethereum,5.51,DAI,148040306,32.71,0
2024-07-26,Balancer,Ethereum,6.34,USDC,95541229,47.12,0
2024-07-26,Balancer,Ethereum,6.6,USDT,108077732,53.41,0
2024-07-26,Balancer,Ethereum,5.84,DAI,103108088,35.85,0
2024-07-26,Balancer,Arbitrum,8.56,USDC,108449556,3.97,11.88
2024-07-26,Balancer,Arbitrum,8.71,USDT,104107882,3.37,10.78
2024-07-26,Balancer,Arbitrum,9.29,DAI,107362593,2.63,10.42
2024-07-26,Balancer,Optimism,7.37,USDC,91985325,3.32,10.36
2024-07-26,Balancer,Optimism,8.49,USDT,103692516,3.17,7.62
2024-07-26,Balancer,Optimism,8.1,DAI,112081129,3.1,10.33
2024-07-26,Balancer,Polygon,8.94,USDC,99930180,1.84,10.45
2024-07-26,Balancer,Polygon,7.84,USDT,106220739,1.32,8.22
2024-07-26,Balancer,Polygon,8.03,DAI,110079312,1.24,8.22
2024-07-26,Balancer,Base,7.92,USDC,101968038,3.97,9.41
2024-07-27,Aave,Ethereum,3.42,USDC,243395576,24.82,0
2024-07-27,Aave,Ethereum,3.42,USDT,255510072,19.25,0
2024-07-27,Aave,Ethereum,3.03,DAI,263866130,39.31,0
2024-07-27,Aave,Arbitrum,3.96,USDC,253964555,2.8,11.95
2024-07-27,Aave,Arbitrum,3.91,USDT,242991351,2.15,15.46
2024-07-27,Aave,Optimism,4.12,USDC,241826308,1.89,11.42
2024-07-27,Aave,Optimism,3.96,USDT,256363839,1.32,10.29
2024-07-27,Aave,Optimism,3.91,DAI,227715967,1.38,10.93
2024-07-27,Aave,Polygon,4.26,USDC,260490117,1.01,4.9
2024-07-27,Aave,Polygon,4.54,USDT,244669923,1.37,5.37
2024-07-27,Aave,Polygon,3.75,DAI,236658862,0.9,9.01
2024-07-27,Aave,Base,4.01,USDT,240854124,2.32,10.95
2024-07-27,Aave,Base,3.87,DAI,265003046,1.66,11.18
2024-07-27,Compound,Ethereum,3.12,USDC,190342199,25.81,0
2024-07-27,Compound,Ethereum,3.07,USDT,169609823,27.57,0
2024-07-27,Compound,Ethereum,2.78,DAI,193717861,32.12,0
2024-07-27,Compound,Arbitrum,3.58,USDC,178235059,2.23,12.37
2024-07-27,Compound,Arbitrum,4.09,DAI,181557095,2.13,10.89
2024-07-27,Compound,Optimism,3.99,USDC,184802397,2.45,7.85
2024-07-27,Compound,Optimism,3.67,USDT,196421555,1.95,11.56
2024-07-27,Compound,Optimism,3.52,DAI,187269720,1.87,10.11
2024-07-27,Compound,Polygon,3.83,USDC,190893606,0.98,5.63
2024-07-27,Compound,Polygon,4.26,DAI,162480521,0.55,7.72
2024-07-27,Compound,Base,3.63,USDC,189590001,2.42,12.56
2024-07-27,Compound,Base,3.71,USDT,167004404,1.7,8.87
2024-07-27,Compound,Base,3.48,DAI,174324489,2.65,10.82
2024-07-27,Curve,Ethereum,5.53,USDC,312247614,26.63,0
2024-07-27,Curve,Ethereum,6.2,DAI,303367986,25.8,0
2024-07-27,Curve,Arbitrum,7.2,USDC,311685419,2.07,13.87
2024-07-27,Curve,Arbitrum,7.83,USDT,288011992,1.36,11.83
2024-07-27,Curve,Arbitrum,6.85,DAI,308379653,3.15,13.26
2024-07-27,Curve,Optimism,6.48,USDC,298238509,2.03,11.32
2024-07-27,Curve,Optimism,7.86,USDT,318196291,2.17,10.06
2024-07-27,Curve,Optimism,7.3,DAI,333092547,2.55,8.56
2024-07-27,Curve,Polygon,10.28,USDC,278670153,0.94,9.61
2024-07-27,Curve,Polygon,7.1,USDT,305245821,0.68,7.64
2024-07-27,Curve,Polygon,8.56,DAI,342485684,0.79,10.13
2024-07-27,Curve,Base,8.17,USDT,326963906,2.14,13.62
2024-07-27,Uniswap V3,Ethereum,8.18,USDC,86684111,35.38,0
2024-07-27,Uniswap V3,Ethereum,5.45,USDT,93613420,27.4,0
2024-07-27,Uniswap V3,Ethereum,8.64,DAI,92669902,20.2,0
2024-07-27,Uniswap V3,Arbitrum,8.33,USDC,93422533,2.26,12.05
2024-07-27,Uniswap V3,Arbitrum,8.42,USDT,91457007,1.9,12.21
2024-07-27,Uniswap V3,Arbitrum,6.96,DAI,86134154,2.17,10.98
2024-07-27,Uniswap V3,Optimism,7.49,USDC,93725430,2.52,8.36
2024-07-27,Uniswap V3,Optimism,8.96,USDT,94287996,2.09,8.26
2024-07-27,Uniswap V3,Optimism,8.94,DAI,96948871,2.91,5.89
2024-07-27,Uniswap V3,Polygon,7.27,USDC,87952328,0.84,5.96
2024-07-27,Uniswap V3,Polygon,9.31,USDT,92927888,1.1,6.23
2024-07-27,Uniswap V3,Polygon,10.15,DAI,90831064,0.55,10.51
2024-07-27,Uniswap V3,Base,7.08,USDC,99909161,2.16,13.34
2024-07-27,Uniswap V3,Base,7.26,USDT,89136740,2.26,11.9
2024-07-27,Uniswap V3,Base,7.89,DAI,97750638,2.28,11.79
2024-07-27,Yearn,Ethereum,4.08,USDC,108424394,30.28,0
2024-07-27,Yearn,Ethereum,3.77,USDT,111705652,24.2,0
2024-07-27,Yearn,Ethereum,4.27,DAI,120294845,30.69,0
2024-07-27,Yearn,Arbitrum,4.37,USDC,118937526,2.89,13.81
2024-07-27,Yearn,Arbitrum,4.95,USDT,115834813,2.26,11.75
2024-07-27,Yearn,Arbitrum,5.08,DAI,115476317,2.55,9.19
2024-07-27,Yearn,Optimism,4.17,USDC,127117408,1.84,6.88
2024-07-27,Yearn,Optimism,4.64,USDT,125638103,2.39,5.78
2024-07-27,Yearn,Optimism,4.75,DAI,117580862,1.2,10.29
2024-07-27,Yearn,Polygon,5.42,USDC,118302402,0.83,9.08
2024-07-27,Yearn,Polygon,5.23,USDT,125054615,0.76,11.21
2024-07-27,Yearn,Base,4.78,USDC,122248387,2.08,9.96
2024-07-27,Yearn,Base,4.35,USDT,118864814,2.14,9.28
2024-07-27,Yearn,Base,4.63,DAI,114151348,1.84,5.7
2024-07-27,Pendle,Ethereum,8.38,USDC,77766976,35.63,0
2024-07-27,Pendle,Ethereum,7.55,USDT,73117048,22.22,0
2024-07-27,Pendle,Ethereum,9.2,DAI,72816459,25.15,0
2024-07-27,Pendle,Arbitrum,10.16,USDC,70499255,1.79,8.19
2024-07-27,Pendle,Arbitrum,9.34,USDT,81100861,2.07,10.5
2024-07-27,Pendle,Arbitrum,10.6,DAI,75854870,1.84,12.47
2024-07-27,Pendle,Optimism,10.4,USDC,76336793,1.84,8.87
2024-07-27,Pendle,Optimism,11.03,USDT,72663269,1.81,10.89
2024-07-27,Pendle,Optimism,10.9,DAI,74923274,2.75,10.45
2024-07-27,Pendle,Base,9.91,USDC,73312868,2.48,14.76
2024-07-27,Pendle,Base,11.4,USDT,78637368,2.45,9.82
2024-07-27,Pendle,Base,9.43,DAI,72886356,2.32,5.69
2024-07-27,Convex,Ethereum,4.68,USDC,147834682,24.74,0
2024-07-27,Convex,Ethereum,6.01,USDT,141997345,20.12,0
2024-07-27,Convex,Ethereum,5.97,DAI,134497778,22.95,0
2024-07-27,Balancer,Ethereum,6.55,USDT,99461391,37.45,0
2024-07-27,Balancer,Ethereum,6.42,DAI,108452250,26.13,0
2024-07-27,Balancer,Arbitrum,7.8,USDC,109171638,2.69,9.25
2024-07-27,Balancer,Arbitrum,7.38,USDT,116098812,2.46,7.22
2024-07-27,Balancer,Arbitrum,8.22,DAI,109144065,1.97,12.09
2024-07-27,Balancer,Optimism,7.59,DAI,109971573,2.1,9.13
2024-07-27,Balancer,Polygon,7.49,USDC,106652585,0.85,8.45
2024-07-27,Balancer,Polygon,8.38,USDT,102657346,0.88,8.65
2024-07-27,Balancer,Polygon,9.39,DAI,106657909,1.0,6.21
2024-07-27,Balancer,Base,7.1,USDC,114364607,1.92,7.41
2024-07-27,Balancer,Base,7.36,USDT,115542154,2.45,6.26
2024-07-27,Balancer,Base,7.87,DAI,114554193,2.51,7.84
2024-07-28,Aave,Ethereum,3.57,USDC,256423746,25.91,0
2024-07-28,Aave,Ethereum,3.13,USDT,222157305,30.98,0
2024-07-28,Aave,Ethereum,3.28,DAI,247364851,36.07,0
2024-07-28,Aave,Arbitrum,3.46,USDC,250648907,2.22,12.34
2024-07-28,Aave,Arbitrum,3.86,USDT,246014124,3.52,15.18
2024-07-28,Aave,Arbitrum,4.09,DAI,253728282,2.0,10.36
2024-07-28,Aave,Optimism,3.54,USDT,237661904,1.38,7.77
2024-07-28,Aave,Optimism,3.77,DAI,227914664,1.58,10.42
2024-07-28,Aave,Polygon,4.39,USDC,246518707,0.77,8.15
2024-07-28,Aave,Polygon,4.22,USDT,232665188,0.83,8.26
2024-07-28,Aave,Polygon,4.17,DAI,251936927,1.07,7.54
2024-07-28,Aave,Base,3.76,USDC,253733489,1.83,9.84
2024-07-28,Aave,Base,3.8,USDT,247069835,2.37,10.31
2024-07-28,Aave,Base,4.03,DAI,257014928,2.01,10.95
2024-07-28,Compound,Ethereum,3.4,DAI,190869683,21.88,0
2024-07-28,Compound,Arbitrum,3.63,USDC,193690863,2.93,12.37
2024-07-28,Compound,Arbitrum,3.85,USDT,188370873,2.96,11.84
2024-07-28,Compound,Arbitrum,3.94,DAI,180992984,2.27,13.5
2024-07-28,Compound,Optimism,3.54,USDC,168897881,1.66,5.95
2024-07-28,Compound,Optimism,3.46,USDT,176353753,2.19,9.11
2024-07-28,Compound,Optimism,3.51,DAI,185255471,2.39,10.85
2024-07-28,Compound,Polygon,4.17,USDC,176036856,0.99,7.07
2024-07-28,Compound,Polygon,4.08,USDT,176012939,0.83,8.01
2024-07-28,Compound,Polygon,4.06,DAI,187997051,1.12,8.99
2024-07-28,Compound,Base,3.75,USDC,183669258,2.68,10.98
2024-07-28,Compound,Base,3.47,USDT,167548577,2.35,9.61
2024-07-28,Compound,Base,3.65,DAI,190027511,2.38,11.4
2024-07-28,Curve,Ethereum,5.96,USDT,317816099,29.81,0
2024-07-28,Curve,Ethereum,6.15,DAI,325243419,17.51,0
2024-07-28,Curve,Arbitrum,7.7,USDC,315060821,2.38,10.37
2024-07-28,Curve,Arbitrum,7.62,USDT,311508747,2.56,13.34
2024-07-28,Curve,Arbitrum,8.14,DAI,334235088,2.65,13.54
2024-07-28,Curve,Optimism,8.07,USDC,306723653,1.74,6.6
2024-07-28,Curve,Optimism,8.25,USDT,326165297,2.54,9.14
2024-07-28,Curve,Optimism,7.12,DAI,324959952,2.65,9.23
2024-07-28,Curve,Polygon,8.49,USDT,326027050,0.95,6.67
2024-07-28,Curve,Polygon,6.52,DAI,323492400,1.05,6.21
2024-07-28,Curve,Base,7.24,USDC,328139367,2.66,12.05
2024-07-28,Curve,Base,8.25,USDT,326959943,1.68,8.73
2024-07-28,Curve,Base,7.38,DAI,289343869,1.93,10.69
2024-07-28,Uniswap V3,Ethereum,7.33,USDC,95257496,31.0,0
2024-07-28,Uniswap V3,Ethereum,7.86,USDT,94019011,28.41,0
2024-07-28,Uniswap V3,Ethereum,7.45,DAI,88139858,37.37,0
2024-07-28,Uniswap V3,Arbitrum,8.56,USDC,87594284,3.02,10.31
2024-07-28,Uniswap V3,Arbitrum,8.17,USDT,87200548,2.5,16.97
2024-07-28,Uniswap V3,Arbitrum,7.76,DAI,89418800,2.91,10.82
2024-07-28,Uniswap V3,Optimism,7.95,USDC,93097361,2.12,8.03
2024-07-28,Uniswap V3,Optimism,7.95,USDT,97216206,1.65,10.07
2024-07-28,Uniswap V3,Optimism,6.87,DAI,97710709,1.66,6.39
2024-07-28,Uniswap V3,Polygon,7.15,USDT,94144553,0.56,9.03
2024-07-28,Uniswap V3,Base,8.44,USDC,95442172,2.59,10.89
2024-07-28,Uniswap V3,Base,7.87,USDT,95722432,2.51,11.75
2024-07-28,Uniswap V3,Base,7.96,DAI,102386582,2.42,7.6
2024-07-28,Yearn,Ethereum,3.82,USDC,121899775,27.29,0
2024-07-28,Yearn,Ethereum,4.22,USDT,116120408,33.51,0
2024-07-28,Yearn,Ethereum,3.69,DAI,116722723,23.71,0
2024-07-28,Yearn,Arbitrum,5.12,USDC,114440462,1.87,11.64
2024-07-28,Yearn,Arbitrum,5.35,USDT,116782491,2.94,15.22
2024-07-28,Yearn,Arbitrum,4.76,DAI,123240002,3.21,13.02
2024-07-28,Yearn,Optimism,4.47,USDC,118353779,2.24,10.97
2024-07-28,Yearn,Optimism,4.79,USDT,119644149,2.1,9.83
2024-07-28,Yearn,Polygon,5.59,USDC,111111973,1.32,7.31
2024-07-28,Yearn,Polygon,5.0,USDT,125092316,1.06,6.48
2024-07-28,Yearn,Polygon,5.33,DAI,114073643,0.94,7.98
2024-07-28,Yearn,Base,4.6,USDC,118371060,2.51,8.49
2024-07-28,Yearn,Base,5.01,USDT,117560574,1.98,7.6
2024-07-28,Pendle,Ethereum,9.23,USDC,79777568,36.8,0
2024-07-28,Pendle,Ethereum,7.39,USDT,77836032,28.72,0
2024-07-28,Pendle,Ethereum,10.0,DAI,78173878,31.61,0
2024-07-28,Pendle,Arbitrum,8.52,USDC,75097434,1.79,14.55
2024-07-28,Pendle,Arbitrum,10.31,USDT,67821601,2.43,12.25
2024-07-28,Pendle,Arbitrum,10.94,DAI,80834642,1.45,12.06
2024-07-28,Pendle,Optimism,9.52,USDC,75927139,1.72,10.15
2024-07-28,Pendle,Optimism,9.84,DAI,65209739,1.82,8.81
2024-07-28,Pendle,Base,10.46,USDC,79209911,2.25,11.26
2024-07-28,Pendle,Base,9.73,USDT,72628671,2.4,10.52
2024-07-28,Pendle,Base,11.02,DAI,73537621,2.24,13.51
2024-07-28,Convex,Ethereum,4.9,USDC,146971409,30.73,0
2024-07-28,Convex,Ethereum,6.07,USDT,148344990,34.99,0
2024-07-28,Convex,Ethereum,5.78,DAI,154168265,26.07,0
2024-07-28,Balancer,Ethereum,6.72,USDC,108249835,27.89,0
2024-07-28,Balancer,Ethereum,6.42,USDT,111240938,28.92,0
2024-07-28,Balancer,Ethereum,6.3,DAI,111169770,18.69,0
2024-07-28,Balancer,Arbitrum,10.13,USDC,116092559,2.23,10.02
2024-07-28,Balancer,Arbitrum,8.24,USDT,111141476,3.47,7.19
2024-07-28,Balancer,Arbitrum,6.28,DAI,119024836,2.35,17.1
2024-07-28,Balancer,Optimism,7.7,USDC,112429473,2.36,4.83
2024-07-28,Balancer,Optimism,8.24,USDT,109796671,1.79,5.97
2024-07-28,Balancer,Optimism,7.79,DAI,118819665,2.27,7.42
2024-07-28,Balancer,Polygon,8.51,DAI,95762068,1.51,9.06
2024-07-28,Balancer,Base,8.14,USDT,110099174,2.06,8.28
2024-07-28,Balancer,Base,7.08,DAI,111823178,2.04,9.48
2024-07-29,Aave,Ethereum,3.2,USDC,250157112,39.05,0
2024-07-29,Aave,Ethereum,3.48,USDT,252479118,33.92,0
2024-07-29,Aave,Ethereum,3.52,DAI,257874228,42.9,0
2024-07-29,Aave,Arbitrum,4.3,USDC,266169658,3.69,11.86
2024-07-29,Aave,Arbitrum,4.0,DAI,275179041,3.64,14.51
2024-07-29,Aave,Optimism,4.26,USDC,239483211,1.91,8.33
2024-07-29,Aave,Optimism,3.64,USDT,248002504,3.77,6.48
2024-07-29,Aave,Optimism,4.12,DAI,269869115,2.49,8.14
2024-07-29,Aave,Polygon,4.3,USDT,227595062,1.43,8.09
2024-07-29,Aave,Polygon,3.83,DAI,229961191,1.5,10.41
2024-07-29,Aave,Base,4.25,USDC,248956848,3.5,11.78
2024-07-29,Aave,Base,3.82,USDT,270975812,2.5,10.16
2024-07-29,Aave,Base,3.98,DAI,264666699,3.36,12.37
2024-07-29,Compound,Ethereum,3.17,USDC,199512404,34.27,0
2024-07-29,Compound,Ethereum,2.91,USDT,196926603,38.36,0
2024-07-29,Compound,Ethereum,3.26,DAI,196676504,41.77,0
2024-07-29,Compound,Arbitrum,4.05,USDT,181845364,4.29,10.66
2024-07-29,Compound,Arbitrum,4.21,DAI,193177913,3.46,12.4
2024-07-29,Compound,Optimism,3.54,USDC,182545779,3.0,7.72
2024-07-29,Compound,Optimism,3.51,USDT,184692539,3.4,9.18
2024-07-29,Compound,Optimism,3.79,DAI,197568877,2.66,9.94
2024-07-29,Compound,Polygon,3.88,USDC,183706049,1.33,7.95
2024-07-29,Compound,Polygon,4.02,USDT,172247443,1.53,7.48
2024-07-29,Compound,Polygon,4.02,DAI,195110907,1.4,4.59
2024-07-29,Compound,Base,3.77,USDC,176737932,3.46,8.69
2024-07-29,Compound,Base,3.54,USDT,192312643,3.69,7.98
2024-07-29,Curve,Ethereum,5.77,USDC,345802247,45.08,0
2024-07-29,Curve,Ethereum,4.97,USDT,333106023,46.4,0
2024-07-29,Curve,Arbitrum,7.88,USDC,298605615,3.29,13.45
2024-07-29,Curve,Arbitrum,7.72,USDT,317284469,2.58,10.5
2024-07-29,Curve,Arbitrum,7.38,DAI,343531304,4.47,13.06
2024-07-29,Curve,Optimism,6.15,USDC,294892946,3.78,12.08
2024-07-29,Curve,Optimism,7.75,USDT,309544320,3.17,8.12
2024-07-29,Curve,Optimism,7.64,DAI,315142246,3.46,11.54
2024-07-29,Curve,Polygon,7.32,USDC,310796944,1.03,6.46
2024-07-29,Curve,Polygon,8.62,USDT,336290262,1.44,7.89
2024-07-29,Curve,Polygon,7.16,DAI,283968957,1.48,7.48
2024-07-29,Curve,Base,6.31,USDC,324921959,3.11,9.74
2024-07-29,Curve,Base,8.26,USDT,324887948,3.54,14.73
2024-07-29,Curve,Base,8.6,DAI,328796659,3.46,7.05
2024-07-29,Uniswap V3,Ethereum,6.99,USDC,92109709,45.65,0
2024-07-29,Uniswap V3,Ethereum,6.55,USDT,98034406,36.4,0
2024-07-29,Uniswap V3,Ethereum,6.37,DAI,97514612,44.64,0
2024-07-29,Uniswap V3,Arbitrum,8.57,USDC,99882197,4.2,13.95
2024-07-29,Uniswap V3,Arbitrum,8.41,USDT,99935640,3.45,15.14
2024-07-29,Uniswap V3,Optimism,8.46,USDC,98600331,3.42,8.52
2024-07-29,Uniswap V3,Optimism,8.44,USDT,96062703,1.98,7.08
2024-07-29,Uniswap V3,Optimism,6.37,DAI,84898792,2.93,13.63
2024-07-29,Uniswap V3,Polygon,8.9,USDC,91771848,1.72,6.91
2024-07-29,Uniswap V3,Polygon,8.15,USDT,98890449,1.52,8.84
2024-07-29,Uniswap V3,Polygon,7.83,DAI,96542865,1.91,7.95
2024-07-29,Uniswap V3,Base,8.51,USDC,94321153,4.0,8.35
2024-07-29,Uniswap V3,Base,8.59,USDT,84341350,3.38,11.04
2024-07-29,Uniswap V3,Base,7.68,DAI,99290257,3.23,11.59
2024-07-29,Yearn,Ethereum,4.41,USDC,129758372,37.54,0
2024-07-29,Yearn,Ethereum,4.5,USDT,116659605,37.07,0
2024-07-29,Yearn,Ethereum,4.31,DAI,124831037,46.2,0
2024-07-29,Yearn,Arbitrum,4.77,USDT,119955970,3.43,11.2
2024-07-29,Yearn,Arbitrum,4.9,DAI,124848066,4.29,13.05
2024-07-29,Yearn,Optimism,4.41,USDC,121149404,3.94,6.79
2024-07-29,Yearn,Optimism,4.68,DAI,111008434,2.26,7.7
2024-07-29,Yearn,Polygon,5.1,USDC,124669037,1.09,7.37
2024-07-29,Yearn,Polygon,4.91,USDT,138100271,1.56,8.24
2024-07-29,Yearn,Polygon,5.25,DAI,129529885,1.73,5.67
2024-07-29,Yearn,Base,5.48,USDC,126062006,3.27,7.55
2024-07-29,Yearn,Base,4.57,USDT,117582946,3.48,8.38
2024-07-29,Yearn,Base,4.67,DAI,117137606,3.36,9.4
2024-07-29,Pendle,Ethereum,9.77,USDC,82731394,48.78,0
2024-07-29,Pendle,Ethereum,9.74,USDT,77439418,43.09,0
2024-07-29,Pendle,Arbitrum,10.87,USDC,71368523,4.92,5.82
2024-07-29,Pendle,Arbitrum,10.47,USDT,71983012,3.16,7.64
2024-07-29,Pendle,Arbitrum,10.59,DAI,72949048,4.61,10.33
2024-07-29,Pendle,Optimism,10.48,USDC,69380201,3.09,6.97
2024-07-29,Pendle,Optimism,8.15,USDT,78600079,2.43,12.21
2024-07-29,Pendle,Optimism,8.51,DAI,76230783,3.41,11.86
2024-07-29,Pendle,Base,12.35,USDC,79905050,3.73,9.2
2024-07-29,Pendle,Base,11.54,USDT,73220622,3.58,9.48
2024-07-29,Pendle,Base,9.77,DAI,80542371,3.22,10.33
2024-07-29,Convex,Ethereum,5.98,USDC,145228218,39.22,0
2024-07-29,Convex,Ethereum,4.79,USDT,151113017,40.13,0
2024-07-29,Convex,Ethereum,6.19,DAI,143696453,52.31,0
2024-07-29,Balancer,Ethereum,7.49,USDC,110611754,30.92,0
2024-07-29,Balancer,Ethereum,6.02,USDT,106673003,47.42,0
2024-07-29,Balancer,Ethereum,6.93,DAI,112904262,39.57,0
2024-07-29,Balancer,Arbitrum,7.68,USDC,111701859,4.09,11.69
2024-07-29,Balancer,Arbitrum,7.49,USDT,108052000,2.78,12.14
2024-07-29,Balancer,Arbitrum,7.26,DAI,118689081,3.45,12.32
2024-07-29,Balancer,Optimism,6.69,USDC,115156599,3.24,11.45
2024-07-29,Balancer,Optimism,6.64,USDT,108023270,2.74,8.1
2024-07-29,Balancer,Optimism,7.92,DAI,111163974,2.57,10.05
2024-07-29,Balancer,Polygon,8.55,USDC,112076679,1.06,8.15
2024-07-29,Balancer,Polygon,10.1,USDT,123503341,1.57,7.7
2024-07-29,Balancer,Polygon,8.0,DAI,117156304,1.41,8.43
2024-07-29,Balancer,Base,6.87,USDC,106016038,3.89,11.13
2024-07-29,Balancer,Base,8.2,USDT,107567305,3.18,12.41
2024-07-29,Balancer,Base,9.01,DAI,110226564,3.14,13.08
2024-07-30,Aave,Ethereum,3.25,USDC,268203760,42.29,0
2024-07-30,Aave,Ethereum,3.18,USDT,262289585,46.52,0
2024-07-30,Aave,Ethereum,3.26,DAI,260103014,40.6,0
2024-07-30,Aave,Arbitrum,4.31,USDC,257251908,3.99,15.06
2024-07-30,Aave,Arbitrum,3.72,USDT,265021385,4.11,12.89
2024-07-30,Aave,Arbitrum,3.54,DAI,239227814,2.61,10.92
2024-07-30,Aave,Optimism,3.86,USDC,265155640,2.7,6.23
2024-07-30,Aave,Optimism,4.06,USDT,253353328,2.64,11.61
2024-07-30,Aave,Optimism,4.11,DAI,261549983,2.47,7.42
2024-07-30,Aave,Polygon,4.13,USDC,247197142,0.77,7.68
2024-07-30,Aave,Polygon,4.38,USDT,263551928,1.51,9.21
2024-07-30,Aave,Base,3.9,USDC,238521023,3.63,6.54
2024-07-30,Aave,Base,3.89,USDT,254446144,2.89,9.4
2024-07-30,Aave,Base,4.27,DAI,285864737,3.81,6.16
2024-07-30,Compound,Ethereum,3.28,USDT,186003678,49.63,0
2024-07-30,Compound,Ethereum,3.4,DAI,199303489,31.44,0
2024-07-30,Compound,Arbitrum,4.01,USDC,180203292,3.7,10.05
2024-07-30,Compound,Arbitrum,3.99,USDT,206977865,3.76,12.87
2024-07-30,Compound,Arbitrum,3.56,DAI,184080865,3.58,13.58
2024-07-30,Compound,Optimism,3.98,USDC,196916001,3.78,8.46
2024-07-30,Compound,Optimism,3.93,USDT,189632615,3.1,9.09
2024-07-30,Compound,Optimism,3.59,DAI,192733183,2.5,7.98
2024-07-30,Compound,Polygon,4.16,USDC,172882801,1.59,11.6
2024-07-30,Compound,Polygon,4.09,USDT,197739904,1.5,10.63
2024-07-30,Compound,Polygon,4.21,DAI,182401282,1.25,7.3
2024-07-30,Compound,Base,4.07,USDC,184505805,3.14,8.31
2024-07-30,Compound,Base,3.87,USDT,183003239,3.65,9.84
2024-07-30,Compound,Base,3.79,DAI,191343006,3.92,7.99
2024-07-30,Curve,Ethereum,5.71,USDC,360917165,36.21,0
2024-07-30,Curve,Ethereum,6.0,USDT,332198630,33.11,0
2024-07-30,Curve,Ethereum,6.4,DAI,359467374,46.8,0
2024-07-30,Curve,Arbitrum,7.54,USDC,348529123,3.31,12.95
2024-07-30,Curve,Arbitrum,9.01,USDT,371917474,2.62,12.12
2024-07-30,Curve,Arbitrum,6.88,DAI,307039016,3.08,12.82
2024-07-30,Curve,Optimism,7.82,USDC,323028290,2.97,10.88
2024-07-30,Curve,Optimism,8.65,USDT,349255206,2.64,8.18
2024-07-30,Curve,Optimism,8.24,DAI,348708316,2.63,8.85
2024-07-30,Curve,Polygon,7.69,USDC,337009765,1.38,10.5
2024-07-30,Curve,Polygon,7.8,USDT,340848500,1.63,5.5
2024-07-30,Curve,Polygon,9.38,DAI,325417254,1.85,7.74
2024-07-30,Curve,Base,7.96,USDC,358522895,3.87,12.28
2024-07-30,Curve,Base,8.92,USDT,324587415,3.12,8.36
2024-07-30,Curve,Base,6.74,DAI,349110855,3.23,7.42
2024-07-30,Uniswap V3,Ethereum,6.06,USDC,96856837,39.44,0
2024-07-30,Uniswap V3,Ethereum,7.99,USDT,94710233,46.19,0
2024-07-30,Uniswap V3,Ethereum,8.13,DAI,102407199,41.43,0
2024-07-30,Uniswap V3,Arbitrum,7.01,USDC,101304870,4.47,9.57
2024-07-30,Uniswap V3,Arbitrum,10.6,USDT,95582586,3.14,13.65
2024-07-30,Uniswap V3,Arbitrum,7.36,DAI,92687417,4.9,10.49
2024-07-30,Uniswap V3,Optimism,10.85,USDT,97638010,3.56,8.58
2024-07-30,Uniswap V3,Optimism,9.16,DAI,97801632,2.52,8.8
2024-07-30,Uniswap V3,Polygon,10.57,USDC,93891815,0.94,8.43
2024-07-30,Uniswap V3,Polygon,10.07,USDT,91421988,1.57,7.93
2024-07-30,Uniswap V3,Polygon,9.33,DAI,103970583,2.05,8.43
2024-07-30,Uniswap V3,Base,9.1,USDC,91536959,2.9,8.28
2024-07-30,Uniswap V3,Base,7.36,USDT,96387640,3.21,10.83
2024-07-30,Uniswap V3,Base,9.49,DAI,87400085,4.16,10.35
2024-07-30,Yearn,Ethereum,4.46,USDC,122519980,44.4,0
2024-07-30,Yearn,Ethereum,4.2,USDT,119419198,42.86,0
2024-07-30,Yearn,Ethereum,4.08,DAI,127565180,40.27,0
2024-07-30,Yearn,Arbitrum,5.09,USDC,118106849,2.79,13.04
2024-07-30,Yearn,Arbitrum,5.23,USDT,124044313,3.09,10.4
2024-07-30,Yearn,Arbitrum,5.1,DAI,120692136,2.77,10.05
2024-07-30,Yearn,Optimism,4.91,USDC,121977157,3.28,9.43
2024-07-30,Yearn,Optimism,5.09,USDT,129146074,2.83,7.95
2024-07-30,Yearn,Optimism,4.99,DAI,120315526,2.2,7.81
2024-07-30,Yearn,Polygon,5.38,USDC,131219628,1.21,6.81
2024-07-30,Yearn,Polygon,4.88,USDT,125242920,1.34,10.56
2024-07-30,Yearn,Polygon,5.58,DAI,127971513,1.66,8.24
2024-07-30,Yearn,Base,5.09,USDC,119925000,3.12,7.95
2024-07-30,Yearn,Base,5.01,USDT,126226580,2.75,10.35
2024-07-30,Yearn,Base,5.06,DAI,125475984,2.57,9.39
2024-07-30,Pendle,Ethereum,8.34,USDC,72535294,29.95,0
2024-07-30,Pendle,Ethereum,7.07,USDT,79185418,45.23,0
2024-07-30,Pendle,Ethereum,6.18,DAI,85034456,51.82,0
2024-07-30,Pendle,Arbitrum,12.15,USDC,76566951,3.29,13.5
2024-07-30,Pendle,Arbitrum,10.45,USDT,80819096,4.03,9.86
2024-07-30,Pendle,Arbitrum,11.85,DAI,82886259,4.37,13.83
2024-07-30,Pendle,Optimism,11.03,USDC,83338621,3.54,9.7
2024-07-30,Pendle,Optimism,9.0,USDT,73279507,2.81,7.01
2024-07-30,Pendle,Optimism,10.23,DAI,81319636,3.01,7.66
2024-07-30,Pendle,Base,9.83,USDC,78506027,3.44,10.12
2024-07-30,Pendle,Base,9.77,USDT,79821105,4.02,9.25
2024-07-30,Pendle,Base,10.29,DAI,77452009,3.19,13.27
2024-07-30,Convex,Ethereum,5.24,USDC,152756479,40.56,0
2024-07-30,Convex,Ethereum,6.01,USDT,137866947,35.82,0
2024-07-30,Convex,Ethereum,5.99,DAI,150584689,43.13,0
2024-07-30,Balancer,Ethereum,5.55,USDC,117266820,43.04,0
2024-07-30,Balancer,Ethereum,6.07,USDT,124789068,29.69,0
2024-07-30,Balancer,Ethereum,6.55,DAI,107495350,34.9,0
2024-07-30,Balancer,Arbitrum,7.35,USDC,113923043,3.51,8.85
2024-07-30,Balancer,Arbitrum,8.15,USDT,119596489,2.7,13.81
2024-07-30,Balancer,Arbitrum,8.33,DAI,109622506,4.13,10.26
2024-07-30,Balancer,Optimism,8.63,USDC,115566438,1.95,8.67
2024-07-30,Balancer,Optimism,8.06,USDT,117657367,2.32,8.19
2024-07-30,Balancer,Optimism,7.32,DAI,118412205,3.32,8.75
2024-07-30,Balancer,Polygon,8.37,USDC,106203945,1.58,6.74
2024-07-30,Balancer,Polygon,8.35,USDT,117493005,1.0,11.98
2024-07-30,Balancer,Polygon,7.72,DAI,114224060,1.47,7.02
2024-07-30,Balancer,Base,7.89,DAI,108600371,2.83,10.99
2024-07-31,Aave,Ethereum,2.72,USDC,262800184,34.21,0
2024-07-31,Aave,Ethereum,3.42,DAI,275527518,52.21,0
2024-07-31,Aave,Arbitrum,3.59,USDC,249131475,4.27,11.23
2024-07-31,Aave,Arbitrum,3.92,USDT,257752442,3.94,13.66
2024-07-31,Aave,Arbitrum,4.59,DAI,263043749,3.65,7.55
2024-07-31,Aave,Optimism,3.92,USDC,268317042,2.61,10.14
2024-07-31,Aave,Optimism,4.24,USDT,248224629,2.89,10.66
2024-07-31,Aave,Optimism,3.74,DAI,265319602,2.56,11.71
2024-07-31,Aave,Polygon,4.23,USDC,267685961,0.9,6.9
2024-07-31,Aave,Polygon,4.28,USDT,258984269,1.23,8.96
2024-07-31,Aave,Polygon,4.1,DAI,274328070,0.98,8.22
2024-07-31,Aave,Base,4.56,USDT,272740439,2.19,7.4
2024-07-31,Aave,Base,3.69,DAI,250413142,3.37,11.87
2024-07-31,Compound,Ethereum,3.33,USDC,201129850,45.48,0
2024-07-31,Compound,Ethereum,2.91,USDT,176408990,47.37,0
2024-07-31,Compound,Ethereum,3.24,DAI,205188587,39.48,0
2024-07-31,Compound,Arbitrum,3.68,USDT,206104796,3.18,12.66
2024-07-31,Compound,Arbitrum,4.16,DAI,180705213,4.29,12.6
2024-07-31,Compound,Optimism,3.84,USDC,176892668,3.3,8.23
2024-07-31,Compound,Optimism,3.75,USDT,180413826,2.53,11.11
2024-07-31,Compound,Optimism,3.94,DAI,182265364,3.36,7.18
2024-07-31,Compound,Polygon,4.35,USDC,171966289,1.69,7.7
2024-07-31,Compound,Polygon,4.05,USDT,187920432,1.3,6.95
2024-07-31,Compound,Polygon,4.36,DAI,201798861,1.51,7.49
2024-07-31,Compound,Base,4.04,USDC,189102020,2.96,13.07
2024-07-31,Compound,Base,3.81,USDT,190202934,3.28,10.75
2024-07-31,Compound,Base,4.03,DAI,183464924,3.45,13.96
2024-07-31,Curve,Ethereum,6.45,USDC,342321880,44.98,0
2024-07-31,Curve,Ethereum,5.89,USDT,361172057,34.79,0
2024-07-31,Curve,Ethereum,5.85,DAI,317891271,42.47,0
2024-07-31,Curve,Arbitrum,7.67,USDC,351721646,4.76,10.98
2024-07-31,Curve,Arbitrum,7.8,USDT,342641317,3.47,15.82
2024-07-31,Curve,Arbitrum,7.15,DAI,328128263,3.52,12.78
2024-07-31,Curve,Optimism,7.57,USDC,360966319,2.53,9.41
2024-07-31,Curve,Optimism,8.58,USDT,349915167,2.29,6.51
2024-07-31,Curve,Optimism,7.07,DAI,340128544,2.39,8.74
2024-07-31,Curve,Polygon,6.93,USDT,332111016,1.61,5.52
2024-07-31,Curve,Polygon,6.4,DAI,334226818,1.27,4.2
2024-07-31,Curve,Base,6.34,USDC,355169608,3.18,11.19
2024-07-31,Curve,Base,6.82,USDT,343579132,2.81,10.41
2024-07-31,Curve,Base,8.64,DAI,332728277,3.15,13.91
2024-07-31,Uniswap V3,Ethereum,6.53,USDC,100535321,42.14,0
2024-07-31,Uniswap V3,Ethereum,5.84,USDT,106608105,44.03,0
2024-07-31,Uniswap V3,Ethereum,7.13,DAI,103562984,40.8,0
2024-07-31,Uniswap V3,Arbitrum,7.7,USDC,101012095,3.65,11.14
2024-07-31,Uniswap V3,Arbitrum,8.06,USDT,103843927,2.65,9.17
2024-07-31,Uniswap V3,Arbitrum,6.9,DAI,102677294,2.58,12.78
2024-07-31,Uniswap V3,Optimism,8.9,USDC,101362414,4.06,10.42
2024-07-31,Uniswap V3,Optimism,8.11,USDT,98140353,3.02,7.95
2024-07-31,Uniswap V3,Polygon,8.52,USDC,112103016,1.32,6.47
2024-07-31,Uniswap V3,Polygon,9.89,USDT,95442186,1.7,8.84
2024-07-31,Uniswap V3,Polygon,10.34,DAI,100053053,1.63,7.56
2024-07-31,Uniswap V3,Base,9.12,USDC,96261394,4.0,9.31
2024-07-31,Uniswap V3,Base,7.33,USDT,103391112,3.79,8.53
2024-07-31,Uniswap V3,Base,9.55,DAI,95936299,3.09,9.95
2024-07-31,Yearn,Ethereum,4.08,USDT,131790397,58.54,0
2024-07-31,Yearn,Ethereum,4.05,DAI,119896681,50.36,0
2024-07-31,Yearn,Arbitrum,5.4,USDC,140917723,3.04,11.68
2024-07-31,Yearn,Arbitrum,5.35,USDT,124108352,3.13,14.36
2024-07-31,Yearn,Arbitrum,5.69,DAI,117975370,2.97,11.42
2024-07-31,Yearn,Optimism,4.87,USDC,126730337,3.87,10.04
2024-07-31,Yearn,Optimism,4.83,USDT,127663078,2.51,8.23
2024-07-31,Yearn,Optimism,4.74,DAI,123171622,2.98,7.53
2024-07-31,Yearn,Polygon,5.0,USDC,122002548,1.43,7.51
2024-07-31,Yearn,Polygon,5.64,DAI,125249982,1.23,10.74
2024-07-31,Yearn,Base,4.95,USDC,124453434,3.15,8.35
2024-07-31,Yearn,Base,4.98,USDT,117497190,2.88,6.27
2024-07-31,Yearn,Base,4.34,DAI,123867349,3.41,6.28
2024-07-31,Pendle,Ethereum,8.39,USDC,79660530,32.79,0
2024-07-31,Pendle,Ethereum,8.32,DAI,78989344,48.8,0
2024-07-31,Pendle,Arbitrum,9.14,USDC,80302163,3.23,12.0
2024-07-31,Pendle,Arbitrum,11.26,USDT,74846965,3.37,11.27
2024-07-31,Pendle,Arbitrum,9.06,DAI,84452704,5.08,13.52
2024-07-31,Pendle,Optimism,10.84,USDC,68968394,2.62,5.71
2024-07-31,Pendle,Optimism,11.44,USDT,71545174,3.28,9.3
2024-07-31,Pendle,Optimism,8.59,DAI,80498281,2.18,12.08
2024-07-31,Pendle,Base,11.45,USDC,79823272,3.7,11.76
2024-07-31,Pendle,Base,12.9,USDT,78059655,3.53,8.9
2024-07-31,Pendle,Base,10.74,DAI,77408355,3.73,6.25
2024-07-31,Convex,Ethereum,6.47,USDC,159597636,49.69,0
2024-07-31,Convex,Ethereum,5.71,USDT,165981990,44.77,0
2024-07-31,Convex,Ethereum,5.8,DAI,152934588,33.73,0
2024-07-31,Balancer,Ethereum,7.1,USDT,109459356,33.38,0
2024-07-31,Balancer,Arbitrum,8.68,USDC,119648144,2.76,13.87
2024-07-31,Balancer,Arbitrum,8.38,USDT,114487987,4.03,14.72
2024-07-31,Balancer,Arbitrum,8.87,DAI,125555276,3.08,9.6
2024-07-31,Balancer,Optimism,6.14,USDC,107778241,2.63,12.38
2024-07-31,Balancer,Optimism,7.49,USDT,123925506,2.09,9.46
2024-07-31,Balancer,Optimism,6.4,DAI,114820365,3.59,9.74
2024-07-31,Balancer,Polygon,8.11,USDC,120990710,1.45,4.94
2024-07-31,Balancer,Polygon,9.42,USDT,115028813,2.1,6.99
2024-07-31,Balancer,Base,6.59,USDC,119453768,2.63,12.0
2024-07-31,Balancer,Base,8.43,USDT,124680680,3.54,12.0
2024-07-31,Balancer,Base,7.05,DAI,128821114,2.67,9.59
2024-08-01,Aave,Ethereum,2.84,USDT,275102919,35.69,0
2024-08-01,Aave,Ethereum,3.34,DAI,290550700,47.11,0
2024-08-01,Aave,Arbitrum,4.23,USDC,268139561,3.02,9.06
2024-08-01,Aave,Optimism,3.9,USDC,271063969,3.45,8.64
2024-08-01,Aave,Optimism,3.61,USDT,277329383,3.18,9.9
2024-08-01,Aave,Optimism,3.97,DAI,259160456,3.34,9.98
2024-08-01,Aave,Polygon,4.48,USDC,247467577,1.55,9.82
2024-08-01,Aave,Polygon,4.58,USDT,302810531,1.25,7.03
2024-08-01,Aave,Polygon,4.62,DAI,261985354,1.61,7.02
2024-08-01,Aave,Base,4.05,USDC,270781864,3.45,15.08
2024-08-01,Aave,Base,3.7,USDT,255503494,3.71,11.63
2024-08-01,Aave,Base,4.22,DAI,276119851,2.89,10.03
2024-08-01,Compound,Ethereum,3.13,USDC,204022599,38.92,0
2024-08-01,Compound,Ethereum,2.97,USDT,178811241,50.77,0
2024-08-01,Compound,Ethereum,3.28,DAI,201315712,36.1,0
2024-08-01,Compound,Arbitrum,4.05,USDC,196661916,4.02,14.77
2024-08-01,Compound,Arbitrum,4.13,USDT,187719916,3.31,12.53
2024-08-01,Compound,Arbitrum,3.54,DAI,201756809,3.24,5.83
2024-08-01,Compound,Optimism,3.52,USDT,191497668,2.13,9.08
2024-08-01,Compound,Optimism,3.52,DAI,211509450,3.04,6.83
2024-08-01,Compound,Polygon,4.25,USDC,189744592,1.37,7.63
2024-08-01,Compound,Polygon,3.85,USDT,201091802,1.5,9.88
2024-08-01,Compound,Polygon,4.13,DAI,212525116,1.22,7.56
2024-08-01,Compound,Base,3.79,USDC,183785049,3.65,10.58
2024-08-01,Compound,Base,3.75,USDT,194828912,3.28,11.73
2024-08-01,Compound,Base,3.76,DAI,194842526,4.22,6.43
2024-08-01,Curve,Ethereum,6.21,USDC,322941084,43.29,0
2024-08-01,Curve,Ethereum,5.66,USDT,340281005,37.45,0
2024-08-01,Curve,Ethereum,5.93,DAI,334820592,39.48,0
2024-08-01,Curve,Arbitrum,7.58,USDC,343384369,3.07,13.45
2024-08-01,Curve,Arbitrum,7.28,USDT,333000112,4.19,10.07
2024-08-01,Curve,Arbitrum,7.69,DAI,358765731,4.08,10.37
2024-08-01,Curve,Optimism,6.71,USDC,308391023,2.93,15.06
2024-08-01,Curve,Optimism,7.83,USDT,326212784,2.91,7.6
2024-08-01,Curve,Optimism,6.82,DAI,346593342,4.0,7.09
2024-08-01,Curve,Polygon,8.66,USDC,356465090,1.56,6.29
2024-08-01,Curve,Polygon,8.79,USDT,344007709,1.56,8.68
2024-08-01,Curve,Polygon,7.44,DAI,331716814,1.93,7.12
2024-08-01,Curve,Base,8.61,USDC,356328191,4.22,9.5
2024-08-01,Curve,Base,8.9,DAI,350350062,3.57,11.5
2024-08-01,Uniswap V3,Ethereum,5.99,USDC,106017685,48.82,0
2024-08-01,Uniswap V3,Ethereum,6.32,USDT,93294910,51.88,0
2024-08-01,Uniswap V3,Ethereum,6.32,DAI,104997094,39.91,0
2024-08-01,Uniswap V3,Arbitrum,7.57,USDC,98008950,4.22,12.63
2024-08-01,Uniswap V3,Arbitrum,8.04,USDT,105368374,2.66,7.68
2024-08-01,Uniswap V3,Arbitrum,8.97,DAI,103866213,3.02,10.7
2024-08-01,Uniswap V3,Optimism,6.28,USDC,106253683,2.98,9.11
2024-08-01,Uniswap V3,Optimism,7.24,USDT,101064093,3.58,5.55
2024-08-01,Uniswap V3,Optimism,7.61,DAI,108084445,2.16,12.0
2024-08-01,Uniswap V3,Polygon,10.75,USDC,95272697,1.71,6.47
2024-08-01,Uniswap V3,Polygon,8.72,USDT,108747337,1.33,7.99
2024-08-01,Uniswap V3,Polygon,10.2,DAI,98597899,1.26,3.48
2024-08-01,Uniswap V3,Base,8.71,USDC,101401821,3.22,9.98
2024-08-01,Uniswap V3,Base,7.41,USDT,98097493,3.89,10.98
2024-08-01,Uniswap V3,Base,8.62,DAI,96461669,3.25,10.19
2024-08-01,Yearn,Ethereum,4.08,USDC,127832984,41.66,0
2024-08-01,Yearn,Ethereum,3.94,USDT,116538069,43.9,0
2024-08-01,Yearn,Ethereum,4.21,DAI,120862170,38.76,0
2024-08-01,Yearn,Arbitrum,5.18,USDC,135556282,3.62,10.24
2024-08-01,Yearn,Arbitrum,5.05,USDT,135661847,4.44,13.79
2024-08-01,Yearn,Arbitrum,4.99,DAI,116113490,3.35,13.03
2024-08-01,Yearn,Optimism,4.67,USDC,139371318,2.89,7.84
2024-08-01,Yearn,Optimism,4.28,USDT,139869059,2.9,10.15
2024-08-01,Yearn,Optimism,4.8,DAI,125543720,3.12,7.82
2024-08-01,Yearn,Polygon,5.34,USDC,126735273,1.19,4.82
2024-08-01,Yearn,Polygon,5.33,DAI,124766944,2.04,9.54
2024-08-01,Yearn,Base,5.59,USDC,126704662,3.0,12.27
2024-08-01,Yearn,Base,4.91,USDT,124883118,3.52,13.48
2024-08-01,Yearn,Base,4.39,DAI,130693031,3.6,10.4
2024-08-01,Pendle,Ethereum,8.95,USDC,75941740,48.53,0
2024-08-01,Pendle,Ethereum,6.87,USDT,79465917,52.12,0
2024-08-01,Pendle,Ethereum,8.14,DAI,81793034,43.18,0
2024-08-01,Pendle,Arbitrum,10.96,USDC,81245015,4.24,8.48
2024-08-01,Pendle,Arbitrum,12.26,USDT,82571420,3.74,14.46
2024-08-01,Pendle,Arbitrum,8.95,DAI,84148417,3.23,10.35
2024-08-01,Pendle,Optimism,12.95,USDC,81676965,2.71,11.0
2024-08-01,Pendle,Optimism,9.43,DAI,82458204,2.68,9.35
2024-08-01,Pendle,Base,9.48,USDC,84608693,2.32,9.47
2024-08-01,Pendle,Base,8.48,USDT,83211317,3.59,10.08
2024-08-01,Pendle,Base,10.73,DAI,67575007,3.22,9.06
2024-08-01,Convex,Ethereum,5.49,USDC,154835045,52.72,0
2024-08-01,Convex,Ethereum,5.7,USDT,175488087,43.82,0
2024-08-01,Convex,Ethereum,5.2,DAI,158015230,47.55,0
2024-08-01,Balancer,Ethereum,6.64,USDT,120699963,37.36,0
2024-08-01,Balancer,Arbitrum,7.14,USDC,125215235,3.35,10.0
2024-08-01,Balancer,Arbitrum,7.09,USDT,124068303,4.8,11.79
2024-08-01,Balancer,Arbitrum,6.79,DAI,110191549,3.05,11.75
2024-08-01,Balancer,Optimism,8.41,USDC,123432938,2.43,9.78
2024-08-01,Balancer,Optimism,7.68,USDT,126658314,3.83,8.91
2024-08-01,Balancer,Optimism,6.86,DAI,115064529,2.52,6.08
2024-08-01,Balancer,Polygon,7.43,USDT,117023790,0.9,9.27
2024-08-01,Balancer,Polygon,8.25,DAI,115563031,0.99,7.0
2024-08-01,Balancer,Base,7.82,USDC,121526574,3.02,8.7
2024-08-01,Balancer,Base,7.84,USDT,111765422,3.93,8.96
2024-08-01,Balancer,Base,8.33,DAI,109943156,2.81,10.22
2024-08-02,Aave,Ethereum,2.99,USDC,292074242,40.85,0
2024-08-02,Aave,Ethereum,3.26,USDT,260974163,39.2,0
2024-08-02,Aave,Ethereum,3.02,DAI,283939592,37.73,0
2024-08-02,Aave,Arbitrum,3.98,USDC,288859602,3.68,12.35
2024-08-02,Aave,Arbitrum,4.22,USDT,290512647,4.3,12.87
2024-08-02,Aave,Arbitrum,3.58,DAI,267834530,3.66,16.52
2024-08-02,Aave,Optimism,3.68,USDC,273539076,2.56,8.88
2024-08-02,Aave,Optimism,3.65,USDT,289206214,2.68,7.18
2024-08-02,Aave,Optimism,3.61,DAI,278530415,4.45,10.43
2024-08-02,Aave,Polygon,4.3,USDC,270535988,1.59,5.8
2024-08-02,Aave,Polygon,4.21,USDT,294286682,1.26,9.5
2024-08-02,Aave,Polygon,3.94,DAI,279965188,1.55,7.1
2024-08-02,Aave,Base,4.22,USDC,270587268,3.25,7.61
2024-08-02,Aave,Base,4.01,USDT,268979295,2.97,6.45
2024-08-02,Aave,Base,3.75,DAI,269780283,2.88,11.65
2024-08-02,Compound,Ethereum,2.98,USDC,211315678,47.21,0
2024-08-02,Compound,Ethereum,2.64,USDT,211070626,37.54,0
2024-08-02,Compound,Ethereum,2.96,DAI,203343571,48.35,0
2024-08-02,Compound,Arbitrum,3.85,USDT,183735603,2.44,10.78
2024-08-02,Compound,Arbitrum,3.71,DAI,201985595,3.98,13.32
2024-08-02,Compound,Optimism,3.93,USDC,199585919,3.62,9.11
2024-08-02,Compound,Optimism,3.47,USDT,206427555,2.68,7.94
2024-08-02,Compound,Optimism,3.59,DAI,207336888,3.07,9.43
2024-08-02,Compound,Polygon,4.13,USDC,197772737,1.3,8.61
2024-08-02,Compound,Polygon,3.81,USDT,210823056,1.44,6.63
2024-08-02,Compound,Polygon,3.48,DAI,216563131,1.86,8.04
2024-08-02,Compound,Base,3.44,USDC,195407269,2.75,12.78
2024-08-02,Compound,Base,3.76,USDT,203991932,2.79,9.34
2024-08-02,Compound,Base,3.8,DAI,201947489,3.38,8.57
2024-08-02,Curve,Ethereum,6.06,USDC,357802181,52.2,0
2024-08-02,Curve,Ethereum,5.75,USDT,347568012,42.76,0
2024-08-02,Curve,Ethereum,7.0,DAI,350942703,34.6,0
2024-08-02,Curve,Arbitrum,7.28,USDC,342111078,3.67,12.41
2024-08-02,Curve,Arbitrum,8.1,USDT,371364957,4.3,14.05
2024-08-02,Curve,Arbitrum,7.56,DAI,336094524,4.65,7.49
2024-08-02,Curve,Optimism,7.87,USDC,328843961,3.82,7.12
2024-08-02,Curve,Optimism,7.05,USDT,359028763,2.44,6.88
2024-08-02,Curve,Optimism,8.97,DAI,357820219,3.95,11.61
2024-08-02,Curve,Polygon,10.13,USDC,337017357,1.69,9.32
2024-08-02,Curve,Polygon,8.38,USDT,338433097,1.83,7.89
2024-08-02,Curve,Polygon,8.39,DAI,354461174,1.26,8.45
2024-08-02,Curve,Base,6.67,USDC,373408954,3.17,12.74
2024-08-02,Curve,Base,6.44,USDT,331331039,3.55,11.92
2024-08-02,Curve,Base,7.0,DAI,354187674,3.06,9.27
2024-08-02,Uniswap V3,Ethereum,6.18,USDC,95726292,44.69,0
2024-08-02,Uniswap V3,Ethereum,6.47,USDT,101272126,48.93,0
2024-08-02,Uniswap V3,Ethereum,6.54,DAI,104978206,50.77,0
2024-08-02,Uniswap V3,Arbitrum,8.81,USDC,100643398,4.03,14.67
2024-08-02,Uniswap V3,Arbitrum,7.88,USDT,109185783,3.33,17.21
2024-08-02,Uniswap V3,Arbitrum,9.29,DAI,108203107,4.65,14.26
2024-08-02,Uniswap V3,Optimism,7.2,USDC,94648367,3.04,10.31
2024-08-02,Uniswap V3,Optimism,9.53,USDT,104134022,3.73,10.17
2024-08-02,Uniswap V3,Optimism,7.43,DAI,103395164,2.3,7.95
2024-08-02,Uniswap V3,Polygon,9.27,USDC,107182340,1.67,8.86
2024-08-02,Uniswap V3,Polygon,7.89,USDT,98898459,0.9,6.7
2024-08-02,Uniswap V3,Polygon,8.03,DAI,103710350,1.67,6.74
2024-08-02,Uniswap V3,Base,5.65,USDC,105702332,3.59,9.13
2024-08-02,Uniswap V3,Base,7.37,USDT,103693183,3.16,8.4
2024-08-02,Yearn,Ethereum,4.05,USDC,130299954,44.94,0
2024-08-02,Yearn,Ethereum,4.21,USDT,131772979,46.77,0
2024-08-02,Yearn,Ethereum,4.15,DAI,137410022,40.01,0
2024-08-02,Yearn,Arbitrum,5.08,USDC,128903531,3.6,15.26
2024-08-02,Yearn,Arbitrum,4.92,USDT,127271720,4.18,10.77
2024-08-02,Yearn,Arbitrum,5.47,DAI,135303446,3.13,11.95
2024-08-02,Yearn,Optimism,4.81,USDC,128179544,3.68,8.93
2024-08-02,Yearn,Optimism,4.94,DAI,129247709,2.74,8.78
2024-08-02,Yearn,Polygon,5.36,USDT,140449632,1.19,7.71
2024-08-02,Yearn,Polygon,4.9,DAI,136554418,1.52,7.2
2024-08-02,Yearn,Base,5.76,USDC,132165562,3.37,9.5
2024-08-02,Yearn,Base,5.11,USDT,139095312,3.01,8.4
2024-08-02,Pendle,Ethereum,10.07,USDC,85754036,46.65,0
2024-08-02,Pendle,Ethereum,10.65,USDT,82061825,39.68,0
2024-08-02,Pendle,Ethereum,9.29,DAI,82349472,48.91,0
2024-08-02,Pendle,Arbitrum,9.84,USDC,83936782,4.34,8.77
2024-08-02,Pendle,Arbitrum,10.86,USDT,80364598,4.14,11.69
2024-08-02,Pendle,Arbitrum,12.91,DAI,83190231,3.44,11.88
2024-08-02,Pendle,Optimism,10.8,USDC,78060160,4.01,8.58
2024-08-02,Pendle,Optimism,10.49,USDT,76594079,2.46,8.9
2024-08-02,Pendle,Optimism,9.81,DAI,84784042,2.77,11.08
2024-08-02,Pendle,Base,11.43,USDC,86677872,3.33,7.28
2024-08-02,Pendle,Base,12.1,USDT,85611138,2.78,7.67
2024-08-02,Pendle,Base,10.35,DAI,88166140,3.47,11.12
2024-08-02,Convex,Ethereum,6.02,USDC,170203603,47.67,0
2024-08-02,Convex,Ethereum,5.3,USDT,157738981,42.5,0
2024-08-02,Convex,Ethereum,4.98,DAI,167419653,36.95,0
2024-08-02,Balancer,Ethereum,6.79,USDC,122448016,38.0,0
2024-08-02,Balancer,Ethereum,6.22,USDT,125990576,34.84,0
2024-08-02,Balancer,Arbitrum,7.28,USDC,133488465,3.54,13.07
2024-08-02,Balancer,Arbitrum,7.39,USDT,122394189,1.22,13.16
2024-08-02,Balancer,Arbitrum,8.02,DAI,120508709,4.02,14.74
2024-08-02,Balancer,Optimism,7.66,USDC,124032681,2.75,10.08
2024-08-02,Balancer,Optimism,7.29,USDT,117908288,3.16,6.01
2024-08-02,Balancer,Polygon,8.07,USDC,114831937,1.61,8.65
2024-08-02,Balancer,Polygon,8.55,USDT,122747919,1.47,6.52
2024-08-02,Balancer,Polygon,8.06,DAI,121729782,1.42,4.83
2024-08-02,Balancer,Base,8.33,USDC,130275005,2.84,10.69
2024-08-02,Balancer,Base,7.87,USDT,122877570,3.71,12.43
2024-08-02,Balancer,Base,7.46,DAI,115399589,3.93,10.96
2024-08-03,Aave,Ethereum,2.86,USDC,270212951,29.68,0
2024-08-03,Aave,Ethereum,3.19,DAI,292572178,21.05,0
2024-08-03,Aave,Arbitrum,3.47,USDC,283220019,2.05,13.49
2024-08-03,Aave,Arbitrum,3.88,USDT,263477001,2.63,14.49
2024-08-03,Aave,Optimism,4.47,USDC,310633318,1.42,5.94
2024-08-03,Aave,Optimism,3.52,USDT,284460846,2.75,7.67
2024-08-03,Aave,Optimism,3.3,DAI,280277417,1.59,8.49
2024-08-03,Aave,Polygon,4.22,USDT,276229723,1.19,5.8
2024-08-03,Aave,Polygon,3.89,DAI,282881587,0.86,7.83
2024-08-03,Aave,Base,3.94,USDC,288736023,2.88,10.4
2024-08-03,Aave,Base,3.96,USDT,280188828,2.32,10.88
2024-08-03,Aave,Base,4.03,DAI,286342285,1.79,10.23
2024-08-03,Compound,Ethereum,2.58,USDC,197324540,21.27,0
2024-08-03,Compound,Ethereum,2.78,USDT,202639038,20.74,0
2024-08-03,Compound,Ethereum,2.87,DAI,216255823,23.53,0
2024-08-03,Compound,Arbitrum,3.82,USDC,189072684,3.05,9.91
2024-08-03,Compound,Arbitrum,3.3,USDT,207836670,2.43,16.46
2024-08-03,Compound,Arbitrum,3.71,DAI,202971985,2.17,8.23
2024-08-03,Compound,Optimism,3.69,USDC,206414682,2.21,8.79
2024-08-03,Compound,Optimism,3.75,USDT,200846166,2.27,6.89
2024-08-03,Compound,Optimism,3.61,DAI,195539821,2.03,10.74
2024-08-03,Compound,Polygon,3.31,USDC,216397457,0.71,6.65
2024-08-03,Compound,Polygon,3.77,DAI,201117540,0.8,6.63
2024-08-03,Compound,Base,3.58,USDC,196467701,2.31,7.36
2024-08-03,Compound,Base,3.65,USDT,209115389,2.15,10.93
2024-08-03,Compound,Base,3.74,DAI,208327031,2.53,11.57
2024-08-03,Curve,Ethereum,5.35,USDC,379997956,29.19,0
2024-08-03,Curve,Ethereum,6.43,USDT,358619195,24.6,0
2024-08-03,Curve,Ethereum,5.2,DAI,349984485,31.94,0
2024-08-03,Curve,Arbitrum,6.75,USDC,366554940,2.05,10.99
2024-08-03,Curve,Arbitrum,7.55,USDT,373651214,2.35,12.8
2024-08-03,Curve,Arbitrum,6.88,DAI,370318309,2.72,7.47
2024-08-03,Curve,Optimism,7.53,USDC,361272582,1.79,9.62
2024-08-03,Curve,Optimism,6.02,USDT,365388881,1.83,11.19
2024-08-03,Curve,Polygon,8.5,USDC,343823866,0.93,7.45
2024-08-03,Curve,Polygon,7.25,USDT,337543715,0.54,5.78
2024-08-03,Curve,Polygon,7.62,DAI,368612490,1.31,8.14
2024-08-03,Curve,Base,5.99,USDC,343268379,1.48,13.15
2024-08-03,Curve,Base,9.16,USDT,373087911,1.97,11.78
2024-08-03,Curve,Base,7.48,DAI,375319138,2.28,12.41
2024-08-03,Uniswap V3,Ethereum,7.26,USDT,114928509,25.79,0
2024-08-03,Uniswap V3,Ethereum,7.26,DAI,112718388,23.81,0
2024-08-03,Uniswap V3,Arbitrum,6.96,USDC,106149448,3.11,13.18
2024-08-03,Uniswap V3,Arbitrum,6.86,DAI,107250188,3.1,15.28
2024-08-03,Uniswap V3,Optimism,8.12,USDC,104833562,2.17,10.7
2024-08-03,Uniswap V3,Optimism,7.79,USDT,112106777,2.52,8.44
2024-08-03,Uniswap V3,Optimism,7.96,DAI,113546217,2.13,8.29
2024-08-03,Uniswap V3,Polygon,8.25,USDC,104878676,1.11,5.41
2024-08-03,Uniswap V3,Polygon,7.87,USDT,106814704,1.08,6.84
2024-08-03,Uniswap V3,Polygon,8.13,DAI,102670502,0.71,10.31
2024-08-03,Uniswap V3,Base,8.63,USDC,96357162,2.26,11.44
2024-08-03,Uniswap V3,Base,7.26,USDT,105191353,2.76,8.88
2024-08-03,Uniswap V3,Base,7.44,DAI,105175297,2.6,9.08
2024-08-03,Yearn,Ethereum,3.95,USDC,134854882,28.58,0
2024-08-03,Yearn,Ethereum,3.62,USDT,133905334,27.91,0
2024-08-03,Yearn,Ethereum,3.96,DAI,136328480,33.7,0
2024-08-03,Yearn,Arbitrum,4.78,USDC,127429957,2.04,12.17
2024-08-03,Yearn,Arbitrum,4.68,USDT,135188009,2.85,10.16
2024-08-03,Yearn,Arbitrum,4.7,DAI,130697768,2.94,8.72
2024-08-03,Yearn,Optimism,4.81,USDT,137338524,2.05,8.41
2024-08-03,Yearn,Polygon,5.78,USDC,140402685,1.36,9.81
2024-08-03,Yearn,Polygon,4.97,USDT,137783246,1.03,5.96
2024-08-03,Yearn,Polygon,4.74,DAI,134242745,0.9,12.07
2024-08-03,Yearn,Base,4.94,USDC,139502363,2.54,9.65
2024-08-03,Yearn,Base,4.71,USDT,127111384,2.16,9.18
2024-08-03,Pendle,Ethereum,9.25,USDT,81970633,26.74,0
2024-08-03,Pendle,Ethereum,8.72,DAI,82319565,24.79,0
2024-08-03,Pendle,Arbitrum,9.85,USDC,80962413,3.08,8.86
2024-08-03,Pendle,Arbitrum,10.35,USDT,84605503,1.92,11.58
2024-08-03,Pendle,Arbitrum,8.53,DAI,85677506,2.5,10.03
2024-08-03,Pendle,Optimism,8.37,USDC,85373765,1.95,8.02
2024-08-03,Pendle,Optimism,11.52,USDT,83788734,2.4,9.44
2024-08-03,Pendle,Optimism,11.2,DAI,82956252,1.77,9.42
2024-08-03,Pendle,Base,8.97,USDC,86427100,2.11,8.1
2024-08-03,Pendle,Base,12.82,USDT,88359557,2.57,7.76
2024-08-03,Pendle,Base,11.41,DAI,78681381,1.92,11.58
2024-08-03,Convex,Ethereum,4.93,USDC,167609048,34.07,0
2024-08-03,Convex,Ethereum,5.43,USDT,170443339,31.07,0
2024-08-03,Convex,Ethereum,5.12,DAI,167133300,29.03,0
2024-08-03,Balancer,Ethereum,7.5,USDC,129962959,28.16,0
2024-08-03,Balancer,Ethereum,6.47,USDT,128974685,23.29,0
2024-08-03,Balancer,Ethereum,5.45,DAI,122398903,25.89,0
2024-08-03,Balancer,Arbitrum,8.15,USDC,120271275,2.55,6.32
2024-08-03,Balancer,Arbitrum,6.77,USDT,131230729,1.94,15.73
2024-08-03,Balancer,Optimism,7.65,USDC,121747185,2.07,7.86
2024-08-03,Balancer,Optimism,6.74,USDT,118424014,1.56,7.01
2024-08-03,Balancer,Optimism,7.64,DAI,130475953,1.76,11.71
2024-08-03,Balancer,Polygon,9.44,USDC,125609137,0.95,7.77
2024-08-03,Balancer,Polygon,7.95,USDT,119055412,0.95,8.65
2024-08-03,Balancer,Polygon,9.36,DAI,118480979,0.91,9.99
2024-08-03,Balancer,Base,8.39,USDC,128802810,2.5,13.56
2024-08-03,Balancer,Base,7.42,USDT,124674182,2.27,11.31
2024-08-04,Aave,Ethereum,3.04,USDC,294660926,24.43,0
2024-08-04,Aave,Ethereum,3.32,USDT,287126919,26.79,0
2024-08-04,Aave,Ethereum,3.14,DAI,266189942,24.52,0
2024-08-04,Aave,Arbitrum,3.62,USDC,294317326,2.07,13.72
2024-08-04,Aave,Arbitrum,3.96,USDT,293903197,2.37,13.17
2024-08-04,Aave,Arbitrum,3.41,DAI,289847755,1.99,9.32
2024-08-04,Aave,Optimism,3.52,USDC,285336287,1.74,5.78
2024-08-04,Aave,Optimism,3.76,USDT,261723538,2.05,7.62
2024-08-04,Aave,Optimism,4.0,DAI,267719375,2.25,10.45
2024-08-04,Aave,Polygon,4.09,USDC,286798608,1.15,9.29
2024-08-04,Aave,Polygon,3.67,USDT,279425754,0.76,5.36
2024-08-04,Aave,Polygon,3.81,DAI,300051609,1.06,6.28
2024-08-04,Aave,Base,3.87,USDC,297169721,2.14,9.41
2024-08-04,Aave,Base,3.85,USDT,268233960,2.36,10.83
2024-08-04,Aave,Base,3.68,DAI,294159080,2.44,7.37
2024-08-04,Compound,Ethereum,2.99,USDC,214428344,31.71,0
2024-08-04,Compound,Ethereum,2.83,USDT,211237313,28.74,0
2024-08-04,Compound,Ethereum,3.15,DAI,218183205,28.27,0
2024-08-04,Compound,Arbitrum,3.91,USDC,211250995,1.96,12.16
2024-08-04,Compound,Arbitrum,3.53,USDT,215671859,2.48,10.6
2024-08-04,Compound,Arbitrum,3.35,DAI,204216612,1.5,11.61
2024-08-04,Compound,Optimism,3.54,USDC,197079742,2.23,10.43
2024-08-04,Compound,Optimism,3.48,USDT,194158635,1.44,12.44
2024-08-04,Compound,Optimism,3.76,DAI,220785710,1.82,8.83
2024-08-04,Compound,Polygon,4.05,USDC,202389342,0.79,4.8
2024-08-04,Compound,Polygon,3.9,USDT,188754873,0.53,5.93
2024-08-04,Compound,Base,3.79,USDT,212044708,1.65,8.56
2024-08-04,Compound,Base,3.74,DAI,193925747,2.3,6.45
2024-08-04,Curve,Ethereum,6.24,USDC,363522111,26.76,0
2024-08-04,Curve,Ethereum,5.04,USDT,348990765,23.82,0
2024-08-04,Curve,Ethereum,5.97,DAI,375306169,26.3,0
2024-08-04,Curve,Arbitrum,8.32,USDC,357560110,2.56,9.42
2024-08-04,Curve,Arbitrum,6.76,USDT,354011132,2.46,12.45
2024-08-04,Curve,Arbitrum,7.36,DAI,364402906,2.4,13.22
2024-08-04,Curve,Optimism,6.73,USDC,333419968,2.25,10.04
2024-08-04,Curve,Optimism,6.38,DAI,369400346,1.56,8.4
2024-08-04,Curve,Polygon,7.62,USDC,339649335,0.99,6.5
2024-08-04,Curve,Polygon,6.81,USDT,368707246,0.78,6.3
2024-08-04,Curve,Base,8.12,USDC,324518065,2.29,12.11
2024-08-04,Curve,Base,8.16,USDT,345627375,2.31,7.91
2024-08-04,Curve,Base,7.55,DAI,362530192,1.98,10.07
2024-08-04,Uniswap V3,Ethereum,7.92,USDC,118332803,37.38,0
2024-08-04,Uniswap V3,Ethereum,6.25,USDT,109285090,26.12,0
2024-08-04,Uniswap V3,Ethereum,6.37,DAI,122913227,31.37,0
2024-08-04,Uniswap V3,Arbitrum,8.5,USDT,114770827,3.44,12.97
2024-08-04,Uniswap V3,Arbitrum,8.13,DAI,110694568,2.87,17.29
2024-08-04,Uniswap V3,Optimism,9.29,USDC,108722706,1.08,8.04
2024-08-04,Uniswap V3,Optimism,8.95,USDT,104587155,1.64,9.51
2024-08-04,Uniswap V3,Optimism,9.43,DAI,112211493,2.12,8.43
2024-08-04,Uniswap V3,Polygon,8.25,DAI,106199814,0.97,9.64
2024-08-04,Uniswap V3,Base,6.31,USDC,109824072,1.82,8.36
2024-08-04,Uniswap V3,Base,8.02,USDT,113110689,2.05,5.04
2024-08-04,Uniswap V3,Base,8.54,DAI,103917357,2.27,8.13
2024-08-04,Yearn,Ethereum,4.15,USDC,132300631,22.09,0
2024-08-04,Yearn,Ethereum,4.14,USDT,131107445,27.93,0
2024-08-04,Yearn,Ethereum,3.77,DAI,146074895,17.03,0
2024-08-04,Yearn,Arbitrum,4.87,USDC,145813868,2.26,12.02
2024-08-04,Yearn,Arbitrum,4.62,USDT,143006800,1.58,12.56
2024-08-04,Yearn,Optimism,4.59,USDC,134072961,2.21,6.29
2024-08-04,Yearn,Optimism,4.49,USDT,139911112,2.06,8.7
2024-08-04,Yearn,Optimism,4.47,DAI,132217919,1.65,11.7
2024-08-04,Yearn,Polygon,4.75,USDC,136946421,1.22,10.03
2024-08-04,Yearn,Polygon,5.19,USDT,138862733,0.79,10.0
2024-08-04,Yearn,Polygon,5.16,DAI,139728161,1.07,6.9
2024-08-04,Yearn,Base,4.83,USDC,130014948,1.92,12.34
2024-08-04,Yearn,Base,4.23,USDT,134151547,1.84,8.55
2024-08-04,Yearn,Base,4.26,DAI,138950769,2.51,12.79
2024-08-04,Pendle,Ethereum,7.77,USDC,87221530,26.11,0
2024-08-04,Pendle,Ethereum,8.84,USDT,89061018,23.63,0
2024-08-04,Pendle,Ethereum,10.82,DAI,80233226,28.11,0
2024-08-04,Pendle,Arbitrum,13.3,USDC,78311673,2.73,9.34
2024-08-04,Pendle,Arbitrum,11.08,USDT,85070734,2.59,10.21
2024-08-04,Pendle,Arbitrum,11.54,DAI,91195290,2.9,13.79
2024-08-04,Pendle,Optimism,11.59,USDC,81094903,2.48,5.31
2024-08-04,Pendle,Optimism,11.27,USDT,84492342,1.98,10.7
2024-08-04,Pendle,Optimism,12.05,DAI,82252609,2.0,8.61
2024-08-04,Pendle,Base,9.27,USDT,90610999,1.79,13.03
2024-08-04,Pendle,Base,11.51,DAI,89291274,2.13,9.16
2024-08-04,Convex,Ethereum,5.49,USDC,160556792,32.78,0
2024-08-04,Convex,Ethereum,5.64,USDT,184933066,18.56,0
2024-08-04,Convex,Ethereum,5.4,DAI,173576889,30.96,0
2024-08-04,Balancer,Ethereum,6.19,USDC,124768949,30.62,0
2024-08-04,Balancer,Ethereum,6.2,USDT,123796445,25.7,0
2024-08-04,Balancer,Ethereum,6.01,DAI,126728927,30.18,0
2024-08-04,Balancer,Arbitrum,7.8,USDC,122813784,2.32,13.49
2024-08-04,Balancer,Arbitrum,6.99,USDT,123981177,1.98,11.84
2024-08-04,Balancer,Arbitrum,8.98,DAI,119725243,2.25,10.36
2024-08-04,Balancer,Optimism,7.8,USDC,117006200,2.65,8.64
2024-08-04,Balancer,Optimism,6.35,DAI,131155982,2.06,12.42
2024-08-04,Balancer,Polygon,7.02,USDC,128124928,0.76,4.7
2024-08-04,Balancer,Polygon,8.01,USDT,120756229,0.88,11.8
2024-08-04,Balancer,Polygon,8.82,DAI,118473227,0.73,10.91
2024-08-04,Balancer,Base,7.33,USDC,116626513,1.94,8.17
2024-08-04,Balancer,Base,7.82,USDT,121691819,1.6,10.01
2024-08-04,Balancer,Base,7.67,DAI,124051396,2.15,12.3
2024-08-05,Aave,Ethereum,3.27,USDC,286117847,35.74,0
2024-08-05,Aave,Ethereum,3.04,USDT,283973231,42.21,0
2024-08-05,Aave,Ethereum,3.16,DAI,307019411,53.47,0
2024-08-05,Aave,Arbitrum,3.84,USDC,293063438,3.38,8.23
2024-08-05,Aave,Arbitrum,3.87,USDT,272950075,2.6,17.07
2024-08-05,Aave,Arbitrum,3.52,DAI,275995306,3.18,14.11
2024-08-05,Aave,Optimism,3.56,USDC,290263982,3.32,10.22
2024-08-05,Aave,Optimism,3.35,USDT,276707240,1.94,7.16
2024-08-05,Aave,Optimism,4.18,DAI,291815915,3.34,8.47
2024-08-05,Aave,Polygon,4.34,USDC,290254933,1.69,7.96
2024-08-05,Aave,Polygon,4.39,USDT,281855763,1.21,8.74
2024-08-05,Aave,Polygon,3.96,DAI,300817485,1.29,9.01
2024-08-05,Aave,Base,3.91,USDT,300136728,4.18,12.53
2024-08-05,Aave,Base,4.12,DAI,287447042,3.2,6.39
2024-08-05,Compound,Ethereum,3.01,USDC,204503567,43.17,0
2024-08-05,Compound,Ethereum,2.65,USDT,203726301,35.6,0
2024-08-05,Compound,Ethereum,2.97,DAI,201607794,38.32,0
2024-08-05,Compound,Arbitrum,3.46,USDC,221669364,4.39,14.05
2024-08-05,Compound,Arbitrum,3.44,USDT,188072785,3.37,12.75
2024-08-05,Compound,Arbitrum,3.43,DAI,213485019,4.42,16.75
2024-08-05,Compound,Optimism,3.3,USDC,209324748,2.88,7.03
2024-08-05,Compound,Optimism,4.0,USDT,213145014,2.41,13.36
2024-08-05,Compound,Optimism,3.37,DAI,192630352,3.73,7.37
2024-08-05,Compound,Polygon,3.78,USDC,203738288,1.54,8.63
2024-08-05,Compound,Polygon,3.84,USDT,192049723,0.83,7.24
2024-08-05,Compound,Polygon,3.87,DAI,215749681,1.67,10.42
2024-08-05,Compound,Base,3.65,USDC,206127652,3.45,12.27
2024-08-05,Compound,Base,3.53,USDT,200493838,2.76,9.36
2024-08-05,Compound,Base,3.9,DAI,201173008,3.59,10.85
2024-08-05,Curve,Ethereum,5.63,USDT,337219079,47.26,0
2024-08-05,Curve,Ethereum,5.87,DAI,376371632,52.19,0
2024-08-05,Curve,Arbitrum,6.79,USDC,371266098,3.74,18.28
2024-08-05,Curve,Arbitrum,7.18,USDT,370660161,3.62,12.11
2024-08-05,Curve,Arbitrum,6.94,DAI,374580006,4.65,7.15
2024-08-05,Curve,Optimism,6.89,USDC,375131741,2.6,6.95
2024-08-05,Curve,Optimism,7.06,USDT,348303268,2.7,10.59
2024-08-05,Curve,Optimism,6.6,DAI,380439185,2.62,10.89
2024-08-05,Curve,Polygon,8.41,USDC,379275456,1.29,8.16
2024-08-05,Curve,Polygon,8.15,USDT,365959952,1.17,9.15
2024-08-05,Curve,Polygon,9.32,DAI,366954891,1.19,8.9
2024-08-05,Curve,Base,7.6,USDC,367614206,3.45,12.5
2024-08-05,Curve,Base,6.77,DAI,340742979,3.53,9.09
2024-08-05,Uniswap V3,Ethereum,7.2,USDC,99335700,32.5,0
2024-08-05,Uniswap V3,Ethereum,7.57,USDT,112874562,54.63,0
2024-08-05,Uniswap V3,Ethereum,6.51,DAI,115367525,46.42,0
2024-08-05,Uniswap V3,Arbitrum,10.52,USDC,107899671,2.29,9.25
2024-08-05,Uniswap V3,Arbitrum,8.43,USDT,102623810,2.89,9.57
2024-08-05,Uniswap V3,Arbitrum,8.48,DAI,105568783,3.64,13.06
2024-08-05,Uniswap V3,Optimism,6.24,USDT,111024486,2.66,9.57
2024-08-05,Uniswap V3,Optimism,8.47,DAI,110503569,2.59,12.21
2024-08-05,Uniswap V3,Polygon,9.33,USDT,106464650,1.42,6.95
2024-08-05,Uniswap V3,Polygon,9.41,DAI,103377359,0.92,9.49
2024-08-05,Uniswap V3,Base,7.77,USDC,116952717,3.12,10.52
2024-08-05,Uniswap V3,Base,7.38,USDT,109855566,3.14,12.27
2024-08-05,Uniswap V3,Base,7.11,DAI,106327882,3.18,9.05
2024-08-05,Yearn,Ethereum,3.65,USDC,143664424,51.64,0
2024-08-05,Yearn,Ethereum,3.98,USDT,135507285,51.31,0
2024-08-05,Yearn,Ethereum,3.92,DAI,125761001,54.41,0
2024-08-05,Yearn,Arbitrum,4.87,USDC,131785155,3.49,8.76
2024-08-05,Yearn,Arbitrum,4.84,USDT,139980427,2.67,8.63
2024-08-05,Yearn,Arbitrum,4.81,DAI,127323424,3.65,12.83
2024-08-05,Yearn,Optimism,4.75,USDC,139060747,3.07,7.66
2024-08-05,Yearn,Optimism,4.5,USDT,134600901,3.21,9.35
2024-08-05,Yearn,Optimism,4.75,DAI,142407082,2.79,6.79
2024-08-05,Yearn,Polygon,4.87,USDC,116571032,1.8,8.05
2024-08-05,Yearn,Polygon,5.31,USDT,137151674,1.24,8.48
2024-08-05,Yearn,Polygon,4.93,DAI,150884843,1.45,9.1
2024-08-05,Yearn,Base,4.63,USDC,143059765,3.59,11.19
2024-08-05,Yearn,Base,5.39,USDT,142548838,2.52,11.68
2024-08-05,Yearn,Base,5.07,DAI,130726914,4.23,10.46
2024-08-05,Pendle,Ethereum,9.91,USDC,86841697,43.68,0
2024-08-05,Pendle,Ethereum,8.85,DAI,87561506,45.39,0
2024-08-05,Pendle,Arbitrum,12.75,USDC,85628101,4.43,12.18
2024-08-05,Pendle,Arbitrum,7.94,USDT,87038499,2.6,17.32
2024-08-05,Pendle,Arbitrum,9.56,DAI,83371874,2.52,7.52
2024-08-05,Pendle,Optimism,12.32,USDC,81955841,3.0,9.47
2024-08-05,Pendle,Optimism,10.56,USDT,86600474,2.73,10.57
2024-08-05,Pendle,Optimism,10.0,DAI,92172208,2.4,6.88
2024-08-05,Pendle,Base,11.11,USDC,83797747,2.61,9.82
2024-08-05,Pendle,Base,10.29,USDT,91186022,3.66,13.18
2024-08-05,Pendle,Base,9.74,DAI,86629026,2.85,12.36
2024-08-05,Convex,Ethereum,4.54,USDC,166943186,28.84,0
2024-08-05,Convex,Ethereum,5.58,USDT,174748566,41.88,0
2024-08-05,Convex,Ethereum,4.01,DAI,173764638,58.54,0
2024-08-05,Balancer,Ethereum,7.28,USDC,120444446,36.25,0
2024-08-05,Balancer,Ethereum,6.72,USDT,133336967,33.89,0
2024-08-05,Balancer,Ethereum,6.85,DAI,135046717,41.67,0
2024-08-05,Balancer,Arbitrum,8.84,USDC,121150877,2.9,16.85
2024-08-05,Balancer,Arbitrum,8.16,USDT,125091920,5.24,15.48
2024-08-05,Balancer,Arbitrum,8.27,DAI,128006631,3.58,9.09
2024-08-05,Balancer,Optimism,6.92,USDC,124082883,2.52,9.47
2024-08-05,Balancer,Optimism,8.06,DAI,133783771,2.92,9.9
2024-08-05,Balancer,Polygon,8.88,USDC,130761414,1.87,8.3
2024-08-05,Balancer,Polygon,8.29,USDT,127396501,1.68,8.65
2024-08-05,Balancer,Polygon,8.18,DAI,131785836,1.36,4.17
2024-08-05,Balancer,Base,7.03,USDC,127276887,3.26,14.34
2024-08-05,Balancer,Base,6.71,USDT,134640148,4.27,11.18
2024-08-05,Balancer,Base,6.36,DAI,131158012,3.75,7.42
2024-08-06,Aave,Ethereum,3.26,USDC,300623451,35.23,0
2024-08-06,Aave,Ethereum,3.34,USDT,269811769,48.3,0
2024-08-06,Aave,Ethereum,3.3,DAI,287491853,49.42,0
2024-08-06,Aave,Arbitrum,4.29,USDC,297360122,4.31,11.91
2024-08-06,Aave,Arbitrum,3.81,DAI,299924510,3.02,10.29
2024-08-06,Aave,Optimism,3.86,USDC,303632015,3.24,8.85
2024-08-06,Aave,Optimism,3.72,DAI,289602584,3.36,9.63
2024-08-06,Aave,Polygon,4.26,USDC,304325909,1.4,7.87
2024-08-06,Aave,Polygon,4.23,USDT,282057766,1.74,9.53
2024-08-06,Aave,Polygon,4.04,DAI,305522866,1.33,7.31
2024-08-06,Aave,Base,3.55,USDC,277238582,2.7,9.96
2024-08-06,Aave,Base,3.56,USDT,293304180,2.5,12.54
2024-08-06,Aave,Base,3.57,DAI,286691851,2.67,7.88
2024-08-06,Compound,Ethereum,3.25,USDC,203960612,51.34,0
2024-08-06,Compound,Ethereum,3.02,USDT,212660648,33.21,0
2024-08-06,Compound,Ethereum,2.95,DAI,232547554,40.67,0
2024-08-06,Compound,Arbitrum,3.5,USDC,213292960,1.48,14.03
2024-08-06,Compound,Arbitrum,3.25,USDT,214872344,3.47,10.1
2024-08-06,Compound,Arbitrum,3.85,DAI,218075086,4.55,13.64
2024-08-06,Compound,Optimism,3.41,USDC,208249461,2.74,6.74
2024-08-06,Compound,Optimism,3.64,USDT,202266923,3.13,9.47
2024-08-06,Compound,Optimism,3.42,DAI,207272045,3.13,9.18
2024-08-06,Compound,Polygon,3.88,USDC,214800337,1.47,6.56
2024-08-06,Compound,Polygon,3.8,USDT,196558891,2.13,5.93
2024-08-06,Compound,Polygon,4.09,DAI,222723425,1.2,11.14
2024-08-06,Compound,Base,3.63,USDC,217074325,3.36,6.43
2024-08-06,Compound,Base,3.65,USDT,223792216,3.03,9.4
2024-08-06,Compound,Base,3.95,DAI,230860646,3.17,11.14
2024-08-06,Curve,Ethereum,6.88,USDC,376158693,37.22,0
2024-08-06,Curve,Ethereum,6.68,USDT,365734376,42.09,0
2024-08-06,Curve,Ethereum,6.43,DAI,370349876,38.0,0
2024-08-06,Curve,Arbitrum,7.51,USDC,353304571,4.39,12.75
2024-08-06,Curve,Arbitrum,7.21,USDT,382780849,3.69,9.47
2024-08-06,Curve,Arbitrum,6.53,DAI,341940786,3.43,10.8
2024-08-06,Curve,Optimism,6.39,USDC,379650858,2.86,9.68
2024-08-06,Curve,Optimism,7.68,USDT,382277324,3.12,8.06
2024-08-06,Curve,Optimism,7.6,DAI,365222544,3.01,6.88
2024-08-06,Curve,Polygon,7.81,USDC,380367019,1.35,10.31
2024-08-06,Curve,Polygon,7.51,USDT,419352034,1.53,11.02
2024-08-06,Curve,Polygon,9.9,DAI,354174295,1.99,9.78
2024-08-06,Curve,Base,9.2,USDC,400310773,2.94,10.87
2024-08-06,Curve,Base,8.22,USDT,384001450,4.18,13.83
2024-08-06,Curve,Base,6.35,DAI,378445209,3.76,12.42
2024-08-06,Uniswap V3,Ethereum,7.55,USDC,115098947,53.96,0
2024-08-06,Uniswap V3,Ethereum,5.78,USDT,110929717,43.19,0
2024-08-06,Uniswap V3,Ethereum,6.83,DAI,104855766,53.02,0
2024-08-06,Uniswap V3,Arbitrum,9.01,USDC,113171688,3.75,13.98
2024-08-06,Uniswap V3,Optimism,7.68,USDC,111402238,3.1,4.88
2024-08-06,Uniswap V3,Optimism,7.94,USDT,112432486,2.25,10.94
2024-08-06,Uniswap V3,Optimism,7.83,DAI,102354413,3.54,9.9
2024-08-06,Uniswap V3,Polygon,7.93,USDC,111597248,1.61,6.32
2024-08-06,Uniswap V3,Polygon,10.09,USDT,114919371,1.47,8.12
2024-08-06,Uniswap V3,Polygon,8.21,DAI,111622324,2.21,9.97
2024-08-06,Uniswap V3,Base,8.56,USDC,116046759,3.12,9.47
2024-08-06,Uniswap V3,Base,6.72,USDT,100875791,2.92,14.75
2024-08-06,Yearn,Ethereum,3.95,USDC,135570697,38.94,0
2024-08-06,Yearn,Ethereum,3.73,USDT,133245236,33.93,0
2024-08-06,Yearn,Ethereum,4.18,DAI,134090963,48.53,0
2024-08-06,Yearn,Arbitrum,5.59,USDC,142340727,3.87,12.28
2024-08-06,Yearn,Arbitrum,5.13,USDT,135622058,3.5,10.51
2024-08-06,Yearn,Arbitrum,5.02,DAI,138506583,4.28,13.39
2024-08-06,Yearn,Optimism,4.61,USDC,134243372,4.4,6.82
2024-08-06,Yearn,Optimism,4.5,USDT,141289016,2.99,9.93
2024-08-06,Yearn,Optimism,4.24,DAI,136815462,2.73,8.23
2024-08-06,Yearn,Polygon,5.15,USDC,147902301,1.61,9.15
2024-08-06,Yearn,Polygon,5.02,USDT,137485464,1.32,8.62
2024-08-06,Yearn,Polygon,4.87,DAI,123474818,1.79,12.69
2024-08-06,Yearn,Base,4.38,USDC,138491931,3.74,9.93
2024-08-06,Yearn,Base,5.33,DAI,144423097,3.42,10.0
2024-08-06,Pendle,Ethereum,8.71,USDC,80970712,39.42,0
2024-08-06,Pendle,Ethereum,6.52,USDT,84556470,33.78,0
2024-08-06,Pendle,Ethereum,9.08,DAI,86348207,31.32,0
2024-08-06,Pendle,Arbitrum,10.07,USDC,84933224,3.23,11.99
2024-08-06,Pendle,Arbitrum,8.85,DAI,85995318,3.84,9.14
2024-08-06,Pendle,Optimism,8.31,USDC,85971866,3.29,10.03
2024-08-06,Pendle,Optimism,10.51,USDT,85284200,3.04,8.4
2024-08-06,Pendle,Optimism,13.18,DAI,88726757,3.45,11.49
2024-08-06,Pendle,Base,8.61,USDC,88740752,3.77,9.13
2024-08-06,Pendle,Base,12.27,USDT,87928713,3.27,9.03
2024-08-06,Pendle,Base,12.03,DAI,75614861,3.71,11.3
2024-08-06,Convex,Ethereum,5.56,USDC,180431496,38.99,0
2024-08-06,Convex,Ethereum,5.24,USDT,172687594,43.91,0
2024-08-06,Convex,Ethereum,6.42,DAI,174927254,42.37,0
2024-08-06,Balancer,Ethereum,6.26,USDC,123068079,40.33,0
2024-08-06,Balancer,Ethereum,7.15,USDT,130536195,31.36,0
2024-08-06,Balancer,Ethereum,6.47,DAI,125269771,41.95,0
2024-08-06,Balancer,Arbitrum,8.5,USDC,127949087,3.57,14.33
2024-08-06,Balancer,Arbitrum,8.59,USDT,123428799,3.89,8.51
2024-08-06,Balancer,Arbitrum,6.4,DAI,129741316,4.8,11.79
2024-08-06,Balancer,Optimism,7.45,USDC,127117757,1.78,9.11
2024-08-06,Balancer,Optimism,8.31,USDT,129519781,3.24,8.85
2024-08-06,Balancer,Optimism,8.81,DAI,122063881,2.55,8.99
2024-08-06,Balancer,Polygon,7.03,USDC,123518195,1.49,7.52
2024-08-06,Balancer,Polygon,7.41,USDT,126348699,1.9,9.35
2024-08-06,Balancer,Polygon,9.06,DAI,134016500,1.48,6.44
2024-08-06,Balancer,Base,9.48,USDC,136701588,4.27,6.01
2024-08-06,Balancer,Base,8.45,USDT,123253587,3.76,8.86
2024-08-06,Balancer,Base,7.09,DAI,131310460,4.09,12.83
2024-08-07,Aave,Ethereum,3.25,USDC,283943390,40.62,0
2024-08-07,Aave,Ethereum,3.38,DAI,285721626,43.67,0
2024-08-07,Aave,Arbitrum,3.93,USDC,312346337,4.45,9.72
2024-08-07,Aave,Arbitrum,4.04,USDT,304829337,2.46,12.75
2024-08-07,Aave,Arbitrum,3.77,DAI,298083540,3.05,11.91
2024-08-07,Aave,Optimism,3.89,USDC,286700137,2.47,10.36
2024-08-07,Aave,Optimism,3.78,USDT,287290492,3.44,8.4
2024-08-07,Aave,Optimism,3.88,DAI,308425806,2.96,9.37
2024-08-07,Aave,Polygon,4.19,USDC,298943502,1.58,8.19
2024-08-07,Aave,Polygon,3.84,USDT,288983099,1.18,10.39
2024-08-07,Aave,Polygon,4.05,DAI,267900489,1.27,9.61
2024-08-07,Aave,Base,3.77,USDC,299019693,2.95,9.9
2024-08-07,Aave,Base,3.9,USDT,283156433,3.98,9.77
2024-08-07,Aave,Base,4.16,DAI,293497020,4.02,9.29
2024-08-07,Compound,Ethereum,2.76,USDC,213308449,34.9,0
2024-08-07,Compound,Ethereum,3.16,USDT,205780733,38.35,0
2024-08-07,Compound,Ethereum,2.86,DAI,214277470,40.92,0
2024-08-07,Compound,Arbitrum,3.9,USDC,195741681,4.06,10.06
2024-08-07,Compound,Arbitrum,3.88,USDT,206331479,4.2,12.26
2024-08-07,Compound,Arbitrum,4.08,DAI,220480163,4.58,9.65
2024-08-07,Compound,Optimism,3.68,USDC,220033420,2.93,6.19
2024-08-07,Compound,Optimism,3.43,USDT,211362752,2.32,8.61
2024-08-07,Compound,Optimism,3.48,DAI,214466282,3.44,9.16
2024-08-07,Compound,Polygon,3.71,USDC,227396688,1.5,6.56
2024-08-07,Compound,Polygon,3.92,USDT,207879138,1.49,6.73
2024-08-07,Compound,Polygon,3.88,DAI,217127214,1.35,5.58
2024-08-07,Compound,Base,3.77,USDC,192557608,3.71,7.68
2024-08-07,Compound,Base,3.86,USDT,192730993,3.43,10.55
2024-08-07,Compound,Base,3.58,DAI,229847305,3.66,10.97
2024-08-07,Curve,Ethereum,6.93,USDC,382588941,28.66,0
2024-08-07,Curve,Ethereum,6.92,DAI,371472146,36.23,0
2024-08-07,Curve,Arbitrum,8.29,USDC,365589844,4.1,8.57
2024-08-07,Curve,Arbitrum,6.42,USDT,359655239,3.7,11.07
2024-08-07,Curve,Arbitrum,7.61,DAI,395234004,4.02,6.27
2024-08-07,Curve,Optimism,7.63,USDC,393941624,2.53,10.61
2024-08-07,Curve,Optimism,7.78,USDT,376721935,3.33,9.54
2024-08-07,Curve,Optimism,8.76,DAI,345928751,2.26,8.97
2024-08-07,Curve,Polygon,8.61,USDT,365455935,1.52,8.38
2024-08-07,Curve,Polygon,8.36,DAI,383051827,1.64,9.14
2024-08-07,Curve,Base,8.47,USDC,356601520,4.07,8.33
2024-08-07,Curve,Base,7.66,USDT,383807526,3.16,9.15
2024-08-07,Uniswap V3,Ethereum,5.95,USDC,110584651,36.94,0
2024-08-07,Uniswap V3,Ethereum,7.79,USDT,109197578,47.24,0
2024-08-07,Uniswap V3,Arbitrum,8.74,USDC,111710307,4.17,14.8
2024-08-07,Uniswap V3,Arbitrum,6.85,USDT,108113912,3.76,11.39
2024-08-07,Uniswap V3,Arbitrum,8.65,DAI,118346309,4.22,16.72
2024-08-07,Uniswap V3,Optimism,7.99,USDC,112368423,3.27,8.28
2024-08-07,Uniswap V3,Optimism,7.25,USDT,107068893,2.52,8.05
2024-08-07,Uniswap V3,Optimism,7.67,DAI,115945460,2.78,10.05
2024-08-07,Uniswap V3,Polygon,7.78,USDC,113133065,1.31,8.06
2024-08-07,Uniswap V3,Polygon,9.98,USDT,117716913,1.22,9.52
2024-08-07,Uniswap V3,Polygon,9.07,DAI,104730320,1.25,6.6
2024-08-07,Uniswap V3,Base,10.61,USDC,115206677,3.2,8.88
2024-08-07,Uniswap V3,Base,9.69,USDT,112554903,3.67,13.13
2024-08-07,Uniswap V3,Base,7.4,DAI,108083067,3.79,8.79
2024-08-07,Yearn,Ethereum,4.21,USDT,145639583,46.58,0
2024-08-07,Yearn,Ethereum,4.27,DAI,135048912,45.28,0
2024-08-07,Yearn,Arbitrum,4.75,USDC,137676765,3.16,15.29
2024-08-07,Yearn,Arbitrum,4.93,USDT,141833619,3.05,11.44
2024-08-07,Yearn,Arbitrum,4.99,DAI,135922128,4.17,6.37
2024-08-07,Yearn,Optimism,4.58,USDC,142178040,3.21,9.45
2024-08-07,Yearn,Optimism,5.1,USDT,137521185,3.45,8.41
2024-08-07,Yearn,Optimism,4.57,DAI,145089689,2.81,8.23
2024-08-07,Yearn,Polygon,4.91,USDC,139939597,1.09,10.07
2024-08-07,Yearn,Polygon,5.32,USDT,145125530,1.07,8.47
2024-08-07,Yearn,Polygon,5.14,DAI,138262877,1.2,8.42
2024-08-07,Yearn,Base,4.67,USDC,143192348,3.83,8.69
2024-08-07,Yearn,Base,5.09,USDT,137442962,3.23,10.58
2024-08-07,Pendle,Ethereum,9.29,USDC,93440898,38.97,0
2024-08-07,Pendle,Ethereum,8.93,USDT,94167291,36.5,0
2024-08-07,Pendle,Ethereum,9.34,DAI,85158238,46.54,0
2024-08-07,Pendle,Arbitrum,11.02,USDC,94383971,3.12,12.64
2024-08-07,Pendle,Arbitrum,13.47,USDT,88728445,3.44,17.64
2024-08-07,Pendle,Optimism,11.56,USDC,80064890,2.88,8.68
2024-08-07,Pendle,Optimism,8.55,USDT,83141410,3.45,12.98
2024-08-07,Pendle,Optimism,10.6,DAI,91815826,3.93,10.64
2024-08-07,Pendle,Base,10.71,USDC,91934498,2.61,10.64
2024-08-07,Pendle,Base,10.4,USDT,79750543,3.15,7.59
2024-08-07,Pendle,Base,13.49,DAI,88329458,3.51,14.08
2024-08-07,Convex,Ethereum,6.52,USDC,164912573,42.45,0
2024-08-07,Convex,Ethereum,4.29,USDT,175461353,47.37,0
2024-08-07,Convex,Ethereum,4.49,DAI,174027633,42.32,0
2024-08-07,Balancer,Ethereum,7.11,USDC,127717734,37.48,0
2024-08-07,Balancer,Ethereum,6.35,USDT,128574780,56.27,0
2024-08-07,Balancer,Ethereum,6.83,DAI,129358054,44.03,0
2024-08-07,Balancer,Arbitrum,8.39,USDC,126963076,2.56,12.67
2024-08-07,Balancer,Arbitrum,7.14,USDT,124993884,3.08,11.2
2024-08-07,Balancer,Arbitrum,7.47,DAI,133869699,3.15,12.84
2024-08-07,Balancer,Optimism,8.75,USDC,130273095,3.37,10.0
2024-08-07,Balancer,Optimism,7.3,USDT,119889827,3.17,11.31
2024-08-07,Balancer,Optimism,7.41,DAI,124638843,2.42,2.01
2024-08-07,Balancer,Polygon,7.85,USDC,130932720,1.05,7.71
2024-08-07,Balancer,Polygon,8.52,USDT,131394591,0.66,9.54
2024-08-07,Balancer,Polygon,7.07,DAI,118468787,0.98,9.17
2024-08-07,Balancer,Base,6.73,USDC,128623698,2.6,13.92
2024-08-07,Balancer,Base,6.43,USDT,129571371,4.11,10.47
2024-08-07,Balancer,Base,8.97,DAI,129063597,3.08,12.84
2024-08-08,Aave,Ethereum,2.83,USDC,287882554,39.09,0
2024-08-08,Aave,Ethereum,2.87,USDT,294581255,51.12,0
2024-08-08,Aave,Ethereum,3.08,DAI,281146572,35.04,0
2024-08-08,Aave,Arbitrum,3.4,USDC,280716513,2.75,10.54
2024-08-08,Aave,Arbitrum,3.93,DAI,303302225,3.97,11.95
2024-08-08,Aave,Optimism,4.09,USDC,279023188,3.12,10.28
2024-08-08,Aave,Optimism,3.76,USDT,287993515,3.04,10.49
2024-08-08,Aave,Optimism,3.3,DAI,294478764,2.87,11.8
2024-08-08,Aave,Polygon,3.71,USDC,289374425,1.32,6.35
2024-08-08,Aave,Polygon,4.03,USDT,284529161,1.6,8.57
2024-08-08,Aave,Polygon,4.23,DAI,280546979,1.63,6.67
2024-08-08,Aave,Base,3.81,USDC,309793539,3.41,10.12
2024-08-08,Aave,Base,4.13,USDT,296867686,3.14,8.92
2024-08-08,Compound,Ethereum,2.85,USDC,227616728,46.73,0
2024-08-08,Compound,Ethereum,3.18,USDT,209895338,38.97,0
2024-08-08,Compound,Ethereum,2.87,DAI,201981165,43.66,0
2024-08-08,Compound,Arbitrum,3.66,DAI,207419841,3.31,11.02
2024-08-08,Compound,Optimism,3.59,USDC,230436163,3.05,9.8
2024-08-08,Compound,Optimism,3.39,USDT,213285323,3.07,9.76
2024-08-08,Compound,Optimism,3.49,DAI,202460396,3.7,8.75
2024-08-08,Compound,Polygon,3.7,USDC,216218399,1.72,8.15
2024-08-08,Compound,Polygon,4.1,USDT,200014965,2.0,9.0
2024-08-08,Compound,Polygon,4.06,DAI,207297633,1.87,9.06
2024-08-08,Compound,Base,3.72,USDC,219128945,3.13,12.97
2024-08-08,Compound,Base,3.49,USDT,224326119,2.92,8.85
2024-08-08,Compound,Base,3.47,DAI,208312477,3.32,10.87
2024-08-08,Curve,Ethereum,4.98,USDC,375077347,42.8,0
2024-08-08,Curve,Ethereum,6.15,USDT,402773971,35.09,0
2024-08-08,Curve,Ethereum,5.94,DAI,359812642,50.96,0
2024-08-08,Curve,Arbitrum,7.3,USDC,350268020,4.19,11.36
2024-08-08,Curve,Arbitrum,6.62,USDT,387876203,4.5,10.5
2024-08-08,Curve,Arbitrum,6.14,DAI,394247973,3.92,12.26
2024-08-08,Curve,Optimism,6.55,USDC,362601125,2.94,12.6
2024-08-08,Curve,Optimism,7.67,USDT,400100396,3.09,9.03
2024-08-08,Curve,Optimism,6.96,DAI,404226146,2.68,10.57
2024-08-08,Curve,Polygon,7.86,USDC,369770633,1.31,7.2
2024-08-08,Curve,Polygon,8.39,USDT,360783645,1.67,10.14
2024-08-08,Curve,Polygon,8.96,DAI,370655353,1.76,6.57
2024-08-08,Curve,Base,8.38,USDC,369641774,3.47,9.98
2024-08-08,Curve,Base,6.32,USDT,382970340,2.87,6.97
2024-08-08,Curve,Base,7.36,DAI,364836280,3.42,10.55
2024-08-08,Uniswap V3,Ethereum,5.55,USDC,120197189,38.75,0
2024-08-08,Uniswap V3,Ethereum,6.35,DAI,107864334,50.72,0
2024-08-08,Uniswap V3,Arbitrum,7.71,USDC,118544975,2.96,12.31
2024-08-08,Uniswap V3,Arbitrum,9.44,USDT,115083557,3.85,13.77
2024-08-08,Uniswap V3,Arbitrum,7.51,DAI,111056400,4.22,8.18
2024-08-08,Uniswap V3,Optimism,6.67,USDC,116129404,2.54,5.59
2024-08-08,Uniswap V3,Optimism,7.73,USDT,107903670,2.47,9.5
2024-08-08,Uniswap V3,Optimism,8.04,DAI,110556846,2.91,11.0
2024-08-08,Uniswap V3,Polygon,7.47,USDC,121369739,1.61,8.86
2024-08-08,Uniswap V3,Polygon,10.15,USDT,105752405,1.51,4.85
2024-08-08,Uniswap V3,Polygon,9.14,DAI,108162416,1.51,8.53
2024-08-08,Uniswap V3,Base,8.08,USDT,116939229,2.67,10.1
2024-08-08,Uniswap V3,Base,8.06,DAI,109272013,4.32,9.96
2024-08-08,Yearn,Ethereum,4.08,USDC,147145067,30.49,0
2024-08-08,Yearn,Ethereum,4.14,USDT,156684358,33.24,0
2024-08-08,Yearn,Ethereum,4.04,DAI,136203071,45.83,0
2024-08-08,Yearn,Arbitrum,4.76,USDC,140632647,4.07,14.68
2024-08-08,Yearn,Arbitrum,4.8,DAI,140539739,2.52,12.92
2024-08-08,Yearn,Optimism,4.32,USDC,138271234,3.43,10.39
2024-08-08,Yearn,Optimism,4.85,USDT,139755807,3.39,9.82
2024-08-08,Yearn,Polygon,5.35,USDC,146203999,1.69,5.79
2024-08-08,Yearn,Polygon,5.45,USDT,146520051,1.39,10.44
2024-08-08,Yearn,Polygon,5.19,DAI,140610245,1.49,6.31
2024-08-08,Yearn,Base,4.54,USDC,147355145,2.6,13.27
2024-08-08,Yearn,Base,4.68,USDT,141106988,2.48,9.55
2024-08-08,Yearn,Base,4.97,DAI,126671345,3.77,11.62
2024-08-08,Pendle,Ethereum,9.49,USDC,90823697,50.47,0
2024-08-08,Pendle,Ethereum,7.41,DAI,81790020,50.6,0
2024-08-08,Pendle,Arbitrum,10.83,USDC,82291247,2.9,10.28
2024-08-08,Pendle,Arbitrum,8.28,USDT,85510005,3.54,8.69
2024-08-08,Pendle,Arbitrum,9.03,DAI,86493050,4.13,12.59
2024-08-08,Pendle,Optimism,11.78,USDC,88922030,3.93,10.79
2024-08-08,Pendle,Optimism,11.74,USDT,90057270,3.01,10.63
2024-08-08,Pendle,Optimism,11.49,DAI,87874176,3.09,7.68
2024-08-08,Pendle,Base,9.15,USDC,88946621,3.19,9.91
2024-08-08,Pendle,Base,9.63,USDT,88959623,3.28,5.36
2024-08-08,Pendle,Base,9.04,DAI,90736917,3.05,9.97
2024-08-08,Convex,Ethereum,5.5,USDC,190332870,51.78,0
2024-08-08,Convex,Ethereum,4.76,USDT,168125200,49.92,0
2024-08-08,Convex,Ethereum,6.41,DAI,161230069,37.99,0
2024-08-08,Balancer,Ethereum,6.98,USDC,123044413,31.05,0
2024-08-08,Balancer,Ethereum,5.68,USDT,129801125,38.62,0
2024-08-08,Balancer,Ethereum,5.88,DAI,126404902,57.3,0
2024-08-08,Balancer,Arbitrum,7.1,USDC,130549734,3.87,8.7
2024-08-08,Balancer,Arbitrum,8.42,USDT,132875191,2.98,12.15
2024-08-08,Balancer,Arbitrum,8.4,DAI,125616557,3.4,13.5
2024-08-08,Balancer,Optimism,8.13,USDC,132025421,2.66,7.7
2024-08-08,Balancer,Optimism,8.83,USDT,120764367,3.43,10.37
2024-08-08,Balancer,Optimism,7.76,DAI,129356381,4.07,6.78
2024-08-08,Balancer,Polygon,9.59,USDC,125783181,1.86,7.39
2024-08-08,Balancer,Polygon,8.66,USDT,122158800,1.83,9.16
2024-08-08,Balancer,Polygon,7.92,DAI,124695287,1.61,7.78
2024-08-08,Balancer,Base,7.25,USDC,136216022,3.13,8.82
2024-08-08,Balancer,Base,7.96,USDT,127478819,3.08,12.32
2024-08-08,Balancer,Base,7.64,DAI,135123195,4.09,11.11
2024-08-09,Aave,Ethereum,2.77,USDC,292519783,38.46,0
2024-08-09,Aave,Ethereum,3.09,USDT,287755143,43.35,0
2024-08-09,Aave,Ethereum,2.88,DAI,294867003,48.48,0
2024-08-09,Aave,Arbitrum,3.8,USDC,316645062,3.33,15.27
2024-08-09,Aave,Arbitrum,3.42,USDT,292053108,3.34,11.84
2024-08-09,Aave,Arbitrum,3.55,DAI,274438170,3.46,12.64
2024-08-09,Aave,Optimism,3.29,USDC,302385111,2.82,6.1
2024-08-09,Aave,Optimism,3.48,USDT,295514716,2.86,9.76
2024-08-09,Aave,Optimism,3.48,DAI,290448845,3.25,5.93
2024-08-09,Aave,Polygon,4.0,USDC,282900224,1.02,8.7
2024-08-09,Aave,Polygon,3.73,USDT,272908250,1.38,9.63
2024-08-09,Aave,Polygon,3.93,DAI,278371022,1.62,6.75
2024-08-09,Aave,Base,3.98,USDC,297352775,3.32,8.08
2024-08-09,Aave,Base,3.99,USDT,291407322,3.5,8.31
2024-08-09,Aave,Base,3.98,DAI,289183831,3.9,10.7
2024-08-09,Compound,Ethereum,2.84,USDC,200434021,40.5,0
2024-08-09,Compound,Ethereum,2.92,USDT,198882665,43.85,0
2024-08-09,Compound,Ethereum,2.81,DAI,210731796,57.56,0
2024-08-09,Compound,Arbitrum,3.44,USDC,218461780,3.02,15.82
2024-08-09,Compound,Arbitrum,3.4,USDT,210108016,3.79,14.97
2024-08-09,Compound,Arbitrum,3.58,DAI,220017917,4.19,12.62
2024-08-09,Compound,Optimism,3.37,USDC,214325898,2.67,8.62
2024-08-09,Compound,Optimism,3.57,USDT,212556364,3.18,12.15
2024-08-09,Compound,Optimism,3.44,DAI,183787572,4.24,8.69
2024-08-09,Compound,Polygon,3.86,USDC,199249257,1.63,7.35
2024-08-09,Compound,Polygon,3.69,USDT,222058041,1.59,5.71
2024-08-09,Compound,Polygon,3.8,DAI,210467834,1.03,7.51
2024-08-09,Compound,Base,3.59,USDC,199467348,4.03,8.74
2024-08-09,Compound,Base,3.43,USDT,219588635,3.48,10.65
2024-08-09,Compound,Base,3.4,DAI,200328046,3.06,6.78
2024-08-09,Curve,Ethereum,4.58,USDC,382765067,42.67,0
2024-08-09,Curve,Ethereum,5.74,USDT,394181905,43.49,0
2024-08-09,Curve,Ethereum,8.1,DAI,376804782,38.0,0
2024-08-09,Curve,Arbitrum,5.97,USDC,360412065,3.48,8.1
2024-08-09,Curve,Optimism,7.26,USDC,391564804,2.13,9.88
2024-08-09,Curve,Optimism,6.74,USDT,372028141,2.45,10.68
2024-08-09,Curve,Optimism,6.8,DAI,390445660,3.35,8.33
2024-08-09,Curve,Polygon,6.63,USDC,389868083,1.16,6.14
2024-08-09,Curve,Polygon,6.84,USDT,357566720,1.27,8.95
2024-08-09,Curve,Polygon,7.91,DAI,366466503,0.91,8.26
2024-08-09,Curve,Base,5.6,USDC,364876205,2.76,11.33
2024-08-09,Curve,Base,6.91,USDT,366289109,3.61,11.17
2024-08-09,Curve,Base,8.94,DAI,368002232,3.24,7.8
2024-08-09,Uniswap V3,Ethereum,6.52,USDT,119119754,32.8,0
2024-08-09,Uniswap V3,Arbitrum,7.63,USDC,114062779,4.13,13.65
2024-08-09,Uniswap V3,Arbitrum,8.13,USDT,117835323,3.86,12.58
2024-08-09,Uniswap V3,Arbitrum,8.37,DAI,114050184,3.12,17.45
2024-08-09,Uniswap V3,Optimism,8.19,USDC,111198605,3.65,10.14
2024-08-09,Uniswap V3,Optimism,6.73,DAI,114669214,3.84,9.75
2024-08-09,Uniswap V3,Polygon,8.8,USDC,114338087,1.71,6.41
2024-08-09,Uniswap V3,Polygon,7.92,USDT,108640880,1.8,8.88
2024-08-09,Uniswap V3,Polygon,10.6,DAI,117699957,1.69,9.9
2024-08-09,Uniswap V3,Base,8.64,USDC,111054396,3.83,10.2
2024-08-09,Uniswap V3,Base,8.62,USDT,116926388,4.35,8.98
2024-08-09,Uniswap V3,Base,6.61,DAI,111224942,3.74,7.21
2024-08-09,Yearn,Ethereum,3.95,USDC,132481022,38.98,0
2024-08-09,Yearn,Ethereum,4.04,DAI,135585815,46.21,0
2024-08-09,Yearn,Arbitrum,4.63,USDC,140168601,3.34,10.95
2024-08-09,Yearn,Arbitrum,4.16,DAI,147519394,3.89,13.38
2024-08-09,Yearn,Optimism,4.67,USDC,133863644,3.5,11.6
2024-08-09,Yearn,Optimism,4.69,USDT,143354856,3.21,8.19
2024-08-09,Yearn,Polygon,5.08,USDC,151694218,1.44,9.26
2024-08-09,Yearn,Polygon,4.97,USDT,150030976,1.63,6.09
2024-08-09,Yearn,Polygon,5.18,DAI,150041405,1.78,9.24
2024-08-09,Yearn,Base,4.95,USDC,145369966,3.66,10.59
2024-08-09,Yearn,Base,4.55,USDT,142009906,3.55,9.49
2024-08-09,Yearn,Base,5.07,DAI,136290264,3.77,8.45
2024-08-09,Pendle,Ethereum,8.55,USDC,89167428,47.51,0
2024-08-09,Pendle,Ethereum,7.91,USDT,84349314,53.39,0
2024-08-09,Pendle,Ethereum,9.69,DAI,85865372,43.0,0
2024-08-09,Pendle,Arbitrum,11.12,USDC,88527605,3.25,12.67
2024-08-09,Pendle,Arbitrum,12.67,USDT,93175027,3.68,12.21
2024-08-09,Pendle,Arbitrum,9.53,DAI,94621181,3.39,14.48
2024-08-09,Pendle,Optimism,11.48,USDT,87733033,3.57,10.93
2024-08-09,Pendle,Optimism,10.56,DAI,84010895,3.01,9.85
2024-08-09,Pendle,Base,9.8,USDC,87067509,2.89,9.7
2024-08-09,Pendle,Base,8.47,USDT,89624563,3.65,7.29
2024-08-09,Pendle,Base,10.45,DAI,91897185,3.4,6.64
2024-08-09,Convex,Ethereum,5.52,USDC,170135768,42.63,0
2024-08-09,Convex,Ethereum,5.71,USDT,182081143,56.76,0
2024-08-09,Convex,Ethereum,5.72,DAI,176922861,32.48,0
2024-08-09,Balancer,Ethereum,6.29,USDC,129818214,30.94,0
2024-08-09,Balancer,Ethereum,5.44,USDT,125826435,34.47,0
2024-08-09,Balancer,Ethereum,6.03,DAI,126122673,36.21,0
2024-08-09,Balancer,Arbitrum,7.52,USDC,132621007,4.2,14.21
2024-08-09,Balancer,Arbitrum,6.55,USDT,133146605,4.61,11.99
2024-08-09,Balancer,Arbitrum,7.8,DAI,131746110,3.84,11.86
2024-08-09,Balancer,Optimism,6.94,USDC,131891097,2.46,7.09
2024-08-09,Balancer,Optimism,7.84,USDT,128603338,2.84,10.51
2024-08-09,Balancer,Optimism,7.14,DAI,122469388,3.92,9.76
2024-08-09,Balancer,Polygon,8.6,USDC,132048957,1.28,7.46
2024-08-09,Balancer,Polygon,8.68,USDT,131024885,1.63,6.43
2024-08-09,Balancer,Polygon,8.17,DAI,134663058,1.22,8.24
2024-08-09,Balancer,Base,6.76,USDC,136850608,4.08,9.67
2024-08-09,Balancer,Base,7.49,USDT,126411326,2.46,9.35
2024-08-09,Balancer,Base,7.04,DAI,131141721,3.71,4.65
2024-08-10,Aave,Ethereum,2.97,USDC,292515458,30.98,0
2024-08-10,Aave,Ethereum,3.13,USDT,306135502,30.57,0
2024-08-10,Aave,Ethereum,2.72,DAI,298550034,25.05,0
2024-08-10,Aave,Arbitrum,3.44,USDC,270251135,3.05,8.0
2024-08-10,Aave,Arbitrum,3.32,USDT,298606188,2.66,16.29
2024-08-10,Aave,Arbitrum,3.36,DAI,303504648,2.24,16.37
2024-08-10,Aave,Optimism,3.1,USDC,288570707,1.89,7.43
2024-08-10,Aave,Optimism,3.61,USDT,287466720,1.91,8.95
2024-08-10,Aave,Optimism,3.46,DAI,278987515,2.84,8.53
2024-08-10,Aave,Polygon,3.66,USDC,303704874,1.25,10.15
2024-08-10,Aave,Polygon,3.32,USDT,298828278,0.74,7.66
2024-08-10,Aave,Polygon,3.69,DAI,300004596,1.07,9.5
2024-08-10,Aave,Base,3.68,USDC,284786568,2.21,7.9
2024-08-10,Aave,Base,3.41,USDT,289064987,2.47,13.05
2024-08-10,Aave,Base,3.79,DAI,278641684,2.0,9.32
2024-08-10,Compound,Ethereum,2.49,USDC,225884248,33.1,0
2024-08-10,Compound,Ethereum,3.03,USDT,213143050,32.48,0
2024-08-10,Compound,Arbitrum,2.93,USDC,222137792,2.6,13.93
2024-08-10,Compound,Arbitrum,3.42,DAI,203363458,2.44,8.9
2024-08-10,Compound,Optimism,3.28,USDT,221006997,1.63,7.67
2024-08-10,Compound,Optimism,3.24,DAI,209671429,2.04,9.63
2024-08-10,Compound,Polygon,3.6,USDC,212984321,1.09,9.32
2024-08-10,Compound,Polygon,3.81,USDT,207203771,0.85,8.57
2024-08-10,Compound,Polygon,3.32,DAI,214406818,0.93,6.0
2024-08-10,Compound,Base,3.6,USDC,204938877,2.23,11.66
2024-08-10,Compound,Base,3.67,USDT,203165183,2.12,10.62
2024-08-10,Compound,Base,3.24,DAI,212958239,1.97,12.6
2024-08-10,Curve,Ethereum,6.19,USDC,339470875,35.43,0
2024-08-10,Curve,Ethereum,6.02,USDT,364168438,24.24,0
2024-08-10,Curve,Ethereum,6.04,DAI,357065233,28.18,0
2024-08-10,Curve,Arbitrum,7.28,USDC,367148439,2.33,14.76
2024-08-10,Curve,Arbitrum,7.37,USDT,387621196,2.26,10.57
2024-08-10,Curve,Arbitrum,6.89,DAI,385905930,2.36,6.5
2024-08-10,Curve,Optimism,8.62,USDT,380230214,2.73,11.08
2024-08-10,Curve,Polygon,8.58,USDC,374262802,1.08,6.86
2024-08-10,Curve,Polygon,7.95,USDT,362909459,0.7,11.24
2024-08-10,Curve,Polygon,7.14,DAI,357462034,0.87,6.75
2024-08-10,Curve,Base,7.01,USDC,370536591,1.97,10.98
2024-08-10,Curve,Base,7.48,USDT,375317150,2.08,12.92
2024-08-10,Curve,Base,6.09,DAI,376502344,2.05,8.11
2024-08-10,Uniswap V3,Ethereum,5.86,USDC,113347904,25.54,0
2024-08-10,Uniswap V3,Ethereum,6.87,DAI,101282334,30.28,0
2024-08-10,Uniswap V3,Arbitrum,8.86,USDC,105723916,3.46,15.03
2024-08-10,Uniswap V3,Arbitrum,7.54,USDT,109318789,2.21,10.24
2024-08-10,Uniswap V3,Arbitrum,6.57,DAI,104369992,2.85,14.85
2024-08-10,Uniswap V3,Optimism,8.09,USDT,109197632,2.26,9.99
2024-08-10,Uniswap V3,Polygon,8.16,USDC,99437322,1.05,8.12
2024-08-10,Uniswap V3,Polygon,9.75,USDT,113421492,0.76,9.04
2024-08-10,Uniswap V3,Polygon,7.1,DAI,112294368,0.7,6.53
2024-08-10,Uniswap V3,Base,8.06,USDC,109534495,2.23,11.59
2024-08-10,Uniswap V3,Base,7.92,USDT,107452375,2.88,10.43
2024-08-10,Uniswap V3,Base,8.92,DAI,107591857,1.83,14.53
2024-08-10,Yearn,Ethereum,3.37,USDC,141203024,21.62,0
2024-08-10,Yearn,Ethereum,4.22,USDT,143245503,22.34,0
2024-08-10,Yearn,Ethereum,3.69,DAI,141489655,35.84,0
2024-08-10,Yearn,Arbitrum,4.41,USDC,132411305,2.95,15.59
2024-08-10,Yearn,Arbitrum,4.63,USDT,150419081,1.99,15.63
2024-08-10,Yearn,Arbitrum,4.45,DAI,148287765,2.09,6.4
2024-08-10,Yearn,Optimism,4.41,USDC,138724118,2.03,10.49
2024-08-10,Yearn,Optimism,4.62,USDT,136567873,1.94,11.54
2024-08-10,Yearn,Optimism,4.58,DAI,147036080,1.89,9.86
2024-08-10,Yearn,Polygon,4.79,USDT,133290012,0.85,8.99
2024-08-10,Yearn,Polygon,4.83,DAI,139029088,0.77,11.09
2024-08-10,Yearn,Base,4.91,USDC,141326067,2.72,10.3
2024-08-10,Yearn,Base,4.27,USDT,135260578,2.17,10.4
2024-08-10,Yearn,Base,4.41,DAI,141920093,2.18,10.84
2024-08-10,Pendle,Ethereum,9.66,USDC,85485674,22.66,0
2024-08-10,Pendle,Ethereum,7.84,USDT,90167848,30.25,0
2024-08-10,Pendle,Arbitrum,11.07,USDC,86903015,2.49,10.8
2024-08-10,Pendle,Arbitrum,10.0,USDT,87495272,2.05,12.36
2024-08-10,Pendle,Arbitrum,10.46,DAI,83738167,3.15,12.5
2024-08-10,Pendle,Optimism,10.91,USDC,84967181,1.79,9.21
2024-08-10,Pendle,Optimism,12.81,USDT,86223002,2.2,6.74
2024-08-10,Pendle,Optimism,9.18,DAI,86143529,1.91,12.72
2024-08-10,Pendle,Base,10.39,USDC,79974043,2.07,11.72
2024-08-10,Pendle,Base,7.44,USDT,84333408,2.54,8.48
2024-08-10,Pendle,Base,11.48,DAI,83553870,2.1,9.76
2024-08-10,Convex,Ethereum,6.69,USDC,165878540,31.04,0
2024-08-10,Convex,Ethereum,5.21,USDT,178947914,23.83,0
2024-08-10,Convex,Ethereum,6.01,DAI,186846388,25.3,0
2024-08-10,Balancer,Ethereum,7.25,USDC,138911220,33.85,0
2024-08-10,Balancer,Ethereum,6.05,USDT,128354853,21.91,0
2024-08-10,Balancer,Ethereum,5.97,DAI,133053121,26.95,0
2024-08-10,Balancer,Arbitrum,6.36,USDC,126166279,2.29,12.61
2024-08-10,Balancer,Arbitrum,7.39,USDT,133581123,3.1,11.2
2024-08-10,Balancer,Arbitrum,7.53,DAI,130063132,2.35,10.19
2024-08-10,Balancer,Optimism,6.06,USDC,141347253,2.28,9.75
2024-08-10,Balancer,Optimism,6.87,USDT,121833991,1.82,7.6
2024-08-10,Balancer,Optimism,8.04,DAI,130106458,2.34,11.77
2024-08-10,Balancer,Polygon,8.01,USDC,125639523,0.59,9.24
2024-08-10,Balancer,Polygon,8.34,USDT,130731975,1.27,6.37
2024-08-10,Balancer,Polygon,7.97,DAI,123960883,0.61,7.73
2024-08-10,Balancer,Base,7.33,USDC,138893567,1.91,7.41
2024-08-10,Balancer,Base,6.71,USDT,123147693,2.16,9.5
2024-08-10,Balancer,Base,7.67,DAI,128043773,1.83,9.41
2024-08-11,Aave,Ethereum,2.67,USDC,289697662,39.39,0
2024-08-11,Aave,Ethereum,3.24,USDT,279896789,36.2,0
2024-08-11,Aave,Ethereum,3.09,DAI,296100613,32.17,0
2024-08-11,Aave,Arbitrum,3.76,USDC,277830324,1.92,11.89
2024-08-11,Aave,Arbitrum,3.17,USDT,292214572,1.82,13.4
2024-08-11,Aave,Arbitrum,3.43,DAI,311257081,1.79,11.61
2024-08-11,Aave,Optimism,3.03,USDC,285377767,1.93,11.64
2024-08-11,Aave,Optimism,3.33,DAI,298239216,2.55,13.52
2024-08-11,Aave,Polygon,3.93,USDT,278962735,0.82,8.35
2024-08-11,Aave,Polygon,3.63,DAI,324508679,1.17,9.65
2024-08-11,Aave,Base,3.61,USDC,293593996,2.38,10.66
2024-08-11,Aave,Base,3.46,USDT,286496533,2.39,9.53
2024-08-11,Aave,Base,3.45,DAI,275894159,2.28,12.8
2024-08-11,Compound,Ethereum,2.63,USDC,201124437,29.82,0
2024-08-11,Compound,Ethereum,2.65,USDT,205380394,19.55,0
2024-08-11,Compound,Ethereum,2.77,DAI,207254344,20.0,0
2024-08-11,Compound,Arbitrum,3.8,USDC,210969137,2.55,17.27
2024-08-11,Compound,Arbitrum,3.37,USDT,212830281,2.4,13.91
2024-08-11,Compound,Arbitrum,3.41,DAI,223084188,2.09,11.45
2024-08-11,Compound,Optimism,2.83,USDC,188055166,2.27,10.46
2024-08-11,Compound,Optimism,3.41,USDT,223842431,1.65,6.44
2024-08-11,Compound,Optimism,3.43,DAI,212928563,1.24,9.1
2024-08-11,Compound,Polygon,3.18,USDT,209649608,0.93,7.35
2024-08-11,Compound,Polygon,3.52,DAI,210567964,1.07,10.27
2024-08-11,Compound,Base,3.8,USDC,205855262,2.23,13.7
2024-08-11,Compound,Base,3.31,USDT,200102626,2.54,12.0
2024-08-11,Curve,Ethereum,5.55,USDC,365259409,27.32,0
2024-08-11,Curve,Ethereum,5.66,USDT,363971096,21.28,0
2024-08-11,Curve,Ethereum,6.14,DAI,378633119,35.83,0
2024-08-11,Curve,Arbitrum,5.26,USDC,386791789,2.75,10.96
2024-08-11,Curve,Arbitrum,6.15,USDT,362848230,2.56,12.7
2024-08-11,Curve,Arbitrum,7.94,DAI,370742319,2.21,14.01
2024-08-11,Curve,Optimism,7.41,USDC,374300758,1.88,13.09
2024-08-11,Curve,Optimism,7.17,USDT,376566140,1.45,8.4
2024-08-11,Curve,Optimism,7.58,DAI,350734363,1.81,9.69
2024-08-11,Curve,Polygon,7.96,USDC,370566329,0.61,7.61
2024-08-11,Curve,Polygon,8.22,USDT,365700415,0.74,9.35
2024-08-11,Curve,Polygon,7.67,DAI,379504814,1.01,8.64
2024-08-11,Curve,Base,7.8,USDC,361119097,2.33,9.39
2024-08-11,Curve,Base,7.73,USDT,404529952,2.45,8.15
2024-08-11,Curve,Base,6.7,DAI,353262164,1.75,10.34
2024-08-11,Uniswap V3,Ethereum,5.79,USDC,108320207,26.51,0
2024-08-11,Uniswap V3,Ethereum,7.34,USDT,110056322,11.41,0
2024-08-11,Uniswap V3,Ethereum,5.93,DAI,111627484,24.49,0
2024-08-11,Uniswap V3,Arbitrum,7.86,USDC,115784078,2.27,15.17
2024-08-11,Uniswap V3,Arbitrum,8.36,USDT,115166044,2.16,12.32
2024-08-11,Uniswap V3,Arbitrum,7.09,DAI,108513293,2.59,12.98
2024-08-11,Uniswap V3,Optimism,8.61,USDC,106529417,2.59,8.9
2024-08-11,Uniswap V3,Optimism,7.1,USDT,111576994,2.07,10.36
2024-08-11,Uniswap V3,Optimism,7.86,DAI,112965690,1.73,7.18
2024-08-11,Uniswap V3,Polygon,7.0,USDC,108045696,0.8,5.91
2024-08-11,Uniswap V3,Polygon,9.86,USDT,104495091,1.03,4.99
2024-08-11,Uniswap V3,Polygon,9.09,DAI,110385000,1.54,7.69
2024-08-11,Uniswap V3,Base,9.49,USDC,101459067,2.31,5.83
2024-08-11,Uniswap V3,Base,7.77,USDT,104168308,2.56,10.26
2024-08-11,Uniswap V3,Base,7.32,DAI,108108300,2.26,13.22
2024-08-11,Yearn,Ethereum,3.64,USDC,132902203,24.8,0
2024-08-11,Yearn,Ethereum,3.89,USDT,145171711,32.78,0
2024-08-11,Yearn,Arbitrum,4.7,USDC,148288557,2.88,10.99
2024-08-11,Yearn,Arbitrum,4.31,USDT,134772493,2.52,11.63
2024-08-11,Yearn,Arbitrum,4.37,DAI,143254513,2.91,11.01
2024-08-11,Yearn,Optimism,4.67,USDC,140738690,2.41,10.96
2024-08-11,Yearn,Optimism,4.62,USDT,140126119,2.22,6.66
2024-08-11,Yearn,Optimism,4.11,DAI,134397874,2.47,8.29
2024-08-11,Yearn,Polygon,5.43,USDC,141155397,1.07,6.29
2024-08-11,Yearn,Polygon,4.65,USDT,129925162,1.11,9.65
2024-08-11,Yearn,Polygon,4.72,DAI,127723350,1.33,4.41
2024-08-11,Yearn,Base,4.86,USDC,131776631,2.38,8.96
2024-08-11,Yearn,Base,4.27,USDT,137395210,2.25,8.67
2024-08-11,Yearn,Base,4.61,DAI,150295825,2.42,12.72
2024-08-11,Pendle,Ethereum,9.11,USDT,89585332,31.12,0
2024-08-11,Pendle,Ethereum,9.1,DAI,87402090,27.85,0
2024-08-11,Pendle,Arbitrum,9.99,USDC,78444940,2.07,14.35
2024-08-11,Pendle,Arbitrum,8.93,USDT,89414706,2.53,13.26
2024-08-11,Pendle,Arbitrum,11.66,DAI,91499206,2.67,10.82
2024-08-11,Pendle,Optimism,10.29,USDC,85257475,1.76,7.94
2024-08-11,Pendle,Optimism,11.92,USDT,90594144,1.41,6.53
2024-08-11,Pendle,Optimism,9.48,DAI,85389580,1.54,10.89
2024-08-11,Pendle,Base,9.28,USDC,90398800,2.07,11.39
2024-08-11,Pendle,Base,10.04,USDT,80625590,2.35,12.16
2024-08-11,Pendle,Base,12.29,DAI,84579196,2.56,9.75
2024-08-11,Convex,Ethereum,5.86,USDC,164946794,36.74,0
2024-08-11,Convex,Ethereum,5.83,USDT,174031587,21.23,0
2024-08-11,Convex,Ethereum,4.62,DAI,173673232,30.15,0
2024-08-11,Balancer,Ethereum,7.28,USDC,129383427,31.91,0
2024-08-11,Balancer,Ethereum,5.23,USDT,134530537,22.7,0
2024-08-11,Balancer,Ethereum,7.42,DAI,127557320,27.51,0
2024-08-11,Balancer,Arbitrum,7.57,USDC,124786222,2.62,10.76
2024-08-11,Balancer,Arbitrum,8.45,USDT,125400943,2.41,12.52
2024-08-11,Balancer,Arbitrum,8.49,DAI,129371868,2.7,11.02
2024-08-11,Balancer,Optimism,7.19,USDC,128823215,2.82,9.7
2024-08-11,Balancer,Optimism,5.77,USDT,132701914,2.21,10.4
2024-08-11,Balancer,Optimism,6.38,DAI,120589408,1.99,10.13
2024-08-11,Balancer,Polygon,7.76,USDT,126916812,0.86,8.57
2024-08-11,Balancer,Polygon,8.43,DAI,123683633,1.23,6.78
2024-08-11,Balancer,Base,7.53,USDC,117183473,2.05,10.2
2024-08-11,Balancer,Base,8.09,USDT,122915552,2.15,10.8
2024-08-11,Balancer,Base,7.82,DAI,128778568,1.96,5.47
2024-08-12,Aave,Ethereum,3.04,USDC,288607737,40.09,0
2024-08-12,Aave,Ethereum,3.27,USDT,286552638,35.29,0
2024-08-12,Aave,Arbitrum,3.57,USDC,280578240,2.76,14.03
2024-08-12,Aave,Arbitrum,4.11,USDT,289934240,4.13,12.27
2024-08-12,Aave,Arbitrum,3.25,DAI,255026421,3.59,12.13
2024-08-12,Aave,Optimism,3.66,USDC,300779239,3.55,9.72
2024-08-12,Aave,Optimism,3.09,USDT,285391093,3.04,10.57
2024-08-12,Aave,Optimism,3.96,DAI,272163626,3.16,8.59
2024-08-12,Aave,Polygon,3.76,USDC,268585301,1.25,6.21
2024-08-12,Aave,Polygon,3.62,USDT,296530022,1.03,6.74
2024-08-12,Aave,Polygon,4.17,DAI,293061952,1.58,6.63
2024-08-12,Aave,Base,3.48,USDC,306259465,2.66,8.48
2024-08-12,Aave,Base,3.46,USDT,289712226,2.92,10.62
2024-08-12,Aave,Base,3.37,DAI,283102374,3.37,13.56
2024-08-12,Compound,Ethereum,2.71,USDC,205703804,51.16,0
2024-08-12,Compound,Ethereum,2.95,USDT,205809241,56.9,0
2024-08-12,Compound,Ethereum,2.81,DAI,193223100,39.86,0
2024-08-12,Compound,Arbitrum,3.77,USDC,211558033,3.23,11.61
2024-08-12,Compound,Arbitrum,3.51,USDT,196630532,4.8,10.87
2024-08-12,Compound,Arbitrum,3.66,DAI,194156058,2.56,6.13
2024-08-12,Compound,Optimism,3.48,USDC,212932124,3.89,5.42
2024-08-12,Compound,Optimism,3.25,USDT,199094423,3.58,9.03
2024-08-12,Compound,Optimism,3.04,DAI,199773842,3.96,9.25
2024-08-12,Compound,Polygon,3.66,USDC,221616060,1.1,7.71
2024-08-12,Compound,Polygon,4.17,USDT,210127411,1.42,6.94
2024-08-12,Compound,Polygon,3.37,DAI,214489642,1.58,9.92
2024-08-12,Compound,Base,3.3,USDC,203572918,3.62,13.58
2024-08-12,Compound,Base,3.45,USDT,217610348,3.48,8.95
2024-08-12,Compound,Base,3.61,DAI,212881250,3.58,15.93
2024-08-12,Curve,Ethereum,5.25,USDC,361972135,48.92,0
2024-08-12,Curve,Ethereum,6.96,USDT,343943609,45.11,0
2024-08-12,Curve,Ethereum,6.7,DAI,366743777,44.21,0
2024-08-12,Curve,Arbitrum,8.29,USDC,359416778,3.99,13.0
2024-08-12,Curve,Arbitrum,6.79,DAI,392062896,3.96,12.05
2024-08-12,Curve,Optimism,7.17,USDC,354791083,3.7,12.27
2024-08-12,Curve,Optimism,6.61,USDT,356294590,3.07,8.79
2024-08-12,Curve,Optimism,7.01,DAI,379004517,2.46,5.15
2024-08-12,Curve,Polygon,8.19,USDC,391246827,1.67,7.89
2024-08-12,Curve,Polygon,8.35,USDT,344764711,1.08,7.63
2024-08-12,Curve,Polygon,8.68,DAI,366387558,1.29,5.41
2024-08-12,Curve,Base,7.38,USDC,357541242,3.32,7.8
2024-08-12,Curve,Base,7.96,USDT,365075163,3.43,10.51
2024-08-12,Uniswap V3,Ethereum,6.95,USDC,113108438,49.64,0
2024-08-12,Uniswap V3,Ethereum,5.68,USDT,100618252,54.91,0
2024-08-12,Uniswap V3,Ethereum,6.53,DAI,108773349,42.48,0
2024-08-12,Uniswap V3,Arbitrum,9.48,USDT,102050243,3.29,11.49
2024-08-12,Uniswap V3,Arbitrum,7.98,DAI,100106309,3.05,15.46
2024-08-12,Uniswap V3,Optimism,7.2,USDC,115667947,2.55,8.44
2024-08-12,Uniswap V3,Optimism,7.56,USDT,96623581,3.52,9.25
2024-08-12,Uniswap V3,Optimism,9.38,DAI,108691500,3.38,10.45
2024-08-12,Uniswap V3,Polygon,8.42,USDC,107186846,1.82,8.46
2024-08-12,Uniswap V3,Polygon,6.42,USDT,112563639,1.14,8.19
2024-08-12,Uniswap V3,Polygon,8.81,DAI,113041377,1.83,7.67
2024-08-12,Uniswap V3,Base,6.86,USDC,102001548,3.52,10.01
2024-08-12,Uniswap V3,Base,7.27,USDT,107230007,3.53,11.3
2024-08-12,Yearn,Ethereum,3.71,USDC,145601722,39.75,0
2024-08-12,Yearn,Ethereum,3.39,USDT,141802068,48.83,0
2024-08-12,Yearn,Ethereum,3.86,DAI,137909193,20.19,0
2024-08-12,Yearn,Arbitrum,4.78,USDC,136779991,3.7,7.68
2024-08-12,Yearn,Arbitrum,4.19,USDT,145238365,3.2,11.5
2024-08-12,Yearn,Arbitrum,4.37,DAI,135953765,2.53,13.16
2024-08-12,Yearn,Optimism,4.2,USDC,133831760,2.92,10.61
2024-08-12,Yearn,Optimism,4.56,DAI,132607208,2.11,10.12
2024-08-12,Yearn,Polygon,5.06,USDC,127022918,1.78,8.25
2024-08-12,Yearn,Polygon,4.34,USDT,126467819,1.56,8.37
2024-08-12,Yearn,Polygon,4.65,DAI,132148114,1.46,6.88
2024-08-12,Yearn,Base,4.78,USDC,133679834,2.87,7.23
2024-08-12,Yearn,Base,4.38,USDT,134605706,2.74,10.14
2024-08-12,Yearn,Base,4.81,DAI,128622017,3.74,10.11
2024-08-12,Pendle,Ethereum,9.38,USDC,85047458,30.92,0
2024-08-12,Pendle,Ethereum,8.84,USDT,81902171,46.38,0
2024-08-12,Pendle,Ethereum,10.5,DAI,88549577,38.88,0
2024-08-12,Pendle,Arbitrum,8.67,USDC,87155967,3.0,11.11
2024-08-12,Pendle,Arbitrum,9.12,USDT,79596411,5.2,8.46
2024-08-12,Pendle,Arbitrum,10.06,DAI,79697324,2.77,13.62
2024-08-12,Pendle,Optimism,9.83,USDT,85946513,3.18,10.93
2024-08-12,Pendle,Optimism,8.87,DAI,88437905,3.2,9.58
2024-08-12,Pendle,Base,11.0,USDC,87095574,3.64,9.17
2024-08-12,Pendle,Base,9.72,USDT,86445539,3.24,9.91
2024-08-12,Pendle,Base,12.8,DAI,89813613,3.89,10.97
2024-08-12,Convex,Ethereum,4.95,USDC,185421120,52.78,0
2024-08-12,Convex,Ethereum,4.64,USDT,172815320,38.68,0
2024-08-12,Balancer,Ethereum,6.87,USDC,135937851,45.26,0
2024-08-12,Balancer,Ethereum,6.43,USDT,121338230,34.02,0
2024-08-12,Balancer,Ethereum,6.14,DAI,119596634,46.31,0
2024-08-12,Balancer,Arbitrum,8.58,USDC,127090025,3.12,10.52
2024-08-12,Balancer,Arbitrum,8.03,USDT,125357719,3.36,13.54
2024-08-12,Balancer,Arbitrum,6.87,DAI,133245097,2.61,11.35
2024-08-12,Balancer,Optimism,6.99,USDT,126398081,3.11,11.48
2024-08-12,Balancer,Polygon,8.29,USDC,132755870,1.35,8.07
2024-08-12,Balancer,Polygon,7.02,USDT,128377687,1.53,7.72
2024-08-12,Balancer,Polygon,7.93,DAI,126865954,0.55,8.4
2024-08-12,Balancer,Base,5.57,USDC,127663809,3.33,10.48
2024-08-12,Balancer,Base,7.73,USDT,131736009,3.86,7.44
2024-08-12,Balancer,Base,7.21,DAI,120581468,3.52,9.98
2024-08-13,Aave,Ethereum,3.05,USDC,288752165,28.67,0
2024-08-13,Aave,Ethereum,2.99,USDT,274472650,46.22,0
2024-08-13,Aave,Ethereum,2.96,DAI,303222359,52.32,0
2024-08-13,Aave,Arbitrum,3.5,USDC,293374475,2.94,9.08
2024-08-13,Aave,Arbitrum,3.77,USDT,278130310,4.62,9.85
2024-08-13,Aave,Arbitrum,3.32,DAI,269870115,1.93,13.3
2024-08-13,Aave,Optimism,3.44,USDC,267496991,3.22,8.25
2024-08-13,Aave,Optimism,3.52,USDT,271811425,3.42,8.11
2024-08-13,Aave,Optimism,3.47,DAI,269186405,2.9,9.91
2024-08-13,Aave,Polygon,3.95,USDC,263206841,1.3,8.59
2024-08-13,Aave,Polygon,4.13,USDT,299821907,1.82,7.87
2024-08-13,Aave,Polygon,4.23,DAI,276017150,1.52,8.48
2024-08-13,Aave,Base,4.1,USDC,292888301,3.28,12.26
2024-08-13,Aave,Base,3.88,USDT,266651674,2.82,4.84
2024-08-13,Aave,Base,3.44,DAI,286380772,3.37,9.63
2024-08-13,Compound,Ethereum,2.63,USDC,210937363,38.26,0
2024-08-13,Compound,Ethereum,2.99,USDT,214338126,43.63,0
2024-08-13,Compound,Ethereum,2.96,DAI,189911409,40.14,0
2024-08-13,Compound,Arbitrum,3.34,USDC,200398174,4.07,14.15
2024-08-13,Compound,Arbitrum,3.2,USDT,200121626,2.86,11.68
2024-08-13,Compound,Arbitrum,3.26,DAI,214146526,2.61,12.81
2024-08-13,Compound,Optimism,3.16,USDC,194302510,1.99,11.87
2024-08-13,Compound,Optimism,3.43,USDT,187987628,2.77,8.2
2024-08-13,Compound,Optimism,3.33,DAI,208020544,2.47,8.33
2024-08-13,Compound,Polygon,3.71,USDT,198995297,1.36,11.7
2024-08-13,Compound,Polygon,3.67,DAI,208697845,1.21,9.63
2024-08-13,Compound,Base,3.42,USDC,202471564,3.55,8.44
2024-08-13,Compound,Base,3.19,USDT,203511735,3.55,11.09
2024-08-13,Compound,Base,3.64,DAI,197546877,3.38,12.67
2024-08-13,Curve,Ethereum,6.06,USDT,355719624,45.56,0
2024-08-13,Curve,Ethereum,5.08,DAI,391510961,38.67,0
2024-08-13,Curve,Arbitrum,7.54,USDC,343665144,2.68,6.81
2024-08-13,Curve,Arbitrum,8.58,USDT,362461598,3.52,16.0
2024-08-13,Curve,Arbitrum,5.94,DAI,368332103,3.85,11.04
2024-08-13,Curve,Optimism,7.55,USDC,373100014,2.78,10.6
2024-08-13,Curve,Optimism,7.57,USDT,377115303,3.07,10.3
2024-08-13,Curve,Optimism,8.27,DAI,335857889,2.42,6.57
2024-08-13,Curve,Polygon,6.24,USDC,345340861,1.48,7.53
2024-08-13,Curve,Polygon,7.06,USDT,357351444,1.2,9.68
2024-08-13,Curve,Polygon,8.56,DAI,369216080,1.59,8.46
2024-08-13,Curve,Base,8.77,USDC,362752333,3.55,9.29
2024-08-13,Curve,Base,7.84,USDT,361674916,3.41,9.1
2024-08-13,Curve,Base,7.5,DAI,354512321,3.89,11.28
2024-08-13,Uniswap V3,Ethereum,6.62,USDC,109232436,52.05,0
2024-08-13,Uniswap V3,Ethereum,6.92,USDT,99216051,37.09,0
2024-08-13,Uniswap V3,Ethereum,6.79,DAI,114024645,30.6,0
2024-08-13,Uniswap V3,Arbitrum,6.96,USDC,105715008,2.54,13.96
2024-08-13,Uniswap V3,Arbitrum,7.62,USDT,106406250,3.98,14.7
2024-08-13,Uniswap V3,Arbitrum,7.92,DAI,108334661,3.63,11.81
2024-08-13,Uniswap V3,Optimism,7.56,USDC,104987161,2.32,6.6
2024-08-13,Uniswap V3,Optimism,7.14,USDT,115900747,2.93,10.66
2024-08-13,Uniswap V3,Optimism,5.76,DAI,109502194,2.84,9.77
2024-08-13,Uniswap V3,Polygon,8.54,USDC,106639469,1.31,5.82
2024-08-13,Uniswap V3,Polygon,7.84,USDT,101413300,1.34,9.14
2024-08-13,Uniswap V3,Polygon,8.69,DAI,107143487,1.09,8.83
2024-08-13,Uniswap V3,Base,6.35,USDC,100921513,3.73,10.01
2024-08-13,Uniswap V3,Base,9.55,USDT,98751288,3.98,10.5
2024-08-13,Uniswap V3,Base,8.23,DAI,105280183,3.58,9.61
2024-08-13,Yearn,Ethereum,3.69,USDC,136001435,47.33,0
2024-08-13,Yearn,Ethereum,3.94,USDT,141127944,38.79,0
2024-08-13,Yearn,Ethereum,3.29,DAI,135159364,57.34,0
2024-08-13,Yearn,Arbitrum,4.31,USDC,140031321,4.55,15.97
2024-08-13,Yearn,Arbitrum,4.27,USDT,126029706,3.89,10.08
2024-08-13,Yearn,Arbitrum,4.56,DAI,132247339,3.67,13.62
2024-08-13,Yearn,Optimism,4.39,USDC,134590220,3.96,10.17
2024-08-13,Yearn,Optimism,4.43,USDT,137251938,3.44,10.71
2024-08-13,Yearn,Optimism,4.26,DAI,140605432,2.82,7.85
2024-08-13,Yearn,Polygon,4.09,USDT,143027359,1.88,9.12
2024-08-13,Yearn,Polygon,5.0,DAI,144926220,1.51,8.92
2024-08-13,Yearn,Base,4.3,USDC,130489970,3.22,9.33
2024-08-13,Yearn,Base,4.83,USDT,143506021,3.36,8.43
2024-08-13,Yearn,Base,4.82,DAI,131613310,3.79,8.31
2024-08-13,Pendle,Ethereum,10.36,USDC,85905520,34.45,0
2024-08-13,Pendle,Ethereum,9.33,USDT,74929278,37.92,0
2024-08-13,Pendle,Ethereum,6.45,DAI,84273902,39.9,0
2024-08-13,Pendle,Arbitrum,9.3,USDC,77285428,3.99,12.16
2024-08-13,Pendle,Arbitrum,8.87,USDT,88984370,4.4,14.31
2024-08-13,Pendle,Arbitrum,9.1,DAI,80548576,4.31,13.32
2024-08-13,Pendle,Optimism,9.87,USDC,86426768,2.07,7.46
2024-08-13,Pendle,Optimism,8.98,USDT,84401207,2.02,7.48
2024-08-13,Pendle,Optimism,11.17,DAI,83869272,2.78,9.62
2024-08-13,Pendle,Base,9.59,USDC,84832277,3.08,11.48
2024-08-13,Pendle,Base,7.55,USDT,80089791,2.61,10.97
2024-08-13,Pendle,Base,10.53,DAI,87011710,4.01,8.04
2024-08-13,Convex,Ethereum,5.22,USDC,172399556,38.41,0
2024-08-13,Convex,Ethereum,4.9,USDT,161403271,30.62,0
2024-08-13,Convex,Ethereum,4.81,DAI,183480579,52.46,0
2024-08-13,Balancer,Ethereum,6.23,USDC,120169046,62.96,0
2024-08-13,Balancer,Ethereum,5.79,USDT,127550087,38.83,0
2024-08-13,Balancer,Ethereum,5.99,DAI,121766837,49.63,0
2024-08-13,Balancer,Arbitrum,8.15,USDC,123789693,4.07,10.28
2024-08-13,Balancer,Arbitrum,7.48,USDT,131010775,4.14,8.94
2024-08-13,Balancer,Arbitrum,5.97,DAI,125178109,3.62,10.11
2024-08-13,Balancer,Optimism,7.03,USDC,116565453,2.89,11.31
2024-08-13,Balancer,Optimism,6.47,USDT,120982825,3.74,12.53
2024-08-13,Balancer,Polygon,9.35,USDC,131739890,1.65,8.29
2024-08-13,Balancer,Polygon,6.99,USDT,121931927,1.51,9.33
2024-08-13,Balancer,Polygon,7.31,DAI,117929544,1.7,8.48
2024-08-13,Balancer,Base,6.97,USDC,128426623,3.84,11.03
2024-08-13,Balancer,Base,7.42,USDT,124395641,3.66,10.98
2024-08-13,Balancer,Base,8.37,DAI,109984832,3.56,7.24
2024-08-14,Aave,Ethereum,3.01,USDC,284248955,41.8,0
2024-08-14,Aave,Ethereum,2.68,USDT,259661902,40.28,0
2024-08-14,Aave,Ethereum,2.78,DAI,291431105,35.56,0
2024-08-14,Aave,Arbitrum,3.73,USDC,261187346,3.45,14.9
2024-08-14,Aave,Arbitrum,3.72,USDT,283187399,4.02,16.01
2024-08-14,Aave,Optimism,3.28,USDC,285220425,2.74,7.45
2024-08-14,Aave,Optimism,3.63,USDT,282074333,2.29,9.6
2024-08-14,Aave,Optimism,3.63,DAI,272321689,3.44,6.81
2024-08-14,Aave,Polygon,3.87,USDC,270653878,1.61,9.98
2024-08-14,Aave,Polygon,3.86,USDT,286520685,1.12,10.11
2024-08-14,Aave,Polygon,3.45,DAI,260944659,0.93,9.35
2024-08-14,Aave,Base,4.03,USDC,294463585,3.41,10.61
2024-08-14,Aave,Base,3.35,USDT,266734084,3.11,6.93
2024-08-14,Aave,Base,3.12,DAI,261673535,3.38,9.46
2024-08-14,Compound,Ethereum,2.88,USDC,186737883,39.93,0
2024-08-14,Compound,Ethereum,2.7,USDT,204945407,40.42,0
2024-08-14,Compound,Arbitrum,3.65,USDC,210604121,3.67,9.99
2024-08-14,Compound,Arbitrum,3.48,USDT,201655974,2.12,12.16
2024-08-14,Compound,Arbitrum,3.39,DAI,195865842,3.34,12.41
2024-08-14,Compound,Optimism,3.67,USDC,200349493,3.48,6.44
2024-08-14,Compound,Optimism,3.15,USDT,196626686,2.83,8.77
2024-08-14,Compound,Optimism,3.36,DAI,195133784,2.96,9.44
2024-08-14,Compound,Polygon,3.77,USDC,197610749,1.22,7.99
2024-08-14,Compound,Polygon,3.63,USDT,203220984,1.69,6.02
2024-08-14,Compound,Polygon,3.5,DAI,207024818,1.22,7.31
2024-08-14,Compound,Base,3.07,USDC,216982622,3.48,11.45
2024-08-14,Compound,Base,3.59,USDT,191117281,3.21,12.69
2024-08-14,Compound,Base,3.63,DAI,204712699,3.76,9.44
2024-08-14,Curve,Ethereum,6.18,USDC,376615311,37.36,0
2024-08-14,Curve,Ethereum,5.99,DAI,337002382,36.61,0
2024-08-14,Curve,Arbitrum,6.74,USDC,377576167,4.32,10.64
2024-08-14,Curve,Arbitrum,9.03,USDT,376148542,3.68,9.9
2024-08-14,Curve,Arbitrum,7.13,DAI,355848049,3.77,7.61
2024-08-14,Curve,Optimism,7.95,USDC,366654575,3.88,9.37
2024-08-14,Curve,Optimism,7.3,USDT,359138413,2.72,7.44
2024-08-14,Curve,Optimism,6.82,DAI,343928132,3.13,7.99
2024-08-14,Curve,Polygon,7.74,USDC,362155600,1.51,13.78
2024-08-14,Curve,Polygon,8.33,USDT,342112518,1.56,7.62
2024-08-14,Curve,Polygon,8.92,DAI,340251585,1.79,7.59
2024-08-14,Curve,Base,8.27,USDC,338860649,2.84,8.85
2024-08-14,Curve,Base,6.64,USDT,357333688,4.21,10.92
2024-08-14,Curve,Base,7.24,DAI,362990012,2.81,9.64
2024-08-14,Uniswap V3,Ethereum,6.4,USDC,109191098,44.91,0
2024-08-14,Uniswap V3,Ethereum,5.46,USDT,99926982,41.07,0
2024-08-14,Uniswap V3,Ethereum,5.91,DAI,105753445,51.49,0
2024-08-14,Uniswap V3,Arbitrum,7.25,USDC,98937307,4.41,14.51
2024-08-14,Uniswap V3,Arbitrum,8.64,USDT,106298099,3.36,12.89
2024-08-14,Uniswap V3,Arbitrum,8.13,DAI,111725599,4.83,13.43
2024-08-14,Uniswap V3,Optimism,7.14,USDC,98553389,2.69,10.31
2024-08-14,Uniswap V3,Optimism,8.81,USDT,97455980,3.21,7.67
2024-08-14,Uniswap V3,Optimism,8.8,DAI,108959638,2.78,7.61
2024-08-14,Uniswap V3,Polygon,7.75,USDC,102642544,1.34,6.64
2024-08-14,Uniswap V3,Polygon,8.85,DAI,106342003,1.1,11.29
2024-08-14,Uniswap V3,Base,8.37,USDC,105318817,2.86,6.86
2024-08-14,Uniswap V3,Base,7.4,USDT,109037437,3.67,7.43
2024-08-14,Yearn,Ethereum,3.82,USDC,148549241,46.93,0
2024-08-14,Yearn,Ethereum,3.66,USDT,139191409,48.78,0
2024-08-14,Yearn,Ethereum,3.7,DAI,133235008,44.58,0
2024-08-14,Yearn,Arbitrum,5.13,USDC,133574998,4.03,13.96
2024-08-14,Yearn,Arbitrum,4.82,USDT,136491625,3.88,9.68
2024-08-14,Yearn,Arbitrum,4.6,DAI,127306597,4.38,8.27
2024-08-14,Yearn,Optimism,4.5,USDC,136791084,2.72,8.31
2024-08-14,Yearn,Optimism,4.05,USDT,133978728,3.26,9.99
2024-08-14,Yearn,Optimism,4.59,DAI,135273558,3.77,9.69
2024-08-14,Yearn,Polygon,5.1,USDC,138190828,1.27,8.27
2024-08-14,Yearn,Polygon,4.98,USDT,127213351,1.68,9.02
2024-08-14,Yearn,Polygon,4.61,DAI,129819767,1.1,8.16
2024-08-14,Yearn,Base,4.69,USDC,127089335,3.05,11.2
2024-08-14,Yearn,Base,4.7,USDT,126122439,3.51,8.17
2024-08-14,Yearn,Base,4.82,DAI,131606259,2.94,13.52
2024-08-14,Pendle,Ethereum,8.92,USDC,85887707,41.42,0
2024-08-14,Pendle,Ethereum,7.82,USDT,80485411,35.56,0
2024-08-14,Pendle,Ethereum,10.06,DAI,79383837,43.09,0
2024-08-14,Pendle,Arbitrum,11.35,USDC,85523629,4.22,9.84
2024-08-14,Pendle,Arbitrum,8.42,USDT,80640729,3.4,11.96
2024-08-14,Pendle,Arbitrum,11.42,DAI,79035380,1.81,10.9
2024-08-14,Pendle,Optimism,11.16,USDC,80804340,3.53,10.65
2024-08-14,Pendle,Optimism,9.85,USDT,80744532,3.87,10.3
2024-08-14,Pendle,Optimism,8.46,DAI,88017783,3.03,10.45
2024-08-14,Pendle,Base,10.28,USDC,77975458,3.06,13.1
2024-08-14,Pendle,Base,7.53,USDT,80546307,3.57,7.06
2024-08-14,Pendle,Base,10.97,DAI,79073129,3.54,9.12
2024-08-14,Convex,Ethereum,5.7,USDC,175510189,42.78,0
2024-08-14,Convex,Ethereum,5.81,USDT,185614766,39.28,0
2024-08-14,Convex,Ethereum,4.77,DAI,161912425,40.12,0
2024-08-14,Balancer,Ethereum,5.37,USDC,124943154,44.46,0
2024-08-14,Balancer,Ethereum,6.54,USDT,115588032,43.55,0
2024-08-14,Balancer,Ethereum,6.94,DAI,118123471,32.06,0
2024-08-14,Balancer,Arbitrum,7.27,USDC,122116687,4.03,9.44
2024-08-14,Balancer,Arbitrum,7.2,USDT,115136011,4.33,6.54
2024-08-14,Balancer,Arbitrum,8.31,DAI,126908358,3.05,9.09
2024-08-14,Balancer,Optimism,8.16,USDC,123770777,2.82,6.91
2024-08-14,Balancer,Optimism,6.4,USDT,118280024,3.1,8.45
2024-08-14,Balancer,Optimism,6.9,DAI,120352618,2.87,9.3
2024-08-14,Balancer,Polygon,7.91,USDC,118603532,1.66,6.52
2024-08-14,Balancer,Polygon,8.07,USDT,114355093,1.43,6.65
2024-08-14,Balancer,Polygon,8.3,DAI,121002814,1.61,9.8
2024-08-14,Balancer,Base,6.15,USDC,127501786,4.0,10.73
2024-08-14,Balancer,Base,8.08,USDT,118144924,3.28,9.82
2024-08-14,Balancer,Base,7.35,DAI,120595667,3.61,10.22
2024-08-15,Aave,Ethereum,2.77,USDC,260934600,30.89,0
2024-08-15,Aave,Ethereum,3.01,USDT,288414682,44.14,0
2024-08-15,Aave,Ethereum,3.07,DAI,244474199,30.96,0
2024-08-15,Aave,Arbitrum,3.69,USDC,256053035,3.99,10.32
2024-08-15,Aave,Arbitrum,3.45,USDT,259819034,3.65,8.11
2024-08-15,Aave,Arbitrum,3.04,DAI,264913951,4.11,15.39
2024-08-15,Aave,Optimism,3.47,USDC,274774392,3.72,9.42
2024-08-15,Aave,Optimism,3.46,USDT,262800750,4.16,9.7
2024-08-15,Aave,Optimism,3.46,DAI,281711609,3.68,8.4
2024-08-15,Aave,Polygon,3.62,USDC,268327637,1.18,10.52
2024-08-15,Aave,Polygon,3.94,USDT,268195185,0.85,8.56
2024-08-15,Aave,Polygon,3.69,DAI,277195042,1.88,8.95
2024-08-15,Aave,Base,3.61,USDC,290976165,4.12,12.12
2024-08-15,Aave,Base,3.75,USDT,283710493,2.9,8.2
2024-08-15,Compound,Ethereum,2.75,USDC,204370546,51.03,0
2024-08-15,Compound,Ethereum,2.38,USDT,194660103,41.86,0
2024-08-15,Compound,Ethereum,2.74,DAI,209357480,52.69,0
2024-08-15,Compound,Arbitrum,3.62,USDC,203806057,3.62,11.65
2024-08-15,Compound,Arbitrum,3.4,USDT,189418381,3.44,15.78
2024-08-15,Compound,Arbitrum,3.33,DAI,213047633,3.41,18.03
2024-08-15,Compound,Optimism,2.91,USDT,191832788,2.59,9.41
2024-08-15,Compound,Optimism,3.15,DAI,190316779,3.05,10.16
2024-08-15,Compound,Polygon,3.5,USDT,200004096,1.36,11.01
2024-08-15,Compound,Polygon,3.67,DAI,195973565,1.15,7.68
2024-08-15,Compound,Base,3.64,USDC,193948809,3.02,8.51
2024-08-15,Compound,Base,3.28,USDT,213979086,3.12,13.78
2024-08-15,Compound,Base,3.46,DAI,201519330,3.41,11.49
2024-08-15,Curve,Ethereum,6.78,USDC,354705591,35.87,0
2024-08-15,Curve,Ethereum,5.29,DAI,374868346,30.8,0
2024-08-15,Curve,Arbitrum,7.84,USDC,359693950,2.68,10.58
2024-08-15,Curve,Arbitrum,6.78,USDT,302162302,3.93,10.84
2024-08-15,Curve,Arbitrum,7.39,DAI,344719693,5.15,6.91
2024-08-15,Curve,Optimism,6.96,USDC,307378016,2.83,10.01
2024-08-15,Curve,Optimism,6.27,USDT,340809478,2.4,9.83
2024-08-15,Curve,Polygon,7.96,USDT,338989575,1.48,8.71
2024-08-15,Curve,Polygon,7.63,DAI,350908222,1.16,7.2
2024-08-15,Curve,Base,6.34,USDC,349724644,2.94,9.11
2024-08-15,Curve,Base,7.15,USDT,353119721,3.03,6.96
2024-08-15,Uniswap V3,Ethereum,6.23,USDT,101233689,50.76,0
2024-08-15,Uniswap V3,Ethereum,7.36,DAI,107606191,38.72,0
2024-08-15,Uniswap V3,Arbitrum,5.97,USDC,97429876,3.84,9.0
2024-08-15,Uniswap V3,Arbitrum,8.86,USDT,99766875,3.5,16.99
2024-08-15,Uniswap V3,Optimism,8.64,USDC,105058700,2.77,9.25
2024-08-15,Uniswap V3,Optimism,8.41,USDT,98912559,3.07,8.96
2024-08-15,Uniswap V3,Optimism,9.61,DAI,96914540,3.32,11.19
2024-08-15,Uniswap V3,Polygon,9.84,USDC,102886119,1.48,9.45
2024-08-15,Uniswap V3,Polygon,9.75,USDT,106037742,1.82,6.79
2024-08-15,Uniswap V3,Base,8.57,USDC,104508894,3.01,8.59
2024-08-15,Uniswap V3,Base,7.73,DAI,101443353,3.39,9.24
2024-08-15,Yearn,Ethereum,3.76,USDC,126442675,41.22,0
2024-08-15,Yearn,Ethereum,3.57,USDT,123681011,37.05,0
2024-08-15,Yearn,Ethereum,3.64,DAI,130780894,30.12,0
2024-08-15,Yearn,Arbitrum,4.86,USDC,130479193,3.2,9.35
2024-08-15,Yearn,Arbitrum,4.64,USDT,130611551,4.02,12.57
2024-08-15,Yearn,Arbitrum,4.4,DAI,127868381,3.73,10.21
2024-08-15,Yearn,Optimism,3.95,USDC,122728214,3.62,8.28
2024-08-15,Yearn,Optimism,4.7,USDT,127684329,1.94,8.17
2024-08-15,Yearn,Polygon,5.02,USDT,130542066,1.83,9.13
2024-08-15,Yearn,Polygon,4.44,DAI,120754701,1.34,8.14
2024-08-15,Yearn,Base,4.66,USDC,134397771,3.62,12.81
2024-08-15,Yearn,Base,4.21,USDT,136026730,3.79,12.53
2024-08-15,Yearn,Base,4.45,DAI,132780504,2.73,10.42
2024-08-15,Pendle,Ethereum,8.12,USDC,88844120,37.9,0
2024-08-15,Pendle,Ethereum,7.61,USDT,84475188,43.57,0
2024-08-15,Pendle,Ethereum,5.92,DAI,89119173,50.99,0
2024-08-15,Pendle,Arbitrum,9.15,USDC,81152328,3.65,12.91
2024-08-15,Pendle,Arbitrum,10.82,USDT,80857175,3.29,13.37
2024-08-15,Pendle,Arbitrum,11.1,DAI,77155444,3.96,8.63
2024-08-15,Pendle,Optimism,10.37,USDC,76496180,2.98,10.48
2024-08-15,Pendle,Optimism,12.58,USDT,82905486,3.46,8.27
2024-08-15,Pendle,Optimism,9.49,DAI,80553959,3.82,10.63
2024-08-15,Pendle,Base,10.28,USDC,84481062,2.8,11.87
2024-08-15,Pendle,Base,7.29,USDT,81434592,4.33,9.85
2024-08-15,Pendle,Base,10.48,DAI,79984826,3.59,8.06
2024-08-15,Convex,Ethereum,6.2,USDC,170306930,43.06,0
2024-08-15,Convex,Ethereum,4.87,USDT,158789518,49.53,0
2024-08-15,Convex,Ethereum,5.22,DAI,175043945,44.31,0
2024-08-15,Balancer,Ethereum,5.71,USDC,118924502,45.24,0
2024-08-15,Balancer,Ethereum,6.25,USDT,116418889,54.44,0
2024-08-15,Balancer,Ethereum,6.31,DAI,129042254,30.64,0
2024-08-15,Balancer,Arbitrum,8.66,USDT,128116493,4.0,10.93
2024-08-15,Balancer,Arbitrum,7.7,DAI,110558806,2.44,13.64
2024-08-15,Balancer,Optimism,7.13,USDC,117634029,2.52,7.5
2024-08-15,Balancer,Optimism,5.58,USDT,126845631,3.25,12.59
2024-08-15,Balancer,Optimism,8.47,DAI,114163548,2.45,9.98
2024-08-15,Balancer,Polygon,7.56,USDC,116897620,1.62,9.2
2024-08-15,Balancer,Polygon,9.03,USDT,118528016,0.95,9.67
2024-08-15,Balancer,Polygon,7.18,DAI,121783781,1.65,5.39
2024-08-15,Balancer,Base,6.69,USDC,118392785,3.15,10.0
2024-08-15,Balancer,Base,6.61,USDT,121905194,2.84,5.39
2024-08-15,Balancer,Base,7.58,DAI,115919423,3.35,11.92
2024-08-16,Aave,Ethereum,2.49,USDC,263658702,41.4,0
2024-08-16,Aave,Ethereum,2.71,USDT,267781572,42.78,0
2024-08-16,Aave,Ethereum,2.93,DAI,281494175,42.44,0
2024-08-16,Aave,Arbitrum,3.13,USDC,264149505,3.59,14.61
2024-08-16,Aave,Arbitrum,3.73,USDT,269078115,2.63,10.54
2024-08-16,Aave,Arbitrum,3.57,DAI,275160046,2.81,12.92
2024-08-16,Aave,Optimism,3.24,USDC,261731790,2.95,8.78
2024-08-16,Aave,Optimism,3.09,USDT,273392846,3.03,8.76
2024-08-16,Aave,Optimism,3.15,DAI,276323324,2.54,9.36
2024-08-16,Aave,Polygon,3.37,USDC,281627112,1.76,9.49
2024-08-16,Aave,Polygon,3.99,USDT,263990555,1.19,4.07
2024-08-16,Aave,Polygon,3.7,DAI,269417057,1.44,6.42
2024-08-16,Aave,Base,3.29,USDC,275176211,3.09,12.18
2024-08-16,Aave,Base,3.26,USDT,255766644,2.83,5.69
2024-08-16,Aave,Base,3.47,DAI,277285282,3.33,10.43
2024-08-16,Compound,Ethereum,2.71,USDC,192128041,46.18,0
2024-08-16,Compound,Ethereum,2.87,USDT,193387459,54.56,0
2024-08-16,Compound,Ethereum,2.7,DAI,188045188,51.04,0
2024-08-16,Compound,Arbitrum,3.79,USDC,204322062,3.61,11.19
2024-08-16,Compound,Arbitrum,3.45,DAI,196637010,4.53,15.31
2024-08-16,Compound,Optimism,3.26,USDC,202432569,2.61,8.29
2024-08-16,Compound,Optimism,3.11,USDT,193196303,2.35,7.17
2024-08-16,Compound,Optimism,3.05,DAI,195258388,3.08,11.84
2024-08-16,Compound,Polygon,3.63,USDC,211206896,1.12,9.17
2024-08-16,Compound,Polygon,3.48,USDT,189569319,1.56,9.25
2024-08-16,Compound,Base,3.06,USDC,204315652,2.84,9.54
2024-08-16,Compound,Base,2.81,USDT,182626894,2.56,10.43
2024-08-16,Compound,Base,3.26,DAI,201551872,2.8,8.41
2024-08-16,Curve,Ethereum,6.02,USDC,354361507,56.18,0
2024-08-16,Curve,Ethereum,5.38,USDT,327922034,32.53,0
2024-08-16,Curve,Ethereum,6.55,DAI,370224142,41.9,0
2024-08-16,Curve,Arbitrum,7.01,USDC,350166002,3.69,15.09
2024-08-16,Curve,Arbitrum,7.46,USDT,365520398,4.89,11.5
2024-08-16,Curve,Arbitrum,7.25,DAI,361964477,3.35,10.78
2024-08-16,Curve,Optimism,8.03,USDC,358072511,2.97,8.44
2024-08-16,Curve,Optimism,6.49,DAI,335181164,3.98,6.92
2024-08-16,Curve,Polygon,4.54,USDC,362594933,0.96,4.68
2024-08-16,Curve,Polygon,7.92,USDT,340882595,1.52,8.49
2024-08-16,Curve,Polygon,7.91,DAI,354452407,1.53,4.55
2024-08-16,Curve,Base,5.93,USDC,346986677,2.92,13.04
2024-08-16,Curve,Base,7.19,USDT,326983669,3.06,14.02
2024-08-16,Curve,Base,7.43,DAI,317614352,3.98,9.68
2024-08-16,Uniswap V3,Ethereum,6.86,USDC,101893173,40.35,0
2024-08-16,Uniswap V3,Ethereum,6.4,USDT,103569699,36.45,0
2024-08-16,Uniswap V3,Ethereum,5.69,DAI,97498442,46.51,0
2024-08-16,Uniswap V3,Arbitrum,6.64,USDC,106751150,3.64,14.0
2024-08-16,Uniswap V3,Arbitrum,7.47,DAI,99951326,3.7,10.66
2024-08-16,Uniswap V3,Optimism,8.57,USDC,105153993,3.32,8.67
2024-08-16,Uniswap V3,Optimism,6.01,USDT,103355614,3.89,8.5
2024-08-16,Uniswap V3,Optimism,5.6,DAI,105621264,2.77,11.37
2024-08-16,Uniswap V3,Polygon,9.29,USDC,108365293,1.2,7.84
2024-08-16,Uniswap V3,Polygon,8.07,USDT,101939588,1.43,7.14
2024-08-16,Uniswap V3,Polygon,8.53,DAI,101888770,1.43,8.79
2024-08-16,Uniswap V3,Base,7.24,USDC,105900371,2.9,9.77
2024-08-16,Uniswap V3,Base,6.51,USDT,99938680,3.62,10.83
2024-08-16,Uniswap V3,Base,6.42,DAI,104589708,2.58,13.12
2024-08-16,Yearn,Ethereum,3.75,USDC,125615043,33.59,0
2024-08-16,Yearn,Ethereum,3.42,USDT,131992714,39.42,0
2024-08-16,Yearn,Ethereum,3.93,DAI,124951705,62.14,0
2024-08-16,Yearn,Arbitrum,3.88,USDC,119512720,3.01,7.95
2024-08-16,Yearn,Arbitrum,4.58,USDT,140749548,3.76,13.5
2024-08-16,Yearn,Arbitrum,4.61,DAI,124996196,2.97,8.49
2024-08-16,Yearn,Optimism,4.7,USDC,130060218,2.81,7.72
2024-08-16,Yearn,Optimism,4.14,USDT,130883613,2.32,8.15
2024-08-16,Yearn,Optimism,4.22,DAI,120313789,3.35,9.85
2024-08-16,Yearn,Polygon,4.7,USDC,125461382,1.34,5.34
2024-08-16,Yearn,Polygon,4.46,USDT,133963364,1.51,6.96
2024-08-16,Yearn,Polygon,3.96,DAI,133047375,1.44,8.89
2024-08-16,Yearn,Base,4.23,USDC,132092628,2.88,7.37
2024-08-16,Yearn,Base,3.97,USDT,133116080,3.94,10.41
2024-08-16,Yearn,Base,4.58,DAI,124987609,4.44,10.15
2024-08-16,Pendle,Ethereum,8.74,USDC,83384856,48.15,0
2024-08-16,Pendle,Ethereum,7.31,DAI,72404243,48.32,0
2024-08-16,Pendle,Arbitrum,12.84,USDC,78032120,2.84,12.75
2024-08-16,Pendle,Arbitrum,10.34,DAI,85936371,3.85,13.45
2024-08-16,Pendle,Optimism,7.73,USDC,81345182,2.92,9.92
2024-08-16,Pendle,Optimism,9.19,USDT,75893196,3.19,7.2
2024-08-16,Pendle,Optimism,10.63,DAI,78370774,2.99,7.42
2024-08-16,Pendle,Base,8.98,USDC,82649959,3.43,8.08
2024-08-16,Pendle,Base,9.35,USDT,83598634,3.21,10.02
2024-08-16,Pendle,Base,11.16,DAI,77768236,4.05,11.19
2024-08-16,Convex,Ethereum,5.04,USDC,158021260,37.41,0
2024-08-16,Convex,Ethereum,4.62,USDT,169089434,52.4,0
2024-08-16,Balancer,Ethereum,5.24,USDC,124368781,35.5,0
2024-08-16,Balancer,Ethereum,5.68,USDT,118696176,25.86,0
2024-08-16,Balancer,Ethereum,6.11,DAI,117591594,40.25,0
2024-08-16,Balancer,Arbitrum,5.38,USDC,124648114,3.96,14.23
2024-08-16,Balancer,Arbitrum,6.63,USDT,121507435,2.41,9.88
2024-08-16,Balancer,Arbitrum,7.97,DAI,118445654,4.5,10.94
2024-08-16,Balancer,Optimism,7.87,USDC,119836247,2.39,7.77
2024-08-16,Balancer,Optimism,7.15,USDT,124045362,3.32,8.89
2024-08-16,Balancer,Optimism,7.08,DAI,117623834,4.01,9.58
2024-08-16,Balancer,Polygon,7.16,USDC,126225491,1.04,7.79
2024-08-16,Balancer,Polygon,6.56,DAI,130353297,1.21,9.13
2024-08-16,Balancer,Base,7.66,USDC,121897698,3.51,12.2
2024-08-16,Balancer,Base,6.83,USDT,116534306,2.36,8.69
2024-08-16,Balancer,Base,7.79,DAI,112342251,3.28,12.23
2024-08-17,Aave,Ethereum,2.51,USDC,282070447,30.24,0
2024-08-17,Aave,Ethereum,2.98,USDT,259258105,32.54,0
2024-08-17,Aave,Ethereum,2.96,DAI,271857856,29.75,0
2024-08-17,Aave,Arbitrum,3.39,USDC,255792506,2.93,15.22
2024-08-17,Aave,Arbitrum,3.54,USDT,269116238,2.07,14.64
2024-08-17,Aave,Arbitrum,3.72,DAI,256751364,3.03,13.08
2024-08-17,Aave,Optimism,3.22,USDC,271345062,2.25,7.12
2024-08-17,Aave,Optimism,3.42,DAI,252007063,2.57,9.44
2024-08-17,Aave,Polygon,3.38,USDC,247520032,1.09,7.56
2024-08-17,Aave,Polygon,3.67,USDT,261851018,0.74,11.04
2024-08-17,Aave,Polygon,3.1,DAI,252165236,1.04,7.26
2024-08-17,Aave,Base,3.38,USDC,251015005,2.25,8.22
2024-08-17,Aave,Base,3.17,USDT,257636392,2.25,11.52
2024-08-17,Aave,Base,3.63,DAI,257184343,1.83,9.45
2024-08-17,Compound,Ethereum,2.64,USDT,189160060,23.58,0
2024-08-17,Compound,Ethereum,2.56,DAI,200788413,26.92,0
2024-08-17,Compound,Arbitrum,3.26,USDC,200312651,2.51,15.57
2024-08-17,Compound,Arbitrum,2.87,USDT,186022093,3.01,11.88
2024-08-17,Compound,Arbitrum,3.07,DAI,193397536,2.53,17.13
2024-08-17,Compound,Optimism,3.24,USDC,201771808,1.88,9.05
2024-08-17,Compound,Optimism,2.92,USDT,193444377,2.69,8.59
2024-08-17,Compound,Optimism,3.07,DAI,188858240,1.97,8.7
2024-08-17,Compound,Polygon,3.36,USDC,188289375,0.67,7.66
2024-08-17,Compound,Polygon,3.35,USDT,191076601,0.37,5.37
2024-08-17,Compound,Base,3.19,USDC,181760323,2.28,11.71
2024-08-17,Compound,Base,2.8,USDT,197360911,2.1,8.41
2024-08-17,Compound,Base,2.99,DAI,184322190,1.35,10.43
2024-08-17,Curve,Ethereum,5.88,USDT,338298761,27.95,0
2024-08-17,Curve,Ethereum,5.83,DAI,328892423,19.76,0
2024-08-17,Curve,Arbitrum,6.44,USDT,318841199,2.72,11.84
2024-08-17,Curve,Arbitrum,7.28,DAI,342581381,1.45,11.04
2024-08-17,Curve,Optimism,8.45,USDC,333428847,2.49,7.9
2024-08-17,Curve,Optimism,5.31,USDT,352758738,1.81,10.93
2024-08-17,Curve,Polygon,8.11,USDC,329311942,1.08,7.55
2024-08-17,Curve,Polygon,6.98,USDT,336955710,1.07,3.66
2024-08-17,Curve,Base,6.41,USDC,339561605,2.17,11.73
2024-08-17,Curve,Base,7.93,USDT,340494101,2.27,9.54
2024-08-17,Curve,Base,7.12,DAI,328590878,2.21,5.79
2024-08-17,Uniswap V3,Ethereum,7.19,USDC,98586964,33.62,0
2024-08-17,Uniswap V3,Ethereum,4.46,USDT,109301595,26.28,0
2024-08-17,Uniswap V3,Ethereum,7.9,DAI,92690251,25.9,0
2024-08-17,Uniswap V3,Arbitrum,7.42,USDC,94846167,2.46,11.09
2024-08-17,Uniswap V3,Arbitrum,7.72,USDT,107455831,2.65,14.1
2024-08-17,Uniswap V3,Optimism,7.38,USDC,99420874,2.4,10.51
2024-08-17,Uniswap V3,Optimism,6.21,USDT,91635649,1.89,10.12
2024-08-17,Uniswap V3,Optimism,7.31,DAI,98360871,2.38,11.06
2024-08-17,Uniswap V3,Polygon,7.43,USDC,106560405,1.1,7.76
2024-08-17,Uniswap V3,Polygon,7.89,USDT,105535510,1.24,6.85
2024-08-17,Uniswap V3,Polygon,5.6,DAI,99706444,1.21,8.44
2024-08-17,Uniswap V3,Base,8.26,USDC,107172143,2.59,10.39
2024-08-17,Uniswap V3,Base,8.23,USDT,98250456,2.07,8.58
2024-08-17,Uniswap V3,Base,8.79,DAI,102641738,2.13,9.38
2024-08-17,Yearn,Ethereum,3.38,USDT,129774418,27.78,0
2024-08-17,Yearn,Ethereum,3.58,DAI,133038202,29.57,0
2024-08-17,Yearn,Arbitrum,4.07,USDC,116033692,2.57,15.62
2024-08-17,Yearn,Arbitrum,3.98,USDT,127493519,3.3,8.43
2024-08-17,Yearn,Arbitrum,5.33,DAI,125430114,2.08,9.62
2024-08-17,Yearn,Optimism,4.09,USDC,121737643,2.29,6.91
2024-08-17,Yearn,Optimism,4.06,USDT,135202093,1.13,7.32
2024-08-17,Yearn,Optimism,4.68,DAI,122730955,2.41,6.68
2024-08-17,Yearn,Polygon,4.57,USDC,127867036,1.11,8.63
2024-08-17,Yearn,Polygon,4.59,USDT,129267917,1.06,9.03
2024-08-17,Yearn,Polygon,4.48,DAI,125809546,0.95,7.93
2024-08-17,Yearn,Base,3.77,USDC,132874794,2.47,11.98
2024-08-17,Yearn,Base,4.71,USDT,128031798,2.33,7.44
2024-08-17,Yearn,Base,4.54,DAI,121969366,2.06,7.38
2024-08-17,Pendle,Ethereum,7.54,USDC,78293099,29.95,0
2024-08-17,Pendle,Ethereum,7.6,USDT,75501358,27.69,0
2024-08-17,Pendle,Ethereum,6.78,DAI,79794112,31.04,0
2024-08-17,Pendle,Arbitrum,8.94,USDC,77061279,3.23,10.57
2024-08-17,Pendle,Arbitrum,10.31,USDT,76107985,2.03,14.71
2024-08-17,Pendle,Arbitrum,11.09,DAI,80397972,1.84,10.51
2024-08-17,Pendle,Optimism,7.21,USDC,80111669,1.72,8.88
2024-08-17,Pendle,Optimism,9.36,USDT,74867575,2.18,9.57
2024-08-17,Pendle,Optimism,9.36,DAI,78450431,2.09,5.69
2024-08-17,Pendle,Base,8.79,USDC,79535891,2.5,5.75
2024-08-17,Pendle,Base,9.77,USDT,72672282,2.1,8.97
2024-08-17,Pendle,Base,8.29,DAI,79160700,1.61,13.24
2024-08-17,Convex,Ethereum,4.97,USDC,159461680,34.8,0
2024-08-17,Convex,Ethereum,4.7,USDT,157646295,26.02,0
2024-08-17,Convex,Ethereum,4.85,DAI,159986472,32.0,0
2024-08-17,Balancer,Ethereum,4.81,USDC,106189191,21.61,0
2024-08-17,Balancer,Ethereum,6.48,USDT,111018672,30.36,0
2024-08-17,Balancer,Ethereum,6.36,DAI,121001563,29.55,0
2024-08-17,Balancer,Arbitrum,7.33,USDC,112128294,2.31,7.3
2024-08-17,Balancer,Arbitrum,7.19,USDT,115384321,1.79,13.59
2024-08-17,Balancer,Arbitrum,7.49,DAI,123153804,1.72,10.36
2024-08-17,Balancer,Optimism,6.7,USDC,123070501,1.98,11.59
2024-08-17,Balancer,Optimism,7.6,USDT,125171121,1.69,9.11
2024-08-17,Balancer,Optimism,7.6,DAI,111185933,2.69,9.59
2024-08-17,Balancer,Polygon,8.6,USDC,116004969,0.93,9.48
2024-08-17,Balancer,Polygon,7.64,USDT,114836698,1.37,10.46
2024-08-17,Balancer,Polygon,7.51,DAI,114821815,1.18,8.06
2024-08-17,Balancer,Base,6.35,USDT,111011388,2.01,7.81
2024-08-17,Balancer,Base,7.14,DAI,115958871,2.58,11.23
2024-08-18,Aave,Ethereum,2.28,USDC,251226299,22.49,0
2024-08-18,Aave,Ethereum,3.02,USDT,263892851,29.12,0
2024-08-18,Aave,Ethereum,2.83,DAI,264505973,28.48,0
2024-08-18,Aave,Arbitrum,3.17,USDT,249772092,2.31,13.71
2024-08-18,Aave,Arbitrum,2.87,DAI,262029398,1.92,11.65
2024-08-18,Aave,Optimism,3.21,USDC,272748902,2.19,12.49
2024-08-18,Aave,Optimism,3.01,USDT,257928237,1.67,10.98
2024-08-18,Aave,Optimism,2.54,DAI,250926129,2.07,10.05
2024-08-18,Aave,Polygon,3.46,USDC,248987696,1.14,12.23
2024-08-18,Aave,Polygon,3.32,USDT,264242054,1.14,8.05
2024-08-18,Aave,Polygon,3.37,DAI,269354348,0.91,8.59
2024-08-18,Aave,Base,3.63,USDC,254732405,1.92,10.47
2024-08-18,Aave,Base,3.49,USDT,275785838,1.98,8.36
2024-08-18,Aave,Base,3.6,DAI,251590844,2.09,8.71
2024-08-18,Compound,Ethereum,2.47,USDC,210471249,30.45,0
2024-08-18,Compound,Ethereum,2.66,USDT,184548640,30.35,0
2024-08-18,Compound,Ethereum,2.73,DAI,174870264,26.93,0
2024-08-18,Compound,Arbitrum,2.98,USDC,179132870,1.85,9.37
2024-08-18,Compound,Arbitrum,3.48,USDT,182985198,3.3,11.0
2024-08-18,Compound,Arbitrum,3.14,DAI,192455982,2.92,17.4
2024-08-18,Compound,Optimism,2.97,USDT,188090587,2.62,9.92
2024-08-18,Compound,Optimism,2.94,DAI,169495177,1.97,9.35
2024-08-18,Compound,Polygon,3.25,USDC,178161449,0.96,11.38
2024-08-18,Compound,Polygon,3.22,USDT,199369643,1.24,10.51
2024-08-18,Compound,Polygon,3.44,DAI,186287954,1.13,7.22
2024-08-18,Compound,Base,2.97,USDC,192879534,2.16,7.11
2024-08-18,Compound,Base,3.09,USDT,172963235,2.34,9.15
2024-08-18,Compound,Base,3.03,DAI,178967128,2.41,9.99
2024-08-18,Curve,Ethereum,7.14,USDC,326008962,24.88,0
2024-08-18,Curve,Ethereum,4.67,DAI,313285065,23.16,0
2024-08-18,Curve,Arbitrum,7.0,USDC,335041920,2.63,11.91
2024-08-18,Curve,Arbitrum,7.21,USDT,332027696,1.33,11.78
2024-08-18,Curve,Arbitrum,5.71,DAI,310316165,2.49,16.75
2024-08-18,Curve,Optimism,5.85,USDC,336020228,1.84,10.19
2024-08-18,Curve,Optimism,6.7,USDT,351285769,1.66,9.21
2024-08-18,Curve,Polygon,6.86,USDC,312368148,0.99,8.55
2024-08-18,Curve,Polygon,6.25,USDT,341783525,1.02,10.24
2024-08-18,Curve,Polygon,7.75,DAI,320041237,1.23,7.79
2024-08-18,Curve,Base,6.68,USDC,324811421,2.71,11.73
2024-08-18,Curve,Base,6.85,USDT,322316102,2.23,12.3
2024-08-18,Curve,Base,7.19,DAI,352003414,1.85,7.19
2024-08-18,Uniswap V3,Ethereum,6.68,USDC,103196980,26.81,0
2024-08-18,Uniswap V3,Ethereum,6.62,USDT,97255904,26.72,0
2024-08-18,Uniswap V3,Ethereum,5.69,DAI,96757036,28.41,0
2024-08-18,Uniswap V3,Arbitrum,7.87,USDC,94591005,2.47,7.46
2024-08-18,Uniswap V3,Arbitrum,6.87,USDT,92785459,2.5,13.69
2024-08-18,Uniswap V3,Arbitrum,8.49,DAI,102108482,3.24,10.36
2024-08-18,Uniswap V3,Optimism,7.97,USDC,95144234,1.42,8.57
2024-08-18,Uniswap V3,Optimism,7.3,USDT,100549539,2.46,9.09
2024-08-18,Uniswap V3,Optimism,8.11,DAI,97504805,1.96,11.41
2024-08-18,Uniswap V3,Polygon,6.23,USDC,96596519,1.05,10.42
2024-08-18,Uniswap V3,Polygon,7.33,USDT,103071530,0.9,12.5
2024-08-18,Uniswap V3,Polygon,7.59,DAI,101358626,1.22,9.55
2024-08-18,Uniswap V3,Base,7.02,USDC,93310175,2.39,5.76
2024-08-18,Uniswap V3,Base,6.67,USDT,89405216,2.33,7.85
2024-08-18,Uniswap V3,Base,7.94,DAI,95957081,2.4,8.66
2024-08-18,Yearn,Ethereum,3.83,USDC,128940278,27.5,0
2024-08-18,Yearn,Ethereum,3.87,USDT,121733850,24.26,0
2024-08-18,Yearn,Ethereum,3.56,DAI,128928307,28.5,0
2024-08-18,Yearn,Arbitrum,3.98,USDC,112893439,2.02,12.38
2024-08-18,Yearn,Arbitrum,4.53,DAI,118125040,1.55,13.81
2024-08-18,Yearn,Optimism,4.08,USDT,121890189,2.39,8.62
2024-08-18,Yearn,Optimism,4.05,DAI,127892893,2.22,6.79
2024-08-18,Yearn,Polygon,4.61,USDC,126178079,1.05,6.01
2024-08-18,Yearn,Polygon,4.46,USDT,113603648,1.26,8.08
2024-08-18,Yearn,Polygon,4.11,DAI,123380666,1.17,7.48
2024-08-18,Yearn,Base,4.04,USDC,129468148,2.15,12.9
2024-08-18,Yearn,Base,4.02,USDT,119332453,1.64,12.14
2024-08-18,Yearn,Base,4.55,DAI,127560741,2.54,10.12
2024-08-18,Pendle,Ethereum,7.37,USDC,80745877,25.23,0
2024-08-18,Pendle,Ethereum,8.7,USDT,81416710,25.73,0
2024-08-18,Pendle,Ethereum,9.06,DAI,78041640,34.03,0
2024-08-18,Pendle,Arbitrum,9.87,USDC,76050421,2.14,7.84
2024-08-18,Pendle,Arbitrum,10.89,USDT,75777654,2.79,12.1
2024-08-18,Pendle,Arbitrum,10.35,DAI,77853350,1.8,11.99
2024-08-18,Pendle,Optimism,9.21,USDC,75527466,1.84,13.16
2024-08-18,Pendle,Optimism,8.61,USDT,85188488,1.48,6.28
2024-08-18,Pendle,Optimism,11.53,DAI,76810099,1.67,7.43
2024-08-18,Pendle,Base,10.11,USDC,71195032,2.09,10.84
2024-08-18,Pendle,Base,9.91,USDT,76980468,1.76,9.43
2024-08-18,Pendle,Base,7.12,DAI,76831122,1.97,9.48
2024-08-18,Convex,Ethereum,4.22,USDC,163505402,25.72,0
2024-08-18,Convex,Ethereum,4.88,USDT,165396072,33.35,0
2024-08-18,Convex,Ethereum,5.15,DAI,159081724,29.98,0
2024-08-18,Balancer,Ethereum,6.4,USDC,115964938,26.12,0
2024-08-18,Balancer,Ethereum,5.89,USDT,114740677,27.87,0
2024-08-18,Balancer,Ethereum,5.42,DAI,123567295,29.45,0
2024-08-18,Balancer,Arbitrum,6.78,USDC,101477206,2.25,10.54
2024-08-18,Balancer,Arbitrum,6.64,USDT,113958871,1.84,14.98
2024-08-18,Balancer,Arbitrum,7.91,DAI,110318377,1.99,12.44
2024-08-18,Balancer,Optimism,6.84,USDC,121024763,2.24,7.62
2024-08-18,Balancer,Optimism,6.85,USDT,115683471,1.74,9.21
2024-08-18,Balancer,Optimism,6.2,DAI,105791524,1.79,8.94
2024-08-18,Balancer,Polygon,8.02,USDC,110271897,1.0,6.41
2024-08-18,Balancer,Polygon,6.35,USDT,107272522,1.04,6.89
2024-08-18,Balancer,Polygon,5.8,DAI,111756543,0.84,7.53
2024-08-18,Balancer,Base,6.33,USDC,119296238,2.2,8.59
2024-08-18,Balancer,Base,7.81,USDT,111583909,1.84,10.46
2024-08-18,Balancer,Base,7.05,DAI,112900206,2.19,9.69
2024-08-19,Aave,Ethereum,2.76,USDT,264453010,42.75,0
2024-08-19,Aave,Ethereum,2.73,DAI,260055814,53.3,0
2024-08-19,Aave,Arbitrum,3.26,USDT,222924755,4.73,9.56
2024-08-19,Aave,Arbitrum,3.18,DAI,251633557,3.47,14.26
2024-08-19,Aave,Optimism,3.22,USDC,274437428,3.53,7.95
2024-08-19,Aave,Optimism,3.07,USDT,263982369,3.6,7.13
2024-08-19,Aave,Optimism,3.39,DAI,244734976,2.39,5.69
2024-08-19,Aave,Polygon,3.47,USDC,259582393,1.29,7.17
2024-08-19,Aave,Polygon,3.32,USDT,249199961,2.04,8.74
2024-08-19,Aave,Polygon,3.12,DAI,233161432,1.46,6.41
2024-08-19,Aave,Base,2.68,USDT,259508774,3.6,8.9
2024-08-19,Aave,Base,3.36,DAI,263029413,3.45,10.6
2024-08-19,Compound,Ethereum,2.4,USDC,177651578,43.25,0
2024-08-19,Compound,Ethereum,2.57,USDT,178592588,53.4,0
2024-08-19,Compound,Ethereum,2.77,DAI,185083275,50.46,0
2024-08-19,Compound,Arbitrum,3.02,DAI,179497743,3.35,10.84
2024-08-19,Compound,Optimism,2.95,USDC,186773162,3.63,7.89
2024-08-19,Compound,Optimism,3.03,USDT,180487914,2.85,7.58
2024-08-19,Compound,Optimism,2.81,DAI,190267363,2.83,7.98
2024-08-19,Compound,Polygon,3.34,USDC,185465802,1.54,8.97
2024-08-19,Compound,Polygon,3.35,USDT,191467647,1.33,7.45
2024-08-19,Compound,Polygon,3.29,DAI,186536408,0.88,8.11
2024-08-19,Compound,Base,2.96,USDC,191077331,2.57,12.73
2024-08-19,Compound,Base,3.09,USDT,191390986,3.4,9.13
2024-08-19,Compound,Base,2.99,DAI,193015840,3.2,11.18
2024-08-19,Curve,Ethereum,5.96,USDC,309842413,45.87,0
2024-08-19,Curve,Ethereum,6.35,USDT,306122994,43.91,0
2024-08-19,Curve,Ethereum,6.29,DAI,337104954,56.17,0
2024-08-19,Curve,Arbitrum,7.1,USDC,318420146,4.31,11.64
2024-08-19,Curve,Arbitrum,6.41,USDT,318857550,4.56,13.9
2024-08-19,Curve,Arbitrum,5.81,DAI,313245859,4.01,12.08
2024-08-19,Curve,Optimism,7.05,USDC,350606075,2.91,9.65
2024-08-19,Curve,Optimism,5.86,USDT,298777338,3.72,8.83
2024-08-19,Curve,Optimism,5.76,DAI,341888370,2.74,5.75
2024-08-19,Curve,Polygon,6.9,USDT,314311206,1.61,9.61
2024-08-19,Curve,Polygon,8.12,DAI,324588565,2.02,7.25
2024-08-19,Curve,Base,5.13,USDC,348397350,3.85,7.43
2024-08-19,Curve,Base,7.2,USDT,333484017,3.0,9.04
2024-08-19,Curve,Base,6.57,DAI,339481159,3.24,10.96
2024-08-19,Uniswap V3,Ethereum,7.26,USDC,99268897,37.1,0
2024-08-19,Uniswap V3,Ethereum,7.19,USDT,95018295,39.94,0
2024-08-19,Uniswap V3,Ethereum,6.57,DAI,91103642,39.15,0
2024-08-19,Uniswap V3,Arbitrum,7.99,USDC,97711571,3.65,11.39
2024-08-19,Uniswap V3,Arbitrum,8.16,USDT,100219976,4.35,16.27
2024-08-19,Uniswap V3,Arbitrum,9.11,DAI,91162655,2.84,10.92
2024-08-19,Uniswap V3,Optimism,7.2,USDC,102406799,3.19,8.39
2024-08-19,Uniswap V3,Optimism,8.41,USDT,93831885,3.89,8.61
2024-08-19,Uniswap V3,Optimism,7.98,DAI,100146068,4.2,8.27
2024-08-19,Uniswap V3,Polygon,9.59,USDC,99869614,1.37,8.13
2024-08-19,Uniswap V3,Polygon,9.63,USDT,101431413,1.1,8.01
2024-08-19,Uniswap V3,Polygon,7.33,DAI,94952047,1.4,5.84
2024-08-19,Uniswap V3,Base,5.68,USDC,95118382,2.95,8.94
2024-08-19,Uniswap V3,Base,7.72,USDT,100434133,3.67,14.26
2024-08-19,Uniswap V3,Base,9.44,DAI,98077150,2.99,9.85
2024-08-19,Yearn,Ethereum,3.17,USDC,117567056,49.66,0
2024-08-19,Yearn,Ethereum,3.66,DAI,121116388,40.94,0
2024-08-19,Yearn,Arbitrum,4.67,USDC,125018094,3.25,11.56
2024-08-19,Yearn,Arbitrum,4.31,USDT,119227222,3.24,12.42
2024-08-19,Yearn,Arbitrum,4.17,DAI,131222798,4.34,7.21
2024-08-19,Yearn,Optimism,3.69,USDT,121666074,1.96,10.02
2024-08-19,Yearn,Optimism,4.12,DAI,122961324,3.81,12.13
2024-08-19,Yearn,Polygon,4.38,USDC,128522462,1.0,8.89
2024-08-19,Yearn,Polygon,4.56,USDT,123078573,1.98,9.05
2024-08-19,Yearn,Polygon,5.19,DAI,118408744,0.88,7.12
2024-08-19,Yearn,Base,4.25,USDT,121554110,3.35,12.92
2024-08-19,Yearn,Base,4.38,DAI,126551328,3.09,7.53
2024-08-19,Pendle,Ethereum,7.65,USDC,76711957,35.11,0
2024-08-19,Pendle,Ethereum,10.8,USDT,75615985,30.91,0
2024-08-19,Pendle,Ethereum,7.44,DAI,73059535,55.51,0
2024-08-19,Pendle,Arbitrum,9.18,USDC,74569065,3.76,15.17
2024-08-19,Pendle,Arbitrum,10.6,USDT,77917333,4.39,14.56
2024-08-19,Pendle,Arbitrum,8.92,DAI,77144829,3.85,11.64
2024-08-19,Pendle,Optimism,10.24,USDC,74450000,1.84,10.48
2024-08-19,Pendle,Optimism,9.94,USDT,75572440,3.06,14.38
2024-08-19,Pendle,Base,10.23,USDC,75679352,3.39,10.1
2024-08-19,Pendle,Base,12.0,DAI,76265486,2.63,11.84
2024-08-19,Convex,Ethereum,5.01,USDT,162737038,42.69,0
2024-08-19,Convex,Ethereum,5.62,DAI,153828525,32.71,0
2024-08-19,Balancer,Ethereum,5.16,USDC,118298086,35.04,0
2024-08-19,Balancer,Ethereum,5.85,USDT,111279415,42.05,0
2024-08-19,Balancer,Ethereum,6.17,DAI,117859765,39.21,0
2024-08-19,Balancer,Arbitrum,7.23,USDC,118981159,3.58,13.86
2024-08-19,Balancer,Arbitrum,7.35,USDT,112482102,3.17,13.6
2024-08-19,Balancer,Arbitrum,6.29,DAI,103847920,4.66,16.23
2024-08-19,Balancer,Optimism,6.32,USDC,112816470,2.75,7.09
2024-08-19,Balancer,Optimism,7.41,USDT,114230471,3.04,10.23
2024-08-19,Balancer,Optimism,7.97,DAI,111719705,2.55,4.78
2024-08-19,Balancer,Polygon,8.16,USDC,120685280,1.96,10.99
2024-08-19,Balancer,Polygon,7.48,USDT,112214778,1.05,6.66
2024-08-19,Balancer,Polygon,5.91,DAI,117790904,1.58,11.03
2024-08-19,Balancer,Base,6.47,USDC,107197764,3.45,8.99
2024-08-19,Balancer,Base,7.63,USDT,112736460,3.63,9.83
2024-08-19,Balancer,Base,7.95,DAI,115674828,4.21,6.05
2024-08-20,Aave,Ethereum,2.93,USDC,262973897,40.08,0
2024-08-20,Aave,Ethereum,2.86,USDT,249689641,40.45,0
2024-08-20,Aave,Ethereum,2.74,DAI,233916141,40.61,0
2024-08-20,Aave,Arbitrum,3.26,USDC,248409160,4.24,9.14
2024-08-20,Aave,Arbitrum,3.28,USDT,243322941,3.39,9.82
2024-08-20,Aave,Arbitrum,3.34,DAI,229568270,2.95,13.4
2024-08-20,Aave,Optimism,3.13,USDC,293245406,3.38,10.35
2024-08-20,Aave,Optimism,3.32,USDT,244520276,3.1,9.76
2024-08-20,Aave,Optimism,2.89,DAI,267415593,3.37,9.43
2024-08-20,Aave,Polygon,3.68,USDC,259624963,1.14,7.63
2024-08-20,Aave,Polygon,3.97,USDT,242315048,1.23,10.45
2024-08-20,Aave,Polygon,3.46,DAI,245150219,1.39,8.43
2024-08-20,Aave,Base,3.34,USDC,268285633,2.4,10.39
2024-08-20,Aave,Base,3.36,USDT,259382087,2.76,11.61
2024-08-20,Aave,Base,3.05,DAI,254323504,3.01,9.2
2024-08-20,Compound,Ethereum,3.12,USDC,171210712,41.94,0
2024-08-20,Compound,Ethereum,2.89,USDT,180234327,47.7,0
2024-08-20,Compound,Arbitrum,3.23,USDC,189468541,4.59,11.44
2024-08-20,Compound,Optimism,3.18,USDC,175975674,3.12,8.34
2024-08-20,Compound,Optimism,3.35,USDT,200964828,3.18,10.01
2024-08-20,Compound,Optimism,3.22,DAI,202653945,3.62,7.75
2024-08-20,Compound,Polygon,3.1,USDC,180149689,1.83,10.56
2024-08-20,Compound,Polygon,3.24,USDT,176870889,1.23,8.75
2024-08-20,Compound,Polygon,3.5,DAI,178930524,1.5,6.02
2024-08-20,Compound,Base,3.35,USDC,186570954,3.55,7.81
2024-08-20,Compound,Base,3.35,USDT,177836899,2.91,11.54
2024-08-20,Compound,Base,2.87,DAI,174046691,3.34,11.43
2024-08-20,Curve,Ethereum,7.06,USDC,314048977,43.3,0
2024-08-20,Curve,Ethereum,4.82,USDT,326946626,47.08,0
2024-08-20,Curve,Ethereum,5.86,DAI,333692323,38.46,0
2024-08-20,Curve,Arbitrum,7.47,USDC,349438016,2.77,7.54
2024-08-20,Curve,Arbitrum,7.25,USDT,313337779,4.33,10.87
2024-08-20,Curve,Arbitrum,5.77,DAI,322417690,3.56,13.87
2024-08-20,Curve,Optimism,5.89,USDC,324546801,3.35,6.4
2024-08-20,Curve,Optimism,5.54,USDT,303632988,2.71,8.86
2024-08-20,Curve,Optimism,6.59,DAI,318988577,3.15,7.75
2024-08-20,Curve,Polygon,8.28,USDC,306805279,2.06,6.14
2024-08-20,Curve,Polygon,7.44,USDT,317114528,1.78,7.76
2024-08-20,Curve,Polygon,7.61,DAI,307342196,1.47,7.47
2024-08-20,Curve,Base,6.73,USDC,324471258,3.21,7.29
2024-08-20,Curve,Base,7.69,USDT,304841249,3.27,6.4
2024-08-20,Curve,Base,5.55,DAI,333213442,3.61,8.14
2024-08-20,Uniswap V3,Ethereum,6.61,USDC,88984623,53.39,0
2024-08-20,Uniswap V3,Ethereum,6.44,USDT,92789805,44.4,0
2024-08-20,Uniswap V3,Arbitrum,7.78,USDT,95734351,3.54,10.71
2024-08-20,Uniswap V3,Arbitrum,8.59,DAI,102683835,2.81,10.12
2024-08-20,Uniswap V3,Optimism,8.52,USDC,90432626,3.73,8.3
2024-08-20,Uniswap V3,Optimism,6.14,USDT,96326054,2.37,13.05
2024-08-20,Uniswap V3,Optimism,7.29,DAI,96062537,3.05,4.55
2024-08-20,Uniswap V3,Polygon,9.38,USDC,91697241,1.42,4.57
2024-08-20,Uniswap V3,Polygon,9.01,USDT,92829201,1.69,7.82
2024-08-20,Uniswap V3,Polygon,7.04,DAI,96970416,1.25,9.32
2024-08-20,Uniswap V3,Base,8.81,USDT,97373361,2.98,11.32
2024-08-20,Yearn,Ethereum,3.94,USDC,116850232,39.94,0
2024-08-20,Yearn,Ethereum,3.38,USDT,119456327,45.5,0
2024-08-20,Yearn,Ethereum,4.01,DAI,113214040,39.29,0
2024-08-20,Yearn,Arbitrum,4.29,USDC,128305828,3.23,15.04
2024-08-20,Yearn,Arbitrum,4.1,USDT,112137240,3.89,17.1
2024-08-20,Yearn,Arbitrum,4.38,DAI,111558443,1.79,12.68
2024-08-20,Yearn,Optimism,4.44,USDC,122735417,2.25,7.81
2024-08-20,Yearn,Optimism,4.09,USDT,124575863,2.97,7.61
2024-08-20,Yearn,Optimism,4.08,DAI,123375369,3.0,12.53
2024-08-20,Yearn,Polygon,4.2,USDC,126861167,0.76,9.93
2024-08-20,Yearn,Polygon,4.7,USDT,128913775,1.62,7.18
2024-08-20,Yearn,Polygon,4.07,DAI,117131357,1.4,7.86
2024-08-20,Yearn,Base,3.53,USDC,123991446,3.5,10.52
2024-08-20,Yearn,Base,4.28,USDT,123726977,3.59,10.29
2024-08-20,Yearn,Base,4.26,DAI,127595161,3.25,8.24
2024-08-20,Pendle,Ethereum,7.64,USDC,76880289,48.17,0
2024-08-20,Pendle,Ethereum,9.06,USDT,72276754,43.5,0
2024-08-20,Pendle,Ethereum,8.99,DAI,77770042,31.68,0
2024-08-20,Pendle,Arbitrum,13.16,USDC,73940664,2.89,9.13
2024-08-20,Pendle,Arbitrum,9.31,USDT,78346247,5.24,13.95
2024-08-20,Pendle,Arbitrum,7.85,DAI,83642421,3.54,12.31
2024-08-20,Pendle,Optimism,9.46,USDC,70035790,3.29,9.02
2024-08-20,Pendle,Optimism,10.0,USDT,74819333,3.64,7.56
2024-08-20,Pendle,Optimism,7.82,DAI,75935504,3.08,10.77
2024-08-20,Pendle,Base,10.47,USDC,73258831,2.45,10.39
2024-08-20,Pendle,Base,9.07,USDT,75108226,3.43,13.2
2024-08-20,Pendle,Base,10.69,DAI,74484590,3.18,11.43
2024-08-20,Convex,Ethereum,5.04,USDC,151018414,48.28,0
2024-08-20,Convex,Ethereum,6.22,USDT,164845907,47.48,0
2024-08-20,Balancer,Ethereum,5.01,USDC,115061854,37.3,0
2024-08-20,Balancer,Ethereum,5.81,DAI,122472601,30.96,0
2024-08-20,Balancer,Arbitrum,6.47,USDC,100026952,3.37,12.78
2024-08-20,Balancer,Arbitrum,7.49,USDT,105454988,3.67,11.67
2024-08-20,Balancer,Arbitrum,8.15,DAI,114965449,4.03,9.78
2024-08-20,Balancer,Optimism,8.76,USDC,105895494,3.54,9.8
2024-08-20,Balancer,Optimism,7.62,USDT,113423152,2.98,7.93
2024-08-20,Balancer,Optimism,6.36,DAI,105575614,2.63,9.94
2024-08-20,Balancer,Polygon,8.21,USDC,103426053,1.35,10.0
2024-08-20,Balancer,Polygon,7.15,USDT,104873974,1.64,8.0
2024-08-20,Balancer,Polygon,8.17,DAI,105700876,1.91,8.46
2024-08-20,Balancer,Base,8.21,USDC,113055539,2.89,8.59
2024-08-20,Balancer,Base,6.35,USDT,120074252,3.64,9.63
2024-08-20,Balancer,Base,7.0,DAI,113900205,3.44,8.88
2024-08-21,Aave,Ethereum,3.08,USDC,269992817,48.87,0
2024-08-21,Aave,Ethereum,2.78,USDT,245181060,35.4,0
2024-08-21,Aave,Ethereum,2.94,DAI,265904877,40.74,0
2024-08-21,Aave,Arbitrum,3.55,USDC,237183609,2.83,11.66
2024-08-21,Aave,Arbitrum,3.36,USDT,247985888,2.95,8.94
2024-08-21,Aave,Optimism,2.97,USDC,238086174,1.51,9.46
2024-08-21,Aave,Optimism,3.33,USDT,254172679,2.81,7.77
2024-08-21,Aave,Optimism,3.27,DAI,242884160,3.39,7.68
2024-08-21,Aave,Polygon,3.12,USDC,263879880,1.09,8.26
2024-08-21,Aave,Polygon,3.44,USDT,248063050,1.32,10.87
2024-08-21,Aave,Polygon,3.73,DAI,245409460,1.08,5.97
2024-08-21,Aave,Base,3.48,USDC,238894840,3.88,7.38
2024-08-21,Aave,Base,3.33,USDT,240657559,4.0,10.17
2024-08-21,Aave,Base,3.24,DAI,266015081,3.48,7.96
2024-08-21,Compound,Ethereum,2.67,USDC,173069906,44.1,0
2024-08-21,Compound,Ethereum,2.43,USDT,168429113,44.64,0
2024-08-21,Compound,Ethereum,2.6,DAI,186054051,56.47,0
2024-08-21,Compound,Arbitrum,3.35,USDC,173288207,3.49,16.33
2024-08-21,Compound,Arbitrum,3.57,USDT,187673940,2.35,8.51
2024-08-21,Compound,Arbitrum,3.08,DAI,190641632,3.13,8.58
2024-08-21,Compound,Optimism,2.91,USDC,180167844,2.68,12.42
2024-08-21,Compound,Optimism,3.2,USDT,192717397,2.99,8.49
2024-08-21,Compound,Optimism,2.86,DAI,172774139,3.73,7.53
2024-08-21,Compound,Polygon,3.29,USDC,152746111,1.69,7.66
2024-08-21,Compound,Polygon,3.58,USDT,179528844,1.22,9.46
2024-08-21,Compound,Polygon,3.81,DAI,194614946,1.61,9.61
2024-08-21,Compound,Base,3.28,USDC,197925327,2.91,10.94
2024-08-21,Compound,Base,2.88,USDT,188388699,3.28,11.4
2024-08-21,Curve,Ethereum,6.33,USDT,321757505,51.57,0
2024-08-21,Curve,Arbitrum,6.76,USDC,322821888,3.8,12.68
2024-08-21,Curve,Arbitrum,7.37,DAI,320934260,4.93,14.78
2024-08-21,Curve,Optimism,6.99,USDT,308533766,3.53,11.15
2024-08-21,Curve,Optimism,5.67,DAI,303303611,2.86,9.94
2024-08-21,Curve,Polygon,6.68,USDC,314986854,1.94,6.18
2024-08-21,Curve,Polygon,8.41,USDT,306391032,1.35,7.47
2024-08-21,Curve,Polygon,6.66,DAI,332449606,0.93,8.97
2024-08-21,Curve,Base,7.2,USDC,317469928,3.14,8.93
2024-08-21,Curve,Base,8.65,USDT,329101609,3.68,7.88
2024-08-21,Curve,Base,6.32,DAI,333636698,2.94,10.79
2024-08-21,Uniswap V3,Ethereum,7.73,USDT,88009853,36.47,0
2024-08-21,Uniswap V3,Ethereum,5.81,DAI,99031717,49.18,0
2024-08-21,Uniswap V3,Arbitrum,7.4,USDC,92445107,3.63,12.8
2024-08-21,Uniswap V3,Arbitrum,7.23,USDT,94041759,3.4,14.37
2024-08-21,Uniswap V3,Arbitrum,7.47,DAI,98173924,3.14,9.35
2024-08-21,Uniswap V3,Optimism,10.31,USDC,97128376,2.68,7.95
2024-08-21,Uniswap V3,Optimism,7.89,DAI,92064696,2.68,11.11
2024-08-21,Uniswap V3,Polygon,8.16,USDC,96332551,1.52,8.68
2024-08-21,Uniswap V3,Polygon,7.65,USDT,93901857,1.44,7.19
2024-08-21,Uniswap V3,Polygon,7.41,DAI,99865736,1.41,8.07
2024-08-21,Uniswap V3,Base,5.9,USDC,91141067,3.87,9.12
2024-08-21,Yearn,Ethereum,3.61,USDC,115558446,39.54,0
2024-08-21,Yearn,Ethereum,3.43,USDT,120303286,38.28,0
2024-08-21,Yearn,Ethereum,3.38,DAI,111027675,48.01,0
2024-08-21,Yearn,Arbitrum,4.38,USDC,118336553,2.85,15.06
2024-08-21,Yearn,Arbitrum,4.16,USDT,127751577,4.18,13.7
2024-08-21,Yearn,Arbitrum,4.34,DAI,117137790,4.25,8.91
2024-08-21,Yearn,Optimism,4.4,USDC,115696387,2.91,10.23
2024-08-21,Yearn,Optimism,3.95,USDT,127758697,2.38,10.1
2024-08-21,Yearn,Optimism,4.09,DAI,124578898,3.0,7.77
2024-08-21,Yearn,Polygon,4.35,USDC,123695634,1.39,8.92
2024-08-21,Yearn,Polygon,4.97,USDT,121778313,1.76,8.85
2024-08-21,Yearn,Base,4.52,USDC,111876570,3.17,10.75
2024-08-21,Yearn,Base,4.28,USDT,114214060,3.67,8.26
2024-08-21,Yearn,Base,4.1,DAI,119197407,3.35,10.53
2024-08-21,Pendle,Ethereum,8.58,USDC,73383848,39.01,0
2024-08-21,Pendle,Ethereum,9.75,USDT,78322529,46.2,0
2024-08-21,Pendle,Arbitrum,10.7,USDC,76522628,3.27,12.16
2024-08-21,Pendle,Arbitrum,8.57,USDT,74977338,3.51,14.16
2024-08-21,Pendle,Arbitrum,10.56,DAI,75640743,3.2,13.91
2024-08-21,Pendle,Optimism,8.86,USDT,69753601,3.21,10.27
2024-08-21,Pendle,Base,11.83,USDC,77152418,3.03,12.29
2024-08-21,Pendle,Base,7.59,USDT,71707739,2.81,10.55
2024-08-21,Pendle,Base,7.18,DAI,71061224,3.47,8.14
2024-08-21,Convex,Ethereum,6.0,USDC,145917456,22.2,0
2024-08-21,Convex,Ethereum,4.26,USDT,152284334,48.09,0
2024-08-21,Convex,Ethereum,4.0,DAI,156409206,40.12,0
2024-08-21,Balancer,Ethereum,5.12,USDC,105578958,36.67,0
2024-08-21,Balancer,Ethereum,7.02,DAI,109164243,39.26,0
2024-08-21,Balancer,Arbitrum,6.52,USDT,109962899,3.01,13.45
2024-08-21,Balancer,Arbitrum,7.85,DAI,116074137,3.64,9.27
2024-08-21,Balancer,Optimism,8.46,USDC,109753771,3.23,6.77
2024-08-21,Balancer,Optimism,6.51,USDT,106590119,2.93,7.91
2024-08-21,Balancer,Optimism,6.53,DAI,103846759,2.92,7.71
2024-08-21,Balancer,Polygon,7.34,USDT,106316276,1.65,10.37
2024-08-21,Balancer,Polygon,8.71,DAI,103949605,1.37,8.89
2024-08-21,Balancer,Base,6.06,USDC,109265832,3.2,8.05
2024-08-21,Balancer,Base,6.77,USDT,101352092,2.91,9.27
2024-08-21,Balancer,Base,7.6,DAI,117221063,3.38,10.16
2024-08-22,Aave,Ethereum,2.92,USDC,260840283,47.44,0
2024-08-22,Aave,Ethereum,2.49,DAI,238306074,49.0,0
2024-08-22,Aave,Arbitrum,3.1,USDC,258194527,3.52,12.3
2024-08-22,Aave,Arbitrum,3.16,USDT,236260582,4.17,7.15
2024-08-22,Aave,Arbitrum,3.3,DAI,271858328,4.16,11.01
2024-08-22,Aave,Optimism,3.03,USDC,250940524,2.56,7.7
2024-08-22,Aave,Optimism,3.19,DAI,247183362,2.66,10.14
2024-08-22,Aave,Polygon,3.62,USDC,256369227,1.21,8.97
2024-08-22,Aave,Polygon,3.73,USDT,234739193,1.6,7.14
2024-08-22,Aave,Polygon,3.26,DAI,256925278,1.56,12.34
2024-08-22,Aave,Base,3.67,USDC,246484565,3.48,9.27
2024-08-22,Aave,Base,3.31,USDT,281720942,3.18,11.13
2024-08-22,Aave,Base,3.23,DAI,243966113,3.23,11.52
2024-08-22,Compound,Ethereum,2.75,USDC,171695154,56.9,0
2024-08-22,Compound,Ethereum,2.52,USDT,180062340,49.2,0
2024-08-22,Compound,Ethereum,2.71,DAI,180127542,48.03,0
2024-08-22,Compound,Arbitrum,2.65,USDC,195905513,3.5,13.2
2024-08-22,Compound,Arbitrum,3.07,USDT,177615963,3.99,8.89
2024-08-22,Compound,Arbitrum,3.16,DAI,174938597,3.14,9.98
2024-08-22,Compound,Optimism,2.7,USDC,188803410,2.62,13.27
2024-08-22,Compound,Optimism,3.17,USDT,176995876,2.43,8.76
2024-08-22,Compound,Optimism,2.58,DAI,183356722,2.18,5.46
2024-08-22,Compound,Polygon,3.17,USDC,186999818,1.27,9.01
2024-08-22,Compound,Polygon,3.25,USDT,188714755,1.37,6.03
2024-08-22,Compound,Polygon,3.33,DAI,179119191,1.53,7.3
2024-08-22,Compound,Base,3.29,USDC,176898412,3.55,11.28
2024-08-22,Compound,Base,2.86,USDT,164164441,3.57,8.66
2024-08-22,Compound,Base,2.81,DAI,177869944,3.48,11.46
2024-08-22,Curve,Ethereum,5.34,USDC,311827282,44.53,0
2024-08-22,Curve,Ethereum,6.6,USDT,346633091,26.12,0
2024-08-22,Curve,Ethereum,5.77,DAI,323312886,29.64,0
2024-08-22,Curve,Arbitrum,6.84,USDC,309875025,3.35,11.47
2024-08-22,Curve,Arbitrum,7.44,USDT,353190922,3.58,6.86
2024-08-22,Curve,Arbitrum,7.48,DAI,336916121,2.54,9.34
2024-08-22,Curve,Optimism,6.71,USDC,280133215,3.55,13.0
2024-08-22,Curve,Optimism,7.49,USDT,287527997,3.42,8.16
2024-08-22,Curve,Optimism,7.84,DAI,319453289,2.9,9.59
2024-08-22,Curve,Polygon,6.58,USDT,293820510,1.39,9.24
2024-08-22,Curve,Base,7.08,USDC,308574524,3.45,10.11
2024-08-22,Curve,Base,7.14,USDT,300915992,3.33,10.79
2024-08-22,Curve,Base,5.68,DAI,286554409,2.95,10.64
2024-08-22,Uniswap V3,Ethereum,4.53,USDT,96211198,29.51,0
2024-08-22,Uniswap V3,Ethereum,6.44,DAI,95570582,39.38,0
2024-08-22,Uniswap V3,Arbitrum,8.1,USDC,98187809,4.18,15.12
2024-08-22,Uniswap V3,Arbitrum,7.12,USDT,101364812,4.08,12.49
2024-08-22,Uniswap V3,Arbitrum,7.87,DAI,94124945,3.47,14.17
2024-08-22,Uniswap V3,Optimism,7.71,USDC,96903970,3.24,9.41
2024-08-22,Uniswap V3,Optimism,7.22,USDT,95612800,2.84,6.64
2024-08-22,Uniswap V3,Polygon,6.18,USDC,99312784,1.5,7.89
2024-08-22,Uniswap V3,Polygon,8.72,USDT,96236938,1.55,9.33
2024-08-22,Uniswap V3,Polygon,7.96,DAI,97734681,1.92,5.84
2024-08-22,Uniswap V3,Base,7.38,USDC,101034730,3.01,11.87
2024-08-22,Uniswap V3,Base,5.65,USDT,91399066,3.43,9.66
2024-08-22,Uniswap V3,Base,9.74,DAI,96460548,4.2,11.68
2024-08-22,Yearn,Ethereum,3.41,USDC,125398444,41.61,0
2024-08-22,Yearn,Ethereum,3.39,USDT,122230866,45.34,0
2024-08-22,Yearn,Arbitrum,4.35,USDC,121890095,4.19,8.89
2024-08-22,Yearn,Arbitrum,4.08,USDT,112881664,3.67,11.38
2024-08-22,Yearn,Arbitrum,4.75,DAI,131791923,3.67,13.76
2024-08-22,Yearn,Optimism,4.36,USDC,125737004,3.84,12.09
2024-08-22,Yearn,Optimism,3.9,USDT,120678983,2.63,8.87
2024-08-22,Yearn,Optimism,4.24,DAI,114224950,3.63,9.96
2024-08-22,Yearn,Polygon,4.99,USDC,119109640,0.93,9.6
2024-08-22,Yearn,Polygon,4.99,USDT,120032724,1.42,5.99
2024-08-22,Yearn,Base,4.12,USDC,112124650,3.85,7.74
2024-08-22,Yearn,Base,4.39,USDT,118502115,3.64,9.51
2024-08-22,Yearn,Base,4.37,DAI,130328215,2.65,6.34
2024-08-22,Pendle,Ethereum,9.39,USDC,80493847,43.14,0
2024-08-22,Pendle,Ethereum,6.3,USDT,77321043,36.73,0
2024-08-22,Pendle,Ethereum,10.09,DAI,79518121,31.23,0
2024-08-22,Pendle,Arbitrum,10.23,USDC,80485010,2.79,9.7
2024-08-22,Pendle,Arbitrum,11.45,USDT,82930810,3.28,11.24
2024-08-22,Pendle,Arbitrum,9.57,DAI,81102388,4.0,15.65
2024-08-22,Pendle,Optimism,9.22,USDC,74228121,2.32,12.67
2024-08-22,Pendle,Optimism,10.27,USDT,71721292,3.68,9.39
2024-08-22,Pendle,Optimism,11.06,DAI,72952054,3.0,9.96
2024-08-22,Pendle,Base,8.8,USDC,76779447,3.21,8.82
2024-08-22,Pendle,Base,7.96,DAI,70176526,2.69,10.49
2024-08-22,Convex,Ethereum,3.66,USDC,140057999,33.48,0
2024-08-22,Convex,Ethereum,4.88,DAI,147754506,38.98,0
2024-08-22,Balancer,Ethereum,5.82,USDC,108698824,56.27,0
2024-08-22,Balancer,Ethereum,6.47,USDT,107451530,38.84,0
2024-08-22,Balancer,Ethereum,6.48,DAI,117622510,48.11,0
2024-08-22,Balancer,Arbitrum,7.71,USDC,112178360,3.55,13.86
2024-08-22,Balancer,Arbitrum,6.91,USDT,113243607,3.97,11.44
2024-08-22,Balancer,Arbitrum,6.78,DAI,104208256,2.85,9.03
2024-08-22,Balancer,Optimism,7.73,USDC,111064905,3.79,10.43
2024-08-22,Balancer,Optimism,6.43,DAI,105416004,2.41,8.42
2024-08-22,Balancer,Polygon,7.02,USDC,108773506,1.98,6.06
2024-08-22,Balancer,Polygon,7.16,USDT,115257191,0.98,9.66
2024-08-22,Balancer,Polygon,6.76,DAI,105747988,1.53,8.36
2024-08-22,Balancer,Base,8.07,USDC,106788422,2.89,9.69
2024-08-23,Aave,Ethereum,2.74,USDT,266402237,38.63,0
2024-08-23,Aave,Ethereum,2.77,DAI,254811625,49.96,0
2024-08-23,Aave,Arbitrum,3.06,USDC,248695623,4.1,14.52
2024-08-23,Aave,Arbitrum,3.38,USDT,243030439,4.81,11.13
2024-08-23,Aave,Arbitrum,3.06,DAI,263586865,3.26,7.38
2024-08-23,Aave,Optimism,2.98,USDC,251203094,3.24,3.66
2024-08-23,Aave,Polygon,3.11,USDT,244947220,1.8,9.14
2024-08-23,Aave,Polygon,3.33,DAI,230524452,1.61,8.83
2024-08-23,Aave,Base,2.89,USDC,257036304,3.01,10.24
2024-08-23,Aave,Base,3.05,DAI,266935476,3.1,10.69
2024-08-23,Compound,Ethereum,2.49,USDC,177110759,40.01,0
2024-08-23,Compound,Ethereum,2.69,USDT,164910276,36.12,0
2024-08-23,Compound,Ethereum,2.44,DAI,192354063,32.51,0
2024-08-23,Compound,Arbitrum,2.79,USDC,183439354,3.77,16.65
2024-08-23,Compound,Arbitrum,2.77,USDT,178502081,3.14,13.96
2024-08-23,Compound,Arbitrum,3.08,DAI,200071080,4.23,9.36
2024-08-23,Compound,Optimism,2.92,USDC,176154957,3.04,9.24
2024-08-23,Compound,Optimism,3.01,USDT,183176156,2.44,9.0
2024-08-23,Compound,Optimism,2.57,DAI,185387986,3.28,7.73
2024-08-23,Compound,Polygon,2.76,USDC,181993681,1.2,9.31
2024-08-23,Compound,Polygon,3.45,USDT,188137293,0.91,7.38
2024-08-23,Compound,Polygon,3.46,DAI,184929185,1.59,11.83
2024-08-23,Compound,Base,3.22,USDT,182601422,3.75,8.97
2024-08-23,Compound,Base,2.89,DAI,187328843,3.7,13.55
2024-08-23,Curve,Ethereum,4.36,USDC,351790588,46.12,0
2024-08-23,Curve,Ethereum,4.89,DAI,326992658,48.38,0
2024-08-23,Curve,Arbitrum,6.54,USDC,346889910,4.34,14.54
2024-08-23,Curve,Arbitrum,8.06,USDT,340529327,4.24,14.49
2024-08-23,Curve,Optimism,6.07,USDC,320056326,2.52,10.65
2024-08-23,Curve,Optimism,5.92,DAI,341837231,2.82,5.95
2024-08-23,Curve,Polygon,7.44,USDC,297465866,1.72,6.34
2024-08-23,Curve,Polygon,7.87,DAI,339312284,0.96,5.68
2024-08-23,Curve,Base,6.99,USDC,310460561,3.56,9.82
2024-08-23,Curve,Base,7.98,USDT,300508705,3.42,10.36
2024-08-23,Curve,Base,6.96,DAI,313512137,3.75,8.33
2024-08-23,Uniswap V3,Ethereum,6.16,USDC,92796203,41.19,0
2024-08-23,Uniswap V3,Ethereum,7.06,USDT,98752731,49.01,0
2024-08-23,Uniswap V3,Ethereum,5.1,DAI,96576013,40.54,0
2024-08-23,Uniswap V3,Arbitrum,5.9,USDC,96194189,2.94,13.6
2024-08-23,Uniswap V3,Arbitrum,7.32,USDT,94497700,4.18,10.03
2024-08-23,Uniswap V3,Arbitrum,6.53,DAI,84884285,2.85,9.89
2024-08-23,Uniswap V3,Optimism,9.07,USDC,92626689,3.15,8.09
2024-08-23,Uniswap V3,Optimism,9.24,USDT,96304389,3.22,8.09
2024-08-23,Uniswap V3,Optimism,7.86,DAI,100306345,2.42,7.2
2024-08-23,Uniswap V3,Polygon,6.74,USDC,95422175,1.56,8.15
2024-08-23,Uniswap V3,Polygon,7.46,DAI,93821218,1.28,6.29
2024-08-23,Uniswap V3,Base,8.19,USDC,97410243,3.31,7.65
2024-08-23,Uniswap V3,Base,7.4,USDT,99029611,3.28,12.43
2024-08-23,Yearn,Ethereum,3.15,USDC,117894182,53.42,0
2024-08-23,Yearn,Ethereum,3.41,USDT,111687980,37.46,0
2024-08-23,Yearn,Ethereum,3.26,DAI,122989127,42.09,0
2024-08-23,Yearn,Arbitrum,4.06,USDC,126716696,3.58,11.63
2024-08-23,Yearn,Arbitrum,3.83,USDT,117558698,3.36,13.61
2024-08-23,Yearn,Arbitrum,4.56,DAI,121690089,3.92,12.51
2024-08-23,Yearn,Optimism,4.4,USDC,112738100,2.66,10.61
2024-08-23,Yearn,Optimism,3.78,USDT,122936920,3.31,6.8
2024-08-23,Yearn,Polygon,4.15,USDC,116676631,1.38,9.06
2024-08-23,Yearn,Polygon,4.33,USDT,115219897,1.58,7.18
2024-08-23,Yearn,Polygon,3.87,DAI,116896495,1.73,9.73
2024-08-23,Yearn,Base,4.14,USDC,124870638,3.36,8.45
2024-08-23,Yearn,Base,4.67,USDT,124523588,2.94,7.03
2024-08-23,Yearn,Base,3.47,DAI,125528728,3.27,7.99
2024-08-23,Pendle,Ethereum,8.74,USDC,71602210,27.26,0
2024-08-23,Pendle,Ethereum,5.7,USDT,76118411,38.8,0
2024-08-23,Pendle,Ethereum,7.07,DAI,74254795,32.37,0
2024-08-23,Pendle,Arbitrum,10.78,USDC,74710136,3.22,11.53
2024-08-23,Pendle,Arbitrum,11.3,DAI,71654399,3.82,13.68
2024-08-23,Pendle,Optimism,9.16,USDC,80675013,2.9,8.85
2024-08-23,Pendle,Optimism,10.52,USDT,69706048,3.17,12.76
2024-08-23,Pendle,Optimism,6.79,DAI,75225677,2.95,9.46
2024-08-23,Pendle,Base,9.21,USDC,76181693,3.73,11.1
2024-08-23,Pendle,Base,11.8,USDT,72897787,4.44,10.75
2024-08-23,Pendle,Base,10.8,DAI,70711564,3.32,11.79
2024-08-23,Convex,Ethereum,4.63,USDC,157075585,52.72,0
2024-08-23,Convex,Ethereum,5.01,DAI,156154276,46.7,0
2024-08-23,Balancer,Ethereum,6.46,USDC,102348403,47.66,0
2024-08-23,Balancer,Ethereum,4.65,USDT,116299348,39.56,0
2024-08-23,Balancer,Arbitrum,6.05,USDT,112670769,3.66,12.16
2024-08-23,Balancer,Arbitrum,5.87,DAI,117241876,3.88,13.04
2024-08-23,Balancer,Optimism,7.69,USDC,107964610,3.96,6.98
2024-08-23,Balancer,Optimism,7.45,USDT,112979966,2.67,8.63
2024-08-23,Balancer,Optimism,7.38,DAI,121097358,2.99,10.24
2024-08-23,Balancer,Polygon,7.26,USDC,115528873,1.48,8.94
2024-08-23,Balancer,Polygon,6.22,DAI,110364786,0.86,5.43
2024-08-23,Balancer,Base,6.67,USDT,114299140,3.26,12.28
2024-08-23,Balancer,Base,5.98,DAI,103430725,4.23,6.57
2024-08-24,Aave,Ethereum,2.56,USDC,258470282,23.39,0
2024-08-24,Aave,Arbitrum,3.24,USDC,234591865,1.82,11.65
2024-08-24,Aave,Arbitrum,3.04,USDT,252764052,2.57,13.98
2024-08-24,Aave,Arbitrum,3.45,DAI,235847831,1.64,14.08
2024-08-24,Aave,Optimism,2.78,USDT,250329852,2.14,12.02
2024-08-24,Aave,Optimism,2.96,DAI,236040374,1.82,7.49
2024-08-24,Aave,Polygon,3.73,USDC,261225763,1.07,10.09
2024-08-24,Aave,Polygon,3.31,DAI,267465953,0.95,6.2
2024-08-24,Aave,Base,2.69,USDC,265604560,1.99,10.79
2024-08-24,Aave,Base,3.34,DAI,274683583,2.49,6.55
2024-08-24,Compound,Ethereum,2.46,USDC,165290594,29.69,0
2024-08-24,Compound,Ethereum,2.72,USDT,184021359,30.05,0
2024-08-24,Compound,Ethereum,2.43,DAI,182073486,35.0,0
2024-08-24,Compound,Arbitrum,2.9,USDT,178256659,2.68,12.72
2024-08-24,Compound,Arbitrum,2.79,DAI,178369277,2.24,14.31
2024-08-24,Compound,Optimism,2.9,USDC,192841016,2.08,13.96
2024-08-24,Compound,Optimism,2.78,USDT,166079307,1.87,9.46
2024-08-24,Compound,Optimism,2.8,DAI,177946459,1.99,9.12
2024-08-24,Compound,Polygon,3.0,USDC,185913212,0.98,9.07
2024-08-24,Compound,Polygon,2.99,USDT,183472151,0.88,8.71
2024-08-24,Compound,Polygon,3.43,DAI,181771925,1.04,9.84
2024-08-24,Compound,Base,2.82,USDC,183855806,1.93,10.86
2024-08-24,Compound,Base,2.99,USDT,181886806,2.11,5.66
2024-08-24,Compound,Base,3.16,DAI,183142725,1.89,11.67
2024-08-24,Curve,Ethereum,5.57,USDC,315828172,33.99,0
2024-08-24,Curve,Ethereum,5.35,USDT,330677635,23.31,0
2024-08-24,Curve,Arbitrum,6.52,USDC,353113438,2.55,17.54
2024-08-24,Curve,Arbitrum,7.11,USDT,303457117,2.29,12.54
2024-08-24,Curve,Arbitrum,5.34,DAI,309141916,2.36,9.92
2024-08-24,Curve,Optimism,6.35,USDT,334776786,1.83,7.12
2024-08-24,Curve,Optimism,6.0,DAI,303131142,2.27,9.23
2024-08-24,Curve,Polygon,5.91,USDC,312599300,1.11,6.79
2024-08-24,Curve,Polygon,4.9,USDT,331945206,0.95,8.28
2024-08-24,Curve,Polygon,6.36,DAI,345321800,1.01,10.27
2024-08-24,Curve,Base,7.37,USDC,313378800,1.86,9.14
2024-08-24,Curve,Base,5.72,DAI,319632461,2.29,15.5
2024-08-24,Uniswap V3,Ethereum,5.93,USDC,99917283,29.59,0
2024-08-24,Uniswap V3,Ethereum,7.3,USDT,100330611,26.42,0
2024-08-24,Uniswap V3,Ethereum,5.85,DAI,92032349,30.3,0
2024-08-24,Uniswap V3,Arbitrum,8.22,USDC,92369320,3.1,14.31
2024-08-24,Uniswap V3,Arbitrum,8.8,USDT,86599288,2.14,17.55
2024-08-24,Uniswap V3,Arbitrum,8.96,DAI,97605998,2.51,13.9
2024-08-24,Uniswap V3,Optimism,7.38,USDC,92638495,1.55,9.94
2024-08-24,Uniswap V3,Optimism,6.5,USDT,88227590,1.32,10.5
2024-08-24,Uniswap V3,Optimism,6.67,DAI,105379021,2.16,9.39
2024-08-24,Uniswap V3,Polygon,6.04,USDC,97775149,0.8,7.08
2024-08-24,Uniswap V3,Polygon,6.66,USDT,99929469,1.18,8.61
2024-08-24,Uniswap V3,Polygon,6.34,DAI,96931369,0.91,7.8
2024-08-24,Uniswap V3,Base,6.03,USDC,96539989,1.99,8.72
2024-08-24,Uniswap V3,Base,7.16,USDT,93796175,1.71,5.84
2024-08-24,Uniswap V3,Base,8.63,DAI,99673062,2.27,5.67
2024-08-24,Yearn,Ethereum,3.38,USDC,125710152,28.68,0
2024-08-24,Yearn,Ethereum,3.16,USDT,128833628,20.59,0
2024-08-24,Yearn,Ethereum,2.96,DAI,121782684,27.75,0
2024-08-24,Yearn,Arbitrum,3.22,USDC,122921186,3.09,10.8
2024-08-24,Yearn,Arbitrum,4.49,USDT,118435781,2.76,13.09
2024-08-24,Yearn,Arbitrum,3.93,DAI,118042023,2.63,14.65
2024-08-24,Yearn,Optimism,3.16,USDC,117056980,1.99,9.55
2024-08-24,Yearn,Optimism,3.73,DAI,123678749,2.11,8.96
2024-08-24,Yearn,Polygon,4.25,USDT,126931227,0.79,10.08
2024-08-24,Yearn,Polygon,3.75,DAI,119343652,0.85,8.55
2024-08-24,Yearn,Base,3.66,USDC,104924722,2.28,10.32
2024-08-24,Yearn,Base,3.6,USDT,120161343,2.21,9.07
2024-08-24,Yearn,Base,4.22,DAI,122002406,2.23,14.44
2024-08-24,Pendle,Ethereum,8.97,USDT,76239371,35.72,0
2024-08-24,Pendle,Ethereum,7.22,DAI,65570201,32.0,0
2024-08-24,Pendle,Arbitrum,9.74,USDT,74753621,1.34,12.79
2024-08-24,Pendle,Arbitrum,9.75,DAI,76396587,2.94,12.05
2024-08-24,Pendle,Optimism,9.99,USDC,74515230,2.1,10.15
2024-08-24,Pendle,Optimism,10.21,USDT,77681030,2.07,8.13
2024-08-24,Pendle,Optimism,9.37,DAI,75689946,2.09,9.25
2024-08-24,Pendle,Base,8.7,USDC,76062270,2.33,9.47
2024-08-24,Pendle,Base,8.53,DAI,66953728,1.91,12.67
2024-08-24,Convex,Ethereum,5.05,USDC,156680912,29.65,0
2024-08-24,Convex,Ethereum,5.54,USDT,140290463,26.93,0
2024-08-24,Convex,Ethereum,4.21,DAI,155427556,23.29,0
2024-08-24,Balancer,Ethereum,5.24,USDC,113804999,28.93,0
2024-08-24,Balancer,Ethereum,5.91,USDT,119362131,23.13,0
2024-08-24,Balancer,Arbitrum,6.95,USDC,106275058,2.38,7.09
2024-08-24,Balancer,Arbitrum,6.9,USDT,108133693,2.8,9.99
2024-08-24,Balancer,Arbitrum,6.17,DAI,110226943,2.67,14.64
2024-08-24,Balancer,Optimism,7.04,USDC,106315282,1.79,12.82
2024-08-24,Balancer,Optimism,6.95,USDT,116924557,2.31,11.58
2024-08-24,Balancer,Optimism,8.03,DAI,114699450,1.43,8.06
2024-08-24,Balancer,Polygon,5.86,USDC,111249076,0.75,7.75
2024-08-24,Balancer,Polygon,7.95,USDT,113128429,0.32,7.71
2024-08-24,Balancer,Base,7.57,USDC,114239624,2.0,9.5
2024-08-24,Balancer,Base,6.27,USDT,117025994,2.11,12.75
2024-08-25,Aave,Ethereum,2.49,USDC,251771117,30.4,0
2024-08-25,Aave,Ethereum,2.81,USDT,270517999,30.33,0
2024-08-25,Aave,Ethereum,2.59,DAI,262290997,26.87,0
2024-08-25,Aave,Arbitrum,3.26,USDC,251269966,2.02,9.49
2024-08-25,Aave,Arbitrum,3.3,USDT,236903546,2.66,13.09
2024-08-25,Aave,Arbitrum,3.12,DAI,257799462,1.73,12.1
2024-08-25,Aave,Optimism,2.88,USDC,273140157,2.63,12.93
2024-08-25,Aave,Optimism,2.73,USDT,248954716,1.95,10.47
2024-08-25,Aave,Optimism,2.59,DAI,260468229,1.78,10.91
2024-08-25,Aave,Polygon,3.0,USDC,249362901,1.17,9.83
2024-08-25,Aave,Polygon,2.93,USDT,237265701,0.92,6.76
2024-08-25,Aave,Polygon,2.99,DAI,245109577,1.21,9.6
2024-08-25,Aave,Base,2.6,USDT,247947612,2.27,12.81
2024-08-25,Aave,Base,2.63,DAI,242933721,2.06,7.28
2024-08-25,Compound,Ethereum,2.35,USDC,174142789,29.11,0
2024-08-25,Compound,Ethereum,2.37,USDT,203824266,23.21,0
2024-08-25,Compound,Ethereum,1.84,DAI,185691718,30.22,0
2024-08-25,Compound,Arbitrum,2.88,USDC,186773937,2.55,14.88
2024-08-25,Compound,Arbitrum,2.95,USDT,183440258,3.18,12.48
2024-08-25,Compound,Arbitrum,2.71,DAI,177642697,2.82,10.89
2024-08-25,Compound,Optimism,2.72,USDC,182240586,2.05,11.51
2024-08-25,Compound,Optimism,2.84,USDT,178533293,2.12,9.31
2024-08-25,Compound,Optimism,2.81,DAI,184246663,2.05,11.02
2024-08-25,Compound,Polygon,2.89,USDC,182605617,0.74,5.61
2024-08-25,Compound,Polygon,3.1,USDT,189257494,1.08,5.05
2024-08-25,Compound,Polygon,3.26,DAI,181444024,0.47,8.54
2024-08-25,Compound,Base,2.66,USDC,169090413,2.04,12.0
2024-08-25,Compound,Base,2.63,USDT,183928604,2.31,9.19
2024-08-25,Compound,Base,2.86,DAI,193821540,2.18,7.83
2024-08-25,Curve,Ethereum,6.18,USDC,341422643,31.55,0
2024-08-25,Curve,Ethereum,7.01,USDT,326237117,22.53,0
2024-08-25,Curve,Arbitrum,7.4,USDC,315722068,2.48,12.81
2024-08-25,Curve,Optimism,6.52,USDC,347014201,1.79,11.27
2024-08-25,Curve,Optimism,6.12,USDT,319013499,1.96,7.07
2024-08-25,Curve,Optimism,5.9,DAI,299734008,1.86,11.62
2024-08-25,Curve,Polygon,6.2,USDC,306236318,0.82,6.48
2024-08-25,Curve,Polygon,6.72,USDT,325379318,1.0,9.05
2024-08-25,Curve,Polygon,7.53,DAI,307317721,0.96,9.13
2024-08-25,Curve,Base,6.34,USDC,333598407,2.27,8.98
2024-08-25,Curve,Base,6.81,USDT,300620321,2.48,9.17
2024-08-25,Curve,Base,6.35,DAI,330540228,2.28,11.69
2024-08-25,Uniswap V3,Ethereum,6.84,USDC,96727819,27.64,0
2024-08-25,Uniswap V3,Ethereum,6.31,USDT,95611698,32.8,0
2024-08-25,Uniswap V3,Ethereum,5.67,DAI,96791127,31.44,0
2024-08-25,Uniswap V3,Arbitrum,6.89,USDC,92291700,0.97,13.74
2024-08-25,Uniswap V3,Arbitrum,7.3,USDT,95062255,1.61,13.11
2024-08-25,Uniswap V3,Arbitrum,6.72,DAI,104772314,2.17,13.96
2024-08-25,Uniswap V3,Optimism,5.57,USDC,93870071,2.06,9.27
2024-08-25,Uniswap V3,Optimism,8.61,USDT,98429395,1.94,8.54
2024-08-25,Uniswap V3,Optimism,7.16,DAI,88928135,1.88,9.87
2024-08-25,Uniswap V3,Polygon,9.82,USDC,89122629,0.81,8.07
2024-08-25,Uniswap V3,Polygon,8.44,USDT,107012598,1.15,6.21
2024-08-25,Uniswap V3,Polygon,7.4,DAI,95899691,0.93,8.6
2024-08-25,Uniswap V3,Base,7.35,USDC,101192543,2.17,11.17
2024-08-25,Uniswap V3,Base,8.9,USDT,94718686,2.48,14.7
2024-08-25,Uniswap V3,Base,7.25,DAI,92006953,2.22,8.77
2024-08-25,Yearn,Ethereum,3.54,USDC,126158136,31.05,0
2024-08-25,Yearn,Ethereum,3.26,USDT,125293218,25.7,0
2024-08-25,Yearn,Arbitrum,3.73,USDC,131465699,2.16,8.3
2024-08-25,Yearn,Arbitrum,4.25,USDT,123161835,2.19,11.69
2024-08-25,Yearn,Optimism,3.76,USDC,115758926,1.83,8.87
2024-08-25,Yearn,Optimism,3.4,DAI,120477834,1.82,5.78
2024-08-25,Yearn,Polygon,3.75,USDC,121349483,0.73,6.6
2024-08-25,Yearn,Polygon,4.32,USDT,121719844,1.05,5.93
2024-08-25,Yearn,Polygon,3.62,DAI,119304691,1.04,7.46
2024-08-25,Yearn,Base,3.76,USDC,123073097,2.47,8.04
2024-08-25,Yearn,Base,3.85,USDT,121631157,2.2,12.96
2024-08-25,Yearn,Base,4.26,DAI,120242400,1.73,6.51
2024-08-25,Pendle,Ethereum,6.72,USDT,75211113,21.81,0
2024-08-25,Pendle,Ethereum,6.78,DAI,71490897,28.39,0
2024-08-25,Pendle,Arbitrum,10.78,USDC,74608647,2.22,9.43
2024-08-25,Pendle,Arbitrum,8.3,USDT,77921711,2.72,13.85
2024-08-25,Pendle,Arbitrum,10.1,DAI,76197180,2.17,10.98
2024-08-25,Pendle,Optimism,9.86,USDC,76979001,2.35,8.57
2024-08-25,Pendle,Optimism,9.34,USDT,84269158,2.38,9.64
2024-08-25,Pendle,Optimism,10.69,DAI,81110258,2.15,7.08
2024-08-25,Pendle,Base,9.1,USDC,72029491,2.62,7.56
2024-08-25,Pendle,Base,9.87,USDT,78022274,2.47,7.63
2024-08-25,Pendle,Base,9.69,DAI,75603936,2.27,7.47
2024-08-25,Convex,Ethereum,4.38,USDC,148564893,31.08,0
2024-08-25,Convex,Ethereum,5.5,DAI,159065582,21.85,0
2024-08-25,Balancer,Ethereum,5.29,USDC,128418177,20.32,0
2024-08-25,Balancer,Ethereum,5.6,USDT,118404834,36.04,0
2024-08-25,Balancer,Ethereum,5.07,DAI,109598807,28.32,0
2024-08-25,Balancer,Arbitrum,6.09,USDC,114688114,2.4,7.96
2024-08-25,Balancer,Arbitrum,6.45,USDT,112512818,2.07,11.74
2024-08-25,Balancer,Arbitrum,6.4,DAI,119642534,2.35,13.18
2024-08-25,Balancer,Optimism,6.36,USDC,103554257,1.92,4.8
2024-08-25,Balancer,Optimism,6.68,USDT,103843477,2.32,9.3
2024-08-25,Balancer,Optimism,7.06,DAI,118217411,2.85,11.18
2024-08-25,Balancer,Polygon,6.88,USDC,102623397,1.23,5.31
2024-08-25,Balancer,Polygon,8.03,DAI,108768158,1.27,8.49
2024-08-25,Balancer,Base,7.04,USDC,107908548,2.1,10.31
2024-08-25,Balancer,Base,6.22,USDT,106003428,2.35,8.96
2024-08-25,Balancer,Base,7.38,DAI,113990549,2.29,9.09
2024-08-26,Aave,Ethereum,2.96,USDC,270871843,48.65,0
2024-08-26,Aave,Ethereum,2.43,USDT,251981558,45.34,0
2024-08-26,Aave,Ethereum,2.31,DAI,244606228,41.09,0
2024-08-26,Aave,Arbitrum,3.03,USDC,264406744,4.22,11.67
2024-08-26,Aave,Arbitrum,3.11,USDT,263059316,3.56,10.2
2024-08-26,Aave,Arbitrum,3.25,DAI,279264996,4.12,12.79
2024-08-26,Aave,Optimism,3.16,USDC,249893223,3.4,9.68
2024-08-26,Aave,Optimism,3.51,USDT,238585736,2.77,9.38
2024-08-26,Aave,Optimism,3.14,DAI,245399209,2.99,10.51
2024-08-26,Aave,Polygon,3.02,USDT,252454074,1.39,6.11
2024-08-26,Aave,Polygon,3.5,DAI,258589762,1.0,7.34
2024-08-26,Aave,Base,3.23,USDC,243693652,3.22,13.58
2024-08-26,Aave,Base,3.22,USDT,245549800,4.4,10.41
2024-08-26,Aave,Base,2.92,DAI,258593117,3.63,11.49
2024-08-26,Compound,Ethereum,2.76,USDC,187557556,56.27,0
2024-08-26,Compound,Ethereum,2.34,USDT,182564125,31.99,0
2024-08-26,Compound,Arbitrum,2.93,USDC,193307176,4.14,10.37
2024-08-26,Compound,Arbitrum,3.11,DAI,212474660,3.29,10.86
2024-08-26,Compound,Optimism,2.82,USDC,206642358,1.9,7.6
2024-08-26,Compound,Optimism,2.91,USDT,191754574,2.67,6.11
2024-08-26,Compound,Optimism,2.75,DAI,203013133,3.58,9.12
2024-08-26,Compound,Polygon,2.79,USDC,190316237,1.67,9.6
2024-08-26,Compound,Polygon,2.49,USDT,191335944,1.34,7.48
2024-08-26,Compound,Base,3.1,USDC,197982779,3.23,13.13
2024-08-26,Compound,Base,2.63,USDT,195172235,3.36,10.85
2024-08-26,Compound,Base,3.07,DAI,185852834,2.85,9.4
2024-08-26,Curve,Ethereum,5.74,USDC,323748317,43.24,0
2024-08-26,Curve,Ethereum,4.63,USDT,325175625,40.93,0
2024-08-26,Curve,Ethereum,5.83,DAI,335861435,30.4,0
2024-08-26,Curve,Arbitrum,6.67,USDC,329530399,4.93,12.04
2024-08-26,Curve,Arbitrum,7.2,USDT,319817566,3.44,12.45
2024-08-26,Curve,Arbitrum,6.43,DAI,330623948,3.3,12.65
2024-08-26,Curve,Optimism,5.53,USDC,321915697,2.44,8.56
2024-08-26,Curve,Optimism,5.95,DAI,325743707,3.69,8.06
2024-08-26,Curve,Polygon,8.01,USDC,318523862,1.38,6.88
2024-08-26,Curve,Polygon,7.73,USDT,301930467,1.6,7.57
2024-08-26,Curve,Polygon,5.27,DAI,324592755,1.59,7.87
2024-08-26,Curve,Base,7.52,USDC,329638753,3.48,13.05
2024-08-26,Curve,Base,7.22,USDT,322431351,3.47,5.82
2024-08-26,Curve,Base,7.19,DAI,337327972,3.41,11.03
2024-08-26,Uniswap V3,Ethereum,6.11,USDC,97892764,35.42,0
2024-08-26,Uniswap V3,Ethereum,6.35,USDT,101665010,41.23,0
2024-08-26,Uniswap V3,Ethereum,6.99,DAI,102021502,52.05,0
2024-08-26,Uniswap V3,Arbitrum,8.95,USDC,100005107,3.83,14.27
2024-08-26,Uniswap V3,Arbitrum,8.01,USDT,99072855,2.99,12.87
2024-08-26,Uniswap V3,Arbitrum,7.97,DAI,94071605,3.02,8.66
2024-08-26,Uniswap V3,Optimism,7.38,USDC,101383293,3.34,7.7
2024-08-26,Uniswap V3,Optimism,8.67,USDT,94261654,3.76,8.69
2024-08-26,Uniswap V3,Polygon,6.21,USDC,100570916,1.47,6.4
2024-08-26,Uniswap V3,Polygon,8.78,USDT,86763679,1.55,5.84
2024-08-26,Uniswap V3,Base,7.48,USDC,101978537,3.44,10.29
2024-08-26,Uniswap V3,Base,9.11,USDT,99052903,3.19,11.19
2024-08-26,Uniswap V3,Base,7.15,DAI,95652347,3.06,10.62
2024-08-26,Yearn,Ethereum,2.76,USDC,126622602,55.66,0
2024-08-26,Yearn,Ethereum,2.84,USDT,133296443,54.46,0
2024-08-26,Yearn,Ethereum,3.6,DAI,127671323,42.72,0
2024-08-26,Yearn,Arbitrum,4.1,USDC,123396384,2.81,16.04
2024-08-26,Yearn,Arbitrum,4.08,USDT,123124249,3.48,9.75
2024-08-26,Yearn,Arbitrum,4.06,DAI,120565753,3.14,12.2
2024-08-26,Yearn,Optimism,4.32,USDC,117026444,3.18,8.32
2024-08-26,Yearn,Optimism,3.64,USDT,114360844,2.39,7.03
2024-08-26,Yearn,Polygon,4.54,USDC,121953361,0.85,10.44
2024-08-26,Yearn,Polygon,4.78,USDT,127144828,1.5,9.47
2024-08-26,Yearn,Polygon,4.45,DAI,118848315,0.86,6.83
2024-08-26,Yearn,Base,3.73,USDC,108703788,3.29,13.92
2024-08-26,Yearn,Base,3.67,USDT,125772445,3.11,8.26
2024-08-26,Yearn,Base,3.87,DAI,118238816,3.57,7.43
2024-08-26,Pendle,Ethereum,7.3,USDC,75680864,41.06,0
2024-08-26,Pendle,Ethereum,9.12,USDT,74289964,36.56,0
2024-08-26,Pendle,Ethereum,10.13,DAI,77432889,33.38,0
2024-08-26,Pendle,Arbitrum,8.74,USDT,83396166,3.45,14.29
2024-08-26,Pendle,Arbitrum,7.04,DAI,80256389,3.29,15.64
2024-08-26,Pendle,Optimism,12.5,USDC,82010713,3.85,11.29
2024-08-26,Pendle,Optimism,10.04,USDT,79292834,3.24,7.15
2024-08-26,Pendle,Optimism,9.52,DAI,81611400,2.75,7.07
2024-08-26,Pendle,Base,9.0,USDC,78307508,3.11,10.2
2024-08-26,Pendle,Base,9.54,USDT,82878064,3.6,8.58
2024-08-26,Pendle,Base,11.78,DAI,72160955,3.97,8.6
2024-08-26,Convex,Ethereum,5.43,USDC,161226851,50.96,0
2024-08-26,Convex,Ethereum,5.77,USDT,155767934,36.14,0
2024-08-26,Convex,Ethereum,5.1,DAI,149576584,36.44,0
2024-08-26,Balancer,Ethereum,4.31,USDC,112750243,37.16,0
2024-08-26,Balancer,Ethereum,5.74,USDT,124222008,38.85,0
2024-08-26,Balancer,Ethereum,6.13,DAI,115422312,47.88,0
2024-08-26,Balancer,Arbitrum,8.09,USDC,112177659,4.5,12.94
2024-08-26,Balancer,Arbitrum,6.87,USDT,108748505,4.52,9.83
2024-08-26,Balancer,Arbitrum,6.77,DAI,119530727,4.13,13.65
2024-08-26,Balancer,Optimism,4.67,USDC,115538445,2.97,11.91
2024-08-26,Balancer,Optimism,6.74,DAI,120017713,3.58,8.92
2024-08-26,Balancer,Polygon,5.68,USDC,104698493,1.4,7.63
2024-08-26,Balancer,Polygon,7.57,USDT,117199937,1.69,9.68
2024-08-26,Balancer,Polygon,8.26,DAI,107944303,1.9,8.55
2024-08-26,Balancer,Base,7.25,USDC,99912425,2.56,6.38
2024-08-26,Balancer,Base,7.73,USDT,109502555,3.2,10.8
2024-08-26,Balancer,Base,7.04,DAI,118562473,3.16,11.02
2024-08-27,Aave,Ethereum,2.45,USDC,264490465,40.1,0
2024-08-27,Aave,Ethereum,2.46,USDT,274389444,45.54,0
2024-08-27,Aave,Ethereum,2.95,DAI,255552563,45.49,0
2024-08-27,Aave,Arbitrum,3.17,USDC,257476417,3.64,15.94
2024-08-27,Aave,Arbitrum,2.84,USDT,236234911,3.52,11.32
2024-08-27,Aave,Arbitrum,3.04,DAI,254446463,2.14,11.54
2024-08-27,Aave,Optimism,3.12,USDC,257115980,3.86,11.32
2024-08-27,Aave,Optimism,2.6,USDT,254767182,3.25,7.81
2024-08-27,Aave,Optimism,3.0,DAI,241430815,3.29,9.96
2024-08-27,Aave,Polygon,3.36,USDC,261899415,1.58,7.88
2024-08-27,Aave,Polygon,3.43,USDT,255022436,1.27,9.27
2024-08-27,Aave,Base,3.08,USDC,264433409,3.76,10.51
2024-08-27,Aave,Base,3.38,USDT,266481498,3.12,9.74
2024-08-27,Aave,Base,3.46,DAI,243166766,3.12,9.59
2024-08-27,Compound,Ethereum,2.67,USDC,182437980,42.64,0
2024-08-27,Compound,Ethereum,2.29,USDT,174329856,34.96,0
2024-08-27,Compound,Ethereum,2.58,DAI,173962760,52.1,0
2024-08-27,Compound,Arbitrum,3.2,USDC,197298542,4.79,9.96
2024-08-27,Compound,Arbitrum,3.21,USDT,211436431,4.56,9.61
2024-08-27,Compound,Optimism,2.85,USDT,200042732,3.12,6.91
2024-08-27,Compound,Optimism,2.9,DAI,183216565,3.48,12.56
2024-08-27,Compound,Polygon,3.46,USDC,185351691,1.66,9.39
2024-08-27,Compound,Polygon,3.31,USDT,196254481,1.18,9.16
2024-08-27,Compound,Base,2.73,USDC,191129419,3.23,15.46
2024-08-27,Compound,Base,2.62,USDT,183916434,2.98,10.22
2024-08-27,Compound,Base,3.1,DAI,183091305,3.23,8.32
2024-08-27,Curve,Ethereum,6.07,USDC,356857363,50.72,0
2024-08-27,Curve,Ethereum,6.73,USDT,334250374,38.44,0
2024-08-27,Curve,Ethereum,5.01,DAI,343914454,46.8,0
2024-08-27,Curve,Arbitrum,8.16,USDC,316098795,2.47,9.0
2024-08-27,Curve,Arbitrum,6.4,USDT,300379058,3.72,8.82
2024-08-27,Curve,Arbitrum,7.49,DAI,329422706,3.55,9.8
2024-08-27,Curve,Optimism,6.7,USDC,315113964,2.07,9.07
2024-08-27,Curve,Optimism,5.37,USDT,350505742,2.53,7.42
2024-08-27,Curve,Optimism,6.28,DAI,316908476,2.71,9.94
2024-08-27,Curve,Polygon,6.61,USDC,326911148,1.27,9.97
2024-08-27,Curve,Polygon,8.64,USDT,359566305,1.48,8.2
2024-08-27,Curve,Polygon,8.24,DAI,326477234,1.14,6.71
2024-08-27,Curve,Base,6.94,USDC,352212509,3.48,8.14
2024-08-27,Curve,Base,5.33,USDT,343016431,3.36,10.14
2024-08-27,Curve,Base,7.52,DAI,327872914,3.37,8.04
2024-08-27,Uniswap V3,Ethereum,5.51,USDT,102080947,32.84,0
2024-08-27,Uniswap V3,Ethereum,6.11,DAI,101039962,34.76,0
2024-08-27,Uniswap V3,Arbitrum,8.55,USDC,97187985,4.43,11.94
2024-08-27,Uniswap V3,Arbitrum,5.84,USDT,110494775,3.97,14.98
2024-08-27,Uniswap V3,Optimism,4.78,USDT,100629753,2.79,7.36
2024-08-27,Uniswap V3,Optimism,6.55,DAI,106030358,3.35,10.85
2024-08-27,Uniswap V3,Polygon,6.93,USDC,101123305,1.14,10.04
2024-08-27,Uniswap V3,Polygon,8.01,USDT,100254702,1.88,10.27
2024-08-27,Uniswap V3,Polygon,8.55,DAI,103071826,0.67,7.96
2024-08-27,Uniswap V3,Base,7.9,USDC,101571124,4.12,8.52
2024-08-27,Uniswap V3,Base,6.47,USDT,99072907,3.76,6.8
2024-08-27,Uniswap V3,Base,7.28,DAI,100853357,3.21,8.98
2024-08-27,Yearn,Ethereum,3.93,DAI,127124730,42.73,0
2024-08-27,Yearn,Arbitrum,4.05,USDC,128564371,4.13,8.45
2024-08-27,Yearn,Arbitrum,4.52,USDT,128819824,2.99,9.76
2024-08-27,Yearn,Arbitrum,4.39,DAI,125218748,4.08,15.62
2024-08-27,Yearn,Optimism,3.79,USDC,116302758,3.59,7.76
2024-08-27,Yearn,Optimism,3.72,DAI,125031449,3.43,8.51
2024-08-27,Yearn,Polygon,4.66,USDC,119422654,1.29,7.79
2024-08-27,Yearn,Polygon,4.72,USDT,122430835,2.21,4.86
2024-08-27,Yearn,Polygon,4.54,DAI,135701068,1.78,6.6
2024-08-27,Yearn,Base,4.29,USDC,122733287,3.06,5.68
2024-08-27,Yearn,Base,4.09,USDT,130391134,3.36,8.08
2024-08-27,Yearn,Base,4.52,DAI,122645967,3.28,9.96
2024-08-27,Pendle,Ethereum,9.71,USDC,76096608,47.24,0
2024-08-27,Pendle,Ethereum,9.87,USDT,82506803,21.23,0
2024-08-27,Pendle,Ethereum,4.79,DAI,83531998,40.53,0
2024-08-27,Pendle,Arbitrum,10.75,USDC,79489829,3.17,11.99
2024-08-27,Pendle,Arbitrum,11.03,USDT,79392140,3.23,12.41
2024-08-27,Pendle,Arbitrum,10.76,DAI,80116253,3.74,12.55
2024-08-27,Pendle,Optimism,9.27,USDC,72847538,2.67,8.69
2024-08-27,Pendle,Optimism,10.25,DAI,74390386,2.86,5.64
2024-08-27,Pendle,Base,11.47,USDC,78895476,3.78,12.65
2024-08-27,Pendle,Base,11.07,USDT,80513726,2.9,11.27
2024-08-27,Pendle,Base,11.05,DAI,78042027,3.59,11.35
2024-08-27,Convex,Ethereum,5.89,USDC,154827889,43.9,0
2024-08-27,Convex,Ethereum,5.43,USDT,161984748,47.19,0
2024-08-27,Convex,Ethereum,5.77,DAI,158193129,50.69,0
2024-08-27,Balancer,Ethereum,5.57,USDC,123047953,46.96,0
2024-08-27,Balancer,Ethereum,6.19,USDT,119602322,34.5,0
2024-08-27,Balancer,Ethereum,5.89,DAI,112994556,45.07,0
2024-08-27,Balancer,Arbitrum,6.19,USDC,114968057,3.16,11.28
2024-08-27,Balancer,Arbitrum,6.89,USDT,111062914,2.98,14.16
2024-08-27,Balancer,Arbitrum,8.95,DAI,118499415,3.19,10.83
2024-08-27,Balancer,Optimism,5.63,USDC,118424202,3.3,9.77
2024-08-27,Balancer,Optimism,7.96,USDT,116110758,4.58,12.28
2024-08-27,Balancer,Optimism,7.09,DAI,118011045,2.8,11.49
2024-08-27,Balancer,Polygon,7.06,USDC,117237654,0.99,6.5
2024-08-27,Balancer,Polygon,6.6,USDT,111932506,1.46,8.82
2024-08-27,Balancer,Polygon,8.11,DAI,119024101,1.28,7.58
2024-08-27,Balancer,Base,7.4,USDC,115427023,3.48,10.61
2024-08-27,Balancer,Base,7.95,USDT,112724189,3.26,10.92
2024-08-27,Balancer,Base,7.78,DAI,115120608,3.11,10.01
2024-08-28,Aave,Ethereum,3.13,USDC,244875731,35.67,0
2024-08-28,Aave,Ethereum,2.54,USDT,258975402,47.02,0
2024-08-28,Aave,Ethereum,2.59,DAI,279813550,48.45,0
2024-08-28,Aave,Arbitrum,2.98,USDC,284373774,3.21,16.9
2024-08-28,Aave,Arbitrum,2.93,USDT,257113224,4.48,11.34
2024-08-28,Aave,Arbitrum,3.01,DAI,277699764,3.2,13.24
2024-08-28,Aave,Optimism,3.17,USDC,276969850,3.18,7.99
2024-08-28,Aave,Optimism,2.96,DAI,254896327,3.75,11.57
2024-08-28,Aave,Polygon,3.52,USDC,272977779,1.02,8.16
2024-08-28,Aave,Polygon,3.59,USDT,277269849,1.53,6.95
2024-08-28,Aave,Polygon,3.23,DAI,290927070,1.2,8.55
2024-08-28,Aave,Base,3.08,USDT,282587603,3.53,12.23
2024-08-28,Aave,Base,2.91,DAI,262975953,3.47,12.04
2024-08-28,Compound,Ethereum,2.42,USDC,183120620,43.47,0
2024-08-28,Compound,Ethereum,2.45,USDT,184269388,35.4,0
2024-08-28,Compound,Ethereum,2.58,DAI,197019842,52.78,0
2024-08-28,Compound,Arbitrum,2.98,USDC,198061025,3.08,15.24
2024-08-28,Compound,Arbitrum,3.07,USDT,194681888,4.03,11.12
2024-08-28,Compound,Arbitrum,2.83,DAI,197613026,3.89,17.36
2024-08-28,Compound,Optimism,2.93,USDC,197285284,3.49,7.99
2024-08-28,Compound,Optimism,2.8,USDT,192695425,3.31,9.9
2024-08-28,Compound,Optimism,3.14,DAI,201501272,3.49,8.07
2024-08-28,Compound,Polygon,2.9,USDT,208388435,1.7,9.92
2024-08-28,Compound,Base,3.08,USDC,180457823,3.31,11.61
2024-08-28,Compound,Base,3.05,USDT,194713269,3.0,13.29
2024-08-28,Compound,Base,2.94,DAI,203943430,3.88,12.3
2024-08-28,Curve,Ethereum,6.42,USDC,354867028,53.14,0
2024-08-28,Curve,Ethereum,5.81,USDT,351387106,44.75,0
2024-08-28,Curve,Ethereum,4.26,DAI,340187726,43.43,0
2024-08-28,Curve,Arbitrum,5.32,USDC,358921756,4.2,11.97
2024-08-28,Curve,Arbitrum,7.42,USDT,338920467,2.94,14.87
2024-08-28,Curve,Arbitrum,6.32,DAI,330028479,4.87,10.09
2024-08-28,Curve,Optimism,7.66,USDC,323811218,2.99,10.17
2024-08-28,Curve,Optimism,7.31,USDT,335511473,2.31,10.59
2024-08-28,Curve,Optimism,6.85,DAI,356430320,3.54,8.14
2024-08-28,Curve,Polygon,6.97,USDC,326361858,1.31,7.36
2024-08-28,Curve,Polygon,7.48,USDT,354842972,1.24,12.68
2024-08-28,Curve,Polygon,6.49,DAI,347307979,1.51,10.04
2024-08-28,Curve,Base,5.94,USDC,335180268,3.46,9.48
2024-08-28,Curve,Base,6.45,USDT,335965865,3.06,8.31
2024-08-28,Curve,Base,6.81,DAI,328084498,3.35,3.36
2024-08-28,Uniswap V3,Ethereum,7.36,USDC,104345248,35.66,0
2024-08-28,Uniswap V3,Ethereum,5.96,USDT,109174891,57.47,0
2024-08-28,Uniswap V3,Ethereum,5.8,DAI,100438625,47.61,0
2024-08-28,Uniswap V3,Arbitrum,8.13,USDC,96476901,2.79,9.24
2024-08-28,Uniswap V3,Arbitrum,8.16,USDT,103342835,4.44,11.74
2024-08-28,Uniswap V3,Arbitrum,7.87,DAI,104750667,3.59,12.78
2024-08-28,Uniswap V3,Optimism,8.68,USDC,102978384,3.48,8.96
2024-08-28,Uniswap V3,Optimism,7.91,USDT,96332231,2.63,9.06
2024-08-28,Uniswap V3,Optimism,7.72,DAI,103088273,3.34,9.04
2024-08-28,Uniswap V3,Polygon,9.09,USDC,111984571,1.37,11.67
2024-08-28,Uniswap V3,Polygon,8.79,USDT,94866303,1.46,9.43
2024-08-28,Uniswap V3,Polygon,8.25,DAI,100705439,1.27,10.72
2024-08-28,Uniswap V3,Base,7.87,USDC,93225799,3.15,10.7
2024-08-28,Uniswap V3,Base,8.97,USDT,96298924,3.16,14.0
2024-08-28,Yearn,Ethereum,3.38,USDC,133641306,40.13,0
2024-08-28,Yearn,Ethereum,3.49,USDT,130192937,45.87,0
2024-08-28,Yearn,Ethereum,2.99,DAI,126501908,49.73,0
2024-08-28,Yearn,Arbitrum,3.82,USDC,125392167,4.21,15.45
2024-08-28,Yearn,Arbitrum,3.99,USDT,143332270,4.57,11.75
2024-08-28,Yearn,Arbitrum,4.14,DAI,124995858,4.39,13.9
2024-08-28,Yearn,Optimism,3.88,USDC,132970573,3.22,9.54
2024-08-28,Yearn,Optimism,4.34,USDT,127679722,2.98,9.66
2024-08-28,Yearn,Polygon,4.12,USDC,128401919,1.39,8.94
2024-08-28,Yearn,Polygon,4.53,DAI,124378100,1.21,7.7
2024-08-28,Yearn,Base,3.37,USDC,117841792,3.13,9.28
2024-08-28,Yearn,Base,3.91,USDT,137045871,3.16,7.78
2024-08-28,Yearn,Base,4.62,DAI,124750110,2.8,14.57
2024-08-28,Pendle,Ethereum,8.11,USDC,84498535,48.13,0
2024-08-28,Pendle,Ethereum,7.19,USDT,77658713,53.98,0
2024-08-28,Pendle,Ethereum,7.47,DAI,85270859,48.43,0
2024-08-28,Pendle,Arbitrum,10.02,USDC,71588286,4.5,12.88
2024-08-28,Pendle,Arbitrum,10.65,DAI,79707492,3.35,13.88
2024-08-28,Pendle,Optimism,8.24,USDC,80187946,3.16,8.26
2024-08-28,Pendle,Optimism,9.65,DAI,85296436,2.28,8.01
2024-08-28,Pendle,Base,8.38,USDC,81506252,3.71,10.18
2024-08-28,Pendle,Base,11.64,USDT,87919748,2.98,10.18
2024-08-28,Pendle,Base,9.39,DAI,79603075,3.27,6.31
2024-08-28,Convex,Ethereum,5.41,USDC,155696646,42.47,0
2024-08-28,Convex,Ethereum,4.75,USDT,154979094,36.37,0
2024-08-28,Convex,Ethereum,5.55,DAI,172536630,49.8,0
2024-08-28,Balancer,Ethereum,5.01,USDC,116761583,56.97,0
2024-08-28,Balancer,Ethereum,6.62,USDT,123666651,49.03,0
2024-08-28,Balancer,Ethereum,5.29,DAI,110972757,46.12,0
2024-08-28,Balancer,Arbitrum,8.41,USDC,118453837,3.31,13.23
2024-08-28,Balancer,Arbitrum,7.4,USDT,125943236,4.61,15.48
2024-08-28,Balancer,Arbitrum,6.62,DAI,121674971,4.23,13.3
2024-08-28,Balancer,Optimism,5.86,USDC,121855993,3.12,8.78
2024-08-28,Balancer,Optimism,6.4,DAI,124074235,2.98,6.98
2024-08-28,Balancer,Polygon,8.64,USDC,120215758,1.39,6.84
2024-08-28,Balancer,Polygon,8.25,USDT,125243985,1.43,9.05
2024-08-28,Balancer,Base,6.81,USDC,123012834,3.79,9.62
2024-08-28,Balancer,Base,7.52,USDT,120126151,3.07,8.01
2024-08-28,Balancer,Base,7.46,DAI,116517205,3.22,10.98
2024-08-29,Aave,Ethereum,2.51,USDC,267808490,64.26,0
2024-08-29,Aave,Ethereum,2.42,USDT,290419723,44.44,0
2024-08-29,Aave,Arbitrum,3.47,USDT,279701314,5.65,10.53
2024-08-29,Aave,Optimism,3.02,USDC,276268921,3.73,8.96
2024-08-29,Aave,Optimism,2.98,USDT,272054695,2.05,9.15
2024-08-29,Aave,Optimism,3.43,DAI,263000573,2.74,9.45
2024-08-29,Aave,Polygon,3.47,USDC,269386167,1.66,10.4
2024-08-29,Aave,Polygon,3.33,USDT,242854745,1.76,7.9
2024-08-29,Aave,Polygon,3.32,DAI,278952478,1.74,8.36
2024-08-29,Aave,Base,2.97,USDC,280783896,3.07,9.47
2024-08-29,Aave,Base,3.13,USDT,253800045,3.27,9.88
2024-08-29,Aave,Base,3.28,DAI,284277477,3.26,12.44
2024-08-29,Compound,Ethereum,2.44,USDC,204336109,41.24,0
2024-08-29,Compound,Ethereum,2.45,USDT,193568871,31.25,0
2024-08-29,Compound,Ethereum,2.12,DAI,193027814,54.11,0
2024-08-29,Compound,Arbitrum,3.26,USDC,185119294,4.46,13.32
2024-08-29,Compound,Arbitrum,2.79,USDT,212579049,4.05,12.21
2024-08-29,Compound,Arbitrum,2.75,DAI,186226952,3.85,9.59
2024-08-29,Compound,Optimism,2.69,DAI,200083805,3.27,12.91
2024-08-29,Compound,Polygon,2.76,USDC,201194825,1.56,7.79
2024-08-29,Compound,Polygon,3.25,USDT,194609635,1.54,7.62
2024-08-29,Compound,Base,2.73,USDC,189895556,2.91,14.9
2024-08-29,Compound,Base,3.12,USDT,196274515,3.5,10.45
2024-08-29,Compound,Base,3.02,DAI,193251487,3.69,10.86
2024-08-29,Curve,Ethereum,5.42,USDC,381466627,21.09,0
2024-08-29,Curve,Ethereum,5.05,USDT,359460347,48.66,0
2024-08-29,Curve,Arbitrum,6.28,USDC,352718736,2.48,10.42
2024-08-29,Curve,Arbitrum,6.16,USDT,364635481,3.5,14.22
2024-08-29,Curve,Arbitrum,6.09,DAI,364831273,3.84,12.82
2024-08-29,Curve,Optimism,6.34,USDC,338044110,3.12,9.56
2024-08-29,Curve,Optimism,6.79,USDT,374522032,3.21,10.2
2024-08-29,Curve,Optimism,5.82,DAI,350066100,2.99,7.08
2024-08-29,Curve,Polygon,7.2,USDC,349633386,1.64,8.28
2024-08-29,Curve,Polygon,6.3,USDT,360594001,1.15,8.71
2024-08-29,Curve,Base,6.87,USDC,333248190,3.0,13.16
2024-08-29,Curve,Base,6.62,USDT,315884555,2.93,6.98
2024-08-29,Uniswap V3,Ethereum,6.68,USDC,102907313,37.07,0
2024-08-29,Uniswap V3,Ethereum,7.4,USDT,105650274,42.15,0
2024-08-29,Uniswap V3,Ethereum,6.2,DAI,104408474,36.63,0
2024-08-29,Uniswap V3,Arbitrum,7.26,USDC,108516976,3.04,13.36
2024-08-29,Uniswap V3,Arbitrum,6.65,USDT,107229996,3.79,12.89
2024-08-29,Uniswap V3,Arbitrum,8.4,DAI,98501937,3.37,14.29
2024-08-29,Uniswap V3,Optimism,6.11,USDC,109220453,3.5,6.17
2024-08-29,Uniswap V3,Optimism,7.27,USDT,110276368,2.1,11.02
2024-08-29,Uniswap V3,Optimism,6.93,DAI,106417281,2.73,5.55
2024-08-29,Uniswap V3,Polygon,8.12,USDC,111829092,0.94,6.55
2024-08-29,Uniswap V3,Polygon,7.37,USDT,103475134,1.67,8.26
2024-08-29,Uniswap V3,Polygon,7.85,DAI,101488715,2.09,9.5
2024-08-29,Uniswap V3,Base,7.74,USDT,102209533,3.67,9.31
2024-08-29,Uniswap V3,Base,8.06,DAI,96638603,2.98,11.15
2024-08-29,Yearn,Ethereum,3.55,USDC,118047205,44.59,0
2024-08-29,Yearn,Ethereum,2.97,USDT,132491107,53.25,0
2024-08-29,Yearn,Ethereum,3.0,DAI,127088505,37.4,0
2024-08-29,Yearn,Arbitrum,4.52,USDC,135614951,4.01,11.6
2024-08-29,Yearn,Arbitrum,4.08,USDT,125981452,4.26,17.23
2024-08-29,Yearn,Optimism,4.16,USDT,124524810,2.28,9.18
2024-08-29,Yearn,Optimism,4.04,DAI,130130738,1.97,10.87
2024-08-29,Yearn,Polygon,4.51,USDC,136021383,1.42,7.44
2024-08-29,Yearn,Polygon,3.77,USDT,130873413,1.84,5.86
2024-08-29,Yearn,Polygon,4.54,DAI,128349490,0.92,6.59
2024-08-29,Yearn,Base,4.02,USDC,142879661,2.8,12.01
2024-08-29,Yearn,Base,3.87,USDT,116461594,3.62,7.12
2024-08-29,Yearn,Base,4.05,DAI,141985740,3.68,8.81
2024-08-29,Pendle,Ethereum,7.24,USDC,85323234,47.38,0
2024-08-29,Pendle,Ethereum,7.62,USDT,82371346,52.22,0
2024-08-29,Pendle,Ethereum,6.53,DAI,88252176,40.39,0
2024-08-29,Pendle,Arbitrum,8.82,USDT,76049579,3.16,11.54
2024-08-29,Pendle,Arbitrum,11.91,DAI,82678675,3.68,12.39
2024-08-29,Pendle,Optimism,9.55,USDT,83199954,3.27,10.25
2024-08-29,Pendle,Optimism,11.33,DAI,77302034,2.72,6.47
2024-08-29,Pendle,Base,10.61,USDC,82065013,2.51,9.68
2024-08-29,Pendle,Base,9.53,USDT,81232846,3.54,9.88
2024-08-29,Pendle,Base,8.43,DAI,83350022,3.38,7.65
2024-08-29,Convex,Ethereum,5.49,USDT,180738306,33.78,0
2024-08-29,Convex,Ethereum,5.15,DAI,160903097,43.14,0
2024-08-29,Balancer,Ethereum,6.1,USDC,116118902,52.95,0
2024-08-29,Balancer,Ethereum,4.75,USDT,122145007,34.0,0
2024-08-29,Balancer,Ethereum,6.06,DAI,118433471,53.1,0
2024-08-29,Balancer,Arbitrum,7.38,USDC,123963055,4.64,11.46
2024-08-29,Balancer,Arbitrum,7.44,USDT,125146369,2.4,11.51
2024-08-29,Balancer,Arbitrum,5.89,DAI,124063972,3.21,13.59
2024-08-29,Balancer,Optimism,6.17,USDC,112811153,3.39,13.25
2024-08-29,Balancer,Optimism,5.48,USDT,127215957,3.1,7.11
2024-08-29,Balancer,Optimism,7.21,DAI,118705452,3.17,7.41
2024-08-29,Balancer,Polygon,7.69,USDC,117629917,1.24,8.34
2024-08-29,Balancer,Polygon,7.55,USDT,116341705,1.52,5.32
2024-08-29,Balancer,Polygon,7.93,DAI,113034264,1.47,8.75
2024-08-29,Balancer,Base,7.79,USDC,120108422,2.95,7.82
2024-08-29,Balancer,Base,7.73,USDT,128605486,3.27,9.49
2024-08-29,Balancer,Base,6.69,DAI,125166225,3.13,6.87
2024-08-30,Aave,Ethereum,2.66,USDC,302508715,40.04,0
2024-08-30,Aave,Ethereum,2.44,USDT,283690462,45.1,0
2024-08-30,Aave,Ethereum,2.56,DAI,281225373,42.07,0
2024-08-30,Aave,Arbitrum,3.5,USDC,283094962,2.2,13.36
2024-08-30,Aave,Arbitrum,2.87,USDT,270468036,3.66,11.17
2024-08-30,Aave,Arbitrum,2.95,DAI,283208281,3.57,11.17
2024-08-30,Aave,Optimism,2.69,USDC,270502583,2.31,7.31
2024-08-30,Aave,Optimism,2.99,USDT,275450555,2.96,10.16
2024-08-30,Aave,Optimism,2.52,DAI,283649717,2.87,6.79
2024-08-30,Aave,Polygon,2.71,USDC,296565329,1.33,3.88
2024-08-30,Aave,Base,2.99,USDC,278405124,3.44,10.87
2024-08-30,Aave,Base,2.91,USDT,273491073,3.85,11.9
2024-08-30,Aave,Base,2.84,DAI,273017750,4.19,9.63
2024-08-30,Compound,Ethereum,2.6,USDC,203440383,27.81,0
2024-08-30,Compound,Ethereum,2.51,USDT,185806818,51.49,0
2024-08-30,Compound,Ethereum,2.34,DAI,211635114,38.14,0
2024-08-30,Compound,Arbitrum,2.83,USDC,208374990,2.79,17.17
2024-08-30,Compound,Arbitrum,2.73,USDT,215009782,2.87,12.2
2024-08-30,Compound,Optimism,2.69,USDT,204879537,3.7,10.19
2024-08-30,Compound,Optimism,3.09,DAI,208518360,1.92,10.26
2024-08-30,Compound,Polygon,2.9,USDC,205935342,1.78,7.18
2024-08-30,Compound,Polygon,2.95,USDT,194761278,1.59,6.54
2024-08-30,Compound,Polygon,2.98,DAI,194814766,1.05,7.07
2024-08-30,Compound,Base,2.83,USDC,207999540,3.57,14.39
2024-08-30,Compound,Base,2.67,USDT,190915399,3.67,9.93
2024-08-30,Compound,Base,2.65,DAI,198905017,3.63,11.47
2024-08-30,Curve,Ethereum,5.76,USDT,353909731,42.67,0
2024-08-30,Curve,Arbitrum,7.05,USDC,362095783,4.53,14.01
2024-08-30,Curve,Arbitrum,6.54,USDT,357748411,3.96,8.81
2024-08-30,Curve,Arbitrum,7.51,DAI,368148257,4.03,8.67
2024-08-30,Curve,Optimism,6.64,USDC,379256522,2.55,12.92
2024-08-30,Curve,Optimism,6.19,DAI,371676475,3.02,8.83
2024-08-30,Curve,Polygon,6.59,USDC,340110045,1.8,7.32
2024-08-30,Curve,Polygon,6.46,USDT,350670620,1.99,6.4
2024-08-30,Curve,Base,6.46,USDC,348503928,2.59,10.98
2024-08-30,Curve,Base,6.09,USDT,352415736,3.55,11.25
2024-08-30,Curve,Base,5.86,DAI,368015916,3.21,12.01
2024-08-30,Uniswap V3,Ethereum,5.48,USDC,104100327,51.12,0
2024-08-30,Uniswap V3,Ethereum,5.58,USDT,92310101,29.83,0
2024-08-30,Uniswap V3,Ethereum,4.38,DAI,98864289,39.0,0
2024-08-30,Uniswap V3,Arbitrum,7.42,USDC,100245138,3.38,12.09
2024-08-30,Uniswap V3,Arbitrum,6.46,USDT,101912828,3.3,15.84
2024-08-30,Uniswap V3,Arbitrum,7.21,DAI,100337759,2.56,13.39
2024-08-30,Uniswap V3,Optimism,7.41,USDC,112165804,2.92,8.08
2024-08-30,Uniswap V3,Optimism,6.36,USDT,105249523,3.99,8.15
2024-08-30,Uniswap V3,Optimism,6.12,DAI,108890285,2.94,7.77
2024-08-30,Uniswap V3,Polygon,8.42,USDC,115766715,2.12,6.19
2024-08-30,Uniswap V3,Polygon,7.09,USDT,109152052,1.62,6.35
2024-08-30,Uniswap V3,Polygon,6.11,DAI,111253942,1.27,9.3
2024-08-30,Uniswap V3,Base,7.07,USDC,113030973,3.91,9.11
2024-08-30,Uniswap V3,Base,6.81,USDT,108544980,3.15,7.86
2024-08-30,Uniswap V3,Base,5.93,DAI,101272328,3.56,11.97
2024-08-30,Yearn,Ethereum,3.2,USDT,133929742,32.63,0
2024-08-30,Yearn,Ethereum,3.33,DAI,138206778,25.05,0
2024-08-30,Yearn,Arbitrum,4.21,USDC,147934357,3.36,12.78
2024-08-30,Yearn,Arbitrum,3.82,USDT,124282223,3.98,11.76
2024-08-30,Yearn,Arbitrum,3.99,DAI,126564492,4.18,14.24
2024-08-30,Yearn,Optimism,4.01,USDC,136071161,3.5,4.17
2024-08-30,Yearn,Optimism,3.38,USDT,132513709,2.62,11.09
2024-08-30,Yearn,Optimism,3.53,DAI,138578099,2.8,6.99
2024-08-30,Yearn,Polygon,4.01,USDC,138195217,1.35,7.29
2024-08-30,Yearn,Polygon,4.08,USDT,136690010,1.29,7.99
2024-08-30,Yearn,Polygon,4.55,DAI,132991553,1.81,9.39
2024-08-30,Yearn,Base,3.79,USDC,138139431,3.35,7.95
2024-08-30,Yearn,Base,3.84,USDT,136075774,3.38,8.95
2024-08-30,Yearn,Base,3.29,DAI,132142636,2.94,14.39
2024-08-30,Pendle,Ethereum,7.79,USDC,89468780,35.12,0
2024-08-30,Pendle,Ethereum,8.11,USDT,91046617,41.52,0
2024-08-30,Pendle,Ethereum,9.19,DAI,80716531,47.34,0
2024-08-30,Pendle,Arbitrum,9.52,USDC,79265911,4.65,14.16
2024-08-30,Pendle,Arbitrum,9.73,USDT,85267782,4.15,9.48
2024-08-30,Pendle,Arbitrum,8.98,DAI,84460485,4.43,15.26
2024-08-30,Pendle,Optimism,9.53,USDC,83684178,2.5,8.39
2024-08-30,Pendle,Optimism,9.49,USDT,86733805,3.18,9.63
2024-08-30,Pendle,Optimism,8.32,DAI,82731906,3.59,8.29
2024-08-30,Pendle,Base,10.88,USDC,82774516,4.13,10.29
2024-08-30,Pendle,Base,10.92,USDT,83144205,3.64,10.96
2024-08-30,Pendle,Base,7.7,DAI,82563657,3.41,12.37
2024-08-30,Convex,Ethereum,4.87,USDC,168791584,47.27,0
2024-08-30,Convex,Ethereum,4.64,USDT,153200316,47.56,0
2024-08-30,Convex,Ethereum,5.16,DAI,166831009,47.46,0
2024-08-30,Balancer,Ethereum,6.98,USDC,123198816,40.23,0
2024-08-30,Balancer,Ethereum,4.34,USDT,120385154,37.81,0
2024-08-30,Balancer,Ethereum,5.67,DAI,131721937,30.63,0
2024-08-30,Balancer,Arbitrum,7.58,USDC,131065151,4.81,13.18
2024-08-30,Balancer,Arbitrum,6.68,USDT,121127026,3.31,13.29
2024-08-30,Balancer,Arbitrum,6.54,DAI,121391214,5.35,13.83
2024-08-30,Balancer,Optimism,7.89,USDC,126054173,3.34,7.32
2024-08-30,Balancer,Optimism,6.58,USDT,133494403,3.05,6.61
2024-08-30,Balancer,Optimism,6.76,DAI,115770972,3.01,8.46
2024-08-30,Balancer,Polygon,6.68,USDC,120335223,1.32,7.76
2024-08-30,Balancer,Polygon,7.71,USDT,124972008,1.18,8.85
2024-08-30,Balancer,Polygon,7.07,DAI,118914388,1.35,7.19
2024-08-30,Balancer,Base,6.51,USDC,118398099,3.49,12.89
2024-08-30,Balancer,Base,6.67,USDT,120552711,3.33,8.41
2024-08-30,Balancer,Base,7.21,DAI,124792212,3.42,8.59
2024-08-31,Aave,Ethereum,2.27,USDC,271857901,29.45,0
2024-08-31,Aave,Ethereum,2.14,USDT,295387887,34.44,0
2024-08-31,Aave,Ethereum,2.38,DAI,295312201,37.09,0
2024-08-31,Aave,Arbitrum,2.84,USDC,278218540,2.45,10.23
2024-08-31,Aave,Arbitrum,2.75,USDT,279667197,2.66,11.88
2024-08-31,Aave,Arbitrum,2.9,DAI,292074798,2.49,17.22
2024-08-31,Aave,Optimism,2.95,USDC,316714419,1.98,6.66
2024-08-31,Aave,Optimism,2.3,USDT,280303083,1.74,8.16
2024-08-31,Aave,Optimism,2.55,DAI,307690802,1.96,10.62
2024-08-31,Aave,Polygon,3.03,USDC,293242576,0.81,5.6
2024-08-31,Aave,Polygon,3.0,USDT,288676445,0.82,9.07
2024-08-31,Aave,Polygon,3.1,DAI,279607183,0.91,5.17
2024-08-31,Aave,Base,2.86,USDC,281161292,2.11,8.36
2024-08-31,Aave,Base,2.9,USDT,281487736,1.93,12.35
2024-08-31,Aave,Base,2.86,DAI,276870557,1.86,13.79
2024-08-31,Compound,Ethereum,2.29,USDC,211943129,33.03,0
2024-08-31,Compound,Ethereum,2.28,USDT,206922194,18.59,0
2024-08-31,Compound,Ethereum,1.88,DAI,224136214,23.8,0
2024-08-31,Compound,Arbitrum,2.93,USDC,198052198,2.4,18.56
2024-08-31,Compound,Arbitrum,2.85,USDT,204653972,3.4,11.89
2024-08-31,Compound,Arbitrum,2.52,DAI,209081766,2.31,16.55
2024-08-31,Compound,Optimism,2.42,USDC,210879335,1.9,8.93
2024-08-31,Compound,Optimism,2.62,USDT,209862202,2.61,9.11
2024-08-31,Compound,Optimism,2.51,DAI,201450193,1.58,6.08
2024-08-31,Compound,Polygon,2.79,USDT,216848228,0.93,7.92
2024-08-31,Compound,Polygon,2.83,DAI,204315004,1.13,9.62
2024-08-31,Compound,Base,2.6,USDC,198512774,1.78,10.24
2024-08-31,Compound,Base,3.0,USDT,210869385,1.98,11.41
2024-08-31,Compound,Base,2.93,DAI,216018541,2.1,7.67
2024-08-31,Curve,Ethereum,4.59,USDC,379654233,29.2,0
2024-08-31,Curve,Ethereum,4.04,USDT,356814006,21.68,0
2024-08-31,Curve,Ethereum,4.98,DAI,368872186,26.12,0
2024-08-31,Curve,Arbitrum,6.04,USDC,365696077,2.82,12.95
2024-08-31,Curve,Arbitrum,7.16,USDT,365477254,2.37,9.88
2024-08-31,Curve,Arbitrum,6.77,DAI,379302845,2.21,12.88
2024-08-31,Curve,Optimism,6.59,USDC,386993258,2.12,10.98
2024-08-31,Curve,Optimism,7.15,USDT,359847579,1.8,4.31
2024-08-31,Curve,Polygon,5.94,USDC,356443042,1.04,4.46
2024-08-31,Curve,Polygon,8.06,USDT,381070742,1.06,8.7
2024-08-31,Curve,Polygon,7.37,DAI,377203324,0.82,6.95
2024-08-31,Curve,Base,7.27,USDT,367474107,2.44,10.74
2024-08-31,Uniswap V3,Ethereum,6.72,USDC,109122662,34.48,0
2024-08-31,Uniswap V3,Ethereum,5.75,USDT,101897513,29.85,0
2024-08-31,Uniswap V3,Ethereum,4.82,DAI,108661736,34.23,0
2024-08-31,Uniswap V3,Arbitrum,6.54,USDC,107640703,2.34,10.17
2024-08-31,Uniswap V3,Arbitrum,6.5,USDT,98040187,2.9,10.54
2024-08-31,Uniswap V3,Arbitrum,9.33,DAI,103437836,3.03,12.37
2024-08-31,Uniswap V3,Optimism,5.97,USDC,112783332,2.16,9.58
2024-08-31,Uniswap V3,Optimism,8.25,USDT,112382017,1.25,11.67
2024-08-31,Uniswap V3,Polygon,7.12,USDC,110339349,0.81,10.18
2024-08-31,Uniswap V3,Polygon,6.22,DAI,109134644,1.05,6.78
2024-08-31,Uniswap V3,Base,7.12,USDC,105939133,2.37,13.92
2024-08-31,Uniswap V3,Base,6.15,USDT,108293029,2.42,9.12
2024-08-31,Uniswap V3,Base,7.26,DAI,106806312,2.08,9.72
2024-08-31,Yearn,Ethereum,2.9,USDC,140993083,28.67,0
2024-08-31,Yearn,Ethereum,3.23,USDT,137022669,30.66,0
2024-08-31,Yearn,Ethereum,2.85,DAI,137761177,28.84,0
2024-08-31,Yearn,Arbitrum,3.93,USDC,136182758,2.52,13.09
2024-08-31,Yearn,Arbitrum,3.77,USDT,124317632,2.58,9.78
2024-08-31,Yearn,Arbitrum,3.65,DAI,145820040,2.23,11.96
2024-08-31,Yearn,Optimism,3.82,USDC,136441238,1.79,7.32
2024-08-31,Yearn,Optimism,4.16,USDT,133376555,2.28,11.93
2024-08-31,Yearn,Optimism,3.65,DAI,132647905,2.15,7.69
2024-08-31,Yearn,Polygon,4.1,USDC,135977583,0.79,10.01
2024-08-31,Yearn,Polygon,4.13,USDT,145885159,1.07,9.53
2024-08-31,Yearn,Polygon,3.76,DAI,141775116,0.9,8.77
2024-08-31,Yearn,Base,4.32,USDC,132827622,2.34,12.45
2024-08-31,Yearn,Base,3.8,USDT,133003261,2.31,11.33
2024-08-31,Yearn,Base,4.21,DAI,135694405,1.95,6.94
2024-08-31,Pendle,Ethereum,8.39,USDC,84165726,27.69,0
2024-08-31,Pendle,Ethereum,6.06,USDT,83659821,30.03,0
2024-08-31,Pendle,Arbitrum,7.28,USDC,92512975,2.35,15.66
2024-08-31,Pendle,Arbitrum,10.49,USDT,86677769,2.85,12.3
2024-08-31,Pendle,Arbitrum,9.74,DAI,83838650,2.55,11.85
2024-08-31,Pendle,Optimism,9.91,USDC,85805584,1.76,9.51
2024-08-31,Pendle,Optimism,11.34,DAI,86536562,2.23,8.68
2024-08-31,Pendle,Base,9.44,USDC,87105360,2.2,8.7
2024-08-31,Pendle,Base,7.71,USDT,88268527,2.48,9.98
2024-08-31,Pendle,Base,9.72,DAI,84813667,2.12,11.98
2024-08-31,Convex,Ethereum,4.34,USDC,165039549,21.25,0
2024-08-31,Convex,Ethereum,4.84,USDT,180019163,22.8,0
2024-08-31,Balancer,Ethereum,4.75,USDC,123747126,29.16,0
2024-08-31,Balancer,Ethereum,5.59,USDT,121941228,26.13,0
2024-08-31,Balancer,Ethereum,6.11,DAI,130590653,35.92,0
2024-08-31,Balancer,Arbitrum,5.66,USDC,120108974,1.91,15.55
2024-08-31,Balancer,Arbitrum,6.92,USDT,123934834,1.72,12.75
2024-08-31,Balancer,Arbitrum,8.38,DAI,122111821,1.68,14.04
2024-08-31,Balancer,Optimism,7.58,USDC,127361839,1.58,10.16
2024-08-31,Balancer,Optimism,6.13,USDT,125241594,2.09,7.0
2024-08-31,Balancer,Optimism,6.89,DAI,129311766,2.68,8.18
2024-08-31,Balancer,Polygon,7.84,USDC,126649352,1.09,4.88
2024-08-31,Balancer,Polygon,6.98,USDT,124064639,0.85,3.89
2024-08-31,Balancer,Polygon,7.7,DAI,126477048,0.87,10.9
2024-08-31,Balancer,Base,6.14,USDC,116055924,2.23,10.3
2024-08-31,Balancer,Base,7.76,USDT,130072297,2.17,9.1
2024-08-31,Balancer,Base,5.96,DAI,130631575,2.27,10.13
2024-09-01,Aave,Ethereum,1.96,USDC,289407759,38.16,0
2024-09-01,Aave,Ethereum,2.49,USDT,294967458,26.35,0
2024-09-01,Aave,Ethereum,2.18,DAI,277674412,29.01,0
2024-09-01,Aave,Arbitrum,3.01,USDT,315345311,2.67,17.8
2024-09-01,Aave,Arbitrum,2.65,DAI,298716419,2.76,12.21
2024-09-01,Aave,Optimism,2.61,USDC,308741010,1.76,9.39
2024-09-01,Aave,Optimism,3.04,USDT,280040280,1.58,5.53
2024-09-01,Aave,Optimism,2.41,DAI,299759750,2.12,9.99
2024-09-01,Aave,Polygon,3.27,USDC,279293638,0.67,8.45
2024-09-01,Aave,Polygon,2.78,USDT,292714315,0.99,7.32
2024-09-01,Aave,Polygon,3.08,DAI,273299720,0.59,9.13
2024-09-01,Aave,Base,3.13,USDT,275651901,2.28,10.69
2024-09-01,Aave,Base,2.79,DAI,289155747,1.99,10.59
2024-09-01,Compound,Ethereum,2.24,USDC,208182515,27.29,0
2024-09-01,Compound,Ethereum,2.07,USDT,211999166,26.8,0
2024-09-01,Compound,Ethereum,2.23,DAI,229975248,24.4,0
2024-09-01,Compound,Arbitrum,2.55,USDC,198765030,2.81,11.21
2024-09-01,Compound,Arbitrum,2.6,USDT,206438321,1.83,9.01
2024-09-01,Compound,Arbitrum,2.99,DAI,211906743,3.09,12.41
2024-09-01,Compound,Optimism,2.61,USDC,193837326,1.7,12.39
2024-09-01,Compound,Optimism,2.42,USDT,199700626,2.05,11.18
2024-09-01,Compound,Optimism,2.74,DAI,208366275,2.11,9.23
2024-09-01,Compound,Polygon,3.05,USDC,215515191,0.97,7.97
2024-09-01,Compound,Polygon,3.04,USDT,217388034,0.9,6.76
2024-09-01,Compound,Polygon,3.08,DAI,213736633,0.68,8.18
2024-09-01,Compound,Base,2.68,USDC,192248535,2.43,9.52
2024-09-01,Compound,Base,2.55,USDT,210555475,2.4,12.02
2024-09-01,Compound,Base,2.76,DAI,214544964,1.99,4.4
2024-09-01,Curve,Ethereum,4.7,USDC,366523790,25.78,0
2024-09-01,Curve,Ethereum,6.81,USDT,381912068,36.05,0
2024-09-01,Curve,Ethereum,5.38,DAI,356234008,23.36,0
2024-09-01,Curve,Arbitrum,6.97,USDC,357410989,2.22,9.73
2024-09-01,Curve,Arbitrum,5.7,USDT,356433544,3.02,15.45
2024-09-01,Curve,Optimism,6.57,USDC,383478047,2.0,8.53
2024-09-01,Curve,Optimism,6.76,DAI,341202984,1.81,8.04
2024-09-01,Curve,Polygon,7.49,USDC,377977669,0.9,9.64
2024-09-01,Curve,Polygon,7.2,USDT,386732560,0.71,9.12
2024-09-01,Curve,Polygon,6.56,DAI,356762308,0.97,6.76
2024-09-01,Curve,Base,7.64,USDC,364876416,2.27,10.4
2024-09-01,Curve,Base,8.17,USDT,334366389,2.2,12.78
2024-09-01,Curve,Base,6.42,DAI,375275856,1.68,10.92
2024-09-01,Uniswap V3,Ethereum,5.98,USDC,113394399,29.72,0
2024-09-01,Uniswap V3,Ethereum,5.0,USDT,106887063,34.72,0
2024-09-01,Uniswap V3,Arbitrum,8.05,USDC,108460878,2.47,9.33
2024-09-01,Uniswap V3,Arbitrum,7.09,USDT,111858946,3.01,9.68
2024-09-01,Uniswap V3,Arbitrum,7.69,DAI,117388382,2.56,10.48
2024-09-01,Uniswap V3,Optimism,7.59,USDC,107757995,2.27,5.92
2024-09-01,Uniswap V3,Optimism,6.75,USDT,119706260,2.16,4.12
2024-09-01,Uniswap V3,Optimism,8.12,DAI,109391386,1.63,7.6
2024-09-01,Uniswap V3,Polygon,5.66,USDT,115161753,1.09,8.93
2024-09-01,Uniswap V3,Polygon,7.19,DAI,108512294,1.09,7.4
2024-09-01,Uniswap V3,Base,8.24,USDC,115570964,2.19,10.98
2024-09-01,Uniswap V3,Base,8.23,USDT,109204713,1.89,7.97
2024-09-01,Uniswap V3,Base,8.97,DAI,116335990,2.24,10.86
2024-09-01,Yearn,Ethereum,2.88,USDC,115466187,30.76,0
2024-09-01,Yearn,Ethereum,3.1,USDT,142057401,37.49,0
2024-09-01,Yearn,Ethereum,3.23,DAI,141928299,24.44,0
2024-09-01,Yearn,Arbitrum,4.21,USDC,136487948,2.61,9.82
2024-09-01,Yearn,Arbitrum,4.08,USDT,139279821,2.76,15.02
2024-09-01,Yearn,Arbitrum,3.99,DAI,148119837,2.49,9.98
2024-09-01,Yearn,Optimism,4.08,USDC,132446617,1.7,10.78
2024-09-01,Yearn,Optimism,3.86,USDT,132175007,2.32,5.63
2024-09-01,Yearn,Optimism,3.81,DAI,141721851,2.5,9.4
2024-09-01,Yearn,Polygon,3.66,USDC,143736210,1.15,5.29
2024-09-01,Yearn,Polygon,4.26,USDT,123605736,1.11,8.83
2024-09-01,Yearn,Polygon,3.67,DAI,142181927,1.01,7.87
2024-09-01,Yearn,Base,3.91,USDT,134828033,1.96,9.66
2024-09-01,Yearn,Base,3.96,DAI,129992208,2.13,10.29
2024-09-01,Pendle,Ethereum,8.61,USDC,90848598,30.38,0
2024-09-01,Pendle,Ethereum,8.2,USDT,87401868,36.8,0
2024-09-01,Pendle,Ethereum,5.94,DAI,87792134,29.46,0
2024-09-01,Pendle,Arbitrum,12.0,USDT,94496625,3.15,9.17
2024-09-01,Pendle,Arbitrum,8.93,DAI,83315621,1.92,14.91
2024-09-01,Pendle,Optimism,8.33,USDT,87780688,1.27,9.79
2024-09-01,Pendle,Optimism,10.06,DAI,90700561,2.19,10.17
2024-09-01,Pendle,Base,7.4,USDC,82470983,2.68,8.5
2024-09-01,Pendle,Base,9.04,USDT,82602092,2.26,7.81
2024-09-01,Pendle,Base,6.91,DAI,90105203,2.36,8.62
2024-09-01,Convex,Ethereum,5.03,USDT,169124683,25.81,0
2024-09-01,Convex,Ethereum,4.81,DAI,170087484,30.19,0
2024-09-01,Balancer,Ethereum,6.22,USDC,127099382,26.84,0
2024-09-01,Balancer,Ethereum,5.51,USDT,136794274,29.04,0
2024-09-01,Balancer,Ethereum,5.81,DAI,124123664,31.22,0
2024-09-01,Balancer,Arbitrum,5.62,USDC,118588408,2.13,9.27
2024-09-01,Balancer,Arbitrum,7.3,USDT,130612097,2.29,9.62
2024-09-01,Balancer,Arbitrum,6.56,DAI,128348499,2.5,13.74
2024-09-01,Balancer,Optimism,5.67,USDC,128958604,2.23,8.21
2024-09-01,Balancer,Optimism,6.41,USDT,118256934,2.33,5.66
2024-09-01,Balancer,Optimism,7.24,DAI,135007736,2.51,9.22
2024-09-01,Balancer,Polygon,7.34,USDC,130672104,1.17,9.75
2024-09-01,Balancer,Polygon,8.21,USDT,125808600,0.82,6.16
2024-09-01,Balancer,Polygon,5.54,DAI,133463476,1.05,6.97
2024-09-01,Balancer,Base,6.69,USDC,116656300,2.4,8.28
2024-09-01,Balancer,Base,7.37,DAI,124879148,2.83,7.7
2024-09-02,Aave,Ethereum,2.47,USDC,286176968,43.05,0
2024-09-02,Aave,Ethereum,2.66,USDT,292779952,35.84,0
2024-09-02,Aave,Ethereum,2.66,DAI,301218752,43.84,0
2024-09-02,Aave,Arbitrum,3.28,USDC,267755288,3.96,9.9
2024-09-02,Aave,Arbitrum,3.04,USDT,305269371,3.58,11.1
2024-09-02,Aave,Optimism,2.85,USDC,311238441,3.3,8.63
2024-09-02,Aave,Optimism,2.79,USDT,314812594,1.84,7.91
2024-09-02,Aave,Optimism,2.79,DAI,281190870,3.22,8.88
2024-09-02,Aave,Polygon,3.12,USDC,279639609,1.68,6.11
2024-09-02,Aave,Polygon,3.19,USDT,302950378,1.12,7.01
2024-09-02,Aave,Polygon,2.86,DAI,287168847,1.52,7.73
2024-09-02,Aave,Base,3.16,USDC,304981310,3.74,8.79
2024-09-02,Aave,Base,2.61,USDT,305470408,3.14,9.18
2024-09-02,Aave,Base,2.66,DAI,299256455,3.69,8.92
2024-09-02,Compound,Ethereum,2.06,USDC,201674142,41.32,0
2024-09-02,Compound,Ethereum,2.33,USDT,218281413,42.19,0
2024-09-02,Compound,Arbitrum,2.85,USDC,224344272,3.91,13.81
2024-09-02,Compound,Arbitrum,2.83,DAI,208112007,5.31,11.18
2024-09-02,Compound,Optimism,2.82,USDC,198590120,2.54,6.42
2024-09-02,Compound,Optimism,2.92,USDT,227358125,3.25,9.2
2024-09-02,Compound,Optimism,2.91,DAI,212496871,3.04,6.67
2024-09-02,Compound,Polygon,2.79,USDC,221946997,0.64,7.38
2024-09-02,Compound,Polygon,3.01,USDT,227272797,1.16,12.34
2024-09-02,Compound,Polygon,2.89,DAI,207738075,1.51,7.59
2024-09-02,Compound,Base,2.75,USDC,211363693,3.29,14.4
2024-09-02,Compound,Base,2.78,USDT,233373209,3.93,8.59
2024-09-02,Curve,Ethereum,5.22,USDC,392410890,42.91,0
2024-09-02,Curve,Ethereum,4.73,USDT,366666384,37.62,0
2024-09-02,Curve,Ethereum,5.47,DAI,384059846,35.36,0
2024-09-02,Curve,Arbitrum,6.86,USDC,355784599,2.81,13.6
2024-09-02,Curve,Arbitrum,6.94,USDT,380781566,3.66,17.07
2024-09-02,Curve,Arbitrum,5.57,DAI,387920474,3.95,12.15
2024-09-02,Curve,Optimism,6.14,USDC,342981902,2.33,9.06
2024-09-02,Curve,Optimism,7.56,USDT,360273009,3.16,10.39
2024-09-02,Curve,Polygon,5.97,USDC,361086704,1.5,9.15
2024-09-02,Curve,Polygon,6.87,USDT,396351874,2.33,7.98
2024-09-02,Curve,Polygon,6.39,DAI,389496199,1.57,10.14
2024-09-02,Curve,Base,6.9,USDC,408957278,3.13,11.96
2024-09-02,Curve,Base,6.24,USDT,388146051,3.66,9.13
2024-09-02,Curve,Base,7.72,DAI,381884086,4.04,13.63
2024-09-02,Uniswap V3,Ethereum,5.39,USDC,108276169,43.93,0
2024-09-02,Uniswap V3,Ethereum,5.16,USDT,121826569,32.6,0
2024-09-02,Uniswap V3,Ethereum,7.06,DAI,104731667,36.93,0
2024-09-02,Uniswap V3,Arbitrum,7.33,USDC,109909292,3.39,9.46
2024-09-02,Uniswap V3,Arbitrum,8.1,USDT,104519708,3.74,15.49
2024-09-02,Uniswap V3,Arbitrum,6.61,DAI,109387906,2.73,11.78
2024-09-02,Uniswap V3,Optimism,7.82,USDT,104570092,3.25,7.9
2024-09-02,Uniswap V3,Optimism,7.69,DAI,110660430,3.59,11.51
2024-09-02,Uniswap V3,Polygon,9.15,USDC,110799012,1.31,9.86
2024-09-02,Uniswap V3,Polygon,5.97,USDT,111480741,1.14,9.96
2024-09-02,Uniswap V3,Polygon,7.97,DAI,106200927,1.8,9.39
2024-09-02,Uniswap V3,Base,7.02,USDC,113090855,3.05,10.65
2024-09-02,Uniswap V3,Base,6.97,USDT,116081321,3.25,9.28
2024-09-02,Uniswap V3,Base,6.4,DAI,118431924,3.91,11.29
2024-09-02,Yearn,Ethereum,3.03,USDC,154203485,46.23,0
2024-09-02,Yearn,Ethereum,2.89,USDT,141806680,42.2,0
2024-09-02,Yearn,Ethereum,2.67,DAI,147993879,30.48,0
2024-09-02,Yearn,Arbitrum,3.97,USDC,137532129,2.92,12.02
2024-09-02,Yearn,Arbitrum,3.81,USDT,148037299,2.23,13.61
2024-09-02,Yearn,Arbitrum,3.47,DAI,144398598,3.44,13.45
2024-09-02,Yearn,Optimism,3.77,USDC,146319612,2.5,9.29
2024-09-02,Yearn,Optimism,3.96,USDT,135436723,3.3,9.2
2024-09-02,Yearn,Optimism,3.54,DAI,141318146,3.67,9.41
2024-09-02,Yearn,Polygon,3.86,USDC,139201796,1.44,5.75
2024-09-02,Yearn,Polygon,4.26,USDT,150924864,1.14,7.17
2024-09-02,Yearn,Polygon,4.12,DAI,138356079,2.06,8.64
2024-09-02,Yearn,Base,4.09,USDT,152368115,3.3,9.14
2024-09-02,Yearn,Base,3.96,DAI,143521724,3.11,10.95
2024-09-02,Pendle,Ethereum,8.4,USDT,89024663,48.15,0
2024-09-02,Pendle,Arbitrum,9.51,USDC,83048310,3.09,13.44
2024-09-02,Pendle,Arbitrum,10.3,USDT,89829341,2.85,16.68
2024-09-02,Pendle,Arbitrum,8.55,DAI,80898424,3.68,13.96
2024-09-02,Pendle,Optimism,11.22,USDC,89084867,2.56,9.78
2024-09-02,Pendle,Optimism,9.95,DAI,87679681,3.33,9.01
2024-09-02,Pendle,Base,10.5,USDC,91779045,3.48,10.02
2024-09-02,Pendle,Base,8.11,USDT,91035129,3.11,8.95
2024-09-02,Convex,Ethereum,4.81,USDC,174076926,43.48,0
2024-09-02,Convex,Ethereum,5.07,USDT,166365214,44.42,0
2024-09-02,Balancer,Ethereum,5.16,USDT,137940015,49.8,0
2024-09-02,Balancer,Ethereum,6.71,DAI,123092730,42.52,0
2024-09-02,Balancer,Arbitrum,7.29,USDC,122102519,2.75,11.7
2024-09-02,Balancer,Arbitrum,7.42,USDT,125925254,4.21,11.42
2024-09-02,Balancer,Arbitrum,4.89,DAI,128177544,3.49,10.03
2024-09-02,Balancer,Optimism,6.82,USDC,130982916,2.89,6.97
2024-09-02,Balancer,Optimism,6.62,USDT,129206785,2.7,7.67
2024-09-02,Balancer,Optimism,7.26,DAI,124106852,2.5,6.72
2024-09-02,Balancer,Polygon,8.39,USDC,120460930,2.0,11.22
2024-09-02,Balancer,Polygon,7.71,USDT,122225103,1.05,6.64
2024-09-02,Balancer,Polygon,7.63,DAI,122953528,1.49,3.3
2024-09-02,Balancer,Base,7.61,USDC,138861160,3.63,10.24
2024-09-02,Balancer,Base,6.8,DAI,130010648,2.83,10.27
2024-09-03,Aave,Ethereum,2.6,USDC,318002210,44.34,0
2024-09-03,Aave,Ethereum,2.48,USDT,295208088,33.87,0
2024-09-03,Aave,Ethereum,2.28,DAI,279815956,49.92,0
2024-09-03,Aave,Arbitrum,3.18,USDC,286647129,3.86,4.91
2024-09-03,Aave,Arbitrum,3.25,DAI,318162250,3.04,11.91
2024-09-03,Aave,Optimism,3.1,USDC,305487558,1.94,10.12
2024-09-03,Aave,Optimism,3.12,DAI,289745654,1.74,7.91
2024-09-03,Aave,Polygon,2.66,USDC,304696299,1.84,8.3
2024-09-03,Aave,Polygon,3.29,USDT,300705242,1.53,8.03
2024-09-03,Aave,Polygon,3.15,DAI,313727063,1.7,8.09
2024-09-03,Aave,Base,2.89,USDC,289075949,3.36,11.43
2024-09-03,Aave,Base,2.99,USDT,310457663,3.66,5.6
2024-09-03,Aave,Base,3.23,DAI,296706816,3.49,11.79
2024-09-03,Compound,Ethereum,2.34,USDC,205946971,46.75,0
2024-09-03,Compound,Ethereum,2.35,USDT,214472068,40.34,0
2024-09-03,Compound,Ethereum,2.19,DAI,214614016,45.87,0
2024-09-03,Compound,Arbitrum,2.94,USDC,216072309,3.59,13.36
2024-09-03,Compound,Arbitrum,2.91,USDT,201920667,3.89,9.95
2024-09-03,Compound,Arbitrum,3.09,DAI,227831161,4.72,14.42
2024-09-03,Compound,Optimism,2.99,USDC,210840588,2.78,10.03
2024-09-03,Compound,Optimism,2.9,USDT,205944022,2.29,10.95
2024-09-03,Compound,Optimism,3.03,DAI,227822035,2.43,11.77
2024-09-03,Compound,Polygon,3.03,USDC,223359250,0.98,9.78
2024-09-03,Compound,Polygon,3.51,USDT,214049194,1.41,7.33
2024-09-03,Compound,Polygon,3.21,DAI,227030845,1.44,10.82
2024-09-03,Compound,Base,3.13,USDC,217788427,3.46,12.05
2024-09-03,Compound,Base,2.69,USDT,218653833,3.38,14.34
2024-09-03,Compound,Base,2.85,DAI,232908409,2.75,12.36
2024-09-03,Curve,Ethereum,5.06,USDC,378755083,40.68,0
2024-09-03,Curve,Ethereum,5.69,USDT,402417940,54.06,0
2024-09-03,Curve,Ethereum,4.96,DAI,404249436,41.28,0
2024-09-03,Curve,Arbitrum,8.35,USDC,364912433,3.87,5.95
2024-09-03,Curve,Arbitrum,7.22,USDT,359288051,2.97,9.08
2024-09-03,Curve,Arbitrum,8.18,DAI,379628236,4.41,12.92
2024-09-03,Curve,Optimism,5.55,USDC,377751622,1.65,11.37
2024-09-03,Curve,Optimism,4.87,USDT,369668285,2.75,11.21
2024-09-03,Curve,Polygon,6.44,USDC,384653232,1.66,7.89
2024-09-03,Curve,Polygon,8.07,USDT,356157088,1.22,7.04
2024-09-03,Curve,Polygon,7.49,DAI,406885674,1.31,7.91
2024-09-03,Curve,Base,7.12,USDC,416655339,2.52,9.74
2024-09-03,Curve,Base,6.33,USDT,371618204,3.34,11.34
2024-09-03,Curve,Base,5.97,DAI,406945123,3.85,12.57
2024-09-03,Uniswap V3,Ethereum,7.08,USDC,115976745,47.32,0
2024-09-03,Uniswap V3,Ethereum,6.19,USDT,115954558,43.35,0
2024-09-03,Uniswap V3,Ethereum,6.1,DAI,113930227,42.48,0
2024-09-03,Uniswap V3,Arbitrum,6.78,USDC,109043000,3.8,10.94
2024-09-03,Uniswap V3,Arbitrum,7.39,USDT,114687292,4.84,10.68
2024-09-03,Uniswap V3,Arbitrum,7.86,DAI,117322234,3.65,14.49
2024-09-03,Uniswap V3,Optimism,7.51,USDC,111693810,3.23,8.72
2024-09-03,Uniswap V3,Optimism,6.09,USDT,106705233,2.67,11.48
2024-09-03,Uniswap V3,Optimism,7.7,DAI,112320967,2.25,5.95
2024-09-03,Uniswap V3,Polygon,7.68,USDT,119366622,1.99,9.61
2024-09-03,Uniswap V3,Polygon,7.07,DAI,115231109,1.39,6.52
2024-09-03,Uniswap V3,Base,6.12,USDC,119512607,3.36,9.07
2024-09-03,Uniswap V3,Base,7.87,USDT,110280365,3.76,9.71
2024-09-03,Uniswap V3,Base,8.27,DAI,108974797,2.53,10.25
2024-09-03,Yearn,Ethereum,3.65,USDC,133561087,48.42,0
2024-09-03,Yearn,Ethereum,3.18,USDT,140047593,48.38,0
2024-09-03,Yearn,Arbitrum,3.89,USDC,141430567,4.04,12.5
2024-09-03,Yearn,Arbitrum,3.78,USDT,146577811,2.87,14.53
2024-09-03,Yearn,Arbitrum,4.09,DAI,136417446,4.48,11.68
2024-09-03,Yearn,Optimism,3.81,USDC,140337186,2.73,10.83
2024-09-03,Yearn,Optimism,3.85,USDT,150895968,3.8,10.65
2024-09-03,Yearn,Optimism,4.0,DAI,153392309,2.16,7.98
2024-09-03,Yearn,Polygon,4.27,USDC,141922044,1.52,7.52
2024-09-03,Yearn,Polygon,4.4,USDT,148025512,1.58,6.12
2024-09-03,Yearn,Polygon,4.2,DAI,142839732,0.78,9.48
2024-09-03,Yearn,Base,3.97,USDC,134061857,3.77,10.83
2024-09-03,Yearn,Base,4.04,USDT,150048046,2.6,8.6
2024-09-03,Yearn,Base,3.98,DAI,150720143,3.3,11.62
2024-09-03,Pendle,Ethereum,7.26,USDC,88427710,34.05,0
2024-09-03,Pendle,Ethereum,7.57,USDT,87793857,39.0,0
2024-09-03,Pendle,Ethereum,8.2,DAI,87994254,28.46,0
2024-09-03,Pendle,Arbitrum,9.72,USDC,85502020,2.83,9.61
2024-09-03,Pendle,Arbitrum,11.15,USDT,88167658,3.4,9.48
2024-09-03,Pendle,Arbitrum,9.06,DAI,86201522,4.06,13.14
2024-09-03,Pendle,Optimism,10.89,USDT,86418773,2.58,10.1
2024-09-03,Pendle,Optimism,7.89,DAI,85438500,3.59,3.69
2024-09-03,Pendle,Base,10.63,USDC,90910328,3.6,12.39
2024-09-03,Pendle,Base,11.32,USDT,88117751,3.79,9.34
2024-09-03,Pendle,Base,11.31,DAI,96108446,2.86,10.09
2024-09-03,Convex,Ethereum,4.3,USDC,176512827,38.97,0
2024-09-03,Convex,Ethereum,4.32,USDT,174431307,43.41,0
2024-09-03,Convex,Ethereum,3.74,DAI,178770534,38.13,0
2024-09-03,Balancer,Ethereum,5.71,USDC,129378886,20.7,0
2024-09-03,Balancer,Ethereum,6.28,USDT,127763882,41.71,0
2024-09-03,Balancer,Ethereum,5.54,DAI,132289794,34.75,0
2024-09-03,Balancer,Arbitrum,8.28,USDC,136838185,4.01,14.61
2024-09-03,Balancer,Optimism,6.67,USDC,133001959,3.21,7.57
2024-09-03,Balancer,Optimism,7.71,DAI,133543515,2.27,6.57
2024-09-03,Balancer,Polygon,8.93,USDC,131576934,1.4,8.7
2024-09-03,Balancer,Polygon,6.5,USDT,127033151,1.46,8.2
2024-09-03,Balancer,Polygon,7.44,DAI,139818226,1.53,6.34
2024-09-03,Balancer,Base,5.77,USDC,124594731,2.83,12.65
2024-09-03,Balancer,Base,6.61,USDT,120135170,3.08,9.43
2024-09-03,Balancer,Base,7.33,DAI,126463432,3.14,9.46
2024-09-04,Aave,Ethereum,2.58,USDC,293249357,20.99,0
2024-09-04,Aave,Ethereum,2.29,USDT,300971256,44.55,0
2024-09-04,Aave,Arbitrum,3.05,USDC,321270297,3.42,9.67
2024-09-04,Aave,Arbitrum,3.0,USDT,304418771,4.2,14.07
2024-09-04,Aave,Arbitrum,3.22,DAI,309226967,3.78,10.25
2024-09-04,Aave,Optimism,3.1,USDC,290963880,3.5,7.3
2024-09-04,Aave,Optimism,2.7,USDT,286826651,2.94,9.31
2024-09-04,Aave,Optimism,2.8,DAI,310217223,2.3,10.32
2024-09-04,Aave,Polygon,3.37,USDC,285593313,1.28,10.52
2024-09-04,Aave,Polygon,2.84,USDT,331871231,1.65,8.16
2024-09-04,Aave,Base,2.76,USDC,301071944,2.86,10.62
2024-09-04,Aave,Base,3.38,USDT,304010557,2.73,10.39
2024-09-04,Aave,Base,3.19,DAI,296174563,3.59,6.45
2024-09-04,Compound,Ethereum,2.3,USDC,233057065,42.58,0
2024-09-04,Compound,Ethereum,2.35,USDT,213925511,41.3,0
2024-09-04,Compound,Ethereum,2.35,DAI,211093472,61.46,0
2024-09-04,Compound,Arbitrum,2.9,USDC,225258722,2.78,8.82
2024-09-04,Compound,Arbitrum,2.5,USDT,209950253,4.48,10.65
2024-09-04,Compound,Arbitrum,2.75,DAI,218009907,3.68,17.42
2024-09-04,Compound,Optimism,3.1,USDC,222170840,3.3,7.2
2024-09-04,Compound,Optimism,2.64,USDT,225128513,2.53,9.03
2024-09-04,Compound,Optimism,2.83,DAI,230069025,3.82,9.17
2024-09-04,Compound,Polygon,3.28,USDC,204974698,1.22,7.91
2024-09-04,Compound,Polygon,3.28,USDT,206084535,1.21,6.63
2024-09-04,Compound,Polygon,2.92,DAI,227825843,1.37,6.68
2024-09-04,Compound,Base,2.58,USDC,209976564,3.94,12.34
2024-09-04,Compound,Base,3.17,USDT,232337619,3.64,13.07
2024-09-04,Compound,Base,2.88,DAI,222304210,3.88,8.45
2024-09-04,Curve,Ethereum,6.01,USDC,399330840,47.44,0
2024-09-04,Curve,Ethereum,6.34,USDT,362337483,41.05,0
2024-09-04,Curve,Ethereum,6.02,DAI,384030950,40.42,0
2024-09-04,Curve,Arbitrum,6.11,USDC,360237197,3.42,9.46
2024-09-04,Curve,Arbitrum,8.03,USDT,385049665,3.54,12.34
2024-09-04,Curve,Arbitrum,5.99,DAI,376634884,4.34,12.2
2024-09-04,Curve,Optimism,5.79,USDC,378296292,3.15,10.87
2024-09-04,Curve,Optimism,7.1,USDT,380809596,3.17,7.44
2024-09-04,Curve,Optimism,6.23,DAI,405836564,2.44,5.5
2024-09-04,Curve,Polygon,5.96,USDC,432689544,1.73,7.1
2024-09-04,Curve,Polygon,5.41,USDT,373052933,1.73,8.26
2024-09-04,Curve,Polygon,6.6,DAI,384740381,1.62,8.74
2024-09-04,Curve,Base,6.18,USDT,397581350,3.73,9.44
2024-09-04,Curve,Base,8.01,DAI,384188321,3.34,11.58
2024-09-04,Uniswap V3,Ethereum,5.6,USDC,124259480,43.59,0
2024-09-04,Uniswap V3,Ethereum,7.03,USDT,118764165,41.72,0
2024-09-04,Uniswap V3,Ethereum,6.48,DAI,129484813,51.86,0
2024-09-04,Uniswap V3,Arbitrum,6.75,USDC,121024846,4.14,11.01
2024-09-04,Uniswap V3,Arbitrum,8.34,USDT,119738007,3.78,12.12
2024-09-04,Uniswap V3,Arbitrum,8.9,DAI,118957686,2.33,15.91
2024-09-04,Uniswap V3,Optimism,7.07,USDC,117009973,2.8,7.45
2024-09-04,Uniswap V3,Optimism,7.41,USDT,121998133,3.07,5.66
2024-09-04,Uniswap V3,Optimism,6.61,DAI,115004535,2.89,10.19
2024-09-04,Uniswap V3,Polygon,8.39,USDC,109819447,0.96,9.35
2024-09-04,Uniswap V3,Polygon,9.96,USDT,116773430,1.44,9.41
2024-09-04,Uniswap V3,Polygon,7.48,DAI,118405843,1.45,7.82
2024-09-04,Uniswap V3,Base,6.42,DAI,117289419,3.02,12.97
2024-09-04,Yearn,Ethereum,3.38,USDC,142332518,46.83,0
2024-09-04,Yearn,Ethereum,3.46,USDT,150387366,42.2,0
2024-09-04,Yearn,Ethereum,3.53,DAI,142318792,37.34,0
2024-09-04,Yearn,Arbitrum,3.92,USDC,141686912,2.37,16.5
2024-09-04,Yearn,Arbitrum,4.17,DAI,143412549,3.41,15.13
2024-09-04,Yearn,Optimism,4.1,USDT,143356140,2.61,4.61
2024-09-04,Yearn,Optimism,3.82,DAI,147838637,3.19,11.74
2024-09-04,Yearn,Polygon,4.47,USDC,152791552,1.14,10.16
2024-09-04,Yearn,Polygon,3.92,USDT,140984367,1.36,10.23
2024-09-04,Yearn,Polygon,3.7,DAI,146413424,1.15,6.2
2024-09-04,Yearn,Base,3.42,USDC,159617306,3.81,11.2
2024-09-04,Yearn,Base,3.8,USDT,138579218,2.45,9.95
2024-09-04,Yearn,Base,3.49,DAI,139822953,2.91,6.59
2024-09-04,Pendle,Ethereum,9.35,USDC,92038923,46.21,0
2024-09-04,Pendle,Ethereum,7.5,USDT,93185273,38.37,0
2024-09-04,Pendle,Ethereum,8.0,DAI,87661558,39.87,0
2024-09-04,Pendle,Arbitrum,9.49,USDC,88296594,4.1,8.39
2024-09-04,Pendle,Arbitrum,10.77,USDT,87538791,4.45,11.55
2024-09-04,Pendle,Arbitrum,9.03,DAI,94231651,3.83,12.74
2024-09-04,Pendle,Optimism,6.27,USDT,94431290,3.35,8.81
2024-09-04,Pendle,Optimism,7.44,DAI,93622681,3.1,8.25
2024-09-04,Pendle,Base,10.35,USDC,90513393,2.81,13.1
2024-09-04,Pendle,Base,9.04,USDT,87773273,3.61,11.28
2024-09-04,Pendle,Base,9.87,DAI,91332831,3.69,9.31
2024-09-04,Convex,Ethereum,4.49,USDT,185788292,36.9,0
2024-09-04,Convex,Ethereum,4.79,DAI,175246405,48.5,0
2024-09-04,Balancer,Ethereum,5.42,USDC,134420707,41.08,0
2024-09-04,Balancer,Ethereum,5.58,USDT,132612780,35.7,0
2024-09-04,Balancer,Ethereum,5.82,DAI,140877162,41.15,0
2024-09-04,Balancer,Arbitrum,6.24,USDC,126149218,4.35,11.8
2024-09-04,Balancer,Arbitrum,7.09,USDT,138539121,3.06,10.44
2024-09-04,Balancer,Arbitrum,7.53,DAI,135087318,3.53,10.72
2024-09-04,Balancer,Optimism,7.58,USDC,129161565,3.77,8.3
2024-09-04,Balancer,Optimism,7.03,USDT,139782296,3.0,7.89
2024-09-04,Balancer,Optimism,5.71,DAI,132225616,3.46,11.85
2024-09-04,Balancer,Polygon,6.87,USDC,130471654,1.48,8.33
2024-09-04,Balancer,Polygon,7.06,USDT,130306428,1.42,6.25
2024-09-04,Balancer,Polygon,6.74,DAI,142763064,2.0,7.03
2024-09-04,Balancer,Base,8.11,USDC,149525487,3.23,9.34
2024-09-04,Balancer,Base,7.46,USDT,136892286,3.5,11.68
2024-09-04,Balancer,Base,7.14,DAI,129155542,4.19,7.94
2024-09-05,Aave,Ethereum,2.22,USDC,305155910,47.96,0
2024-09-05,Aave,Ethereum,2.44,DAI,288589756,53.93,0
2024-09-05,Aave,Arbitrum,3.1,USDC,312829638,3.12,10.94
2024-09-05,Aave,Arbitrum,3.32,DAI,325416815,3.17,12.88
2024-09-05,Aave,Optimism,2.64,USDT,297208141,2.31,5.02
2024-09-05,Aave,Optimism,2.94,DAI,305840032,2.95,7.17
2024-09-05,Aave,Polygon,2.98,USDC,320002613,1.47,8.07
2024-09-05,Aave,Polygon,3.25,USDT,312798263,1.58,9.0
2024-09-05,Aave,Polygon,3.16,DAI,304041784,1.17,6.15
2024-09-05,Aave,Base,2.74,USDC,303274968,3.98,9.38
2024-09-05,Aave,Base,2.41,USDT,307424041,2.61,12.7
2024-09-05,Aave,Base,2.84,DAI,302920152,2.69,6.83
2024-09-05,Compound,Ethereum,2.32,USDT,216774551,38.65,0
2024-09-05,Compound,Ethereum,2.3,DAI,227319277,39.56,0
2024-09-05,Compound,Arbitrum,2.47,USDC,214541696,2.55,15.6
2024-09-05,Compound,Arbitrum,3.26,USDT,223882490,3.58,10.74
2024-09-05,Compound,Arbitrum,2.89,DAI,218520901,4.82,11.9
2024-09-05,Compound,Optimism,3.11,USDC,231907350,2.33,10.5
2024-09-05,Compound,Optimism,3.06,USDT,227965108,3.01,8.43
2024-09-05,Compound,Optimism,2.35,DAI,228715711,3.1,7.51
2024-09-05,Compound,Polygon,2.77,USDC,228670675,0.81,7.85
2024-09-05,Compound,Polygon,2.84,USDT,199830853,1.26,8.53
2024-09-05,Compound,Polygon,3.15,DAI,208785658,1.82,7.75
2024-09-05,Compound,Base,2.65,USDC,228139554,3.13,10.03
2024-09-05,Compound,Base,3.11,USDT,227289325,3.45,9.93
2024-09-05,Compound,Base,2.44,DAI,199473690,3.67,13.85
2024-09-05,Curve,Ethereum,5.13,USDC,397276009,47.67,0
2024-09-05,Curve,Ethereum,7.27,USDT,384069856,37.89,0
2024-09-05,Curve,Ethereum,4.78,DAI,401003207,57.07,0
2024-09-05,Curve,Arbitrum,7.46,USDC,378822248,2.86,15.55
2024-09-05,Curve,Arbitrum,6.1,USDT,385195151,4.82,8.0
2024-09-05,Curve,Arbitrum,6.9,DAI,388981284,2.76,13.76
2024-09-05,Curve,Optimism,6.7,USDC,380730865,3.64,8.99
2024-09-05,Curve,Optimism,5.89,USDT,397618539,3.01,6.14
2024-09-05,Curve,Optimism,5.43,DAI,384437381,3.47,12.46
2024-09-05,Curve,Polygon,8.54,USDC,364210556,1.1,8.4
2024-09-05,Curve,Polygon,6.02,USDT,412429512,1.7,8.32
2024-09-05,Curve,Polygon,9.5,DAI,422952548,1.19,9.09
2024-09-05,Curve,Base,7.44,USDC,363393681,3.62,11.51
2024-09-05,Curve,Base,7.51,USDT,384278047,3.14,10.34
2024-09-05,Curve,Base,4.8,DAI,401769264,3.04,9.65
2024-09-05,Uniswap V3,Ethereum,5.65,USDC,124387214,33.4,0
2024-09-05,Uniswap V3,Ethereum,5.67,USDT,121997555,44.8,0
2024-09-05,Uniswap V3,Ethereum,6.59,DAI,116900394,39.93,0
2024-09-05,Uniswap V3,Arbitrum,6.54,USDC,121806690,3.83,10.44
2024-09-05,Uniswap V3,Arbitrum,8.11,USDT,125250644,4.08,10.37
2024-09-05,Uniswap V3,Arbitrum,7.14,DAI,116353810,3.89,8.94
2024-09-05,Uniswap V3,Optimism,8.14,USDT,116434013,2.48,6.84
2024-09-05,Uniswap V3,Optimism,5.05,DAI,118950954,2.85,6.55
2024-09-05,Uniswap V3,Polygon,11.13,USDC,118993676,1.25,7.84
2024-09-05,Uniswap V3,Polygon,8.26,USDT,112032810,1.35,7.83
2024-09-05,Uniswap V3,Polygon,8.77,DAI,117043780,1.44,5.16
2024-09-05,Uniswap V3,Base,6.67,USDC,122358542,3.43,6.5
2024-09-05,Uniswap V3,Base,6.76,USDT,119731376,3.41,6.59
2024-09-05,Uniswap V3,Base,8.1,DAI,117230885,3.3,10.45
2024-09-05,Yearn,Ethereum,3.06,USDC,155783936,38.9,0
2024-09-05,Yearn,Ethereum,3.33,USDT,145783056,39.24,0
2024-09-05,Yearn,Ethereum,3.18,DAI,144223555,33.08,0
2024-09-05,Yearn,Arbitrum,4.14,USDC,141989314,3.31,9.22
2024-09-05,Yearn,Arbitrum,3.61,USDT,141277674,1.89,11.93
2024-09-05,Yearn,Arbitrum,4.15,DAI,145834398,3.24,10.52
2024-09-05,Yearn,Optimism,4.27,USDT,148949298,3.01,7.66
2024-09-05,Yearn,Optimism,4.04,DAI,138650289,3.2,6.5
2024-09-05,Yearn,Polygon,4.3,USDC,143359202,1.33,7.24
2024-09-05,Yearn,Polygon,4.23,DAI,154520983,1.5,10.11
2024-09-05,Yearn,Base,3.72,USDC,133493341,2.96,12.27
2024-09-05,Yearn,Base,3.9,DAI,161925542,4.04,10.39
2024-09-05,Pendle,Ethereum,8.99,USDC,92041292,49.03,0
2024-09-05,Pendle,Ethereum,9.69,USDT,94026681,55.31,0
2024-09-05,Pendle,Ethereum,6.36,DAI,92358176,41.35,0
2024-09-05,Pendle,Arbitrum,9.33,USDC,97359320,3.81,8.39
2024-09-05,Pendle,Arbitrum,10.73,USDT,92515859,4.14,13.43
2024-09-05,Pendle,Arbitrum,8.96,DAI,87822617,3.35,13.23
2024-09-05,Pendle,Optimism,10.09,USDC,90029441,3.33,9.03
2024-09-05,Pendle,Optimism,8.56,USDT,94287155,3.53,11.47
2024-09-05,Pendle,Optimism,9.54,DAI,85632104,2.64,8.6
2024-09-05,Pendle,Base,9.15,USDC,93852029,3.81,9.05
2024-09-05,Pendle,Base,9.83,USDT,94346404,2.53,10.69
2024-09-05,Pendle,Base,11.34,DAI,92673620,3.55,8.74
2024-09-05,Convex,Ethereum,4.44,USDC,182497802,25.35,0
2024-09-05,Convex,Ethereum,5.07,USDT,189348907,43.06,0
2024-09-05,Convex,Ethereum,3.73,DAI,180989897,41.69,0
2024-09-05,Balancer,Ethereum,5.82,USDC,128484755,41.41,0
2024-09-05,Balancer,Ethereum,5.03,USDT,131044810,43.25,0
2024-09-05,Balancer,Ethereum,5.63,DAI,125604714,43.25,0
2024-09-05,Balancer,Arbitrum,6.43,USDT,134806706,3.6,14.57
2024-09-05,Balancer,Arbitrum,6.96,DAI,128675493,3.3,11.1
2024-09-05,Balancer,Optimism,6.5,USDC,132772023,3.59,10.5
2024-09-05,Balancer,Optimism,5.5,USDT,131997731,1.72,8.35
2024-09-05,Balancer,Optimism,7.78,DAI,140857799,3.22,6.75
2024-09-05,Balancer,Polygon,7.64,USDC,140734383,1.4,6.95
2024-09-05,Balancer,Polygon,6.42,USDT,136355124,1.21,8.28
2024-09-05,Balancer,Polygon,6.64,DAI,139602458,1.66,6.3
2024-09-05,Balancer,Base,6.92,USDC,138759099,3.37,9.03
2024-09-05,Balancer,Base,7.12,USDT,128669795,3.57,12.06
2024-09-05,Balancer,Base,7.3,DAI,139006287,2.71,5.71
2024-09-06,Aave,Ethereum,2.57,USDC,310291036,40.96,0
2024-09-06,Aave,Ethereum,2.61,USDT,312064767,30.38,0
2024-09-06,Aave,Ethereum,2.88,DAI,300265657,48.31,0
2024-09-06,Aave,Arbitrum,2.54,USDC,334119229,4.08,10.55
2024-09-06,Aave,Arbitrum,3.11,USDT,305091350,4.39,13.83
2024-09-06,Aave,Arbitrum,2.99,DAI,288590133,3.77,11.94
2024-09-06,Aave,Optimism,3.17,USDC,308029656,3.7,10.18
2024-09-06,Aave,Optimism,2.52,USDT,309816323,3.03,11.87
2024-09-06,Aave,Optimism,2.51,DAI,333660900,2.56,6.97
2024-09-06,Aave,Polygon,2.75,USDC,325391448,1.23,6.94
2024-09-06,Aave,Polygon,3.45,USDT,308344602,1.34,8.04
2024-09-06,Aave,Polygon,2.74,DAI,279214703,1.74,7.05
2024-09-06,Aave,Base,3.12,USDC,294875480,2.77,10.86
2024-09-06,Aave,Base,2.32,USDT,314390736,3.47,7.52
2024-09-06,Aave,Base,2.76,DAI,310546849,3.41,9.62
2024-09-06,Compound,Ethereum,2.06,USDC,235915270,35.01,0
2024-09-06,Compound,Ethereum,2.29,USDT,238439836,29.36,0
2024-09-06,Compound,Ethereum,2.14,DAI,221956363,42.9,0
2024-09-06,Compound,Arbitrum,2.7,USDC,227991908,4.71,12.53
2024-09-06,Compound,Arbitrum,2.7,USDT,229926953,3.83,11.99
2024-09-06,Compound,Arbitrum,3.05,DAI,222540856,3.46,13.0
2024-09-06,Compound,Optimism,2.88,USDC,217286787,3.21,7.27
2024-09-06,Compound,Optimism,2.67,USDT,220130914,2.2,9.56
2024-09-06,Compound,Optimism,2.7,DAI,221220814,2.5,9.36
2024-09-06,Compound,Polygon,3.41,USDC,222509382,1.8,10.93
2024-09-06,Compound,Polygon,3.2,USDT,210789687,1.46,6.8
2024-09-06,Compound,Polygon,2.78,DAI,222940086,1.17,8.14
2024-09-06,Compound,Base,2.61,USDC,232226300,3.49,10.02
2024-09-06,Compound,Base,2.68,USDT,222041581,4.07,8.76
2024-09-06,Curve,Ethereum,6.3,USDC,399080757,30.13,0
2024-09-06,Curve,Ethereum,4.56,USDT,402687418,45.91,0
2024-09-06,Curve,Ethereum,6.22,DAI,400114228,27.75,0
2024-09-06,Curve,Arbitrum,7.09,USDC,403424373,2.6,16.17
2024-09-06,Curve,Arbitrum,4.75,USDT,383734962,2.45,12.54
2024-09-06,Curve,Arbitrum,6.26,DAI,370828901,3.62,11.98
2024-09-06,Curve,Optimism,6.16,USDC,378684866,3.54,8.76
2024-09-06,Curve,Optimism,5.59,USDT,379872529,2.45,8.16
2024-09-06,Curve,Optimism,6.63,DAI,382390483,2.46,6.49
2024-09-06,Curve,Polygon,6.39,USDT,394673385,1.59,9.63
2024-09-06,Curve,Polygon,6.45,DAI,419767187,1.66,7.24
2024-09-06,Curve,Base,4.84,USDC,386803238,3.52,7.88
2024-09-06,Curve,Base,7.2,USDT,391631552,3.86,10.72
2024-09-06,Uniswap V3,Ethereum,5.99,USDC,121659710,42.91,0
2024-09-06,Uniswap V3,Ethereum,7.04,USDT,125180205,33.65,0
2024-09-06,Uniswap V3,Ethereum,5.92,DAI,120784737,48.04,0
2024-09-06,Uniswap V3,Arbitrum,5.38,USDC,118689709,3.54,13.83
2024-09-06,Uniswap V3,Arbitrum,8.28,USDT,121157085,3.47,5.12
2024-09-06,Uniswap V3,Arbitrum,8.48,DAI,112879316,4.07,12.32
2024-09-06,Uniswap V3,Optimism,7.16,USDC,118451397,4.37,7.48
2024-09-06,Uniswap V3,Optimism,6.7,USDT,111906867,2.34,11.86
2024-09-06,Uniswap V3,Optimism,7.15,DAI,108044345,3.41,10.2
2024-09-06,Uniswap V3,Polygon,8.79,USDC,113300473,1.41,7.6
2024-09-06,Uniswap V3,Polygon,8.39,USDT,125470761,1.64,10.2
2024-09-06,Uniswap V3,Polygon,8.84,DAI,118492355,1.21,10.19
2024-09-06,Uniswap V3,Base,7.13,USDC,116081297,2.97,13.42
2024-09-06,Uniswap V3,Base,8.39,USDT,114852177,3.77,12.58
2024-09-06,Uniswap V3,Base,7.82,DAI,122701016,2.8,8.08
2024-09-06,Yearn,Ethereum,3.52,USDC,152521721,46.87,0
2024-09-06,Yearn,Ethereum,3.14,USDT,147870483,44.07,0
2024-09-06,Yearn,Ethereum,3.04,DAI,149569784,35.46,0
2024-09-06,Yearn,Arbitrum,3.88,USDC,142515909,3.88,13.16
2024-09-06,Yearn,Arbitrum,3.9,USDT,151296697,3.7,11.05
2024-09-06,Yearn,Arbitrum,4.0,DAI,143150413,4.87,10.54
2024-09-06,Yearn,Optimism,3.57,USDC,149698964,3.99,10.04
2024-09-06,Yearn,Optimism,3.49,USDT,152278876,3.4,11.48
2024-09-06,Yearn,Optimism,4.01,DAI,141309079,3.41,7.73
2024-09-06,Yearn,Polygon,3.76,USDC,141153448,1.31,7.64
2024-09-06,Yearn,Polygon,3.41,USDT,157832871,1.77,6.03
2024-09-06,Yearn,Polygon,4.33,DAI,138011285,1.52,9.54
2024-09-06,Yearn,Base,3.69,USDC,143686300,3.05,12.72
2024-09-06,Yearn,Base,4.21,USDT,148203377,3.31,11.24
2024-09-06,Yearn,Base,4.23,DAI,153106252,3.43,13.06
2024-09-06,Pendle,Ethereum,8.39,USDC,94602617,42.75,0
2024-09-06,Pendle,Ethereum,7.72,USDT,93049482,33.68,0
2024-09-06,Pendle,Ethereum,8.5,DAI,100283408,31.56,0
2024-09-06,Pendle,Arbitrum,10.28,USDT,91656153,4.15,9.87
2024-09-06,Pendle,Arbitrum,9.58,DAI,99847693,2.86,13.56
2024-09-06,Pendle,Optimism,11.42,USDT,86100685,1.73,12.51
2024-09-06,Pendle,Optimism,10.18,DAI,96620680,2.47,6.92
2024-09-06,Pendle,Base,8.23,USDC,89206705,3.01,11.32
2024-09-06,Convex,Ethereum,5.11,USDC,178422747,42.96,0
2024-09-06,Convex,Ethereum,5.35,USDT,182522980,46.59,0
2024-09-06,Convex,Ethereum,4.83,DAI,181322906,41.44,0
2024-09-06,Balancer,Ethereum,5.92,USDC,134199380,45.54,0
2024-09-06,Balancer,Ethereum,5.93,USDT,135081205,48.72,0
2024-09-06,Balancer,Ethereum,5.47,DAI,141717809,37.14,0
2024-09-06,Balancer,Arbitrum,6.47,USDC,137061793,3.42,12.83
2024-09-06,Balancer,Arbitrum,7.8,USDT,136325449,4.76,12.55
2024-09-06,Balancer,Arbitrum,6.72,DAI,144961111,3.55,15.38
2024-09-06,Balancer,Optimism,5.46,USDC,121681802,3.07,3.06
2024-09-06,Balancer,Optimism,6.15,USDT,135189402,3.42,6.38
2024-09-06,Balancer,Optimism,5.38,DAI,136476884,3.13,8.95
2024-09-06,Balancer,Polygon,7.64,USDC,139904578,1.72,10.43
2024-09-06,Balancer,Polygon,9.29,DAI,137333357,1.58,7.85
2024-09-06,Balancer,Base,7.06,USDC,139920813,2.88,8.4
2024-09-06,Balancer,Base,7.9,USDT,125455778,3.38,11.84
2024-09-06,Balancer,Base,5.7,DAI,132947762,3.09,6.49
2024-09-07,Aave,Ethereum,2.67,USDT,316609537,21.11,0
2024-09-07,Aave,Ethereum,2.45,DAI,297499178,26.75,0
2024-09-07,Aave,Arbitrum,2.61,USDC,304379529,2.44,11.22
2024-09-07,Aave,Arbitrum,3.02,DAI,295268585,3.2,10.68
2024-09-07,Aave,Optimism,2.37,USDC,314602691,2.65,7.73
2024-09-07,Aave,Optimism,2.22,USDT,304864211,2.3,6.82
2024-09-07,Aave,Polygon,3.14,USDC,289405405,1.24,6.97
2024-09-07,Aave,Polygon,2.89,USDT,299877989,0.74,7.19
2024-09-07,Aave,Polygon,3.43,DAI,329318724,0.95,7.92
2024-09-07,Aave,Base,2.95,USDC,313090168,1.87,10.97
2024-09-07,Aave,Base,2.56,USDT,312949291,2.54,9.37
2024-09-07,Aave,Base,2.85,DAI,310072696,1.99,7.57
2024-09-07,Compound,Ethereum,2.25,USDC,213916269,24.85,0
2024-09-07,Compound,Ethereum,2.0,USDT,232931484,28.02,0
2024-09-07,Compound,Ethereum,2.27,DAI,212324743,35.18,0
2024-09-07,Compound,Arbitrum,3.02,USDC,245024946,1.83,11.58
2024-09-07,Compound,Arbitrum,2.55,USDT,224552102,2.98,11.56
2024-09-07,Compound,Arbitrum,2.94,DAI,229482992,2.91,11.33
2024-09-07,Compound,Optimism,2.57,USDC,229969304,2.88,13.14
2024-09-07,Compound,Polygon,3.01,USDC,208892179,1.04,5.47
2024-09-07,Compound,Polygon,2.99,USDT,236753218,0.86,10.31
2024-09-07,Compound,Polygon,2.76,DAI,213039106,0.79,8.81
2024-09-07,Compound,Base,2.94,USDC,220399446,2.23,10.59
2024-09-07,Compound,Base,3.1,USDT,218203177,2.48,8.22
2024-09-07,Compound,Base,2.47,DAI,220604229,2.59,9.68
2024-09-07,Curve,Ethereum,6.0,USDC,373981761,30.46,0
2024-09-07,Curve,Ethereum,4.23,USDT,391179822,29.26,0
2024-09-07,Curve,Ethereum,3.87,DAI,393591503,30.89,0
2024-09-07,Curve,Arbitrum,6.35,USDC,378899606,2.18,6.99
2024-09-07,Curve,Arbitrum,6.72,USDT,380371575,2.18,13.89
2024-09-07,Curve,Arbitrum,7.52,DAI,398096472,1.45,13.83
2024-09-07,Curve,Optimism,6.76,USDC,419470546,2.28,11.99
2024-09-07,Curve,Optimism,5.27,USDT,409392107,2.41,6.38
2024-09-07,Curve,Optimism,6.1,DAI,404189988,1.99,9.32
2024-09-07,Curve,Polygon,7.5,USDC,404006226,1.27,8.97
2024-09-07,Curve,Polygon,5.05,USDT,410890822,0.74,7.37
2024-09-07,Curve,Polygon,6.01,DAI,392867298,0.73,4.7
2024-09-07,Curve,Base,7.14,USDC,390211719,2.22,10.92
2024-09-07,Curve,Base,6.6,USDT,402565007,2.49,8.48
2024-09-07,Curve,Base,7.89,DAI,381557892,1.94,12.5
2024-09-07,Uniswap V3,Ethereum,6.65,USDC,120989897,24.27,0
2024-09-07,Uniswap V3,Ethereum,5.97,USDT,126059960,23.94,0
2024-09-07,Uniswap V3,Ethereum,5.5,DAI,111695904,31.52,0
2024-09-07,Uniswap V3,Arbitrum,6.92,USDC,122619079,2.79,11.37
2024-09-07,Uniswap V3,Arbitrum,8.69,USDT,119922288,1.86,12.06
2024-09-07,Uniswap V3,Arbitrum,7.42,DAI,121009154,1.79,13.25
2024-09-07,Uniswap V3,Optimism,7.47,USDC,115318742,2.26,8.08
2024-09-07,Uniswap V3,Optimism,6.68,USDT,120433942,2.39,7.63
2024-09-07,Uniswap V3,Optimism,6.02,DAI,119228435,1.59,9.8
2024-09-07,Uniswap V3,Polygon,7.75,USDT,113191654,0.75,9.27
2024-09-07,Uniswap V3,Polygon,7.7,DAI,116411559,0.91,5.46
2024-09-07,Uniswap V3,Base,6.83,USDC,119323517,2.3,8.4
2024-09-07,Uniswap V3,Base,8.67,USDT,117148018,1.83,7.48
2024-09-07,Uniswap V3,Base,6.95,DAI,124021424,2.52,14.49
2024-09-07,Yearn,Ethereum,3.15,DAI,152402523,26.78,0
2024-09-07,Yearn,Arbitrum,3.7,USDC,143252648,1.86,11.32
2024-09-07,Yearn,Arbitrum,3.92,DAI,146330349,1.93,12.12
2024-09-07,Yearn,Optimism,4.09,USDT,147813724,1.39,9.06
2024-09-07,Yearn,Optimism,3.89,DAI,153096711,2.53,7.21
2024-09-07,Yearn,Polygon,4.2,USDT,140937856,1.15,9.24
2024-09-07,Yearn,Polygon,4.16,DAI,152584122,0.77,5.42
2024-09-07,Yearn,Base,3.7,USDC,144802945,1.81,10.04
2024-09-07,Yearn,Base,3.58,USDT,154533033,2.25,10.68
2024-09-07,Pendle,Ethereum,8.13,USDC,91498741,34.65,0
2024-09-07,Pendle,Ethereum,8.5,USDT,94761345,22.53,0
2024-09-07,Pendle,Ethereum,6.72,DAI,96877194,21.67,0
2024-09-07,Pendle,Arbitrum,9.08,USDC,94474632,2.5,19.05
2024-09-07,Pendle,Arbitrum,8.15,USDT,86532095,2.5,9.7
2024-09-07,Pendle,Optimism,11.31,USDC,89992147,1.7,8.94
2024-09-07,Pendle,Optimism,9.55,USDT,92283460,2.46,8.03
2024-09-07,Pendle,Optimism,10.04,DAI,87026834,2.05,9.77
2024-09-07,Pendle,Base,7.61,USDC,92769847,2.29,9.85
2024-09-07,Pendle,Base,7.71,DAI,91115183,2.34,9.15
2024-09-07,Convex,Ethereum,5.08,USDT,187680791,22.86,0
2024-09-07,Convex,Ethereum,4.33,DAI,183330048,23.99,0
2024-09-07,Balancer,Ethereum,6.17,USDC,133956742,22.14,0
2024-09-07,Balancer,Ethereum,5.46,USDT,132021183,31.35,0
2024-09-07,Balancer,Ethereum,5.31,DAI,134568762,25.8,0
2024-09-07,Balancer,Arbitrum,7.25,USDC,147295555,1.71,11.25
2024-09-07,Balancer,Arbitrum,6.97,DAI,142311628,1.78,12.76
2024-09-07,Balancer,Optimism,6.83,USDC,139786970,2.33,7.45
2024-09-07,Balancer,Optimism,6.92,DAI,138746908,2.37,6.78
2024-09-07,Balancer,Polygon,5.95,USDC,140292492,0.76,5.38
2024-09-07,Balancer,Polygon,6.55,USDT,142431473,1.2,6.81
2024-09-07,Balancer,Polygon,7.27,DAI,131920853,0.8,6.82
2024-09-07,Balancer,Base,7.88,USDC,128648648,2.29,8.22
2024-09-07,Balancer,Base,6.99,USDT,143415882,2.55,8.81
2024-09-07,Balancer,Base,7.07,DAI,136273852,2.71,10.83
2024-09-08,Aave,Ethereum,2.29,USDT,306856025,32.59,0
2024-09-08,Aave,Ethereum,2.27,DAI,333527806,28.67,0
2024-09-08,Aave,Arbitrum,3.14,USDC,312909267,2.17,7.62
2024-09-08,Aave,Arbitrum,3.03,USDT,309348606,3.22,11.97
2024-09-08,Aave,Optimism,2.4,USDT,306239446,2.13,10.37
2024-09-08,Aave,Optimism,2.49,DAI,323643832,2.57,7.98
2024-09-08,Aave,Polygon,2.82,USDC,317427436,1.17,6.56
2024-09-08,Aave,Polygon,2.78,USDT,313003544,0.45,6.6
2024-09-08,Aave,Polygon,2.77,DAI,324163946,1.06,5.2
2024-09-08,Aave,Base,2.99,USDC,306360455,2.43,9.93
2024-09-08,Aave,Base,2.74,USDT,309173529,2.77,7.02
2024-09-08,Aave,Base,2.71,DAI,314924663,2.15,8.66
2024-09-08,Compound,Ethereum,2.14,USDC,214188313,26.97,0
2024-09-08,Compound,Ethereum,2.29,USDT,219447438,29.98,0
2024-09-08,Compound,Ethereum,2.16,DAI,218758653,24.91,0
2024-09-08,Compound,Arbitrum,2.57,USDC,219029216,2.34,14.92
2024-09-08,Compound,Arbitrum,2.22,USDT,201197128,2.42,11.28
2024-09-08,Compound,Arbitrum,2.81,DAI,224464923,2.47,14.22
2024-09-08,Compound,Optimism,2.58,USDC,222579074,1.91,6.87
2024-09-08,Compound,Optimism,2.41,USDT,219299139,2.37,5.2
2024-09-08,Compound,Optimism,2.76,DAI,234675227,1.72,11.79
2024-09-08,Compound,Polygon,2.8,USDC,218023540,0.98,7.65
2024-09-08,Compound,Polygon,3.13,USDT,227388520,0.87,3.93
2024-09-08,Compound,Polygon,2.61,DAI,230164527,0.91,8.33
2024-09-08,Compound,Base,2.79,USDC,244963168,2.21,10.74
2024-09-08,Compound,Base,2.49,DAI,215735880,1.89,11.34
2024-09-08,Curve,Ethereum,5.01,USDC,377518203,28.42,0
2024-09-08,Curve,Ethereum,4.61,USDT,375173392,21.99,0
2024-09-08,Curve,Ethereum,6.4,DAI,383306902,26.25,0
2024-09-08,Curve,Arbitrum,6.99,USDT,382924686,2.06,10.44
2024-09-08,Curve,Arbitrum,5.77,DAI,396663468,2.87,12.84
2024-09-08,Curve,Optimism,7.1,USDC,401934689,2.6,9.67
2024-09-08,Curve,Optimism,6.5,USDT,379052348,1.61,11.79
2024-09-08,Curve,Optimism,7.43,DAI,388673271,1.24,9.1
2024-09-08,Curve,Polygon,6.0,USDC,392332436,0.83,5.33
2024-09-08,Curve,Polygon,7.0,USDT,415652650,1.01,6.97
2024-09-08,Curve,Base,7.52,USDC,382875708,2.68,7.47
2024-09-08,Curve,Base,5.64,USDT,369618059,2.06,11.63
2024-09-08,Curve,Base,7.52,DAI,413946331,2.18,10.83
2024-09-08,Uniswap V3,Ethereum,5.06,USDC,115495413,34.15,0
2024-09-08,Uniswap V3,Ethereum,7.26,USDT,120598328,27.45,0
2024-09-08,Uniswap V3,Ethereum,5.74,DAI,119891064,29.07,0
2024-09-08,Uniswap V3,Arbitrum,6.99,USDC,121239499,2.31,11.34
2024-09-08,Uniswap V3,Arbitrum,7.22,USDT,121332033,2.06,15.16
2024-09-08,Uniswap V3,Arbitrum,7.93,DAI,122716690,2.7,17.2
2024-09-08,Uniswap V3,Optimism,5.55,USDC,115798560,1.23,11.1
2024-09-08,Uniswap V3,Optimism,8.52,USDT,114076735,1.8,7.47
2024-09-08,Uniswap V3,Optimism,7.35,DAI,118084956,2.27,10.87
2024-09-08,Uniswap V3,Polygon,7.4,USDT,118601377,0.67,5.51
2024-09-08,Uniswap V3,Polygon,5.72,DAI,121735068,0.96,6.58
2024-09-08,Uniswap V3,Base,7.55,USDC,117725169,2.06,14.97
2024-09-08,Uniswap V3,Base,8.46,USDT,118091140,2.08,8.63
2024-09-08,Yearn,Ethereum,2.84,USDC,140231738,24.55,0
2024-09-08,Yearn,Ethereum,3.04,USDT,150677683,28.25,0
2024-09-08,Yearn,Ethereum,3.12,DAI,133978910,26.09,0
2024-09-08,Yearn,Arbitrum,4.25,USDT,141335415,2.37,9.21
2024-09-08,Yearn,Arbitrum,3.31,DAI,154483414,3.39,10.94
2024-09-08,Yearn,Optimism,3.37,USDC,140234026,1.24,7.99
2024-09-08,Yearn,Optimism,3.9,USDT,138452394,1.51,9.06
2024-09-08,Yearn,Optimism,3.86,DAI,133861539,1.84,9.76
2024-09-08,Yearn,Polygon,4.27,USDC,147944101,1.27,5.17
2024-09-08,Yearn,Polygon,4.3,USDT,153291225,0.88,9.82
2024-09-08,Yearn,Polygon,3.8,DAI,147946226,1.53,8.52
2024-09-08,Yearn,Base,4.11,USDC,157950085,2.41,10.34
2024-09-08,Yearn,Base,4.18,USDT,152851374,1.73,10.14
2024-09-08,Yearn,Base,3.68,DAI,139851350,2.18,7.83
2024-09-08,Pendle,Ethereum,8.13,USDC,96907975,23.8,0
2024-09-08,Pendle,Ethereum,5.22,USDT,93922964,28.45,0
2024-09-08,Pendle,Ethereum,7.76,DAI,94073080,29.55,0
2024-09-08,Pendle,Arbitrum,10.1,USDC,93319135,1.71,15.62
2024-09-08,Pendle,Arbitrum,9.17,USDT,91860361,2.26,9.47
2024-09-08,Pendle,Arbitrum,11.47,DAI,94270277,2.96,9.87
2024-09-08,Pendle,Optimism,10.63,USDT,85543212,1.83,6.1
2024-09-08,Pendle,Base,8.35,USDC,88273323,2.06,7.9
2024-09-08,Pendle,Base,9.01,USDT,98787368,2.28,6.38
2024-09-08,Pendle,Base,9.33,DAI,91750625,1.61,9.47
2024-09-08,Convex,Ethereum,4.49,USDT,183012709,24.76,0
2024-09-08,Convex,Ethereum,5.09,DAI,171734172,32.65,0
2024-09-08,Balancer,Ethereum,5.93,USDC,134211113,26.9,0
2024-09-08,Balancer,Ethereum,5.97,USDT,142005448,25.82,0
2024-09-08,Balancer,Ethereum,5.47,DAI,141388456,28.5,0
2024-09-08,Balancer,Arbitrum,6.35,USDT,127335731,2.4,11.78
2024-09-08,Balancer,Arbitrum,7.87,DAI,132574953,2.37,15.32
2024-09-08,Balancer,Optimism,7.48,USDC,141642412,1.83,8.78
2024-09-08,Balancer,Optimism,6.43,USDT,136740105,1.55,11.15
2024-09-08,Balancer,Optimism,5.82,DAI,142187335,2.13,14.59
2024-09-08,Balancer,Polygon,6.72,USDC,129845433,1.08,10.06
2024-09-08,Balancer,Polygon,7.66,USDT,137789135,1.16,7.04
2024-09-08,Balancer,Polygon,5.35,DAI,127416385,0.71,6.83
2024-09-08,Balancer,Base,5.67,USDT,139396385,2.08,14.76
2024-09-08,Balancer,Base,6.86,DAI,137767728,2.15,9.11
2024-09-09,Aave,Ethereum,2.06,USDC,307550099,47.78,0
2024-09-09,Aave,Ethereum,2.69,USDT,297040388,39.61,0
2024-09-09,Aave,Ethereum,2.36,DAI,320800699,36.16,0
2024-09-09,Aave,Arbitrum,2.62,USDC,289773900,3.35,5.71
2024-09-09,Aave,Arbitrum,2.84,USDT,316860625,2.7,11.72
2024-09-09,Aave,Arbitrum,2.87,DAI,317723948,3.36,11.1
2024-09-09,Aave,Optimism,3.09,USDC,320072088,3.56,12.39
2024-09-09,Aave,Optimism,2.98,USDT,295576220,2.8,7.83
2024-09-09,Aave,Optimism,3.03,DAI,310412005,3.62,8.65
2024-09-09,Aave,Polygon,3.05,USDC,287441376,1.49,8.57
2024-09-09,Aave,Polygon,3.24,USDT,300507041,1.46,7.44
2024-09-09,Aave,Polygon,2.97,DAI,311097168,1.29,4.63
2024-09-09,Aave,Base,2.96,USDC,309349497,3.3,8.59
2024-09-09,Aave,Base,2.98,USDT,294688749,3.62,12.36
2024-09-09,Compound,Ethereum,2.47,USDC,204303190,50.13,0
2024-09-09,Compound,Ethereum,2.36,USDT,212771217,45.79,0
2024-09-09,Compound,Ethereum,2.29,DAI,210941367,40.75,0
2024-09-09,Compound,Arbitrum,2.73,USDC,208268531,2.59,9.63
2024-09-09,Compound,Arbitrum,3.07,USDT,216249094,2.99,13.47
2024-09-09,Compound,Arbitrum,2.91,DAI,217330310,3.15,17.14
2024-09-09,Compound,Optimism,2.74,USDT,226241253,3.45,7.01
2024-09-09,Compound,Polygon,3.14,USDC,221465855,1.09,8.51
2024-09-09,Compound,Polygon,2.84,USDT,226315180,0.48,7.08
2024-09-09,Compound,Polygon,2.86,DAI,209218598,1.59,8.79
2024-09-09,Compound,Base,2.52,USDC,217422959,3.49,10.26
2024-09-09,Compound,Base,2.46,USDT,208927834,3.36,7.11
2024-09-09,Compound,Base,2.52,DAI,224665874,4.01,6.51
2024-09-09,Curve,Ethereum,5.29,USDT,379981358,38.19,0
2024-09-09,Curve,Ethereum,4.67,DAI,397184176,42.04,0
2024-09-09,Curve,Arbitrum,8.02,USDC,385210229,3.84,16.1
2024-09-09,Curve,Arbitrum,5.34,DAI,408993308,4.13,12.73
2024-09-09,Curve,Optimism,7.99,USDC,416849784,3.39,6.71
2024-09-09,Curve,Optimism,7.02,USDT,390648203,2.63,8.75
2024-09-09,Curve,Optimism,5.9,DAI,388791564,2.62,6.62
2024-09-09,Curve,Polygon,7.7,USDC,388861595,0.87,8.27
2024-09-09,Curve,Polygon,8.12,USDT,416663641,1.31,8.3
2024-09-09,Curve,Polygon,5.76,DAI,392697472,1.91,9.33
2024-09-09,Curve,Base,6.4,USDC,383726638,2.72,11.15
2024-09-09,Curve,Base,6.69,USDT,393974532,3.53,10.7
2024-09-09,Curve,Base,7.29,DAI,388180292,4.34,11.92
2024-09-09,Uniswap V3,Ethereum,6.59,USDC,116311938,44.23,0
2024-09-09,Uniswap V3,Ethereum,5.88,USDT,118198352,48.76,0
2024-09-09,Uniswap V3,Ethereum,5.66,DAI,118006719,31.36,0
2024-09-09,Uniswap V3,Arbitrum,6.66,USDC,112749056,4.46,10.06
2024-09-09,Uniswap V3,Arbitrum,8.35,USDT,113555667,3.76,11.02
2024-09-09,Uniswap V3,Arbitrum,7.4,DAI,110241017,4.16,11.34
2024-09-09,Uniswap V3,Optimism,7.05,USDC,115921635,3.25,8.67
2024-09-09,Uniswap V3,Optimism,6.76,USDT,115875538,2.48,10.33
2024-09-09,Uniswap V3,Polygon,6.21,USDC,118052508,1.14,8.72
2024-09-09,Uniswap V3,Polygon,7.45,USDT,111761742,1.49,9.33
2024-09-09,Uniswap V3,Polygon,6.42,DAI,109932394,1.52,10.44
2024-09-09,Uniswap V3,Base,6.92,USDC,121874828,3.6,10.64
2024-09-09,Uniswap V3,Base,6.95,USDT,120847577,3.06,13.6
2024-09-09,Uniswap V3,Base,4.72,DAI,113339635,3.68,8.92
2024-09-09,Yearn,Ethereum,3.09,USDC,148834112,36.57,0
2024-09-09,Yearn,Ethereum,3.4,USDT,138026569,30.99,0
2024-09-09,Yearn,Ethereum,3.15,DAI,146905475,54.99,0
2024-09-09,Yearn,Arbitrum,3.85,USDT,145843155,3.33,8.84
2024-09-09,Yearn,Arbitrum,3.71,DAI,138418724,3.21,7.59
2024-09-09,Yearn,Optimism,3.84,USDC,143706184,2.97,8.36
2024-09-09,Yearn,Optimism,3.21,USDT,143296012,3.12,10.77
2024-09-09,Yearn,Optimism,3.68,DAI,152009323,3.58,7.39
2024-09-09,Yearn,Polygon,4.25,USDC,146516583,1.7,9.71
2024-09-09,Yearn,Polygon,3.87,USDT,147787271,0.85,6.91
2024-09-09,Yearn,Polygon,3.97,DAI,148473157,1.45,9.76
2024-09-09,Yearn,Base,3.69,USDC,148910546,4.06,9.47
2024-09-09,Yearn,Base,3.71,USDT,144536526,3.92,8.68
2024-09-09,Yearn,Base,3.56,DAI,142469861,3.28,12.79
2024-09-09,Pendle,Ethereum,8.19,USDC,98359220,35.44,0
2024-09-09,Pendle,Ethereum,6.46,USDT,93797109,57.69,0
2024-09-09,Pendle,Ethereum,8.49,DAI,91561670,49.73,0
2024-09-09,Pendle,Arbitrum,10.76,USDC,91637013,2.91,8.41
2024-09-09,Pendle,Arbitrum,11.24,USDT,95582687,3.5,10.93
2024-09-09,Pendle,Arbitrum,8.41,DAI,85452214,2.37,11.55
2024-09-09,Pendle,Optimism,9.44,USDC,96548901,2.2,7.74
2024-09-09,Pendle,Optimism,9.86,USDT,84216258,2.75,11.45
2024-09-09,Pendle,Optimism,9.99,DAI,89683160,2.9,7.29
2024-09-09,Pendle,Base,9.28,USDC,92300087,3.29,8.9
2024-09-09,Pendle,Base,7.94,USDT,90694166,3.48,9.81
2024-09-09,Pendle,Base,7.0,DAI,93595920,3.61,12.05
2024-09-09,Convex,Ethereum,5.42,USDC,191290400,48.72,0
2024-09-09,Convex,Ethereum,4.29,USDT,184363230,40.18,0
2024-09-09,Convex,Ethereum,4.94,DAI,180652525,53.25,0
2024-09-09,Balancer,Ethereum,5.69,USDC,128099977,37.85,0
2024-09-09,Balancer,Ethereum,4.78,USDT,133070225,50.43,0
2024-09-09,Balancer,Arbitrum,6.14,USDC,130281754,4.18,12.85
2024-09-09,Balancer,Arbitrum,6.13,USDT,129134582,4.24,16.02
2024-09-09,Balancer,Arbitrum,6.11,DAI,136751103,2.53,10.99
2024-09-09,Balancer,Optimism,5.35,USDT,140965313,4.36,10.22
2024-09-09,Balancer,Optimism,7.04,DAI,139796996,3.52,8.85
2024-09-09,Balancer,Polygon,7.29,USDC,128834212,1.95,9.92
2024-09-09,Balancer,Polygon,7.38,USDT,141575057,1.28,9.04
2024-09-09,Balancer,Polygon,8.8,DAI,133745676,1.35,7.64
2024-09-09,Balancer,Base,7.09,USDC,134746221,2.88,9.91
2024-09-09,Balancer,Base,5.52,USDT,139372778,3.42,6.45
2024-09-09,Balancer,Base,6.35,DAI,137018651,3.35,11.51
2024-09-10,Aave,Ethereum,2.22,USDT,307676232,51.91,0
2024-09-10,Aave,Ethereum,2.46,DAI,305294186,40.74,0
2024-09-10,Aave,Arbitrum,2.94,USDC,289455481,3.14,17.88
2024-09-10,Aave,Arbitrum,2.79,USDT,326922220,5.19,9.08
2024-09-10,Aave,Arbitrum,2.71,DAI,300111202,4.32,14.71
2024-09-10,Aave,Optimism,3.17,USDC,299889549,2.47,6.6
2024-09-10,Aave,Optimism,3.08,USDT,307519188,3.36,9.58
2024-09-10,Aave,Optimism,3.06,DAI,303007620,2.52,7.57
2024-09-10,Aave,Polygon,3.64,USDC,318634456,1.23,8.56
2024-09-10,Aave,Polygon,3.18,USDT,296673456,1.42,8.83
2024-09-10,Aave,Polygon,2.83,DAI,306764217,1.37,7.49
2024-09-10,Aave,Base,2.99,USDC,336901198,3.27,9.4
2024-09-10,Aave,Base,3.39,DAI,303786027,3.41,7.04
2024-09-10,Compound,Ethereum,2.25,USDC,219626980,41.29,0
2024-09-10,Compound,Ethereum,2.42,USDT,220902300,43.37,0
2024-09-10,Compound,Ethereum,2.35,DAI,232979307,38.09,0
2024-09-10,Compound,Arbitrum,2.77,USDC,191651961,2.67,9.7
2024-09-10,Compound,Arbitrum,2.68,USDT,227635191,1.45,11.58
2024-09-10,Compound,Arbitrum,2.99,DAI,193495061,4.74,14.69
2024-09-10,Compound,Optimism,2.51,USDC,220931827,4.32,8.61
2024-09-10,Compound,Optimism,2.77,USDT,224146643,2.84,8.31
2024-09-10,Compound,Optimism,2.52,DAI,207550885,1.87,8.3
2024-09-10,Compound,Polygon,3.29,USDC,220177476,0.93,8.87
2024-09-10,Compound,Polygon,2.96,USDT,211564668,1.35,8.68
2024-09-10,Compound,Polygon,2.94,DAI,232882760,1.39,6.58
2024-09-10,Compound,Base,2.8,USDC,218387591,3.01,11.63
2024-09-10,Compound,Base,2.78,USDT,222208436,2.62,10.67
2024-09-10,Compound,Base,2.52,DAI,233250818,3.87,11.29
2024-09-10,Curve,Ethereum,5.51,USDC,403815554,42.27,0
2024-09-10,Curve,Ethereum,6.27,USDT,379529312,40.88,0
2024-09-10,Curve,Ethereum,5.24,DAI,395521703,49.92,0
2024-09-10,Curve,Arbitrum,4.42,USDC,389228524,4.02,12.27
2024-09-10,Curve,Arbitrum,5.87,USDT,406224227,3.7,12.83
2024-09-10,Curve,Arbitrum,7.34,DAI,380381696,4.12,10.54
2024-09-10,Curve,Optimism,6.34,USDC,407632194,2.91,7.05
2024-09-10,Curve,Optimism,6.2,USDT,385504412,4.71,8.46
2024-09-10,Curve,Optimism,6.15,DAI,388190620,3.01,8.72
2024-09-10,Curve,Polygon,6.25,USDC,399824892,1.38,6.89
2024-09-10,Curve,Polygon,7.04,USDT,357506023,1.91,6.9
2024-09-10,Curve,Polygon,6.86,DAI,401627895,1.23,10.79
2024-09-10,Curve,Base,6.41,USDC,393215462,3.4,9.61
2024-09-10,Curve,Base,7.28,USDT,399602370,3.32,11.16
2024-09-10,Curve,Base,7.17,DAI,373482976,3.16,14.08
2024-09-10,Uniswap V3,Ethereum,5.63,USDC,115237731,39.67,0
2024-09-10,Uniswap V3,Ethereum,5.15,USDT,109540097,32.41,0
2024-09-10,Uniswap V3,Ethereum,6.25,DAI,115122783,38.83,0
2024-09-10,Uniswap V3,Arbitrum,7.15,USDC,110242908,3.06,12.54
2024-09-10,Uniswap V3,Arbitrum,6.46,USDT,122336976,3.42,10.85
2024-09-10,Uniswap V3,Arbitrum,7.82,DAI,112501040,3.62,8.88
2024-09-10,Uniswap V3,Optimism,6.99,USDC,109297721,2.89,6.52
2024-09-10,Uniswap V3,Optimism,7.17,USDT,121645637,3.89,7.29
2024-09-10,Uniswap V3,Optimism,6.03,DAI,112700239,3.3,9.58
2024-09-10,Uniswap V3,Polygon,7.33,USDT,112453625,1.43,7.31
2024-09-10,Uniswap V3,Base,9.16,USDC,122954244,3.59,9.73
2024-09-10,Uniswap V3,Base,5.74,USDT,117327892,3.25,12.54
2024-09-10,Uniswap V3,Base,7.38,DAI,120124144,3.59,12.64
2024-09-10,Yearn,Ethereum,3.51,USDC,154153347,34.7,0
2024-09-10,Yearn,Ethereum,3.18,USDT,147929685,49.13,0
2024-09-10,Yearn,Ethereum,3.34,DAI,151745667,32.77,0
2024-09-10,Yearn,Arbitrum,4.1,USDC,148076181,5.06,10.18
2024-09-10,Yearn,Arbitrum,4.0,USDT,144430122,3.93,11.81
2024-09-10,Yearn,Optimism,4.01,USDC,148009093,2.77,7.01
2024-09-10,Yearn,Optimism,3.79,USDT,149766502,4.23,12.01
2024-09-10,Yearn,Optimism,3.81,DAI,152252969,2.7,8.87
2024-09-10,Yearn,Polygon,4.44,USDC,145716334,1.11,7.31
2024-09-10,Yearn,Polygon,4.04,USDT,151354207,1.86,5.91
2024-09-10,Yearn,Polygon,4.63,DAI,137005676,1.75,7.52
2024-09-10,Yearn,Base,3.63,USDC,144633076,3.56,7.88
2024-09-10,Yearn,Base,4.15,USDT,135661297,3.52,7.94
2024-09-10,Yearn,Base,4.23,DAI,154990487,2.96,11.94
2024-09-10,Pendle,Ethereum,8.47,USDC,96091083,49.61,0
2024-09-10,Pendle,Ethereum,9.26,USDT,83478137,41.58,0
2024-09-10,Pendle,Ethereum,9.77,DAI,90708969,44.28,0
2024-09-10,Pendle,Arbitrum,7.81,USDC,91997885,3.29,13.18
2024-09-10,Pendle,Arbitrum,10.28,USDT,95429975,3.54,8.09
2024-09-10,Pendle,Arbitrum,9.78,DAI,85849017,2.99,11.96
2024-09-10,Pendle,Optimism,9.26,USDC,92324758,3.31,9.9
2024-09-10,Pendle,Optimism,8.74,USDT,91499801,1.67,9.72
2024-09-10,Pendle,Optimism,9.83,DAI,88821665,2.74,8.92
2024-09-10,Pendle,Base,7.94,USDC,95251629,3.24,8.79
2024-09-10,Pendle,Base,10.44,USDT,98194708,3.34,11.0
2024-09-10,Pendle,Base,10.41,DAI,92540832,3.43,10.34
2024-09-10,Convex,Ethereum,5.22,USDC,172206862,37.9,0
2024-09-10,Convex,Ethereum,4.93,DAI,174871698,42.12,0
2024-09-10,Balancer,Ethereum,5.41,USDC,136747427,39.02,0
2024-09-10,Balancer,Ethereum,5.56,USDT,133480000,40.01,0
2024-09-10,Balancer,Ethereum,4.96,DAI,130832045,52.76,0
2024-09-10,Balancer,Arbitrum,6.12,USDC,136507421,3.82,12.92
2024-09-10,Balancer,Arbitrum,6.9,USDT,132266569,4.54,12.87
2024-09-10,Balancer,Arbitrum,7.04,DAI,139502222,2.7,11.9
2024-09-10,Balancer,Optimism,8.36,USDC,126450489,2.68,5.78
2024-09-10,Balancer,Polygon,7.23,USDC,137364891,1.17,7.54
2024-09-10,Balancer,Polygon,8.1,USDT,128701445,1.48,6.64
2024-09-10,Balancer,Polygon,7.05,DAI,134709062,1.02,11.11
2024-09-10,Balancer,Base,7.28,USDC,137122691,2.22,6.46
2024-09-10,Balancer,Base,8.07,USDT,131413444,2.94,10.55
2024-09-10,Balancer,Base,6.69,DAI,133374913,3.6,13.14
2024-09-11,Aave,Ethereum,2.29,USDC,276823083,38.93,0
2024-09-11,Aave,Ethereum,2.38,USDT,297704310,41.48,0
2024-09-11,Aave,Ethereum,2.46,DAI,299387409,43.17,0
2024-09-11,Aave,Arbitrum,3.56,USDC,300943438,3.74,14.59
2024-09-11,Aave,Arbitrum,3.08,DAI,307516444,2.93,12.9
2024-09-11,Aave,Optimism,3.5,USDC,299577060,4.09,6.11
2024-09-11,Aave,Optimism,3.06,USDT,317126363,3.74,10.53
2024-09-11,Aave,Optimism,3.45,DAI,272100257,3.12,8.49
2024-09-11,Aave,Polygon,3.4,USDC,278383247,1.2,11.31
2024-09-11,Aave,Polygon,3.3,USDT,306570958,1.29,6.09
2024-09-11,Aave,Polygon,2.78,DAI,305104454,1.55,10.71
2024-09-11,Aave,Base,3.15,USDC,290342701,2.12,11.92
2024-09-11,Aave,Base,3.31,DAI,277532354,2.7,9.53
2024-09-11,Compound,Ethereum,2.14,USDC,225545875,45.78,0
2024-09-11,Compound,Ethereum,2.49,USDT,205771586,56.31,0
2024-09-11,Compound,Ethereum,2.56,DAI,228729927,34.35,0
2024-09-11,Compound,Arbitrum,3.08,USDC,220690992,3.69,14.98
2024-09-11,Compound,Arbitrum,3.11,USDT,198142503,3.57,10.16
2024-09-11,Compound,Arbitrum,3.1,DAI,232605586,3.96,18.0
2024-09-11,Compound,Optimism,2.97,USDC,213057334,3.23,7.46
2024-09-11,Compound,Polygon,3.04,USDC,223265461,0.78,4.53
2024-09-11,Compound,Polygon,3.41,USDT,199524075,1.13,8.31
2024-09-11,Compound,Polygon,3.15,DAI,217230055,1.3,6.79
2024-09-11,Compound,Base,2.82,USDC,238811301,4.24,10.21
2024-09-11,Compound,Base,3.24,USDT,222329504,3.23,14.04
2024-09-11,Compound,Base,2.71,DAI,209386185,3.1,13.86
2024-09-11,Curve,Ethereum,5.83,USDC,384237871,44.46,0
2024-09-11,Curve,Ethereum,5.38,USDT,403395083,41.21,0
2024-09-11,Curve,Ethereum,5.43,DAI,377919556,51.23,0
2024-09-11,Curve,Arbitrum,6.53,USDC,405197272,3.16,18.09
2024-09-11,Curve,Arbitrum,8.0,USDT,372143389,2.8,13.84
2024-09-11,Curve,Optimism,6.68,USDC,399409695,2.94,8.03
2024-09-11,Curve,Optimism,6.3,USDT,388521670,2.73,9.38
2024-09-11,Curve,Optimism,5.75,DAI,353389099,2.74,8.31
2024-09-11,Curve,Polygon,7.21,USDC,378302487,1.55,9.02
2024-09-11,Curve,Polygon,7.06,USDT,370977162,1.25,7.43
2024-09-11,Curve,Polygon,5.61,DAI,375132932,1.29,5.01
2024-09-11,Curve,Base,6.34,USDC,408787156,3.63,12.09
2024-09-11,Curve,Base,5.85,USDT,400613422,3.55,12.27
2024-09-11,Curve,Base,8.38,DAI,363155702,3.32,11.76
2024-09-11,Uniswap V3,Ethereum,7.24,USDC,116471351,67.68,0
2024-09-11,Uniswap V3,Ethereum,6.17,USDT,117785830,34.3,0
2024-09-11,Uniswap V3,Ethereum,5.81,DAI,114298378,29.66,0
2024-09-11,Uniswap V3,Arbitrum,8.13,USDC,109585689,4.2,14.38
2024-09-11,Uniswap V3,Arbitrum,6.27,USDT,107839633,3.91,11.27
2024-09-11,Uniswap V3,Arbitrum,5.8,DAI,119503201,4.4,10.55
2024-09-11,Uniswap V3,Optimism,6.19,USDC,114728218,2.1,10.61
2024-09-11,Uniswap V3,Optimism,6.18,USDT,109618407,2.42,9.4
2024-09-11,Uniswap V3,Polygon,7.84,USDC,105273502,1.82,7.1
2024-09-11,Uniswap V3,Polygon,7.74,USDT,114208820,1.67,4.61
2024-09-11,Uniswap V3,Polygon,8.33,DAI,115292983,1.28,8.28
2024-09-11,Uniswap V3,Base,6.48,USDC,110037824,3.02,7.91
2024-09-11,Uniswap V3,Base,7.16,USDT,117810398,3.52,8.42
2024-09-11,Yearn,Ethereum,3.72,USDT,142319360,32.33,0
2024-09-11,Yearn,Ethereum,3.06,DAI,140600090,53.05,0
2024-09-11,Yearn,Arbitrum,3.87,USDC,146322830,3.46,6.42
2024-09-11,Yearn,Arbitrum,3.99,USDT,141823729,2.35,10.29
2024-09-11,Yearn,Optimism,3.81,USDC,151602405,2.03,8.21
2024-09-11,Yearn,Optimism,4.01,DAI,137574518,2.57,10.59
2024-09-11,Yearn,Polygon,3.66,USDC,133698665,1.23,10.24
2024-09-11,Yearn,Polygon,3.84,USDT,152347713,0.95,7.37
2024-09-11,Yearn,Polygon,4.22,DAI,130821269,1.86,6.97
2024-09-11,Yearn,Base,3.88,USDC,150348272,2.81,7.63
2024-09-11,Yearn,Base,4.65,USDT,153333270,3.21,12.81
2024-09-11,Yearn,Base,3.75,DAI,147644894,3.32,13.49
2024-09-11,Pendle,Ethereum,6.43,USDT,90691613,42.49,0
2024-09-11,Pendle,Arbitrum,7.65,USDC,88332927,4.19,7.58
2024-09-11,Pendle,Arbitrum,10.61,USDT,89811297,3.23,12.48
2024-09-11,Pendle,Arbitrum,11.35,DAI,91433147,3.24,12.02
2024-09-11,Pendle,Optimism,10.82,USDC,93880008,3.64,9.38
2024-09-11,Pendle,Optimism,7.8,USDT,92813681,3.64,9.39
2024-09-11,Pendle,Optimism,9.62,DAI,89215863,2.98,7.35
2024-09-11,Pendle,Base,9.93,USDC,87049489,3.7,9.14
2024-09-11,Pendle,Base,9.36,USDT,99253888,3.0,8.32
2024-09-11,Pendle,Base,9.41,DAI,86607277,3.17,11.84
2024-09-11,Convex,Ethereum,4.22,USDC,173519102,28.44,0
2024-09-11,Convex,Ethereum,5.36,USDT,183845390,40.47,0
2024-09-11,Convex,Ethereum,4.36,DAI,182755817,40.66,0
2024-09-11,Balancer,Ethereum,5.46,USDC,123973566,40.61,0
2024-09-11,Balancer,Ethereum,4.67,USDT,137642579,34.17,0
2024-09-11,Balancer,Ethereum,4.72,DAI,138968088,43.19,0
2024-09-11,Balancer,Arbitrum,7.67,USDC,135550721,3.0,9.48
2024-09-11,Balancer,Arbitrum,8.46,USDT,137809045,3.71,12.03
2024-09-11,Balancer,Arbitrum,6.17,DAI,131426266,4.1,12.14
2024-09-11,Balancer,Optimism,7.35,USDT,127457037,2.52,8.83
2024-09-11,Balancer,Optimism,5.73,DAI,128935436,3.71,9.23
2024-09-11,Balancer,Polygon,7.8,USDC,125445458,1.54,6.81
2024-09-11,Balancer,Polygon,6.63,USDT,139885457,2.07,8.07
2024-09-11,Balancer,Polygon,7.15,DAI,127223057,1.58,6.9
2024-09-11,Balancer,Base,5.92,USDC,123607042,3.62,11.26
2024-09-11,Balancer,Base,7.47,USDT,139982505,3.22,12.22
2024-09-12,Aave,Ethereum,2.51,USDC,298325975,36.84,0
2024-09-12,Aave,Ethereum,2.55,USDT,272883326,40.27,0
2024-09-12,Aave,Ethereum,2.58,DAI,287911320,46.69,0
2024-09-12,Aave,Arbitrum,3.23,USDC,315912840,3.02,10.81
2024-09-12,Aave,Arbitrum,3.0,DAI,299897424,2.86,9.72
2024-09-12,Aave,Optimism,2.57,USDC,306520157,3.91,4.69
2024-09-12,Aave,Optimism,3.13,USDT,289494163,2.22,8.13
2024-09-12,Aave,Optimism,3.07,DAI,301037794,3.32,9.73
2024-09-12,Aave,Polygon,3.35,USDC,296577261,1.43,6.9
2024-09-12,Aave,Polygon,3.23,USDT,314151731,1.41,9.97
2024-09-12,Aave,Polygon,3.52,DAI,304954336,0.78,8.35
2024-09-12,Aave,Base,2.94,USDC,293668353,3.65,9.87
2024-09-12,Aave,Base,3.24,USDT,303381507,3.88,10.87
2024-09-12,Aave,Base,2.87,DAI,305650754,3.32,7.03
2024-09-12,Compound,Ethereum,2.4,USDC,213159803,54.05,0
2024-09-12,Compound,Ethereum,2.28,DAI,208394546,49.65,0
2024-09-12,Compound,Arbitrum,2.69,USDC,218144715,2.89,11.19
2024-09-12,Compound,Arbitrum,2.61,USDT,203590812,3.26,13.71
2024-09-12,Compound,Arbitrum,3.08,DAI,212778269,4.03,12.86
2024-09-12,Compound,Optimism,2.56,USDC,221603036,2.13,9.11
2024-09-12,Compound,Optimism,2.82,USDT,210521778,3.4,10.38
2024-09-12,Compound,Optimism,2.5,DAI,209434159,2.09,9.06
2024-09-12,Compound,Polygon,2.96,USDC,222415915,1.62,7.02
2024-09-12,Compound,Polygon,2.68,USDT,208979301,1.5,7.23
2024-09-12,Compound,Polygon,2.91,DAI,203623888,1.67,8.55
2024-09-12,Compound,Base,3.05,USDC,218793829,3.02,8.67
2024-09-12,Compound,Base,3.01,USDT,201889693,3.61,10.02
2024-09-12,Compound,Base,2.93,DAI,216527168,3.44,8.21
2024-09-12,Curve,Ethereum,5.26,USDC,389008889,44.5,0
2024-09-12,Curve,Ethereum,6.02,USDT,384951032,35.89,0
2024-09-12,Curve,Ethereum,6.41,DAI,392581155,44.83,0
2024-09-12,Curve,Arbitrum,7.78,USDC,397075038,4.63,12.25
2024-09-12,Curve,Arbitrum,7.09,DAI,381986432,3.76,11.47
2024-09-12,Curve,Optimism,6.71,USDC,391626371,3.26,7.72
2024-09-12,Curve,Optimism,6.45,USDT,385827289,2.66,10.21
2024-09-12,Curve,Optimism,7.0,DAI,386923034,3.5,7.88
2024-09-12,Curve,Polygon,7.12,USDC,381937596,1.25,11.31
2024-09-12,Curve,Polygon,5.95,USDT,375897014,1.57,8.83
2024-09-12,Curve,Polygon,6.77,DAI,369589726,1.61,8.57
2024-09-12,Curve,Base,7.62,USDC,384305147,3.87,9.39
2024-09-12,Curve,Base,7.14,USDT,383153555,3.44,11.11
2024-09-12,Curve,Base,6.47,DAI,398769573,4.0,5.69
2024-09-12,Uniswap V3,Ethereum,6.8,USDC,111992730,45.51,0
2024-09-12,Uniswap V3,Ethereum,6.37,DAI,114965684,44.51,0
2024-09-12,Uniswap V3,Arbitrum,7.31,USDC,114480774,4.22,14.66
2024-09-12,Uniswap V3,Arbitrum,6.93,USDT,110747221,2.81,12.17
2024-09-12,Uniswap V3,Arbitrum,6.62,DAI,118781634,3.51,8.55
2024-09-12,Uniswap V3,Optimism,6.76,USDC,108884064,2.38,9.42
2024-09-12,Uniswap V3,Optimism,6.45,USDT,113491436,3.15,8.97
2024-09-12,Uniswap V3,Optimism,9.45,DAI,101378600,3.02,6.14
2024-09-12,Uniswap V3,Polygon,7.11,USDC,104488761,1.54,6.14
2024-09-12,Uniswap V3,Polygon,6.43,USDT,116579999,1.72,8.88
2024-09-12,Uniswap V3,Polygon,7.46,DAI,108892639,1.28,7.63
2024-09-12,Uniswap V3,Base,7.12,USDC,113485301,3.06,8.85
2024-09-12,Uniswap V3,Base,7.88,USDT,113908860,3.39,7.83
2024-09-12,Uniswap V3,Base,7.6,DAI,113005635,3.04,10.21
2024-09-12,Yearn,Ethereum,3.38,USDC,143506354,48.59,0
2024-09-12,Yearn,Ethereum,3.15,USDT,145376648,50.2,0
2024-09-12,Yearn,Ethereum,3.59,DAI,152464621,35.38,0
2024-09-12,Yearn,Arbitrum,3.98,USDC,131548190,3.67,11.94
2024-09-12,Yearn,Arbitrum,4.04,USDT,141830947,4.63,13.3
2024-09-12,Yearn,Arbitrum,4.18,DAI,144991237,3.41,13.05
2024-09-12,Yearn,Optimism,3.8,USDC,129613438,3.43,11.26
2024-09-12,Yearn,Optimism,3.79,USDT,139746955,2.96,12.38
2024-09-12,Yearn,Optimism,3.87,DAI,147284839,2.38,11.01
2024-09-12,Yearn,Polygon,3.99,USDC,130688178,1.53,10.41
2024-09-12,Yearn,Polygon,4.02,USDT,145693791,1.25,8.61
2024-09-12,Yearn,Polygon,4.28,DAI,137869915,1.13,9.47
2024-09-12,Yearn,Base,3.88,USDC,150230548,3.62,14.24
2024-09-12,Yearn,Base,3.76,USDT,147681330,3.03,9.48
2024-09-12,Yearn,Base,3.98,DAI,140176544,3.09,10.39
2024-09-12,Pendle,Ethereum,9.92,USDC,86525761,54.08,0
2024-09-12,Pendle,Ethereum,5.49,USDT,89098007,37.19,0
2024-09-12,Pendle,Ethereum,9.48,DAI,89912730,55.05,0
2024-09-12,Pendle,Arbitrum,7.58,USDC,91420641,1.94,10.64
2024-09-12,Pendle,Arbitrum,9.3,USDT,85358678,3.15,10.5
2024-09-12,Pendle,Arbitrum,9.54,DAI,90524844,3.5,14.12
2024-09-12,Pendle,Optimism,8.95,USDC,87194500,3.23,6.23
2024-09-12,Pendle,Optimism,8.47,USDT,92559384,2.5,8.84
2024-09-12,Pendle,Optimism,8.16,DAI,90981156,2.83,8.92
2024-09-12,Pendle,Base,11.58,USDC,85811627,3.07,11.64
2024-09-12,Pendle,Base,11.16,DAI,92685270,3.13,12.84
2024-09-12,Convex,Ethereum,5.33,USDC,184757493,49.42,0
2024-09-12,Convex,Ethereum,4.54,USDT,192261578,48.97,0
2024-09-12,Convex,Ethereum,4.87,DAI,189134590,52.01,0
2024-09-12,Balancer,Ethereum,7.38,USDC,129265753,48.13,0
2024-09-12,Balancer,Ethereum,5.72,USDT,133512011,37.71,0
2024-09-12,Balancer,Ethereum,4.93,DAI,125893469,45.22,0
2024-09-12,Balancer,Arbitrum,6.82,USDC,126940195,3.82,14.91
2024-09-12,Balancer,Arbitrum,7.94,USDT,132675434,3.29,9.33
2024-09-12,Balancer,Arbitrum,6.39,DAI,133621192,5.01,16.25
2024-09-12,Balancer,Optimism,7.1,USDC,135528938,2.01,7.74
2024-09-12,Balancer,Optimism,7.44,USDT,126045436,2.78,7.35
2024-09-12,Balancer,Optimism,6.14,DAI,130030634,2.39,8.45
2024-09-12,Balancer,Polygon,7.62,USDC,139189110,1.1,4.05
2024-09-12,Balancer,Polygon,7.18,USDT,135714292,1.65,9.03
2024-09-12,Balancer,Polygon,6.95,DAI,126587140,1.34,7.68
2024-09-12,Balancer,Base,8.1,USDC,133741125,2.75,10.18
2024-09-12,Balancer,Base,6.94,USDT,128556205,3.73,8.79
2024-09-12,Balancer,Base,7.74,DAI,125028031,3.56,9.08
2024-09-13,Aave,Ethereum,2.55,USDC,276601738,31.49,0
2024-09-13,Aave,Ethereum,2.82,USDT,305218791,39.58,0
2024-09-13,Aave,Ethereum,2.68,DAI,283875933,47.68,0
2024-09-13,Aave,Arbitrum,2.98,USDC,291804921,3.99,10.15
2024-09-13,Aave,Arbitrum,3.3,USDT,285285354,2.61,11.32
2024-09-13,Aave,Optimism,3.23,USDC,307792722,2.18,6.35
2024-09-13,Aave,Optimism,2.61,USDT,303286504,3.11,7.12
2024-09-13,Aave,Optimism,2.86,DAI,304340408,2.89,7.0
2024-09-13,Aave,Polygon,3.07,USDC,287641192,1.1,5.56
2024-09-13,Aave,Polygon,3.12,DAI,291380707,1.26,6.9
2024-09-13,Aave,Base,2.85,USDC,303527005,3.65,10.07
2024-09-13,Aave,Base,2.53,DAI,294452435,2.5,10.6
2024-09-13,Compound,Ethereum,2.31,USDC,226713559,42.23,0
2024-09-13,Compound,Ethereum,2.36,USDT,217298091,43.13,0
2024-09-13,Compound,Ethereum,2.28,DAI,207824634,44.15,0
2024-09-13,Compound,Arbitrum,2.72,USDC,194057547,2.77,12.34
2024-09-13,Compound,Arbitrum,2.78,USDT,209059957,3.83,16.01
2024-09-13,Compound,Arbitrum,2.66,DAI,215888217,3.37,13.11
2024-09-13,Compound,Optimism,2.58,USDC,227310157,3.4,8.26
2024-09-13,Compound,Optimism,2.81,USDT,202847799,2.45,9.66
2024-09-13,Compound,Optimism,2.87,DAI,219119831,2.74,10.4
2024-09-13,Compound,Polygon,2.85,USDC,214394026,1.33,5.7
2024-09-13,Compound,Polygon,2.89,USDT,203160949,1.84,6.49
2024-09-13,Compound,Base,3.01,USDC,219074486,2.96,6.33
2024-09-13,Curve,Ethereum,5.38,USDC,383801595,33.73,0
2024-09-13,Curve,Ethereum,7.11,USDT,390612062,44.69,0
2024-09-13,Curve,Arbitrum,6.97,USDC,378754971,3.82,10.99
2024-09-13,Curve,Arbitrum,6.79,USDT,358234622,2.57,15.45
2024-09-13,Curve,Arbitrum,5.98,DAI,398232111,3.19,13.04
2024-09-13,Curve,Optimism,6.16,USDC,367893437,2.71,10.02
2024-09-13,Curve,Optimism,6.65,USDT,375292376,3.1,9.72
2024-09-13,Curve,Optimism,5.81,DAI,387564643,3.28,8.47
2024-09-13,Curve,Polygon,5.45,USDC,351016566,1.04,7.06
2024-09-13,Curve,Polygon,7.48,USDT,352794032,1.31,10.76
2024-09-13,Curve,Polygon,6.61,DAI,359220701,1.65,8.99
2024-09-13,Curve,Base,7.26,USDC,387796108,3.89,9.55
2024-09-13,Curve,Base,6.95,USDT,352156749,3.48,9.34
2024-09-13,Curve,Base,4.07,DAI,353861919,3.33,10.49
2024-09-13,Uniswap V3,Ethereum,6.95,USDC,112309034,33.38,0
2024-09-13,Uniswap V3,Ethereum,6.34,USDT,113324286,32.32,0
2024-09-13,Uniswap V3,Ethereum,5.43,DAI,119681410,40.55,0
2024-09-13,Uniswap V3,Arbitrum,7.08,USDC,112699015,4.23,8.97
2024-09-13,Uniswap V3,Arbitrum,7.71,USDT,106896801,3.9,11.44
2024-09-13,Uniswap V3,Arbitrum,9.19,DAI,115478025,4.12,8.95
2024-09-13,Uniswap V3,Optimism,5.51,USDC,105251263,2.82,10.97
2024-09-13,Uniswap V3,Optimism,6.48,USDT,111803247,2.66,8.13
2024-09-13,Uniswap V3,Optimism,8.1,DAI,111419632,2.52,9.95
2024-09-13,Uniswap V3,Polygon,8.07,USDC,100484733,1.41,7.85
2024-09-13,Uniswap V3,Polygon,6.31,USDT,111431586,1.79,6.24
2024-09-13,Uniswap V3,Polygon,7.72,DAI,111052786,1.38,7.83
2024-09-13,Uniswap V3,Base,6.32,USDC,117056495,4.25,12.87
2024-09-13,Uniswap V3,Base,7.44,USDT,110761750,3.63,6.37
2024-09-13,Uniswap V3,Base,9.2,DAI,120302686,3.98,9.39
2024-09-13,Yearn,Ethereum,3.47,USDC,143263775,42.68,0
2024-09-13,Yearn,Ethereum,3.02,USDT,140275126,35.54,0
2024-09-13,Yearn,Ethereum,2.9,DAI,147233542,33.22,0
2024-09-13,Yearn,Arbitrum,4.18,USDC,139728551,3.25,9.55
2024-09-13,Yearn,Arbitrum,3.86,USDT,134576671,4.81,11.3
2024-09-13,Yearn,Arbitrum,3.62,DAI,138941485,3.75,13.53
2024-09-13,Yearn,Optimism,3.56,USDC,151004653,2.89,11.17
2024-09-13,Yearn,Optimism,3.88,DAI,143028795,3.0,8.11
2024-09-13,Yearn,Polygon,3.78,USDC,133321061,1.58,7.58
2024-09-13,Yearn,Polygon,3.73,USDT,147725770,2.11,9.81
2024-09-13,Yearn,Base,4.11,USDC,138114396,3.08,10.69
2024-09-13,Yearn,Base,3.88,USDT,133025012,2.72,8.9
2024-09-13,Yearn,Base,3.86,DAI,142325498,3.84,12.46
2024-09-13,Pendle,Ethereum,7.76,USDC,92110668,34.24,0
2024-09-13,Pendle,Ethereum,8.2,USDT,87233450,43.91,0
2024-09-13,Pendle,Ethereum,8.72,DAI,93923402,43.32,0
2024-09-13,Pendle,Arbitrum,9.25,USDC,87602634,4.85,10.64
2024-09-13,Pendle,Arbitrum,10.07,USDT,85281710,2.27,13.36
2024-09-13,Pendle,Arbitrum,9.74,DAI,94771536,3.39,12.75
2024-09-13,Pendle,Optimism,8.76,USDC,93105465,3.08,10.33
2024-09-13,Pendle,Optimism,9.38,USDT,86820899,2.75,10.3
2024-09-13,Pendle,Optimism,9.46,DAI,89812878,3.11,10.42
2024-09-13,Pendle,Base,8.7,USDC,80117738,2.61,8.46
2024-09-13,Pendle,Base,9.13,USDT,90012517,3.53,10.79
2024-09-13,Pendle,Base,8.62,DAI,92326537,3.19,9.25
2024-09-13,Convex,Ethereum,5.03,USDC,170324403,40.96,0
2024-09-13,Convex,Ethereum,5.43,USDT,178933024,45.81,0
2024-09-13,Convex,Ethereum,4.88,DAI,161473437,28.6,0
2024-09-13,Balancer,Ethereum,5.61,USDC,115417791,47.36,0
2024-09-13,Balancer,Ethereum,5.57,USDT,138486127,50.39,0
2024-09-13,Balancer,Ethereum,6.21,DAI,130244034,18.47,0
2024-09-13,Balancer,Arbitrum,6.11,USDC,125806404,3.45,15.57
2024-09-13,Balancer,Arbitrum,7.1,DAI,130050302,4.4,8.74
2024-09-13,Balancer,Optimism,6.25,USDC,130150444,2.78,10.88
2024-09-13,Balancer,Optimism,7.56,USDT,124550645,3.49,6.2
2024-09-13,Balancer,Optimism,6.17,DAI,132114134,3.07,8.29
2024-09-13,Balancer,Polygon,7.3,USDC,132915057,1.73,6.69
2024-09-13,Balancer,Polygon,7.55,DAI,123645860,1.01,6.5
2024-09-13,Balancer,Base,6.38,USDC,126605023,2.77,6.55
2024-09-13,Balancer,Base,6.22,USDT,135034361,3.29,9.9
2024-09-13,Balancer,Base,6.58,DAI,135028125,3.42,13.83
2024-09-14,Aave,Ethereum,2.14,USDC,286455135,24.92,0
2024-09-14,Aave,Ethereum,2.55,USDT,284273458,33.57,0
2024-09-14,Aave,Ethereum,2.34,DAI,290869761,42.93,0
2024-09-14,Aave,Arbitrum,3.46,USDC,303328008,2.44,12.9
2024-09-14,Aave,Arbitrum,3.62,USDT,294207770,1.26,10.67
2024-09-14,Aave,Arbitrum,2.89,DAI,298828294,2.86,9.63
2024-09-14,Aave,Optimism,2.83,USDC,273755970,1.86,8.92
2024-09-14,Aave,Optimism,2.82,USDT,286094986,2.35,9.52
2024-09-14,Aave,Optimism,2.77,DAI,285470240,1.53,8.94
2024-09-14,Aave,Polygon,2.87,USDC,291504306,1.06,5.68
2024-09-14,Aave,Polygon,3.28,USDT,291459356,1.09,7.22
2024-09-14,Aave,Polygon,3.12,DAI,254519952,0.92,4.35
2024-09-14,Aave,Base,2.9,USDC,278874225,2.0,10.19
2024-09-14,Aave,Base,2.89,USDT,290781307,1.99,13.24
2024-09-14,Aave,Base,3.08,DAI,302197428,2.54,11.53
2024-09-14,Compound,Ethereum,2.3,USDC,190927793,36.65,0
2024-09-14,Compound,Ethereum,2.44,USDT,209726326,27.94,0
2024-09-14,Compound,Ethereum,2.22,DAI,209613060,33.82,0
2024-09-14,Compound,Arbitrum,2.61,USDC,226969536,2.99,11.13
2024-09-14,Compound,Arbitrum,2.69,USDT,194909258,2.69,15.27
2024-09-14,Compound,Arbitrum,2.88,DAI,218128255,2.53,18.52
2024-09-14,Compound,Optimism,2.66,USDC,209141885,1.99,10.47
2024-09-14,Compound,Optimism,2.54,USDT,214595936,1.53,10.69
2024-09-14,Compound,Optimism,2.74,DAI,204087847,1.97,9.35
2024-09-14,Compound,Polygon,2.76,USDC,204830169,0.78,6.41
2024-09-14,Compound,Polygon,2.94,USDT,207001610,1.13,8.18
2024-09-14,Compound,Polygon,2.99,DAI,218077053,1.09,6.77
2024-09-14,Compound,Base,2.84,USDC,208479147,2.17,8.67
2024-09-14,Compound,Base,2.52,USDT,198317800,2.7,7.09
2024-09-14,Compound,Base,2.59,DAI,204981059,2.06,9.43
2024-09-14,Curve,Ethereum,4.8,USDC,394755353,30.96,0
2024-09-14,Curve,Ethereum,4.92,USDT,375575802,23.39,0
2024-09-14,Curve,Arbitrum,6.11,USDT,363496435,2.74,9.76
2024-09-14,Curve,Optimism,6.84,USDC,352032390,2.39,11.44
2024-09-14,Curve,Optimism,6.87,USDT,373022429,1.96,8.77
2024-09-14,Curve,Optimism,5.32,DAI,373816253,1.32,4.4
2024-09-14,Curve,Polygon,6.45,USDT,361725688,0.96,12.05
2024-09-14,Curve,Polygon,5.62,DAI,385172734,1.05,7.24
2024-09-14,Curve,Base,6.73,USDC,381101392,1.89,15.44
2024-09-14,Curve,Base,6.29,USDT,368145827,2.22,5.13
2024-09-14,Curve,Base,5.82,DAI,383276415,2.68,8.82
2024-09-14,Uniswap V3,Ethereum,6.39,USDC,113558417,37.41,0
2024-09-14,Uniswap V3,Ethereum,5.88,USDT,109667044,28.21,0
2024-09-14,Uniswap V3,Ethereum,6.3,DAI,113398751,21.92,0
2024-09-14,Uniswap V3,Arbitrum,7.14,USDC,108622170,3.14,17.24
2024-09-14,Uniswap V3,Arbitrum,7.69,USDT,110426863,1.31,11.21
2024-09-14,Uniswap V3,Arbitrum,7.95,DAI,113088776,2.83,16.31
2024-09-14,Uniswap V3,Optimism,8.1,USDC,109304065,2.03,8.3
2024-09-14,Uniswap V3,Optimism,8.17,USDT,113062743,2.4,6.31
2024-09-14,Uniswap V3,Optimism,7.34,DAI,116703178,1.78,12.03
2024-09-14,Uniswap V3,Polygon,7.46,USDC,108193106,0.98,9.67
2024-09-14,Uniswap V3,Polygon,7.77,USDT,112002395,0.93,6.45
2024-09-14,Uniswap V3,Polygon,8.25,DAI,105616766,0.94,6.27
2024-09-14,Uniswap V3,Base,6.86,USDC,120279530,2.28,8.66
2024-09-14,Uniswap V3,Base,5.87,USDT,119535589,1.95,9.88
2024-09-14,Uniswap V3,Base,8.78,DAI,106384734,2.3,8.07
2024-09-14,Yearn,Ethereum,3.49,USDC,135206451,33.7,0
2024-09-14,Yearn,Ethereum,3.14,USDT,137047373,19.03,0
2024-09-14,Yearn,Ethereum,3.43,DAI,135464268,31.97,0
2024-09-14,Yearn,Arbitrum,4.23,USDC,148082962,3.12,14.58
2024-09-14,Yearn,Arbitrum,3.78,USDT,136469748,2.19,13.84
2024-09-14,Yearn,Arbitrum,4.3,DAI,135327447,2.25,8.86
2024-09-14,Yearn,Optimism,3.9,USDC,135304386,1.32,6.65
2024-09-14,Yearn,Optimism,4.01,USDT,133395545,2.01,7.73
2024-09-14,Yearn,Optimism,3.7,DAI,142913322,2.02,4.57
2024-09-14,Yearn,Polygon,4.06,USDC,139359368,0.99,5.91
2024-09-14,Yearn,Polygon,3.78,USDT,138305017,0.91,8.7
2024-09-14,Yearn,Polygon,4.34,DAI,139886630,0.97,7.57
2024-09-14,Yearn,Base,4.38,USDC,143182303,2.03,12.87
2024-09-14,Yearn,Base,4.1,USDT,136170085,2.02,12.0
2024-09-14,Yearn,Base,4.18,DAI,148910369,1.66,8.09
2024-09-14,Pendle,Ethereum,7.3,USDC,80999820,27.77,0
2024-09-14,Pendle,Ethereum,7.0,DAI,95381160,38.9,0
2024-09-14,Pendle,Arbitrum,9.92,USDC,89486414,1.91,10.04
2024-09-14,Pendle,Arbitrum,7.69,USDT,88767524,2.25,14.09
2024-09-14,Pendle,Arbitrum,11.14,DAI,94449253,1.45,12.87
2024-09-14,Pendle,Optimism,9.27,USDC,82098981,2.77,8.21
2024-09-14,Pendle,Optimism,9.91,USDT,89806374,2.42,10.7
2024-09-14,Pendle,Optimism,8.11,DAI,91579310,1.78,7.46
2024-09-14,Pendle,Base,7.46,USDC,90435714,2.14,10.36
2024-09-14,Pendle,Base,10.13,USDT,81253082,2.21,8.95
2024-09-14,Pendle,Base,9.99,DAI,89027624,2.14,9.97
2024-09-14,Convex,Ethereum,5.21,USDC,172942977,28.78,0
2024-09-14,Convex,Ethereum,4.93,USDT,166655825,34.13,0
2024-09-14,Convex,Ethereum,5.76,DAI,162487766,21.46,0
2024-09-14,Balancer,Ethereum,5.55,USDC,133988899,26.27,0
2024-09-14,Balancer,Ethereum,4.43,USDT,119830524,30.73,0
2024-09-14,Balancer,Arbitrum,6.15,USDC,120395772,1.94,10.95
2024-09-14,Balancer,Arbitrum,5.86,USDT,124216471,2.43,15.39
2024-09-14,Balancer,Optimism,7.36,USDC,128513976,1.71,7.48
2024-09-14,Balancer,Optimism,5.83,USDT,124693365,2.74,9.16
2024-09-14,Balancer,Optimism,7.35,DAI,127424046,2.03,7.66
2024-09-14,Balancer,Polygon,5.93,USDC,127235134,0.77,7.36
2024-09-14,Balancer,Polygon,8.98,USDT,126046764,0.73,9.39
2024-09-14,Balancer,Base,6.01,USDC,132538196,2.74,11.27
2024-09-14,Balancer,Base,6.72,USDT,117806099,1.92,7.99
2024-09-15,Aave,Ethereum,2.32,USDC,281226594,30.98,0
2024-09-15,Aave,Ethereum,2.64,USDT,284863673,28.56,0
2024-09-15,Aave,Ethereum,2.33,DAI,299744530,29.52,0
2024-09-15,Aave,Arbitrum,3.22,USDC,271329006,2.81,11.83
2024-09-15,Aave,Arbitrum,2.72,USDT,265409185,2.49,12.74
2024-09-15,Aave,Arbitrum,2.75,DAI,298523670,2.89,10.54
2024-09-15,Aave,Optimism,2.69,USDC,290019854,1.85,12.67
2024-09-15,Aave,Optimism,2.59,USDT,253418001,1.94,10.75
2024-09-15,Aave,Optimism,2.62,DAI,294941478,1.84,9.29
2024-09-15,Aave,Polygon,3.06,USDC,279213818,1.01,7.59
2024-09-15,Aave,Polygon,3.26,USDT,279590318,0.97,9.2
2024-09-15,Aave,Base,2.75,DAI,262452954,2.55,11.1
2024-09-15,Compound,Ethereum,2.06,USDC,208121241,34.18,0
2024-09-15,Compound,Ethereum,2.32,USDT,201249730,35.83,0
2024-09-15,Compound,Ethereum,2.28,DAI,206106257,28.97,0
2024-09-15,Compound,Arbitrum,2.74,USDC,203017548,2.33,12.02
2024-09-15,Compound,Arbitrum,2.68,USDT,207480262,2.59,11.91
2024-09-15,Compound,Arbitrum,3.21,DAI,211749616,2.33,7.24
2024-09-15,Compound,Optimism,2.49,USDC,222346002,2.02,9.35
2024-09-15,Compound,Optimism,2.98,USDT,198033550,1.68,6.3
2024-09-15,Compound,Optimism,2.68,DAI,208153236,1.48,10.83
2024-09-15,Compound,Polygon,3.15,USDC,213181299,0.71,8.35
2024-09-15,Compound,Polygon,2.64,DAI,219073146,1.06,9.33
2024-09-15,Compound,Base,2.6,USDC,205699664,2.27,11.26
2024-09-15,Compound,Base,2.87,USDT,195325348,2.15,10.29
2024-09-15,Compound,Base,2.75,DAI,191576636,2.01,10.21
2024-09-15,Curve,Ethereum,6.57,USDC,328412483,19.57,0
2024-09-15,Curve,Ethereum,5.51,USDT,378244306,29.44,0
2024-09-15,Curve,Ethereum,5.53,DAI,363557597,21.12,0
2024-09-15,Curve,Arbitrum,6.88,USDT,372193419,2.17,12.74
2024-09-15,Curve,Arbitrum,6.53,DAI,384999861,1.79,16.44
2024-09-15,Curve,Optimism,7.41,USDC,374481867,1.8,8.26
2024-09-15,Curve,Optimism,6.27,USDT,367213100,1.97,7.38
2024-09-15,Curve,Optimism,7.06,DAI,360506889,1.99,10.49
2024-09-15,Curve,Polygon,7.42,USDC,336588619,1.2,9.84
2024-09-15,Curve,Polygon,7.71,USDT,375512438,0.91,7.96
2024-09-15,Curve,Polygon,6.8,DAI,327584423,1.24,6.85
2024-09-15,Curve,Base,7.35,USDC,352608171,2.55,10.28
2024-09-15,Curve,Base,5.76,USDT,386752026,1.81,5.48
2024-09-15,Curve,Base,5.54,DAI,356185428,2.06,9.54
2024-09-15,Uniswap V3,Ethereum,5.88,USDC,106656475,26.79,0
2024-09-15,Uniswap V3,Ethereum,6.73,USDT,102188298,28.26,0
2024-09-15,Uniswap V3,Ethereum,6.63,DAI,109634235,34.33,0
2024-09-15,Uniswap V3,Arbitrum,6.34,USDC,100898253,2.73,10.12
2024-09-15,Uniswap V3,Arbitrum,5.51,DAI,106342349,2.27,10.71
2024-09-15,Uniswap V3,Optimism,7.12,USDC,109344988,1.53,4.9
2024-09-15,Uniswap V3,Optimism,8.81,USDT,103381324,1.88,8.44
2024-09-15,Uniswap V3,Optimism,7.56,DAI,110219132,1.82,9.76
2024-09-15,Uniswap V3,Polygon,8.75,USDC,101469332,0.7,8.57
2024-09-15,Uniswap V3,Polygon,8.97,USDT,106079705,0.82,7.4
2024-09-15,Uniswap V3,Polygon,7.53,DAI,103666295,1.0,9.08
2024-09-15,Uniswap V3,Base,7.99,USDC,112065250,2.34,9.12
2024-09-15,Uniswap V3,Base,6.22,USDT,105760982,2.44,13.1
2024-09-15,Uniswap V3,Base,6.4,DAI,116956280,2.86,12.43
2024-09-15,Yearn,Ethereum,3.1,USDC,135696734,27.69,0
2024-09-15,Yearn,Ethereum,3.26,USDT,138678787,23.62,0
2024-09-15,Yearn,Ethereum,3.32,DAI,134417106,30.47,0
2024-09-15,Yearn,Arbitrum,3.87,USDC,131265942,2.44,11.39
2024-09-15,Yearn,Arbitrum,4.03,USDT,122640427,1.91,13.42
2024-09-15,Yearn,Arbitrum,3.33,DAI,125928214,2.87,9.65
2024-09-15,Yearn,Optimism,4.19,USDC,139339796,1.55,8.87
2024-09-15,Yearn,Optimism,3.97,USDT,140675397,2.06,9.06
2024-09-15,Yearn,Polygon,4.43,USDT,128889826,1.02,7.86
2024-09-15,Yearn,Polygon,4.46,DAI,123474639,0.73,5.11
2024-09-15,Yearn,Base,2.97,USDC,129111512,1.94,10.66
2024-09-15,Yearn,Base,4.06,USDT,131043118,2.58,9.77
2024-09-15,Yearn,Base,4.4,DAI,132154866,2.47,9.12
2024-09-15,Pendle,Ethereum,8.5,USDC,85292350,31.53,0
2024-09-15,Pendle,Ethereum,7.97,USDT,80763171,24.98,0
2024-09-15,Pendle,Ethereum,6.33,DAI,81191681,31.51,0
2024-09-15,Pendle,Arbitrum,9.82,USDC,90487141,2.65,10.49
2024-09-15,Pendle,Arbitrum,9.37,USDT,82960645,2.05,10.06
2024-09-15,Pendle,Arbitrum,10.69,DAI,82406804,1.57,14.01
2024-09-15,Pendle,Optimism,9.81,USDC,83593487,2.26,5.81
2024-09-15,Pendle,Optimism,8.23,USDT,80975756,2.23,7.44
2024-09-15,Pendle,Optimism,8.19,DAI,90691472,1.55,10.53
2024-09-15,Pendle,Base,8.12,USDC,80815751,1.56,10.67
2024-09-15,Pendle,Base,7.31,USDT,77413164,2.18,8.64
2024-09-15,Pendle,Base,8.63,DAI,88377319,3.14,8.64
2024-09-15,Convex,Ethereum,4.5,USDC,182578714,28.5,0
2024-09-15,Convex,Ethereum,5.32,USDT,167033742,28.63,0
2024-09-15,Convex,Ethereum,4.88,DAI,158246215,30.51,0
2024-09-15,Balancer,Ethereum,6.19,USDC,133435697,30.72,0
2024-09-15,Balancer,Ethereum,5.81,USDT,122126079,31.38,0
2024-09-15,Balancer,Ethereum,5.06,DAI,121530726,24.46,0
2024-09-15,Balancer,Arbitrum,6.76,USDC,116015990,2.26,10.06
2024-09-15,Balancer,Arbitrum,6.84,DAI,120043094,2.98,12.95
2024-09-15,Balancer,Optimism,6.63,USDC,126434395,1.74,7.84
2024-09-15,Balancer,Optimism,6.21,USDT,116508617,1.68,13.25
2024-09-15,Balancer,Optimism,6.78,DAI,121518134,2.12,7.05
2024-09-15,Balancer,Polygon,7.58,USDC,112040220,1.02,11.43
2024-09-15,Balancer,Polygon,7.29,USDT,123967602,0.66,8.95
2024-09-15,Balancer,Polygon,7.05,DAI,138153615,0.84,8.89
2024-09-15,Balancer,Base,7.11,USDC,125393162,2.6,11.47
2024-09-15,Balancer,Base,6.58,USDT,124229881,2.3,12.81
2024-09-15,Balancer,Base,7.29,DAI,112214009,2.47,8.63
2024-09-16,Aave,Ethereum,2.58,USDC,275290984,30.32,0
2024-09-16,Aave,Ethereum,2.44,USDT,309292446,34.8,0
2024-09-16,Aave,Ethereum,2.79,DAI,282295130,40.48,0
2024-09-16,Aave,Arbitrum,3.08,USDC,276560167,3.55,10.9
2024-09-16,Aave,Arbitrum,3.16,USDT,284889867,4.85,13.25
2024-09-16,Aave,Arbitrum,3.35,DAI,258237142,4.1,11.04
2024-09-16,Aave,Optimism,3.14,USDC,263358114,3.74,13.06
2024-09-16,Aave,Optimism,3.01,USDT,269041288,3.39,8.19
2024-09-16,Aave,Optimism,3.07,DAI,279304026,2.64,7.65
2024-09-16,Aave,Polygon,3.07,USDC,275881486,1.04,8.03
2024-09-16,Aave,Polygon,3.67,USDT,279721072,1.27,6.8
2024-09-16,Aave,Polygon,3.21,DAI,290701466,1.56,9.45
2024-09-16,Aave,Base,3.39,USDC,265069869,3.37,7.24
2024-09-16,Aave,Base,3.5,USDT,296141981,3.31,9.41
2024-09-16,Compound,Ethereum,2.55,USDC,210250479,37.83,0
2024-09-16,Compound,Ethereum,2.37,USDT,200632344,43.06,0
2024-09-16,Compound,Ethereum,2.42,DAI,189191148,43.81,0
2024-09-16,Compound,Arbitrum,2.64,USDC,210527928,3.07,14.38
2024-09-16,Compound,Arbitrum,2.91,USDT,204859570,2.43,11.81
2024-09-16,Compound,Arbitrum,2.69,DAI,202083054,3.91,11.82
2024-09-16,Compound,Optimism,3.13,USDC,191045287,3.53,5.79
2024-09-16,Compound,Optimism,2.76,USDT,210835296,3.1,7.59
2024-09-16,Compound,Optimism,2.7,DAI,206409499,3.24,8.39
2024-09-16,Compound,Polygon,2.96,USDC,194001936,1.88,8.0
2024-09-16,Compound,Polygon,2.83,USDT,192918847,1.56,8.02
2024-09-16,Compound,Base,2.75,USDC,199267897,2.82,11.06
2024-09-16,Compound,Base,2.82,USDT,205358356,3.0,13.1
2024-09-16,Compound,Base,2.49,DAI,204720063,2.9,6.38
2024-09-16,Curve,Ethereum,4.9,USDC,368878955,42.81,0
2024-09-16,Curve,Ethereum,4.68,USDT,336442080,35.73,0
2024-09-16,Curve,Ethereum,6.11,DAI,343055409,36.27,0
2024-09-16,Curve,Arbitrum,5.41,USDC,353036607,3.47,10.89
2024-09-16,Curve,Arbitrum,5.92,USDT,362386575,3.77,15.53
2024-09-16,Curve,Optimism,6.84,USDC,368000082,2.77,7.46
2024-09-16,Curve,Optimism,6.03,USDT,391634690,1.85,8.9
2024-09-16,Curve,Optimism,8.2,DAI,360213599,3.17,8.27
2024-09-16,Curve,Polygon,6.02,USDC,366117158,1.42,9.37
2024-09-16,Curve,Polygon,6.11,USDT,342856041,1.36,6.5
2024-09-16,Curve,Polygon,6.08,DAI,343400698,1.49,7.9
2024-09-16,Curve,Base,5.78,USDC,372915791,2.45,8.65
2024-09-16,Curve,Base,8.63,USDT,387724993,3.62,7.81
2024-09-16,Curve,Base,6.88,DAI,365345330,2.69,8.14
2024-09-16,Uniswap V3,Ethereum,5.05,USDC,105690656,34.01,0
2024-09-16,Uniswap V3,Ethereum,5.54,DAI,106546752,29.22,0
2024-09-16,Uniswap V3,Arbitrum,8.53,USDC,105504535,4.22,12.34
2024-09-16,Uniswap V3,Arbitrum,9.35,DAI,106918112,2.67,10.73
2024-09-16,Uniswap V3,Optimism,5.19,USDT,109729727,2.31,8.95
2024-09-16,Uniswap V3,Optimism,5.13,DAI,109055277,3.54,13.46
2024-09-16,Uniswap V3,Polygon,8.15,USDC,107338793,1.49,4.87
2024-09-16,Uniswap V3,Polygon,9.35,USDT,102702889,1.55,8.03
2024-09-16,Uniswap V3,Polygon,7.34,DAI,102372779,1.63,8.68
2024-09-16,Uniswap V3,Base,9.25,USDC,110040344,4.03,9.37
2024-09-16,Uniswap V3,Base,7.75,USDT,102697695,3.27,6.98
2024-09-16,Uniswap V3,Base,6.52,DAI,99551493,3.29,10.95
2024-09-16,Yearn,Ethereum,3.33,USDC,135340951,31.48,0
2024-09-16,Yearn,Ethereum,3.31,USDT,134174225,44.37,0
2024-09-16,Yearn,Ethereum,3.08,DAI,130850679,46.79,0
2024-09-16,Yearn,Arbitrum,4.02,USDT,124957008,3.67,8.0
2024-09-16,Yearn,Arbitrum,4.17,DAI,141972842,3.63,13.71
2024-09-16,Yearn,Optimism,4.11,USDC,137539292,2.47,10.84
2024-09-16,Yearn,Optimism,3.83,USDT,133080915,2.9,6.97
2024-09-16,Yearn,Optimism,4.08,DAI,129746793,3.23,9.91
2024-09-16,Yearn,Polygon,3.93,USDC,136614911,1.66,8.94
2024-09-16,Yearn,Polygon,4.06,DAI,139500838,1.98,6.79
2024-09-16,Yearn,Base,4.14,USDC,143580470,3.9,11.33
2024-09-16,Yearn,Base,4.11,USDT,146327158,3.59,10.18
2024-09-16,Yearn,Base,4.35,DAI,122261777,3.59,7.73
2024-09-16,Pendle,Ethereum,7.63,USDC,79098370,52.15,0
2024-09-16,Pendle,Ethereum,8.96,USDT,85988738,53.06,0
2024-09-16,Pendle,Ethereum,9.02,DAI,82751787,41.59,0
2024-09-16,Pendle,Arbitrum,10.42,USDC,80052663,2.93,11.73
2024-09-16,Pendle,Arbitrum,11.73,USDT,77870369,4.62,16.29
2024-09-16,Pendle,Arbitrum,9.98,DAI,78312049,3.79,13.89
2024-09-16,Pendle,Optimism,8.87,USDC,84168342,3.45,12.47
2024-09-16,Pendle,Optimism,9.79,USDT,83029892,2.68,9.7
2024-09-16,Pendle,Optimism,6.04,DAI,82511204,2.95,9.94
2024-09-16,Pendle,Base,9.98,USDC,86369689,3.93,12.92
2024-09-16,Pendle,Base,9.99,USDT,81615286,2.21,11.71
2024-09-16,Pendle,Base,9.07,DAI,87939006,3.19,8.84
2024-09-16,Convex,Ethereum,5.17,USDC,174184207,59.91,0
2024-09-16,Convex,Ethereum,5.56,USDT,162780222,39.76,0
2024-09-16,Convex,Ethereum,5.15,DAI,151256000,43.27,0
2024-09-16,Balancer,Ethereum,5.78,USDC,127714360,48.3,0
2024-09-16,Balancer,Ethereum,5.75,USDT,126858313,37.53,0
2024-09-16,Balancer,Ethereum,5.71,DAI,126451889,42.26,0
2024-09-16,Balancer,Arbitrum,7.34,USDC,124580969,3.4,12.04
2024-09-16,Balancer,Arbitrum,7.84,DAI,123121443,3.1,10.42
2024-09-16,Balancer,Optimism,4.89,USDC,113193843,3.79,9.05
2024-09-16,Balancer,Optimism,5.91,DAI,117947861,4.08,7.17
2024-09-16,Balancer,Polygon,7.9,USDC,125708306,1.85,7.84
2024-09-16,Balancer,Polygon,7.25,USDT,121435118,1.41,4.86
2024-09-16,Balancer,Polygon,6.89,DAI,124335151,1.57,7.81
2024-09-16,Balancer,Base,7.13,USDC,119916229,3.25,12.98
2024-09-16,Balancer,Base,7.64,USDT,124069390,2.96,10.78
2024-09-16,Balancer,Base,6.22,DAI,126259563,2.79,8.06
2024-09-17,Aave,Ethereum,2.9,USDC,283879827,50.99,0
2024-09-17,Aave,Ethereum,2.79,USDT,274334105,37.71,0
2024-09-17,Aave,Ethereum,2.74,DAI,266674403,43.14,0
2024-09-17,Aave,Arbitrum,3.22,USDC,280938343,4.15,11.53
2024-09-17,Aave,Arbitrum,3.15,USDT,249709907,3.62,10.42
2024-09-17,Aave,Arbitrum,2.99,DAI,281688719,3.74,10.86
2024-09-17,Aave,Optimism,2.86,USDC,287308524,3.62,9.62
2024-09-17,Aave,Optimism,3.18,USDT,276827898,3.35,8.9
2024-09-17,Aave,Optimism,3.1,DAI,244861457,3.1,9.34
2024-09-17,Aave,Polygon,3.53,USDC,272312552,1.89,7.77
2024-09-17,Aave,Polygon,3.34,DAI,260238192,1.76,11.01
2024-09-17,Aave,Base,2.94,USDC,254277682,3.51,8.46
2024-09-17,Aave,Base,2.61,USDT,281460938,3.01,8.87
2024-09-17,Aave,Base,2.91,DAI,255400754,3.09,11.61
2024-09-17,Compound,Ethereum,2.64,USDC,187344794,31.28,0
2024-09-17,Compound,Ethereum,2.32,USDT,195811955,43.56,0
2024-09-17,Compound,Ethereum,2.69,DAI,196756292,49.2,0
2024-09-17,Compound,Arbitrum,2.86,USDC,188259665,3.28,12.39
2024-09-17,Compound,Arbitrum,2.54,USDT,196252505,2.98,13.24
2024-09-17,Compound,Optimism,2.9,USDC,195446160,2.28,12.46
2024-09-17,Compound,Optimism,3.02,USDT,205920875,2.3,10.53
2024-09-17,Compound,Polygon,3.09,USDC,186477385,1.58,9.32
2024-09-17,Compound,Polygon,3.64,USDT,206144929,2.54,7.81
2024-09-17,Compound,Polygon,3.17,DAI,189748969,1.46,7.14
2024-09-17,Compound,Base,2.97,USDC,199735496,3.02,8.4
2024-09-17,Compound,Base,3.17,USDT,185811180,3.45,7.16
2024-09-17,Curve,Ethereum,5.67,USDC,342778074,40.99,0
2024-09-17,Curve,Ethereum,5.86,USDT,371635501,47.14,0
2024-09-17,Curve,Ethereum,4.99,DAI,360632157,38.18,0
2024-09-17,Curve,Arbitrum,7.15,USDC,366913049,4.13,17.72
2024-09-17,Curve,Arbitrum,7.16,USDT,364762557,3.12,14.1
2024-09-17,Curve,Arbitrum,7.76,DAI,355399011,3.44,12.46
2024-09-17,Curve,Optimism,6.72,USDC,325071621,2.11,5.7
2024-09-17,Curve,Optimism,6.81,DAI,356732920,3.07,9.83
2024-09-17,Curve,Polygon,7.22,USDT,370926285,1.59,5.14
2024-09-17,Curve,Polygon,7.63,DAI,363202923,1.23,7.63
2024-09-17,Curve,Base,5.5,USDC,347542653,3.38,8.44
2024-09-17,Curve,Base,6.41,USDT,360196022,3.28,9.32
2024-09-17,Curve,Base,6.39,DAI,362664250,3.62,10.52
2024-09-17,Uniswap V3,Ethereum,6.58,USDC,112316526,41.89,0
2024-09-17,Uniswap V3,Ethereum,6.32,USDT,105408374,34.44,0
2024-09-17,Uniswap V3,Ethereum,5.77,DAI,101124836,47.2,0
2024-09-17,Uniswap V3,Arbitrum,7.84,USDC,101143630,5.21,12.21
2024-09-17,Uniswap V3,Arbitrum,6.31,USDT,99040062,3.36,8.19
2024-09-17,Uniswap V3,Arbitrum,7.95,DAI,108314951,2.62,16.17
2024-09-17,Uniswap V3,Optimism,8.02,USDC,101075605,3.2,9.37
2024-09-17,Uniswap V3,Optimism,7.62,USDT,104567023,3.34,7.55
2024-09-17,Uniswap V3,Optimism,5.73,DAI,104405462,3.61,10.86
2024-09-17,Uniswap V3,Polygon,6.81,USDC,99880994,1.37,9.04
2024-09-17,Uniswap V3,Polygon,7.54,USDT,98819817,1.29,6.37
2024-09-17,Uniswap V3,Polygon,6.96,DAI,100845437,1.31,9.29
2024-09-17,Uniswap V3,Base,8.59,USDT,101076459,3.57,9.4
2024-09-17,Uniswap V3,Base,7.85,DAI,105093631,3.12,9.63
2024-09-17,Yearn,Ethereum,3.73,USDC,125537782,41.89,0
2024-09-17,Yearn,Ethereum,3.54,USDT,125756705,24.7,0
2024-09-17,Yearn,Arbitrum,4.31,USDC,133208701,4.24,11.45
2024-09-17,Yearn,Arbitrum,4.42,USDT,121233584,3.39,11.08
2024-09-17,Yearn,Arbitrum,4.36,DAI,144824732,2.73,15.09
2024-09-17,Yearn,Optimism,4.05,USDC,125020268,2.87,7.38
2024-09-17,Yearn,Optimism,4.05,USDT,127315769,3.1,10.42
2024-09-17,Yearn,Optimism,3.81,DAI,136776657,3.04,10.84
2024-09-17,Yearn,Polygon,4.88,USDT,127835865,1.46,10.82
2024-09-17,Yearn,Polygon,4.59,DAI,138551028,1.48,9.99
2024-09-17,Yearn,Base,4.56,USDC,136161955,3.46,8.94
2024-09-17,Yearn,Base,4.21,USDT,140276762,3.29,7.98
2024-09-17,Yearn,Base,4.56,DAI,135228634,3.69,11.51
2024-09-17,Pendle,Ethereum,7.77,USDC,83269202,38.84,0
2024-09-17,Pendle,Ethereum,8.53,USDT,80751370,43.09,0
2024-09-17,Pendle,Ethereum,7.82,DAI,85927375,43.89,0
2024-09-17,Pendle,Arbitrum,9.0,USDC,84227456,4.33,12.39
2024-09-17,Pendle,Arbitrum,8.85,USDT,78715135,4.15,10.18
2024-09-17,Pendle,Arbitrum,10.0,DAI,86226074,3.77,12.47
2024-09-17,Pendle,Optimism,10.75,USDC,85199073,2.9,7.6
2024-09-17,Pendle,Optimism,10.05,USDT,80128014,3.89,7.61
2024-09-17,Pendle,Base,9.88,USDC,82308388,4.19,6.84
2024-09-17,Pendle,Base,10.66,USDT,85202485,3.82,10.21
2024-09-17,Pendle,Base,13.09,DAI,83666571,2.97,12.84
2024-09-17,Convex,Ethereum,5.5,USDT,154843233,52.15,0
2024-09-17,Convex,Ethereum,4.71,DAI,159203290,43.7,0
2024-09-17,Balancer,Ethereum,5.43,USDC,113326752,42.87,0
2024-09-17,Balancer,Ethereum,5.6,USDT,124426916,50.23,0
2024-09-17,Balancer,Ethereum,6.36,DAI,118424259,48.28,0
2024-09-17,Balancer,Arbitrum,7.89,USDC,120913999,4.78,9.43
2024-09-17,Balancer,Arbitrum,6.39,USDT,121697463,2.88,16.35
2024-09-17,Balancer,Optimism,7.42,USDC,121560210,2.76,7.74
2024-09-17,Balancer,Optimism,5.97,USDT,123500923,2.77,9.48
2024-09-17,Balancer,Polygon,8.27,USDC,109913029,1.25,6.81
2024-09-17,Balancer,Polygon,6.2,USDT,120303423,1.26,9.75
2024-09-17,Balancer,Polygon,7.99,DAI,127122984,1.85,6.75
2024-09-17,Balancer,Base,7.28,USDT,133411280,3.13,8.9
2024-09-17,Balancer,Base,6.52,DAI,119754135,3.73,7.85
2024-09-18,Aave,Ethereum,2.53,USDC,270550553,36.98,0
2024-09-18,Aave,Ethereum,2.41,DAI,284949606,33.73,0
2024-09-18,Aave,Arbitrum,3.04,USDC,264340546,1.88,16.02
2024-09-18,Aave,Arbitrum,3.24,USDT,255838248,4.31,14.98
2024-09-18,Aave,Arbitrum,3.24,DAI,266654849,2.89,7.67
2024-09-18,Aave,Optimism,2.53,USDC,282142325,2.92,8.26
2024-09-18,Aave,Optimism,2.97,USDT,269125050,3.82,8.08
2024-09-18,Aave,Optimism,2.86,DAI,281931223,2.49,5.32
2024-09-18,Aave,Polygon,3.29,USDC,281208452,1.44,10.03
2024-09-18,Aave,Polygon,3.17,USDT,268130126,1.42,5.92
2024-09-18,Aave,Polygon,3.54,DAI,243462881,1.48,10.12
2024-09-18,Aave,Base,3.4,USDC,255772198,3.24,9.59
2024-09-18,Aave,Base,3.26,USDT,268298753,3.41,8.38
2024-09-18,Aave,Base,2.95,DAI,255544965,2.92,8.37
2024-09-18,Compound,Ethereum,2.67,USDC,195954084,37.77,0
2024-09-18,Compound,Ethereum,2.42,USDT,194176137,49.56,0
2024-09-18,Compound,Ethereum,2.49,DAI,190958487,21.61,0
2024-09-18,Compound,Arbitrum,2.74,USDC,175457663,3.32,14.87
2024-09-18,Compound,Arbitrum,3.38,DAI,193902892,4.17,12.53
2024-09-18,Compound,Optimism,3.07,USDC,188668200,3.14,11.72
2024-09-18,Compound,Optimism,3.01,USDT,206480272,3.73,9.14
2024-09-18,Compound,Optimism,3.05,DAI,202060031,3.16,10.37
2024-09-18,Compound,Polygon,3.44,USDC,187187305,1.62,11.49
2024-09-18,Compound,Polygon,3.27,USDT,193058467,1.57,10.18
2024-09-18,Compound,Base,2.79,USDC,194090410,3.78,10.76
2024-09-18,Compound,Base,2.73,USDT,172828794,3.18,9.9
2024-09-18,Curve,Ethereum,4.34,USDC,362031221,46.39,0
2024-09-18,Curve,Ethereum,5.93,USDT,349882237,41.15,0
2024-09-18,Curve,Ethereum,6.23,DAI,323022549,55.15,0
2024-09-18,Curve,Arbitrum,7.67,USDC,349753255,3.24,8.36
2024-09-18,Curve,Arbitrum,6.14,USDT,359265454,3.22,15.03
2024-09-18,Curve,Arbitrum,7.32,DAI,318587229,3.17,15.59
2024-09-18,Curve,Optimism,6.38,USDC,334711082,2.45,6.95
2024-09-18,Curve,Optimism,7.81,USDT,359390732,2.5,10.98
2024-09-18,Curve,Optimism,7.13,DAI,349874089,3.73,8.43
2024-09-18,Curve,Polygon,7.98,USDC,350719098,1.48,6.89
2024-09-18,Curve,Polygon,7.39,USDT,330430827,1.4,9.12
2024-09-18,Curve,Polygon,6.84,DAI,328521916,1.4,7.79
2024-09-18,Curve,Base,5.59,USDT,331090165,3.66,9.97
2024-09-18,Curve,Base,7.36,DAI,353017553,3.29,10.94
2024-09-18,Uniswap V3,Ethereum,7.09,USDC,102245970,42.31,0
2024-09-18,Uniswap V3,Ethereum,4.79,USDT,108148580,31.13,0
2024-09-18,Uniswap V3,Ethereum,6.37,DAI,97767938,34.12,0
2024-09-18,Uniswap V3,Arbitrum,6.93,USDC,97414937,4.0,10.24
2024-09-18,Uniswap V3,Arbitrum,7.24,USDT,108302770,2.95,13.13
2024-09-18,Uniswap V3,Arbitrum,8.7,DAI,93648936,3.63,11.85
2024-09-18,Uniswap V3,Optimism,7.02,USDC,105156265,2.36,8.11
2024-09-18,Uniswap V3,Optimism,7.42,DAI,106149575,3.19,11.38
2024-09-18,Uniswap V3,Polygon,7.82,USDC,109548148,0.83,6.68
2024-09-18,Uniswap V3,Polygon,7.4,USDT,99823446,1.28,5.92
2024-09-18,Uniswap V3,Polygon,7.22,DAI,109135746,1.75,9.46
2024-09-18,Uniswap V3,Base,5.83,USDC,97357209,3.65,6.5
2024-09-18,Uniswap V3,Base,7.08,USDT,95205385,3.4,8.29
2024-09-18,Uniswap V3,Base,7.17,DAI,103625740,2.74,9.88
2024-09-18,Yearn,Ethereum,3.39,USDT,129614122,42.06,0
2024-09-18,Yearn,Ethereum,3.27,DAI,136155988,42.54,0
2024-09-18,Yearn,Arbitrum,4.26,USDC,133436683,3.26,11.66
2024-09-18,Yearn,Arbitrum,4.78,USDT,127280861,3.18,12.1
2024-09-18,Yearn,Arbitrum,4.65,DAI,138199184,3.33,7.42
2024-09-18,Yearn,Optimism,3.61,USDC,123681552,2.91,10.61
2024-09-18,Yearn,Optimism,4.08,USDT,132284266,2.76,10.59
2024-09-18,Yearn,Optimism,4.14,DAI,134974939,2.66,6.76
2024-09-18,Yearn,Polygon,4.75,USDC,119172378,1.86,8.7
2024-09-18,Yearn,Polygon,3.95,DAI,122699399,1.32,5.01
2024-09-18,Yearn,Base,4.0,USDC,134091527,3.16,13.27
2024-09-18,Yearn,Base,3.8,DAI,117446410,3.43,7.79
2024-09-18,Pendle,Ethereum,10.34,USDC,83722593,49.76,0
2024-09-18,Pendle,Ethereum,8.25,USDT,81927607,26.85,0
2024-09-18,Pendle,Ethereum,6.63,DAI,74431416,40.9,0
2024-09-18,Pendle,Arbitrum,8.54,USDC,80960762,4.33,10.58
2024-09-18,Pendle,Arbitrum,10.25,USDT,80687900,3.41,14.27
2024-09-18,Pendle,Arbitrum,9.82,DAI,78797352,4.24,13.07
2024-09-18,Pendle,Optimism,10.06,USDC,81480436,2.7,8.25
2024-09-18,Pendle,Optimism,9.67,USDT,83056034,3.36,8.24
2024-09-18,Pendle,Optimism,10.27,DAI,78911043,2.69,6.88
2024-09-18,Pendle,Base,10.19,USDC,80256277,3.2,11.93
2024-09-18,Pendle,Base,9.08,DAI,81063260,3.33,7.74
2024-09-18,Convex,Ethereum,4.46,USDC,169331669,39.69,0
2024-09-18,Convex,Ethereum,5.69,USDT,174469419,36.67,0
2024-09-18,Convex,Ethereum,4.43,DAI,153357397,35.33,0
2024-09-18,Balancer,Ethereum,5.71,USDC,121331859,38.8,0
2024-09-18,Balancer,Ethereum,5.33,USDT,112504164,46.1,0
2024-09-18,Balancer,Ethereum,5.15,DAI,123831236,42.53,0
2024-09-18,Balancer,Arbitrum,7.16,USDC,117693441,4.98,13.87
2024-09-18,Balancer,Arbitrum,8.1,USDT,127104754,3.83,9.29
2024-09-18,Balancer,Arbitrum,7.11,DAI,118285728,4.08,7.51
2024-09-18,Balancer,Optimism,7.18,USDC,123129162,2.48,10.3
2024-09-18,Balancer,Optimism,6.44,USDT,125237883,3.3,8.42
2024-09-18,Balancer,Optimism,6.88,DAI,124579918,3.07,9.99
2024-09-18,Balancer,Polygon,7.91,USDC,118573491,1.14,8.01
2024-09-18,Balancer,Polygon,7.86,USDT,132974067,1.13,5.45
2024-09-18,Balancer,Polygon,7.48,DAI,121414012,1.15,9.33
2024-09-18,Balancer,Base,7.6,USDC,125137901,2.64,10.2
2024-09-18,Balancer,Base,6.41,USDT,122937762,3.12,9.67
2024-09-18,Balancer,Base,7.48,DAI,121705146,3.97,8.63
2024-09-19,Aave,Ethereum,2.92,USDC,266792723,35.99,0
2024-09-19,Aave,Ethereum,2.78,USDT,271198017,47.85,0
2024-09-19,Aave,Ethereum,2.75,DAI,290483591,45.55,0
2024-09-19,Aave,Arbitrum,3.37,USDC,266672955,3.88,12.38
2024-09-19,Aave,Arbitrum,3.17,USDT,259126357,3.47,9.31
2024-09-19,Aave,Arbitrum,3.34,DAI,248104616,3.21,16.6
2024-09-19,Aave,Optimism,3.1,USDC,273884860,3.13,9.43
2024-09-19,Aave,Optimism,2.59,USDT,257019948,2.58,11.45
2024-09-19,Aave,Optimism,3.02,DAI,275430481,2.93,12.98
2024-09-19,Aave,Polygon,3.06,USDC,272754107,1.22,8.91
2024-09-19,Aave,Polygon,3.6,USDT,261710817,1.89,7.85
2024-09-19,Aave,Polygon,3.49,DAI,256130257,1.67,8.16
2024-09-19,Aave,Base,3.07,USDC,271770805,2.96,13.95
2024-09-19,Aave,Base,3.2,USDT,272405656,2.83,6.99
2024-09-19,Aave,Base,3.13,DAI,273229144,4.54,12.23
2024-09-19,Compound,Ethereum,2.44,USDC,191027635,29.11,0
2024-09-19,Compound,Ethereum,2.49,USDT,203092409,40.94,0
2024-09-19,Compound,Ethereum,2.38,DAI,197120125,39.88,0
2024-09-19,Compound,Arbitrum,3.12,USDC,192373094,3.43,9.8
2024-09-19,Compound,Arbitrum,2.75,USDT,189624108,3.57,9.91
2024-09-19,Compound,Arbitrum,2.73,DAI,200180981,3.45,14.16
2024-09-19,Compound,Optimism,2.84,USDC,183634887,2.21,11.75
2024-09-19,Compound,Optimism,2.85,USDT,189711772,2.78,11.27
2024-09-19,Compound,Optimism,2.78,DAI,203607212,2.52,9.65
2024-09-19,Compound,Polygon,3.3,USDC,185822741,1.35,7.23
2024-09-19,Compound,Polygon,3.27,USDT,194204593,1.33,5.1
2024-09-19,Compound,Polygon,3.27,DAI,182915234,1.28,6.22
2024-09-19,Compound,Base,3.08,USDC,175092966,3.39,9.58
2024-09-19,Compound,Base,2.59,USDT,194667558,3.44,8.9
2024-09-19,Compound,Base,3.24,DAI,186981850,2.35,9.47
2024-09-19,Curve,Ethereum,6.45,USDC,341006612,43.12,0
2024-09-19,Curve,Ethereum,4.95,USDT,360965970,25.77,0
2024-09-19,Curve,Ethereum,5.73,DAI,333724808,47.18,0
2024-09-19,Curve,Arbitrum,8.83,USDC,339456248,3.56,9.52
2024-09-19,Curve,Arbitrum,7.56,USDT,355645270,3.41,14.42
2024-09-19,Curve,Optimism,6.8,USDC,332571803,2.7,6.8
2024-09-19,Curve,Optimism,7.2,USDT,323980554,3.51,9.65
2024-09-19,Curve,Optimism,5.53,DAI,347361975,3.04,8.91
2024-09-19,Curve,Polygon,7.14,USDC,324872590,0.93,7.05
2024-09-19,Curve,Polygon,6.91,USDT,365892225,1.85,7.45
2024-09-19,Curve,Polygon,4.96,DAI,337761382,2.14,6.82
2024-09-19,Curve,Base,8.52,USDC,374103998,3.38,13.06
2024-09-19,Curve,Base,7.56,USDT,361875777,2.9,9.93
2024-09-19,Curve,Base,7.95,DAI,339036699,3.62,13.34
2024-09-19,Uniswap V3,Ethereum,7.37,USDC,101995793,44.97,0
2024-09-19,Uniswap V3,Ethereum,6.28,USDT,100190003,47.67,0
2024-09-19,Uniswap V3,Ethereum,6.15,DAI,104805850,42.59,0
2024-09-19,Uniswap V3,Arbitrum,8.52,USDC,100397895,3.32,10.87
2024-09-19,Uniswap V3,Arbitrum,7.58,USDT,103830719,4.77,13.86
2024-09-19,Uniswap V3,Arbitrum,7.66,DAI,99999973,3.25,15.56
2024-09-19,Uniswap V3,Optimism,9.07,USDC,97783469,3.36,5.95
2024-09-19,Uniswap V3,Optimism,7.73,USDT,109369471,3.25,10.58
2024-09-19,Uniswap V3,Optimism,7.24,DAI,99619682,2.57,8.19
2024-09-19,Uniswap V3,Polygon,7.61,USDC,104968153,1.52,7.25
2024-09-19,Uniswap V3,Polygon,8.26,USDT,96442287,1.53,6.72
2024-09-19,Uniswap V3,Polygon,7.12,DAI,107723384,1.81,9.29
2024-09-19,Uniswap V3,Base,7.67,USDC,96783707,3.54,9.2
2024-09-19,Uniswap V3,Base,9.14,USDT,101197251,2.84,9.24
2024-09-19,Yearn,Ethereum,3.4,USDC,138676369,38.62,0
2024-09-19,Yearn,Ethereum,3.31,USDT,133238464,35.97,0
2024-09-19,Yearn,Arbitrum,3.88,USDC,131443857,3.77,12.11
2024-09-19,Yearn,Arbitrum,3.64,USDT,130207219,3.35,8.47
2024-09-19,Yearn,Arbitrum,4.19,DAI,138562017,2.68,13.09
2024-09-19,Yearn,Optimism,4.05,USDC,138586060,1.9,8.22
2024-09-19,Yearn,Optimism,4.1,USDT,135795869,2.86,7.87
2024-09-19,Yearn,Optimism,4.15,DAI,122795171,2.55,9.01
2024-09-19,Yearn,Polygon,4.61,USDT,128927251,1.33,8.72
2024-09-19,Yearn,Polygon,4.56,DAI,128112044,1.3,7.65
2024-09-19,Yearn,Base,4.1,USDC,134715423,3.0,11.36
2024-09-19,Yearn,Base,4.07,DAI,122559852,3.5,13.9
2024-09-19,Pendle,Ethereum,6.74,USDC,80344437,53.34,0
2024-09-19,Pendle,Ethereum,8.43,USDT,82007567,33.38,0
2024-09-19,Pendle,Ethereum,7.65,DAI,78343852,56.09,0
2024-09-19,Pendle,Arbitrum,8.85,USDC,75955516,4.72,11.55
2024-09-19,Pendle,Arbitrum,8.8,USDT,83351132,3.89,14.66
2024-09-19,Pendle,Arbitrum,11.01,DAI,78861984,3.52,10.52
2024-09-19,Pendle,Optimism,7.77,USDC,86608704,3.08,12.94
2024-09-19,Pendle,Optimism,10.02,USDT,77518001,3.27,8.83
2024-09-19,Pendle,Optimism,9.37,DAI,75433096,3.53,3.93
2024-09-19,Pendle,Base,7.27,USDT,80720921,2.71,7.85
2024-09-19,Pendle,Base,8.7,DAI,81567067,2.88,8.01
2024-09-19,Convex,Ethereum,5.27,USDC,171295155,54.63,0
2024-09-19,Convex,Ethereum,4.39,USDT,153616221,37.52,0
2024-09-19,Convex,Ethereum,4.95,DAI,149567379,52.54,0
2024-09-19,Balancer,Ethereum,5.6,USDC,120660563,32.41,0
2024-09-19,Balancer,Ethereum,6.96,USDT,123004899,46.49,0
2024-09-19,Balancer,Ethereum,5.42,DAI,116032017,44.72,0
2024-09-19,Balancer,Arbitrum,6.66,USDC,122736823,2.39,10.12
2024-09-19,Balancer,Arbitrum,7.79,USDT,114302831,3.35,13.33
2024-09-19,Balancer,Optimism,6.76,USDC,115623868,3.2,12.2
2024-09-19,Balancer,Optimism,6.84,USDT,119236869,2.61,9.5
2024-09-19,Balancer,Polygon,8.08,USDC,121252714,1.69,6.64
2024-09-19,Balancer,Polygon,8.45,USDT,116880556,1.51,10.06
2024-09-19,Balancer,Polygon,6.53,DAI,113550234,1.53,5.35
2024-09-19,Balancer,Base,8.71,USDC,113260853,2.84,11.64
2024-09-19,Balancer,Base,7.46,USDT,110068383,2.67,9.6
2024-09-19,Balancer,Base,8.04,DAI,112233992,3.22,10.28
2024-09-20,Aave,Ethereum,2.51,USDC,282848890,44.9,0
2024-09-20,Aave,Ethereum,2.47,USDT,255505063,40.2,0
2024-09-20,Aave,Arbitrum,3.04,USDC,285284227,3.79,7.19
2024-09-20,Aave,Arbitrum,3.3,USDT,282774019,3.01,11.64
2024-09-20,Aave,Arbitrum,3.7,DAI,243885716,2.86,10.38
2024-09-20,Aave,Optimism,2.87,USDC,270638003,2.22,10.0
2024-09-20,Aave,Optimism,2.93,USDT,292386140,2.2,8.85
2024-09-20,Aave,Optimism,3.16,DAI,277227457,2.42,6.99
2024-09-20,Aave,Polygon,2.99,USDT,267687041,1.15,8.17
2024-09-20,Aave,Base,3.37,USDC,288726488,3.3,8.02
2024-09-20,Aave,Base,2.74,USDT,275567378,2.89,7.79
2024-09-20,Aave,Base,2.69,DAI,271913919,3.55,10.06
2024-09-20,Compound,Ethereum,2.32,USDC,201012781,28.2,0
2024-09-20,Compound,Ethereum,2.6,USDT,181099369,29.94,0
2024-09-20,Compound,Arbitrum,2.68,USDC,187529192,5.11,12.71
2024-09-20,Compound,Arbitrum,3.02,USDT,182901970,2.57,9.23
2024-09-20,Compound,Arbitrum,2.57,DAI,193965474,3.0,9.12
2024-09-20,Compound,Optimism,2.77,USDT,182839666,3.42,11.13
2024-09-20,Compound,Optimism,3.03,DAI,198339225,3.26,7.83
2024-09-20,Compound,Polygon,3.18,USDT,209407960,1.22,9.63
2024-09-20,Compound,Polygon,3.04,DAI,206295249,1.22,10.48
2024-09-20,Compound,Base,2.76,USDC,183959961,3.82,11.62
2024-09-20,Compound,Base,3.04,USDT,190632187,3.12,7.14
2024-09-20,Compound,Base,3.1,DAI,179758419,3.94,6.75
2024-09-20,Curve,Ethereum,5.51,USDC,353485467,48.54,0
2024-09-20,Curve,Ethereum,6.36,USDT,367335108,30.79,0
2024-09-20,Curve,Ethereum,5.06,DAI,324253317,44.77,0
2024-09-20,Curve,Arbitrum,6.54,USDT,354573982,3.95,18.72
2024-09-20,Curve,Arbitrum,6.34,DAI,386857953,2.35,7.22
2024-09-20,Curve,Optimism,7.14,USDC,329718264,2.9,10.56
2024-09-20,Curve,Optimism,7.38,USDT,334040900,2.87,8.3
2024-09-20,Curve,Optimism,6.88,DAI,341776403,2.54,12.03
2024-09-20,Curve,Polygon,7.84,USDT,353587422,1.41,6.03
2024-09-20,Curve,Polygon,7.01,DAI,354907219,1.33,7.73
2024-09-20,Curve,Base,6.82,USDC,345803918,3.63,9.42
2024-09-20,Curve,Base,7.25,USDT,336510332,3.36,12.98
2024-09-20,Curve,Base,7.21,DAI,347835087,3.38,6.13
2024-09-20,Uniswap V3,Ethereum,6.47,USDC,107375599,36.38,0
2024-09-20,Uniswap V3,Ethereum,5.55,USDT,98820779,39.71,0
2024-09-20,Uniswap V3,Ethereum,6.1,DAI,102161976,46.3,0
2024-09-20,Uniswap V3,Arbitrum,8.24,USDC,104731478,2.35,15.22
2024-09-20,Uniswap V3,Arbitrum,7.37,USDT,108280171,3.38,10.3
2024-09-20,Uniswap V3,Arbitrum,6.77,DAI,92667435,4.2,9.27
2024-09-20,Uniswap V3,Optimism,6.86,USDC,97160066,2.93,10.3
2024-09-20,Uniswap V3,Optimism,7.1,USDT,104284368,3.76,7.9
2024-09-20,Uniswap V3,Optimism,7.22,DAI,101100398,2.99,8.57
2024-09-20,Uniswap V3,Polygon,7.91,USDT,100754466,1.48,9.38
2024-09-20,Uniswap V3,Base,7.95,USDC,96786941,4.3,8.52
2024-09-20,Uniswap V3,Base,6.08,USDT,97335900,4.1,9.79
2024-09-20,Uniswap V3,Base,6.79,DAI,111242962,3.66,8.03
2024-09-20,Yearn,Ethereum,3.23,USDC,124623397,53.93,0
2024-09-20,Yearn,Ethereum,3.19,DAI,125181638,39.39,0
2024-09-20,Yearn,Arbitrum,3.86,USDC,128292220,2.74,9.52
2024-09-20,Yearn,Arbitrum,3.9,USDT,133858392,3.85,12.16
2024-09-20,Yearn,Optimism,4.03,USDC,130468041,3.57,11.53
2024-09-20,Yearn,Optimism,3.47,USDT,131854525,3.7,8.55
2024-09-20,Yearn,Optimism,3.91,DAI,132819528,3.14,4.81
2024-09-20,Yearn,Polygon,4.21,USDC,118105015,1.15,7.49
2024-09-20,Yearn,Polygon,3.99,USDT,131361851,1.46,6.86
2024-09-20,Yearn,Polygon,4.26,DAI,130397702,1.3,6.04
2024-09-20,Yearn,Base,4.03,USDC,139008604,3.7,8.13
2024-09-20,Yearn,Base,3.59,USDT,138053775,3.99,5.44
2024-09-20,Yearn,Base,3.5,DAI,122114677,3.22,7.5
2024-09-20,Pendle,Ethereum,8.29,USDC,75284227,30.3,0
2024-09-20,Pendle,Ethereum,8.09,USDT,81488101,54.3,0
2024-09-20,Pendle,Arbitrum,10.94,USDC,79856004,2.71,11.28
2024-09-20,Pendle,Arbitrum,10.55,USDT,77783288,3.85,12.01
2024-09-20,Pendle,Optimism,11.28,USDC,81886229,3.96,6.92
2024-09-20,Pendle,Optimism,9.62,DAI,79987973,3.53,10.14
2024-09-20,Pendle,Base,9.82,USDC,77099292,3.56,9.36
2024-09-20,Pendle,Base,9.0,USDT,80214126,3.63,9.93
2024-09-20,Pendle,Base,9.17,DAI,79636014,3.44,10.22
2024-09-20,Convex,Ethereum,4.33,USDT,164471639,38.14,0
2024-09-20,Convex,Ethereum,4.42,DAI,154972387,46.34,0
2024-09-20,Balancer,Ethereum,5.77,USDC,120451115,36.67,0
2024-09-20,Balancer,Ethereum,5.62,USDT,112215812,39.45,0
2024-09-20,Balancer,Ethereum,6.42,DAI,117073206,38.59,0
2024-09-20,Balancer,Arbitrum,8.74,USDC,118266674,4.17,10.96
2024-09-20,Balancer,Arbitrum,6.22,USDT,106361838,3.39,11.65
2024-09-20,Balancer,Arbitrum,7.59,DAI,116123548,3.41,13.36
2024-09-20,Balancer,Optimism,5.91,USDC,112183829,2.89,7.32
2024-09-20,Balancer,Optimism,6.95,USDT,127501388,3.32,9.64
2024-09-20,Balancer,Optimism,7.04,DAI,116339992,2.57,9.0
2024-09-20,Balancer,Polygon,8.79,USDC,118419650,1.66,6.28
2024-09-20,Balancer,Polygon,6.5,USDT,127543867,1.59,9.07
2024-09-20,Balancer,Polygon,7.42,DAI,123322960,1.53,8.02
2024-09-20,Balancer,Base,6.01,USDC,114371401,3.12,7.71
2024-09-20,Balancer,Base,6.85,USDT,127433652,2.94,14.1
2024-09-20,Balancer,Base,7.56,DAI,115356067,4.2,10.59
2024-09-21,Aave,Ethereum,2.77,USDC,282073130,22.36,0
2024-09-21,Aave,Ethereum,2.78,USDT,251908819,31.33,0
2024-09-21,Aave,Ethereum,2.43,DAI,264246669,30.18,0
2024-09-21,Aave,Arbitrum,2.5,USDC,274025758,2.46,7.38
2024-09-21,Aave,Arbitrum,2.61,USDT,272055404,1.84,11.88
2024-09-21,Aave,Arbitrum,3.24,DAI,273180887,2.29,11.79
2024-09-21,Aave,Optimism,2.97,USDC,275067901,1.05,8.8
2024-09-21,Aave,Optimism,3.45,USDT,293924054,1.72,10.44
2024-09-21,Aave,Optimism,3.05,DAI,273068011,1.91,9.91
2024-09-21,Aave,Polygon,3.11,USDC,267647763,0.94,6.73
2024-09-21,Aave,Polygon,3.5,USDT,248899394,0.88,7.1
2024-09-21,Aave,Polygon,3.0,DAI,269116265,0.76,9.93
2024-09-21,Aave,Base,2.89,USDC,284163048,2.43,11.29
2024-09-21,Aave,Base,2.92,USDT,255681766,2.29,10.94
2024-09-21,Aave,Base,3.21,DAI,279156200,2.62,8.88
2024-09-21,Compound,Ethereum,2.46,USDC,187000305,25.59,0
2024-09-21,Compound,Ethereum,2.54,USDT,190745266,23.14,0
2024-09-21,Compound,Ethereum,2.58,DAI,209151922,21.53,0
2024-09-21,Compound,Arbitrum,2.94,USDC,192060107,2.68,14.38
2024-09-21,Compound,Arbitrum,2.79,USDT,185352758,3.05,11.53
2024-09-21,Compound,Arbitrum,3.03,DAI,195323771,2.0,9.98
2024-09-21,Compound,Optimism,2.84,USDT,184944416,2.34,9.91
2024-09-21,Compound,Optimism,2.85,DAI,186151213,1.69,7.67
2024-09-21,Compound,Polygon,3.18,USDC,191947823,1.04,9.93
2024-09-21,Compound,Polygon,3.34,USDT,195193837,0.86,7.81
2024-09-21,Compound,Polygon,3.39,DAI,181418865,1.05,5.88
2024-09-21,Compound,Base,2.68,USDC,186900739,2.13,10.18
2024-09-21,Compound,Base,2.78,USDT,183832313,2.32,9.33
2024-09-21,Compound,Base,3.01,DAI,191677467,2.35,9.4
2024-09-21,Curve,Ethereum,4.46,USDC,350280655,21.91,0
2024-09-21,Curve,Ethereum,6.49,USDT,324201011,17.11,0
2024-09-21,Curve,Ethereum,5.53,DAI,351556003,26.44,0
2024-09-21,Curve,Arbitrum,5.97,USDC,311191795,2.96,15.02
2024-09-21,Curve,Arbitrum,5.16,USDT,342757059,1.7,10.3
2024-09-21,Curve,Arbitrum,6.74,DAI,334423480,3.1,6.22
2024-09-21,Curve,Optimism,5.39,USDC,328139865,2.6,10.36
2024-09-21,Curve,Optimism,5.78,USDT,327349763,2.0,7.71
2024-09-21,Curve,Optimism,5.8,DAI,321770544,1.84,10.57
2024-09-21,Curve,Polygon,6.97,USDC,360064665,1.04,8.05
2024-09-21,Curve,Polygon,6.64,USDT,331104948,0.53,8.62
2024-09-21,Curve,Base,8.1,USDC,368785426,1.94,8.94
2024-09-21,Curve,Base,6.32,USDT,361937215,2.4,10.73
2024-09-21,Curve,Base,6.78,DAI,350266643,2.46,7.81
2024-09-21,Uniswap V3,Ethereum,6.56,USDC,108015840,25.68,0
2024-09-21,Uniswap V3,Ethereum,6.15,USDT,100919063,32.78,0
2024-09-21,Uniswap V3,Arbitrum,9.82,USDC,101310117,2.06,12.35
2024-09-21,Uniswap V3,Arbitrum,8.44,USDT,101612611,2.2,10.43
2024-09-21,Uniswap V3,Arbitrum,7.43,DAI,104501567,2.04,10.48
2024-09-21,Uniswap V3,Optimism,6.45,USDC,100886742,1.86,8.3
2024-09-21,Uniswap V3,Optimism,6.84,USDT,96295428,1.83,8.97
2024-09-21,Uniswap V3,Optimism,8.02,DAI,100012401,2.21,11.48
2024-09-21,Uniswap V3,Polygon,8.35,USDC,100452198,0.73,10.88
2024-09-21,Uniswap V3,Polygon,7.82,USDT,101446496,0.83,10.06
2024-09-21,Uniswap V3,Base,8.27,USDC,88918721,2.02,10.0
2024-09-21,Uniswap V3,Base,8.6,USDT,104119730,2.64,5.64
2024-09-21,Uniswap V3,Base,9.11,DAI,88958119,2.18,12.32
2024-09-21,Yearn,Ethereum,3.01,USDC,126456465,36.71,0
2024-09-21,Yearn,Ethereum,3.29,USDT,129579816,19.03,0
2024-09-21,Yearn,Arbitrum,4.14,USDC,130105741,2.2,13.5
2024-09-21,Yearn,Arbitrum,4.09,USDT,126849447,1.53,14.8
2024-09-21,Yearn,Arbitrum,4.19,DAI,123580360,2.44,6.4
2024-09-21,Yearn,Optimism,4.01,USDC,123852357,2.38,7.93
2024-09-21,Yearn,Optimism,4.12,USDT,120850416,2.44,8.63
2024-09-21,Yearn,Optimism,4.2,DAI,136179542,1.95,9.73
2024-09-21,Yearn,Polygon,4.6,USDC,128655608,1.11,6.84
2024-09-21,Yearn,Polygon,4.07,USDT,131485740,1.0,7.82
2024-09-21,Yearn,Polygon,4.58,DAI,133375503,1.08,6.87
2024-09-21,Yearn,Base,3.94,USDC,120045496,2.66,10.42
2024-09-21,Yearn,Base,3.99,USDT,124501033,2.57,12.27
2024-09-21,Yearn,Base,4.38,DAI,130351366,2.49,8.97
2024-09-21,Pendle,Ethereum,7.39,USDT,82370661,28.87,0
2024-09-21,Pendle,Ethereum,8.91,DAI,75330074,33.74,0
2024-09-21,Pendle,Arbitrum,8.03,USDC,82057555,1.8,12.09
2024-09-21,Pendle,Arbitrum,10.92,USDT,72205285,2.88,13.42
2024-09-21,Pendle,Arbitrum,8.8,DAI,75121901,2.64,18.11
2024-09-21,Pendle,Optimism,9.28,USDC,78747213,1.95,9.92
2024-09-21,Pendle,Optimism,9.08,USDT,78774519,2.14,10.49
2024-09-21,Pendle,Optimism,5.82,DAI,80869934,1.89,10.45
2024-09-21,Pendle,Base,8.87,USDC,81171333,2.36,11.47
2024-09-21,Pendle,Base,7.68,USDT,79556209,2.5,10.73
2024-09-21,Convex,Ethereum,4.61,USDC,161938485,28.57,0
2024-09-21,Convex,Ethereum,5.37,USDT,147388430,25.97,0
2024-09-21,Convex,Ethereum,5.67,DAI,173583702,28.96,0
2024-09-21,Balancer,Ethereum,5.84,USDC,110840473,20.38,0
2024-09-21,Balancer,Ethereum,5.72,USDT,117107568,29.76,0
2024-09-21,Balancer,Ethereum,4.92,DAI,127104557,27.41,0
2024-09-21,Balancer,Arbitrum,7.34,USDC,109238972,1.98,12.17
2024-09-21,Balancer,Arbitrum,7.17,USDT,119394795,2.99,11.61
2024-09-21,Balancer,Arbitrum,6.9,DAI,115988773,2.74,15.5
2024-09-21,Balancer,Optimism,7.3,USDC,119881286,1.74,10.41
2024-09-21,Balancer,Optimism,7.65,USDT,125935320,1.66,7.83
2024-09-21,Balancer,Optimism,7.49,DAI,124811855,1.88,11.85
2024-09-21,Balancer,Polygon,6.62,USDC,124267084,1.05,8.33
2024-09-21,Balancer,Polygon,8.2,USDT,119173333,1.06,8.12
2024-09-21,Balancer,Polygon,6.12,DAI,115495416,0.83,5.38
2024-09-21,Balancer,Base,6.74,USDC,111417818,2.06,11.41
2024-09-21,Balancer,Base,7.62,DAI,121608367,2.44,9.68
2024-09-22,Aave,Ethereum,2.68,USDC,275251159,24.91,0
2024-09-22,Aave,Ethereum,2.52,USDT,254749609,24.45,0
2024-09-22,Aave,Ethereum,2.84,DAI,247428521,26.59,0
2024-09-22,Aave,Arbitrum,3.44,USDC,257301790,2.34,17.09
2024-09-22,Aave,Arbitrum,3.11,DAI,261117074,1.86,11.63
2024-09-22,Aave,Optimism,3.09,USDC,273238263,2.09,8.73
2024-09-22,Aave,Optimism,3.02,USDT,285574752,2.29,9.43
2024-09-22,Aave,Optimism,2.99,DAI,279849717,2.46,7.42
2024-09-22,Aave,Polygon,3.01,USDT,265824950,0.75,6.14
2024-09-22,Aave,Polygon,2.8,DAI,295158381,1.21,6.96
2024-09-22,Aave,Base,2.75,USDC,283865267,1.73,8.46
2024-09-22,Aave,Base,3.14,USDT,246273055,2.52,11.97
2024-09-22,Aave,Base,2.86,DAI,274492778,1.95,12.17
2024-09-22,Compound,Ethereum,2.3,USDT,198921047,32.34,0
2024-09-22,Compound,Ethereum,2.69,DAI,196313962,23.35,0
2024-09-22,Compound,Arbitrum,2.71,USDC,205769265,2.71,12.68
2024-09-22,Compound,Arbitrum,2.87,USDT,193825519,2.51,14.88
2024-09-22,Compound,Arbitrum,3.17,DAI,182587904,2.39,17.12
2024-09-22,Compound,Optimism,3.09,USDC,202879156,2.33,9.88
2024-09-22,Compound,Optimism,2.83,USDT,180513526,1.6,8.24
2024-09-22,Compound,Optimism,2.81,DAI,195294584,2.47,8.32
2024-09-22,Compound,Polygon,3.01,USDC,203177368,0.92,9.57
2024-09-22,Compound,Polygon,3.3,USDT,197130963,0.84,7.31
2024-09-22,Compound,Polygon,2.79,DAI,200578841,0.87,9.97
2024-09-22,Compound,Base,3.22,USDC,187697058,2.41,12.88
2024-09-22,Compound,Base,3.07,USDT,202734152,2.33,9.5
2024-09-22,Compound,Base,2.82,DAI,192489850,2.32,10.8
2024-09-22,Curve,Ethereum,5.35,USDC,336634418,28.13,0
2024-09-22,Curve,Ethereum,5.56,USDT,331013165,28.93,0
2024-09-22,Curve,Ethereum,5.83,DAI,326020566,35.42,0
2024-09-22,Curve,Arbitrum,7.46,USDC,333071740,2.19,14.77
2024-09-22,Curve,Arbitrum,7.41,USDT,319996063,2.21,7.41
2024-09-22,Curve,Arbitrum,5.52,DAI,318594846,2.0,13.8
2024-09-22,Curve,Optimism,7.28,USDC,344932556,2.03,9.54
2024-09-22,Curve,Optimism,5.89,USDT,332764067,1.78,9.46
2024-09-22,Curve,Optimism,7.24,DAI,338825094,2.42,8.29
2024-09-22,Curve,Polygon,8.84,USDC,335489966,0.8,8.42
2024-09-22,Curve,Polygon,8.57,USDT,323033401,1.02,7.31
2024-09-22,Curve,Polygon,5.65,DAI,333524275,1.05,8.6
2024-09-22,Curve,Base,6.97,USDC,334365432,2.62,14.15
2024-09-22,Curve,Base,6.5,USDT,329381543,2.58,6.9
2024-09-22,Curve,Base,6.84,DAI,337949833,2.43,11.12
2024-09-22,Uniswap V3,Ethereum,6.13,USDC,106236346,33.27,0
2024-09-22,Uniswap V3,Ethereum,5.83,DAI,105273866,24.21,0
2024-09-22,Uniswap V3,Arbitrum,8.51,USDC,100938706,2.32,10.89
2024-09-22,Uniswap V3,Arbitrum,6.9,DAI,104058216,2.6,14.1
2024-09-22,Uniswap V3,Optimism,7.31,USDC,92261172,1.66,6.05
2024-09-22,Uniswap V3,Optimism,7.12,USDT,105635280,2.19,9.72
2024-09-22,Uniswap V3,Optimism,5.59,DAI,100990363,2.35,7.89
2024-09-22,Uniswap V3,Polygon,6.03,USDT,102640511,1.0,6.38
2024-09-22,Uniswap V3,Polygon,9.27,DAI,99942381,1.17,6.21
2024-09-22,Uniswap V3,Base,8.06,USDT,102115101,2.61,11.13
2024-09-22,Uniswap V3,Base,6.45,DAI,100070259,2.26,9.85
2024-09-22,Yearn,Ethereum,3.22,USDC,128013582,29.64,0
2024-09-22,Yearn,Ethereum,3.11,USDT,131686481,27.18,0
2024-09-22,Yearn,Ethereum,3.46,DAI,123633241,22.25,0
2024-09-22,Yearn,Arbitrum,3.94,USDC,129044676,2.8,8.99
2024-09-22,Yearn,Arbitrum,4.04,USDT,126804846,2.16,15.63
2024-09-22,Yearn,Arbitrum,4.02,DAI,119111477,2.05,12.71
2024-09-22,Yearn,Optimism,3.8,USDT,124254101,1.95,8.3
2024-09-22,Yearn,Optimism,3.78,DAI,138253916,2.01,6.8
2024-09-22,Yearn,Polygon,4.98,USDC,125004195,1.17,8.5
2024-09-22,Yearn,Polygon,4.66,USDT,118284856,0.85,10.55
2024-09-22,Yearn,Polygon,4.28,DAI,127802176,0.9,12.45
2024-09-22,Yearn,Base,4.17,USDC,129178389,2.56,9.72
2024-09-22,Yearn,Base,3.8,USDT,129626769,2.49,9.51
2024-09-22,Yearn,Base,3.83,DAI,125291392,2.19,9.38
2024-09-22,Pendle,Ethereum,8.62,USDC,75739814,28.72,0
2024-09-22,Pendle,Ethereum,8.77,USDT,72910947,24.5,0
2024-09-22,Pendle,Ethereum,9.53,DAI,78581077,20.92,0
2024-09-22,Pendle,Arbitrum,9.94,USDC,84317067,2.98,11.85
2024-09-22,Pendle,Arbitrum,9.43,USDT,72097364,2.75,14.9
2024-09-22,Pendle,Arbitrum,8.92,DAI,76691640,2.27,13.94
2024-09-22,Pendle,Optimism,10.75,USDC,73575623,1.65,5.94
2024-09-22,Pendle,Optimism,10.01,DAI,80614453,2.43,9.42
2024-09-22,Pendle,Base,8.93,USDC,82620108,2.74,7.62
2024-09-22,Pendle,Base,8.09,USDT,82747948,2.4,10.87
2024-09-22,Pendle,Base,9.95,DAI,86693426,2.03,8.97
2024-09-22,Convex,Ethereum,4.65,USDT,150709358,32.58,0
2024-09-22,Convex,Ethereum,4.67,DAI,164228985,37.04,0
2024-09-22,Balancer,Ethereum,5.15,USDC,115837382,24.78,0
2024-09-22,Balancer,Ethereum,4.51,USDT,124027449,27.72,0
2024-09-22,Balancer,Ethereum,5.74,DAI,111430593,30.5,0
2024-09-22,Balancer,Arbitrum,8.68,DAI,115343395,2.22,11.83
2024-09-22,Balancer,Optimism,6.48,USDC,121898930,1.99,7.36
2024-09-22,Balancer,Optimism,7.94,USDT,120603210,2.63,8.13
2024-09-22,Balancer,Optimism,7.33,DAI,117306539,1.89,9.74
2024-09-22,Balancer,Polygon,8.11,USDC,121950792,0.65,9.09
2024-09-22,Balancer,Polygon,7.05,USDT,114611840,1.08,4.09
2024-09-22,Balancer,Polygon,8.12,DAI,106038144,0.82,7.87
2024-09-22,Balancer,Base,7.91,USDC,117727086,1.66,11.0
2024-09-22,Balancer,Base,6.99,USDT,108618939,1.93,8.1
2024-09-22,Balancer,Base,7.49,DAI,115404147,2.22,8.05
2024-09-23,Aave,Ethereum,2.69,USDC,292065036,37.68,0
2024-09-23,Aave,Ethereum,2.72,USDT,275350651,41.44,0
2024-09-23,Aave,Ethereum,2.79,DAI,280352965,49.66,0
2024-09-23,Aave,Arbitrum,3.02,USDC,267832872,2.93,12.02
2024-09-23,Aave,Arbitrum,3.32,DAI,280854463,3.05,15.03
2024-09-23,Aave,Optimism,3.29,USDC,264753019,2.39,6.9
2024-09-23,Aave,Optimism,2.96,USDT,281520980,3.44,8.12
2024-09-23,Aave,Optimism,3.4,DAI,260157897,2.89,8.34
2024-09-23,Aave,Polygon,3.51,USDC,289333953,1.81,4.47
2024-09-23,Aave,Polygon,3.28,DAI,280466850,1.55,9.12
2024-09-23,Aave,Base,3.24,USDC,254792403,3.19,13.34
2024-09-23,Aave,Base,3.32,USDT,277307873,4.17,11.61
2024-09-23,Aave,Base,2.88,DAI,262917362,4.47,12.07
2024-09-23,Compound,Ethereum,2.6,USDT,193114399,43.67,0
2024-09-23,Compound,Ethereum,2.65,DAI,200970834,45.93,0
2024-09-23,Compound,Arbitrum,3.49,USDC,200376696,3.07,12.04
2024-09-23,Compound,Arbitrum,2.97,USDT,207970920,4.84,14.28
2024-09-23,Compound,Arbitrum,3.01,DAI,181956714,3.89,12.94
2024-09-23,Compound,Optimism,3.19,USDC,180466095,3.87,7.44
2024-09-23,Compound,Optimism,3.34,USDT,191911566,3.41,8.28
2024-09-23,Compound,Optimism,2.85,DAI,185224907,2.82,10.98
2024-09-23,Compound,Polygon,3.18,USDC,176590453,1.07,6.9
2024-09-23,Compound,Polygon,3.7,USDT,198969432,1.33,11.07
2024-09-23,Compound,Polygon,3.08,DAI,202463445,1.31,8.12
2024-09-23,Compound,Base,2.9,USDC,185390786,3.63,7.74
2024-09-23,Curve,Ethereum,6.02,USDC,343752730,54.64,0
2024-09-23,Curve,Ethereum,3.63,USDT,331720470,58.02,0
2024-09-23,Curve,Ethereum,4.94,DAI,345097886,45.2,0
2024-09-23,Curve,Arbitrum,7.51,USDC,339575148,2.88,6.02
2024-09-23,Curve,Arbitrum,6.92,USDT,359021260,3.52,13.19
2024-09-23,Curve,Arbitrum,6.37,DAI,347405404,3.19,12.61
2024-09-23,Curve,Optimism,5.81,USDC,334349403,3.94,8.45
2024-09-23,Curve,Optimism,6.55,USDT,335434373,3.53,10.06
2024-09-23,Curve,Polygon,6.94,USDC,355604439,1.96,3.77
2024-09-23,Curve,Polygon,7.12,USDT,332534525,1.7,8.19
2024-09-23,Curve,Base,7.35,USDC,352010203,2.79,11.98
2024-09-23,Curve,Base,7.26,USDT,344503100,3.4,9.41
2024-09-23,Curve,Base,6.14,DAI,334600498,3.7,9.83
2024-09-23,Uniswap V3,Ethereum,6.29,USDC,102928396,49.45,0
2024-09-23,Uniswap V3,Ethereum,6.03,USDT,99845897,36.75,0
2024-09-23,Uniswap V3,Ethereum,6.67,DAI,101060293,31.11,0
2024-09-23,Uniswap V3,Arbitrum,7.43,USDC,105638176,2.7,12.17
2024-09-23,Uniswap V3,Arbitrum,8.97,USDT,101540160,3.18,13.52
2024-09-23,Uniswap V3,Arbitrum,7.54,DAI,101952038,3.73,11.97
2024-09-23,Uniswap V3,Optimism,7.08,USDC,108194991,2.6,5.38
2024-09-23,Uniswap V3,Optimism,8.28,USDT,100532534,3.94,7.34
2024-09-23,Uniswap V3,Optimism,7.61,DAI,99078733,3.18,7.62
2024-09-23,Uniswap V3,Polygon,8.58,USDC,88364237,1.87,7.82
2024-09-23,Uniswap V3,Polygon,7.15,USDT,99234801,1.39,7.92
2024-09-23,Uniswap V3,Polygon,7.78,DAI,104449670,1.42,7.1
2024-09-23,Uniswap V3,Base,8.4,USDC,97915396,3.91,13.02
2024-09-23,Uniswap V3,Base,8.82,USDT,99520528,3.94,7.49
2024-09-23,Uniswap V3,Base,7.88,DAI,106328101,3.65,10.39
2024-09-23,Yearn,Ethereum,3.49,USDC,140871929,39.29,0
2024-09-23,Yearn,Ethereum,3.2,USDT,117764323,42.39,0
2024-09-23,Yearn,Ethereum,3.67,DAI,134542015,47.31,0
2024-09-23,Yearn,Arbitrum,4.08,USDC,131107477,4.16,13.83
2024-09-23,Yearn,Arbitrum,4.09,USDT,125822511,2.75,8.02
2024-09-23,Yearn,Arbitrum,4.46,DAI,122763155,3.55,15.12
2024-09-23,Yearn,Optimism,3.93,USDC,120604406,3.1,10.32
2024-09-23,Yearn,Optimism,4.51,USDT,129455094,3.04,9.23
2024-09-23,Yearn,Optimism,3.87,DAI,129389677,3.36,8.21
2024-09-23,Yearn,Polygon,4.42,USDC,124386463,1.34,6.5
2024-09-23,Yearn,Polygon,4.21,DAI,131040283,1.96,8.15
2024-09-23,Yearn,Base,4.17,USDC,129377992,3.51,10.18
2024-09-23,Yearn,Base,4.59,USDT,128602313,3.36,7.28
2024-09-23,Yearn,Base,4.91,DAI,133930182,3.74,9.38
2024-09-23,Pendle,Ethereum,7.76,USDC,86115017,39.04,0
2024-09-23,Pendle,Ethereum,10.31,USDT,81182255,49.74,0
2024-09-23,Pendle,Ethereum,7.35,DAI,81574005,62.04,0
2024-09-23,Pendle,Arbitrum,11.07,USDC,81878512,2.55,13.45
2024-09-23,Pendle,Arbitrum,9.6,USDT,84690217,4.3,19.58
2024-09-23,Pendle,Arbitrum,9.61,DAI,88973580,3.43,12.57
2024-09-23,Pendle,Optimism,13.37,USDC,81164312,1.81,8.43
2024-09-23,Pendle,Optimism,8.5,USDT,78948663,2.55,8.91
2024-09-23,Pendle,Optimism,11.06,DAI,80032558,2.48,9.07
2024-09-23,Pendle,Base,11.32,USDC,77719252,3.21,8.97
2024-09-23,Pendle,Base,10.78,USDT,82919022,3.48,11.54
2024-09-23,Pendle,Base,9.5,DAI,79601263,3.57,13.16
2024-09-23,Convex,Ethereum,4.39,USDT,153191850,43.96,0
2024-09-23,Convex,Ethereum,6.08,DAI,158891873,58.58,0
2024-09-23,Balancer,Ethereum,5.83,USDC,111818387,38.79,0
2024-09-23,Balancer,Ethereum,6.61,DAI,115210166,39.78,0
2024-09-23,Balancer,Arbitrum,7.91,USDC,117517095,4.24,9.15
2024-09-23,Balancer,Arbitrum,7.29,USDT,115604009,3.2,10.77
2024-09-23,Balancer,Arbitrum,8.48,DAI,120409129,3.13,10.97
2024-09-23,Balancer,Optimism,6.08,USDC,123300227,2.44,5.49
2024-09-23,Balancer,Optimism,6.45,USDT,126882006,2.08,9.06
2024-09-23,Balancer,Optimism,7.15,DAI,115519115,3.22,12.82
2024-09-23,Balancer,Polygon,6.76,USDC,120855496,1.63,6.06
2024-09-23,Balancer,Polygon,8.06,USDT,118360115,1.51,10.38
2024-09-23,Balancer,Base,7.33,USDC,121705026,3.14,11.16
2024-09-23,Balancer,Base,8.25,USDT,122678704,3.6,7.77
2024-09-24,Aave,Ethereum,2.72,USDC,261118816,36.06,0
2024-09-24,Aave,Ethereum,2.75,USDT,283960491,44.08,0
2024-09-24,Aave,Arbitrum,3.6,USDC,272980844,4.76,11.62
2024-09-24,Aave,Arbitrum,3.57,USDT,272806779,3.56,12.51
2024-09-24,Aave,Arbitrum,3.79,DAI,280474765,3.85,13.59
2024-09-24,Aave,Optimism,3.01,USDC,265750563,2.78,11.34
2024-09-24,Aave,Optimism,2.92,DAI,280364869,2.11,7.41
2024-09-24,Aave,Polygon,3.64,USDC,259892117,1.71,12.15
2024-09-24,Aave,Polygon,3.33,USDT,286722410,1.81,7.52
2024-09-24,Aave,Polygon,3.34,DAI,254546899,1.11,8.17
2024-09-24,Aave,Base,3.0,USDC,254000354,3.19,9.68
2024-09-24,Aave,Base,3.26,USDT,268751693,3.02,9.51
2024-09-24,Aave,Base,3.72,DAI,254973960,3.37,10.09
2024-09-24,Compound,Ethereum,2.84,USDC,189800667,45.53,0
2024-09-24,Compound,Ethereum,2.88,USDT,199933335,30.75,0
2024-09-24,Compound,Ethereum,2.59,DAI,195781603,42.12,0
2024-09-24,Compound,Arbitrum,2.88,USDC,190381792,3.94,14.43
2024-09-24,Compound,Arbitrum,3.56,USDT,179804910,3.84,8.48
2024-09-24,Compound,Arbitrum,3.12,DAI,198419606,4.11,11.65
2024-09-24,Compound,Optimism,3.24,USDC,187302068,3.99,9.74
2024-09-24,Compound,Optimism,3.34,USDT,204447541,3.13,11.28
2024-09-24,Compound,Optimism,2.77,DAI,188067089,2.38,9.9
2024-09-24,Compound,Polygon,3.47,USDC,194049432,1.56,7.03
2024-09-24,Compound,Polygon,3.25,USDT,198887428,0.94,7.92
2024-09-24,Compound,Base,3.58,USDC,202284539,3.7,10.09
2024-09-24,Compound,Base,3.0,USDT,192703555,3.86,9.71
2024-09-24,Compound,Base,3.55,DAI,198068421,3.8,9.97
2024-09-24,Curve,Ethereum,5.76,USDC,351590996,32.22,0
2024-09-24,Curve,Ethereum,7.04,DAI,313961924,30.9,0
2024-09-24,Curve,Arbitrum,7.11,USDC,381413405,4.31,11.53
2024-09-24,Curve,Arbitrum,7.94,USDT,351793761,2.19,13.19
2024-09-24,Curve,Arbitrum,6.67,DAI,341264357,4.23,8.75
2024-09-24,Curve,Optimism,7.34,USDC,368585288,2.58,8.56
2024-09-24,Curve,Optimism,6.99,USDT,356970632,3.4,5.59
2024-09-24,Curve,Optimism,6.4,DAI,349793984,2.81,7.28
2024-09-24,Curve,Polygon,8.22,USDT,316645186,1.18,9.91
2024-09-24,Curve,Base,8.11,USDC,353349959,3.2,9.57
2024-09-24,Curve,Base,6.75,USDT,350120956,3.61,10.06
2024-09-24,Curve,Base,8.43,DAI,327782566,3.44,10.07
2024-09-24,Uniswap V3,Ethereum,5.19,USDC,107379719,47.78,0
2024-09-24,Uniswap V3,Ethereum,7.96,USDT,102823487,38.43,0
2024-09-24,Uniswap V3,Ethereum,4.16,DAI,96102839,39.85,0
2024-09-24,Uniswap V3,Arbitrum,8.13,USDC,94513533,3.66,15.45
2024-09-24,Uniswap V3,Arbitrum,7.85,USDT,107689232,3.67,10.01
2024-09-24,Uniswap V3,Arbitrum,7.97,DAI,97471746,4.63,12.63
2024-09-24,Uniswap V3,Optimism,8.41,USDC,105310084,2.84,7.93
2024-09-24,Uniswap V3,Optimism,7.37,USDT,105031183,3.14,7.48
2024-09-24,Uniswap V3,Optimism,6.51,DAI,107944424,3.39,8.59
2024-09-24,Uniswap V3,Polygon,8.61,USDC,109300761,1.42,8.14
2024-09-24,Uniswap V3,Polygon,8.8,USDT,99946112,1.27,8.75
2024-09-24,Uniswap V3,Polygon,5.82,DAI,97794510,1.49,8.95
2024-09-24,Uniswap V3,Base,6.95,USDC,101044695,3.45,9.07
2024-09-24,Uniswap V3,Base,7.26,USDT,101025381,3.31,10.85
2024-09-24,Uniswap V3,Base,9.27,DAI,104545711,3.78,8.83
2024-09-24,Yearn,Ethereum,3.21,USDT,127103787,50.92,0
2024-09-24,Yearn,Ethereum,3.37,DAI,124915035,27.72,0
2024-09-24,Yearn,Arbitrum,4.43,USDC,121565305,4.08,12.27
2024-09-24,Yearn,Arbitrum,4.33,USDT,138721028,4.25,4.32
2024-09-24,Yearn,Arbitrum,4.37,DAI,125217682,3.38,11.8
2024-09-24,Yearn,Optimism,4.11,USDC,130017684,2.97,6.41
2024-09-24,Yearn,Optimism,4.29,USDT,124908943,3.24,8.7
2024-09-24,Yearn,Optimism,4.32,DAI,129317152,2.84,7.51
2024-09-24,Yearn,Polygon,4.33,USDC,128751733,1.74,7.33
2024-09-24,Yearn,Polygon,4.24,USDT,135555402,1.43,8.3
2024-09-24,Yearn,Polygon,4.44,DAI,130932949,1.29,13.13
2024-09-24,Yearn,Base,4.12,USDC,120170072,4.19,11.77
2024-09-24,Yearn,Base,4.57,USDT,140605197,3.73,8.26
2024-09-24,Yearn,Base,4.11,DAI,122147803,3.61,8.15
2024-09-24,Pendle,Ethereum,8.14,USDC,76242646,44.25,0
2024-09-24,Pendle,Ethereum,8.63,USDT,75646155,44.1,0
2024-09-24,Pendle,Ethereum,7.78,DAI,82214136,26.12,0
2024-09-24,Pendle,Arbitrum,10.99,USDC,87365176,5.11,13.31
2024-09-24,Pendle,Arbitrum,10.23,USDT,74684052,3.43,12.79
2024-09-24,Pendle,Arbitrum,9.01,DAI,82465514,3.8,11.98
2024-09-24,Pendle,Optimism,10.76,USDC,87982266,3.0,6.7
2024-09-24,Pendle,Optimism,10.04,USDT,84623425,2.45,9.5
2024-09-24,Pendle,Optimism,9.42,DAI,77646194,3.03,6.93
2024-09-24,Pendle,Base,10.58,USDC,80837348,3.91,5.34
2024-09-24,Pendle,Base,7.1,USDT,79715746,2.9,8.55
2024-09-24,Pendle,Base,11.57,DAI,79763048,3.34,9.59
2024-09-24,Convex,Ethereum,5.32,USDC,172615467,44.94,0
2024-09-24,Convex,Ethereum,5.66,USDT,152999081,53.35,0
2024-09-24,Convex,Ethereum,5.02,DAI,160078840,44.7,0
2024-09-24,Balancer,Ethereum,5.66,USDC,116889926,43.97,0
2024-09-24,Balancer,Ethereum,5.39,USDT,118476706,39.99,0
2024-09-24,Balancer,Ethereum,6.68,DAI,120947706,38.39,0
2024-09-24,Balancer,Arbitrum,7.22,USDC,132847296,2.42,11.71
2024-09-24,Balancer,Arbitrum,7.26,USDT,118135163,3.96,10.49
2024-09-24,Balancer,Arbitrum,8.05,DAI,125147397,3.2,11.43
2024-09-24,Balancer,Optimism,7.61,USDC,118289493,4.32,10.16
2024-09-24,Balancer,Optimism,7.09,USDT,115346164,4.39,6.88
2024-09-24,Balancer,Polygon,7.54,USDC,131951523,1.52,8.59
2024-09-24,Balancer,Polygon,8.14,USDT,116411944,1.45,8.31
2024-09-24,Balancer,Polygon,7.69,DAI,116237323,1.63,10.39
2024-09-24,Balancer,Base,7.46,USDC,117423165,3.5,8.06
2024-09-24,Balancer,Base,8.02,USDT,127338761,3.63,11.4
2024-09-24,Balancer,Base,7.15,DAI,122051505,2.98,9.52
2024-09-25,Aave,Ethereum,2.5,USDC,280736300,44.4,0
2024-09-25,Aave,Ethereum,2.81,USDT,273605447,38.69,0
2024-09-25,Aave,Ethereum,2.78,DAI,268271913,48.28,0
2024-09-25,Aave,Arbitrum,3.74,USDC,270120966,3.73,11.89
2024-09-25,Aave,Arbitrum,3.75,USDT,298271819,3.54,7.39
2024-09-25,Aave,Arbitrum,4.23,DAI,279735629,3.6,14.55
2024-09-25,Aave,Optimism,3.32,USDC,256842675,1.73,6.95
2024-09-25,Aave,Optimism,3.36,USDT,266892782,2.57,6.96
2024-09-25,Aave,Optimism,3.32,DAI,279892093,3.21,9.11
2024-09-25,Aave,Polygon,3.67,USDC,275685376,1.82,9.18
2024-09-25,Aave,Polygon,3.87,USDT,245871786,1.7,9.55
2024-09-25,Aave,Polygon,3.89,DAI,257891544,1.38,10.51
2024-09-25,Aave,Base,3.79,USDC,290597835,3.11,10.07
2024-09-25,Aave,Base,3.11,USDT,304101786,2.99,8.97
2024-09-25,Aave,Base,3.47,DAI,271891647,3.29,8.85
2024-09-25,Compound,Ethereum,2.73,USDC,190406559,42.96,0
2024-09-25,Compound,Ethereum,2.89,USDT,199369046,46.45,0
2024-09-25,Compound,Ethereum,2.68,DAI,214787244,44.84,0
2024-09-25,Compound,Arbitrum,3.38,USDC,202906090,1.85,11.57
2024-09-25,Compound,Arbitrum,3.08,USDT,205577965,5.44,8.13
2024-09-25,Compound,Optimism,3.36,USDT,194174877,3.04,10.75
2024-09-25,Compound,Optimism,3.09,DAI,194115071,3.36,7.55
2024-09-25,Compound,Polygon,3.28,USDT,184214150,1.84,9.5
2024-09-25,Compound,Polygon,3.15,DAI,188690683,1.34,9.57
2024-09-25,Compound,Base,3.33,USDC,183977771,2.9,13.58
2024-09-25,Compound,Base,2.83,USDT,196898609,3.14,13.88
2024-09-25,Compound,Base,3.29,DAI,215011556,3.07,9.33
2024-09-25,Curve,Ethereum,6.54,USDC,341878001,44.11,0
2024-09-25,Curve,Ethereum,7.38,USDT,356276907,55.42,0
2024-09-25,Curve,Ethereum,6.24,DAI,341487245,44.64,0
2024-09-25,Curve,Arbitrum,6.59,USDC,300235629,3.63,13.56
2024-09-25,Curve,Arbitrum,6.46,USDT,376957104,3.93,11.55
2024-09-25,Curve,Optimism,7.61,USDC,331650779,2.66,7.46
2024-09-25,Curve,Optimism,5.75,USDT,385215403,3.2,7.92
2024-09-25,Curve,Optimism,7.62,DAI,340002751,2.31,11.03
2024-09-25,Curve,Polygon,7.71,USDC,322770600,1.62,8.34
2024-09-25,Curve,Polygon,7.51,USDT,349649482,1.49,7.34
2024-09-25,Curve,Polygon,7.42,DAI,373429747,1.74,4.52
2024-09-25,Curve,Base,5.9,USDC,355345863,2.66,9.19
2024-09-25,Curve,Base,6.5,USDT,365746583,3.37,13.33
2024-09-25,Curve,Base,6.33,DAI,357494267,3.41,9.11
2024-09-25,Uniswap V3,Ethereum,5.76,USDC,106301462,31.64,0
2024-09-25,Uniswap V3,Ethereum,6.03,USDT,103717264,47.55,0
2024-09-25,Uniswap V3,Ethereum,7.24,DAI,101978520,28.9,0
2024-09-25,Uniswap V3,Arbitrum,9.75,USDC,106795271,3.7,14.36
2024-09-25,Uniswap V3,Arbitrum,8.8,USDT,101474656,3.48,13.8
2024-09-25,Uniswap V3,Arbitrum,7.61,DAI,105631838,2.66,12.57
2024-09-25,Uniswap V3,Optimism,6.88,USDC,98058295,2.02,7.04
2024-09-25,Uniswap V3,Optimism,6.53,USDT,96820726,2.89,9.1
2024-09-25,Uniswap V3,Optimism,7.5,DAI,102717488,2.48,8.83
2024-09-25,Uniswap V3,Polygon,6.4,USDC,104902266,1.1,9.19
2024-09-25,Uniswap V3,Polygon,9.32,USDT,104240522,1.51,4.16
2024-09-25,Uniswap V3,Polygon,7.6,DAI,106080127,1.77,9.97
2024-09-25,Uniswap V3,Base,8.97,DAI,102912847,3.79,10.09
2024-09-25,Yearn,Ethereum,3.67,USDC,122810563,35.01,0
2024-09-25,Yearn,Ethereum,4.19,USDT,127463324,43.13,0
2024-09-25,Yearn,Ethereum,3.7,DAI,144226867,41.71,0
2024-09-25,Yearn,Arbitrum,4.42,USDT,135928365,4.01,14.09
2024-09-25,Yearn,Arbitrum,4.3,DAI,120206210,2.8,9.64
2024-09-25,Yearn,Optimism,4.72,USDC,128901269,3.52,9.15
2024-09-25,Yearn,Optimism,4.2,USDT,131333586,2.25,13.05
2024-09-25,Yearn,Polygon,4.63,USDT,133677242,1.43,5.78
2024-09-25,Yearn,Polygon,4.51,DAI,122469558,1.17,6.16
2024-09-25,Yearn,Base,4.27,USDC,137621973,2.99,8.58
2024-09-25,Yearn,Base,4.16,USDT,135783599,3.59,10.51
2024-09-25,Yearn,Base,4.57,DAI,127428400,3.24,10.44
2024-09-25,Pendle,Ethereum,9.12,USDC,82854981,51.22,0
2024-09-25,Pendle,Ethereum,10.39,USDT,75964711,44.35,0
2024-09-25,Pendle,Ethereum,8.79,DAI,83044126,45.58,0
2024-09-25,Pendle,Arbitrum,11.69,USDC,80077287,2.71,12.62
2024-09-25,Pendle,Arbitrum,11.21,DAI,82452726,2.67,12.93
2024-09-25,Pendle,Optimism,7.88,USDC,85301185,3.7,6.0
2024-09-25,Pendle,Optimism,9.4,USDT,78764319,3.33,7.7
2024-09-25,Pendle,Optimism,9.7,DAI,83412249,2.85,7.19
2024-09-25,Pendle,Base,10.5,USDT,90820196,3.33,15.18
2024-09-25,Pendle,Base,10.02,DAI,87940323,3.42,8.82
2024-09-25,Convex,Ethereum,5.38,USDC,172140388,36.2,0
2024-09-25,Convex,Ethereum,5.13,USDT,165306569,25.77,0
2024-09-25,Convex,Ethereum,4.97,DAI,166459400,38.48,0
2024-09-25,Balancer,Ethereum,5.39,USDC,129389856,44.5,0
2024-09-25,Balancer,Ethereum,5.48,USDT,122890725,25.08,0
2024-09-25,Balancer,Ethereum,6.32,DAI,119670172,34.74,0
2024-09-25,Balancer,Arbitrum,9.07,USDC,118181388,3.44,10.65
2024-09-25,Balancer,Arbitrum,7.4,USDT,117141802,3.54,11.17
2024-09-25,Balancer,Arbitrum,7.82,DAI,122934597,4.06,10.38
2024-09-25,Balancer,Optimism,6.97,USDC,123570563,3.19,8.18
2024-09-25,Balancer,Optimism,7.0,USDT,124200536,2.72,11.0
2024-09-25,Balancer,Optimism,6.59,DAI,108119978,3.46,6.31
2024-09-25,Balancer,Polygon,7.12,USDC,120573912,2.01,11.91
2024-09-25,Balancer,Polygon,7.77,USDT,113593390,1.42,6.22
2024-09-25,Balancer,Polygon,6.76,DAI,116590402,1.12,8.33
2024-09-25,Balancer,Base,6.83,USDC,125928209,3.74,9.37
2024-09-25,Balancer,Base,5.98,USDT,124072450,3.98,9.93
2024-09-25,Balancer,Base,7.28,DAI,120632790,3.48,9.73
2024-09-26,Aave,Ethereum,2.75,USDC,288992852,44.61,0
2024-09-26,Aave,Ethereum,2.84,USDT,263927234,42.99,0
2024-09-26,Aave,Ethereum,2.79,DAI,293730274,46.65,0
2024-09-26,Aave,Arbitrum,3.27,USDC,259503336,1.78,12.21
2024-09-26,Aave,Arbitrum,3.0,USDT,280256204,4.29,9.59
2024-09-26,Aave,Arbitrum,3.26,DAI,299260082,4.36,9.92
2024-09-26,Aave,Optimism,3.19,USDC,266585052,3.47,7.6
2024-09-26,Aave,Optimism,3.62,USDT,274079111,3.72,10.08
2024-09-26,Aave,Optimism,3.48,DAI,273198830,3.72,6.24
2024-09-26,Aave,Polygon,3.54,USDT,286133755,1.06,11.42
2024-09-26,Aave,Polygon,3.54,DAI,274537157,1.34,8.55
2024-09-26,Aave,Base,3.64,USDT,281574428,4.55,7.55
2024-09-26,Aave,Base,3.16,DAI,282238597,3.64,8.47
2024-09-26,Compound,Ethereum,2.61,USDC,194524968,53.51,0
2024-09-26,Compound,Ethereum,2.82,USDT,217321578,44.27,0
2024-09-26,Compound,Ethereum,2.7,DAI,199196822,35.47,0
2024-09-26,Compound,Arbitrum,3.18,USDT,191099908,3.33,11.32
2024-09-26,Compound,Arbitrum,3.16,DAI,210965677,3.31,11.95
2024-09-26,Compound,Optimism,2.93,USDC,201400988,3.14,9.26
2024-09-26,Compound,Optimism,2.73,USDT,190289316,3.04,9.33
2024-09-26,Compound,Optimism,3.2,DAI,189418486,3.05,9.97
2024-09-26,Compound,Polygon,3.32,USDC,193578071,1.41,7.39
2024-09-26,Compound,Polygon,3.24,USDT,183979726,1.24,7.89
2024-09-26,Compound,Polygon,3.3,DAI,208377175,1.26,8.98
2024-09-26,Compound,Base,3.14,USDC,205645947,2.57,13.52
2024-09-26,Compound,Base,3.33,USDT,199977915,3.54,12.85
2024-09-26,Compound,Base,3.15,DAI,200836585,3.52,10.96
2024-09-26,Curve,Ethereum,5.26,USDC,325255171,27.52,0
2024-09-26,Curve,Ethereum,5.09,USDT,400286696,44.92,0
2024-09-26,Curve,Ethereum,5.98,DAI,349507478,41.89,0
2024-09-26,Curve,Arbitrum,7.58,USDC,359429526,4.51,7.73
2024-09-26,Curve,Arbitrum,6.96,USDT,342659170,3.35,12.96
2024-09-26,Curve,Arbitrum,7.31,DAI,345833287,3.41,15.15
2024-09-26,Curve,Optimism,6.47,USDC,342881695,3.57,6.81
2024-09-26,Curve,Optimism,7.03,USDT,392096529,4.31,7.64
2024-09-26,Curve,Optimism,6.61,DAI,390603137,3.91,7.42
2024-09-26,Curve,Polygon,6.52,USDC,321099710,0.51,8.84
2024-09-26,Curve,Polygon,6.85,USDT,339263255,1.69,7.55
2024-09-26,Curve,Polygon,5.29,DAI,376260269,0.63,7.06
2024-09-26,Curve,Base,6.34,USDC,346773434,3.46,12.0
2024-09-26,Curve,Base,7.09,USDT,362077535,3.27,6.31
2024-09-26,Curve,Base,6.7,DAI,350551883,2.68,7.79
2024-09-26,Uniswap V3,Ethereum,7.49,USDC,100361218,30.39,0
2024-09-26,Uniswap V3,Ethereum,7.77,USDT,105000460,35.83,0
2024-09-26,Uniswap V3,Arbitrum,5.17,USDC,101924007,3.59,10.56
2024-09-26,Uniswap V3,Arbitrum,7.84,USDT,108157470,5.47,12.59
2024-09-26,Uniswap V3,Optimism,5.92,USDC,96029201,2.6,4.76
2024-09-26,Uniswap V3,Optimism,8.3,USDT,104216722,2.27,10.21
2024-09-26,Uniswap V3,Optimism,7.71,DAI,104446788,2.89,9.45
2024-09-26,Uniswap V3,Polygon,8.02,USDC,113537700,0.99,8.19
2024-09-26,Uniswap V3,Polygon,8.63,USDT,97779387,1.38,6.87
2024-09-26,Uniswap V3,Base,8.86,USDC,112609887,3.08,11.94
2024-09-26,Uniswap V3,Base,7.65,DAI,112166790,3.28,6.73
2024-09-26,Yearn,Ethereum,4.01,USDT,137934932,50.78,0
2024-09-26,Yearn,Ethereum,3.4,DAI,128074584,54.61,0
2024-09-26,Yearn,Arbitrum,4.06,USDC,137227702,3.41,12.72
2024-09-26,Yearn,Arbitrum,4.4,USDT,141772860,3.94,12.63
2024-09-26,Yearn,Arbitrum,4.45,DAI,124625923,3.11,11.71
2024-09-26,Yearn,Optimism,3.98,USDT,128344051,2.26,7.98
2024-09-26,Yearn,Optimism,4.28,DAI,134616518,3.09,8.92
2024-09-26,Yearn,Polygon,4.58,USDC,132778593,1.41,5.98
2024-09-26,Yearn,Polygon,4.6,USDT,137113471,1.76,7.91
2024-09-26,Yearn,Polygon,4.94,DAI,130912576,1.86,9.35
2024-09-26,Yearn,Base,4.14,USDC,143846206,3.43,9.59
2024-09-26,Yearn,Base,4.07,USDT,126776781,3.2,9.19
2024-09-26,Yearn,Base,4.47,DAI,134073157,3.0,10.34
2024-09-26,Pendle,Ethereum,10.21,USDC,83479084,46.68,0
2024-09-26,Pendle,Ethereum,8.31,USDT,84506411,44.49,0
2024-09-26,Pendle,Arbitrum,9.81,USDT,80710892,4.05,11.6
2024-09-26,Pendle,Optimism,11.66,USDC,81409221,3.07,9.2
2024-09-26,Pendle,Optimism,8.96,USDT,84319738,3.45,10.03
2024-09-26,Pendle,Optimism,9.83,DAI,84543042,3.26,7.21
2024-09-26,Pendle,Base,8.86,USDC,84634711,3.03,10.56
2024-09-26,Pendle,Base,13.53,USDT,86420901,3.53,7.56
2024-09-26,Pendle,Base,11.19,DAI,81643327,3.46,14.59
2024-09-26,Convex,Ethereum,4.99,USDC,160741944,53.08,0
2024-09-26,Balancer,Ethereum,6.53,USDC,126952425,42.13,0
2024-09-26,Balancer,Ethereum,6.16,USDT,125766022,50.27,0
2024-09-26,Balancer,Ethereum,6.12,DAI,115423436,28.24,0
2024-09-26,Balancer,Arbitrum,7.95,USDC,116147920,2.27,12.2
2024-09-26,Balancer,Arbitrum,6.96,USDT,120859952,3.16,11.21
2024-09-26,Balancer,Arbitrum,7.39,DAI,123267452,3.36,11.49
2024-09-26,Balancer,Optimism,6.54,USDC,129513144,2.41,8.85
2024-09-26,Balancer,Optimism,7.67,USDT,129289932,2.83,7.37
2024-09-26,Balancer,Optimism,7.61,DAI,127564272,2.8,9.36
2024-09-26,Balancer,Polygon,8.69,USDC,117590071,1.43,8.96
2024-09-26,Balancer,Polygon,7.84,USDT,126277390,1.85,7.83
2024-09-26,Balancer,Base,8.81,USDC,128949846,3.61,8.88
2024-09-26,Balancer,Base,6.86,USDT,120339111,2.31,9.92
2024-09-26,Balancer,Base,7.55,DAI,118134074,3.34,9.06
2024-09-27,Aave,Ethereum,2.95,USDC,290573334,42.82,0
2024-09-27,Aave,Ethereum,2.63,USDT,283212494,36.05,0
2024-09-27,Aave,Ethereum,3.02,DAI,305922342,35.92,0
2024-09-27,Aave,Arbitrum,3.05,USDC,286342772,3.2,12.83
2024-09-27,Aave,Arbitrum,3.71,USDT,293814732,3.74,13.86
2024-09-27,Aave,Arbitrum,3.36,DAI,276460105,4.07,10.26
2024-09-27,Aave,Optimism,3.43,USDC,286790946,2.51,15.66
2024-09-27,Aave,Optimism,3.4,DAI,279052726,2.23,9.16
2024-09-27,Aave,Polygon,3.66,USDC,279930850,1.77,7.64
2024-09-27,Aave,Polygon,4.02,USDT,287994430,1.59,8.79
2024-09-27,Aave,Polygon,3.35,DAI,274250286,1.92,8.9
2024-09-27,Aave,Base,3.5,USDC,285218544,2.77,9.21
2024-09-27,Aave,Base,3.12,USDT,288616595,3.21,8.86
2024-09-27,Aave,Base,3.22,DAI,274665441,2.54,10.24
2024-09-27,Compound,Ethereum,2.51,USDC,222642712,38.02,0
2024-09-27,Compound,Ethereum,2.6,USDT,181611178,51.75,0
2024-09-27,Compound,Ethereum,2.84,DAI,201077267,29.33,0
2024-09-27,Compound,Arbitrum,3.3,USDC,210272678,3.55,12.77
2024-09-27,Compound,Arbitrum,3.56,USDT,223029670,3.2,19.34
2024-09-27,Compound,Arbitrum,3.61,DAI,209485947,4.32,12.3
2024-09-27,Compound,Optimism,2.89,USDC,205206928,3.51,7.64
2024-09-27,Compound,Optimism,3.08,USDT,199680348,4.08,7.92
2024-09-27,Compound,Optimism,3.22,DAI,201248087,3.52,7.67
2024-09-27,Compound,Polygon,3.4,DAI,187437145,1.7,9.25
2024-09-27,Compound,Base,3.05,USDC,203379453,3.75,8.82
2024-09-27,Compound,Base,2.95,USDT,205637879,2.84,9.22
2024-09-27,Compound,Base,3.39,DAI,210543064,2.74,12.17
2024-09-27,Curve,Ethereum,5.7,USDC,356627291,41.31,0
2024-09-27,Curve,Ethereum,5.74,USDT,380405987,48.34,0
2024-09-27,Curve,Arbitrum,7.22,USDC,360437170,3.51,10.3
2024-09-27,Curve,Arbitrum,7.95,USDT,393371753,3.31,11.02
2024-09-27,Curve,Arbitrum,5.88,DAI,343866466,2.57,13.15
2024-09-27,Curve,Optimism,6.83,USDC,359172830,1.81,7.93
2024-09-27,Curve,Optimism,7.2,DAI,372345199,2.17,9.01
2024-09-27,Curve,Polygon,8.28,USDC,381693302,1.67,9.19
2024-09-27,Curve,Polygon,7.6,USDT,356278888,1.65,7.13
2024-09-27,Curve,Base,5.92,USDC,361518056,3.43,9.1
2024-09-27,Curve,Base,6.5,DAI,338619958,3.01,10.02
2024-09-27,Uniswap V3,Ethereum,7.56,USDC,116184864,39.28,0
2024-09-27,Uniswap V3,Ethereum,5.52,USDT,109865880,55.71,0
2024-09-27,Uniswap V3,Ethereum,6.62,DAI,112393782,37.77,0
2024-09-27,Uniswap V3,Arbitrum,8.37,USDC,102054457,3.17,11.27
2024-09-27,Uniswap V3,Arbitrum,8.8,USDT,111678554,3.71,8.39
2024-09-27,Uniswap V3,Arbitrum,8.57,DAI,113962056,3.24,14.75
2024-09-27,Uniswap V3,Optimism,6.89,USDC,103119383,2.94,10.5
2024-09-27,Uniswap V3,Optimism,6.59,USDT,107343999,3.04,9.37
2024-09-27,Uniswap V3,Optimism,6.69,DAI,105959294,2.47,6.86
2024-09-27,Uniswap V3,Polygon,10.3,USDC,112841802,1.75,6.02
2024-09-27,Uniswap V3,Polygon,8.72,USDT,98281160,1.94,7.67
2024-09-27,Uniswap V3,Polygon,10.13,DAI,112512709,1.02,8.42
2024-09-27,Uniswap V3,Base,7.84,USDC,110465708,3.42,10.93
2024-09-27,Uniswap V3,Base,7.85,USDT,107125854,3.16,7.94
2024-09-27,Uniswap V3,Base,9.38,DAI,107969761,2.69,10.45
2024-09-27,Yearn,Ethereum,3.4,USDC,131994353,40.36,0
2024-09-27,Yearn,Ethereum,3.4,USDT,145611482,37.78,0
2024-09-27,Yearn,Ethereum,3.67,DAI,131442079,48.68,0
2024-09-27,Yearn,Arbitrum,4.26,USDC,138257144,4.07,12.84
2024-09-27,Yearn,Arbitrum,3.89,USDT,139779718,3.2,10.21
2024-09-27,Yearn,Arbitrum,4.37,DAI,137252082,2.75,13.81
2024-09-27,Yearn,Optimism,4.03,USDC,139809880,3.8,11.98
2024-09-27,Yearn,Optimism,4.51,USDT,143786383,2.88,6.56
2024-09-27,Yearn,Optimism,4.09,DAI,141078038,3.26,7.68
2024-09-27,Yearn,Polygon,4.41,USDC,137214396,1.15,8.25
2024-09-27,Yearn,Polygon,4.64,USDT,143115199,1.29,9.84
2024-09-27,Yearn,Polygon,4.6,DAI,131503845,1.01,6.05
2024-09-27,Yearn,Base,3.76,USDC,128987166,2.26,10.2
2024-09-27,Yearn,Base,4.56,USDT,131070648,3.43,6.99
2024-09-27,Pendle,Ethereum,9.09,USDC,79224450,33.8,0
2024-09-27,Pendle,Ethereum,9.14,USDT,92746308,24.84,0
2024-09-27,Pendle,Ethereum,6.37,DAI,87106913,35.52,0
2024-09-27,Pendle,Arbitrum,10.12,USDC,86168465,3.5,12.3
2024-09-27,Pendle,Arbitrum,9.25,USDT,84831687,2.69,11.36
2024-09-27,Pendle,Arbitrum,9.11,DAI,82175396,4.44,15.3
2024-09-27,Pendle,Optimism,11.9,USDC,87374026,3.29,8.7
2024-09-27,Pendle,Optimism,8.51,USDT,87300164,2.58,6.43
2024-09-27,Pendle,Optimism,10.09,DAI,90996452,2.87,8.68
2024-09-27,Pendle,Base,9.95,USDC,84461251,3.92,5.54
2024-09-27,Pendle,Base,8.94,USDT,90609729,3.88,7.75
2024-09-27,Pendle,Base,9.72,DAI,82727738,3.04,9.52
2024-09-27,Convex,Ethereum,5.22,USDC,164663567,51.94,0
2024-09-27,Convex,Ethereum,4.43,USDT,175526764,61.0,0
2024-09-27,Convex,Ethereum,4.78,DAI,172315119,38.27,0
2024-09-27,Balancer,Ethereum,6.09,USDC,120114799,49.29,0
2024-09-27,Balancer,Ethereum,5.87,USDT,133512535,35.6,0
2024-09-27,Balancer,Ethereum,6.57,DAI,110917328,38.91,0
2024-09-27,Balancer,Arbitrum,5.74,USDC,120598678,3.94,13.07
2024-09-27,Balancer,Arbitrum,6.12,USDT,124691670,3.07,13.78
2024-09-27,Balancer,Arbitrum,8.15,DAI,126200191,4.06,11.84
2024-09-27,Balancer,Optimism,7.61,USDC,132708419,3.71,5.7
2024-09-27,Balancer,Optimism,8.04,USDT,119766650,3.23,7.9
2024-09-27,Balancer,Optimism,7.21,DAI,123792852,3.85,7.74
2024-09-27,Balancer,Polygon,6.3,USDC,125404393,1.14,7.06
2024-09-27,Balancer,Polygon,6.95,USDT,123770257,1.35,10.16
2024-09-27,Balancer,Polygon,7.43,DAI,125635889,1.32,8.12
2024-09-27,Balancer,Base,7.82,USDC,122875225,3.18,14.4
2024-09-27,Balancer,Base,6.91,USDT,124107418,3.65,9.44
2024-09-27,Balancer,Base,7.93,DAI,119132019,4.02,8.89
2024-09-28,Aave,Ethereum,2.72,USDC,297008103,28.36,0
2024-09-28,Aave,Ethereum,2.5,USDT,291088747,26.21,0
2024-09-28,Aave,Ethereum,2.96,DAI,299820844,24.66,0
2024-09-28,Aave,Arbitrum,3.38,USDC,280333329,2.85,11.93
2024-09-28,Aave,Arbitrum,3.16,USDT,292180851,2.28,7.54
2024-09-28,Aave,Arbitrum,3.59,DAI,304010674,2.43,12.78
2024-09-28,Aave,Optimism,2.99,USDC,282650723,1.77,8.59
2024-09-28,Aave,Optimism,3.07,USDT,270842751,1.43,7.59
2024-09-28,Aave,Optimism,3.63,DAI,302625646,3.0,12.75
2024-09-28,Aave,Polygon,3.68,USDC,271286692,0.9,11.32
2024-09-28,Aave,Polygon,3.72,USDT,281474129,1.12,7.74
2024-09-28,Aave,Polygon,3.77,DAI,301868371,0.76,10.02
2024-09-28,Aave,Base,3.57,USDC,292119644,2.17,8.36
2024-09-28,Aave,Base,3.21,USDT,293146259,2.25,10.58
2024-09-28,Aave,Base,3.2,DAI,291917790,2.16,11.7
2024-09-28,Compound,Ethereum,2.7,USDC,192914462,28.13,0
2024-09-28,Compound,Ethereum,2.4,DAI,207938631,36.8,0
2024-09-28,Compound,Arbitrum,3.13,USDC,210498713,2.22,14.51
2024-09-28,Compound,Arbitrum,3.29,USDT,210516052,2.68,11.13
2024-09-28,Compound,Arbitrum,3.41,DAI,204420303,2.04,9.71
2024-09-28,Compound,Optimism,3.02,USDC,195040906,2.35,7.87
2024-09-28,Compound,Optimism,2.9,DAI,214507740,1.89,9.02
2024-09-28,Compound,Polygon,3.95,DAI,224117275,0.75,9.64
2024-09-28,Compound,Base,2.67,USDC,211615200,1.98,6.45
2024-09-28,Compound,Base,3.34,USDT,230281802,2.53,12.09
2024-09-28,Compound,Base,3.03,DAI,192936901,2.21,11.27
2024-09-28,Curve,Ethereum,5.5,USDC,373079273,34.43,0
2024-09-28,Curve,Ethereum,6.54,USDT,397106232,27.95,0
2024-09-28,Curve,Ethereum,7.18,DAI,359804431,30.35,0
2024-09-28,Curve,Arbitrum,5.66,USDC,376121462,3.08,9.81
2024-09-28,Curve,Arbitrum,7.77,USDT,369806946,2.03,15.18
2024-09-28,Curve,Arbitrum,6.94,DAI,367208762,2.19,9.49
2024-09-28,Curve,Optimism,6.34,USDT,366541077,1.97,11.34
2024-09-28,Curve,Optimism,6.53,DAI,371273804,2.26,11.53
2024-09-28,Curve,Polygon,6.14,USDC,342170302,0.64,8.31
2024-09-28,Curve,Polygon,7.53,DAI,370463491,1.01,7.75
2024-09-28,Curve,Base,7.4,USDC,377267436,2.44,8.95
2024-09-28,Curve,Base,5.74,USDT,369226015,1.98,9.88
2024-09-28,Uniswap V3,Ethereum,4.8,USDC,112405275,24.47,0
2024-09-28,Uniswap V3,Ethereum,5.27,USDT,108051621,35.53,0
2024-09-28,Uniswap V3,Ethereum,7.19,DAI,109045234,27.71,0
2024-09-28,Uniswap V3,Arbitrum,7.39,USDC,108189961,2.76,8.11
2024-09-28,Uniswap V3,Arbitrum,8.77,USDT,119667722,2.61,12.14
2024-09-28,Uniswap V3,Arbitrum,8.11,DAI,110161317,1.87,16.03
2024-09-28,Uniswap V3,Optimism,5.37,USDC,113394300,2.19,9.53
2024-09-28,Uniswap V3,Optimism,6.54,USDT,104315432,2.28,10.99
2024-09-28,Uniswap V3,Optimism,6.68,DAI,113408455,2.42,10.11
2024-09-28,Uniswap V3,Polygon,7.86,USDC,112798444,0.69,7.34
2024-09-28,Uniswap V3,Polygon,7.46,USDT,111695932,1.1,10.6
2024-09-28,Uniswap V3,Polygon,6.6,DAI,108143305,0.9,7.39
2024-09-28,Uniswap V3,Base,7.55,USDC,107431588,1.96,6.75
2024-09-28,Uniswap V3,Base,8.17,DAI,113412392,1.69,5.53
2024-09-28,Yearn,Ethereum,4.01,USDC,135135202,33.74,0
2024-09-28,Yearn,Ethereum,3.14,USDT,147843339,32.83,0
2024-09-28,Yearn,Ethereum,3.52,DAI,134820299,26.93,0
2024-09-28,Yearn,Arbitrum,4.56,USDC,140285876,2.33,11.57
2024-09-28,Yearn,Arbitrum,4.73,USDT,141232739,2.38,11.29
2024-09-28,Yearn,Arbitrum,4.15,DAI,146236144,2.45,7.42
2024-09-28,Yearn,Optimism,4.59,USDT,146789156,2.24,11.5
2024-09-28,Yearn,Optimism,4.54,DAI,136626172,1.72,10.55
2024-09-28,Yearn,Polygon,4.26,USDC,134343264,0.69,9.95
2024-09-28,Yearn,Polygon,4.38,USDT,135710283,0.99,7.29
2024-09-28,Yearn,Polygon,4.58,DAI,149082610,1.06,7.82
2024-09-28,Yearn,Base,4.33,USDC,149410425,2.4,8.57
2024-09-28,Yearn,Base,4.72,USDT,134353149,1.93,12.18
2024-09-28,Yearn,Base,4.29,DAI,146585466,2.15,11.6
2024-09-28,Pendle,Ethereum,6.82,USDC,85156369,17.99,0
2024-09-28,Pendle,Ethereum,9.83,USDT,79408526,30.37,0
2024-09-28,Pendle,Ethereum,8.94,DAI,94533746,36.74,0
2024-09-28,Pendle,Arbitrum,12.01,USDC,82683334,1.81,10.06
2024-09-28,Pendle,Arbitrum,10.67,DAI,89204013,2.25,14.64
2024-09-28,Pendle,Optimism,7.73,USDC,88920899,1.82,8.3
2024-09-28,Pendle,Optimism,8.9,USDT,86692744,2.27,10.42
2024-09-28,Pendle,Base,10.85,USDC,90196986,2.29,13.66
2024-09-28,Pendle,Base,9.9,USDT,83563200,2.31,10.92
2024-09-28,Pendle,Base,10.06,DAI,88318612,2.31,9.86
2024-09-28,Convex,Ethereum,5.99,USDC,169573768,29.89,0
2024-09-28,Convex,Ethereum,5.26,USDT,170923275,25.96,0
2024-09-28,Convex,Ethereum,4.46,DAI,174089157,24.68,0
2024-09-28,Balancer,Ethereum,5.62,USDC,133520335,35.11,0
2024-09-28,Balancer,Ethereum,6.09,USDT,123052584,33.92,0
2024-09-28,Balancer,Ethereum,5.49,DAI,129538678,31.89,0
2024-09-28,Balancer,Arbitrum,7.75,USDC,123370128,2.68,11.55
2024-09-28,Balancer,Arbitrum,6.09,USDT,123891986,2.88,15.47
2024-09-28,Balancer,Arbitrum,7.91,DAI,131077866,2.82,9.23
2024-09-28,Balancer,Optimism,7.92,USDC,134254170,1.86,9.73
2024-09-28,Balancer,Optimism,7.73,USDT,134896431,2.44,6.01
2024-09-28,Balancer,Optimism,7.05,DAI,128304281,2.3,7.83
2024-09-28,Balancer,Polygon,8.96,USDC,126634872,0.93,7.72
2024-09-28,Balancer,Polygon,8.68,USDT,132241348,1.04,10.56
2024-09-28,Balancer,Polygon,7.38,DAI,124564368,0.93,7.6
2024-09-28,Balancer,Base,8.36,USDT,119074902,2.44,8.57
2024-09-28,Balancer,Base,5.95,DAI,119763772,2.06,10.4
